459	459	459	459	459	459	459	459	459	459	459	459	459	459	459	459	459	459	459	459	459	459	459	459	459	459	459	459	459	459	459	459	459	459	459	459	459	459	459	459	459	459	459	459	459	459	459	459	459	459	459	459	459	459	459	459	459	459	459	459	459	459	459	459	459	459	459	459	459	459	459	459	459	452.5	431.5	419	405.5	386.5	376	376.5	362.5	340.3	334.4	329.3	314.2	305.4	294.8	280.4	280.1	293.1	304.5	317.9	316.9	327.2	312.5	293.5	314.5	319.7	315.7	310	295.3	290	302	284.5	248.1	240.5	282.7	287.7	269	248.9	228	223.2	227.8	228.3	232.6	240.4	249.6	252.6	255.3	248.6	246.3	245.1	254.6	284.1	303.1	307.7	317.6	308.4	298.1	328.3	348.9	357.2	365.4	355.4	363.2	411	436.8	459	459	459	459	459	459	459	459	459	459	459	459	459	459	459	459	459	459	459	459	459	459	459	459	459	459	459	459	459	459	459	459	459	459	459	459	459	459	459	459	459	459	459	459	459	459	459	459	459	459	459	459	459	459	459	459	459	459
459	459	459	459	459	459	459	459	459	459	459	459	459	459	459	459	459	459	459	459	459	459	459	459	459	459	459	459	459	459	459	459	459	459	459	459	459	459	459	459	459	459	459	459	459	459	459	459	459	459	459	459	459	459	459	459	459	459	459	459	459	459	459	459	459	459	459	459	459	459	459	459	440	428	404.8	363.5	340.1	318.7	314.4	311.1	289.9	268.4	265.9	265	253.1	250.2	240.4	223.9	219.8	221	224.4	228.1	232.5	235.6	235.8	231.5	248.7	260.7	260.3	263.4	262.1	260.3	262.2	249.9	225.9	233.5	274	260.1	229.8	220.6	210	211.9	218.7	219.7	219.7	227.4	236.2	234.1	236.6	238.1	234.1	233.7	241.4	252.1	266.7	278.7	281.4	273.6	269.6	308	327.6	328.8	328.8	328.9	320.6	339	357	386.4	416.4	438	459	459	459	459	459	459	459	459	459	459	459	459	459	459	459	459	459	459	459	459	459	459	459	459	459	459	459	459	459	459	459	459	459	459	459	459	459	459	459	459	459	459	459	459	459	459	459	459	459	459	459	459	459	459	459
459	459	459	459	459	459	459	459	459	459	459	459	459	459	459	459	459	459	459	459	459	459	459	459	459	459	459	459	459	459	459	459	459	459	459	459	459	459	459	459	459	459	459	459	459	459	459	459	459	459	459	459	459	459	459	459	459	459	459	459	459	459	459	459	459	459	459	459	452	420	390.7	365.5	356	345.9	329.7	316.5	304.2	296.1	274.6	262.1	258.8	247.4	241.1	243.1	240	227.5	217.9	216.3	216.1	212.2	209.6	210.7	212.2	211.8	212.6	218.9	229.7	236.5	237.9	242.5	252.3	255.3	249.4	239.5	222.1	225.1	237.5	227.5	213.1	209.4	209.4	221.2	235.1	240.9	239.9	221.7	208	207.6	212.9	213.7	215.4	216	212.6	211.2	221.4	230.5	227.7	230.3	239.6	269.1	294.6	310.8	319.4	327	330.6	320.1	307.8	321.6	349.4	384.8	416.7	442.8	459	459	459	459	459	459	459	459	459	459	459	459	459	459	459	459	459	459	459	459	459	459	459	459	459	459	459	459	459	459	459	459	459	459	459	459	459	459	459	459	459	459	459	459	459	459	459	459	459	459	459	459	459
459	459	459	459	459	459	459	459	459	459	459	459	459	459	459	459	459	459	459	459	459	459	459	459	459	459	459	459	459	459	459	459	459	459	459	459	459	459	459	459	459	459	459	459	459	459	459	459	459	459	459	459	459	459	459	459	459	459	459	459	459	459	459	459	459	459	459	456	425	386.1	353.2	325.4	300.4	290.9	284	276.1	264.3	243.9	228.7	219.9	212.3	209.7	207.2	209.2	212	207.9	204.3	205.8	205.8	205.9	206.4	207	205.9	204.8	204.9	210	216.6	216.1	212.9	214.9	221.6	234	229.3	214.9	210.7	211.2	213	209.4	205.8	205.2	205.5	216	226.5	233	239.3	216.3	205.4	205.2	208.8	211.3	212.3	212.3	211.9	209.6	211.4	214.9	217.9	222	221.1	234.7	268.1	284.3	291	297.4	310.4	298.9	265.9	265.2	280.3	298	329.6	359.6	396	453.6	459	459	459	459	459	459	459	459	459	459	459	459	459	459	459	459	459	459	459	459	459	459	459	459	459	459	459	459	459	459	459	459	459	459	459	459	459	459	459	459	459	459	459	459	459	459	459	459	459	459	459
459	459	459	459	459	459	459	459	459	459	459	459	459	459	459	459	459	459	459	459	459	459	459	459	459	459	459	459	459	459	459	459	459	459	459	459	459	459	459	459	459	459	459	459	459	459	459	459	459	459	459	459	459	459	459	459	459	459	459	459	459	459	459	459	459	449	409	372.6	352.8	348.1	333.7	314.5	306.1	302.1	284	262.7	241.9	224.8	217.1	214.9	211.8	210	209.7	208.4	207.7	206.8	207.9	205.9	203.8	203.3	202.9	203.9	202.4	201.8	202.4	205.9	211.9	214.4	213.5	210.9	210.1	216.6	216.6	209.7	207.9	205.5	203.9	203.8	203.2	202	208.4	211.4	207.3	205.5	203.2	202.7	203.7	204.7	213	214.7	219.8	222.7	221.8	215.5	209.2	212.7	215.4	213	209.5	210.1	213.1	214.3	219.3	223.4	227.2	230.8	235.5	245	258.5	294.6	329.2	341.8	364.9	410.1	449.4	456.5	459	459	459	459	459	459	459	459	459	459	459	459	459	459	459	459	459	459	459	459	459	459	459	459	459	459	459	459	459	459	459	459	459	459	459	459	459	459	459	459	459	459	459	459	459	459	459	459	459
459	459	459	459	459	459	459	459	459	459	459	459	459	459	459	459	459	459	459	459	459	459	459	459	459	459	459	459	459	459	459	459	459	459	459	459	459	459	459	459	459	459	459	459	459	459	459	459	459	459	459	459	459	459	459	459	459	459	459	459	459	459	459	459	451.8	406.1	353.5	321.1	306.2	298.6	285.1	278.5	267.6	255.5	244.3	225.7	216.3	208.5	206.6	211.4	212.4	207.8	207.8	209.6	208.5	208.5	207	205.3	201.9	199.9	201.2	201.2	200.7	201.2	202.3	205.4	211.5	215.4	214.8	206	203.7	203.2	204.8	204.4	204.9	203.9	200.5	200.9	201.4	199.3	204.8	206.3	204.3	202.4	200.9	199.9	202.5	206	222.9	215.4	216.9	227.7	219.4	211.3	206.8	208.8	211.5	209.2	207.4	206.2	205.4	208.1	213.3	218.4	221.5	224.5	231.5	243.2	258.4	294.1	327	328.8	332.4	340.7	363.3	412.2	449.4	459	459	459	459	459	459	459	459	459	459	459	459	459	459	459	459	459	459	459	459	459	459	459	459	459	459	459	459	459	459	459	459	459	459	459	459	459	459	459	459	459	459	459	459	459	459	459	459
459	459	459	459	459	459	459	459	459	459	459	459	459	459	459	459	459	459	459	459	459	459	459	459	459	459	459	459	459	459	459	459	459	459	459	459	459	459	459	459	459	459	459	459	459	459	459	459	459	459	459	459	459	459	459	459	459	459	459	453.6	459	459	459	447.3	382	334.5	316.7	303.5	291.3	284.1	273.2	255	239	227.1	224.6	219.7	215.1	211.5	209.3	210.9	210.3	206.8	205.5	205.5	206	205.8	203	200.9	200.9	202.9	204.2	203.2	201.5	200.2	200.2	203.9	211.9	213.8	210.2	202.8	197.8	194.8	198.5	200.7	203.8	203.9	201.2	201.3	201.3	200.3	201.3	201.2	201.2	198.2	198.3	199.3	199.3	213.3	223.8	211.9	209.9	212	208.2	206.2	204.2	207.2	207.4	203.6	203.6	202.1	203.7	208.5	209.1	213.6	216.1	219.4	219.5	222.2	238.3	271.6	299.8	323.2	330	333.6	352.2	386.4	429.6	459	459	459	459	459	459	459	459	459	459	459	459	459	459	459	459	459	459	459	459	459	459	459	459	459	459	459	459	459	459	459	459	459	459	459	459	459	459	459	459	459	459	459	459	459	459	459	459
459	459	459	459	459	459	459	459	459	459	459	459	459	459	459	459	459	459	459	459	459	459	459	459	459	459	459	459	459	459	459	459	459	459	459	459	459	459	459	459	459	459	459	459	459	459	459	459	459	459	459	459	459	459	459	459	459	459	456	445.2	451.2	453.6	440.4	389	338.9	301.8	282.2	268.6	252.6	241.5	232.5	223.1	216.7	209.5	210.5	212.4	211.9	211.8	211.5	207.9	208.5	208.6	204.3	201.4	202.4	203.4	203	201.5	201.2	203.5	205	202.5	203.8	202.5	202.5	201.8	208.2	211.2	205.4	200.2	199.4	197.7	197	198.5	199.9	201.4	200.3	201.3	201.7	201.3	201.3	201.2	200.3	198.3	197.7	198.2	197.1	207.6	212.7	208.4	208.8	209.9	205.9	203.2	202.4	204	204.8	201.9	203	202	204.1	206.1	206.7	209	208.5	210.2	216.9	220.1	229.6	248.1	277.8	300.1	307.5	326.4	328.2	332.4	348.6	387.6	427.8	453.6	459	459	459	459	459	459	459	459	459	459	459	459	459	459	459	459	459	459	459	459	459	459	459	459	459	459	459	459	459	459	459	459	459	459	459	459	459	459	459	459	459	459	459	459	459
459	459	459	459	459	459	459	459	459	459	459	459	459	459	459	459	459	459	459	459	459	459	459	459	459	459	459	459	459	459	459	459	459	459	459	459	459	459	459	459	459	459	459	459	459	459	459	459	459	459	459	459	459	459	459	459	459	459	451.8	441	429.7	406.3	355.6	317.7	301.4	283.4	266.4	245	231.4	222.9	219.8	216.3	212.7	211.7	212.9	212.9	209.9	209.6	206.5	204.2	204.9	203.8	201.4	202.3	204.8	204.9	206	204.2	199.5	200	205	203.4	201.7	202.9	201.8	197.9	202.7	204	203.5	200.8	201.4	201.2	200	200.9	198.8	202.9	202.4	200.2	204.2	205.2	201.7	200.3	200.3	198.3	198.1	199.1	196.1	194.6	198.2	201.8	205.2	206.4	206.3	205.2	200.7	199.3	200	201.7	202.5	203.6	207	206.6	205.6	208.9	210	211.5	211.3	216.9	223.1	222.4	231.5	247.5	259.6	269.3	295.5	317.7	334.8	360.6	397.2	434.4	459	459	459	459	459	459	459	459	459	459	459	459	459	459	459	459	459	459	459	459	459	459	459	459	459	459	459	459	459	459	459	459	459	459	459	459	459	459	459	459	459	459	459	459	459
459	459	459	459	459	459	459	459	459	459	459	459	459	459	459	459	459	459	459	459	459	459	459	459	459	459	459	459	459	459	459	459	459	459	459	459	459	459	459	459	459	459	459	459	459	459	459	459	459	459	459	459	459	459	459	459	454.8	440.4	419.6	404.3	378.7	346	312.6	284.4	261.2	245.4	235.8	224.3	217.5	210.8	209.6	209.6	208.4	211.4	213.4	214	211.1	206.5	204.3	204.2	202.5	202	202	206.8	207.2	205	203.8	202.5	199.5	197.9	200.5	203.2	201.8	200.9	199.7	199.5	200.5	202.5	205.9	204.3	202.5	201.5	200.9	200.2	198.1	200.7	201.7	199	201.6	205.1	201.6	198.1	200.7	200.9	199.3	199.7	197.9	194.2	196.6	198.1	200.6	204.2	208.4	208.4	202.9	200.9	199.4	199.5	198.5	203.3	207.4	209.2	208.4	208.9	207.7	208.4	207.4	212.8	217.4	222.1	229.4	244.9	267	274.6	284.6	300.5	317.4	327	336.6	361.2	405	455.4	459	459	459	459	459	459	459	459	459	459	459	459	459	459	459	459	459	459	459	459	459	459	459	459	459	459	459	459	459	459	459	459	459	459	459	459	459	459	459	459	459	459	459
459	459	459	459	459	459	459	459	459	459	459	459	459	459	459	459	459	459	459	459	459	459	459	459	459	459	459	459	459	459	459	459	459	459	459	459	459	459	459	459	459	459	459	459	459	459	459	459	459	459	459	459	459	459	459	457.8	447.6	405.7	374.8	359.4	325.5	301	288.8	267.9	250	239.5	233.2	223.5	214.9	210.1	208.6	207	207.8	209.3	210.9	211.7	205.1	202.3	205.4	204.2	201.5	200.5	201.5	203.7	203.7	201.9	200.8	199.5	196	196.4	196	197.7	199	198.8	199.6	201.8	203.2	202.7	201.2	201.8	201.5	200.5	198.3	198.7	197.6	197.1	198.5	200.5	202.5	204.5	202.5	199.5	201.6	202.2	203.6	204.2	201.7	199.7	200.7	199.7	197.6	201.1	204.2	204.2	202.4	199.9	197.9	194.8	197.8	203.5	208.2	210.8	212.7	211.7	204.2	200.7	204.2	206.2	209.4	214.1	221.6	240.5	265.7	307.8	327	316.9	301	312.4	330.6	340.8	367.2	403.8	432	459	459	459	459	459	459	459	459	459	459	459	459	459	459	459	459	459	459	459	459	459	459	459	459	459	459	459	459	459	459	459	459	459	459	459	459	459	459	459	459	459	459
459	459	459	459	456.9	459	459	459	459	459	459	459	459	459	459	459	459	459	459	459	459	459	459	459	459	459	459	459	459	459	459	459	459	459	459	459	459	459	459	459	459	459	459	459	459	459	459	459	459	459	459	459	459	447	434.4	427.2	421	383.5	349.5	320.6	285.3	256	241.5	234.3	227.5	221.2	215.4	209.1	206.9	204.1	204.5	207.1	212.5	213	212.7	208.5	201.9	202.3	204.2	203.2	201.9	201.3	199.5	199.4	198.7	200.2	200.3	198.9	196	196	196.4	195.2	196.6	197	200.2	201.9	202.7	199.4	198.4	199	201.2	199.4	197.7	197.5	198.5	197.1	197.6	199.3	201.3	203.3	203.5	200	200.5	201.1	203.7	204.6	203.7	200.7	201.3	201.9	200.3	201.2	201	201	200.6	197.7	195.9	195.9	198.9	202.9	206.4	209.4	210.2	209.9	205.1	202.7	202.3	204.3	207.1	212	215	227	246.2	284.9	322.1	327	315.9	315.1	324.6	326.4	330.6	345	387	447	459	459	459	459	459	459	459	459	459	459	459	459	459	459	459	459	459	459	459	459	459	459	459	459	459	459	459	459	459	459	459	459	459	459	459	459	459	459	459	459	459
459	459	459	459	459	459	459	459	459	459	459	459	459	459	459	459	459	459	459	459	459	459	459	459	459	459	459	459	459	459	459	459	459	459	459	459	459	459	459	459	459	459	459	459	459	459	459	459	459	459	459	459	459	442.2	427.8	420.6	390.2	345.7	308.1	279.2	261.1	241.9	231.3	229.4	222.8	221.1	216.1	211	206.7	203.5	203.1	206.9	212	213.5	209.5	201.4	198.3	200.2	201.8	200.8	199	197.9	195	194.4	195.3	196.8	197.9	197.9	197.4	195.4	195.2	197.6	198.2	197.1	197.7	198.4	199.7	197.4	195.9	197.7	198.2	198.4	199.3	200.1	199.5	199	198.5	198.5	198.8	199.8	199.8	198.5	196.5	197.6	197.1	197.6	200.6	200.1	198.2	199.9	201.4	201.2	200.2	197.6	196.1	195.3	193.8	196.4	199.9	201.9	205.4	205.4	204	203.8	201	200.6	200.8	203.5	205.4	206.2	209	213.5	220.6	236.1	268.7	290.5	303	308	311.4	286.5	300.6	335.4	358.2	418.8	459	459	459	459	459	459	459	459	459	459	459	459	459	459	459	459	459	459	459	459	459	459	459	459	459	459	459	459	459	459	459	459	459	459	459	459	459	459	459	459	459
459	459	459	459	459	459	459	459	459	459	459	459	459	459	459	459	459	459	459	459	459	459	459	459	459	459	459	459	459	459	459	459	459	459	459	459	459	459	459	459	459	459	459	459	459	459	459	459	459	459	459	459	445.2	423.6	399.7	383.3	356.5	315.4	274.9	249.7	237.9	228.9	225.3	219.9	215.2	215.3	213.5	210.1	207	203.5	203.6	203.9	207.9	210	207.8	199.8	198.9	200.9	200.9	200.3	195.5	193.8	192.3	191.2	193.2	193.1	195.6	197.8	197.8	194.6	194	197.6	198.7	197.8	197.9	198.5	197.7	195.9	195.9	195.9	195.8	195.2	197.2	199.1	200.6	199.5	198.5	198.3	197.7	197.7	197.8	197.5	194.3	196	195.5	196	198.5	199.6	197.1	197.1	198.1	200.2	200.8	198.8	196.8	193.7	192.7	194.2	197.7	200.8	204	204	203.5	200.5	197	197.7	201.4	207.1	204.3	203.2	205.9	210.7	213	219.5	233	255.4	281.6	289.9	288.8	267.1	281.7	328.2	330.6	343.2	384	442.2	459	459	459	459	459	459	459	459	459	459	459	459	459	459	459	459	459	459	459	459	459	459	459	459	459	459	459	459	459	459	459	459	459	459	459	459	459	459	459
459	459	459	459	459	459	459	459	459	459	459	459	459	459	459	459	459	459	459	459	459	459	459	459	459	459	459	459	459	459	459	459	459	459	459	459	459	459	459	459	459	459	459	459	459	459	459	459	459	459	459	450.6	431.4	401.6	360.6	343.5	307.8	277	253.5	238.8	231.7	225	220.3	216.6	212.6	212.1	213	211.9	210.2	208.6	206	206.5	209.5	208.3	204.3	198.5	199.6	199.5	200.8	199.5	195.8	193.6	190.6	190.2	191.8	193.3	193.7	197.4	196.2	193.5	194	196.2	197.8	198.5	198.4	199	200.7	200.9	201.4	201.5	198.3	196.6	198.2	199.1	199.5	201.6	200.6	198.5	193.7	192.2	192.3	193.5	195	195	192.5	193.5	195.5	197.1	196.6	194.1	196.2	196.6	197.7	199.9	195.9	192.4	191.2	194.2	196.8	197.3	197.3	199	199.2	196.5	196	196.5	202.4	206.7	204.1	200.2	201.3	205.6	208.2	210.9	209.7	212.6	219.8	226.8	234.4	233	244.2	293.3	317.1	333	354.6	409.2	459	459	459	459	459	459	459	459	459	459	459	459	459	459	459	459	459	459	459	459	459	459	459	459	459	459	459	459	459	459	459	459	459	459	459	459	459	459	459
459	459	459	459	459	459	459	459	459	459	459	459	459	459	459	459	459	459	459	459	459	459	459	459	459	459	459	459	459	459	459	459	459	459	459	459	459	459	459	459	459	459	459	459	459	459	459	459	453.6	441	425.4	413.4	409.8	382	346.1	316.1	271.4	241.4	231.6	227.6	223.8	216.1	213.3	213.1	209	210.6	213.2	210.9	209.1	208.6	207.1	206.4	207.8	209.6	209	200.7	198.4	196	197.8	197	195	194.1	192.1	190.7	190.6	192.1	193.1	194.6	195	194	193.5	196.8	197.2	196.7	198.8	200.5	201.5	200.2	200.8	200.3	197.6	197	196.5	197.6	198.1	199.5	200.1	197.5	194.3	191.8	191.2	191.8	192.3	193.2	192.3	193.5	196.1	197.7	197.1	194.1	194.6	196.1	196.1	197.1	196.4	192.9	191.3	192.6	194.1	194.7	194.7	195.8	195.9	196	196.7	196.5	199	201.5	203	200.6	200	202.4	206	206.7	208.4	210.4	213.7	216.6	222.5	225.6	228.6	271.1	301.6	323.8	330.6	336	371.4	436.2	459	459	459	459	459	459	459	459	459	459	459	459	459	459	459	459	459	459	459	459	459	459	459	459	459	459	459	459	459	459	459	459	459	459	459	459	459
459	459	459	459	459	459	459	459	459	459	459	459	459	459	459	459	459	459	459	459	459	459	459	459	459	459	459	459	459	459	459	459	459	459	459	459	459	459	459	459	459	459	459	459	459	459	454.5	438.4	434.6	432.8	413.4	368.7	340	322.4	293.9	263.9	243.8	233.2	228.4	222.1	219.4	215	211.1	210.2	208.6	209.6	210.6	210.9	210.4	208.6	207.4	205.5	205.6	209.4	209.5	202	199.5	197.2	196.6	196.6	192.5	193.6	193.1	192.1	193.2	192.1	192	193	191.3	193	194.6	195.6	195.6	196.2	196.8	199	200.5	198.3	197.3	198.3	197	195.5	194	196	194.3	197	197.1	193.5	192.5	192.5	192	193.5	193.5	194.8	195.3	197	199.1	201.2	199.7	195.6	193.5	196.1	196.1	192.6	195.2	194.4	191.4	191.3	191.2	191.7	191.7	193.3	193.8	193.9	195.5	195.5	196.4	197	197.4	196.5	198.1	201.5	201.4	202.1	204.7	205.7	207.5	210.1	212.5	215	217	223.9	241.5	270.8	316.5	333	348.6	408	459	459	459	459	459	459	459	459	459	459	459	459	459	459	459	459	459	459	459	459	459	459	459	459	459	459	459	459	459	459	459	459	459	459	459	459	459
459	459	459	459	459	459	459	459	459	459	459	459	459	459	459	459	459	459	459	459	459	459	459	459	459	459	459	459	459	459	459	459	459	459	459	459	459	459	459	459	459	459	459	459	459	456.8	428.6	410.5	385.4	378.3	362.3	331.1	303.5	283.3	260.5	238.5	228.2	223.4	219.1	215.6	212.6	211.8	212.6	210.1	208.7	210.2	211.2	210.6	209.7	208	207.6	207.9	206.9	206.1	204.2	197.2	197.1	198.1	197.6	196.6	193.7	193.7	193.2	192.1	192.6	190.5	191.5	191.3	190.8	192.6	193.6	193.5	196.2	197.9	195.9	196.4	198.9	197.8	197.7	197.1	194.8	194.3	194	195.6	195	196	196	193.6	192.5	192.5	192	192.3	194.3	195.3	194.8	195.3	198.3	201	200.5	197.1	194.6	196.1	197.6	193.6	194.3	194.9	191.4	193.2	194.2	191.2	190.6	191.2	191.7	192.3	193.9	196.2	198.4	196.2	193	195.4	197.5	198.9	200.9	201.5	203.6	204.5	204.1	206.9	208.4	214	216.1	214.3	225	255.1	296.3	331.8	333	337.8	377.4	439.8	459	459	459	459	459	459	459	459	459	459	459	459	459	459	459	459	459	459	459	459	459	459	459	459	459	459	459	459	459	459	459	459	459	459	459
459	459	459	459	459	459	459	459	459	459	459	459	459	459	459	459	459	459	459	459	459	459	459	459	459	459	459	459	459	459	459	459	459	459	459	459	459	459	459	459	459	459	459	448.5	418.5	400.6	407.6	395.6	387.1	373.9	336	317.2	288.9	257.4	239.5	229.1	221.6	218.6	215.6	212.7	209.2	210.9	210.9	210.3	209.8	210.7	210.6	209	207.7	206.6	209.5	208.5	203.5	200.8	201.4	197.6	194.6	196	198.5	201.2	197.2	193.6	192.5	192.5	192.5	191.5	189.3	191.3	190.8	192.6	193.1	193	193.1	195.8	198.4	198.4	198.2	198.8	197.2	195	190.8	190.3	192	190.8	191.5	191.3	192.3	191.5	192	192.5	192.5	194.3	197	197.3	194.8	197.8	201.3	202.5	203.5	199	197.7	198.1	200.2	196.7	193.2	195.3	192.9	191.2	193.2	191.4	190.2	190.1	189.7	189.1	190.3	192.5	194.2	192.8	192.2	194.2	194.8	196.9	198	199.6	203	205.4	203	203.7	208.1	212.3	214.6	210.8	210.8	220.5	240.4	268.5	307.8	332.4	350.4	408.6	459	459	459	459	459	459	459	459	459	459	459	459	459	459	459	459	459	459	459	459	459	459	459	459	459	459	459	459	459	459	459	459	459	459	459
459	459	459	459	459	459	459	459	459	459	459	459	459	459	459	459	459	459	459	459	459	459	459	459	459	459	459	459	459	459	459	459	459	459	459	459	459	459	459	459	459	459	459	424.7	387.6	388	396.5	390.1	388.9	362.4	320.9	296.9	264.9	237.8	224.6	216.2	212.1	214.3	213.2	213.4	212.2	210.9	209.8	209.2	207.1	209.7	209.5	206.1	209.5	210.2	206.7	203.7	200.5	196.7	197.1	199.1	194.6	194.6	197.7	202.3	199.1	193.5	192.5	192.5	192	190.8	189.3	192.5	192.6	192	193.5	193	193.6	194.7	197.7	198.7	198.1	197.1	197.1	196.5	193	190.2	190.2	190.3	190.5	192.5	191.7	190.2	191.3	193	193	195.5	196.5	197.5	194.8	196.7	201.3	201.3	203.5	199.5	196.5	198.1	199.7	197.8	193.2	194.8	193.7	188.8	191.4	191.5	192.7	190.9	189.2	189.2	189.2	190.2	191.9	191.8	193.4	193.7	192.5	196.3	198	198.6	202.7	205.6	201.7	201.9	203.5	206.2	209.9	212.3	208.6	209.3	222.7	245.6	277.6	323.3	330.6	339	375	436.2	459	459	459	459	459	459	459	459	459	459	459	459	459	459	459	459	459	459	459	459	459	459	459	459	459	459	459	459	459	459	459	459	459
459	459	459	459	459	459	459	459	459	459	459	459	459	459	459	459	459	459	459	459	459	459	459	459	459	459	459	459	459	459	459	459	459	459	459	459	459	459	459	459	459	459	425.4	409.2	421.6	411.9	403.2	381.8	365.8	324.6	292.1	268.5	243.1	228.2	220.1	213.8	213.5	214.8	214.9	212.6	210.2	209.8	208.1	206.6	205.1	205.1	206.2	207.9	209.2	207.5	204.9	199.9	197.8	195.6	196.1	196	196.1	196.6	196.2	196.7	200.5	198.3	194	192	188.3	188.3	190.3	193.5	194	194.6	195.5	195.5	196	196.6	196.1	200.2	197.5	196.5	198.1	197.3	197.3	195.2	191.7	190.7	190.5	192	190.2	188.1	191.3	192.5	193.5	192.8	195.5	194.3	194.3	197.3	197.7	199.8	200.8	197.6	197	195.5	192.1	193.7	193.2	190.7	193.1	190.2	189.8	189.4	189.5	189.5	187.7	187.2	187.6	190.7	189.8	190.7	193.4	191.8	192.7	195.3	196.9	198	200.1	204.5	204.3	202.3	204.4	207	210.2	211.3	208.9	209.6	216.1	220.1	220.8	235	279.1	333	346.6	394.9	459	459	459	459	459	459	459	459	459	459	459	459	459	459	459	459	459	459	459	459	459	459	459	459	459	459	459	459	459	459	459	459	459
459	459	459	459	459	459	459	459	459	459	459	459	459	459	459	459	459	459	459	459	459	459	459	459	459	459	459	459	459	459	459	459	459	459	459	459	459	459	459	459	456	442.8	394.9	393.9	399	393	378.6	354.5	336.2	299.4	265.9	246.3	225.9	218.6	215.3	212	211.3	214.4	215.6	211.4	208.6	208.7	209.8	207.1	205	203.6	207.2	208.6	205.6	202.7	200.9	200.3	197.7	196.2	196.2	195.6	196.1	197.8	197.2	193.8	199	201	195.5	191.3	188.8	189.6	191.2	192	192.8	195.6	196.6	196	197.1	197.1	195	198.5	199	197	197.3	198.3	197.8	196.3	193.2	191.3	190.3	191.3	190.8	188.2	190.7	190.2	192.5	192.5	193.5	193.5	193.5	195.8	199	200	201	197	196	195	192.1	192.6	193.2	189.2	193.2	191.2	188.2	189.2	188.8	188.3	187.9	187.2	190.3	191.3	188.2	188.9	189.4	191.3	195.1	196.9	197.3	197.9	198.4	203	206.5	203.9	204.3	206.8	208	208	210.1	209.7	209.2	213.3	217.3	222.3	260.5	318.8	331.8	343.8	389.4	448.8	459	459	459	459	459	459	459	459	459	459	459	459	459	459	459	459	459	459	459	459	459	459	459	459	459	459	459	459	459	459	459
459	459	459	459	459	459	459	459	459	459	459	459	459	459	459	459	459	459	459	459	459	459	459	459	459	459	459	459	459	459	459	459	459	459	459	459	459	459	459	459	448.8	424.5	397.1	414	389.5	361.9	341.6	335.6	325.3	283.6	247.3	232.2	221.1	215.3	211.5	211.1	211.9	213.4	214.6	210.2	205.8	205.7	209.3	207.1	206.6	206.8	205.2	204.9	203.3	200.5	200.9	200.7	198.7	194.7	194.1	194.6	195.8	194.6	196	194.8	196.5	198.5	198.5	194.3	192.8	194.1	194.7	193	186.5	195	194.6	196	197	197	197.5	197.8	199	197.5	195.3	195.3	190.7	191.2	189.7	189.7	189.1	190.8	188.7	189.7	189.6	189.7	190.3	190.3	190.3	190.5	192	192.3	193.8	196.3	197.3	194	193	191.5	190.5	191.5	189.5	188.6	190.1	190.7	188.2	188.2	187.1	186.6	188.9	188.3	189.1	190.2	188.3	190.3	191.9	193.5	198.4	200.4	200.3	202.5	202.4	205.3	208.5	205.9	204.3	204.8	205.8	206.6	211.3	212.6	207.9	209.9	215.8	219.7	224.1	244.8	299.1	337.8	364.8	426.6	459	459	459	459	459	459	459	459	459	459	459	459	459	459	459	459	459	459	459	459	459	459	459	459	459	459	459	459	459	459	459
459	459	459	459	459	459	459	459	459	459	459	459	459	459	459	459	459	459	459	459	459	459	459	459	459	459	459	459	459	459	459	459	459	459	459	459	459	459	456.6	444.6	435	415.8	395.7	406.2	377.3	341.7	320	304.1	288.7	259.1	234.6	225.4	217.5	214.9	214.6	213	211.4	213.4	212.9	208.7	205.7	205.8	207.8	210.1	206.2	202.1	200.9	201.3	199.9	199.9	199.3	200.2	200.8	196.2	193.6	194.7	194.6	194	195	196	191.7	173.2	163	154.5	144.3	137.1	118.5	94.3	101.3	115.1	114.6	116.1	112	102.5	87.8	85.8	89.5	85	75.1	67	65.8	67.4	69.7	90.7	105.4	118	134.1	153	164.2	162	163.6	160.9	187.3	190.3	191.3	193.5	193	196.5	196.3	192.8	191.8	190.3	190	192	190.1	187	189	189	188.6	188.2	187.7	187.1	187.7	189.4	190.4	189.7	190.3	191.4	192.4	192.7	195.8	200.8	202.4	201.3	202.9	205.9	207.9	206.5	205.5	206	206.4	205.8	207.6	211.6	209.8	206.8	211	219.1	222	232.2	275	327.1	336.6	355.8	412.2	459	459	459	459	459	459	459	459	459	459	459	459	459	459	459	459	459	459	459	459	459	459	459	459	459	459	459	459	459	459
459	459	459	459	459	459	459	459	459	459	459	459	459	459	459	459	459	459	459	459	459	459	459	459	459	459	459	459	459	459	459	459	459	459	459	459	459	459	448.8	435	426	418.2	411	369.4	336.9	312.6	279.5	265.1	247.2	235.2	226	216.8	213.8	214	212.6	211.8	211.4	212.5	209.6	209.8	208.9	206.3	207.4	209.6	205	200.6	199.4	199	198.4	198.7	199.1	198.7	200.8	198.1	196.6	195.2	194.1	194.6	192.3	179.7	144.7	128.6	127.1	123.1	103.3	81.2	65.5	60.5	59.3	57.2	52.9	49.6	42.7	39.7	40.6	41.3	39.8	36.1	34.6	35.6	37.4	39.3	38.5	46.9	60.9	81.6	98.8	117.7	128	126.8	127.5	139.7	167.8	192	192.5	192	192	193.5	191.8	190.8	192	190.8	190.5	192	190	188.5	188.5	188.5	189.1	190.3	190.9	189.2	187.6	188.2	191.5	191.3	190.8	192.4	194.3	195.8	196.8	197	200.9	201.4	202.9	203.9	205.4	206	207	207.1	207.7	206.4	207	210.4	210.6	210.3	212.1	219.6	221.7	222.1	227.3	257	304.3	341.4	381.6	447.6	459	459	459	459	459	459	459	459	459	459	459	459	459	459	459	459	459	459	459	459	459	459	459	459	459	459	459	459	459
459	459	459	459	459	459	459	459	459	459	459	459	459	459	459	459	459	459	459	459	459	459	459	459	459	459	459	459	459	459	459	459	456.9	459	459	459	456	442.2	422.4	411	408.6	407.4	393.4	341.6	316.9	288.6	255.3	248.9	238	226.8	217.5	212.6	214.6	214.1	210	209.6	211.5	211.7	210.2	208.9	209.3	206.8	206.2	203.1	200.8	199.4	196.5	196.8	196.8	198.9	199.3	198.7	199.1	199	192.7	173	124.4	85.7	67.5	52	41.5	34.8	33	32.5	32.3	29.8	29.3	29	25.8	25	23.5	23.1	24.3	23	27.5	30.7	30.2	25.8	23.6	23	21	20.2	19.6	21	23.8	23.8	23.3	24.1	27.6	32.5	43.8	55.3	71	124.3	159	165.8	175.2	179.5	176.9	180.3	192	192	190.5	190.5	190	189	189	189	188.5	189.1	190.3	190.9	188.8	187.6	190.3	192	190.3	191.8	193.8	195.3	195.2	195.2	197.4	201.9	203	203.3	203.8	202.3	205.5	206	207.6	210.4	209	205.9	208.4	209.7	209.2	212.2	219	221.2	224	230.6	262.1	315.3	333.6	359.4	413.4	459	459	459	459	459	459	459	459	459	459	459	459	459	459	459	459	459	459	459	459	459	459	459	459	459	459	459	459
459	459	459	459	459	459	459	459	459	459	459	459	459	459	459	459	459	459	459	459	459	459	459	459	459	459	459	459	459	459	459	459	459	459	459	459	451.8	436.2	418.2	405	403.2	378.7	334.7	301.1	285.9	260.4	240.7	235.7	234.6	221.5	214.4	215.9	214.5	212.3	210.5	211.6	211	211.9	212.3	209.9	207.8	205.7	203.4	200.8	199.7	197.7	195.4	195.9	196	196	195.4	196.1	196.5	181.2	150.7	142	118.7	77	53.2	43.7	37.4	31	29.3	29.3	25.4	24.5	23.3	25.2	24	22.3	21.3	22.3	23.8	21.4	20.3	20.9	23.3	22.1	20.6	20	18.8	19	19	20.2	21.5	19.4	19.4	21.3	23.3	25.7	27.8	31.6	39.2	60.5	89.7	119.9	153	162.1	163.4	171.8	190.7	191.1	190.5	191.5	191.1	189.6	188.5	189.5	189.5	189	189.7	190.9	191.5	190.3	189.7	190.9	191.5	191.4	191.8	192.4	190.2	190.1	193.2	197.2	203	204.5	204.5	203.9	203.3	203.3	205.5	210	210.4	205.4	207.4	208.3	207.7	209.8	215.8	218.5	217.5	216.6	221	240.2	279.6	312	354.3	421.6	453	459	459	459	459	459	459	459	459	459	459	459	459	459	459	459	459	459	459	459	459	459	459	459	459	459	459
459	459	459	459	459	459	459	459	459	459	459	459	459	459	459	459	459	459	459	459	459	459	459	459	459	459	459	459	459	459	459	459	459	459	459	459	442.2	421.8	405	389	383.6	362.4	309.3	279.2	260.5	238.4	229.3	229.8	227	216.3	216.2	215.9	213.8	213.3	210.4	210.9	210.8	211.1	211.7	211.7	206.6	202.6	201	201.3	198.9	196.4	197	197	196.4	186.7	136.5	111.7	94.6	67.2	47.9	39.8	35	29.8	27.7	28	25.5	25.3	22.4	20.5	20.8	23.1	21.3	19.5	20.3	19.3	19.9	18.5	21.7	19.5	17.2	16.9	19.7	22.6	20	19.6	19.1	17.4	18.5	18.4	18.3	17.3	17.4	18.1	19.9	21.7	24.5	25.4	28.1	31.8	36.8	44.5	63.8	94.9	108.6	126.4	161.3	185.1	192.3	191.7	189.5	189.1	189.1	189.5	190.1	190.6	189.5	189.6	190.8	190.9	189.8	182.9	190.9	192	193	190.8	190.3	189.6	191.2	193.8	200.7	205.6	204.5	204.5	203.7	203.2	204.3	205.9	209.2	208.2	206	208.5	212.7	211.4	209.8	217	218.8	217.4	218	226.9	252.5	270.8	294	339.6	423.5	459	459	459	459	459	459	459	459	459	459	459	459	459	459	459	459	459	459	459	459	459	459	459	459	459	459
459	459	459	459	459	459	459	459	459	459	459	459	459	459	459	459	459	459	459	459	459	459	459	459	459	459	459	459	459	459	459	459	459	459	459	451.8	436.2	417	395.3	354.6	339.8	328.7	291.7	266.9	244.8	230.7	227.5	222.1	213.8	212.4	215.2	216.5	214.9	215.3	214	211.3	208.4	209.7	210.4	209.6	205.7	204.5	200.8	199.2	197.9	197.4	197.2	187.1	166.6	132.9	97	74.4	56.9	42	38.5	35.4	33.2	30.7	26.3	22.4	21.1	22.6	20	20.5	20.3	22.8	23.4	19.5	18.2	17.9	18	18	18.9	18.9	16.3	17.3	19.8	19.8	18.6	17.5	16.9	18.5	17.3	15.8	17.3	16	14.8	17.5	19.5	20.1	23.8	24.5	23.4	25.2	29.1	36	46.2	62.3	81.2	100	128	172	190.2	186	188.5	189.1	189	190.1	190.6	190.6	189.5	190.1	190.7	190.8	190.4	188.2	188.8	191.5	190.9	189.4	189.4	190.3	191.3	193.7	198.4	201.9	202	202.4	204.4	201.7	201.7	204.9	206.1	206.2	202.9	205.6	212.8	212.4	210.8	217.4	219.7	214.3	211.4	216.1	226.7	237.7	262.8	299	364	442	459	459	459	459	459	459	459	459	459	459	459	459	459	459	459	459	459	459	459	459	459	459	459	459	459
459	459	459	459	459	459	459	459	459	459	459	459	459	459	459	459	459	459	459	459	459	459	459	459	459	459	459	459	459	459	459	459	452.4	447	439.8	429	417.6	408.6	384.6	357.8	329.8	304.2	285.8	252.7	231.1	227	225.1	222.3	220.3	217.8	212.7	212.9	214.4	212.1	212.5	212.2	210.8	212	206.3	203.2	203	205.6	203.9	199.5	187.2	167.2	144.1	98.9	62.3	40.5	35.3	34.5	33.6	30.8	30.1	27.6	27.8	26.2	25.2	23.6	22	22	21.3	22.2	25.2	25.2	21.8	19.5	19.1	20.7	22	19.5	17.5	17	16.4	15.6	16.4	17.7	14.6	15.3	15.4	15.4	15.2	16.2	15.8	15.3	14.7	14	19.1	20	18.5	17.8	18.4	19	20.2	25.6	28	27.8	38.5	57.2	71.4	102.1	140	162.2	190.3	188	188.5	189.6	190	189.5	189.5	190	190.1	190.1	190.8	190.9	190.3	190.8	191	188.8	189.8	190.9	189.6	193.2	197.4	197.9	200.8	202	202.9	203.9	201.2	201.7	203.3	204.5	204.1	204.5	205.9	209.7	211.2	211.4	216.3	218.2	216.7	212.9	218.1	229.2	244.8	263	297.5	372.3	453	459	459	459	459	459	459	459	459	459	459	459	459	459	459	459	459	459	459	459	459	459	459	459	459
459	459	459	459	459	459	459	459	459	459	459	459	459	459	459	459	459	459	459	459	459	459	459	459	459	459	459	459	459	459	459	459	448.2	440.4	433.8	421.2	409.2	399.2	344.7	319.7	304.5	279.2	255.6	232.3	220.6	223.5	220.5	217.3	219.4	218	215.7	212.3	213	213.9	210.4	210.3	211.5	209.2	203.9	200.4	201.5	202.9	201.8	182.5	155.8	134.7	108.4	64.2	40.3	32.4	30.3	30.5	27.8	28.4	27.4	26.1	25.7	24.5	24	25.1	25.1	25.1	23.6	22.7	21.8	21.8	18.9	17.9	19.3	19.4	18.7	15.4	16	16	15.4	15.2	16.5	16	13.8	13.1	14.1	14.1	14.5	15.6	15.1	13	12.4	14.6	18.6	18.6	15.8	17.3	19.1	20	22.8	24.8	26.9	28.6	30.3	40.1	60	78.8	115.5	149	191.3	190.1	189	190.5	192.6	192	192.1	190.5	191.1	190.1	191.8	193.5	193.8	193.2	193.5	191.9	190.8	190.9	191.3	192.6	193.8	197.4	199.5	201.9	201.9	200.3	200.7	200.5	201.2	202.4	203	204.5	204.4	206.1	210.1	212.2	213.9	214.6	216.1	215.5	217.4	237	248.2	252.8	275.5	367.7	446.4	459	459	459	459	459	459	459	459	459	459	459	459	459	459	459	459	459	459	459	459	459	459	459	459
459	459	459	459	459	459	459	459	459	459	459	459	459	459	459	459	459	459	459	459	459	459	459	459	459	459	459	459	459	459	459	459	439.2	426.6	417	402	391.2	381.4	331	302.4	286	259.9	235.1	223.3	219.5	217.3	222.3	221.1	215.6	215	213.1	213.3	212.4	211.6	213.3	210.5	206.2	201.5	187.2	193.1	200	166.2	104.6	62.2	45.2	36.2	32.8	33.7	31.4	25.2	23.8	25.1	24.4	25.3	22.5	23.5	25.8	26.1	26.1	25.6	22.8	24.5	23	21.3	21.8	23.4	18.3	18.4	19	15.9	15.3	15.4	15.3	15.9	14.8	15	16.5	16.2	13.8	14.3	12.4	12.6	14.3	14.2	14.2	13.2	14.7	16.7	15.4	16.3	16.3	15.9	20.5	23.9	24.2	24.8	26.7	23.7	23.8	24.5	30.6	53.9	78.4	112.7	147.5	175.7	186.9	192.5	192.1	192.7	192.6	192.1	192.1	191.1	191.2	193.5	193.5	193.3	191.8	193.7	193.2	190.9	191.9	192.3	193.7	198.4	200	202.3	203.7	202	200.2	200.5	200	200	201.8	202.4	205.7	206	205.5	208.5	209.9	213.9	217.7	217.9	216.9	226.9	253.3	263.6	270.1	322.3	374.4	434.4	459	459	459	459	459	459	459	459	459	459	459	459	459	459	459	459	459	459	459	459	459	459	459
459	459	459	459	459	459	459	459	459	459	459	459	459	459	459	459	459	459	459	459	459	459	459	459	459	459	459	459	459	459	459	459	432	417.6	408.6	396.6	388.8	361.1	308.4	294.3	273.3	251.4	233.3	223.8	220.3	218.1	220.4	221.1	214.6	212.4	210.6	211.8	210.8	209.8	212	207.2	202.4	201	186.1	186.7	175.9	126.9	73	44.4	36.4	31.1	31	31.9	32.9	28.8	23	23.3	23.8	24.2	24.6	21	22.4	23	23	21.5	22.3	22.7	20.7	21.5	23.1	22.8	18.9	18	15.3	14.6	16	14.4	15	15.4	14.3	14.8	13.8	13.9	12.1	11	10.6	13	12.5	11.8	12.9	11.8	14.7	15.3	14.1	16.5	16	17.2	21	23	24.1	25.5	25	21.2	22.4	20.5	27.8	48.3	80.5	103	126.7	160.2	189.4	193.1	191.1	191.2	190	190.1	190.6	190.5	190.7	191.4	191.9	191.3	190.7	191.9	192.5	191.8	193.2	195.4	197.8	199.3	199.9	201.7	202.6	203.5	200.7	200	199.4	198.9	201.7	201.3	204.5	206.1	202.4	204.9	208.3	215.8	218.6	218.4	219.6	218.5	232.3	257.5	263.3	268.9	327	406.2	459	459	459	459	459	459	459	459	459	459	459	459	459	459	459	459	459	459	459	459	459	459	459
459	459	459	459	459	459	459	459	459	459	459	459	459	459	459	459	459	459	459	459	459	459	459	459	459	459	459	459	459	459	456.6	441	419.4	405.6	396.6	391.8	390.6	353.6	300.8	278.3	256.3	241.4	232.6	228.9	228.9	222.4	218.5	216.2	211.4	210.8	210.3	208	207.3	207.9	204.4	200.7	186.7	161.8	135.3	99.3	68.4	47.1	37.4	34.7	31.7	29.9	27	24.9	25.6	25.3	22.9	20.6	20.5	21	22.5	22.2	20.5	22	23.5	22.3	22.3	25.1	19.8	21.7	20.5	16.8	14.3	15	13.8	14	15.4	13.8	14.5	13.4	10.2	11.4	13.1	13	10.7	9.4	10.6	13	13.2	12.6	14.4	15.4	16.4	17.4	16.2	17.1	18.1	19.1	20.9	24.4	25.4	24.4	23.8	24.4	26.2	27.2	26.7	26.8	39.6	51.9	75.2	117.7	176.9	194.3	183	191.5	192.1	191.1	191.1	190	190.6	189.6	190.7	191.3	192.4	192.3	192.3	194.7	194.4	195.9	198.4	199	198.2	198.2	198	202.4	202	201.2	201.7	199.4	200.9	199.4	203.3	206.2	205.4	203.2	208.1	210.8	213.8	217.3	216.8	216.3	219.9	234.3	247.5	251.6	294.5	357	412.8	459	459	459	459	459	459	459	459	459	459	459	459	459	459	459	459	459	459	459	459	459	459
459	459	459	459	459	459	459	459	459	459	459	459	459	459	459	459	459	459	459	459	459	459	459	459	459	459	459	459	459	455.4	447	433.8	417.6	403.2	393	391.2	389.4	355	291.4	263.7	247.6	237.9	234.1	230.1	228.6	223.3	219.1	217	214.4	214.5	210.8	207.5	205.7	205.6	203.7	190.3	158.7	121.7	95.1	60.6	44.5	34.3	28.9	30.1	29.4	28.1	23.2	22.7	22.7	20.9	22.5	20.8	22.5	23.1	22.2	21	20.5	20.5	22.9	21.9	20.6	18.9	17.3	19.1	17.7	14.1	12.9	13.2	13.3	13.4	14.5	13.9	13.2	11.3	10	10.8	11.7	12.4	11.2	11.2	11.8	13.3	12	12.7	15.4	16	15	16	16.2	16.5	17.4	16.8	18.7	21.7	21.7	20.4	21.4	23.2	27.5	27.4	24.9	24.2	32.5	42.8	63.5	99.4	166.3	188.2	169.5	188.7	192.1	192	190.5	188.4	191.5	192.1	191.7	192.7	194.9	192.2	194.8	196.5	196	195.8	197.8	197.4	197.2	193.6	196.2	202.4	202.1	202.4	200	199.4	199.4	199.9	201.8	204.1	206.9	206.2	211	213.4	210.7	213.9	212.8	212.2	212.9	212.3	217.3	230.8	258.2	300.8	361.3	453.5	459	459	459	459	459	459	459	459	459	459	459	459	459	459	459	459	459	459	459	459	459
459	459	459	459	459	459	459	459	459	459	459	459	459	459	459	459	459	459	459	459	459	459	459	459	459	459	459	459	442.2	430.2	427.8	417	405.6	397.8	394.8	394.8	376.4	308.9	261.5	241.6	240.9	235.8	231.8	228.4	222.1	221.2	219.6	215.9	214	212.3	209.1	207.6	197	191.8	165.9	112.3	68.1	44.5	33.1	29.6	28.2	28.2	28.9	26	21.3	19.8	19.3	18.5	18.5	20.4	23.8	26.2	24.7	23.1	21.7	22.2	23.6	22.9	20.5	18.7	17.8	15.5	15.4	17	15.9	13.6	11.9	13.9	15.3	13.2	13.3	11.4	11.9	12.6	10.9	12.1	15	15.7	15.4	16.1	16.4	13.3	13.4	13.4	13.9	14.6	14.5	15.8	14.7	13.1	15.5	17.4	17.9	16.3	15.6	15.6	15.4	17.4	18.3	18.8	18.4	19.5	24.2	25.8	37.1	65.5	118.3	160.2	173.6	192	192	170.4	156.8	157.9	158.6	162.6	163.3	159.5	143	132.4	160.1	185.4	193.5	199	197.9	198	196.4	195.4	197.2	197.3	201.3	204.1	203.1	200.8	199.5	200	201.5	203.8	204.5	206.6	208.9	209.3	207.9	210.8	215.6	210.4	211.5	213.1	214.9	224.5	245.4	274.1	326.6	397.2	459	459	459	459	459	459	459	459	459	459	459	459	459	459	459	459	459	459	459	459	459
459	459	459	459	459	459	459	459	459	459	459	459	459	459	459	459	459	459	459	459	459	459	459	459	459	459	459	459	440.4	427.8	423	412.8	403.2	399	394.8	392.4	340.1	277.8	249.6	230.5	225.8	225.9	228	224.6	221.5	220.6	218.5	216.4	216.7	214.6	209.6	206.3	202.1	184.8	129.8	82.1	51.4	36.5	29.4	27.5	26.8	28.1	27.5	23.3	19.9	17.6	18.5	18.7	18.1	19.9	20.1	22.1	22.2	21	20.3	21.7	22.6	19.9	19	16.8	14.1	13.5	12.5	14.4	13.2	12.6	11.9	13.2	12.6	12	13.6	13	13.8	12.6	11.9	11.9	17.2	16.4	17.1	17.1	14.5	12.6	13.9	14.4	14.3	15.3	14.5	15.1	13.8	12.7	14.5	15	15.2	15.2	16	16.3	16.9	16.3	18.5	19.7	16.2	15.9	19.3	20.9	30.8	57.9	111.3	160.8	173.9	191.2	177.2	152.6	143.1	148.1	133.7	134.8	135.7	117.7	121.4	128.4	149.3	166.3	175.9	193.5	195.8	197.9	198.5	198.4	197.8	197.7	200	203.1	204.4	201.9	199.5	199	199.9	203.2	204.5	205.1	205.9	207.3	207.4	211.1	214	209.3	209.1	211.4	213.4	218.8	227.3	238.9	282.5	375.6	445.2	459	459	459	459	459	459	459	459	459	459	459	459	459	459	459	459	459	459	459	459
459	459	459	459	459	459	459	459	459	459	459	459	459	459	459	459	459	459	459	459	459	459	459	459	459	459	459	459	453.6	436.2	419.4	409.2	403.2	399	393.6	386.4	323.5	265	239.5	230.5	225.1	228.1	226.4	221	219	218.8	217.9	217.7	218	218.6	213.3	175.3	133.9	86.6	52.3	35.9	31.1	29.5	31	28.7	25.2	23.5	22.9	21	20.3	21.7	22.8	23.1	22.5	21.9	21	19.1	21	21.9	20.5	18.6	18.2	16.8	14.4	15	14.1	13.8	13.3	13.8	14.3	14.7	13.1	13.2	13.3	12.2	13.2	13.6	12.6	12.6	11.8	11	13.2	14.1	13.6	15.3	14.3	12.5	11.9	14	13.3	12.6	11.8	12.6	12.6	13.3	12.6	13.2	16.3	15.9	17.5	20.2	19.7	17.8	18.7	19.9	16.8	13.8	13.3	15.4	22.2	33.6	80.3	125.6	108.8	104.6	96.1	83.3	73.6	66.5	67.1	66.1	55.8	49.7	55.2	62	69.8	93.5	136.8	172.1	189	184.3	173.6	179.4	196.9	199.9	199.3	198.3	200.2	203	203.1	200.8	199.4	201.5	202.7	204.1	205.4	205.5	206.7	209.8	213.2	211.7	207.4	207.9	211.6	215.4	221.6	227.8	254.3	329.3	373.8	417	450.6	459	459	459	459	459	459	459	459	459	459	459	459	459	459	459	459	459	459
459	459	459	459	459	459	459	459	459	459	459	459	459	459	459	459	459	459	459	459	459	459	459	459	459	459	459	456.6	440.4	422.4	409.8	403.2	397.8	375.9	359.7	334.6	280.1	242.3	232.8	228.8	227.4	227.5	221.6	219.7	220.6	220.2	221.5	220.6	218.6	214.4	192.3	136.7	90.2	54	40.5	33.3	27.9	26	26.7	26.4	25.7	24.5	25.2	24.8	23.1	23.7	23.7	22.9	19.3	19.6	21	19.3	19.1	18.7	17.3	15.4	17.3	16.5	14.5	14	13.6	12.2	14.8	15.2	12.7	12.6	13.2	12.1	12.1	12.2	11.4	13.1	12.4	12.4	11.6	10.9	13.4	12.9	14	15.3	13.6	12.5	12.4	11.6	13.2	11	9.9	11.7	11.7	11.9	12.5	14.8	17	18.4	19	19.9	20.9	18.3	19.4	19.8	16.8	15	16	17.3	22.5	33.8	70.2	99.8	95.4	83.8	71.6	61.4	53.9	49.1	43.3	37.4	35.1	34	35.2	39	51.9	74.7	101.4	135.7	157.8	174.9	165	169.1	184.1	200.5	197.7	196.7	199.8	203.4	200.6	199.2	199.9	200.5	198.8	201.6	206.5	207.2	208.3	211.9	214.5	214.3	207.4	207.9	213.4	216	218.4	228	239.5	295.3	371.4	427.2	459	459	459	459	459	459	459	459	459	459	459	459	459	459	459	459	459	459	459
459	459	459	459	459	459	459	459	459	459	459	459	459	459	459	459	459	459	459	459	459	459	459	459	459	459	456.6	438	418.8	408.6	402	397.8	369.8	343.1	329.5	309.8	259.4	233.9	229.5	229.5	227.8	222.6	217.5	218.7	219.6	219.7	222.9	221.3	198.7	121	71.9	53	44.7	36.4	33.6	30.3	28.7	25.2	24	27	26.2	24.8	22.1	22.6	25.2	26	22.4	20.3	20.1	19.6	19.4	18.2	17.7	15.6	13.5	13.4	15.1	18.4	17.1	16.2	15	16.4	16.1	14.5	15.4	14.4	15.7	13.8	11.5	10.2	11.5	12.1	12.6	11.2	11.9	12.9	14.1	13.6	12.3	13.2	13.1	11	11.1	10.9	12.5	11.7	9.3	11.1	11.7	11.7	11.9	12.5	15.3	18.4	17.5	17.1	16.7	14.1	14.9	19	18.3	16.2	16.6	17.5	17.5	20	29.1	34.2	29.7	22.9	23.9	22.6	18	20.6	21.8	21.7	21.7	21.7	24.2	23.6	25.5	28	31.5	35.8	42.6	60.9	102.9	151.8	176.9	183.4	199	195.6	195.8	200	201.9	201.6	202.3	199.5	196.4	201.5	203.2	206	209.2	210.9	211.7	213.1	209.7	207.4	211.1	213.6	217.2	222.4	231.9	267.5	334.3	365.4	425.4	459	459	459	459	459	459	459	459	459	459	459	459	459	459	459	459	459	459
459	459	459	459	459	459	459	459	459	459	459	459	459	459	459	459	459	459	459	459	459	459	459	459	459	459	449.4	429.6	412.2	403.2	400.8	372.7	332.3	295.6	278.7	263	243.1	231.1	226.6	228.1	225.1	222.1	219.6	219.2	218.6	220.5	220.9	217.7	150.7	79.3	52.5	49.4	42.5	37	32.6	29.3	29.1	27.1	27.5	25.8	25.1	22.4	21.6	22.3	25.6	24.6	24	22.6	19.9	22.1	21.2	21.3	19	15.9	12.9	13.4	16.4	18.8	20	17.8	15.4	18.3	15	13.8	14.9	14.6	15.1	10.6	10.5	11	11	12.3	12.8	12.1	12.8	12.3	13.2	11.7	11.1	11.6	12.2	10.4	12.3	13.3	12.5	10.4	11.6	13.3	12.9	13.2	13.4	13	15.3	15.1	16.1	13.1	15.2	12.9	14.5	20.2	19.7	17.6	18.7	19.2	18	17.3	21	22.4	19.8	16.8	19.2	18.7	17.3	17.2	19	20	21.3	20.5	22.2	22.8	24.7	26.6	29.2	30.5	33	41.3	64.1	111	146.5	161.6	184.8	194.3	194.2	197.8	202.5	203.9	200.3	197.4	198.4	201.9	204.2	205.4	207.1	208.9	208.1	211	209.9	206.8	207.8	213.1	217.4	221.4	231.1	242.6	290.5	354	408.6	459	459	459	459	459	459	459	459	459	459	459	459	459	459	459	459	459	459
459	459	459	459	459	459	459	459	459	459	459	459	459	459	459	459	459	459	459	459	459	459	459	459	459	453	435.6	416.4	401.4	396.6	395.4	375.1	329.7	285.3	269.2	249.4	233	233.4	228	224.1	220	217	219.7	221.5	222.9	215.4	163.7	96	57.2	47.2	41.8	42.1	40	34.9	31.1	31.2	28.5	24.4	25	24.8	22.3	22.8	24.4	26.8	25	23.2	23.6	24.6	23.1	22.6	19.8	19.6	18.4	17.9	16.4	16.2	18	15.8	17.8	17.2	17.9	17.1	14.3	13.4	13.4	13.3	12.2	10.4	11.2	12.4	12.4	11.9	13.5	13.3	12.6	10.6	11.2	10	9.1	12.2	11.1	11.2	13.2	12.3	10.9	11.1	11.6	11.3	11.6	13.3	11.9	9.2	8.8	11.6	12.1	12.1	15.4	14.9	17.3	20.5	24.1	21.7	20.8	18.3	17.5	15.3	15.1	12.5	13.7	14.2	13.5	16.1	16.1	17.3	17.3	17.7	18.9	19.8	20.1	20.8	21.9	23.2	23.8	25.7	26.1	28.1	34.2	39	49.2	63.6	94.2	134.1	177.3	190.4	198.9	203	201.6	200.8	200.7	199.5	202.4	204.4	206.1	207.8	208.7	206.9	210.6	209.8	207.3	209.1	213.9	220.9	231.5	240.8	270.8	336.7	367.8	429	459	459	459	459	459	459	459	459	459	459	459	459	459	459	459	459	459
459	459	459	459	459	459	459	459	459	459	459	459	459	459	459	459	459	459	459	459	459	459	459	459	459	446.4	427.8	412.8	399.6	394.8	393	375.9	308.9	279.7	261.1	238.3	227	229.6	226.8	223.9	219.3	216.4	219.3	221.6	224.1	191.6	111.1	60.6	50.3	42.6	39.3	35.3	33.9	30.8	31.3	32.9	30.5	25.4	27	27.5	28	26.9	26	27.2	25	25.2	25.3	24.4	26.8	23.2	19.9	20.4	18.4	17.9	18.1	16.7	15.4	14.1	14.7	15.1	17.6	17.1	15	14.4	12.7	12.6	13.8	12.2	12.4	12.4	13.8	11.9	11.7	11.5	11.9	10.7	11.7	10.5	10.4	10.6	10.7	11.9	11.8	11.3	12.4	11.9	12.4	13.2	13.7	12.4	8.9	8.2	9	11.9	13	13.7	16.6	16.1	18.9	21.1	21.1	21.1	17.9	15.6	14.8	13.1	12.6	10.1	12.7	15.1	12.2	14.7	17.7	16.5	17.5	19.1	19.1	18.3	19.1	20.1	19.4	20.9	21.6	24.7	24.6	25.6	30	33.5	38.3	46.7	68.5	111.1	153.3	177.9	197.7	203.9	205.9	202.5	201.3	199.5	200.9	200.6	203.4	206.8	209.2	206.8	210.4	209.9	204.2	207.5	211.2	217.8	222.4	240.6	271.1	319.6	358.8	412.8	459	459	459	459	459	459	459	459	459	459	459	459	459	459	459	459	459
459	459	459	459	459	459	459	459	459	459	459	459	459	459	459	459	459	459	459	459	459	459	459	459	447.6	431.4	417.6	405.6	397.8	392.4	386.4	356.5	294	273.1	249.9	229.3	229.9	224.4	223.4	219.7	216	216.3	218.7	222.4	177.9	96.3	54.9	45	42.7	40.2	35.7	30.4	29.7	30.9	30.7	27.2	25.3	24.9	26.9	28.6	28.1	27.6	26.4	26.5	25.2	24.1	24.3	24.6	24.1	21.1	19.9	20.8	18.6	16.7	15.4	15.7	15.2	15.4	16.2	16.5	17.8	16	17.1	15.3	13.2	13.2	12.5	12.2	11.7	12.3	12.4	12.5	12.3	11.2	8.5	9.1	9.6	11	11.7	12	11.9	11.1	9.5	9.5	11.6	13.9	14.5	13.9	13.7	12.1	9.2	8.9	10.9	11.9	14.4	15.6	17.3	17.8	18.6	16.7	16.1	16.7	15.7	13.9	14.1	13.1	14.4	13.2	14	18.2	18.2	13.6	19.4	21.1	19.7	20.8	19.1	20.2	20	21.7	21	20.8	21.5	22.8	26.5	23.5	25.4	27.3	31	35.9	37.7	44.4	62.9	89.4	137.6	197.5	205.5	202.7	200.2	199.5	199.2	200.1	202.2	202.2	204	206.7	207.3	212.8	208.8	209.8	213.4	214.3	216.9	234.8	256.1	303.4	340.8	370.8	424.8	459	459	459	459	459	459	459	459	459	459	459	459	459	459	459	459
459	459	459	459	459	459	459	459	459	459	459	459	459	459	459	459	459	459	459	459	459	459	459	459	447	429.6	414	401.4	394.8	384.9	347.1	310.8	273.7	257.1	237.1	231.6	231.6	221.1	221.8	217.5	215	218.4	219.3	203	129.2	66.5	50.6	44.9	40.1	37.5	31.6	28.3	29.1	28.9	25.3	22.9	23.4	25.2	25.1	23.5	23	24.1	22.8	22.3	22.6	21.8	21.4	18.6	18.6	16.6	18.2	20.5	19.6	17.5	15.1	16	17.9	15.5	16.4	16.8	17.7	15	15.9	15.3	13.9	12.7	12	12.9	12.3	11.2	11.7	11	10.4	9.5	8	9.8	10.3	9.8	12.5	12.7	11.8	10.3	11.6	12.9	13.8	14.8	15.6	14.8	13.5	11.6	10.2	10.9	11.8	12.4	13	14.9	16.6	19.1	18.9	15.8	15.5	16.2	15.5	14	12.7	12.6	14.6	15.1	13.4	17.8	17.8	14.6	19.7	22.3	19.1	20.1	20.7	19.1	19.2	19.2	19.7	20.6	21.1	21.1	24.2	25.5	24.4	26.8	28.8	34.1	36.4	41	50.6	72.8	115.3	162.3	204	204.9	201.2	199.7	196.5	198.9	200.1	199	200.7	205.1	205.2	210.6	212.6	209.2	209.7	212.8	218.7	224.9	244.3	305.9	336.6	361.2	408	459	459	459	459	459	459	459	459	459	459	459	459	459	459	459	459
459	459	459	459	459	459	459	459	459	459	459	459	459	459	459	459	459	459	459	459	459	459	459	457.8	436.8	418.2	405	393.6	387	375.3	328.3	294.4	272.2	245.5	231	234.3	227	221.6	214.6	212.7	197.6	182.8	137.1	72.7	53.9	48.2	41.9	40.1	34.8	29.9	28.5	29.4	30	27.7	24.2	26.8	30	28.7	26.1	24.1	21.6	20.3	23.8	22.1	17.8	18.5	18.7	19.6	17	15.5	16.5	16.7	16.1	15.9	16	15.9	18.8	18.9	17.5	20.6	18.9	17.4	15.4	14.5	13.2	13.4	13.8	12	11.6	11.4	10.1	7	6.2	8.6	9.3	11.2	11.3	12.6	13.2	12.1	12.5	13	14	14.6	13.8	14.2	12.4	11.5	11.8	13.5	13.2	13	11.8	13.1	14.9	15.6	15.4	16.4	20.3	15.8	14.7	16.3	18.1	18.3	14.3	13.4	12.6	11.3	11.3	15.6	16.3	12.8	15.6	22.3	21.6	18.9	22.7	22	19.8	18.5	19.8	21.3	20.6	21.9	23.1	24.2	24	24.7	27.9	31.3	32.2	34.1	39	45.1	52.3	64.2	103.5	141.9	173.7	199.8	197.2	196.2	198.5	197.9	198.4	203	206.6	209.4	214.5	208.3	209.1	213.3	218.7	222.6	239.8	302.9	328.8	336.6	363.6	424.8	459	459	459	459	459	459	459	459	459	459	459	459	459	459	459
459	459	459	459	459	459	459	459	459	459	459	459	459	459	459	459	459	459	459	459	459	459	459	451.8	432	415.2	403.2	392.4	384	336.5	294.4	272.3	259.9	239.5	235.8	230.6	220.5	218.8	212.9	211.3	187	140.2	91.5	55	50.7	48.3	41.8	39.6	33.6	31.7	28.6	29.2	30.6	28.5	27.3	29.8	31	28.5	25.1	24	20.9	20.2	22.4	20.6	17.5	17.1	17.7	15.8	15	14.2	14.7	12.5	11.3	13.1	16.4	16	18.5	18	20.1	19.6	18.4	18.9	15.3	12.5	12.7	13.4	12	12	11.9	9.4	8	7.3	7.3	7.8	10.8	13.7	13.8	13.8	13.7	14.1	14.5	12.7	12.7	13.8	12.4	12.5	12.5	11.5	13.1	15.1	13.3	12.7	11.8	13	14.8	17.3	16.7	20	17.3	15.1	15.4	15.1	15.5	16.4	16.8	13.8	10.5	10.2	10.6	15.1	14.9	12.1	13.5	21.5	22.1	20.8	21.3	21.4	21.2	17.3	17.3	21.1	19.6	19.7	22.3	23.5	23.5	23.7	25.1	29.6	30.7	31.2	35.1	39.9	43.9	55.1	78.7	104.7	168	193.7	196.2	194.7	197.5	198.4	199.8	203.4	206.7	208.8	215.1	209.3	211.3	216.6	216.7	220.6	240.6	298.9	328.2	334.8	357	416.4	459	459	459	459	459	459	459	459	459	459	459	459	459	459	459
459	459	459	459	459	459	459	459	459	459	459	459	459	459	459	459	459	459	459	459	459	459	451.2	438	422.4	408.6	396.6	387	376.2	330.2	290.6	267.4	244.6	232.6	237.1	224.5	220.5	217	213.5	213.3	147.2	77.8	52.8	50.2	48.2	45.8	41.3	36.3	36.4	32.4	29.9	27.1	25.7	27.8	31.5	29.4	24.5	23.1	21.2	20.8	23.6	22.5	19.8	21.8	21.5	17.7	14.5	14.4	14.4	12	11.7	13.1	15.5	17.4	20.3	21.6	20.8	20.9	17.7	19.1	16.5	15.7	14.5	13.8	13.2	12.5	11.7	10.4	9	8.5	8.5	9.9	9.9	11.8	13.8	16.2	16.5	12.9	14.1	13	12.1	11	11.2	10.9	11.9	13.1	15.4	16	16	16.9	14.5	13.8	12.5	14.4	17.4	17.3	17.4	19.3	20.3	18.7	17.9	17.5	15.1	13.8	17	15.6	10.1	10.4	9.9	13.2	13.2	12.8	16.7	15.8	18.9	21.7	19.8	18.7	21.9	19.6	19	18.5	19.8	20.4	21.9	23.9	25.8	25.1	23.3	23.6	26.9	31.1	33.2	35.5	38	40.8	42.3	52.7	77.7	98	127.4	154.3	192.5	199.1	202.2	199.6	206.1	211.1	213.3	211.6	209.2	214.2	214.2	222.9	238.2	286.1	324.6	328.2	336	370.8	441	459	459	459	459	459	459	459	459	459	459	459	459	459	459
459	459	459	459	459	459	459	459	459	459	459	459	459	459	459	459	459	459	459	459	459	457.2	447.6	432	418.2	405	393.6	383.4	375	328.1	281.4	263.2	238.1	231.8	231.8	222.8	221	214.1	212.5	193.9	111.5	64.1	51	51.9	46.5	45.1	39.4	35.3	35.8	31.3	28.2	26	26.4	27.9	31.5	24.7	20.8	21.8	21.9	22.7	23.3	20.6	19.3	22	23.1	20.6	16.1	14.3	12.8	11.7	14.1	15.2	16.7	20	21.6	20.9	23.3	22.3	20.3	16.8	15.8	14.7	13	15.3	13.7	13.6	11.6	9	9	10.4	10.9	11.2	11.3	13.2	16.2	16.1	12.9	12.2	12.3	10.9	10.6	10.2	10.9	11	13.3	13	16.6	17.5	16.6	16.5	15.4	13.8	14	16.2	17.3	18.6	18.6	19.3	22.2	19.4	17.4	17.3	15.5	16.2	16.5	14.4	13	11.3	12.3	15.6	14.2	14.9	16.5	15.8	15.4	20.4	19.8	18.9	21.2	19.6	20.7	20	20.7	21.8	21.8	25	25.5	24.9	24	24	27.3	32.1	33.6	35.2	36	37.9	38.2	44.3	55.6	77.6	97	129.9	171.2	198.6	198.4	196.7	202.3	208.5	213.1	212.7	209.7	212	209.6	220.2	233.3	263.9	319.9	327	332.4	358.8	429.6	459	459	459	459	459	459	459	459	459	459	459	459	459	459
459	459	459	459	459	459	459	459	459	459	459	459	459	459	459	459	459	459	459	459	456	443.4	434.4	421.2	405.6	392.4	384.6	376.2	369.6	333.7	279.4	252.9	232.3	226.3	224.6	224.6	219.7	213.4	174.5	108.5	55.4	52.2	53.9	48.9	42.5	39.6	37.7	35	31.5	28.3	25	27.1	28.7	27.5	25	20.7	21.2	24.3	25.7	27.4	24.4	20.8	21.8	21.2	18.5	16	14.1	11.8	11.7	16	18.6	18.5	19.5	19.5	19.9	21.8	21.9	22.7	22.8	18.5	16.2	14.5	14.5	14.3	12.9	13.4	11.6	11.6	13.2	12.2	13	13.1	13.2	12.5	14.1	12.5	8.2	7.4	8	9.1	10.1	10.8	9.3	11.3	14	16.1	16.7	16.5	16.4	18.7	16.6	15.6	15.2	15.2	17.4	17.6	18.5	19.8	22.5	19.2	16	15.4	18	17.4	14.3	13.6	13	13.1	14.5	15.2	13.7	14.2	14.9	13.3	15.4	18.2	21.6	20.3	21.8	20.3	20.7	21.2	21.2	22.1	23.9	22.4	23.5	25	24.7	26.1	29.4	29.8	32.9	34.8	32.3	33.2	34.1	37	40.7	48.7	59.5	67.5	99.9	137.4	169.9	197.4	196	205.6	211.3	212.2	212.7	210.9	207.7	212.5	223.6	249.3	294.3	321.6	324.6	332.4	373.2	444.6	459	459	459	459	459	459	459	459	459	459	459	459	459
459	459	459	459	459	459	459	459	459	459	459	459	459	459	459	459	459	459	459	459	459	446.4	433.8	422.4	408	395.4	387.6	379.8	373.2	342	288.1	259.1	240.1	226.1	224	221	218.2	179.6	130.2	71	55.2	52.4	51.4	50.8	42	38.1	34.7	29	29.6	28.5	28	28.7	28.1	26.8	24.8	23.6	23.1	23.8	27.3	28.7	26	24.9	24	20.3	18.1	17.9	15.1	13.9	15.1	18.4	21	21.2	19.3	18.5	19.6	20.6	21.1	21.1	20.1	18.7	16.8	16.8	16.8	14.8	14.2	15.4	15.4	13.1	13.1	15.1	15.3	14.7	12.3	12.2	11.5	11.6	8.4	8.8	8.7	10.2	10.2	10.6	12.3	13.8	18.6	19.2	17.1	17	17.6	18.4	20.6	18.9	17.5	20.8	26.7	22.2	21.5	24.3	24.1	22.1	20	20.6	22.2	20	16.1	14.7	15.1	15.3	15.5	18	17.1	16.4	16.3	15.2	15.9	17.5	21.6	21	20.1	21.3	20.6	21.7	21.8	22.6	23.2	23.3	22.9	24.2	24.5	25.5	27.6	29.4	30.2	31.7	30.4	31	34.1	34.9	40	44.8	51.5	64	87.5	112.9	147.1	194.9	198.7	202.4	209.2	212.8	213.8	209.1	210	211.4	215.2	225.7	233.7	292.9	322.2	325.8	339	391.8	455.4	459	459	459	459	459	459	459	459	459	459	459	459
459	459	459	459	459	459	459	459	459	459	459	459	459	459	459	459	459	459	459	459	446.4	430.2	417.6	401.4	387	380.4	379.2	372	367.8	337.6	283.3	240.9	229.2	224.6	223.8	192.5	125.8	68.8	56.2	52.5	55.9	51.8	46.6	43.8	35.9	31.4	32.1	32.6	31.1	27.3	29.1	28.4	26.5	20.6	23.2	23.7	24.4	25.2	27.8	29.5	25.7	25.5	24.3	20.3	17.8	17	15.1	18	19.3	19.3	18.7	18.1	16.5	20.6	21.4	20.9	18.5	18.5	17.5	16.5	16.3	16.8	16.1	14.7	15.4	15.9	14	13.4	14.7	14.4	13.3	11.6	10.9	10.6	9.4	7.3	7.6	9.7	9.2	9	10.2	11.3	13.8	16.6	19.9	20.3	17.4	19	19.5	18.9	18.2	17.4	18.3	23.2	30	25.4	23.9	26.3	24.6	22.6	20	22	22	19.3	20.3	17.3	16.5	16.5	16	17.3	18.3	15.2	15.4	15.9	16.5	18.4	21.4	20.3	20.8	21.7	18.9	19.9	21.2	21.1	23.9	24.1	24.2	24.2	24.6	22.5	23.9	26.5	29.2	30.3	29.8	28.3	29.4	32.4	37.2	41.5	44	40.8	43.1	63.1	91.3	121.3	145.3	180.5	206.9	209.3	210.9	209.2	213.7	213	215.2	224	226.7	275.2	318.6	323.4	333	371.4	438	459	459	459	459	459	459	459	459	459	459	459	459
459	459	459	459	459	459	459	459	459	459	459	459	459	459	459	459	459	459	459	456.6	439.8	423.6	411	397.2	384.6	380.4	379.2	372	366	357.9	300	248.3	231.5	225.6	222.7	165.4	97.8	59.8	56	53.2	55.9	50.8	43.4	40.8	35.7	31.8	32.3	33.9	28.3	26	25.9	26.7	24.3	22.4	24.3	24.4	24	24.7	28.5	28.7	25.2	24.5	20.5	18.5	18.3	18	18.9	20	18.5	19	18.1	16.7	17.8	23.3	23.3	19.6	17.8	19.2	19.4	18.9	16.6	16.6	15.9	15.7	17.7	15.8	16.5	17.1	18.4	17.6	13.6	11.9	10.5	10.2	10.7	11	9.7	10.4	10.5	10	13.3	16.9	18.1	20.7	23.4	24.4	22	22.7	21.3	20.7	23.2	23.1	26.3	30.5	32.5	27.7	25.9	27.1	30	31.8	26.6	24	20.8	20.6	19.9	18.2	16.8	15.1	17.5	18.1	15.7	16.4	18.3	16.9	17.9	19.1	23.3	22.8	22.1	21.8	18.9	19.9	20.5	21.3	22.4	22.4	23.7	23.5	22.9	20.8	22.7	25.3	28.7	30.4	30.3	30	29.4	31.6	35.8	41.3	41.6	39.7	41	50.4	80.9	110.4	126.4	159.5	206.3	209.3	210.9	209.7	216.2	223.6	222.7	224.1	223.2	233.6	294.2	321.6	328.8	354.6	417.6	459	459	459	459	459	459	459	459	459	459	459	459
459	459	459	459	459	459	459	459	459	459	459	459	459	459	459	459	459	459	459	444	427.2	416.4	404.4	393.6	387	383.4	377.4	370.2	363	354	300.3	251.8	235.3	228.8	167	99.9	65.3	58.6	54.2	51.2	45.6	43.2	40.9	36.4	32.1	34.3	34.6	33.1	27.8	25.2	25.4	27.1	27.8	27.8	26.1	26.5	27.8	30.5	30.4	26.2	21.8	20.5	17.9	17.7	19.9	22	23.6	22.6	18.1	16.7	16.5	19.1	23.2	23	20.4	19.2	19.5	19.7	17.8	17.3	18.4	19.5	19.1	16.5	17.3	16.6	17.6	18.2	17.3	13.9	13.4	10.5	9.7	9	9.4	10.4	9.8	11.1	11.2	13.1	17.8	18.8	20.3	23.1	26.3	26.3	24.5	21.6	20.5	21.3	24.1	25.7	28.4	32.9	34.3	30.5	27.2	26.5	29	32.8	29.1	24.4	22.1	22.8	22.5	19.1	17.2	16.7	17.4	16.8	17.4	17.8	17.8	18.5	17.6	16.4	18.9	23.3	23.2	20.5	19.7	18.9	19.9	19	19	22.4	24.4	28.4	25	22.6	20.6	22.8	27.1	27.7	29.4	33.7	30.9	29.9	32.8	35.3	40.2	39.7	38.3	39.9	45.4	61.6	96.2	106.3	129.9	174.9	199.9	209	212.5	224.2	226.7	223	225.7	224.2	276	318.6	326.4	333.6	367.2	435	459	459	459	459	459	459	459	459	459	459	459
459	459	459	459	459	459	459	459	459	459	459	459	459	459	459	459	459	459	459	439.2	424.8	417	403.2	391.8	386.4	381.6	377.4	369.6	361.8	349.8	310.8	244.1	232.8	214.9	140.5	85.6	59.2	57.4	51.9	45.7	42.1	39.8	37.4	33.1	32	34.1	33.1	30.9	27.8	26.5	26	28.7	30.1	26.5	27.3	29.2	31.1	31.3	27.3	24.9	22.6	20.8	18.2	18.5	20.1	21.2	22.8	22.2	18.4	16.5	17.2	21.4	22.9	22.1	20.2	20.2	21.4	21	20.3	21.3	22.1	22.5	19.8	18.4	21.4	19.3	17.6	15.9	12.9	12	13.4	10.5	11.5	11.5	11.9	11.9	12.3	14.6	15.8	19.9	21.5	22.2	24.5	27.8	29.8	29.3	25.2	26.3	27.2	29	32.2	32.3	36.5	42.3	43.5	40.4	37.4	34.2	35.4	37.5	33.1	28.5	25.8	23.3	23.4	22.2	19.9	18.1	18.8	17.6	18.4	18.6	17.2	18.4	18.9	19.5	20.4	23.3	21.7	17.6	18.4	17.8	17.6	19	17.8	21.1	25.2	28.4	27.2	23.6	18.9	22.4	28	28.7	30.4	31.7	31.7	30.7	32.1	32.9	38.7	39.9	35.6	37.9	42.6	52.5	75.6	94.3	105.2	149.1	185.9	206.6	210	214.1	224.2	234.1	228.1	217.1	244	313.9	323.4	330.6	355.8	417.6	459	459	459	459	459	459	459	459	459	459	459
459	459	459	459	459	459	459	459	459	459	459	459	459	459	459	459	459	459	459	444.6	426	412.2	397.8	387.6	380.4	379.8	375	367.2	357.6	340.2	310.5	245.5	219.7	157.8	74.7	54.8	54.7	52.9	45.3	44.2	44.8	38.6	31.5	31.6	33.3	34.9	30.3	28.9	32.5	28.8	29.5	34.6	32.8	32	33.9	36.3	33.1	30.5	27.4	23.7	21.9	20.6	18.7	22.1	22.5	23.1	21.8	18.4	18.9	19.3	23.3	24.4	23.3	20.1	20.9	22.8	24.6	22.5	22.5	25.3	26.8	24.7	20.7	21.4	21.2	19.8	15.6	14.4	13.6	14.5	11.7	12.6	14.4	14.4	14.5	15.1	16	20.3	22.1	23.3	25	25.9	28.3	30.4	32.6	31.2	30.8	33.7	35.7	37.7	40.1	38.8	44.9	49	48.5	46.3	43.9	42.3	43.7	43	40.3	35.5	33.9	31.1	28.2	25.5	22.4	20.9	19.7	19.4	19.4	18.7	18.9	19.6	19.4	20.2	21.6	23	21.8	18.3	18.5	18.3	19	18.2	18.5	19.6	23.2	26	26.9	24.9	23.3	21.8	23.7	27.7	28.3	30.9	32.8	32.1	32.8	31.1	34.1	41.7	38.5	34.4	39	46	48.2	65	80.2	82.5	122.5	180.8	210.7	213.7	222.6	238.7	231.2	216.1	240.2	310.7	319.2	326.4	333.6	367.2	426	456	459	459	459	459	459	459	459	459	459
459	459	459	459	459	459	459	459	459	459	459	459	459	459	459	459	459	459	459	442.2	423	408	396	385.2	379.8	378.6	371.4	365.4	354.6	336.6	282.3	234.3	220.4	137.9	63.7	55.1	55.3	51.8	44.6	44.1	43.7	36.3	30	30.1	31.5	30.5	26.6	28.8	31.2	27.6	31	35.4	33.6	35.8	39.3	37.4	33.5	30.7	28.3	25.9	22.6	21.9	20.2	20.6	22.5	26.2	22.8	20.2	21.8	23.8	25.9	25.6	23.9	23.9	25.2	24.7	25.9	24.5	25.3	27.9	28.9	27.2	23.7	21.7	21.7	19.1	17.3	18.5	18.9	16.5	16.7	17.3	18.9	17.1	16.2	21.7	21.7	24.5	26.7	30	30.3	34.3	35.5	36.8	37.3	36.2	36.9	43.3	46.3	47.3	51.7	52.4	56.5	57.7	58.7	53.4	49	51.2	51.4	50.3	51.4	49.5	46.2	41.2	34.8	31.4	26.7	23.3	21.6	22	22.6	21.4	21.8	20.6	18.7	20.6	23.5	24.4	23.7	21.3	20	19.2	19.4	19.7	20.5	18.3	20.6	23.9	25.9	24.8	23	21	20.9	25.9	26.6	28.3	30.5	30.5	31.1	30.4	31.8	41.4	40.3	32.4	35.1	43	48.4	57.7	71.2	80.9	103.8	163.9	209.1	212.7	214.5	223	222.7	217	237.7	305.8	319.2	324	330	354	414	448.8	459	459	459	459	459	459	459	459	459
459	459	459	459	459	459	459	459	459	459	459	459	459	459	459	459	459	454.8	444	429.6	416.4	405	392.4	383.4	379.2	374.4	367.8	362.4	345	327.3	272.7	231.7	200.8	88.3	52.8	55.9	57	46.4	43.9	45	37.4	32.9	32.9	31.9	30.3	28.8	26.2	28.1	27	31.9	38.2	32.7	34.8	37.7	32.9	29.4	31.1	28.6	24.4	23.3	21.3	19.2	18.9	19.4	20.8	23.1	21	23.9	26.6	27.4	25.2	23.2	25.2	25.3	25.9	27.7	28.2	27.7	26.7	28.7	29.3	30.8	28	23.3	21.3	22.8	22.7	21.5	22.2	21.5	20.3	22.4	23.3	21.6	23.3	25	25.5	28.4	31.8	35	37.5	39.7	44.2	44.4	45.8	48.6	47.7	52.9	55.7	58.7	58.1	59.2	59.2	60.3	64.8	64.3	57.2	59.3	60.7	58.4	58.1	59.6	56.7	50.5	45.8	39	32.3	29.3	26.7	25.5	25.4	24.5	23.3	20.4	20.6	22.5	24.5	25.1	25.8	23	20.6	19.8	19.5	21.2	19.6	17.6	17.8	20.7	23.9	25.3	24.2	23.7	21	22.6	26.4	27.6	27.7	28.7	32.4	32.7	29.9	30.6	38.6	37.5	31.2	36.1	42.4	45.8	52	60.9	75.9	99	155.9	196.3	212.4	215.2	219	216.4	230.9	300.1	318	319.2	325.8	332.4	370.2	429.6	446.4	459	459	459	459	459	459	459	459
459	459	459	459	459	459	459	459	459	459	459	459	459	459	459	459	459	447	439.2	427.2	412.8	401.4	390.6	381.6	376.2	371.4	367.2	361.8	341.4	320.2	255.7	206.9	108.6	53.9	53.9	56.8	51.6	43.4	46.1	43.3	36.4	30.8	30.1	33.3	30.4	27.1	26.6	24.8	25.2	31	35.9	34.2	37	35.9	31.7	32.2	28.9	26.6	23.9	22	23.5	20.2	22.1	24.3	24.8	22.7	24.4	27.5	28.7	27.9	25.9	27.7	26.5	27.8	29.3	30.2	29.2	27.6	29.6	31.2	33.3	36.1	34.2	28.5	29.2	28	28.2	27.7	27.7	28.8	27.7	28.8	30.2	26.7	28.8	29.5	30.7	34.1	40.8	43.5	45.5	50.4	51.8	51.7	54	55.7	56.5	60.9	61.1	63.6	66	65.8	67.2	71.5	72.9	71.3	68.1	62.8	63	62.9	63.1	65.5	65.5	61	51.3	43	38.4	35.6	31.3	29.7	28.4	26.5	25.3	24.6	24.4	22.8	24.9	25.6	26.2	24.6	22	19.9	22.6	23.2	21.8	20.3	21.1	22.4	25.8	25.9	25.4	23.7	19.8	19	23.5	26.6	28.1	31.1	33.3	30.6	29.7	30.4	40.1	40.8	36.4	36.7	40.5	45.2	50.5	58.9	77.1	107.9	160.6	210.7	208.5	209.2	211.4	215.9	220.9	262.9	318	318.6	324.6	330.6	356.4	415.2	443.4	456.6	459	459	459	459	459	459	459
459	459	459	459	459	459	459	459	459	459	459	459	459	459	459	459	456	444.6	435	420.6	405	390.6	379.2	377.4	373.2	369	366	354.6	332.4	320.5	222.3	110.5	57.1	54.4	64.4	58.9	45.7	46.9	42.4	39	34.6	31.3	36.8	31.8	28	28	25.2	26.3	26.9	27.3	28.9	29.5	27.9	28.8	32.4	32.3	27.6	26.5	24.2	23.9	20.9	20.3	21.7	25.5	29.1	27.6	27.7	26.8	24.9	26.1	28.7	30.4	29.4	29.3	31.4	31.3	28.9	28	29.8	36.8	39.2	40.1	38.3	31.6	31.9	32.6	32.8	33.9	34.3	36.1	37	38.1	37	34.7	36.7	36.3	39	43.2	47.9	53.9	57.1	62.9	64.8	65.6	63.9	62.1	63.8	67.7	66.7	65.7	71.5	75.2	78.5	82.4	84.4	83.9	77.7	72.9	70.9	72.3	72.4	72	71.5	67.6	60.1	50.7	41	39.1	38.7	34.8	31.7	28.7	29.8	28.3	26.3	25.3	25.1	28.7	27.7	26.4	23.8	23.2	23.6	23.8	23.7	22.1	20.7	21.7	24.5	25.9	24	24.8	23.1	19.7	20.7	22.6	26.3	29.1	31.1	31.6	30.9	29	34.4	42.7	42.9	39.9	37.5	38.4	40.8	44.3	52.1	73.7	104.6	154	207.6	206.6	209.4	215.1	217.6	245.7	310.4	318	321.6	330	335.4	364.8	424.8	438.6	451.8	459	459	459	459	459	459
459	459	459	459	459	459	459	459	459	459	459	459	459	459	459	459	459	445.2	430.2	414.6	400.8	385.2	375	374.4	371.4	367.2	365.4	350.4	328.8	290.1	167	85.1	53.6	57.3	68.8	57	46.7	49.4	41.2	36	31	31.5	35.7	31.3	30	28.5	29.6	29.4	26.6	27.6	28.4	26.9	28.7	31.8	34.2	30.7	27.1	26.6	25.1	21.5	21.5	22.5	24.9	27.5	28.8	28.8	26.4	27.3	25.3	28.4	31.9	33	30.4	30.4	33.5	33.2	31.9	32.5	37.5	43.8	43.8	45.5	43.2	37.6	37.2	39.5	43.8	41.2	41.8	45.2	44.4	46.3	44.9	42.7	43.7	43.5	46.1	52.4	58.8	63.3	67	69.5	71.9	71.8	69.7	70.5	73.5	75.8	74.6	77.8	83.4	87.8	90.1	93.6	94.7	98.1	91.9	83.3	78.6	78.6	80.5	76.4	75.1	72	65.2	55.6	47.2	44.1	41.9	38.7	34.9	32.2	32.5	32.3	30.7	27.3	26.8	30.1	29.4	28.7	25.5	24.2	24.1	25.3	26.1	25.1	23.3	21.2	23.7	24.7	23	24.8	25.3	22.7	24	26.2	28.6	29.2	34.4	35.8	32.9	31.1	33.3	40.3	41.8	38.7	34.4	36.8	38.4	40.3	47.4	63.9	94.6	136.5	189.2	200.6	205.4	213.6	216.6	234	299	318.6	319.8	328.2	334.8	354.6	417	439.8	444.6	459	459	459	459	459	459
459	459	459	459	459	459	459	459	459	459	459	459	459	459	459	459	459	436.8	418.2	400.8	387	375	372	372	370.8	369	360.6	339	326.4	211.5	80.6	61.8	49.4	59.5	66.5	55.7	52.6	47.3	41.2	39.1	34.4	37.5	34.4	31.6	28.3	27.1	28.2	25.9	24.6	24	24.2	24.5	30.8	34.6	32.7	30.5	32.5	29.9	25.7	25.3	26.6	28.3	28.9	27.4	26.6	26.1	28	26.9	28.7	35.1	36.3	32.2	30.5	34	33.9	34.3	35	36.4	41.6	50	51.2	51.1	48.6	43.3	43.8	46.6	50.2	49.1	50.3	52.4	55	57.1	56.4	55.5	54.5	53.6	57.2	62.4	67	71.9	75.1	78.1	79.4	80.6	77.1	76.9	81.7	83.7	82.3	86.5	95.5	101	103.6	106.1	106	105.2	100.7	95.2	90.8	89.7	89.7	86.2	79.9	77.6	70.9	64.2	54.8	49.5	46.1	42.8	41.9	36.3	36.7	37.1	34	32.4	29	32.1	33	30.6	29.2	27.4	27.3	28.5	27.7	27.3	24.3	21.6	23.9	25.8	22.8	22	24.6	23.7	23.4	26.2	26	29.2	31	35.7	35	33.1	31.8	34.2	37.9	37.1	36.2	35.8	34	37.1	41.5	49.8	57.3	88.2	131.3	174.9	205.9	212.6	217.3	230.7	287.5	319.2	319.2	322.2	331.8	337.8	371.4	445.2	452.4	453.6	459	459	459	459	459
459	459	459	459	459	459	459	459	459	459	459	459	459	459	459	459	452.4	430.8	414	399	382.2	373.8	373.2	371.4	370.2	369	357	335.4	326.4	182.2	74.6	58.1	50.2	56.7	59.3	51.5	47.6	43.9	38.9	37.3	34.3	37	35.1	32.3	30.3	26.6	26.6	23.1	24.1	24.5	25.5	29.2	35.1	39.5	36.1	35.8	37.1	27.8	25.6	26.6	32	31.5	27.2	28.6	28.4	29.7	29.9	30.9	33.1	39.2	39.7	35.3	35.7	38.2	38.1	38.6	40.6	42.9	47.6	57.1	57.8	60.2	59.2	54.1	53.6	55.9	56.1	57.4	58	57.5	59.2	61.2	61.4	63.3	61.8	63.5	67	73.1	79.4	83.7	87.5	91.7	90.7	89.7	88.2	91.3	92.3	95	98.2	105.3	112.7	115	117.8	118.6	117.2	119.9	118.9	111	107.1	102.3	97.4	90.4	83.5	78.5	73.8	66.2	57.9	55.3	51.7	49	46.5	40.3	37.4	38	37.1	35.7	34	35.2	35.1	34.6	32.9	29	29	28.5	28.4	29.1	26.3	24.7	24.6	26.3	23.7	23.1	25.6	24.9	22.3	24.1	22.7	27.4	26.6	31.5	33.6	30.4	29.1	28.3	35.7	37.6	35.4	33.1	33.1	35	40.3	47.9	52.6	73.5	115.5	159.7	204.4	207.2	214.4	229.8	277	319.2	319.2	320.4	330	336.6	357.6	436.8	457.8	446.4	459	459	459	459	459
459	459	459	459	459	459	459	459	459	459	459	459	459	459	459	451.2	435.6	420.6	404.4	388.8	378	375.6	372	370.2	369.6	363	345	327	285.4	145.4	70	50.9	55.4	53.7	48.1	49.1	42.6	38.3	33.3	33.1	32.4	29.2	31.8	34.6	28.6	24.9	23.1	23.8	25.2	26.9	31.5	36.8	42.3	40.1	35.6	35.8	32.6	26	25.5	28.2	30.7	29.9	29.5	32.4	31.8	31.3	30.7	35.7	39.2	40.9	40	38.5	41.6	42.4	42.4	42.8	45.9	48.4	60.3	70.6	71.7	76.3	72.5	63.9	60.9	65	65.6	65.1	68.8	67.5	71	71.8	72	74.4	72.9	75.6	79	84.9	93.1	95.9	101.6	104.7	100.4	98.3	97.5	98.5	98.3	101.5	110.6	118.1	123.2	129.8	133.1	134.4	134.6	134.7	133.3	128.6	122.2	114.2	105.4	95.8	86	79.9	74.7	71.3	65.3	60	58.3	53.2	49.3	46.6	43.5	43.7	43.7	40.5	38	36.7	37.7	39.6	37.8	34.2	31.8	31.9	31.7	32.3	31.4	25.4	22	23.6	24.3	23.2	22.1	24.6	23.1	20.1	21	21.6	25.3	27.3	34.5	33.6	30.4	26.3	32.8	36.2	35.8	32.3	33.4	33.9	37.6	40.8	47.9	49.3	81.5	142.9	197.3	204	213.2	225.8	254	302.6	319.8	318	322.8	330.6	336	366	430.8	446.4	452.4	459	459	459	459
459	459	459	459	459	459	459	459	459	459	459	459	459	459	459	447	433.8	419.4	400.2	385.2	378.6	377.4	370.8	369.6	369.6	360.6	340.8	325.8	292.4	172.9	88.6	58	54.4	53	49.9	46.1	42.3	36.6	31.7	32.7	32.8	29.6	34.6	33.2	26.5	22.8	21.6	23.2	26.3	29	32.8	37.2	41.3	36.9	34.8	35.2	33.8	30	29.7	30.5	29.8	31.6	31.6	34.9	34.8	34.9	36.4	38.3	42.6	46.1	44.2	43.1	45.3	46.8	48.2	50	53.2	60.4	76.3	86.3	85.5	90.1	82.3	72.6	68.1	67.9	69.8	72.1	73.5	76.5	77.6	79.2	83.5	81.3	80.6	86.4	89.7	93.1	98.4	102.3	106.4	111.2	109.7	109.9	109.3	113.2	114.4	119.2	127.6	139.2	142.7	146.3	151.6	148.1	147.7	149.1	147	144.5	136.4	126.9	116.1	103.4	93.1	83.9	79.2	74	69.1	64.1	62.6	58	52.2	49.3	48.8	47.4	45.6	45.4	40.8	37.9	41.4	41.3	38.9	37.1	33.7	33.7	32.9	32.9	31.1	29.6	26	22.7	24.5	22	21.6	23.8	21.5	20	21	20.4	23.5	27.1	31	33.1	30.3	25.8	27.1	34.5	35.8	33.5	35.8	34	31.7	37.1	44.3	48	49.1	91.9	160.7	203	204.2	208.1	209.7	219.5	270.2	318	321.6	327.6	334.8	352.2	413.4	448.8	454.8	459	459	459	459
459	459	459	459	459	459	459	459	459	459	459	459	459	459	457.8	444	429.6	414	396.6	385.2	380.4	377.4	371.4	373.8	369	352.2	332.4	325.8	270.1	135.1	68.8	60.7	57	49.4	44.8	40.1	35.5	29.2	26.6	27.7	29.1	28.6	34.2	29.9	21.5	22.2	21.4	24.3	31	34.1	38.7	39.8	39.3	36.2	35.5	36.7	37.5	37.8	37.8	39.8	37.6	36.8	37	40	37.3	38.1	42.1	47.6	48.3	45.1	47.2	46.7	47.6	51	53.4	56	61.9	74	94.1	104.3	108.1	106	94.1	82.4	79.8	79.9	80.7	84.2	86.8	89.6	92	93.2	94.6	93.2	94	99.6	102.2	106.3	109.1	112.1	115.9	116.6	115.8	116.2	116.3	119.3	125.8	134.2	140.2	153.8	158.5	160	156.5	156.4	157.8	159.1	155.3	152.5	146.7	136.7	125	109	100.8	91.3	84.1	78.4	75.2	71.9	68.2	65.2	59.9	55	54.3	53.2	50.3	50.1	47.2	43.3	41.9	46.4	45.9	44	39.6	35.6	38.6	35.9	32	31.5	29.8	26.3	23	22.4	20.4	20.6	22.6	19.6	21.6	21.2	22.2	22.1	27.6	32.4	29.6	26.3	27.6	29.8	35.4	35.4	35.4	34.5	34.1	35.8	39.6	46.5	46.2	75.9	145.3	199	201.9	204.2	208.3	213.6	246.8	310.7	318.6	322.8	327.6	336	363.6	429	459	459	459	459	459
459	459	459	459	459	459	459	459	459	459	459	459	459	459	454.8	442.2	425.4	409.8	393.6	385.2	380.4	377.4	372	374.4	367.8	348.6	330	325.8	251.1	175.9	112.8	75.1	61.2	49.6	40.4	38	34.7	28.9	27.9	28.1	28.1	28.6	33.1	27.4	21.4	21.9	24.7	27.8	34.1	36.3	40.6	43.6	43.5	40.7	38.3	40.7	41.6	40.6	40.7	42.6	41.7	40.6	42.5	45.1	43.1	43.1	48.7	53	50.9	47.5	49.1	49.4	50.9	55.2	58.1	65	73	84.9	100.5	112.5	119.3	110.3	95.3	87.9	87.7	89.1	89.4	89.4	90.1	95.7	97.9	100.4	102.3	99.9	102.3	105.8	109.7	116.4	116.2	113.5	119.7	125.2	126.4	126.6	125.7	127.9	133.8	140.1	145.6	153.7	158.6	156.2	158.6	157.8	159.3	158.5	156.7	153.6	150.6	144	129.8	116.3	106.6	94.5	84.9	81.4	76.2	71.6	69.1	66	62	59.6	59.1	55.9	53.2	53.3	48.6	45.7	44.7	49.6	49.8	48.4	42.6	39.1	41.5	37.4	31.6	30.5	29	26.3	24.2	21.3	19.7	18.2	20.4	18.7	17.2	17.5	19.2	18.9	24.6	32.2	29.4	24.4	25.6	28.3	32.1	33.9	35	34.2	33.6	33.8	34.6	42.1	40.7	62.9	121.8	180.4	197.5	200.7	202.7	206.2	213.9	251.6	300.2	321.6	325.8	333.6	357	418.2	459	459	459	459	459
459	459	459	459	459	459	459	459	459	459	459	459	459	459	452.4	431.4	412.8	400.2	391.2	384.6	384	383.4	379.8	373.8	358.8	337.2	327.6	271.2	185.5	158.5	147.2	114.3	69.9	52.8	41.6	37.9	28.9	24.9	25.3	25	28.3	30.9	24.5	24.4	21.9	24.3	26.7	30.5	33.7	36	37.1	39.3	44.3	41.2	45.3	49.4	49.2	51.1	55.7	50.9	42.1	46	48.2	49.4	55.2	57.1	60.4	55.8	54.6	52.5	52.8	54	56.9	61.3	66.6	71.8	84.8	101.5	113.6	127.1	133	122.2	103.6	98.5	97	98.4	98.3	99	102.3	105.8	106.3	110.6	114	115.4	115.4	116.3	122.1	126.8	123.4	122.8	125.2	128.6	131.3	132.2	131.7	132.5	139.8	147.5	154.9	163.4	166.5	164.3	168.8	167.7	163.1	161.5	163.7	159.9	154.9	152.2	141.6	128	116.4	104.2	96.4	86.3	81.5	75.5	75.1	70.3	66.4	64.4	63.1	61.9	61.5	59.5	54.9	51.8	48.4	50.6	57.1	54.3	48.5	45.1	47.8	45.1	35.8	33.6	32.6	30.7	25.7	21.8	19.9	18.3	18	20.1	19.1	19	19.3	17.9	22	32	34.4	28.6	23.3	24.5	28.1	33	32	34.1	33.6	31.9	33.8	40.5	43.5	42.8	65.3	127	198.4	202.1	202.3	202.1	207.8	230	265.7	289.6	322.2	328.2	340.2	379.8	442.8	459	459	459	459
459	459	459	459	459	459	459	459	459	459	459	459	459	459	447.6	424.8	411	401.4	392.4	386.4	384	384	379.8	370.8	353.4	335.4	326.2	239.7	169.7	156.6	140.5	85.4	60.8	52.4	39.1	33.5	27.2	27.8	25	20.9	25.4	30.1	25.5	23.1	21.8	26.3	29.3	32.7	36.5	37.9	43.2	44.6	44	43.9	47.9	51.6	53.6	55.6	59.5	58.2	49.2	51.3	53	55.5	58.7	63.3	62.2	58.5	57.6	56	57.9	59	64.9	71.1	77.2	81.4	93.3	109.7	120.6	134.2	134.2	123.6	112	104.9	102.8	102.5	102.8	105.8	110.7	113	114.6	116.8	123.3	122.6	124.9	132.7	130.8	130.8	128.5	128.7	131.3	136.2	138.2	135.2	136.1	139.5	147.5	155.9	161.4	165.1	164.5	159.7	160.1	160.8	156.5	151.6	155.7	152.4	146.3	144.6	139	126.1	115	106	97.1	88.3	81.1	75.8	73.5	72.3	69.3	65.7	64.7	63.7	64.9	61.8	57.7	55.4	50.6	52.6	60.3	57.2	50.6	46.8	49.7	47.8	37.5	34.8	34.3	31.7	27	22.3	20.4	17.8	16.2	22	17.5	17.5	17.7	18.4	18.8	29.4	34.5	27.7	21.5	23.2	27	30.8	30.3	33.4	33.9	29	31.8	39.6	43.5	46	61.4	112.6	195.7	202.1	202.3	202.2	207.3	223.8	253.1	308.5	319.8	326.4	337.8	365.4	422.4	454.8	459	459	459
459	459	459	459	459	459	459	459	459	459	459	459	459	451.2	430.2	414	408	400.8	393.6	387	384	379.2	369.6	359.4	343.2	327.6	261.7	184.7	161.7	155.9	152.6	88.3	56.4	49.5	37.3	28.4	25.7	26.6	22.6	22.2	24.6	26.2	24.4	20.9	23.9	26.3	29.9	33.3	36	43.2	46.2	49.4	50.4	51.6	59.8	59.3	53.5	58.5	63	59.9	56.1	60.3	62.1	63.6	67.6	68.4	63	62	60.3	60.6	61.2	65.5	71.8	82.3	87.7	96.3	110.3	119.8	141.7	155.3	149.5	131.6	124.1	118.1	113	113.8	118.4	124.8	126.7	129.6	130.4	132.4	138.2	136.3	134.7	140.8	141.9	136.1	135	136.7	138.8	139.8	142.7	141.1	143.7	145.4	150.3	155.3	160.1	163.3	163.6	164.7	165.9	165.6	159.7	155.6	155.1	154.4	152.7	145.2	138.1	131.2	118.3	113	104.1	93.8	86.7	79.7	74.7	74.4	74	69.2	67.1	69.4	69.1	66.5	64.2	61.8	56.7	55.2	61.5	63.9	57.2	51.6	54.3	52.5	43.1	38.5	38.9	33.5	28	22.3	19	18.1	17.3	18.7	18.3	14.4	13.9	18.6	20.8	27.9	34.3	34	25.8	23.8	25.6	31.8	34.9	34.6	38.3	32.6	29.9	36.5	40.8	40.8	52.5	66	129.5	202.8	202.9	204.4	210.7	231.4	263.6	307.5	318.6	322.2	331.8	348	377.4	422.4	453	459	459
459	459	459	459	459	459	459	459	459	459	459	459	459	442.2	423.6	412.8	405.6	400.8	393	382.2	380.4	378	367.2	356.4	340.2	318.3	230.4	172.1	160.2	155.7	150.4	84.3	55.2	49.9	37.9	31.6	25.7	23.9	23	24.7	29.1	26.9	20.9	19.4	21.9	25.2	29.8	35.2	36.4	43.9	46.8	53.1	58.2	59.4	63.5	61.1	59.6	66.2	69.5	64	61	64.7	64.4	66.3	69.8	70	64.8	64.4	62.3	64.8	67.6	75.1	84.2	89	92.3	103.7	120	131	156	166.6	158.6	141.5	128.7	121.3	119.5	121.8	125.3	128.7	134.6	137.4	142.2	144.5	146.4	148.1	147.8	148.2	148	146.6	143.7	143.9	146.6	143.9	146.2	148.1	147.6	149.4	151.7	156.6	161	162.5	166.7	164.5	159.4	156.7	153.1	150.1	149.5	149.1	147.2	141.4	137	131.3	120.3	112.7	104.6	93.8	90.8	84.8	79.4	80.5	77.6	71.6	69.5	73	72.7	67.5	67.3	63.7	59.1	57.3	62.6	64.8	60.3	54.5	56.5	54.2	46.1	40.3	37.6	31.8	26.9	23.4	19	16.9	16.6	19.1	20	15.1	13.2	16.8	19	26.3	33.2	33.9	26.8	24.9	25.6	31.9	36.3	33.7	37.6	36.1	30	33.1	41.6	35.6	46.2	57.6	112	192.7	208.4	212.4	229.7	283.5	321.6	318	319.2	321.6	327	343.8	366.6	412.8	453.6	459	459
459	459	459	459	459	459	459	459	459	459	459	459	442.2	429	426.6	421.8	409.8	399	391.2	379.2	371.4	370.2	364.8	352.8	334.8	281.6	193.7	166.8	157.8	156.1	155.4	84.3	50.9	44.2	34.9	30.6	24.6	22	23.7	24.8	24.5	22.6	19.1	18.2	20.6	22.1	26.2	31.4	36.6	41.3	47.8	56.4	62.7	62.9	60	58.5	62	70.9	68.8	65.4	64.6	64.2	61.5	68.7	72.8	76.1	76.6	73.3	74.5	75.3	79.3	89.7	94.1	98.9	107.8	123.5	132.3	149.3	175.9	176.8	165.4	148.8	132.7	127.5	131.3	134.2	136	139.6	147.4	153.7	161.1	158.9	155.9	158.5	161.1	160.9	155.6	155.7	155.1	153.7	154.6	151.3	153	156.9	153.2	151.9	160	166.5	175	181	176	170.2	165.5	163.6	159.2	154.9	150.1	148.4	147.1	144	139.6	133.2	127.3	116.8	107.2	98.9	94.6	91.9	88.9	88.2	85	82.3	79.8	76.9	76.5	75.1	71.6	68.8	64.9	64.4	63	69.5	66.4	58.7	59.3	60.5	54.4	45.7	40.6	35.6	30.2	26.5	19.4	16.6	15.9	19	20.5	17.6	14.4	16.7	18.6	23	32.2	33.7	30.7	26.1	22.8	28	35.7	35.1	37.9	39	29.3	29.8	38.7	35.7	37.6	43.7	63.8	132.2	194.4	214.8	234.6	295.3	322.2	319.8	319.2	321.6	323.4	330	345	379.8	440.4	459	459
459	459	459	459	459	459	459	459	459	459	459	459	442.8	430.2	429	421.8	407.4	397.2	388.8	377.4	370.8	370.2	365.4	350.4	331.8	279.8	191.4	163.4	156.6	156.6	156.3	82	48.3	44.1	35.9	29.1	22.1	20	22.6	23.2	22.3	20.3	18.5	20.2	21.9	23.8	26.1	32.3	36.9	42.6	48.9	57.7	64.2	65.6	64.1	64.1	68.3	73.7	71.7	67.3	62.3	62.5	62	66.9	72.2	79.6	80.4	82	84.4	85.5	87.8	98.2	98.3	104	115.4	129.8	134.6	152.7	176.9	178.3	169	153	139.1	134.3	134.5	142	146.2	147.9	153.2	162.6	171.1	170	170.5	170.1	169.3	166.7	161.7	159.6	162.1	162	160.8	158.9	157.6	162.4	157.1	153.4	160.1	166.4	171.2	173	171.4	161.7	154.7	152.1	155.2	152.3	145.7	141.1	143.6	143.9	137.4	128.1	122.1	114.8	107.4	100.3	98.3	95.3	90.1	89.9	89.9	89.5	86.6	83	81.6	78.3	73.7	69.7	70.1	67.2	68.2	71.7	69.5	61.6	61.8	66.4	60.6	50.8	42.4	36.6	31.4	26	21	15.9	15.2	18.5	18.5	16.7	13.9	15.5	20.3	22.6	32	33.7	31.6	28.7	23.4	26.8	33.1	36.3	36.8	39.3	31.1	30.3	38.5	35.6	35	41.9	54.7	127.3	203	220.2	277.6	322.2	322.2	320.4	319.2	321.6	323.4	327.6	340.8	367.8	426	459	459
459	459	459	459	459	459	459	459	459	459	459	459	457.2	442.8	424.8	405	389.4	386.4	380.4	372	371.4	371.4	361.8	343.2	324.6	268.6	179.7	158.3	152.4	154.9	158	81.6	44.6	41.9	32.2	27.6	21.7	22.2	23.3	22.8	22.8	18.5	19.6	22.4	22.6	24	26.7	30.8	34.4	39.2	50.8	57.7	63.2	65.3	64.9	65.9	70.3	67.5	63.9	61	58.5	58.5	62.6	64.8	73.8	76.9	85.1	88	89.6	95	103.9	110.6	112.5	128.8	138	139.3	147.6	167.1	185.9	194	179.6	156.3	146	141.1	143.7	152.6	162.3	164.2	166.3	170.5	177	177.5	177.1	174.3	166.7	166.7	165.8	163.2	164	163.3	163.5	165.3	162.1	166.4	166.7	164.1	167.6	170.7	175.5	175.5	172.2	163.1	158.3	157.7	159.4	152.6	146.1	141	143.8	145.1	139.2	130	118.3	114.4	111.8	104.6	102.8	99.7	94.5	94.5	95.2	94.3	90.8	88.3	87.6	81	76.1	74.7	71.4	67.9	69.8	75	78.4	70.5	64.5	70.7	67.6	57.3	43.8	38.5	33.9	29.7	23.5	18.3	16.8	16.6	18.5	16.7	13.2	15.6	19.1	21.5	29	32.5	29.1	32.5	27.3	26.9	28.5	36	34.7	37.3	34.5	30.5	36.9	37.8	34.8	42.9	45.4	80.8	182.8	223.1	283.8	322.2	322.8	320.4	318.6	319.8	324	324.6	328.8	340.8	379.8	433.8	452.4
459	459	459	459	459	459	459	459	459	459	459	459	459	442.2	420.6	400.8	387.6	383.4	375.6	372	373.8	371.4	358.8	337.8	322.8	248.7	172.5	156.3	152.9	156.1	160.5	151.8	114.1	59.7	40.1	31.7	25.2	23.7	23.5	23	24.9	20	20.9	20.9	22.1	24	26.5	32.8	35.7	41.2	52	60.4	67.7	69	68.3	68.8	69.6	69.1	65.5	59.9	57.9	60.1	63.7	67.1	76.7	79.2	87.9	91	91.1	98.2	107.2	110.8	115	131.8	143.1	143.8	149.8	172.6	191.2	197.7	182.2	158.8	148.5	147.3	154	160.3	164.4	168.1	173.8	176.7	176.2	177.9	179.1	175.7	172.3	175.4	175.3	168.4	166	165.4	164.6	166.2	164.6	167.9	167.6	165.7	165.6	170.3	174	170.8	170.3	170	167.9	160	154.6	149.2	142.9	140.2	145.1	144.8	137.3	128.5	118.5	113.1	111	105.2	103.6	103.9	100.9	99.2	99.2	97.3	93.1	93	92.1	85.7	84.1	82.2	75.7	69.9	71.6	76	81.8	74.9	68.9	70.9	71.7	63.3	49.1	42.3	37.6	31.4	24.6	19.9	16.6	18.2	19	16.6	14.2	16.1	18.6	20.4	26.3	31.8	30.1	32.5	27.3	26.1	29.4	35.2	35.4	35.5	34.2	33.1	39.2	40.6	36.4	37.8	47.1	73.7	166.7	222.3	259.7	313.7	324	321.6	318.6	319.8	322.8	325.8	327	337.8	369	423.6	444.6
459	459	459	459	459	459	459	459	459	459	459	459	457.2	432	414.6	400.8	390.6	379.8	374.4	375	376.2	370.8	349.8	330	295.9	193.4	159.5	151.7	152	155.9	156.7	145.2	117.5	72.4	39.6	28	22.7	25.2	23.6	23.1	21.9	19.9	18.2	19.4	20.9	23.8	25.7	29.9	33.8	42.1	49.4	64.4	73.1	68.3	63.5	63.1	62.3	60.8	60.8	60.3	60.6	66.4	73.1	77	77.1	81.1	86	89.8	97	102.7	110.4	114.7	128.7	142.7	150.4	158.3	172.3	187	199.7	195.3	177.5	161.1	157.6	159.9	163.6	168.8	171.4	175.2	179.4	180.8	182.1	182.5	182	179.8	179	178.6	178	175.6	175.8	175.5	171.1	174.3	177.4	175.4	173.2	173.1	174.1	178.3	177.6	173.9	172.2	169.3	166.3	162.6	156.4	151.5	146.4	140.8	143.1	146.1	141.9	132.3	124.8	118.3	115.4	112.7	111	108.9	105.7	101.3	102.1	100.2	95.9	95.8	97.2	94.9	92.6	86.5	81.2	79.1	74.7	78.6	79.1	72.6	73.7	72.1	70	62.3	49	44.5	42.4	34.5	25.4	21.4	18.6	17.7	19.6	20.3	14.1	14.2	17.4	19.8	24.4	29.8	30	32.5	30.1	27	26.8	29.9	32.6	33.8	34.1	37.1	41.2	42.5	38.8	38.1	46.1	66.2	159.9	226.9	284.8	319.8	321.6	320.4	318	319.8	320.4	322.2	322.2	328.2	339.6	374.4	421.2
459	459	459	459	459	459	459	459	459	459	459	459	453.6	430.2	414.6	403.8	390.6	379.2	375	377.4	378.6	369.6	348.6	328.8	270.1	178.6	155.6	151.7	151.9	157	155.4	146.9	145.9	104.3	47.2	28.3	26.7	26.5	22.9	21.8	19.2	18.6	18.3	20.1	22	23.8	26.7	30.7	37.8	45.1	57.7	71.3	74.3	68.4	64.3	64.3	62.4	59.3	64.5	64.2	62.9	70.5	77.2	80	80.3	84.8	89.9	93.1	98.9	104.9	108.7	116.2	131.6	143.4	151.4	162.7	180	193.9	206.1	200.2	182.4	166.2	162.2	161.6	168.9	174.5	172.8	178.6	181.7	184.9	188.1	188.6	187.3	182	181.2	181.3	179.8	176.8	175.9	177.4	175.7	180.2	179.4	178.9	174.6	171.2	170.1	173.8	174.6	171.5	170.9	168.9	167.5	167.3	160.9	157.3	145.2	142.3	146.4	146.3	142.6	136.7	129.6	122.1	118.1	115.2	113.1	109.7	108.9	106.4	105.7	105	102.4	100.4	101.7	99.7	96.7	90.7	89.1	87	81.9	82.9	81.1	76.5	78.3	74.1	72.3	67.3	53.6	46.6	42.4	35	26.5	20.9	17.6	18.9	19.6	20.9	14.6	14.2	17.9	19.1	21.4	27	29.1	33.1	29.4	26.5	27.3	30.2	36.1	36.1	36.6	37.3	43.1	45.9	40.3	38.9	42.6	58.5	150.2	227.6	274.4	320.4	321.6	321.6	318.6	320.4	320.4	321.6	321.6	326.4	335.4	363.6	414.6
459	459	459	459	459	459	459	459	459	459	459	459	455.4	435.6	418.2	408	397.2	384.6	378.6	379.2	378	367.2	349.2	294.5	198.8	157.8	152.6	150.7	150	151.3	151.7	149.4	144.1	104.9	47.5	31.4	32.4	27.5	21.5	19.7	18.2	17.7	17.6	19	21.5	22.1	27.1	30.9	36.8	45.5	62.7	74.9	70.8	66.5	64.4	66.9	65.6	65.5	73.6	69	70.2	78.2	83.1	78.4	79	86.5	94.5	94.7	98.7	104.9	107.1	115.1	132.7	148.1	158.2	173.6	191.7	205.4	208.7	212.8	199.5	185	179.4	177.8	178.3	177.2	178.5	179.8	181	184.2	186.5	186.9	190.2	191.5	190.4	187.6	186.8	183.7	182.7	182.5	183.4	182.9	182.6	179.6	177	170.9	168.8	167.9	171.8	171.8	171.9	170.8	170.2	169	162.2	157.8	153.9	147.9	146.9	149.7	149.3	146	138.9	132.1	128.7	127	121.6	119.2	120.1	118.8	113.7	109.9	107.9	102.7	104.4	103.4	100.2	97.9	92.7	88.1	86.4	79.1	79.5	75	75.3	78.5	75.4	72.1	65.7	54.6	47.2	41.4	31.4	23.9	21.1	20.8	22.1	21.6	16.5	14	17.3	16	17.2	20.2	28.3	30.8	33.1	31.4	25.7	27	29.7	35.3	37.7	38.9	42.7	47.4	44.7	40.2	45.1	52.6	106.2	213.4	262.3	320.9	321.6	320.4	319.2	319.2	320.4	319.8	322.8	323.4	326.4	336.6	370.8
459	459	459	459	459	459	459	459	459	459	459	459	439.2	421.2	409.8	402	388.8	379.2	377.4	379.2	375.6	356.4	336	266.8	181.9	157.5	151.3	150	150.5	155.4	150.5	146.4	143.1	83.2	49.3	40.6	38.1	30.6	23.1	19.7	17.7	17.1	17.6	18.5	20.8	24	30.1	32.9	41.1	52.9	68.8	73.4	71.2	66	67.7	67.1	66.7	70.8	78.8	73.6	76.1	83	88	85.5	84.7	92.5	97.9	99.1	100.5	104.8	107.5	124.4	146	162.2	170.6	188.8	201	205.2	213.3	203.6	193.2	181.8	183.9	185.9	186.6	184.1	185.3	184.5	183.7	189.3	187.1	189.6	197.3	199	192.3	189.7	190.8	187.1	186.6	185.7	181.9	183.9	180.7	178.5	179.5	172.9	170	171	173.9	177.7	174.8	174.5	174.5	172.8	164.3	160.3	155.1	149.1	155.4	156.2	151.3	146.5	138.1	133	126	129.8	126.3	122.3	125.9	123.3	117.6	115.1	110.3	106.9	108.4	106.5	99.6	98.4	96.6	91.7	88.1	83.6	80.9	75.9	78	80.4	78.6	74.1	67	56	52.2	43.6	31.5	25	21.5	24.2	25	22	14.5	15.1	18.6	18.6	18.4	20.7	25.8	32	32.5	26.2	26.8	28.5	30.8	33.6	35.7	42.1	46.5	47.2	45	40.1	43.4	51.7	92.7	200.7	268	315.1	320.4	320.4	320.4	319.2	321.6	320.4	324	324.6	328.2	345	390.6
459	459	459	459	459	459	459	459	459	459	459	450.6	430.8	415.2	407.4	399	387	379.2	378	375.6	366	345	330	250.4	168.9	156	149.9	149.9	150.3	152.4	148.7	146.5	139.9	88.5	51.4	44.6	38.2	30.7	22.9	20.1	18.1	17	17.6	19.2	21.5	23.1	26.3	34.8	45.3	58.4	73.7	74.2	68.1	67.1	69.1	69.5	75.4	82	84.5	77.5	85.9	93.5	94.4	90.4	89.6	95	98.3	100.5	102.4	108.6	121.7	142.4	164.1	181.8	186.3	202.1	207.3	211	217.8	209	196	189.5	190.4	192.1	193.8	194.3	191.5	193.3	188.5	193.7	201.4	207.2	207	203.5	199.8	203.1	204	199.7	200.5	197	191.8	192.3	190.2	189.3	188.7	180.6	182	179.4	179	183.5	182.9	186.8	184.6	177.1	170.4	167.6	161.8	159.9	166.5	162.1	154.3	144.4	140	136.6	131.2	135.6	132.1	127.5	133.5	127.2	119.5	118.8	113.8	108.9	114.5	111.6	107.3	103.9	99.6	93.3	90.9	88.3	80.1	75.7	78.2	83	76.9	68.6	69.9	64.4	58.4	52.3	35.4	28.7	23.4	24.3	26.9	24.6	16.5	16.3	19	20.3	17.8	19.6	25.1	31.7	32.6	23.9	24	31.1	31	32	35.2	39.2	46.2	50.1	45.3	39.7	44.2	54.4	72.1	153.5	274.5	319.3	324	322.2	322.8	318.6	322.2	320.4	319.8	324	328.2	333	351.6
459	459	459	459	459	459	459	459	459	459	459	448.2	430.8	412.8	405	399	384.6	378.6	376.2	371.4	358.8	339.6	327	242.1	166.1	153.4	149.9	149.8	148.9	152.5	146.9	144.7	141.4	95.5	63.8	49	39.9	30.2	26.6	23.1	20.3	18.2	17.4	18.6	21.3	24.2	30.3	39.9	50.9	66.1	76.3	74.1	67.4	66.5	70.2	73.1	80.1	89.2	85.7	82.6	91.9	95.7	99.3	95.1	93.9	100	101.4	104.8	108.8	117.2	138.4	157.7	177.9	193.8	204	218.6	219.3	222.9	224	213.9	206.9	203	192.4	198	201.7	197.5	196.4	198.5	196.6	193.6	203.4	212.5	209.3	207.2	203	207.1	210.9	205.9	207.7	202.8	198.5	201.9	198	194.9	191.5	181.2	181.6	183.9	183	185.2	182.5	190.7	190.1	182	176.1	171.9	167.7	166.6	173.1	167.1	158.6	151.9	147.9	143	139.2	137.6	134.4	132.3	133.6	128.1	122.7	119.3	114.9	111.2	113.4	114.2	112	104.6	97.2	91.5	91.9	90.5	83.2	80	80.1	83.3	75.1	68.2	70.9	67.9	63.4	56.5	37.6	29.3	25.7	25.3	25	24	16.2	15.7	19.4	19.7	18.8	18.9	22.2	28.9	30.7	22.3	19.6	28.3	30.9	33.6	35.8	37.5	44.9	50.6	45.9	41.4	44.8	50.2	72.9	155.1	278.7	325.8	325.8	322.8	322.2	318	320.4	320.4	319.2	323.4	326.4	330.6	342
459	459	459	459	459	459	459	459	459	459	447.6	440.4	425.4	409.2	401.4	391.8	382.2	381.6	374.4	361.8	345.6	332.4	313	204.3	158.1	152.6	152.2	149.8	150.7	151.1	145.7	142.9	137.5	101.5	73.7	49.7	40.4	31.2	27.5	24.9	21.3	18.7	16.9	19.8	24.9	27	33.7	44.7	57	74.4	77.8	70.3	66.9	70.3	74.5	80.3	89.9	96.2	92.3	90.1	96.6	100	101.6	100.7	103.7	104.5	107.2	109.5	116	133.7	154.4	176.4	195.1	208.7	217.3	224.5	231.4	235.5	224.2	209.4	205.2	210.5	206	207.3	210.1	207.7	207.2	207.1	205.9	201.3	211.1	218.6	220.5	219.3	214.5	218.3	220	214.3	214	214.9	210.1	207.9	203.4	200	196.1	187.7	191.7	195.8	193.7	194.5	198.5	203.7	196.1	188.8	187	184.2	182.1	179.4	177.8	167.6	161.9	161.4	160.8	154.3	149.9	146.6	139.6	140	137.5	128.9	125.8	124.9	121.9	118.3	122.1	118.5	118.4	116.4	105.5	97.4	98.7	99.2	90.8	81.3	81.6	80.4	72.1	67.1	67.6	71.6	67.7	66.3	48	31.4	27.3	26.6	28.6	26.6	18.6	19.6	19.2	18.9	18.7	18.9	21.5	25.4	27.8	23.5	18.5	21	28.5	34	36.7	37.8	42.3	50.1	49.5	40.4	42.6	53.2	81.5	149.4	262.1	322.1	325.8	322.8	320.4	319.2	319.2	323.4	320.4	321.6	324	328.2	336.6
459	459	459	459	459	459	459	459	459	459	445.2	438	421.8	407.4	399	387.6	381.6	380.4	373.2	359.4	343.2	330	305.4	195.2	157.4	152	152.2	151	151.3	151.1	146.4	142.3	123.3	66.9	44.4	37.8	37.4	35.1	30	26.3	25	20.1	17.9	20.8	26.3	29.9	37.2	52.3	71	82.3	80.7	71.6	69.7	73.4	76.5	85.8	92	97.8	95.8	96.6	100.2	103.2	104.4	101.2	105.6	107.2	111.8	113.3	122.1	144.8	166.6	187.3	203.6	217.7	230.1	232.8	240.3	243.8	229.7	214.7	211.9	216.2	213.1	211.9	217.3	216.3	210.3	208.6	203.9	203.3	207.7	210	216.6	214.8	212.3	216.7	219.4	218.1	217.7	219.9	220.1	214.7	209.9	208.1	205.1	207.1	209.5	208.9	208.7	209	206.7	207.1	204.4	200.1	192	189.6	190.4	186	182.6	172.9	161.5	164.7	169.2	161.5	154.4	149.1	141.6	139.9	140.2	130.6	127.5	127.7	122.8	117.8	122.5	122.8	120.9	118.8	107.8	103	102.3	102.8	93.4	84.4	84.6	81.4	75.5	68.7	66.8	73	73.7	69.8	54	35.7	27.8	26	29.3	27.6	18.1	20.2	19.7	19.8	19.2	20.5	22.6	24.6	28.9	24	18.4	19.8	26.2	32.9	38.7	39.2	41.1	45.3	44.2	36.8	42	52.1	89.7	170.6	268.9	301.5	316	324	321.6	319.8	318	321.6	320.4	320.4	324	327.6	333.6
459	459	459	459	459	459	459	459	459	453	435	418.8	408.6	399.6	387	378.6	379.2	375	369	354.6	336	326.4	254.7	165.5	156.9	150	154	153.4	153.3	150.6	145.9	140.7	125.8	68.1	44.1	39.1	37.6	36.2	31.3	28.5	25.4	20	17.9	21.6	29.1	32.1	40.7	57.8	77.4	84.4	78.5	72.5	72.2	77	85.3	94.2	98.1	99.3	100.6	104.6	101.5	103.6	104.9	101.2	104.8	107.6	111.1	116.9	140.1	169.3	190.8	200.5	211.7	228	241.3	247	250.9	242	225.1	211.9	208.2	208.1	212.4	216.7	226.5	226.5	221.7	213.5	208.2	209.7	212.4	217.4	217.4	218.3	216.1	220	222	218.3	217.2	219.4	216	213.2	215.7	214.7	212	212.2	215	213.7	214.7	212.4	208.6	200.3	203.4	201.3	194.8	188.3	189.6	188	189.9	182.7	160.9	157.7	161.4	158.7	148.8	138.9	134.1	133.2	132.4	129.5	129.3	131.6	130.5	124.5	119.4	120.3	118.8	119.8	113.9	110.6	112.6	111.1	99.2	88	83.3	79.5	74.3	68.8	65.5	74.2	80.9	74.8	57.2	39.5	33	27.3	26.9	25	20.3	20.7	19.2	18.7	17.3	18.5	18.8	21	28.3	24	18.6	16.4	21.8	32.3	33.7	34.5	40.2	42.4	45.6	41	41.5	47.6	104	220	290.1	296.7	317.8	323.4	319.8	318	315.6	317.4	319.8	319.2	324	327	330
459	459	459	459	459	459	459	459	459	452.4	433.8	414.6	404.4	394.8	383.4	377.4	377.4	374.4	367.8	352.2	334.8	325.8	237.9	163.9	155.5	149.2	153.3	152.8	152.5	150.1	146.1	140.7	134.6	78.1	48.6	42.4	36.4	31.6	31.4	34.1	29.5	22.6	20.4	26.7	35.6	42	55.2	71.4	85.9	85	78.7	75.6	76.9	79.5	85.5	95.5	100.9	101.7	106	107.1	103.3	107.7	106.5	103.9	108	110.5	114.6	126.6	156.1	185.9	202.4	206.1	213.1	234.8	248.6	258.5	260.4	248.2	234.3	221.8	216.3	218.7	224.9	228.5	236.4	239.3	230.7	223.7	222.7	224.6	227.6	231.7	228	229.3	227.4	230.2	231.6	225.5	221.3	225.2	224	222.3	225.3	225.6	220.4	221.9	229.2	226.5	222.3	217	219	213.2	209.4	210.6	207.2	194.3	193.4	190.3	189	184.9	163.8	159.8	162.8	157.1	144.5	136.4	131	125.9	126.7	129.1	128.8	128.5	129	125.6	123.2	121.3	121.5	121.3	115.7	112.6	114.7	114.2	100.8	90.8	86.4	82.7	77.9	73.8	69.4	80.2	85.7	79.5	62.7	44.5	36.2	29.9	29.6	26.1	21.4	20.1	20.4	19.9	18	17.5	20.9	22.4	28.2	27.7	21.7	17.5	20.8	32.3	37.6	34.6	39.4	42	46.1	41.6	42	50.3	104.4	228.8	272.6	311.3	322.8	324	322.2	319.2	317.4	317.4	320.4	318.6	323.4	327.6	328.8
459	459	459	459	459	459	459	459	459	451.2	429.6	412.2	400.2	387	379.2	378	377.4	374.4	366	345.6	331.8	300.2	200.5	166.8	152.8	149.7	153.9	152.1	152.4	148.3	144.9	139.3	137.5	79.5	47.3	42.3	37.3	32	32.2	33.6	27.6	21.5	22.4	28.6	36.9	45.6	58.5	74.8	85.3	82.7	79.5	80.2	80.1	85.5	94.5	97.6	100.4	102.5	104	105.5	107.1	108.6	108.5	107.4	109.8	116.2	131.9	160.1	190	212.8	217.1	217.1	226.6	247.2	257.8	267.8	266.1	243.2	229.3	225.5	225.3	228.8	229.9	235	236	230.7	225.2	223.3	225	225.3	223.2	231.4	233.1	226.1	226.9	224.5	219.4	226	223.2	225.1	228.5	233.3	230.4	232.6	230.6	231.3	231.1	224.5	224.3	210.4	205	207.6	203.6	204	199.8	190	190.4	191.4	197.9	192.7	171.7	164.9	162.8	157.2	147	140	132.2	125.6	127.5	130.2	125.8	124.1	125.9	128.5	126.3	122.8	120.1	116.7	116.4	113.1	115.6	116.8	106.1	95.2	90.9	82.2	79.9	73.8	72	78.5	80.1	78.9	66.5	50.8	42.1	36.7	35.5	26.5	21.8	19.1	19	20.1	16.3	16.1	20.7	21.5	25.1	28.4	24.6	20.3	19.1	27.1	33.1	33.1	38.3	35.5	38	38.9	42.8	47.5	89.9	209.8	268.6	301.9	325.8	325.8	327.6	323.4	321.6	318	319.8	318.6	319.8	324.6	328.2
459	459	459	459	459	459	459	459	459	448.8	429.6	414	400.2	388.2	382.2	379.2	376.2	373.2	363	342	330	287.7	191.1	166	152.8	151.5	155.2	152.7	151.2	148.3	144.9	140.7	140.1	86.1	46.9	50.4	44.2	33.6	34.5	32.6	28.3	24.5	27.3	31.1	43	56.4	69.9	87.4	89.5	81.7	81.8	83.7	87.1	91.1	95.1	99.2	101.5	103	106.7	111.1	111.5	112	114	116.4	117	125.5	145.1	176.1	205.8	221.1	230.6	232.2	246.3	259.9	269.4	279.3	271.4	247.3	231.1	231.5	237.2	238.2	241.7	243.6	239.2	233.9	229.9	230.7	232.9	229.2	227.3	235.6	234.4	228.9	231.6	224.8	220.4	228.4	229	229.8	238.2	236	234.5	235.4	235.9	237.9	229.9	218	221.8	218.8	209.2	207	201.9	201.2	198.2	193	191.6	194.8	202	198	177.2	167.6	163.8	154.2	150.4	144.8	138.8	131.5	132.7	132	129.9	124.8	126.8	131.4	129.4	123.4	120.9	115	114.4	113.2	117.3	119.2	106	94.6	91.5	85.6	83.7	77.5	77.5	84.9	85	84.5	73.5	58.2	48.3	42.7	37.6	29.8	24.6	21.8	19	21.7	17.9	16.7	19.7	19.8	23.9	26.3	23.4	20.1	20.6	25	28	30.4	34.8	33	33	34	37.8	45	80.4	188.9	263.6	293.8	306.8	326.4	330	325.8	322.2	319.2	320.4	319.2	319.2	324	328.2
459	459	459	459	459	459	459	459	459	439.2	425.4	412.8	397.8	389.4	384.6	378	370.8	365.4	352.8	334.8	326.4	254.4	178.8	161.9	151	152.9	158.2	152.7	150.1	149.1	142.9	141.9	138.9	89.1	47.7	50.8	45.1	33.5	33	30.6	26.6	26.6	26.4	31.4	43.7	62.4	77.3	90.5	90.9	82.2	79.2	82.5	90.8	97.1	98.9	100.9	102.5	106.4	107.7	111.2	116	117.8	121	123.8	130.8	155.7	183.5	208	229.6	233	232.1	243.1	262.6	271.8	276.9	283.5	260.3	234.5	232.5	235.5	241.5	238.8	242.1	239	232.8	232.6	232.7	234.8	235.2	231.5	232.1	233.8	230.4	226.5	229.5	224.1	223.5	229	227.4	229.1	239	239.8	237.5	240.1	237.8	238	229.3	216.2	216.5	215.2	213.3	211.3	207	203.2	194.9	191	191.5	189.5	205.8	203.4	176.6	167.5	162.7	153.7	149.6	149.6	144.5	136.8	136.3	137.2	131.2	123.7	125.7	125.4	121.6	117.7	114.7	111.3	112.8	111.2	114.1	115.1	109.5	99.8	94.2	90.8	86.3	82.5	78.1	82.6	84.2	83.2	77.3	65.2	51.7	42	38.1	31.5	25.6	23.7	19.3	18.2	17	16.7	18.3	18.2	20.4	23.9	22.5	21.3	19.5	22.1	24.9	28	26.4	27	27.9	27.2	32.7	39.6	60.2	128.8	237.3	281.6	302.3	318.6	326.4	327.6	323.4	319.8	319.8	319.8	318	322.8	324
459	459	459	459	459	459	459	459	459	439.8	426.6	415.2	402	393	388.2	380.4	373.2	366	358.2	340.8	327	245.1	173.4	162.6	151.4	149.1	154.5	153.9	150.7	150.3	147.3	142.3	140.1	102.6	56.2	51.4	41.2	31.4	32.9	34.3	32.2	27.7	25.7	33.9	51.5	74.3	88.7	94.9	94.4	85.4	80.1	83.3	91.3	97	100.4	103	104.7	107.5	108.7	112.4	117.5	122.1	126.3	128.4	138.6	157	184.3	212.4	236.1	243.8	243.6	244.3	257.2	274.1	280.1	279.8	268.1	248.1	234.8	241.1	244.9	241.3	242.8	242.6	233.3	235.4	238.9	239.3	237.4	236.9	243.8	244	238	232.2	230.3	230.2	227.1	235	236.9	241.2	247.3	243.3	240.7	245.7	242.1	244.4	238.6	223.4	221.1	217.9	216.9	217.4	213.6	205.3	202.8	202.5	199.7	190.1	198.2	209.8	190.9	172.4	166	159.8	156.6	152.5	147.8	139.9	136	135.6	133.6	128.5	126.3	125	117.7	115.4	112.4	110.1	109	106.3	110.4	116.5	110.1	105.7	98.4	91.4	85.5	85.1	82	83	89.1	88.2	80.7	71.2	58.9	49.1	39.2	32.1	29.3	24	23	20.7	19.7	18.7	18.8	19.1	20.9	22.1	22.9	22.5	21.1	22.6	26.2	30.6	29	25.9	24.6	26.8	32.2	41.2	71.8	138.7	240.2	261	290.7	326.4	326.4	325.8	324.6	322.8	320.4	321.6	321.6	321.6	324
459	459	459	459	459	459	459	456	441	427.8	415.2	404.4	397.2	393.6	386.4	375	369	362.4	340.8	327.6	322.3	221.7	165.4	156.3	150.4	154.1	154.6	149.7	147.7	146.1	144.4	140.8	135.7	113.4	60.3	57.7	44.5	34.8	36.5	35.7	35.2	30.2	28.6	36.7	55.3	81	94.8	98.8	95.8	88.4	84.8	91.7	95.4	102.9	102.1	101.7	105.9	110.2	112.1	119.6	124.2	126.5	131.9	144.9	171.7	194.8	217.9	235.5	243.5	241.2	245.8	260.9	277.2	282.6	275.9	263.6	244.3	232	236	237.2	242.3	242.1	236.8	232.1	230.2	230.3	237.9	237.6	236.5	238.9	239.9	240.9	235.2	228.8	232.5	234.7	233.9	236.5	234.6	242.9	244	240.2	242	237.2	243.7	247	230.2	215	212.1	213	214.1	214.4	217.5	224	214.5	206.7	206.3	202.4	223.2	220.4	187	175.7	172	162.2	157.2	151.4	148.5	143.3	141.6	141.5	134.6	125.2	121.7	118.3	116.8	112.6	112.1	110.9	107	105.8	110.2	113	110.8	109.2	98.7	90.9	93	87.3	82.4	84.5	87.6	89.9	84.8	76.8	66.2	51.1	42.9	32.1	28	25.9	21.3	18.9	18.5	19.4	18.1	19.5	22.4	22.5	22.4	21.5	21	23.6	28.5	32.9	29.3	24.5	22.9	25.2	30	42	87.8	184.1	275.5	273.5	293.7	328.2	325.8	327	325.8	322.2	320.4	322.8	319.2	320.4	324
459	459	459	459	459	459	459	454.8	439.8	426	414	401.4	396	391.8	382.2	371.4	366.6	357	336	327	312.1	214.4	165.9	157.1	151	155.4	151.5	148.5	147.1	144.9	141.9	138.9	134.5	111.6	58	58.1	56.8	45.2	38.9	38.7	34.1	30.7	31.3	39.7	61.2	88.9	99.4	98	94.1	89	88.9	95.9	101.4	106.6	108.6	106.2	108.8	113.7	118.6	125.2	128	130	134.5	155.1	179.6	203.6	226.2	240.5	240.5	242.5	249.3	265.3	277.8	278.1	274.5	255	233.3	221.4	222.6	221.6	230.1	230.8	227.5	223.6	226.9	231.2	234.7	234.8	240.6	245.1	244.1	248.1	240.5	235.6	242.2	243.1	241.1	240.2	241.3	247.5	245.3	246	248	239.8	244.3	244.7	230.8	219.2	210.7	207.8	208	208.9	209.3	216.8	210.5	201.9	198.4	204.4	227.5	216.2	190.2	183.5	174.4	165.7	163.9	161.5	158.8	154.3	147.3	143.9	137	127.8	119.2	116.8	119.1	115.8	111.9	111.1	108.8	104.7	109.4	115	115.3	110.1	100.2	95.4	93.2	87.2	85.8	87.6	91.4	93.9	89.3	81.8	73.5	57.8	46.4	34.1	27.5	22.5	19.2	18.4	18	19.4	17.5	18.4	21.3	23	22.7	21.3	21.9	25.5	34.7	42	35.1	25.9	22.3	24.6	28.8	46.8	117.3	237.8	322.2	328.8	328.8	328.8	326.4	327	324.6	321.6	320.4	322.8	319.8	320.4	324
459	459	459	459	459	459	459	453	436.2	423.6	408.6	394.8	389.4	384.6	377.4	366.6	362.4	348	330	327.6	306.4	205.2	161.7	156.2	153.8	155.4	152.8	147.3	147.1	146.1	143.1	140.1	138.1	102.2	56.8	57.8	59.3	47.2	39.8	37.2	32.9	31.3	32	42.6	65	95	105.5	101.2	99.8	97.1	94.5	101.6	107.4	108.9	107.5	111.1	112.7	115.8	120.3	122.1	121	127.3	144.8	167.6	196.1	220.2	232.2	241.7	238.4	238.5	247.3	261.8	269.6	263.4	255.2	232.1	213.8	209.4	207.3	213.6	221.3	218.7	216.5	218.6	220.4	231.6	233.4	230.8	232.5	233.9	235.5	235.5	237.7	235.3	238.2	239.7	238.1	241.4	242.1	241.2	240.5	243.7	236.4	233	235	225.1	214.5	208.6	205	201.9	197.1	194.9	200.1	217.5	207.5	192	190.7	199.3	222.7	209.5	186.5	173.9	158.2	152.3	151.5	147.6	144.9	143.5	138.6	130.6	124.9	117.2	113	111.4	113.1	109.5	103.5	104.7	107.1	107.3	107.7	114.8	117.5	114.8	107.7	100.5	97	90.9	86.4	90.5	95.7	96.9	88.8	88	83.6	68.1	49.2	33.5	29.1	23.9	19.8	19.1	18.4	20.5	20	16.3	19.3	21.9	22.8	20.6	20.1	26.7	35.7	45.5	42.3	30.2	24.3	23.8	27.2	41.1	135	254.1	314.3	327.6	327.6	327	327.6	327	327.6	323.4	319.8	321.6	319.8	318.6	323.4
459	459	459	459	459	459	459	451.8	434.4	419.4	403.8	391.8	387	382.2	377.4	367.2	360.6	345.6	330	327	301.3	200.3	160.5	154.2	155.6	156.6	152.8	146.1	146.4	146.1	144.3	138.7	138.1	123.8	108.4	82.9	64	60.8	43.3	32.7	32.5	30.4	28.5	42	68.4	100.5	108.8	106.1	104.6	102.1	102.1	105.6	109.3	109.7	111.6	114.5	115.2	117.9	120.3	117.4	114.7	125	144.9	169.6	199.2	213.6	228.2	238.6	236.4	235.4	244.6	258	262.4	248.5	235.1	213.1	200.4	197.4	193.7	199.5	206.4	206	207.6	214.4	217.5	222.2	221.5	223.2	223.1	225	232.4	232.6	235.7	240.7	237.9	240.3	240	238.5	238.1	239	238.8	237.2	222	222.4	225.9	217.4	204.3	199.2	198.5	193.7	188.6	186.9	190.9	208.1	199.9	183.1	179.7	193.3	216.1	204.9	179.9	158.2	147.1	138.7	144.7	146.9	145.5	145.4	138	130.6	124.7	118.5	112.1	109.3	110.6	109.3	105.2	99.4	99.8	103.6	109.2	115.6	116.4	117.1	111	100.8	96.7	92.4	86.9	91.5	96.6	98.1	90.7	92.7	88.5	74.7	51.3	35	32	26	19.2	17.2	18	20	18	17.7	19.6	21	21.3	22.5	25.5	34.6	42.1	50.8	56	53	35.1	22.9	27.3	41.5	145.6	268.9	317.3	322	326.1	328.2	330.6	328.8	327.6	323.4	319.8	319.8	320.4	318.6	322.8
459	459	459	459	459	459	457.2	446.4	433.8	413.4	394.8	382.2	377.4	376.2	372	365.4	354.6	339.6	327	324.6	301	197.4	159.9	155.5	158	156.6	151.5	144.3	147.3	149.7	146.1	138.7	137.4	133.4	130.8	98.3	66.4	61.7	44.7	34.9	32.3	30	30.6	46.1	78	107.3	115.1	113.3	110.4	106.9	107	112	113.7	110.7	112.4	113.6	113.3	112.8	109.5	106	113.8	139.6	157.4	177.3	196.3	206.4	214.3	215.3	219.6	217.9	227.8	233.1	223.4	210.1	183.4	165.6	164	163.1	166.5	164.9	172.6	180.3	184.3	195.3	206.6	208.8	200.4	200.8	207.2	216.7	219.9	223	225.9	229.9	233.6	235.3	231.9	230	237.6	235.4	234.7	225.2	210.6	214	212.3	206.2	199.3	194.4	195.8	189.2	176.9	171.9	178.2	191.4	168.3	150.3	146.9	152.8	189.3	185.4	152.8	129.6	121.2	120.4	125.9	129.8	133.5	130.9	119.3	114.4	111.2	101.9	99.3	95.9	96.2	97.6	95.7	93.9	96.2	98.8	99.9	106.8	113.5	114.5	113.9	104.6	99.7	96.3	89.4	91.3	98.9	101.3	97.5	98.8	95.5	82.3	59.6	39.1	32.7	28	21.5	19.2	16.1	17.5	17.3	16.3	18.5	21	23.3	23.1	27.4	34.9	39.9	43.6	50.7	55.5	43.5	26	30	40.8	115.6	250	315.5	312.2	322.3	326.4	330.6	331.8	330.6	327.6	322.8	321.6	322.2	319.8	319.2
459	459	459	459	459	459	453	442.2	430.8	411	392.4	382.2	376.2	375	371.4	366	354	337.2	325.8	326.4	313.2	205.1	159.2	155.5	159.4	156	151	145	147.3	150.4	145.6	137.5	136.1	138.6	122.3	79.2	54.7	49.4	45.1	41.6	32.8	29.6	35.1	49.6	83.2	112.2	116.2	113.6	114.3	111.7	110.3	113.7	117.4	117.4	115.9	113.3	107.5	100.8	93.5	87.9	106.8	134.7	146.3	163.8	182.3	193.3	195.6	192.9	203.3	209.1	220.9	219.6	207.4	196.8	166.1	151	143.4	143.1	146.3	148.4	154.3	158.8	167	173.8	183.8	189.5	186.8	182	189.4	197.5	205	210.4	214.6	215.5	222	222.9	219.1	220.4	229.6	228.8	225.9	216.2	205.4	205.2	201.8	197.7	189.4	181.3	183.2	179.7	161.5	154.8	171.1	182.8	152.6	139.1	134.9	136.7	181.3	172.8	137.7	120.3	113	118.2	120.8	115.7	116.9	114.9	103.4	101.6	97.5	94	97.1	96.7	98	98.7	95.5	94.7	98.7	97.5	97.9	107.8	113.7	114.7	115.1	108.8	100.9	95.5	91.7	94.6	97.5	101.4	99.2	100.3	96.6	84.9	62.3	40.6	33.2	28.5	20	16.8	16.2	17.5	17	15.3	18.4	22.9	25.6	28.6	34.6	35	34.8	32.9	35.1	43.8	56.8	45.5	34.8	47.5	103	208.1	289.4	319.2	323.4	324.6	328.8	330.6	330.6	328.2	324	322.8	324	320.4	319.2
459	459	459	459	459	453	446.4	435.6	422.4	407.4	393.6	382.2	376.2	374.4	371.4	361.8	347.4	333	325.8	328.2	330	252.7	167.2	157.4	159.4	155.4	154.1	146.9	145.6	149.2	146.8	141.7	137.3	139.3	109.4	76.6	58.1	46.4	40.4	40.4	32.6	30.1	37	50.8	82.7	115.7	121.4	120.4	121.9	116.8	110.9	116.1	119.7	116.8	115.9	112.7	96.6	85.9	85.9	97	119.9	143.6	153.8	161.1	176.2	183.4	187.3	186.9	192.6	197.4	203.9	199.5	196.4	166.8	140.2	129.2	120.6	120.3	121.6	125.9	133	138.6	155.8	170.6	167.6	165.3	169.4	172.9	177.1	185.9	193.7	201.2	200.5	210.9	218.8	211.5	211.1	218.2	226.2	220.4	221.1	214.3	201.3	196.9	188.7	183.8	176.6	166.7	164.5	157.7	153.2	147.1	170.9	170.2	136	128	120.2	128.3	164	154.7	131.5	116.3	110	116.9	111.2	107.8	110.3	109	99.8	94.8	90.8	92.3	94.8	97	102	102	98.5	97.3	97.1	94.2	93.7	102.2	114.1	112.8	108.2	108	105.1	103.5	101	96.8	96.9	100	103.1	103.4	102.5	94.2	70.3	48.7	42	32.4	23.8	20.7	18.2	18.7	17.5	16.3	18	21.2	25.2	29.1	32.3	32	33.6	32.3	33.3	38.9	52.6	50.2	35.3	45.6	89.1	176	265.3	315.6	320.4	322.2	327	332.4	327.6	328.2	326.4	324.6	325.8	322.8	319.8
459	459	459	459	459	451.2	442.8	432	420.6	405.6	393.6	383.4	376.2	373.8	370.8	358.8	344.4	331.8	326.4	327.6	295.7	189.5	160.8	155.9	158.5	154.8	153.4	144.9	145.1	149.3	145.5	139.2	139.5	114.2	83.8	77.9	73.3	58.9	40.5	36.4	32.9	32.6	41.4	56.8	93.9	123	126.1	125.8	124.3	118.1	116.6	122.5	119.9	108.4	97.3	82.3	67.3	64.2	72.9	91.9	117	136.3	141.4	147.6	158.9	167.2	169.2	176	178.1	182.5	192	187.6	177.4	149.2	132.5	121.4	110.3	110.2	114.1	119.5	125.3	131	149.5	161.8	153.4	155.8	159.3	165.3	169.3	180.2	186.6	191.3	191	202.6	208.5	202	201.7	208.2	207.2	197.7	196.4	191.6	185.6	181.9	176.4	169.1	161.8	150.5	146.2	145.9	136.8	140.4	161.6	150.8	123.5	116.2	111.3	127.2	151.5	145.8	125.5	109.9	101.9	94.3	90.3	94.3	99.7	91	84.4	83.1	78	79.3	82.4	86.3	93.6	93.4	94.4	99.7	99.4	97.6	100.4	106	116.1	119.5	113.4	112.3	106.4	101.1	96.2	92.9	97.7	100.9	100.5	103.7	101.3	94.8	69.5	48.6	42	34.3	24.3	20.7	16.3	17.1	16.8	16.2	18.7	23.1	27.5	30	30	27.4	32.6	33.8	34	33.7	42.2	60.5	50.5	46.3	117.6	248.3	312.9	315	318	320.4	324.6	330.6	327	327	327	324	323.4	322.2	319.8
459	459	459	459	459	442.2	435	426	414	404.4	396	383.4	372	370.8	365.4	352.8	340.2	325.8	325.8	328.2	258.9	174.5	156.9	157.6	156.7	155	151.9	142.6	145.8	149.3	145.9	138.6	138.1	99.2	74.8	74.2	74.2	67	44.7	36.1	33.7	37.4	47.1	62.8	97.3	126.1	132.8	133.7	130.1	123.5	120.1	121.8	110.9	96.9	88.3	80	72.5	75.2	89.8	109.3	127.1	139.8	147.2	157.8	164.7	167.9	172.1	182.4	179.1	187.8	188	170.3	149	127.9	121.4	117.1	115.9	110.1	109.5	117.9	119	139.5	166.8	151.4	139	139.3	149.7	160.4	164	171.2	181.5	179.8	193.1	215	198.2	188.6	194.8	199.6	194.9	189.7	193.6	188.2	182	180.1	173.6	163	151.3	145.2	143.4	139.2	131.5	136.8	154.1	139.9	127.4	125.8	119.2	127.5	139.6	132.2	124.4	121.3	106	98.4	100.2	101.6	102.3	96	93.4	94.3	91.8	95.9	95	96.1	101.5	100.1	102.6	109.1	111.9	112.8	118.1	120.1	130.9	126.4	122.1	115.9	109.2	106.5	102.2	98.7	99.5	99.6	104	106.5	106.3	95.4	72.2	54.8	47.2	42.4	29.2	22.1	19.5	17.5	18	17.6	20.2	24.7	29.1	32.8	32	28.7	31.7	33.7	31.8	33.5	39.5	56.5	57.2	54	145.1	296.2	314.4	313.8	316.2	321.6	322.8	328.8	326.4	324.6	327	326.4	322.8	320.4	322.2
459	459	459	459	459	442.2	435.6	424.8	412.2	401.4	395.4	381.6	370.2	369	363	349.8	337.2	324	327	328.2	249.7	171.8	157.1	157	155.5	153.1	150.7	144	145.9	149.9	145.9	139.3	133.1	66	48.6	63	74	72.8	59.1	41.8	34	39.6	48.4	67.2	103.7	130	134.6	134.2	131.1	127.7	119.5	104.3	84.6	72.5	68.2	67.9	68.6	75.7	94.3	112.2	124.3	131.4	141.3	151.2	157.4	163.9	168.9	171.4	165.3	172.4	168.2	148.4	127.7	107.7	102	99.4	105.3	111.4	108.5	110.5	111.4	135.9	160.2	135.4	123	126.9	136.6	150.8	154.9	170.6	178.7	171.4	187.2	208.7	181.2	174.3	188.1	191.5	188.2	184.8	187.3	178.6	171	163.5	157.1	148.4	139.2	136.4	135.5	131.5	120.7	122.1	143.3	131.2	120.1	121.7	111.5	112.1	118.4	114.9	111.8	110.4	97.3	93.6	93.6	91.3	93	91.8	91.3	97.2	97.5	101.8	99	96.9	96.9	90.1	92.2	101.2	103.1	107.4	119.4	123.8	135.1	128.5	121.9	119.1	112.1	109	104.3	102.5	102.4	103	105.3	112.5	108.3	95	76.6	58.9	48.3	44	31	21.9	20	18	18.6	17.6	21.6	29.2	33.5	37.3	40.7	34.7	34.8	35.1	32.3	33.5	34.1	50.9	69.8	66.3	164.8	311	313.8	313.2	315	321.6	322.8	325.8	325.8	324	327	327	323.4	322.2	321.6
459	459	459	459	459	452.4	436.8	421.8	407.4	396.6	387	373.2	365.4	366	359.4	348.6	334.8	324.6	330	330.6	260.5	172.1	158.5	159	157	154	148.3	144.8	146.5	149.2	147.9	139.9	130	65.1	40.9	56.4	71.1	68.4	60.8	46.5	35.8	41	50.1	67	104.9	130.1	136	137.8	136.6	130.9	121.3	104.2	87.3	83.7	81.7	81.1	86.7	97.9	107	120.9	126.7	131.9	146.4	152.6	164.1	172.4	173.7	173.1	163.4	169.4	162.8	141.4	115.2	103.8	106.6	103.8	103.5	112.8	109.7	109.3	124.2	150	143.4	120.1	115.1	123.6	143.4	152.8	151	181.4	182.1	169.8	188.6	189.5	167.3	173.3	189.9	187.1	184.4	193.7	194.2	179.7	165.8	151.8	142.7	140.6	142.9	140.7	139.5	136.3	126.4	127.2	140.7	132.9	132.9	134.2	122.2	122.2	125	132.2	135.9	140.5	136.9	131	129.3	131.6	144.3	146.7	142.3	147.9	150	154.1	144	138.5	122.1	106.8	111.8	119.7	116.8	120.6	133.7	137.4	147.4	150.6	138.6	124	111.1	109.1	110.2	106.4	102.4	103.6	109.8	112.2	111.6	100.2	83.8	65.6	54	47.3	36.4	24.2	20.7	18.3	20	17.5	21.9	28	34.1	39	45.7	39.2	37.3	36.1	32.8	33.8	34.9	46.7	69.3	83.1	186.4	309	313.2	314.4	313.8	318.6	321.6	315.2	318.3	322.8	324	327.6	323.4	321.6	322.8
459	459	459	459	456.6	450.6	436.2	420.6	404.4	395.4	385.2	373.2	366	366	359.4	349.2	334.8	326.4	330.6	332.4	254.1	170.9	157.8	159	157	153.2	147.6	144.8	147.2	148.6	145.9	140.5	114.7	53.8	38.9	40.8	59	62.9	63.9	54.3	37.9	42.6	51.5	69.2	108.9	130.4	134.7	141.1	142.1	132.5	116.4	101.8	94.5	91.4	86.2	87.5	96	103.6	108.9	122.1	130.9	141.8	150.3	155.7	169.4	176.7	178.8	171.2	160.7	165.8	156	133.6	107.5	97.5	100.2	99.7	95.2	97.2	97.8	99.8	120.3	143.7	129.8	110.3	107.8	114.1	141.6	146.7	142.5	172.2	169.7	164.7	185.6	181.2	164.6	177.2	186.9	176.5	179.4	190.5	185.5	171.7	157.1	142.9	132.5	131.2	134.4	133.1	132.4	125	117.5	118.8	125.4	116.4	119	121.4	110.9	115.7	122.9	128.3	131.1	141.4	142.4	138.4	143.4	147.7	162.2	164.3	163.1	167.1	168	169.3	155	151.6	131.6	111.7	113.4	117.7	112.8	119.2	128.7	131.6	143.5	152.3	148.1	130.9	110.6	108.3	109.4	107.3	105.8	106.7	110.1	112.9	112.5	103.4	86.8	68.4	55.1	49.6	37.1	24.3	20.5	18.9	19.4	19.1	26.3	31	37.1	48	53.5	48.5	43.5	41.9	35.8	35.3	36.8	43.4	67.1	97.8	201.9	310.4	313.2	313.2	313.8	318	321.6	313.8	314.8	321.6	323.4	326.4	322.8	321.6	323.4
459	459	459	459	446.4	435.6	427.8	417	400.2	394.8	387	374.4	367.2	366.6	356.4	346.2	333	328.8	332.4	332.4	283	186.1	161	159.7	153.2	150.7	145.8	145.4	145.8	145	147.1	145.8	108.6	48.8	38.5	38.9	49.9	57.5	63.3	53.6	39.4	44.2	54.5	75.5	112.8	130.8	134.3	139.3	140.4	134	127	122.3	117.1	110.4	106.5	106.7	107.7	108.9	111.1	116	122.2	129.4	140.5	148.8	159.1	175.7	184.1	182.8	177.7	176.5	159.9	128.9	112.3	110.3	111.4	110.5	109.9	107	111.8	133.4	150.8	145.9	129.6	127.5	135.9	150.3	170.2	167.9	167.7	191.4	180.7	196.1	220.2	222.8	216.4	213.9	209.4	203.8	221	224.5	195.4	174.9	160.8	148.2	138	137.2	145.7	149.8	151.7	146.3	132.1	125.9	123.1	122.3	129.4	130.5	138.5	159.3	164.4	165.4	165.8	169.8	179.8	190.2	202.1	209.7	218.2	220.8	222	225.2	222.2	215	205.5	193.8	171.8	163.4	163	152.8	146.5	149	157.4	151.8	151.8	157.4	159.2	148.2	129.5	117.8	113.9	110.6	110.3	109.4	113.4	117.6	117.8	110.5	92.6	72.3	59.3	52.4	41.9	28	21.7	20.5	18.7	20.7	28.9	33	37.8	48.9	54.7	49.1	45.1	42.8	38.6	36.4	36.8	41.9	63.8	99.7	196.5	280.6	291.8	312	313.8	315	319.8	322.2	327	322.8	319.2	325.8	326.4	322.2	324.6
459	459	459	459	444.6	431.4	424.8	414	399	393	385.2	372	366.6	364.8	354.6	344.4	331.8	328.2	331.8	331.8	329.5	239.3	175	162.5	155.3	151.4	146.5	144	145.2	145.7	147.1	145.8	97.3	44	39.2	39.9	40.8	47.7	58.6	49.3	37.9	42.4	52.6	75.5	115.9	133.9	137.2	137.9	133.8	131.1	132.5	131.6	129.3	123.1	118.5	118.8	120.7	120.4	122.1	123.6	125.6	130.5	132.7	141.7	158.9	172.7	180.9	180.3	172.6	175.6	153	128	111.7	106.8	109.2	107.9	104.5	97.9	107.8	132.7	143.4	135.1	127.1	131.7	139.4	154.4	173.4	173.1	172.2	192.6	186.3	204.1	224.7	233.1	235.6	224	216.7	212.6	228.4	225.7	192.4	169.4	153.8	144.1	131.1	130.5	134.6	136.7	138.7	135.4	124.1	114.3	110	111.7	118.3	125.1	143.6	162.8	167	169.9	173.9	175.3	182.7	194.5	206.1	217.7	224.8	225.1	224.3	226.2	229.5	219.7	209	197.4	181.8	174.7	173.3	162.1	153.9	152	153.1	151.4	153.3	155.9	157.3	151.8	138.7	123.6	113.4	111.8	111.8	112	113.1	114.2	117.5	112.8	97.3	81.9	68.8	56.6	46.6	31.1	22.9	21.9	21.9	24	30.8	36.3	41.3	46.9	51.9	48.3	47.5	46.3	40.6	39	34.5	38.3	55.7	86.4	177.2	277.6	282.1	305.7	313.2	313.8	319.2	321.6	326.4	323.4	319.8	324.6	325.8	322.2	323.4
459	459	459	459	446.4	430.2	419.4	406.2	395.4	388.8	380.4	374.4	367.8	361.2	352.8	340.2	327	328.2	330	332.4	317.6	206.1	161	159.7	154.6	151.2	143.8	145.1	145.1	142.6	145.9	145.9	100	45.1	39.8	38	39.2	47.9	56.9	51.9	44.9	51.3	63.8	83.6	120.7	138.4	147.4	150.6	150	160	173.5	169.9	167.5	171.7	171.6	173.1	173.1	173.2	180.7	178.6	170	160.2	148.2	146.4	146.3	151.9	155.6	148.5	152.6	161.1	159.9	152.8	145.4	149.7	160	158	145.5	140.2	157.6	169.8	173.1	168.5	176.1	185.1	186.3	194.9	205.6	207.5	214.5	233.2	238.3	248.5	263.5	271.9	279.9	277.3	257	256.8	254.4	240.8	221.6	206.5	195.9	185	170.4	162.2	154.6	153.7	152.7	147.6	136.5	128.8	125.1	121	130.1	151.1	169.5	178.6	185.1	190.7	197	204.8	211.2	221.8	226	230.8	233.6	228.5	226.3	222.3	211.4	200.5	192.4	190.4	193.2	191.7	184.3	178.9	172.7	161.8	159.9	155.5	151.3	156.3	159.8	159.5	158.3	146.7	127.3	114.7	113	113.4	116.4	116.6	118.2	113.9	99.9	86.4	71.5	58.3	50.1	36.3	24.1	22.5	22.3	25	30.9	38.4	43.3	45.9	52	50.4	48	46.3	41.1	42.5	40.9	39.1	53.2	107.7	224.7	312	310.8	311.4	312	313.2	319.2	324	328.2	324.6	322.2	323.4	321.9	321.6	322.2
459	459	459	459	444.6	427.2	417.6	404.4	393	387.6	380.4	375	369.6	361.2	350.4	337.2	325.8	327.6	330	331.8	316	204.2	161.6	160.4	153.2	149.9	142.6	145.7	145.2	142	145.2	146.5	100.5	48.2	45.3	40.6	41	45.8	53.7	57.9	49.8	55	65.2	84.4	122	139.2	147.4	153	159.1	174.6	185.3	177.1	177	185.2	189.7	192.8	186.3	186.9	196.5	196.5	185.5	176.2	165.3	157.6	152.2	153.2	147.9	140.6	145.7	153.3	157.8	153.4	151	157.9	168.5	166.8	157	155.4	167.3	171.3	172.4	170	177.3	184.5	186.2	190.9	197.4	203.9	212.9	230.3	239.2	248.3	260.8	267.8	271.6	269.6	261.9	252.9	247	233.3	218.1	210.1	197.1	185.9	177.1	168.3	156.2	151.6	147.4	144.9	136.4	129.5	122.5	122.6	132.7	155.8	169.9	179.6	184.5	190.2	198	206	214.3	221.5	223.3	223.7	223.9	219.6	214.2	208.6	197	187.4	187.5	185.5	187.9	187.8	185.8	185.6	180.7	172.2	165.2	154.8	148.2	149.6	153.8	155.5	152.3	144.3	130.4	119.2	114.9	114.9	118.6	118.4	115.7	113.9	104	89.8	74	58.4	50.7	37.4	26.1	23.4	22.5	26.4	37.4	44.3	46.8	45.9	48.9	51	48.6	47	45.5	44.3	42.9	40	51.8	112.8	241.4	299.5	310.8	311.4	312	312	318	323.4	326.4	323.4	322.2	322.8	323.4	322.2	322.2
459	459	459	453.6	435.6	421.2	409.8	395.4	384.6	379.2	377.4	375.6	370.8	357.6	346.2	334.8	325.8	326.8	327.6	330	299.1	196	159.8	160.4	152	146.4	141.3	143.1	141.5	141.5	147.1	147	127.3	76.7	52.3	45.4	43.1	46.3	56	66	65.1	64.9	70.7	81.6	113.2	144.2	152.9	163.6	183.6	204.1	206.1	194.7	187.8	194.3	199.9	205.6	199.4	201.1	214.2	215.1	209.2	206.3	200.5	193.4	181.9	183.7	184	182.7	176.7	159.6	147.2	147.5	154.6	163.2	171	176.4	177.6	181.8	183.3	179.6	176.1	179	187.4	191	189.2	194.7	202.4	205.5	213.3	227.8	239.1	254.9	266.5	273.5	284.1	284.8	279.2	266.7	265.2	254.5	233	229.5	219.6	201	191.1	184.2	180.1	169.7	156.5	152.1	151.7	144.4	147.2	155	162	172	174.3	181.1	186.4	192.1	197.2	195.1	186.4	184.2	178.8	174.2	171.9	172.4	176.1	169.2	160.3	157.4	156.5	156.4	156.7	155	158.4	164.2	166.8	169.1	166.5	160.3	151.6	149.9	151.5	155.8	157.6	156	145	134.4	125.8	122.1	123.2	122.5	122.6	118.4	112.9	103.3	88.4	70.8	57.9	42.5	29.3	24.1	23.1	24.6	33.3	43.9	45.3	46.3	47.9	48.7	48.9	49.1	45.5	46	47.4	42	49.2	118.5	228.3	305.4	312	307.3	311.4	311.4	315.6	319.2	323.4	323.4	320.4	320.4	322.2	322.2	320.4
459	459	459	447.6	429.6	417	405	392.4	381.6	377.4	375.6	374.4	369	355.8	346.2	334.8	326.4	323.9	326.4	327.6	279.9	189.8	159.8	158.5	151.4	145.1	141.3	143.1	142.2	140.2	144	147	116	57.8	52.8	48.5	49	52.1	68.2	67.4	58.6	64.7	72	94.7	135	150.5	156.8	167.3	185.1	196.1	198.8	193	186.7	196.6	209.2	214.4	208.6	207.5	215.5	213.9	205.9	205.3	204.4	199.4	195.3	195.3	199.3	204.3	196.1	174.9	157.4	150.1	155.1	162.5	166.2	170	174.6	178.7	182.8	178.6	173.8	176.8	181.7	185.2	186.1	188.8	193.2	199.2	209.1	224	236.4	253	264.8	275.9	282.3	278.9	277.6	266.5	260.9	247.2	226.5	221.6	214.7	198.2	186.7	180.1	175.8	169.2	159.8	155.8	156.4	149.4	154.2	163.8	173	177.7	178	186.5	191.5	193.5	195.5	193.7	183	174.2	168.9	171	175.1	174.8	176.4	169	160.4	158.2	155.3	157.1	155.7	152.2	151.1	156.6	160.1	164.5	167.5	163.2	155.8	151	152.8	157.3	162.9	162.6	153.8	143.1	133	127.2	125.6	123.5	122.8	120.2	115.8	101.4	83.4	69.9	58	44.6	34.6	27.3	24.8	30.1	36.3	39.4	40.3	41.9	47.4	49.2	50.9	50.5	49	49.7	46.3	45.8	62.1	138.9	267.3	309.2	312	308.7	301	304.4	315	318.6	322.8	324	319.8	320.4	321.6	321.6	318.6
459	459	456.6	430.2	415.2	412.8	404.4	391.2	381.6	376.2	374.4	372	365.4	352.8	344.4	330.6	324.6	327.6	326.4	326.4	297.8	218.4	168.3	156.8	152.8	143.3	139.9	141.3	139.6	140.8	142.9	145.2	120	62.3	53.3	51.1	52.4	57.8	71.6	72.4	63.5	68.3	76.2	95.9	137.4	154	162.4	175.3	189.1	192.7	195.5	193.5	191.2	201.5	211.1	215.5	220	220.7	216.2	209	203.5	203.3	201.2	198.9	202.5	206.1	208.4	215	214.4	201.6	185.4	168	160.5	159.2	151.9	151.1	155.7	160.9	162.6	160.5	160.8	162.2	168.7	174.3	179.3	184.1	187.3	198.4	208.5	217.3	233.4	248.5	261.6	273.3	286.6	296.1	291	282.3	262.3	241.2	227.6	220.7	213	207.3	198.1	187.5	177.3	172.6	169.1	168.7	170.6	171.1	173	176.4	177	177.3	175.8	170	163.9	157.5	156	160.5	161.4	153.7	145.7	141.9	147.1	154.6	148.2	137.2	135.3	133.2	130.1	134.9	134.5	129.1	131.3	134.4	140.3	142.8	145.3	152.3	158.4	155.5	152.2	153.3	163.2	172.8	174.3	168	154	144.7	137.8	132.6	126.6	127.9	126.1	112.9	92.1	76.5	62.5	49.6	38.9	29.6	25.4	27.9	32.3	36.5	37.9	39.5	45.4	47	51.4	49.6	48.8	48.9	45	44.4	70.7	161.5	257.8	278.5	292.5	291.9	297.6	306.5	304.8	318	321.6	324.6	321.6	320.4	319.8	320.4	318.6
459	459	453.6	426.6	414.6	412.8	403.2	391.2	384	378	375	373.2	363	352.8	344.4	328.8	322.8	327	326.4	325.8	302.2	231.7	170.7	156.9	152.8	142.7	140.7	140.7	139.1	140.8	141.7	144.1	121.8	65.5	56.9	53.1	56.4	66.9	76.5	75.7	70	72.2	75.6	102.1	141.4	154.4	161.8	179	187.5	191.3	193.1	191.3	191	195.5	201.9	208.5	213.1	211.1	208.3	203.7	195.3	193	191.5	192.5	195	196	195.5	200.8	201.9	191.3	181.6	176.4	169.5	157	146.8	149.3	152.7	153.4	153.7	155.5	158.7	160.4	164.1	169.9	174.1	180.4	183.7	193.5	205.6	216.9	229.9	244.8	259.3	276.2	294.7	299.1	294.6	282	257.5	239.7	226.8	217.3	210.9	201.6	195.5	186.1	178.4	175.2	172.6	168.5	171.4	176.5	177.9	178.7	179.4	178.5	170.9	163.6	155.5	151.6	154.4	159.1	165	155.5	137.7	134.8	134.5	144.9	140.5	125.8	123.9	124	123.1	132.9	137.4	129.5	125.8	130.8	135	137.9	140.7	149.1	157.7	157.8	151.4	151.5	164.5	172.2	174.9	171.7	162	150.3	141.3	135.3	128.7	128.3	130	117.6	96.5	83.3	64	51.9	40.9	31	22.7	23.4	26.3	29.6	32.3	32	36	41	49.9	53.8	54	53.7	51.3	54.9	80.5	195.3	275.1	283.4	294.6	297.5	301	299.6	298	317.4	320.4	324	321.6	319.8	320.4	321.6	318
459	459	457.8	439.8	429.6	416.4	400.8	393.6	387.6	379.2	378	372	358.8	349.2	345	328.2	322.8	327	326.4	324	319.2	272.1	178	156.7	151.8	142.8	140.7	138.1	137.7	138.1	138.1	140.5	128.5	73.5	58.7	56.2	58.7	71.7	78.3	79.8	79.3	79.4	81.3	105	144.2	160.3	173.6	183.8	188	186.3	182.1	183.3	188.3	189	197.1	203.4	204.7	204.1	200.6	194.4	190.3	193.8	191.2	189.5	190.1	190.4	190	188.6	182.5	168.9	162.9	162.8	161.4	154.2	151.3	149.3	145.7	141.6	144.5	151.2	154.7	151.1	155.5	158.7	165.2	175	181.5	190	206.5	220.2	230.2	245.9	263.5	278.5	295.3	304	303.2	281.3	266.4	248.4	234.2	218.4	206.7	199.1	191.2	184.8	180.3	175.3	168.4	166.2	165.8	164.4	165.3	161.8	151.9	145.7	140.2	133.7	130.3	139.6	171.6	188.9	170.7	140.7	136.8	131.6	126.9	142.8	148.8	124.6	121	119.7	117.9	127.8	152.3	157.5	147.8	131.2	119.4	123.8	130.7	135.2	144.7	155.3	156.3	154.6	161.5	174	180.3	184.3	179.9	172.6	164.6	155.4	146.7	140.9	143.7	127.8	102.3	87.1	71.8	55	43.3	35.9	26.6	23	25.9	28.1	30.7	30.8	32.3	38.6	47.3	53.6	54	56.4	53.4	66.3	123.1	252	304.5	310	312	308.5	301.7	290.3	266.3	291.7	310.2	317.6	319.8	318.6	319.8	320.4	317.4
459	459	459	439.8	429.6	416.4	399.6	393	387	379.2	377.4	369.6	357	349.8	345	328.2	322.8	327.6	324.6	324	319.2	281.9	183	156.1	151.2	141.5	140.7	138.1	137.5	138.7	137.4	138.6	140.5	87.9	63.6	59.3	61.2	72.9	73.7	77.2	79.2	80.7	83.6	108.5	143.6	160.2	175	185.6	185.7	182.2	178.6	177.8	182.2	184.6	187.6	191.7	193.7	197.4	202.4	197.1	186	183.4	183.9	177	173.5	174.9	171.8	167.2	158.6	143.2	137.9	139.5	138.6	138.4	140.2	139.8	140.2	138.4	138	142.9	147.6	147.3	150.2	156.1	164.3	170.8	178.3	185.3	202.9	218	232.6	248.3	266	282.2	304.5	309.4	305.6	283.6	265.4	249.4	236.7	219.3	204.4	195	190.8	181	175.7	169.8	163.1	160.7	160.2	159.2	157.2	148.6	139.2	133.9	125.9	122.6	123.1	137.7	171.8	184.4	153.1	117.5	116	109.5	99.5	145.6	173.8	119.2	108.5	109.8	109	117.3	145.7	158.9	155.4	136.7	121.8	120.2	124.5	130.8	141	149.8	153.9	154.3	159.5	172	183.4	185.6	180.2	174.1	166.2	160.3	150.7	147.2	148.8	133.6	106.2	88.6	75	58.5	42.4	36.6	28.3	23.6	25.3	24.4	27.3	26.4	28.4	34	43.7	53.6	53.5	52.3	57.9	81.2	164.2	297.7	310.8	310.8	312	307.2	298.9	295.3	267	281	294.7	307.1	312.7	318	319.8	322.8	318
459	459	451.2	436.8	423	410.4	399.6	392.4	386.4	381.6	378	362.4	352.8	348.6	344.4	327	324.6	304.7	305.9	323.4	318.6	261.6	201.9	164.1	151.5	143.5	141.3	141.3	140.1	139.5	137.5	138.7	143.4	100.8	69.7	61.3	64	76.4	76.5	78.5	80.2	83.4	90.1	115	150.6	169	183.8	186.4	181	175.9	178.1	181.4	187.9	186.9	180.9	177.1	172	167.9	162.9	146.5	131.9	119	105.8	93.3	82.2	77.3	71.5	69.5	69.7	62.3	64.9	73.8	75.8	84.4	95.5	109.5	126.4	141.8	149.7	146.2	144.6	142.6	140.9	143.7	152.9	162.4	176.2	188.8	201.9	221.3	238	256.4	275.2	292.4	315.7	322.7	310.1	300.9	276.9	259	241.8	223	205.4	192.8	183.7	174	163.6	153.1	150.1	143.9	139.5	136.2	130.9	129.2	130.4	123.6	116.8	121.9	135	150.7	158.4	145.4	105.1	62.3	56.9	52.4	39.5	71.9	111.1	69.7	70.9	85.9	93.3	107.8	144	167	168.5	157.7	145.1	134.4	123.6	125.9	134.7	140.1	147.2	152.7	160.4	169.5	179.6	186.2	185.5	181.9	173.1	167	161.5	158.9	156.3	142.8	114.3	93.4	80	62.1	48.6	40.1	31.4	26.2	24.6	24.6	25.2	25.4	27.7	33.2	43.9	53.8	52.3	51.3	56.1	93	200.3	305.1	310.2	310.8	313.2	312	294.1	307.9	311.4	313.5	319.2	318.6	313.7	309.2	317.4	322.8	319.8
459	451.8	442.2	433.8	421.2	412.2	400.8	391.8	387	384	378	362.4	352.2	349.2	345.6	326.4	325.8	318.6	320.7	321.6	317.4	268	219.4	175.3	152.4	144.2	140.5	141.9	140.8	138.9	138.9	138.6	144.7	143.8	99.5	69.8	66.8	73.1	77.8	82.7	87.4	88.8	94.5	108.1	135.8	166.8	187.4	187.7	179.2	179.2	180	186.9	193.1	190	179	171	159.7	143.4	132.5	117.8	104.4	94.6	89.6	82.9	74.9	74	67.4	61.9	51.3	50.2	58.9	64.7	68.2	76.1	82.4	98	119.8	138.7	146.9	147.6	146.7	141.2	137.7	138.7	148.1	161.6	173.5	184.5	196.2	213.8	237	257.7	276.3	295.9	322.7	326.5	318.2	309.5	292	267.4	246.3	226.1	206.2	193.7	182.3	172.7	159.8	151.3	141.9	135.9	131.4	128.6	129.2	130.3	125.3	119.2	118.6	123.3	130.8	139.6	144.1	127.9	91.9	47.1	33.2	28.8	24.9	27.2	32	35.3	50	63.5	71.7	91.3	133.3	155.4	156.1	146.4	142.6	139.1	130.5	131.4	137.6	139.8	145.4	151.1	158.6	165.9	175	183.7	182.9	182.5	176.9	166.8	163.9	162.4	162	149.7	127	102.5	82.9	66	50.9	41.5	37.3	30.7	27.2	24.5	23.9	23.6	25.8	30.7	42.5	53.5	54	52.1	56	87.8	194.4	286.6	310.2	311.4	313.2	313.8	293.9	305	311.4	315	319.2	319.2	319.8	315.3	316.2	322.2	320.4
453.6	433.8	429.6	427.2	418.8	417	404.4	391.8	387	381.6	369	357.6	351.6	352.8	347.4	324	328.2	330.6	320.1	317.4	300.6	289.6	252.5	186.7	151.7	146.2	143.7	142.1	139.2	137.8	135.9	138.9	142.3	128.3	81.5	66	68.8	76.8	76.7	83.3	87	91.7	100.3	121.6	157.6	177.5	187.5	182.7	174	171.6	176.7	183	177.5	161.4	141.7	122.8	113.3	103.7	100	97.2	88.8	75.8	72.5	76.2	77.9	70.7	52.1	43.1	33.1	35.5	50.4	62.4	61.3	59.1	59.6	75.8	93.9	100	112.7	133.3	144.2	143.5	137.9	131.1	136	151.9	168.1	180.6	193.9	214.2	240.1	256.8	277.6	299.6	328.4	342.7	334.8	316.3	296.4	273.9	248.7	224.9	206.3	191.4	179.5	166	153.3	141.5	136.3	134.2	138.4	140.9	138.5	129.9	120.4	115.6	114.1	113.7	121.8	141.2	141.6	129.7	115.5	78.1	44.6	35.1	31.7	29.8	29	34.3	42.4	46.2	46.5	70.6	106.8	128.1	141	142.6	140	136.6	135.8	138.9	143.5	147.2	146.2	148.8	156.9	168.5	177.8	183.1	186.3	187.9	184.9	175.7	171.2	166.8	159.4	149.9	128	101.6	81.3	64.6	52.9	47	40.3	33	27.3	23.9	22.8	26.1	27.7	35.2	50.6	54.3	48.6	48.3	62.1	90.3	189.1	295	309.6	311.4	313.8	313.8	294	294	297.3	313.6	314.8	313.9	317.4	318	298.8	320.4	323.4
451.8	433.8	429	424.8	417.6	413.4	400.8	390.6	387	379.2	365.4	357	346.9	352.2	345	319.2	325.4	323.9	304.7	306.9	292.4	291.8	249.7	184.4	152.1	145.4	145.7	141.5	139.2	137.7	135.3	138.9	143.7	143.1	99.6	70.2	74.4	79.3	77.6	84.6	89.3	94.1	100.4	121.7	163.8	181.1	185.7	181.2	173.8	172	177.1	183.7	174	156.3	133.8	119.1	112.2	114.1	121.3	123.6	109.5	83	73.1	80.7	86.8	77.4	63.3	46.7	34.9	34.4	46.4	63.3	66.1	59.7	62.4	86	99.4	96.7	104.5	123.4	140.2	142.1	138.1	132.6	136.4	154.9	172.4	181.4	192.1	215.9	241.7	266	292.5	318.2	348.8	358.8	348.4	332.3	310.5	284.3	254.8	228.1	203.2	188.5	175.1	161.5	148.8	143.1	140.7	141.5	145.2	146	141	132.3	127	115.7	108.5	113	130.6	153.9	152.6	139.5	127.4	96.4	61.2	46.2	44.1	37.3	33.8	37.4	47.8	51	54.7	77.7	99	108.3	119.9	125.8	125.7	125	130.5	137.3	145.4	151.7	152.7	154	158.7	171.1	179.1	181.8	185.6	186.8	182	176	172.9	168.5	161.2	151	133.1	101.8	80	65	58.4	53.3	47.1	41	31.5	24.8	23.8	27	33.7	46.7	56	51.3	43.2	48.8	61.6	113.3	228.5	295.6	307.5	310.8	312	313.8	301.6	294.7	291.8	311.5	316.2	317.4	318	317.4	300.9	321.6	323.4
459	451.8	447.6	433.8	418.2	409.2	400.8	392.4	387	381.6	369.6	360.6	354.6	352.8	334	319.4	320.7	320.6	325.6	320.4	317.4	316.2	277.8	211	155.7	148.7	145.2	143.5	141	138.9	135.3	134.7	136.3	140.1	105	69.2	73.5	78.5	80	88	92.9	96.8	101.2	122	163.7	178.5	179.5	181.1	177	169.8	169.6	170.9	154.9	131.8	111.3	98.8	100.2	113.8	133.6	140.3	126	91	76.7	91.5	102.2	89.3	67.4	95.9	75	33.8	42.1	54.5	82.7	106.8	113.2	118.6	118.3	107.3	101.4	103.8	126.9	143	137.8	134.1	138.5	149.3	165.9	177.4	184.5	204.4	230.7	261.7	293.1	323	350.4	369.1	357.4	337.2	324.5	294.6	259	231.8	204.5	186.7	176.1	164.2	150.9	149	154.6	163.9	172	164.9	145.4	150.6	142.2	114.8	106.5	109.5	124.8	146.4	157.7	144.8	141.7	138.7	122.9	98.9	82.4	62.1	49.5	56.7	74.1	80.9	95.9	103.7	97.2	93.3	88.7	85	97.5	112.4	129.7	142.9	151.9	157.4	160.3	161.3	162.4	166.8	172.9	176.1	181.3	185.5	184.9	183.3	181.4	177.3	168.7	156.5	138.6	110.4	81.8	65.8	64.6	63.9	59.4	49.7	36.9	27.8	23.8	26.9	35.8	50.4	57.6	51.6	44.8	50.1	62.5	143	269.9	303.3	295.6	297.6	310.8	313.2	312	311.4	311.4	312	315	316.2	318	318	316.2	315.8	319.5
459	453	438.6	421.8	411	402	394.8	387	384	373.8	361.2	356.4	353.4	352.8	325.7	319	324	330	321.6	317.4	315.6	315.6	288.3	223.1	160.1	148.2	144.1	142.4	141.7	136.5	133.6	135.9	138.7	137.7	122	72.7	71	78.9	83.6	92.4	98.3	105.8	109.3	124.3	164.5	180.8	186.6	186	177.1	169.6	176.2	166.3	141.5	123.7	113.9	110.6	118.4	137.3	145.8	147.4	122.4	87.8	94.4	108.5	92.5	86.9	133.8	111.2	65	72.3	76	95.2	145.1	161	148.6	135.1	128.4	124.4	122.1	121.7	131	145.6	143.3	136.6	139.2	154.1	171.5	184.1	193	210.4	237.8	271.2	300.8	329.8	357.6	374	359.5	335.4	323.3	291.5	260.9	228.5	198	177.8	166.6	158.8	155.6	158.5	168.9	188.6	182	152.4	147.2	151.6	139.5	115.1	109.1	131.6	146.5	161	167.8	159.8	154	150.2	137.4	116.4	94.5	80	80	92	109.4	116.4	117	116.7	108.6	97.3	91.4	89.5	96.8	112.6	136.8	152.1	158.4	163.6	163.8	164.8	168.2	169.6	176.1	180	181.2	184.5	184.2	181.7	183.3	176.5	167.6	156.1	140.2	110.4	80.5	73.4	76.7	72.7	69.3	62.8	48.8	31.8	25.4	30	43.7	58.7	56.3	47.9	45.8	56.4	70.3	168	268.9	309.6	297.1	286.5	311.4	313.2	311.4	310.2	311.4	312	308	317.4	318	316.2	316.2	317.2	310.6
443.4	436.8	430.2	414.6	403.8	396	390.6	385.2	378	367.2	358.2	352.2	354.6	355.8	339	319.8	322.8	326.4	319.2	316.2	316.2	315.6	315.6	248.8	181.1	153.1	145.7	143.3	138.6	136	133.6	136.5	137.7	136.1	126.5	75.9	66.8	75.3	84.7	97.3	105.4	111.2	113.2	129.9	166.7	184.7	191.6	189.2	182.8	174.1	169.8	150.1	126.7	113.9	117	126.5	132.1	148.8	159.2	156.8	132.1	103.4	104.2	106.8	104.7	102	121	116	103.2	112.4	117.6	140.4	191.1	216.3	219.1	204.5	181.3	164.6	170.2	166.3	159.8	166.4	172	161.4	150.1	155.2	165.4	177.4	190.1	209	237.7	269.5	293.9	319.1	341.8	357.4	346.3	331.7	314.4	279.7	248.7	215.7	187.4	170.8	161.2	159.7	156.9	166	180.7	197.4	188.5	166.3	159.5	140.2	133.5	148.8	155.7	160.9	163.9	164.3	165.6	165.6	160.5	154.2	153.6	152.7	152.1	148.8	160.5	162.5	162.5	160.6	144	127.9	120.6	111.9	111.9	107	106.5	113.6	126.2	138.7	149.2	158.3	163.7	169.1	173.3	173.2	175.5	178.8	179.5	182.2	185	186.1	185.8	183.3	175.7	161.9	141.4	111.8	80.7	73.9	83	76.9	74.8	69	55.2	36.2	27.7	31.6	48.1	60.9	56.9	49.5	46.8	57.4	83.3	176.7	247.8	303.3	309.6	287.8	302.3	313.2	310.8	310.2	311.4	313.8	315.3	295.4	317.6	313.8	315.6	318	305.1
440.4	429	427.8	414.6	403.2	394.8	387.6	383.4	375	365.4	357.6	352.2	355.8	357	339	319.8	322.2	326.4	319.8	315.6	315	316.2	315.6	258.6	198.6	157.3	145.8	144	138.6	134.7	134.2	136.5	137.1	136.8	135.4	81.9	62.5	74.1	90.4	103.7	112	114.7	115.7	133.5	170.8	184.9	195.1	193.3	186.3	175.1	166.3	147.3	126.1	116.4	125.7	134.7	141.2	156.5	166.5	158.7	137.2	110.4	107.1	108.3	108.7	106.6	110.2	107.9	106	113.7	117.9	146.6	195.1	214.9	216.9	205.6	182.7	161.9	159.8	163.6	162.3	167.5	178.3	169.3	159.7	158.2	166.6	180.4	193.7	216	243.9	275.8	303.5	324.4	338.1	354	349.6	335	316.7	282.9	244.9	213.4	189.5	172.4	163.2	160.4	156	161.9	179.3	189.9	184.5	173.7	165.7	145.7	145.5	162.6	164.3	161.9	160.9	160.5	163.2	166.3	163	155.7	154.4	152.6	153	153.1	161.1	165.2	181.3	172.7	145.7	132.3	131.2	125	126.7	123.8	124.4	126.3	132.6	142.1	148.8	157	164.7	171.3	180	178.5	178.8	182.3	184.8	185.3	187	187.4	187.9	184.4	176.8	164.2	143.4	113.2	82.9	82.1	87.5	75.3	67.7	66.1	54.7	37.6	32.6	41	56.1	58.9	54.1	47.4	48.9	58.7	91.6	187.9	246.4	299.9	309	288.6	287.7	312	311.4	310.2	311.4	313.8	312.7	301	312.7	308.9	316.2	318.6	319.5
445.2	436.2	430.8	419.4	406.2	393	387	381.6	367.2	360.6	354.1	353.4	358.2	355.6	336	318.6	318	321.9	318.6	314.4	316.2	316.2	298.1	264.1	213.3	160.9	146.5	142.7	138	134.9	135.4	139.6	135.9	135	137.4	83.9	59.8	72.1	90.6	110.7	119	120.7	119.5	137.8	175.2	189.3	199.9	199.8	193.4	182.1	163.3	143.3	130.9	123.9	138.1	151.7	159.2	173	179.7	175.2	164.5	137	118.1	115.7	116.8	116.7	115.9	113.1	109.7	106.7	129.7	176.3	205.7	207.4	198.9	189.2	172.7	160.5	163.3	177.6	185.7	165.2	173.8	186.6	177.3	164.5	172.1	184.4	196.4	213.9	237.8	265.5	291.1	314.2	327.4	335.7	334.8	328	310.1	279.1	241.3	207.5	184.3	170	168.1	164.3	158	159.9	170.7	173.7	174.8	178.7	177.1	171.8	165.4	155.8	146.5	139	138.8	139.4	141.9	153	147.1	143.4	148.9	138.3	142.4	150.7	155.7	145.1	152.6	156.7	148.4	141.2	149.5	155.2	151.6	155.8	153.9	149.8	151.1	152.6	152.6	160	166.7	174.3	182.5	186	182.5	184.1	189	189.8	189.9	187.3	189.1	186.5	177.5	168.2	150	117.7	85.4	82.6	92.5	80.3	70.3	66.7	54.2	39.8	36.8	45.7	57.3	57.4	51.5	47.2	50.2	61.7	106.2	202.2	238.6	284	307.8	307.5	296.1	296.4	299.4	310.8	311.4	313.2	316.2	317.8	317.7	309.6	312	319.2	319.2
449.4	439.2	429.6	419.4	406.2	393	387.6	378.6	364.8	360.6	357	352.2	357	350.4	333.6	316.6	305.5	308.9	318.6	313.8	315	316.2	292.5	260	206.4	163	147.2	142	137.4	136	136	140.3	136	135	137.5	91.6	59.3	70.1	94.9	122.6	131.6	126	123	139.5	173	189.2	200.2	202.8	197	182.4	165.1	150.9	137.8	132.8	144.4	158.6	168.2	175	184.7	182.8	171.2	145.6	119.3	111.5	110.7	106.8	105.6	103.3	102	105	132.8	174.1	193.8	191.7	177.8	167.6	158	160.9	169	185.9	198.9	170.5	174	190	185.1	170.4	181.6	193.6	205.2	227	245	270.5	298	318.6	331.7	340.1	335.1	324.3	305	274.3	242.3	210.2	188.8	179.1	179.3	175	172.1	169.7	173.1	179.1	178.8	182.8	180.6	179.7	172.1	158.6	143.1	135.2	134.7	135.7	140	149	143.2	146.1	150.5	140.2	146.6	157.6	158.8	147.2	152.6	157.5	155.8	151	154.7	159.7	160.3	165.2	162.3	158.6	158.9	156.1	158.6	164.4	172	178.6	184.7	188	188.6	187.5	190.7	191.8	191.1	186.8	190.3	186.6	178.4	169.2	149.6	116.9	84	79.4	88.9	78.1	65.8	63	58.2	58.2	57.3	58.7	55.6	51.9	48.2	51.4	54.7	66.8	117.3	211.1	233.7	270.5	296.4	301.7	305.1	295.2	285.4	298.8	311.4	312	316.2	319.2	315.5	310.2	311.1	319.8	315
449.4	438.6	421.8	410.4	400.2	391.2	382.2	373.8	363	361.8	354.6	351.6	351.6	347.2	330	297.6	299.5	319.2	317.4	312.4	301	296.7	292.4	281	222.6	182.9	155.4	142.6	138.6	136.7	140.3	141	136.3	135.8	138.4	96	60.5	69	95.5	129.1	133.6	130	130	139.7	174.3	196.8	208.4	212.8	206.9	193.1	181.1	169.7	162.4	159.1	160.3	169.5	177.7	184	186.2	184.9	184.5	175.1	158	136.3	120.9	111.6	108.7	115.1	142.7	158.6	158.3	160	153.9	146.6	141.8	139.1	145.4	160.1	170.5	177.1	185.6	190.2	197.9	195.9	190.2	186.6	188.7	192.6	203.9	224	239.8	256.7	286.7	309.4	321.3	334.6	326.9	310.7	297.2	266.3	233.9	206.6	188.8	180.3	184	185.4	184	180.2	177.8	181.2	184	185.4	183	184.3	181.7	171.4	162.8	155.6	147.2	144.1	154.1	159.1	161.9	173	174.7	175.9	174.2	177.2	177.9	172.6	171.6	169.9	169.3	167.9	166.5	170.2	177	181.5	182.2	184	181.8	176.5	174.8	178.9	185.3	189.2	195.4	197.9	194.9	193.8	193	193.5	192.2	189.5	190.1	190.5	182.4	171.7	153.5	116.8	82.9	77.6	88.5	78.5	67.8	64.6	64.4	63.7	61.2	58.3	56	52	50.8	54.5	59.6	80.6	145.3	246.1	263.8	273.7	299.2	293.2	305	311.8	283.3	283.4	309.9	311.8	315.7	323.4	320.4	318.6	317.4	318.6	316.6
444	434.4	419.4	406.2	397.8	388.2	380.4	372	361.8	360.6	354.6	352.2	349.5	348	330	309.4	312.7	319.2	316.2	304	301.1	296.1	298	284.8	242.1	194.9	155.4	144	138.7	136.1	139.1	138.4	136.3	135.8	138.4	94	65.7	66.8	91.3	126.4	138.3	147.7	141.4	143.1	177.8	201	211.3	214.3	208.9	198.3	185.6	177.3	173.6	172.4	171.6	176.2	184.6	188.6	186.2	186.7	187.1	181.9	168.2	152.1	138.9	127.5	122.3	126.2	161.9	173.8	153.3	154.1	150.2	147.8	151.3	154.8	164.1	174	179.3	190.3	202.2	210.9	219.3	213.3	203.8	198.3	198.4	203.5	212.6	231.8	242.5	256.6	290.9	311.2	319.7	333.2	323.6	308.9	291.7	262.3	235.6	204.8	189	187	194.1	200.3	197.8	192.7	190.5	194.3	193.9	189.4	186.5	188	183.9	178.2	178.7	172.6	162.3	154.3	159.2	162.6	163.9	176.9	180.4	182.2	180.6	181.8	179.2	173.6	171	172.9	177.2	175.6	176.4	180.8	189.3	194.3	196.9	196	195.3	189.5	186.3	187.6	192.6	199	200.6	199.8	197.5	196.9	196.1	192.4	192.4	193.6	192.9	190.8	184.1	174.5	153.1	114.3	81.7	77.6	79.6	68.5	67.8	69.6	74.9	75.5	65.4	59.2	54.3	52.2	56.3	58	63.1	92.7	169.4	272.4	279.9	284.9	309.6	307.3	310.4	313.8	295.2	284.8	303.4	304.7	306.5	324	320.4	319.2	317.4	317.2	315.9
439.8	431.4	418.8	406.2	390.6	382.2	378.6	370.2	364.8	361.8	355.8	355.8	356.4	343.2	327.6	317.8	315	319.8	315.1	313.8	315	307.8	300.1	290.8	270.9	209.3	163.2	150.1	140.8	137.4	137.3	136.7	137.5	135.8	138.4	97	66.7	66.8	92.8	130.4	141.6	152.6	144.9	146.9	185	209.1	218.7	225.7	219.4	207.9	203.7	200.1	195.8	200.4	196.6	190	192.7	195.4	193	189.2	186.2	182	179.9	175.5	167.9	158.1	151.4	156.1	167.2	167	163.6	161.9	175.3	180.8	173.3	180	193.8	200.6	205.1	219.1	231.3	230.9	223.5	208.8	204.9	201.9	201.1	205.6	215.9	227.9	236.1	253.7	289.7	313.5	322.7	333.1	324.7	310.8	294.7	262.5	235.1	207.2	193.5	187.8	192	201.1	205.5	201.1	199.3	201.5	195.3	190.6	190.3	189.4	184.2	188.8	194.8	196.9	207	209.9	203.4	196.9	193.6	191.5	190.2	195.6	200.6	198.9	197.3	189.3	184.7	191.3	195.1	198.1	202.4	205.5	211.2	213.7	212.9	211.4	214.9	213.5	211.8	210	211.4	209.5	211.5	210.4	203.6	197.6	201.1	199.9	198.9	200.3	195.3	190.4	182.4	174.4	155.3	116.6	84.9	78.2	74.8	67.5	66.5	68.4	76.3	79.2	68.8	60.2	56.5	54.3	57	61.1	74.1	127.7	204	283.7	298.7	298.1	309.6	311.4	310.4	313.8	313.2	304.3	290.7	311	321.6	327	322.2	318	316.2	317.4	297.8
439.8	431.4	421.2	405	389.4	383.4	378	367.2	366	361.2	355.8	354.6	354	341.4	319.2	316.4	315.6	319.8	319.2	313.2	315.6	308.3	298.7	302.2	287.6	222.6	170.2	152.2	142.8	138.1	136.7	135.4	136.8	135.7	139.6	104.1	69.8	74.8	96.6	129.6	148	166.2	152.1	147.7	189	210.6	218.7	225.8	220.5	211	210.8	207.7	204.8	207.1	204.7	199.6	199.6	202.4	199.4	194.6	193.6	191.6	188.4	183.9	176.2	167.9	163.5	170.6	173.3	173.1	176.7	177.2	192.9	195.1	181.1	188.5	199.4	208.5	213	228.7	246.7	248.6	237.2	216.1	209.2	205.9	204.7	209.7	216.8	223.4	232.2	256.7	295.9	318.7	330.8	338.5	326.7	316	297.5	261.6	235.5	208.7	196.1	190.8	194.6	207.4	212.9	214.4	217.1	218.2	214.3	205.7	203.5	197.9	192.1	201.3	201.9	205	214.8	220.1	221.4	216.5	215.2	211.8	207.6	209.3	217.9	214.5	213.3	213.4	211	215.1	216.5	217.5	222.6	224.1	228.1	224.7	220.2	220.7	223	220.9	219.5	217.3	214.9	210.6	210.5	212	204.4	198.4	202.7	201.7	202.4	198	192.4	189.5	182.8	171.2	151.6	109	81.3	74.3	70.8	68.2	71.7	78	79.2	79.1	71.5	62.8	57.5	55.5	57.7	63.9	82.1	145.7	215.5	279.8	297.1	293.2	309.6	311.4	313.2	314.4	313.2	306.5	292.8	310.3	321.6	327.6	321.6	318.6	315.6	318	296.3
448.8	429.6	416.4	403.2	390.6	384	373.8	367.8	366.6	352.2	339.5	356.2	354	325.6	295.6	310.1	303.7	315.6	316.2	308.3	315.6	319.2	317.4	315.6	317.4	260.4	185.7	185.8	166.6	140.9	137.5	137.4	138	135.4	136.8	105.2	73	75.7	97.2	130.8	154.5	170.9	152.1	150.5	191.2	211.5	217.3	222.7	223.2	221.8	222.1	220.3	218.3	219.3	219.3	214.5	215	213.2	215.1	214.6	211	208.3	210.1	206.5	205	193.3	185.1	201.1	193.3	194.7	201.9	205.4	206.3	203.1	206.1	212.3	216.3	217.8	223.4	234.4	246.8	243.6	228.6	216.7	215.4	218.2	213.5	208	210.9	221.4	238.3	264.2	301.4	321.7	336	342	331.6	320.1	297.1	265.4	241.4	217.8	196.1	195	198.3	207.5	212.7	224.7	229.3	230.4	228	218.2	213.7	210.4	206.5	214.5	221.1	225.4	223.7	228	233.8	237.2	241.8	248.2	252.8	255.9	257.7	254.6	255.5	262.7	264.7	265.9	263.2	258.5	248.3	246.9	245.6	239.3	232.2	231.4	229.3	227.1	227.5	226.1	224.4	217.1	213.5	215.4	213.7	207.2	204.9	204.8	204.3	203.1	195.1	186	181	173.5	151.2	108.1	79.5	70.6	71.7	71.6	73.6	79	77	75.5	72.1	63.8	60.2	60.1	63.2	73.5	102.9	168.6	247.1	290.4	277.7	278.1	286.4	299.6	313.8	315	313.8	303.6	287.1	289.1	317.9	315.7	296.3	300.1	315	316.2	316.2
451.2	429	413.4	400.2	390.6	384	371.4	367.8	366.6	351.4	348.7	358.8	354	320	299.8	310.9	298	311.5	314.2	303.4	317.4	318.6	317.4	316.2	317.4	258.3	197.6	200.5	177.2	143.7	137.5	136.8	137.3	135.4	136.1	110.7	78	75.6	99.1	136.4	157.8	169.8	151.3	149.3	191	208.3	212.6	218.7	219.1	223	221.7	218.2	220.3	220.3	222.9	221.6	219	219.9	221.7	224.8	222.4	220	221	218.1	216.2	205.7	197.8	211	206.3	208.7	214.8	214.2	215.7	216.6	219.3	223.9	224.2	230.2	241.6	253.5	261	246.8	226.7	223.3	226.3	223.1	220.2	214	214.8	226.8	246	271.6	291.6	311.8	331	337.5	323.9	311.8	288.8	259.8	240.2	220.6	201.7	198.1	204.7	210.8	212.1	227.5	241.7	243.3	243.3	240.2	238.1	233.2	223.9	226.1	234.4	235.4	234.6	236.7	243.1	250.5	254.8	260.3	263.7	273.7	280.3	276.9	277.2	282.5	283.7	282.5	280.3	274.2	262.6	253.6	248.4	241.5	234.8	235.5	234	230.8	228.5	231.2	226.6	219.4	214.9	215.8	212.6	204.8	202.5	202.4	203.7	201.8	195.1	188.1	183.3	174.6	149.9	104.8	79.4	73.2	79.5	81.5	85.1	86.8	73.5	73.8	76.9	69.8	68	77.3	84.2	97.9	125.9	187.3	263.2	303.9	285.4	274.6	282.1	293.3	302.6	315.6	313.8	311.7	293.3	294.5	315.6	315	296.4	298.1	315	316.2	316.2
439.8	423.6	413.4	403.8	393.6	379.2	370.8	372	365.4	359.4	355.8	359.4	352.8	337.8	327.6	320.4	313.8	314.4	309.5	299.7	316.2	316.4	291.9	315.3	310.3	280.3	246	219.6	192.4	161.8	149.2	142.4	141.5	138	135.4	117.6	82.5	77.8	104.4	139.9	154.5	168.8	152.9	155.1	192.7	211.2	216.8	219.2	221.3	227.4	224.8	222	227.9	230.6	231.4	237.5	238.1	237.6	243.7	240.7	243.3	242.1	240	242.9	243	228.7	225.1	236.9	236.5	238.8	247.5	252.4	248.1	247.5	245.3	240.7	243.5	245.1	254.7	257.9	250.5	236.1	230.6	232.7	225.4	216.5	213.5	211.2	214.4	224.4	249	275.8	293.9	307.8	323.5	327.2	316.1	307.9	289.3	261	234.7	221.4	209.3	201.9	205.8	205.6	212.5	230.3	244.5	247.5	248.4	249.9	254.2	257	247.2	240.4	242.5	244.2	254.1	259.7	254.7	256.2	265.5	266.1	271.1	277.9	287.7	293.8	298.4	305.8	301.8	294.2	289	282	268.2	258.2	248.5	244.5	246.2	247.4	246.1	241.5	240.8	240	235.2	228.9	223.7	222.4	216.3	208.4	204.2	199.8	199.9	198.2	197.1	192.3	182.9	175.2	155.7	110.5	77.5	72.1	77.5	79.4	84.8	83.4	73.5	71.6	76.5	72.8	72.8	84.1	97.9	138.4	183.3	200.7	248.8	301.9	296.7	299.1	310.8	306.7	294.3	311.4	315	315	318.6	318.6	322.2	324	301	291.8	291.8	306.7	316.2
432	423	418.2	409.2	400.2	387.6	375	372	366.6	359.4	353.6	354.8	354.6	342	331.8	323.4	319.2	317.4	310.1	297	312.1	297.8	285.6	310.8	312	289.7	253.4	215.4	191.7	169.4	156.2	147.9	143	139.4	137.4	130.9	99.7	92.3	119.3	147.8	148.5	148.5	140	147.2	186.2	208.3	218.5	216.3	219.7	224.8	223.5	225.6	226.7	231.3	235.3	237.3	240.5	242.2	246.5	247.7	249.9	251.5	251.6	253.2	252.1	245.4	236.4	241.5	247.7	246.9	253.4	258.1	261.6	261.2	260	261.3	268.4	275.7	278.8	271.9	256	242.1	237.2	232.4	222.1	216.7	218.6	217.2	213.4	220.6	247	271.9	297.8	312	325.6	330.7	314.2	301.2	284.4	256.9	232.5	222.7	214.8	208.9	206.4	206.3	216.4	228.1	239.2	247	248.2	252.1	263.3	269.2	265.7	264.5	261.9	264.4	270.4	269.8	261.8	264.5	269.9	272	279	282.4	289.8	299.7	307.6	315.8	323.3	309.8	300.8	291.3	279.9	270.3	255.1	247.4	247.7	254.3	253.6	247.7	244.1	242.5	238.9	229.1	228.6	224.6	218	212.4	206.9	201	199.2	193.6	191	188.3	182.9	174.1	151.1	109.5	77.8	70.9	79.4	84.8	86.1	84.1	74.4	69.2	77	83.7	78.1	86.6	106.3	151.3	199.4	209.7	258.8	292.8	289.8	290.8	312	310.8	307.8	315	315.6	316.2	318.6	319.2	321.6	322.2	306.4	292.9	290.5	301.9	313.2
431.4	432	420.6	408.6	391.8	375.6	373.2	369.6	361.2	358.8	359.4	357.6	348	339	320	308.5	319.2	315	311.8	304.3	306.6	308.3	316.4	319.2	319.2	285.8	231.2	207.5	198.7	191.2	182.1	170.4	159.2	152.7	146.5	139.8	105.6	92.9	118.6	149.3	154.8	162.8	153.6	157.9	191.5	210.8	216.9	219.4	225.9	227.5	226	229.9	235.7	239.6	244.5	244.9	248.8	252.4	258.9	264.2	269.3	275.2	275.3	275.4	273.4	267.6	268.1	274.2	276.9	273.8	269.2	273.7	279.6	282	279.7	283.1	286.8	285.7	276.3	263.6	252.4	244.2	243.2	239.3	224.6	216.7	217.9	216.4	219.8	235.6	257	277.8	307.5	318.4	328.7	333.9	317.6	299.7	275.7	256.1	235.5	222.7	219.1	212.8	206.9	209.5	216.1	220.9	229.4	245	251.7	259.5	272.1	279.3	285.1	285.7	278.4	271.3	274.5	282.3	277.8	275.7	278.3	275.3	284.7	293.9	298.8	309.2	319.6	322.4	320.2	315.3	309.3	302	287.8	276.8	274.3	263.5	262.8	265.9	259.1	251.8	249.6	244	239.9	233	232	230.5	220.8	214.9	206	201.4	200.9	193.7	184.4	184.1	179.5	169.7	154.5	109.5	74.3	70.1	78.1	83.6	88.2	85.4	75.9	77.9	88.3	103.4	108.3	118.1	143.4	180.6	221.3	244.7	278.5	307.2	313.2	301.1	282.6	299.5	314.4	318.6	321.6	319.8	323.4	322.2	316.4	314.2	307.9	307.1	315.2	315.6	296.6
439.2	436.2	422.4	408.6	391.2	371.4	373.2	367.8	361.8	358.8	359.4	355.8	346.2	339	302.7	294.7	318.6	315	306.9	306.2	307.9	318.8	324	321.6	317	268.9	219.3	203.5	198.8	194.1	187.1	180.9	167.2	157.1	148.6	133.5	100.9	90.2	118.5	152.4	157.6	166.8	158.8	154.5	182.9	207.2	214	214.7	220.6	223.6	226.4	230.3	233.8	234.7	240.8	241.9	247.8	251.3	259.1	264.6	274.8	280.7	279.8	283	285.8	280.9	280.7	284	288.4	290.7	289.9	296.2	296.3	301.9	303	301.6	299.2	294.1	279.6	258.2	248	243.8	236.1	236.5	226.6	217.1	218.3	215.4	221.9	237.9	255.2	276.5	313.9	329.2	330.9	334.2	314.9	292.9	274.8	255.3	236	224.6	219.7	212.4	207	212.2	218.7	222	223.6	236.4	249	257.2	269	275.4	285.8	293.3	291.5	285.3	287.2	292.6	289.9	287.8	289.5	288.1	293.5	301.5	312.4	320.4	325.5	327.8	321.1	317.8	316	311.2	296.3	282.5	279.9	271.6	267.7	267.4	257.7	249.3	248	243.4	235.2	233.3	235.9	233.8	223.7	216.5	206.6	198.8	194	190.6	184.3	180.8	174.6	165.8	146.5	105.1	74.8	70.6	76.3	83.8	90.6	83.3	79	83.4	90.7	104.5	123.6	135.3	156.9	195.3	226.7	249.2	280.7	305	313.2	306.7	281.2	285.4	308.1	318.6	319.8	319.2	323.4	321.6	306.7	303.8	304.5	310.4	318	319.2	294.5
451.2	441	427.8	408	388.8	377.4	372	367.8	366	352.4	336.5	331.8	345.6	326.8	300.4	308	319.8	317.4	313.8	308.3	305.8	324.6	326.4	324	289.1	231.1	192.3	173.9	174.8	180.9	187.9	191.9	189.3	172.5	161	134.6	103.8	92.6	116.3	150	157.7	168.6	165.6	154.7	178.4	203.6	213.8	213.7	221.4	230.2	233.9	235.7	231.1	234.4	242	246.6	256.2	258.4	265.2	275.1	284.1	292	297.2	293.5	297.1	298	292.7	286.5	292.9	302.4	301.6	303.8	304.1	308.1	307.2	301.3	297.1	286.9	270.9	255.2	247.7	237.8	236.4	234.3	224.9	220	217.7	214.7	223.2	239.5	253.9	273.1	306.2	327	332.8	331.5	314.6	296.6	280.1	260.6	243.7	229.7	220.3	215.8	211.8	212.2	219.4	225.4	227.7	238.2	250.8	259.2	273.3	279.4	285.3	303.6	309.2	304.8	302.9	298.4	296.3	295.6	297.8	301.1	296.3	297.4	311.7	324.3	320	321.8	326.5	321.5	316.5	314.9	310.6	300.7	292	282.7	277	271.9	265.8	249.5	246.5	247.4	239.3	233.4	237.5	235.2	227.4	218.6	205	196.7	193.7	187.3	184.2	180.5	172.6	164.4	144.4	103	72.6	69	76.8	90.1	98	95	96.6	103.7	108.7	119.3	132	145	155.5	175.2	216.5	252.4	287.4	305.8	310.7	312.1	308.9	292.6	286.2	295.3	307.1	317.6	322.8	319.8	321.6	316.2	311.7	318	319.2	319.8	317.4
451.8	440.4	427.2	405.6	390.6	378	373.8	370.8	367.2	358.8	341.4	339.5	345.6	324	307.4	317.1	320.4	318	314.4	313.2	303	323.4	326.4	324.6	279.3	220.7	185.1	166.9	167.1	172.3	181.6	189.9	189.3	173.4	165.9	120.6	98.9	88.7	111.9	147.4	152.9	165.8	163.8	153	173.7	201.6	212.3	213.2	218.1	227.2	234.6	237.2	228.2	232.5	239.6	246.1	255.9	258.6	267.6	275.9	281.9	292.9	300.1	300.7	304.5	307.6	301.8	300.6	306.4	313.5	316.5	311.3	313	319.4	318.3	308	297.3	286.9	271.4	258.6	246	234.6	234.4	229.7	221.7	220.4	216.9	214.5	224.5	242.3	258.9	281.5	314	331.9	345.6	341.8	316.6	298.6	278.9	260.8	247.6	232.9	221.7	214.1	210.3	209.2	215.4	219.5	223.5	234.9	245.7	258.5	270.2	274.7	286.5	304.3	315.9	319.1	319.5	313.3	309.5	310.3	316.2	315.3	307	304.9	312.9	323	322.3	325.8	332	324.2	318.5	317.1	315.6	307	295.5	290.9	284.7	274.9	267.5	250.6	245.4	246.6	236.5	229.3	234	233.7	225.8	215.1	201.9	198.4	194.9	185.2	181.6	176	168.3	156.8	139.3	99.6	71.4	73.3	81.7	93.4	99.6	96.1	102.8	110.9	115.9	126.2	137.7	143.7	153.1	158.5	194.8	247.7	297	309.7	313.4	307.6	305.9	298.2	288.4	287.5	303.4	318.7	321.4	319.8	322.2	325.8	318.6	318	319.2	318.6	316.2
447	436.8	417.6	403.2	388.8	381.6	382.2	376.2	369	358.2	358.2	353.4	347.4	340.8	328.2	320.4	321.6	319.2	316.2	313.8	300.6	309.5	326.4	316.4	274.4	227.4	184.8	165.9	162.6	158.7	157.7	166.8	176.6	181.6	181.3	133.9	107.2	91.3	98.7	130.3	148	161.9	159.4	151.3	169.9	201.6	211.6	214.4	221	227.6	233.9	237.5	237.7	237.6	240.3	249.2	256.8	260.7	267.3	277.9	282.6	292.7	298.6	304.6	308.8	310.1	308.7	315.9	323.3	323.9	325.8	321.7	312.3	316.4	318.9	313	291.6	286.8	280.1	263	249.9	236.6	229.9	233.1	224.5	215.9	211.1	212	226	240.3	255.8	281.2	315.4	326.4	334	340.2	318.9	294.7	274.3	261.2	246.8	234.4	223.5	218.3	217.3	219.3	218.6	216.9	220.5	227.4	234.2	246.9	257.6	268.6	280.4	291	316.7	327.3	329.1	328.3	326.2	326	327.3	325.1	315.9	308.8	305.4	311.1	318.4	322.1	318.9	312.2	321.5	319.5	312.4	311.2	307.3	295.6	295.1	287.5	274.2	259.6	249.2	243.9	235.9	230.2	231	230.5	224.6	216.1	204.7	199.8	198.1	190.3	181.1	175.5	165.6	156.3	144.9	119.4	85.8	75.3	82.4	91.1	101.9	104.5	113.2	117	118.9	127	134.8	130.9	124.7	126.3	148.4	195.5	270.1	304.3	315.3	313.9	304	301.3	308.6	300.3	299.1	322.8	320.4	318	322.2	327.6	319.2	318.6	320.4	316.2	315
448.2	435.6	414.6	405	390.6	383.4	383.4	376.2	369.6	359.4	357.6	352.8	348	340.2	328.8	322.2	321.6	319.2	313.2	289.3	282.6	316.2	324.6	306.6	258.2	201.4	172.2	163.1	161.9	158.5	155.5	164.7	178.7	183.6	177.9	123.8	94.2	86.4	111.5	140.2	146.5	159.3	152.6	145.8	165.4	195.1	205.8	210.3	220.5	227	229.5	239.2	237.6	234	240.1	246.5	250.9	257.5	265.1	273.8	286	297.1	296.6	297.8	300.1	305.9	315.9	330.2	342.8	332.8	333.7	329	328.1	330.8	321	311.7	288.6	276.5	271.4	255.3	231	222.6	225.4	221.3	217.5	220.6	217.1	220.2	232.4	247.6	267.3	299.1	324.6	328.7	336.7	336.4	322.7	299.7	276	257.4	242.1	229.1	220.3	217	214.6	215	211.9	211.8	215.3	220.4	229	238.7	253	269	277	297.8	320.4	325.3	330.6	334	338.6	336.6	332.2	329.9	323.2	323.7	320.6	320.6	328.5	329.6	322.5	314.8	319.4	321.3	312.1	307.7	303.9	298.2	296.3	285.8	267.3	258.5	246.2	241.6	233.6	227	228.2	226.6	219.1	212.1	205.8	199.7	192.7	188.9	181.5	167.1	159.6	150.5	136.8	105.3	69.4	72.6	91.3	102.1	115.1	118.5	122.3	123.9	125.9	123	116.1	108.8	103.5	117.5	150.8	238.2	285.6	294.3	321.9	321.9	303.9	308.2	307.8	288.6	304.1	322.2	319.8	317.4	322.2	327	318	310.1	321.6	315.6	314.4
448.2	425.4	409.2	405.2	391.8	385.2	384	378.6	370.8	359.4	358.8	351.6	346.2	340.8	330	321.6	322.2	319.2	299.7	273.7	287.2	309.9	319.2	322.8	281.2	207.7	177.4	165	163.1	160.5	158.1	163.1	165.3	172.3	181.1	137.7	100.8	89.2	115.5	143.5	143.2	150.3	144.5	141.1	159.9	189.7	203.9	208.5	214.3	218.4	224.2	235.4	232.9	232.7	237.8	242.6	249.9	259.4	265.5	270.8	281.1	288.7	290.4	299.3	302.9	312.5	326.9	335.2	339.5	335.5	334.5	333.7	330.4	327.7	312	302.4	298.1	288	270.1	250.5	232.4	219.4	221.2	219.2	216.8	219.4	218.1	221.4	233.2	246.9	265.2	291.5	315.6	324.6	332.5	333.5	313.2	289.3	267.1	249.2	239.7	226.5	215.6	209.4	207	206.9	210.5	214.5	220.4	226.2	236	236.7	241.9	259.8	272.4	294.5	313.2	325.4	325.3	332.7	346.7	344.7	338.5	335.9	333.1	340	340.3	335.5	329.2	325.5	319	319.8	321.2	316	308.8	306.5	301.2	298.5	297.6	284.6	262.9	258.8	256.9	247.8	236.9	227.8	221.2	215.6	213.3	207.4	204.4	201.3	193.9	192.1	183	167.6	157.5	148	137	107.7	71.7	69.3	92.3	114.4	125.1	124.6	123.5	117.9	106.2	95.9	96	95.9	93.9	100	142.9	231.4	290.6	312.3	332.4	328.2	320.4	318.8	323.4	315.9	310	310.1	294.7	313.2	321.6	323.4	313.4	293.3	292.9	302.4	314.4
443.4	421.2	403.4	405.3	391.8	386.4	384.6	379.2	370.8	359.4	357	349.8	343.5	341.4	327.8	322.2	321.6	318.6	301.8	282.8	299.8	317.4	318	320.4	273.8	211.7	180	166.4	162.5	161.8	160.1	165.1	167.3	167.3	182	154.7	105.3	91.2	117.9	143.1	139.6	146.2	144.3	140.6	155.7	184.7	201.3	208	213.9	216.5	225	229	230.3	234.2	235.4	238.9	250	261.2	265.8	268.5	278.1	283.6	288.2	301.3	310.9	324.3	330.8	337.3	343.8	335.4	331.3	333.7	326.3	321.8	307.6	296.6	295.2	283.7	260	239.1	226.6	216.1	217.7	218	218.9	222.9	226.1	228.8	237.7	246.1	260.9	294.9	311.9	322.5	327	320	304.6	290.5	268.7	251.6	240.6	227.9	217	211.1	207	206.1	208.5	214.6	218.7	225	233.6	231.6	238.8	256.7	269.2	287.6	306.6	320.1	324.5	330.2	339.2	340.8	336.7	340.9	347.7	341.7	336.4	335.1	335.3	333	326.8	324.3	319.7	316.8	314.3	309.3	303	299.7	293.7	281.6	265.2	256.1	252.2	242.9	230.8	225	216.9	210.7	204.1	199.9	199.6	194.2	190.3	186.2	176.5	162.4	152.9	147	133.5	105.1	70.4	63.6	89	118.8	127.8	129.6	123.2	106.4	92.2	86.1	86.6	90.3	93.8	123.5	186	238.8	303.8	327.6	333	328.2	320.4	322.2	324.6	322.8	321.9	310.9	286.3	306.1	321.6	322.8	316.2	301.6	292.2	305.2	313.6
427.2	413.4	412.2	400.2	393	393	376.6	378.4	369.6	359.7	357	338.8	342.3	339.6	330.6	321.6	320.4	318	315.1	316.2	313.8	315.6	318.6	304.1	267.6	221.1	187.9	171.6	166.6	166.5	167.9	182.2	186	174.3	168.6	157	119.3	96.9	120.4	144.1	136.9	146.9	144	137.7	154	178.7	196.8	205.5	214.3	219.6	223.5	226.9	226	231.1	235.9	240.2	253.6	264.5	271.3	271.9	275.4	286.3	293.6	308.1	317.3	321.8	330.3	332.9	334.5	332	315	308	307.9	303.2	301.3	301	299.2	285.3	259	236.1	218.6	212.7	207.3	208.7	212.3	218	222	230.4	239.4	243.6	251.7	285.7	311	314.8	318.9	317.7	305.6	292.1	271.2	248.8	235.9	226.2	219.9	212.5	206.1	200.8	197.1	201.7	208.4	216.6	227.8	231.9	232.9	244.3	261.2	280.7	292.6	303.5	317.3	328.2	340.1	353.2	345.9	345.4	344.8	332.3	334.1	337	332.6	331.3	322.6	319	315.8	309.1	308.1	305.8	297.8	300.2	294.4	276.7	266	255.7	242	234	226.4	222.9	215.7	212.2	204.1	196.8	190.2	187.5	187.1	184.2	172.5	158.4	149.3	139.5	129.4	101.9	69.6	68.9	95.8	123.4	131.3	122.8	103.6	91.3	86.4	82.1	84.2	89.8	100.1	137.7	185	226.9	287.7	314.1	336	331.8	322.2	326.4	327	324.6	324.6	321.6	314.6	314.1	320.4	319.2	314.4	319.8	299.4	315	315
423	411	407.4	396.6	392.4	387	377.3	378.6	367.8	362.4	357	329	342.9	340.8	330.6	322.2	320.4	318.6	318.6	316.2	314.4	316.2	318.6	311	276.3	226.8	191.9	175.5	168.6	170.3	167.9	184.4	188.3	179.2	168.6	171.4	148.9	104.6	123.2	144.4	140.4	147.8	144.3	137.4	148.9	170.3	190.7	207	213.8	213.2	218.4	221	220.1	231.4	238.7	244.7	255	263	271.9	280	284.8	293	301.8	312.7	325.2	328.3	330.3	330.7	324.6	323.6	308.9	301.6	304.4	298.6	291.7	294.9	295.6	279.1	251.1	231.9	216.6	208	210.5	212.8	214.3	218	224	231.2	237.1	245.8	259.1	288.1	308.6	316.7	318.2	314.1	301.7	286.5	263	248.6	234.2	225.9	221	211.1	207.1	198.7	192.9	197.8	201	208.5	220.3	224.6	223.6	235	253.7	275.5	287.9	297.7	310.3	321.9	338.2	344.5	347.1	341.9	333.9	329.4	331.6	337.9	331.4	327.1	318.2	316.7	315	312.8	311	301.3	296.6	302.2	294.3	270.2	260.1	253.2	240.4	232.5	224.7	214.9	212.5	208.6	199.6	196.6	188.3	185.7	184.3	177.8	164.1	154.2	144.7	135.2	124.9	97.3	67.1	69.6	88.6	111.3	115	99.3	83.6	82.1	79.3	76.6	84.4	113.3	156.7	167.2	185.1	230.5	284.4	310.7	331.3	328.8	323.4	327.6	327.6	324.6	324	319.8	316.2	315.6	319.8	318.6	314.4	320.4	313.4	307.4	315
429.6	414	403.8	399	396.6	388.8	385.2	377.4	366	365.4	337.2	331.2	349.2	324.2	320.3	322.2	319.8	318.6	318.6	317.2	307.8	315.6	318.6	318.6	309.6	259.1	203.2	188.1	179.4	181.3	182	194.5	201.1	194.9	185.8	175.3	165.1	125.4	128.9	145.3	137.8	140.7	140.9	136	147	163.6	186.9	201.3	205	208.7	211.8	213.6	219.4	235	245.5	249.8	255	266.5	276.1	283.1	291.1	292.2	305.1	318.9	325.8	328.6	328.3	320.5	311.1	310.8	310.4	304	302.1	307.5	298.3	288.5	282.4	269.9	247.1	224.5	205	196.8	201	205.9	208.7	216	226.2	233.2	234	241.1	259.8	285.8	308.5	325.2	326.7	326.1	316.7	295.2	271.9	253.7	237.1	228.4	222.4	215.3	206.9	197	189.2	189.6	185.6	190	200.5	215	225.2	235.6	246.2	266.3	279.9	284.8	301.7	315.3	323.1	331.6	341.6	332.2	338.7	342.5	345.9	336.2	328.7	328.2	322.3	313.8	308.9	314.2	312.4	306.4	304.2	289.6	275.2	257	252.2	248.2	239.9	231.1	219.6	209.5	211.6	204.9	197.3	193.6	187.6	182.3	176.1	168.7	158.4	146	140.7	132.9	122.7	96.6	71.9	79.9	98.6	107.8	93.3	78.9	82.8	90.9	89.9	84.6	100	138.7	168	172	192.4	245.2	283.1	278.2	298	319.9	322.5	319.5	305.8	323.4	312.5	289.4	306.4	315.6	319.8	318	295.5	306.9	310	290.6	292
430.2	414.6	403.2	401.4	397.2	388.8	386.4	376.2	366	367.2	346.3	334.1	349.8	326.4	310.5	322.8	319.8	319.2	318.6	319.2	294.5	310.7	318	318.6	317.4	296.6	252.3	204	183.6	184.2	186.8	192.8	201.6	202.3	194.8	186.4	181.6	176.2	159.3	148.1	137.9	132.7	132.8	136.3	146.4	160.7	181.1	190.9	192	201	205.1	212.9	219.8	232.7	242.9	249.7	254.7	267.3	273.1	284.7	293.6	292.6	304.5	319.2	323.4	327.8	325.3	318.2	311.8	308.2	309.6	303.9	299.2	302.6	294.2	280.8	272.8	258.8	244.4	223.8	211.1	215.4	217.2	212.3	212.2	218.5	225.6	229.3	231	242.5	261.5	294.3	312.5	322.4	328.9	336.6	319.5	299.5	279.7	254	239	229.2	220.8	214	211	204.6	202.9	202	197.1	199.1	198.2	202.2	216.2	230.6	244.9	259.6	271.5	276	289.1	303.2	313.9	321.9	324.8	323.3	331.5	334.1	340.6	338.8	327.1	327.3	321.5	311.3	302.9	308.5	305.8	306.6	304	287.6	272.7	256.7	243.4	240.4	237.1	230.9	217.9	210	210.9	207.1	196	190.3	185.8	179.1	168.8	163.3	153.9	143.5	136.7	133.6	125	108	88.4	110.6	151.1	153.6	124.7	104.6	113	139.4	150.4	159.5	167.5	166.7	169.5	173.4	186.2	224.2	274.2	281.9	284.1	303.8	319.1	314.8	298.1	313	320.4	303.6	293.8	298.1	319.8	303.9	293.9	298.1	291.4	290.6	292
423.9	403.1	405.6	408.6	402	395.4	389.4	375	365.4	362.3	358.2	349.8	349.8	343.8	335.4	323.4	320.4	320.8	319.2	318.6	316.2	315	315.6	318	318.6	317	234.7	200.2	196.7	195.4	199	206	206.5	203.3	201.9	201.2	189.8	177.1	195.4	179.8	142.9	122.9	123.8	136.3	143.8	156.8	178.5	186.6	190.1	198.8	206.6	216.9	221.2	229.9	241.2	252.1	258.3	260.6	268.9	282.8	286.1	286.1	293.4	303.2	311.4	310.8	311.5	305.4	304.4	303.1	298.8	295	294.5	296.5	283.9	275.8	268	255.1	233.5	211	202.7	217.9	232.3	233	231	232.6	234.9	234.4	237.3	245	262.3	298.4	327.4	340.8	351.5	352.3	332.7	311.5	282.5	258.1	239	227.8	219.8	213.5	212.2	212.8	214.1	212.1	209	202.5	187.4	180.7	199.3	224.3	243.6	262	272.2	273.6	280.7	293.7	302.9	317.3	318.7	316.1	326	334.9	347.7	335.4	318.4	316.7	311.3	297.5	300.8	310	299.7	298.6	296.2	280.5	269	246.4	236	235.2	229.4	219	214.5	210	204	198.6	188.8	185.4	180	173.4	167.7	158.5	149.9	142	136.9	130.5	122	98.8	86.8	138.3	170	147.4	143.4	148.4	155.3	167.9	178.5	183.4	180.5	186.1	189.3	188.6	223.8	300.9	302.4	269.6	275.1	309.4	310.9	305.7	313.6	314.3	318	291.1	279.2	315.6	308	294.6	300.6	310.1	315.6	315	315
417.5	403.7	405.6	411	403.2	396	387.6	372	365.4	364.8	357.6	349.8	349.2	343.2	335.4	325.8	320.4	321.6	319.8	318.6	315.6	310.1	313.5	311.4	318	316.7	239.6	201.4	198.2	198.6	201.7	208.7	207.1	202.5	201.1	199.1	190.5	179.3	203	216.8	205	179.5	154.7	140.1	143	151.6	170.4	180.1	184.6	193.6	206	214.3	223.6	232.9	238.1	245.7	255	261.5	267.5	278.1	284	287.3	288.8	294.4	301.3	298.2	299.4	296.1	293.8	290.7	291.1	289.7	286	285.2	283.6	276.4	264.7	250.3	230.7	213	215.8	230.6	241.9	236.9	233.6	237	235.4	235.3	234.9	239.9	255.5	283	308.1	327.2	338.6	337.6	327.9	311.1	287.9	263.4	243.7	231.5	223.4	219	220.2	220.9	224.3	223.6	217.2	208.7	193.6	176.5	192.6	222.4	243.3	260.6	271	272.9	272.5	287.2	296.1	311.9	311.3	300.6	308.8	321	331.7	325.8	312.2	306	303.2	294.3	295.1	300.1	296.4	295.5	289.8	275.5	264.6	244.5	231	230.6	222.8	213	211.2	208.3	199.9	194.1	185.1	180	176	168.6	161	152.5	145.3	137.8	135.2	130.6	121.6	100.8	102	174.5	192.2	183.9	189.2	193.8	194.7	198.2	199.4	188.1	186.7	190.2	193.5	191.4	236.4	307.3	305.9	274.5	270.2	299.1	314.5	315.6	322.2	315.9	313.9	287.7	280.7	311.5	317.1	303.6	308.2	319.8	315.6	314.4	315
423.6	409.4	410.8	413.4	401.4	383.1	375.2	373.8	369	363	356.4	352.8	352.2	345.6	337.8	327.6	323.4	321.6	318.6	318.6	304.1	305.9	310.7	303.2	309.5	305.5	269.7	221.4	206.4	207.8	213.7	219.4	212.8	200.1	194.7	194.2	183.6	175.7	205.2	217.8	202.6	198.1	165.5	138.2	139.5	147.7	161.7	175.1	180.9	188.1	197.1	205.3	213.5	225.2	230.1	238.7	250.1	263.8	271	272	275.8	279.7	280	290.3	292.5	285.5	288	286.4	282.5	281.5	287.1	286.5	283	281.2	278.5	275.2	262.4	241.3	218.4	207.9	229.9	253.7	250.7	244.5	243	243.1	240.3	235.5	230.7	237.6	253.7	275.8	295.6	309.4	315.7	320.6	314.2	299.9	285.9	265.6	247.9	234.6	226.4	224.1	222	223.7	232.1	229.1	220.8	211.8	201.5	175.2	172.7	204	228.8	249.4	263.9	270.8	272	284.6	292.9	299.5	298.7	292.9	291.3	298.1	302.2	298.4	292.8	292.6	296.5	303.4	294.6	286.8	292	285.9	284.6	272.6	261.2	244.4	228.9	226.2	217.5	209.4	203	200.5	195.1	189.1	184.1	177.8	173.2	166.2	154.6	145.9	139.5	131.9	130.2	125.6	122.3	106.6	105.4	161.2	188.1	199	205.9	202.2	198.1	202.1	207.8	198.1	196.1	199.6	198	204.4	270.9	313.2	314.4	304.8	282.2	311.1	318	319.8	317.2	314.2	312.9	292	271.2	285.6	301.7	306.4	316.6	318.8	317.4	315	315.6
429	412.7	409.2	411	400.1	384.7	379.8	372.3	363.3	363.6	353.6	353.4	354.6	347.4	337.8	327.6	324	320.4	318	313.1	302.9	315	315.6	314.4	314.4	310.7	290	235.4	208.8	210.1	216.4	224.1	216.8	202.6	191.9	191.3	181.2	174.4	208.8	219.8	206.6	199.4	171.4	140.3	135.9	144.1	154.5	169.2	176.8	184.7	193.6	195.8	206.3	219.6	229.6	239.6	245.2	255.4	266.7	273.4	277.9	276	275.2	286.5	290	278.8	272.3	273.6	273.4	274.9	277.3	279	279.7	277.4	272.2	271.6	259.4	242.5	217.9	214.8	241.2	254.2	247	245.8	242.7	239.8	235.2	224.3	223.7	235.7	245.7	261.4	276.9	285.4	287.7	291.7	288.3	280.9	271.9	259.6	241	229.9	227.9	222.8	220.6	225.8	233	229.3	218.5	210.6	200.8	181.5	172.9	196.6	225.2	244	259.6	263.8	267.7	278.3	285.7	293.4	289.2	287	285.5	287.1	286.2	286.9	280.5	283.1	290	294	280.9	278.6	284.8	277.4	273	265.6	250.7	235.5	221.5	215.7	207.3	201.8	195.1	193.9	191.6	184.9	180.2	170.4	167.9	160.7	150	143.2	135.7	128.3	128.2	127.1	124.2	110.5	104.2	157.5	187.5	198.4	205.1	201.4	197.4	202.8	211	200.9	196.3	199.7	198	211.4	281.5	313.2	313.8	307.1	284.4	305.5	318.6	316.5	307.6	313.5	314.4	299.1	279.6	286.4	296.2	301.6	318.6	322.8	316	313.6	311.3
435.7	423.8	418.2	411	403.8	390.6	379.2	375	372	364.8	358.2	357	340.2	342.2	339	330.6	326.4	322.2	318.6	312.7	315.6	313.8	315	312.2	313.8	316.2	318.6	290	229.8	218.7	224.8	232	222.8	206.3	189.1	184.3	179.1	177	208.5	216.4	206.4	198.7	182.9	156.6	141.3	136.8	144.9	162.4	179.3	184	182.6	189.7	198.7	206.5	219.3	225.5	230.8	244.7	262.6	267.1	265.9	270.9	271	277.3	280.5	276.5	269.7	262.8	265.5	272.9	276.1	277.5	276.5	270.4	261	252.9	244.9	230.4	214.7	218.2	243.7	253.6	241.2	236.6	233.8	227	221.2	215.2	219.7	234.7	244.6	245.8	253	261.6	271.3	274.8	276.4	269.8	256.5	240.7	228.9	218.1	212.2	208.7	212.9	222.9	228	228.7	226.4	215.7	201.1	187.6	171.9	174.3	198.3	225.2	246.8	258.9	271.5	274.1	275.5	282	280.7	283.2	273.4	274.4	274.8	275.2	280.7	279.1	283.1	282.1	276.2	274.6	275.3	271.8	269.1	266.6	251.4	239.4	226.4	214.6	209.3	198.6	189.8	186.6	184.7	180.6	174.2	168	162.7	158.6	151.7	142.1	135.8	130	127.7	125.2	123.8	119.3	96.9	113	171.4	187.8	193.2	193.5	193.9	211.2	222.1	208.4	201	202.3	205	231.1	292.4	311.4	313.2	310.7	288.2	276.8	290	309.7	315.6	313.8	313.2	312	313.2	315	306.5	293.2	309.5	319.2	314.4	302.5	300.9
442	426	420.6	412.2	402	390.6	378.6	373.8	372	364.8	358.2	347.2	335.3	346.4	340.2	330.6	326.4	321.6	318.6	316.2	315	313.8	314.4	313.6	313.8	315.6	317.4	299.9	238.2	219	227.7	234.1	222.5	207.9	188.8	180.5	176.4	179	211.3	217.1	206.4	197.3	153.9	116.1	126.5	135.5	145.8	161.1	175.9	181	177.9	185.7	192.1	205.7	215.4	218	225.5	241.9	258.5	261.5	260.1	265.6	268.1	275.2	277.5	275.3	268.2	260.2	262.9	272.4	271.5	274	272.6	264.7	257.5	249.1	242.7	230.8	216.8	224.5	245.3	246.2	232.1	224.9	220.3	214	204.9	198.8	203.4	223	232.9	233.1	236.8	243.5	252	258.3	259.2	254.4	234.6	215.6	209.8	203	196.7	195.5	204.9	215.4	220.7	218.6	215.8	205.8	195.5	184.4	170.3	175.5	198.9	225.3	241.7	256.7	267.6	270.6	274.2	272.1	272.3	278.4	266.9	264.7	263.1	274.5	277.6	270	276.6	274.7	268.7	270.4	273.5	267.1	261.6	256	249.8	236.1	221.4	214.8	205.3	192.5	188.4	184.8	180.9	175.4	166.9	162.9	161.6	155	144.1	135.3	131.4	128.2	124.7	123.1	121.8	123.4	113.4	133.2	178.3	185.1	192.5	193.5	196.6	213.6	224.7	213.1	202.2	203.6	206.5	235.4	288.9	312	313.8	312.9	294.6	284.8	294.3	304.3	303.2	313.8	312	311.4	313.2	315.6	314.8	297.3	310.2	316.2	313.8	298.3	294
448.8	430.2	426.6	418.2	400.2	387	374.4	369.6	369	358.9	343.5	349.4	338.1	348.6	340.8	332.4	327.6	323.4	320.4	318	315	313.8	313.2	313.8	309.6	314.4	315	315.6	277.7	228.4	228.4	238.9	220	201.5	191.6	179.2	171.6	185.5	210.9	211.3	203.6	193.8	150.9	106.7	119.1	128.9	141.5	156.6	168.2	174.5	177.8	184.6	192.3	203.7	206.5	203.3	213.8	230.6	245.6	254.7	262.3	265.6	267.4	268	269.7	273.9	271.6	263.6	260.8	263.3	267.3	265.9	259.3	246.5	244.7	243.3	235	228.8	227.9	234.2	239.7	229.9	214.5	209.1	204.6	200.1	191.6	186.3	191.3	209	225.5	226.3	227.3	228.8	242.3	267.2	264.2	261	249.2	213.2	200.4	191	184.1	187.9	200.4	208.6	212.7	210.3	210.5	206.8	196.9	183.8	171.9	173.3	193.6	217.6	232.2	236	243.5	261.4	268.8	269.8	271.4	268.8	265.3	264.8	261.6	271.3	269.5	265.8	274.8	269.2	269.7	269.1	272.1	268.9	256.7	243.3	237.7	219.7	206.8	208.5	197.4	184.5	181.1	174.1	173.3	168	160.6	158.6	155.4	145.1	137.2	132.1	131.9	126.4	122.1	121.8	120.2	124.5	132.3	144.4	175.9	180.8	184.7	188.6	192.3	212.4	229.5	221.5	209.6	208.8	218.7	279.1	310.8	311.4	313.2	314.4	315	315	315.6	312.2	286.5	281.7	309.2	312	313.8	315	316.2	315	294.6	308.3	313.8	313.8	303.8
451.8	435.6	431.4	418.8	399.6	388.2	375.6	370.8	369	358.7	348	358.2	345.7	348	340.2	332.2	328.2	324	320.4	318.6	315.6	313.8	312	313.8	293.4	315.6	315.6	315.6	297.8	232.2	226.1	233.8	217.3	199	192.8	181.1	173.1	191.7	213.8	208.6	205	195.1	153.3	105.3	116	125.7	138	151.2	158.8	168	173.1	178.1	190.2	199.4	203.5	203.5	211.4	227.8	240.4	250.1	256.5	261.7	264.3	266	264.9	268	267.2	265.2	262.2	257.4	263.1	260.1	251.3	239.1	244.8	246.8	233.4	228.8	233.8	237.7	229.9	210.2	193.9	188.3	181.6	173.3	164.7	165.4	175.9	191.2	208	211.7	210.2	215.1	225.2	246.4	243.3	240.4	238.9	197.6	183.8	174	167	173.3	192.1	201.3	200.9	198.2	200.1	198.1	186.6	181	185.7	183.4	198.2	220.7	234.7	239.5	244	253.5	261.7	265	270.1	268.5	263.7	266.4	260.9	261.6	264.5	264.7	271.1	267	267.3	266.2	265.7	256.8	245.7	234.3	226.1	214.3	203.9	203.1	197.7	182.9	172.9	170	168	165.2	161.1	156.8	149.8	141.5	133	129.6	127.8	125	121.4	121	121.7	125.6	138.8	147.3	170.4	181.2	183.9	185.1	191.4	213.6	229.5	220.3	209.9	209.6	224.3	287.6	310.8	311.4	313.2	315	315	315	316.2	312.2	296.2	285.9	300.1	313.2	313.8	315.6	318	315.6	297.6	304.1	314.4	313.8	312
455.4	448.2	445.2	427.8	411	400.2	379.4	376.2	369	363.6	360.6	357.6	354.6	347.4	343.8	337.2	330.6	324.6	316.9	319.2	316.2	313.8	313.2	292.2	280.2	313.6	315.6	313.8	315	262.5	222.5	224.3	208.8	190.6	187.1	185.1	181.1	200.7	212.6	206.8	205	197	147.1	95.6	106.1	118.5	132.8	143.7	145.9	156	162.5	171.2	182.7	188.9	194.3	199.5	206.1	216.7	226.4	246.8	253.8	250.9	255.4	258.4	260.5	264.8	262.5	260.9	261.2	259.9	261.6	251.6	239.8	236.1	238.1	242.1	239.7	230.9	235.5	237.4	218	185.3	170.2	165.9	158.6	144.4	127	126.6	141.4	163.7	185.5	198.1	202.5	206.4	212.6	212.2	217.6	223.6	211	187.2	171.1	155.8	142.6	148	164.7	181.1	187.5	187.7	188.1	185.3	176	176.3	184.1	185.8	196.7	216.7	228.4	230.3	230.2	235.7	245.3	253.1	260.1	265.3	265.2	258.5	250.4	252.6	254.1	262.2	260.8	257.3	259.5	254.4	249.9	241	231.1	225.7	217.6	207.3	200.6	195.1	189.1	180.6	168	165.3	165.6	159.4	156.8	151.6	150.1	143.7	133.6	130	126.7	124.3	120	119.4	121.1	126.2	144.6	154.3	180.4	187.3	184.6	181.1	189.2	213.6	226.1	214.3	207.2	211.5	240.6	283.5	310.8	311.4	314.4	315.6	313.8	313.8	309.5	304.8	298.7	289.7	294.3	298.2	302.6	312.8	318	314.4	312	311.8	313.8	315	319.2
448	444.6	446.4	426.6	411	400.2	384.1	375.6	367.8	363	358.8	357	354.6	346.2	342	339	330.6	322.5	317.4	319.2	316.2	311.6	305.7	287.3	286.4	315	315.6	313.8	315	271.5	224	225	206.7	190.7	186.2	186	186.5	206	212.3	206.8	205	197.6	157.6	113.1	106.2	119.3	129.1	134.5	140.6	153.4	159.1	166.5	175.7	179.7	186.2	197.6	208.7	216	225.6	239.8	245.7	244	245.8	249.5	254.3	254.1	253.2	253.2	250.9	251.8	254.9	247	237	234.2	235.6	237.9	234.1	225.6	230.2	232.3	212.1	178.2	158.4	147.2	132.1	110.8	95.5	97.3	112.4	131.6	158.6	176.9	184.8	188.8	193.4	190	193.3	200.9	189.7	170.1	147.5	128.8	119.4	122.4	134.3	150.6	164.9	167.6	170.4	167.1	161.4	175.1	184.7	187.4	197.8	216.1	228.4	234.8	241.7	246	244.8	243	248.1	252.3	252.1	252.1	246.5	242.7	243.7	251.8	252.6	248.7	249.8	246.3	241.3	233.2	225.2	217.7	210.8	199	195.8	193.3	186	178.4	170	164.1	163.1	157.2	154.5	146.2	144	140.4	134	130.2	126.5	123.1	119.2	117.5	122.6	129.6	148.1	161.3	189.6	192.7	187.4	183	189.1	209.5	223.6	215.8	209.4	212.3	249	282.1	307.3	311.4	314.4	315.6	313.8	312.4	308	300.8	298	287.5	295.7	298.9	297.6	309	318.6	313.8	312	313.8	311	311.4	315
447.6	448.8	451.2	433.8	412.8	400.8	390.6	378.6	370.2	366	361.2	359.4	356.4	347.4	344.4	325.6	304.9	311.4	300.8	312.7	317.2	311.5	314.4	312	312	313.8	315	313.8	313.2	280.1	230.3	229.9	210.5	192.4	185.3	189.7	194.2	209.2	218.2	208.4	203.8	196.6	138.3	87.7	95.1	109.5	121.8	128.8	136.6	152.1	158.9	164.3	174.7	179.6	187.3	202.3	212	216.5	219.2	225.5	225.1	228.2	236.9	238	241.6	245.6	249.1	247.7	242	243.9	243.9	243	239.7	238.4	239.3	236.6	230.3	222.3	225.6	221.3	194.2	159.1	139.1	127.9	108.9	86.7	79.5	88.2	99.8	115.3	129.9	147.7	161.8	169.6	169.5	169.4	170.5	165.4	156	142.1	127.1	117.9	109.1	105	105.5	114.1	132.4	144.6	153.3	155.3	166.9	182.7	180	176	189.1	209.3	225	236.6	235	232.7	229.9	224.4	231.9	238.2	236.7	239.9	241.4	240.6	242.1	243.5	240.5	238.9	239.4	233.8	230.7	229.8	221.5	207.4	199.6	191.7	188.5	184.7	181.1	174.5	166.2	161.2	158.9	154.3	145.9	139.7	137.7	137.9	131.7	127.6	124.1	122.4	118.3	117.1	123.5	141.6	172.9	215.9	219	207	196.1	187.5	190.5	203.8	218.6	218.7	212.2	218.3	256.9	292.6	295.5	299.6	303.4	312.3	313.2	314.4	313.5	311	307.9	300.2	308.3	313.8	313.8	314.5	306.4	309.2	303.4	315	315	317.4	320.4
455.4	452.4	448.8	429.6	412.2	399	389.4	378	373.2	369	362.4	360.6	356.4	348	343.8	310.9	307.5	321.1	312.5	319.8	319.2	315.6	314.4	311.4	311.4	313.8	314.4	313.8	313.2	274.6	231.1	228	213.8	194.5	187.5	190.5	195.6	208.7	216.9	210.9	203.1	200.7	159.6	99.9	93.3	106	118.6	125.6	134.5	149.1	156	164.1	172.9	177.2	183.6	192.1	200.4	210.7	214.7	215.1	212.3	218.8	227.5	229.6	233.4	238	238.6	240.9	237.4	232	232.6	229.7	228.5	228.8	220	219	214.6	214.6	215.1	200.7	172.9	147.5	129.7	114.2	99.3	85.2	79.6	85.5	94.5	105	117	130.5	145.4	154	154	155.2	156	152.2	142.9	131.4	123.3	115	104.6	97.4	93.1	95.8	109.6	127	134.1	146.2	164.7	170.2	165.3	163.4	178.5	197.6	215.9	223.2	220.3	227.9	231.3	227.5	228.3	227.8	223.4	227.6	235.2	232.3	235.4	233.3	235.5	235.3	233.3	233.3	227.1	223.1	216.4	204.4	197	187.5	185.5	181.9	175.7	171.7	158.9	156.1	152.5	149.3	141.9	138.4	134.9	131.6	128.8	125.7	123.9	122.3	119.1	118.6	129	145.1	185.4	238.4	228.1	211.3	199.1	190.3	192	204.6	216.2	217.6	211.7	222.5	253.5	287.8	296.9	293.3	302	310.3	311.1	313.8	312.2	309.7	312	302.9	307.5	312	313.2	317.4	307.3	304.4	304.8	315	314.4	317.4	319.8
456.6	446.4	435	418.2	410.4	400.2	391.8	385.2	379.8	374.4	365.4	361.2	357	349.8	346.2	320.8	335.1	326.4	323.4	320.4	318	316.2	315	313.2	310.8	305.7	287.7	308	311.1	264.4	231.6	222.8	221.8	212.8	201.6	191.8	193.7	206	212.4	211.4	204	199.5	169.1	103.7	89.5	99.5	108.3	116.1	126.8	139.9	153.9	165.1	169.5	173.6	177.4	185.1	193.5	200	204	202.3	204.5	214.5	222.2	223	224	225.8	228.7	232.5	231.8	226.6	228.1	226.9	222.4	223.1	215.9	212.8	215.7	220.5	214.3	188.9	155.8	138.1	123.8	114.3	105.3	97	94.8	95.6	98.9	106.6	112.9	121.5	131.8	135.8	138.3	140.5	142.4	137.8	131.1	125.2	118.6	112.6	105	98.3	90.2	87.6	88.3	100.1	114.9	133.3	153.1	157.6	151.6	159.2	183.4	203.7	218.5	224.2	223.4	224.2	221.2	217.3	215.6	215.5	215.4	218.4	227.1	231.5	228.1	223.9	225.1	228	227.4	224.8	218.5	215.2	207.2	202	194.8	183.6	183.1	178.3	172.9	164.7	152.3	151.4	147.5	144.8	141.4	137.5	133.8	130.8	127.8	127.3	120.8	120.2	119	120.3	132.2	148.7	188.1	238.5	235.1	217.9	203.5	194.1	196.3	204.5	218	218.5	212	238.1	256.5	268.3	297.7	311.4	313.8	313.8	308.5	298.5	294.8	298.5	305.1	297	278.7	288.3	310.3	315.6	312	303.4	300.9	314.2	315.6	318	313.9
459	444	430.2	416.4	409.2	399.6	395.4	390.6	381.6	375	366	361.2	356.4	349.8	339.9	334.7	337.2	326.4	324	320.4	318	315.6	314.4	312	311.4	302.2	287.9	314.4	308.5	263.8	235.1	220.8	220.6	223.3	216.3	198.9	197.3	208.1	212.6	210.2	199.3	197.6	181.9	119.9	89.6	96.8	106.5	111.6	121.6	136.1	150.3	164.4	165	166	173.9	181.8	185.2	190.6	192.9	190.1	191.4	204.1	212.1	216.1	216.7	216.4	219	221.7	221.7	220.1	220.1	212.4	208.2	209.7	207.2	204.3	206.5	207.2	200	174.7	139.8	119.4	112.5	109.7	103.7	98	98.3	99.7	100.4	105.2	111	116.6	122.5	124.2	128.1	129.5	130.5	128.8	124.2	119.5	113.2	107.3	99.5	90.4	83.2	82.4	84.5	93.4	107.6	124	133.4	139.1	137.8	145.3	175.7	198.5	207.5	215.8	211	202.1	202.3	200.7	201	202.7	208.6	214.1	217.2	223.1	224.4	221.8	218.9	221.7	218.7	213.4	209.3	206.1	200.1	195.9	189.7	181.7	179.2	176.1	171.8	158.2	148.6	147.2	145.2	143.9	141.8	136.8	135.1	131.5	125.4	125.6	120.4	118.2	118.5	124.9	141.8	163.2	212.3	234.9	231.1	214.7	204.3	195.5	197.7	205.4	216.8	217.1	211.5	246	271.9	270.5	288.6	299.5	312	312	312	298.5	289.9	295.2	296.1	296.4	278.9	272.3	298.5	314.4	312	309	300.9	306.6	316.2	318.6	319.4
459	456.6	436.2	430.2	426.6	418.8	408.6	391.9	386.1	380.4	369	360.4	358.8	354.6	345	347.4	344.4	333.6	326.4	322.2	318.6	318	317.4	314.4	312	311.4	309.3	310.4	286.6	283.3	252	214.1	207.8	212.6	222.1	215.8	215.9	220.6	214	207.2	198.7	193.8	181.5	134.2	87.5	88.8	100.1	107	113.8	127.3	141.9	154.9	157.3	159	163.5	169.4	176.4	183.3	185.8	181	181.9	194.8	203.1	208.7	207.9	207.2	208.8	213.9	215.9	210.5	211.1	208.2	205	203.9	205	201.2	200.2	202.4	199.7	186.3	149	110.6	98.9	98.8	99.9	99.7	97.3	91.6	88.9	92.6	101.6	109.8	114.3	118.2	120.2	119.4	118.2	118.7	119	118	113.4	107.4	100.3	98.3	94.8	90.9	89.6	87.8	95.8	109	115.6	122.3	135.5	155.1	176.6	193.3	197	205.7	205.2	199.7	198.1	195.2	197.3	200.4	204.8	211.2	215.2	216.6	218.8	216.5	213.1	212.7	207.2	204.6	200.9	195.7	192.7	190.7	187.4	184.1	178.2	174.4	168.5	161.7	147.8	142.7	144.9	141.5	136	135.1	132.7	129.1	125.3	125	121.3	119.8	118.6	125.5	145	169.6	218.8	239.6	242.1	225.2	213.6	211.2	214.4	219.4	218.4	214.4	224.7	281.6	304.1	290.8	297	303.1	299.5	312	312	313.2	301.3	307.1	310.6	308.6	292.6	283.5	295.9	313.2	313.8	313.2	315.6	317.4	318	320.2	324.6
459	448.8	432	435.6	429	417	406.2	385	387.6	374.4	363	358.8	356.4	352.2	348.6	347.4	339.6	328.2	322.8	319.8	318	317.4	315.6	313.8	311.4	310.2	305.9	305.7	291.2	297.5	264.5	218.2	207.8	207.7	215.1	213.4	219.4	221.3	212.7	209.2	200.8	194.6	187.7	135	91.6	96.9	103.9	108.7	117.7	129.9	141.7	152.3	155.2	158.1	162.1	166.6	171.8	178.4	180.6	182.3	188.1	194.2	195.9	198.7	199.4	200.5	199.5	206	207.9	199.1	199.6	201	201.7	203.4	199.1	192.7	194.2	191.1	184.1	171.1	130.9	100.4	95.5	97.6	100.9	101.3	98.5	93.4	95.2	97.1	103.6	114	119.6	119.7	117.9	117	116.9	115.5	117.6	117.8	111.7	106.4	102.7	102.9	100.9	100.6	93.8	91.3	99.9	101.2	105.2	113.4	132.9	156.7	173.8	180.3	183.3	189.4	191.7	189.9	182	182	191.8	196.5	203.4	211.4	209.3	210.2	207.9	208.3	206.6	204.7	202.7	198.3	194.3	191	184.8	182.9	180.5	174.9	172.6	171.2	163	151.5	143.5	138.5	138.9	136.7	132.8	133.6	128.7	124.5	123.6	121.2	118.9	117.3	116.3	124.4	143.8	163.4	203	240.6	245.9	227.8	214.9	215.8	219.4	219	215.8	209.3	232	292.2	304.1	299.2	306.7	312	309.2	311.4	311.4	313.2	312	310.8	312	311.4	307.5	296.1	306.9	312	312	313.6	314.6	318	318.4	319.1	327.4
459	459	459	456	436.8	423.6	401.5	396	391.8	378	354.5	359.8	358.8	352.8	350.4	334.8	322.5	323.7	319.4	322.2	319.2	317.4	315.6	311.5	299.4	289.1	282.2	304.3	312	308.7	298.2	245.7	217.6	214	211	211.2	217.6	218.2	214.8	208.8	203.8	198.9	185.2	128.9	92.7	92	102.8	107	111.7	124.3	135	145.8	150.8	158.3	165.1	164.7	166.9	173.5	177.8	181.1	181.9	180.3	184.9	188.2	189.2	188.6	192.2	195.6	192	189.5	194.8	197.8	200.9	199.7	193.6	190.5	190.6	189.1	185.7	175.6	157	129.7	117.3	118.4	125.1	128.6	124.9	123.4	130.2	123.7	118.9	121.6	124.7	122.2	120.9	117.9	117.9	117.7	121.1	125.1	129.3	135.8	137	132.9	128.3	120.3	111.7	108	109.4	110.9	123.8	141.9	158.7	166.3	173	178.2	177.6	181.6	186.5	181.6	173.8	175.4	182.5	189	193.4	195.5	199.4	202.8	198.8	199.1	202.7	198.6	192.5	191.3	193.9	187.7	178.3	178.5	174.4	171.7	170.5	168.4	160.4	147.3	139.9	137.2	136.3	133.3	133.4	137.4	133.5	126.6	124.8	122.3	119	120.4	119.4	127.5	142.7	165.3	207.1	242.7	246.6	235.7	224	214.7	212	208.1	210.5	214.3	262.8	307.8	307.8	309	310.2	311.4	310.8	311.4	312	311.4	310.2	305.1	312	309.6	310.2	312	313.8	297.3	306.2	315.6	318.6	312.3	317.6	325.3	327.1
459	459	459	457.2	434.4	421.6	402.5	395.4	391.2	378.6	361.8	362.4	361.2	354.6	350.4	323.8	319.6	328.3	319.4	322.8	318.4	313.9	314.2	298.9	286.6	286.3	278.8	302.2	312	310.8	305.9	254.2	219.1	217.6	212.6	212.6	216.3	218.3	215.5	207.4	203.7	199.6	195.9	153	103.9	94.8	102.2	103.9	111.2	122	132.4	143.1	149.2	156.6	161.1	165.1	167.3	174.9	177.6	176.4	173.2	173.5	177.9	183	185.6	184.9	186.6	183.4	181.6	187.2	193.9	196.6	193.4	188.5	187.8	190.5	192.3	190	185.7	175.9	160.8	138	127.1	130.7	135.2	138.1	136.3	132.8	141	137.3	134.2	132.9	130.7	129.2	127.3	126.4	123.4	124.1	130.2	135.8	141.2	149	148.2	143.2	136.5	128.8	121	118.3	119.2	121.5	133.7	149	161.5	168.9	170.9	175.7	174.1	176.2	178.7	176.3	170.9	171.8	177.2	182.7	184.6	185	193.3	197.4	196.3	196.9	199	191.6	187.7	188.7	188.2	187.5	177.4	171.8	170.6	166.2	163.4	158.1	151.9	146.2	141.2	136.1	134.4	134.3	133	132.7	131.7	126	122.6	122.5	118.7	119.6	121	131.8	143.2	185.3	238.9	239.9	240	233.8	220	207.9	203.8	204.7	209.2	217.2	274.3	307.8	309	309	310.2	311.4	311.4	311.4	311.4	310.8	303.3	294	311.4	309.6	310.2	311.4	313.2	292.4	297	315.6	318.6	319.8	318.8	325.5	329.6
459	459	454.8	439.2	424.7	414	405.6	402	396	386.4	369	364.8	363	359.4	354	343.8	347.4	337.2	322.8	319.2	319.8	318.6	315.6	309.3	304	311.4	309.6	310.2	312	310.8	310.8	303	240.9	221.3	219	216.1	217.1	220.7	219	209.4	203.1	197.6	192.7	163.3	111.2	87.7	97.2	101.4	107	115.6	126.1	135.5	143.6	150.7	154.9	161.2	162.8	166.8	170.5	175.2	174.9	175.8	179	181	181.7	182	178.4	175.6	179	181.5	187.6	189	186.4	185.3	183.7	186.1	187.2	186.6	183.8	177.4	170.8	165.4	155	140.7	137.6	143	144.1	140.8	144.8	152	154.6	157.2	156.9	161.7	162.4	160.4	152.7	153.9	158.5	162.8	169.7	173.3	167.1	157	145.7	141.1	141	148.8	154.6	156	161.3	166.4	169.9	171.7	170.2	172.8	171	175.8	178.3	176.9	168.1	166	168.8	172	177.2	182.5	189.2	194.2	197.3	192.6	190.3	184.6	183	183.5	181.7	182.1	181.2	173.1	169.4	164.2	157.3	151.3	148.5	147.6	143.7	136.1	134.2	132.3	130.2	127.6	125.6	118.8	117.3	120.8	119	120.5	121.8	128.1	144	193.2	239.2	237.3	232.7	225.9	213	203.1	206.8	213.4	218.6	253.9	302.9	302.9	299.9	299.9	291.3	309.4	309.6	310.2	308.7	310.8	305.9	286.9	301.2	309.6	310.8	313.8	314.4	312.2	303.1	316	319.2	320.4	330	343.8	335.9
459	459	444.3	443.1	430.3	412.8	406.2	406.2	397.8	387	370.8	365.4	362.4	360.6	356.4	349.8	349.2	340.2	324.6	319.8	319.8	318.6	315.6	315.6	314.4	311.4	310.2	310.8	313.2	311.4	310.8	311.4	252.1	221.3	219.8	217.6	217.8	221.5	219.1	210	203.2	199.5	194.6	178.2	117.8	89.4	94.5	98.3	105.8	109.6	120.7	131.1	137.5	141.2	151.7	158.7	161.1	159.8	163.2	168	169.4	169.2	175.5	179.7	175.9	177.1	174.4	172.4	175.4	177.5	183	186.1	183.1	184.8	185.7	187.7	191.6	185.9	182.7	179.2	175.4	173.9	163.3	146.7	142.3	142.6	143.4	141.3	143.4	153	163	160.3	165.4	173.3	171.8	170.2	166.3	163.6	165.7	172.3	179	180.9	172.7	160.8	152	146.3	151.9	157.9	161.8	164	168.4	171.2	175	174.9	169.4	172.3	175.9	177.2	174.6	169.6	164.1	164.3	165	165.2	171.3	177.1	181.4	183.9	183.6	185.7	183.3	182.6	182.2	178.5	176.9	176.9	178.2	170.5	165.8	166.3	158.5	149.7	142.7	140.3	138.8	134.8	132.5	132.3	132.1	125.8	120.5	116.7	116.8	119.2	118.1	120.7	121.8	126.5	165.9	229.6	240.6	239.4	228.4	221.7	211.3	206.1	212	216.4	227.7	278.4	307.8	309	300.6	299.2	288.4	304.5	310.2	310.8	310.8	310.2	307.2	294.7	299.2	309.6	310.8	313.2	313.2	311.6	309.2	315.8	317.7	322.8	335.4	346.2	337.1
459	459	459	456.9	444.8	435.6	425.4	415.2	405	384.2	378.6	369	367.2	365.4	359.4	353.4	352.8	347.4	330	319.8	319.2	319.2	317.4	315.6	315.6	313.2	310.2	309	310.8	312	310.2	310.8	282.1	243.1	225.7	223.4	223.5	224.3	216.5	210.8	201.8	198.3	194.1	186.9	123.4	86.6	88.3	93.4	100.7	107.6	115.6	124.4	130.4	133.6	142.5	150.9	154.1	155.7	159	160.6	162.9	164.7	168.9	174.2	172.8	174.9	171.1	169.9	174.6	179.7	185.1	185	177.9	181.9	184.5	184.5	186.5	181.6	178.8	173.2	173.4	180.8	172.6	164.2	160.4	156.8	156	150.6	151.6	161	167.3	172.8	178.8	185.9	190.9	187.9	181.7	176.2	178.7	187.4	199.7	196.6	184.5	173.3	170.2	169.7	168.7	167.7	171.3	175.6	178.1	179.8	181.7	182.7	172.9	173.4	174.4	169.7	168	163.5	161.2	161.4	161.1	158.8	159.7	162.5	166.7	172.5	179.1	182	180.4	177.1	174	171.2	170.2	170.8	171.2	166	157.3	156.6	151.3	143.9	138.9	136.9	132.5	128.7	130.5	131.6	129.2	123.4	115.2	113.6	117.6	121.3	118.1	121.4	122.8	128.7	176.4	240.7	241.4	240.7	231.2	224	217.5	217.6	216.5	234.1	277.5	298.7	307.8	309	302.7	301.9	289.1	291.4	300.4	300.8	310.8	310.8	312	300.5	287.3	277.3	306.5	313.2	313.8	315	307.1	308	317.1	327	343.8	348	339
459	459	459	449.1	444.7	444	427.2	413.4	401.7	381.4	381.6	372	369.6	365.4	361.2	354	352.8	347.4	331.8	320.4	319.2	318.6	317.4	315.6	316.2	314.4	311.4	310.2	311.4	312	310.8	307.9	282.8	255	227.8	227	227	224.3	217.3	211.5	203	199.5	194.7	187.8	153.4	113.6	93.2	93.9	100.4	104.9	113.7	126	130.7	133	138	145.6	151	152.3	157.8	159.7	163.4	163.7	164.9	166.8	167.3	171.5	168.8	165.5	175.6	182.3	185.1	182.8	178.1	177.4	181.7	182.3	182.3	178.1	179.4	176.6	176.3	179.5	174.9	170.1	165.6	164.4	165.9	164.5	166.6	169	173.6	182.5	189.7	202	213.1	212.1	202.2	189.1	186.6	195.5	204	201.7	189.4	179.2	179	180.2	179.9	175.1	178.8	184.6	185.6	181.3	182.2	185.6	177.1	173.3	170.8	168.6	165.5	164.5	161.9	159.3	157.4	156.2	154.7	156.4	160	161.2	173.3	178.3	178.1	174.1	171.7	170.6	169.4	168	166	163.9	158.7	152.3	147.5	141.1	138.1	135.5	131.5	126.3	126.1	125.4	126.8	123.4	116.2	115.5	116.8	120.3	121.3	120.8	125.3	144.1	199.6	241.6	240.8	240.7	233.8	225.6	219	219.6	218.6	250.9	291.7	294.3	302.7	309	299.9	303.2	301	303.2	307.4	298.7	310.8	312	313.2	301.2	289.4	272.4	289.7	313.2	314.4	315	312.5	310.1	319.8	330	347.4	348.6	341.4
459	459	445	425.8	450.6	453	432	417.6	405	399.6	391.2	375.6	367.2	363.6	362.4	355.8	354	348.6	337.8	325.8	319.2	318.6	318	315.6	314.8	315	311.4	297.7	304.1	308.7	295.3	295.6	309.6	295.6	262.8	238.2	229.8	222.2	214	213.7	208.6	201	196.1	187.7	168.8	123.9	93.8	92.8	98.4	103.3	109.6	123.2	128.7	130.2	134.9	135.8	140.1	148.4	154.6	159.7	161.4	160.2	163.4	162	165.3	172.7	170	166.6	171	177.5	179.7	180.7	175.2	171.1	177.6	180	174.6	173.4	175.9	176.8	173.1	174.5	179.8	184	178.9	176.8	179.7	183.5	190.1	187.6	186.1	190.4	199.5	209.4	221	225.6	210.3	193.8	193.6	202.6	211.2	208.5	196.9	192	191	185.6	184.8	182.7	184.7	190.5	189.2	185.6	185.3	185.6	178.7	172.5	170.9	172.2	168.7	163.7	161.5	160.2	161.4	160.7	158.9	158.1	156	149.9	154.8	164	172.8	177.6	180.4	176.4	173.1	170.5	168.4	166.8	160	153.5	148.2	140.4	136.7	135.1	131.5	126.8	125.6	126.2	124.3	121.5	119.8	118.4	115.9	118.1	120.8	124.3	128	146	199.9	241.9	238.4	240.1	241.8	232.4	221.5	229	257.8	299.2	307.8	309	309	309	309	308.1	308	301.2	310.2	298.3	303.8	313.2	310.2	309	309.6	297.3	284.5	308.9	314.4	314.4	312.1	318	319	324.8	343	357	351.6
459	454.1	447.8	444.8	453.6	456	433.8	416.4	403.8	401.4	392.4	373.8	366.6	363	363	357	354	348.6	339.6	326.4	319.8	319.2	318	315.6	305.8	315	311.4	301.1	304.8	310.8	304.4	306.8	309.6	298.3	282.3	246.7	230.5	220.1	211.9	213.1	208.7	201.1	194.1	187.8	183.6	145.4	105.7	94.8	97.7	102.4	108.4	119.5	124.5	130.7	133.9	135.4	139	144.9	152.5	158.2	160.9	159	158.7	160.6	167.4	171.5	167.6	165.4	169.3	173.5	177.8	175.4	172.3	172.3	177.3	177.6	176.7	176.1	178.8	175.2	168.1	171.1	179.5	187	186.5	183.8	186.1	190.9	194.2	190.3	192.5	199.9	209.3	216.6	225.9	224.2	208.7	194	197	207.9	215.3	212.5	202.3	197.6	194.5	188.7	187.6	185.3	190.2	191.6	186.7	189.3	188.9	186.3	181.1	175	172.6	169.1	165.1	161.7	158.3	157	160	160.5	160.1	155.9	151.7	149.7	150	156.6	167.1	173.5	178.2	177.2	174	172.3	169.5	166.4	161.5	156.7	150.6	140.4	136.5	133.9	128	127.6	126.3	125.1	122	120.9	120.6	118.9	116.8	120.2	122.3	125	134.6	180.7	228.5	242.1	239.1	240	244.1	235.5	222.4	246.5	278.8	297.8	307.8	307.8	309	309	309	310.8	308	296.3	306.7	301.8	304.4	312	309.6	309	310.2	304.3	295.9	305.5	313.8	314.4	307.2	318	321.6	332.9	355.3	363	356.4
454.1	454.8	459	459	459	452.4	438.6	425.4	414.6	403.8	388.2	372.9	370.8	370.2	367.8	359.4	351.3	351.6	343.2	330	320.4	319.2	314.4	305	302.3	307.3	312	310.2	309.6	309	311.4	311.4	310.2	309.6	310.2	280.8	242.4	221.4	213.1	209.8	210.3	203.9	195.5	190	186.4	155	115.8	93.9	94.3	98.8	106.6	113.9	122.1	128.5	129.7	132	136.5	143.1	147	153.1	159.9	162.9	158.8	158	163.2	165.5	165.8	166.1	172	172.8	175.5	172.9	169.8	174	176.4	170.5	171.6	173.4	177	175.1	166.3	165.1	174	179.4	182.8	188.3	193	195.2	194.8	196.5	203.3	210.5	219.3	226.4	235.8	227.2	209.9	204.8	208.1	208.3	211.7	217.2	208.8	200.1	198.3	194.8	194	193.7	196.6	192	185.4	185.3	187.9	186.5	182.5	175	169.1	170.2	169.5	164.8	158.4	155.6	155.6	157.9	157.3	155.8	152.4	150.3	144.9	149.3	157.6	168.3	171.4	167.7	166	165.5	167.9	165.5	157.4	150.7	145.1	141.5	136.5	134.2	132	130.1	131.7	129.1	124.4	123.6	121.2	118.7	119.4	121	123	124.9	139.1	196.7	239	235.3	229.3	236.8	241.4	239.7	257.7	288.6	291.5	279.8	299.9	306.1	290.1	292.2	299	310.2	309.6	310.2	310.8	304.3	292.4	308.1	309	309.6	311.4	312	313.2	310.4	312	314.4	308.5	318.3	327.6	354	380.4	376.2	361.8
459	459	459	459	459	451.2	438.6	424.8	416.4	404.4	388.8	378	373.8	371.4	369	358.8	352.8	351.6	343.8	332.4	321.6	318.6	307.4	312	312.3	310.2	313.2	310.2	309.6	309	310.2	311.4	310.2	309.6	304.5	288.3	257.8	224.3	210.5	206.4	207	203.3	195.6	190.7	186.4	185.4	157.7	105.1	97	100	104.3	112.6	121.4	127.2	127.7	129.1	132.9	140.8	142.6	149	159.7	164	166	162.6	160.5	163.1	166	164.4	166.3	167.7	168.2	168.3	167.2	170.7	171.8	164.3	164.9	167	170.2	171.6	165.6	167.2	176.8	179	181.7	188.8	193.5	195.8	196.1	196.9	201	203.9	210.5	218.3	225.3	215.3	204.4	205.1	207.1	204	201.7	207	206.8	201.6	199.3	195.1	192.5	193.1	193.7	188.5	183.3	181.1	183.1	177.1	173.9	172.2	166.6	166.6	167.1	161.8	157.5	156.5	155.5	156.7	155.7	155.9	151.7	147.6	146.3	147.7	152.4	166.5	169.8	170.3	170	167.2	167	163.5	157.8	149.7	142.8	139.4	135.3	134.5	133.3	131.7	131.4	129.3	126.4	123.1	118.4	119.3	120.9	122.5	127	137.3	183	235.9	240.1	231.9	223.8	234.2	239.4	249.9	282.3	301.3	300.1	281.9	297.1	306.9	289.6	271.9	277.9	305.3	309.6	310.2	310.8	306.2	282	290.6	309	309.6	311.4	309.2	313.2	313.2	309.9	313.8	316.2	318.8	330	361.8	388.2	379.8	360.9
459	459	459	459	459	459	447.6	433.8	418.8	403.2	393	387.6	381.6	375	369	362.4	356.4	352.8	349.8	340.8	325.8	315	318.6	317.4	314.4	313.8	313.8	310.8	309.6	309	309	310.2	310.8	309.6	283	297	309	279.6	232	210.3	206.4	206.3	197.7	192.8	189.9	185.6	169.9	115.1	102.9	101.6	100.6	104.9	117.2	123.5	124.8	127.1	130.5	135.1	138.9	147	154.9	162.1	164.4	163.1	164.7	160	160.5	161.6	160.6	162.5	162.2	162.7	162.8	163	161.6	156.5	158.3	158.2	158.6	161.3	167.8	170.9	176.4	179.2	183.8	190	193.2	190.2	181.4	176.1	176.2	184.9	195.6	203.1	212.4	208.7	203.4	200	197.6	186.8	173.6	175.9	177.2	181.8	186.5	191.8	192.5	191.7	190.4	185.7	180.4	177.7	179.9	176.1	166.9	162.8	163.8	164.1	162.6	161.5	162.1	157.8	153.9	158.6	160.9	157.4	150.4	147.7	141.6	142.6	147.3	160.9	166.3	170.1	169.3	166.1	162.4	160.8	159.4	151.8	143.7	142.2	137.2	134.5	132.3	130.1	132	127	123.2	119.7	116.6	119.5	121.5	122.5	126.7	147.1	201.2	238.2	238.5	229.3	224.5	238	258.1	289.7	309.6	309	309	309.6	307.5	309	309.6	303.2	297.5	310.8	308	298.1	312	312	299	292.8	309.6	310.8	311.4	309.9	313.8	313.8	313.2	302.5	299.7	312.4	343.8	378.6	400.8	397.8	379.2
459	459	459	459	459	459	459	445.2	427.8	411	399.6	391.8	386.4	379.2	373.2	366	358.2	354.6	354.6	348.6	336	322.8	319.2	318.6	315.6	313.2	313.2	313.2	310.8	309	307.8	310.2	310.8	310.2	292.1	300.6	309.6	295.7	249.5	220.1	208.2	206.4	199.3	192.8	189.3	184.4	186.2	158.4	128	108	100.8	103	110.5	122.3	126.6	125.1	130.6	131.1	134.3	142.9	151.6	160.5	163.4	160.8	159.3	157.1	155.2	156.5	158.3	161.9	164.5	162.7	163.4	161.3	161	160.4	157.1	155.7	154.6	155.2	162.2	166.2	170.3	179.9	187.1	185.7	181.6	176.2	167.1	158.7	157.3	163.7	177.1	187.8	193.2	201.8	195.9	190.6	181.3	173.2	169.9	167.3	167.5	170.8	173	179.9	184.7	185.9	182.8	180	177.1	173.1	170.9	169.3	163.8	164.6	161.2	163.1	164.8	160.4	159.1	156.5	154.5	156.1	161.5	161.8	152.3	148.9	146.6	143.2	147.7	155.1	163.9	167.8	166.4	162	158.2	155.7	154.2	150.1	145.4	140.3	134.3	133.1	132.5	128.7	127.5	125.9	122.2	117.9	118.4	119	120.5	121.4	141.9	202.5	238.9	239.6	239.5	231.8	233.2	250.3	271.5	291.8	310.2	309	309	309.6	309	309	309	307.5	310.8	310.2	310.2	302.9	307.2	310.8	309.6	297.1	310.2	310.2	310.2	312	313.2	313.2	313.2	304.7	292.1	309.3	335	360.9	393	406.2	399
459	459	459	459	459	459	449.6	442.2	422.4	413.4	408	399.6	387	379.8	373.2	363	358.8	359.4	357.6	351.6	336	322.8	318.8	318.1	315.6	313.2	313.8	312	310.8	309.6	307.8	309	310.2	309.6	309	307.8	309	309	307.8	305	281	245.5	206.3	197	192	186.5	190	185.9	153.6	118.7	104.6	108	110.8	121.4	124.9	125.2	129.5	131.2	134.8	145.8	152.9	161	159.8	161.8	158.3	153	151.7	154.4	155.9	160.1	159.8	158.5	158.8	156.1	155.6	155.5	159.1	156.4	153	154.4	159.7	164.1	167.3	179.3	178.8	168.1	158	152	152.2	154.4	154.7	159.4	164.3	166.5	171.7	172.8	173	173.9	171.5	163.3	160.8	164.1	166.6	163.2	158.2	156	159.6	166.2	171.7	173.8	174.2	172.6	168.2	166.7	160.2	162.1	157	159.4	159.2	158.1	155.8	154.4	148.7	151.2	157	154.7	152.8	152.1	150.9	148.8	147.6	151.9	159.1	163.2	162.4	157.9	153.9	154.9	153.3	147.9	139.6	136.5	134.4	133.1	132	130.6	125.6	121.1	120	119.2	121.1	119.2	115.9	121.7	152.7	218.7	241.3	244.5	257.4	275.2	287	285.2	278	263.2	278.2	295	301.2	301.2	302.7	302	305.4	297.5	294.7	308	310.8	310.2	303.3	287.9	302.6	284.2	287.7	310.8	297	300.3	313.6	315	314.4	318.6	327	337.1	372	409.6	421.9	429	413.4
459	459	459	459	459	452.7	444.5	442.8	422.4	415.2	411	400.2	387	378	373.2	366.6	363	363.6	359.4	351.6	337.8	324	313.9	318.8	315.6	313.8	313.2	312	310.8	309.6	309	309	310.8	310.2	310.2	309	309	307.8	307.8	307.8	307.8	263.1	208.5	198.4	192.7	187.9	188.8	199.5	206.4	146.3	111.1	107.1	107.7	117.7	123.5	121.4	125.7	129.3	133.3	143.9	151.4	155.3	156.5	159.4	154.5	147.7	147.6	150.7	152.3	157.2	158.4	158.7	157	152.1	152	158	163.1	161.8	160.4	161.4	166.8	173	176.8	185.2	182.4	172.8	165.4	163.8	165.4	165	167.6	168.8	168.5	174	178.3	173.5	171.6	176.1	177.1	172.9	167.3	169.7	173.8	177.1	174.7	170.4	172.5	177.2	178.1	182.1	185.2	180.6	176.1	171.9	167.6	165.9	160.1	159	159.9	157.8	151.8	151.3	146.4	149.4	153.6	152.8	152.8	151.9	152.6	150.2	148.6	151.3	156.1	157	157.1	158.1	155.8	152	151.6	144	137.6	136.9	135.7	132.7	130.3	130	125.6	121.2	119.3	119.1	120.1	117.3	117.3	130.9	197.3	240	240.6	247.5	270.8	299.4	310	287.1	290.8	277.4	272.5	291.5	299.2	300.6	295.9	293.5	306	303.8	298.2	296.1	302.5	309	307.8	292.7	301	283.5	282.7	310.6	297	297.4	316.2	317.4	315.6	318.6	328.2	348	380.2	420.4	432.6	436.8	423
459	459	459	459	459	459	459	448.8	430.8	416.4	409.2	397.5	383.3	378.4	380.4	377.4	367.2	366	362.4	352.8	341.1	328.8	322.2	320.4	318	314.4	313.2	313.2	310	282.2	292.8	309	309.6	309.6	309.6	307.8	309	309	307.8	307.8	291	285.4	255.3	214.7	198.4	194.9	192.5	197.5	209	163.3	118.1	107	106.2	112.9	119.9	120.6	119.7	121.6	128.9	137.3	146.1	152	155	157.9	153	144.9	143.7	144.3	146.5	151.1	156.1	160	153.4	148.9	150.6	156.2	159.4	162.3	162.1	160.6	166.1	178.4	183.7	177.5	166.4	164.2	161	161.1	162.5	163.8	167.2	166.8	162.7	170.3	173.5	168.2	164.4	171.6	175.8	171.6	163.6	166.6	173	180	177.2	171.5	174.2	170.9	165.7	168.7	172.3	174.5	171.9	168	165	161.3	155.4	149.2	145.8	148.6	145.9	141.8	141.4	140.7	143.8	151	149.8	149.6	150.6	150.8	150.6	153.8	156.6	156.5	157.4	155.3	154.7	151	145.8	141	137.1	137	135.1	135.3	133.4	128.6	122.9	121.6	122.5	121.9	119.1	116.7	120.8	139	207.6	240	240.1	242.7	278.5	324.8	320.4	295	286.4	296.2	301.1	309.6	307.8	309	309.6	299	287.1	298.9	309.6	307.8	304.3	309	309.6	307.4	307.2	299.9	295.6	315	314.3	306.1	323	327	323.4	324.6	343.8	385.2	416.4	433.8	454.8	456.6	453.6
459	459	459	459	459	457.6	459	452.4	435.6	418.2	409.8	406.2	394.8	384	382.2	377.4	367.2	364.8	362.4	353.4	343.8	331.8	324	321.6	318.6	315.6	314.4	310.4	279.8	287.7	309.6	307.8	309	309.6	309.6	309	309	309	307.8	281.9	292.9	290.3	231.5	203.3	194.4	191.4	191.2	196.2	206.8	187.9	133	112	110.7	113.8	117.5	118.8	117.2	119.8	127.6	132.8	141.2	148.2	154.4	156	147.7	143.9	143.5	143.5	145.6	149.9	154.7	157.3	154.5	148.2	154.2	157.9	160.4	164.8	164.9	170.7	178.3	184.5	182.4	176.4	172.6	171.8	172	172.6	173.9	178.4	187.2	189.4	189.2	202.9	201.9	195.4	190.4	196.8	204.5	199.8	189.2	190.1	195	195.6	189.3	179.9	178.1	174	169	167.7	174.1	176.6	174.1	173.4	168.3	158.2	154.4	149	143.8	146.3	144.9	141.1	137.8	140.4	145	151.3	146.8	146.1	148.5	150.8	157.6	157.6	156.5	155.1	152.6	151.7	152.7	148.2	141	138.1	137.7	135.5	135.9	134.1	127.1	124.8	123.9	120.5	121.6	120.4	118.3	120.1	129.4	168.6	232.1	242.1	240.9	257.7	321.1	324	312.2	281.7	284.9	302.5	310.8	309.6	307.8	309.6	310.2	287.8	289.8	301.2	309	309	309	309.6	309.6	301	299.9	297.5	315.6	318.6	319.9	316.6	326.7	336	327.6	328.2	350.4	400.2	429	434.4	457.2	459	459
459	459	459	459	459	456.9	459	457.2	444.6	430.8	426	418.2	405.6	395.4	385.2	376.2	367.2	363.6	367.2	359.4	348.6	337.8	328.8	322.8	319.8	317.4	314.4	312	311.4	310.2	310.2	309	309	309.6	309	309.6	307.8	309	292.2	269.3	290.4	307.8	270.7	212.4	198.4	192.8	191.4	192.7	199	189.9	141.4	114.6	110	115.1	118.1	120.7	119.5	120.7	126.5	131.1	139	143.5	149.6	152.6	147	145.7	145.3	143.3	147	151	154.4	153.8	148.7	148.7	155.4	156	158.1	158.4	161.2	167.5	167.4	165.5	170.1	169.8	162.8	161.8	162	163.2	170.5	173.8	178	189	191.4	204.2	203.9	203	194.3	194.6	202.8	202.5	195	193.6	193.3	192.2	184.7	177.8	174.4	170.1	165.1	161.7	160.5	160.3	163	165.8	158.9	151.2	147.4	141.7	140.4	138.4	138.7	139	134	133	140.5	146.7	143.5	143	147	150.6	161.1	160.8	160.1	156.2	151	149	152.2	146.1	140.6	138.3	136.6	132.5	129.4	129.3	130.5	125.7	123.9	122.8	123.3	121.9	117.6	118.2	132.5	173.3	220	229.1	228.7	249.7	284.5	307.1	298.5	290.4	306.6	301.2	309	307.8	309	303.9	301.7	293.4	302.6	309	309.6	309.6	305.4	309.4	310.8	314.4	305.4	298.7	315.9	338.9	355.8	366	382.4	378.7	342.4	337.9	395.4	450.6	459	438.9	441.5	459	459
459	459	459	459	459	459	459	459	451.8	438.6	430.8	421.2	408.6	397.8	388.2	379.2	370.8	369	370.2	361.8	349.8	339.6	330.6	322.8	320.4	318	315	313.2	311.4	310.2	310.2	309	309.6	309.6	309	309	307.8	309	280.9	274.2	298	307.8	288	218.9	198.6	194.1	191.3	194.1	197.9	208.8	201.1	142.1	115.5	119.6	122.2	121.9	120.4	120.3	125.4	128	137	143.1	145.4	148.4	144.8	142.3	141.4	143	147.9	153	155.3	151.2	146.2	148	154.7	155.7	157.2	158.3	160.2	163	157	154.7	164.6	163.8	160.4	157.5	156.5	159.6	167.7	170.6	173.9	193.1	204.6	208.5	213.1	212.6	201.6	195.2	200.7	198.7	194.3	194.7	191	183.9	170.5	165.4	165.7	163.3	159.2	159	154.4	151.2	151.5	155.4	153.4	148.2	145.2	141.1	139	139	135.8	137.4	135.1	133.6	138.8	144.1	143.9	143.7	145.4	149.5	156.9	160.9	158.5	151.3	147.9	145.6	148.9	145.7	140.9	140	135.1	131.6	128.9	128.1	130	126.6	123.5	124.5	124.4	121.1	121.4	128.4	174.5	223.6	225.4	228	229	258.5	287	293.2	290.4	288.4	302.5	299.2	302	309	309.6	310.8	302.4	287.7	297.6	310.2	310.8	310.8	311.4	311.4	313.8	318	320	313.8	336.6	365.4	375.6	393.6	410.3	392.4	346.2	353.2	412.8	459	459	445.7	434.5	459	459
459	459	459	459	459	459	459	459	459	456	442.8	430.8	421.2	412.2	399.6	390.6	383.4	373.8	367.2	362.4	357.6	349.2	337.2	324.6	319.2	318	315.6	313.2	311.4	310.8	310.8	309.6	309.6	309	307.2	309	309.6	307.8	304.3	307.8	307.2	307.8	303.6	242.8	201.5	195.8	192.7	191.8	196.5	203.9	210.1	158	116.3	119.8	120.3	121	122.9	124.5	124	128.4	134.8	139.9	141.4	143.1	141	140	140.8	146.2	151.6	151.7	155.2	149.9	148	148.6	153.8	156.8	159.1	157.9	157.4	155.9	147.1	143.7	149.2	150.7	148.5	138.1	132	138	146	153.1	159.7	175.7	192.6	195.4	193.9	188.8	180	180.3	178.4	175.9	172.4	167.3	157.5	143.4	124.7	117.1	121.7	129.3	137.4	139.1	138.6	137.7	133.6	130.1	135.7	140.4	137.2	138	132.4	130.3	128.9	125.7	124.9	125.1	130.9	136.9	140.8	140.6	141	146.4	154.7	160.1	162.9	158.2	149.2	146.1	146.9	147.6	143.4	138.6	135.2	131.7	128.9	126.4	127.1	125	123.7	125.2	124.9	124	125.6	135.9	190.2	232.2	230.4	228.2	232	267.5	293.8	296.1	286.4	278.8	276.8	291.5	296.4	310.2	310.8	310.8	310.8	310.8	293.8	314.4	315.6	317.4	319.2	324	332.4	345	355.8	363.6	401.4	441	451.2	459	459	450.6	427.8	437.3	447.8	455.5	459	459	459	455.5	459
459	459	459	459	459	459	459	459	459	457.8	442.2	434.4	423.6	414	400.8	391.8	384.6	372	366.6	365.4	360.6	351.6	339	326.4	319.8	318.6	315.6	313.8	312	310.8	311.4	310.2	309.6	309	307.2	309	310.2	307.8	309	309	307.8	309	305.5	251.8	204.3	195.8	194	193.9	197.9	203.9	211.5	192.2	137.1	121.9	121.7	120	123.5	123.5	124	128.4	132.2	135.7	138.4	139.5	138	138.1	140.1	145	148	154.5	156.8	151.5	150.2	149.4	154.3	157.5	159.4	156.4	153.1	147.1	136.7	132.9	134.5	131.8	129.7	118.9	109.2	116.5	124.2	132.7	136.8	145.8	155.3	158	158.4	153.9	150.5	153.2	151.4	148.7	145.6	141.4	127.8	111.1	98.3	93.9	97.1	104.3	112.4	118.2	121.7	122.9	121.5	119.9	126.1	131.8	135.3	133.9	130.5	131.9	130	122.2	120	122.6	128.5	134.1	139.5	140.8	140.8	148.2	156.3	160	161.1	156	148.2	144.6	143.9	145.1	141.4	135.6	134.1	130.9	128.5	127.3	127.9	124.9	123.9	124.5	123.7	125.8	130.3	156.4	224.9	233.5	231.2	225.8	234.7	272.1	289.7	296.3	290.7	282.3	276.7	284.3	296.2	311.4	312	311.4	312	311.4	298.3	309.6	320.4	323.4	327.6	337.2	351.6	369	377.4	391.2	429	459	459	459	459	457.8	447.6	451.3	449.9	459	459	459	459	456.2	459
459	459	459	459	459	459	459	459	459	459	443.4	440.4	431.4	421.8	408	395.4	388.2	375.6	364.8	364.8	363	350.9	348	337.2	324	319.8	317.4	315	311.8	299.4	309.9	311.4	310.8	309.6	307.8	307.2	309.6	309.6	307.8	309	309	309.6	309	296.6	224.5	196.6	195.1	194.7	195.6	201.4	208.8	191.5	145	125	121.6	123.7	124.7	124.5	123.9	129.7	133.7	135.7	135.4	136.7	138.4	136.6	135.1	140.7	147.3	153.9	156.2	150.9	145.5	149.2	154.9	156.7	154.6	153.2	147	135.2	127.9	122.7	117.2	111.5	107.4	102.4	103.4	106	111.1	114.1	112.9	110.5	109.4	107.2	106.8	106.2	110.4	119.5	119.5	112.1	104.6	96.8	87.8	85	81.7	78.7	75.5	73.2	72.4	74.8	78.8	84.5	90.5	94.5	102.3	106.3	111.8	113.6	111.2	116.1	113.2	105.4	103.6	105.5	111.9	121.2	129.9	135.5	142	152.1	160	165.3	167.5	165.3	156.2	148.1	147.7	144.3	139.7	135.5	132.8	128.5	127.9	127.9	129.9	128.1	123.4	121.6	122.5	126.5	131.5	169.9	229.1	237.5	232.8	222.6	252.7	294.3	302.3	310.8	310.8	305.9	291.9	284.8	274	292.1	313.2	315	318.6	332.4	348	335.1	349.4	358	400.8	422.4	435.6	452.4	459	459	459	441.5	441.5	459	459	459	459	459	459	459	459	459	459	459	459
459	459	459	459	459	459	459	459	459	459	443.4	441	432	422.4	409.2	399.6	390.6	378.6	365.4	359.7	361	357	351.6	342	327	320.4	317.4	314.4	313.8	301.3	302.2	311.4	310.2	307.8	307.2	306.6	309	310.2	309	309	309.6	309	309	307.2	267.2	220.3	196.5	196.8	195.1	200.9	211	197.2	168.1	145.4	134.6	127.4	125.8	127	124.6	128.5	133.3	132.1	130	134.5	137.9	137.9	135.8	139.2	148.8	153.1	154.2	149.2	146.3	148.7	156.4	160.8	155.5	151	143.9	133.6	125.8	115.5	109.6	99.7	91.7	88.3	89.3	89.1	89.6	87	84.2	81.8	78.8	77.5	76.9	76.8	79.2	86.9	86.4	81.1	77.1	71.9	67.5	66.5	65.5	62.8	61.6	59.7	59.2	61.7	65.5	68.6	72.9	80.4	88	91.7	97.1	101.9	105.6	110.7	110.9	107.9	106.4	106	111.8	120.3	126	133.3	140.9	148.6	155.9	163.1	165.9	162.5	156.7	151	147.3	141.2	136.7	134.4	131.6	126.3	124.5	126.8	128.1	125.9	123.8	122.5	124.3	126.1	139.2	210.4	235.5	236.1	226.9	215.6	234.7	283.8	303.1	303.9	309.6	310.8	304.5	297.3	281.6	284.4	301	318.6	327.6	349.8	369.6	366.5	382	393.6	433.4	448.8	457.2	459	459	459	459	454.1	442.9	445	459	459	459	459	459	459	459	459	459	459	459
459	459	459	459	459	459	459	459	459	459	459	459	441.5	425	418.8	413.4	401.4	386.4	370.2	363.6	367.2	367.2	360.6	353.4	339.6	324	318	315	314.4	314.4	313.2	311.4	309.6	309	307.8	307.2	307.8	309.6	309.6	309	309.6	309	307.8	300.1	251.2	205.7	196	194.1	193.8	197.4	207.4	207.9	185.1	159.5	137.8	128.7	129.4	128.3	127.6	130.3	132	130.3	129.9	132	135.9	134.2	139.9	147.4	151.9	155.2	156.8	148.3	144.9	146.8	152.9	155.7	149.8	138.7	126.8	115.7	101.9	91.4	87.6	87	84.6	77	70.7	65.3	60.9	62.1	60.4	60.8	63.3	66.4	66.2	65.6	66.8	65.4	65.5	66.7	67.5	67.6	66.8	68.2	67	64.5	65.4	66.5	65.7	68.8	67.9	66.1	67.2	71	80.7	86.9	93.2	99.1	107.5	117	118.7	124.1	126.1	123.6	121.7	118.9	121.7	132.3	142.2	151.2	157.9	163.5	169.6	168	160.3	153.2	143.4	139.7	136.3	133.9	129.4	124.5	123.3	125.7	126.3	123.9	121.2	121.9	126.1	131.3	144.7	209.4	240.1	240.1	233.9	241.6	297.7	312	295.6	292.1	303.8	310.6	313.2	300.4	298.7	313.9	341.7	371.5	418.7	447	453	459	459	449.2	459	459	454.1	459	459	459	459	456.9	451.3	459	459	459	459	459	459	459	454.8	452	459	455.5	447.1
459	459	459	459	459	459	459	459	459	459	459	459	452.4	427.9	419	414	402	388.2	375	367.8	370.2	370.2	361.8	353.4	341.4	327	319.8	315.6	314.4	313.8	311.8	311.4	309	303.6	307.8	307.2	307.8	309.6	309.6	309	307.8	307.8	304.3	293.1	263.8	209.3	195.9	195.5	193.2	198.1	207	211.9	215.1	187.5	154.3	143.8	132.4	129.3	129.4	129.4	130.7	127.7	126.7	131.6	133.7	134.2	141.7	148.3	153.3	158.2	157.9	147.6	141.3	143.8	148.1	149	144	133.5	122.2	105.3	90.7	83.4	81.1	84.1	77.8	67.7	59.6	54	50.2	54.8	51.4	52.8	54.6	57.3	59.1	58.5	59.1	59	60.9	63.2	62.6	65.5	64.9	68.2	70	70.5	71	73.7	70	72.4	71.9	72.5	68.1	67.6	75.4	83.2	94.8	101.4	110.5	120.5	122.1	124.1	126.4	124.9	124	120.7	122.6	131.9	140.4	147.9	157.3	159.2	165.7	167.4	159.6	151.3	143.1	138.9	135.1	131.9	129.4	123.3	123.3	125.8	122.8	123.9	120.6	122.7	128.9	134.5	162.8	222.5	240.1	240.8	235.1	256.2	311.3	311.4	308.2	293.5	303.1	311.4	313.2	295.5	306.8	329.7	375.8	412.9	448.5	459	459	459	456.9	445	457.6	456.9	459	459	459	459	459	459	459	459	459	459	459	459	459	459	459	451.3	456.2	455.5	446.4
459	459	459	459	459	459	459	459	459	459	459	459	459	444.6	429.6	419.4	412.2	403.8	395.4	385.2	381.6	378.6	372	360.6	348.6	337.2	324	318	315.6	310.2	310.3	311.4	310.2	309.6	307.2	307.2	309	309.6	309	307.2	307.2	307.8	300.1	306.6	307.2	242.8	198.1	194.5	189.6	193.8	206.7	216.8	220.6	202.5	171	149.8	132.6	131.6	131.7	132.3	130.9	131.2	130.1	132.5	133.4	136.7	144.9	153.4	158.8	163.5	161.9	150	144.1	144.5	145.4	147.4	140	124.1	105.1	83	69.4	65.2	59.4	57.6	51.9	49.1	42.9	42.7	54.4	60.1	58.8	63.1	65	68.7	71.3	71.8	75.4	77.9	78.9	80.8	82.5	89	86.7	86.2	87.6	87.4	85.7	85.3	81.5	78.6	78.9	76.8	74	71.5	76.1	91.1	108.4	114.3	123.4	135.1	135.4	132.1	128.2	131.4	136.3	136.6	131.2	131.8	136.3	144.6	155.1	162.9	165.9	164.8	160	153.7	146.8	141.9	137.9	134.2	132	128.5	128.6	126.6	125.2	124.4	125.5	130.1	132.5	139.7	173.4	232.5	237.3	231.9	223.8	250.1	299.6	309.6	309.6	310	306.9	316.2	319.8	303.4	342.8	417	459	459	452.7	459	459	459	459	459	459	459	459	459	459	459	459	459	459	459	459	459	459	459	459	459	459	459	459	459	459
459	459	459	459	459	459	459	459	459	459	459	459	459	450.6	433.8	422.4	417	410.4	401.4	390.6	384.6	381.6	374.4	363.6	350.4	341.4	328.2	319.8	317.4	305.9	313.8	311.4	310.8	309.6	307.8	309	309	309	309	307.2	307.2	309	309	306.6	306.6	248.5	200.1	195.2	190.3	193.3	203.1	214.5	222.8	228.8	214.3	184.4	151.6	135.6	129.9	129.3	129.4	130.8	132.1	131.8	132.1	136.5	144.7	152.4	159.2	162.3	157	149.4	144	146.9	148.9	147.9	135	115.1	93.8	70.8	63.1	59.4	54.9	50.4	47.2	50.4	46.4	48.1	59.6	61.5	64.2	67.9	70.4	75.1	75.2	77.7	83.5	85.9	87.2	87.7	89.4	97.1	95.8	97.2	97	90.7	88.2	88.7	87.3	79	75.9	76.8	76.9	77.6	79.1	91.7	108.9	114.7	122.9	130.7	134	132.6	131.8	131.6	135.1	138.4	133.1	132	136.6	142.5	152.5	161.1	164.8	161.7	158.7	152.8	147.3	141.8	137.8	133.1	129.6	129.1	127.9	125.2	124.5	124	127.3	131.9	133.8	142.8	191.6	241.9	233.7	224.6	219.4	254.3	293.5	309.6	309.6	308.3	308.5	317.1	317.6	316.9	364.1	440.6	459	459	440.8	459	459	459	459	459	459	459	459	459	459	459	459	459	459	450.6	459	459	459	459	459	459	459	459	459	459	459
459	459	459	459	459	459	459	459	459	459	459	459	459	459	443.4	423	418.8	418.8	412.2	403.8	393.6	387	381.6	375.6	369.6	357.6	343.2	328.8	319.8	317.4	314.4	313.2	311.4	309.6	309	309	309.6	309	307.8	307.8	307.8	309	302.9	307.2	307.2	274.4	212.8	196.8	191.1	191.3	197.4	209.5	221	227.6	231.7	215.3	171.1	145.2	134.2	130	128.5	134.2	132.5	130.8	134.7	141.6	148.5	153.8	162.5	166.3	163.4	154.8	146.9	151.6	150.3	141.2	125.5	106.5	85	73.3	68.1	63.7	60.4	58.3	59.7	59.2	57.7	60.2	66.3	69.9	73.8	80.6	88.7	91	95.2	96.1	99.9	103.5	101.5	101.1	100.4	105.9	106.3	107.2	107.6	103.3	99.7	97	95.9	97.8	95.4	95.2	98	93.8	93.9	96.5	112	121.3	124.7	134.9	138.1	135.3	135.2	131.9	135	140.8	145.2	144.4	140.8	143.4	151.6	157.6	161.3	160.4	158	155.2	150.3	145	140.6	133.3	127.2	126.8	123	124	122.7	122.1	125.2	128.8	131.8	138.6	167.4	212.1	225.6	213.1	221.9	262.5	286.9	313.8	320.4	317	335	385.5	402.2	426.5	435.9	426.8	457.6	459	440.8	447.8	459	459	459	459	459	459	459	459	456.2	459	459	459	459	459	459	459	459	459	459	459	459	459	459	459	459
459	459	459	459	459	459	459	459	459	459	459	459	459	459	445.2	423.6	421.2	421.8	415.2	407.4	399	392.4	384	378	375	361.8	345.6	332.4	321.6	318	315.6	314.4	312	309.6	309.6	310.2	310.2	309.6	309	309	309	309	306.4	307.2	306.6	274.4	214.3	197.4	193.8	191.4	196.8	209.5	222.5	226.5	230.4	231	170.2	141.1	135.9	131.3	130.8	133.4	131.3	130.9	132.8	138.7	147.8	155.7	163.2	168.7	166.4	156.4	148.6	150.7	148.1	138	120.6	102.9	84.7	76.6	71.7	67.8	65.7	61.6	63.4	63.3	61.9	66.1	71.1	75	79.9	90	96.7	100.5	101.4	104.9	108.3	113.8	112.5	109.3	106.5	110.3	112.2	110.8	109.6	106.7	103.7	104.8	102	101.7	101.8	101	100	95.2	96.1	102.6	119.8	125.7	126.5	133	135.2	133.1	134.7	133.1	134	139.9	146.4	147.8	142.4	145.3	152.8	158.2	162.4	160	157.8	154.7	148.1	144.5	140.5	132.8	130	127.1	122.5	122.8	122.7	123.3	128.3	132.1	140.3	151.4	204.8	237.4	228.1	213.7	232.4	274.7	291.3	318.6	327	328.2	359.1	417.6	443.1	451.3	445	427.5	452	459	445	454.1	459	459	459	459	459	459	459	456.9	447.1	457.6	459	459	459	459	459	459	459	459	459	459	459	459	459	459	459
459	459	459	459	459	459	459	459	459	459	459	459	459	459	459	448.8	442.8	442.2	435.6	418.5	414.6	407.4	402	397.2	388.2	375	363.6	349.8	328.2	311	318.6	315.6	312	312	311.4	311.4	311.4	309.6	309.6	309.6	307.5	306.8	309	309	299.4	286.2	235.8	198.7	195.1	193.4	194.4	203.9	216	224.6	228.7	230.4	171.5	142.6	136.4	134.1	133.6	134.5	133	133	133.7	140.4	149.8	155.8	163.1	169.2	171.7	167.8	159.5	155.4	150.8	143.4	136.3	118.4	103.4	91.6	81.9	78.5	79.5	76.4	75.8	77.6	77	81	86.3	89.7	95.1	102.6	106.3	109	112.9	115.6	116.5	121.9	123.2	119.4	117.2	117.4	118.3	117.6	115.2	113.8	112.7	114.3	113	109.1	111.8	112.2	110.5	104.2	105.1	120.2	135.4	136.1	132.5	132.7	134.8	134.3	138	138.4	134.7	137.3	144.6	145.9	144.9	150.1	154.6	156.6	160	156.8	155.3	150.9	146.2	141.8	136.4	128.2	124.6	124.9	126.8	125.1	126.3	124.3	128.1	136	145.4	155.6	203.9	242.2	237.4	235.7	280.7	321.6	325.7	339.6	346.2	354.8	408.6	459	459	459	459	435.9	439.4	459	459	459	459	450.6	449.9	459	459	459	459	459	459	459	459	459	459	459	459	459	459	459	459	459	459	459	459	459	459
459	459	459	454.1	454.8	459	459	459	459	459	459	459	459	459	459	459	449.4	446.4	439.2	417.4	414.6	410.4	407.4	402	391.8	378.6	370.2	357	335.8	316.2	319.2	315.6	313.2	313.2	311.4	311.4	312	310.2	310.2	310.8	304.5	308.8	308.2	304.8	301.5	297.1	247.6	200.7	197	193.5	193.2	203.3	215.4	224.6	229.3	232.4	178.9	153.4	142.6	134.7	133.3	133.1	134.6	134	133.7	139.1	148.4	156.2	163.9	167.8	172.3	170.8	162.5	158.5	152.8	144.9	138.3	126.6	114.8	101.6	89.1	81.7	80.8	81.1	83.3	82.9	83	90	96.2	101.9	105.8	111.4	116.8	122.8	127.3	127.8	128.3	134.4	137.8	130.3	125.7	127.5	124.3	118.9	115.9	116.2	115.8	115.9	115.1	113.3	113.3	112.3	110.6	107.2	112.9	130	139.6	138	133.9	133.5	135.7	135.2	139.2	141.1	138.6	138.2	142.4	143	144.2	150.2	154.4	155.6	155.6	155.8	154.3	150	144.9	141.6	134.1	127.7	124.6	124.3	126.5	125.6	128.6	127	128.9	138.7	146.8	154.8	188.3	224.2	238.7	248.3	306.6	339.6	339.2	345	350.4	362.4	413.4	459	459	459	459	441.5	438	459	459	459	459	452	444.3	456.2	459	459	459	459	459	459	456.2	459	459	459	456.2	457.6	459	459	459	459	459	459	459	459	459
459	459	459	459	459	459	459	459	456.9	459	459	459	459	459	459	451.3	452.7	459	454.1	450.6	436.8	427.8	421.2	417.6	409.2	393.6	377.4	365.4	348.6	334.8	324.6	322.2	323.4	320.4	318.6	318	315	313.8	313.8	313.2	310.8	311.4	310.8	305.4	309	307.8	284.5	222.8	197.6	193.7	192.8	198.7	211.2	221.3	228.7	226.4	174	159.1	149.2	140.3	134.9	133.6	136.3	135.4	134.1	134.8	144.7	150.3	159.8	165.7	173.2	173.7	170	163.3	154.4	150.4	151	143.1	133.6	120.5	110.7	98.7	89.3	89.7	91.7	96.2	99.9	105.8	112.4	123.1	125.3	132.7	139.9	143.3	140.6	135.5	137.6	140.5	142	136.8	134.8	137.8	136.5	133	132.8	127.9	128	127.5	125.4	121.9	119.4	116.9	115.3	126	140.8	147.3	146.8	143.3	140.3	138.1	138	139.2	139.1	138.4	136	132.8	132.5	134.4	138.2	145.4	150.8	151.2	150.1	151.7	151.2	147.4	143.1	141.2	133.4	129.5	124.6	121.5	121.3	124.2	127.3	127.2	130.8	136.2	143.7	152.4	191.5	237.3	249.4	282.2	345.4	357	344.6	349.4	357.6	357.5	404.4	459	459	459	454.1	447.1	447.1	449.2	445.7	447.1	444.3	450.6	459	459	459	459	457.6	456.9	459	459	459	459	459	459	456.2	451.3	454.1	457.6	456.2	447.1	446.4	451.3	459	459	459
459	459	459	459	459	459	459	459	459	459	459	459	459	459	459	459	459	459	459	454.8	444	433.8	425.4	423.6	415.2	397.8	382.2	364.8	350.4	341.4	328.8	324	324.6	327	327.6	322.2	318	315	314.4	313.2	310.8	312	310.8	309.6	309.6	309.6	292.8	236.8	197.7	192.3	192.1	196.2	208.6	220.6	228	232.9	183.6	162.8	154.5	145	140.1	139.3	137.5	134.8	134.6	137.9	144.7	151	157.8	166.7	172.5	174	170.6	163.5	155.2	153.6	152.9	145	136	123.3	118.6	109.5	95.4	92	94.2	100.4	104.2	109.4	120.4	128	134.7	149.2	155.4	157.9	155.8	148.1	147	150	150.7	147.5	150.3	149.2	147	150.3	147.7	138.6	136.8	133.4	129.5	127.6	123.8	119.5	121.1	137.4	150.4	147.1	144.5	144.9	139.1	138.9	137.5	136.8	136.8	136.7	135.5	132.2	129.3	131.7	136.1	141.9	148.7	150.6	149	148.4	150.4	146.7	142.6	138.8	132.3	127.3	121.2	118.8	120.6	124.4	125.6	127.2	132.6	138.4	148	156.5	207.3	251.9	259.6	294.7	346.6	356.4	340.9	344.2	357.6	352.2	399.6	451.2	459	459	455.5	447.1	447.1	449.2	449.2	454.8	449.2	444.3	459	459	459	459	454.8	450.6	459	459	456.2	459	459	459	459	459	459	459	459	449.2	454.1	459	459	459	459
459	459	459	459	459	459	459	459	459	459	459	459	459	459	459	459	459	459	459	459	459	456	447	443.4	429	410.4	397.8	388.2	376.2	367.2	361.8	354	358.8	366	362.4	347.4	330.6	324.6	319.2	310.7	310.3	313.2	312	303	310.2	310.8	311.4	298.2	220	195.6	194.7	195.1	203.9	219.3	226.3	232.8	182.8	161.3	156.5	146.5	143	138.5	137.9	135.9	138.1	137.9	141.9	149.4	157.4	163.7	170.3	175	174.9	166.9	162.2	158.3	153	150.1	139.5	132.3	133.3	133.1	124.8	111.9	103.6	105.1	107.5	114.9	130.6	134.5	140.7	156	167.3	170.9	174	168.4	164.5	169.3	170.4	163.5	162.3	158.8	156.9	160.4	162.6	151.9	148.4	140	132.7	129.1	129.7	139	156.6	166.4	163.1	157.2	152.6	150	146.7	143	139.4	137.3	137.5	136.3	136.3	132.1	130.3	130.9	135.8	141	145.5	147.8	146	147.6	148.1	146.7	143.8	137.4	134.1	128.7	122.6	119.9	119.4	119.5	124.3	125.8	126.4	138.3	151.7	157	207.3	257	292.3	330.1	341.3	356.4	355	352.1	352.2	342.4	369	384.6	389.4	396	405	412.2	414	412.9	411.3	421.2	423.6	421.1	453.2	459	459	459	459	452.7	459	459	449.2	457.6	459	459	459	459	459	459	459	459	457.6	459	459	459	459
459	459	459	459	459	459	459	459	459	459	459	459	459	459	459	459	459	459	459	459	459	459	450.6	444	430.8	417.6	408.6	394.8	383.4	378	372	369	373.2	373.2	369.6	353.4	339	330	322.8	307.1	310.9	313.8	311.1	291.9	310.2	310.8	310.2	306.7	229.8	196.9	196.1	196.3	202.8	218.2	229	234.5	207.6	177.1	164.7	159.1	151.7	141.9	139.6	137.7	137.7	140.3	143.6	149.8	157.4	162.5	169	172.7	173.2	165.3	162.9	159.3	152.7	146.7	138.2	132.3	133.2	139.2	137.1	123.9	112.7	110.3	110.4	119.3	132	139.6	142.3	150.1	167.8	169.4	172.4	174.7	172.3	169.1	164.8	161.7	160.6	160.2	158.5	158.8	160.8	155.7	148	142.2	136.2	132.4	140.4	156.8	172.7	172.8	160.2	157.3	153.5	148.6	147.7	142.8	139.3	138.4	136.8	135.7	131.7	130.6	131.4	131.4	138.2	141.5	143.3	142.1	142.5	146	145.9	145.6	142.5	138.2	134.3	126.3	122	120.2	119.3	119.4	125.5	127.8	130.9	139.9	151.6	162.9	203.1	256.3	306.5	334.5	332.8	357	356.4	352.8	354.4	339.3	358.2	361.8	361.2	364.8	369.6	379.2	386.4	385.2	385.5	393	393.6	389.2	416	439.2	451.8	459	459	456.9	459	459	452	459	459	459	459	459	459	459	459	459	456.9	459	459	459	459
459	459	459	459	459	459	459	459	459	459	459	459	459	459	459	459	459	459	459	459	459	459	459	457.8	446	450.6	442.2	431.4	424.8	416.4	410.4	405	399.6	397.2	388.8	379.8	373.8	353.4	337.8	326.4	318.6	315.6	298.5	295.9	311.4	310.2	311.4	312	267.4	208.7	198.8	197	201.1	212.8	226.5	227.3	177	163	163.1	157	149.2	141.6	135.6	135.6	137.6	141.9	140.1	142	148.3	156.2	162.8	166.6	168.6	170.1	166.3	163.2	159.3	148.2	140.8	137.3	133.8	136	144.2	150.2	147.8	139.3	133.7	140.8	150.7	151.7	154.4	156	163.5	166.1	167.5	176.6	170.8	165.4	164.6	162.8	156.8	152.7	158.9	162	162.3	162.9	161.1	158.1	159	158.5	176.5	185.2	179.7	167.8	158.8	164.1	161.5	155.9	149.5	148.7	143.4	138.7	136.8	132.2	129.5	132.4	129.8	132	138	137.6	136.9	140	143.9	146.4	146.5	147.6	142.3	140.1	136.1	125	119.8	117.5	116.4	120	130	138.6	140.1	147.7	159.6	176.1	236	296.5	356.3	356.9	340	348.7	345.8	345.6	355.5	333.4	324.1	340.2	351.6	360.6	361.2	358.2	354.6	355.8	351.8	347.4	341.4	347.2	348.5	356.4	361.8	380.4	400.2	409.3	421.1	446.4	459	459	459	459	459	459	459	459	459	459	459	459	459	459	452
459	459	459	459	459	459	459	459	459	459	459	459	459	456.2	459	459	459	459	459	459	459	459	459	459	459	455.4	444.6	436.8	430.8	422.4	414.6	408.6	405.6	403.2	393	384.6	379.8	361.2	343.2	330	320.4	316.2	305.4	304.8	311.4	310.2	311.4	312	284.1	217	198.8	197.9	201.8	211.6	225.9	219	169.6	162.9	160.6	157.3	150.4	142.4	135.9	136.3	135	134.8	137.4	137.8	144.2	151.7	160.7	162.8	165	168.9	168.6	162.5	158.8	149.5	143.2	135.2	130	131.9	140	147.4	154.4	154.1	150.8	151.4	156	163.7	169.6	165.3	167.3	170.7	171.7	175.2	180.1	177.1	172.6	167.5	160.7	161.3	167.9	167.1	164.7	167.5	170.8	170	170.5	175.1	180.8	181.2	173.4	161.2	156.8	162.8	161.9	155.9	151.9	148	141.8	140.1	138	132.5	129.7	130.5	131.1	132.6	135.5	137.7	134.5	137.6	142.8	145.2	146.3	147	143.1	140	133	124.4	119.2	116.5	118.4	123.3	134.1	144.5	147.3	152.4	162.3	178.9	242.9	321.2	365.4	361.2	354	356.4	356.1	355.2	358.2	343.9	322	337.8	358.8	366.6	351.4	355	352.8	357	356.2	345	343.8	349.2	346.9	351.6	348.6	362.4	370.8	375.1	399.4	422.4	439.8	459	459	459	459	459	459	459	459	459	459	459	459	459	456.2
459	459	459	459	459	459	459	459	459	459	459	459	459	459	459	459	456.9	459	459	459	459	459	459	459	459	459	459	448.2	439.2	436.2	432	427.8	423.6	416.4	409.8	404.4	397.8	390.6	373.2	354	342	331.8	322.8	319.2	318	319.2	317.4	316.2	318	272.6	215.9	208.9	205.9	210.5	218.8	210	166.8	161.7	156.2	153.6	153.1	145.7	139.1	140.3	133.1	133.6	135.9	135.5	139.1	144.7	150.4	154.9	158.3	161.6	167.8	167.8	162	154.4	146.8	144	136.8	129.3	133.9	141.3	148.7	157.5	165.8	172	175.3	184	189.9	188.3	190	193.2	192	195.5	201	191.8	188.1	183.5	180.6	184.6	187.8	185.9	183.2	184.4	184.8	182.2	183.1	182.7	174.5	169.5	165.8	159.6	158.6	160.4	160.6	159	155.5	152.7	145.7	142.1	142.7	138.1	134.1	131.6	130.5	131.1	133.4	136.2	135.4	137.2	139.1	142.4	143.9	144.5	144.9	141.3	133.4	127.7	123.2	118.7	121.4	126.8	140.8	151.8	153.4	156.8	166.5	182.1	271.1	346.5	363.3	356.3	357.6	356.4	358.2	360.6	360.6	358.8	357	357.6	365.4	361.2	352.2	345.6	342	347.4	354	358.2	367.8	373.8	366	360.6	359.4	366.6	367.2	358.8	361.8	365.4	365.4	375	400.8	418.8	430.2	444.9	444.3	459	459	459	459	459	459	459	459
459	459	459	459	459	459	459	459	459	459	457.6	454.1	459	459	459	459	459	459	459	459	459	459	459	459	459	459	459	447.6	444.6	445.2	438	431.4	423.6	417.6	414.6	405.6	400.8	393.6	369	355.8	344.4	330.6	324	320.4	322.8	321.6	318.6	321.6	328.2	295.3	229.6	215	213.8	217.2	223	201.3	161.9	160.4	160.9	165.3	159.2	152.4	146.7	139.4	135	136.4	138	137.7	141.7	146.1	149.8	154.2	158	160.9	164.6	164.9	159.2	153.9	147.2	141.9	134.9	129.4	132.9	137.1	142.5	153.8	167.7	177.4	184.3	192.7	194.6	195.3	194.7	194.9	196.7	198	201.5	190.3	184.8	182.7	182.1	188.9	191	193.5	189.3	183.7	180.3	180.2	177.4	178.1	166	161.7	159.2	161.9	161.1	158	160.6	157.6	153.3	148.7	146.4	144.4	140.7	137.2	132.7	131.5	130.6	130.6	131.9	132.8	132.2	135.8	139.4	141.1	145.7	145.6	142.4	138.1	131.1	125.2	122	120.7	126.4	135.7	148.5	153.9	154.3	157.2	166	177.4	268	344.9	347.7	348.3	356.4	358.2	358.8	359.4	358.8	357.6	357	360.6	363.6	354	344.4	341.4	340.8	348	361.8	363.3	373.8	366.6	361.2	365.4	366	365.4	363.6	363.6	360.6	360.6	354	352.2	367.8	397.2	421.8	446.4	449.2	451.3	452.7	459	459	459	459	459	459
459	459	459	459	459	459	459	459	459	459	459	454.1	459	459	459	459	459	459	459	459	459	459	459	456.9	459	459	459	459	459	459	459	459	449.4	442.2	439.2	435.6	431.4	434.4	402	386.4	385.2	369	353.4	339.7	339.6	336.6	336	340.8	352.2	353.4	292.8	241.9	237.8	235.3	235.7	204.5	162	156	156.4	160.5	158.3	153.3	152.3	146.8	139.6	136.1	136.8	135.2	138.8	142.8	147.3	150.1	154.1	158.2	162.3	163.8	154.9	152.8	148.1	141.3	141.5	138.6	131.9	132.9	138.6	146	154	168.8	184.1	201.4	206.4	207.7	203.3	202.4	211	208	202.3	199.2	194.3	189.2	190.7	197.4	199.3	202.3	195.5	182.2	174.4	169	164.1	163.5	154.3	154.6	160.4	161.5	162.1	162.9	159.7	155.5	154	149.1	148.5	146.6	140.5	137.5	135	132.3	132.2	131.6	130.1	133.5	135.5	134.4	138.1	143	144.6	141.9	139.9	136.6	128.2	120.5	120.1	124.9	131.7	142.3	150.6	151.4	152.8	155.2	163.6	193.4	284.8	333.3	339.6	344.9	358.2	360.6	360.6	360.6	360.6	347.9	359.4	356.4	360.6	359.4	356.4	352	346.2	342.4	350	342.6	353.8	361.8	353.4	347.9	356	358.2	365.4	372	363	344.7	342	333.7	336.5	345.6	357	372	400.2	435.6	456.2	459	459	459	459	459	459
459	459	459	459	459	459	459	459	459	459	459	459	459	459	459	459	459	459	459	459	459	459	459	459	459	459	459	459	459	459	459	459	459	448.8	444.6	444	449.6	447	417	400.2	401.4	388.2	370.2	345.6	349.2	342	340.2	349.8	358.8	359.4	309.8	251.7	245.8	230.9	200	177.1	162.4	159.4	159.4	159.9	161.1	156.6	155.1	153.5	144	139.6	140.9	136.8	137.4	139.3	143	146	151.3	156	160.5	160.8	152.9	150.3	145.6	140.7	139.8	138.7	133.1	131.1	137.2	141.8	147.8	160.9	171.1	188.4	198.2	201.8	197.8	197.6	206.5	201	192.6	196.4	195.1	190.2	190.1	194.8	195.4	193.8	184.7	176	168.1	162.3	160.6	153.8	149.2	152.7	158.9	158.6	158.1	160.5	157.4	156.3	155.1	151.6	147.8	144.5	139.7	134.7	130.7	131.6	131.6	130.4	133.5	136.9	137	135	136.9	141.5	142	138.1	137.1	134.3	129	124.6	124	126.3	135.7	147.9	155.8	155.9	154.5	156.4	164	208	276.6	337.4	344.7	350.5	358.2	361.2	361.8	361.8	361.2	350.6	350.5	354.6	355.8	357	357	357.6	350.7	343.4	347	348.2	355.3	358.7	348.3	334.4	349.7	357.6	363.6	373.8	367.2	344	346.6	349.2	342.5	345.6	354	361.2	372	408.6	444.9	459	459	459	459	459	459
459	459	459	459	459	459	459	459	459	459	459	459	459	459	459	459	459	459	459	459	459	459	459	459	459	459	459	459	459	459	459	459	459	459	459	459	459	459	459	447.6	454.8	445.2	424.4	407.4	393.6	377.4	363	379.2	383.4	371.3	323.4	275	259	223.7	185.7	175.1	167.8	158.2	156.1	156.6	156.2	156.3	156.7	157.2	153.4	143.1	141.6	139.9	137.8	138.8	140.2	143.8	146.9	149.9	151.8	152.5	149.1	145.3	142.5	140	140.5	138.2	137	136.7	136.6	136.7	141.5	148.7	153.9	163.1	173.4	177.5	181	184.8	185.2	183.9	183.8	191.5	198.6	197	193.9	193.9	188.2	183.6	176.8	168.4	163.5	161.3	159.9	152.9	148.4	150.8	153	152	150.3	150.5	153.3	156.4	159.9	155.7	148.7	143.9	136.5	132.5	131.8	129.9	129.8	128.6	131	134.3	136.7	136.2	135.6	136.9	139.6	137.3	133.8	134.1	131.6	127.1	125.8	128.3	141.3	152.4	154.9	155.3	154.5	159.7	183.6	253.3	281.4	335.6	358.2	359.4	361.8	363	362.4	361.8	362.4	363	342.1	346.5	347.2	347.4	345.6	350.4	357.6	357	360.4	363.6	364.8	367.8	360.8	350.4	363.9	356.4	350.4	363.6	369.6	367.2	366.6	366.6	361.8	356.4	352.8	349.8	351.6	358.2	373.2	406.2	443.4	459	459	459	459
459	459	459	459	459	459	459	459	459	459	459	459	459	459	459	459	459	459	459	459	459	459	459	459	459	459	459	459	459	459	459	459	459	459	459	459	459	459	459	459	459	456	435.6	416.4	406.2	391.2	373.8	387	388.2	372.4	331.4	270.1	210.8	162.3	149.4	168.7	168.1	159.4	157.1	157.2	155.6	160.3	164.3	166.7	163.3	153.4	144.1	140	140.5	142.5	142	144.2	146.8	148.8	150.1	151.3	149	144	141.1	140	138.1	135.5	137.6	137.9	136.2	137.2	140.3	146	151.1	153.6	163.4	165.5	169.6	175.1	174.6	173.2	173.2	179.3	188.8	190.7	192.5	187.5	180.9	180.4	172.6	167.9	162.6	161.9	164	155.1	149	150.2	153.4	152.6	149.1	150.6	150.5	153	157.9	153.9	149.7	143.4	133	130.8	130.6	129.1	128.7	129.8	133.3	134.3	135.3	139.2	135.3	135.9	137.7	136.4	136.8	135.3	133.5	132	130.7	134.9	148.8	156.8	153.4	155.6	158.7	161.1	193.7	268.5	271.4	286.7	324.6	337.6	353.3	363	362.4	361.2	356.7	361.6	342.7	335	347.8	347.4	345.6	347.4	352.2	354.6	357.3	357.6	355.8	363	363	358.9	361.8	355.8	352.2	365.4	370.2	366	362.4	364.8	361.2	360.6	354.6	349.8	349.2	353.4	365.4	384	418.2	459	459	459	459
459	459	459	459	459	459	459	459	459	459	455.5	459	459	459	459	459	459	459	459	459	455.5	459	459	459	459	459	459	459	459	459	459	459	459	459	459	459	459	459	459	459	459	459	451.2	432	421.2	410.4	399	397.2	390.6	384.6	360.6	264	193	155.9	146.1	171.7	175.4	164.7	158.6	155.2	153.3	158.3	162.3	163.2	166.9	162.3	149.8	144.2	141.7	140.9	140	141.6	140.8	144	144.7	145.7	145.8	141.7	137.4	136.6	135.7	134.4	135.3	138.7	140.6	141.6	146.5	146.2	148.1	146.7	149.8	151.4	155.4	160.1	161	165.3	168	169.9	178.2	177.2	178.3	174.9	170.6	170.1	167.5	167.6	165.8	165.2	166.2	164.5	160.1	154.9	149.4	151.4	149.7	147.1	151.8	152.9	149.3	149.7	150.2	144	134.8	130.8	128.7	128.3	129.5	127	127	132.7	133.2	136.5	133.7	133	135.2	134.8	137.7	135.6	132.5	133.1	133.3	139.1	149.8	152.5	153.4	154.4	160.2	167.4	209.1	264.8	267.4	288.4	299	305.7	326.6	337.6	349	357.9	356.4	363.6	360.6	350.7	352.8	349.8	347.4	343.2	339.6	337.2	337.8	343.2	340.2	340.2	343.8	347.4	349.2	353.4	357.6	361.2	361.8	363.6	361.2	356.7	359.9	367.8	367.2	349.8	341.4	348	356.4	364.8	370.8	396.6	445.2	459	459
459	459	459	459	459	459	459	459	459	451.3	446.4	455.5	459	459	459	459	459	459	459	459	459	459	459	459	459	459	459	459	459	459	459	459	459	459	452	459	459	459	459	459	459	459	456	436.8	423.6	411	400.2	399	389.4	382.2	318.2	213.1	165.1	143.2	162.6	179.9	173.5	164.4	159.4	155.5	156.7	160.8	162.7	164.9	168.9	165.5	157.8	151.6	146.5	142.6	140.7	143.6	142.6	142.9	144.7	145.1	142.7	139.2	136.9	136.4	136.3	135.7	134.5	137.9	138.6	140.2	144.4	144	146.1	145	143.7	146.3	151.6	152.3	155.6	161.3	162.2	163.6	167	166.2	172.8	170.7	166.2	166.2	165.6	166.3	167	164.9	164.1	163.6	163	155.6	150.1	151.6	149.8	144.9	146.2	152.4	148.4	146.8	148	143.9	137.9	131.3	130.1	131.2	130.2	128.5	127.2	127.2	133.1	136.3	135.9	135.5	137.5	138.2	139.1	136.1	136.3	137.3	139	147.3	154.3	151.1	150.9	153.8	161.2	171.1	213.8	262.9	267.9	282.7	277	246.5	247.6	255.6	263.5	276.5	280.1	310.3	332.3	350.6	354	351.6	348.6	345	341.4	339	336	337.8	337.8	336.6	337.8	340.8	344.4	351.6	357	354.6	356.4	361.2	359.4	360.4	352.4	366.6	366.6	349.8	342	348	354.2	364.8	369	382.2	423	459	459
459	459	459	459	459	459	459	459	456.2	457.6	459	459	459	459	459	459	459	459	459	459	459	459	459	459	459	459	459	459	459	459	459	459	459	459	459	459	459	459	459	459	459	459	459	451.2	444	429.6	411	400.8	392.4	350.5	251.1	193.3	161.5	146.5	168.6	181.4	173.2	165.1	159.2	149.2	149.9	155.8	161.5	161.2	163.9	166.5	164.5	161.4	150.9	145.3	141.1	140.5	139	137.5	142.3	143.9	140.9	140.4	135	137	136.3	129.6	130.3	135.5	137.6	139.5	144.3	144.7	145.6	145	142.2	142.2	144.7	143.6	148.1	152.8	156.7	157.6	158.5	161.1	162.7	163.9	161.1	164.6	170.5	170	175.5	176	175.8	177.7	175	166.5	157.4	152.4	149.9	144.7	143.5	148	145.6	144.1	144.4	142.3	138.7	133.2	130.8	132.5	132.5	130.7	126.7	124.8	128.6	132.4	131.7	131.8	135	136.5	135.6	133.5	131.6	136.3	139.9	150.2	151.6	149.2	149.1	154.4	161.2	172.9	221.3	252.3	254.8	284.8	288.9	274	239.3	245.5	255.8	268.8	283.5	292.4	313.8	333.6	348.6	346.2	349.8	349.8	349.2	346.2	343.2	339	334.8	331.8	330.6	331.8	331.8	336	341.4	344.4	349.2	358.2	361.2	358.2	357.6	358.2	358.8	349.2	340.8	345	352.8	359.1	365.4	366.6	359.5	383.3	442.9
459	459	459	459	459	459	459	459	459	459	459	459	459	459	459	459	459	459	459	459	459	459	459	459	459	459	459	459	459	459	459	459	459	459	459	459	459	459	459	459	459	459	459	453	447.6	431.4	414	403.2	390.5	302	217.1	181.5	155.4	168.1	185.7	182.5	175.8	163.5	151.5	145.1	148.7	155.5	163.3	165.8	167.7	170.1	170.6	166.2	157.7	149.7	144.1	143.4	140.3	137.4	142.7	142.6	141.4	140.4	136.5	138.5	134.3	126.2	128.1	135.7	136	138.6	143	143.3	142.6	142	139.6	139.1	139.6	140.3	142.7	149.3	152.9	153.6	155.9	156.6	159.3	160.5	161.5	166.5	170.7	174.6	176.5	175.8	181.2	182.2	179.7	170.5	159.9	153.4	148.5	145.3	144.7	148.8	146.1	144.5	145.1	141.3	138.1	133.8	131.2	133	134.6	132.1	128.1	126.7	131.6	133.4	135.6	133.2	135.9	138.6	137.3	136.2	133.8	138.8	144.5	151.3	153.5	152.5	151.8	156.7	163.6	176.9	223.3	244.4	244.9	273.2	287.5	291.9	268.5	243.1	246.4	259.3	275.3	286.4	292.5	289.5	290.5	297.6	335.7	350.4	349.8	349.2	346.2	343.2	337.2	333.6	332.4	330.6	328.2	331.8	336	340.8	345.6	356.4	360.6	358.8	358.2	357.6	357.6	348	340.8	344.4	355.8	361.8	361.8	366.6	367.8	378	424.8
459	459	459	459	459	459	459	459	459	459	459	459	459	459	459	459	459	459	459	459	459	459	459	459	459	459	459	459	459	459	459	459	459	459	459	459	459	459	459	459	459	459	459	446.4	434.4	421.8	409.2	399.6	373.7	272.8	189.3	169	158.4	179.4	196.9	181.9	159.2	141.2	131.8	128	129.2	144.8	158.6	162.9	161.9	164.8	167.3	169.7	168.6	158.8	148.9	141.4	139.1	138.4	141.3	140.3	139.8	141	138.3	137.7	134.1	131.6	136.3	136.1	136.2	137.1	141.4	144.4	144.1	143	138.4	139.8	138.3	138.3	139.2	144.2	145.7	150.3	154	156.4	160.7	162.1	169.8	170	166.5	172.9	172.7	179.2	187.2	186.2	180.9	171.1	166.6	162.5	155.3	143.8	142.5	147.2	145.4	145.4	146.6	143.2	136.1	133.4	132.7	133.1	134.5	133.1	128	125.3	127.7	128.9	130.6	131.3	133.9	136.2	137.6	135.6	132.8	141.1	153.3	153.2	150.3	152.7	152.5	156.6	159.2	177.2	242.6	260.6	255.8	267.3	288.6	293.1	288.6	252.5	241.7	253.7	271.6	283	285.3	285.7	290.7	292.7	314.3	348.7	353.4	353.4	339	338	348	345	339.6	335.4	332.4	328.8	326	330	336.6	344.4	347.4	353.4	357	357	355.8	351.6	349.2	352.8	361.8	357	359.4	366.6	362.4	357.6	366.6
459	459	459	459	459	459	459	459	459	459	459	459	459	459	459	459	459	459	459	459	459	459	459	459	459	459	459	459	459	459	459	459	459	459	459	459	459	443	429	424	422	423.5	423.8	412.7	389.3	375.6	365.9	353	335.8	249	175.9	160.6	167.8	192.2	199.4	182.4	155.5	138.9	131.8	122.6	120	137.1	157.8	162.5	161.8	168.2	169	171.5	172.9	165.6	153.2	145.7	142.2	140.9	140.2	140	140.2	143.8	140.3	136.4	133.5	132.5	134.1	134.6	133.9	134.5	137.6	142.5	143.8	142.1	139.8	137.6	135.4	135.3	137.3	139.7	142.8	146.2	152.5	153.8	158.5	160.5	168.2	170.3	169.9	169.7	168.9	177	185	184.4	177.9	167.7	164.3	160.5	155.7	146.7	146.7	147.4	145	145.5	145.5	142.6	137	134.6	132.3	130	135.3	133.2	129.1	127.5	130	131.6	130.3	132.1	135.3	137.8	138.1	137.9	136.6	144.6	154.5	152.7	152.7	153.5	154.8	156.6	159.4	178.4	248.7	272	264.2	271.7	290	292.6	293.6	289	273.8	256.7	259.3	277.5	283.9	283.2	289.7	283.7	278.6	280.8	304.3	333	349.3	340.4	349.2	346.2	340	339	335.4	327.4	326.1	330	332.4	337.8	343.2	349.2	354	356.4	354.6	353.4	354	354.6	360.6	356.4	357	363.6	360.6	354.6	358.8
459	459	459	459	459	459	459	459	459	459	459	459	459	459	459	459	459	459	459	459	459	459	459	459	459	459	459	459	459	459	459	459	459	459	459	444	429	423.5	414.8	385.6	376.3	375.4	370.8	361.9	353.4	343.6	335.6	335.2	313.5	228.2	171.4	174	183.7	201.1	196.6	171.8	150.6	154.6	146.7	123.3	114.1	117.6	141.2	154	157.9	161.3	162.6	164.2	170.4	169.6	166.6	155.2	145.9	143.5	141.6	139.9	139.6	140.7	140.3	138.6	132.5	131.3	131.4	133.7	134	134.4	137.9	142.5	142.5	141.5	140.9	137.8	136.4	138.1	138.1	139.3	141.5	149.5	154.4	160	166.2	166.7	169.6	172.1	166.3	168.3	169.5	175.8	183.5	176.7	172.1	168.5	165.3	162	158.8	156.5	152.7	147.6	145.6	148.1	142.3	141	137.7	134	126.5	127.3	130.8	132.7	130.7	126.6	125	126	130	131	133.5	136.7	136.9	138	141	149.8	150.3	147.3	151.1	152.1	149.1	152.1	155.7	180.2	258.7	274.9	279.6	284.9	290.1	294.5	296.7	295.6	286.4	263.5	259	275	287.3	288.3	279.5	287.3	279.3	277.3	284.9	312.1	327.1	328	331	334.7	333.7	328.4	319.9	303.8	301.7	308.9	311.4	325	331.6	337.2	343.8	347.4	348	354.6	363	366	367.2	367.2	359.4	357.6	361.8	358.2	357.6
459	459	459	459	459	459	459	459	459	459	459	459	459	459	459	459	459	459	459	459	459	459	459	459	459	459	459	459	459	459	459	459	436.5	404	386.5	382	383.5	387	382	358.2	355.2	373.6	363.1	353.9	342.5	329.7	324.9	328.7	309	224.4	167.2	169	194.7	206.9	189	164.7	153.8	158.3	149.7	127.1	115.3	114.6	135.3	151.9	159.2	164.2	163.9	164.7	170.3	171.3	171	162.9	150.5	147.1	145.3	143.7	142.4	140.4	138.5	137.8	134.9	131.8	129.6	131.2	134.3	136.9	139.5	140.4	142.5	141.6	140.4	136.4	135.4	137.2	138.1	141.1	145.6	151.1	153.7	160.6	166.5	168.2	167.7	170.9	165.7	168	171.7	176.1	181.6	174.4	169.2	167.4	163.7	158.7	155.3	155.4	150	146.9	145.1	145.2	142.8	140.4	140.6	135.6	129.3	130.8	133.2	134.9	131	128.1	124.7	126	130.4	130.7	132.4	136.7	138.4	140.6	145.2	150.3	148.9	146.6	148.3	150.1	148.7	150.1	152.1	183.9	263.1	274.9	278	283.5	287.1	291.3	294.5	293.5	293	278.3	261.8	272.9	283.6	288.4	279.3	285.3	278.8	276.2	278.8	280.6	280.6	280	278	277.4	273.9	272.1	271.7	263.7	251.2	246.2	247.3	248.3	268.6	299.3	319.7	344.4	346.2	354	365.4	374.4	375	375.6	364.8	355.8	361.2	358.8	356.4
459	459	459	459	459	459	459	459	459	459	459	459	459	459	459	459	459	459	459	459	459	459	459	459	459	459	459	459	459	459	459	449.5	419	390.5	383.5	388	385.9	376.7	359.5	337.8	339.9	341.9	336.5	331.6	325.2	321.6	325	330.9	318.6	226.3	176	176.5	192.2	197.1	168.8	152.1	167.4	173.3	159.6	139.9	126.8	115.6	126.8	142	147.2	153.7	157	160.3	165.4	168.2	169.4	167.8	158	149.7	144.9	144	141.1	136	135.8	135.8	131.6	128.7	127	128.8	131.8	134.1	138.4	141.1	142.7	146.3	147.4	148	148.4	148.8	149	151.2	153.7	159.6	164.1	163.6	165.6	169.6	171.6	172.8	167.3	167.1	171.4	173.5	171.1	166.2	163.1	160.2	159	154.6	153.5	152.9	147.5	144.4	141.9	141.6	140.7	140.6	143.3	139.9	135.6	133.7	133.7	133	127.9	123.2	118.3	120.2	124.4	125.7	127.7	133.1	137.9	142.5	144.6	143.1	142.3	143.4	141.7	144.1	142.3	144.8	149.3	192.5	270.8	277.3	279.9	284.1	288.3	292.6	293.7	296.7	294.9	280.4	264.5	260.8	281	289.1	289.3	282.4	279.1	275	277.7	281.3	280.6	282.4	281	277.8	275.8	274	273.2	252.7	241.6	253.4	252.4	254.1	253	268.6	297.8	330.9	353.4	361.8	369.6	369.6	369	372	369	359.4	361.8	358.2	352.8
459	459	459	459	459	459	459	459	459	459	459	459	459	459	459	459	459	459	459	459	459	459	459	459	459	459	459	459	459	450	420	397.5	395.5	393	393	389.5	377.5	362.7	340.5	334	338.7	332.9	325.3	320.7	319.3	319.2	321.8	329.3	326	232.4	166.4	170.8	188.9	192.1	169.1	146.9	156.1	168.6	162.2	147.3	135.2	123.4	122.4	131.2	139.6	147.1	154.8	161.1	165.2	168	168.2	168.4	161.6	154.2	151.2	146.8	139.7	137.1	137.6	138.3	132.4	129.5	127.8	128.2	131.9	132	137.7	141.5	143.3	146.4	150	153.2	151.8	154.1	155.1	157	160	166	171.8	171.2	172.3	172.3	174.5	172.6	169	168.3	171.1	171.1	170.1	165.1	162.1	159.6	156.6	154.5	154	152.4	148.6	144.7	143.2	142.8	140.9	142.6	146	145.4	143.9	139	138.1	136.1	129.1	124.7	121.3	120.9	122.3	127.7	129.4	134.7	140.2	142.9	145.5	144.5	143.2	144.7	144.4	142.4	139.6	142.2	148.8	195.9	275	278.3	281	283.7	286.2	289.5	291.2	291.3	292.8	282.7	268.7	271.1	282.2	287.8	287.5	284.6	279.1	274.6	275.7	278.9	279.3	278.4	277	276	271.3	270.6	271	261	252.1	256.9	261.5	264.3	259.1	253.8	250.9	263.3	300.5	331.9	349.8	357.6	365.2	367.8	370.2	365.4	363	362.4	354.6
459	459	459	459	459	459	459	459	459	459	459	459	459	459	459	459	459	459	459	459	459	459	459	459	459	459	459	459	459	436.5	409	397	390.4	378.2	364.4	352.9	342.7	325.2	305.5	314.3	324.3	318.8	315.2	310.2	300.9	300.8	309.5	312	297.8	204.6	127.8	125.4	145.6	144.7	142.6	165.4	182.8	163.7	151.6	149.7	142.5	126	119.2	134	137.9	141.1	149.3	155	161.7	163.7	164.2	164.7	161.9	159	150.7	145.1	140.5	137.3	135.4	133.6	131.8	127.7	128.5	130.7	131.1	136.1	144.1	146.3	148.5	154.8	159.3	163	164.2	167.5	169.8	177.7	181.2	183.8	183.8	182.3	179.7	176.8	176.5	174.8	173.4	171.8	168.6	165.5	165.1	162.5	160.1	154.6	156.3	156	151.8	148.9	148.1	143.6	139.2	139.5	139.2	141.4	143.2	143.9	140.1	135.5	133.1	126.8	118.5	115.1	118.2	121.4	124.3	130.5	136.2	140.8	138.4	136.6	137.7	136.2	135.9	136.1	134.7	132.8	136.3	146.8	157.4	203.3	279.7	281.1	282.7	286	288.6	279.3	288.2	295.5	287.4	281	269.2	278	286.5	288.9	275.1	276.9	276.7	274	278.9	279.1	280.5	280.2	278.9	277.9	275.3	276.3	276	276.9	272.3	261.5	264.8	265.5	262.7	254.3	265.4	284.8	298.6	324.9	336.1	341.3	344	355.9	371.4	370.8	369	361.8	361.8
459	459	459	459	459	459	459	459	459	459	459	459	459	459	459	459	459	459	459	459	459	459	459	459	459	448.5	436.5	421	400	393.5	389	377.4	367.8	361.3	354.6	343.2	332.1	312.1	300.2	313.1	318.8	315.2	308.7	307.1	295.5	294.6	302.8	302.5	282	197.4	118.1	118.7	134.5	135.2	147.7	175.4	193.8	169.4	150.5	152.3	148.4	131.4	121.6	135.2	141.4	141.5	147.7	152.8	161	164.9	166.1	166.2	164.8	163.1	159.3	151.1	143.7	137.5	135.6	136.3	134.8	130.6	131.4	134.6	133.9	136.9	146	148.6	151	157.3	163.9	167.7	167.7	168.5	173.5	181	184.4	185	183	181.9	179.1	178.9	177.2	174.7	174.2	174	168.3	164.2	162.2	161.7	160	155.7	156.5	155.2	153.1	150.2	147.5	142.9	141.4	142.6	141.8	145.9	144.6	140.4	139	134.1	129.7	124	119.5	116.7	122	125.4	131.1	134.6	138.8	140.1	137.8	137.7	137.9	135	135	134.5	134.9	135.3	141.1	151.1	161.7	208.2	282.3	283.8	286	287.1	288.6	282.3	287.8	294.5	286.6	279.4	270.6	282	289	290	274.9	269.6	277.3	270.1	276.2	279.2	280.7	280.2	280.1	277.6	276.4	276.3	276.6	277	274.5	262.6	262.6	265.5	261.9	255.9	267.8	290.6	294.3	290.7	286	284	289.6	287.4	299.6	310.2	317.7	321.9	325.8
459	459	459	459	459	459	459	459	459	459	459	459	459	459	459	459	459	454.5	445.5	447	456.5	459	459	456	439	435	418	397	387.5	371	363.3	353.7	341.7	336.2	333.6	327.2	315.5	300.4	291.4	295.4	299.9	307.6	301.4	298.9	293.8	292.4	297.7	295	279.9	245.9	164.5	116.1	121.6	144.4	160	183	184	161.9	147.8	150.4	151.9	141.4	121.8	131.5	142.6	144.3	143.6	144.3	148.1	151.3	156.1	157.5	157.9	158.1	157.6	153.7	148.3	139.4	131.4	129.3	131.1	130.3	132.2	134.5	136.3	138.6	140.7	143.7	146.5	153.7	160.1	164.8	168	172.5	172.5	176.2	178.2	178.8	178.1	177.5	177.1	176.3	175.3	172.8	171.2	172.6	169.2	167.7	162.1	159.6	160.1	158.2	153.1	152.4	150	147.3	143.3	142.7	139.9	141.9	141.2	138.5	140	137.6	133	126.9	121.9	118.3	117.2	117.1	122.6	128.2	129.6	130.1	131.4	132.3	133	133	135.4	134.1	135	132.2	132.2	133.1	143.3	152	159.9	188.5	248.9	284	287.2	287.8	288.6	293.8	296.2	292.5	288	277.9	271.1	280.3	285.4	287.3	285	284.3	278	272.1	277.1	281.4	279.9	280.6	277.5	278.3	276.1	277.2	278.7	277.3	274.8	267.3	266.5	265.4	268.1	257.9	259.6	278.8	283.6	289.5	291.5	286.4	283.8	285.6	291.8	290.8	290.8	291.2	297
365	365	365	365	365	365	365	365	365	365	365	365	365	365	365	365	365	365	365	365	365	365	365	365	365	365	365	365	352.4	340.4	332.6	326.6	316.4	309.8	306.2	302	296.6	293	285.2	280.4	279.8	281.6	283.4	276.8	270.8	271.4	275.6	267.8	257.6	205.4	113.8	108.1	142.7	143.1	141.6	161.6	164.7	144.3	133.7	138.6	143.4	130.5	112.3	124.1	137.4	139.8	139.2	139.1	142.8	146.9	153.2	156.6	158.7	165.6	170.6	169.9	164.1	157.1	150.8	150.4	151.1	153.7	157.2	160.2	163.3	167.1	168.4	173	178.8	187.2	192.3	195.3	196.9	202	205.2	206.5	208.1	208.2	207.6	207.4	208.7	207	204.8	205.5	204.8	201.2	198.4	200.5	196.9	192.9	192.8	189	182.7	180.1	180.2	176.7	174.1	170.6	169.2	167.9	165.1	161.8	158.5	158	153.7	145.7	142.7	137.7	135	136.3	139.6	141.3	140.1	139	138.5	135.5	135.1	136.4	137	137	135.1	132.7	131.4	135.7	143.4	150.6	158.6	203.9	275.6	275.6	276.8	276.8	277.4	281.6	283.4	281.6	279.2	277.4	276.8	275	272.6	271.4	269.6	267.8	260	256.4	262.4	266.6	267.8	267.8	269	268.4	267.2	267.2	267.2	265.4	265.4	265.4	263.6	260.6	255.8	243.8	243.2	261.8	270.8	275.6	278	276.8	275	273.2	276.2	273.8	269	265.4	261.8
459	459	459	459	459	459	459	459	459	459	459	459	459	459	459	459	459	459	459	459	459	459	459	459	459	459	453.6	444.6	431.4	416.4	405.6	400.8	395.4	392.4	394.8	392.4	378	373.8	382.2	391.2	392.4	386.4	376.2	374.4	369	362.4	367.2	359.4	347.4	316.9	232.9	216	244.3	241	234.2	252.5	265.4	246.5	229.7	229.7	231.6	225.5	204	211.1	229.7	233.2	236.4	237.7	239.8	237.7	236.5	239.9	242.2	245.7	249.9	253.1	254.7	251.9	248.1	245	240	241.2	244.1	248.5	251.6	255.2	260.9	269.4	273.3	275.8	282.7	285.2	284.8	287.9	290.3	292.9	297.4	298.2	299.3	297.1	296.5	293	291	289.5	289.1	287.9	288.7	288.2	284.5	283.3	281.3	277.9	272.8	266.9	266.4	265.5	265	263.3	259	255.9	253.2	249.3	246.2	239.8	234.9	233.6	232.3	232.3	234.1	232.7	234.1	232.7	234.8	234.9	234.3	234.5	235.8	235.8	232.5	230.1	227.5	224.1	227.3	235.1	242.9	248.4	255.8	303.6	370.6	373.8	374.4	372	376.2	378.6	375.6	363.1	375	373.2	372	370.2	367.8	366.6	364.8	361.8	355.8	353.4	357.6	360.6	363	363	363	363	363.6	362.4	361.8	361.8	361.8	362.4	361.8	358.8	354.6	345.6	336.6	345.6	355.8	361.2	366	366.6	361.2	358.8	369	367.2	353.4	355.8	356.4
459	459	459	459	459	459	459	459	459	459	459	459	459	459	459	459	459	459	459	459	459	459	459	459	459	453.6	445.2	435	423.6	410.4	401.4	396.6	391.8	387.6	387	387.6	375	373.8	384	388.8	391.8	389.4	381.6	377.4	370.2	363	366.6	358.8	349.2	329.2	250.4	219.5	242.5	241.4	232.9	249.5	258.1	243.3	228.3	228.4	229.6	221.2	201.4	209.7	227.2	231.9	236.9	239.5	240.9	240.1	239.1	240	239.3	242.2	245.1	248.9	251.9	249.7	247.6	245	240.6	241.1	242.9	245.6	250.7	253.7	258.7	266.4	271.4	277.9	281.6	281.9	283	288.7	288.4	292.4	295.1	294.4	294.3	291.4	292.1	291.9	290.5	288.3	286.2	285.6	287.7	285.9	282.8	281.6	279.6	276.3	271.1	267.7	267.3	265.1	262.1	260.3	258	253.5	248.9	246.4	243.3	236.9	235	234.3	234.3	236.7	235.9	235.3	234.5	234.5	236.7	237.4	238.1	237	235.1	233.7	230.6	226.1	223.5	224.1	229.9	237.8	242.3	249	258.4	303.6	371	375	373.2	371.4	377.4	378	375	364	373.8	373.8	373.2	369.6	366.6	366	364.8	363	356.4	354.6	358.8	361.2	363	363.6	362.4	363.6	363.6	362.4	362.4	362.4	362.4	362.4	362.4	358.8	355.8	348	337.2	343.2	350.4	354	356.4	359.4	356.4	356.4	366	369	357	355.8	358.2
459	459	459	459	459	459	459	459	459	459	459	459	459	459	459	459	459	459	459	459	459	459	459	453	439.2	429	423	412.2	401.4	395.4	392.4	388.8	383.4	373.2	375	390.6	385.2	376.2	378.6	375	373.2	377.4	379.8	375	373.2	370.8	366.6	360.6	361.2	365.4	294.1	228.8	240.2	242	232.2	241.7	247.8	242.8	228.9	225.9	225.1	214.9	198.2	204	220.2	230.7	237.3	242.8	243.5	249	252.1	249.3	244.6	239.9	237.3	239.3	239.9	241.1	241.5	239.9	239.1	240.4	242.8	241.8	244.1	245.5	250.5	256.8	263.2	271.6	279.2	279.6	280.4	280.3	280.9	280.6	284.5	288.4	287.2	284.8	286	284	283.4	283.4	282.7	280	278.8	276.9	272.6	273.3	272.6	268.1	262.6	259.3	258.1	256.6	254.4	253.4	247.7	242.5	241.1	240.9	238.1	238.5	239.7	242.1	242	242.5	242.5	242	241.1	241.1	243.4	242.1	243.5	241.6	236.5	230.9	225.2	221.7	221.7	230.1	238	242.8	245.4	254	265.4	311.3	372.9	376.2	374.4	376.2	379.2	378.6	375.6	374.4	374.4	374.4	372	370.8	367.8	367.8	366	362.4	355.8	357	361.2	363	364.8	364.8	363.6	363.6	364.8	364.8	364.8	364.8	366	366	364.8	362.4	360.6	354.6	345.6	339	345	352.8	349.8	349.2	347.4	348.6	357.6	363	365.4	359.4	358.8
459	459	459	459	459	459	459	459	459	459	459	459	459	459	459	459	459	459	459	459	459	459	448.2	442.8	427.8	418.2	412.2	403.8	395.4	392.4	391.2	387	376.2	367.8	380.4	393.6	388.8	376.2	375	373.2	375	381.6	382.2	379.8	375	369.6	366.6	361.8	363.6	369	308.4	235.5	237.4	241.9	229.4	237.9	244.2	240.4	228.9	224.1	223.4	211.1	196.6	200.7	218.9	230	237.3	244	244.7	247.8	253.9	254.1	248.9	243.5	237.3	236.1	236.8	238.7	239.2	239.5	238.6	239.2	242.7	243.7	244.8	245.5	247.5	253.2	257.6	266	272.4	276.8	280.4	279.4	278.6	280.3	282.1	283.5	283.4	283.3	281.8	280.9	280.4	279.9	279.2	278.5	278.1	272.8	267.2	266.5	265.8	262.4	259.6	255.1	252.6	249.7	251.4	249.7	245.8	243.7	242.8	242	238.5	240.2	242	244.4	242.9	242.8	244.3	243.2	242.9	243.7	243.4	243.4	243.5	239.7	233.9	228.2	221.7	221	225	232.1	238.6	242	248.1	255.5	265.4	310	375.6	375.6	375	378	380.4	378.6	376.2	375.6	375	373.8	373.2	370.2	367.8	367.2	366.6	362.4	357	357.6	361.8	363	364.8	364.8	364.8	365.4	365.4	363.6	364.8	364.8	366	366	364.8	363	361.2	357	349.2	340.2	344.4	352.8	349.8	346.2	345	346.2	352.8	358.2	363	358.8	359.4
459	459	459	459	459	459	459	459	459	459	459	459	459	459	457.8	454.8	451.2	445.2	440.4	429.6	419.4	412.8	403.2	395.4	387.6	379.8	374.4	374.4	380.4	387	391.2	387	372	370.2	379.8	380.4	384	377.4	367.2	369.6	380.4	385.2	373.2	369	367.2	364.8	365.4	366	367.2	367.2	343.5	261.4	234.2	244.7	229.7	229.8	240.5	240.9	230.7	224.4	223.7	214.7	201.6	194.4	209.2	225.2	233.9	239.4	248.2	249.5	253.2	256.7	258.1	257.7	251.8	242.7	237.9	239.4	241.2	239.5	240	241.1	244.3	247.8	252	253.4	252.4	251.8	251.2	252.6	253.9	260.5	264.4	265.4	262.5	262.4	264.3	265.6	270.8	272	272.3	270.2	268.2	267.8	265.2	265.4	264.2	258.2	255.5	252.8	249.6	247.5	249.3	248.1	248.4	248.9	254.7	256.2	256	256	253.4	248.8	249.2	250.4	251.6	252.7	250.9	248.9	252.1	253.4	252.3	250	245	243.2	240.8	233.7	227.1	223.1	222.5	225.9	233.2	240.4	245	249.1	252	255.8	268.7	324.2	376.2	375	379.8	382.2	379.8	378.6	377.4	376.2	375.6	376.2	375	373.2	370.8	369	367.8	363	356.4	360.6	363.6	364.8	366.6	367.2	366	363.4	352.2	366	366.6	366.6	367.2	367.2	366	363.6	361.8	359.4	357.6	353.4	343.8	340.2	349.2	352.8	344.4	341.4	341.4	345.6	354	358.2	359.4
459	459	459	459	459	459	459	457.8	457.2	456	453	451.8	450.6	448.2	442.8	435.6	426.6	419.4	415.2	406.2	397.2	389.4	379.8	373.8	367.8	363.6	360.6	364.8	378.6	386.4	385.2	382.2	378.6	375.6	376.2	373.2	378	379.8	369	369	378.6	377.4	367.8	367.2	366.6	366.6	367.2	364.8	363.6	364.8	367.2	325.2	252.4	233.6	224.9	226.7	235.9	240.4	236.5	227.7	223.7	219.9	206.7	192.3	201.8	221.8	231.1	236	244.8	250.5	251.8	256.8	258.7	257.4	255.4	249.5	240.9	238.7	240.6	241.6	242.1	243.7	244.9	247.5	249.7	253.8	255.4	254.2	252.1	252.1	252.4	254.6	258.7	261.1	262.3	259.5	259.4	258.1	261.8	267.8	268.9	265.4	262.2	259.6	259.6	258.3	256.3	254.5	252.3	249.6	249.5	249.3	249.1	249.6	251.9	254.4	258	259.7	259.5	258.3	257	251.9	251.1	251.6	253.4	254.6	252.7	249.5	252.7	256.4	252.3	249.3	245	240.5	237.4	231.6	225.8	221.8	223.2	225.2	233	239	241.8	247.1	251.2	254.9	265.2	302.8	353.3	376.2	382.2	382.2	379.2	377.4	376.2	375.6	375.6	376.2	374.1	374.4	371.4	369.6	369	361.8	356.4	361.2	363	364.8	365.4	366	366	364.8	363.6	361.8	366	366	366.6	367.2	365.4	363	362.4	361.2	359.4	355.8	347.4	337.2	348	354	344.4	342	340.8	343.8	352.2	357	358.2
436.8	436.2	436.8	436.8	436.2	436.2	435	433.8	431.4	429.6	426	422.4	418.2	413.4	408	400.8	393	385.2	376.2	369	361.2	354	348	344.4	341.4	343.2	352.8	373.2	391.8	383.4	373.8	373.8	379.8	387	382.2	373.2	370.2	382.2	384.6	376.2	371.4	369.6	370.2	373.8	377.4	375	366	363.6	371.4	372	370.2	334.3	255.9	235.5	227.6	219.6	232.3	238	239.2	234.5	228.3	223	212.3	194.1	191.6	208.7	222.5	232.5	239.5	250	255.8	256.2	258.1	260.5	263.7	264	258	249.7	243	236.4	238.7	240.9	244.4	249.6	254.8	257.5	259.7	261.8	260.3	260.9	261.1	261.2	261.4	261.6	263.8	265.7	264.2	264	266.5	265.9	265.9	265	264.3	264.9	264.7	261.2	263.9	262.3	260.1	262.6	264.3	262.8	265.2	267.6	268.1	267.4	263.4	261.5	260.3	257.9	256.5	255.2	258.3	256.4	255.2	259.6	259.5	259.5	258.2	254.5	248.9	243.9	235.5	230.3	223.9	220.6	221.3	223.6	228.9	235.6	240.2	244.4	249	252.3	254.5	254.9	286.8	354.6	377.4	384.6	388.2	382.2	379.2	378.6	378	376.2	375.6	377.4	377.4	376.2	375	371.4	367.2	361.2	359.4	362.4	363.6	364.8	367.2	366.6	366.6	366	364.8	367.2	367.2	367.2	367.8	369	366.6	365.4	363.6	361.8	361.8	360.6	355.8	340.2	345	354	345.6	342	343.8	345.6	353.4	360.6	360.6
448.2	448.8	448.8	448.8	448.8	447.6	445.2	444.6	443.4	439.8	436.2	432	426.6	421.8	414	405.6	399	388.8	379.2	369.6	361.2	354	349.2	345.6	344.4	349.8	364.8	379.2	388.2	387	377.4	374.4	376.2	382.2	382.2	380.4	379.8	382.2	383.4	376.2	370.2	370.8	376.2	380.4	380.4	377.4	373.2	369.6	371.4	370.8	367.2	352	281.2	245	229.5	221.8	231	238	242.1	240.5	230.1	222.4	214.3	197.4	189.2	202.2	218.5	228.6	234.9	244.9	254.9	255.9	256.9	259.8	262.3	263.9	261	253.8	246	236.5	236.3	238.4	242.6	247.7	254.1	258	259.4	262.9	260.1	260.1	263	262.4	263.6	264.4	265.8	268.2	266.1	266.6	269.1	267.2	266.6	266.4	264.9	267.5	265.7	265	267.1	266.2	265.9	265.1	267.6	267	267	269.3	269.2	267.3	264.6	260.1	259.6	259	257.1	255.2	256.9	256.9	258.2	258.9	258.8	258.7	256.9	249.9	242.9	237.1	229.4	224.4	221.8	218.7	220.1	225.7	231.6	236.2	241.6	245.7	249.7	252.3	253.7	254.2	294.4	362.2	379.8	387	387.6	383.4	379.2	378.6	377.4	376.2	375.6	376.2	377.4	378	376.2	374.4	369	363	361.2	363	364.8	365.4	366.6	366.6	366	365.4	364.8	366.6	366.6	366.6	367.2	369	363	365.4	364.8	362.4	361.2	360.6	356.4	340.8	344.4	353.4	346.2	343.8	343.8	348.6	354	358.2	361.2
459	459	459	459	459	459	459	459	459	459	459	459	459	459	453	441	426	411	397.2	384.6	373.8	367.2	364.8	366.6	372	384	393.6	387.6	379.8	392.4	391.2	377.4	374.4	375	375	375.6	378	374.4	371.4	372	373.2	375	380.4	380.4	379.2	377.4	377.4	376.2	371.4	366.6	366	369	356.1	283.9	240.5	229.7	230.1	241.3	252	257	241.8	226.1	217.5	203.5	191.3	195	203.5	214	224.8	232.4	244.4	252.4	257.8	260.2	259.8	262.2	266.3	265.1	258.6	249.3	240	235.6	234.8	240.9	247	254.1	255.9	258.6	259.1	258.3	260.3	260.3	260.4	261.6	264	265.1	266.4	266	269.3	269.7	270	269.1	268.3	271.5	268.4	269	269.7	270.9	272.1	271.8	269.2	266.2	268.1	268.7	269.3	268.1	265	263.2	263.1	263.1	259.9	254.7	254.8	256.9	257.5	258.8	256.6	251.1	244.1	236.4	231.3	226.2	219.9	215.7	215.2	219.4	226.8	232.8	238.7	242.8	245	247	250.3	251.7	250.7	268	331.7	378.6	387	387.6	384	379.8	377.4	378	376.2	375	375	377.4	378	379.2	378	374.4	366	358.2	361.2	363	364.8	366.6	367.8	367.8	366	365.4	364.8	365.4	367.2	367.2	365.4	366	367.2	367.8	367.2	365.4	363	361.2	354	340.2	345.6	352.8	349.2	343.8	344.4	353.4	357.6	362.4	366.6
459	459	459	459	459	459	459	459	459	459	459	459	459	459	453	439.2	423.6	409.2	395.4	382.2	374.4	369.6	370.8	373.8	379.2	384	387.6	387	381.6	387.6	388.8	379.2	378	373.8	374.4	373.8	370.2	370.2	372	371.4	372	373.8	377.4	378	375	376.2	375	375	374.4	367.2	362.4	367.2	374.2	313	247	229	228.2	238.7	250.2	258.8	249.2	228.6	216.9	203.5	193.5	196	201.6	209.9	218.8	228.2	237.1	247.1	255.5	258	258.3	262.7	266.2	262.5	260.2	254.1	243.5	233.6	233.1	238.6	244.8	249.6	253.8	257.7	256.3	256.8	259.3	258.1	257.5	259.5	260.7	262.3	266.3	266.5	268.5	270.2	269.2	265.6	266.2	268	265.1	267.8	266.9	267.4	268.6	268.4	269.1	267.3	267.4	269.3	268.7	265.6	263.1	263.2	262	260.6	257.2	254	252.9	253.6	254.3	254.7	250.3	244.3	235.9	230.9	227.1	220.8	215.3	215	217.8	220.8	227.6	234.2	239.9	243.5	243.6	245.1	248.4	249.7	249.9	276.3	346.2	381.6	387.6	387	383.4	379.2	376.2	377.4	376.2	375	376.2	378	378.6	378.6	376.2	373.8	365.4	360.6	361.8	362.4	365.4	366.6	367.8	367.2	366	365.4	365.4	364.8	367.2	367.2	366.6	366	366.6	366.6	366	365.4	363.6	361.8	354	340.2	347.4	354.6	350.4	345.6	345.6	354.6	358.2	363	367.2
459	459	459	459	457.2	454.8	452.4	450.6	447	444	436.8	429	420.6	412.2	404.4	394.8	387	379.2	374.4	375	376.2	376.2	380.4	382.2	375	372	371.4	372	373.8	375.6	375	376.2	375.6	373.2	370.2	370.8	375	375.6	374.4	370.8	370.2	374.4	375.6	375.6	374.4	375.6	379.2	378	377.4	373.2	366	363.6	369.6	365.8	295.2	243.4	229	231.5	243.2	248.2	251.8	247.5	226.1	207.4	195.2	198.3	200.8	204.6	210.8	215	221.9	230.8	242	253.3	256.6	255.5	260.1	262.1	262.9	262.6	256.3	246.3	234.6	229.8	233.1	239.9	245.3	247.5	250.4	252.8	254	255.3	252.6	254.7	255.4	256.5	257.6	262.1	265.3	263.2	260.4	262.7	264.5	264.4	264.1	263.1	262	262.7	262.5	263.2	264.5	261.3	262	265.9	266	263	258.5	260	257.5	252.6	249.9	251.6	254.1	248.7	243.6	239.9	234	229.6	225.2	219.7	216.7	215	214	217	221.9	228	234.8	240.7	244.1	244.4	244.4	245.7	247.8	248.1	260.3	320.4	382.2	388.8	387.6	381.6	378.6	377.4	375.6	374.4	374.4	376.2	377.4	378.6	379.2	378.6	375.6	369	360.6	362.4	362.4	361.8	363	366	367.2	367.2	366	366	365.4	362.4	363	366	366	367.2	369	366	363.6	363.6	363.6	361.8	351.6	340.2	352.8	357.6	354.6	350.4	349.2	357	354	363	366.6
451.8	450.6	449.4	447.6	444.6	441	436.2	431.4	425.4	419.4	414	407.4	400.2	392.4	387	381.6	376.2	374.4	375	378	378.6	379.8	381.6	379.8	376.2	373.8	371.4	371.4	374.4	376.2	378	377.4	374.4	372	369	371.4	376.2	376.2	373.2	371.4	372	374.4	374.4	373.8	377.4	377.4	376.2	375.6	373.8	369.6	367.2	366	369.6	364.8	318.4	254.5	231.3	230.9	240.6	247	253.9	259.7	237.6	209.7	197.7	199.1	203.6	206.9	209.1	211	217.8	225.4	234.1	249.1	254.6	254.3	257.4	262.7	265.2	264.1	259.3	249.3	238.1	230.9	230.4	235.5	241.5	243.6	247.1	250.7	252.6	253.2	253.8	253.2	253.8	255.6	257.3	259.2	261.8	261	261.4	263.8	264.4	264.9	264.5	263	262.5	262	261.3	261.8	261.8	260.6	260.7	263.9	266	263	258.5	256.5	253.8	249.9	248.1	252.6	250.4	243.5	238.5	233.8	230.7	225.7	222.5	218.2	215.3	214.3	215.4	219.7	224	229.4	237.4	242.7	244.7	246.2	246.3	246.4	249.1	247.4	275	345.1	386.4	388.8	386.4	382.2	379.2	378.6	377.4	375.6	375.6	378	379.8	379.2	379.8	379.2	375.6	366.6	361.2	364.8	363	361.8	363.6	367.2	367.8	366	366	366	365.4	363	363.6	366	366.6	367.2	367.8	365.4	364.8	364.8	364.8	362.4	350.4	342	355.8	358.8	356.4	350.4	348.6	355.8	352.2	363	369.6
412.2	409.2	406.2	403.2	399.6	395.4	389.4	386.4	381.6	377.4	373.8	373.2	372	374.4	377.4	379.2	379.8	380.4	384.6	389.4	388.8	385.2	376.2	369.6	375	379.2	375.6	378.6	380.4	379.2	376.2	375	375.6	374.4	373.2	379.8	379.8	378	373.8	374.4	377.4	375.6	373.2	374.4	373.2	369	375	373.8	370.2	366	364.8	367.2	370.2	370.2	367.2	330.3	257.7	232.4	233.8	238.7	258.4	276.9	272.5	242.2	209.3	199.3	206.2	210.9	212.6	212.7	212.6	216.7	222.7	232	245	249	251.2	256.6	262.7	267.4	266.5	265.3	257.9	247.4	239	232.2	231.6	237.8	240.6	243.4	248.9	249.3	250.5	250.4	248.3	250.3	252.8	254.6	255.1	257.1	260.7	260.3	259.7	261.7	259.5	260.1	260.7	258	257.4	259.4	260	260	259.6	259.6	259.7	258.9	255.5	249.7	247.7	248.5	249.6	241.3	234.4	229.6	227.1	227.1	224	219	216.6	216.3	215.6	217.8	224.1	229	234.5	240.7	244.1	244.1	243.4	246.8	247.4	249.9	247.6	267	340.2	392.4	394.8	391.2	387	383.4	384	380.4	378.6	378.6	379.2	380.4	383.4	384	384	382.2	375.6	365.4	361.5	369.6	367.2	365.4	365.4	369	369.6	369	367.8	366.6	367.2	365.4	365.4	367.8	367.2	367.8	367.8	369	367.8	366.6	366	363	351.6	354.6	374.4	369	361.8	357	356.4	355.8	348.6	358.8	373.8
389.4	387	384.6	382.2	378.6	374.4	370.8	367.8	365.4	364.8	366	369	372	378	381.6	379.8	378.6	378.6	382.2	389.4	391.2	382.2	372	370.8	373.2	375	375	378.6	377.4	378	373.2	367.2	371.4	372	377.4	379.8	379.8	376.2	373.2	376.2	378.6	374.4	375.6	375	369.6	370.2	376.2	378	370.2	366	366.6	366	370.8	367.8	367.8	354.6	281.2	237.2	231.5	235.1	254.7	270.6	277.9	257.5	217.5	200.1	206.9	211.2	213.5	213.1	213.5	213.5	217.6	226.9	238	244.2	247.1	250.6	255.9	262.8	264.9	266.3	262.3	252.5	242	233.4	230.3	233.4	236.9	241.6	245.8	247.6	248.1	249.3	247.1	247.9	247.1	246.3	250	255.2	255.5	256.6	256.5	256.5	254.6	255.2	258.3	256.4	255	258.3	257.4	258.9	257.1	256.5	255.9	254.4	250.4	245.2	244.6	245.2	242.1	235.1	228.4	226.4	225.8	224.4	222.7	217.8	217.4	218.5	217.1	222	226.2	229.9	238	242.7	243.5	241.5	242.1	244.8	245.4	249.3	247.6	284.2	363.7	395.4	393	391.2	386.4	382.2	383.4	379.8	378.6	378.6	379.2	381.6	383.4	384	382.2	380.4	374.4	366	369	370.2	367.8	366	365.4	366.6	367.8	369	367.2	366	366	366	366	367.2	367.2	366.6	367.2	369	367.2	366	364.8	361.8	350.4	361.8	383.4	372	362.4	358.2	360.6	356.4	348.6	361.2	375
345.6	345.6	345.6	345.6	345.6	345.6	345.6	345.6	345.6	345.6	345.6	345.6	345.6	345.6	345.6	345.6	345.6	345.6	345.6	345.6	345.6	345.6	345.6	345.6	345.6	345.6	345.6	345.6	345.6	345.6	345.6	345.6	345.6	345.6	345.6	345.6	345.6	345.6	345.6	345.6	345.6	345.6	345.6	345.6	345.6	345.6	345.6	345.6	345.6	345.6	345.6	345.6	345.6	345.6	345.6	345.6	328.1	258.1	219.6	218.2	218.9	221	223.1	223.8	225.9	224.5	221.7	216.8	212.6	206.3	201.4	197.2	193	189.5	189.5	188.8	188.8	190.9	193	199.3	207.7	216.1	221	222.4	222.4	219.6	217.5	216.8	217.5	217.5	218.9	217.5	217.5	217.5	216.8	216.1	216.1	214.7	213.3	214.7	214.7	212.6	211.2	211.2	211.2	211.2	212.6	212.6	211.2	213.3	213.3	211.2	210.5	208.4	207.7	207	203.5	201.4	196.5	190.9	187.4	186.7	186.7	184.6	184.6	186	187.4	189.5	192.3	197.2	201.4	205.6	209.1	214.7	218.2	218.2	218.9	218.9	218.9	221	219.6	214	238.5	309.2	345.6	345.6	345.6	345.6	345.6	345.6	345.6	345.6	345.6	345.6	345.6	345.6	345.6	345.6	345.6	345.6	345.6	345.6	345.6	345.6	345.6	345.6	345.6	345.6	345.6	345.6	345.6	345.6	345.6	345.6	345.6	345.6	345.6	345.6	345.6	345.6	345.6	345.6	345.6	345.6	345.6	345.6	345.6	345.6	345.6	345.6	345.6	345.6	345.6	345.6	345.6
459	459	459	459	459	459	459	459	459	459	459	459	459	459	459	459	459	459	459	459	459	459	459	459	459	459	459	459	459	459	459	459	459	459	459	459	459	459	459	459	459	459	459	459	459	459	459	459	459	459	459	459	459	459	459	459	459	396	342.8	331.6	332.3	333	334.4	335.8	337.2	337.9	337.2	332.3	328.1	322.5	319	312	309.2	305.7	302.9	301.5	301.5	302.2	302.9	306.4	312	319.7	327.4	332.3	334.4	334.4	331.6	330.9	331.6	330.9	330.9	330.9	330.9	331.6	330.9	328.1	329.5	329.5	329.5	330.2	328.1	326.7	326.7	326	323.9	324.6	324.6	324.6	326	326	326	324.6	321.1	319.7	317.6	316.2	312	307.8	302.9	299.4	299.4	298	298	298	298	300.1	302.2	305	307.8	312.7	316.9	321.1	326.7	330.9	331.6	332.3	333	333	333	332.3	330.2	327.4	370.1	440.8	459	459	459	459	459	459	459	459	459	459	459	459	459	459	459	459	459	459	459	459	459	459	459	459	459	459	459	459	459	459	459	459	459	459	459	459	459	459	459	459	459	459	459	459	459	459	459	459	459	459	459
459	459	459	459	459	459	459	459	459	459	459	459	459	459	459	459	459	459	459	459	459	459	459	459	459	459	459	459	459	459	459	459	459	459	459	459	459	459	459	459	459	459	459	459	459	459	459	459	459	459	459	459	459	459	459	459	459	459	399.5	344.9	332.3	330.9	330.2	331.6	333	335.8	336.5	337.9	337.9	335.8	330.2	321.8	315.5	311.3	307.8	305.7	302.9	301.5	300.1	300.8	300.8	302.2	306.4	312	316.9	321.8	327.4	329.5	330.9	331.6	331.6	331.6	331.6	330.2	329.5	326.7	326	326.7	328.1	328.1	329.5	328.1	328.1	327.4	326.7	327.4	324.6	322.5	321.8	320.4	319	316.9	312.7	309.9	306.4	301.5	298	298	298	297.3	297.3	296.6	297.3	300.1	301.5	304.3	306.4	309.9	314.1	319.7	324.6	329.5	331.6	332.3	332.3	334.4	332.3	330.9	330.2	327.4	326.7	360.3	429.6	459	459	459	459	459	459	459	459	459	459	459	459	459	459	459	459	459	459	459	459	459	459	459	459	459	459	459	459	459	459	459	459	459	459	459	459	459	459	459	459	459	459	459	459	459	459	459	459	459	459	459	459
459	459	459	459	459	459	459	459	459	459	459	459	459	459	459	459	459	459	459	459	459	459	459	459	459	459	459	459	459	459	459	459	459	459	459	459	459	459	459	459	459	459	459	459	459	459	459	459	459	459	459	459	459	459	459	459	459	459	427.5	360.3	334.4	331.6	330.2	330.9	333	334.4	335.8	337.2	339.3	337.2	333	326	319	314.8	310.6	307.1	302.9	302.2	300.8	300.1	300.8	300.8	301.5	304.3	307.8	312.7	319	322.5	327.4	328.1	329.5	329.5	329.5	329.5	328.1	323.9	321.1	324.6	327.4	326.7	327.4	327.4	326.7	326.7	326	324.6	321.8	319.7	317.6	316.2	312.7	310.6	306.4	302.9	300.1	297.3	297.3	297.3	296.6	296.6	296.6	297.3	300.1	300.8	304.3	306.4	309.9	312.7	316.2	321.8	327.4	330.2	331.6	331.6	332.3	333	331.6	330.9	330.2	324.6	332.3	382	446.4	459	459	459	459	459	459	459	459	459	459	459	459	459	459	459	459	459	459	459	459	459	459	459	459	459	459	459	459	459	459	459	459	459	459	459	459	459	459	459	459	459	459	459	459	459	459	459	459	459	459	459	459
