816	816	816	816	816	816	816	816	816	816	816	816	816	816	816	816	816	816	816	816	816	816	816	816	816	816	816	816	816	816	816	816	816	816	816	816	816	816	816	816	816	816	816	816	816	816	816	816	816	816	816	816	816	816	816	816	816	816	816	816	816	816	816	816	816	816	816	816	816	816	816	816	816	806.9	777.5	760	741.1	714.5	699.8	700.5	677.7	638.2	616.1	603	607.8	621.4	618.8	595.7	599.5	636.6	644.1	637.5	648.5	681	665.9	642.8	670.4	673.9	656.5	647.5	632.8	608.1	595.8	589.8	578.4	582.5	630.5	621.8	598.1	601.3	584.3	587.5	593.3	602.3	622.7	634.7	646.5	650.7	653.4	642.4	638.1	637.5	648.1	684	707.9	713.8	728.2	716.4	692.8	728.6	759.6	764.2	769.2	755.2	751	792	804.9	816	816	816	816	816	816	816	816	816	816	816	816	816	816	816	816	816	816	816	816	816	816	816	816	816	816	816	816	816	816	816	816	816	816	816	816	816	816	816	816	816	816	816	816	816	816	816	816	816	816	816	816	816	816	816	816	816	816
816	816	816	816	816	816	816	816	816	816	816	816	816	816	816	816	816	816	816	816	816	816	816	816	816	816	816	816	816	816	816	816	816	816	816	816	816	816	816	816	816	816	816	816	816	816	816	816	816	816	816	816	816	816	816	816	816	816	816	816	816	816	816	816	816	816	816	816	816	816	816	816	789.4	772.6	743.9	701.2	678.7	656.3	651.9	620.6	590.7	581.2	586.7	574.9	569.9	541.4	511	506.4	494	489.6	498.4	510.8	513.3	520.6	529.8	548	581.8	581.5	560.2	552.9	557	565.2	565.7	559	539.3	548.6	592.2	558	514.3	523.3	527.1	534.5	538.1	526.2	531.1	587	632.6	621.8	625.3	635.8	630.2	629.1	638.8	652.7	672.6	681	680.3	677.4	671.8	726.1	750.3	750.9	750.9	745.1	729.7	750.6	765	779.7	794.7	805.5	816	816	816	816	816	816	816	816	816	816	816	816	816	816	816	816	816	816	816	816	816	816	816	816	816	816	816	816	816	807.6	801.3	804.1	791.5	798.5	816	816	816	816	816	816	816	816	816	816	816	816	816	816	816	816	816	816	816	816	816
816	816	816	816	816	816	816	816	816	816	816	816	816	816	816	816	816	816	816	816	816	816	816	816	816	816	816	816	816	816	816	816	816	816	816	816	816	816	816	816	816	816	816	816	816	816	816	816	816	816	816	816	816	816	816	816	816	816	816	816	816	816	816	816	816	816	816	816	806.2	761.4	722	685.1	671.8	663.6	652.8	646.1	641.4	633.3	622.1	591.6	562.6	549.2	539	554.3	546.1	522	501.2	492.4	496	494.8	493.8	501.8	502.5	511.9	508.6	496.2	530.8	553.6	540.2	526	536.2	523.7	538.6	540.7	530.6	538.2	532.4	504.3	491.8	489.7	500.9	532.5	553.2	550.6	528.2	515	545.9	566.5	576.5	562.6	595.3	605.4	600.1	597.6	610.8	620.9	604.7	616.3	629.8	671.1	706.8	728.4	739.9	750	751.8	729	702.6	708.7	723.6	753.7	774.6	794.4	816	816	816	816	816	816	816	816	816	816	816	816	816	816	816	816	816	816	816	816	816	816	816	816	816	816	816	816	794.3	797.1	809	797.1	804.8	816	816	816	816	816	816	816	816	816	816	804.8	804.1	808.3	809.7	816	816	816	816	816	816
816	816	816	816	816	816	816	816	816	816	816	816	816	816	816	816	816	816	816	816	816	816	816	816	816	816	816	816	816	816	816	816	816	816	816	816	816	816	816	816	816	816	816	816	816	816	816	816	816	816	816	816	816	816	816	816	816	816	816	816	816	816	816	816	816	816	816	811.8	768.4	704.2	677.6	653.8	637.7	623.4	597.5	591	589.1	550.4	519.3	508.4	489.7	474.6	476.6	481.4	485.7	477.7	490.7	506.1	497.7	507.1	514.1	496.2	503.6	492.8	494.5	497.6	483.9	480.4	476.4	488.4	501	522.8	527.8	502.5	502.5	528.3	546.6	502.9	485.1	481.3	474.4	510.1	523.4	505.2	512.4	477.4	467.2	509.3	539	540.4	532	569.8	592.5	592.4	584.2	580.7	586.3	606.2	609.3	627.8	672.4	694	702.3	711.8	730	711.2	663.6	643.5	659.4	695.9	726.1	741.1	760.2	813.3	816	816	816	816	816	816	816	816	816	816	816	816	816	816	816	816	816	816	816	816	816	816	816	816	816	816	816	816	816	816	816	816	816	816	816	816	816	816	816	809.7	806.2	801.3	797.1	804.8	816	816	816	816	816	816	816
816	816	816	816	816	816	816	816	816	816	816	816	816	816	816	816	816	816	816	816	816	816	816	816	816	816	816	816	816	816	816	816	816	816	816	816	816	816	816	816	816	816	816	816	816	816	816	816	816	816	816	816	816	816	816	816	816	816	816	816	816	816	816	816	816	802	746	697.2	673.8	668.3	661.1	653.4	645.5	641	601.7	565.5	529.2	501.2	488.5	493.4	486.7	477.4	471.6	463	458.9	474.6	497.3	483.3	452.2	458.5	465.8	479.1	490.3	482.3	466.5	466.5	439.9	438.5	461.2	457.5	456	498.9	514.3	489.9	497.4	508.8	523.9	495.6	472.9	475.8	483.9	495.8	493.4	463.9	454	451.9	457.5	493.2	532.5	531.7	522.2	561.8	596.4	604.7	594.8	585.7	585.6	585.9	592.2	593.9	595.4	596	603	608.2	614.6	619.1	624.6	636.5	639.4	698.7	738.5	739.4	746.9	776.7	805.8	812.5	816	816	816	816	816	816	816	816	816	816	816	816	816	816	816	816	816	816	816	816	816	816	816	816	816	816	816	816	816	816	816	816	816	816	813.9	816	816	811.8	803.4	811.8	809.7	816	816	816	816	816	816	816	816
816	816	816	816	816	816	816	816	816	816	816	816	816	816	816	816	816	816	816	816	816	816	816	816	816	816	816	816	816	816	816	816	816	816	816	816	816	816	816	816	816	816	816	816	816	816	816	816	816	816	816	816	816	816	816	816	816	816	816	816	816	816	816	816	812.4	763	696.6	660.1	636.3	612.7	616.3	612.7	607.7	609.1	590.1	538.5	509.9	483.7	468.5	479.8	485.4	505.4	492.1	451.7	444.4	449.3	448.6	445.2	434.9	432.1	456.1	456.8	456.1	463.8	449.4	439.9	438.1	454.6	474.6	466	463.1	468	459.9	469.3	488.9	493.1	470.9	453.1	463.6	467.5	466.8	458.4	473.1	466.4	445.4	443.3	452	456.2	493.7	496.5	511.2	531	503.6	520.8	560.7	596.4	599.1	594.8	591.2	590.6	588.4	586.2	590.3	583	583.3	590.3	599.4	620.9	648.8	706.1	750	750.9	752.7	748.4	756.6	792.6	811.2	816	816	816	816	816	816	816	816	816	816	816	816	816	816	816	816	816	816	816	816	816	816	816	816	816	816	816	816	816	816	816	816	816	816	816	816	816	816	816	816	816	816	816	816	816	816	816	816
816	816	816	816	816	816	816	816	816	816	816	816	816	816	816	816	816	816	816	816	816	816	816	816	816	816	816	816	816	816	816	816	816	816	816	816	816	816	816	816	816	816	816	816	816	816	816	816	816	816	816	816	816	816	816	816	816	816	816	813.3	816	816	816	800.7	724.4	668.7	656.2	649.6	610.1	596.7	611.2	594.1	572.7	567.8	551.5	507.5	481.9	459.8	444.5	463	474.6	487.9	473.8	450	450	451.5	452	467.1	472.7	474.1	477.8	491.8	488.4	492.5	470.8	455.3	460.9	441	450.5	465.4	427.6	385.6	403.7	423.2	420	414.7	405	413.6	443	444.4	431.8	448.3	449	450.4	451.4	443	431.1	452.8	488.5	510.5	520.3	486.3	489	517	564.6	594.7	593.9	587.5	587.5	585.4	587.1	583.8	570.8	577.9	590.6	569.1	558.8	590.1	629.6	674.6	713	734.5	732.6	750.5	762.6	779.7	801.3	816	816	816	816	816	816	816	816	816	816	816	816	816	816	816	816	816	816	816	816	816	816	816	816	816	816	816	816	816	816	816	816	816	816	816	816	816	816	816	816	816	816	816	816	816	816	816	816
816	816	816	816	816	816	816	816	816	816	816	816	816	816	816	816	816	816	816	816	816	816	816	816	816	816	816	816	816	816	816	816	816	816	816	816	816	816	816	816	816	816	816	816	816	816	816	816	816	816	816	816	816	816	816	816	816	816	814.5	809.1	812.1	813.3	806.7	750.4	686.2	648.3	636.2	618.7	566.4	525.9	538.2	546.6	545.3	539	538.9	502.2	471.4	445.9	452.8	458.8	473.8	479	468.3	469.9	455.2	448.2	457.6	478.6	475.7	480	485.6	467.4	455	466.1	452.8	432.6	416.9	423.2	416.7	409.8	415.3	385.4	370.8	377.1	402	403.4	388.4	379.3	395.8	424.8	424.1	429.4	433.9	405.9	400	428.7	441	454.3	451.1	441.2	482.2	482.5	462.9	473.5	493	536.7	557.2	544.2	541	538.9	550.4	547.6	578	569.8	543.2	543.8	544.5	578.7	613	624.2	673	702.6	715.7	749.7	750.6	752.7	760.8	780.3	800.4	813.3	816	816	816	816	816	816	816	816	816	816	816	816	816	816	816	813.2	816	816	809.7	809.7	816	816	816	816	816	816	816	816	816	816	816	816	816	816	816	816	816	816	816	816	813.2	808.3	798.5	792.9	813.2
816	816	816	816	816	816	816	816	816	816	816	816	816	816	816	816	816	816	816	816	816	816	816	816	816	816	816	816	816	816	816	816	816	816	816	816	816	816	816	816	816	816	816	816	816	816	816	816	816	816	816	816	816	816	816	816	816	816	812.4	807	790.1	759.5	700.4	657.6	644.5	635.5	625.2	601.9	530.5	490.3	510.1	517.6	514.4	506.6	492.4	464.4	468.6	486.7	480.1	472.9	484.7	473.2	463.6	473.1	460.5	445.4	446.4	456.1	428.9	411.4	423.3	415.3	396.6	399.3	387.8	383.1	379.8	394.6	384.8	383.5	402.7	391	372.9	366.3	382.1	386.6	374	358	361.5	369.9	367.8	361.8	362.5	345.7	343.7	364	364	366.1	372.7	377.2	418.9	446.1	448.6	467.2	468.6	499.7	523.4	526.8	517.2	534.3	569.7	556	575.6	573.7	541.8	527.8	529.4	564.8	585.7	574.6	609.2	638.6	657.8	670.3	705.9	735.9	753.9	766.8	785.1	803.7	816	816	816	816	816	816	816	816	816	816	816	816	816	816	816	811.8	816	816	816	816	816	816	816	816	816	816	816	816	816	816	816	816	816	816	816	816	816	816	816	816	816	813.9	804.1	799.9	816
816	816	816	816	816	816	816	816	816	816	816	816	816	816	816	816	816	816	816	816	816	816	816	816	816	816	816	816	816	816	816	816	816	816	816	816	816	816	816	816	816	816	816	816	816	816	816	816	816	816	816	816	816	816	816	816	813.9	806.7	787.3	772.9	745.7	709.1	667.2	636.9	621.7	614.7	609.9	599.2	582.8	563.1	514.1	496.5	479.1	457.4	446.9	464	494.4	479.4	464.1	469.4	475.8	485.6	487.7	492.8	479.2	456.2	433.9	417.7	420.5	392.9	397.4	418.3	406	381	376.9	393.9	380.6	364.5	376.2	364	366.6	382	366.3	346.1	353.5	361.5	352.4	346.9	353.5	355.6	352.1	350	355.9	346	327.5	330.7	328.5	327.2	336	346.5	358.4	373.4	398.5	409.7	418.8	437.7	446.1	463.9	480.7	522.2	534.4	530.4	553.4	537.3	508.7	512.8	521.9	513.3	526.2	549.9	597.7	635.6	666	678.8	692.8	712.9	737.1	750	754.8	767.1	789	814.2	816	816	816	816	816	816	816	816	816	816	816	816	816	816	816	816	816	816	816	816	816	816	816	816	816	816	816	816	816	816	816	816	816	816	816	816	816	816	816	816	816	816	816
816	816	816	816	816	816	816	816	816	816	816	816	816	816	816	816	816	816	816	816	816	816	816	816	816	816	816	816	816	816	816	816	816	816	816	816	816	816	816	816	816	816	816	816	816	816	816	816	816	816	816	816	816	816	816	815.4	810.3	761.9	728.9	712.2	675	648.8	638.2	627.3	615.2	608.6	606.8	588.5	574.7	569.5	505.7	482.2	468.3	466.2	467.9	478.6	481.1	469	459.5	458.2	459	452	455.5	448.4	440	428.6	389.1	375.7	390.4	374.7	367.3	381.9	387.6	358.3	364	379.3	355.3	349.7	359.5	352.1	352.6	356.1	339.4	334.9	335.3	337.4	337.8	340.6	349	351.8	347.6	342	348.6	346.1	331.8	334.9	332.1	326.5	332.8	329.3	322	327.6	328.6	333.5	335.5	344.6	355.8	377.9	425.5	479.3	523.3	539.7	558.4	540.2	494	498.2	508.7	481.4	487.6	533	568.1	615.5	668.5	726.9	750	736.4	716.3	730.1	749.7	756.9	770.1	788.4	802.5	816	816	816	816	816	816	816	816	816	816	816	816	816	816	816	816	816	816	816	816	816	816	816	816	816	816	816	816	816	816	816	816	816	816	816	816	816	816	816	816	811.1	812.5
816	816	816	816	813.6	816	816	816	816	816	816	816	816	816	816	816	816	816	816	816	816	816	816	816	816	816	816	816	816	816	816	816	816	816	816	816	816	816	816	816	816	816	816	816	816	816	816	816	816	816	816	816	816	810	803.7	800.1	795.2	750.8	711.3	683.8	649.5	623.6	587.5	576.2	580.8	576.3	549.4	518.3	509.3	500.7	471.7	482.5	478.1	473.2	473.7	473.8	447.6	450.1	455.4	443.5	426.6	408.8	403	402	391.6	391.6	384.9	350.9	350.5	370.1	364.9	362.9	372.4	351.1	346.1	350.9	343.4	336.2	341.1	351.2	374.2	362.8	334.9	336.4	337.1	332.5	336.7	345.6	348.4	349.8	348.3	334.3	334.3	336	333.5	341.6	337	329.3	332.4	330.6	326.1	326.5	321	319.6	322.7	321.6	326.4	339.7	355.1	384.5	437	481.8	497.4	488.9	473.4	476.5	480.9	455.7	449.6	494.9	509.6	519.4	590.7	674.6	736.9	750	735	735.5	748.8	749.7	751.8	759	780	810	816	816	816	816	816	816	816	816	816	816	816	816	816	816	816	816	816	816	816	816	816	816	816	816	816	816	816	813.9	816	816	816	816	816	816	816	816	816	816	803.4	786.6	780.3
816	816	816	816	816	816	816	816	816	816	816	816	816	816	816	816	816	816	816	816	816	816	816	816	816	816	816	816	816	816	816	816	816	816	816	816	816	816	816	816	816	816	816	816	816	816	816	816	816	816	816	816	816	807.6	800.4	796.8	756.4	699.5	660.9	636.1	624.8	606.2	552.4	547	563.3	551.4	528.2	493.5	473.7	440.9	427.9	461.7	455.7	434	415	393	374.5	379.1	383.6	373.1	366.7	367.8	372.9	377.5	369.5	368.1	364.2	343.9	342.5	352.3	341.2	340.2	341.9	328.3	329.3	332	325.2	317.3	329.9	344.8	362.3	352.3	331.7	334.6	344.8	344.1	343.4	349	357.5	354.7	344.2	338.5	332.2	331.8	324.8	330.4	332.5	336	332.8	327.1	328.5	342.6	333.5	321.3	315.7	311.4	312.8	327.1	343.9	350.2	370.5	399.2	440.1	467.6	459.8	460.1	462.7	446.4	441.3	463.9	473.9	473.2	514.8	581.3	649.6	691.9	716.4	726.1	728.7	693.3	712.5	754.2	765.6	795.9	816	816	816	816	816	816	816	816	816	816	816	816	816	816	816	816	816	816	816	816	816	816	816	816	816	816	816	813.9	816	816	816	816	816	816	816	816	816	816	816	804.1	792.9
816	816	816	816	816	816	816	816	816	816	816	816	816	816	816	816	816	816	816	816	816	816	816	816	816	816	816	816	816	816	816	816	816	816	816	816	816	816	816	816	816	816	816	816	816	816	816	816	816	816	816	816	809.1	798.3	777.8	759.7	723.8	674.9	637.1	612.8	574.5	526	492	483.7	478.1	477.6	470.4	462.2	446.5	401.7	389.4	415.4	409.8	398.9	390.6	375.9	360.1	355.9	358.7	359.8	358.2	358.3	361.1	365.7	372	374.5	374.5	357.6	341.5	328.3	319.6	321.3	320.9	309.3	315.2	312.7	307	308.9	314.5	343.2	345	323.7	320.2	326.2	336	335	337.1	343.5	346.7	346	344.2	343.4	335.1	330.1	323.8	324.5	330.1	334.6	324.8	317.1	317.8	327.9	324.7	321.2	322.6	314.6	310.4	312.5	330	342.9	352.6	358.2	379.2	426.8	428.9	425.3	431.5	439.1	436.1	444.9	465.8	460.4	458	485.1	536.9	614.4	684.4	698.6	697.6	665.6	685.5	750.6	751.8	756.7	776.4	807.6	816	816	816	816	816	816	816	816	816	816	816	816	816	816	816	816	816	816	816	816	816	816	816	816	816	816	816	816	816	816	816	816	816	812.5	812.5	813.2	816	816	816
816	816	816	816	816	816	816	816	816	816	816	816	816	816	816	816	816	816	816	816	816	816	816	816	816	816	816	816	816	816	816	816	816	816	816	816	816	816	816	816	816	816	816	816	816	816	816	816	816	816	816	811.8	802.2	775.6	726.3	708.3	664.8	634.1	613.1	583.4	543.7	498.2	472.3	461.1	456.1	461.6	459.2	416.9	396.7	381	386.3	394.7	391.2	385.7	378	349.9	345.3	345	341.6	345.6	342.9	344.4	336.7	337	345	361.8	374.1	376.1	367.1	358.8	354.6	351	341.5	325.3	331.3	321.1	316.8	322.9	322.2	334.4	332.4	324.1	318.1	319.2	323.8	327.6	328.3	328	327.1	327.1	332.3	341.3	342.7	341.3	337.1	335.7	339.9	337.4	334.6	326.9	329.3	329	327.2	326.4	317.3	305.4	309	318.8	327.5	333.8	337.3	341.4	349.7	385.5	433.1	424.7	428.7	434.5	430	432.3	450.8	452.4	446.4	461	494	544.9	595.3	610.8	620.9	618.4	633	701.2	732.9	753	763.8	791.1	816	816	816	816	816	816	816	816	816	816	816	816	816	816	816	816	816	816	816	816	816	816	816	816	816	816	816	816	816	816	816	816	816	809.7	816	816	816	816	816
816	816	816	816	816	816	816	816	816	816	816	816	816	816	816	816	816	816	816	816	816	816	816	816	816	816	816	816	816	816	816	816	816	816	816	816	816	816	816	816	816	816	816	816	816	816	816	816	813.3	807	799.2	793.2	791.4	759.5	719.5	691	643	587.9	528	485.9	466.7	450.6	444.8	444.2	441	442.7	433.2	386.1	363.5	353.7	362.1	378.3	375.2	363.5	359.8	340	331.4	328.8	322.6	327.3	327.3	323.4	319.9	315.3	324.1	334.6	340.9	355.6	359.5	359.5	356.7	362.5	355.2	337	333.8	331.6	327.4	322.3	318.4	327.5	322.7	314.7	311.2	308	310.1	314	318.5	314.7	307.8	307.8	316.6	326	331.6	335.5	335.1	339.2	343.7	343.3	340.2	330.4	332.5	331.8	325.5	324.8	320.8	308.2	303	308	317.1	320.2	328.6	334.5	336.2	347.7	402.2	417	423.3	426.8	427.6	425.1	426.9	435	443	442.2	463.1	526.1	580.2	600.3	606.4	610.2	614.4	671.2	711.2	743.9	751.8	754.5	772.2	804.6	816	816	816	816	816	816	816	816	816	816	816	816	816	816	816	816	814.6	811.1	813.9	811.8	816	816	816	816	816	816	816	816	816	816	816	816	816	816	816	816	816
816	816	816	816	816	816	816	816	816	816	816	816	816	816	816	816	816	816	816	816	816	816	816	816	816	816	816	816	816	816	816	816	816	816	816	816	816	816	816	816	816	816	816	816	816	816	809.7	790.4	792.1	802	790.5	737.1	698	682	655.6	627.1	613	583	528.1	478.8	473.9	452.4	444.9	445.8	437.1	399.3	358	346.2	349.7	353	351	345	335.5	331.5	331.1	322.6	319.7	313.9	307.3	305.9	298.6	297.5	300.3	303.1	315.3	318.5	318.9	328.7	326.7	332.9	341.6	353.5	359.1	364.3	368.1	361	354	344.3	329.6	335.2	339.9	337.1	332.9	326.6	319	324.5	333.2	325.2	316.8	316.1	317.5	319.6	320.3	322.5	326	332.9	338.8	349.6	348.9	336	333.6	336	327.6	322	323	321.5	311.7	302.3	306.9	309.7	311.1	314.2	324.7	333.4	361.7	396.7	413.9	420.5	421	423.4	421.6	427.6	433.6	433.5	445	477.2	523.6	566.7	588.9	595.9	598.7	606.2	627.6	669.7	732.6	753	760.8	790.5	808.3	816	816	816	816	816	816	816	816	816	816	816	816	816	816	816	814.6	806.9	811.8	816	816	816	816	816	816	816	816	816	816	816	816	816	816	816	816	816	816
816	816	816	816	816	816	816	816	816	816	816	816	816	816	816	816	816	816	816	816	816	816	816	816	816	816	816	816	816	816	816	816	816	816	816	816	816	816	816	816	816	816	816	816	816	814	783.7	769.7	745.9	744.6	730.3	693.1	663.1	649.4	618.7	565.8	551.4	539.9	492.7	458.3	451.2	446.1	436.5	432.9	426.9	377.9	347.1	339.8	340	343.6	341.8	337.1	332.2	326.4	322.4	315.3	317.1	317.1	308	301.7	295.7	295	295	295.4	301	304.2	314	321.1	316.2	315.7	323.4	334.3	345.4	357.2	363.5	360	352.3	346.4	339.8	333.9	326	330.9	331.5	332.5	332.2	336.4	337.8	331.1	326.6	326.6	326.6	323.9	325.3	326.7	326.7	324.6	331.6	343.4	347.6	338.8	332.5	335.3	333.9	323.4	317.7	320.1	313.8	308.4	309.1	309	311.5	314.6	314.6	320.5	333.4	361.6	390.9	403.6	416.3	419.6	420.6	427.3	432.9	431.8	430.7	436	446.1	468.7	496.1	553.2	580.1	571.5	600.8	646.1	702.7	752.4	753	755.4	775.2	806.4	816	816	816	816	816	816	816	816	816	816	816	816	816	816	816	816	816	816	816	816	816	816	816	816	816	816	816	816	816	816	816	816	816	816	816
816	816	816	816	816	816	816	816	816	816	816	816	816	816	816	816	816	816	816	816	816	816	816	816	816	816	816	816	816	816	816	816	816	816	816	816	816	816	816	816	816	816	816	801.3	759.3	741.8	762.4	759.1	755.3	743.3	700.5	681.2	651.3	615.8	584.1	533.7	503.4	459.8	415.6	399.7	397.5	403.7	418.4	409	362.1	344.3	337	327.6	335.1	342.5	341.6	329	320.5	314.3	315.9	310.8	308	307	312.6	315.3	310.4	309.4	312.6	319.6	317.5	314	309.9	305	293.8	289.8	296.1	303.5	312.2	319.8	336.9	350.9	360.8	364.6	354.5	336.4	314.8	310.6	314	317.6	321.7	325.3	326	323.8	321	323.8	327.3	330.9	331.5	330.2	321.1	318.3	322.5	327.3	330.8	326.6	327.9	329	329.3	320.2	309	311.4	306.1	300.7	304.9	304	307.6	319.9	326.5	321.3	321.9	328.1	337.8	344.4	361.6	394.5	421.4	424.5	425.5	423	427.6	442.7	443.7	468.1	502.9	546.3	589.9	583.4	589.7	598.2	623.9	665.4	718.8	752.7	761.7	790.8	816	816	816	816	816	816	816	816	816	816	816	816	816	816	816	816	816	816	816	816	816	816	816	816	811.1	809	816	816	816	816	816	816	816	816	816
816	816	816	816	816	816	816	816	816	816	816	816	816	816	816	816	816	816	816	816	816	816	816	816	816	816	816	816	816	816	816	816	816	816	816	816	816	816	816	816	816	816	816	777.7	737.1	746.3	769	767.6	769.7	743.4	696.1	673.3	633	581.3	538.4	490.9	463.2	415.4	368.2	387	383.6	370.1	390.8	383.5	349.6	346.4	340.2	329.2	335.3	341.5	333	321	312.7	309.7	310.1	309.4	301.7	303.8	309.7	316.3	313.6	304.9	307.7	313.3	318.9	322.5	315.5	307.7	298.9	291.6	289.5	288.1	296.1	302.7	311.1	328.6	349.3	359.8	368.2	356.7	337.1	327.1	319.4	314.8	318.9	322.4	321.5	317.3	312	311.9	315.4	323.8	324.5	324.5	318.3	315.2	319	319.7	321.7	314	313.3	315.7	316	312.1	300.6	306.5	309.7	305.1	306.8	302.9	303.5	311.7	318.1	323	332.1	334.2	340.4	343	349.6	365.1	387.6	410.9	421.3	427.9	428.9	441.2	454.7	462.3	489.2	505.9	564	593.2	589.1	589	602.9	632.8	677.6	743.2	751.8	756	774	804.6	816	816	816	816	816	816	816	816	816	816	816	816	816	816	816	816	816	816	816	816	816	816	816	813.2	816	816	816	816	816	816	816	816	816
816	816	816	816	816	816	816	816	816	816	816	816	816	816	816	816	816	816	816	816	816	816	816	816	816	816	816	816	816	816	816	816	816	816	816	816	816	816	816	816	816	816	772.2	761.4	792.8	791.1	788.1	763	743.3	697.5	662.8	641.1	603.9	548.6	510.3	458.9	395	369.2	370.9	373.6	349.3	361.4	345.4	335.6	337	330.7	335.8	337.1	337.3	325.5	317.4	313.1	310	305.9	305.2	304.2	305.9	305.2	303.4	304.8	311.2	307.1	300.7	300.7	301.5	305	316.9	330.8	337.1	330.4	316.8	302.8	293	284.9	281.4	290.1	297.2	312.6	339.5	358.9	368.7	367	351.6	334.1	329.4	330.1	325	319.8	321.8	321	316.8	313.4	318.2	318.3	313.4	316.9	321.5	321.1	319.7	309.4	305.6	304.2	297.5	302.7	302.7	299.2	307.3	307.6	303	304	310.6	314.8	309.7	305.5	317.1	327.9	328.2	330.8	338.4	341.6	355.3	376.6	391.6	402.4	411.8	430.4	445.2	454.3	472.1	494.1	545.2	591.8	590.6	590.5	594.2	597.1	599.7	618.5	679.7	753	758	775.4	816	816	816	816	816	816	816	816	816	816	816	816	816	816	816	816	816	814.6	807.6	811.8	816	816	816	816	816	816	816	816	816	816	816	816	816
816	816	816	816	816	816	816	816	816	816	816	816	816	816	816	816	816	816	816	816	816	816	816	816	816	816	816	816	816	816	816	816	816	816	816	816	816	816	816	816	814.5	807.9	751.1	760.5	777.9	780.3	765	737.2	721.3	679.5	640.6	592.4	531.5	494.1	468	421.6	365.7	345	359.6	360.4	334.3	349.2	339	327.2	326.9	321.6	328.2	327.9	322.9	314.7	311	312.8	308.3	302.7	300.6	302.4	303.1	302.3	301.3	295.9	300.7	307.7	301.4	296.6	293.8	296.1	299.9	313.3	327.4	336.7	334.6	321	312.9	301	281.8	281.1	283.9	286	300.1	321.8	347	362.4	360.7	348.4	335.8	334.4	330.9	325	323.6	322.9	322.4	318.2	319.6	315.4	309.1	314.8	321.7	320.3	315.4	307	307	304.2	295.4	299.6	302	292.9	303.4	304.1	295.7	302.7	309.3	306.5	307.5	310.4	314.9	318.4	316	320.1	321.5	330.4	343.9	362.2	385	402.8	414.7	430.4	443.7	458.1	481.6	466.9	494.8	549.5	591.2	590.1	589.4	591.9	594.8	601.8	654.2	736.9	752.4	758.4	781.2	810.9	816	816	816	816	816	816	816	816	816	816	816	816	816	816	816	808.3	793.6	811.8	816	816	816	816	816	816	816	816	816	816	816	816	816
816	816	816	816	816	816	816	816	816	816	816	816	816	816	816	816	816	816	816	816	816	816	816	816	816	816	816	816	816	816	816	816	816	816	816	816	816	816	816	816	810.9	789.3	761.2	793.5	767.3	737.3	715.9	715.6	710.9	656.7	603.7	574.5	519.4	437.2	390.1	354.7	331.7	331	356.1	340.9	333.4	321.2	325.7	328.6	318.8	317.3	316.3	312.6	310.1	306.4	306.1	304.8	298.5	294.3	296.1	294	291.1	290.5	291.6	285.4	283.9	286	286.7	282.6	284	287	289.4	295.1	292.9	310.5	319.9	335.7	348.3	342	329.4	312.7	295.8	281.1	276.3	279.8	286.7	308.9	329.9	345.3	352	355.4	346	335.5	329.6	329.2	328.1	331.6	333	330.1	328	327.4	328.1	328.8	326	310.5	308.4	306.3	300	309.1	310.5	307.3	308	305.5	298.5	299.9	295.4	294.7	301.2	307.9	317.1	320.9	317.7	316.3	318	319	322.3	326.5	343	375.1	412.6	446.6	443	462.3	483.7	462	503.3	547.6	588.2	594.7	589.2	589.3	592.7	598.7	605.4	633.3	707.7	755.4	768.9	799.8	816	816	816	816	811.8	816	816	816	816	816	816	816	816	816	816	814.6	802	816	816	816	816	816	816	816	816	816	816	816	816	816	813.9
816	816	816	816	816	816	816	816	816	816	816	816	816	816	816	816	816	816	816	816	816	816	816	816	816	816	816	816	816	816	816	816	816	816	816	816	816	816	814.8	808.8	804	789	769.5	789.6	756.7	715.5	694.3	685	672.2	570.1	502.7	479.7	427.3	411.6	381.4	338.4	325.4	319.8	343.6	339.4	323.3	315.2	322.9	326.6	316.3	311.7	309.7	308.7	306.1	302.6	297.4	296.4	296.7	292.9	292.6	290.1	286.3	283.9	283.9	281.1	270.9	249	236.4	224.7	210.8	206.9	193.8	173.4	186.3	205.5	213.9	225.3	236.2	236.8	221.6	211.1	199.3	177.1	147.9	132.6	130.4	139.1	156.8	202.5	236.8	266.6	287.1	298.2	306.1	306.2	303	296.6	326.2	334.4	337.9	335.7	335.7	337.8	337.2	324.6	319.7	317.6	307	309.8	311.5	307.7	309.1	306.3	304.5	303.4	299.2	298.2	302	303.3	309.6	316.7	322.6	323.6	320.1	318.8	324.7	328.3	330.7	342.3	376.9	425.2	455.3	464	450.7	447.9	478.4	533.4	579.8	574.3	576.3	588.2	590.3	598.4	603	616.2	674.5	746.9	754.8	764.4	792.6	816	816	816	811.1	813.2	816	816	816	816	816	816	816	816	809.7	809	816	816	816	816	816	816	816	816	816	816	816	816	816	816	816
816	816	816	816	816	816	816	816	816	816	816	816	816	816	816	816	816	816	816	816	816	816	816	816	816	816	816	816	816	816	816	816	816	816	816	816	816	816	810.9	804	799.5	795.6	792	739.7	702.3	661.2	624.8	616.9	564.9	506.6	461.1	396	367.2	362.2	324.7	315.4	316.3	322.9	339.9	330.6	319	323.6	322.5	316.1	313.6	303.3	295	298.7	295.6	294.3	296.8	291.5	291.8	289.1	284.9	278.9	270.9	266	264.4	250.5	199.3	178.3	174.1	170.8	147.4	123.1	110.2	114.6	116.6	120.5	125.9	126.2	131.8	144.6	149.9	157.9	162.8	156.4	140.3	127	114.8	101	94.1	105.8	126.7	164.1	199.6	235.9	259.7	270.3	274.6	287.2	312.5	337.1	332.2	325.2	326.6	332.9	337.2	337.2	340.6	340	332.9	328.7	321	318.9	319.6	325.9	321.3	319.1	320.8	321.6	322	316.7	319	319.8	322.6	327.8	333.8	337.3	339.4	337.2	333.5	334.9	355.9	376.9	411.9	436.7	426.9	429.3	461.1	532.3	580.9	569.5	582	593.1	594	599.1	601.5	602.6	608.8	649.3	711.2	757.2	777.3	810.3	816	816	816	811.8	812.5	816	816	816	816	816	811.8	806.2	811.8	816	816	816	816	816	806.9	816	816	816	816	816	816	816	816	816	816
816	816	816	816	816	816	816	816	816	816	816	816	816	816	816	816	816	816	816	816	816	816	816	816	816	816	816	816	816	816	816	816	813.6	816	816	816	814.5	807.6	797.7	792	790.8	790.2	776	713.2	675.9	627.1	568.3	589.9	570.4	504.6	440.6	378.5	357.6	329.6	307.5	300.1	308.9	322	337.4	328.1	318	321.5	323.3	315.9	312.9	304.1	292.4	291.1	286.2	289.3	292.5	288.7	289.1	287.4	276.5	248.7	188	138.3	116.1	102.9	84.6	67.4	64.7	62.8	63.4	61.7	60.3	63.7	64.7	66.9	74.8	82.1	95.3	109.1	126.4	139.1	138.9	139.6	138.1	132.9	121	99.4	82.3	79	78.7	78.7	87.8	100.8	119.5	139.1	163.6	186.8	201.8	261	294.8	298	306.7	316.2	318.7	322.9	339.9	339.2	331.5	329.4	328.7	324.5	324.5	332.9	331.5	331.1	328.9	325.7	324.7	320.6	321.2	319	316.3	320.5	329.6	331	330	327.2	327.1	332.1	345	366.1	383.6	415.8	420.6	416.4	439.8	479.2	562.7	591.8	592.6	592.8	592.1	593.6	598.8	600.8	605.8	617.2	661.3	732	753.3	766.2	793.2	816	816	816	813.9	816	811.8	809.7	814.6	813.9	808.3	814.6	816	816	816	816	816	816	809	799.2	793.6	793.6	793.6	812.5	816	816	816	816	816
816	816	816	816	816	816	816	816	816	816	816	816	816	816	816	816	816	816	816	816	816	816	816	816	816	816	816	816	816	816	816	816	816	816	816	816	812.4	804.6	795.6	789	788.1	753.8	655.6	582.8	572.8	559.8	501.3	489.1	469.1	408.5	363.3	345.1	330	316.8	309.6	306.4	307.5	320.5	329.3	316.2	316.6	317.7	312.6	310.8	302.1	288.8	285.1	280.2	276.3	279.8	278.8	277.2	276.9	257.7	220.8	209.2	179.9	125.3	93.9	87.5	81	66.3	62.7	59.9	56.6	54.3	52.1	52.8	50.1	49.3	52.8	60.5	63.8	70.1	83.8	96	108.6	118.5	127.6	135.7	141.2	135	128	116.2	99.8	84.1	79.2	79.4	82	84.8	94.2	113	133.9	166	202.3	237.9	279.1	295.1	296.9	307.9	330.2	332.5	334.3	335.7	329.7	328.3	334.3	336.4	330.8	326.6	319.5	312.4	309.9	311.4	311.8	309.6	305.7	306.1	307.2	306.8	302.7	297.5	304.8	311.2	320.5	333.1	345.7	377.6	387.8	380.8	382.1	408.1	486.2	542.1	589.1	590.3	590	592.4	595.4	595.4	596.7	597.6	604.3	627.4	680.4	718.2	734.4	771.7	807.6	816	816	816	812.5	803.4	816	816	816	816	816	816	816	816	816	816	816	806.9	786.6	786.6	797.8	816	816	816	816	816	816
816	816	816	816	816	816	816	816	816	816	816	816	816	816	816	816	816	816	816	816	816	816	816	816	816	816	816	816	816	816	816	816	816	816	816	816	807.6	797.4	789	774.7	769.3	730.8	610.5	547.6	556.4	514.3	450.8	433.9	389.5	339.9	331.3	333.2	325.9	318.2	310	305.8	306.9	320.3	328.3	319.2	318.8	319.4	312.1	310.8	299.1	286.5	284.7	280.5	279.5	269.5	212.2	181.7	159.8	126.2	100.9	89.6	82.2	71.8	65.9	66.5	66	63.1	55.4	51	53.7	54.6	49.1	46.1	46.7	46	48.4	55.9	60.7	53.8	55.5	68.9	84.5	102.2	112.6	125	131.3	129.8	136.4	137.5	123	106.2	94.1	80.9	79.2	79.1	82.8	90.7	106.2	120.8	135.3	143.9	162.9	205.9	221.1	241.5	283.3	316.1	326.8	325.8	327.3	330.4	333.9	326.6	322.7	318.5	306.3	298.2	294.6	293.5	296.7	288.5	297.7	302.2	304.3	298.1	293.9	291.9	295	299.5	311.2	319.4	324	337.3	358.1	361.6	371	368.5	418.4	494	559.2	592.2	594.3	594.1	592.4	596	596.9	597.1	600.1	610.4	643	669.7	695.7	729.3	787.9	816	816	816	816	816	816	816	816	816	816	816	816	816	816	816	816	816	816	816	816	816	816	816	816	816	816
816	816	816	816	816	816	816	816	816	816	816	816	816	816	816	816	816	816	816	816	816	816	816	816	816	816	816	816	816	816	816	816	816	816	816	812.4	804.6	795	776.5	726	697	607.6	558.3	616.6	576.6	456.9	456.2	415.1	335	320.6	323.6	327.2	326.2	327.3	328.5	326.5	328.1	328.3	317.7	312.6	319.7	319.1	308.7	298.6	290	284.4	278.3	265.3	242.9	203.5	164.9	135.7	112.9	91.6	88.3	83.1	76.9	74.3	68.5	62.7	60.9	63	56.6	55.9	54.4	54.7	54.3	49.6	46.4	46.5	47.5	52.4	56.8	55.4	49	50.9	52.6	54.7	62.5	69.9	76.6	85.3	96.4	111.3	127.2	128.7	122.5	115.4	111	107.3	103	98.9	100	104.6	118.1	129.6	138.9	158.9	177.7	202.1	234.8	286.3	308.3	307	314	320.6	318.9	318.5	319.2	308	295.8	284.9	275.4	269.4	266.2	264.2	267.3	274.9	278.8	278.8	275.3	279.2	282	285.2	290.7	294.3	295.3	301.3	307.6	307	315.4	322.3	353	421.2	465.8	503.5	569.3	592	588.9	597.1	598.7	593.3	591.4	596.9	608.5	623.9	655.8	686.5	723.5	792.2	816	816	816	816	816	816	816	816	816	816	816	816	816	816	816	816	816	816	816	816	816	816	816	816	811.8
816	816	816	816	816	816	816	816	816	816	816	816	816	816	816	816	816	816	816	816	816	816	816	816	816	816	816	816	816	816	816	816	812.7	810	806.4	801	795.3	790.8	765.3	729.8	622.4	590.4	613.5	547.5	455.8	403.7	403.2	377.1	342.2	321.2	320.8	320.6	325.5	326.7	328.5	335.3	335.6	329.2	311.7	309.9	317	319.4	309	294.5	272.8	248.1	220.3	166.8	122.3	96.5	90.5	85	79.2	73.9	75.7	71.9	72.9	75.4	69.1	63	63.2	59.7	59.8	59.5	56.3	60.3	56.1	50.3	49.4	51.8	55	54.5	56.6	58	54.2	51.5	47.5	48.6	46.6	53	59.8	70.3	82.1	98.9	109	116	121.3	120.5	123.4	114.5	103.5	99.2	98.1	102.1	111.3	122.3	125.1	118.7	133.8	156.5	176.1	216.4	260.1	280.5	317	318.2	314.7	314.3	310.5	300.7	290.9	280.4	273.7	268.8	268	266.2	267.3	271.5	271.4	270.1	272.2	276.7	276.5	278.2	281.6	282.3	282.1	288.3	292.2	291.5	290.2	299.3	310.8	319.8	344.6	389.8	467.2	501.7	530.5	584.3	596.1	596.6	594.5	593.5	599.7	612	633.3	655	684.4	736.2	807.6	816	816	816	816	816	816	816	816	816	816	816	811.8	813.9	814.6	816	816	816	816	816	816	816	816	816	816
816	816	816	816	816	816	816	816	816	816	816	816	816	816	816	816	816	816	816	816	816	816	816	816	816	816	816	816	816	816	816	816	810.6	806.7	803.4	797.1	791.1	785.2	697.4	593.5	566.1	567.1	512.5	449.5	404.6	383.4	355.3	333.7	322.2	314	314.5	318.9	320.9	326.2	330.3	335.6	337.6	316.4	304.9	304.1	310.7	309.7	296.1	263.1	230.8	207.2	173.9	123.9	93.6	84.5	80	74.5	69.7	70.7	70.2	69.3	71.9	74.6	70.4	64.6	68.1	67.4	63.9	63	56.1	53.8	55.4	54.2	53.7	53.3	53.2	53.5	55.2	55.9	56.3	53.4	52.9	52	52.3	53.8	56.6	62.2	63.8	68.3	72.5	76.4	88	98.6	109.4	110.1	104.3	102	102.4	104.9	111.6	119.1	119.9	121.9	124.8	136.2	163.2	182.2	222.3	260.2	306.5	308	306.3	304.9	307.3	304.9	297.5	291.6	294	288.4	277.8	268.6	267.3	267.7	267.2	264.1	265.2	264.8	267.3	270.2	268.7	275.3	279.1	283.8	288	289.1	292.3	295.2	294.4	300.6	317	338.7	362.9	413.9	474.9	541.7	594.9	592.1	594.2	596.6	599.8	624	638.6	641.8	664.4	754.6	809.7	816	816	816	816	816	816	816	816	816	816	816	816	816	814.6	809	816	816	816	816	816	816	816	816	816
816	816	816	816	816	816	816	816	816	816	816	816	816	816	816	816	816	816	816	816	816	816	816	816	816	816	816	816	816	816	816	816	806.1	799.8	795	787.5	782.1	775.4	665.5	567.1	546.8	529.9	494.3	427.5	367.9	349.8	352.7	330.5	317.1	318.8	308.5	311.9	315	316.2	324.5	327.8	331	313.5	287.3	290.6	300.9	262.6	183.8	124.4	104.6	92.6	86.3	85.6	80.8	74.1	71.1	67.5	63.9	65	65.5	68.3	68.7	72.8	75.6	68.6	63.5	69	63.6	62.8	61	59.9	56.5	56.3	55.2	52.1	53.7	55.6	57.9	57	52.5	52.4	55	54.9	54.4	57.2	53.7	57.3	60.2	61.8	65.1	69.5	77.9	91.9	99	103.2	103.4	101.1	103.3	102.6	102.7	103.7	109.3	109.3	109.6	115.5	130.3	152.1	171.5	206.5	247.1	284.6	303.2	304.9	302.4	297.8	293.3	289.8	294	293.3	288	281.2	274.9	272.2	270.1	267.8	265.7	262.7	264.8	270.1	274.7	280.9	282.6	281.4	284.7	286.9	286.7	291	288.2	289.6	306.6	337.7	368	392.6	431.8	467.6	494	533.4	567.9	581.7	589.3	613.1	647.9	660.7	667.1	731	773.7	803.7	816	816	816	816	816	816	816	816	816	816	816	816	816	816	816	816	816	816	816	816	816	816	816
816	816	816	816	816	816	816	816	816	816	816	816	816	816	816	816	816	816	816	816	816	816	816	816	816	816	816	816	816	816	816	816	802.5	795.3	790.8	761	741	661.1	567.2	553.5	538.4	524.1	482.9	419.8	375	350	347.4	341.7	335.3	336	324.6	318.2	309.1	300	302	309.4	309.8	306.5	283.3	280.1	267.7	209.8	141.9	101.7	90.4	83.2	82.2	83.1	85.2	77.9	63	62.2	63.6	64	64.4	63.4	61	65	72	66.4	63.5	69.5	63.9	60.1	61.6	65.9	61.9	58.9	53.9	57.3	60.1	58.4	56.6	56.1	49.5	50.2	48.8	51.7	53.6	47.7	43.3	51.4	53.5	51.1	52.8	53.2	59	63.7	72	90.2	100.7	105.2	101.9	95.6	95.4	95.4	94	87.1	90.5	94.2	108.9	140.8	176.7	197	221.3	258.3	289.7	294	287	281.7	276.9	273.7	275.8	280.4	284.5	288.6	286.5	283.4	278.2	276	274.2	273.6	276.8	280.2	286.2	284.8	278.8	277.6	277.4	277.8	275.5	279.1	275.3	280.2	302.8	325.5	356.2	388	409.8	451.9	473.4	479.2	529.8	567.7	589.2	600.8	618.5	652.7	659.2	661.1	723	789.6	816	816	816	816	816	816	816	816	816	816	816	816	816	816	816	816	816	816	816	816	816	816	816
816	816	816	816	816	816	816	816	816	816	816	816	816	816	816	816	816	816	816	816	816	816	816	816	816	816	816	816	816	816	814.8	807	796.2	789.3	767.3	739	709.7	638.1	564.1	551	537.1	495.1	434	396.4	378.3	353	342.7	342.5	336.7	332.2	330.8	322.9	312.5	307.9	300.1	298	286.9	259.2	222.8	181.8	147.9	115.8	96.2	86.8	80.5	80.8	79.4	75.3	74.9	72.9	65.5	58.1	59.2	58.5	57.8	62.8	57.1	59.9	72	71.9	63.5	68.1	66.5	62.8	58.5	59.5	63.9	60.3	56.7	59.6	66.1	64.4	60.8	58.4	48	51.4	52.7	51.5	54.1	50.2	47.5	53.5	54.8	52.2	54.9	55.6	60.3	60.3	61.8	73.7	91.9	103.1	101.6	101.4	100.5	97.2	96	97	96.5	98.6	108.1	114	133.4	149.8	171.4	216.8	279.3	292.5	275.9	282.5	280	278.6	275.8	272.7	273	277.9	281	282	280.2	276.4	273.6	272	271.8	273.2	278.1	276.3	274.7	273.3	270.7	275.4	272.9	273.4	274.8	279.5	287.9	296.3	309.4	342.8	360.2	412.8	461.6	455.2	468.6	525.4	576.4	598.8	603.3	624	638.7	641.2	693.7	765	792.9	816	816	816	816	816	816	816	816	816	816	816	816	816	816	816	816	816	816	816	816	816	816
816	816	816	816	816	816	816	816	816	816	816	816	816	816	816	816	816	816	816	816	816	816	816	816	816	816	816	816	816	814.2	810	803.4	786.9	735.6	703.9	704.4	690.9	640.6	563.6	545.6	542.7	495.1	443.1	411.7	387.3	365.3	357.6	358	353.5	350.3	344.8	335.5	331.1	329.4	315.6	287.9	253.3	207.7	174.5	139.8	114.6	95.5	84.5	77.4	78	79.9	75.2	69.6	68.9	65.7	65.3	61.9	64.1	59.5	57.9	65	58	60.8	72.2	75.2	66	64.7	67.9	65.1	57.9	55.2	66.5	69.7	66.5	70.5	71.3	68.9	63.9	58.1	52.1	56.7	61.8	66.6	59.7	55.5	58.8	60.9	57.5	58.3	65.2	73.4	76.9	80.4	81.4	79	86.2	92.9	100.1	105.5	104.8	97.4	96.5	96.7	102.5	102.9	107.5	111.6	127.7	150.6	175.4	217.9	287.8	306.9	280.7	297.5	294	292.3	286	280.1	280.4	277.9	271.9	272.6	273.2	271	273.6	273.5	269.3	269.4	270.1	269	268.4	264.6	265.6	271.2	272.5	275.4	277.7	278.8	283	290.7	303.8	318.7	328.7	343.5	382.2	437.3	460.6	504	562.4	592.2	593.5	593.2	597.5	611	644.5	692.8	739.7	811	816	816	816	816	816	816	816	816	816	816	816	816	816	816	816	816	816	816	816	816	816
816	816	816	816	816	816	816	816	816	816	816	816	816	816	816	816	816	816	816	816	816	816	816	816	816	816	812.5	809.7	800.6	801.6	800.4	795	767.6	716.8	699.2	701.3	673.4	584.7	527.6	472.7	438.4	412.2	409.5	401.4	375.9	364.9	354.8	352.8	353.1	349	342.1	339.3	331.8	323.4	286.3	206	154.4	124.2	103.1	104.7	95.4	86.3	82.9	76.1	70.8	72.4	68.9	64.1	59.9	62.9	65.9	66.8	66.1	59.5	57.2	64.9	64.4	61.7	68.5	74.4	71.2	61.7	68.2	71.8	63.8	55.9	62.3	71.9	73.3	74.4	77.7	72.6	68.2	65.5	59.3	66.4	78.8	83.1	79.2	70.9	69.4	65.8	69.6	74.5	78	85.1	91.1	93.6	93.3	89.5	89.3	96	98.8	101.3	103.3	99.8	97.6	97.4	97.4	98.8	99.7	98.4	105.8	115.4	135.3	176.1	236.9	285.6	296.2	313.3	302.8	272.7	252.7	248.3	245.6	246.8	243.4	233.2	210.9	197.7	229.8	259.3	267.4	271.4	270.4	269.3	269.7	266.9	268.4	268	269.5	272.5	273.2	274.4	277	284.7	295.9	305.9	317.7	332.7	358.8	406.2	467.4	489.6	534.6	575.9	591	592.7	596.3	606.5	630.9	667.3	730	785.1	816	816	816	816	816	816	816	816	816	816	816	816	816	816	816	812.5	814.6	816	816	816	816
816	816	816	816	816	816	816	816	816	816	816	816	816	816	816	816	816	816	816	816	816	816	807.6	792.9	788	783.8	781.7	772.6	758.4	753.5	744.1	721.5	701.3	699.2	697.8	688.9	622	550.6	513	442.3	399.6	382.4	380	370.4	365.1	356.9	348.2	340.2	336.9	337.3	335.8	331.4	331.4	314.5	239.1	172.5	140.1	111.5	106	101.6	90.3	86.5	79.2	74.8	77.6	74.4	71.8	67.7	63	62	60.9	63.7	62.8	58	60	69.1	63.7	62.6	70.1	74.2	74.8	65.2	69.4	72.2	67.4	61.5	65.6	72.3	78.1	82.7	86.5	84.8	82.4	72.5	64.2	67.7	79.6	87.6	82.1	76.5	74.1	74.8	83.6	95.5	97.8	100.6	99.5	99.1	96.6	95.6	93	91.6	94	99.6	104.2	109	113.7	116	109.4	102.5	96.8	92	92.5	100	115.7	146.1	205.8	270.7	286.3	304.1	290.4	260.5	243.6	240.6	216	210.7	207.4	181.8	182.4	188.1	212.3	229	240.8	260.4	261.7	264.8	263.7	262.7	263.1	265.6	267.9	270.4	270.6	274	279.1	283.3	288.6	299.3	308.6	317.3	350.4	372.6	417	491.1	519.6	552.5	578.6	591.4	594.2	599.6	608.8	621.8	674.2	771.6	809.1	816	816	816	816	816	816	816	816	816	816	816	816	816	813.2	807.6	816	816	816	809	816
816	816	816	816	816	816	816	816	816	816	816	816	816	816	816	816	816	816	816	816	816	809	797.1	816	807.6	788	774	766.3	759.4	747.9	729.7	709.9	698.5	692.2	689.5	688	612.9	543.1	507.5	444.4	401.9	384.5	366.4	358.8	353.8	350.4	345.8	343.9	338.5	332.5	330.8	294.2	246.7	189.9	154.4	129.2	120.1	112.8	107	103.6	95.6	86.8	82.3	74.6	77.3	83.1	79.2	76.1	72.8	67.6	65.3	60.4	65	65.2	62	66.9	70.2	63.7	65.6	72.9	78.3	80.5	73.5	71.2	80.3	80.7	74.8	75.8	83.8	92.6	93.3	94.2	94.9	93.5	81.2	72.4	77.2	83.5	94.2	89.4	83.8	91.1	91.5	94.6	98.7	103.5	98.2	93	96.5	96.6	90.9	89.8	92.2	92	99.3	109.2	114.8	120.2	119.5	108.9	96.2	91.7	92.4	96.2	105.3	117	165.6	217.3	205.8	203.6	188.8	177.8	170.6	155.1	150	141.8	118.7	106.7	110.5	113.5	116.3	143	190	230.6	248.9	245.5	236.2	242	261.3	265.5	267.3	265.2	269.2	274.3	275.3	277.9	282.3	295.2	309.8	316.6	321	326.9	340.8	401.3	476	483.7	526.2	566.8	593.3	590.7	577.3	594.7	646.6	740.8	773.4	795	811.8	816	816	816	816	816	816	816	816	816	816	816	816	816	816	816	816	816	816
816	816	816	816	816	816	816	816	816	816	816	816	816	816	816	816	816	816	816	816	799.2	776.8	799.2	797.8	781.7	776.8	787.3	786.1	757.7	719.3	705.3	703.4	698.6	671.4	648.9	621.7	561.7	532.2	487.2	448	406.3	387	380.8	377.5	373.7	365.6	357.4	354.9	350	338.1	309.5	245	179.5	133.5	116.7	114.4	113.5	100.7	105	100.6	91.6	84	82.9	84.8	88.9	84.3	79.9	79.3	68	66.7	66.9	64	64.6	60	61.2	73.1	72.1	68	77.1	83.4	86	77.2	76.6	75.4	82.1	82.5	79.3	75.3	83.7	99.6	98.3	94	96.9	93.4	81.1	70.5	79.2	96.2	95.3	92.2	89.3	93.9	96.9	94.4	100.3	99.5	94.3	89.1	89.8	88.7	80.6	80.1	84.4	86.2	88.1	94.6	99.5	105.5	116.6	114.7	104.6	95.3	91.1	90.1	94.7	105.2	146.8	179.8	175.6	164.3	146.6	132.6	120.4	112.5	105.3	95	86.9	82.2	83.7	86	97.3	123.1	151.9	191.1	216.1	240.1	227.2	233.6	252.2	267.9	265.6	267	269.5	272.7	273.9	275.5	284.4	290.3	295.4	306.1	313.6	321.2	329.2	356.8	403.4	447	508.7	566.8	591.4	586.1	577.4	596.7	624.8	693.2	772.2	800.1	816	816	816	816	816	816	816	816	816	816	816	816	816	816	813.2	809.7	816	816	816
816	816	816	816	816	816	816	816	816	816	816	816	816	816	816	816	816	816	816	816	799.2	797.8	796.4	778.2	776.1	778.2	787.5	771.9	742.7	708.9	697.9	695.1	662	635.9	621.3	600.8	548	525.2	497.5	452.8	400.4	382.9	366.4	367.7	374.4	369.1	363.5	355.5	327.3	234.9	170.5	148.9	133	115.2	107.1	105.3	113.2	102.2	102.3	103.7	97.2	88.8	81.2	83.3	87.8	86.6	79.3	77.1	69.3	68.8	69.4	65.6	67.7	63.2	58.2	70.5	77.6	74.5	81.6	91.2	95.3	91.6	86.1	88.8	95.3	99.7	98.7	90.1	87.6	100.5	112.1	105.4	105.4	103.1	95.5	91.3	89.8	104	104.3	104.5	111.2	103.2	98.6	100.6	110.7	112.9	108.7	104.2	94.7	94.9	92.2	90.4	88	92.5	86.7	85.8	92.6	97.2	107.2	114.1	106.5	99.6	95.8	92.5	93.9	90.7	99.9	102.1	96	88.8	92.4	87.8	79	79.1	77.1	74.7	72.6	69.8	71.7	70.7	70	71.2	75	81	88.9	113	158.2	214.4	242.9	244.6	265.1	266	266.6	269.4	272.7	278.8	288.4	286.8	281.6	288.3	292.4	302.4	319.1	339.3	361.9	394.6	435.4	520.6	570.2	588.4	600.6	606.8	617.4	664	747.8	769.2	799.2	816	816	816	816	816	816	816	816	816	797.1	799.9	799.2	797.1	804.8	808.3	813.9	816	816
816	816	816	816	816	816	816	816	816	816	816	816	816	816	816	816	816	816	792.9	778.9	802	811.1	799.2	789.4	778.2	761.4	734.2	704.7	688.3	685.2	686.8	645.8	599.6	560.8	551	541.7	534.4	517.3	472.6	438.4	411.7	383.6	360.4	356.5	366	372.8	361.4	346.7	266.6	181.7	147.2	142	129.1	116.4	107.8	104.6	113.6	114.5	112.8	104.5	101.8	88.6	79.8	81.3	85.7	87.1	85.4	79.1	75	78.6	76.1	72.2	71.8	68.9	63.5	73.3	85.7	88	91.6	99.2	103.2	104.9	97	94.3	98.8	104.7	106.6	95.1	94.6	108.6	117	113.7	114.4	112.4	106.2	102.7	95.7	106.6	105.6	108.4	115.7	107.6	103.6	106.4	106.5	107.6	110.5	109.2	100.4	102.6	103.4	97.4	96.4	99.1	98.4	89.5	88.2	86.6	96	103.2	101.3	104.9	102.4	96.1	90.4	85.7	91.2	92.1	89.9	81.7	80.8	78	73.1	71.9	75.8	76	77.1	76	76.1	73.6	72.4	71	71.8	74.5	78	87.8	117.1	171.4	206.5	223.5	252.1	268	269.8	274.4	282.1	287.4	284.9	282.3	280.9	285.2	285.4	291.6	302.7	316.9	328	335.5	357.6	443.3	537.1	590.5	599.8	605.4	617.9	631.3	690.8	763.5	790.8	816	816	816	816	816	808.3	813.9	816	816	804.8	803.4	808.3	809	816	816	813.2	812.5	816
816	816	816	816	816	816	816	816	816	816	816	816	816	816	816	816	816	816	786.6	778.2	794.3	807.6	802.7	786.6	761.4	740.9	721	695.3	682.9	679.8	679.2	651.6	600.3	553.3	543.7	533.3	508	467.2	436	425	421.8	387.4	360	348.3	355.8	360.2	300.9	214.4	160.9	141.9	134.6	127.5	120.9	114.7	110.3	106.2	109.8	116.4	114.8	107	98.6	92.3	84.9	84.2	83.8	85.7	86.1	84.7	82.8	84	80.8	77.9	75.7	76.6	75.9	86.3	100	99.4	102.2	104.5	116.1	123.2	115.3	107.4	106.7	106.9	109.4	107.6	99.6	110.2	131.2	128.4	127.8	127.2	114.5	105.6	108.5	110	111.9	109.9	108.4	115.9	122	116.2	115.3	118.9	113.3	110.8	111.2	110.6	106.2	99.3	94	100.7	105.6	101.4	96.7	94.1	98.5	101.9	108.1	113.9	113.9	105.7	97.4	93.1	92.1	89.7	91.2	86.3	82	78.4	75.6	74.5	71.7	72.6	72.7	72.4	72.3	73.1	72	68.2	67.8	72	71.7	73.1	84.9	94.4	98.8	115	151.1	198.1	249.4	268	277.5	282.8	283	282.8	283.2	281.9	284.5	289.5	296.4	308.2	325.5	329.5	340	389.5	476.2	584.1	597.6	604.7	619	630.4	669.7	751.7	770.4	801	813.9	816	816	804.1	802	816	816	816	816	816	816	816	816	816	816	816	816
816	816	816	816	816	816	816	816	816	816	816	816	816	816	816	816	816	801.3	774.7	761.4	767.7	764.2	744.6	736.2	729.2	715.9	706.6	694.9	683.4	681	680.1	657.9	577.6	548.7	534.2	515.4	476.5	448.9	424.2	420.2	403	374.5	355.4	352.1	355	316.9	231.7	170	152.3	139	125.5	114.5	109.6	105.5	108.1	110.5	115.6	129.9	120.4	103.6	102.9	97	88.9	92.3	93.1	90.6	93.2	91.1	93.9	92.2	84.3	84.1	82.9	82.2	89.3	93.3	99	110.5	112.4	104.9	120.4	128.8	122.4	116.5	117.1	110.5	113.9	119.2	112.3	124.2	142.6	135.4	131.8	128.9	120.7	112.2	114.1	118.4	116.7	109.1	104	109.7	117.6	112.9	113.2	113.9	110.4	105.4	105.2	108.3	99.4	97.2	96.2	102	109.3	108.7	109.4	106.8	110.2	107.1	99	102.2	107.4	108.4	104.3	98.6	90.9	82.5	85.4	87	80	78.9	80.1	75.3	73.2	70	65.1	63.3	63.9	66	66.6	70.6	71.4	74.1	75.2	76.1	78.7	82.7	87.3	95.3	123.7	174.1	223.1	251.8	270.6	275.5	281.8	281.3	283.5	290.3	291.5	287.2	292.3	304.7	316.4	325.7	335.2	356.9	429.7	526.4	573.2	600.9	606.8	631.2	671.2	731	765.9	792.9	816	816	816	813.9	813.2	816	816	816	816	816	816	816	816	816	816	816	816
816	816	816	816	816	816	816	816	816	816	816	816	816	816	816	816	816	816	782.4	753	756.5	757.9	744.6	729.9	722.1	709.8	707.8	691.3	682.5	685.4	675.4	638.2	561.5	538.5	494.8	466.1	457.4	425.8	414.6	387.3	363.5	351.8	343.2	346.7	301	212.5	162.2	147	143.5	137.6	125.6	117.7	110.6	103.5	104.8	107	109.8	127.6	131.8	113.7	104.6	98.3	89.1	92.4	96.9	93.1	94.6	99.4	100.8	103.1	99	97.8	101.2	99.6	104.1	107.3	107.8	124.2	129.7	122.4	123.3	144.8	150	144	138.1	129	130.3	138.8	127.6	138.4	163.4	156.7	142.6	140	135.4	118.2	112.6	133.1	140.2	126.8	120.7	112.6	113.7	112.3	117.5	126.3	121.2	122.3	119.2	110.5	109.1	108.5	106.9	115.3	119.1	121.3	124.2	118.1	120.8	118.5	107.3	102.5	107.8	115.3	115.4	109.1	103.2	98.2	98.4	101.1	89.9	80.2	81.4	79.4	77.3	74.3	66.5	66.8	65.5	65.6	66.2	68.9	71.6	72.7	74.3	71.4	74.6	74.6	74.3	79.2	87.3	97.3	116.6	149.5	204.2	271	279.3	279.1	280.4	283.3	283.2	284.4	291	297.3	303.1	310.7	323.6	334.3	372	464.3	537.4	595.2	601.8	622	652.9	717.5	756.9	771.9	798.9	816	816	816	816	816	816	816	816	816	816	816	816	816	816	816	806.2
816	816	816	816	816	816	816	816	816	816	816	816	816	816	816	816	816	802.7	764.2	744.6	754.4	744.6	734.1	733.4	714.8	708.2	691.3	675.9	676.8	666.4	619.8	580.1	537.5	505.5	478.4	448.8	417.4	398.3	377.2	358.7	343.2	340.9	344.2	323.5	235.3	170.3	149.2	135.5	128.5	123.5	119.9	117.6	110.8	99.3	96.6	98.2	108	128.7	122.8	108.5	102.9	96.9	88.8	95.3	96.6	94.6	94.2	97.3	104.3	99.8	97.5	109.8	113.8	105.8	107	112.8	121.2	138	136.1	118.1	127.2	153.2	157.1	155.2	151.5	138.8	132.4	136.1	139.1	152.8	171.7	166.7	148.7	145	139.6	127.9	124.4	137.4	147.8	137.4	130.2	122	125.2	122.8	123.9	140	143.9	140	135.9	126.6	119.6	119.7	119.9	113.9	115.6	119.3	125.7	126.4	119.3	118.3	113.8	115.8	117.3	121.9	121.5	118.2	116.6	108.7	106.5	109.3	103	93.5	91.3	87.2	81.2	76.3	72.4	70	67	63.5	63.5	63.7	65.1	66.3	68.3	70.5	71.1	71.8	74.4	79.5	83.4	90.3	100.5	131.3	182.1	233.7	282.1	285.3	280.4	276.2	273.5	275.4	280.2	284.1	288.9	298.5	302.3	313.4	337.9	388.4	446.5	520.3	569.1	606.8	635.3	721	754.8	767.1	790.5	816	816	816	816	816	816	816	816	816	816	816	816	816	816	816	813.9
816	816	816	816	816	816	816	816	816	816	816	816	816	816	816	816	816	796.4	764.2	757.2	752.3	732.7	728.5	732.8	702.7	694.1	682.6	669.9	668.7	661.6	600.5	550.8	511.6	460.8	422.6	380.9	350.5	336.7	337.9	338.1	312.3	289.7	242.1	173.1	143.6	135.5	131.7	126.6	115.2	111.4	114	111.9	108.5	97.3	91.6	102.4	111.2	126.9	121.9	108.1	102	97.4	95.1	102.2	98.5	99.8	105.5	114.8	124.5	117.7	115.6	128.3	139.2	123.7	127.5	136.8	142.6	157.8	167.2	158.2	146.4	169.5	177.4	175.6	168.2	156.4	153.1	149.9	150.2	157.8	170.7	159.2	146.2	156	159.4	147	149.1	154.6	158.4	149	149.9	149.9	142.9	150.9	157.5	156.3	155.2	155	149.3	140.8	135.5	133.3	138.8	142.7	136.1	132.7	131.9	131.9	130.5	126	131.1	134.7	136.5	140.8	138.4	129.3	123.8	116	112.5	114.3	109.5	99.2	92.6	91.4	84.3	77.1	78	74.9	69.4	66.2	64.5	65.2	63.7	66.2	66.8	67.1	66.5	68.2	72.1	74	77.2	80	86.1	96.7	108	121.4	165.8	214.2	246.6	275.1	271.3	270.6	274.3	277.5	281	286.3	290.9	302.3	317.4	345.3	416.1	478.3	534.8	586.3	631.7	716.8	750.9	754.8	768.3	798.9	816	816	816	816	816	816	816	816	791.5	792.2	803.4	816	816	816	816
816	816	816	816	816	816	816	816	816	816	816	816	816	816	816	816	786.6	757.2	773.3	752.3	715.9	713.8	713.8	701.1	690.5	682.1	674.7	674.2	674.2	609.6	557.3	519.7	481.3	434	399.7	362.1	333.6	327.4	333.1	329.3	289.1	235.2	187.5	147.8	136.9	127.1	115.5	114.9	113.4	113.4	109.4	99.7	95	93.9	91.9	104.1	121.7	119.8	108.8	109.2	102.6	96.9	106.1	109.2	103.3	108.5	116	132.8	129.6	121.5	128.3	142.4	140.9	131.5	142.4	145	154.4	174.9	177.8	161	162.5	183.5	191.8	189.8	177.3	164.1	161.1	149.2	146.6	169.9	185.1	169.6	164.7	166.8	174.8	159.4	151.7	154.7	161.2	164.4	166.7	157.9	150.2	160.3	166.4	165.5	162.7	160.6	162.3	155.3	147.2	149	157.7	163.4	156.1	155.9	147.2	143.4	135.8	130.8	135.4	132.7	127.8	133.6	143.1	132.3	124.2	125.7	120.8	119.2	109.3	100.5	98.1	97.3	88.5	79.2	75.7	72.5	67.5	63.3	62.1	63	62.3	61.9	62.9	66.3	67.2	69.6	68.9	74.6	77.2	77.2	84.7	91.2	98.2	110.5	137.4	165	236.7	265	265.7	262.2	266.6	269.8	276.5	282.5	284.9	295	308.6	322.9	385.2	463.1	522.8	589	633.9	711.2	750.6	753.9	765	794.7	816	816	816	816	816	816	816	816	801.3	802.7	808.3	816	816	816	816
816	816	807.6	809.7	816	816	816	816	816	816	816	816	816	816	816	816	779.6	752.3	771.2	747.4	713.8	711.7	700.1	696.3	693.4	678.8	670.7	677.8	664.8	603.7	555.6	494	423.3	371.1	360	351.8	340.6	329.3	317.3	312.6	233.9	161.8	142.8	138.3	136.6	128.4	116.9	112.1	110.8	106.6	103.8	97.5	95.1	94	92.1	95.5	110.6	116.7	103.9	104.2	108.1	107.1	109.3	118.9	121.8	130	134.5	152.9	154.3	136.8	143.9	155.3	163.9	159.2	169.2	168.2	167.4	183.8	193.7	186.9	180.5	189.2	205.2	216.8	203.2	175.8	170.3	165.7	158.5	168.3	196.3	201.4	186.7	186.2	195.6	183	159.3	153.6	166.8	173.7	171.4	166.2	165.8	165.9	166.4	170	174.1	173.7	170.9	172.3	171.6	172.4	172.5	179	182.3	177.6	169.7	162.9	160.1	151.4	152.9	154.6	149.5	146.3	154.4	152.8	142	139.1	134	129.7	120.6	110.4	112.5	108.3	95.6	88.3	79.4	69.8	69.7	65.1	63.4	59.9	61	60.6	63.4	67.4	66.7	71	69.2	69.6	73.3	79.5	82.4	84.7	87.5	90.9	94.6	103.6	129.6	151.6	187.7	217.3	261.6	266.9	272.1	271.8	281.1	290.3	299.3	310.5	344.9	414.3	510.1	586.3	632.7	697.6	748.8	750.6	754.5	771.9	807	816	816	816	807.6	792.9	798.5	816	816	816	816	816	816	816	816
816	816	806.9	813.9	816	816	816	816	816	816	816	816	816	816	813.9	769.1	741.8	746.7	737.6	718	714.5	708	710.2	708	690.6	675.6	683.2	680.2	662.7	600.5	529.1	443.6	381.1	361.2	351.4	347.7	342	330.2	318	283.8	185.4	143.1	129.1	124.9	121.3	122.7	115.5	108.6	100.5	91.4	85.7	90.4	93.6	96.2	100.3	104.9	117	114.7	101	105.8	107.7	117.6	118.4	118.3	127.2	142.1	155.1	169.4	154.9	148.1	163.5	169.6	166.8	170	180.1	175.8	188.2	202.9	208	193	193.7	192.7	203.1	223.1	208.1	184.5	182.6	172.5	162	169.9	200	216	207.2	205.3	210.5	198.8	164.8	164.7	170.6	164.3	163.9	170	174.3	176.9	172.4	169.7	177	171.6	164.4	171.6	178.3	176.6	173.2	176.1	179.2	185.9	182.4	172	174.1	168.3	157.8	157.3	161.8	164.7	163.7	157.1	149.9	141.2	139.8	138.1	128.8	123.3	126.4	121.4	107.7	101.9	90.6	80.6	73.8	65.8	65.6	61.3	64.9	65.9	67.3	71.2	70.3	69.3	72.1	73.5	77.9	87.9	92.6	89.9	90.5	90	89.2	94.7	105.3	126.3	150.6	189.8	237	269	267.8	269.3	278.8	288.6	298	309.4	332.3	374.5	454.5	551.4	613.4	667.6	743.3	750	752.7	765.9	801.3	816	816	816	803.4	791.5	793.6	816	816	816	816	814.6	804.1	804.1	806.2
816	816	816	816	816	816	816	816	816	816	816	816	816	816	812.5	771.9	743.9	743.2	732.7	720.8	722.1	705.3	707.1	704.7	682.9	673.5	680.8	677.3	666.3	602.8	505.9	431.9	373	361.7	356.2	343	329.2	320.5	267.8	182.6	120.3	122.3	123.4	115.5	107	108.6	114.4	107.1	98	91.1	89.7	94.2	98.7	98.8	97.8	99.7	114.2	123.4	111	115.5	117.1	124.5	137.8	145.2	153.7	163.2	173.5	182.2	167.7	167.4	188	195.2	193.1	184.7	191.2	191.9	199.9	217.3	228.3	212.7	204.6	208	207.3	230.8	225	203.1	197.3	192.4	180.8	181.5	200.3	230.2	229.8	222	213.7	212.2	186.8	166.6	171.1	171.6	168.1	178	182.4	184.5	186.5	181.2	177.5	174.6	172	178.5	184.7	187	181	178.4	181.8	187.5	191.2	181.8	180.3	178	168.8	162	161.4	163.4	162.4	160.9	156.4	153.2	154.1	152.8	147.2	138.8	133.8	130	125.4	111.6	104.8	94.8	82.7	70.8	67.7	66.3	65.6	67.9	71.8	70.4	69.8	71.9	72.2	75.2	80.3	83.8	92.5	94.6	88.5	88.7	86.6	88.2	91.6	96	107.9	118.8	155	196.9	234.4	268.5	270.8	282.5	290.8	295.4	305.1	318.9	346.3	420.6	521.1	644.2	710.7	747.3	748.8	752.7	773.1	808.8	816	816	816	816	816	816	816	816	816	816	792.9	782.4	795
816	816	816	816	816	816	816	816	816	816	816	816	816	816	795	760	736.9	719.4	719.4	738.3	732.7	709.6	708.2	683.6	672.9	671.5	666.2	661.6	659	584.8	501.6	446.6	383.9	356.3	338.5	329.4	320.8	270.9	215.2	148.3	132.2	128.7	121.9	113	101.2	96	96.2	91.4	89.2	90.5	93.5	96.6	99.8	96.6	98.2	103	115.1	118	115.5	120.8	130	137.4	143.5	159	169.8	180.9	186.8	183.9	167.2	171.8	192.4	200.7	193	185.4	192.7	194.6	206.5	223.3	226.8	207	209.1	214	216.8	233.8	228.4	213.6	209.4	195.9	181.9	188.5	202.1	224.9	231	230.5	222	218.1	207.9	179.6	176.3	185	176.8	174.4	182.2	182.9	190.3	184.3	186.8	185.1	182.6	182.3	182.2	190	186.5	184.3	194.3	192.9	195.4	195.1	183.8	179.6	174.4	171.2	166.4	158.6	155.1	156.3	153.9	154	154.8	154.6	149.3	140.1	132.6	123.2	117	106.8	104.8	97.5	88.4	78.5	73.5	71.2	68.7	71.4	73.8	73.4	73	72.7	74.7	79.1	82.9	88.7	90.3	92.2	90.9	89.3	89.4	88.6	95.7	101.3	105.5	121.9	147.5	174.3	211.6	266.4	274.9	280.4	287.7	296.4	302	304.8	323.4	363.7	439.4	560.6	622.9	708.2	747.6	749.4	756	782.4	814.2	816	816	816	816	816	816	816	816	816	804.1	789.4	809
816	816	816	816	816	816	816	816	816	816	816	816	816	816	803.4	764.2	734.8	713.8	718.7	741.8	727.8	702.2	695.2	668.9	659.6	654.2	651.5	652.1	647.9	605.2	510.9	430.7	383.1	358.4	331	285.7	213	141.4	124.3	121.3	125.1	121.9	116.5	111.4	105.2	95.1	91.3	94.8	92.9	88	87	89.7	92.5	88.7	93.5	99.6	111.8	125.9	130.2	138.5	150.4	166.6	168.8	174.1	179.9	189.1	195.2	199.6	190.2	184.6	198.3	199.9	199.6	194.8	200.6	203.4	204.8	216.7	228.8	213.4	208.4	215.2	215.8	228.4	226.2	219.9	219.2	209.1	189.2	190.7	199.5	213.4	228	231.4	232.7	222.8	218	201.5	188.9	193.5	197.8	189.2	187.8	186.1	190	191.1	194.4	200.3	197.5	193.5	188.5	186	192	197.8	202.4	195.8	198.4	201.9	195.5	190.1	183.5	180.5	176.8	169.9	170.6	162.2	161.1	163.9	164.6	163.6	161.3	152.1	146.6	141.5	133.4	125.7	118.7	113.5	110	96.9	83.9	77.6	74.7	74.2	76	76.1	77.6	76.9	78	71.6	75.3	85	87.7	87.1	86.4	85.2	86.2	90.2	97.4	99.3	94.7	92.9	101.4	121.2	150.5	181.4	209.8	252.9	281.9	287.9	292.4	297.4	311.4	329	361	443.8	557.1	671.2	745.8	748.2	753	772.2	805.5	816	816	812.5	816	816	816	816	816	813.9	816	816	813.2
816	816	816	816	816	816	816	816	816	816	816	816	816	816	783.1	746	711.7	715.9	736.2	725.2	700	690.5	677.9	665.4	659.1	656.3	659.2	661.2	656.1	647.3	554.7	438	377.7	333.2	314.6	250.6	174	124.3	113.7	115.8	115.3	109.3	109.4	106.2	100.4	92.3	88.2	90.3	85	82	79.4	83.3	88.2	88.9	97.1	106	118.6	132.2	143.4	160.3	172.8	176.4	179.8	182.1	194.6	203.1	201.9	203.6	196.6	202	211.1	210.2	206.3	206.6	214.8	211.4	214.5	225.2	233.2	219.2	216	222.8	221.5	234	233.8	219.6	227.6	216.2	201.2	196.2	202.2	209.8	227.1	229.1	226.3	229	221.8	210.7	201.9	197.7	202.5	205.6	202.2	196.2	197	204	205.2	212.3	212.1	210.9	211.4	204.3	201.6	206.6	208.7	201.1	196.3	197.1	207.3	210.5	197.1	188.7	182.5	178.9	170.4	165.4	163.1	157.4	161.8	157.9	153.5	150.8	143.1	137.3	137.3	131.6	130.1	129.6	124.6	110.7	96.5	87.4	82.3	80.6	78.1	78.1	76.2	76.1	76.5	76.4	78	77.9	79.8	83.9	85	86.2	84.8	88.9	95.1	98.5	94.3	95.2	103.9	114	147.9	178.3	189.9	227.5	280.2	287.9	290.3	294.6	313.5	336.3	376.4	477	567.6	626.8	713.8	747.3	750.9	763.8	795.3	816	813.2	804.1	812.5	816	816	816	808.3	802	802	809.7	816
816	816	816	816	816	816	816	816	816	816	816	816	816	816	781.7	743.2	713.1	711.7	731.3	715.4	690.9	684.8	675.3	667.1	666.6	666.9	665.3	661.7	656.7	649.4	521.5	410.7	372.4	349.2	261.6	182.7	136.9	121.7	118.6	117.6	112.3	102.3	104.2	98	90.1	88.9	85.1	82.2	78.9	77.9	78.7	81.2	86.7	94.4	103.1	115.4	137.5	163.3	174.2	184	194	193.6	196.3	199.7	207.3	217.4	221.2	222.6	211.8	209.5	218.5	222.3	225.7	214.2	219.7	218.2	223.5	229.4	235	228.7	219	231	234.5	233.2	238.5	228.6	230.9	230.5	211.9	204.2	206.3	213.1	218.1	228.5	219.1	229.6	233.5	222	214.6	204.3	206.5	214.2	214.9	212.5	209.6	209.1	212.2	210.6	215.2	220.5	223.7	222.1	215.2	216.6	216.1	205	201.1	199.6	203.8	214.7	207.6	191.4	183.1	184.6	177.5	169.1	166.1	160.5	161.3	158.2	156.4	153.8	147.3	145.3	142.3	135.9	135	138.5	134.7	122.9	110.4	97.9	90.9	86.5	81.6	80.2	79.8	82.2	77.3	78.7	78.4	78.1	79.3	79.1	84.8	88	85.3	85.1	87.4	92.1	95	93.6	94	102.9	111.6	129.6	162.7	172.6	196.9	245.7	281.3	296.8	305.9	327.5	353.4	406	483.6	564.8	679	745.8	749.7	753.3	770.1	802.6	809.7	807.6	813.2	816	813.9	809	801.3	797.8	804.8	814.6	816
816	816	816	816	816	816	816	816	816	816	816	816	816	813.9	760	721.5	718.7	721.5	714.5	702.5	684.8	678.8	680.3	663.4	655.1	659	658.3	650.9	644.9	631.2	518.6	385.7	352.8	328.3	229.1	161.2	129.6	120.4	111.9	111.2	101.3	98.1	99.7	86.4	81.9	81.3	81.3	80.2	79.6	80.4	83.9	92	98.8	100.1	112.3	131.4	155.9	180	184.8	200.4	207.9	215.9	219.3	221.3	229.8	229.4	226.9	223.8	215.2	215	224.2	231.8	232.8	227.3	230.1	229.4	243.5	244.9	236.4	229.9	227.5	234.5	236.9	243.4	244.4	241.3	235.1	230.8	225.9	213.8	209.8	217.5	210.3	220.1	221.9	223.3	239.1	240.2	231.2	228.5	220.6	216.7	223.4	228	223.8	218.2	209.7	210.7	221.6	228.3	233.6	237.8	240.7	244.6	242.8	229.9	223.6	221.4	219.4	219.7	217.4	203.8	190.9	186	185.1	180.1	178.1	172.1	168.7	163	159.2	155.1	152.1	148.5	147.1	141.1	137.1	137.1	130.5	120.6	112.1	99.7	91.2	87.9	82.4	83.3	86.2	86.6	84.4	81.5	80.6	85.8	84.6	82.6	83.4	87.3	89.4	88.5	92.9	92.8	95.9	94.4	93.4	94	98.6	114.1	143.1	166.2	177.9	222.7	271.4	298.7	303.8	313.2	336.6	362.9	387.4	478.4	623	740.3	748.2	751.8	764.4	795.3	816	816	816	816	816	816	808.3	807.6	814.6	816	816
816	816	816	816	816	816	816	816	816	816	816	816	816	816	771.9	728.5	723.6	723.6	715.9	701.7	680.5	672.9	680.4	659.9	645.1	649.7	650.8	616.8	580.5	540.3	481.3	372.8	317.1	243.2	147.8	122.6	120.5	114.7	103.8	106.1	102.2	96.8	95.9	82.9	79.1	82.9	78.3	80.9	82.9	84.8	87.3	96.2	105.3	116.5	140.3	171.8	191.4	204.5	208.4	217.8	226.7	231.2	232.6	235.6	239.1	240.8	233.2	227.8	225.5	220.1	226.7	233.3	239.3	232.6	237.9	240.9	247.8	247.5	246.8	242.1	231.9	231.4	231.3	243	245.7	243.2	238.6	230.1	230.9	227.6	215.5	222.7	217.3	218	226.4	225.3	232	248.5	243.3	245.5	240	230.6	231.5	232.5	233.3	231.9	224.5	224	224.5	235.7	245.5	246	254.7	258.5	253.8	244.6	238.8	238.3	236.9	230.7	223.6	222.3	215.3	198.6	192.3	188.9	187.9	184.4	174.5	167.6	167.6	162.4	159.7	159.8	156.2	151	148.4	143.5	138.5	131.9	127.1	117.2	110.3	98.5	86.5	83.3	87.1	86.6	85.2	81.9	82.5	82	83.2	86.8	83.1	88.1	91.1	90.3	87.5	87.6	89.7	97.4	95.1	90	92.2	101.9	108.1	126.9	143.9	147.1	194.4	264.5	300.9	312.1	330	363.2	368.1	411.9	576	734.2	746.1	749.7	753.3	770.1	799.5	814.5	816	816	816	816	816	816	816	816	816
816	816	816	816	816	816	816	816	816	816	816	816	816	797.8	739	729.2	722.2	718	712.4	690.7	676.2	679.2	669.7	653.8	651.8	649.1	643.4	616.6	572.7	524.5	438.7	348.4	310.4	212	127.4	117.4	117.8	114	110.7	109.1	104	105.9	99.1	88.5	84.8	81.3	75.9	80.2	85.1	87.5	93.2	105	117.1	136.3	171.3	197.2	208.5	214.1	220.9	228.6	234.7	238.1	236.1	234.2	235.6	244.6	244.6	236.1	237.6	238.1	241	241.8	242.6	244.9	249.5	251.1	259.8	255.4	250.9	244	240.1	240.5	237.6	244.3	245.7	242.1	248	250.2	239.9	232.7	230.9	234.7	226.9	216.2	226	241.7	234.2	242.3	248.7	253.3	252.7	253.2	247.7	242.5	244.6	251.3	248.1	243.2	243	245.8	252.1	256.8	265	270.7	271.4	259.8	255.4	258.1	254	250.2	242.1	241.7	236	222.2	204.7	196.8	188.5	187.6	187.5	181.4	179.6	175.3	171.1	168.2	162.4	157.7	158.6	158.6	152.2	144.5	139	131.6	118.4	106.2	98.4	82.9	80.5	84.2	82.4	80	82.6	84.9	87.2	90.8	93	94.1	92.8	88.6	84.8	82.6	86.7	92.8	89.9	84.6	85.9	94.4	102.1	114.3	129.6	140.5	167.5	239.2	295	308.6	321.3	343.7	359	403.2	548	726.8	746.1	748.5	751.5	763.5	793.5	810.9	816	816	816	816	816	816	816	816	816
816	816	816	816	816	816	816	816	816	816	816	816	816	797.1	734.1	719.4	715.9	715.9	705.6	686.5	679.9	674.9	665.8	656.4	650.8	656.1	643.7	614.4	586.1	517.1	404.8	337.6	298.2	163.1	116.2	111.8	115.4	106.9	105.7	109.5	101.3	100.5	99.4	87.8	81.9	78.4	75.5	79.9	82.4	90.2	100.8	114.6	135.4	165.9	195.4	214.4	222	226.4	228.1	235.5	234.8	234.5	236.9	233.2	235.5	245	246.8	241.9	246	252.2	247.4	246	252.8	250.5	255.9	260.7	261.4	265.8	258.8	250	243.6	250.4	247.4	249.5	250.4	249	256.2	261.9	250.8	241.6	245.9	248.6	238.1	225.1	230.8	247	247	247.2	257.9	260.8	265.7	266.5	261.9	256.4	261	264.2	261.2	263.4	259.6	263.1	264.9	265.4	267	269.6	281.5	273.4	267	270.1	263.6	260.6	256.7	252.3	242.8	233.4	221.4	209.5	195.6	189.3	190.4	186.8	179.3	174.7	170.4	165.3	163.3	159.3	157	160.1	159.3	152.1	146.5	141	129.9	120.7	107.8	96.1	86.4	80.8	84	84.2	81.8	86.2	86.3	89.9	94.8	97	93.1	93.8	91.4	86.5	83.5	80.1	84.7	83.9	77.3	85.7	93.2	100.4	110.4	117.9	133	161.7	231.9	284.3	312.6	326.7	345.1	368.6	494.6	710.8	745.5	746.1	749.4	752.7	771.6	801.3	808.3	816	816	816	816	816	816	816	816
816	816	816	816	816	816	816	816	816	816	816	816	816	762.1	717.3	716.6	716.6	707.8	694.8	690.9	687.9	677.3	670.5	653.4	642.3	649.7	642	615.5	585	523.8	384.5	311.1	191.5	124.3	122.1	121.1	115.8	109.4	114	112.6	102.2	95.1	86.9	80.8	76.6	73.6	78.7	81.8	86.7	93.8	101.8	116	143.4	181.5	206.9	223.9	227	231.5	233	236.3	242.6	245.2	248.7	252.3	250.2	251.8	253.1	241.3	249.1	260.6	259.4	258.4	263.4	266.6	263.1	267.7	266.5	265	261.8	257	254.6	263.2	262	262.2	258.3	252.1	260.6	269.7	272.5	263.9	260.1	258.6	246.7	236.1	237.8	245.6	249.2	257.8	267.5	266.7	271.8	277.6	274.3	276.6	275.6	272.9	274.9	281.4	280.8	277.5	278.4	279.9	282.4	287.2	284.6	279.7	275.4	266.6	264.2	260.2	257	257.9	253	236.7	225.1	213.7	195.9	180.8	175.5	170.8	164.6	160.2	157.1	152.1	155.3	155.9	151.8	153.1	152.5	148.2	149.5	146.4	142.1	129.8	116.3	103.2	93.1	86.5	88.4	88.9	88.9	86.9	84.1	87.5	93.4	95.6	97	96.8	95.8	88.3	83.2	80.7	86.1	87.1	84.9	85.5	89.7	96.4	103.9	113.3	134.3	173.9	240.7	297.5	301	315.5	335.7	365.1	482	657.7	745.5	745.8	748.8	751.8	764.7	794.1	797	814.8	816	811.1	816	816	816	816	811.1
816	816	816	816	816	816	816	816	816	816	816	816	813.9	767.7	723.6	718.7	715.8	702.4	689.2	685.5	689.6	674.7	659.2	652	647.8	636.6	618.3	616.8	567.2	479.1	330.1	192.6	128.6	124.1	128	121.7	113.8	112.8	111.8	108.9	94.6	89.1	88.6	79.4	75	76.4	75.5	79.1	85.7	96.4	111.8	134.4	159.2	190.6	218.7	231	232.2	236.1	235.5	239.3	239.5	245.3	251.8	256.2	257.3	256.1	255.9	246.3	240	254.6	263.8	267.9	271.1	270.8	271.1	272.9	272.9	269.2	266.6	266.8	265.9	266.8	268.2	270.2	272.4	255.7	260.2	271.7	276.3	278.1	268.5	272.6	264.6	250.4	249.5	254.2	258.5	268.9	282.3	284.7	292	295.9	292.4	294.2	290.6	287.6	289.8	293.5	295.1	286.9	285.9	286.9	290.1	294.3	291	294.3	287.9	277.7	271.7	269.1	266.1	264.5	261	250.3	232.3	217.6	198.3	185.5	178.1	171.6	169.2	162.4	160.4	156.2	154.1	156.2	155.4	155.3	156	154.9	150.6	148	148.9	142	130.3	117.6	104.1	92	89.4	88.2	84	86.5	88.5	84.3	85.3	90.4	93.3	97	95.9	95.7	92.4	84	86.6	87.2	90	88	82.9	85.7	91.5	96.9	106	131.1	176.7	233.4	295.3	306.1	330.1	355.9	414.7	587.1	726.3	732.9	734	732.6	752.1	768.9	794.7	805.8	812.4	816	816	816	816	816	816
816	816	816	816	816	816	816	816	816	816	816	816	792.9	739	724.3	722.9	704.7	685.2	676.3	690.9	686.8	653.8	640.3	637.2	639.9	628	628.5	619.6	535.3	422	256.4	158.8	126	130	136	123.3	112.4	110.1	103.8	91.9	80.1	83.2	83.2	78.7	79	79.9	80.9	82.9	85.3	97.9	122.7	150.6	184.5	210	225.4	238.4	239.9	240.6	241.3	243.3	251	256.6	256.6	255.6	256	253.2	252.9	243.5	235.3	252.9	267.2	272.4	278.1	273.4	273	283.1	284.1	276.7	276.8	279	278.8	277.3	273.8	278.9	279.1	265.7	273.1	282.1	281	284.7	283.4	282.5	273.9	270.5	266.8	263.2	265.8	273.9	291.4	297.3	301.1	305.8	312.1	308.8	300.8	294.6	293.9	297.3	298.8	309.6	312.7	310.3	304.4	301.9	305.4	307.5	299	289.6	282.1	275.6	277.2	267.3	259.2	255.2	243.1	223.4	209.4	202.1	192.9	181.6	174.9	167.8	167.5	169.5	163.4	156.2	161.1	165.3	162.9	163.7	159.8	149.4	145.4	149.7	143.8	136.3	121.9	102.7	90.4	83.9	78.4	83.7	89.3	85.7	83.1	87.4	91.1	92.8	98.6	99.3	95.2	91.3	91.2	93.5	95.8	94	84.7	84.5	90.6	96.6	103.3	121.8	161.5	215.7	279.8	306.8	321.7	337.7	379.7	517.3	689.5	724.8	730.3	735.9	749.7	763.8	790.1	804.3	808.8	816	816	816	816	816	816
816	816	816	816	816	816	816	816	816	816	816	816	808.3	748.1	721.5	720.8	704.7	677.5	668.2	678.4	672.9	645.2	639.5	639.5	633.3	608.6	610	555.8	497.7	321.4	151.3	127.6	114.5	123.6	130.5	123.8	120	104	96.1	93.9	82.5	87.6	85.4	84.2	80.5	76.4	80.2	82.8	90.8	117.3	143	164.1	196	219.3	235.4	246.7	253.3	250.9	248.9	246.4	254.7	266	262.1	258.8	253.5	251.6	249.5	245.2	240.2	255	266.6	270.4	278.4	283.3	282.3	290.4	292.6	292.1	294.2	296.3	285.5	279.8	275.7	278.8	288.3	282.6	282.9	291.9	296	288.6	292.4	298.6	297.8	291.3	285	278.5	281.6	288.9	300.2	306.7	307.5	317.6	327.1	320	313.4	312.8	315.5	312.2	306.4	318.4	334.1	338	335.5	334.9	332.7	327.9	316.7	307.4	298.8	288.8	287.9	279.7	268.5	262.3	252.1	239.4	228.4	216.8	204.7	194.5	189.9	181.4	178.6	180.9	176.4	172.4	166.8	170.9	171.4	170.9	167.2	161.2	155.8	154.3	150.2	144.4	133.6	120.4	105.9	94	84.6	81.4	85.7	86.2	82.1	82.3	86.6	90	90.9	96.9	95	90	90.5	92.1	92.1	91	90.5	85	83.4	91.8	95.3	103.1	116.7	161.6	215.1	272.4	318.9	334.9	356.5	456.3	634.9	712.5	729.3	739.9	744.7	751.2	767.3	809.1	812.7	813.3	816	816	816	816	816
816	816	816	816	816	816	816	816	816	816	816	816	796.4	722.9	717.3	711.7	687.4	669.6	669.6	668.4	652.3	643.2	638	633.6	631.6	626.8	611	549.8	496.3	278.7	142.2	124.2	115.6	115.3	116.3	112	101.8	97	93.6	87.9	81.3	87.6	89.2	84.3	79.1	74.5	78.7	83.8	101.5	132.2	156	177.3	207.2	234.3	249.9	257	258.6	249	251.4	254.2	261	261	254.5	257.5	253.9	257.3	251.3	241.5	247.7	259.1	269.4	276.5	282	286.2	287.3	289.4	300.6	300.1	298.5	304.4	296.1	290.2	289.6	300	304.1	294.2	288.7	298.9	304.8	291.7	287.2	291.9	297.8	299.9	297.3	298.1	295.1	302.6	314.2	317.6	319.4	325.2	327.5	326.6	327	337.5	336.1	332.9	335.3	345.9	359.2	365.8	367.4	364.8	355.7	352.3	347.2	330.9	322.1	305.7	291.3	277.7	264.4	260.4	257	242.4	231.7	228.4	219.7	214	208.2	197.3	191.3	189.5	187.2	183.3	178.5	176.8	174.5	171.9	167.6	165.7	166.2	162	151	144.8	139.2	128.4	111.6	98.9	86.9	85.2	83.4	81.9	78.3	76.9	77.6	85	83	87.7	86.9	83.1	83.4	83.7	89.2	90.1	88.5	86.5	83	82.9	90.3	97.7	107.2	138.3	189.6	249.1	317.5	342.9	368.7	434.9	587.3	723.7	737.7	746.7	751.5	754.8	765.3	804.9	815.4	809.7	816	816	816	816	816
816	816	816	816	816	816	816	816	816	816	816	816	807.6	732.7	723.6	714.8	682.5	666.6	659.9	658.4	646.7	641.3	633.9	628.8	627.1	623.1	616.2	567.3	460.4	242.5	137.6	120	114.5	107.8	101.3	102.2	94.2	92.6	90.6	87	81.1	83.3	90.4	83.6	73.2	73.7	77.5	95.1	127.7	151.6	167.8	190.4	216.4	235.3	249.4	256.3	256.9	250.7	247.6	256.3	258.7	253	254.7	262.9	260	256.2	250.3	249.2	255.6	263	266.7	284.1	293.7	299.2	299.9	298.2	316	314.2	307.5	313.1	311	307.1	310.2	311.2	313.4	313	302.8	300	319.5	315.6	304.7	303.2	307.5	308.2	308.2	312.7	306.4	317.1	331.7	335.3	339.4	340	334.2	333.7	337	339.3	342.9	343.2	347	357.8	369.3	385.4	394.2	395.8	393.8	378.2	365.7	357	344.9	327.9	304.2	284.7	271.2	264.8	258.1	245.8	238.3	232.5	227.3	216.7	208.1	199.6	194.9	195.7	190.8	185.8	185.3	182.6	178.3	178.3	175.8	172.2	170.8	166.9	153.3	145.2	143.8	134.1	120.6	107.4	94.9	82.7	78.9	79.9	78	73.1	74	75.9	80.5	80.8	85.7	84.6	82.2	79.5	85	88.3	89	86.8	86.9	85	86.7	88.9	98.2	104.9	147.5	224.1	302.2	331.8	382.8	441.9	562.8	713.6	746.4	745.5	747.9	751.8	754.5	769.5	801.9	809.7	812.7	816	816	816	816
816	816	816	816	816	816	816	816	816	816	816	816	783.8	729.2	748.1	716.2	676	666	662	656.6	642.8	637.3	629.8	629.2	627.1	623.3	613.4	567.4	452.5	266.4	157.3	113.2	101.3	100.7	94	84.7	82.9	81.3	86.1	92.9	90.4	90	89.9	78.3	77.8	81.1	88.2	103.2	136.4	165	178.5	202.3	225	238.4	251.1	256.7	255.6	254.2	254	257.2	254.6	252.7	256.2	265	261.9	259.8	255.6	253.5	261.9	273.6	275.9	285.1	293.6	304.8	305.2	307.4	322	329.9	328.2	330.1	330.6	330	324.6	318.1	318.9	311.8	305.5	306.8	326.1	332.9	320.4	313.2	318.3	309.1	307.1	320.8	326.6	331.7	341.9	350.5	355	359.6	349.1	349.9	360.5	362.1	358.4	365.5	378.3	392.4	399.6	408.5	417.1	412.7	410.2	406.9	397.1	386.4	365.1	342.5	321.6	294.6	283.9	274.4	266.1	249.9	242.9	232.1	222.8	212.9	199.9	198.3	201.6	206.1	203.6	201.9	203.9	196	193.1	191.5	188.9	178.7	174.5	172.9	160.9	149.7	137.6	129.8	123.2	111.4	102.7	86.8	77.5	76.5	74	69.8	70.3	69.5	71.5	77.9	79.6	80.2	76.1	69	72.9	82.1	86.7	87.6	89	87.2	84.4	86.7	93	102.9	112.2	162.5	249.6	316.4	361.1	433	501.1	588.7	677.5	745.5	747.3	750.3	753.9	762.6	793.2	803.9	799.2	816	816	816	816
816	816	816	816	816	816	816	816	816	816	816	816	797.8	734.1	741.9	721.7	677.4	664	656.7	660.1	647.2	635.9	630.8	629.9	626.1	619.1	611.3	540.8	421	233.7	132.1	109.7	101	92	85.7	82	81.9	83.2	85.7	93.7	91.8	85.5	84.6	77.4	75.1	83.6	98.6	127.3	158.1	180.1	194.7	211.8	230.3	243.4	253.8	259.1	259.3	264.5	266.6	262.1	258.5	256.2	257.7	267.5	268.7	267	270.3	273	271	275.9	277.8	282.4	296.1	305.4	311.4	318.2	327.8	337.9	349.4	346.9	346	347.2	338.4	323	326.1	334.1	329.1	317.9	330.1	341.5	333.3	325.7	330.8	323.4	320.5	332	335.8	340.8	344.9	355.4	367.7	369.4	367.4	362.9	365.7	374.3	376.2	391.3	401.1	421.5	430.4	424.8	422.5	418.3	412.9	416.8	415.5	399.3	374.9	350.9	332.8	308.2	296.9	283.3	270.3	259.2	247.9	241.9	232.7	224.3	214.8	211.5	211.9	213.5	211.9	214.4	214.2	203.7	199.1	199.3	194.4	186.5	180.6	171.7	167.4	155.4	142.7	131.9	126.2	116.2	105.5	96.1	80.2	71.9	73.8	71	70.6	66.9	66.9	67.8	73.1	78.7	76.2	71.8	71.5	73.3	78.6	85.1	88.1	87.2	89.3	91	90.7	98	105.7	143.7	229.7	304.7	366.5	466.1	515.4	561	644.2	727.2	734.6	736.7	727.2	725.8	738.9	763.9	777.5	790.1	803.4	812.5	812.5
816	816	816	816	816	816	816	816	816	816	816	816	803.4	757.9	739.7	725	689.3	672.4	658	654.5	646.5	632.4	629	627.4	619.9	610.3	589.8	517.7	386.2	278.7	190.2	128.4	101.6	87.4	76.6	77.3	83.1	88.4	93.3	96.9	91.3	89	88.5	83.6	81.1	85.3	104.6	141.1	173.8	187.9	205.6	225.2	237.4	249	256.5	258	259.9	265.4	268.1	266.3	265.1	266.4	265.9	271.3	273.1	269.6	273	284	284.8	279.6	284.3	288.8	290.9	298.5	308.7	323.4	332.6	341.5	349.2	355.5	352.3	351.1	340.8	327.7	326.1	331.2	335.3	329.7	332.6	341.1	340.5	336.1	335.6	325.4	324.9	330.5	334.7	342.8	347.8	350.7	361.8	375.1	381	382	377.6	382.8	389.5	397.4	413.7	427.1	434	426.1	429.1	420.8	411.3	407.9	412.2	403.3	384.2	368.8	346.5	330.1	313.4	293.9	275.8	269.5	255.6	248.3	239.2	229.8	218.8	215.8	214.4	209.4	202.3	203.1	199	196.2	196.9	194.5	194.4	193.5	186	176.4	167.6	156.8	148.1	136.1	126.3	109.2	98.6	88.1	77.3	68.2	71.6	70.6	64.1	63.5	64.8	63.5	68.4	76.1	74.3	70.7	70.1	70.5	74	77.2	80	78.7	81.4	84.7	86.7	94.8	95.9	127.7	201.5	286.3	369.8	448.6	512.3	581.6	594.1	625.5	697.8	729.8	713.7	712	725.8	757.8	777.5	785.2	802	807.6	813.2
816	816	816	816	816	816	816	816	816	816	816	816	797.1	748.1	740.6	704.9	680.9	666.9	651.9	651.4	639.2	634	632.2	623.6	614	602.5	576.7	440.6	297.3	247.3	226.7	166.7	105.9	87.5	79	82.6	87	90.4	92.5	90.2	92.3	87.8	78.9	84.9	85.3	100.5	130.6	162.3	182	198	214.6	230.3	245	252.1	263.7	266.7	267.1	271.8	275.1	265.5	263.4	269.5	271.5	277	279.8	276.5	280.9	285.4	285	286.7	294.5	294.3	292.4	304.5	316.8	327.4	349.1	363.4	370.7	372	370.4	366.6	345.9	333.9	341.5	346.6	343.5	338.7	337.5	346.4	355.7	357.3	351	349.8	349.1	345.1	353	355.7	356.6	356.8	363.5	372.1	387.1	391.2	388.2	388.3	396.6	413.3	419.6	423.1	428.2	430	434.2	420.4	409.4	410.3	407.4	397	390	384.6	364.7	345.7	329	304.8	293.9	280	267	257.6	249.3	231.4	223	219.5	217.7	213.2	209.3	205.8	199.9	201.2	198.4	194.2	198.4	199.4	194	183.7	177.4	167.3	154.1	144.6	128.5	118.3	108.2	91.6	80.2	72.9	67.9	67.3	64.1	66.6	65.1	61.2	63.9	72.3	74.9	73	69.7	68.9	71.6	74.7	73.7	76.1	77.5	81.5	86.8	92.9	98.5	104.6	138	230.1	349.2	410.5	490.2	536.5	558.1	602.2	667.1	705.2	743.4	728.2	725.8	754.7	798.8	802.7	809.7	816	816
816	816	816	816	816	816	816	816	816	816	816	816	809.7	761.4	726.3	689	684.9	670.3	650.4	641.1	636.4	636.4	631.5	625.6	614.8	600.2	572.3	405.3	276.9	237.5	207.1	120.8	89.5	88.7	86	89.1	89.2	90.8	84.6	80.8	85.6	86.5	81.7	88.9	94.1	110.3	142.8	170.6	192.4	209.6	227.3	237.5	245.8	255	266.1	270.8	274.3	280.7	279.2	275.5	271	272.5	274.5	280.2	278.5	281.6	286.2	284.6	286.2	294.9	303.2	298.3	299.2	307.5	323.9	338.7	354.8	375	376.4	375.2	371.2	367	357.8	347.9	350.1	352.5	353.1	355.2	354.3	350.5	358	362.8	362.4	356.7	352.9	358.2	360.1	362.7	363.2	366.3	375.9	379.4	389.4	396.1	400.3	402.1	409.8	419.8	424.3	430	428.7	423.9	421.3	415.8	404.7	396.1	396	385.8	372.7	362.9	354.2	339.2	320.4	305.2	291.2	280.5	269.4	261.5	245.5	236.3	231.6	226.4	222.2	218	211.6	202.9	194.9	195.2	192.9	190.9	192.2	197.3	198.5	191.5	180.9	173.7	159.8	154.5	148.2	128.8	107.9	90.2	75.3	64.5	60.5	64.5	59.6	59.6	59.9	61.2	63.5	69.9	74.5	68.4	63	65	68.5	72.7	67.8	72.3	77.7	77.1	84.2	92.7	102.7	113.1	141.2	220.6	373.8	465.1	523.1	527.7	548.3	595.3	651.4	732.2	742.2	735.7	740.7	765.7	797.7	809	809.7	816	816
816	816	816	816	816	816	816	816	816	816	816	816	816	772.2	718.3	686.4	686.2	672.1	655.2	643.5	634.3	631.9	626.4	619.2	606.2	597.7	477.8	300.2	251.9	238.8	227.2	131.2	96.8	92.6	85.8	84.2	87	88.1	83.9	87.7	84.7	82.9	83.9	89.4	101.4	120.8	151.3	173.9	196.8	215.5	229.5	244.1	253.9	264.2	276.8	278.2	276.3	282.8	286	280.5	276.3	278.6	281.8	281.6	285.4	286.2	287.1	290.3	289.6	291.3	301.3	310.1	311.9	319.2	327.1	344.6	354.1	374.3	393	392.5	384.2	371.9	369.1	362.1	357.3	355.1	359.6	370.8	369.4	366.1	366	371.4	375.1	369.5	363.6	361.6	361.2	365.2	368.4	375.5	383.7	385.1	391.8	398.5	405.6	409.6	414.9	421.7	420	417.3	420.9	422.6	419.2	412.3	406.5	404.1	396.7	386.1	374.6	356	345.2	330.7	317.1	311.8	299.9	283.1	268.1	255.7	241.9	237.8	234.8	224.1	220.3	220.5	213.4	206.1	198.5	197.8	192.1	193.5	195.5	199.6	200.8	195.7	191.9	179.9	166	160.5	157.2	140.4	119.1	99.3	79.3	67.2	60.1	57.1	60.2	58.3	55	58	64	69.4	70	70.3	64.2	63	65.5	71.8	71.7	72.7	79.4	78.9	81.2	87.9	97.7	109.9	130.2	161.1	301.9	505.1	554.9	553.5	555.1	592.8	653.5	721.7	740.9	747.6	752.4	760.5	775.2	797.7	808.8	809	816
816	816	816	816	816	816	816	816	816	816	816	816	816	781	715	692.8	694.1	672.1	658.4	643.9	638.1	634.1	622.4	612.1	602.6	587.6	449.8	296.3	256.1	247.6	232.5	137.7	105.3	98.8	88.8	88.2	87.9	88.9	87.8	89.1	91	88.8	84.3	88.7	103.5	128.2	153.8	182.7	204	217.7	230.7	251.9	263.9	274.4	283.6	281.5	286.1	289	290.5	285.7	282.6	281.9	280.1	282.4	282.7	288.9	290.8	297.5	297.1	294.5	306.9	320.5	332	334.5	332.8	347.5	359.9	377.8	408.3	410.5	395.7	386.6	374.3	367.1	362.7	364	365.2	374.3	379.2	377.7	383	380.4	384.8	389.3	390.3	377.9	368	370.6	373.9	381.9	388.3	391.5	402.8	410.2	409.3	410.8	417.9	428.6	430	432.3	437.1	422.1	407.6	397.9	390.6	389.4	381.7	376.4	368.3	346.3	334.9	323.1	310.4	304.2	294.3	278.2	269.1	255.3	244.8	244.6	235.3	221.5	217.7	217.3	215.1	211	210	207.8	202.8	198.9	196.7	198.6	196.9	197.3	198.3	186.3	168.6	154.6	147.7	139.1	125.1	105.9	89.1	76.2	66.3	63.6	64.5	58.4	56.3	55.5	58	62.8	69	69.3	63.5	64	66.7	71.4	75.4	72.5	78.1	80.1	78.7	85.8	94.4	97.2	121.4	142.7	255.8	465.5	560.5	574.5	595	673.6	738.9	735.7	743.3	747.3	750	758.4	769.8	792.9	805.6	802.7	813.2
816	816	816	816	816	816	816	816	816	816	816	816	807.6	797.5	727.7	700.1	710.2	679.6	658.2	644.5	635	628.8	619.1	611	600.6	545.8	410.9	301.3	254.9	247.6	237.3	139.3	98.7	95	89.8	91.6	88	85.2	87.9	84.7	81.8	83.7	86.2	88.6	105	133.2	160.6	189.2	209	222.2	238.1	257	267	277.9	283.2	283.6	291.2	297.1	286.4	283.6	286	285.1	280.7	282.8	282.7	287.2	296.1	301.1	310	311.7	317.7	329.7	342.2	346.1	350.7	362.6	369.1	386.3	418.3	429.7	416.2	394	381.3	381	375.1	376.7	379.4	380.7	387.9	394.8	404.6	398.5	387	393.1	409.5	406.6	385.4	380.6	385.9	389.4	389.1	387.3	405.6	418.4	415.9	412.9	427.2	436.6	439.7	453.7	449.5	437.7	418	404	397.7	387.3	374.8	370.3	358.3	344.8	334.6	325.2	319.1	305.5	289.3	276	268.6	261.3	258	255.3	245.6	235	230.1	222.2	216	216.3	215.1	215.4	210.5	208.4	201.5	204.8	203.6	200.5	197.8	192.4	180.3	156.3	142.9	139.8	130	115.6	92.8	78.4	65.5	62.4	64.3	60.1	58.3	57.1	54.1	58.6	67.6	69	66.8	64.8	62.3	68.6	77.2	79.2	78.7	78.5	73.7	80.2	90.6	95.4	109.1	128.1	179.2	338	513.7	592.5	625.5	709.4	744.1	714.9	708.3	730.5	746.8	748	759	776.4	806.7	816	816
816	816	816	816	816	816	816	816	816	816	816	816	807.9	801.6	728.9	714.1	716.7	680.8	655.6	640.8	625.6	618.3	614.5	606.3	597	547	411	291.5	250.1	241.8	232.4	131.2	94.2	98.4	94.2	89.7	82.4	77.5	80.4	81.4	81.7	79.8	83.8	94.9	111.4	138.9	174.3	200.1	213.3	226.5	244.9	259.7	269.3	284	289.5	292.5	300	297.2	292.4	291.9	286.7	286.1	284.4	277	284.7	292.8	298.3	308.5	317.7	325.6	326.4	334.2	340	346.5	361.9	372.7	371.9	387.3	411.1	421.8	419.3	401.1	388.5	385.4	375.7	379	387.3	390	395.3	407.4	417.7	416.5	411.6	401.6	406.6	415.4	403.9	386.4	379.2	392.4	398.1	391.6	401.7	419.6	421.7	415.5	424	434	441.9	446.7	444.8	428.4	408.8	396.3	397.5	390.3	375.8	360.8	351.8	346.2	335.9	322.8	314.8	304.1	288.7	273.4	268.7	265.7	260.2	256.8	251.9	248.2	242.4	236.5	225.4	219.9	216.1	213.7	215.3	212.3	205.4	201.9	198.1	194	193.6	195.7	187.3	167.6	146.5	130	126.6	122.6	96.6	67.1	53.5	47.7	47.7	46.6	50.6	51.4	55.4	59.8	66.8	67.6	67	65.1	60	63.1	70.8	76.3	74.2	75.4	70.6	69	80.9	84.6	92	118.6	159.2	307.4	473.4	571.9	685.7	747.6	740.6	720.8	720.2	735.4	746.8	750.3	756.9	770.4	799.5	816	816
816	816	816	816	816	816	816	816	816	816	816	816	815.1	807.9	735.9	702.9	711.2	682.4	657	638.1	624.5	618.9	617.6	608.3	596.9	535.6	354.3	262.4	243.2	237.3	236.2	137.6	96.1	98.2	86.5	81	75.9	78.1	80.5	78.2	80.1	79.6	87.6	103.2	121.3	150.2	180.4	201	211.1	228.5	251.4	263.8	278.4	287.7	289.1	294.3	299.6	291.1	288	289.4	285.9	284	284.5	275.8	287.5	297	310.5	320.7	324.6	333.5	344.3	344.7	349.8	364.8	371.2	381.3	386.7	397.2	413.6	429.8	430.6	413.8	401.1	390.3	384.3	387.6	396.4	398.9	404.1	406.3	418.9	423.1	412.9	409.7	399.8	401.9	408.7	400.5	389.2	385.8	395.7	401.9	402	413.4	426.1	433	439.5	441.9	449.1	444.9	438	422.8	408.9	409.5	407.7	392.8	375.3	359.6	352	349	339.2	328.7	312.1	302.1	296.2	285.3	279.3	272.5	262.8	259.5	256.1	248.9	244.4	241.4	233.9	222.6	219.1	216.6	217.1	213.1	206.9	205.1	202.9	198.1	194.2	195.2	190.7	177.3	155.8	138.1	125.7	124.4	108.1	80.4	56.6	44.2	43.5	41	42.1	46.1	50.4	55.3	60.2	64.7	65.8	67.7	63.5	62.2	65.3	74.5	77.1	79.1	76.7	68.2	74.1	82.2	88.4	114.9	145.2	243	447.9	551.3	681.4	747.6	747.9	746.7	745.8	746.4	748.5	748.8	750.9	747.1	768	803.4	812.7
816	816	816	816	816	816	816	816	816	816	816	816	816	804.1	721.9	708.5	703.3	674.6	646.2	629.7	631.3	632.2	625.9	612.6	600.9	506.1	328.5	259.1	247.2	244.9	241.8	236.1	189.4	116.5	89.7	85	79.4	80.2	85	76.9	82.5	84.5	94.3	99	119.9	149	172.1	196.6	211.7	232.7	253.3	266.8	283.3	293.6	295.3	301	299.7	300.2	299.2	292.1	286.5	288.2	288	279.9	291.2	303.4	316.9	328.6	329.5	337.6	345.2	346.4	354.3	367	374.8	381.4	386.2	404.1	419.7	428.8	427.4	420.3	413.5	402.1	394.8	392	388.8	398.9	410.9	413.2	414.6	423.8	425.3	415.5	402.2	404.6	409.9	406.2	397.6	389.4	392.5	401.2	401.6	409	419.1	431.2	436.5	446.2	453.6	443	435.5	428.4	425.3	415.3	409	394.3	372.9	357.4	356.6	349.6	340.2	329	315.5	302.9	299.1	294	288.1	282	270.5	264.3	262.9	257.1	251.8	248.3	243.5	231.1	228	224.8	216.1	210.3	212.6	210.2	207.1	201.6	195.8	192.2	188.2	179	164.4	149.7	131.2	111.9	102.1	92.6	71.9	52.9	46.1	39.8	41.4	45.4	42.7	44.5	51.9	63.2	67.2	66.3	60	57.8	62.9	69.7	75.8	75.9	75.9	76.9	80.8	84	85.2	98.7	136.2	222.1	410.1	549	660.1	735.7	748.5	747.3	745.8	746.4	747.9	749.4	750	742.1	759.8	798.3	808.8
816	816	816	816	816	816	816	816	816	816	816	816	815.1	802.5	770	718.3	702.7	684.7	661.7	645.9	637.4	634	620	605.2	571.7	421.2	295.9	252.9	249.6	243.2	237.6	227.1	189.8	129.8	92.2	80.2	75.9	81.6	74.1	77	82.4	82.1	87.2	98.3	115.3	146.3	171.2	192.8	214.2	234.2	255.8	280.4	290.9	289.7	288.8	290.1	293.5	294.9	294.7	294.8	293.1	300.9	304.8	303.5	300.8	311.8	325.8	330	337.2	342.7	352	361.3	370.3	383.7	390.7	394.1	403.1	411.8	423.1	427.8	423.6	421.8	428.1	430.1	426.5	412	410.3	414.4	429.2	432.2	431.4	428.8	434.2	439.2	417.6	408.7	409.1	412.2	416.3	417.1	404.7	406.7	419.6	421.2	417.8	426.4	440.6	452.9	450.7	441.7	438.1	434.2	431.4	426.4	418.3	406.9	384.2	372.7	360.9	350.8	340.2	330	324.9	313.6	305.9	297.4	289.6	286.3	282.2	274.2	268.5	261.1	251.8	247.8	249	241.6	233.5	225.9	219.9	216.1	214.5	213.5	208	201.8	199.8	195.8	183.4	175.7	160.4	155.7	148.7	122.3	99	89.4	81.3	65.5	49	47.7	41.4	38.9	43.5	44.2	45.1	54.3	65.3	67.5	65.1	62.4	60.9	65.9	66.3	74.1	75.4	74.7	87.6	88.4	82.2	93.5	118.7	189.6	367.2	498.2	655.4	728.2	729.8	745.3	745.5	744.3	746.7	747.6	747.6	750.6	756.3	773.7	797.1
816	816	816	816	816	816	816	816	816	816	816	816	813.3	801.6	757.4	740.8	712.5	664.1	644.5	642.9	636.5	625	608.2	595.5	534.9	373.8	268.8	241	239.3	238.4	233.7	233.2	234.3	180.6	108.8	87.1	80.8	82.2	74.5	78	83.9	87.1	89.1	104.2	132.4	159.6	185.2	206.2	222.6	243.5	266.9	286.2	291.2	288.1	290.1	294.8	297.9	296.7	300.4	296.6	295.3	305.4	305.8	304.2	312.1	323.1	334.4	332.5	334.6	342.8	353.7	360.9	372.2	383.1	386.1	396.3	407.1	417.9	429.2	429.8	431.7	428.2	429.6	430.2	439.3	433.8	419.1	419.5	425.4	433	440.3	435.2	435.1	436.3	431.5	420.3	408.4	405.8	410.1	414.1	411.6	416.3	426.4	433.6	422.2	417.1	428	440.3	440.9	435.9	431.9	428.2	426.4	424	419.3	411.8	383.2	374.6	371.6	356.3	346.4	337	330.2	318.7	313.5	304.9	293.9	284.6	283.5	277.6	270.7	269.9	262.8	255.1	254.6	248.3	240.1	232.3	229.7	227.1	219.8	217.6	209.1	199.4	196.9	194.4	184	176.9	163.5	153.9	145.2	127.9	107	90.1	80.6	68.9	56.7	54.3	45.6	41	42.8	43.4	41.1	45.7	57.4	65.7	65.7	62.6	59.5	61.6	69.6	74	79.6	76.7	83.2	91.2	85	88.8	107.3	172.2	347.9	496.7	651.5	730.6	738.9	747.3	745.8	737.6	746.7	747.3	747.3	749.7	754.2	768.3	793.8
816	816	816	816	816	816	816	816	816	816	816	816	814.2	804.3	781.6	758.3	730.5	670.3	643.5	641	632	617.5	607.8	555	387.4	278	241.5	230.3	230.2	232.1	237.7	239.1	236.2	187.7	111.5	89.5	94.5	85.7	76.6	76	76.9	82.5	93.9	109	136.8	159.7	189.6	207.2	221.6	244.1	276	293.7	291.3	285.3	286.4	296.9	302.6	305.2	311.7	302.1	302.7	317.2	316.5	307.8	315.6	326.4	336.3	336.4	345.3	349.9	353.3	361.4	376.3	385.1	398.3	415.2	428.2	441	446.9	455.2	456.8	452.5	455.9	452.7	450.1	444.4	433.1	423.4	420	425.7	434	435.6	434.9	436	441.3	433.2	424.2	417.1	410.6	411	416.8	420	422.2	424	425.3	414.2	415.3	423.3	428.9	430.3	427.3	421.7	421.9	424.6	417.4	407.4	397.9	384.1	373.9	368.4	356.4	347.4	339.5	330.8	324.7	317.4	304.1	296.9	295.7	291.8	280.9	273.7	267.6	261.8	260.8	251.5	247.4	244.2	234.5	230.2	223.6	212.2	213.6	202.1	195.3	191.4	187.8	179.7	170.4	155.7	146.8	134.8	113.4	93.9	82.3	70.3	64	58.4	51.7	43.7	40.4	40.5	40.4	37	47	59.4	64.3	63.4	59.4	59.8	66	71.8	77.6	81.2	83.5	91.3	87.9	89.7	113.5	163.2	295.7	476	619.1	744.7	747.3	745.3	743.3	732.8	734.1	746.4	747.9	748.2	749.7	743.6	757.2
816	816	816	816	816	816	816	816	816	816	816	816	806.1	797.1	791.4	786.1	724.9	654.3	641.5	632.6	621.7	611.4	604	527.8	348.7	268.1	246.7	237.2	237	237.2	237.1	235.5	231	153.6	112.3	100.6	101.4	93	77.6	76.2	78.3	82.7	89	98.5	125	153.8	181.2	198.3	222.9	249.2	277	291.1	292.2	289.2	294	296.3	300.8	306.3	313.7	306.6	312.4	322.2	320.7	321.7	328.3	331.8	336.5	341.7	346.8	350.3	350.9	364.3	387	402	413.4	426.1	437.1	440.8	450.7	454	458.1	453.5	454.4	462.3	456.6	444.6	442.8	433.8	419.9	426.5	426.8	429.7	441.8	440.5	429.1	427.2	439.4	431.3	421.8	415.8	408.6	421	420.4	413.9	423.9	422.1	414	414.3	421.7	431.5	429.4	423	421.4	420.4	410	407.2	399.2	386.3	386.9	383.7	365.3	353	345.6	336.8	323.2	323	315.5	307	305	301.6	292.5	280.4	272.9	270.1	267.9	257.7	249	249.1	244.5	233.1	225.1	216	215.4	208.3	200.1	191.8	185.8	176.2	165.6	154.2	145.7	135.8	116.2	101.4	86.9	67.1	59.6	64.4	61.4	57.3	52.5	46.9	45.2	40.5	44.6	50	58.4	62	62.5	65.2	64.7	64.7	75.2	83.9	86.5	91.9	96.2	88.5	119.5	177.9	270.6	451.5	612.7	732.7	742.5	746.7	745.3	737.7	731.2	744.6	748.5	748.8	750.6	740.8	754.5
816	816	816	816	816	816	816	816	816	816	816	811.8	801.9	794.1	790.2	786	721.9	656.4	643.9	634.3	621.1	607.1	599.6	516.2	354	263.2	241.6	237.4	236	237.1	234.1	226.9	222.2	158.4	110.7	103	97.5	87.7	76.1	75	76.4	73.8	79.2	95.1	125.1	153.8	175.6	198.7	227.2	255.3	281.2	290.3	288.8	290.4	295.8	300.2	310.3	314	315.7	312.1	325.2	337	328.2	325.6	335	337.4	339.9	346	351.1	356.2	364.1	382.2	404	421.1	428.9	440.6	450.5	454	459.2	461.3	456.3	457.9	459	460.2	461.5	456.1	448.4	443.9	426.7	426.3	435.8	439.6	437.9	437.6	433.5	434.2	440.7	441.9	439.1	430.2	415.3	417.4	425.9	423.3	418.8	416.3	421	419.1	419.6	428.1	434.3	436.2	433.8	424.1	415.5	408.9	398.7	391.6	393.8	389.6	374.4	356.4	345.2	337	326.5	325.2	320.7	314.2	317.1	306.3	294.4	287.6	279.8	272.3	274.6	264.6	260.2	253.9	248.3	236.2	229.3	222.7	215.4	207.9	204.8	196.1	184	174.6	169.5	159.9	147.3	135.4	115.3	102.7	87.6	69.7	60.5	61	63.3	61.4	58.1	53.1	45.6	43.7	46.6	51.9	55.9	58.1	59.5	62.3	62.7	60.6	67.8	80.4	89.8	92.9	98	97.7	145.1	201.9	264.1	389.1	591	716.5	748.5	747.6	747.9	745.8	747.6	746.7	746.4	748.5	750.6	753	758.8
816	816	816	816	816	816	816	816	816	816	816	810.6	801.9	792.9	789	737.7	666.1	650.5	644.4	630.1	623.8	616.3	607.2	496.6	340.3	254.7	234.6	225.7	223.2	229.2	227.6	226.7	234.1	174.5	133.3	116.5	106.7	89.3	81.3	74.3	68.1	71.1	82.6	98.3	125.2	152.2	178.4	207.6	234.7	265.9	288.7	293.5	290.8	290.8	300.5	306.8	310.9	319.3	315.8	319.4	333.6	336.4	334.7	336.4	338.4	347.9	348.3	355.7	362.7	367.7	384	398.6	416.9	436.1	448	460	468.2	468.9	472.5	468.4	470	469.4	455.5	456.7	462	459.5	451	447.8	436.4	427	433.1	445.9	444.8	441.7	439	440.8	441.7	442.3	447.9	447.9	442.5	444.3	437.7	431.3	420.4	407.1	411.5	420.3	422.2	421.4	429.7	447	444.6	436	429.2	421.4	415.5	407.4	403	400.1	394.3	378.3	366.9	355.4	340.8	332.4	327.8	321.6	322.5	312.1	302.9	291.6	285	276.7	275.3	272.4	270.2	259.4	247.9	238.4	232.1	228.6	219.4	210.4	203.1	198.3	183.1	171.3	167.6	160.4	146.2	134.6	113.1	98.1	84.5	73.2	61.7	57.7	55	56.9	63.4	64	62.4	58.5	51.7	55.9	56.6	53.6	54.1	59.3	64.5	68.1	64.1	73.3	90.8	96.4	97.6	106	161.5	206.2	276.6	412.1	633.9	735.4	745.9	747.9	747.6	745.5	746.7	745.3	746.1	748.2	749.7	747.6	742.8
816	816	816	816	816	816	816	816	816	816	810.3	806.7	799.2	791.1	787.2	739	664.2	650.6	643.5	626	620	615.5	565.9	349.1	258.6	242.2	231.1	227.8	226.9	226.2	226.3	230.7	232.2	186.6	144.5	115.7	107.2	89.1	82.4	76.1	70	73.2	84.9	101.9	125.5	150.7	180.9	214.1	244.6	277.3	289.4	290.5	291	295.4	302.3	307.7	317.7	326.6	325.4	327.6	339.1	337.5	332.7	340.7	348	353.7	358.7	360	368	382.8	399.4	415.3	435.1	455.4	463.6	475.2	489.9	490.6	481.5	471.2	468.3	473.8	468.1	468.7	467.5	466.1	457.7	448.6	444.7	432.7	425.8	441.9	453.3	451.1	450.2	455.1	457.1	450.8	457.7	463.1	461.9	461.2	452	442.7	433.9	422.6	425.7	430.5	432.3	439.4	437.7	441.7	441.7	438.2	438.7	432.7	428.8	418.3	408.8	403.1	400.9	394	381.8	365.4	352.8	347.5	334.5	327.7	323.5	314.6	309.8	299.2	291	284.1	281.9	279	277.3	269.4	258.2	245.7	238.7	235.4	225.2	211.7	204	197.5	183.7	173.3	167.3	165	151.1	140.3	119.8	96.6	82.7	73.1	67.9	60.4	53.6	57.4	59.1	62	64	63.4	56.5	55.8	56.8	53.5	55.4	57.3	64	69.7	68	69	82.1	95.5	96.6	98	125	182.1	275.9	411.9	629.8	743.9	745.2	743	743.2	741.9	732.1	715.3	711	726.3	741.5	728.2	712.8
816	816	816	816	816	816	816	816	816	816	809.1	805.5	797.4	790.2	786	722.2	659	657	640.1	626.2	616	605.2	540.8	325.4	248.7	241.2	233.9	229.8	232.1	235.3	240.4	240.2	222.5	141.3	106.3	93.8	91.8	88.8	82.4	78.4	79.9	79.9	85.6	95.1	119.6	148.3	184.6	222.3	264	288	294.7	293.9	296.5	300.1	305.1	319.4	323.6	330.6	331	333.7	341.5	338.3	336.8	347.7	357.5	361	364.8	366.9	377.9	395.9	412.3	428.5	452.4	469.4	480.8	492.4	506	511	500.8	493.7	480.1	484.6	481.9	475.8	481.4	479.3	465.5	456.8	453.1	442.8	431.7	427.6	439.8	442.7	444.3	451.8	457.5	457.5	458.5	466.8	476.9	476.1	469.5	465.4	461.2	467.9	469.3	461.6	460.8	464.9	458.6	457	453.6	451.3	444.1	442.5	440.5	428.7	420.4	407.7	395.1	396.3	393.5	381.4	367.8	358.5	344.8	336	331.5	323.8	318.8	308	295.9	287.2	284.2	282	281.1	272.9	262.8	254.2	246.7	242.5	229.7	216.2	208.9	199.5	188.3	175.2	165	164	160.5	147.8	127.1	101.2	80.6	66.5	54.7	55.5	55	61.2	58.4	58	57	60.9	64.5	63.1	62.9	59.3	58.6	61.6	65.9	69.4	75.7	75.2	78.3	86.5	85.5	90.2	117.7	184.8	285.4	455.6	663.2	717	737.3	748.5	747.3	746.4	742	726.3	715.9	728.5	740.8	732.1	726.7
816	816	816	816	816	816	816	816	816	813	804	795.9	790.8	786.3	780	728.9	659.9	659.2	641.5	626.6	611.7	602	461.3	274.2	246.8	231.6	229.9	231.7	236.1	239	240.6	243.8	228.1	138.4	96.7	89.1	94.7	86.3	78.6	83.4	84.5	81.7	88.1	96.4	118.6	148.4	187.2	228.6	266.8	288.3	292.7	298.5	302.8	304.6	314.9	329.7	334.2	335	339.3	347.3	343.5	341.5	336.1	343	356.6	363.5	367.7	371	390.1	414.3	428	438.7	461.9	482.1	496	505.8	513.9	516.3	498.7	487.5	486.3	489.2	491.9	486.1	490.4	493.9	483.6	468	458	451	443	438.2	437.6	444.5	449	454	458.2	460.7	453.9	455.9	462.5	463	469.7	476.4	473.5	471.7	470.8	471	475.4	472.6	464.8	458	461.2	454.2	444.8	437.9	435	431.3	426.3	417.4	393.9	390.8	386.4	380.5	367.6	353.2	343.1	338	328.3	323.5	318.8	313.7	306	296.1	286.1	281.6	276.3	277.8	269.8	261.7	258	248.4	234.4	219.1	209.6	200.1	187.2	177.1	167.1	167.1	165.2	152.3	127	102.8	85	67.6	53.5	49.1	52.8	53.5	55.8	57.2	55.8	57.8	58.2	63.2	64.2	55.1	53.8	57.6	63.7	66.3	70	71.5	76.2	80.4	86	85.8	102.3	150.9	278.2	481.8	678.1	711.9	740.9	748.2	746.4	745.5	744.3	743.1	738	731.4	732.4	742.3	750.1
816	816	816	816	816	816	816	816	816	812.7	803.4	793.8	788.7	783.9	768.4	680.7	658.3	656.1	636.7	621.2	606.2	591.2	413.4	270.9	249.4	240.1	241.7	245.4	248.8	247.6	240.2	234.7	223.8	139.8	92.3	88.5	85.7	79	85.9	99.1	92.5	78.7	79	97.6	126.3	157	206.1	249.2	285	292.3	297	305.1	306.9	306.5	320.6	332.9	333.4	338.9	342.8	343.1	342.7	343.2	340.1	349.6	363.9	366.7	375.6	387.8	404.4	426.3	436.6	445.5	466.3	497.5	507.9	526.4	537.7	530.8	524.4	513.3	507.3	509.8	513.6	509.6	508.4	514.8	505.9	492.3	484.6	479.4	469.9	461.4	454.6	458.9	458.9	464.3	475.6	469.1	461.8	466.7	472.9	479.3	482.8	490.6	487	488.4	495.9	488.9	490.1	492.2	494.3	488.7	491.9	497.2	490	473.1	453.7	435.6	425.4	418	394.1	391.1	393.8	382	365.9	353.8	343.7	334.7	325.1	323.1	317	310.4	309	303.3	296.5	289.5	280.8	279.9	272.3	266.4	264.1	257.1	239.1	224.6	212	201.6	190.5	181.3	173.6	173	166.3	152.4	129.8	102.1	83.5	66.3	59	46.6	43.8	41.3	43.1	49.4	51.7	53.1	55	59.2	63.7	55	49.2	54.6	63	71.9	75.1	72.9	75.6	78.8	83.9	86.1	99.5	141	274	478.1	630.5	722.7	743.7	742.2	744.8	743.3	741	737.5	736.9	729.7	734.9	748.2	750.9
816	816	816	816	816	816	816	816	816	812.1	801.3	792.6	786.6	780	760	678.2	653.4	651.2	633	616.5	607.5	555.4	369.5	276.8	248.8	247.6	251.1	246.7	244.8	241.8	234.7	225.4	221.7	137	90.1	88.2	88.2	84.8	89.4	98.2	89.9	75.8	79.7	99.2	127.6	163.1	209.5	253.6	285.2	291.9	296.9	307.5	302.1	304.7	327	333.9	335	340.4	343.9	345.1	347.8	348.3	347.1	358.7	371.7	379.4	392.7	416.9	432.6	447.5	456.3	465.4	483.7	508.6	522.3	543	552.5	533.8	527.6	532.4	532.1	529.1	530.2	528.5	523.2	515.4	509.7	505.8	504.3	495.7	482	478.8	475.8	462.8	463.7	466.7	473.7	480.4	473.5	475.1	483.5	496.1	497	502.7	502.3	500.9	497.8	496.2	498.7	491.5	489.5	492	490.4	496.2	492.2	481	461.7	440	436.2	423.7	402.8	395.5	396.9	391.4	374.6	362.6	350.9	338.4	331	325.2	318.3	314.2	309.7	308	304.3	293.7	283.8	276.4	271.7	266.4	267.1	264.2	249.6	232.3	220.2	206.2	197.7	182.2	176	175.1	163.4	150.4	128.8	100.7	82.4	68	61.2	48.9	41.2	37.8	37.5	44.1	48.3	51	57.9	57.3	63.3	61.4	48.5	50.1	60.3	71.7	74.6	72.5	76.7	76.5	79.4	85.4	98.5	136.4	251.7	437.9	595.7	692.3	731.2	731.9	728.6	736.3	747.3	745.5	738.7	739.5	739.4	748.8	750.6
816	816	816	816	816	816	816	816	816	810.9	801.3	793.5	786.6	780.6	723.7	656.4	645.8	628.9	621	614.7	608	542.9	366.7	282.5	256.5	246.4	237.5	227.4	225.3	225	225.6	225.6	221.1	143.6	89.9	103.9	112.9	101.9	93.3	82.8	78.1	80	89.5	103.9	141.2	185.9	230	274	292.3	291.2	299.4	314.3	314.3	316	330.1	337	342	342.7	345.4	352.2	355	352.7	358.1	370.2	382.1	389.9	406.8	425.4	440.5	453.8	474.1	485.6	504.3	521.7	532.5	549.6	550.5	530.9	523.2	533.3	544.9	549.1	554.4	549.3	532.9	522.3	513.9	519	514	501.4	490.9	489.8	485.4	480.6	478.7	471.2	473.2	485	486	485.4	492.7	495.7	503.8	511.5	512.5	507.5	499.1	491.2	500.7	503.1	492.6	491.4	494.9	501.6	491.9	482.2	465.3	447	437.7	425.7	404	400.7	401.5	387.8	381.5	376	360.3	345.6	332.3	327.2	324.9	318.9	315.7	312.4	309.5	300.5	292.8	281.6	270.9	266.9	269.8	269.1	252.6	235.3	222.1	209.2	198.8	185.1	177.2	178.3	173.3	160.6	136.5	109.1	87.9	73.2	61.5	53.5	43.7	40.7	37.5	40.9	47.9	49.2	53	56	61.3	58.3	51.9	48.6	51.9	63	70.8	73.6	77.4	78.8	75.1	84.2	94.2	147.1	254	411.5	581	683.7	704.6	730.1	730.5	741.7	747.6	746.1	746.7	746.1	739.8	748.5	750.6
816	816	816	816	816	816	816	816	816	806.1	799.2	792.9	785.4	781.2	731.2	657.9	639.6	626.4	622.9	614.6	613.2	489.2	337.8	277.5	254.2	240.3	232.7	225.3	222.4	227.7	225.8	226.2	221.9	154.5	95.6	108.5	117.5	104.4	89.1	76.7	76.1	83.8	90	106.8	145.7	196.9	237.7	276.4	295.5	292.8	300	314.4	327	335.4	338.2	343.1	346.4	346.4	350.3	354.3	359	362.2	368.4	378.1	393.6	415.4	435.7	447.9	453.6	461.2	475	490.2	508.1	522.9	536.7	554.4	543.5	531.4	529.5	538.3	556.7	562.4	567.2	556.6	537.2	530.3	525.7	523.8	521.9	515.6	507.5	499	487.1	481.5	485.9	477.7	478.1	487.5	485.6	485	496.5	501.8	502.1	511.6	512.4	508.9	503.8	495.7	491.9	496.1	498.2	500.1	502.8	507.2	497.3	485.4	469.1	446.2	444.9	432.8	407.9	402.2	402	393	386.6	383.8	369.7	355.3	340.7	335.2	329.3	318	318.3	314.2	307.7	301.6	293.9	283.9	277.7	268.4	267.8	263.9	254.8	241.1	226.6	214.7	202.1	191.9	180.2	179.4	176.5	161.7	142.2	113.4	88.8	73	60.3	53.6	43.7	37.4	35.5	38.9	46	50.8	52.5	51.5	56.3	59.2	53.1	49.2	49.7	57.1	64.4	72	71.4	78.2	74.2	77.6	91	126.2	221.9	338.8	525.1	662.2	697.6	719.4	737.8	750.3	748.2	746.4	746.4	746.4	745.5	747.9	748.5
816	816	816	816	816	816	816	816	816	806.4	799.8	794.1	787.5	776.7	698	651.4	636.6	640.7	638.9	624.6	616.3	493.2	352.7	280.4	243.7	229.1	229	228.7	227.6	231.1	231	227.6	223.2	173.4	114.5	117.2	112.9	92	80.4	83.4	86.5	82.7	86.9	108	154	210.4	254.5	282.9	298.1	300.6	305.8	319.2	330.3	337.7	345.2	348.3	349.3	351.8	354.5	359.3	366.2	369.6	379.3	387.5	404.5	418.7	434.1	447.1	454.6	464.1	487.8	495.2	505	517	525.9	540.3	541.5	537.8	530.8	536.7	551	554.4	558.4	554.1	538.8	533.9	531.6	529.8	522.2	520.9	526.7	515.4	499.5	490.9	484.6	487.8	487.7	499.4	501	504.2	512.3	508.8	503.6	514	521.8	530.7	525.7	511.3	508.7	504.6	506.9	513.7	510.3	502.5	498.9	492.7	476.9	451.5	438.7	434.5	418	408.1	404.3	402.9	399.7	391.7	380.8	362.6	346.8	337.6	334.6	324	319.2	318.6	306.5	298.2	294.4	288.4	281.4	268.3	268.5	267.1	255.1	244.7	232.2	217.1	203.3	192.9	183.9	180	179.5	167	149.5	125.9	98.2	80.3	61.9	50.4	46	36.4	35.9	40.1	43.8	50.1	53.2	53.1	51.4	54.8	53.3	49.8	49.8	56.8	67.2	78.5	74.5	76.5	77.3	78.1	92.6	116.2	224	358.5	524.2	630.4	678.5	731.5	735.7	746.6	748.8	747.9	746.7	747.3	747.3	747.3	748.5
816	816	816	816	816	816	816	814.5	807	800.4	794.1	788.7	785.1	765.8	693.6	655	642.2	643.8	633.7	618	608.2	487.7	381.6	300.4	252.5	238.1	231.6	226.6	226.8	229	230	225.4	218.7	189	120.9	127.6	113.8	95.8	87.8	86.4	90.5	85.1	89.7	112.6	158.6	217.3	259.5	288.5	304.1	304.8	309.9	327.9	337.8	347.3	348.8	353	356.4	361.5	364.5	369.3	373.4	381	388	398.8	423.7	440.8	452.3	458.6	463.7	467.8	481.1	501	521.6	527.1	527.8	530.4	527.1	523.4	535.7	538.2	539.2	540.7	542.1	544.2	538.6	532.3	534.3	524.7	517.6	517.8	516.4	513.8	504.1	497.8	494.2	490.6	491.4	498	501.7	512	516.7	512.4	505.6	512.8	526.3	533.8	526.8	514.1	504.8	505	511.1	508.5	512.6	519.9	505.9	496	486.8	460.3	456.6	442.6	419.6	412.2	410.4	406.1	397.6	391.8	384.6	370	356.7	346.5	338.3	323	313.9	311.6	305.8	298.9	297.7	290.6	279.2	271	269.5	268.1	258	251.5	236.7	219.4	212.5	199	186.4	183.7	179.4	171.5	155.3	134.3	107.2	80.5	63.7	50.4	45.6	40.1	35.5	38.5	44.6	51.8	51.9	54.9	54.2	49.6	54.9	50.7	52.5	57.7	66.7	78.9	76.7	72.8	79.7	79.2	100.4	142	237.1	413.2	578.5	656.3	700.2	748.5	745.2	738.8	740.3	746.2	736.9	731.8	729.3	725.7	738.7
816	816	816	816	816	816	816	813.9	806.4	799.5	793.5	787.2	755.1	694.9	663.5	648.3	646.6	636.2	612.4	603.7	584.4	471.2	415.7	330.4	260.5	240.6	227.5	227.4	225.1	222.1	224.1	225.4	226.5	196.1	125.4	124.5	120.2	105.1	95.7	97.6	88.1	85.6	91.9	111.9	161.8	224.5	263.8	282.5	296.5	307.4	317.9	334.5	345.1	353.7	360.7	359.3	364.5	370.1	377.1	382.9	384.5	387.3	392.3	407.8	426.5	442.6	452.6	462.1	465.9	474.4	484.4	501.8	514.2	518.4	523.1	520.6	515	506	510.7	506.8	512.7	513.9	517.6	519.4	522.1	525	527.9	521.7	527.4	532.8	523.5	525.6	514	503.3	507.8	503.4	496.2	497.6	505.3	511.6	513.1	517.9	519.8	516.8	529.1	533.8	525.6	514.9	499.7	497.9	500.8	497.8	495.5	500.5	495.4	484.2	472.8	463.4	465.9	449.2	428.8	424.5	414.3	409.8	412.4	408.9	402	391.5	372.9	358.1	345.7	329.6	311.3	311.8	313.4	309.7	304.1	297.9	289.1	277.4	272.1	270.7	267.1	256.8	240.2	227.1	213	200.3	190.3	186.3	187.5	183.4	170	149	126.7	92.5	71.4	56	47.7	41.3	34.5	35	43.2	51.8	55.1	56	58.8	54.5	52.7	50.8	52.2	57.4	72.8	88.7	86.6	78.3	78.7	82.4	92.8	142.6	278.9	470.9	628	729.2	750.9	750.9	749.7	747.9	746.7	747.3	742.5	740.2	739.4	725.7	728.9
816	816	816	816	816	816	816	813	804.6	798.3	790.8	783.9	747.6	699.7	661.1	641.7	641	631	609.4	600.5	574.7	458.9	333.9	271.2	242.8	229.4	224.4	226.1	225.8	226.2	224	227.4	231.1	184.3	123.7	123.2	121.6	105.4	96.4	95.5	87.8	86.6	91.3	118.2	169	238.6	281.4	297.8	312.3	319.7	325.5	340.5	351	357.8	364.1	372.1	376.6	378.8	379.6	383.3	385.8	381.2	382	398.7	422.8	444.2	456.8	460.6	459.3	466.7	479.8	490.7	502.6	498.9	497.9	487.2	483.1	488.1	493.3	495.8	505.9	510.4	510.4	510.2	509.4	522.2	525.6	515.5	515.8	520.9	518.2	515.8	513.6	500.6	496.8	488.7	484.7	493	498.7	497.6	502.4	511.7	510.5	508.2	511.1	504.8	494.5	488.4	485.1	481.3	476	476.2	482.8	488	475.5	462.5	450.3	445.8	449.7	434.7	419.9	412	395.8	390.1	393.2	390.4	384.4	378.7	366.9	349.8	335.2	317.5	305.3	306.4	309.8	305.3	296.6	294.6	292.7	283.5	271.9	269.2	266.8	258.7	247.4	232.1	220.4	206.5	192.2	189.3	190	183.4	164.1	147.1	130.4	98.4	69	55.9	47.1	42.5	39	33.5	40.6	51.4	57	55.9	59.9	58.6	55.3	48.6	48.3	57.7	71.1	89.8	94.8	86.1	80.8	89.2	116.7	172.5	337.2	525.2	608.3	709	750.3	750	750.3	750	750.3	748.2	746.4	747.3	746.4	745.8	748.2
816	816	816	816	816	816	816	812.4	803.7	796.2	788.4	782.4	765.3	706.2	638.7	636.4	636.6	615.1	598.2	595.3	568.1	447.7	312.3	255.3	238.8	228.6	225.8	220.6	222.9	227.6	229.5	232.1	238.1	217	191.4	157.1	131.3	121.8	99.4	85.2	86	83.6	85.9	117.2	181.1	253.8	290.2	308.3	321.6	330	337	345.9	354	364	371.4	379.3	385.7	385.6	387.3	382.7	378.4	376.3	378.5	390.5	414	426.2	447.2	457.7	462.6	471.1	486	494	494	482.9	472.9	465.7	464.6	465.6	474	477.2	487.9	493.2	492.9	501.2	498.7	505.9	506.7	505.6	505.3	507.1	511.3	509.3	513.8	513.6	503.4	499.7	494.7	492.8	492.6	494.2	502.5	500.2	486.9	492	499.8	491.1	478	474.2	473.2	464.4	462.7	460.1	458.2	463.8	460	448.7	435.5	434.3	438.4	427.6	413	399.8	390.2	378.4	385.7	388.6	391.6	385.6	369.8	360.2	342.5	324.6	311.6	307.7	310.2	308.4	302	294.6	290.4	287.3	279.8	274.9	266.7	264.9	254.8	237.4	221.2	207.2	193.1	190.7	191.8	184.4	167.1	154.7	138.1	109.2	70.9	57.1	52.7	47	43.6	38.4	39	48.1	52.3	58.2	61.2	62.8	59.9	53.2	56.4	69.3	79.2	95.5	115.4	119.8	96.3	89.2	115.8	168.9	358.7	547.6	626.5	714.3	748.2	750.6	751.8	750.9	750.3	748.2	746.4	746.4	746.7	745.8	747.9
816	816	816	816	816	816	815.1	809.7	803.4	793.2	783.9	777.6	775.2	720.7	634.6	637.6	639.2	612.8	596	594.8	568	445.5	348.4	258.5	240.7	231.4	226.1	221.8	225.4	225.9	228.3	232.8	236.6	227.3	218.5	177.9	131.8	119.5	100	86.2	84	79.2	85.3	122	194.1	262.2	301.6	320.9	328.4	336.5	342.6	353.6	359.8	366.5	373.4	381	388.1	385.8	376.6	365.9	368.5	378.1	376.4	379.7	388.4	402.9	423.4	425.1	432.3	441	447.7	449.3	443.3	437.2	422.2	420.2	424.1	423.3	432.1	431.5	439.1	452	454.3	463.7	476.4	477.9	472.4	474.9	483.5	490.1	490.2	492.6	495.4	498.9	494.9	494.1	487.6	478.8	482.9	485.5	488.5	479.8	471.4	479.6	480.7	479.9	475.4	467.7	467.5	460.4	444.8	434.8	431.1	434.1	417.8	397.4	392.3	386.5	394.3	389.1	372	361.3	357.8	355.7	361.6	369.5	373.6	365.2	342.2	332	324.4	304.3	290.1	283.8	288.4	291.9	289.1	284.5	285.9	284.8	273.2	270.6	269.5	267.6	261.4	245.8	229.4	214.2	199.2	190.6	195.4	191	175	161.1	144.7	117.5	79.8	58.6	52.1	46.8	43.1	41	37.6	42.5	48.7	55.2	59.5	62.8	63.2	58.6	59.4	69.2	74.4	82.3	106.4	124.7	110	91.8	119.2	196.8	335.8	533.5	630.7	671.3	731.2	749.7	751.8	752.4	751.8	741.2	741.6	747.3	747.6	746.4	746.1
816	816	816	816	816	816	813	807.6	801.9	792	782.7	777.6	770.4	671.1	654.6	676.4	638.2	605.3	597.5	597.1	576.9	453.6	351.1	266.2	244.4	232.5	227.7	227.5	231	228.8	236.2	237.8	230.6	232.3	210.1	148.7	109.8	103.5	102.5	93.1	79.6	76	89.8	132.5	212.9	283.4	306.8	321.7	337.9	341.8	347.9	356.7	367.1	374.8	379	386.2	380	368	353.7	335.3	348.2	368.1	357.1	359.9	372	386	400.5	401.1	406.4	425.7	439.1	432.6	414.7	411.7	397.5	395.5	396.8	396.3	400.1	406.2	413.2	416.4	427.5	431.7	443.1	453.2	453.4	448.8	457.9	465.7	471.1	476.9	481.7	479.8	483.9	477.8	472.7	469.4	475	479.4	485.5	482.3	475.7	478	473.9	474.5	468.6	454.3	452.2	452.4	428.2	414.6	418.5	418.7	398	380.7	372.6	361.4	377.4	368.8	353	348.3	350.2	355.6	355.2	348.1	349.9	341.1	321.4	316.4	306.8	300.4	294.2	289.5	290.4	291	293.6	289.5	291.5	285.8	278.3	276.2	274	270.9	265.9	252	231.6	217.1	202.4	197.3	193.1	192.9	180.2	167.4	150.8	126.4	84.8	60	53.5	49.6	43.3	41	41.6	41.8	46.7	53.1	61.3	63.2	65.4	69.8	71.4	66.7	68.8	69.8	80.2	107.1	130.2	117	126.1	212.3	321	487	617.1	702	719.5	743.9	750.9	751.8	751.8	745.7	748.5	747.9	747.1	746.7	746.1
816	816	816	816	816	813	809.7	804.3	797.7	790.2	783.3	777.6	770.4	670.8	678.4	700.9	640.5	604.6	596.1	597.3	570.9	456.9	343.9	294.2	259.1	239.9	230.4	228.9	225	228.9	241	237.8	229.8	232.4	190.1	142.4	112.1	100	93.3	89.3	78.6	75.1	89.8	128.5	212.7	293	315.8	327.3	346.9	351	347.7	358.1	370.3	372.9	376	376.9	357.4	340.5	324.4	319.1	329.4	340.7	337.1	339.5	348.5	355.7	367	369.3	371.1	381.2	387.9	386.4	387.3	370.8	360.3	358.6	351.8	352.3	358.9	370.3	375.5	378.8	396.5	409.6	414.5	425.3	431.6	434.9	443	457.4	459.2	458.9	460.6	467.6	473.3	463.1	461.2	468.7	476.5	473.8	479.1	480.7	471.2	467.1	458.1	450.4	446	434.1	426.1	424.7	413.1	397.5	405	399.2	368.4	355.7	341.7	338.9	355.6	348	335.4	331.3	333.2	344.5	335	323	318.2	314.8	302.7	289.2	280.3	281	282.2	279.7	283	280.2	283.4	283.8	281	275.9	271.7	271.2	275	267.3	260	254.9	240.6	227.9	214.8	200.2	195.6	194.3	190.7	176.3	163.6	140.2	100.9	67.8	59.4	52.2	46.8	45	43.5	44.9	42.5	51.7	61.8	63.3	66.6	71.2	71	65.5	66.6	67.4	74.9	95	127.7	125.9	114.8	159.3	278.9	444.8	597.5	719.8	724.3	716.8	719.2	721.2	718.1	726.1	733.6	741.8	749.4	745.8	746.4
816	816	816	816	816	812.1	807.9	802.5	796.8	789.3	783.3	778.2	717.9	676.8	755.1	699.4	622.2	601.9	599.9	601.9	525.4	356.6	318	280.9	244.7	234.7	229.6	222.1	227.3	242	236.4	229.8	234.8	200.6	153.4	145.8	139.3	111.2	83.3	76	72.5	77.7	99.6	150.5	243.7	309.8	326.9	344.8	356.7	353.5	358.8	370.9	370.4	356.6	344.4	329.5	305.9	295.6	294.6	295.9	304.7	311.3	310.8	318.3	326.9	331.8	333.6	337.1	347.3	356.8	360.7	357.5	347.2	336.9	338.9	336.7	324.8	323.8	341.4	350.5	356.7	358	369	388.8	397.3	405.7	412.4	421.1	427	441	449.4	448	444.3	448.9	456.4	450.7	448.9	458.7	458.5	447.1	447.7	450.7	453.6	451.4	440.2	430.2	421.1	407.1	400	402.4	390.2	384.3	385.9	371.5	350.6	337.6	328	333.1	341.9	338.6	332.9	326.3	327.4	318.1	305.7	301.6	301.9	292.8	282	274.7	265	261.2	261.3	261.7	264.9	272.2	275.7	281.5	283.3	275.7	272.6	277.2	276.2	272	263	256.5	243.8	227	208.1	193.9	194.1	193.8	184.1	176	160.9	138.6	101.2	70.1	55.9	53.6	49.6	45.7	40.5	43.2	43.3	47.9	57	63.7	70.2	73.7	69	60.3	61.9	71.8	78	86.5	113.3	142.9	140.1	183	334	542.7	701	740.5	737.1	725.7	722.2	732.9	733.2	729	730.4	735.9	748.2	747.6	746.4
816	816	816	816	816	807.6	804	799.5	793.5	788.7	784.5	778.2	727.7	687.2	762.2	699.9	618.7	601	603.1	605.7	496.5	365.5	314	279.9	248.7	235	229.5	220	230.2	239.2	231.5	231.6	235.3	181.5	142.2	139.8	139.2	119.6	85	76.5	74	83.5	108.2	164.1	254.4	317.8	340.6	356.3	363	360.7	359.3	369.2	358.5	338.9	324.9	305	289.6	279.8	275.3	274.8	284.1	296	297.1	299.6	304.9	304.6	303.1	312.9	325.3	335.8	328.8	315	301.9	295.6	299.9	303.8	303.7	298.8	310.1	327.8	333.6	341.2	355.7	358.2	368.9	376.8	390.6	403	408.7	421.7	430.2	428.8	437.9	448.6	436.2	431.1	439.5	445.4	444.5	436.6	438.6	436.4	433.8	433.8	422.8	413.8	397.5	382.3	377.8	371.1	363	362.9	365	347.4	335.8	329.3	320	325.1	328.6	323.3	315.5	311.4	306.2	302.7	301	291.5	282.3	279.5	281.1	274.6	259.9	261.5	260.1	259.6	263.5	268.5	267.6	272.9	278.9	277.5	279.7	280.1	277.6	268.4	265.4	257	244.5	232.2	218	203.7	196.6	191.3	188.1	178.7	168.9	143.9	108.7	78.9	59.1	56.9	52.5	44.3	42.3	41.1	42.5	45.3	58.4	65.4	70.5	77.6	75.8	65.1	62.6	70.1	76.2	84.5	107.6	141.2	150.2	178.7	341.5	587.4	703.1	743.4	744.6	747.3	747.9	750.9	749.7	748.8	743	736.4	740.9	742.5	741.3
816	816	816	816	816	807.6	804.3	798.9	792.6	787.2	784.2	777.3	745	761.2	750.5	650.1	612.3	605	608.6	603.6	501	380.3	319.9	279.6	248.8	233.6	229.6	233.5	240.5	236.7	235.7	231	222.5	128	105.7	125.9	129.3	118.3	102.9	83.6	75.3	89.9	122.1	182.5	269.3	325	345.2	361.7	366.5	367.8	357.4	343.1	320.8	297.7	287.8	274.7	262.4	260.1	265.2	268.1	276	277	277.5	272.7	266.7	267.1	267.9	267	265.7	271.2	266.7	252.3	249.7	243.6	243	248.6	264.2	278.2	285.4	298.2	305.1	321.8	334.3	324.2	328.9	345.1	362.1	378.3	389.5	406.9	417.4	413.2	417.8	426.2	405.1	405.3	420.6	425.8	433	429.5	425.5	417.7	410.7	404.1	397.8	386.9	373.9	358.4	352.2	344.7	332.1	326.5	328.8	317.7	314.3	306.8	297.4	300.6	305.7	303.5	292	286.2	281.1	278	272.7	265.6	266.2	262.8	261.6	271.7	265.8	257.3	259.6	260.2	259.9	253.6	250.2	255.1	253.2	257.4	269.3	275	277.2	267.2	263.3	261.4	250.8	236.9	221.1	208.1	200.1	194.8	189.4	188.1	174.5	148.1	116.6	86.7	63.6	57.4	55	47	43	42.5	40.7	42.7	56.7	71.7	75.8	83.2	87.8	77.7	69.4	71.2	73.4	83.8	99.7	137.2	167.1	194.7	368.5	607.9	712.6	743.1	744	747.3	747.9	749.4	746.6	745.7	747.9	738.8	732.1	739.9	747.3
816	816	816	816	816	812.7	804.9	797.4	790.2	784.8	780	773.1	762.9	769.5	748.7	648.8	611.8	607.4	612.2	604.1	511.8	419.6	392.9	322.8	278.9	244.5	230.5	241.1	243.6	238	236.2	229.9	220.4	126.7	97.6	115.8	124.2	113.8	105.5	88.6	77.3	93.1	128	189.8	278.7	332.3	351.5	366.5	367.8	365.5	355.9	338.6	316	296.5	273.9	250.8	247.5	248.7	254.4	268.5	263.5	261.9	269.3	259.6	257.2	259	257.3	251.6	237.8	238.1	237.2	231.8	222.4	219.6	223.9	221.6	231.4	245.8	249.8	259.6	279.3	293.9	289.7	287.1	295.5	316.8	344.5	357.2	365.1	394.1	404.6	402.1	410.3	402.8	383.4	390.8	410.6	419.9	422.5	420.9	418.6	407.7	391.6	375.5	361.4	348.6	339.8	332.5	329.2	324.2	311	292.3	292.4	286.8	285.4	284.1	276.1	276.9	276.1	277	277.5	278.2	279.1	280	278.3	277.6	287.5	290.5	286	292.7	297.3	295	287.8	282.8	271.2	258.6	257.6	261.3	250.5	252.4	267.4	270.6	275.8	276.9	266.1	255.5	246.8	242.6	234.2	215.6	201.5	197.4	194.1	186.7	180	157.3	126.3	95.5	74.5	59.7	54.4	50	45.2	46.1	43.7	43.8	53.1	71.1	78.4	87	95.3	82.9	76.4	73.3	74.1	87.2	103.1	137.1	184.6	242.1	409.1	604.6	708.1	743.7	743.4	744.4	737.5	715.8	713.6	715	721.2	732.8	723.7	718.6	734.6
816	816	816	816	814.8	811.8	804.6	796.8	788.7	784.2	779.1	773.1	769.5	769.5	703.2	623.9	616.7	614.6	606.9	600.1	512.5	426.7	401.2	318.6	276.1	250.2	243	246.7	242.3	234.9	234.3	235.8	197.2	114.9	94.1	86.1	100.1	103.7	107.4	99.7	83.2	106	146.4	201.1	283.6	333.6	353.7	374.8	377.9	369.6	346.5	325.7	303.2	283.4	258.8	243.4	243.4	242.8	241	240.3	240.2	245.8	241.9	238.8	241.2	236.7	227.5	218.9	212.2	214.2	211.3	208.4	198.4	196.1	199.7	198.5	193.3	197.9	206	215.8	238.8	257.5	255.7	251.2	260.4	277.4	308.2	322.5	328.8	357	370.5	373.5	383.4	375.3	361.2	377	393.5	396.3	399.8	402.6	393.2	385.4	372.9	353.9	333.1	321.4	310.8	300.2	292.5	286.2	276.9	257	247.9	241.3	235.6	231.7	222.1	226.9	229.2	232.7	234.4	247.6	256.1	258.9	262.3	264.4	283.1	287.6	289.3	291.3	294.6	297.4	285.9	282.1	267.1	251.4	245.6	246.8	239	241.7	255	258.3	266.9	277.1	274.2	258.2	242.7	241.1	236.4	220.7	207.1	200.5	197.5	188.9	183.2	164.2	132.6	99.6	75.5	62	52.2	50.3	45.1	42.9	44.8	46.9	58.4	73.2	81.2	99.6	110.1	98.9	83.3	81.4	78.3	92.8	110.1	133.7	184.7	271.4	438	615.1	722.1	743.1	743.4	745.5	743.1	723.3	720.1	719.3	718.8	732.2	731.1	724.2	739.8
816	816	816	816	809.7	804.3	800.4	795	786.6	783.9	780	773.7	770.1	769.8	698.2	622.4	618.6	617.9	608.5	604.3	550.5	447.4	416.3	355.8	269.1	246.4	245.6	244.2	237.9	231.7	232.1	235.9	189	110.6	93.4	80.8	87.8	100.6	106.2	97.7	85.3	110.9	156.4	213.9	295.3	339.9	355.9	373.7	370.8	360.6	348.5	324.9	302	280.4	257.8	252.8	253.3	247.1	243.5	236.1	229.8	229.4	230.9	229.7	228.3	232	232.4	225.2	224.5	227.9	219.1	196.2	187	185.5	187.9	190.5	190.2	189.4	197.1	211.6	225.2	229.8	230.2	238.6	257.6	272.4	295.5	303.1	315.4	346.9	353.8	373.7	385.9	378.8	377.7	387.8	395.6	397	408.4	410.2	386.9	366.2	353.9	335	311	299.4	294.9	292.6	285.3	272.5	251.3	236.6	231.1	226.8	222.2	216.7	221.2	234.9	238.6	239.8	242.3	250.9	263.2	271.3	281.1	290.9	302.5	310.5	313.2	314.3	313.6	307.3	302.9	294.4	279.6	274.7	266.9	258.4	256	253	267.5	269.4	268	274.3	276.6	264.8	252	246.3	240.5	225.3	211.6	205.3	199.1	192.1	184.6	171.1	141.4	106.1	81	65.7	55.5	51.9	47.1	41.6	44.2	49.3	60.1	74.6	85.7	100	114.4	105	89.2	80.7	82	92.2	110.1	144.2	205.3	298.4	450.4	586.7	675.7	728.5	724.5	725.1	733.1	736.4	750	747.9	741.2	749.4	749.7	747.6	748.8
816	816	816	816	808.8	802.2	798.9	793.5	786	783	779.1	772.5	769.8	747.2	646.9	622.2	627.1	613.4	608.2	611	609	508.2	431.6	380.7	295.3	262.6	252.7	237	227.1	229.7	237.7	236.6	176.2	106.7	85.8	73.1	70.7	83.4	99.8	92.4	89.7	123.1	166.2	214.8	300.5	348.4	368.7	374.7	360	350.7	335.4	315.9	300	281	259	246.6	245.9	239.7	231.2	224.2	221	212.7	203.1	203.8	206.9	208.6	212.4	210.4	204.7	208.1	193.4	175.3	161.2	159.3	162.4	162.3	161.8	159.9	167.2	184.5	193.6	197.3	203.9	218.2	230.8	248.7	269.7	281.5	291.6	319.6	330.3	353	369.7	374.3	375.3	376.3	380.4	387.9	401.4	398.5	375.2	348.9	326.1	307.4	285.1	272.7	261.4	254.9	250	241.9	221.4	207	197.9	193.4	190.9	191	204.4	215.6	218.3	217.1	222.5	220.3	225.5	240.1	255.8	264.3	273.8	274.7	277.6	283.4	290.4	280.1	273.9	271.7	265.9	263.6	261.3	254.4	254.8	256.7	257.7	263	268	272.9	272.7	264.9	256.3	247.6	238.7	231.5	214.9	208.9	201.3	189.1	184.9	172.4	147.1	117.9	92.3	71.9	61.5	49.9	46.5	46.9	47.1	54.1	64.7	76.6	89.9	98.8	111.9	108.8	97.3	87.7	82.9	91.1	111.8	152.3	210.6	289.5	428.4	597.8	679.7	710.8	710.2	711.9	725.1	734	749.7	748.2	745	748.8	749.4	747.6	739.1
816	816	816	816	809.7	801.6	796.2	789.6	784.2	780.9	776.7	773.7	770.4	742.6	643.9	621.5	626.1	616.2	608.7	611.3	598.8	472.5	417.7	412.5	389.7	293.8	255.6	239.9	227.3	231.2	237.1	235.7	178.2	105.6	83.3	71.2	67.6	78.7	95.7	93.2	97	136.9	184.6	236.9	318.7	360.9	375.1	378.6	363.9	363	355	326.5	309.2	300.2	284.1	276.5	272.3	262.1	259.5	255.1	245.9	235.6	223.1	217.7	211.3	210.5	207.2	197.4	195.7	199	199.8	193.7	184.5	185.3	187.5	185.5	179.4	180.8	188.4	196.6	202.4	207.7	221.2	235.6	242	256.2	272.1	286.2	300.7	321.5	340.9	361.6	380.6	397.8	403.9	405.2	392	399.4	404.9	390.5	376.1	355.7	329.6	308	290.9	270.2	253.5	248.3	240.3	229.9	216	204.5	194.9	186.1	185.3	198.5	212	217.8	221.8	224	225.2	230.4	236.3	250.1	257.1	264.3	267.2	266.8	270.6	273.3	270.1	263.6	261.1	264.4	269.8	270.3	263.7	260.6	261.8	257.2	257.4	262.1	262.2	265.2	268.6	266.9	264.6	258.3	246.1	234.9	220.9	210.8	205.7	195.6	185.7	172	146.3	122.2	94.8	72.5	61.6	51.1	45.5	49.3	47.5	53.4	66.6	79.7	94.1	98.8	110.8	114.9	104.3	94	87.3	96.5	129.6	191.9	243.5	315.5	476.1	629.1	706.9	703	716.6	731.2	734.9	742.2	744.3	742.5	747.6	748.2	746.1	747.3	720.3
816	816	816	816	808.8	800.1	795.3	788.7	783	780.3	776.7	774	771.3	698.5	632.2	630.5	624.8	616.6	613.6	613.8	596.2	470.4	420.8	421	367.8	287.8	248	238.1	235.5	237.9	234.2	232.5	178.9	102.6	80.3	69.4	69.8	74.9	91.6	106.1	118	157.1	191.8	237.7	322.8	361.8	376.1	373.1	365.1	365.2	346.3	315.3	303.7	298.7	293.2	288	273.2	264.9	268.5	266.6	255.8	248.6	239.4	231.1	221.4	216.9	208	197.2	199.5	201.9	203.2	198	193.6	195	196	188.8	182.4	181.7	186.8	190	194.5	196.3	207.6	221.8	230.7	239.5	250.8	266.9	284.7	308.3	328.2	345.6	366.8	387.7	397.3	399.9	397.3	389	387.8	374.5	354.6	335.4	311.9	286.9	269.1	255.5	240.7	228.1	220.6	214.2	202.5	192.8	183.7	175.6	176.9	187.6	193.8	201	203.1	207.2	211.9	217.9	229.4	238.5	238.9	240.7	247.2	250.8	251.2	250.3	246.7	243.9	248.2	252.9	262.3	264.9	261	259.8	262.6	256.6	250.8	248.2	250.5	254.4	257	258.8	255.5	251.4	246	242.9	230.7	215.5	208.4	200.4	188.2	172.7	152.2	128	101.1	75.8	61.2	52.8	49	52	49.9	55.2	77.1	90.6	99.7	97.4	107	118.7	110.6	97.3	92.6	106.4	154.1	217.5	271.3	343.1	511.4	629.9	713.2	709.3	730.6	742.5	745.5	745.4	742.7	735.6	739.9	744.4	739.8	741.3	725.9
816	816	816	813.3	804.3	797.1	791.4	784.2	778.8	776.1	775.2	774.3	771.9	700.9	635	630.7	625.5	617.4	613.8	614.3	578.5	462.5	423.4	421.7	368.6	298.4	257.4	236.6	235.3	239.5	233.5	233.7	214.1	136.9	86.9	74.5	72.2	75.6	93.2	119	142.7	169.5	199.1	246.5	318.6	368.5	381.4	377.7	383	379.9	351.1	320.1	305.9	302.4	297	295.6	284.2	280.9	285.8	285.8	283.1	277.2	267.3	260.2	249.3	246.9	240.7	238.7	235.4	218.7	204.8	201.1	202.8	206.6	209.8	211.2	205.9	206.7	205.5	201.9	198.6	203.3	215.1	222.7	226.9	237.7	250.5	257.6	276	302.3	321.7	344.3	371.8	395	406.5	411.7	415.3	404.6	397.7	382	357.2	340.7	318.9	292.3	273	254.8	244	233	219.6	213.2	206.7	196.1	193.3	196.7	193.6	200.1	201.6	205.1	205.8	207.2	214.5	217.5	215.4	219.4	219.7	219.7	222.5	226.4	236	232.4	225.1	224.5	228.3	238.3	245	242.6	247.9	251.8	256.2	261.4	255.8	249.7	247.7	249.4	252.2	252.3	252.8	255.1	249.1	247	238.2	223	215.1	208.2	196.9	176.3	159.3	144.2	116.8	88.3	68.2	58.1	48.5	50.3	49.5	48.8	67.5	84.6	96.2	99.7	102.8	116.4	114.9	101.5	100.5	127.9	191.7	257.9	282	345.9	488.4	626	715.9	737.9	742.2	742.2	744.3	746.1	748.2	738.4	719.4	715.2	723.8	729.4	745.3
816	816	816	810.3	801.3	795	789	782.7	777.3	775.2	774.3	773.7	771	726.6	665.1	634.9	626.5	616.5	616.7	613.8	563	462.1	423.4	420.3	370.4	298	256	241.5	240.3	234.2	230.1	233	192.3	109.9	90.9	80.4	80.8	86.4	110.8	124.3	136.6	169.2	200.2	262.7	346.3	374.5	383.3	383	376.8	362.7	335.1	318.2	300.1	297.2	305.4	303.3	292.1	291.2	293.4	286.8	281	277.4	269.2	259	249.9	245.1	243	246.2	240.4	218.2	197.8	189.4	189.6	191.2	191.2	190.9	196.1	198.5	200.9	196.9	193.9	197.3	206.3	211.7	217	224.8	233.7	242	259.8	289.1	314.6	343.8	371.9	401.9	418.1	417.1	421.4	414.4	401.7	375.7	347.2	329.5	310.3	283.3	260.9	244	230.5	221.9	212.6	207.1	204.1	191.1	191.6	196.3	201	205.8	205.4	211.3	213	214.4	218.5	223.7	223.4	218.6	219	226	232.9	235.2	241.2	236	230	227.9	228.4	232.8	233.8	232.4	232.9	239.2	240.8	246.1	251.9	254.3	255.3	255.7	257.9	258.1	264.9	263	258.1	254.8	252.7	240.4	225.6	214.5	198.4	175.1	155.6	134.5	110.3	89.8	74.1	59.8	57.1	56.7	53.1	57.4	66.8	77.6	87.8	93.9	100.7	112.9	121.9	114.3	117.3	146.2	198.4	256.4	285	371.3	547.9	646.2	702.6	739.5	730.7	734.2	744	745.8	747.9	748.5	724	714.5	722.8	735.4	745.8
816	816	814.8	801.6	794.1	792.9	788.7	782.1	777.3	774.6	773.7	772.5	769.2	700.6	651.6	634.9	631.2	618.7	616	616.7	586.4	496.5	434.9	401.7	348.9	313.9	267.7	245.5	250	238	230	239.8	197.3	108.6	84.6	80.5	83.6	93.1	120.3	140.6	157.1	188.4	218.3	278.7	358.9	384.1	388.3	377.8	369	341.2	319.2	308.4	294.6	296.6	303.8	302	302.4	297.7	290.7	285.1	275.7	269.6	256.4	244.3	240.7	236.6	235.3	242.5	237.9	221.2	206.1	191.9	181.7	180.1	173	169	174.6	182.8	188.6	186.3	188.4	191.1	197.2	204.9	211.8	221.8	230.8	244.4	262.8	286.8	319.9	349.5	383.1	414.8	437.9	450.1	442.5	435.2	415.8	388.9	356.5	332.7	307.6	287.1	266.5	247.6	229.8	218.7	212.3	207.4	204.6	198.8	198.1	200.6	202.9	204.6	201.9	196.3	192.9	189.2	189.3	197.2	200.8	198.4	198.8	199.5	209.2	221.2	222	214.3	214.8	212.5	210.8	218.8	224.2	220.2	221.1	222.5	230.6	238	243.3	253.2	260.3	260.5	256.7	258.3	267.9	268.3	265.9	263.9	259.9	246.8	227.7	219.7	203.8	185.7	164.2	144.8	119.9	97.4	78.8	65.5	59.9	55.5	53.4	53.1	62.6	75.3	87.4	93.5	97.2	114.2	123.3	117.8	124.9	168.4	226.4	260.6	284.2	401.4	550.6	626.9	702.4	681.1	685.9	714.9	730	740.6	737.5	746.7	742.4	725	717	718	722.7
816	816	813.3	799.8	793.8	792.9	788.1	782.1	778.5	775.5	774	773.1	768	726.5	664.9	639.6	635.9	620.5	617.4	624.8	597.8	507.5	437.4	398	353.1	328.3	281.6	256.4	246	232.4	237.1	236.9	188.8	108	89.1	85.4	89.9	108.1	135.2	164.1	185.6	201.9	222.2	288.4	367.8	384.8	381.8	373.6	354.5	336.1	321.5	305.7	294.3	292.4	293.2	292.7	290.8	278.5	263	251.7	242.5	236.3	230	225.1	221.6	218.3	218.9	225.1	226.5	212.2	201.4	197.6	191.1	178.2	169	167.7	164.5	166.5	170.2	176.3	182.4	185	187.9	197.1	201.8	209.8	219.3	234.1	257	283.6	313.6	353.6	398.8	446.7	476.4	488.4	486	466.5	435.1	406.4	374.1	341.6	312	282.3	260	237	224.8	217.4	208.6	197.5	197.5	199	197.1	194.4	193	191.3	181.6	176.7	171.2	171.5	172.6	180	189.1	186.7	177.4	178.5	182	195	193.3	183.8	186.9	191.7	196.2	209.7	217.5	215.9	214.6	220.6	224.9	228.8	235.4	242.2	251	257.4	252.6	258.6	270.2	271.8	271.4	268.1	266.7	250.8	231.1	221.1	206.5	187.8	170.3	150.3	125	104.6	80.9	70.3	61.8	55.5	52.6	48.2	53.5	66.5	81.1	85.8	89.3	108.6	126.1	129.1	142.5	184.4	252	284.9	290.9	444.1	572.3	637.4	696.4	684	684.5	696.2	710.4	727	725.7	738.7	743.8	731.7	717.3	713	711.9
816	816	815.4	806.4	801.3	794.7	786.9	783.3	780.3	776.1	775.5	772.5	765.9	747.8	677.8	641.4	640.8	622.6	620.9	626	617.3	554.9	446.9	423.5	391.3	347.7	327.8	290.6	252.8	237.4	238.8	237.2	200.1	119.5	95.1	89.5	94.5	115.3	141.7	171	197.3	211.2	235.7	302	376	394.3	391.4	380.9	363.8	339.2	321	309.2	301.1	287.6	286.5	285.6	280.7	266.8	251.2	239.1	229.2	225.6	216.7	213.5	212.3	213.5	213	212.5	207.4	191.9	182.2	179.4	175	166.8	164.9	161.6	156.3	150.7	151.4	162.4	169.3	172.7	178.7	182	193.6	206.1	216.3	232.6	260.7	288.5	319.6	364.7	412.6	459.7	498.9	511.5	503.2	479.3	460.6	428.1	394.5	358.9	323.4	290.8	261.8	242.1	228.2	215.7	202.5	194.4	188.4	182.8	182	176.7	167.3	161.1	153.9	147.2	146.4	151.5	171.4	184.4	182.2	171.3	174.4	176.4	180.4	188.3	192.2	177.2	173.4	172.4	179.5	193.8	214.9	221	220.6	217.4	213.2	215.5	222.5	228.3	236.1	251.4	255.9	259.2	267.6	278.3	280.4	280.4	278.9	269.2	250.2	234.6	223.3	200.5	179.6	156.2	130.6	107.6	88.4	72.5	63	58.4	53.6	50.6	49.6	61.6	75.9	84.3	87.3	104.2	130.2	154.9	185.2	217.4	233.6	269.8	330.3	498.8	583.5	644	730.6	727.3	718.2	691.8	655.2	692.1	722.2	740.7	746.4	745.8	733.1	719.4	723.5
816	816	816	806.4	801.3	794.7	786.3	783	780	776.1	775.2	771.3	765	739.7	668.7	637.9	626.1	627.1	628.4	619	607.5	567.5	456.5	423.2	413.4	375.3	352.3	302.5	251.8	243.3	240.8	227.4	213.3	138.8	100.9	93.3	102.2	125.9	147.3	183.1	206.6	216.5	238.2	309.7	377.8	395.9	393	383.4	360.6	337.2	322.6	302.4	289.8	274.3	264.9	257.4	250.3	250	255.6	244.9	218.2	202.8	199.1	194.3	192.8	188.5	176.7	168.9	157.9	137.1	129.2	127	128.9	128.8	138	143.6	147	148.6	146.5	148.7	152	157.2	163.3	174.4	186.6	197.3	208	222.4	251.5	286.5	328.7	382.2	437.6	481.8	519.1	536	534.4	511.4	486.9	458.2	422.3	381	332.3	291.4	260.9	237.9	222	205.8	189.9	182.2	178.2	171.6	167.5	157.2	146.7	144.5	138	137.3	139.2	148.1	164.9	171.9	159.2	140.7	141.1	142.7	145.5	175.4	194.1	166.8	157.3	151	147.6	156.4	179.9	199.3	209.4	208.4	207.7	207.2	212	216.4	225.4	237	243.5	248.8	259.9	276.4	284	285.7	281.4	272.1	256.9	241.7	229	211	186.5	161.1	134.3	112	91.3	74	58.4	54.1	51.4	51.6	46.1	52.4	72.7	78.3	82	97.4	132.5	178	223	253.5	253	271.7	378.4	558.6	590	665.6	737.6	734.6	718.5	704.9	666.5	692.4	718.1	731.5	737.9	745.5	740.1	722	723.8
816	816	812.1	804.9	798	791.7	786.3	782.7	779.7	777.3	775.5	767.7	762.9	749.6	676.1	635.9	631.2	605.2	606.4	618.7	607.2	545.7	480.2	433.5	421.9	410.8	403	376.4	307.9	264.9	248.3	235.6	222.1	154.7	103.6	94.7	102.4	131.1	152.4	187.9	210.3	222.7	259.6	328.1	383.1	402.3	402.4	380.3	353.6	325.7	312.1	299.7	290.9	278.6	264.1	248.8	235.4	229.5	222.6	194.1	173.3	163.1	156.7	147.9	133.5	112.3	88.9	77.4	80.2	62.1	54.5	59.4	63.4	70.4	82.6	102.4	125.9	144	151.1	146.8	146	148.7	152.7	159.2	172.4	187.1	206.9	225.2	251.4	293	342.5	401	460	512.1	543	565.8	563.6	548.4	527.4	495.2	450.3	400	348.6	301	262.3	234.9	211.1	187.5	176	167.6	159.8	152.3	144.1	136.3	134.1	131.9	129.3	132.6	138.1	138.2	134.1	121.9	98.6	73.1	69.5	71.2	69.6	90.2	120.8	108.3	118.7	130.4	136.5	145.6	168.2	187.8	201.4	209	209.2	209.5	207.4	210	217	223.4	236.2	247.5	261	273.1	282.4	292.3	291.9	282.9	266.9	248.6	238.1	221.9	192.7	167.2	141.7	120.8	97.9	75.3	62.4	57.7	53.4	52.2	47.4	50.4	69.1	79	82.6	99.6	159.4	208.4	225.9	278	294.8	331.9	444.8	573.3	582.7	657.2	738.2	742.5	723.2	738.2	739.4	740.5	746.1	745.8	740.2	736.6	745.2	740.9	718.4
816	812.4	807.6	803.4	797.1	792.6	786.9	782.4	780	778.5	775.5	767.7	762.6	735.2	659.2	641.9	639.5	620	621.6	612.9	608.7	561.8	500.9	446.3	423	409.5	407.3	395.6	331.1	278.6	255.5	233	226.7	215.6	146.2	106.6	107.5	135.2	171.7	207.9	223.5	231.1	264.1	319.8	364.1	397.1	403.9	381.4	356.9	334	309.7	301.1	291.2	273	249.3	241.2	230.8	202.8	178.9	161.4	154.7	159	165.1	160.4	134.7	112.2	94.5	65.8	47.2	51	54.7	53.7	60.1	68.4	74.3	94.5	115.9	135.7	149.5	149.4	151	149.4	147	151.9	167	184.1	201.6	218	241.7	288	346.5	406.1	464.2	524.2	565.9	579.6	581.3	574.5	559	514	463.1	405.2	348.5	306.1	265.8	236.1	209.7	184.5	166.4	154.9	145.2	139.8	137.3	136.5	133.6	132.9	133.1	128.8	124.7	119.6	103.9	90.6	70.8	38.9	29.4	30.5	29.7	31.5	40.8	48.8	74.5	94.1	111.3	131.1	156.3	163.8	165.5	174.8	190.7	203.7	208	215	221.2	222.8	231.1	241.6	255.7	270.9	284.9	293.5	293.5	290.4	275.9	251.8	237.7	228.5	204.1	175.6	156.8	130	98.4	80	66.8	58.6	57.8	55.7	51.9	51.3	67.1	79.1	80.8	104.5	172.3	206.2	206.9	259	289.6	323.6	444.1	553.2	592.5	676.4	734.7	743.4	722.2	734.5	742.2	734.9	739.8	746.1	746.4	742.8	744.6	747.6	724.3
813.3	803.4	801.3	800.1	795.9	795	788.7	782.4	780	777.3	771	765.3	757.4	738.4	706.3	655.4	639.3	640.5	628.3	614.4	593.7	584.7	543	462.9	420.1	416.3	409.8	398	372.5	314.2	282.7	278.6	258.4	219.7	135.2	104.8	110.3	134.6	158.6	190.3	216.9	238.2	283.3	339.3	395.2	414.6	404	378.8	355.1	332.4	313.7	305.2	289.7	264.6	235.6	205.1	182.5	164.6	149.9	136.3	121.1	121.6	141	154.5	156.4	131.7	93.6	69.3	50	45.6	54.1	61.5	63.3	62.7	63.5	82.3	102.4	103.8	113.3	137	152.1	154.3	149.9	152.1	164	183.2	201.9	219.1	246.4	292.3	349.5	404.4	467	523.9	577.3	600.9	605.2	592.8	572.9	547.7	488.8	421.4	367.9	321.7	279	238.3	206.8	179.4	163.9	151.8	148.3	144.2	139.3	133.9	127.1	124.3	115.4	106.2	104.9	113.9	104	92.1	81	57.9	39.3	32	37.3	36.1	35.2	40.8	55.6	67.9	72.3	95.3	126.5	145.9	153.1	155.5	174.3	191.6	202.6	210.7	219.5	227.1	229.6	239	256.2	273.3	290.2	305.1	312.4	310.3	299.4	276.4	255.7	237.4	202.6	169.2	147.8	126.6	100.9	78.9	71.3	66.6	59.7	58.7	64.3	69.9	84.3	107.1	114.8	125.5	167.2	200.9	209.7	222.7	253.3	290.7	424.8	575.9	604.1	635.8	692.3	711.2	699.6	720.6	716.6	703.2	693.3	697.1	707.4	714	692.2	725.7	739.1
812.4	803.4	801	798.9	795.3	793.2	786.9	781.8	780	776.1	769.2	753.8	708	679.3	679.2	660.8	647.3	637.5	607.9	597.5	592.8	593.2	538.4	458.1	423.6	419.2	418.7	408.2	375.3	324.2	297.8	274.4	266.3	248.5	161.1	113.3	128.8	161.2	191.9	218.4	231.3	245	286.4	343.8	401	413.3	397.1	368.1	345.2	326.5	312.4	302.6	279.4	255.1	231.5	209.2	196.5	190.5	187	175.9	155.6	146.3	150.5	169.6	175.8	145.3	117.4	88	63.6	54.6	63.8	74.6	81.2	75.2	78.8	111.8	121.7	106.6	105.6	125.6	145.6	154.7	160.9	164.7	178.6	198.8	211.6	227.8	255.3	307.1	369.1	434.6	509.1	578.4	621.2	632.9	627.4	617.6	593	545.3	477.6	416.8	356.8	314.7	275.2	239.8	207.4	183.4	164.9	155.2	151.5	151	145.7	135.1	128.5	114.4	101.4	107.1	126.6	140.2	119.2	108.4	96.5	74	58.7	50.5	50.3	48	44.2	47.6	71.7	82.8	75.7	84.5	101.2	119.4	139	146	150.4	167.9	187.8	203.5	217.2	229.5	237.8	245.6	256.3	274.5	289.4	296.8	305.3	305.1	291.7	270.7	256.7	238.2	210.2	176	158.4	134.6	100	82.1	79	74.9	72.2	73.4	73.5	79.4	103.9	130.6	141.4	166.6	215.7	221.2	200.4	212.2	238.6	307.8	474.1	592.3	647.2	709.7	711.7	706.3	703	721.4	714.9	707.1	693.5	693.4	691.6	690.6	675.7	715.8	734.9
816	812.4	810.3	803.4	795.6	791.1	786.9	782.7	780	777.3	771.3	766.8	742.1	692.9	677.3	677.4	660.8	645	634.3	617.9	622	622.1	571.6	489.9	432.3	425	420.3	413.6	373.4	323.4	302.7	275.1	266.6	258.9	186.1	119.7	135.5	168.2	199.8	228.8	239.2	261.6	304.5	345.2	399.8	416	394.1	370.6	347.5	324.7	311.4	294.6	262.5	235	208.5	190.2	190.8	194.1	197.6	202.4	194.5	179.5	173.4	191	206.5	186.5	151.7	145.3	112.9	79.4	81.7	87.7	107.4	116.3	127.4	149.2	148.2	126	108.2	106.6	138.4	168.6	181.4	191	204.2	219.4	225.9	238.9	262.8	307.9	364.1	431.7	505.8	581.6	630	649.4	640.3	623.9	614.6	563.5	487.5	422.5	356.5	311.3	277.6	242.5	211.9	194.4	182.2	175.2	177.2	170.2	149.7	144.3	130.6	102.5	99.9	114.1	135.1	156.6	151.3	129.4	120.1	112	102.7	90.5	84.5	71.9	65.9	73.3	105.2	115.2	112.4	105.7	97.7	98.9	106.3	108.9	119.9	143.3	171.7	193.5	211.6	224.9	236	247.6	259.5	271.9	288.4	296.3	308.1	310.5	299.2	283.4	266.5	246.5	213.4	179.8	157.8	139.5	105.1	82	85.7	89.4	98	96.5	90.6	94.4	106.7	130.3	153.6	193.3	253.1	266.4	230.8	218.6	239.2	350.8	524.1	580.8	598.6	675.4	722.3	724.2	713.8	719.1	733.8	737.6	730	715.9	707	704.2	705.4	709	722.5
816	813	805.8	797.4	792	787.5	783.9	780	778.5	773.4	767.1	764.7	754.1	723.7	703	694	680.6	677.3	643.7	627.6	630.2	622.5	587.8	515.7	446.5	430.8	421.6	414.2	373.5	319.4	294.6	269.4	265	259.8	215.2	136.9	154.1	190.3	223.3	243.4	246.7	266.7	305	342.4	394.4	410.2	399	374.2	353.4	334.6	320.2	297.6	275.5	247.2	233.7	233.5	232.9	236	238.5	247.6	244	227.8	227.3	231.2	230.6	224.1	229.4	206.2	178.9	177	173.2	178.5	206	212	203.3	194.1	183.6	169.7	155.5	150.8	168.4	196.8	205.2	210.3	223.8	240.8	247.5	262.9	290	322	378.5	451.4	524.5	589.9	638.3	656.7	644.3	628.1	608.5	553.7	487.1	421	357	318.8	289.2	257.7	230.4	208.4	200.8	206.3	199.5	173.3	162.7	154.5	136.3	118.8	122.7	148.4	169.4	187	183.9	161.6	151.7	146.1	134.6	123.4	116.4	108	109.1	125.4	158.8	159.6	146.6	137.5	122.6	113.6	115.1	117.8	127	144.3	174.9	200.7	218.6	233.2	243.5	255.8	271.4	284.2	297.6	303.7	307.8	311.2	302.8	284.7	270.9	251.2	219.6	184.7	161.3	136.4	102.8	97.9	109	105.1	122.1	128.4	115	105.8	111.4	127.8	158.2	199.7	239.4	260.2	244.1	222.3	244.5	390.9	538.3	612.5	649	671.5	718.4	726.3	714.2	712.2	726.1	742.5	736	735.4	728.7	725	721.5	721.1	714.5
808.2	804.9	801.6	793.8	788.4	784.5	781.8	779.1	775.5	770.1	765.6	762.6	760.3	737.1	717.5	702.3	685.6	676.2	650.9	629.8	630.5	624.6	623.9	549.9	474	438.5	426.3	397.1	322.5	288.8	266.6	248	248.6	260.6	234.7	158.6	164.8	195	227.7	250.8	262.4	293.5	325.1	358.2	407.2	420.1	410.8	390	371.6	351	332.4	302.9	274.8	248.4	238.8	252.3	261	277	291.5	297.2	288.1	272	266.1	260.1	258.3	257.6	262.1	249.2	236.1	234.2	235.8	241.6	264.8	278.5	273.4	256.6	239	223.8	221.6	217.2	208.4	220.4	235.7	239.9	242.8	253.3	260.7	276.7	301.7	331.9	383.7	452.4	516	579	628.5	644.5	636.6	631.1	604.4	551.4	482.9	408.6	347.3	313.9	288.4	267.4	244.8	222.9	221.5	227.8	218.2	200.3	191.1	169	160.8	180.6	188.8	197.6	208.8	215.3	217.6	209.1	201.1	192.5	183.2	181.4	184.6	178.3	185.2	192.6	204.8	205.1	186.9	171.3	161.7	151.9	151.9	146.5	142.3	142.7	158.8	184.6	208	229.1	244	258.7	274	291.6	305	312.9	313	314.5	308.1	297.8	278.9	259.9	228	187.8	160.7	133.8	104.5	98.8	115.1	118.6	138.1	144.7	130.4	104.4	90.8	105.7	143.7	183	211.7	247.9	263.9	249.6	264.2	396.2	520.1	640.3	712.6	696.4	699.6	711.6	727.2	734.6	724	735	742.8	718.9	743.5	740.7	744.3	745.5	729.6
806.7	801	800.4	793.8	788.1	783.9	780.3	778.2	774	769.2	765.3	762.6	756.7	726.5	739.2	721.9	694.4	690.9	649.8	633	634.1	641	656.8	588.4	511.5	451	428.9	387.4	318.3	284.9	259.9	250.8	248.3	264.2	269.4	194.7	181.4	214	246	262.2	271.1	299.1	336.3	374.6	421.3	434	432.1	416.2	396.8	369.9	341.4	314.8	289.7	277.9	275.7	276.8	290.3	304	314.1	310.5	309	301	288.2	279.9	277	268.5	264.6	255.9	249	245.6	239.3	247.8	268.5	275.4	271.8	260.4	244.6	227.3	227	232.6	226.5	231.4	248.8	246.8	258.4	269.2	287.6	309.8	322.9	348.6	399.1	469.2	533.7	581.4	613.9	634.4	628.7	624.8	593.7	541.4	477.5	407.9	355	323.9	309.1	290.8	266.5	239.3	233.8	232.4	226	220.1	213.9	193.3	192.8	216.7	219.1	220.7	229.5	232.8	239.5	242.5	238.6	234.6	238.7	239.7	243.9	233.5	235.1	235.5	244.5	236.5	213	206.4	207.1	200.8	199	189.2	182.3	179.5	181.4	192.8	212.5	237.1	253.8	271.4	296.1	307.2	313.8	322.7	325.3	324.8	317.9	305.2	287.4	265.1	234.4	193.6	162.4	134.5	105.8	106.9	121.2	116.7	127.1	140.1	133.2	102.7	94.7	120.1	152.8	172.5	198.5	226.6	246.7	253	284.2	415.2	553.5	702.6	738.9	700.5	684.7	708.9	723.3	739.5	733.1	736.4	740.6	725.3	735.1	728.8	744.6	745.8	744.9
809.1	804.6	801.9	796.2	789.6	783	780	777.3	770.1	766.8	761.3	763.2	757.2	720	743.3	741.6	711.2	698.5	657.6	635.9	638.2	648	650.1	606.9	538.8	460.4	425.5	340.1	293.5	272.6	260.5	257.7	253.3	260.5	279.9	216.1	191.3	216.5	247.5	270.2	280.7	310.4	344.2	376.7	420	427.6	431.2	420.5	405.1	379.1	353.1	327.8	310.4	302.7	310.3	318.9	328.3	341.4	342.3	332.9	326.2	315.5	301	291.7	287.8	287	274.5	267.4	257.2	243.9	251.2	271	276.9	270.2	260.7	245.7	234.3	225.5	230.3	248.8	255	244.7	256.5	271.3	278	289.5	313.2	330.7	341.5	360.4	409.4	471	528.9	574.4	602.2	621.3	616.6	615.6	586.1	530.8	468.2	401	354	322.6	311.2	297.6	280.5	259.6	249.2	236.3	227.1	227	220	217.4	215.6	205.1	199.6	201	206.2	212.7	219.5	231.3	230.4	228.6	236.3	239.4	250.8	240.7	232.9	228.3	236.7	235.9	225	224.9	234.4	238.2	232.9	234.7	227.9	220.8	221.7	223.6	233.6	254.8	277	297.6	310.6	319.5	323.8	330.8	337.1	333.5	324.2	311	295.2	269.4	236.6	199	167	136.7	107.5	108.8	128.3	124	128.4	137.2	117.4	91.4	94.1	122.3	150.1	165.5	181.4	210.2	229.1	256.5	321.5	435.3	518.3	655.8	701.9	706	705.5	709.9	706.4	719.5	728.2	741.7	744.6	744.5	726.5	708.6	725.1	739.8	734.9
811.2	806.1	801.3	796.2	789.6	783	780.3	775.8	768.9	766.8	765	762.6	748.2	754.1	753.3	743.9	729.5	683.4	661.1	648.2	656.5	685.8	668.2	606.1	527.1	460	420.7	335.1	295.3	272	260.8	259.2	256.6	264	287.4	244.2	219.3	234.7	256.5	287.9	299.2	311.2	333.7	363.5	404.5	414.5	416.7	417.3	409.4	392.8	379.4	362.7	343.1	332.6	332.6	335	333.8	340.2	347	342.4	336.3	321.5	305.7	299.1	297.1	288.2	281.1	272.8	266.9	260.8	266.1	278.4	270.9	256.9	242.1	234.3	225.1	230.2	244	265.8	280.3	274.7	279.6	302.5	325.8	334.3	356.4	362.5	357.2	381.4	425.5	486.8	554	599.2	624.6	642.2	637.2	629.1	591.5	523.8	458.4	395.9	361.6	342.7	332.3	323.4	314.7	300.1	280.5	267.9	249.2	243.8	231.2	228.4	223	214.6	207.1	206	212.9	218.7	228	238.7	235.3	237.9	240.3	237.2	238.3	249.1	249.7	244.8	254.5	247.2	241.5	242.1	248.1	253.2	257.2	265.4	263	253.5	248.1	247.4	252.8	265.8	290.3	312	321.9	330.7	335.6	337.1	342.8	339.8	330.8	314	301.6	277.6	245.2	206.9	169.8	136.3	106.6	106.6	126.1	123.4	123	129.9	122.3	119.8	126.3	143.3	147.9	154.3	165.4	201.9	235.4	272.9	358.2	474	557.5	654.3	690.2	702.1	715.4	710	690.4	706.1	724.7	732.7	737.6	734.9	719.4	707.5	714.2	726.8	716.8
811.2	805.8	797.4	791.7	786.6	782.1	777.6	773.4	768	767.4	763.8	762.3	748.4	759.2	751.5	721.8	725.9	709	678.7	659.9	648.2	678.6	684.5	647.6	560.7	481.2	374	309.5	288.2	274.9	272.5	268.4	266.5	278.6	298.3	261.2	231.3	235.8	258.2	295	307.6	332.5	353.4	370.4	410.8	426.4	431.2	434.8	428.5	416	407.8	394.1	382.4	373.8	367.4	367.8	366.1	362	350.8	339.4	340.5	333	318.8	305.8	296.6	289	280.6	275.5	282.2	280.9	270.1	261.7	250.1	241.6	235.4	237.2	249.9	264	274.6	281.9	299.1	316.1	324.7	339.3	359.6	377	381.2	375.9	370.6	392.1	423.3	471.6	543.7	600.2	624.4	639.5	627.8	614.3	600.2	527.9	453.7	393.1	357.1	341.1	334.3	332.9	332.6	328.4	312.9	293.9	276.5	266.5	258.2	248.9	244.3	234.2	228.5	225.3	224.6	227.1	235.8	242.9	246.1	255.8	257.7	259.8	260	268.9	273.2	269.4	270.8	262.3	259	262.9	263.1	271.7	281.3	286	292.8	296.6	289.7	282.4	283.9	298	309.8	320	333.9	342.5	345.4	349.9	348.3	348.3	339.5	322.3	306.4	286	250.4	207.7	174.7	134.4	104.5	106.7	127.6	130.2	126.8	123.9	129.9	131	131.4	140.1	147.4	149.7	159.4	197.3	257.8	300	392.3	529.9	621.3	699.5	729.8	721.4	712.8	692.5	665.6	694.1	731	698.8	687.5	702	713.1	724.8	736.1	740.9	730.6
808.5	803.7	796.2	789.6	785.4	780.6	776.7	772.5	767.4	766.8	763.8	762.6	757.2	760.5	751.5	734.9	740.6	738.4	725	676.2	695.6	722.4	714.7	667.1	588.2	501.6	371.2	318.1	296.4	278.8	277.5	275.3	274.2	287.7	307.4	271.7	255.9	239.7	254.4	294	317.3	363.2	386	393.2	433.7	449.4	447.3	444.4	441.6	426.9	413.7	399.4	394.8	390.7	390.5	387	388.2	382.1	358.9	348.1	341.5	330.7	306.6	287	275.6	262.6	253.6	247.3	261.8	265.7	253.2	256.6	259.5	259.6	269.6	283.3	299.6	313.5	321	333.8	350.1	364.6	379.9	394.3	405.6	409.8	398.8	380.6	378.6	402.7	432.9	478.9	548.4	602.4	622.2	643.2	629.9	611.1	589.4	527.6	466.1	396.8	356.4	351.7	351.6	351.6	356.4	358.3	352.4	344.8	325.4	304.7	292.9	283.2	266.5	251.2	247.3	238.6	230.5	231.4	240.7	244.5	249.8	259.5	267.7	276.7	275.8	282.4	279.5	278.3	281.4	281.1	287.3	291.8	293.5	299.6	304.2	308.2	316.6	332.4	332.3	319	317.2	326.4	334.3	343.6	347.6	353.2	357.6	358.9	355.4	347.5	345.6	331.2	313.3	290.1	255.9	218.4	178.5	133.9	103.9	106	116.9	120.4	126.8	132.3	151.8	157.5	145	144	142.4	143	155.2	183.3	250.8	308.8	412.8	577.8	666.3	705.3	736.4	734.4	718.2	687.4	666.6	685.2	715.8	692.4	673.8	706.5	724.3	733.5	742.4	744.2	743.1
806.4	802.2	795.9	789.6	781.8	777.6	775.8	771.6	768.9	767.4	764.4	764.4	764.7	758.1	750.3	744.5	744	746.4	733.4	695.1	721.6	735	719.2	677.7	632	503.5	360.2	319.4	298.1	286.9	290.6	292.4	288.1	296.1	299	268	257.3	239	255.6	299.9	327.3	380.7	400	398.1	439.1	459.4	457.9	455.8	446.5	433.9	428.1	426.1	421.2	429.7	424.3	410.6	413.6	405	399.5	393.1	382.2	364.9	342.6	328.9	320.6	310.3	300.1	303.4	309.9	312.1	316.2	312.9	319	324.9	326.5	339.6	350	362	374.7	384.8	403.3	413.6	418.5	417.8	423	424.8	406.7	388.1	391.1	411.7	433	479.1	549.9	612.6	634.8	649.4	634.1	618.5	603.4	534	468.4	398.6	356.2	345.5	343.3	351.2	366.6	367.3	368.3	369.6	351.8	336.5	328.3	315.2	298.3	290.1	284.2	277.1	280.7	286	284.8	284.3	278.9	277	280.9	288.1	298.5	301.4	300.8	296.5	295.3	298.9	307.6	317.3	321.2	322.8	328.7	333.6	339.7	352.9	362.1	357	350.5	351.9	362.5	367.6	374.1	376.3	371.8	370	371.4	365.1	360.1	344	316.6	290.4	254.6	218.3	180	134.1	106.4	113.3	118.6	127.6	131.5	138.7	163.4	172.3	157.6	150.3	147.4	142.6	151.8	171.7	232	326.4	435.1	580.1	669.9	688.5	699.3	703.7	699.3	691.6	675.2	677	673.6	704.5	708.8	708.7	719.6	722.4	708.9	709.5	715.8
806.4	802.2	797.1	789	781.2	778.2	775.5	770.1	769.5	767.1	764.4	763.8	763.5	757.2	740.7	742.9	744.3	746.4	744	718.6	744.3	727.8	687.5	681.7	670.3	539.7	375.9	324.6	307.7	296.8	299.4	301.8	299.9	299.8	306.6	301	274.4	254.9	260.2	299.3	332.4	395	410.6	399.2	443.4	459.7	453	449.1	445.4	443.1	447.9	448	442.3	437.8	435.2	434.1	433	436.3	434.2	425.2	420.6	409	397.8	389.4	383.4	371.7	361.2	367.6	367.5	364.8	371	367.2	368	366.8	360.8	369.8	385.3	403.3	412	422.4	440.1	456.3	455.6	443.1	438.3	424.1	403.5	388.8	391.2	410	437.7	485.9	560.3	614.6	639.6	652.9	635.8	622.7	598.5	532.4	473.3	404	360.9	348.3	347.5	362.3	380.8	388.5	391.4	396.1	391	379.7	373.9	364.1	342.6	338.3	328.6	317.8	311.2	304.1	300.2	296	292.9	291.3	290.7	291.2	297.6	297.2	300	302.5	302.6	310.1	314.9	318.6	326.6	335.8	345.6	355.1	363.2	363.4	373.4	382.9	382.4	378.7	377	370.2	375.7	382.9	380.6	374.1	375.2	368.8	359.5	341.5	318.7	293.5	260.4	219.1	178.5	127	104.7	109.6	115.1	132.8	145.1	156.3	174.8	182.3	169.6	155	142.5	137.1	144.2	166.5	230.9	347.1	454.1	609.3	690.4	682.9	697.2	701.6	705.3	694.7	675.9	673.6	669.7	702.3	709.5	701.3	706	709.4	700.2	702.1	701.1
810.9	801.3	794.7	788.1	781.8	778.5	773.4	770.4	769.8	757.2	745	763.7	763.5	740.3	714.5	735.7	730.7	744.3	744.6	719.3	744.3	737	705.3	702.3	708.8	575.9	398.2	358.8	344	317.5	316.1	312.1	308.9	306	316.7	309.7	277.1	255.3	261.4	298.7	343.9	413.5	407.1	395	442.4	458.3	448.4	450.6	460.2	467	467.4	466.5	455.9	449.1	461	458.9	454	456.7	458.8	453.7	447.1	442.1	446.8	444.9	436.5	426.1	414.6	421	414.6	416.7	417.8	410.5	410.6	409.8	411.3	410.4	423.7	439.3	446	452.9	464.7	468.4	455.8	447	444.8	433.2	409.7	390.1	392.3	413	444.6	493.5	572.8	623.6	642.4	648.6	634.6	619.3	591.7	527.6	471.3	411	361.1	352.1	352.3	360.9	378.6	400.3	406.2	414.1	414.8	402.5	401.1	401.7	390.7	386.8	376.6	368.5	354.4	345.1	337.5	330.8	333.3	334.6	343.9	352.2	352.6	350.8	357.4	367.6	370.4	375.8	375.8	372.5	370.7	377.2	384.5	389.8	393.4	387.2	382	393.9	401.5	396.9	391.2	385.2	384.1	387.1	387.2	380	375.8	371.5	365.1	351.9	325.4	293	260.7	221.6	179	124.7	104.5	113.9	126.7	143	151.8	167.7	178.9	184.1	175	161.3	149.6	143.7	149.6	172	239.4	365.2	473.6	595.2	644.5	648.7	656.3	676.6	695.1	689.4	678.3	681.8	670.5	678	716.4	710	688.5	696.8	726.5	729.9	715.9
812.1	801	793.2	786.6	781.8	778.5	772.2	770.4	769.8	755.9	755.9	765.9	763.5	733.9	719.3	737	723.8	740	742.7	731.9	745.2	745.8	741	744.6	734	595.9	420.9	381.2	359.3	320	319.6	314.6	309.5	303.2	331.3	338.6	285.5	260.6	267.2	308.8	348.2	401.3	399.8	395.9	442.6	456.6	463	468.1	473.2	476	467	460.4	465.8	470.4	478.6	481	482.3	480.4	480.4	488.5	482	474.6	476.1	476.6	482.9	473.5	457.3	459.3	454.4	461.2	470.2	467.5	468.6	473	471.1	464.5	462.2	472.9	484.4	486.7	488	477.9	459.2	462.4	455.1	427.1	405.4	391.5	396.7	428.2	463.2	511	558.7	603.8	632.8	641.4	624	605.6	568.4	518.2	470.8	424.2	376.3	358.9	365.3	373.6	384.8	405.3	424.9	431.6	439	434.3	435.5	436.3	429.9	431.6	428.4	419.9	413	408.7	409.5	398.2	388.4	386.2	382.5	389.9	394.5	383.3	383.4	395.5	402.1	407.3	412.2	416.8	418.8	415.4	418.2	413.7	407.9	410.9	407.6	399.6	394.7	403.5	401.1	398	396.7	396.9	393.9	387.5	374.9	367.1	361.8	349.2	325.9	300.3	270.9	226.6	181.9	128.5	108.9	122.6	142.2	159.7	172.8	183	179.6	190.8	187.5	171.1	160.9	161.3	174.6	204.5	261.9	378.7	490.7	616.8	649.1	639.1	657.3	675	683.7	691.8	679.7	688.5	678.6	689	724.2	719	696.7	696.3	729.3	731.3	716.6
806.4	798.3	793.2	788.4	783.3	776.1	771.9	772.5	769.2	766.2	764.4	766.2	762.9	755.4	750.3	746.7	740.7	743.7	738.1	726.9	744.6	742.9	714.9	742.8	695.4	603.4	488.5	403.8	383.6	346.6	333.6	323.8	322.7	312.4	334.7	357.3	295.6	269.1	281.6	310.9	349.9	412.1	404.6	402.5	442.8	466.4	476	474.2	476.4	479.6	468.8	467.4	479.4	490	497.5	510.7	515.2	513.8	518.7	511.3	516.6	516.4	514.5	519.9	521.8	509.4	500	498.5	493	497.7	506.3	511.8	506	503.8	507.1	502.7	501.2	496.7	503.2	496.8	481.1	464.9	460.3	465.8	451.9	423.7	402.6	391.8	402.8	429.4	467.5	515.9	558.5	595.4	627.8	630.3	608.5	596	567.5	517.8	465.1	427.8	383	358.9	362.1	366.9	385.9	409.4	430.4	434.8	444.9	451.5	454.7	458.5	456.7	453.3	457.7	458.2	457.6	454.4	444.4	438.1	440.6	436	432.1	433.5	435	429.2	427.7	433.4	431.7	432.8	438.1	442.1	440.8	435.7	430.3	428.6	423.2	426.4	428.1	420.9	409.8	409.6	413.3	409.8	406.8	407.1	396.4	388.8	380.4	370	360.2	348.1	333.1	306.8	268.9	224.6	185.2	133.8	111.5	133.5	148.9	167.5	187.1	190.2	181	188.6	193.6	176.7	168.8	171.3	188.8	252	322.6	380.6	468.9	596.7	653.3	658	681.7	693.5	683	705.2	695	685.9	689.8	699.6	716.8	721.2	693.1	669.5	663.9	686	700.5
802.5	798	795.6	791.1	786.6	780.3	774	772.5	769.8	766.2	761.5	762.1	763.8	757.5	752.4	748.2	746.1	745.2	738.4	724.2	740.3	722.8	707.7	736.5	692.2	616	504.2	412.3	381.4	357.7	341.6	324.1	321.3	316.1	357.6	386.8	324.9	293.4	309.1	324.6	339.3	388.4	394.2	399.8	444.3	469.4	479.3	471.1	473.5	474.4	476.6	489.7	498.6	502.3	509.1	518.1	525.2	526.3	532.9	531.3	535.9	539.1	538.3	537.7	533.5	531.6	520.9	514.7	510.2	505.5	511.8	519.9	523.9	519.7	523	524.9	530.5	532.4	532.1	519.3	490.5	472.7	468.6	464.7	442.6	420.7	411.3	405.4	409.8	433.1	476.7	519.8	566.3	598.8	624.6	634.2	610.1	590	547.5	492.6	450.1	426.6	397.3	371.8	368.2	374.9	397.5	417.6	426.2	433.4	441.4	452.8	462.2	467.5	477.3	486.6	492.2	500.5	505.4	498	484.5	483.1	490.2	489.8	488.5	492.2	500.2	496.7	500.3	504.3	502.7	492.3	494.1	485.5	476.6	472.3	461.9	454.7	448.1	443.9	444.1	437.7	435.4	427.6	422.8	411.3	409.9	407.7	400.1	394.3	385.5	372.3	361.3	343.4	323.5	307.2	279.9	232.1	184.5	137.4	112.2	135.3	156.6	176.9	192.9	199.7	189.4	188.7	197.4	192.8	177.8	175.8	203.8	282.6	357.5	414.4	524.3	601.7	653.5	648.9	673.2	689.4	698.5	714.6	710	700.5	696.1	696.4	708.1	714	696.4	671	662.1	680.2	694.2
802.2	802.5	796.8	790.8	782.4	774.3	773.1	771.3	767.1	765.9	766.2	765.3	760.5	756	742	733.1	746.1	744	741.5	733.7	734.4	732.1	740.2	734.9	683.1	610.7	497.1	412.3	394.3	390	373.3	354.4	340.9	328.5	366.6	398.5	338.2	308.4	314.4	327.9	358	413.1	400.4	403.9	443.9	468.5	472.9	471	478.9	481.8	484.6	497.9	507.5	512.9	520.3	522.8	528.4	532.3	541.6	547.1	551.5	559.5	559.2	556.3	554	547.5	541.5	540.4	534.8	530.1	527.9	536.6	548.5	549.8	548.6	548.9	548.8	545.7	533.8	513.7	490	476	472.3	464.2	439	417.9	409.7	408	419	447.7	487	528.1	580.3	610.9	624.2	632.7	616.4	589.8	542.9	491.3	446.4	421	404.7	383.6	375.8	380.4	393.9	412.3	422.4	434.8	444.8	456.5	466.8	474.8	489.8	500.4	508.8	510.9	516.9	523.7	511.1	501.1	506.6	506.7	517.7	522.6	521.3	528.5	534.3	533.3	527.3	522.8	526.6	521.8	507.8	491.5	490.8	478.4	468.5	460.7	445.8	440.8	441.3	434.6	429.3	418.6	415.1	414.1	405.2	396	386.7	378.1	366.3	349	322.9	307.1	279.2	230.2	190.8	142	121.4	143.5	166.2	186.5	201.3	203.8	194.5	195.9	209.1	219.2	214.1	216.7	248.1	319.7	389.9	464.7	572.2	640.8	694.8	681.6	652.9	676.8	710.1	721.3	713.7	707.2	712.5	706.3	707.3	713.5	698.5	700.6	715	712.2	684.4
806.1	804.6	797.7	790.8	782.1	769.5	773.1	770.4	767.4	765.9	766.2	764.4	759.6	756	723	718.1	745.8	744	735.9	735.1	735.5	744.1	748.5	735.4	685.1	592.4	501	406.4	387.8	396.5	381.5	371.3	353.3	348.3	397	394.4	338.8	316.7	324.4	337.3	360	417.3	408.2	392.3	426.8	464	467.8	466	478.3	485.1	490.2	496.5	498.7	507.1	515.8	516.1	523.6	527.4	537.5	544.5	555.3	560.3	558.8	561.6	566	562.7	555	555.5	551.9	551.2	557.3	567.8	574.3	579.2	574	571.1	567.4	561.7	544.3	515.7	491.4	477.5	464.3	458.7	432.5	414.1	411.3	413.6	426.8	459.5	488.9	528.6	591.9	626.7	627.3	628.2	607.7	570	528.2	482.3	442.9	426.1	411.3	391.6	382.6	386.8	401.2	415.2	413.4	423.5	437.5	445.2	460.2	468.5	489	508.7	520.6	532.9	542	552.5	547.2	537.9	537.9	540.9	545.6	548.8	556.5	562.3	564.1	564.5	558.2	551	551.7	545.8	531.7	518.3	507.8	491.2	481.6	481	461.6	436.8	431.2	432.2	427.3	427.8	429.8	423.2	410.1	398.2	384	376.6	363.7	349.4	329.1	308.8	282.3	232.6	185.6	141.3	124.2	146.3	169.5	191.7	207.1	204.2	200.7	203.9	212.4	223.1	242.4	268.7	318.9	384.1	455.5	543.4	632.5	673.6	685.7	682.4	654.8	660.3	705	715	699.5	692.2	701.3	699.7	692.4	708.3	701.3	705.7	716.1	716.7	691.1
812.1	807	800.4	790.5	780.9	775.2	772.5	770.4	769.5	758.2	740.8	738.9	759.3	740.9	719.6	733.3	746.4	745.2	743.4	737.5	733.1	748.8	739.9	733.8	659.3	554.2	486.8	380.9	363.8	386.7	389.1	392.2	388.6	365.2	402.7	396.4	344.7	320	339	355.3	377.8	423.8	412.2	391	419.5	456.7	465.4	468.1	479	490.9	493.4	498.5	496.2	505.5	512.5	516.6	526.6	532.3	539.8	550	560	567.4	571.4	569.2	577.2	580	572.8	563.5	570.7	579.6	576.1	576.4	578.4	589.1	588.5	578	574.4	565.1	540.7	515.2	489.5	464.9	458.9	450.7	429.8	418.3	414.3	418.9	440.7	466.3	487.8	519.7	580.4	620.9	627.5	628.5	606.1	568.5	528.7	480.2	443.8	422.3	410.2	395.1	387	383.5	398	412.9	414.1	426.3	438.6	441.5	460.2	475.6	489.5	520.4	539.7	552	558.3	560.8	564.7	561.4	561.4	560.6	559.4	563.2	571.4	578	567.5	568.9	570.2	563	559.3	560.8	555.2	542.5	527.4	507.1	490.8	486.2	476.2	444.3	434.6	437.5	429.9	427.8	433.1	424.1	411.7	401.3	384.8	373.5	365.9	349.9	333.7	310.5	280.9	235.2	184.1	148.9	133.4	152.7	179.5	205.4	219.7	218.4	219.6	231.3	241.5	247.2	260.9	286.2	326.9	379.2	462.6	564.9	644	677.1	693.9	706	695.1	654	649.2	666.6	680.4	685.4	696.1	693.2	687.8	693	707.5	734.3	733.5	717.7	722.8
812.4	806.7	800.1	789.3	781.8	775.5	773.4	769.1	770.1	765.9	746.4	747.7	759.3	737.7	727.6	743.7	746.7	745.5	743.7	743.1	729.9	737	733.6	732.7	648.1	546.9	469.4	357.5	346.6	365.6	373.5	386.8	383.7	380.3	423.7	372.9	337.3	313.3	333.9	360.4	369	415.5	407.9	387.2	415.7	456.7	471	470.9	473.2	480.4	486.1	493.2	490.9	500.9	508.6	513.6	524.4	529.2	538	548.3	555.7	566.7	573.5	575.4	586.3	593.4	589.6	587.8	588.2	596.1	599.8	592.3	591.5	600.9	605.8	594.6	580.7	574.3	542.8	515.5	487.1	461.1	452.4	437.8	423.4	414.3	410.9	418.1	442.7	468.3	491.3	533.6	591.9	625.5	642.1	643.5	610.7	575.7	534.4	491.5	455.9	427.1	416.7	399.9	387.5	381.4	391	398.9	400.5	414.8	423.7	436.1	452.7	469.4	495.9	528.9	554.1	572.6	585.1	586.3	585.8	588.5	595.1	590.6	580.8	578.5	583.9	584.4	574.1	573.8	578.7	569.7	567.2	573	570.9	558.1	538.2	522.7	506.4	494.4	481.2	460.7	448.1	443.2	426.5	418.2	426.3	422.5	411.2	395.7	377.1	371.1	361.6	346.1	331.1	310	285.4	241.9	183.8	142.6	129.8	151	181.3	210	222.6	215.7	222.1	245.9	273.6	313	357.6	376.1	393	413.5	469.1	561.5	663	693	713.4	715.1	697.2	660.4	641.6	651.7	667	681.3	698	700.2	689.5	693.4	707.3	727.3	732.8	712.9	718.7
810	804.9	795.3	788.1	780.9	777.3	777.6	774.6	771	765.6	765.6	763.2	760.2	756.9	750.6	735.5	747.3	746.1	744.6	741.3	707.7	708.8	741.3	733.3	655.2	556.9	481.2	366.4	338.2	344.7	343.7	361.1	366	381.9	430.1	375.7	325.8	292.2	301.3	363.5	397	413.8	403.9	389.9	410	453.3	468.6	469	471.4	474.6	482.5	485.7	494.2	501.6	505.7	514	516.6	519.9	534.9	552.8	560.7	572.8	578	581.9	590.7	596.3	597.1	601.3	606.7	612.2	611.2	604.3	599	604.2	612.2	608.1	578.5	570.5	545.7	508.8	484.6	455.6	439.3	437.5	421.2	407	405.3	413.4	441.8	467.1	491.4	534.5	588.8	616	636	646.7	618.1	578	536.4	502.2	465.8	437.6	421.1	402.7	392.4	391.7	392.1	389.7	393.2	399.4	404.3	418.5	433.7	460.5	486.7	513.7	553.7	577.2	589.9	590.9	592.7	600.2	601.2	596.4	587.8	580.5	579.1	578.7	576.8	577	580	570.9	573.3	572.8	565.1	556.6	545.3	528.2	515.6	505.6	487.7	469.5	457.2	447.8	429.1	414.5	415.8	417	405.7	395.5	376.7	368.1	362.5	348.2	331.2	311.2	287.6	251.9	196.5	175.6	144.5	136.5	163.9	190.9	215.5	215.5	228.9	253.9	291.6	343	383.5	383.8	369	380	415.4	512.9	629.2	670.2	696.7	702.1	691.7	685.5	685.3	665.8	657.5	687	692.1	698.6	693.7	685.9	687.3	687.7	697.7	711	720.2
810.6	804.3	793.8	789	781.8	778.2	778.2	774.6	771.3	766.2	765.3	762.9	760.5	756.6	750.9	747.6	747.3	746.1	740.4	715.4	695.6	723.6	732	724.9	663.6	554.1	473.8	366	333.2	328.3	326.8	340.5	360.7	390.8	429.2	353.9	305.4	287.1	309.3	361.5	391.4	404.2	393.7	385.2	407.7	446.3	454.7	454	464.4	470.8	472.5	486.3	490	491.5	504.9	507.4	508.7	517.9	527.1	540.4	560	573.3	572.6	574.6	579.3	587.3	602.4	616.8	633.5	626.2	627.5	618.7	616.4	624.1	616.6	596	564	534.4	513.4	485.8	447.6	424	414.3	409	401.3	405	405.3	421.2	453.6	484.9	511.2	559.7	600.8	617.5	631.6	640.4	623.3	585.2	544.8	504.7	474	446	420.5	400.7	390.9	389.7	383.8	381.9	380.2	379.5	389.7	401.8	419	447.7	470.6	509.3	545	567.4	587.2	598.6	604.5	604.9	605	603.1	593.8	595.7	597.7	598	597.1	595.6	589.2	579.9	574.1	573.9	563.8	555.4	546.7	536.7	522.9	504.8	480.9	468.5	453	444.9	431.3	415.1	408.5	408.4	397.9	384.7	372.3	364.4	353.7	342.7	331	304.5	285.3	264.8	208.5	155.8	118.5	129.6	158.3	190.3	224.1	230.5	236.7	288.2	374	392.4	383.5	368.2	350.1	362.8	407.2	540.7	629.3	648.2	686.6	693.6	685.6	696.5	693.1	661.6	679.7	702.8	704.4	695.5	700	701.7	697.9	688.1	703.9	717	726.2
810.6	797.8	788.4	787.3	782.4	779.1	778.5	775.8	771.9	766.2	765.9	762.3	759.6	756.9	737.5	747.3	747.6	746.1	722.1	691.9	713	737.4	746.1	747.9	696.5	552.3	473.3	372.3	337.3	339.3	333.9	335.8	338	364.2	418.6	355.4	295.5	274.2	326.2	391.6	392.9	395.7	383.5	374.8	396.7	434.2	452	452.5	454.7	461.6	464.2	477.5	482.4	485.8	498.7	503.2	507.5	519.1	529	538.8	548.5	552.4	557.9	573.4	579.1	593.8	606.6	610.1	615.6	619.6	624.6	625.3	622.3	621.1	605.3	588.7	566.5	534.3	491.7	461	438.3	406	393.3	389.9	391.9	402.3	408.8	425.5	456.3	486.2	515	556.2	591.9	616.1	636.5	646.6	621.9	580.5	539	507.4	478.1	442.1	411.2	390.5	381.4	374.4	375.9	376.2	378.9	380.6	387.9	394.7	405.2	434.4	465.6	507.7	538.7	561.2	570.9	585.7	613.9	611.9	607	606.2	601.1	611.4	616.4	606.5	597.5	595	586	580.5	579.2	577.1	563.9	549.6	538.9	528.7	516.1	497	468.6	459.6	456.1	438.9	426.4	415.3	403.7	392.1	387.4	378.7	372.1	362.6	350.1	345.5	334.6	310.4	285.5	259.4	218.6	188.9	131	119.1	161.7	197.5	227.2	236.4	234.2	286.5	348.3	358.3	358.8	350.9	336	338.2	400.7	555.7	641.1	655.5	680.6	691.1	695.6	704.9	705.5	680.2	670.9	684	676.1	692.8	687.1	686.6	702.2	685.7	686.5	715.6	733.9
808.2	797.1	781	787.8	782.4	779.7	778.8	776.1	771.9	766.2	765	761.4	756.9	757.2	740.2	747.6	747.3	745.8	723.1	703.7	727.4	745.2	745.5	746.7	689.2	557.5	460.8	370.4	341.2	341.1	337.9	337.7	339.9	369.3	422.5	374.8	301.6	278.9	331.8	389.8	384.7	389.1	383.4	370.4	386.8	420.9	439.8	448.7	452.4	455.6	460.2	466.8	476.1	488.4	494.3	496.3	506.6	520.6	527.5	532.6	545.4	545.1	554.3	577.6	589.2	605.5	611.5	613	620.5	620.7	624.4	626.2	607.9	599.7	579.1	548.9	534.2	506	461.3	425.1	409.5	395.1	387.2	385.1	391.9	401.8	416.5	437.8	466.1	487.4	512.9	565	595.4	617.8	632	627.6	608.9	588	551.1	525	498.5	456	413.7	392.7	381.4	371	371.7	374.7	370.2	368.4	374.2	373.7	384.2	416.6	445.9	483.2	519.7	546.3	558	579.7	602.4	606.8	602.9	612.8	619.5	611.8	606.1	599.5	598.7	599.1	592.8	588	582.4	577	574.4	556.4	539	527.4	503.3	479.3	453.6	441.8	440.1	428.2	412.1	406.9	396.7	387.4	373.7	365.1	361.7	349	341.9	336.9	327.8	310.1	288.2	270.6	225.8	187.9	141.1	118.5	150.6	194.7	228	240.4	238.5	317.7	343.8	328.5	333.4	326.8	318.9	368.1	471.9	569.4	661.4	678.9	685.8	692.5	699.1	711.2	706.8	684.2	682.4	676.9	659.5	683.6	683.6	679.3	691.4	678.7	677.3	704.8	717.9
800.1	793.2	792.6	786.6	783	783	768.5	774.8	771.3	765	765	749.6	742.3	751.4	751.8	747.3	746.7	745.5	741.8	744.6	743.4	744.3	745.8	730	685.2	571.5	471.4	381.1	353.9	354.1	349.4	352.9	351.4	366.1	396.3	375.8	316.9	308.7	362.9	391.2	380.1	391.5	378.6	365.3	380.2	412	433	444	449.8	452.9	458.5	466.5	468.7	480	490.2	493.5	506.3	519.2	527	537.1	544.8	553.4	562.8	586.3	598.7	605.1	611.8	615.5	619.4	620.1	607.8	603.1	593.6	580.3	568	545	525.4	494.5	449.7	417.9	397.6	395.4	385.7	388.1	393.2	403.2	414	442.7	470.6	488	507.3	561.4	602.6	634.2	661.7	646.5	615.2	595.1	581.5	549.8	497.6	454.7	422.3	396.8	379.8	361.7	357.6	359.4	361.8	366.1	370.8	367.4	370.2	396.9	430.7	468.3	500.1	522.4	542.9	575.3	600.1	611.1	608.2	613.5	615.2	606.1	601.3	598.4	597.1	597.1	591.9	586.5	577.6	570.4	569.9	560	539.4	521.4	502.1	476.9	454.7	439.5	426.1	418.5	407.1	401.2	392.8	386	373.7	359.9	346.9	341.3	339.2	337.8	324.5	306.5	287.6	270.2	247.1	196.8	153.5	138.3	157.6	196	224.6	230.2	211.9	292.3	335.9	338.5	342.1	327.8	331	392.7	475.3	570.4	658.4	701.2	734.9	704.8	688.1	692.3	696.1	687.2	685.1	684.3	683.2	693.9	704	693.6	679.3	675	654.1	678.9	684.5
798	792	790.2	784.8	782.7	777.3	769.3	775.8	770.4	767.7	765	738.4	735.6	753.4	751.8	747.6	746.7	745.8	745.8	744.6	743.7	744.6	744.4	737.5	696.3	587.5	454.2	388.6	364.2	361.8	351.5	362.8	358.3	373.8	393.5	393.2	358.7	320.5	365.9	391.6	386.9	393.5	380.1	363.5	370.8	397.1	424.8	439.6	442.1	442.2	447.5	453.7	453.8	473.2	487.9	495.5	507.2	516.2	524.8	542.4	554	563.1	572.7	587.3	603.4	610.5	610.8	609.5	606.4	605.1	589.5	578.6	574.5	558.6	538.4	519.6	503	476.4	437.5	429.9	426.8	418.8	417	418.5	417.5	416	428.7	451	466.7	490.9	522.7	569.4	611.4	631.9	665.6	655.8	613.4	590.4	569	553	502.6	455	429.8	400.8	381.7	367	361.9	370.1	376.2	378.3	377.3	367	353.5	371.1	406.4	446.5	475.8	500.1	526.5	556.4	586.2	590.7	596.5	605.6	601.9	600.1	600.8	602.3	598.6	596	588.1	581.2	576	575.4	568	556.6	535.5	517.2	501.8	469.8	450.5	437.1	419.7	412.4	404.4	388	380.5	374	362.2	352.1	340.4	338.1	335.3	331	316.3	303.6	285.2	268.4	247.5	193.4	155.3	145.4	146.1	178.7	200.9	200.5	206	300.4	321.2	327.8	344.3	379.6	425.8	440.3	473.7	570	651.9	702.6	740.1	709.6	685.9	682.4	688	688.6	688.3	684.8	687.2	697.4	712.8	709.4	685.6	674.6	667.3	667.8	676.8
801.3	793.5	788.4	786	784.8	780.9	779.1	775.2	769.5	769.2	738.8	728.8	746.4	729	738.1	747.6	746.4	745.8	745.8	741.4	735	738	738.1	739.5	733.1	652.7	491.3	410.1	382.7	373.6	366.7	372.8	370.3	387.4	412	391.6	381.7	343.6	366.3	395.3	384.7	386.5	376.3	360.5	369.2	388.1	418.3	429.4	429.2	432.8	436	439.7	445.6	469.2	489	498.3	506.8	520.3	529.2	538.8	553.1	563.1	574.7	584.5	595.5	601.5	606.2	597.4	590.4	588.8	582.3	568.4	559.2	548.2	523.1	498.2	477.4	456.4	431.4	426.1	419.3	412.7	420.6	424.8	427.4	426.9	437.5	458.3	466.8	483.5	517.7	568.4	612.2	646.8	665.3	649.3	620.4	591.3	564.6	547.7	493.8	458.6	435.4	409.8	384.6	368.5	359.7	370.1	373.6	376.3	375	372.3	360.2	361	386.3	425.1	453.4	475.3	504.4	534.5	554.9	571.6	594	587.4	597.1	604.3	606.9	602.6	594.7	591.9	584.1	572.3	567.2	570.7	561.9	553.2	538.5	508	482.3	457.4	447.3	434.4	421.5	408.9	395.2	380.1	376.6	366.6	354.6	347.9	338.9	334.6	328.3	323.1	310	296.1	286.7	271.2	253.4	195.1	158.7	166.6	172.6	173.6	169.4	175.9	202.1	300.4	330	330	360.3	418.8	452.8	448.9	479	574.1	645.8	638.2	664.6	707.9	712.1	698.8	679.4	696.4	687.2	665.6	680.9	690.4	698.1	709.1	703.2	712.3	696	665.4	664.2
801.6	793.8	788.1	787.2	785.1	780.9	779.7	774.6	769.5	758.2	737.3	718.5	750.2	738.9	726.9	747.9	746.4	746.1	742.3	728.6	711.4	730.3	738.5	745.8	745.2	666.3	507.2	422.6	390.3	390.6	378.1	371.8	377.8	402.4	419.1	402.5	402.3	424.3	422.4	402.6	382.2	373.2	362.7	356.4	368.4	383	402.1	414.3	409.1	422.6	424.2	433.6	447	464.4	478.9	491	506.4	522.5	526.7	542.5	558.2	561.9	572.8	580.9	593.6	600.8	590.5	579.5	573	566.1	561.9	542.1	528.8	522.6	498.6	470.1	450.5	435.3	438.3	437.2	434.5	443.1	450.4	443.4	429	431.8	445.6	458.1	459.1	477.9	513.4	577.3	616.2	639.7	656.6	647.7	611.7	587.4	566.3	514.6	478.9	445.7	426.7	409.6	394.2	382.1	386.4	389.9	394.1	399.6	387.1	373.2	361.1	356.8	377.8	406.1	431.7	451.3	476.5	503.1	522.8	544.2	556.2	565	578.1	584.1	588.4	593.7	586.1	583.4	576.6	563.3	557.8	561.7	542.9	538.2	526.6	498	469.2	447.4	433	424.8	415.5	406.9	387.6	375.2	372.3	360.9	347.9	341.7	338	329.8	320.6	318.2	305.3	294.9	284.8	275.3	261.5	213.1	177.2	202.6	236.5	237.2	217.6	214.7	252.8	365.5	414.8	433.7	456.5	458	451.4	449.1	477.9	568.3	649.7	654.4	659.6	688.1	705.1	691.4	677.6	692.6	702.6	686.8	665.1	668.3	693.9	679.3	686.6	694.3	675.2	663.3	669.1
794.4	782.2	789.3	790.8	787.5	784.2	781.2	774	751.7	740.7	754.4	761.4	761.4	758.4	754.2	748.2	746.7	729.9	728.6	722	718.7	739.1	744.3	745.5	733.2	688.6	494.9	420.5	412.3	415.3	395.4	386.6	382.1	399.2	424.2	421.3	413.7	426.8	467.4	442.7	388.2	361.9	354.1	355.2	363.4	377.4	394.1	402.2	402.8	412.9	420.9	433.4	442.3	460	470.6	483.8	504.7	513.6	526	540.7	546.7	548.5	557	559.2	569.4	575.1	574.9	565.6	556.7	551.6	538.3	523.3	509.5	494.4	474.2	455.2	439.6	425.8	419.5	414.3	415.6	449.7	476.3	467.4	447.9	442.5	450.5	457.9	452.6	465.2	498.5	558.2	602	619.9	632	634.2	608	577.1	534.1	496.8	464	435.5	417.6	411.4	394.9	386.4	391.2	400.5	409.5	405.1	381.3	360.7	355.6	353.9	368.5	398.1	422.3	437.5	463.7	490.6	507	527.5	537.3	540.7	556.8	574.2	587.9	581.2	569.5	571.7	563.7	546.7	551.9	560.6	531.9	517	511	486.1	458.5	430.8	425.9	421.8	408.3	392.6	381.6	374.3	361.1	347.5	337.7	333.3	330.1	324	319.1	311.9	301	292.5	283.5	274	266.3	207.5	174.1	236.5	272.2	242.5	243.6	275	306.6	385.8	452.1	466.9	473.7	479.4	472.1	469.2	522.8	641.4	673.6	656.9	674.1	709.8	694.4	675.4	685.9	688	689.5	664.5	634.1	668.7	671.7	658	657.4	676.2	702.3	695.7	705.5
789.4	785.2	789.3	792	788.1	784.5	780.3	771.1	760.1	754.2	763.9	761.4	761.1	758.1	754.2	749.4	743.9	725.6	727.5	719.9	731.7	734.9	741.9	731.8	732.2	689.9	498.4	424.5	415.8	422.7	409.3	399.1	388	407	428.5	421.7	420.8	428.3	474.7	497.3	484.8	444.3	396.2	358.8	358.1	362.1	379.3	385.8	392.2	402.5	414.8	426.3	437.3	456	462.1	468.2	488.2	504.7	513.9	529.1	533.5	535.3	536.8	532.4	539.4	540.8	539.9	531.3	526.7	520.7	510.2	495.2	480.4	470.7	464.8	453.7	429.4	422.8	426.8	426.4	437.8	458.5	474.8	457.1	438.6	443.4	450	449.2	445.6	454.9	478.8	513.3	544.1	569.1	588.5	590.3	581.5	551.9	515.9	489.5	462	435.8	416.7	409.3	404.5	396	402.5	412.4	419.4	415.7	391.4	359.8	359.4	360.2	367.2	392.1	409.9	426.3	441.4	467.7	486.4	507.8	511.3	509.9	526	545.2	559	557.5	544	542.6	539.6	527.1	528	533	514.5	500.6	496.3	474.8	446.8	422.5	413.5	410	396.5	378.8	373.5	369.5	351.7	341.2	332	326.5	326.3	316.6	309.1	302.5	294.4	287.2	280.3	273.8	269.1	214.5	195	289.8	311.7	303.2	317.1	340.6	364	426.8	463.8	471.5	479	483.7	477.6	472.4	532.3	629.5	646.1	649.2	660.8	697.4	699.6	690.6	694.4	684.3	679.6	656.1	639.7	671.4	687	676.3	671.3	684.8	696.7	696.1	701.3
798.3	789.4	791	793.2	784.5	768.6	766.9	773.4	771	768	764.7	762.9	762.6	759.3	755.4	746.8	727.2	716.5	733.9	743.7	730	733.6	738.7	730.9	738.1	704.4	537.8	448.9	427.1	440	432.6	422.7	410.4	412.9	426.4	426	424.6	434.3	480.4	495.5	478.8	471.7	412.9	358.7	352.4	354.6	369	382.2	388.8	395.2	404.6	412.8	420.3	438.3	444.7	453.1	474.6	491.9	505.7	515.5	519.6	518.2	512.5	519	521.2	521.4	524.4	513.6	501.7	493.3	491	480	467.4	462.6	455.9	444.3	420.1	401.2	404.3	407.4	449	485.7	484.6	465.6	447.3	441.4	439.9	433.4	427.8	433.6	452	482.3	507.9	524.8	533.9	539.3	536.7	514.5	489.7	469	446.6	422	405.9	398.8	396.5	392.6	401	408.6	416.1	421.4	404.7	365.4	342.2	347.6	350.7	374.8	399.5	414.5	426.6	446.2	463.2	483.6	489.6	488.9	499.3	515.9	524.3	522.2	519.5	517.1	521.9	530.1	521	510.2	497.9	480.6	478.6	466.9	442.1	418.9	405.8	397	384.9	371	360.9	357.8	347.5	335.5	330.3	324.7	321	316.1	302.5	294.4	290.4	279.9	273.7	270.9	274.1	227.3	199.4	279.5	321.4	330.5	342.1	357.9	369.6	436.4	480.5	485.2	490.3	491.5	482.5	490.2	574.6	633.2	633.1	645.4	634.2	683.4	704.9	703.7	691.7	684.6	681.4	657.9	635.6	650.2	668.7	690.7	703.3	693	690.6	695	696.7
801	789.7	788.4	792	783.4	771.2	773.7	771.3	764.1	768.3	761.5	763.2	763.8	760.2	755.4	743.3	724.7	720.1	742.7	739.9	729.4	744	744.3	743.7	743.7	724.8	596	474	426.8	447.6	457.7	467.2	453.4	434.2	419	420.2	419.3	430.4	480	496	480.5	471.4	421.9	356.6	343	348	356.5	370.3	377.8	380.8	389.9	391.5	403.6	422.1	432.3	445.3	457.7	466.2	475	492.4	502	500.6	497.8	502.9	504.8	494.2	486.7	482.2	470.8	466.6	464.6	461.5	461.4	458	449.7	444	418.4	399.4	386.1	400.6	442.5	472.9	472.1	466	449.9	430.7	421.6	402	397.9	410.6	416.4	438	463.2	474.8	476.4	481.9	482.1	473.2	454.9	439.6	418.7	403	396.1	385.8	380.9	381	391.4	398	399.6	405.2	401.3	369.9	344.5	346.3	348.9	360.5	391.4	407	413.7	426.9	437	454.9	460.1	464.7	475.8	485	486.1	486.3	486.2	494.6	503.4	509.5	500.7	495.2	481.8	458.2	456	448.7	429.6	409.5	385.8	379.7	368.9	359.7	348.3	346.3	345.1	330.9	324.7	318.8	314.5	311.6	301.7	290.8	284.6	273.3	269.5	273.7	282.9	251.3	213.5	277	325.3	336.5	348.5	357.3	368.8	410.6	483.7	491.2	490.6	490.6	482.5	499.6	592	659.8	660.1	629.2	623.8	672.8	703.1	701.4	665.4	653	682.1	672	650.1	657.1	664.2	684.2	709.4	705.2	695.3	694.8	691.4
799.4	796.6	795.6	792	788.4	781.8	776.1	774	769.7	759.8	761.4	765	745.8	753.1	756	751.8	749.7	746.2	745.8	740.6	744.3	743.4	744	740.8	743.4	738.3	617.7	537.8	449.4	449.1	468.7	499.4	485.7	447.7	429.8	420.6	420.5	435.4	477	484.1	476.7	469.9	444.3	387.5	349.4	339.8	345.8	362	378.8	370.4	359.3	377.6	393.2	406	422.8	432.8	429.5	443	462.7	468.9	474.8	483	485.4	490.1	487	479.7	467.5	456.2	453	453.3	447.4	446.1	453.6	451.1	437.9	416	389.7	378	376.5	389.1	432	463.8	454.8	437.3	420.9	399.8	385.3	373.2	373.3	386.4	395.8	401.5	416.8	427.8	434	436.7	435.9	429.7	414.1	398.9	386.9	367.9	356.5	349.5	350.9	358.6	368.5	385.4	404.8	411.6	397.4	375.6	339.2	318.3	312.5	337	379.9	401.4	412.7	415.7	422.8	436.9	445.3	454	456.7	465.8	465.9	467.3	472.5	476.2	487.8	488.9	483.2	478.5	465.1	457.2	458.4	451.9	427.1	407.1	389.2	374	366.1	353.9	340.8	335.3	335.5	329	324.3	317.6	309.4	307.8	303	292.3	283.9	275.5	266.9	270.9	279.2	243.6	185	214.2	301.4	330.3	346.8	356.6	366.2	449	508.7	498.4	491.1	488.6	488.4	525.3	608.8	662.4	670.3	673.6	650.3	639.3	664.5	699.3	690.4	674.8	696.9	709.6	704.6	697.8	682.1	662.7	686.4	695	686.3	671.3	665.9
806.6	799.5	796.8	792.6	787.5	781.8	775.8	773.4	761.3	757.7	765.6	753.8	740.2	757.9	756.6	751.8	749.7	747.3	745.8	744.6	744	743.4	743.7	741	743.4	742.9	633.2	554.4	460.4	431.7	461.9	506.7	493.2	459.5	434.6	421.3	417.1	433.8	478.1	482.1	469.7	461.3	395.2	324.6	324.2	327.5	337.1	349	363.2	357.1	343.3	358	375.8	394.6	407.1	410.7	415.2	432.7	448.3	452.6	455.2	460.9	463.3	472.1	467.2	458.2	448.8	433.9	425.9	433	435.9	443.5	454.1	453.3	443.7	418.8	394.7	374.3	359.4	370.2	398.9	418.5	414.5	401.6	385.1	363.4	345	326.1	323.9	346.4	364.4	373.6	381.7	386.2	391.6	392.7	389.3	381.9	364	349.3	341.1	326.3	310.5	306.2	315.2	329	345.7	362.2	372.8	372.9	363.8	345.2	319.7	307.5	308	334.2	374.4	403.4	416.9	414.1	415.3	413.6	422.5	431.5	433.1	437.4	433.5	450	453.8	449.7	468.2	471.8	464.9	458.1	454	447.5	445.5	430.5	415.6	398.3	381.2	372.7	357	341	335	327.9	324.8	319.1	314.8	311.7	308.2	301	290.8	283.7	277.4	269.8	263.8	267.3	273.1	243.2	206.3	243	317.2	333.2	353.7	360.1	375.2	455.8	513	502.3	490.3	486.9	488.4	524.3	603.4	661.3	690.9	692.6	662.9	652.4	667.7	693.2	693.1	690.9	682.3	707.9	706.7	700.2	691.9	665.6	683	692.1	685.3	665.8	659.8
810.9	801.6	799.8	795.6	786.6	780	773.7	771.3	771	763.7	748.8	756.7	743.4	760.8	756.9	752.7	746.8	748.2	746.7	745.5	744	743.4	743.1	725.9	720.4	730.4	647.4	580.5	519.3	435.2	448.6	505.5	499.9	474.8	455.4	437.7	432.9	452.5	474.6	471.8	464.4	459.4	396.9	317.1	315.4	318	324.8	337.7	347.6	347.7	349.1	358.2	367.1	384.4	391.2	391.2	400.7	421.4	431.8	440.7	452.3	456.7	459.9	457.4	448.7	444	438.8	422.7	412.3	416.1	424.1	430.5	431.3	429.5	424	407.7	388	368.8	354.4	353.6	364.8	369.5	362.3	352.9	337.5	315.8	292.6	273.4	270.7	289.5	316.8	339.8	346.4	344.9	349.5	356.4	351.3	345.6	337	312.4	301.6	286.9	271.5	265.9	273.6	287.2	305.4	320.1	332.4	340.4	334.7	319.3	302.9	291.6	297.2	326.9	358.1	379.1	391.9	405.8	408.5	408.6	414.9	422.2	424.4	430	431.7	446.4	445.3	447.2	462.1	456.3	457.9	456	452.1	448.6	435.7	412.7	400.2	383.1	366.4	362.4	345.7	331.3	327	317.5	317.1	311.3	302.9	305.4	302.6	288.5	280.9	274.3	272.3	266.8	262.3	266.9	269.3	241.4	225.8	254	317	333.5	351.4	366.4	379.7	454.6	515.4	507.8	490.6	486.3	504.2	577.5	634.8	670.1	682.9	684.9	681	685.9	697.4	693.9	663.9	648.3	667.9	686.5	707.7	714.6	718	709.7	673.4	698.3	709.1	702.1	696.9
812.4	804.3	802.2	795.9	786.3	768.7	774.3	771.9	771	762.7	752.4	765.6	751.7	760.5	755.2	738.4	744.3	748.5	746.7	745.8	744.3	743.4	742.5	728.7	700.8	733.1	675	588.9	552	462.4	450	496.7	497.9	474.5	451.1	436.3	436.4	461.3	478.3	465.6	458.3	452.1	396.4	308	303.6	306.9	314.5	325.1	330.8	337.9	339.4	345.3	357.7	368.6	377.2	379.2	387.9	404.5	412.8	419.4	426.9	436.2	435.6	432.9	423.3	413.4	407.8	403	397.9	399.6	425.4	438.7	431.7	423.8	415	402.7	384.9	372.8	363.3	345.5	323.2	304.2	287.7	277.1	260	244	231.3	228.2	229.5	241.1	264.8	284.1	294.6	300.1	298.7	303.3	295.3	289.5	287.4	264.8	254.9	239.6	227.6	227.6	246	254.7	256.3	257.8	263.2	272.2	270.6	274.8	289.3	291.9	311.7	340.9	367.1	386.5	390.2	395.9	404.6	403.1	402.7	401.8	402.9	414.5	418.8	421.7	427.3	429.5	441	445.7	447.7	441.6	436.7	428.4	414.4	394.9	382.1	371.2	355	349.8	340	324.2	315.6	310.9	309.7	306.7	303.6	300.1	294.8	286.3	276.6	272.2	269.9	265.2	263.6	266.5	266.5	242.6	242.4	272.9	320.3	344	354.3	359.6	389.8	473.4	509.8	482.7	484.4	484.8	510.6	593.2	635.5	674.3	685	681	679.6	681.7	692.1	691.1	669.7	653.1	661.7	678.7	702.1	712.8	719.6	713.5	685.3	699.8	712.2	702.8	703.4
807.9	810.6	809.1	800.4	792	786.6	771.7	774.6	771	768.3	766.8	765.3	763.8	758.1	744.4	746	751.8	748.8	742.7	746.1	744.6	743.4	741.7	690.4	681.2	742.4	715.6	616	583.7	514.6	452.4	472.9	477.9	467.6	445.5	435.2	441.1	465.6	476.3	465.4	459.7	451.4	387.6	300.1	294	301.2	311.2	314.7	313.6	318.8	323.8	338.4	350.7	356	360.9	368	377.9	388.2	396.9	409.9	420.5	418.1	414	411.5	408.6	403.7	396.5	392.7	394	399.9	420.5	423.4	416.8	414	405.2	396.2	382.7	366	364.7	349.1	307.4	266.8	235.8	214	192.9	173.4	161.2	166.5	184.7	206.3	229.3	245.5	258.9	267	267.6	257.5	253.7	254.6	250	236.8	223.7	196.2	173.4	180.7	198.1	213.3	220.7	219.4	221.2	224.7	228.1	246.5	270.1	290.2	315.9	342.2	363.7	373.3	378.9	383.6	392.6	391.1	387.9	391.2	393.9	395.3	396	406	413.5	423.7	422.8	422.7	429.3	422.9	411.9	399.9	388.3	378.9	367.8	358.8	345.3	338.5	330.2	318.6	307.6	302.8	304.6	299	296.6	293.6	294.7	287.4	276	271.7	269.6	264.4	262	263.4	262.7	247.8	255.2	282.1	334.2	352.3	353	353.7	387.6	472.7	505.5	467.8	457.1	486.8	535.6	591	660.7	698.8	695.4	684.1	680.4	686	687	691.5	690.2	666.3	650.1	647.1	660.6	673.9	696.5	703.1	691.4	687.6	685.3	685.9	695
801.9	808.8	809.7	799.8	792	786.6	776.3	774.3	770.4	766.6	765.9	765	763.8	759.6	754.7	756	751.8	745	742.5	746.1	744.6	740.5	727.6	681.3	687.2	744	727.5	648.2	593.5	535	481.8	484.9	465	467.4	451.3	440.5	446.5	468.4	472.7	462.6	452.7	445.4	397.4	320.4	291.2	298.5	299	301	301.5	310.8	314	323.1	335.7	338.3	340.7	354.8	369.2	376	380.7	387.2	392.6	390.8	383.1	381.4	379.6	372.1	371.6	380.7	391.7	411.9	426.4	418.6	403.8	396.4	389.8	379.5	369.1	355.8	357.8	349	307.2	258.2	222.3	186.1	156.6	124.8	105.5	107.7	132.6	158.7	187.4	206.8	217.9	223.7	227	218.6	214.4	216.1	213.6	201.4	180.1	151.2	130.7	128.5	137.6	153.7	168.4	172.9	176.1	179.1	187.4	224.9	265.5	301.5	318.3	337.7	354.8	364.4	373.1	380	386.4	382.2	375.4	375.3	372.8	375.7	375.1	379.6	389.4	402	408.6	403.9	402.8	398.8	387.8	375.2	365.4	358.7	351.7	338.1	333	329.2	319.6	309.6	305	301.7	300.1	294.9	292.7	287.3	288.8	283.5	277.8	272.7	268.1	262.4	257.4	258.3	266	271.6	286	300.8	349.3	357	353.4	357.9	415.8	493.6	501	485.3	457.2	490.2	548.7	589.4	661.6	701.6	704.5	703.7	690.9	688.6	694	696.1	699.2	673.2	660.1	661.2	657.3	671.9	705.2	707.7	694.2	688.8	678.6	676.5	673.4
810.3	810.9	812.1	803.4	792.9	786.9	774.1	770.9	770.2	766.7	767.1	766.2	764.7	760.2	758.7	737.6	720.5	734.1	721.5	729.5	730.2	722.5	722	709.6	730.6	743.4	744	699.3	629	558.2	501.6	498.2	472.6	460.7	463.4	458.8	454.6	471.5	480.7	472.2	461.9	447.1	367.2	294.6	283.9	284.4	290.3	291.2	294.1	307.5	310.6	317.4	329.6	330.8	336.6	353.1	363.6	367.9	369.2	370.9	359.6	362	369.9	362.4	359.8	358.9	360.6	367.8	375.5	385	398.7	408.3	407.2	396.4	388.9	380.2	364.7	350.4	354	353.8	321.9	262.1	212.1	168.7	126.2	96.5	90.1	97.2	107.5	131.8	161.2	182.2	193.3	200.6	199.4	193.1	187.6	183	175.9	163.4	147	132	121.6	114.4	109	115.4	133.4	147.1	158.7	164	190	230.2	261.7	285.8	312.5	335.4	351.6	365.1	366.4	361.9	362.8	363.1	369.1	364.1	357.3	357.8	357.8	366	375.6	384.2	385.3	385.2	384.7	375.9	369.5	363.7	355	341.6	332.1	323.9	317.9	312.8	308.2	300.3	296.9	294	293.4	291.4	283.4	277.9	279.9	282.5	277.4	268.9	266.7	264.6	260.9	265.3	272.5	294.5	334	379.7	382.4	373.8	363.1	359.3	380.3	432.7	487.8	490.3	486.2	504.2	560.6	610.5	649.9	675.2	680.1	697.9	691.3	682.1	694.3	710.8	707.4	688.8	679.4	674.8	678.3	679.2	683.7	697.3	676.6	694.3	688	685.7	683.7
814.2	812.7	810.9	801.3	792.6	786	774.9	775.5	773.1	771	767.7	766.8	764.7	760.5	758.4	720.8	722.7	744.8	736.9	738.7	722.3	726.1	722.7	713.5	740.1	743.4	743.7	716.8	632.5	570.5	526.7	501	471.4	455.4	451.6	450.3	454.8	473.8	481.7	472.5	459.7	451.6	394.2	306.6	276.7	272.2	278.7	282.9	286.8	297	303.4	313.6	323.9	323.4	326.5	329.2	334.1	342.1	343.8	338.5	324.4	328.6	334.7	331.4	331.9	346	362.2	384.7	400.9	393.9	391.8	393.9	380.1	368.6	350.9	344	337.3	335.4	337.4	328.9	300.4	257.1	214	167.9	124.3	100.1	90	95	101.1	110.2	130.9	151	167.6	174.3	173.8	170	165.8	162.3	152.2	138.7	127.7	117.3	106.9	101.3	93.4	94.2	107.5	127.4	138.9	162.9	199.9	230.9	266.7	286.9	297.8	313.7	335.3	348.1	352.7	368.7	376	372.9	366.2	352.1	335.1	335.9	345.4	345.8	357.5	360.4	362.9	363	364.8	365.7	356.8	350.7	344.2	336.7	325.5	312.1	308.3	305.1	298.1	292.2	284.8	285.3	282.2	282.7	278.2	272.6	271.1	269.7	268.8	267.5	266.1	263.1	259.6	268.1	282.8	300.8	345.9	403.1	394.2	386.1	375	379.3	425.8	462.7	485.9	494.4	499	515.3	558.5	620.8	668.3	670.8	675.7	693.2	691	679	684.8	699.9	706.1	696.4	687.2	677.4	673.1	675.9	670.8	678.2	676.1	688	685.6	682.9	688.3
814.8	809.7	804	795.6	791.7	786.6	782.4	779.1	776.4	773.7	769.2	767.1	765	761.4	759.6	729.8	752.7	749.7	748.2	746.7	736.4	744.6	744	743.1	741.9	735.3	712.8	733.9	660.9	574	537.6	507.8	497.1	491.4	477.9	452	456.2	478.8	486.5	482.8	471.3	452.4	402.9	310.7	272	265.5	267.6	271.5	276.5	286	298.9	311.1	316.9	316.6	316.1	316.1	319.6	323.9	325.1	317.8	311.1	315	319.2	315	320.2	333.4	353.9	373.7	385.5	382.3	384.9	381.1	368.7	360.4	346.7	339	337.2	340.6	337.3	318.6	295.7	264.6	214.8	173.7	138.7	115.6	107.8	107.7	107	115	125.8	135.4	144.2	148.2	149.4	147.7	148.2	146.2	137.1	129.3	123.9	117.9	113.2	107.1	100.1	95.8	94.9	108	124.9	152.5	197	240.8	269.1	288.5	303.3	317.7	336.7	346.9	353.2	363.5	369.7	365.2	357.5	347.8	331	321.2	331.9	339.1	340.7	343	344	348.7	349.1	353.4	343.8	335.2	331.8	327.7	314.2	303.9	304.8	300.8	293.5	284.4	277.2	277.7	273.7	275.4	275.2	274	270.8	267.3	266.5	268.3	264.6	262.8	262.1	269.4	288.1	310.7	353.5	409.2	407.1	398.3	389.2	397.4	445.1	481	502.8	510.9	512.4	543	578.8	626.2	676.6	699.5	693.7	702.8	693.7	671.7	663.2	679.4	702.1	705.3	681.2	675.2	680.6	674.3	671.1	670.3	673.6	698.6	701.6	688.8	670.6
816	808.5	801.6	794.7	791.1	786.3	784.2	781.8	777.3	774	769.5	767.1	764.7	761.4	752.4	745.3	753.7	749.7	748.5	746.7	736.4	744.3	743.7	742.5	742.2	731.3	713.8	743.7	704.9	600.3	531.8	501.7	496.5	501.3	494.7	462.6	463.5	481.2	486.1	475.9	462.5	449.6	417.3	325.5	265.7	258.1	260.4	260.9	266.3	279	292.5	308.2	307.3	299.2	300.7	303.1	300.3	303.6	299.1	290.8	283.6	290.5	300.4	310.8	323.5	335.7	351.4	366.7	370.9	371.8	368.8	354.5	346.2	343.4	334.7	327.4	324.1	321.8	315.2	296.5	276.7	249.5	222.1	190.2	158.5	134.5	121.6	118.5	114.4	116.8	121.8	124.4	124.1	124.7	128.9	128	127.8	125.8	121.9	120.5	117.4	113.5	109.6	105.8	102.2	101.3	104.6	115.4	134.4	161.4	191.5	226.3	251.5	263.4	288.1	311.3	322.7	334.4	331.8	330	344	343.1	340.3	336.3	327.8	316.7	313.5	320	322.9	324.1	327.3	332.4	328.4	326.5	324.5	318.3	311.9	308.5	301.5	295.5	292.9	290.9	285.1	276.6	267.5	270.8	272.6	272.9	272.6	271.8	274	270.2	264.2	266.1	262.3	258.8	258.6	271.8	302.6	340.3	398.6	417.3	418.7	408.4	401	436.1	479.6	489.1	502.9	514.2	514.7	555.6	606.2	631.9	661.3	685.2	695.6	700.5	699.8	651.4	644.3	674.3	690.8	702.2	678	659.4	672.4	676.5	675.3	683.7	683.4	701.5	715.9	689.1	671.6
816	814.8	804.6	801.6	799.8	795.9	790.8	777.5	775.5	776.7	771	765.8	765.9	763.8	756.3	758.8	758.7	753.3	749.7	737.8	737.4	745.5	745.2	742.3	742.5	742.2	739.8	739.9	701.5	645.3	555.7	505.7	496.4	500.1	507	488.6	494.7	500.7	482.8	473	449.6	429.3	413.3	343.6	268	255.9	256	257.4	259.9	273	285.3	296.5	293.8	290	289.6	290.1	291.8	290.5	287.3	275.7	274.5	283.5	290.2	307.9	319.5	328.5	343.9	358.7	360.2	355.1	354.8	349.3	343.8	335.8	331.9	322.9	316.7	315.9	312.6	303.9	270.5	230.1	212.1	193.3	162	140.4	131.4	123.6	120.6	120.8	123.2	124.5	124.5	126	124.9	122.4	118.8	117.2	120.8	122.6	121.5	121.3	119.4	119.8	116.2	111.9	115.9	120.8	137.3	161.9	182.1	216.7	247.3	268.7	293.6	308.8	311.8	326.2	325.3	325	332.8	334.9	337.6	336.6	332.5	319.3	310.1	305.6	309.1	307.7	309.5	318.1	314.5	310.9	304.4	299.1	294.7	294.4	292.8	293.7	289.4	288	281	275.8	259.7	257.5	268.8	266	261.7	265	267.3	266.5	260.9	261.4	260	257.3	253.8	271.2	305.1	349	417.6	434.5	436.8	419.1	416.7	467.2	512.3	519.8	513.9	518.5	532.2	617.6	684.3	683.8	678.6	685.5	677.5	685.8	690.7	682.2	655.3	668.3	681.4	684.4	674.9	670.1	677.9	693.4	694.4	699	707.2	719.3	733.6	719.8	703.3
816	810.9	802.5	804.3	801	795	787.5	772.7	780.3	773.7	768	764.5	764.7	762.6	759.4	750.4	756.3	750.6	747.9	738	732.2	743.1	742.9	733.6	735.9	740.2	736.3	735.3	712.5	676.3	568.2	502.3	484.5	484.7	489.2	483.9	500.1	499.4	478.2	465.8	444.3	423.6	412.7	341.4	266.5	252.7	252.1	255.7	263.7	274.1	280.6	289	285.8	280.7	277.8	275.5	273.6	271.5	267.4	265.1	271.4	286.8	295.7	303.9	316.2	328.4	335.8	350.8	347.2	331.9	326.1	332.8	335.9	329.8	322.9	312.9	306.5	301	299.1	292.6	258.4	224	213.8	208.2	186.5	162.8	151.2	142.3	140.8	135.2	132.2	133	132.1	131.3	127.7	121.9	121.6	120.2	121.2	126.6	128.4	130.2	131.2	134.6	132.3	135.9	137.4	141	153.4	163.4	173	193.4	231.7	260.2	281.6	289	288.4	299.9	309.8	312.2	306.3	312.8	324.8	329.4	331.6	328.6	313.2	301.6	294.1	292.2	292.9	296.1	295.6	291.8	286.1	282.7	278.3	280.6	280.6	277.6	274.1	275.3	270.2	262.2	255.1	249.9	258.9	258.8	256	260.8	259.8	258.7	260.5	257.9	256.7	254.4	247.1	265.3	299.6	338.8	406.2	455.7	451.4	436.6	477.9	520.2	525.4	525.4	522.2	509	543.8	635.7	683.6	692	689.3	692.8	691	684.8	687.6	691.3	685.1	664.9	671.1	682.7	687.8	683.1	688.3	695.6	699.8	693.4	689.5	704.9	721.7	723.3	717.8
812.5	816	816	814.5	804.9	793.4	782.3	784.5	778.9	775.5	757.9	762	761.7	762.9	752.6	731.8	735.6	744.3	744.4	721.7	720.2	741	744.3	740	728.1	717.1	709.6	733.7	741.1	722.7	642.1	538	497.1	484.2	477.2	476.8	488.7	488.3	470.8	450.4	424.7	421.2	414.1	331.1	270.2	251.4	249.4	250.4	258.6	270.6	276.1	283	284.5	282.6	279	270.2	263.1	262.8	260.7	259.2	266.8	274.5	284.8	290.9	304.7	316.6	326.7	335.1	331.6	319.8	321	330.6	335.6	330.6	318.2	309.3	302.6	299.5	299.4	289.7	273	248.6	225.1	211.1	201.4	190	186.6	182.3	177	163.5	150.9	152.7	152.4	145.2	135.8	130.4	128.3	130.5	134.2	141.7	152.1	163.5	164.9	163.2	163.6	161.6	160.6	163.6	168.2	173.8	197	218.3	244	264.4	274.7	281.2	283.5	290.3	301.2	298.8	294.4	306.6	311.9	313	318.6	316.6	310.2	301.3	285.8	283.1	281.5	276.2	276.9	281.6	284.5	280.1	274.1	273.8	271.1	269.8	269.9	269.1	266.1	253	245.7	248.6	251.4	254.1	255.8	263.6	262.4	258.8	261.8	258.9	256.3	250.8	243.5	261.5	292.1	336.2	411.2	464.4	459.9	454.1	500.9	520.8	518.1	515.5	524.3	519.3	604.2	693.5	684.4	678	680	686.2	694.3	693.2	691.4	693.2	688.4	667.8	686.5	707	715	708.2	702.1	681.6	691	686.9	682.1	687.5	705.7	712.6	710.8
802.7	813.9	816	815.1	803.7	796.4	784.6	784.2	775.1	775.8	764.7	757.9	762.9	763.8	761.7	734	731.9	748.4	741.6	713.6	718.2	739.8	742.7	725.6	712.7	713.9	706.1	731.3	736.2	725.8	666.3	544.6	485.9	469.1	457.4	470.7	484.8	484.6	468.8	443.9	423.5	422	430.3	361.5	282.4	248.5	244.9	245.4	257.4	268.3	276	279.6	278.6	275.9	267.5	262.7	256.3	252.5	255.4	261.6	265.3	274.1	285.2	295.9	303	311.5	317	317.2	317.8	321.9	325.4	325.9	323.7	313	308.3	311.2	309	302.7	303.6	295	280	264.5	246.8	232.8	225.3	215.5	211	202.5	198.1	183.2	171.4	167	163.4	156	147.9	143.7	137.6	141.2	150.4	158.5	167.7	182.5	192.4	197	196.6	193.1	191.6	189.5	189.9	188.9	207.4	229.3	241.5	258.5	267.7	274	275.8	281	286.4	287	287.9	294.9	303.8	304.2	302.1	300.2	304.7	299.7	287.2	280	278.1	262.6	260.4	267.1	267.1	268.1	265.5	260.3	258.8	260.6	257.2	253.7	252.7	251.3	246.8	245.3	247.9	254.1	253.5	256.2	259.2	260.8	257.7	254.6	253.4	250.7	240.8	256.8	287.7	361.4	447.1	465.4	468.6	500.3	523	513.1	501.1	511.3	523.9	533.5	622.7	696.3	687.8	664.7	656.9	675.7	693.9	694.6	700.2	708.3	698.4	670.2	689	711.9	722.7	711.4	702.5	672.5	675.2	682	677.9	691.1	702.1	704.6	704.8
813.2	816	811.2	795.3	795.7	793.5	785.8	784	764.9	758.7	767.5	764.7	768	766.2	763.5	755.7	760.2	748.8	720.6	716.7	738.7	745.8	744.3	737.1	732.2	742.2	741.3	741.6	720.1	725.8	697.1	608.7	498.6	459.4	445.5	453.7	471.4	474.5	458.1	436	445.6	481	449.5	376.3	293.7	242.2	235.2	238.1	253.9	263.3	272	272.4	272.6	272.3	264.9	258.9	251.5	243.4	246.8	261	268	273.2	282.5	290.5	298.5	305.6	305.1	301.8	309.3	317.7	315.3	310.5	302.6	292.1	289.9	289.6	288.9	288.1	289.1	282.2	276.8	268.7	257.6	237.5	229.5	229.6	228	218.5	208.3	199.9	194.9	194.5	185.3	184.4	180.8	178.1	170.8	173.5	178.8	180.3	190.1	205.6	215.1	220.4	219.1	214.5	215.4	221.1	226.5	219.8	222.4	233.7	241.7	247.8	254.1	262.1	265.9	271.5	273.9	275	268.4	273.9	283.8	285.6	283.8	286.2	294.5	296.7	288.7	279.4	269.6	259.3	256.8	254.2	251.2	257.4	260.9	257	257.5	256.6	249.8	244.8	244.8	250.6	247.1	244.6	245.5	249.9	251.7	252.1	255.5	248.9	249.6	251.5	254.5	285.7	281.8	261.1	278.8	359.8	438.1	456.9	469.5	499.6	510.1	503.8	501.1	519.6	529.5	584.3	660.6	684.4	687.2	680.2	666.8	696.9	692.3	687	697.5	717.4	720.2	692.5	693.2	700	704.1	709.8	716.4	711.4	696.8	696	681	692.1	703.2	710.1	697.5
816	816	799.2	798.6	799.4	789.4	773.5	778.4	763.7	757.6	771.9	769.2	767.7	766.8	764.7	761.4	759	737.7	720.8	724.7	741.5	745.8	744.3	744.3	743.7	742.2	741.6	741.9	727.7	735.2	724.4	680.6	566	469.2	426.5	442.5	469.4	468.8	455.1	441.2	457.3	485.2	460	397.7	299.1	243.2	231.3	233.3	255.4	261.8	266.4	271	264.8	255.2	255	250.5	240	238.7	252	261.8	267	269.8	273.6	278.9	282.9	289.6	288.4	294	304.3	310.2	312.9	307.5	294.5	290.9	291.3	293.4	297.3	288.7	285.3	281	282.3	277.5	265	245.8	241.5	239.8	239	229.4	216.7	214.8	219.4	212.5	206.4	207.5	201.9	197.8	192.8	190.8	194.9	202.4	214.4	230.3	233.9	234.1	234.9	228.2	231.9	237	236.6	234	231	239.8	248.2	253.1	254.9	264.4	271.5	271.9	266	258.3	253	257	265.9	266.5	270.2	271.2	276.8	284.5	281.1	280.9	272.7	263	253.4	243.9	240.1	244.7	249.2	245	248.8	253.9	249.9	243.8	241.8	240.4	239.2	240.7	243.5	247.1	252.8	249.8	246.3	240.7	241.9	251.4	254.1	287	326.6	300.5	318.2	406.7	430.6	449.5	483.8	510.9	508.3	505.2	514.5	521.7	535.7	610.9	657.8	668.2	677.5	679.4	685.5	701.1	690.5	681.7	688	700.3	711.5	701.8	697.6	702.1	701.3	704.6	719.3	720.9	712.1	709.7	692.2	695.4	710.8	717.6	708.5
816	816	816	801.7	799.4	804.3	789.4	790.6	789	774.1	775.8	771	770.1	769.2	766.2	751.3	729.3	729.4	737.5	746.4	746.1	746.1	745.2	735.9	727.5	738.9	741.6	741	733.5	738.3	736.7	702.7	630	500.8	418.3	428.2	467.2	484.6	495.6	523	530.6	520.3	472.8	418.5	311.9	246.4	228.5	228.6	248.3	262.4	266.4	263.1	260.4	251	250.2	244.1	235.7	240.9	253.7	259.6	265.2	267.1	267.1	273.2	278.2	287.2	288.7	291.6	296.9	298.5	298.6	288.6	267	276.4	280.2	277.8	277.8	275.4	278	267.8	262.5	264.9	256	250.6	251	249.9	255.7	244.6	231.5	236.5	242.6	239.5	235.9	232	225.9	217.2	212.5	212.3	221	230.9	246.3	256.3	252.9	249.5	254	253.3	249.2	245.3	244.8	242.5	243.7	248.5	254.3	258.3	253.6	256.8	259.3	251.4	247.8	244.3	242.7	244.6	252.8	245.9	248.4	250	257.7	267.1	274.5	275.6	268.5	258.2	250.3	238.9	234.7	240.3	246.7	242.8	237.9	242.7	242.9	240.7	241.1	237.6	235.2	238.4	241.1	246.5	248.8	240	236.7	240.6	247.4	253.1	266.7	305.3	345.5	356.6	372.4	428.5	425.6	438.6	468.8	499.6	507.9	513.2	512.4	538.5	602.1	673.3	693.5	692.7	708.6	687.7	673.7	689	686.3	671.6	679.6	682.4	694.9	695.2	684	666.9	686.9	680.8	690.9	697.8	690.1	700.4	705.9	702.4	717.1	726.9	728
816	816	816	798.6	803.8	808.5	798.7	788.3	786	770.9	777.3	772.5	771.3	769.2	767.1	747.4	730	736.4	744	746.7	746.1	745.8	745.2	728.2	733.4	743.7	742.2	741.6	731	732.7	735.6	712.3	637.8	491.3	412.3	429.2	488	502.1	515.1	539.2	534	530.7	503.2	435.5	356.2	289.3	245.4	237.2	252.8	260.4	261.5	266.4	262.2	254.9	247.8	240.4	244.5	254.7	264.3	265	262.9	254.3	249.1	252.9	263.5	274.9	279.2	283.4	296.7	300.5	299.1	287.3	272.9	271.7	278.2	277	277.2	275.8	276.6	274.5	270.4	265.7	263.9	260.8	264.1	266.7	272.7	269.8	266.7	262	265.9	269.3	266	273.4	275.3	263.1	252.7	252.4	260.1	273.9	281.2	287.9	287	278.9	278.3	275.8	268	257.9	257.2	259.1	257.3	255.5	255	260.8	257.2	252.8	248.5	249.7	246.4	242	237	236.4	239.4	237.9	233.9	234	240.7	250.7	265.7	273.4	274.1	267.2	264.1	251.9	236.9	232	236.8	242.5	239.3	240	239.7	236.1	237	238.1	236.6	235.4	236.9	236.3	239.1	239.3	235.3	239.9	242.6	250.3	269.4	302.2	331.5	365	419.4	446.4	426.7	432.3	477.3	500.1	507.9	513	514.1	557.7	625.4	671	696	698.3	706.1	686.7	668.4	688.8	696.4	674.1	688	687.9	692	691.1	682.9	659.2	664.9	675.9	680.7	687.3	685.7	704.2	720.5	710.2	720.3	727.9	723.6
812.5	811.8	800	785.5	811.8	813	795.5	779.2	785.5	786.3	782.1	774.3	770.1	768.3	767.7	764.4	763.5	760.8	755.4	749.4	746.1	745.8	742	731	743	744	740.8	723.5	732.6	739.5	723.8	725.3	714	611.2	545.4	526.7	566.8	550.8	556.9	556.8	545.3	533.5	516	439.2	384.6	312.9	252.3	238	248.8	257.8	259	268	267.7	259.8	255.6	243.5	244.5	257	262.5	265.2	258	249.1	247.9	248.4	256.4	271.3	271	273.5	278.9	278.4	274.1	271.1	262.9	259.8	266.4	269.1	265.7	266	266	261.5	250.9	256.4	264.5	268	267.6	269.8	281.4	285.7	290.9	282.6	277.4	281.8	284.1	288.9	291	286.4	265.7	261.2	272.6	282.7	293.3	301.7	297.4	293.3	292.5	285.6	274.8	267.6	266.5	266.3	265.9	267.3	262.1	256.1	256	248.6	245.3	246.4	241.7	233	225.7	225.8	229.8	227.6	226	230.9	234.3	238.6	250.1	261.3	274.8	275.5	276.8	264.1	244.1	232.8	232.2	238.6	236.7	240.8	241	235.8	232.4	237	238.7	238	233.4	234.4	232.8	234.9	237.8	237.4	241	248.1	289.7	327.7	334.5	363.1	423.7	485	487.1	491.5	536.6	553.2	550.1	552.2	588.3	661.2	687.2	682.9	691.3	682.2	686.4	687.4	672.2	658.9	687.7	681.1	691.9	693.4	684.2	682.2	688.1	670.4	657.1	681.8	685.6	684.9	682.9	708.4	714.3	696.9	711.1	730.7	726.6
816	809	799.7	798	813.3	814.5	790.8	780	784.9	787.2	782.7	773.4	769.8	768	768	765	763.5	760.8	756.3	749.7	746.4	746.1	736.4	729.6	733.1	744	742.2	731.2	736.2	741.9	734.2	730.4	663.6	591.5	560.3	528.4	558.5	544.9	551	554.4	547.2	533.3	519.7	458.6	411.1	350.2	275.8	247.3	250.3	256.4	258.2	263.2	267.1	270.3	264.9	259.9	270.6	277.7	276.9	270.1	259.4	246.9	236.8	238.2	246.7	258.4	263.1	267.6	272.3	266.9	262.9	254.8	243.8	245	253.9	254.4	257.8	255.1	255.9	248.1	230.2	230.9	241.9	245.8	250.2	249.3	262	279.2	287	285.5	287.2	297.3	310	317.1	327.9	325.2	308.6	300.5	301.5	304.3	307.1	305.9	301.6	296.2	289.5	280.8	278.5	273.7	275.4	273.1	264.2	265.3	267.5	256.7	249.5	245.6	242.4	243.1	233.5	227.4	223.9	219.1	220.1	220.8	221.7	225	231.8	238	245.4	256.8	265.4	273.8	281.8	278	262.2	240.4	236.9	243.3	244.4	246.5	248.2	243.5	242.8	242	235.4	236.8	235.4	234.1	233.3	230.9	233.8	236.7	239.8	250.5	296.7	337.1	352	405.9	447.3	472	504.7	575.7	589	574	568	587.6	633.3	678.5	694.2	683	689.2	691.3	688.5	694.3	679.2	638.6	666.9	680.9	688	693.5	681.8	677.3	685.6	665.8	656.2	684.6	690.9	684.2	655.6	671.3	699.7	705.7	726.2	735.8	738.8
810.4	811.2	816	816	816	812.7	805.8	799.2	793.8	788.4	780.6	771.6	771.9	768.1	769	759.2	752.4	762.3	758.1	751.5	746.7	742.6	718.6	728.3	729.1	735.2	742.5	741.6	741.3	741	742.2	728.9	652	603.4	593.2	563.8	563	569.1	554.4	551.4	551.2	537.2	520.6	456.6	415.7	368.2	295.4	251.5	247	252.5	256.8	260.7	268.5	276	270.3	269.4	283.8	293.8	290.7	280.6	266.1	252.3	239.4	231.8	237.6	244.2	245	245.6	247.7	237.2	233.6	225.9	224.4	231.3	236.6	237.8	239.9	237.7	236.6	230.3	217.4	216.8	229.7	234.8	234.1	241.4	252	261.2	268.4	275.4	283.6	296	312.2	324.3	334.5	328.9	317.6	312.5	308.8	298.7	295.6	300	289.4	284.2	282.1	279.4	275.8	271.5	274.1	264.5	256.2	259.2	261.2	255.9	248.6	239.1	233	238.3	230.8	221.5	212.1	207.1	209.2	210.5	210.6	214.5	218.4	229.2	235.9	246.9	256.5	271.9	277.1	271.5	263.9	244.1	239.6	246.8	245.2	244.5	243	245.7	245.6	243.3	241.3	238	237.6	235.4	230.3	231.1	234.6	238	242.7	257.2	319	358.5	378.1	445.6	476	468.5	490.7	562.8	582.1	588.5	631.9	671.1	668.5	659.4	704.7	705.8	680.9	691	693.1	703.8	705.6	671.6	663.5	684.7	677.4	695.1	689.9	695.1	707.9	703.3	694.8	708.4	711	690.5	660.2	677.1	699.2	701.9	722.1	730.5	731
816	816	816	816	816	812.1	805.8	798.9	794.7	788.7	780.9	775.5	773.4	772.2	771	757.5	761.5	762.3	758.4	752.7	747.3	743.7	728.1	739.8	741.3	738.9	743.1	741.6	741.3	741	741.6	695.3	623.3	599.9	593.3	585.6	578.5	572.1	550.8	548.6	546.8	539	523.9	477	424.1	414.1	361.6	271.2	254.3	257.7	258	269.6	281.2	290.1	290.6	297.4	306.8	310.2	300.7	288.4	272.5	258.1	244.2	231.9	227.9	231.6	231.5	224.9	214.9	203.3	194.7	190.8	197	207.3	208.7	207.5	208	209.7	210.5	206.5	196.8	201	213.1	217.4	218.4	226.2	234.5	233.5	236.8	245.5	249.4	251.6	262.6	276.9	284.8	275.5	270.3	269.6	263.4	258	250.9	251.9	251.8	249.7	249.7	249.7	247.8	245.1	244.5	238.1	234.9	237.6	239.1	233.9	230.7	232.2	228.1	225.4	225.7	214.7	206.1	200.8	200.3	202	204	205	207.1	215.1	226.1	238.2	251.4	272.4	284	287.2	283.3	263.8	250.6	252.6	257.5	256.9	252.4	250	247.8	243.2	238.4	240.4	236.3	232.7	228.7	231.1	232.3	239.4	247.6	258.6	321.8	374.8	439.2	488.4	504.5	535.7	550.6	568.3	581.6	600.3	657.6	688.8	679.8	662.5	684	697.3	672.7	662.9	666.5	698.2	709.8	697.5	671.2	686.8	670.8	677.9	694.8	702.8	719.1	700.1	687.1	716.5	717.7	701.4	680.9	686.7	701.8	710	720.4	720.4	714.6
809	816	816	816	816	816	810.3	803.4	795.9	788.1	783	780.3	777.3	774	771	767.7	764.7	762.9	761.4	756.9	749.4	741.3	745.8	745.2	743.7	743.4	743.4	741.9	741.3	741	741	683.5	618	599.9	572.3	600.9	629	631.1	559.9	537.2	545.1	544.6	527.7	464	430.2	418.6	377.7	286.3	262.2	258.9	255	266	281.2	290.2	297.8	308.5	314.4	315.5	305.7	291.7	275.5	263.4	248.7	232.1	226	218.9	211.5	193.9	179.7	177.4	171.9	175.2	186.2	186.5	188.3	187.6	187.1	187.7	186.9	184.7	191.5	194.6	200.3	205.8	212.6	218.4	227.4	224.3	212.8	211.2	212.5	226.1	242.3	248	257.2	255.1	249.9	242.9	235.5	224.5	208.6	210.9	213.2	219.8	225.7	231.7	233.2	236.3	232.2	225.1	220.2	222.9	226.6	225.5	215.5	211.6	219.3	220	218.1	210.6	205.1	195.1	191.8	195	196.8	199	197.4	204	213.6	226.6	245.6	270.7	283.4	289.4	286	276.8	257.7	252	263.4	262.1	254.9	254.6	246.4	239	237.9	236.6	235.9	229	226	224.8	228.4	237.4	246	264.9	322.6	374.3	451	468.9	508.8	558.7	554.2	561.9	609	654.4	683.2	698.3	691.3	674.1	654.2	672.4	684.6	697.9	685.4	692.9	695.3	690.6	683	679.5	679.8	680.1	697.9	703.4	709.3	683.4	668.5	699.3	710.2	688.8	675.2	676.3	701.7	721.9	734.4	732.2	707.5
811.1	816	816	816	816	816	816	809.1	800.4	792	786.3	782.4	779.7	776.1	773.1	769.5	765.6	761	763.8	760.8	754.5	747.9	746.1	743	744.3	743.1	743.1	743.1	741.9	741	703.3	638.7	622.2	609.3	633.8	634.1	618.1	639	574.3	546.3	542.5	541.6	528.9	476.6	436.9	423.6	417.1	361.5	301.8	269.3	260.2	270.4	286	304	316.4	317.8	316.3	310.7	304.6	292	279.2	262.1	243.5	230	214.7	197.2	182.8	166.2	153.6	149.3	148.7	147.9	158.5	159.3	161.9	166.9	169.2	168.3	162.4	160.3	167.6	171.6	177.5	190	198.6	197	191.8	189.7	178.1	168.7	171.8	183.1	198	206.2	209.5	218.5	211.2	204.9	194.4	186.1	180.8	180.7	179.2	186.4	190.9	198.1	204.1	207.7	207.8	204.4	202.1	201.3	199.1	197	190.7	191.3	196.8	202.2	201.9	197	191.5	178.6	173.9	175.8	183.5	189	188.6	199.7	213.7	223.4	244.6	280.9	296.8	292.9	288.8	276.5	264.9	264.8	268	268.1	262.3	254.2	245	235.8	235	230.6	227	224.1	225.3	224.4	229.3	234.9	244.4	265.3	344.2	452.9	499.9	491.5	546.9	580	579.4	585.3	618.5	662.5	683.5	697.6	694.8	676.2	678	689.9	703.2	716.5	709.7	689.1	685.6	684.5	666	667	688.8	686.8	701	703.8	708.7	698.4	686.4	693.4	697.6	686.8	668.3	678.5	696.2	708.9	728.4	735.7	716
816	816	816	816	816	816	806.8	801.3	795.6	793.2	790.5	786.3	780	776.4	773.1	768	758.9	757.8	765.3	762.3	754.5	747.9	736.4	730	741.5	743.1	743.4	742.5	741.9	741.3	697.7	638.8	622.6	629.3	692	673.9	616.4	644.4	642.4	645.5	627.1	585.9	536.2	490.5	442.4	426.7	420.3	398.5	334.4	283.5	267.4	276.8	290.3	309.3	322.3	326.7	321.1	314.7	308.5	302.2	292.4	271.6	244.5	235.3	212.5	185.3	163.8	155.1	143.3	135.8	137.3	137.4	146.6	148.3	150.8	163.3	164.8	160	158.8	160.1	164.7	167.5	170.9	186.3	188.2	172.6	161.9	156.9	158.4	166.7	169.7	171.1	176.8	175.1	178.1	181.8	175.6	170.3	168.2	165.1	165	167.8	168.6	168.8	165.2	167.3	171.1	180.1	188.7	192.5	193.7	192.7	189.4	189.9	186.3	185.6	185.4	191	189.8	186.8	181.5	170.1	158.7	161.1	172.5	177.8	180.7	195.5	211.6	227.3	244.1	272.6	288.8	288	286.3	274.7	264.2	269.3	273.4	268.4	261.3	257	248.3	240	239.9	233.4	224.9	222.9	221.2	224.8	230.6	236.6	240.3	272.2	369.8	486.8	522	528.6	574.5	621.8	641.1	647.7	650.3	654.6	654.7	669	683.4	689	696	698.7	705	700.8	696.9	697.4	685.9	683.5	657.8	647.2	696.2	675.8	677.7	707.6	693.4	695	703.9	696.4	691.2	701.7	710.8	705.7	724.2	743.5	744.1	752	737.2
816	816	816	816	816	808.8	800.2	796	792.8	794.1	792	786.6	780	775.5	773.1	769.8	763.8	764.8	766.2	762.3	755.4	748.5	737.1	740.6	744.3	743.4	743.1	742.5	739.8	741.3	716.5	664.7	645.3	714.3	737.4	680.1	622	643.8	651.5	652.2	660.6	606.4	541.2	513.1	457.9	430.4	423.2	422.5	414.1	323	280	281.5	293	304.7	314.4	320.9	324.4	316.6	308.5	302.9	289.1	261.9	242.7	240	225.4	204.9	180.7	162.9	146.2	137.4	132.9	134	137.8	141.2	142.5	161	170.4	165.3	175.3	179	182.7	185.4	194.9	210.7	210.8	191.5	174.6	171.7	183.2	196.3	203.2	199.7	193.4	191.7	189.1	180.2	174.2	177.8	176.9	176.4	176.6	176.4	180	179	176.6	177	183.3	187.7	188.8	191.4	195.5	190.3	185.6	181.8	179.5	178.9	172.8	173.7	167.7	157.7	151.3	141.3	134.5	137.4	149.9	166.2	175.1	187.2	206.8	226.1	248.3	263.7	278.5	285	285.6	282.7	278.4	278.4	281.9	272.6	260.6	256.5	247.8	239.6	236.1	232.9	224.2	221.1	219.5	222.2	225.7	230.1	239.3	287.7	424.9	506.3	542.9	604.9	623.1	657.3	678.1	666.5	661.5	647.8	641.5	640.5	666.8	684.5	689	687.2	702.5	696.8	691.8	682.4	680.3	687.1	676.7	665.6	692.2	670.1	659.7	696.1	685.7	691.3	715.2	707.4	695.3	702.4	714.9	719.9	729.5	748.9	749	762.9	747.6
816	816	816	816	816	816	806.2	798.3	801.9	794.7	791.1	783.9	775	774.8	776.7	775.2	770.1	769.5	767.7	762.9	755.7	750.9	747.6	746.7	745.5	743.7	743.1	743.1	739.2	709.6	703.2	659.8	667.1	722.4	717.5	676.7	622.7	639.5	662	660.6	641.4	632.9	596.4	543	462.7	437.7	427.5	424.7	424.7	350.7	290.5	279.1	287.2	301.4	309.6	319.8	322.4	313.8	311.5	305.5	286.5	261	245	240.9	228.9	208.7	189.5	171.4	145.4	133.2	131.5	136.7	131.1	132.6	137.4	152.9	163.9	169	180.3	184.4	192.3	201	211.3	213.1	202.1	198	186.6	178	187.3	205.7	212.1	207.6	201	198.2	198.1	184.6	174.9	184.7	189.5	192.5	186.4	190.2	195.4	192	185.9	184.4	190.6	187.7	175.7	177.6	185.8	189.9	185.4	178.7	175.4	173.8	164.9	157	149.1	141	135.3	127.7	125.2	124	134.1	155.3	170.1	184.4	198.9	221.1	249.8	267.3	281.8	286.4	286.7	282.7	287.4	289.8	284.9	275.8	264.8	257.5	248.9	241.8	236	229.7	222.7	221.8	222	224	226.8	230.5	247.3	314.8	443.6	492.3	534	600.4	640.1	686.9	689.3	667.7	653.5	672.4	684.3	672	673.2	683.6	681.8	668.6	658.5	675.1	697.9	702.6	695.1	699.7	693.7	683.8	678.6	669.8	652.6	676.8	681	672.5	710.5	730.4	724.4	721.5	731.8	746.2	754.1	764.9	772.6	781.9	772.7
816	816	807.6	816	816	814.4	804.8	804.3	804.3	795.6	791.4	789.6	783.9	778.5	777.6	775.2	770.1	768.9	767.7	763.2	758.4	752.4	748.5	747.3	745.8	744.3	743.7	739.9	705.7	715.5	714.7	689.3	739.6	741.3	717.5	689.9	640.9	634.6	660.6	628.2	639.3	638.5	569.2	534.1	473.6	435.8	425	418	421.7	386.4	310.5	285.4	289.6	303.5	311.5	320.1	319.8	312.5	311.6	299.2	280.9	263.1	252.4	251.2	247.8	240.4	226.7	208.5	181.8	157.1	139.2	134.2	133	129.9	139.8	150.9	161.1	171.8	186.5	201.7	214.3	217.6	216.5	222.5	222.7	221.8	216.2	206.2	224.3	247.7	255.2	253.7	252.5	263.5	254	233.2	227.6	244.4	250	248.8	238	237.3	237.6	222.8	207.4	207.7	207.6	198.7	189.1	177.8	188.5	196.6	192.4	183.3	171.8	161.3	149.2	140.3	130.6	127.7	122.4	116.8	112.9	116.8	126.7	146.3	157.2	167.8	184.1	205	237.5	260.7	273.6	279	278.6	283.1	296	299.7	283.8	272.8	261.6	248.4	243.2	235.4	226.2	222.5	221.1	219.4	222.5	221.9	226.4	237.2	261.1	361.7	491.4	510.8	554.2	616.6	687.6	684.8	676.5	651.1	665.4	699.2	709.7	704.2	694.2	687.4	684.9	659.3	660.5	677.1	694.8	703.2	706.7	707	703.5	686.6	676.1	670.1	688.3	689.8	686.8	676.2	696.1	727.2	731.4	726.8	729.5	752.3	759	765.2	782.2	783.8	780.3
816	816	804.1	816	816	813.6	816	813.7	808.8	801.9	799.5	795.6	789.3	784.2	779.1	774.6	770.1	768.3	770.1	766.2	760.8	748.4	750.9	747.9	746.4	745.2	743.7	729.9	728.9	741.6	719.2	716.5	731.2	734.3	734.7	704.9	652.2	636	638.5	607.5	628.5	656.4	609.1	538.9	473.9	428.3	421.1	415.3	414.3	394.8	323.9	288.2	285.5	300.2	312.5	320.1	323.5	320.6	313.8	298.8	286.3	268.9	255.4	251.6	248.3	245.6	238	210.7	191.8	171.4	155.6	144.1	129.7	127.8	140.6	142.5	153.9	160.5	176.5	197.8	203.2	191	190.1	206	207.4	210.1	208.7	196.2	212.6	235.2	241.6	250.6	254.8	267.7	261.8	246.3	234.7	247.9	258.6	258.4	247.1	241.4	233.6	219.1	198	197.7	200.5	192.4	181.2	169.4	168	173.4	177	174.9	160.4	149.7	140.4	132.7	124.2	118.6	116	115	114.5	116.6	129.1	144.7	152.5	163.7	184.7	212.3	245.5	261.4	269.4	275.6	274.1	277.6	294.1	296.1	287.3	274.5	261.5	249.7	238.4	232.3	229.7	222.7	218.3	221.9	224	221.9	225.8	240.2	269.6	366.2	475.8	508	545.7	621.3	657.3	676.8	664.7	660.8	688.8	687.6	702.5	706.8	702.5	691.7	702.1	707.7	722.1	713.7	699.3	695.1	702.2	724.2	737	743.7	717.8	698.1	699.3	708.7	722.4	720.5	710.2	703.7	691.9	693.3	734.5	762.8	761.4	742	763.8	804.8	799.2
816	816	806.9	816	816	816	811.8	814.6	812.4	805.8	795.6	790.8	790.8	785.4	780.6	776.1	771.9	771	768.1	767.4	761.4	747.9	751.8	747.9	746.7	745.5	744	734.7	738.7	741.6	741.6	741	729.4	741.3	739.6	699	662	667.5	644.1	606.8	627.7	650.1	625.3	549.2	490.3	433.6	422.7	417.6	417	420.1	404.7	328.1	294.8	306.3	310.7	313	314.6	312.9	304.4	291.9	288.8	273.8	257.1	253.1	248.9	249.1	241.7	226.4	208.8	197.8	186.6	172.5	155.1	144.5	145.4	138.4	139.5	148.1	158.3	180.3	175.2	153.4	161.3	180.7	186.4	186.1	178.1	174.2	212.2	232.5	236.4	261.9	275.8	279.1	278.5	261.3	253.7	258.8	259.6	255.6	244.7	238.7	230.7	204	171.9	182	188.2	180.1	167.7	149	146	155.8	155.2	153.1	146.3	135.7	130.8	126.2	124	128.2	131.6	143.4	154	158.4	162.3	163.7	166.9	172.2	183.7	207.8	237	258	264.5	268.7	278	282.5	294.9	293.6	281.9	268.8	254.5	244.6	232.1	230.1	229	221.3	215.8	220.9	225.7	222.9	229.7	251.7	337.1	446.7	476.4	517.7	564.7	614.7	654.7	664.8	664.3	663.1	690.1	689.2	692.4	707.4	689.5	691.5	704.3	702.9	723	725.5	703.4	692.9	700.9	723.3	738.5	744.1	730	709.4	717.9	728.6	737.2	740.6	724.2	705.3	681.6	689.2	736.3	767	762.8	742.7	751.6	804.1	797.1
811.8	812.5	798.5	801.3	816	816	812.5	816	816	814.5	806.5	801.9	797.1	792.6	776.5	769.9	774	773.4	770.1	766.3	757.6	761.1	755.1	745.3	746.1	734.3	744.3	743.1	742.2	741.9	741.9	741.3	741.3	741	730.3	692.7	677.6	700.5	697.9	661.3	651.9	648.7	643.2	578.3	494.7	438.1	424.3	416.2	414.6	417.2	420.4	350.5	301.3	308.9	311.6	316	317	311.7	304.2	293.5	285.6	273.4	260.7	254	246.1	246.8	245.8	235.4	220.6	202.3	195.4	183.5	171.8	159.7	155.2	150.8	151.4	152.1	155.5	163.9	159.3	146.4	149.3	162.8	168	159.5	149.3	150.6	185.3	211.9	222.5	245.2	268.2	271.7	266.3	236.8	227.2	241.2	233.1	232.1	223.2	212.4	202.3	175.8	132	136.7	147.6	148.3	145.8	130.1	126.6	139	137	125	126.7	127.6	124.5	127.9	129.1	137.1	143.5	153	167.1	173.3	172.6	172.7	179.1	182.1	193.2	209.8	232.3	258.2	268.4	276.1	279.4	282.1	292.8	292.7	280.6	267.7	254.8	242.1	232.8	229.5	225	219.1	217.3	220.8	223.4	226.6	235	258.8	376.4	501.1	509.9	539.7	589.8	636.3	679.7	690.8	687.8	668.3	665	688.1	683.9	708	702	678.2	683.1	690.1	693	724.1	710.7	701.1	692.9	694.6	705.1	721.2	728	734	761.3	777.6	770.8	774.7	769.8	760.7	747.9	745.5	754.2	769.3	769.8	754.4	755.8	763	776.8
801.3	809.7	804.8	807.6	816	816	816	816	816	815.4	807.6	803.7	798.3	793.5	777.1	774.7	776.7	772.5	769.8	769.2	766.8	762.3	751.1	735	740.1	745.8	744.3	743.4	742.5	741.9	742.2	741.6	738.5	741	717.7	714.4	738.8	740.4	736.1	673.8	652.9	646.5	637.6	584.7	507	439.5	421.9	417.9	415.5	414.4	421.5	396.1	323.4	303.3	309	314.1	317.5	315.4	306.3	299.8	286.5	274	267.7	260.7	255.6	256.1	249.2	241.6	228.2	217.4	207.1	195.9	190.8	181.5	181.3	184.2	184.4	179.4	176.8	168.8	157.9	156.3	155	144.1	135.6	119.9	108.9	117.9	128.9	144	150.8	159.2	172.6	181.8	176.9	158.4	164.7	172	168.6	165.4	161.5	155.7	141.4	117.6	96.7	93.4	91.5	96.9	106.9	117.7	124.3	133.5	134.7	134.1	143.3	153.3	159	163.9	165.7	177	187.1	193	199.2	201.9	201.5	200.3	206.7	208.3	214.8	230.8	246.2	263.1	275.5	282.1	285.3	289.6	287.9	281.5	271	254.6	245.9	235.7	231.7	228.1	223.8	218.6	219.7	221.6	225.6	231.9	246.3	289.6	429.3	508.5	526.6	595.2	616.9	650.8	684.5	694.6	691	676.5	665.9	679.1	677.3	700.2	715.9	687.6	680.2	679.2	663	706.5	713.8	711.8	703.4	699.1	704.2	728.3	741.6	749.2	775.1	792.2	779.6	772.6	767.7	767.8	766.2	763.8	759.4	775.4	772.6	757.9	758.6	761.7	774
813.9	816	816	816	816	816	816	816	816	816	808.2	806.7	802.2	797.4	790.5	784.2	780.6	774.3	768.9	768.9	768	758.8	760.5	753.7	745.7	746.4	745.2	744	741.5	719	738.7	742.2	741.9	741.3	739	733.8	741.3	741.3	740.4	692	654.9	630	633.9	635.9	529	445	424	419.2	415.5	416.8	420.8	392.5	326.7	298.4	304.5	313.1	317.4	312.9	303.7	295.3	288.4	277.5	266.9	263	259.7	254.6	246.7	240.9	235.1	231.1	220.3	204.6	195.7	194.7	200.7	205	204.9	206.3	202.1	192.9	183.8	176.9	161.9	146.8	137.6	132.8	135.4	142.7	150.1	157.3	155.4	145	143.2	142.5	140.2	134.8	138.3	148.7	148.7	140.4	134.1	127.2	118.7	113.9	108.6	107.4	97.5	100.8	104.4	109.3	118.2	130.5	138.3	141.4	152.8	160.1	166.7	171.5	175.4	185.4	193.6	192.5	196.1	198.9	199.3	201.8	206.6	212.7	226.6	243.4	260.1	271.3	280.3	290.9	288.8	287.9	287.2	277.8	265.5	252.7	240.4	233.6	230.5	228.4	223.6	219	218.5	219.9	225.7	234.3	245.2	312.2	439.6	491.3	499.8	575.8	642.1	678.8	701	713.2	709	709	686.7	671.2	644.4	656.3	684.3	683.8	682.1	683.4	682.8	701.3	706.6	714	761.8	769.7	757.4	775.6	799.2	794.3	792.9	774.3	765.2	783.8	773.3	775.4	782.4	786.6	783.1	779.6	777.5	778.9	780.3	778.2	780.3
816	816	816	816	816	816	816	816	816	816	806.1	807	802.5	797.7	791.1	786.3	781.8	775.8	769.2	765	766.1	765	762.3	757.5	750	746.7	745.2	743.7	743.4	729.5	729.2	742.2	741.6	740.4	740.1	739.8	741	741.6	741	714.4	655.2	639.5	630.4	636.5	598.8	510.9	436.8	423.7	417.1	417	420.2	394.4	351	323.8	315.7	312.3	311.4	306.9	296.6	291	285.2	276.7	262.7	267.3	267.8	262.9	255	249.5	249.1	241.7	234.3	220.6	210.3	206.1	212.3	218.5	214.4	210.4	208.1	205.4	200	193.5	186.1	170.9	161	161.2	169.6	173.2	177.4	176.3	171.8	166.6	156.2	148.8	142.4	136.3	138.2	145.5	145.3	142.2	140.2	141.6	141.1	135.5	137.6	135.6	132	126.6	129.1	137.3	141.4	142.2	145.7	151.6	159.6	166.5	174.2	183.7	197.8	210.7	212.3	205.8	201.4	197.5	205	211.8	214.5	222.1	236.3	248.7	257.7	274.5	288.2	295.2	296.8	291.9	279.8	265.6	253.1	244	237	227.4	222.8	220.9	221.8	217.9	215.9	222.4	223.5	232.2	257.6	366.8	430	465.9	514.2	568.4	611.8	682.2	708.6	712	709.1	709.7	701.8	685.1	660.4	657.3	672	687	687.3	694.9	714.6	720.6	732.8	731.8	769.2	796.2	789.2	773.3	779.6	795.7	788	774	744.4	744.7	780.3	780.3	780.3	784.5	788	780.3	774	775.4	778.2	772.6	772.6
816	816	816	816	816	816	816	816	816	816	809	816	804.1	797.2	795.9	793.2	787.2	779.7	771.6	768.3	770.1	770.1	766.8	763.2	756.3	748.5	745.5	744	743.7	742.3	743.1	742.2	741.3	734.7	729.2	728.9	740.4	741.3	741.3	732.6	660.8	625.5	635.4	623.1	573.2	482.7	423.7	415.4	411.1	410.1	415.6	410.1	378.7	342.9	317.6	306.4	309.2	304.3	297.4	295.4	286.2	272.6	260.1	262.3	264.2	260.4	256.1	257.7	258.1	253.5	251.7	239.5	228.9	227	230.1	230.7	224.2	217	208.2	201.2	190.6	181.9	177.6	177.6	183.4	188.5	194.7	195	186.7	185.4	181.5	177	174.7	169.7	166.8	167.2	166.4	165.5	166.5	162.2	167.7	170.1	169.3	170.7	161.5	150.5	147	145.9	145	150	153	148.4	148	148.6	160.1	170	179.3	191.7	207.2	222.5	222.1	220.9	221.7	218.4	222.5	223.4	225.8	237.1	247.6	256.3	262.2	275.9	291	296.3	292.3	294.4	280.5	263.5	253.6	247	235.7	227.9	223.6	223.4	221.6	216	217.9	221.9	225.1	235	262.1	392.1	497.8	514.5	547.5	602.9	667.1	699.8	702.2	701.7	692.6	698.9	707.4	690.6	681.9	693.1	708.7	712.4	738.2	763.1	771.7	780.3	778.9	776.8	792.9	796.4	802	803.4	776.8	773.3	769.1	763.9	752.6	758.6	776.8	783.1	783.1	780.3	782.4	783.1	762.2	755.5	777.5	776.3	757.6
811.1	816	816	816	816	816	816	816	816	811.1	806.2	811.8	812.7	798.2	794.2	793.5	787.5	780.6	774	759.2	762.5	762.5	767.4	763.2	757.2	750	746.4	744.3	737.4	743.4	741.5	742.2	739.6	732.8	736.2	734.5	740.4	741.3	739.2	728.4	678.8	638.9	636.3	613.7	591.1	506.1	433.7	415.6	410.1	410.2	410.7	409.6	416.7	378.6	332.1	315.6	299.9	298.7	298.5	296.4	290.3	275.1	262.3	263.5	262	261.8	263.9	263.5	262.3	262.4	256.9	245	240.2	240.2	236.7	232.7	226.8	220.8	210.6	190.6	176.2	173.4	170.7	179.8	186.5	189.5	201.1	206.2	197.8	193.1	190.5	186.5	186	191.8	195.5	198	194.8	192.2	189.2	192.2	196.1	197.5	201.4	209.3	203.1	192.4	179.4	165.1	157.9	159.1	154.6	151.8	147.8	145.9	157.7	173.7	193.7	205.3	218.6	230.4	227.1	226.8	230.5	230.5	231.4	229	231.8	238.5	246.3	256.1	266.3	269.2	281.5	293.3	286.2	279.3	267.1	257.3	250.5	241.4	232.9	221.5	217.3	218.3	218.5	216	216.2	220.2	225.3	241.6	285.3	416.2	512.5	543.3	603.4	629	675.4	692.5	706.1	693.5	692.5	696	687.1	686.4	692.1	708.8	734.3	743.4	758.4	773.3	774	771.9	775.1	778.3	793.4	781.4	797.8	809	784.5	769.8	767	762.1	767	777.5	778.9	776.8	778.9	782.4	777.5	778.2	767.7	756.1	774.3	779.1	767.3
811.8	816	816	816	816	816	816	816	816	816	812.5	816	816	808.8	801.3	796.2	792.6	788.4	784.2	774.9	771	772.3	772.5	766.8	760.8	755.1	740.8	724.5	738	738.9	739.4	742.2	727.6	737.1	740.1	740.1	741	738.5	726.3	735.2	695.3	653.6	619.6	634.1	638.6	551.7	448.5	418.1	407.6	406.2	412.6	418.6	422.7	397.4	353.3	326.4	302.7	302.8	302.2	301.6	292.3	277.3	267.2	266.5	263.7	259.3	262.7	266.5	266.9	270.4	269.6	260.4	254.6	256.6	252.4	248.3	237.7	226.9	209.4	182	163.4	161.3	156.1	157.2	159.3	160.1	162.4	163.2	167.9	166.1	167.8	167.6	168.3	176.2	183.6	187.6	186.6	181.3	178.8	180.9	189.4	195.9	199.4	200.5	196	191	179	167.8	160.1	158.9	154.6	153	153.3	153.3	158.8	180.7	206	216.3	227.9	243.5	243	244.7	244.2	246.7	249.6	248.1	244	244.5	248.2	260.7	268.7	273.6	282.1	290.9	287.6	274.9	265.2	256.7	250	242.3	234.4	227.3	222.2	221.2	220.1	217.4	219.1	225.3	232.9	247.4	309	451.9	511.3	540.7	605.1	644.1	662.6	698.6	704.9	693.7	697.4	711.7	720.5	707.7	725.4	764.2	789.4	777.5	759.1	763.5	769.1	764.2	761.4	771.9	774.7	760	757.2	778.2	779.6	774.7	785.2	781.7	779.6	791.5	783.8	773.3	763.5	759.3	762.1	761.4	762.1	766.3	769.1	769.1	783.1
813.2	816	816	816	816	816	816	816	816	816	816	816	816	811.8	803.4	797.7	795	791.7	787.2	781.8	778.8	777.3	773.7	768.3	761.7	757.2	733.8	726.8	743.8	733.6	743.4	738	716.7	730.1	740.4	741	741	732.6	724.9	740.1	714.2	673.1	635.3	634.1	634.1	569.1	475.6	421	409.1	404.3	408	415.8	420.2	427.4	404.3	365.1	320.2	304.2	299.2	302	295.8	288.1	283.8	278.8	275.5	267.2	263.1	266.7	269	270.1	267.5	265.5	262	265.2	264.6	260.2	243.7	227	207.7	181.5	168	162.4	158	149.5	143.5	145.8	140.3	137.4	140.8	137.6	138	138.7	143.9	153.2	157.7	163.4	167.2	161.2	155.1	153.7	157.1	162.3	163.7	167.6	166.8	159.3	156.2	157.3	156.6	152.8	150.1	152.6	157.6	164.5	168.3	186	206.8	218.9	232.6	241.7	246.1	246.8	248.5	251	250.2	248.1	245.7	245.6	251.4	259	267.7	276.9	282.5	285	278.4	265.4	259.6	248.5	243.9	235	225.8	224.1	218.6	215.2	215.1	214.4	220.4	225.9	235.6	250.7	336.6	467.2	498.3	528.9	601.9	653	679.5	705.6	710.5	695.5	702.2	723.5	730.4	719.4	734.2	772.1	783.8	775.4	747.6	762.8	764.9	763.5	758.6	762.8	769.1	766.3	759.3	774.7	778.9	774.7	787.3	787.3	785.2	783.3	786.6	778.9	765.6	757.2	761.4	761.4	761.4	768.4	775.4	768.4	780.3
812.5	816	816	816	816	816	816	816	816	816	816	816	816	809.7	805.4	791	795.9	795.9	792.6	788.4	783.3	780	777.3	774.3	771.3	757.6	746.2	750.9	746.4	745.2	738.8	727	735.9	741.3	741	741	741.3	729.8	735.5	720.8	694.2	659.1	622.1	632.3	630.9	603.6	512.9	436.9	409.7	400.3	404.5	410.3	418.6	426.8	431.9	412.6	354.4	320.3	303.3	298.8	296.7	293.9	285.9	281.1	276.5	266.9	265.4	266.7	275.5	279.8	275.8	271.7	267	271.1	273	260.2	242.1	228.8	206.7	185.8	174	166.9	159.6	149.7	146	141.8	136.6	132.7	134.3	135.2	136.2	138.2	145	148	152.9	152	152	149.6	144.2	142.1	143.6	149.6	153.5	155.3	158.3	157.6	155.6	154.7	156.7	157.7	156.8	163.5	176.3	178.9	183.4	188.1	208	225.9	234	243.4	252.1	252.3	251.8	247	246.7	247.9	251.2	256.4	258.4	262.7	267.7	273.8	277.8	276.2	265.9	261.7	256.9	248.4	240.1	229	219.7	216.2	212.7	212.3	208.4	213.2	218.7	225.1	231.6	245.7	335.1	439.9	486.6	552.8	605.4	664.3	679.9	707	724.3	709.8	719.5	756.9	765.7	776.6	777	756.8	778	780.3	765.8	767.5	769.1	760	766.3	769.8	768.4	776.8	769.1	761.4	764.5	757.2	769.1	772.6	774.7	771.9	773.3	785.2	782.4	778.9	775.4	778.9	777.5	775.4	781.7	772.6	764.9
814.6	816	816	816	816	816	816	816	816	816	816	816	816	808.3	806.3	798.3	797.1	797.4	794.1	790.2	786	782.7	778.5	775.5	774	757.6	757.9	752.7	747.3	740.6	735.2	742.3	742.5	741.3	741.3	741.6	740.2	718.9	708.8	686.4	637.4	615	620.5	632.3	637.6	602.9	531.8	452.6	413.8	404.3	402.1	407.5	417.2	423.2	426.6	425.8	346.1	310.9	304.8	298.2	296.4	295.4	287.9	286.3	277.7	274.1	271.4	266.7	273.3	279.1	276.1	269.9	264.1	269.3	271.5	261.5	241.4	227.1	210.6	194.7	187.7	180.6	171.8	155.6	146	138.9	131.9	131.6	134.5	133.2	134	140.1	142.5	144.6	141.4	140.6	141.8	146.1	145.7	141.8	140.9	144.7	148.2	151	153.7	153.9	155.2	157.8	158.8	160.4	167	175	182.7	186.4	192.4	200.4	221.8	229.7	233.3	241.6	251.2	250.1	251.1	246.9	238.8	246.8	257.2	260.2	258.5	263.4	268.5	266.6	270.1	263.9	261.4	255.4	243.7	237.2	231.2	221.3	217.1	213.8	212	212.4	208.4	210.3	220.4	227.1	239.8	262.7	388.5	474.1	528.9	577.6	612.5	670.4	678.8	706.6	724.1	716.5	736.1	772.2	785	790.4	786.7	762.5	775.1	782.4	772.7	777.5	774	764.9	768.4	771.9	767	772.6	768.4	756.2	747.8	762.6	763.5	767	771.9	771.9	772.6	783.1	788	778.2	771.9	771.9	771.9	769.8	775.4	769.1	758.6
816	816	816	816	816	816	816	816	816	816	816	816	816	816	816	810.9	807.9	804.8	804.3	791.7	793.8	790.2	787.5	782.3	777.8	772.6	766.9	761.4	747.9	734.8	745.8	744.3	742.5	741.1	740.1	740.1	733.1	727.3	724.5	679.7	626.2	607.9	627.6	642.3	630.7	614.6	557	516	454.8	412.5	407.2	405.2	408.9	418.3	426.9	427.7	345.2	306.2	300.1	301.9	301.3	294.1	290.8	292.9	285.8	284.7	279.6	269.3	273.2	273.5	277.1	276.5	273	271.2	270.3	261.8	250.9	238.2	225.1	209	199.7	195.7	191.5	178.6	165.9	155.3	144.5	141.3	142.2	138.5	139.8	145.3	146.4	147	147.1	147.1	148.2	152.9	153.8	150.6	147.2	147.8	149.9	155.4	155.9	156.4	159.6	165.7	167.5	169.2	178.5	186.6	193.7	192.5	199.6	216.8	235.2	236.4	236.7	240.3	248	248.4	250	246.5	238.2	245.5	257	259.5	262.3	265.8	268.5	268.1	266.3	258.1	253.9	247.7	237.9	230.3	224.8	215.6	210.3	212.5	214.1	210.5	210.2	212.9	220.3	229	245.3	284.3	388.1	472.3	532.8	580.4	640.1	694.3	707.1	709.4	695.2	697.7	736.9	769.8	781.7	789.4	782.4	753.9	760.7	774.7	771.9	777.5	776.8	765.1	776.2	797.8	787.3	777.5	780.3	778.2	772.6	772.6	774	779.6	788.7	797.1	792.9	781.7	778.2	774.7	766.3	760	757.9	757.2	754.4	755.8	760
816	816	816	810.4	811.2	816	816	816	816	816	816	816	816	816	816	816	811.2	795	803.4	786.2	784.1	785.4	790.2	787.5	782.4	775.8	771.6	765	753.5	739.2	746.1	744.3	741	730.5	742.2	742.2	742.5	741.6	739.5	707.6	665.4	647.6	636.1	634.7	633.8	625.9	566.6	515.1	447.1	410.9	410.1	407.7	410	417.6	424.4	427	350.5	313.1	303.5	302.2	296.5	296.7	298.8	290.8	288.6	288.3	286.4	281.4	275.7	267.5	271.6	275	273.6	269	265.7	259.1	251.2	240.8	235.5	221.5	206.4	197.5	195.2	191.8	183.7	168.8	160	159.9	158.9	157.2	154.8	156.3	160.3	163.9	164	165.2	167.5	174.1	177.4	168.7	162.8	166	165.7	166.4	168.7	173.8	176.9	177.7	182.5	182.9	186	194.6	201.9	201.4	210.6	231.5	242.1	240.6	240.2	245.6	247.8	246.1	248.5	246.2	244.3	250.6	257.1	256.7	260.8	262.4	262.6	265.8	261.4	252.7	243.6	233.5	225.6	222.5	214.8	211.4	208.9	210.1	214.2	209.6	213.4	216.3	219.3	232.9	246.7	298.4	391.8	495.9	580.1	591.4	665.7	706.6	715.8	716.3	703.6	710.3	743.5	769.1	780.3	788.7	792.9	768	757.7	773.3	769.8	774.7	776.8	769.5	776.8	798.8	792.2	783.8	784.5	782.4	776.8	781.7	777.1	760.7	787.3	803.4	786.2	778	783.8	780.3	769.8	767.7	769.1	764.9	760	760	754.4
816	816	816	816	816	811.8	804.8	816	813.6	816	816	816	816	816	816	807.2	808.8	816	810.4	811.8	804.9	800.4	797.1	795.3	791.1	783.3	775.2	769.2	760.8	753.9	748.8	747.6	748.2	746.7	745.8	745.5	744	743.4	743.4	728.4	694.3	678.5	651.6	632.9	643	640.3	608.7	537.8	480.3	421	409.4	404.9	410.7	415.3	419.9	412.9	338.3	310.9	304.8	299.8	295.9	297.2	302	296.6	295.3	291.3	289.7	283	277.7	269.5	270.2	269.3	271.6	268.4	259.8	252.1	251.2	247.7	248.3	242.4	229.1	211.7	195.6	195.1	193.9	182.6	176.5	174.9	176.9	183	179.5	185.1	189.7	190.4	187.9	184.7	185.2	190.5	193.5	186.6	183.2	184.5	185.8	185.4	189.5	191.6	197.3	198.3	200.6	199.7	197.6	202.9	207.9	221.9	238.7	249.1	247.2	244.8	245.4	246.9	250.8	249.7	249.4	245.1	244.9	248.9	247.4	247.2	252.8	257.7	259.2	262.5	257.8	250	240.2	229.2	223.8	221.6	211.9	208.8	206.6	206.9	211	210.8	213	211.8	218.9	228.7	268.1	328.5	398.9	519.9	600.8	638	704	706.2	704.6	730.7	743.6	730.6	757.9	782.4	782.4	792.9	803.4	794	783.5	776.1	760.2	756.2	748.1	748.3	764.2	776.8	791.5	796.4	790.6	780.7	774	771.9	774	752.3	753	775.4	775.7	766.6	774.7	781.5	773.6	773.7	778.5	779.2	774.7	767	761.4
816	816	816	816	816	802.7	799.9	816	816	816	816	816	816	816	816	816	816	816	816	813.9	808.5	803.4	799.2	798.3	794.1	785.4	777.6	768.9	761.7	757.2	750.9	748.5	748.8	750	739.1	747.6	745.5	744	743.7	701.1	663.5	636.1	608.9	636.3	653.1	641.9	622.7	555.9	510.9	442.5	407.2	407.4	408.5	411	414.2	419.2	346.3	313.8	308.2	301.3	296	298	298.6	299.6	297.4	297.2	291.8	283.8	278.6	277.2	275.2	267.6	267.5	269.7	259.8	253.7	253.5	243.7	246.2	245.6	241.9	226.4	203.4	194.1	196.5	193.5	190.7	191.6	197.3	201.2	205.2	221.6	227.8	224.6	222.6	211	207.2	213.7	214.7	210.9	209.8	204.3	206.6	211.5	211.6	203.3	204.1	203.9	200	203.1	202	201.8	210	229.2	241.9	243.7	245.2	245.6	244.6	247.5	248.7	244.6	243.9	247.8	249.8	249.8	245.6	245.4	244.8	249.5	255.4	256.6	251.2	240.7	234.9	225.6	220.3	215.8	208.8	206.3	202.6	205.6	207.2	213.7	213.8	211.8	220.7	232.3	277.8	336.5	444.6	561.5	610.8	658.9	711.6	707.3	684.2	718.7	749.2	738.3	761.1	788.3	788.7	789.4	795.9	788.4	782.8	777.5	767	764.3	752.3	741.8	763.5	771.9	781.7	789.4	785.3	772.1	774	766.3	764.5	764.2	761.4	769.1	776.8	773.3	780.3	779.6	772.6	774	783.8	787.3	777.5	768.4	766.3
816	816	816	816	816	813.9	813.2	816	816	816	816	816	816	816	816	816	804.8	816	816	816	816	814.5	810	808.2	801	791.7	785.4	780.6	774.6	770.1	767.4	763.5	765.9	747.8	741.1	760.2	751.8	748.8	746.1	698.1	662.4	645.8	625.6	640.9	664.6	646.7	644.2	626	536.7	472.1	420.6	408	408	410.6	408.3	414.1	341.3	304.9	305.4	300.6	301.1	299.2	299.5	298.8	300.3	297.9	291.6	290.7	286.8	280.9	277.4	273.2	272.2	272.6	265.9	262.8	258	253.2	250.7	250.6	256.6	257	241.2	223.9	208.5	201.6	201.2	208.7	218.1	215.6	219.3	233.8	238.8	237.5	238.5	231.2	225.2	231	235.2	226.8	223.7	218.4	217.8	226.5	225.5	217.1	218	214.2	207.9	209.2	216.7	228.6	251	262.2	254.8	248.2	250.1	250.4	249.5	246.3	248.5	246.3	245.2	248.1	250.2	248.6	247.3	244.8	244.9	249.8	251.3	250.1	245.5	238.4	230.5	227	223.2	214.2	211.1	208.6	207	207.3	206.6	206.2	210.6	211.3	216.9	242.2	307.3	359.1	463.8	576.6	648.1	702.4	708.8	710.8	693.1	711.1	722.8	721.4	740.2	749.4	747.6	743.9	749.8	750.6	759.2	763.4	759.4	762.8	750	745.1	790.3	788	762.8	762.1	780.3	780.8	778.9	774	765.6	780.1	771.9	771.9	784.5	783.1	788	779.6	763.5	769.1	771.7	766.3	766.3	764.9	766.3
816	816	816	816	816	816	816	816	816	816	816	816	816	816	816	808.3	804.1	816	816	816	816	816	811.8	808.5	798.4	795.3	790.8	783.9	778.2	775.5	772.5	771	766.1	750.7	749.6	763.2	756	751.5	744.4	727.9	739.7	730.8	723.2	681.8	682.8	660	644.3	637.5	550	496.3	452.3	412.8	406.5	410.5	412.4	417	374.8	323.7	308.5	310	304.5	299.6	302.8	301	298	300.2	296.3	291.1	288.2	284.5	281.9	277.2	275.1	268.6	267.4	264.9	257.4	250.2	246.6	248.5	250.5	260.6	262.2	242.9	223.4	217.9	216.1	226	240.2	243.4	235.9	233.1	244.1	240.7	240.5	243.7	241.2	234.4	231.9	234.1	233.6	229.5	227.8	226.6	227.2	224.8	224.6	223.2	216.4	220.6	229.5	246.9	267.8	268.5	256.4	255.7	255.9	252.3	250.2	245.5	243.8	244.3	247.9	248.5	241.2	243.7	244.6	242.5	246.5	247	243.7	237.3	234.7	230.4	223.4	221.1	217.9	212.7	212.6	207.7	209.5	208.6	204	205.2	211.4	214.8	225.3	247.6	312.3	412	528.1	608.7	673.5	719.4	709.2	728.6	715	702.8	715.9	704	727.8	729.6	723.7	721.3	727.2	732.7	743.3	750.4	747.1	727.7	723.1	731.4	774.5	785.1	771.1	767	761.4	786.3	778.9	774	768.8	781.7	773.3	772.6	789.4	784.5	783.8	780.3	769.8	769.8	769.5	764.9	767	763.5	764.2
816	816	816	816	816	816	816	816	816	816	816	816	816	816	816	806.2	816	816	816	816	816	816	808.3	800.7	807.7	811.8	807.6	802.2	798.9	794.7	791.7	769.4	775.1	780.9	776	776.4	773.4	763.2	742.1	739.9	745.8	744.3	722.1	710.8	702.3	682.1	659.6	645.9	589.4	519.9	496.3	438.1	408.9	409.9	414.9	408.3	335.5	311.4	308.2	301.3	297	295.3	291.3	291.1	290.5	296.8	296.2	292.6	286.5	284.2	282.6	278.6	273.3	271.7	269.3	269.1	264.8	255.4	253.3	256.1	257.6	259.3	266.5	275.7	273.5	257.9	249.9	257.7	273.4	276.3	276.9	270.4	270.2	270.8	276.6	284.7	276.2	270.2	270.3	269.2	260.9	251.3	254.8	254	250.5	253.4	253.3	250.9	251.6	254.1	276.2	286.4	280.5	270.1	252.3	259.5	260	257.7	251.1	247.7	244.4	244.2	247.9	245.6	239.2	243.4	243.1	241.4	244.1	242.3	240.1	236.5	234.9	234.3	228.1	223	216.2	215.3	212.8	206.4	206.6	207.1	205.4	204.8	214.8	223.6	239.1	270.6	340.3	426.6	547.2	655.1	727.3	744.3	730.8	731.4	720.7	716.2	718.8	697.5	688.1	712	715.4	720.6	730.7	738.3	736.5	740.6	743.1	733.6	703.3	698.3	703.8	725.5	731.7	738.2	742.5	737.8	754.7	767.7	776.8	778.9	776.8	771.9	777.5	777.5	767.7	764.9	776.8	776.8	768.4	767	777.5	771.9	751.3
816	816	816	816	816	816	816	816	816	816	816	816	816	812.8	816	811.1	816	816	816	816	816	816	806.9	807.6	816	814.2	808.8	804.9	801.9	797.7	787.5	767	785.8	788.1	783	778.8	776.4	767.1	740.6	744.5	746.7	744.6	721.2	699.2	689.7	681.4	659.6	645.2	607.4	528.3	504.7	475.6	427.9	411.4	418.8	400.7	326.9	309.7	304.9	300.5	295.9	291.5	291.4	289.3	285.3	288.5	292.1	287.3	281.7	285	287.1	277.2	273.4	273	275.3	268.5	265	256.7	255.6	255.1	251.6	251.8	262.2	273.2	282.7	279.4	272.5	270.2	276.9	286.9	294.8	285.1	280.7	285.6	290.3	291.1	296.5	291	290.3	290.2	282.7	276	274.3	265.1	261.9	266.6	271	268.5	266.6	274.6	286.2	289.4	281	267	260.2	265.1	260.2	254.7	251.8	248.5	248.5	252.1	252	249	246	245.5	244.2	241.7	239.6	235.5	225.6	224.6	226	225.3	223.3	221.3	218.9	219.2	214.1	206.1	203.3	202.9	206.1	207.3	217	230.6	248.8	278.9	395.7	500.7	589.6	687.6	737	741.2	734.9	732.5	732.4	729.9	715.2	698.3	678.7	709.5	722.5	727.1	716	734.4	735.6	737.7	744.8	733.1	717.8	706.6	699.8	715.4	720.2	728.5	727.8	729.1	746.1	760.6	770.7	781.7	783.1	778.9	774.7	772.6	750.2	753.7	766.3	771.9	768.4	767	775.4	771.9	758.9
816	816	816	816	816	816	816	816	816	816	816	816	814.6	816	816	816	813.6	816	816	816	816	816	816	816	816	816	816	810.6	806.1	804.6	798.3	793.4	798.3	794.7	791.4	788.7	785.4	781.8	773.1	763.5	757.5	752.4	745.8	722.3	693.7	688	672.4	650.8	646.8	591.9	521.5	524	502.3	435.8	415.7	393.9	325	310.9	299.4	297.7	298.8	293.3	293.7	292.2	283.2	292.1	295.1	290.1	289.6	285.2	287.1	286.1	282	280.1	279.3	273.9	272.2	267.5	259.7	260.1	258.7	257.2	260.6	268.8	283.5	293.1	296.2	305.3	309.7	321.3	333.2	328.8	332.7	333.5	332.2	332.1	333.1	318.1	322	322.1	315.1	315.2	314.9	307.9	299.9	298	297.9	289.9	290.1	296.6	292.7	288.5	276.3	264.9	262.5	261.4	259.1	256	254.3	255.5	256.7	260.3	262.7	253.9	247.8	248.4	249	244.2	240.7	234.3	226	225.3	223	223	220	218.9	221.4	220.3	215.5	208.7	207.6	204.2	202.9	208.5	226	248.1	257.4	294.6	430.9	520	640.4	733.7	740.2	722.3	723.3	721.3	720.1	733.9	716.4	708.5	703.4	719.8	732.1	723.7	711.5	718	723.2	716.8	722.9	733.4	734.7	740.5	752	750.7	743.1	736.2	733.7	734.4	743.6	738.4	737	732.7	747.7	758.8	757.5	764.9	743.2	750.2	771.9	783.1	792.9	791.5	777.5	772.6	767.7
816	816	816	816	816	816	816	816	816	816	814.4	804.1	808.3	816	816	816	816	816	816	816	816	816	816	802.7	799.2	816	816	810.3	808.8	809.1	805.5	802.2	798.3	795.3	793.8	789.3	786.9	783.3	771	764.4	758.7	751.8	748.5	722.2	694	687.8	678.6	666.1	653.3	605.2	529.8	524.7	521.4	471.1	426.2	378.3	315.3	308	305.4	313.1	305.4	297.4	295	289.2	289	294.6	294.5	294.9	295.1	290.3	292.4	293	292.1	287.2	282.2	276.7	270.6	273.7	268.7	264.2	260.8	260.1	267.4	271	279.6	290.9	300.9	314.2	321	329	329.5	327.8	330.8	338.8	336.7	333.4	336.7	322.3	320.4	318.7	316.1	320.3	320.6	321.8	314	304.4	299.7	296.6	292.2	291.8	281.2	278.5	269.1	266.4	267.1	262.3	263.3	260.2	256.5	258.2	263.1	267.5	264.3	257	248.2	245.5	239.5	231.6	230.4	224.3	219.8	218.8	218.7	215.6	218.3	217.6	220.4	217.3	212	208.6	205.1	202.1	207.6	215.4	234.4	250.7	270.4	358.4	463.7	516.8	644.1	743.6	729.2	720.3	731.8	729.2	725.3	734.7	737.9	726.1	723.7	714.3	717.9	721.5	709	722.9	731	724.8	728.9	734.6	736.3	736.2	755.2	757.3	747.8	732.1	731.9	716.5	729.7	735.3	714.5	712.2	726.3	738.9	749.8	767	761.4	765.2	775.2	792.9	809	806.2	787.3	778.2	772.6
816	807.6	813.2	816	816	816	816	816	816	816	816	810.4	816	816	816	816	816	816	816	816	816	816	816	796.1	806.2	816	816	816	816	816	816	816	811.2	807.6	806.1	804.3	796.8	803.7	787.5	779.7	779.1	771	763.2	720.5	703.1	695.3	689.4	672.2	670.9	656.1	583.1	538.3	531.9	515.6	472.2	385.1	318.4	307.5	303.2	305.8	300.7	298	298.9	296.8	297.5	297.7	298.3	296.4	297.8	295.4	297.4	299.1	299.7	298.9	294.8	288.5	282.7	287.6	285	277.5	276.9	276.7	272.1	272.4	278.6	287.5	296.5	319.7	336.1	353.7	350.1	345.2	338.9	338	345.4	337.5	330.1	326.8	323.8	321.8	324.9	331.1	335.7	340.7	327.7	309.5	297.2	284.8	274	276.2	267.9	267.9	271.8	265.7	266.4	270.5	269.4	270.4	265.5	261.2	267.9	269.8	264.7	258.3	250.3	244.1	237.3	232.1	229.5	227.2	226.3	220.2	218.8	217.7	218.2	216.9	217.1	216.6	212.2	205.8	204.4	207.4	216.7	228.4	243.1	250.6	284.5	371.8	458.7	517.4	648.4	715.4	720.4	728.5	747.4	743	732.5	729	727.6	711.3	733.3	741.6	747.9	729.8	723.4	737.8	744.9	737.9	736.6	719.7	715.8	718.4	714.4	712.7	731.2	736.2	727.9	710.2	720.4	710.9	685	678.6	705.5	725.7	738.4	741	747.4	762.3	773.6	797.1	811.1	795	795	794.3	785.2
816	813.2	816	816	816	816	816	816	816	816	816	816	816	816	816	816	816	816	816	816	816	816	816	816	816	816	816	816	816	816	816	816	816	810.9	785	802.2	809.5	810	795	786.6	787.2	780.6	738.7	707	707.9	698	690.1	679.5	686.1	666.1	598.6	541.3	530.5	502.7	424.9	349.8	321.2	311.7	303.9	300.1	299.9	297.2	296	300.2	299.8	300.5	303.3	301.8	300.8	297.4	296.7	300.8	308.1	310.2	309.8	303.6	293.4	296	294.8	286.1	283.8	284.9	277.1	273.4	283.1	290.4	297.3	316	334.4	360.4	367	365.5	363.6	359.8	365	349.6	339.3	340.2	333.3	324.9	325.6	331.8	341.4	335.8	315.4	296.8	282.1	276.3	273.1	264.4	261.3	267.7	274.4	270.4	270.3	274.5	273.7	278.3	277.7	274.6	271.6	265.1	266.2	261.4	252	244.7	231.4	224.5	226	226.7	222.8	216.3	213.3	215.3	216	212.7	212.2	213.4	210.7	207.3	206.2	207.3	216.5	236.4	254.4	297.5	363.4	400.3	454	523.9	621.1	711.5	728.4	740	749.5	748.2	740.8	735.9	734.2	708.4	716.2	737.9	747.6	725.8	717.4	733.8	737.4	734	735.8	728.9	717.3	710.2	699.4	691.6	726.1	738.7	728.4	725.1	721.1	702.5	701.1	697.6	704.3	727.8	746.7	747.5	739.6	750.2	760.7	789.4	794.3	774.7	779.6	784.5	788
816	816	816	816	816	816	816	816	816	816	816	816	814.6	816	816	816	816	816	816	816	816	816	816	816	816	816	816	809.7	816	816	816	816	816	807.6	794.3	816	816	816	816	810.3	813.9	809.1	771	746.8	730.1	715.7	693.1	694.9	703.3	673.9	610.9	557.2	526.6	492.7	409.4	346.1	333	311.1	301.1	298.9	293.3	293.1	295.1	300.4	306.3	302.9	305	304.7	304.9	305	300.6	302.2	308.7	312.3	311.6	308.9	301.1	301.7	298.2	290.7	292.8	297.7	288.3	284.7	289.1	291.5	294.6	307.9	324.6	344.2	361	364.1	354.9	349.3	348.3	343.3	336.1	344.3	345.2	335.6	333.9	329.1	319.9	309.8	301.6	291.5	279.8	270.1	268.9	264.5	261.6	266.5	275.9	277.6	270.2	268.7	275.2	282.1	289.4	286.9	277.2	268.3	265.8	259.9	250.7	240.6	229.3	219.6	220.1	223.8	222	214.1	208.7	212.6	215.3	211.6	209.2	213.3	212.4	209.4	210.8	211.5	224.8	240.2	261.8	326.5	379.2	409.1	487.6	581.8	627.1	720.2	765.6	759.9	749.2	754	758.6	759.7	756.5	740	703.8	708.8	717.7	719.6	708.2	714.1	731	739.1	737.1	735.4	726.2	721.4	710.5	706	738.4	733.2	720.4	724.9	729.3	728.8	718	709.6	714.9	725.5	731.4	727.8	730.8	731.3	722	735.7	755.7	758.6	758.6	769.8	783.8
816	816	816	816	816	816	816	816	816	816	813.2	813.2	811.1	816	816	816	816	816	816	816	816	816	816	816	816	816	807.6	806.9	816	816	816	816	816	816	816	816	816	816	816	808.3	803.4	814.5	787.5	750.6	736.4	720.5	687.3	699.5	706.4	679.7	623.4	546.6	457.3	411.1	378	341.3	329	311.5	299	294.5	293.2	293.3	297.7	305.1	308.2	307.4	307.6	304.5	300.6	308.6	308.9	304.7	309.8	317.6	321.3	321.4	319.7	316	309.2	305.4	305.2	310.2	311.7	306.3	313.9	319.1	314.8	326.9	342.4	353.9	368.2	375.5	375.2	367.6	364.1	355.8	351.2	352.6	356.5	357.4	359.7	351.1	335.4	328.2	317.4	305.8	294.8	286.3	281.9	276.8	275.9	274.6	280.3	287.5	284.1	282.3	290.4	293.5	297.6	292.6	288.2	274.8	262.7	254.9	242.2	229.7	221.5	218.8	219.8	220.3	215	216.9	210.4	210.7	213.4	209.5	209.2	211.2	213	214.7	214.7	218.1	231.4	256.5	313.5	374.2	384.9	405.8	490.8	604.9	620.8	655.8	717	717.8	724	746.3	755.1	744	723.7	733.5	704.1	688.9	717.3	724.5	720.1	721	729	737.2	741.4	732.4	723.8	726	716.2	711.9	728.9	728	726.2	732.8	729.6	728.9	720.1	710.1	711.1	714.3	706.4	698.4	721.9	727.5	726.5	715.5	724.9	762.8	762.8	778.9	787.3
816	816	816	816	816	816	816	816	816	816	807.1	816	816	816	816	816	816	816	816	813.9	800.8	812.5	814.6	816	816	816	804.8	816	816	816	816	816	816	816	816	816	816	816	816	811.8	811.1	816	800.9	763.3	743.2	723.1	714.6	716.5	707.6	696.9	659.5	525.2	427.3	399.3	365.5	338.1	327.7	310.9	297.9	290.7	291.1	294.6	296.9	299.8	308.3	309.2	305.7	307	302.8	306.4	310	308.5	310.3	315.2	317.5	318.4	318.6	316.5	311.6	313.3	308.7	312.7	312.9	308.3	316	323.3	327.6	331.9	336.3	341.3	354	359.7	366.1	360.9	352.5	354.7	350.5	345.7	347.4	350.1	353.2	347.9	338.4	322.8	311.8	306.7	302.5	296.6	292.8	293.1	281.6	277.8	279.5	281.6	277.9	279.9	293.2	298.4	296.4	296.8	295.9	277.2	265.2	254.9	240.1	224.9	218.4	216.7	214.6	217.6	212.5	213.9	210	211.3	212.6	211.2	212.8	213.1	212.9	213.8	214.5	219.9	232.6	269.3	334.9	378.2	384.9	424	517.2	588.1	609.5	649.9	663.4	664.3	674.5	687.1	706.4	706.1	697.7	713	726.2	718.6	725.8	734.1	746.2	739.9	725.5	736.9	749.1	738.5	732.1	732.8	726.9	713.3	713.5	722.6	731	730	724	719.3	718.8	714.6	722	725.6	728.8	714.5	715.2	727.6	738.1	733.9	725.7	747.7	758	773.3	775.4
816	816	816	816	816	816	816	816	816	807.2	798.1	812	816	816	816	816	816	816	816	816	811.8	816	816	816	816	816	816	816	816	816	816	816	816	816	801	811.8	816	816	816	816	816	816	807.5	765	743.7	729	718	716.7	703.5	694.3	605	451.7	391.4	378.2	389.8	346.6	322.1	309.1	300.4	291.5	290.1	292.7	292.6	295.2	305	307.9	310.7	314	310.9	310.7	312.4	310.6	310.2	314.4	316.5	316.7	314.3	315.3	318.6	317.2	316	315.7	318.4	314.7	314.6	321	329.9	335.8	341.7	345.7	354.4	365.2	360.8	353	355.1	349.6	342.2	341.5	339.2	341.1	348.5	346.6	341.2	334.5	326.3	316.6	314.1	310.7	313	310.8	300.5	291.7	292.9	295.7	297.1	298.7	298.9	304.5	300.2	296.8	289.7	274.6	260.2	253.5	245.2	232.8	219.2	214.6	212.1	211.4	214.3	213.1	217.3	219.2	219	215.1	213.4	211.9	215.6	215.5	220.9	236.6	293.5	351.6	368.4	375.8	384.9	422.2	520.1	583.7	599.7	628.4	621.3	584.1	583.9	577.9	581.8	603.5	610.3	645	675.7	716.3	727.8	733.6	746.1	736.6	720.8	732.9	732.8	728.8	730.9	736.6	732.3	716.3	715.3	723.8	727.9	725.3	723.4	719.5	714.4	723.8	719.8	726.4	737.6	737.6	719	723.4	735.9	738.1	741.6	745.4	748.3	767	769.8
816	816	816	816	816	816	816	816	812.8	814.4	816	816	816	816	816	816	816	816	816	816	816	816	816	816	816	816	816	816	816	816	816	816	816	816	816	816	816	816	816	816	816	816	812.5	777.1	756	739	723.4	716.9	705	655.7	529.3	442.5	402.3	382.3	407	355.4	325.2	311.8	301.7	283.3	278.8	283.9	289.8	288.4	299.2	308.1	311.4	315.3	310.5	310.4	314	311.2	311.9	313.1	314.8	313.5	309.7	313.1	315.1	315.9	315.1	312.1	319.2	314	313.4	323	334.5	338.5	339.4	342.7	345.8	346.9	341.8	336.2	344.5	335.2	329.3	325.1	318.8	323.8	328.5	332.6	332.5	326.8	324.8	318.7	318.8	315.5	316	316	308.6	297.1	294.2	298.2	299	297.9	297.8	302.8	296.7	291	281.6	272.4	260.6	249.3	239.7	230.9	222.2	215	209.5	209.5	212.5	211.1	213.1	217.8	219.8	216.1	209.8	205.9	207.4	213.8	222.5	244.3	311.7	361.1	366.3	377.9	388.1	430.2	539	582.6	577.4	611.3	627.7	616.8	579.3	578.1	591.8	619.2	632.4	640.4	657.6	680.7	704.3	710	725	729.9	728.2	719	709.1	700	702.8	720.2	722.4	711.8	704.8	713.2	723.6	723	729.6	728.5	713.2	706.1	707.9	706.1	704.3	707.9	707.9	704.4	711.8	717.1	725.8	728.5	714.5	725.5	757.4
816	816	816	816	816	816	816	816	816	816	816	816	816	816	816	816	816	816	816	816	816	816	816	816	816	816	816	816	816	816	816	816	816	816	816	816	816	816	816	816	816	816	816	774.5	755.7	737.8	728.4	718.1	704.6	596.3	490.9	437.9	394.1	412	433	362	328.3	309.8	295.3	278.2	274.9	282.5	289.4	291.7	296.5	305.3	308.9	310.8	310.7	309.2	311.4	310	309.7	308.8	309.8	310.5	308.3	305.9	309.1	314.5	307.6	300.2	312.3	321.8	316.6	324.7	340.9	341.1	337.1	332.4	337.1	340.8	331	324.4	325.6	321.4	315.6	315.3	316.2	318.2	320.4	324.5	331.1	331.5	321.9	322.8	325.1	318.2	319.6	315.7	310.5	308.4	303.6	308.5	307	305.2	307	307.6	296.7	285.6	275.4	264.4	253.3	237.7	226.8	225.5	219	211.7	209	208.5	213.2	214.3	217	215.4	217.6	217.5	211	207.8	208.4	217.5	232.6	269.3	335.2	364.5	370.4	381.3	392	437.9	551.6	585.8	574.8	602.3	625.2	635.5	609.3	570.6	576	607.3	626.9	636.9	641.3	626.7	611.4	640.6	699.5	732.3	734.8	727.5	718.3	711.2	709.6	716.9	714.2	709.1	703	710.4	718.1	718.4	725.7	715.7	706.6	708.5	707.5	706.5	707.9	708.7	712.8	706.9	707	714.9	723.3	727.1	727	725.9	742.2
816	816	816	816	816	816	816	814.6	816	816	816	816	816	816	816	816	816	816	816	816	816	816	816	816	816	816	813.2	816	816	816	816	816	816	816	816	816	816	816	816	816	816	813.2	812.5	769.1	749.1	737.9	723.9	716.3	684.1	558.9	456.9	427.5	400.9	420.8	388.2	344.7	318.1	297.6	284.5	272.4	268.1	275	284	285.3	285.4	290.5	297.7	309.7	313.5	311.8	309.8	303.2	303.3	305.1	306.1	306.8	306.1	299.2	300.2	304.1	299.8	300.9	310.4	309.4	309.7	322.3	328.7	332.8	334.6	333.6	327.9	328.8	316.9	305.8	302.3	298.5	293.7	293.2	303.9	314.9	315.6	316.5	327.6	325.1	315.4	325	325.5	317.3	316.5	312.3	305.5	302.4	306	310.7	310.4	303.5	299.8	298.9	289.6	280.9	272.6	262.3	243.7	231.4	225.4	221.8	217.1	212.4	210.8	206.4	209.4	211.6	213.6	213	214.7	210.2	207.8	208.8	211.1	224.2	243	273	337.8	361.3	373.7	382.1	390.5	455.2	595.9	618.7	597.1	602.1	620.9	624.9	620	574.1	550	578.6	615.2	624.8	624.6	619.6	622.8	640.8	662	712.2	726.1	726.1	712.2	711.9	718.5	720.5	723.4	721.3	714.2	710.3	710.6	717.9	721.2	711.8	713.3	728.9	721.6	717.4	716.8	716.1	721.9	730	738	732.8	724.9	726.4	724.3	717	706.1
816	816	816	816	816	816	811.8	809	816	816	816	816	816	816	816	816	816	816	816	816	816	813.2	811.8	816	816	816	816	816	816	816	816	816	816	816	816	816	816	793.6	774	767	764.2	766.3	770.5	722.9	693.3	681.1	670.4	655.7	635	527.6	443.1	422.2	419.6	406.8	356.8	338.4	318.3	296.9	285.4	269.7	264	265.4	276.8	282.7	281.8	285.7	289.1	302.1	310.6	311.1	308.8	301.9	299.8	299	299.2	304.5	301.8	298.9	297.2	296	290.4	289.9	295.3	304.9	310.7	322.9	325	315.8	323.5	331.8	323	307.7	295.7	287.1	287.4	288.4	289.3	288	292.5	298.3	305	312.5	320.3	323.4	324.5	325.5	322	309.2	309.6	305.6	304.2	295.4	300	309.5	306.4	288.6	291.1	286.6	274.9	271.6	262.5	253.6	238.5	230.3	224.7	218.4	216.5	211.9	210.3	210.9	215.1	214.5	210.4	208.2	208.3	207.4	203.5	207.3	217.1	235	253.6	293.5	364.6	371.2	372.9	378.8	391.5	457.6	603	634.9	616.5	614	627.4	629.1	631.9	627.4	596.1	579.8	596.1	616.9	623.5	613.5	629.1	635.9	615.2	611.6	653	697.7	725.3	717.3	725.4	726	725.3	723.8	715	705.1	712.6	724.2	726.8	728.8	730.8	730.3	725.7	720.6	720.4	720.5	722.9	732.3	737.4	726.2	722.3	720.7	711.5	703.6	696.6
816	816	816	816	816	813.9	816	816	816	816	816	816	816	816	816	816	816	816	816	816	811.8	804.1	816	816	816	816	816	816	816	816	816	816	816	816	816	795	774	766.3	755.2	726.2	712.1	713	715.2	671	658	653.2	643.8	640.5	609.4	504.2	433.7	429	396	358.5	337.2	324.7	314	306.6	293.7	269.1	259.4	257.7	266.9	275.9	279.8	280.4	280.5	285.9	296.7	304.9	314.4	303.7	295.7	293.9	289.1	293.9	293.8	295.5	297.4	295.4	286.6	280.9	287	298.2	309.1	314	312.3	302	306.7	311.4	307.4	296.6	287.1	278.9	276.4	279.1	277.7	279.1	279.2	291.1	298.1	306.2	320.2	322.1	322.2	327.3	320.4	306.7	302.8	294.3	292.9	292.5	293.5	301.6	298.6	286	285.7	281.8	271	270.3	252.8	244.2	237.2	228.3	215.5	213.5	213.1	210.5	210.4	208.8	208.9	207.5	209.7	206.2	204.1	206.1	205.9	213.6	221.6	241.5	255.7	293.6	367.9	373.2	373.8	376.8	385.9	471.7	611.1	645.2	650.7	656.5	650.8	643.6	637.9	633.4	609.8	577.2	581.3	614.1	639.4	633.7	614.5	639.8	636.8	625.6	628.1	671.4	691.7	691.4	706.8	720.6	717.7	700	685.9	668	682.3	712.2	718.4	731.2	729	732	735.3	732.2	729	727.4	726	725.4	733.7	742.1	729.1	722.6	720.5	716.6	714.2
816	816	816	816	816	816	816	816	816	816	816	816	816	816	816	816	816	816	816	816	809.7	814.6	816	816	816	816	816	816	816	816	816	816	781.7	735.5	714.5	708.2	710.3	715.2	710.9	692.7	690.3	714.8	695.4	663	649.6	636.5	629.9	630.7	602.9	500.9	432.3	419.8	388	368.1	336	314.9	312.8	308	294.5	270.3	254.9	251.3	257.7	268.3	275.9	278	277.8	280	291	296.5	307.6	306.2	293.2	290.2	284.7	285.6	287.6	286.9	287.4	286.1	279.1	273.9	275.6	281.1	288.5	295.4	297.9	288.6	288.5	286	283.6	278.2	268.4	259.3	252.1	255	261.7	264	261.1	272.2	282.8	292.2	303.1	305.1	305.3	314.8	314.7	303.8	301.4	291.5	284.7	285.9	287.1	287.4	286.4	284.3	277.4	269.8	258.4	251.2	242.3	230.6	231.8	226	214.9	214.9	211.9	209.7	206.1	206	200.8	199.5	202.1	200.6	200.5	207.2	212.6	221.1	231.3	247.3	260.1	305.6	365.6	372.4	373.3	370.9	381.1	467.4	609	640.3	649	654	645.9	638.8	633.8	628.2	619.9	601.8	585.6	608.9	619.2	612.3	604.6	634.2	636.1	630.2	623.6	628.7	628	622.8	629.1	635.8	631.5	619.4	618.9	609.7	608.9	624.9	628.6	622.9	642.6	678.3	706.9	737.7	728.8	725	727.2	726.8	736.2	747	735.3	725.9	726.5	728.1	731.1
816	816	816	816	816	816	816	816	816	816	816	816	816	816	816	816	816	816	813.9	812.5	816	816	816	816	816	816	816	816	816	816	816	802.7	755.1	720.1	710.3	716.6	716.9	713.2	698.3	679.8	690.3	698.5	672.6	642.6	630.1	632.5	633	632.8	609.3	498.1	433.6	395.4	370.7	365.8	317.5	309.8	315.5	311.3	300.8	279.7	263.2	251.1	252.9	261.2	261.8	264.2	269.2	276.8	283.6	288.1	294.4	298.6	296.2	290.3	285.6	285.9	284.1	277.5	280.7	279.5	276.3	271.9	268.5	266.6	274.4	282.8	286.8	285.8	281.5	278.4	275.9	277.6	273.4	265	258.4	255.1	253.6	259.1	267.1	277.1	281.6	290.8	301.3	302.1	296.6	294.2	293.3	293.6	291.7	283.9	281.2	280.9	281.7	277.2	278.5	279.1	271.5	262.3	251	243.6	239.6	231.6	231.7	225.3	217.8	213.3	210.5	205.5	200.8	198.9	194.6	193.6	194.7	193.2	196.7	203.5	214.9	223	232.4	242.1	254.2	301.8	361.6	366.2	365.7	351.7	368.8	422.1	536.2	587.6	631.3	639.6	640.9	646	640.7	636.6	634.4	621.7	600.9	595.5	606.8	601	602.9	617.7	626.5	629.6	623.3	632.1	634.3	630.3	620.8	603.4	604.8	615.1	619.8	588.5	571.1	599.1	609.5	613.5	601.9	615.3	658	707.6	733.8	728.9	730	730.7	724.8	725.6	729	730.5	725.4	722.2	726.5
816	816	816	816	816	816	816	816	816	816	816	816	816	816	812.5	816	816	816	813.2	816	816	816	816	816	816	816	816	816	816	803.4	761.4	729.9	727.1	723.6	723.6	721.4	712.7	699	677.1	678.8	692.4	682.9	640.4	621.8	617.8	624.5	624.1	623.6	612.4	503.9	430.2	390.6	377.5	370.9	321.7	311.4	313.6	304.8	300.7	285.9	272.5	256.2	249.1	250.9	251.7	256.2	266.6	271.4	274.2	282	283.9	286.2	286	284.3	283.3	279.3	271.7	268.6	268.9	271.1	265	264.3	260.2	255.3	258.3	257.7	266.1	268.2	265.6	263.2	267.3	269.8	267.5	271	269.2	263.4	257.9	259.9	270.7	273.9	278.9	283.6	292.1	289.3	277.5	270.2	267.2	272.1	273.2	263.5	264.1	266.6	264.4	260.8	262.4	263	256.9	247.5	233.9	229	225.7	226.7	226.2	222.1	219	212.4	211.2	207.4	198.8	195.4	193.9	190.6	190.1	197.6	205.6	213.5	218.1	226.9	237	248.1	265.1	316.6	355.6	365.1	365.8	370.7	380.9	423	500.6	537.9	600.1	634.3	642.7	642.9	644.2	633.3	633.4	624.7	607.8	611.6	634	642.2	619.6	618.4	625.2	628.5	623.9	633	633.5	629.6	620.8	601.9	596.4	609.1	615.1	594.4	575.2	591.5	617.6	625.4	606.5	586.6	586.1	612.6	657.1	688.6	707.3	720.7	725.5	724.2	728.2	730	725.3	718.7	721.8
816	816	816	816	816	816	816	816	816	816	816	814.6	816	809.7	803.4	816	816	816	816	816	816	816	816	816	816	816	816	816	816	784.5	746	729.2	723.2	715.3	708.4	700.4	689.8	672.7	657.8	671.2	685.2	678.7	647.5	628.5	617.5	613.7	618	613.8	601.6	498.3	395.2	345.8	360.3	337.7	297.5	319	330	304.3	296.4	291.3	280.8	263.3	252.2	253	247.1	249.7	262.4	263.2	269.6	274	277.4	283.1	279.3	278	276.5	276.3	266.4	265.6	266.8	264.3	259.7	254.7	255.6	255.3	253.4	257.5	267.5	268.1	267.1	266	273.1	276.1	275.3	279.9	277.8	282.1	280.8	280.7	280.5	282.8	284.6	287.2	288.9	282	271.8	263.6	262.5	264.7	265.7	260	257.2	256.6	256.5	256.6	258.7	254.7	250.3	244.3	230.7	228.9	225	222.8	222.9	219	209.2	204.8	202.2	198.8	187	183.9	188.6	189.4	193.1	202.4	212.6	220.9	222.5	224.4	235.8	249.7	265.6	311.4	347.1	356.9	364.4	376.7	386.3	418.7	488.7	502.4	534.2	577.8	636.9	639	655.9	648	632	629	621.8	626.8	638.6	653	637.5	636.4	645	637.3	641.4	638.1	621.5	615.8	619.9	619.9	616.1	612.6	611	611.4	607.6	598.5	601.1	613.4	609.6	594.9	593.5	610.7	634.1	674.9	696.4	700.4	713.2	745.6	758.9	747.4	733.9	726.1	728.2
816	816	816	816	816	816	816	816	816	816	816	816	816	813.9	816	816	816	816	816	816	816	816	816	816	816	801.3	784.5	762.8	733.4	724.3	718	710.4	705.6	701.9	699	693.3	672.5	657.5	654.7	673.3	680.2	678.4	642.5	624.7	610	606	609.6	607.3	585	494.8	383	355.1	365.7	332.4	298.2	319.3	341	313.8	294.9	291.6	286.2	270.1	259.6	258	249	246.3	252.9	254.1	262.6	268.6	270.7	271.8	270.8	268.2	268	268.9	262.5	253.9	254	255.5	251.5	245.3	245.5	245	243.5	247.1	256	263.1	262.2	263.9	269.2	272.5	275.3	273.8	273.7	276.2	279.5	279.8	276.3	276.5	279.6	281.4	274.3	264.9	257.9	254.8	254.6	253.3	251.9	249.8	245.7	240.3	241.4	244.5	243.2	235.7	233.6	228.5	225.6	225.2	222.4	221.6	216.3	209.1	206.3	198.7	193	189.9	187.4	185.3	193.6	199.2	205.2	207.6	214.3	219.1	222.6	232.3	246.1	259.1	275.6	337.4	362.8	366	372.5	374.1	369.9	418.7	498.1	510	523.2	559.9	626.4	651.6	654.8	652.2	633.5	627.3	620.8	631.7	639.3	647	634.4	616.4	643.9	631.2	628.9	625.1	615.1	601.1	607.9	617.7	617.8	614.7	611.3	611	612.4	595.8	590.1	603	603.9	601.5	602.3	617.2	626.3	628.7	627.3	620.3	630.5	644.4	664.2	666	661	657.8	675.6
816	816	816	816	816	816	816	816	816	816	816	816	816	816	816	816	816	809.7	797.1	799.2	812.5	816	816	811.8	788	782.4	758.6	729.2	718.6	706.3	702	697.2	691.2	688.9	688.5	684.4	674.5	656.6	649.4	663.1	669.4	673.7	635.2	619.7	608.7	602.6	605.7	602.9	582.6	537.2	413.2	362.5	342.4	315.4	293.9	323.8	339.6	313.3	295.2	288.4	286.1	278.3	259.5	259.7	258	250.9	246.6	245.4	252	257.4	259.1	260.4	264.7	262.6	261.3	259.2	255.6	248.7	246.7	243.6	242.4	241.8	239.7	242.5	243.2	242.7	243.5	251.3	253.6	259	265.4	268.2	270	274.1	270.6	271	274.1	274.4	271.5	271.7	277.6	276.8	270.5	263.9	256.8	253.1	253.8	254.5	249.9	247.3	243.1	237.7	235.2	236	232.7	230.4	226.1	225.5	224.3	222.9	218.8	212.1	208.6	203.2	197.2	192.3	185.6	184.7	185.3	185.2	191.8	198.5	200.8	204.7	211.1	215.2	222	233.4	249.7	258.4	276.3	337	361.5	363.8	371.8	367.4	357.9	381.1	455.4	498	516.1	538.8	564.8	610.3	636.7	631.9	623.4	611.9	609.6	636	652.3	648.5	627.3	605	612.3	614.5	614.7	613.6	612.2	607.9	608.8	629.5	632.4	622.2	622.2	621	609.1	606.3	614.5	612.2	616.6	619.1	609.9	620.9	638	630.9	624	613.8	596.7	603.2	623.5	625.6	622.7	612.4	645.3
684.4	684.4	684.4	684.4	684.4	684.4	684.4	684.4	684.4	684.4	684.4	684.4	684.4	684.4	684.4	684.4	684.4	684.4	684.4	684.4	684.4	684.4	684.4	684.4	684.4	684.4	684.4	684.4	678.1	672.1	668.2	665.2	660.1	656.8	650.1	652.9	650.2	648.4	644.5	642.1	641.8	635.7	601.6	589.2	579.2	574.6	574.6	567.2	557.9	479.6	359.8	363.5	361	304.9	274.8	295.6	313.8	290.4	276.3	272.2	271.7	261.1	244.8	249	252.6	245.4	239.5	237.6	239.2	245	248.8	251.7	256.3	263.9	270.1	269.3	266	262.8	261.1	262.5	262.6	260.6	264.6	264	264.6	268.8	270.6	278.2	282.9	290.5	298.6	302.9	302.1	307.4	308.5	309.6	309.5	307.9	306.9	308	307.7	306	301.7	301.1	296.1	285.3	280	282.4	282	278.2	274.9	266.5	262.7	261.2	259.6	257.6	254.7	254.8	254.5	252.7	243.9	235.3	230.2	226.9	222.9	218	215.1	212.4	211.1	212.9	213.8	216.3	214.3	217	221.4	221.3	227.6	244.8	256.3	265.4	289.9	353.1	361.8	364.4	369.8	376.8	380.9	411.6	485	485.7	494	521.3	532.8	567.8	605.1	609.1	605.8	609.8	616.5	630.3	634	626.4	605.2	584.7	582.2	594.4	601.6	598.8	587.5	601.5	602.1	612.3	617.3	601.9	596.3	606.6	601.7	610.8	617.6	607.7	601.8	600.7	594.8	606.9	619.8	612.4	604.5	583.6	578.5	574.8	592.4	598.2	595.1	594	601.3
816	816	816	816	816	816	816	816	816	816	816	816	816	816	816	816	816	816	816	816	816	816	816	816	816	816	813.3	808.8	802.2	794.7	789.3	786.9	784.2	782.7	783.9	777.8	775.5	773.4	774.1	782.1	782.7	775.5	733.3	724	712.9	705.4	703.6	699	681.8	609.6	531.9	501.2	473.9	424.5	397.1	419.6	447.1	430.7	413.3	400.8	398	391.6	376.4	377.4	383.2	377.5	375.1	372.7	371.6	367.8	366.5	373.5	377	381.1	386	392.7	393.3	390.1	385.2	386	383.3	382.4	386.8	388.5	388.4	393.7	402.1	410.2	412.1	413.1	420.7	428	426.7	430.1	432	434.2	437.8	436.3	437.1	435.6	434.6	427.1	424.5	421.7	416.2	410.7	408.5	409.4	407.1	405.8	403.9	394.1	388.8	382.9	384.5	385.4	382.8	378.9	374.2	370.1	362.5	358.5	355.1	350.1	345.1	344.7	342.2	342.9	346.6	345.7	345.2	344.3	345.3	350	355.3	359.1	368.6	381.2	387.3	395.2	416.1	474.9	492.1	498.7	504.6	511.9	511.5	543.9	614.1	617.3	620.4	630.4	661.2	679.2	709.9	722.6	727.8	729.7	720	719.8	724.2	731.3	740.2	742.9	735	752.7	765.3	750.7	732.3	735.1	730.2	726.7	729.8	729.2	727.5	733.1	735.9	745.3	753.4	749.8	732.3	717.3	708.6	711	717.5	718.1	727.5	721.5	723	712.7	719.9	727.4	714.2	707.7	708
816	816	814.6	813.2	816	816	816	816	816	816	816	816	816	816	816	816	816	816	816	816	816	816	816	816	816	813.3	809.1	804	798.3	791.7	787.2	784.8	782.4	780.3	780	780.3	774	772	754.7	773.9	782.4	756.7	732.5	722.7	713.5	705.7	705.4	697.3	682	633.8	562.6	501.8	464.7	422.4	396	416	451.4	436.6	415.2	403.2	398.9	392.5	375.6	376.5	382.2	378.5	377.7	376.4	372.4	366.9	364.5	365.6	366.9	369.3	373.1	379.4	382.3	375.9	373.5	370.6	366.1	368.6	372.9	378.4	382.3	383.1	385.8	392.6	394.6	398.7	402.4	405.4	408.3	414.6	414.5	420.4	423.8	420.9	418.3	413.9	413.3	410.9	407.9	404.3	399.8	399.5	399.8	399.6	396.9	391.4	388.8	385.1	380.7	376.5	375.8	376.3	374.1	371.1	364.8	360.5	354.3	353.3	352	347	346.3	344.8	346.2	349.5	346.1	344.4	341.7	342.4	348.8	351.7	354.6	363.6	374.1	381.6	390.8	399.1	415.1	450.4	478.2	501.4	504.3	510.8	513	543.2	612	616.5	618.4	621	656.9	674	687.2	713.9	727.2	730	720.6	716.7	718.7	726.8	747.2	748.4	736	752.6	765.9	753.1	740.7	734	729.2	729.8	730.5	729.2	739	736.9	735.5	741.8	742.5	742.8	730.1	713.6	706.1	705.6	705	706.1	715	724.2	721.3	715	717.7	726.9	718.8	708.4	704.7
816	814.6	816	816	816	816	816	816	816	816	816	816	816	816	816	816	816	816	816	812.5	816	816	816	813	806.1	801	798	792.6	787.2	784.2	782.7	780.9	774.7	766.1	774	781.8	774.9	758.5	738.7	744.6	749.3	740.9	729.5	720.8	716.4	711.7	706.1	699.6	676.1	689.4	611.9	489.6	439	413	396.6	419.1	455.6	442.4	416.2	406.4	400.2	389.5	377.4	373.7	376.9	380.7	380.5	380.2	378.2	376.5	375.7	371	369.1	368.6	365.7	372.5	374.2	369.2	368.5	366.6	361.8	362.2	366.8	365.8	371.3	374.3	378.4	381.5	383.7	392	399	400.4	401.8	404.8	406.5	412	418.1	418.6	414.5	410.6	407	402.3	395.7	395.7	395.6	392.9	390.2	388.1	386.2	384.9	383.4	378.4	371.1	367.4	364	363.2	363	362	355	350.6	349.7	350.1	348.3	346.2	346.8	349.4	349.6	349.4	349.4	349.6	346.4	347.1	354.7	355.7	360.8	369.2	378.6	382.6	390.3	397.5	413.6	453.4	482.9	504.8	508.4	516.3	509.9	541.6	610.6	615	616.2	616.4	641.7	667.3	670	705.1	733.1	741.5	745.9	735.5	729.1	727.7	733.8	739	723.8	715.3	723	736.5	752.1	747.2	744.5	749.4	747.9	731.8	731.1	729.7	719.8	726.1	724.8	731.3	734.6	724.6	711.7	707	705.8	709	707.5	707.9	707.7	712.5	728.9	739.3	741.9	743.8	731.6
816	816	816	816	816	816	816	816	816	816	816	816	816	816	816	816	816	816	816	806.9	816	816	810.6	807.9	800.4	795.6	792.6	788.4	784.2	782.7	782.1	780	771.1	768.3	758.5	727.3	699.7	682.9	669	659	683.7	728.3	726.5	720.4	716.6	711.1	706.8	700.9	680.8	698.9	627.4	505.9	444.2	409	389.9	405.1	444.7	449.6	427.4	412.5	404.7	390.9	375.5	374.2	378.6	383.4	382.6	380.8	379.5	378.7	378.7	377.6	373.1	366.2	362.9	365.1	366.6	361.7	359.4	361	358.5	353.9	359.3	360.9	361.6	363.1	367.1	371.3	375.1	380.6	386.3	389.4	389.1	388.9	389.7	393.6	397.3	399.6	397	397.2	393.7	388.4	383	380.4	381.7	380.2	380.2	374.6	370.2	372.2	371.4	365.8	361.9	358.3	356.6	352.1	355.2	356.2	352.9	351.2	351.5	351.6	347.6	346.6	348.9	350.1	347.3	344.7	346.1	350.2	348	350	354	359.6	365	375.5	380.6	383.4	388.4	396	429.2	481.9	495.1	494.4	506.2	514.9	502.9	537.7	611.2	611.2	614.4	622.2	636.7	663.8	682.2	694.5	729.9	732.1	733.2	737.3	731.9	714.8	716.6	729.9	720.9	708.6	714.9	730.2	750.7	744.4	742.3	755.2	760.8	738.9	722	715	710.7	719.1	722.7	728.8	732.8	725.8	713.5	707.6	709	711.1	710.3	709.9	707.9	710.6	728.6	743.2	737.9	754.7	743.8
816	816	816	816	816	816	816	816	816	816	816	816	816	816	815.4	813.9	812.1	809.1	805.3	801.3	796.2	792.9	788.1	784.2	780.3	776.4	773.7	773.7	776.7	780	782.1	780	772.5	771.6	736.5	699.7	679.8	667.4	650.4	637.6	674.5	728	722	715	714.1	711.5	706.2	698.8	699.4	702.9	673.4	526.3	429.2	403.3	385.9	396.2	441	457.1	439.5	422.4	409.7	394.8	377.6	368.4	373.4	380.4	384	380.9	382.2	381.2	377.2	375	375.9	373.8	372	368.4	365.3	367.4	366.9	363.8	359.4	356	359.9	363.2	367.3	368.2	368.6	367.6	365.9	368.9	369.3	375.3	380.7	379.6	375.9	374	376.1	379.3	385.8	387.1	383.8	377.9	377.4	377.4	372.4	370.6	370	363.6	357.4	356.8	351.5	347.7	351.4	350.8	349.6	349.4	354.8	354.9	354.6	356.7	355.2	351.8	351.8	351.7	351.6	354.5	352.9	348.2	350.7	353.2	355.2	356.6	358.1	361.4	365.8	369.8	373.6	379.6	386.3	397.5	432.3	490.4	500.8	507.2	509.5	504.6	489.1	542.2	608.7	608.1	611.9	620.1	630.1	654.7	679.3	681.5	702.9	734	737.6	750	750.9	749.3	743.1	735.1	725.5	727.6	727.7	726.2	741.1	737.9	721.9	733.7	747.5	766	747.4	731.3	723.9	720.4	713.5	712.3	723.3	731.9	733.8	732.4	732.5	732.1	738	740.5	727.9	708.9	708.2	718.7	725.7	736.9	734
816	816	816	816	816	816	816	815.4	815.1	814.5	813	812.4	811.8	810.6	807.9	804.3	799.8	796.2	794.1	789.6	785.1	781.2	776.4	773.4	770.4	768.3	766.8	768.9	775.8	779.7	779.1	777.6	758.3	727.4	713	687	643.9	632.9	619.1	626.8	691.1	730.4	719.3	715.5	713.1	710.3	708.5	697.5	701.1	703.8	700.8	594.8	452.8	401.5	386.4	390	433.4	457.3	450.5	431.7	418.8	406.9	385.7	369.5	368.2	374.8	380.1	381.6	381.5	380.8	377	376.9	379	377.2	375.9	374.1	368.2	368	365.9	365.5	363.2	360.3	359.5	360.3	361.8	364.7	367.3	365.3	361.5	362.2	363	365.2	371.6	374.2	374.1	369.5	368.3	366.5	370.2	377.3	377.4	372.7	370.9	368.7	365.2	360.6	359.4	357.1	354.2	350.1	349.6	350	351.1	350.9	352.3	354.7	356.5	357.6	358.7	358.1	359.1	355.9	353.2	352.3	353.2	354.5	352.4	349.9	351.7	351.9	353.8	355.8	358.1	360.8	366.5	370.9	374.6	377.8	390.6	398.8	441.1	496.5	499	505.3	509.6	514	479.5	515.4	584.7	608.7	611.7	618.7	627.7	649.2	676.6	686.8	698	734	749.8	752.7	755.4	762.9	757.7	740.1	731.1	733.5	731.6	725.5	733.5	736.6	721.2	729.7	754.3	757.7	753.4	736.6	728.5	721.8	714.6	712	727.1	735.6	737.5	730.8	723.8	734.1	750.7	749.5	730.7	711.3	703	705.9	712.9	720.9	727.8
804.9	804.6	804.9	804.9	804.6	804.6	804	803.4	802.2	801.3	799.5	797.7	795.6	793.2	790.5	786.9	783	779.1	774.6	771	767.1	763.5	760.5	758.7	757.2	758.1	762.9	773.1	782.4	778.2	773.4	766.4	757.5	730.3	713.9	691.9	644.2	629.2	624.1	633.2	694.5	727.2	721.9	718.8	719.2	715.9	707.9	697.6	705.7	706	696	591.1	451.8	398	386.4	382.8	426.7	454.8	451.9	440.2	427.8	412.4	397.1	376.7	363.9	366.8	370.1	374.8	376.6	379.7	383	380.8	379.4	377.8	378.2	381.8	380.2	372.3	363.6	357.6	359.7	358.5	358.4	360.7	361.6	364.3	368.6	368.2	366.1	367.8	367.4	368.6	370.3	369.2	370.7	370.7	369.3	366.9	369.3	369.7	371.1	370	366.4	366	364.3	356.8	355.3	351.3	351.2	355	356.1	354.7	357.3	359.9	360.4	360.3	357.2	357.2	357.3	355.4	354.5	356.2	358.9	356.1	356.9	357.9	356	356	354.9	352.6	352.4	354.6	349.8	351.7	357.2	361.9	369	380.8	394.8	407.6	441.1	500.5	506	507.6	511.9	509.1	494	566.2	600.9	606.6	608.4	616.6	628.4	639.3	672.6	698.3	695.9	708	744.4	743.1	740.4	746.3	747	747.5	751.5	746.7	741	738.8	736.5	740.4	732	723.3	728.3	733.7	733	735.8	734.7	731.8	726.4	730.7	734	735.9	733.1	726.9	722.4	723.7	738	747.4	736.2	719	717.8	722.9	720.5	706.6	708.7
810.6	810.9	810.9	810.9	810.9	810.3	809.1	808.8	808.2	806.4	804.6	802.5	799.8	797.4	793.5	789.3	786	780.9	776.1	771.3	767.1	763.5	761.1	759.3	758.7	760	768.9	776.1	780.6	780	775.2	773.7	770.4	730	712.5	707.4	691.7	653.7	621.4	636.7	696.7	725	727.7	727	722.1	717.8	713.6	699.2	702.2	703.3	691	613.5	481.9	402.9	384.4	383.7	422.1	456.9	455.7	447.4	436.4	422.6	410.9	393	374.6	369	371.9	374.3	372.5	377.2	382.6	378.6	379.5	379.1	378.7	381.3	381	374.6	370	360.9	361.3	358.9	358.9	360.7	363.6	367.6	369.9	372.5	366.5	365.8	370.2	369.2	370.5	370.4	370.6	369.7	365.2	365.7	368.1	366.7	367.1	366.1	363.3	365.5	360.5	357.6	357.2	353.3	353.2	356.1	359.9	358.9	358.2	360.3	360.5	361.9	359.9	354.9	355.8	354.1	356.2	355.5	353.8	353.8	354.9	354.3	352.4	353.3	354.5	349.9	346	345.5	344.3	347.9	356.2	361.2	371.2	386	395.4	405.8	425.9	454.7	481.6	504.8	510.6	507.6	522.6	584.3	602.8	611.3	617.9	623.5	628.4	636.5	666.7	697.6	695.9	699.7	736	742.6	736.8	741.5	747.2	751.9	758	746.3	737.4	730	727.8	719.4	706.5	702	713.6	727.1	730.6	736.2	730.2	705.2	691.8	703.4	715	734.1	738.4	732.5	726.9	724.7	727.2	730.3	730.2	719.9	720.6	731.4	729.2	722.9	723
816	816	816	816	816	816	816	811.1	816	816	816	816	816	816	813	807	799.5	792	785.1	778.8	773.4	770.1	768.9	769.8	772.5	778.5	783.3	780.3	776.4	782.7	782.1	775.2	738.7	708.2	708.9	715.5	681	625.3	622.4	678.7	725.5	727.8	729.8	725.6	721.5	717.8	712.9	706.7	705.7	699.8	681.3	634.5	563.4	440.6	389.4	388.2	417.5	454.3	457.1	454.3	438.1	422.1	416.9	403.4	382.5	368.9	362.5	361.4	364.6	368.1	374	376.1	378.7	381.2	380.5	382.4	383.9	379.8	378.4	370.3	363.6	361.2	355	356.4	360.6	365	363.1	363.7	362.1	362.9	364.8	365.5	363.9	363.1	364.3	362.3	363.4	364.8	368.5	367.1	363.8	360.6	357.9	359.7	351.5	348.3	349.8	356	358.7	359.3	357.1	355.6	356.3	356.6	360.4	360.5	357.8	356.2	357.1	359.2	356.7	351.6	350.7	351.7	352.7	353.1	348.8	347.8	343.9	339.2	338.1	341.2	343.7	348.6	357.9	367.6	382.6	396	408.9	421.6	433.6	451.6	487.5	508.7	507.1	512.1	556.2	602.2	610.6	611.6	611.2	620.3	627.5	631.3	654.9	694.2	713.8	699.6	711.8	743.2	741.9	731.7	740.1	738.3	739.8	747	738.8	733.4	729.8	719.3	703	699.9	722	739.8	747.7	750.5	725.8	703.7	712	715.8	714.8	727.2	727.4	726.5	721.5	710.4	711.7	716	719.8	712.2	707.6	724.7	722.6	724.3	731.3
816	816	816	816	814.6	814.6	816	814.6	816	816	816	816	816	816	813	804	798.3	791.1	784.2	777.6	773.7	771.3	771.9	773.4	776.1	778.5	780.3	780	777.3	780.3	777.4	750.2	721.6	710.4	712.1	717.4	685.5	637.2	674.5	721.1	728.4	728.6	727.6	725.8	719.4	715.1	710.3	710.3	709.3	700.8	685.1	639.9	583.7	472	394.8	376.9	405.6	447.9	456.2	455.9	449.7	433.6	422.2	406.2	391	376.1	364.6	362.7	363.1	361.2	366.5	371.2	374.6	379.7	375.6	379.4	383.4	379	378.3	373.4	364.2	357.9	356.7	359.2	361.8	362.1	362.8	362.6	361.7	364.3	366.7	365.4	362.3	363.5	363.4	362.6	365.7	366.7	368.6	369.7	366	361.5	360.4	358.5	351.3	351.9	351.5	354.1	357.5	357.2	358	357.1	359.7	360.4	360.8	358.8	355	357.6	359.8	357.5	350.5	348.7	347.9	347.3	349.5	346.7	340.9	339.4	333.2	333.3	336.1	342.1	349.4	357.6	365	374.1	386	400.4	414.4	424.5	426.4	425	460.2	506.8	507.2	521.9	572	603	603.2	611.3	610.2	617.9	626.9	630.3	647.9	685.8	716.5	704.1	686.2	736.6	738.9	727.2	730.7	734.6	738	739	735.6	736.9	736.8	733.7	738	734.9	732.8	746.5	760.3	760.3	750.9	737.3	729.2	728.5	722.6	719.5	719.3	724	729.2	723.7	721.7	725.3	728.1	720.8	706.1	711.3	713.1	719	727.4
816	816	816	816	808.8	806.9	812.7	811.8	810	808.5	804.9	801	796.8	792.6	788.7	783.9	780	776.1	773.7	774	774.6	774.6	776.7	777.6	774	772.5	772.2	772.5	773.4	774.3	755.1	736.1	721.1	710.8	711.4	715.2	690	651.1	686.9	722.9	725.4	727.5	728.1	724.6	716.3	714.1	712.4	712.5	710.1	703.1	693.2	635.3	571.1	534	447.3	388.1	402.1	442.3	456.5	455.7	451.9	445.8	429.8	412.3	393.4	385	375	367.5	357.6	352	354	360.7	364.6	369.7	374	375.9	381.4	380.5	379	379.5	370.8	364	354.7	352.3	352.5	354.7	358.1	356.2	357.9	359.1	360.4	360.1	353.9	358.4	360.6	358.6	359.4	363.7	364.1	360.3	354.3	355.7	358	354.7	351.1	349.5	350.8	350.9	349.9	348.6	351.8	352.8	353.6	356.9	357.4	353.8	353.7	356.5	354.8	349.2	341.6	346.1	351.3	345.9	337.9	332.2	329.8	330.9	329.2	327.4	333.6	343	349.7	362.3	373.5	381.8	394.4	410.1	419.9	424.9	429.8	418.3	439.6	483.9	515.9	566.7	606.1	607.3	596.2	603	607.1	612.8	622.4	626.7	640.7	672.4	712.2	727.5	692.1	723.3	751.2	746.5	734.6	738.3	746.7	740.1	730.9	731	739.3	737.9	731.7	730.3	728.6	734.1	754.7	765.3	756.9	744.2	735.3	731	726.3	724.2	727.7	728.9	725.9	725.8	739.1	739.4	729.5	720.4	707.2	709	716.6	721.8	729.2
812.4	811.8	811.2	808.9	807.4	807	804.6	802.2	799.2	796.2	793.5	790.2	786.6	782.7	780	777.3	774.6	773.7	774	775.5	775.8	776.4	777.3	776.4	774.6	773.4	772.2	772.2	754.8	735.4	723	715	711.4	714.4	712.9	709.2	708.1	687.8	698.9	722.5	724.2	724.7	724	722.3	718.5	715	714.4	709.2	705.5	702	693.8	670.8	615.2	557.5	481.1	396.9	384.6	418.9	450.1	460	459.2	450.7	431.8	412.3	400	393.3	385.2	373.7	362.8	355.9	356	358.1	361.7	368.4	372.9	374	378.7	383.6	381.8	380.3	376.5	367.6	358.8	352.4	351.9	354.4	356.7	357.1	358.4	358.8	359.5	357	357.3	357.7	357.3	356.1	358.6	360.7	360.1	359.5	358.1	359.3	358.2	358	353.2	350.4	352.7	352.2	350.7	348.4	350.5	350.6	352.5	353.6	356.7	353.1	350.2	350.4	350.5	344.4	340.7	340.1	340.7	337.4	329.9	325.3	327.5	331.1	330.7	333	339.7	345	353.4	367.8	378	388.3	403.6	414.8	420.9	427.2	428.4	408.6	428.8	451.6	498.4	584.6	619.4	608.7	606.8	606.1	587.1	596.6	617.7	623.1	632.2	654.4	687.5	716.6	728.8	729.2	733.7	741.8	734.2	734.6	741.4	738.7	734	737.9	743.1	746.4	745	736.6	735.6	734.4	738.9	754.8	762.8	755.4	744.5	730	736	733.2	733.2	727.8	728.8	726	733.6	739.3	736	723.2	713.2	716.1	723.4	730.9	734.9
792.6	791.1	789.6	788.1	786.3	784.2	781.2	779.7	777.3	775.2	773.4	773.1	772.5	773.7	775.2	776.1	776.4	776.7	778.8	781.2	780.9	779.1	774.6	771.3	774	776.1	774.3	773	749.4	728.5	718.6	713.8	714.1	717	714.3	712	714.1	697.8	696.4	719.1	725.5	724.6	723.4	721.9	718.5	711.5	711.7	709	705.1	702.3	696.1	642.7	579.8	537.1	525.8	479	425.4	437.2	450	456.4	462.9	464.6	454.5	431	406.7	397.1	394.3	387.9	375.1	362.5	355.1	353.2	355.5	357.3	361.4	361.7	369.4	377.5	379.5	382	382.2	380.2	372.8	364.1	357.1	349.3	351.1	354.4	355.6	354.7	357.9	354.4	355	353.8	350.7	354	355.7	355.2	354.3	354.8	354.5	355.3	356.4	355.5	350.5	349.4	346.9	343.5	343.9	348.6	348.2	349.6	351	351.7	353.6	352.3	348.8	344.1	342.2	340.7	340.8	329.6	324.9	321.2	318.8	322.3	323.8	327.4	332.5	334.4	341.2	353.2	366.7	380	392.2	405.2	412.2	417.1	419.1	426.1	433.4	411.3	407.9	456.6	556	619.6	613.1	605.7	607.1	606	588.8	592.6	617.6	624.6	636.8	654.9	696.3	734.4	737.2	718.8	728.1	730	724.7	740.5	744.2	742.6	745.4	756.3	760.1	751.4	745.9	743.2	733.7	725.8	722.3	737.5	745.6	755.7	770.4	759.8	745.9	747.4	737.3	737.9	748.3	731.6	724	726.2	731.7	729.3	733.2	733.6	727.2	737.9	741.9
781.2	780	778.8	777.6	775.8	773.7	771.9	770.4	769.2	768.9	769.5	771	772.5	775.5	777.3	776.4	775.8	775.8	777.6	781.2	782.1	777.6	772.5	771.9	773.1	774	774	747.8	718.5	712.5	714.3	711.3	712.7	713.7	707.3	701.5	707.8	703.2	693.3	706.7	721.9	720.5	720.4	719.4	713.2	713.5	713	711.8	703.7	701.6	701.9	655.4	586.4	534.5	526.8	509.5	451.8	439.5	444.4	454.6	472.5	476.2	464.2	445.6	411.9	399.8	402.1	395.7	385.3	373.6	361.1	352.8	351.6	351.3	356.1	357.3	362.4	367.7	369.7	377.9	379.6	379.8	376.6	368.7	359.3	353.4	352.1	354.1	355.4	356.6	355.9	354.7	354.5	353.7	350.1	352.8	352.2	348.8	349.7	355.5	354.3	355.1	353.9	353.2	349	347.2	346.4	344.3	344.8	349.2	346.7	350.2	350	351.1	350.8	346.6	340.7	336.3	337.4	338.4	333	325	319.9	317.3	319.8	321	326.9	328.2	338.7	343.6	346.1	359.4	374	387.4	400.4	408.5	412.6	417	419.4	426.3	434.3	424.3	419.8	477.9	562.9	593.8	582.8	579.8	599.8	604	606	594.4	605.7	623.9	634	654.8	692.1	729.5	737	717.2	713.5	724	734.6	749.9	753.6	745.7	743.3	748.8	752.9	747.2	742.1	738	730.3	726.1	719.8	723.2	730.9	746	763.8	762.6	751.9	746.4	735.3	736.6	743.5	739.4	736.2	722.1	729.9	725	713.6	715	715.3	735.6	746.7
759.3	759.3	759.3	759.3	759.3	759.3	759.3	759.3	759.3	759.3	759.3	759.3	759.3	759.3	759.3	759.3	759.3	759.3	759.3	759.3	759.3	759.3	759.3	759.3	759.3	759.3	750.9	724.3	705.4	697.7	697	697	696.3	697	689.3	683	685.1	694.9	689.3	686.5	700.5	706.1	706.1	702.6	701.2	701.9	699.8	695.6	690.7	690	690.7	671.8	617.9	551.4	522	521.3	513.9	458.4	431.2	442.9	452.8	452.4	442.2	434.6	425.1	420.7	418.9	404.2	391.7	377.5	366.3	353.8	344.1	337.3	334.5	332.3	329.5	329.8	325.9	331.7	342.7	353	353	352.5	351.8	347.2	346.2	343.3	342	344.1	344.3	339.9	340.6	339.9	337.7	337.6	338.3	336	333	333.2	334.6	332.2	329.2	329.2	326.4	325	325.9	328	327.1	326.7	329.5	329.2	328.4	323.9	323.1	320.2	314.1	313.1	308.9	303.2	300.6	297.7	300.5	298.8	300.2	303.9	311.8	318.4	328.6	337	343.9	359.9	373.7	388.5	394.6	396	401.7	405.9	407.3	414.6	420	403.8	414.3	511.9	565.4	561.9	562.6	563.3	570.3	582.2	582.2	573.1	580.8	606.7	613	626.3	648.7	682.3	706.8	717.3	706.8	720.8	735.5	741.1	745.3	742.5	735.5	727.1	727.1	728.5	731.3	732.7	732.7	741.1	740.4	727.1	725	726.4	726.4	734.8	737.6	736.2	725.7	715.2	709.6	715.2	725	727.8	727.1	726.4	721.5	718.7	724.3	715.9	716.6
816	816	816	816	816	816	816	816	816	816	816	816	816	816	816	816	816	816	816	816	816	816	816	816	804.8	783.8	764.9	755.8	752.3	747.4	748.1	750.9	748.8	746.7	741.8	742.5	741.8	744.6	750.9	738.3	743.2	758.6	762.8	759.3	757.9	760	757.2	751.6	748.1	746	746	720.8	647.3	580.8	569.6	580.1	601.8	554.3	505.4	500.3	506.7	507.5	508.4	502.3	494.8	490	482.9	468.2	455	438.8	430.6	417.7	409.6	402.1	393.3	389.6	386.8	381.3	379.3	381.9	388.3	396.4	401.7	408	411.1	406.9	401.6	400.8	401.6	396.6	398	395.2	395.2	397.4	395.9	392.7	397.8	397.8	394.3	395.1	391.3	389.7	386.9	386.8	384.4	385.2	383.8	383.8	385.4	385.4	385.4	382.4	377	374	371.6	367.9	365.9	364.6	359.7	355.7	356.4	355.5	354.1	356.9	361.8	368.4	376.4	385.2	391.2	400.3	414.9	429.5	442.2	450.5	453.4	454.2	461.3	464.1	464.8	468.2	469.3	450.7	494.6	585.9	609.5	606	600.4	594.1	601.1	634	638.9	648	662.7	666.9	673.2	681.6	706.1	740.4	774.7	776.8	769.8	793.6	788.7	788	792.2	781.7	764.9	774.7	784.5	788	789.4	792.9	807.6	797.8	791.5	790.1	788	780.3	784.5	797.8	799.2	788.7	778.9	769.1	764.2	776.8	792.9	788.7	789.4	785.2	783.1	787.3	769.1	759.3	773.3
816	816	816	816	816	816	816	816	816	816	816	816	816	816	816	816	816	816	816	816	814.6	816	814.6	808.3	804.8	783.8	768.4	758.6	754.4	750.9	740.4	748.1	747.4	742.5	741.8	739.7	741.1	738.3	741.8	739.7	732.7	746.7	759.3	761.4	759.3	757.9	759.3	755.8	749.5	748.8	747.4	720.8	650.8	589.9	573.1	576.6	601.8	629.1	569.5	509.2	499.7	503.7	503.6	505.9	497	493.2	494.7	485.1	471.8	460.3	447.6	432.4	420.3	407.1	400.3	395.8	389.8	384.7	381	379.7	377.6	379.2	379.1	383.4	389.7	395.3	398.2	398.5	400.8	402.3	400.2	397.4	398.1	395.1	395	392.5	392.4	393.2	394.8	394.1	393.6	392	392.7	389.1	387.6	387.7	383.8	380	379.9	377.6	373.2	366.6	363.2	362.1	360.2	353.9	352	354.1	354.8	353.3	354.7	356	356.8	362.1	369.3	378.8	385.4	393.6	404.7	417.4	427.9	437.7	445.7	449.3	452.1	458	457.7	458.9	460.9	461.9	463.2	496	571.7	602.5	603.2	603.9	608.8	596.2	583.6	599	638.2	647.3	664.8	669	673.2	678.8	703.3	743.2	760.7	774	771.9	764.9	768.4	764.9	768.4	781.7	781.7	774	786.6	786.6	778.9	772.6	777.5	778.9	780.3	787.3	788	773.3	767.7	778.9	778.9	773.3	775.4	781.7	783.1	784.5	779.6	784.5	785.2	788	776.8	762.8	762.8	755.1	763.5
816	816	816	816	816	816	816	816	816	816	816	816	816	816	813.9	816	816	816	802.7	778.2	778.9	789.4	778.9	774.7	764.9	762.1	756.5	753	750.9	750.9	746.7	746	743.2	742.5	742.5	738.3	734.8	734.8	736.9	743.2	732.7	738.3	754.4	758.6	757.9	755.8	757.9	754.4	749.5	750.9	748.8	728.5	660.6	592	570.3	574.5	595.5	626.3	604.3	533.1	507	503.8	505	507.9	504.7	500	498.1	487.8	479	470.3	459.9	444.9	430.6	415.3	403.5	399.5	391.2	389	385.3	379.6	376.2	377.6	377	376	376.5	382.8	389.3	392.6	398.2	397.6	397.8	397.1	397.1	394.3	394.1	392.1	386.8	390.1	394.7	392.5	391.2	391.2	391.8	391.8	387.5	383.1	377.8	374	370.9	367.2	360.4	356.6	351.8	352	355.8	350.5	347.7	352.6	352.5	354.6	358.1	359.6	364.2	367.1	378.1	388.2	396.4	403.8	415.5	429.6	437.4	443.4	449.2	452	455.6	458.5	461.8	463.8	464.4	461.5	464	506.1	590.2	603.2	597.6	601.1	608.8	596.9	573.8	573.1	600.4	629.1	643.1	657.1	673.2	678.1	698.4	734.1	774.7	776.1	775.4	764.2	769.8	767.7	772.6	781.7	786.6	792.9	795	783.8	769.8	767	774	778.9	783.8	790.1	796.4	774.7	762.8	767.7	768.4	760	772.6	777.5	780.3	788	786.6	780.3	775.4	777.5	773.3	763.5	766.3	766.3	758.6
