688.5	688.5	688.5	688.5	688.5	688.5	688.5	688.5	688.5	688.5	688.5	688.5	688.5	688.5	688.5	688.5	688.5	688.5	688.5	688.5	688.5	688.5	688.5	688.5	688.5	688.5	688.5	688.5	688.5	688.5	688.5	688.5	688.5	688.5	688.5	688.5	688.5	688.5	688.5	688.5	688.5	688.5	688.5	688.5	688.5	688.5	688.5	688.5	688.5	688.5	688.5	688.5	688.5	688.5	688.5	688.5	688.5	688.5	688.5	688.5	688.5	688.5	688.5	688.5	688.5	688.5	688.5	688.5	688.5	688.5	688.5	688.5	688.5	680.7	655.5	640.5	624.3	601.5	588.9	589.5	567.1	532.2	519.4	508.4	495.9	493.7	483.9	462.4	461.1	484.8	495.7	500.7	502.7	524.5	510.9	489.6	517.2	523.3	514.5	506.8	490.2	475.8	480.9	463.6	424.4	416.1	467.7	471.2	449.4	431.1	406.2	403	407.4	410.5	421.4	430.8	441.8	445.4	448.6	440.5	437.7	436.3	447.6	482.8	505.5	511	522.9	511.9	499.2	535.2	560	569.7	579.3	567.3	576.1	632.5	662.6	688.5	688.5	688.5	688.5	688.5	688.5	688.5	688.5	688.5	688.5	688.5	688.5	688.5	688.5	688.5	688.5	688.5	688.5	688.5	688.5	688.5	688.5	688.5	688.5	688.5	688.5	688.5	688.5	688.5	688.5	688.5	688.5	688.5	688.5	688.5	688.5	688.5	688.5	688.5	688.5	688.5	688.5	688.5	688.5	688.5	688.5	688.5	688.5	688.5	688.5	688.5	688.5	688.5	688.5	688.5	688.5	688.5	688.5
688.5	688.5	688.5	688.5	688.5	688.5	688.5	688.5	688.5	688.5	688.5	688.5	688.5	688.5	688.5	688.5	688.5	688.5	688.5	688.5	688.5	688.5	688.5	688.5	688.5	688.5	688.5	688.5	688.5	688.5	688.5	688.5	688.5	688.5	688.5	688.5	688.5	688.5	688.5	688.5	688.5	688.5	688.5	688.5	688.5	688.5	688.5	688.5	688.5	688.5	688.5	688.5	688.5	688.5	688.5	688.5	688.5	688.5	688.5	688.5	688.5	688.5	688.5	688.5	688.5	688.5	688.5	688.5	688.5	688.5	688.5	688.5	665.7	651.3	623.6	574.6	546.9	521.5	516.4	497.2	464.9	443.7	443.5	436	422.7	407.9	387.3	371.2	361.1	359.3	364.9	371.8	375.3	380.5	387.1	393.8	422.2	433.5	425.4	425.4	426.8	428.6	430.8	417.8	386.5	394.2	439.3	414.4	375.8	371.6	365.6	369.7	374.9	370.4	372.5	401.5	425.9	419.8	422.8	428.2	423.4	422.9	432.1	444.9	462.4	473.2	476	470.5	465.7	511.8	535.2	536.6	536.6	536.5	526.4	548.3	569.5	603.8	638.8	664	688.5	688.5	688.5	688.5	688.5	688.5	688.5	688.5	688.5	688.5	688.5	688.5	688.5	688.5	688.5	688.5	688.5	688.5	688.5	688.5	688.5	688.5	688.5	688.5	688.5	688.5	688.5	688.5	688.5	684.9	682.2	683.4	678	681	688.5	688.5	688.5	688.5	688.5	688.5	688.5	688.5	688.5	688.5	688.5	688.5	688.5	688.5	688.5	688.5	688.5	688.5	688.5	688.5	688.5
688.5	688.5	688.5	688.5	688.5	688.5	688.5	688.5	688.5	688.5	688.5	688.5	688.5	688.5	688.5	688.5	688.5	688.5	688.5	688.5	688.5	688.5	688.5	688.5	688.5	688.5	688.5	688.5	688.5	688.5	688.5	688.5	688.5	688.5	688.5	688.5	688.5	688.5	688.5	688.5	688.5	688.5	688.5	688.5	688.5	688.5	688.5	688.5	688.5	688.5	688.5	688.5	688.5	688.5	688.5	688.5	688.5	688.5	688.5	688.5	688.5	688.5	688.5	688.5	688.5	688.5	688.5	688.5	680.1	641.7	606.6	576.3	564.9	553	534	517.5	504.3	494.7	469.6	444.8	428.7	412.1	401.2	407.9	400.2	379.2	362.2	356.2	357.2	353.5	351.3	355.6	356.8	360.8	360.5	359.6	382.6	399.2	396.2	395.2	408.2	405.7	407.7	399.7	378.8	382.8	388.6	369.5	353.6	349	353.8	374	391	394	383.8	366.8	371.4	380.2	388.3	382.4	396.8	401.7	397.6	395.9	408.1	418.1	409.9	417.7	429.7	465.1	495.7	515.1	525.4	534.5	538.7	525.8	510.7	525.4	556.5	601	638.4	669.1	688.5	688.5	688.5	688.5	688.5	688.5	688.5	688.5	688.5	688.5	688.5	688.5	688.5	688.5	688.5	688.5	688.5	688.5	688.5	688.5	688.5	688.5	688.5	688.5	688.5	688.5	688.5	688.5	679.2	680.4	685.5	680.4	683.7	688.5	688.5	688.5	688.5	688.5	688.5	688.5	688.5	688.5	688.5	683.7	683.4	685.2	685.8	688.5	688.5	688.5	688.5	688.5	688.5
688.5	688.5	688.5	688.5	688.5	688.5	688.5	688.5	688.5	688.5	688.5	688.5	688.5	688.5	688.5	688.5	688.5	688.5	688.5	688.5	688.5	688.5	688.5	688.5	688.5	688.5	688.5	688.5	688.5	688.5	688.5	688.5	688.5	688.5	688.5	688.5	688.5	688.5	688.5	688.5	688.5	688.5	688.5	688.5	688.5	688.5	688.5	688.5	688.5	688.5	688.5	688.5	688.5	688.5	688.5	688.5	688.5	688.5	688.5	688.5	688.5	688.5	688.5	688.5	688.5	688.5	688.5	684.9	647.7	596	561.9	529.1	499.8	484.8	466.6	454	442.3	408.4	381.3	368.6	353.7	344.4	342.7	344.9	348	341.9	345.1	352.6	349	353.3	356.6	349.5	351.8	346.3	347.3	351.9	350.2	348.4	345.4	352.8	363.7	384.5	383.4	359.9	355.9	366.2	374.7	353.6	343.6	341.4	338.2	359.8	371.8	367.9	375.4	346.6	335.9	353.4	368.5	370.6	367.6	383.8	393.5	392.5	390.7	391.3	395.5	406.7	407.7	424	464	483.4	491.4	499.1	514.7	500.8	460.6	452.2	470.4	499.2	536.6	571.6	614.1	682.2	688.5	688.5	688.5	688.5	688.5	688.5	688.5	688.5	688.5	688.5	688.5	688.5	688.5	688.5	688.5	688.5	688.5	688.5	688.5	688.5	688.5	688.5	688.5	688.5	688.5	688.5	688.5	688.5	688.5	688.5	688.5	688.5	688.5	688.5	688.5	688.5	688.5	688.5	688.5	685.8	684.3	682.2	680.4	683.7	688.5	688.5	688.5	688.5	688.5	688.5	688.5
688.5	688.5	688.5	688.5	688.5	688.5	688.5	688.5	688.5	688.5	688.5	688.5	688.5	688.5	688.5	688.5	688.5	688.5	688.5	688.5	688.5	688.5	688.5	688.5	688.5	688.5	688.5	688.5	688.5	688.5	688.5	688.5	688.5	688.5	688.5	688.5	688.5	688.5	688.5	688.5	688.5	688.5	688.5	688.5	688.5	688.5	688.5	688.5	688.5	688.5	688.5	688.5	688.5	688.5	688.5	688.5	688.5	688.5	688.5	688.5	688.5	688.5	688.5	688.5	688.5	676.5	628.5	584.9	561.3	555.7	538.9	515.2	501.7	494.2	461	428.9	396	369.3	356.7	356	350	344.3	341	335.9	335.1	341.8	352.9	346.2	332.4	335.3	337.9	342.8	347.1	343.5	337.6	340.5	334.1	335.3	343.6	340	338.4	361.6	366.7	349.9	351.4	354	359.3	347.6	337.9	337	343.8	350.7	347	333.7	328.5	327.3	330.3	346.2	367.6	368.7	367.9	386.4	400.9	401.1	393.5	391.7	393.7	392.6	393.2	394.5	398	399.4	405.4	410.3	414.9	419.2	424.8	435.6	446	495.4	536.6	551.1	577.9	630.9	677.1	685.5	688.5	688.5	688.5	688.5	688.5	688.5	688.5	688.5	688.5	688.5	688.5	688.5	688.5	688.5	688.5	688.5	688.5	688.5	688.5	688.5	688.5	688.5	688.5	688.5	688.5	688.5	688.5	688.5	688.5	688.5	688.5	688.5	688.5	688.5	687.6	688.5	688.5	686.7	683.1	686.7	685.8	688.5	688.5	688.5	688.5	688.5	688.5	688.5	688.5
688.5	688.5	688.5	688.5	688.5	688.5	688.5	688.5	688.5	688.5	688.5	688.5	688.5	688.5	688.5	688.5	688.5	688.5	688.5	688.5	688.5	688.5	688.5	688.5	688.5	688.5	688.5	688.5	688.5	688.5	688.5	688.5	688.5	688.5	688.5	688.5	688.5	688.5	688.5	688.5	688.5	688.5	688.5	688.5	688.5	688.5	688.5	688.5	688.5	688.5	688.5	688.5	688.5	688.5	688.5	688.5	688.5	688.5	688.5	688.5	688.5	688.5	688.5	688.5	680.1	625.8	562.4	523.3	501.2	484.2	471.3	460.3	447.6	436.5	419.1	383.5	363.7	346.1	337.6	345.1	347.9	353.5	347.8	334.5	332.4	334.3	334.5	332.9	326.3	323.3	332.4	331.7	331.2	334.8	331.5	330.5	333.5	343.8	352.2	342.7	339.6	339.4	335.7	339.2	346.8	346.1	333.7	327.1	330.9	331.1	334.8	331.8	336.5	332.7	322.8	321.3	326.8	330.7	356.7	353.4	360.6	376.2	359.9	362.2	376.6	393.1	396.3	393.5	391.3	389.9	388.9	390	395.3	396.5	398.7	403.5	411.6	427.2	448.7	495.1	534.5	536.6	540.8	548.8	575.6	633.9	677.3	688.5	688.5	688.5	688.5	688.5	688.5	688.5	688.5	688.5	688.5	688.5	688.5	688.5	688.5	688.5	688.5	688.5	688.5	688.5	688.5	688.5	688.5	688.5	688.5	688.5	688.5	688.5	688.5	688.5	688.5	688.5	688.5	688.5	688.5	688.5	688.5	688.5	688.5	688.5	688.5	688.5	688.5	688.5	688.5	688.5	688.5	688.5	688.5
688.5	688.5	688.5	688.5	688.5	688.5	688.5	688.5	688.5	688.5	688.5	688.5	688.5	688.5	688.5	688.5	688.5	688.5	688.5	688.5	688.5	688.5	688.5	688.5	688.5	688.5	688.5	688.5	688.5	688.5	688.5	688.5	688.5	688.5	688.5	688.5	688.5	688.5	688.5	688.5	688.5	688.5	688.5	688.5	688.5	688.5	688.5	688.5	688.5	688.5	688.5	688.5	688.5	688.5	688.5	688.5	688.5	688.5	688.5	682.2	688.5	688.5	688.5	674.5	596.7	540.1	519.2	503.8	474.9	462.3	456.9	434	411	398.8	388.2	365.6	351.2	340	332.8	339.5	344.1	346.5	339.2	330	330.9	330.6	329.7	334.7	335.6	336.3	339.3	344.7	341.8	343.2	333.9	331.3	343	338	338.7	340.5	323.5	305	315.4	324.9	324.9	321.6	314.5	315.3	325.6	324.9	320.4	325.9	325.1	322.9	323.6	321.3	317.4	334.3	354.8	357.3	360.3	347.2	346.5	357.3	376.5	391.2	391.4	386.8	386.8	385	386.9	389	384	390.8	398.8	392.2	387	401.4	428.2	468.1	501.9	526	529.9	541	563.9	603.8	654.2	688.5	688.5	688.5	688.5	688.5	688.5	688.5	688.5	688.5	688.5	688.5	688.5	688.5	688.5	688.5	688.5	688.5	688.5	688.5	688.5	688.5	688.5	688.5	688.5	688.5	688.5	688.5	688.5	688.5	688.5	688.5	688.5	688.5	688.5	688.5	688.5	688.5	688.5	688.5	688.5	688.5	688.5	688.5	688.5	688.5	688.5	688.5	688.5
688.5	688.5	688.5	688.5	688.5	688.5	688.5	688.5	688.5	688.5	688.5	688.5	688.5	688.5	688.5	688.5	688.5	688.5	688.5	688.5	688.5	688.5	688.5	688.5	688.5	688.5	688.5	688.5	688.5	688.5	688.5	688.5	688.5	688.5	688.5	688.5	688.5	688.5	688.5	688.5	688.5	688.5	688.5	688.5	688.5	688.5	688.5	688.5	688.5	688.5	688.5	688.5	688.5	688.5	688.5	688.5	688.5	688.5	685	672.4	679.4	682.2	666.8	605.7	545.8	501.8	478.3	458.2	420.9	393.5	390.2	385.2	378.9	370.4	369.9	356.4	344.9	335.6	337.7	336.3	341.9	343.3	335.5	333.6	327.9	325.9	329.9	337.6	336.6	339.4	343.6	336.1	332.8	337.3	331.2	322.6	323.1	330.3	323.4	316.7	319.6	307.1	300	303.4	314.5	315.4	307.8	304.1	309.1	320.1	319.1	319.8	320.8	309.3	306.4	316.6	318.5	330	332.5	327.4	343.3	344.1	333.3	335.8	344.1	364	373.9	366.8	366.3	364.8	371.2	371.2	384.8	383.3	371.6	373.3	379.1	396.1	416.5	432.4	470.5	497.2	508.1	533.8	535.9	540.8	559.7	605.2	652.1	682.2	688.5	688.5	688.5	688.5	688.5	688.5	688.5	688.5	688.5	688.5	688.5	688.5	688.5	688.5	688.5	687.3	688.5	688.5	685.8	685.8	688.5	688.5	688.5	688.5	688.5	688.5	688.5	688.5	688.5	688.5	688.5	688.5	688.5	688.5	688.5	688.5	688.5	688.5	688.5	688.5	687.3	685.2	681	678.6	687.3
688.5	688.5	688.5	688.5	688.5	688.5	688.5	688.5	688.5	688.5	688.5	688.5	688.5	688.5	688.5	688.5	688.5	688.5	688.5	688.5	688.5	688.5	688.5	688.5	688.5	688.5	688.5	688.5	688.5	688.5	688.5	688.5	688.5	688.5	688.5	688.5	688.5	688.5	688.5	688.5	688.5	688.5	688.5	688.5	688.5	688.5	688.5	688.5	688.5	688.5	688.5	688.5	688.5	688.5	688.5	688.5	688.5	688.5	680.1	667.5	653.9	625.9	565.5	520.4	501.2	480.2	460.3	432.4	389.2	363.7	368	367	362.2	358.4	354.5	343.2	341.3	347.2	342.3	337.2	343.1	337.3	330.9	335.3	331.4	326.1	328.3	332.7	321.4	316.7	326.3	321.8	313.5	316.2	311.1	306.2	308.8	315.7	311.4	309.2	317.6	312.7	303.5	301	306.1	310.2	304.3	296.1	300.4	305.2	302.5	299.6	299.9	291.5	289.7	298	295.4	293.9	298.7	303.6	321.7	331.4	329.5	334.3	332.2	344.9	355.9	358.8	355.8	364	381	375.1	382.9	384.7	371.9	366.8	368	387.8	400.9	395.3	415.8	438	453.7	465.3	496.7	523.3	543.6	573.7	616.4	659.8	688.5	688.5	688.5	688.5	688.5	688.5	688.5	688.5	688.5	688.5	688.5	688.5	688.5	688.5	688.5	686.7	688.5	688.5	688.5	688.5	688.5	688.5	688.5	688.5	688.5	688.5	688.5	688.5	688.5	688.5	688.5	688.5	688.5	688.5	688.5	688.5	688.5	688.5	688.5	688.5	688.5	687.6	683.4	681.6	688.5
688.5	688.5	688.5	688.5	688.5	688.5	688.5	688.5	688.5	688.5	688.5	688.5	688.5	688.5	688.5	688.5	688.5	688.5	688.5	688.5	688.5	688.5	688.5	688.5	688.5	688.5	688.5	688.5	688.5	688.5	688.5	688.5	688.5	688.5	688.5	688.5	688.5	688.5	688.5	688.5	688.5	688.5	688.5	688.5	688.5	688.5	688.5	688.5	688.5	688.5	688.5	688.5	688.5	688.5	688.5	688.5	683.6	666.8	642.2	624.1	593.7	554.8	514.9	481.4	454.2	435.8	424.6	411	398.2	383.2	360	351.4	343.3	338	335.2	342.6	351.4	342	333.7	336	337	340.9	341.8	347.5	343.5	332.2	323.2	319.2	319.9	308.7	312.9	323	317.9	307	304.7	312.1	307.6	302.9	311	304.9	304.2	310	302.8	293.3	295	299.8	296.2	291.7	296.6	300	296.2	293.6	297.9	294.5	286	287.2	285.5	281.8	286.2	290.9	296.4	303.5	314.5	317.6	316.5	320.6	322.2	330.1	336.7	358	365.9	365.9	375.7	369.1	355.7	358.3	361.6	362	370.5	383.9	409.4	436	462.5	471.7	483.7	502.7	523	534.5	545.7	574.4	625.5	684.3	688.5	688.5	688.5	688.5	688.5	688.5	688.5	688.5	688.5	688.5	688.5	688.5	688.5	688.5	688.5	688.5	688.5	688.5	688.5	688.5	688.5	688.5	688.5	688.5	688.5	688.5	688.5	688.5	688.5	688.5	688.5	688.5	688.5	688.5	688.5	688.5	688.5	688.5	688.5	688.5	688.5	688.5	688.5
688.5	688.5	688.5	688.5	688.5	688.5	688.5	688.5	688.5	688.5	688.5	688.5	688.5	688.5	688.5	688.5	688.5	688.5	688.5	688.5	688.5	688.5	688.5	688.5	688.5	688.5	688.5	688.5	688.5	688.5	688.5	688.5	688.5	688.5	688.5	688.5	688.5	688.5	688.5	688.5	688.5	688.5	688.5	688.5	688.5	688.5	688.5	688.5	688.5	688.5	688.5	688.5	688.5	688.5	688.5	687.1	675.2	625.3	588.6	570.3	530	500.9	486.5	462.1	441.1	428.8	421.5	405.3	391.9	385.1	357.5	347.3	340.8	338	339.5	345.2	342.1	334.6	333	332.1	330.1	328.3	332.2	332.7	330.3	324.3	308.6	303.9	309.1	303	298.6	306.2	309.9	297.5	300.6	309.5	301.6	299.4	302.5	299.4	298.8	300	291	288.9	288.2	288.3	288.6	290.9	295.9	298.2	294.9	291	295.4	295.2	290.3	291.9	289.1	285.6	288.6	286.4	282.7	287.9	290.4	291.4	291.1	291.9	293.3	299.1	318.5	343.7	362.5	370	380	371.6	347.3	347	353.6	343.1	348.1	370.8	391.4	423.9	461.1	511.6	534.5	522.4	503.4	517	537.8	550.6	581.4	624.1	657	688.5	688.5	688.5	688.5	688.5	688.5	688.5	688.5	688.5	688.5	688.5	688.5	688.5	688.5	688.5	688.5	688.5	688.5	688.5	688.5	688.5	688.5	688.5	688.5	688.5	688.5	688.5	688.5	688.5	688.5	688.5	688.5	688.5	688.5	688.5	688.5	688.5	688.5	688.5	688.5	686.4	687
688.5	688.5	688.5	688.5	685.8	688.5	688.5	688.5	688.5	688.5	688.5	688.5	688.5	688.5	688.5	688.5	688.5	688.5	688.5	688.5	688.5	688.5	688.5	688.5	688.5	688.5	688.5	688.5	688.5	688.5	688.5	688.5	688.5	688.5	688.5	688.5	688.5	688.5	688.5	688.5	688.5	688.5	688.5	688.5	688.5	688.5	688.5	688.5	688.5	688.5	688.5	688.5	688.5	674.5	659.8	651.4	644.1	599.4	558.9	524.7	482.9	448.3	419.9	408.2	404.4	397	380.3	361.5	355.9	349.9	339.8	347.2	348	345.4	344.6	340.8	325.7	326.8	329.7	324.2	318.5	312.8	310.7	311	306.5	308.4	306.9	293.4	292.5	301.1	298.2	296.5	301.7	293.2	294	297.9	296.5	291	292.1	296.7	307.9	301.7	288	287.8	288.7	285.8	287.2	291.3	294.2	296	295.5	287.7	288.2	289.5	290.4	294.1	291.7	287.1	288.7	288	285.7	287	284.6	283.6	284.3	282.1	282.4	286.6	293.4	306.2	326.7	344.8	351.3	347.9	338.8	338.9	339.7	330.1	329.8	353	361.1	372.5	415	474.6	525.1	534.5	521.2	520.3	531.7	533.8	538.7	555.5	604.5	674.5	688.5	688.5	688.5	688.5	688.5	688.5	688.5	688.5	688.5	688.5	688.5	688.5	688.5	688.5	688.5	688.5	688.5	688.5	688.5	688.5	688.5	688.5	688.5	688.5	688.5	688.5	688.5	687.6	688.5	688.5	688.5	688.5	688.5	688.5	688.5	688.5	688.5	688.5	683.1	675.9	673.2
688.5	688.5	688.5	688.5	688.5	688.5	688.5	688.5	688.5	688.5	688.5	688.5	688.5	688.5	688.5	688.5	688.5	688.5	688.5	688.5	688.5	688.5	688.5	688.5	688.5	688.5	688.5	688.5	688.5	688.5	688.5	688.5	688.5	688.5	688.5	688.5	688.5	688.5	688.5	688.5	688.5	688.5	688.5	688.5	688.5	688.5	688.5	688.5	688.5	688.5	688.5	688.5	688.5	668.9	652.1	643.7	607.3	554.1	509.5	475.4	454.2	429	396.2	391.9	392.6	385	371	351.8	341	328.6	323.5	338.7	340.4	333.4	323.3	309.4	301	303.6	305.8	301.8	298.8	298.1	297.3	298.9	296.9	298.1	298.3	290.7	290.4	293.9	289	291	292.8	286.3	287.3	289.4	288.2	282.8	286.6	294	301.6	296.8	287.8	288.7	291.8	290.3	289.4	291.8	295.1	294.5	290	287.5	284.1	285	282.2	284.9	287.7	288.3	285.9	285.5	287.1	292.1	288	281.2	278.5	277.1	276.4	283	290.8	294.9	305	314.5	326.7	335.2	330.3	330.4	331	325	324.8	335.6	342.2	344.6	366.9	404.7	454.8	487.7	505.7	511.8	515.8	485.9	502.8	544.3	570.9	641.6	688.5	688.5	688.5	688.5	688.5	688.5	688.5	688.5	688.5	688.5	688.5	688.5	688.5	688.5	688.5	688.5	688.5	688.5	688.5	688.5	688.5	688.5	688.5	688.5	688.5	688.5	688.5	687.6	688.5	688.5	688.5	688.5	688.5	688.5	688.5	688.5	688.5	688.5	688.5	683.4	678.6
688.5	688.5	688.5	688.5	688.5	688.5	688.5	688.5	688.5	688.5	688.5	688.5	688.5	688.5	688.5	688.5	688.5	688.5	688.5	688.5	688.5	688.5	688.5	688.5	688.5	688.5	688.5	688.5	688.5	688.5	688.5	688.5	688.5	688.5	688.5	688.5	688.5	688.5	688.5	688.5	688.5	688.5	688.5	688.5	688.5	688.5	688.5	688.5	688.5	688.5	688.5	688.5	672.4	647.2	619	599.5	567.4	518.4	470.5	438.2	410.9	382.6	364.6	355.9	349.2	348.2	343.4	337	330.1	313.3	310	318	319	317.3	312.9	302	296.5	296.6	297.6	297.7	293.1	291.5	291	291	295.1	296.2	298.6	294.5	288.7	282.2	279.1	283	284.1	279.2	282.1	281.7	279.3	278.3	280.4	292.1	292.2	282.3	281.7	284.8	289.4	287.3	287.2	289.2	290	289.3	288.1	287.9	282.7	282.9	280.4	280.8	284.3	286.8	282.1	279.6	280.6	285.9	285.1	282.1	280.9	276.2	274.5	276	284.1	291.1	297.2	298.5	304.5	315.9	313.6	312.9	318.2	325.3	321.7	324.6	335.6	336.8	337.3	353.3	383.6	431.1	478.3	490	488.7	462.6	480.1	535.9	538.7	552.8	600.1	668.9	688.5	688.5	688.5	688.5	688.5	688.5	688.5	688.5	688.5	688.5	688.5	688.5	688.5	688.5	688.5	688.5	688.5	688.5	688.5	688.5	688.5	688.5	688.5	688.5	688.5	688.5	688.5	688.5	688.5	688.5	688.5	688.5	688.5	687	687	687.3	688.5	688.5	688.5
688.5	688.5	688.5	688.5	688.5	688.5	688.5	688.5	688.5	688.5	688.5	688.5	688.5	688.5	688.5	688.5	688.5	688.5	688.5	688.5	688.5	688.5	688.5	688.5	688.5	688.5	688.5	688.5	688.5	688.5	688.5	688.5	688.5	688.5	688.5	688.5	688.5	688.5	688.5	688.5	688.5	688.5	688.5	688.5	688.5	688.5	688.5	688.5	688.5	688.5	688.5	678.7	656.3	621.1	572.2	551.9	509.3	472.8	442.3	416.1	392.5	367.5	352.1	343.6	338	339	338.6	325.3	318.7	312.5	311.6	313.7	314.2	311.5	305.8	293.3	293	292.5	292.2	292.5	288.2	287.1	282.3	281.6	285.4	292.5	297.1	299.6	294.4	289.4	288.7	290	289.1	284.6	287.8	284.8	284.9	287	287	292.4	288.8	283.3	281.8	282.6	284.2	287	286.7	285.1	281.2	279.7	280.4	284.1	285.5	284.8	281.5	281.6	284.4	285.5	284.6	279.9	282.6	282.8	283	284.5	278.5	272.5	272.6	277.6	282.5	285.1	286.5	289.4	292.7	300.8	314.8	311.5	317.6	323.3	319.6	317.4	326.2	330.1	329.3	337.6	350.6	375	402.4	414.3	423.4	421.7	435.1	494	522.5	541.5	566.7	630.4	688.5	688.5	688.5	688.5	688.5	688.5	688.5	688.5	688.5	688.5	688.5	688.5	688.5	688.5	688.5	688.5	688.5	688.5	688.5	688.5	688.5	688.5	688.5	688.5	688.5	688.5	688.5	688.5	688.5	688.5	688.5	688.5	688.5	685.8	688.5	688.5	688.5	688.5	688.5
688.5	688.5	688.5	688.5	688.5	688.5	688.5	688.5	688.5	688.5	688.5	688.5	688.5	688.5	688.5	688.5	688.5	688.5	688.5	688.5	688.5	688.5	688.5	688.5	688.5	688.5	688.5	688.5	688.5	688.5	688.5	688.5	688.5	688.5	688.5	688.5	688.5	688.5	688.5	688.5	688.5	688.5	688.5	688.5	688.5	688.5	688.5	688.5	682.2	667.5	649.3	635.3	631.1	598	555.3	519.8	466.7	419.8	385.5	364	351.8	338.8	334	333.2	328.1	330	329.4	313.7	305.4	301.5	302.6	306.7	306.8	305	303.5	291.1	286.7	283.9	282.6	283.2	281.8	279.9	277.4	274.4	276.8	281.3	284	289.7	290.2	288.8	287.5	292.6	290.7	285.2	287	288.1	287.6	284.8	284.3	288.1	283.9	279.7	277.9	277.7	278.6	280.7	283.2	280	274.6	272.4	274.4	277.7	279.2	280.5	279.8	282.3	285.6	287.4	286.2	280.4	281.6	282.5	280.7	281.1	279.8	273.3	270.4	272.8	276.6	278.1	280.7	283.7	284.2	287.7	304.3	308.2	312.4	315.4	317.7	315.4	315.6	320.3	326.1	326.6	337	365.2	391	402.2	409.2	412.9	416.5	467.4	503.9	530.6	538.7	545	586.3	661.9	688.5	688.5	688.5	688.5	688.5	688.5	688.5	688.5	688.5	688.5	688.5	688.5	688.5	688.5	688.5	688.5	687.9	686.4	687.6	686.7	688.5	688.5	688.5	688.5	688.5	688.5	688.5	688.5	688.5	688.5	688.5	688.5	688.5	688.5	688.5	688.5	688.5
688.5	688.5	688.5	688.5	688.5	688.5	688.5	688.5	688.5	688.5	688.5	688.5	688.5	688.5	688.5	688.5	688.5	688.5	688.5	688.5	688.5	688.5	688.5	688.5	688.5	688.5	688.5	688.5	688.5	688.5	688.5	688.5	688.5	688.5	688.5	688.5	688.5	688.5	688.5	688.5	688.5	688.5	688.5	688.5	688.5	688.5	683.1	663.9	659.6	657.9	635.2	581.9	547.5	526.7	493	457.5	433.9	411.3	383.2	356.6	351.4	338.7	332.3	331.3	326.4	316	305	301.6	302.1	301.1	299.4	296.2	293.6	295.9	296.1	286.6	283.1	279.1	276.4	276.1	270.6	271.3	272	271.9	276.9	276.8	276.3	280.3	277.3	280.3	284.3	288.7	290	292.4	295.1	295	294	289.7	284.3	287.3	287.7	284.6	281.9	281.4	277.5	281.6	285.2	279.6	275.7	275.4	275.4	277.5	277.4	278.1	279.3	283.2	286.7	291.9	290.8	283	280.6	283.7	281.2	276.6	279.1	278.4	273.1	270.3	271.5	272.7	273.1	275.6	279.1	281.7	291.3	301.6	307.3	310	311.3	312	312.4	316.8	319.1	319.9	326.6	341	362.6	383.9	395.7	400.2	402.6	410.8	431.8	467	521.8	541.5	559.7	629	685.2	688.5	688.5	688.5	688.5	688.5	688.5	688.5	688.5	688.5	688.5	688.5	688.5	688.5	688.5	688.5	687.9	684.6	686.7	688.5	688.5	688.5	688.5	688.5	688.5	688.5	688.5	688.5	688.5	688.5	688.5	688.5	688.5	688.5	688.5	688.5	688.5
688.5	688.5	688.5	688.5	688.5	688.5	688.5	688.5	688.5	688.5	688.5	688.5	688.5	688.5	688.5	688.5	688.5	688.5	688.5	688.5	688.5	688.5	688.5	688.5	688.5	688.5	688.5	688.5	688.5	688.5	688.5	688.5	688.5	688.5	688.5	688.5	688.5	688.5	688.5	688.5	688.5	688.5	688.5	688.5	688.5	685.9	652.4	631.1	601.4	593.2	574.3	537.1	504.3	480.6	448.9	408.8	393.7	384.2	359.7	341.8	335.9	332.6	329.6	325.5	322.6	309.7	301.9	299.1	297.7	297.2	296.5	295.9	293.9	291.2	287.7	279.2	279.5	280.3	276.9	274.2	270.2	270	269.6	268.8	270.9	270.2	274.3	276	273.4	274.9	278	281.1	286.4	291.4	291.8	291.6	291.5	289	287.1	284.7	279.9	280.8	280.6	282.2	281.8	284.1	284.5	280.4	278	278.4	277.7	276.6	278.9	279.8	279.1	278.8	283.3	289.4	290.3	284.7	281	283.4	284.1	277.6	277	278.4	273.8	274.3	275.2	272.1	272.4	273.8	274	276.4	281.5	292.1	302.5	304.4	305.8	309.5	311.4	314.9	318.5	318.6	319.6	322.2	326.5	338.5	352.2	381.3	394.3	388.9	408.3	448.1	497.5	540.1	541.5	547.1	593.3	666.1	688.5	688.5	688.5	688.5	688.5	688.5	688.5	688.5	688.5	688.5	688.5	688.5	688.5	688.5	688.5	688.5	688.5	688.5	688.5	688.5	688.5	688.5	688.5	688.5	688.5	688.5	688.5	688.5	688.5	688.5	688.5	688.5	688.5	688.5	688.5
688.5	688.5	688.5	688.5	688.5	688.5	688.5	688.5	688.5	688.5	688.5	688.5	688.5	688.5	688.5	688.5	688.5	688.5	688.5	688.5	688.5	688.5	688.5	688.5	688.5	688.5	688.5	688.5	688.5	688.5	688.5	688.5	688.5	688.5	688.5	688.5	688.5	688.5	688.5	688.5	688.5	688.5	688.5	675.9	639.9	618.7	627.5	613.6	603.7	588.1	543	520.7	487.1	447.7	418.3	387.5	369.8	350.2	331	320.9	316.1	319.1	322.7	319.3	305.1	300.6	298.3	294.1	294.7	295.9	298.7	294.3	287.1	282.7	283	277.9	274.9	275.2	278.8	281.8	277.1	273.8	273.5	275.5	274.9	273.4	270.6	270.6	266.7	267.2	269.7	271.7	274.2	278.6	286	290.6	293.3	295.2	290.9	283.4	273	271.6	273.9	273.6	275.9	276.9	277.5	276.3	275.8	277.3	278.1	280.1	283.1	282.5	277.5	279	282.9	285.6	287.7	282.5	282.2	283	284.6	279.3	273.5	276	272.9	270.5	273.2	271.1	271.1	274.3	275.9	273.6	275.1	279.3	283.7	284.8	289.3	301.1	310	312.5	313.8	313.9	317.7	325.4	324.6	335.9	354.3	376.9	397.6	391.9	394.6	406.6	430.4	464.2	511.3	540.8	561.8	629.7	688.5	688.5	688.5	688.5	688.5	688.5	688.5	688.5	688.5	688.5	688.5	688.5	688.5	688.5	688.5	688.5	688.5	688.5	688.5	688.5	688.5	688.5	688.5	688.5	686.4	685.5	688.5	688.5	688.5	688.5	688.5	688.5	688.5	688.5	688.5
688.5	688.5	688.5	688.5	688.5	688.5	688.5	688.5	688.5	688.5	688.5	688.5	688.5	688.5	688.5	688.5	688.5	688.5	688.5	688.5	688.5	688.5	688.5	688.5	688.5	688.5	688.5	688.5	688.5	688.5	688.5	688.5	688.5	688.5	688.5	688.5	688.5	688.5	688.5	688.5	688.5	688.5	688.5	647.7	603.6	604.4	615	607.6	606.3	574.9	525.5	497.1	456.4	414.6	384.7	357.4	343.4	329.6	313	318.6	315.2	308.5	313.3	310.6	299.2	300.9	298.8	292.3	296.7	299.1	293.2	286.5	281.1	276.9	277.2	278.3	272.4	273.1	277.3	282.8	279.2	271.9	272	273.5	274.7	274.6	271.4	271.8	269.4	266.7	267.4	266.7	269.8	272.7	277.4	283.8	289.6	291.5	294.3	289.9	281.2	275.8	273.5	272.4	274.1	276.6	275.2	272.9	272.1	273.9	274.9	279.4	280.4	281.3	276.7	277.1	282.1	282.2	284.8	279.1	276.6	278.8	280.3	277.9	270.9	274.3	274.4	269	271.8	271.1	272.5	273	272.9	274.3	277.3	279.2	282.7	283.6	287.2	291.3	296.3	306.8	312.2	315.4	318.5	325.3	327.9	331.7	344.4	353.6	382.2	397	392.6	393.4	409.3	436.7	475.1	530	538.7	548.5	590.5	661.9	688.5	688.5	688.5	688.5	688.5	688.5	688.5	688.5	688.5	688.5	688.5	688.5	688.5	688.5	688.5	688.5	688.5	688.5	688.5	688.5	688.5	688.5	688.5	687.3	688.5	688.5	688.5	688.5	688.5	688.5	688.5	688.5	688.5
688.5	688.5	688.5	688.5	688.5	688.5	688.5	688.5	688.5	688.5	688.5	688.5	688.5	688.5	688.5	688.5	688.5	688.5	688.5	688.5	688.5	688.5	688.5	688.5	688.5	688.5	688.5	688.5	688.5	688.5	688.5	688.5	688.5	688.5	688.5	688.5	688.5	688.5	688.5	688.5	688.5	688.5	648.3	629.3	644.7	633.3	623.4	597.9	578.8	529.8	491.2	463.3	428.1	392.5	368.9	344	322.8	315.8	314.8	313.2	302.9	304.9	298.7	295.1	294.6	292.5	294.5	296.5	297.8	292.3	287	280.8	278.1	274.9	274.9	274.2	274.8	274.8	274.1	274.9	279.4	276	271	269.3	266.5	267.3	272.4	279.3	281.4	280.1	276.7	272.8	270.6	268.9	267.5	273.8	273.6	277.1	286.4	290.7	293.1	291.1	283.8	277.8	276.9	278.3	274.7	271.5	274.8	275.9	275.5	273.9	277.8	276.6	274.9	278.1	279.8	281.5	281.8	276.6	274.6	273.1	268.8	271.8	271.4	268.8	273	270.5	269	269.3	271.5	272.8	269.1	267.5	271.5	277.2	276.8	278.9	283.5	282.8	287.4	296.3	302.2	307.2	312	320.4	325.6	328.3	337.4	348.6	373.9	395.8	393	393.8	401.4	406.1	407	424	476.9	541.5	557.3	613.4	688.5	688.5	688.5	688.5	688.5	688.5	688.5	688.5	688.5	688.5	688.5	688.5	688.5	688.5	688.5	688.5	688.5	687.9	684.9	686.7	688.5	688.5	688.5	688.5	688.5	688.5	688.5	688.5	688.5	688.5	688.5	688.5	688.5
688.5	688.5	688.5	688.5	688.5	688.5	688.5	688.5	688.5	688.5	688.5	688.5	688.5	688.5	688.5	688.5	688.5	688.5	688.5	688.5	688.5	688.5	688.5	688.5	688.5	688.5	688.5	688.5	688.5	688.5	688.5	688.5	688.5	688.5	688.5	688.5	688.5	688.5	688.5	688.5	685	669.6	612.5	611.7	618.2	611.4	594.3	565.6	544	500.2	459.2	423.4	382.1	360	346.2	327.8	309.4	305.3	310.6	306.8	296.7	300.4	298.3	292.2	290.2	287.8	292.9	293.6	288.9	283.7	280.9	280.8	277.6	274.8	273.7	273.4	273.8	275.4	274.5	269.3	275	278.7	272.4	267	264.2	266.1	268.4	272.8	277.2	282.7	282.8	278	277	273.9	266.5	269.3	270.8	269.7	273.5	280.3	287	290.3	287.1	282.2	277.9	278.4	276.9	273.2	274.7	274	276.1	275	276.7	275.3	273.1	276.4	281.2	281.6	280.9	275.1	274.4	272.9	268.2	269.9	271.2	265.5	271.7	270.3	265.4	268.3	269.9	268.4	268.5	268.9	272.7	274.5	271.6	273.8	274.6	279.6	286.9	293.6	300.8	306.5	311.3	319.9	326.7	331.1	341.2	336.4	349.5	374	394.4	393.9	393.3	398.1	402.8	408.8	454.6	524.6	540.1	554.1	607.3	676.6	688.5	688.5	688.5	688.5	688.5	688.5	688.5	688.5	688.5	688.5	688.5	688.5	688.5	688.5	688.5	685.2	678.9	686.7	688.5	688.5	688.5	688.5	688.5	688.5	688.5	688.5	688.5	688.5	688.5	688.5	688.5
688.5	688.5	688.5	688.5	688.5	688.5	688.5	688.5	688.5	688.5	688.5	688.5	688.5	688.5	688.5	688.5	688.5	688.5	688.5	688.5	688.5	688.5	688.5	688.5	688.5	688.5	688.5	688.5	688.5	688.5	688.5	688.5	688.5	688.5	688.5	688.5	688.5	688.5	688.5	688.5	676.6	647.9	615.4	636	606.9	574.1	550	543.1	531.1	478.2	429.9	406	376.2	340.3	319.7	308.1	300.2	300.3	308.3	299.7	293.5	289.5	293.7	292.5	289.1	289.1	287.6	285.8	283	279.3	279.4	278.6	275.1	270.6	270.2	269.9	270.2	268.9	270.3	267.1	268.2	270.5	270.7	265.6	264.6	266.9	268.2	268.4	261.3	274.5	276.9	282.2	286.8	285.2	282.1	277.4	274.1	268.4	264.9	265.8	263.3	270.8	275.5	279.9	281.3	283.9	279.4	277.3	275.2	275.2	275.6	276.8	277.5	276.9	277.3	277.2	278.6	280.7	280.8	273.8	272.4	270.8	268.1	271.5	270.4	268.9	270.3	270.2	266.1	266.6	264.2	263.3	267.2	268.9	271.9	274.2	272.2	273.2	275.4	277.5	283.2	286.1	290.8	302.4	314	326.8	327.6	334.1	342.1	333.1	351.4	371.5	393.2	397.4	391.8	394.1	401	405.7	411	435.8	500.9	547.1	578.6	650.7	688.5	688.5	688.5	688.5	686.7	688.5	688.5	688.5	688.5	688.5	688.5	688.5	688.5	688.5	688.5	687.9	682.5	688.5	688.5	688.5	688.5	688.5	688.5	688.5	688.5	688.5	688.5	688.5	688.5	688.5	687.6
688.5	688.5	688.5	688.5	688.5	688.5	688.5	688.5	688.5	688.5	688.5	688.5	688.5	688.5	688.5	688.5	688.5	688.5	688.5	688.5	688.5	688.5	688.5	688.5	688.5	688.5	688.5	688.5	688.5	688.5	688.5	688.5	688.5	688.5	688.5	688.5	688.5	688.5	685.7	671.7	660.5	637.9	614.1	626.9	592.5	550.1	524.4	505.8	486	421.1	375.4	359.6	335.8	329.3	318.9	304.5	297.4	296.4	302.4	296.7	289.6	287.5	291.4	294.6	288.1	282.7	280.9	280.9	278.5	277.4	275.2	275.2	275.9	271	268.7	268.8	267.4	265.8	266.6	266.8	259.9	235.8	222	210.8	197.1	188.9	167.3	138.6	148.9	167.8	169.8	174	173.4	164.5	145.8	141	141.2	130.7	112.8	100.7	99.1	103.3	111	144.3	168.2	188.7	210.1	231.4	244.1	241.8	242.7	238.5	272.2	277.5	279.4	280.7	280.4	283.6	283	276.5	274.3	272.5	269.5	272	270.9	267.2	269.3	268.5	267.8	267.2	265.7	264.8	266.4	268.5	271.2	272.5	275.3	276.5	276.3	276.1	280.9	287	288.9	291	303.5	322.2	333.4	335.4	329.1	328.2	341.3	364.3	385.9	387	387.2	390.5	395.4	405	408.5	420.7	472	534.5	545.7	568.1	633.9	688.5	688.5	688.5	686.4	687.3	688.5	688.5	688.5	688.5	688.5	688.5	688.5	688.5	685.8	685.5	688.5	688.5	688.5	688.5	688.5	688.5	688.5	688.5	688.5	688.5	688.5	688.5	688.5	688.5	688.5
688.5	688.5	688.5	688.5	688.5	688.5	688.5	688.5	688.5	688.5	688.5	688.5	688.5	688.5	688.5	688.5	688.5	688.5	688.5	688.5	688.5	688.5	688.5	688.5	688.5	688.5	688.5	688.5	688.5	688.5	688.5	688.5	688.5	688.5	688.5	688.5	688.5	688.5	676.6	660.5	650	640.9	632.5	582.8	544.1	510.5	470.8	453.8	415.6	378.7	354.8	326.4	313.9	312.6	299.9	295.9	294.2	296.4	298.2	295.1	291.3	290.4	291	291	285.8	278.8	275.2	275.8	274.5	274.1	274.9	272.9	274.6	271.3	268.9	266.1	262.5	261.2	258.5	242.9	194.5	173.2	170.3	165.4	139.6	111.3	92.5	89.5	88.7	87.8	85.4	82.1	77.3	78.4	80.2	82.8	83.1	78.1	72	69.3	67.9	65.6	62.9	74.5	93.9	124.5	151.5	179.9	196.2	198	199.9	215.4	249.9	279.9	278.9	276.3	276.9	279.7	279.5	278.6	280.7	279.2	277.2	277.2	273.1	271.6	271.6	273.6	272.9	273.5	274.7	273.2	272	271.2	274.9	274.8	275.6	278.3	281.4	283.9	285.7	286.1	288.4	289.1	297.8	306.3	319.3	327.9	323.5	323.9	336.3	364.4	385.8	383.8	389.7	394.7	396.8	405.6	408.1	408.6	414.8	450.4	507	551.3	598.2	675.2	688.5	688.5	688.5	686.7	687	688.5	688.5	688.5	688.5	688.5	686.7	684.3	686.7	688.5	688.5	688.5	688.5	688.5	684.6	688.5	688.5	688.5	688.5	688.5	688.5	688.5	688.5	688.5	688.5
688.5	688.5	688.5	688.5	688.5	688.5	688.5	688.5	688.5	688.5	688.5	688.5	688.5	688.5	688.5	688.5	688.5	688.5	688.5	688.5	688.5	688.5	688.5	688.5	688.5	688.5	688.5	688.5	688.5	688.5	688.5	688.5	685.8	688.5	688.5	688.5	685	668.9	645.8	632.5	629.7	628.3	611.7	549.9	517.2	478	427.9	429.5	414	377.2	342.5	316	311.7	302.4	291.3	288.2	291.7	295	297.9	293.6	290.8	289.8	290	284.8	281.5	278.1	271.9	271.4	269.8	272.5	273.8	272.2	272.4	271.5	262.5	235.7	172	120.4	96.6	78.2	62.7	51.2	48.9	47.6	47.4	44.3	43.5	44.5	41.5	41.4	42.2	44.2	49.6	52.1	60.9	67.3	67	63.2	60.7	58.8	53.8	46.9	41.6	42.3	44.6	44.5	47	51.5	60	70.3	88.1	105.6	125.2	193	235.9	243.1	254.9	261.6	259.9	264.4	280.5	280.2	276.5	276	275.3	273.2	273.2	275.8	275	275.8	276.5	276	274	271.6	274.4	275.3	272.7	275.2	280.1	281.9	281.2	280.6	282.6	288.2	293.6	301.1	307.1	317.9	322.9	321.3	329.8	347	379.2	389.6	392.5	394	393.4	396.9	404.9	407.5	410.9	418.9	456.7	520.4	542.2	572.3	635.3	688.5	688.5	688.5	687.6	688.5	686.7	685.8	687.9	687.6	685.2	687.9	688.5	688.5	688.5	688.5	688.5	688.5	685.5	681.3	678.9	678.9	678.9	687	688.5	688.5	688.5	688.5	688.5
688.5	688.5	688.5	688.5	688.5	688.5	688.5	688.5	688.5	688.5	688.5	688.5	688.5	688.5	688.5	688.5	688.5	688.5	688.5	688.5	688.5	688.5	688.5	688.5	688.5	688.5	688.5	688.5	688.5	688.5	688.5	688.5	688.5	688.5	688.5	688.5	680.1	661.9	640.9	625.5	623.4	594	529.4	478.9	461.6	434.3	394.1	385.8	377	341.8	316.2	308.8	302.5	295.9	291.7	291.5	291.1	294.9	297.4	291	289.2	287.7	284.1	280.9	277.7	272.1	268.7	267.5	266.5	267.6	266.6	266.1	266.2	245.7	206.3	194.6	163.9	108.5	76.4	65.3	57.4	47.2	45.1	44.1	39.2	37.5	35.9	37.9	35.7	34.1	34.4	37.5	40.1	39.7	42.5	46.6	52.5	53.9	55.5	57.2	57.8	56	54.2	52.1	48.7	42.2	41	42.8	45.5	48.6	53.3	62.1	75.4	105	143.2	182.2	225.8	239.2	241.1	252.2	276.6	277.7	277.4	278.8	276.5	274.9	275.7	277.4	275.8	274.4	273.3	272.4	272.2	271.4	270.8	271.4	270.9	270.9	271.8	272.5	269.4	267.6	272.5	278.3	286	291.7	296.3	308	312	309.7	311.7	325.1	357.4	375	390.7	392.3	391.6	394.1	401.1	404.2	403.1	402.1	407.4	430.3	477.5	516.1	562.8	642	681.3	688.5	688.5	688.5	687	683.1	688.5	688.5	688.5	688.5	688.5	688.5	688.5	688.5	688.5	688.5	688.5	684.6	675.9	675.9	680.7	688.5	688.5	688.5	688.5	688.5	688.5
688.5	688.5	688.5	688.5	688.5	688.5	688.5	688.5	688.5	688.5	688.5	688.5	688.5	688.5	688.5	688.5	688.5	688.5	688.5	688.5	688.5	688.5	688.5	688.5	688.5	688.5	688.5	688.5	688.5	688.5	688.5	688.5	688.5	688.5	688.5	688.5	668.9	645.1	625.5	606.6	600.2	571.3	492.3	448.1	432.7	396.5	362.9	357	336.2	308.2	304.9	303.9	299.4	296.5	290.7	289.8	290	293.9	296.9	294.2	289	285.2	281.8	281.6	275.8	269.9	270	268.6	267.9	255.7	190.8	158.1	135.3	99.1	73.2	62.1	55.5	47.9	44.2	44.4	41.8	40.7	35.8	32.7	34	36.5	33.3	30.5	31.4	30.4	31.8	33.1	37.3	33.2	31.4	35.3	42.5	50.1	50.7	53.8	55.2	53.4	56.3	56.5	52.4	46.6	43.1	39.8	41.3	42.7	46.6	49.9	56.9	64.4	73.1	83	106.9	148.9	166.7	189.9	235.1	267.4	277.1	276.5	275	275.5	276.5	274.4	274.2	273.5	268.6	266.4	266.6	266.5	266.5	257.4	268	270.5	272	268.2	266.6	265.3	268	271.5	281.1	288	288.7	293.5	301	302.7	307.4	306.5	329.3	359.7	380.5	392.6	397.5	396	394.1	402.5	404.6	403	403.8	414.4	445	467	494.6	548.2	646.7	688.5	688.5	688.5	688.5	688.5	688.5	688.5	688.5	688.5	688.5	688.5	688.5	688.5	688.5	688.5	688.5	688.5	688.5	688.5	688.5	688.5	688.5	688.5	688.5	688.5	688.5
688.5	688.5	688.5	688.5	688.5	688.5	688.5	688.5	688.5	688.5	688.5	688.5	688.5	688.5	688.5	688.5	688.5	688.5	688.5	688.5	688.5	688.5	688.5	688.5	688.5	688.5	688.5	688.5	688.5	688.5	688.5	688.5	688.5	688.5	688.5	680.1	661.9	639.5	613.9	565.3	544.1	508.2	462.5	456.9	424.3	370.6	363.4	343.2	306.2	298.9	301.5	302.5	300.2	300.6	299.2	296.1	293.8	295.2	292.9	290.3	288.3	286.7	280.3	276.2	272.3	270.2	268.4	255	228.9	185	139.5	109.1	85.6	65.5	60.9	56.1	52.1	49	43.5	38.6	36.8	38.5	34	34.1	33.7	36.4	36.8	31.7	29.5	29.3	29.8	31.6	33.8	33.2	28.8	30.8	33.9	34.5	35.4	36.4	37.5	41.6	43.8	46.5	52.7	51.8	48.6	49.1	50.1	49.3	51.5	51.3	50.7	53.6	60.7	70.8	83.4	104.4	127.9	153.4	189.5	246.3	270	265.9	270.3	272.7	271.8	272.6	273.5	270.4	265.8	263	260.8	259.3	258.2	255.7	257.3	262.1	262.8	261.7	260.6	262.8	264.4	267.1	272.9	277.6	278.1	280.6	284.5	282.3	286.1	291.1	304.4	332.2	346.4	361.9	389.9	395.7	393.2	403	405.7	399.3	395.9	401.5	414.1	427.3	457.3	500	576	668.1	688.5	688.5	688.5	688.5	688.5	688.5	688.5	688.5	688.5	688.5	688.5	688.5	688.5	688.5	688.5	688.5	688.5	688.5	688.5	688.5	688.5	688.5	688.5	688.5	686.7
688.5	688.5	688.5	688.5	688.5	688.5	688.5	688.5	688.5	688.5	688.5	688.5	688.5	688.5	688.5	688.5	688.5	688.5	688.5	688.5	688.5	688.5	688.5	688.5	688.5	688.5	688.5	688.5	688.5	688.5	688.5	688.5	680.8	674.5	666.1	653.5	640.2	629.7	601.2	567.2	512.1	481	470.7	418.7	369.1	344.4	338	328.1	315.6	304.3	298.1	297.1	299.3	297.2	297.9	299.1	298.3	298.1	287.3	283.4	285	288	283.5	275.1	257.4	231	200.9	142.5	94.4	65.8	59	56.3	53.5	49	49	45.4	45.7	45	42.2	39.2	38.3	37.3	36.5	36.8	38.8	40.2	36	32	31.5	33.5	35.8	33.6	32.4	32.4	30.9	29.6	29.3	30.7	26.8	29.6	31.5	34.6	37.7	43.3	45.9	47.3	48.2	47.5	53.1	51.3	46.6	45.1	45.4	46.8	50.6	58.7	61.8	59.8	74.6	99.1	118.4	159.5	208.3	235.5	273	271	270.2	271.1	270	266.9	264.1	261.3	259.7	258.2	259	258.8	258.7	260.4	260.8	258.5	260.1	262.8	261.3	264.5	269.1	269.7	272.4	275.8	277.9	278.5	275.7	279.2	284.3	288.6	297.6	312.9	338.6	353.9	368.2	391.8	401.7	403.9	402.1	397.7	403.9	417.1	435.8	457.5	498.2	586	681.3	688.5	688.5	688.5	688.5	688.5	688.5	688.5	688.5	688.5	688.5	688.5	686.7	687.6	687.9	688.5	688.5	688.5	688.5	688.5	688.5	688.5	688.5	688.5	688.5
688.5	688.5	688.5	688.5	688.5	688.5	688.5	688.5	688.5	688.5	688.5	688.5	688.5	688.5	688.5	688.5	688.5	688.5	688.5	688.5	688.5	688.5	688.5	688.5	688.5	688.5	688.5	688.5	688.5	688.5	688.5	688.5	675.9	666.8	659.1	644.4	630.4	618.7	548	496.3	474.7	453	415.7	371.5	342.4	336.5	321.3	309.3	306.9	301	298.1	295.9	296.9	298.8	296.5	297.7	299.4	291.2	282.7	279.1	282.2	282.9	277.9	249.8	215.2	188.3	153.5	96.8	64.9	55	51.4	49.9	45.9	46.5	44.9	43.2	43.6	43.1	41.5	40.8	41.8	41.5	39.3	38.2	35.8	35.4	33	31.7	33	33.1	32.4	29.7	30.8	31.3	30.9	29.7	30.9	30.2	28.2	27.9	29.4	31	31.8	34	34.6	33.8	36.8	41.4	48.5	48.7	44.2	45.3	47.2	48.5	53	57.2	59.3	61.7	64.4	76.7	103.5	127.2	174	216.9	270.7	269.9	268.4	269	271.4	270.2	268.1	264.8	266.2	263.8	262.5	261.7	261.5	261.2	261.8	259.4	258.9	259.1	260.3	261.8	262.3	267.3	270.4	274.4	275.9	274.6	275.8	276.5	277.2	280.9	287.1	295.1	302.4	320	344.7	373.6	398.9	399.6	401.4	400.8	403.1	426.5	439.9	445.3	472.2	581.4	673.8	688.5	688.5	688.5	688.5	688.5	688.5	688.5	688.5	688.5	688.5	688.5	688.5	688.5	687.9	685.5	688.5	688.5	688.5	688.5	688.5	688.5	688.5	688.5	688.5
688.5	688.5	688.5	688.5	688.5	688.5	688.5	688.5	688.5	688.5	688.5	688.5	688.5	688.5	688.5	688.5	688.5	688.5	688.5	688.5	688.5	688.5	688.5	688.5	688.5	688.5	688.5	688.5	688.5	688.5	688.5	688.5	665.4	650.7	639.5	622	609.4	597.9	524.3	472.5	451.7	422.5	389	352.1	324.8	315.3	320.5	310.9	300.4	298.9	292.9	294.3	294.7	293.8	297.6	295.9	292.3	282.5	261.3	267.9	277.7	233.9	152.4	94.8	72.8	60.6	55.5	56.3	52.9	45.1	42.7	42.6	41	41.8	39.1	40.8	42.9	44.2	45	42.6	38.3	41.7	38.6	36.9	37.1	38.6	32.9	32.8	33.1	29.5	29.8	30.5	31.2	31.5	29.1	29.6	31.8	31.6	29.1	30.3	27.3	28.3	30.6	30.9	31.9	32.2	36	41.9	42.7	44.8	44.7	43.9	48.9	51.6	51.6	52.5	56	53.6	53.7	55.9	66.2	94.6	123.9	166.7	211.6	249.4	265.3	270.6	269.9	268.9	267.3	265.8	267	266	264.8	265.3	263.8	262.7	261	262.2	261.1	258.2	259.8	262	264.5	270.1	271.9	273.5	276.3	275.3	273.4	274.8	273.9	274.7	282.6	294.5	308.2	315.5	326	339.2	352.2	373.6	391.3	396.7	398.3	414.5	446.1	458.4	466.1	528.4	589.8	659.8	688.5	688.5	688.5	688.5	688.5	688.5	688.5	688.5	688.5	688.5	688.5	688.5	688.5	688.5	688.5	688.5	688.5	688.5	688.5	688.5	688.5	688.5	688.5
688.5	688.5	688.5	688.5	688.5	688.5	688.5	688.5	688.5	688.5	688.5	688.5	688.5	688.5	688.5	688.5	688.5	688.5	688.5	688.5	688.5	688.5	688.5	688.5	688.5	688.5	688.5	688.5	688.5	688.5	688.5	688.5	657	640.2	629.7	608.9	595.2	548.6	478	462	438.2	412.7	381.2	346.7	325.3	314.3	314.7	312.9	304.6	301.6	295.4	294.7	291.3	287.7	290.1	287.3	282.5	279.9	259.1	258.8	244.7	181.2	110.1	71.5	60.6	53.3	52.7	53.7	55.1	49.1	39.2	39.4	40.3	40.5	40.6	37.3	37.5	38.9	41	38.2	38.1	40	36.6	36.4	38.5	39.6	35.1	33.6	29.4	30	32.4	30.5	30.8	31.3	28.3	28.9	27.6	29	27.5	24.7	22.8	27	27.2	26	27.5	26.5	30.6	32.5	33.7	41.3	43.9	46.4	49.1	48.7	49.3	50.8	50.2	44.9	47.2	46.3	57.4	86.1	127.5	155	184.2	226.9	263.6	268.3	264.5	263.1	260.3	259.5	260.5	261.7	263.3	265.5	265.4	264.2	262.2	262.7	262.8	261.8	264	267.5	271.3	271.8	270.3	271.8	273.2	273.7	270.4	271	269.4	270.6	281.3	289.7	304.7	318.3	322	337	342.7	351.3	375.3	391	400.3	404.4	420.9	451.1	458	464.5	533.5	626.9	688.5	688.5	688.5	688.5	688.5	688.5	688.5	688.5	688.5	688.5	688.5	688.5	688.5	688.5	688.5	688.5	688.5	688.5	688.5	688.5	688.5	688.5	688.5
688.5	688.5	688.5	688.5	688.5	688.5	688.5	688.5	688.5	688.5	688.5	688.5	688.5	688.5	688.5	688.5	688.5	688.5	688.5	688.5	688.5	688.5	688.5	688.5	688.5	688.5	688.5	688.5	688.5	688.5	685.7	667.5	642.3	626.2	610.7	597.7	588.1	536.7	470.9	445.8	420.2	390.4	358.6	340.1	332.2	317	309.5	306.7	300.6	297.9	296.7	292.1	288.3	287.7	282	277.5	260.9	229.1	193.4	147.1	107.5	77.4	62.1	57.3	53	51.4	48.6	44.9	44.6	43.4	39.6	35.4	35.5	35.5	36.4	37.9	34.6	36.8	41.6	40.5	38	41.8	36.5	37.6	35.5	32.3	31.7	31.5	29.3	30.5	34	32.1	32	30.4	24.4	26.9	28.8	28.4	26.7	24.3	24.5	28.1	28.7	27.4	29.7	30.6	32.9	33.7	32.9	37.4	43.6	47.6	48.4	51.3	52.2	50.3	49.7	50.8	52.6	54.1	56.1	58	75.9	92.4	120.7	174.4	248.7	268.8	253.2	263.2	263	261.8	261	259.1	259.8	260.5	262.5	263.7	264.4	263.2	262.4	264.4	263.6	265.2	268.8	268.7	267.3	266.9	266.2	271.7	270.8	270.1	271	270.5	274.2	275.8	284.3	299.9	305.7	322.5	341.2	335.9	344.5	372	392.5	401.8	406.1	423.4	439.1	443.9	495.1	569.5	634.6	688.5	688.5	688.5	688.5	688.5	688.5	688.5	688.5	688.5	688.5	688.5	688.5	688.5	688.5	688.5	688.5	688.5	688.5	688.5	688.5	688.5	688.5
688.5	688.5	688.5	688.5	688.5	688.5	688.5	688.5	688.5	688.5	688.5	688.5	688.5	688.5	688.5	688.5	688.5	688.5	688.5	688.5	688.5	688.5	688.5	688.5	688.5	688.5	688.5	688.5	688.5	684.3	674.5	659.1	637.8	608.4	588.9	587.2	581.5	538.4	462.7	431.1	413.9	385.4	359.9	344.9	334.5	320.3	313	311	307.1	306.2	301.3	295.3	292.2	291.6	285.5	264.3	224.4	176.1	141.4	98.2	75.4	59.8	51.5	50.6	50.3	49.4	43.6	41.2	40.7	37.7	39	36.3	38.4	37.9	36.3	37.3	34.7	35.7	41.2	41	37.6	35.4	35	36.4	33.2	29.2	31.4	32.8	32.1	33.3	35	33.8	31.6	28.3	25.4	27.7	30.2	32.5	28.9	27.7	29	30.8	28.7	29.3	33.8	36.5	36.5	38.3	38.6	38.5	41.5	42.7	46.3	50.4	50.4	47	47.7	49.9	55.8	55.6	54.6	55.2	67.8	84.1	110.7	157.3	241.1	267.5	242.1	264.9	266.9	266.3	263.3	259.6	262.6	262.5	260.7	262	264.4	261.5	264.6	266.2	264.4	264.1	265.8	265.3	264.5	260.3	262.8	270.4	270.8	271.9	270.4	270.2	271.5	274.2	280.9	288.5	294.2	299	317.3	335.2	339	361	384.1	396.3	397.7	397	402.9	418.9	451.6	502.3	573.5	682	688.5	688.5	688.5	688.5	688.5	688.5	688.5	688.5	688.5	688.5	688.5	688.5	688.5	688.5	688.5	688.5	688.5	688.5	688.5	688.5	688.5
688.5	688.5	688.5	688.5	688.5	688.5	688.5	688.5	688.5	688.5	688.5	688.5	688.5	688.5	688.5	688.5	688.5	688.5	688.5	688.5	688.5	688.5	688.5	688.5	688.5	688.5	687.5	686.7	666.9	654.9	652.1	639.5	620	597.5	589.4	590	566.1	483.4	423.4	381.6	364.5	349.2	345.4	339.5	323.1	317.3	312.5	308.5	307	304	299	296.9	284.2	276.5	240.7	166.2	109.3	78.1	60.9	58	54	51.2	50.9	46.4	40.3	39.3	37.6	35.5	34	36.4	40.1	42.3	41	37.7	35.7	38.4	39.6	38.1	38	38	36.8	32.2	34	37	33.8	29.4	29.8	34.2	36.2	34.9	36	32.8	32.1	32	28.8	32.3	39.9	41.6	40	38.2	37.5	33.1	34.8	36.2	37	39.1	40.6	42.4	41.1	38.6	40.8	44.2	45.2	44.3	44.1	43.1	42.5	44.6	45.6	46.1	45.8	46.9	53.5	57.4	73.8	112.4	180.3	234.9	250.5	272.6	269.4	240.2	221.7	221.2	221.1	225.2	225	218.4	196.3	182.4	218.5	251.1	261.4	267.5	266.3	266.2	265.1	263.3	264.6	264.7	268.9	272.5	272	270.2	269.5	272.2	276.9	282.4	287.9	295.4	307.2	323.6	340	351.7	374.5	387.6	396	397.9	400.1	411.5	436.4	470.7	533.3	616.4	688.5	688.5	688.5	688.5	688.5	688.5	688.5	688.5	688.5	688.5	688.5	688.5	688.5	688.5	688.5	687	687.9	688.5	688.5	688.5	688.5
688.5	688.5	688.5	688.5	688.5	688.5	688.5	688.5	688.5	688.5	688.5	688.5	688.5	688.5	688.5	688.5	688.5	688.5	688.5	688.5	688.5	688.5	686.1	681.9	680.5	679.3	678.7	676.1	653	638.7	631.1	614.2	598.6	593.7	589	584	521.3	447.3	407.4	361	338.4	331.5	332.3	324.6	319.1	314.1	309.2	304.9	304.5	302.7	297.5	293	288.6	267.2	192.9	127.7	89.1	66.6	58.2	55.1	51.2	51.2	48.6	43.4	41	38.2	38	36.9	34.7	36	35.7	38.1	37.7	35.1	35	39.3	38.7	35.6	36.9	36.4	34.5	31.6	32.2	34.7	32.5	30.2	31.1	34.3	35.5	36.3	39	38	38.2	34.3	31	32.7	42.1	43.8	43	41.3	37.5	35.5	39.4	43.5	43.8	45	43.4	43.6	41.6	40.1	41.1	40.9	41.3	42.8	45	46.6	48.5	48.8	49.1	47.9	42.7	41.1	44.7	48.4	62.2	96.9	164.8	230.9	247.8	269.3	251.9	219.9	205.7	209.5	188.6	188.1	188.1	163.7	167.4	175.9	203.1	223.9	236.6	259.2	261.8	264.5	264.8	264.4	263.8	264.3	267.1	271.1	272.6	271	270.1	271.2	273.4	279.8	284.5	288.9	302.8	310.8	323	352.1	366.9	376.7	388.4	395.9	398.3	404.7	414.8	428.6	480.6	591.1	672.4	688.5	688.5	688.5	688.5	688.5	688.5	688.5	688.5	688.5	688.5	688.5	688.5	688.5	687.3	684.9	688.5	688.5	688.5	685.5	688.5
688.5	688.5	688.5	688.5	688.5	688.5	688.5	688.5	688.5	688.5	688.5	688.5	688.5	688.5	688.5	688.5	688.5	688.5	688.5	688.5	688.5	686.5	683.1	688.5	686.1	680.5	676.5	674.3	666.8	645.7	623.3	607.2	597.8	591.7	585.4	577.6	502.6	432.5	395.2	360.9	338.5	333.9	325.1	316.3	311.9	310.2	307.9	307.2	306.3	305.1	299.1	252.6	199.4	137.6	94.3	71.2	63.8	59.9	59.4	56.5	50.9	46.6	44.8	40.7	41.1	44.1	44	43.4	41.7	39.4	38	34.6	37.3	38.3	36.5	36.2	36.8	33.7	32.5	35.4	36.2	37	34.5	34.4	38	38.7	35.8	36.5	39.5	41	41.3	42	42	41.8	37.2	33.9	38	41.3	44.5	44.2	41.5	42.6	41.6	43.6	44.1	45	41.9	40.8	41.8	42.1	39.4	39.4	42.4	41.8	45.5	50.6	51.6	51.3	51.8	50.1	43.5	39.1	38.9	41.9	50.9	65.1	123.7	182	162.6	158.1	145.3	129.7	118.3	107	105.9	102.3	85.8	76.7	83.2	90.6	99	129.5	184.4	229.8	251.2	245.7	233	240.3	262.4	266	265.9	264.5	267.8	272	272.7	271.3	271.2	277.5	284.2	288	290.7	292.7	297.6	319.6	347.1	349.5	364.5	382.2	396.2	398	396.4	408	447.2	536.8	589.1	639.5	678.7	688.5	688.5	688.5	688.5	688.5	688.5	688.5	688.5	688.5	688.5	688.5	688.5	688.5	688.5	688.5	688.5	688.5	688.5
688.5	688.5	688.5	688.5	688.5	688.5	688.5	688.5	688.5	688.5	688.5	688.5	688.5	688.5	688.5	688.5	688.5	688.5	688.5	688.5	683.7	677.3	683.7	683.3	678.7	677.3	680.3	677.5	652.8	623.4	606.5	599.2	592.3	565.8	544.8	514.8	450.7	407.6	379.7	360.7	342.2	333.7	324.8	320.6	318.9	316.3	315.1	313.3	310.2	302.5	273	201.3	137.9	90.1	72	64.3	59.2	53.7	55.4	53.5	49.9	46.6	46.8	46.9	46.9	46.4	45.3	44.3	37.5	36.9	38.2	36	35.9	34.3	33.6	35.3	36.4	34.7	36.2	37.7	38.1	35.1	37.6	37.3	37.2	37.8	37.7	35.7	38.6	43.3	41.6	42	42.6	42	37.6	33.4	39.2	44.3	45	45.2	43	43.8	44.4	41.8	44.9	42.8	39.9	39.7	39.8	39	36.4	38.2	41.2	42.7	43.7	46.2	48.1	47.5	52	51.9	46	41.2	40.8	41.8	48.1	61.6	108.4	146.3	140.8	126.8	109.9	96	85	78	70.3	61.4	56.8	54.6	56.2	60.8	76.4	105.7	139.4	183.6	211.9	235.3	222.1	228	247.7	267.4	263.8	263.6	267.6	272.3	270.3	269.1	272.2	274.9	276.6	282.7	288.8	292.1	295.1	307	325.1	339.7	357	382.2	397.1	396.6	394.1	409.4	429.4	496	586.3	651.4	688.5	688.5	688.5	688.5	688.5	688.5	688.5	688.5	688.5	688.5	688.5	688.5	688.5	688.5	687.3	685.8	688.5	688.5	688.5
688.5	688.5	688.5	688.5	688.5	688.5	688.5	688.5	688.5	688.5	688.5	688.5	688.5	688.5	688.5	688.5	688.5	688.5	688.5	688.5	683.7	683.3	682.9	677.7	677.1	677.7	677.9	654.4	626.4	606.3	596.4	591.3	558.1	527	509.8	485.9	426.6	396.6	381.8	363.7	340.2	327.9	315.6	316.1	318.2	316.3	318	314.1	283.8	182.7	117.4	93.1	80.6	67.6	62.5	58.8	59.7	53.3	52	55.2	52.3	48.2	43.5	44.8	48.5	49	43.6	41	38.3	37.5	37.5	35.6	36	32.8	29.3	32.8	36.6	38.8	40.4	42.7	42.9	43.9	42.6	42	44.9	45.9	47.6	43.1	40.1	42.7	47.3	45.6	46.2	44.7	43.8	43.5	44.2	48.3	47.4	49	51.3	46.5	44.7	44.6	49.2	49.4	45.3	45	41.8	41.2	40.2	40	41.2	45.4	42.6	41.2	42.8	42.1	46	51.6	48.3	43.9	42.8	42.6	43	44.4	55.9	61.4	55.5	46.8	48.8	46.1	38.9	41.3	41.6	40.7	40.2	39.3	42.3	41.6	43.5	46	50.8	56.6	65.3	89.6	143.1	206.1	237.8	244.4	265.3	262.3	262.9	268	271.1	272.3	275.5	272.8	268.7	275.5	278.1	284	292.3	300.8	309.2	320	330.8	362.1	386	395.3	402.9	409.1	420.4	463	542.8	579.3	649.3	688.5	688.5	688.5	688.5	688.5	688.5	688.5	688.5	688.5	680.4	681.6	681.3	680.4	683.7	685.2	687.6	688.5	688.5
688.5	688.5	688.5	688.5	688.5	688.5	688.5	688.5	688.5	688.5	688.5	688.5	688.5	688.5	688.5	688.5	688.5	688.5	681.9	677.9	684.5	687.1	683.7	680.9	677.7	672.9	655.3	626.6	604.1	594	592	557	509.6	466.2	448	430.5	408.6	390.4	369.7	357.4	343.2	328.3	315.7	313.3	314.9	318.4	315.8	307.9	220.3	127.7	91.9	87.7	77.3	68	61.6	57.5	59.9	58.2	58.1	54.2	52.5	46	42.8	44.1	48.6	47.8	46.6	43.4	39.5	42.4	40.9	40.1	38.2	34.6	30.5	33.7	40.6	43.8	46.3	46.9	45.9	50.2	45.2	43.3	46.1	48	49.6	42	41.8	45.9	48.3	49	49.7	48.7	48.7	47.7	45.5	47.2	46.8	49.1	52.6	47.9	47.8	49.5	48.7	47.3	48.7	49	45.1	45.4	45.5	43.1	44.2	44.7	45.3	39.6	40.9	38.3	42.8	49.6	48	46.8	46.9	45.3	42.5	41	46.2	47.7	44.4	38.7	41.1	39.7	36.7	36.2	39	39.7	41.4	40.2	41.8	41.7	43.3	44.9	47.6	49.6	53.1	64	94.4	154.5	198.4	217.7	248.6	262.2	262.4	267.4	274.3	276.9	272.7	269.6	269.9	274.6	276.7	280.1	285.6	292.7	296.5	301	307.9	337.4	372.9	395.9	403.1	407.9	419.5	433.2	490.4	566	629.7	688.5	688.5	688.5	688.5	688.5	685.2	687.6	688.5	688.5	683.7	683.1	685.2	685.5	688.5	688.5	687.3	687	688.5
688.5	688.5	688.5	688.5	688.5	688.5	688.5	688.5	688.5	688.5	688.5	688.5	688.5	688.5	688.5	688.5	688.5	688.5	680.1	677.7	682.3	686.1	684.7	680.1	672.9	660.9	637.4	610.4	591.5	585.7	584.3	559.1	504.9	453.4	436.3	414.4	389.1	372.1	355	347.4	343	325.5	315.9	312.9	316	310.1	243.1	152.8	100.3	85.4	77.9	76	72.2	65.6	60.6	59.6	58.1	55.9	55.7	53.4	48.8	47.5	47.2	49.3	47.3	46	46.3	46.6	44.7	45	41.6	40.8	39.2	38.9	38.2	41.9	48	45.8	48.3	48.8	53.7	55.9	51.2	48.2	48	48	48	46.4	44.6	48.1	54.8	54.3	55.8	55.3	51.3	47.1	49.2	47.9	47.9	50.7	48.9	51.9	56.1	53.2	51.9	53.2	50.9	48.6	48.8	49.2	46.1	40.8	38.1	42.6	44.9	43.4	44.6	43	46.5	49.8	54.8	53.9	52.6	47.9	45.1	42.3	41.8	38.3	39.7	38.3	36.4	37.9	36.9	37.5	36.4	36.9	37.9	38.3	38.5	39.6	40.3	40.4	40.9	44.4	44.7	46.8	56.3	63.8	74.4	92.9	132.9	184.6	240.5	258.2	269.1	274.9	273.3	272.3	272.4	271	274.6	278.5	282.4	288.7	296.3	295.6	302.8	320.3	351.1	390.9	399	407.3	420	431.1	467	545.7	582.1	653.5	687.6	688.5	688.5	683.4	682.5	688.5	688.5	688.5	688.5	688.5	688.5	688.5	688.5	688.5	688.5	688.5	688.5
688.5	688.5	688.5	688.5	688.5	688.5	688.5	688.5	688.5	688.5	688.5	688.5	688.5	688.5	688.5	688.5	688.5	684.3	676.7	672.9	674.7	673.7	668.1	665.7	663.7	647	625.3	606.6	589.8	584.2	582.1	560.6	480.7	446.8	426.3	398.7	371.8	362.5	349.6	345.1	334.1	319.6	314.2	314.1	316.9	274.7	173	106.4	91.5	80.2	73.1	66.3	63.5	59.1	60.4	62.4	61.3	60.2	58.9	54.3	54.8	52.2	49.3	51.5	49.6	49	49.7	48	51.3	47.7	42.4	43.3	41.3	41.1	44.1	44.8	45.6	48	49.1	47.5	55.5	57.5	54.1	52	51.3	49.2	51	51.9	50.5	53.2	60.2	57.2	56.1	54.3	52.7	50.2	51.9	51.4	51.2	49.6	47.3	50.5	53.7	51.3	52.4	52.4	51.2	49.4	49.6	48.8	41.8	40	40	44.1	47.5	47.8	50.2	48.2	51.1	52.3	49.9	50.5	48.7	46.8	45.1	42.4	39.4	34.5	37.6	39.8	34.7	36.9	39.9	37.4	37.3	37.5	36	34.6	35.3	36.7	36.2	39	39.9	43.9	44.2	45.3	50.4	55	60.7	71.1	100.7	156	210.3	241.8	266.1	273.2	276.8	273.5	273.1	273.8	275.8	274.4	278.6	286.1	293.2	294.1	301.4	309.5	333.7	372.4	389.6	403.6	409.1	430.9	467.4	525.3	571.6	634.6	688.5	688.5	688.5	687.6	687.3	688.5	688.5	688.5	688.5	688.5	688.5	688.5	688.5	688.5	688.5	688.5	688.5
688.5	688.5	688.5	688.5	688.5	688.5	688.5	688.5	688.5	688.5	688.5	688.5	688.5	688.5	688.5	688.5	688.5	688.5	678.9	670.5	671.5	671.9	668.1	663.9	650	629.9	615.2	598.2	587.7	583	574	536.9	462.3	437.6	399.9	370	366.6	348.3	342.9	327.7	313.6	309.6	308.4	312.8	256.9	153.1	99	85.4	81.6	77.3	69.5	62.3	59.5	58.7	58.9	55.6	54.7	59.8	62.4	58.8	55.7	53.2	49.5	50.6	50.8	48.7	49.6	51.6	51.8	50.1	48.3	49.2	49.1	47.6	48.1	49.9	50	54.8	57.2	56.1	58.3	63.1	66.3	63.8	60.1	57.4	57.3	60	56.4	60.2	68	66.3	61.3	59.1	55.2	50.9	49.5	58.1	61.6	57.9	55.6	51.4	50.2	49.7	53.8	59.2	57.5	57.4	56.1	50.7	46.7	46.1	47	50.2	53.8	55.4	57.2	54.4	55	52.5	48.7	48.2	48.8	49.2	49.1	46.5	46	43.2	43.7	48	44.1	36.3	42.1	42.9	40.7	40.3	36.3	37.4	36.7	38.1	37.7	38.3	40	41.6	45.8	41.9	44.7	46.6	50	56	60.5	70.1	93.1	127.7	189.6	265.9	276	273.4	271.1	271.2	271.2	273	276.7	279	283	287.7	293.3	303	313.9	350.9	380.5	398.5	402.6	423.9	449.5	506.2	550.6	585.6	648.6	688.5	688.5	688.5	688.5	688.5	688.5	688.5	688.5	688.5	688.5	688.5	688.5	688.5	688.5	688.5	684.3
688.5	688.5	688.5	688.5	688.5	688.5	688.5	688.5	688.5	688.5	688.5	688.5	688.5	688.5	688.5	688.5	688.5	684.7	673.7	668.1	670.9	668.1	665.1	664.9	647.3	627.6	606.8	589.5	583	570.9	525.6	482.8	438.8	412.9	384.7	366.5	353.5	336.1	327.3	314.7	305.5	307.4	309.4	288.1	191.8	112.7	91.2	82.1	75.3	70.9	64	60.1	59	55.7	51.4	49.5	52.8	60.3	58.4	53	50.9	50	46.4	47.8	48.5	47.4	47.3	46.1	48.4	45.4	46.7	52.9	53.8	50.3	48.8	51.8	56.7	59.4	59.3	54.6	59.7	65.1	67.7	67.6	65.8	60.5	57.7	60.2	61.2	64.1	70.1	68.5	61.8	59.1	56.4	55.2	54.2	58	64.1	61.8	58.5	53.6	56	56.1	57	64	66.4	64	61.5	56.5	52	52.2	53	51.2	52.5	55.1	58.1	59.8	56.2	52.5	51	52.4	51.8	51.7	50.4	49.1	50.6	48.4	45.8	50.4	48	41.6	45.5	46.4	41.3	40.3	39.8	37.4	36.5	35.4	35.9	36.7	37.6	38.1	41.8	43.6	42.8	45.3	47.8	54.2	57.6	64.4	76.7	106.5	161.7	221.6	275.5	277.1	271.8	269.4	265.9	269	271.6	272.2	275.5	282.6	284.3	293.7	305	321.5	345.5	374.9	394.8	410.6	435.3	509.2	545.7	574.4	629	688.5	688.5	688.5	688.5	688.5	688.5	688.5	688.5	688.5	688.5	688.5	688.5	688.5	688.5	688.5	687.6
688.5	688.5	688.5	688.5	688.5	688.5	688.5	688.5	688.5	688.5	688.5	688.5	688.5	688.5	688.5	688.5	688.5	682.9	673.7	671.7	670.3	664.7	663.5	663.5	633.4	611.9	595.1	579.8	572.7	559.7	503.3	458.1	426.4	383	354.1	340.4	321.5	311.1	304.5	302	279.2	258.3	200.9	119.1	92.5	84.7	77.4	73.9	65.6	59.7	59.3	59.7	59.5	53.8	48.7	54.6	60.3	63.3	59.2	53	49.1	46.6	49.4	49.9	45.3	46.9	49.5	54	54.9	51.9	53	57.5	60.7	56.2	58.5	61.9	66.5	70.7	72.8	73.8	69.2	74.9	75.5	74.7	71.7	68.6	67.8	65.4	65.9	66.8	68	61.4	56.7	63	65.4	63.7	65.1	68	68.8	64.9	66.9	67.5	65.1	68.4	70.6	70.4	68	67.2	64.9	62.8	60.3	59.4	60.3	63.2	62.5	61.7	60.8	61.1	63.1	57.3	58.2	60.5	62	63.1	58.2	54	51.4	48.1	46.5	50.4	49.2	42.6	42.8	48.3	45	39.6	43.3	41.8	37.8	35.6	36.4	37.9	36.8	38.6	40.1	41.4	40.9	41.9	46.4	50.2	51.9	54.6	61.2	70	79.9	95.5	145.4	196.1	235.9	269.2	265.9	264.9	268.3	268.7	270.4	276.7	281.9	288.5	299	303.9	333	360.6	382.9	402.5	430	505.6	536.6	545.7	577.2	648.6	688.5	688.5	688.5	688.5	688.5	688.5	688.5	688.5	678	678.3	683.1	688.5	688.5	688.5	688.5
688.5	688.5	688.5	688.5	688.5	688.5	688.5	688.5	688.5	688.5	688.5	688.5	688.5	688.5	688.5	688.5	680.1	671.7	676.3	670.3	659.9	659.3	659.3	648.3	625	605.4	591	579.8	571.2	513.4	463.3	430.6	404.6	365.8	347.3	329.2	309.3	305.7	302.4	298.8	262.7	202.5	141.9	94.7	87.3	82.1	72.3	69.8	63.5	61.6	58	56.1	56	53.5	51.8	58	64	60.9	54.2	53.4	48.7	46.6	51.4	50.8	46.9	48.9	52.3	56.4	55.3	52.8	56.1	58.8	57.7	56.8	63.9	65	70.4	76	79.1	74.4	74.3	81	79.9	77.3	74.9	71.9	69.1	65.2	64.8	69.4	71.4	65.8	65	66.2	71.7	70.2	68.4	68.6	70	71.7	74.1	70	66.9	71.5	72.6	71.6	70.1	68.6	69.8	68.3	63.6	63.8	66.6	69.6	68.5	70.8	67.1	68.3	62.7	58.9	60.9	59.8	58.5	60.3	62.8	55.9	49.9	50.2	49	51.8	48	42.6	42.8	49.6	47.1	42.4	41.6	40.6	38.7	33.8	33.3	37.2	35.6	35.7	38.4	40.5	40.5	41.4	42.7	49.1	50.6	51	57.1	63.6	69.4	83.3	113.7	146.6	228	260.9	263.3	261	265.2	266.9	269.9	275.5	280.2	285.7	296.6	295.5	322.1	357.7	378.9	401.5	431	500.8	535.9	543.6	569.5	638.8	688.5	688.5	688.5	688.5	688.5	688.5	688.5	688.5	682.2	682.8	685.2	688.5	688.5	688.5	688.5
688.5	688.5	684.9	685.8	688.5	688.5	688.5	688.5	688.5	688.5	688.5	688.5	688.5	688.5	688.5	688.5	678.1	670.3	675.7	668.9	659.3	658.7	647.4	632.8	616	597.7	583.1	575.3	560.2	505.6	458.7	416.3	365.6	332.4	331.7	318.4	311.8	304.5	296.7	294.8	209.1	121.5	91.8	87.8	84.8	79.8	72	65.6	65.4	60.6	57.8	53.2	51	52.7	55.9	54.6	54.1	54.5	49.3	49.3	53.2	52.2	50.6	56.1	57.9	58	57.2	63.5	64.6	57.4	59.6	64.9	70.2	71.3	77.7	78.9	78.1	83	83.2	83.6	80	81.8	85.6	89.1	84.8	75.6	72.4	70.1	67.4	69.7	77.2	79.9	75.6	77.6	82.7	80.7	73.3	68	73.6	74.8	73.6	71.4	71.9	71.7	72.3	74	77.3	78	75.8	76.4	74.5	74.5	74	77.5	80.5	79	76.3	75.5	75.1	69.9	69.4	70.1	66.4	63.7	68.8	66.4	57.5	56.1	53.9	54.8	51.4	47.4	51.8	49.3	47.6	47.5	42.2	37.7	40.2	36.4	35.3	33.9	35.6	36.1	38.1	41.2	42.8	43.2	40.9	41.7	46.1	51.8	54.6	57.6	60.5	64	66.3	79.1	110.9	136.6	175.1	209.3	258.5	266.5	270.8	268.6	278	286	291.3	293.1	303.2	335.4	372	402.3	428.2	485.6	531.7	535.9	545	585.6	667.5	688.5	688.5	688.5	684.9	678.6	681	688.5	688.5	688.5	688.5	688.5	688.5	688.5	688.5
688.5	688.5	684.6	687.6	688.5	688.5	688.5	688.5	688.5	688.5	688.5	688.5	688.5	688.5	687.9	675.1	667.3	668.7	666.1	660.5	659.5	655.8	646.6	630	610.9	593.1	583.6	572.3	558.7	502.2	441.9	392	343.2	328.4	324.5	315.2	312.4	301.6	296	268.2	161.2	103	86.1	85.6	78.8	77.5	69.5	63.4	61.8	55.4	50.8	50	51.3	53.7	58.3	52.9	52.5	53	49.3	51.5	52.9	53.6	53.1	56.6	61.2	64.8	65.6	69	63.8	60.7	67.9	71.3	72.5	77.3	82.5	80.8	86.9	90.6	90.4	83.5	83.6	82.6	84.5	92.6	87.1	79.6	76.8	71.8	68.7	72.3	81.2	86	83.9	85.4	90.1	86.1	71.8	71.7	73.6	70.1	69.6	71.5	73.9	74.8	75.4	74.1	79.8	78.6	74.5	76.4	77.8	76.4	76	78.5	79.9	83.2	81.9	78.8	81.8	76.5	70.9	70.7	70.5	71.8	71.5	67.1	63.3	58.7	58.8	60.5	55.3	53.6	56.2	53.9	48.7	51	46.1	41.4	41.1	36.8	37.5	35.4	37.3	38.5	38.9	43.4	43.9	42.8	42.5	42.9	47.5	55	57.7	58.5	59.5	61.2	61.3	68.8	83	110.1	135.3	177.9	231.2	267	266.8	265.6	273.8	283	289.9	293.6	298.7	317.6	346.7	389.9	418.9	459	526.1	534.5	540.8	571.6	654.2	688.5	688.5	688.5	683.1	678	678.9	688.5	688.5	688.5	688.5	687.9	683.4	683.4	684.3
688.5	688.5	688.5	688.5	688.5	688.5	688.5	688.5	688.5	688.5	688.5	688.5	688.5	688.5	687.5	675.9	667.9	667.7	664.7	661.3	658.6	640.9	632.2	618	595.8	579.6	573.7	564.1	554.2	505.1	429.4	376.8	334.5	324.4	319.9	315.3	305.6	296.7	244.7	157.4	88.1	85.6	87.6	79.5	70.4	67.8	67.6	63.2	57.4	52.6	49.2	52.5	55.3	53.9	51	47.6	52.5	58.2	56.1	59.3	57.6	56.9	63.1	66.6	68.5	69.9	71.3	72.1	67.8	72.1	81.3	84.2	84.9	82.9	85.8	88.3	91.1	97.1	100.6	92.2	88.4	88.5	88.4	95.6	92.4	86.4	83	81.3	79.7	79	85.1	93.9	93.8	90.7	89.8	87.2	75.4	68.7	70.6	71.2	71.6	75.8	75.6	77.6	80.8	80.9	79.5	78.1	77.6	82.3	82.1	81.8	79.7	78.4	81.2	83	84.9	82.9	84.5	80.5	74.8	71.7	73.3	72.8	69.7	68.3	66.1	65.3	66.4	66.2	62.6	59.4	57.6	54.8	54.9	52.7	53.4	48.3	45.1	39.5	38.5	38.4	37.8	39.5	42.4	40.6	41.8	43.8	43.4	45.5	50.2	51.7	57.1	59.6	55.4	56.5	56.8	60.1	64.5	73.8	87.3	97.8	139.3	187.4	230	266.2	265.3	277.8	285.1	287.3	290.1	293.3	300.9	331.7	377.6	440	495.5	528.2	531.7	540.8	588.4	671.7	688.5	688.5	688.5	688.5	688.5	688.5	688.5	688.5	688.5	688.5	678.6	674.1	679.5
688.5	688.5	688.5	688.5	688.5	688.5	688.5	688.5	688.5	688.5	688.5	688.5	688.5	688.5	682.5	672.5	665.9	660.9	660.9	666.3	664.7	645.2	631.9	613.2	595.4	582.1	572.6	563.3	555.8	504.3	434.5	389.3	347.3	323.7	314.1	307.6	301.8	250.4	187.3	111.4	91.7	87.5	84.4	80.9	68.5	63.3	59.8	53.3	53.8	53.2	53.4	54.7	55	52.5	51.2	51.5	54.5	56.1	59.2	62.3	63	65.1	67.7	70.9	73.2	76.9	76.5	74.7	70.6	75.5	84.9	88.7	85	82.9	86.6	88.3	92.6	97.7	98	91.1	90.3	92.4	93.4	96.4	94.3	91.1	90.1	83.8	79.9	84	88	94.1	93.6	93.3	89.7	88.2	82.3	73.7	72.5	77.1	74.5	74.4	78.4	79.7	85.8	83.4	82.4	82	82.2	83.1	85.2	86.2	83.1	84.6	92.5	88.4	88.7	90.8	86.7	83.8	80.1	79.5	79.3	74.4	69.7	68.7	67.5	67.8	68.1	69.9	67.2	62.7	59.4	54.7	53.2	50.9	54	50.8	46	43	40.3	40.2	39.4	40.8	42.3	42.4	42	43.2	44.1	46.1	49.1	52.6	54.1	56.3	55	54.7	57.8	58.2	65	71.3	79.2	96	125.6	157.8	201.3	263.2	269	273.7	282.3	288.2	290.9	287.2	294.2	309.6	341.2	393.1	421.3	493.8	528.9	533.1	548.5	610.1	684.3	688.5	688.5	688.5	688.5	688.5	688.5	688.5	688.5	688.5	683.4	677.1	685.5
688.5	688.5	688.5	688.5	688.5	688.5	688.5	688.5	688.5	688.5	688.5	688.5	688.5	688.5	684.9	673.7	665.3	659.3	660.7	667.3	650.4	626.5	611.6	587.5	570.1	561.8	559.8	552.6	547.1	509.8	433	366	337.2	324.6	312.4	267	181.9	107.1	90.3	85.5	90.1	84.7	77.9	73.9	64.4	57.1	56.4	57.9	56.1	50.9	52.2	52.2	51	44.3	48.6	51	55.2	60.4	65.2	70.4	71.4	77.5	78.3	76.8	77.1	79.8	80.3	84.4	83.4	82.1	85.9	86.1	85.2	88.5	91.7	92.2	90.3	93.8	96.3	91.4	90.1	92.6	92.4	94.6	94.4	93.4	91.8	88.4	83.5	84.2	85.9	88.4	91.9	92.8	92.2	86.8	84.8	82	77.8	79.3	82.2	80.8	82.1	83.4	87.4	87.2	85.9	89.3	88.8	87.4	85.4	83.7	85.8	91.6	98.4	92.5	92.2	95	91.4	88	83.5	84.3	83.1	78.5	79.6	73.9	72.5	73.3	72.7	73.1	73.2	67	65	63.5	61	59.9	59.6	56.7	55.6	50.9	43.3	41.2	41	40.8	43.6	43.9	44.7	44.7	45.2	40.8	43.3	49.1	52.5	53.4	52.7	51.2	52.5	56.6	63.6	68.4	68.8	65.5	70.4	95.1	130.6	168	198.6	244.7	278.4	281.9	284.7	284.7	292.4	297.2	308.7	344.4	388.9	466.9	524.7	530.3	541.5	586.3	664	688.5	688.5	687	688.5	688.5	688.5	688.5	688.5	687.6	688.5	688.5	687.3
688.5	688.5	688.5	688.5	688.5	688.5	688.5	688.5	688.5	688.5	688.5	688.5	688.5	688.5	679.1	668.5	658.7	659.9	665.7	660.1	635.7	616.4	599.9	582.2	567.5	562.4	562	555.2	547.6	537.8	458.4	370.9	335.6	313.7	304.2	230.5	143.5	93.3	86.5	84.6	87.1	80.3	73.2	69.1	62.3	56.5	56.2	57.9	51	47.6	46.6	48.6	47.9	46	50.8	53.7	57.1	62.4	71.2	77.8	79.6	81.4	79.4	78.8	82.9	85.2	85.7	87.5	85.3	88.2	89.6	88.2	88.5	94.1	97.2	93.1	92.5	97.1	99.6	95.5	92.4	94.4	93.3	97.1	98.8	93	95.9	93.1	89.8	88.1	86.9	87.5	91.5	92.1	91.2	91.6	87.6	85.2	83	81.5	85.7	90.1	90.5	90.4	92.6	95.3	93.3	96.1	94.6	93.8	96.3	93.9	95.6	100	102	96	92.9	93.8	98.7	101.2	93.1	88.6	83.5	82.1	78.8	75.6	73.4	69.9	73.1	72.3	68.4	67.8	66.8	63.2	63.5	62.3	64.7	63.5	60.9	54.8	46.9	44.2	42.7	42.9	43	42.9	43.6	43.4	43	41	43.1	45.8	49.7	52.7	52.8	52.6	51.9	55.3	61.3	67.5	66.9	65.3	69	80.9	119.6	156.3	174.8	217.1	277.2	281.9	283.9	284.1	295.2	307.9	319.4	355.6	391.3	422.7	495.5	528.2	536.6	566.7	640.2	688.5	687.3	683.4	687	688.5	688.5	688.5	685.2	682.5	682.5	685.8	688.5
688.5	688.5	688.5	688.5	688.5	688.5	688.5	688.5	688.5	688.5	688.5	688.5	688.5	688.5	678.7	667.7	659.1	658.7	664.3	644.4	620.2	607.4	592.4	579	572.1	568.5	561.9	553.5	544.7	533.1	439.3	360.7	336.5	321.8	235.1	147.9	101.9	91.2	86.1	82.9	76	70.5	68.5	62.1	55.6	57.6	56.8	54	47.8	45.4	45.9	48.5	51.1	53.5	54.5	59.4	69	80.9	85.9	85.7	85.5	85	84	85.1	89.3	94.4	97.7	97.5	90	88.5	91.2	95.1	100.2	96.7	95.9	94.7	97.3	99.1	99.1	97.2	95.7	100.6	101.2	97.5	100	97.1	98.5	98.9	92.7	87.4	88.4	88.4	88.7	90.7	87.8	91.6	91.8	89.3	87.9	86.1	90.7	94.5	96.6	98.4	100.3	99.5	98.1	95	95.5	97.6	100.9	101.9	101.9	105.6	106.5	99.6	95.5	94.3	97.1	103.2	98.2	89.3	85	86	83.4	77.4	74.7	72.4	73.5	71.8	71.4	70.5	68.4	68	65.8	62.1	63.3	67.7	65.9	58.9	53.4	47.8	45.7	43.1	41.2	43.6	45.4	49.8	45.2	43.6	41.4	43.5	48.1	48.5	51.8	56.6	53.6	52.6	56	59.8	65.8	65	63.3	67.5	75.2	95.9	138.5	150.5	179.8	236.9	270.8	284	289.4	305.4	315.5	329	359.1	390.7	470.3	524.7	533.8	542.2	581.4	659.9	685.8	684.9	687.3	688.5	687.6	685.5	682.2	680.7	683.7	687.9	688.5
688.5	688.5	688.5	688.5	688.5	688.5	688.5	688.5	688.5	688.5	688.5	688.5	688.5	687.9	672.5	661.5	660.7	661.5	659.5	635.8	616	606.3	592.6	576.1	568.2	564.4	559.9	549.8	540.1	522.9	444.7	347.1	327.7	301.8	200.4	128.3	94.5	90.1	82.2	76	69.4	66.2	63.9	55.7	53.2	54.7	54	51.4	48.1	47.4	48	53.2	56.9	54.1	58.6	67.2	78.4	87.5	86.3	89.8	90.5	92.2	91.3	92.2	96.5	97.8	99	97.4	91.3	90	93.8	100.3	102.3	100	98.8	98.9	104.7	104.7	101.2	100.7	101.5	104	102	102	105.5	103.2	99.6	96.8	93.4	89.1	89.1	88.8	87.6	90	90.6	91	95.9	98.1	96.2	99.5	98.6	97.4	102.2	106.9	107	104.7	98	99	103.1	106.1	110.7	112	116	121.7	121.7	114.7	110.4	107.1	107.4	108.8	104.3	96	90.1	86.5	86.1	82.9	80.4	76.9	76.7	73.9	73.2	71.7	69.1	68.9	68.5	66.4	65.5	67.7	63.7	56.4	53.3	48.1	44.4	43.8	40.4	43.4	47.6	50.8	49.1	44.9	40.3	45.1	50.2	50.3	52	54.8	55.5	54.2	57	58	64.8	65.5	60.8	63	68.8	83	113.4	137.3	150.8	205.7	254.8	282.3	286.7	292.9	308.9	325.9	330.3	355.2	427.1	519.1	530.3	538.7	568.1	640.2	688.5	688.5	688.5	688.5	688.5	688.5	685.2	684.9	687.9	688.5	688.5
688.5	688.5	688.5	688.5	688.5	688.5	688.5	688.5	688.5	688.5	688.5	688.5	688.5	688.5	675.9	663.5	662.1	662.1	659.9	641.1	616	599.7	587.1	570.8	559.2	559.9	555.3	533.6	509.3	475.4	428.3	342.5	302.2	220.7	113.9	88.2	87.7	83.8	73.5	73.1	72.2	64.4	57	53	53.7	56.5	50.5	50.3	54.2	51.2	52.9	61	62.1	65.1	76.2	90.7	94.6	96.3	95.6	95.7	97.1	97.7	96.7	100.3	101.9	103.6	100.5	95.5	95.5	94.6	100.3	103.6	104.8	99.8	102.2	105.3	108.8	106.7	107.3	108.5	107.1	104.8	101	104.7	105.5	104.3	99	95.3	95.4	95.8	89.8	92.4	92.5	92.7	94.5	94.7	97	105.8	106	108	108.3	105.8	107.7	109.8	111.9	110.3	107.8	110.2	111.7	116.6	121.8	120.6	128	132.2	129.5	124.7	121.2	119.6	120.3	117.5	112.8	108.2	105	97.5	92.9	89	85.8	83.6	79.2	76.7	76.7	74.3	73.5	73.9	72	70.7	70.8	70.4	67.2	61.7	59.9	55.6	53.2	47.9	43.4	42.5	46.3	48.7	49.3	46.3	44.9	43.3	45.8	51.2	50.3	54.2	56.8	56	56.3	55.1	58.5	68.2	64.2	58.3	63.3	73.1	77.1	98.4	117.4	120.5	172.1	247.5	286.5	292.3	304.9	328.9	325.6	328.3	405.3	515.2	525.4	533.8	542.2	581.4	650	685	688.5	688.5	688.5	688.5	688.5	688.5	688.5	688.5	688.5
688.5	688.5	688.5	688.5	688.5	688.5	688.5	688.5	688.5	688.5	688.5	688.5	688.5	683.3	666.5	663.7	661.7	660.5	658.9	635.5	611.7	597.2	582.2	566.6	560.5	558.5	549.5	532.3	503	465.1	393.3	325.7	300.2	192.5	97.4	87	87.7	83.1	74.7	73.6	71.6	64.4	56.2	53.5	54	52.5	47.4	50.5	54.1	51	56.2	64.5	66.4	75	90.8	99.1	99.8	99.2	99.9	100.5	100.1	100.9	98.9	98.6	100.7	107	104.1	99.3	101.6	104	107.2	106.9	106	106.6	109.1	109.7	113.3	110.6	110.5	111	110.9	109.3	105	105.5	106.1	102.7	103.2	105.5	102.8	98.6	98.2	99.9	99.6	94.3	95.8	105.5	102.8	107.6	111.2	115.7	115.8	119.6	119.1	118.5	119.1	120.6	120.1	123.9	126.4	127.8	132.9	134.2	140	142.5	143	134.8	129.9	132.6	131.4	129.1	127.3	125.5	121.3	112.8	101.7	96.2	89.2	86	84.4	82.5	82.5	80.1	79.3	77.2	73.4	73.2	75.4	76.3	73.2	68.1	65.1	61.4	56.6	52.3	49.3	41.5	42.4	46.5	47.7	46	44.8	43.6	44.4	50.5	51.8	53.7	55.3	54.1	53.8	52.6	54.9	66.1	64.4	54.9	57.8	68.2	75.3	87.7	105	117.2	146.7	224.6	283.5	290.4	295.8	309.8	315.1	324.9	392.7	509.3	525.4	531	538	566	636	676.6	688.5	688.5	688.5	688.5	688.5	688.5	688.5	688.5	688.5
688.5	688.5	688.5	688.5	688.5	688.5	688.5	688.5	688.5	688.5	688.5	688.5	688.5	683.1	665.1	660.9	659.9	655.6	641.6	621.4	606	592.9	577.4	565.1	558.5	556.2	545.2	528.2	499.3	453.1	371.8	318.2	277.9	130.4	83.8	86.1	88.3	75	72	74.2	64.2	59.5	59.6	55.7	52.6	50.3	47	50	49.5	56.5	66.3	65.6	75	89.1	94.6	98	102.8	102.5	99.4	101	99.7	97.9	98.2	97.4	99.2	104.5	103.2	104.6	108.9	111.7	108.2	106.3	110.9	110.4	112.4	115.4	116	117.1	114.3	113.6	112.8	116.5	112.9	109.1	107.8	109	111.2	111.8	109.3	105.9	106.5	109.7	107.3	101.4	104.7	110.9	111.2	113.7	119.7	123.3	126.8	128.9	131.9	130.7	133.2	136.4	134.2	138.8	140.1	143.7	143.5	143.5	143.3	144.8	151.7	149.1	140.9	143.9	143.5	139.6	137.5	137.4	132.5	124.7	117.2	107.1	96.5	91.8	90	87.6	85.1	82.9	80.5	76.6	76.1	76.2	76.8	77.9	78.4	73	68.4	65.8	61.5	59.8	53	46.2	42.4	42.7	46.6	47.7	45.7	46.5	44	46.8	52	53.7	52.8	54.2	56.9	56	52.2	51.9	61.1	59.8	51.5	58.7	66.9	72.2	81.5	91.9	110.4	140.6	214.8	268.5	291.2	297.6	307.1	312.6	368.6	498.6	524	525.4	533.1	540.8	584.9	654.2	673.2	688.5	688.5	688.5	688.5	688.5	688.5	688.5	688.5
688.5	688.5	688.5	688.5	688.5	688.5	688.5	688.5	688.5	688.5	688.5	688.5	688.5	673.1	660.3	660.1	660.1	645.3	633.6	620.2	604.6	589.5	576.9	562.1	552.9	551.3	543.4	526.8	494.3	450.8	352.4	286.8	158.6	86.4	86.1	89.3	82.7	72.5	76.5	73.3	63.4	56.3	53.6	55.1	51.2	47.2	48.1	47.3	49	57.1	64.8	68	80.1	92.1	96.7	103.2	101.9	102.2	100.8	100.3	103.9	101.9	104.7	107.3	106.9	106.1	108.2	107.7	111.6	114.3	112.4	113.9	114.8	117.1	117	119.5	117.9	116.2	117.4	117.5	120.1	125.7	123	117.2	116.6	114.1	116.8	119.2	120.5	118.8	116.8	117.4	115.3	108.8	111.3	114.4	116.3	121.8	130.5	132.5	135.4	141.4	141.9	143.3	144.9	145.1	145.8	151	151	151.9	154.2	153.8	154.6	159.3	159.4	156.7	152.8	145.8	145.6	143.9	142.6	144.9	143.2	134.7	122.6	111.5	101.5	94.3	89.2	86.3	83.1	80	78.2	75.8	77.1	75.6	75.8	76.6	77.1	73.5	70.9	67.6	68.2	64.3	58.2	51.5	47.8	46.1	49.7	49.4	48.9	46.7	42.3	42.8	48.8	52.5	54.1	57.2	59.4	54.6	52	51.8	62.6	63.5	58.3	58.7	63.9	70.6	78.3	89.3	112.4	152.8	222.2	286.5	285	289.8	298.2	310.4	355.7	453.1	524	524.7	531.7	538.7	568.8	637.4	665.5	685.7	688.5	686.4	688.5	688.5	688.5	688.5	686.4
688.5	688.5	688.5	688.5	688.5	688.5	688.5	688.5	688.5	688.5	688.5	688.5	687.9	674.7	662.1	660.7	656.8	641.3	627.7	611.9	597.1	578.1	562	558.1	552.6	543.7	533.5	522.2	479.2	432.1	303.5	159.8	90	86.2	97.8	91.4	76	77.6	73	68.2	59.6	55.1	60.5	53	48.5	49.1	45.7	47.9	50.7	55	62.6	71.5	78.5	89.6	102.3	106.5	102.8	103.8	102.2	103	100.3	102.3	105.6	110.3	114.2	112.5	112.1	108.2	105.2	111	116.5	119.6	119.7	119.2	121.5	122.4	120.2	118.4	119.8	126.8	129.6	131.1	129.3	123.1	124	119.3	120.8	125.3	126.8	129.2	127.4	130.5	127.1	120.6	122.4	123.4	127.1	134	141.9	148.1	153	158.5	160	161.9	159.4	156.4	158.2	161.7	160.6	156.8	161	163.5	166.7	171.2	171.2	172.3	165.8	158.5	155.3	155.3	154.5	153.2	151.4	145	132.4	119.4	104.7	99.2	96.8	91.2	87.8	82.8	83	80.3	78.1	78	77.3	80.5	79.5	77.8	73.6	71.6	71.9	69.5	65.4	58.9	52.4	48.2	49.1	49.6	46	47.5	46.8	42.4	43.8	47.1	51.2	55.1	57.3	57.8	56.2	51.6	57.4	65.8	66.3	62.5	59	60.9	64.9	69.9	80.1	108.2	150.7	214.1	282.9	284.9	295.5	307.8	329.1	412.4	511	518.6	522.5	529.9	543.4	578.6	646.8	664.7	680.1	688.5	688.5	688.5	688.5	688.5	688.5
688.5	688.5	688.5	688.5	688.5	688.5	688.5	688.5	688.5	688.5	688.5	688.5	681.9	666.5	662.3	661.9	656.7	637	619.1	607.3	592	566.6	552.3	550.8	548.5	539.1	537.9	519.9	463.1	390.3	232.8	126.1	85.9	90.7	104.3	89.6	76.5	79.7	69.8	60.9	52.5	54	58.3	52.7	51.7	50.5	51.3	51.7	50.2	55.9	65.8	74.3	86.9	98.2	105.9	107.3	104.9	105.3	104.7	102.2	104.6	107.5	109.8	112.2	113.6	112.8	110	108	104.1	112.4	120.2	122.9	122.1	120.4	122.9	126.4	126.4	125.1	129.9	137	138.1	139.6	135.8	131.4	130.4	128.1	134	134.2	134.7	139.2	138.2	139.8	136.2	133.7	133.9	132.4	135.1	142.6	153.9	160.1	164	167.5	172.7	172.2	167.6	165.2	166.4	169.1	168.2	173.5	178.4	180.8	180.9	183.3	185	188.6	180.9	171	165.6	163.5	165.4	158.1	154.1	150.3	140.4	125.5	113.5	108.4	103.8	97.5	92	87.5	87.7	87.8	84.6	79.5	80.3	84.7	83.2	82.5	78	73.2	71.4	73.4	71.6	67.6	60.4	51.2	48.9	47.5	43.7	46.8	48.9	45.1	45.7	48.8	52.3	53.6	60.5	62.2	58.8	55.6	57.7	65.6	67.5	63.8	56.8	59	62.5	66	74.9	96.8	137	192.4	261.3	280	289.6	301.6	317.9	380.3	488.6	515.7	519.2	529.6	541.8	566.7	637.4	665.2	671.7	688.5	688.5	688.5	688.5	688.5	688.5
688.5	688.5	688.5	688.5	688.5	688.5	688.5	688.5	688.5	688.5	688.5	688.5	686.3	669.1	661.5	661.3	656.7	626.2	604.5	589.6	573.9	553.7	549	549	546	533.8	526.1	481.8	444.9	286.6	119.1	94.3	79.3	92.8	101.1	88.6	85.1	75.6	67.1	64.6	56.7	61.6	58	54.8	50.5	47.7	49.6	48.5	50.6	60.4	70.3	77.4	93.2	104.5	108.2	110.1	114.7	112.1	108.4	107.4	111	116.2	115.4	113	110.2	109.2	110	107.6	108.7	119.6	124	121.4	122.3	127	126.8	130.4	132.4	134.1	140.5	149.7	147.4	145.4	141	136	138.9	140	143.6	144.6	147.2	147.2	150.8	154.9	154.2	152.2	149.5	146.8	150.1	156.3	164.1	169.9	172.9	179.1	184.1	183.3	177.8	177.3	181.2	180.7	177.2	184.3	196.2	201.1	203.2	206.6	205.4	202.7	195.2	188.1	181.8	177.9	177.9	171.7	161.8	157.9	148.6	138.5	126.4	117.9	111.1	105	103	95.3	94.9	95.9	91.8	89.2	84.1	88.3	89.5	86.7	83.9	80.2	78.1	78.4	75.8	73	66.1	58.5	54.9	52.2	45.8	43.5	47.2	46.4	44.6	47.3	48.5	52.8	54.9	61.2	60.3	57.5	56.2	59	62.8	61.9	60.7	58.5	56.2	61.2	66.3	77.1	88	130.3	187.6	245.1	288.2	299.3	311.1	355.6	459.2	511	518.2	525.6	536.8	545.3	584.2	672.4	680.8	682.2	688.5	688.5	688.5	688.5	688.5
688.5	688.5	688.5	688.5	688.5	688.5	688.5	688.5	688.5	688.5	688.5	688.5	682.9	661.9	660.3	658.7	645	617.8	600.6	584.9	563.1	551.9	549.8	546.7	544.9	541.9	523.2	476.3	444.7	249	112.2	89.9	80.5	88.3	90.4	81.7	75.4	70.4	64.4	61.2	56.4	61.3	59.6	55.5	51.7	46.3	47.5	46.3	53.5	65.7	75.5	85.4	100.6	113.6	115.6	118.2	120.7	109.9	108.9	110.4	117.5	117.3	111.6	113.8	112.2	113.9	111.1	109.2	114.8	124.5	128.1	125.6	127.4	130.7	131.6	133.4	139.4	142.4	147.3	158.9	157	156.6	154.7	152.1	152.1	150.8	149.9	154.2	156.4	152.2	153.3	156.5	158.3	161.3	159	160.9	162.3	168.9	178.1	182.7	186.3	192.8	192.7	191.9	190.1	195.6	195.8	196.1	198.8	208.2	218.2	221.2	224.9	225.7	221.2	222.2	219.6	207.9	202.4	193.7	185.2	174.4	163.8	158.4	153.1	140.9	130	126.6	120.4	116.2	112.5	103.5	99.3	99.1	97.6	95.2	91.9	92.7	92.3	90.7	87.6	83	83	81.1	77.1	75.2	70	64.1	57.9	54.5	47.3	45.9	47.5	46.4	42.6	44.1	43.3	50.3	48.9	55	57.1	53	51.9	51.2	60.1	61.9	59.1	56.8	55.6	56.8	63.7	73.2	80.8	109.8	165	224.1	286.7	297.4	313.3	350.3	438.6	515.8	521.8	526.8	538	545.7	570.2	662.6	687.1	673.8	688.5	688.5	688.5	688.5	688.5
688.5	688.5	688.5	688.5	688.5	688.5	688.5	688.5	688.5	688.5	688.5	688.5	686.1	664.7	662.1	651.6	626.4	606.5	588	571.6	557.2	553.2	547.4	544.1	543	535.1	514.7	476	396.1	204.5	106.3	82.3	85.8	83.4	75.5	76.6	68.2	63.7	58.3	57.2	55	52.6	57.1	57.5	48.4	44.7	44.4	51.5	65.3	76.2	85.7	97.9	111.3	114.9	115.5	118.3	116.2	109	107.4	112	115.5	113.4	113.8	119.4	117.5	114.7	111.2	116.2	123.1	127.8	127.6	131.5	137	139.6	140.3	140.4	149.8	152.4	162.1	174.5	174.6	177.1	174.1	165.1	161.9	165.3	163.1	161.6	171.4	169.7	169.7	169.9	171.3	173.5	172.7	176	176.3	184.5	196.1	199	205.5	209.1	203.1	201.5	201.1	201.9	202.7	204.7	212.7	222.6	230.7	240.8	247.1	249.9	249.7	243.6	238	232.1	223.3	211.5	196.2	181.4	168.5	161.4	154.3	147.2	139.6	132.5	129	121	114.6	109.6	105.9	105.9	104.3	100.1	97.6	95.7	95.7	97.7	95.1	90.4	87.2	85.7	81	78.8	76.7	67.3	59.2	55.6	51.3	45.6	43.1	45.8	43.6	39.4	40.6	41.7	46.9	49.2	57.6	56.5	53	48.2	56.3	60.5	60.2	56.1	57.3	56.9	60.3	63.7	73.7	77.2	120.4	201	275.7	291.6	317	350.9	416.8	502.7	526.1	524	529.6	538.7	545	580	655.6	673.8	680.8	688.5	688.5	688.5	688.5
688.5	688.5	688.5	688.5	688.5	688.5	688.5	688.5	688.5	688.5	688.5	688.5	679.3	663.7	669.1	647.7	622.7	605.1	584.3	567.4	556.7	553.9	545	543.6	543	532.7	509.6	475.5	402.9	239.7	128.7	87.4	81.9	80.7	75.3	68.7	65	59.4	55.8	58.7	58.2	54.9	59.5	55	47.9	45	46.1	53.6	69.2	82.1	90.2	102	112.6	112.6	114.9	117.7	116.9	113.1	112.4	114.6	114	115.2	116.2	121.6	120.3	118.9	118.3	120.2	127.6	135.1	133.9	135.1	140	145	146.4	149	157.5	167	182.4	193	192.7	196.8	186.9	174.7	169.5	166.9	167.7	170.2	177.2	182.7	180.2	178.8	184.3	179	177.8	187.1	191.9	196.2	203.9	209.6	214.6	220.1	215.4	216.1	218.6	221.3	220.1	225.6	236.1	250.3	255.5	261.5	269.2	265.7	265	264.5	259.7	254.7	241.2	226.2	210.5	190.8	178.5	167.8	161.1	151.1	144.6	136.1	131.5	124.2	114.7	111.5	112.5	112.6	110.1	109.2	105.7	100.6	103.3	103.2	99.8	94.8	90.1	89.4	84.7	81	75.1	70.4	64	56.5	54.4	46.2	42.5	44.4	41.5	38.7	39.9	38.9	42.6	48.2	52.6	55.1	51.5	44.8	47.2	57.1	59.8	57.5	60.3	58.1	54.8	59.9	68.6	75	78.7	134.6	226	286.8	305.3	336.5	363.3	400.4	466.6	524	528.2	535.2	543.6	563.9	635.3	673.6	677.3	688.5	688.5	688.5	688.5
688.5	688.5	688.5	688.5	688.5	688.5	688.5	688.5	688.5	688.5	688.5	688.5	683.3	665.1	666.1	646.2	618.8	599	579.1	568.4	559.8	553.5	545.9	548.1	542.1	522.9	500.4	463.9	369.4	191.3	100.5	88.8	84.5	74.6	67.7	62.2	58.4	52.6	50.9	54.1	54.8	52.5	57.6	51.2	42	45.4	50.3	64.7	82.4	92.4	101.5	108.4	113	113.9	117	120.3	121.7	123.5	124.3	125.8	122.9	121.2	121.5	127	124.4	124.7	129.8	136.2	136.2	134.5	136.7	137.6	142.9	148.7	153	158.1	167.1	181.6	205.4	214.3	217.7	216.3	201.6	184.7	182.5	185.9	185.3	184.6	190.4	196.5	196.1	194.7	198.3	194.5	194.3	202.8	205.9	210.8	214.1	220.1	227.2	227.9	227.3	226.2	226.6	230.9	236.4	247.9	255.5	273.4	280	279.1	276.2	274.5	273.7	277	273.7	265.6	252.5	236.9	221.7	200.4	190.1	177.1	166.5	158.1	151.5	146.5	139.9	134.2	126.6	121.1	120.7	120	116.6	117.1	114.5	107.6	104.9	110	108.2	103.8	97.7	91.3	92.5	85.8	77.8	73.4	69.6	62.6	54.9	50.2	42.6	40.1	42.4	38.7	40.5	39.1	40	40.4	47.7	54	50.6	46.1	47.3	50.1	56.9	58.9	59.7	58.4	58.6	60.4	63.4	71.9	73.7	114.1	205.6	279.6	307.2	349.3	370.5	387.9	438.5	512.2	519.9	524.8	525.3	532.7	564.6	637.6	672	677.4	683.1	687	687
688.5	688.5	688.5	688.5	688.5	688.5	688.5	688.5	688.5	688.5	688.5	688.5	684.9	671.9	662.4	645.3	617.9	597.1	576.4	566.8	559.6	552.5	546	548	539.1	516.7	490.1	455.6	340.3	233.9	152.2	106.2	88.1	73.2	61.1	59.2	57.7	53.6	54.1	55.2	53.5	53.3	57.7	50.3	43.6	45.5	55.2	72	89.8	96.5	106.1	115.1	118.3	119.1	120.1	123.7	125.6	126	128.1	129.8	128.1	127.3	128.5	132.3	130.9	129.8	136.3	144.2	142.3	137.4	140.3	141.4	143.8	149.8	155.6	167.5	177.6	191.4	209.5	223.1	228.8	220.7	202.6	190.6	189.3	192.1	194	192.8	194.8	202.1	202.9	203.7	205.6	200.6	202.3	207.1	211.9	220.2	221.4	220.1	228.8	237.2	239.9	240.2	237.4	240.2	247.1	254.8	264.5	275.9	281.6	276.9	280	276.4	274.6	273.1	274	268	258	248	229.2	213.1	199.5	182.9	168.2	163.7	154.6	148.3	143	136.8	129.5	126.6	125.7	121.2	116.4	117.1	111.5	107.6	106.6	111.1	111.7	110	102	95.8	95.2	87.9	79.3	74.2	69.4	61	54.5	47.3	41.5	36.9	40.1	38.1	34.9	34.9	37	36.5	43.6	53.4	50.3	44.4	45.2	47.9	52.7	55.3	57	56	56	57	58.2	67.9	66.3	96.8	175	257	304.2	339.7	364.3	388	397.5	434	493.3	520.7	517.8	524.5	552.7	624.7	672	675.3	682.5	684.9	687.3
688.5	688.5	688.5	688.5	688.5	688.5	688.5	688.5	688.5	688.5	688.5	688.5	683.1	669.1	660.2	628.5	602.6	585.7	572.2	565.3	561.2	559.1	554.9	546.3	528.2	502.8	483.3	379.9	249.4	206.1	190.7	149	95.9	75.9	62.7	60.8	53.2	50.5	51.3	49.8	53.9	55	46.1	47.6	45.4	53.6	67.7	83.1	92.6	99.7	105.9	113	121.9	121.3	129.3	134.7	135	138.6	145.1	137.3	127.6	133.1	135.8	139.1	145.1	145.7	150.3	147.2	146.2	144.7	147.2	148	150.2	157.7	166.5	175.3	194.6	215.4	229.3	243.4	248.4	236.5	211.6	201.9	203.7	206.4	204.7	204.2	207.4	212.5	215.9	220.7	221.7	222.8	223.1	222.5	229.9	234.3	231.2	230.5	234.1	239.3	245.8	247.4	246.2	246.6	255.1	266.8	274.9	282.4	285.8	285.3	290.1	284.3	277.1	277	278.1	271.1	264.4	260.2	245	227.5	212.3	194	183.8	171.1	162.6	154.2	151.6	141.3	134.9	132.1	130.4	127.8	126.1	123.3	117.3	114.7	110.6	111.5	119.3	117	109.8	103.3	104.2	98.5	85	79.8	73.8	68.5	60	49.7	43	38.4	36.5	38.5	36.8	37.6	37.3	35.2	40	52.2	55.2	49.1	43.1	44	48.3	54	52.4	54.9	55.2	54.5	57.5	66	70.2	71.1	102.8	189.2	295.4	323	349.9	365.1	378.2	411.9	460.5	489.9	527.1	526.3	536.7	586.8	665.7	682.8	685.8	688.5	688.5
688.5	688.5	688.5	688.5	688.5	688.5	688.5	688.5	688.5	688.5	688.5	688.5	686.7	672.9	651.2	617.2	601.9	587.9	573	564.2	560.4	560.4	554.7	543.8	522.9	500.3	480	339.1	228.2	201.1	180.5	112.9	83.7	75.9	62.9	58.7	52.3	52.6	48.3	43.7	49.8	54.1	47.7	47.3	47.7	58.1	73.7	87.6	97.9	104.6	115	119.6	121.8	124.3	132.1	137.9	140.7	145.2	149.1	146.3	135.8	138.5	140.8	145.5	148.4	153.3	153.6	149.4	149.1	150.3	154.1	153.2	158.5	166.9	177.9	187.2	203.9	226.1	237.4	250.8	249.9	238	222.7	212.5	211.6	211.9	212.3	215.3	219.9	220.2	223.9	227.4	232.6	230.5	232.1	240.1	238.8	239.9	237.7	238.1	243	247.5	251.8	251.4	253.4	256.3	265.3	275.3	282	287.1	285.2	280.1	279.8	278.5	271.1	264.6	268.7	262	252.6	248.2	240.6	224.5	208.5	196	183.7	173.1	163.4	156	148.8	144.4	139.9	135.4	133.2	130.8	129.5	124.2	118	116	110.8	112	120	119	113	107.1	107.1	103	88.2	83.7	81.1	72.6	61.6	50.2	42.4	35.8	32.9	39.5	34.1	34.2	34.4	35.6	36.8	49.1	55.3	47	39.4	41.6	46.5	51.5	49.6	53.7	56	50.8	54.9	65.1	71.4	75.9	98.9	171.6	299.2	339.7	359.9	361.6	373.7	404.8	446	512.6	524.3	527.8	540.8	577.8	645.8	681.5	685.8	688.5	688.5
688.5	688.5	688.5	688.5	688.5	688.5	688.5	688.5	688.5	688.5	688.5	688.5	688.5	668	631.1	605.4	599.2	587.8	575.6	565.5	559.8	554.2	542.8	530.3	510	491.6	387.3	250.1	211.3	200.6	195.1	117.5	80.8	73.6	61.1	52	49.7	50.4	45.8	47.1	48.1	48.2	46.7	45.2	52.5	62.9	78.2	89.5	99.3	112.1	119.2	127.1	131.3	135.4	146.8	146.8	141	148.5	154.2	149.3	144.2	149.1	152	153.5	158.8	159.5	155.1	155	152.7	153.1	156.4	163.1	169.2	181	188.2	202.7	219.6	234.9	262.3	275.7	267.6	245.8	236.2	228.1	222.6	222.3	227.7	236.9	238.4	239.7	240.1	243.8	249.4	245.6	242.9	247.7	248.6	245.1	244.8	248.4	252.3	252.9	256.7	257.5	262.4	264.6	269.9	276.6	280.1	281.6	282.8	284.4	284.1	281.6	275.1	271.3	268.8	264.4	258.8	246.5	237.2	225.8	210.4	204.8	193.5	178.8	167.9	157.6	148.6	147.3	145.7	137.5	134.5	136.8	134.2	129.6	125.1	122.6	116.2	115.4	122	125.9	120.3	112.9	114.4	109.3	95.5	89	88.3	77.8	65.7	53.4	43	37.4	34	34.4	35.1	30.9	29.5	34.5	38.7	47.6	53.8	53.6	43.9	41.6	44.2	52.2	55.3	55.3	60.8	55	52.5	60.5	67.4	70.1	86.9	109.3	216.3	356.1	374.1	374.4	379.5	408.5	453.2	507.5	522.6	528.9	540.1	559	593.3	645.8	679.7	685.5	688.5
688.5	688.5	688.5	688.5	688.5	688.5	688.5	688.5	688.5	688.5	688.5	688.5	688.5	661.3	623.4	606	599	587.8	575.9	560.7	557.2	553.6	539.2	525.2	505.9	479.6	350.2	238.1	210.8	202.9	194.8	115.7	81.9	75.4	61.9	55.1	49.5	48.2	47.1	49.4	53.5	50.2	43.6	43.9	51.7	64.3	78.9	93.7	101.7	112.9	119.6	132.1	140.7	144.7	151.5	148.6	148.6	156.6	161.2	154.2	150.3	154.1	153.3	156	159.7	162.2	158.1	159.6	156.8	158	163.5	174.4	185.8	191.2	193.7	210.2	230	245.5	279.9	291	278.2	258.9	241.6	232.1	229.5	231.7	235.6	241.9	248.2	249.7	255.4	257.1	260	261.8	261.7	258.3	255.4	254.9	253.2	255.6	259.7	258.8	263.2	266.5	266.5	267.8	271.3	279.5	283.7	285.2	290.9	285.2	276.5	270.4	265	262.1	259.4	257.5	253	240.6	233.1	224.1	210.6	202.5	192.1	177.2	171.6	161.9	153.5	154.3	148.8	138.8	136	139.1	137.8	131.8	131.4	127.2	121.4	118.6	123.2	126.4	121.7	116	118.4	112.6	99.2	89	84	75.7	66.7	56.5	46.4	39.4	35.3	36.9	38	31.6	29.2	32.2	35.3	44.2	52.8	53.1	44.5	43.1	44.7	52	57.4	54	59.5	58.6	52	57	67.7	62.2	79.2	96.7	186.5	335.1	380.3	388.2	408	474.6	524.6	519.8	524.2	528.2	534.5	554.1	580.7	634.6	678.9	682.8	687.3
688.5	688.5	688.5	688.5	688.5	688.5	688.5	688.5	688.5	688.5	688.5	688.5	668.9	652.5	630.1	617.3	607.9	588.1	574	557.8	547.1	544.1	535.8	521.2	499.8	432.3	304.9	236.1	207.8	203.3	200.8	115.7	75.2	68.6	58.6	54.3	47.8	45.4	48	47.8	46.3	45.2	42.7	43	51.7	63.5	77.8	92.2	103.5	111.9	122.8	136.9	145.7	149	148	146.4	152.4	163.7	158.8	154.9	154.8	154.3	150.3	158	161.9	166.8	170.6	168.6	172.2	173.2	177.7	190.8	198.6	204.2	214.4	233.7	243.7	266	302.1	307	291.3	267	247.5	242.4	243.7	247	249.7	253.8	262.3	269.8	279.4	276.2	268.9	272.7	280.3	279.3	267.9	267.1	268	266.7	266.5	263.2	270.4	277.3	272.5	269.6	281	290.1	298.4	308	303	295.6	285.7	278.5	272.4	265.2	257.4	254.7	249.1	242.4	235.7	226.7	220	206.8	193	181	174.7	170.4	167	165.2	158.9	152.9	149.5	144.3	142	140.7	137.1	134.6	129.4	128.2	125	132.7	129.5	120.8	120.5	120.4	110.3	94.8	86	80	71.7	63.1	48.9	40.8	34.9	36.6	38.9	34.8	31.2	32.9	33.8	39.5	51.5	53.2	49.3	44.4	40.6	47.7	57.5	57.4	59.8	60.7	49.8	52.1	63.6	62.1	67.6	79.4	116.3	236	352.8	398.2	423.8	496.6	527.4	512.6	509.2	521	529.7	536.5	555.5	596.1	666.8	688.5	688.5
688.5	688.5	688.5	688.5	688.5	688.5	688.5	688.5	688.5	688.5	688.5	688.5	669.6	654.9	632.9	621.3	607.3	586.6	570.8	554.9	543.8	541.1	535.1	517.4	495.7	430.8	302.9	229.1	205.4	202.2	200.2	111.3	71.8	68.9	60.4	52.4	44.4	41.7	45.2	45.6	44.5	41.9	41.3	46.3	54.2	66.6	81.6	95.9	104.7	113.9	125.2	138.6	147.4	152.7	153.1	153.5	160.5	165.6	162.8	158.5	152.6	152.8	151.8	154	161.2	171.2	173.8	178	182.8	185.5	187.7	199.6	201.2	208.9	225.2	242.8	246.7	269.5	300.7	305.8	295.4	272.7	254.8	249.5	246.4	254.2	261	263.7	270.1	281.8	291.3	290.1	288.9	285	285.7	286	277.8	271.3	271.2	274.7	274.9	270.6	272.6	282.1	277.3	271.4	279.8	288.9	296.2	299.6	298	285.9	274	266.4	268.9	264.2	254.2	245	244.4	243.3	234.4	222.2	214.6	204.9	193.1	181.4	177.7	174.6	168.6	166.9	165.2	163.4	158.8	153.7	149.2	144.4	139.2	134.8	135.2	131.8	130.9	133.8	130.8	122	121.7	126.8	118.5	102.6	88.1	78	72	65	51.7	37.2	31.3	32	32.1	30	28.8	30.3	35.8	39.5	50.9	52.6	50.1	46.6	40.2	44.7	52.9	57.5	57.1	59.8	50.3	49.3	60.4	58.8	60.5	75.1	101.4	221.3	347.5	396.2	475.4	528.9	525.9	515.7	514.3	523.1	529.7	535.2	550.6	582.1	650	688.5	688.5
688.5	688.5	688.5	688.5	688.5	688.5	688.5	688.5	688.5	688.5	688.5	688.5	686.4	669.6	630.6	600.9	587.3	576	562.6	548.6	544.1	542.5	532.3	510.6	488.3	416.8	269.1	212.5	199.2	199.4	202.5	111.7	69	66.5	54.1	48.1	42	44	45.7	44.1	44.6	40	43.6	51.4	59.1	71.3	84.3	95.1	101.7	111.3	129.4	139.5	148.5	153	152.9	155.6	162	156.9	152.7	151	148.1	147.6	150.9	150.3	163.6	170	181.9	187.8	189.7	196.9	208.6	215	218.2	238.9	250.1	254.5	264.2	286.5	310	322.6	307.9	279.1	264.5	257.2	257.6	266.2	277.8	280.2	283.7	287.7	296.8	298.6	294.7	291.8	281.9	281.7	282.9	279.2	276.8	274.4	276.8	280.1	277.3	284.3	288.1	288	292.5	295.6	302.5	301	296.1	284.4	276.1	275.1	276	265	253.3	244	245.2	246.3	238	226.5	210.6	204	199.8	189.8	186	181.1	173.3	171.9	171.5	168	162.7	159.7	157.2	147.6	142.1	140.4	137.3	132.7	133	137.8	141	131.8	124.5	130.8	126.2	112.1	92.5	82.2	74.2	69.4	58	43.9	33.9	29.3	30.8	28.3	25.6	29.2	33.5	37	45.8	50.7	47.6	51.2	44.8	44.3	47	56.5	56	59.2	55.2	49	57	60.5	59.5	75.6	88.5	157	322.5	392.8	479.4	528.9	529.6	526.8	524.7	526.1	531	531.7	536.6	546.4	592.5	659.1	680.8
688.5	688.5	688.5	688.5	688.5	688.5	688.5	688.5	688.5	688.5	688.5	688.5	688.5	667.9	622.3	598.2	583.2	570.7	554.6	546.2	548.5	546.3	531.6	506.3	487.6	388.1	251.9	209	200.8	202.8	206	195.6	151.1	85.8	61.2	52.5	45.6	45.7	46.8	43.8	47	42.4	46.8	48.9	58.2	70.7	81.5	95.8	103	113.9	130	141.5	153.7	157.7	157.1	159.7	161.2	160.9	157.3	150.7	147.5	149.9	152.9	153.5	166.9	173.6	185.7	192.3	192.1	200.9	211.8	215.5	222.2	242.9	255.7	258.9	267.1	294.7	317.4	326.1	309	282.7	270.7	265.7	269.6	274.8	277.3	283.5	292.2	295.2	295.2	299.5	300.6	294.6	286.9	290.1	291.2	284.5	280.1	277.6	277.6	281.5	280.2	285.3	287.7	289.2	290.1	297.2	303.9	297.9	294.5	291.9	289.4	279.7	273.4	263.4	250.1	242.4	247.3	246.2	236.7	225.4	211.9	203.1	200	193.5	189.6	187.7	181.1	177.2	176.8	173.1	167.2	166.1	164.1	153.9	151.3	149.2	140.6	133.3	135.9	140	145.3	136.7	128.6	129.7	129	118.1	99.7	88.6	79.2	67.1	57.3	49	38.5	33.6	32.1	27.8	26.2	29.5	30.9	32.9	41	49.5	48.8	50.8	43.6	41.9	46.9	54.6	56.3	56.6	55	53.6	61	63.5	59.9	67	88.2	142.9	295.5	391.1	453.9	518.7	531	528.2	524.7	526.1	529.6	533.1	534.5	541.4	578.7	647.2	671.7
688.5	688.5	688.5	688.5	688.5	688.5	688.5	688.5	688.5	688.5	688.5	688.5	686.4	657	629.9	601	586.1	569.9	557.8	553.9	552.7	546.2	520.7	496.2	453.3	307.4	227	201.8	200.8	202.4	201.3	187.3	153.8	98.8	61	47.7	42.6	47.4	43.3	44.1	43.9	41.9	42.7	48	56.2	70	80.6	91.6	101.6	115	127.6	148.4	160	155.1	150.8	151.3	152.1	151.4	151.6	151.8	151.8	159.4	167	170.6	170.1	177.3	186.2	191.1	199.8	206.3	216.4	223.6	240.9	258.8	267.9	276.7	293.5	309.8	325.9	323	302.6	285	283	285.4	288.6	289.7	291.2	296.1	304.4	306.4	306.5	305.8	306.7	305.9	298.4	294.6	294.2	293.5	295.1	295.3	287.9	291.7	298	296.7	293.3	295.7	300.8	308.7	306.8	300.4	298.2	295	291.8	287.3	279	270.4	257.8	249.4	248.4	248.2	241.4	229.6	221.1	211.5	206.2	201	196.4	193.6	189.7	182.7	181.4	177.6	170.3	168.6	170.6	165.8	160.7	153	147.1	143.9	139.5	143.2	142.3	133.9	134.2	131.7	125.9	116.1	98.6	93	89.1	73.5	57.2	50.1	43.6	36.9	33.6	33.6	26.1	25.6	29.9	32.2	37	44.9	48.1	51.4	47.9	43.8	43.2	48	50.7	54.2	54.8	56.9	64.4	66.2	61.4	64.7	81	125.2	272.6	377.7	470.1	518.3	520.7	526.2	524	525.2	526.8	528.9	528.9	535.9	549.2	589.8	644.4
688.5	688.5	688.5	688.5	688.5	688.5	688.5	688.5	688.5	688.5	688.5	688.5	682.2	654.9	626.3	610.5	588.9	563.4	553.5	555.5	554.9	542.4	516.1	492.2	418	276.6	213.1	198.2	197.7	202.2	198.9	190.1	189	138.6	71.5	49.9	47.2	48.5	42.9	43.1	41.9	42.4	43.2	49.8	62.1	73.8	85.2	95.8	107.2	119.9	137.7	155.9	161.1	154.7	151.6	153.2	152.9	150.4	156.6	155.5	154.4	164.6	171	173.3	176.3	184	192.5	195	200.8	208.5	215.2	225.2	244.4	259.1	267.5	281.7	302.6	318.6	334.3	327.5	309.1	291.7	287.9	287.2	297.6	301.4	294.6	300.4	305	309.8	314	312.6	311.5	306.9	304.6	300.8	296	292.5	294	296.6	293.9	299.4	301.7	303.6	296	291.3	293.8	301.5	302.4	297.6	295.7	293.1	291.5	290.5	283.5	277.5	256.5	251.2	255	251	244.7	236.1	226.8	216.6	211.4	206	200	193.8	193	188.5	185.3	184.4	179.2	174.6	175.8	172	166.3	158.4	156.7	154.2	147.4	147.9	143.9	136.2	137.7	132.9	127.8	120.7	103.6	94.4	88.2	75.6	60.7	49.9	42.9	39.2	35.8	36.1	27.5	26.1	30.1	31.3	33	39.7	44.9	51.5	47.5	43.3	43.1	46.6	54.6	55.7	58.1	58	64.9	69.6	63.5	64.4	74.6	113.1	257.6	376.9	459.8	519.9	524.6	528.2	524.7	522.9	526.8	528.2	528.2	533.8	544.3	577.2	636.7
688.5	688.5	688.5	688.5	688.5	688.5	688.5	688.5	688.5	688.5	688.5	688.5	684.3	661.2	636.9	619.8	600.8	570.7	556.9	556.8	553	537.8	516.6	448	298.5	218.9	199.9	193.4	192.7	194.7	196.7	194.2	187.2	141.5	72.4	53	56.8	50.2	42	40.4	39.1	40.4	43.9	50.4	63.5	72.8	87.4	96.5	106.2	120.5	145.3	161.6	157.4	151.6	149.9	155.5	156.7	158.5	168.1	161.1	163.1	175.5	179.8	173.2	176	186.1	196.8	197.1	203.6	210.5	213.3	223.6	245.4	263.3	278.4	299.5	321.1	338	342.5	348.1	334.5	318.1	313.5	309.9	309.3	306.8	304.4	302.6	302.7	306.7	310.9	311.7	314.4	315.6	316	310.7	307.8	303.1	300.4	300.4	303	303.4	304.1	301.2	299.1	290.4	288.9	290.7	296.2	296.8	295.3	292.8	292.7	292.6	284	276.4	269.6	259.2	255.6	257.5	253.9	248.5	239.5	230.3	224.8	221	211.4	206.8	207.2	204.8	196.3	190.1	186	179.1	180.5	176.4	172.1	169.2	161.6	156.1	152.6	142.3	143.2	135.2	133.5	135.8	131.6	126.1	117.6	102.5	92.9	84.1	67.4	53.9	46.9	41.5	40.4	38.1	31.3	26.5	28.5	27.3	28.5	30.5	41.2	47.2	51.1	48.6	41.5	42.9	47.4	54.5	58.6	60.8	64.9	71.2	68.6	66.1	80.1	105.9	201.7	359.9	443.4	527.3	528.2	526.2	524.2	519.7	521.4	526.1	529.6	530.3	533.8	540.9	579.3
688.5	688.5	688.5	688.5	688.5	688.5	688.5	688.5	688.5	688.5	688.5	688.5	665.4	644.4	631.1	621.6	590.6	560.6	555.1	554.4	547.6	525	502	412.6	267.8	214.2	200	194.6	195.1	200.3	195.2	190.2	184.6	113.1	73.9	63.8	63.6	55.1	43.8	40.2	39.1	39.9	42.5	47.1	59.2	72.4	87.4	95.4	110.1	127.9	150.5	159.3	157.9	151.9	154.9	155.5	157.4	163.2	172.9	166.3	170.9	180.7	185.4	183.6	184.6	192.9	199.7	202.3	205.5	210.6	213.1	233.5	261.3	281.6	294.4	316.8	332.2	336.6	347.1	337.4	326.9	313.6	315.2	319.2	318.3	311.7	312.1	309	304.4	311.1	308.9	312.3	323.2	323.9	313.9	311.1	316.1	309.9	306.9	304.5	299	305.3	302.2	297.1	300.4	293.7	289.3	290.6	295	302.2	298.8	296.4	296.3	294.8	282.8	278.4	271.1	260.9	267.2	268.1	258.2	250.5	240.3	232.4	221.7	225.6	219.7	212.7	215	211.3	202.8	196.4	189.3	185.3	186.7	181.5	172.2	171	167.8	160	154.4	147.6	144.6	137.7	137.4	137.1	133.5	126.6	116.8	103	97.2	86.4	68.3	57	48.6	44.2	42	40.3	31.9	31.4	33.4	31.7	31.1	31.9	38.1	45.9	48.7	43.1	43.4	45.9	48.2	51	55.8	64.5	69.3	71.1	71	65.5	81.9	110.9	180.6	338.6	446	519.1	525	526.8	526.2	521.8	521.3	525.9	531	531.7	535.9	547.7	597
688.5	688.5	688.5	688.5	688.5	688.5	688.5	688.5	688.5	688.5	688.5	678.7	655.6	637.4	628.3	618.5	587.9	561.2	556.4	551.2	537.6	512.1	494.6	393.8	259.7	211	196.1	194.2	194.2	197.1	192.5	187.6	179.4	119.1	74.9	68.4	62.7	53.4	43.1	40.1	38.7	37.3	39.7	46.8	59.8	71.7	82	97.1	115.2	134.8	156.1	159.3	153.4	152.9	156.6	158.8	167.8	175.5	178.5	171.4	184	195.2	193.6	188.9	190.7	196.6	200.6	204.3	207.9	215.3	230.9	256.8	284.4	306.9	314	333.6	342.2	346.3	353.1	343.7	328.2	322	323.4	324.6	326.7	325.1	319.7	319.9	310.8	314.9	324.2	330.9	330.3	327	322.7	326.5	329	325.4	325.8	319.6	309.7	310.9	311.8	309.6	307	298.6	302.2	300.3	300.1	307.2	308.2	312.2	309.9	300	290.4	285.8	276.6	272.4	280	275.1	263.1	249.2	242	236	227.6	231.7	227.1	219.8	226.2	216.3	205.2	202.7	195.5	188.3	194.3	188.5	183.2	177.9	171.9	162.3	158.7	154.3	143.7	136.9	138.6	140.9	131	120.4	120.3	112.7	103.6	94.6	72	60.7	50.3	45	44.2	41.9	34.4	33.8	35.5	35.1	30.5	31.8	38	46	48.1	39.9	40	47.7	47.8	48	53.3	60.8	69.7	74.5	71.9	68.6	93.5	124.2	162.5	275.2	440.6	515.1	531	528.9	529.6	524.7	528.9	526.8	526.1	531	535.9	541.5	561.7
688.5	688.5	688.5	688.5	688.5	688.5	688.5	688.5	688.5	688.5	688.5	675.9	655.6	634.6	625.5	604.7	569.5	558.9	554.7	545.7	531	509.2	493.7	377.8	251	204.6	193.9	190.6	189	194.7	188.8	185.9	184.4	129.3	91.4	76	66.8	53.3	47.4	42.3	38.1	37.6	40.4	46.9	59.1	71.7	86	103.7	121.6	144.3	160.5	160.1	153.5	152.4	158.8	163.8	172.1	183.6	179.6	178.4	191.6	196.6	199.7	195.8	195.3	203.9	205.1	210.9	216.5	225.5	251.6	274.9	300.2	321.5	334.2	352	356.4	359.8	361.4	349.6	341.6	337.1	323.7	328.1	333.5	329.1	324.8	325.8	320.3	315.3	326.2	338.3	334.4	331.3	326.9	331.8	335.4	330.4	334.1	330.2	324.1	327.1	321.3	316.5	310	297.3	299.4	304.3	304.5	306	306.8	320	317.9	307.7	299.7	292.9	287.3	283.7	288.4	282.5	272.3	261.4	255	246.5	238.5	235.1	230.4	225.7	227.7	218.8	210.1	204.5	198.3	192	193.7	193.3	190.8	180.4	170	161.6	160.3	157.7	147.2	141.1	139.3	141.6	128.9	118.3	120.4	115.9	107.9	98.1	73.3	60	51.5	47	42.8	40.5	32	31.9	37.2	37.6	36.1	35.2	36.5	44.3	46.3	37	34.4	44.3	48	51.5	52.6	57.2	69	75.8	72.4	72.4	99.4	122.7	167.9	282.1	455.2	527.1	531.6	529.6	528.9	524	526.8	526.2	525.4	530.3	533.8	536.9	545.7
688.5	688.5	688.5	688.5	688.5	688.5	688.5	688.5	688.5	688.5	675.2	666.8	649.3	630.4	621.3	597.7	566.5	562	552.6	534.7	516.4	501.6	464	284.5	209.9	198.9	194.8	191.3	192	192.3	186.9	185.1	179.9	137	102.8	77	68	54.2	48.3	44.7	39.9	38.7	40.6	49.2	62.2	73.1	89.5	110.4	130.6	155.7	162	155.4	152.8	157.1	163	170.4	183	192.4	188.6	187.7	197.6	200.4	200.5	202	207	209.3	213.4	216	224.2	246.4	272.7	298.7	322.5	341.3	352.2	362.8	374.4	378.4	363.3	345	339.8	345.9	339.8	341.1	343.3	340.8	336.8	334	331.9	324.2	331.1	343	348.4	346.3	341.8	346.9	349.2	341.4	343.5	346.4	341.8	338.5	331	325.4	319.4	308.4	313.6	318.8	317.5	320.6	323.7	329.4	322.2	314.3	312.5	307.7	305.2	299.4	295.1	283.5	276.9	274.7	271.5	260.2	252.1	248.1	237.1	234.9	231.6	220.3	215.6	211.7	206.6	201	204.4	200	199.5	195.1	181	169.6	168.7	167.8	156.3	142.6	140.6	138.1	126	117.7	116.8	121	113.5	109.1	85.1	61.7	52.4	47.9	48.1	44	33.8	35.9	35.7	36.3	36.5	36.6	37.2	40.7	43.7	38.3	33.6	36.3	45.5	52.3	54.2	55.6	64	75.6	75.5	68	81.2	115	175.3	278.6	440.6	528.1	531.3	527.5	525.3	523.6	519.4	516.2	511.5	519.2	528	526.3	527.7
688.5	688.5	688.5	688.5	688.5	688.5	688.5	688.5	688.5	688.5	672.4	664	645.1	628.3	618.5	588.6	564.4	562.6	550.4	532.3	512.8	496.2	448.1	267.9	206	198.3	195.8	193	194.2	195	191.6	187.3	165.6	96.6	68.3	60.9	61.2	57.2	50.3	46.4	45.8	41.6	41.6	47.8	61.4	74.5	93	118.5	147.8	164.9	165.2	157.3	156.7	161	165.6	179	186.5	194.7	193.1	194.8	201.2	203.2	203.9	204.5	211.3	213.5	219.1	221.1	232.2	260.8	287.8	312.4	335	352.9	368	374.7	386.2	390.6	373.1	356.1	348.1	352.7	349.1	346.6	353.5	352.1	342.2	338.3	333.4	329.9	331.1	331.7	341.3	340.8	338.7	345.3	348.7	346.5	346.6	351	354.5	348.9	341.4	338.2	334.3	337.9	340.7	337.9	337.6	339.7	336.2	336.2	332.7	328.1	317.9	314.9	315.9	308.8	303.5	289.5	274.6	278.4	282	271.3	261	253.8	242.3	237.1	235.7	224.5	219.9	216.6	209.2	202.1	205.7	204.8	203	198.4	184.2	176.7	174	173.2	159.6	146.6	144.4	138.7	130.1	119.6	115	121.5	121.9	114.4	92.6	66.7	52.2	45.6	45	43.4	33.7	37.7	36	35.9	34.9	37.3	40.4	41.9	46.3	40.2	34.2	36.3	43.9	51.2	58	58.1	62	69.4	67.8	62.3	77.1	112.9	184.5	310.4	457.8	504	521.4	531	528.2	526.1	522.5	519.2	513.6	519	527.7	527.4	530.8
688.5	688.5	688.5	688.5	688.5	688.5	688.5	688.5	688.5	681.5	660.5	641.6	629.7	619.2	604.5	581.3	562.2	557.7	546.5	527.5	504.2	491.6	373.8	223.3	205	192.9	196.1	195.7	197.1	195.5	191.1	186.5	169.3	97.2	66.1	61.3	62.6	57.5	50.5	50	47.5	41.9	42.2	49.1	63.5	76.1	96.8	124.9	154.2	166.7	162.7	159.9	160.9	165.6	176.6	189.6	195.5	197.4	199.9	206.8	203	204.3	203.9	202.9	210.4	214.7	219.2	225.6	253.8	290.3	316.1	328.3	345.8	367.1	383.4	391.8	397.7	389	366.1	350.1	346.6	347.5	352.2	354.3	364.8	366.8	358.3	345.9	338.3	337.4	338.1	341.8	341.2	343.4	342.1	347.9	350.9	347	343.4	345.5	344.8	342.1	345.8	347	343.6	343	345.4	345.3	347.7	344.5	339.1	329.3	333.5	329.6	320.7	311.7	312.8	311.1	312.1	302	273.7	270.6	272.7	268.6	255.9	242.2	233.8	230.9	226.5	223.2	221.6	222.6	219.7	211.5	203	201.7	199.1	201.2	192.7	186.9	187.2	182.3	166.4	150.7	143.2	136.6	128.4	120.2	114	123.4	130.3	120.5	95.4	70.5	58.3	47	42.1	38.9	35.1	35.5	34.5	34.4	32.5	34.4	35	38.4	45.9	39.1	33.2	31.9	38.7	49.6	51.8	52.5	60.1	64.5	69.8	65.3	71.1	94.8	192.4	363.4	483.3	498.3	523.6	530.3	526.1	524	521.2	522.4	522.5	519.1	524.1	531.2	537.4
688.5	688.5	688.5	688.5	688.5	688.5	688.5	688.5	688.5	680.8	659.1	636.7	624.8	613.6	597.5	566.3	559.9	556.2	543.9	523.5	501.4	487	340.6	220.9	204.3	194.7	198.8	199	199.9	197.7	191.2	184	175.3	105.7	68.7	63.5	58.4	51.5	52.6	59	53.3	43.2	41.6	53.5	70.9	86.4	113.9	142.1	166.6	168.1	164.2	164.5	166.1	168.1	178.7	191.9	197.3	200.3	205.5	206.9	203.9	208.2	206.1	206.5	214.7	217.7	223.9	239.1	272.7	308.9	328.7	334.8	348.3	377.5	392.9	407.5	411.9	397.3	380.6	364.7	358.1	360.8	367.7	370.9	378.4	382.2	371	360.7	357.4	357.6	357.7	359.1	353.6	356.1	353.8	357.9	362	354.5	349	353.5	354.2	354.2	357.1	359.5	354	355.7	364.8	360.9	357.1	352.8	355	348	347	349.7	344.1	327.5	320.7	313	310.4	304.6	276.1	272.6	276.7	267.5	251	239.7	231.2	223.2	220.3	222.5	220.9	219	218.8	213.5	209.1	205	202.5	202.8	195	190.2	190.7	187.6	168.8	154.2	146.3	139.5	132.2	125.6	119.3	130.5	134.7	124.4	101	74.2	60.7	49	46.2	39	33.7	31.5	32.1	33.5	32	32.1	35.9	38.4	45.6	42.2	34.5	32	37.6	51.2	56.6	52.8	59.4	63.6	69.4	65.9	70.6	93.3	190.3	369.8	453.7	511.9	527.8	528.3	527.7	524.2	521.5	520	522.6	517.8	524.6	534.3	536.6
688.5	688.5	688.5	688.5	688.5	688.5	688.5	688.5	688.5	679.4	654.2	633.9	619.9	604.5	590.8	566.2	558.5	554.8	541	515.4	498.7	450.7	291.8	225.6	200.9	197.2	202.1	198.7	198.6	193.9	188.4	180.1	177	105.9	67.4	63.3	59.8	53.7	54.9	58.5	50.6	41.4	43.6	55.7	72.5	91.3	117.4	146.2	166.2	166.1	164.8	168.9	166	171.5	188.3	193.9	197.3	201.3	204	206.1	208.7	210.4	209.9	212.6	218.8	226.9	245.8	281.1	315.5	342	349.1	351	365.7	392.3	405.8	421.4	421.8	392.7	376	373.4	374	376.2	377.3	382.1	381.9	373.9	367.3	364.9	366.6	363.4	356	363.5	364.1	353.2	355.2	353.6	350.1	358.1	353.6	355.6	361.1	369.1	366.1	369.1	367.2	368.3	367.5	361.2	362	346.8	339.8	343.5	340.1	341.9	337.6	325.8	320	315	321.6	313.7	286.7	277.8	276.6	269.5	254.9	245	234.1	223.7	222.9	223.9	218.3	215.2	215.3	217.5	214.2	207.5	201.9	196.7	195.3	190.5	192.2	192.4	177.3	160.5	152.7	140.2	135.7	125.5	122.2	129	127.3	122.7	103.7	79.4	65.6	56.2	52.7	40.2	33.1	29.3	28.9	32	29.4	30	36.3	36.6	42.3	44.8	37	33.2	35.2	46.2	52.6	51.9	58.4	56.3	59.9	62.7	71.2	89.8	169.4	339.4	440.7	494.5	525.3	525.6	525.9	525.2	528.2	524	522.8	522	523.1	531.7	535.9
688.5	688.5	688.5	688.5	688.5	688.5	688.5	688.5	688.5	676.6	654.2	636	619.9	605.9	583.5	561.2	555.1	547.2	534.5	511.2	497	434.2	281.4	225.8	202.9	198.5	199.4	193.6	191.8	189.2	186	181.8	179.5	113.1	67.1	74.4	72.5	60.1	58.2	53.3	47.8	45.1	50.7	59.3	81.5	106.4	132.3	162.4	171.5	165	167.6	174	175.7	179.7	189.8	196.4	199.9	202.2	206.6	212.8	214.4	214.3	218.1	223.8	228.2	238.2	262.6	298.9	332.4	351.2	366	369.9	388.9	408	419.4	433.1	425.3	394.2	375.3	378.5	387.3	389.8	394.4	395	385.5	377.2	371.6	374.9	375.3	367.2	361.9	369.3	366.7	360.5	363	354.5	350.9	361.6	362.3	362.1	371.4	370.9	371.8	375	375.5	376	367.2	353.4	359.9	357.2	344.2	341.6	339.1	341.1	336.1	329.1	322.8	320.3	325.7	318.4	291.5	281.3	278.7	265.8	259.7	252.8	242.6	231.2	227.7	225.9	223.9	217	217.8	221.3	218.3	209.8	205.4	196.4	192.6	190.3	194.6	196.3	178.3	161.3	153.7	143.9	139.2	129.4	127.3	135	133.9	129.6	111.5	88.4	72.5	63	54.6	44.5	36.3	32.5	29	32.5	30.8	30	34	34.6	40.4	42	36.9	32.6	34.1	41.9	47.3	50.6	55.8	54.6	54.1	58.1	65.1	92.9	164.4	314.3	433.1	486.8	502.5	525.4	529	529.8	528.9	525.4	526.8	525.4	522.7	531	535.9
688.5	688.5	688.5	688.5	688.5	688.5	688.5	688.5	688.5	665.4	649.3	634.6	617.1	607.3	588.1	560.4	547.8	538.5	524.6	503.8	494.8	383.2	259	220.2	200.9	198.4	201.1	193.3	190.1	191	184.4	183.2	178.2	118.4	69.1	75.7	74.4	61.1	56	49.8	45.4	48.2	50.3	60.4	83.7	115.7	141.3	166	173.6	165.8	165.6	173	183.9	192.4	196	199.3	201.8	205.6	208.7	213.3	219.5	222.5	227.4	232.6	244	275.3	309.1	337.6	359.7	365	367.8	381.5	405.4	419.6	428.6	439.1	412.1	381.4	377.6	383.1	393.8	393.6	398.1	391.7	379.5	377	376.3	378.8	378.6	373	370.6	369.5	363.1	358.3	362.2	354.9	354.3	362.1	360.3	360.8	373.1	376.1	373.6	379.2	377.2	376.2	366.9	351.5	350.4	350.4	349.3	348.1	345.6	344.9	335.7	328.9	323.7	315.1	332.1	326.3	292.4	281.1	276.9	266.1	260.4	259.2	249.9	238.6	233.5	232.9	225.4	214.8	217.1	215.4	209.7	204.1	199.4	193.2	192.6	188.5	191.2	191	182.3	168.1	157.5	150.5	142.4	136	128.3	132.7	133.3	127.8	115.8	95.7	75.3	61.6	54.5	46.1	37.1	33.2	28.4	28.2	29	30.4	32.3	31.9	35.5	39.8	36.5	33.9	32.3	37.1	42.6	48.3	45.9	48.6	48.7	49.4	59.3	79.1	134.6	236.2	392.4	471.3	496.8	515.5	528.7	535.2	530.3	526.1	526.1	526.1	524	529.6	531
688.5	688.5	688.5	688.5	688.5	688.5	688.5	688.5	688.5	666.1	650.7	637.4	622	609.7	582.3	561	549.4	543.2	534.7	512.8	496.3	377.9	261.8	223	198.5	191.1	196.1	195.5	192.2	193.2	190.3	184.1	179.8	134.5	81.3	78.7	70	56	53.5	55.1	53.5	48.6	48.9	62.9	92.2	129.1	155.8	171.4	177.1	170.7	168.2	175.2	185.9	193.3	199.2	202.3	204.3	208	210.7	216.1	222.5	228.1	235.2	239.3	253.9	276.9	308.6	340.6	365.7	375.8	382.6	384.7	399.8	419.5	427.8	431.8	419.2	396.4	380.2	386.8	394.1	392	395.4	393.6	380.1	379.8	382.4	383.8	380.4	378.4	385.8	382.5	372.9	365.5	361.8	363.5	360.6	371.1	372.9	376.9	385.1	381.4	376.8	384.5	383.2	387.8	381.2	362.2	358.8	354.8	354.7	358	353.2	344.3	342.9	340.9	332.9	317.2	321.8	332.3	309.2	287.6	280.4	274.2	270.2	264.3	256.1	243.1	234.5	231.3	228.9	220.8	217.2	216.1	205.5	201.1	197	192.8	189.8	183.7	187.5	192.9	182.9	174.7	163.6	152	142	138.6	132.8	132.7	138.3	133.2	120.1	103.6	84	69.6	55.3	45.7	41.7	33.2	31.8	30.6	30.7	31.7	32.8	33.1	34.5	36.7	36.9	35.3	33.9	37	43.5	51.7	49.2	47	46.7	49.2	59.3	76	142.2	250	395.4	444.7	482.5	526	527.8	531.9	531.7	529.6	526.8	528.2	528.2	528.2	531
688.5	688.5	688.5	688.5	688.5	688.5	688.5	685	667.5	652.1	637.4	624.8	616.4	607.2	579.2	556.5	546.7	540.4	515.4	497.4	489.4	358.4	268.9	226.2	200.8	198.9	197.2	190.7	188.8	188	186.9	181.7	174.1	148.3	86.8	86.6	73	61.2	60	57.5	57.7	51.9	52.6	67.2	97.3	137.3	162.9	177.1	180.6	175	173.8	185.7	192.1	202.3	201.9	202.8	208.1	214.4	217.4	225.8	231.2	235.9	242.9	258.8	293	321.6	348.5	367.5	375.1	374.1	381.9	401.9	424.7	430.2	423.3	411.5	389.5	375	382.3	383.3	387.3	387.1	383.2	379.5	376	373.7	381.3	379.1	375.6	378	378.2	377.8	371	364.6	366.8	367.6	367.3	371.9	371.1	381.4	383.5	379.4	378.3	376.1	386.6	391.4	373.3	355.2	349	350	353.2	352.8	357.2	367.5	355.8	344.7	341.9	331.5	351.8	344	304.7	291.8	287.5	276.9	269.2	262.5	257.8	248.1	242.6	239.6	230.7	216.6	210.7	207	203.9	198.2	197.2	193.7	186.7	183.3	187	189.1	184.3	180.2	164.9	152	151.7	142.1	134	135	136.4	135.9	124.9	110.4	92.4	70.8	59.2	45.7	40.1	36	30	28.2	29.8	32.9	31.6	33.8	36.5	35.3	36.8	34.7	34.5	38	45.7	53.8	50.1	44.9	45.7	48.2	60.7	87.4	159.5	304.4	443	465.6	493.6	535	531.3	529.7	529.2	528.3	522.6	522.7	518.2	517.8	526.8
688.5	688.5	688.5	688.5	688.5	688.5	688.5	683.6	666.1	650	636	621.3	606.6	585.1	566.3	550.9	545.5	532.7	504.4	492.7	472.7	346.8	284.5	240.3	205.4	201.6	192.8	189.6	187.6	184.5	182.3	179.8	175.3	148.8	86	85.9	84.1	71.7	64.4	63.7	56.1	53	55.2	68.6	101.6	144.6	167.2	173.2	175.7	175.7	179.5	190.7	199.7	207.4	210.8	208.1	212.5	219.1	226	234.4	237.5	240.3	246.5	271.2	301.5	330.2	355.6	372.3	372.9	376.4	385.6	406.7	422.8	423.5	419.9	400.5	375.6	360.3	363.2	360	369.2	369.4	367.2	364.8	368	371.3	376.3	375.5	381.4	387	383.3	387.4	377.3	370.7	378.1	378.6	374.6	373.8	377.3	384.9	382.9	385.1	387.3	378.8	387.3	389.3	373.3	358.9	346.5	344.3	345.9	345.9	345.9	356.1	349.3	337.6	331.1	334.7	358.7	342.1	309.5	301.7	290.2	280.1	278.8	275.5	270.9	263.7	252.2	244.9	234.7	221.3	207.9	205.7	208.1	203.6	198.6	195.9	190.9	183.6	186.8	191.9	190.8	182.3	167.1	158.1	151.4	141.9	137.7	138.3	142.5	143.2	133.8	119.6	104.7	80.3	64.5	49	40.5	33.5	27.9	26.9	28.9	32.8	32	33.1	36.9	37.2	36.3	34.1	34.8	39.5	52	63.5	57.3	47.3	44.7	48.3	56.4	90.9	195.7	361.4	492.4	530.4	536.6	536.6	533.8	533.6	530.8	528.2	525	526.3	523.1	517.8	522.6
688.5	688.5	688.5	688.5	688.5	688.5	688.5	681.5	661.9	647.2	629.7	613.6	597.7	579.1	560.7	544.1	539.6	522	497.4	492.4	464.5	334.5	246.1	214.6	200.9	197.3	193	187.9	187.8	187.1	183.3	181.3	180.3	138.4	84.9	85.5	86.5	73.7	65.6	61.8	55.1	53.9	55.8	73.9	108.3	155.1	179.2	182.3	186.8	187.5	187.4	198	206.9	210.4	210.7	216.7	220.1	223.9	228.3	231.2	231.5	235.8	252.9	280.9	316.7	346.9	362.6	372.3	367.9	369.9	382.5	400.1	411.2	403	393.3	366.2	345.8	343.5	343.4	349.6	359	357.7	355	356.5	357.3	370.9	373	367.7	369.5	372.8	373.8	372.9	374.8	368.7	369.7	369	367	372.4	374.9	373.9	374.9	381.2	374.2	370.3	372.7	362	348.3	340.6	336.7	332.7	327	326.3	334.3	353.1	340.2	321	315.9	323	348.1	330.9	302.8	288.2	268.8	260.5	260.4	256.6	251.9	249.2	241.8	229.6	219.6	206.9	200.1	198.8	201.3	196.7	188.4	188.7	190.1	187.4	184.4	190.9	192.7	187.5	176.4	163.9	157.1	147.3	138.7	141.8	147.1	145.4	130.4	124	114.4	91	65.9	48	41.7	35.6	29.8	27.3	28.7	33.8	35	30.9	35	37.3	37.2	32.8	31.9	40.3	51.8	65.9	64.9	53	47	49.7	64.4	99	234.1	395.5	478.3	523.4	535.2	534.5	535.2	534.5	535.2	530.3	526.1	528.2	526.1	524.7	530.3
688.5	688.5	688.5	688.5	688.5	688.5	688.5	680.1	659.8	642.3	624.1	610.1	600.3	578.5	554.3	543.2	536.5	515	494.2	490.3	457.8	326	236.4	206.4	201.5	198.4	193.5	185.2	186.4	187.3	185.9	181.2	182.4	165.1	145.4	115.3	93.2	89.1	69	55.1	54.8	52.1	51.3	73.1	114.7	164.4	184.6	189.8	193.8	194.9	197	202.9	209.3	212.9	216.4	221.5	224.3	226.9	230.2	226.5	223.2	233.1	253.4	280.9	317.5	335.3	355.5	367.8	366.7	368.4	381.7	397.3	401.1	384.1	367.4	342	328.6	325.7	325.1	331	340.5	341.3	341.6	349.6	351.1	357.9	357.1	358.1	358.3	360.6	368.3	368.4	372.9	376.4	370.9	372.5	371.5	369.8	369	370	372.6	371.3	353.9	355.6	361.1	350.7	334.3	328.7	327.7	320.4	315.7	314.3	318.5	337.8	328.5	308.4	301.1	313.1	337.6	323.6	293.8	269.1	255.1	242.7	250.5	253.8	253	251.7	240.9	231.4	220.6	209.2	200.3	196.6	198.5	196.4	190.6	183.4	182.6	184.8	187.5	192.6	191	191	181.5	166.2	157.3	148.7	139.2	143.2	148.3	146.6	133.1	130.6	121.1	99.7	68.1	49.7	45.9	38.7	30.6	26.8	27.8	32.2	31.8	33	35.5	37.3	36.8	35.5	38.4	49.8	59.3	71.5	81.3	80.4	59.8	48.6	63.6	97	250.3	416.5	487.2	520.3	533.4	535.9	538.7	536.6	535.2	530.3	526.1	526.1	526.8	524.7	529.6
688.5	688.5	688.5	688.5	688.5	688.5	686.4	673.8	659.1	635.3	613.6	598.9	593.3	576.5	547.6	541.7	531.1	508.2	490.5	487.7	457.6	323.5	251.2	209.1	204.5	199.5	192.6	183.9	188	190.1	187.3	181.5	181.3	175.4	171.6	134.2	95.6	89.5	69.6	56.8	53.5	50.4	53.2	78.7	128.1	173.7	194.4	201.5	202	201.3	203.3	211.3	214.9	214.1	218.1	221.8	223.3	222.5	217	210.6	220.4	249.8	265.9	285.3	306.6	321.5	335.2	335.1	341	342.6	353.5	358.4	347.2	332.8	301.4	283.1	281.8	279.8	285.7	283.7	292.6	303.4	307.5	319.6	334.4	336.4	326.6	328.1	336.2	346.9	349.7	353.4	357.1	361	363.6	365.5	361.5	357.6	365.2	363.2	364	352.7	337.3	343.3	342.5	337	329.4	322.1	323	315.1	299.6	292	298	313.1	285.1	261.1	256.5	260.2	298.9	293	255.4	230.3	220.5	218	225.2	231.4	236	231	213.7	206.9	201.7	186.4	180.1	175.2	177.6	180.2	177.6	174.5	177.5	179.3	176.4	182.8	189.4	189.8	186.7	172.6	162.8	154.6	143.8	143.1	151.3	151.5	141.8	138	129.3	109	78.6	54.1	46.3	40.5	32.8	29.5	25.4	28.5	30.1	30.8	34	37.3	39.4	37.3	40.8	49.9	55.9	61.7	74.8	84	70.5	51.6	66.9	107.9	218.4	397.6	487.2	495.8	523.2	533.8	538.7	540.1	538.7	531.3	526.9	528.2	528.9	526.1	525.4
688.5	688.5	688.5	688.5	688.5	688.5	681.5	668.9	655.6	632.5	610.8	598.9	590.7	561.1	552.7	553.4	530.2	503.6	489.7	490.2	472	333.2	251.8	212.2	206.7	198.9	192.3	186.1	189.6	191.6	189.1	181.7	178.3	181.1	162.4	110.5	80.2	75.2	70.5	64.5	53	49.4	58.7	84.6	138.1	184.4	197.1	201.6	207.7	206.7	207.9	213.5	219.6	221.9	222.2	222.5	215.9	206.9	197.1	186.8	210	244.5	251.2	268.1	289.4	304.9	311.1	307.1	318.1	329.7	344.8	341.3	323.4	311.9	276.7	261.5	254.9	253.3	257.1	261.5	269.2	273.5	284.5	292.1	305.6	313	309.7	304.5	313.8	323.4	331.5	338	343	343.4	351.1	350	345.7	346.4	356.4	356.1	355.2	346.1	334.3	335.2	331.6	328.3	318.6	306.7	307.2	304.3	281	271	288.1	300.8	264.5	245.8	238.9	238.1	287.7	276.5	236.8	218	210.9	216.1	218	210.9	213.1	208.9	192.5	190	184.2	178.4	178.8	176.7	178.9	180	177.9	175.9	181.1	178.2	176.1	185.2	190.6	190.3	188.9	178.1	164.3	155.1	146.9	148.3	149.4	152.3	144.9	141.4	132.1	113.8	82.3	55.8	47.2	41.7	31.4	27.3	26.7	28.4	29.6	29.5	34.3	38.8	41.5	45	50.2	49.2	50.6	49.5	54.7	69.5	86.8	74.4	72.5	118.5	203.4	350	462.2	507.4	518	529.6	536.6	538.7	538.7	533.8	531	529.6	530.4	526.8	525.4
688.5	688.5	688.5	688.5	688.5	681.5	673.8	661.2	645.8	628.3	612.2	598.9	590.7	560.4	559.5	556.1	524.1	499.1	489.3	492.1	482.6	372.5	255.2	226.2	213.1	201.4	196.2	188.2	185.6	190.4	191.7	185.7	179	181.6	146.4	106.8	83.5	71.6	63.7	62.4	52.9	50	60.5	84.8	137.7	190.7	204.6	209.5	217.6	214.6	208.3	215.9	222.6	220.8	220.9	219	199.1	185	180.7	190.8	217.2	244	251.9	259	275.5	284.3	290.4	290.2	295.7	301.8	310.3	305.8	303.1	268	238.2	227.5	217.4	217	220.2	228.8	236.6	242.1	264.4	283.3	281.2	281.7	287.1	291.4	298.4	310.4	317.3	324.3	324	336.5	346.3	335.9	334.5	344.5	354	347	349.6	343.7	329	324.7	314.7	307.5	299.6	287	282.1	275.6	268.2	257.9	284.3	282.2	238.8	227	215	223.1	264.8	253.2	224.9	207.9	201.5	210.1	201.7	195.3	195.9	193.6	181.7	173.6	167.6	169	171.6	172.6	178.3	177.5	176.1	176	175.7	171.6	170	178.4	191.6	187.5	180.3	178.3	171.1	165.7	159.5	151.2	149.9	151.9	152.8	147.6	141.8	127.1	94.3	65.5	57.5	46.2	36.3	32.4	29.2	30.1	28.5	30	34.1	37	41.4	45.7	47.7	46.3	48.9	48.2	51.6	61.9	82.1	80.3	67	93.3	174.4	305.4	431.6	512.1	517.2	515.7	521.3	527.3	521.4	525.4	526.9	528.7	533.1	528.7	526.1
688.5	688.5	688.5	688.5	688.5	679.4	669.6	657	643.7	626.2	612.2	600.3	575.7	561.5	580.8	552.6	515.8	497.1	491	492.8	435.3	279.6	239.2	219.1	206.3	198.6	195.2	184.1	185.7	194.5	189	180.6	182.2	152.1	115.3	109	104	84.6	60.9	55.6	51.8	53.2	67.7	97.4	158.3	203.9	212.9	220.3	223.2	216.5	216.4	224.8	222.6	208.5	195.6	179.6	159.4	153.5	162.2	181.2	208.5	229.2	233.7	241.8	255	263.7	265.6	272.4	276.2	282.4	292.4	287.2	273.5	241.3	224.8	213.6	200.2	200.3	209.2	217	224.4	229.8	251.4	270.5	264.4	268.1	272.9	281.6	287.7	301.2	309.5	313.4	311.6	324.9	333.3	324.4	323.6	334.2	333.5	320.5	319.9	315.9	311.2	307.2	299.1	289.3	279.5	264.7	258.6	258.9	246.7	247.4	269.5	255.7	222.3	211.6	203.6	220.6	248.7	242.2	220.1	202.2	194.3	183.5	175.7	178.2	182.6	171.2	162.4	160	152.5	152.3	155	158.1	165.1	167.6	170.4	177.3	178.4	174.5	176	183.4	193.6	195.5	186.1	182.7	173.3	163.1	153	145.5	149.9	152.6	148.2	147.6	139.2	126.5	93	65.9	56.3	48.4	37.7	32.7	26.5	28.2	28	28.7	33.3	38.5	43.9	46.9	45.5	41	46.4	50.6	52.8	55.2	69.8	94.4	87.8	105.2	220.1	399.2	505.6	519	520.4	517.8	520.3	530.6	527.3	525.5	526.1	525.6	530.3	528.9	526.1
688.5	688.5	688.5	688.5	688.5	668.9	660.5	650	636	624.8	615	600.3	574.2	561.4	577.3	546.6	510.5	490.7	491.3	494.5	393.9	271.3	234	220.3	206.4	198.8	193.5	181	187.1	193.2	187.7	180.5	181.3	135.3	105.1	103.4	103.9	93.3	64.5	55.2	52.7	59.6	76.1	107.7	164.9	209.5	224.1	231.7	230.8	223.4	219.4	223.8	211.5	194	182.8	169.6	158.2	157.5	170.9	190.1	210	226.1	233.5	244.6	252.8	255.4	258.6	270.4	269.9	281	278.2	256	230.1	206	200	196.8	196.2	190.2	193.3	206.4	209.4	232.6	264.3	249.7	240.9	242.9	256.6	271	276.6	287.7	300	296.8	312.7	338.5	317.7	306.6	315.8	322.9	318.3	310.3	314.8	308.6	300.9	298.8	289.5	277.4	261.5	251.1	248.4	241.9	232	237.1	256.3	237	220.2	217.1	207.7	217.6	230.9	222	211.8	207.2	190.5	181.9	182.8	181	178	171.3	170.2	169.7	163.2	168.2	166.7	166.8	172.1	171.9	174.4	182.6	187.1	188	194.6	198.1	208.8	201.8	196.2	187	176.2	169.8	161.7	154.1	152.4	150.6	152.8	151.1	146.6	128.3	97.5	74.2	62.1	57.5	43.3	33.7	30.3	28.1	29	29.2	35	40.5	45.4	50.5	49.6	43.6	45.7	49.9	50.1	54.3	66.4	90.5	96.1	108.8	245.1	456.4	507.7	519.1	521.9	528.2	529.6	536.6	533.8	531.7	531.5	528.1	526.6	525	526.2
688.5	688.5	688.5	688.5	688.5	668.9	661.2	648.6	633.9	621.3	614.3	598.2	577.3	580.7	571.5	529.3	505.6	490	494.1	493.9	389.6	275	235.6	219.3	205.2	196.5	192.3	186.2	190	193.1	189.1	181	173.7	93.4	73.7	90.2	100.7	97.1	80.9	61.9	53.5	63.4	81.4	116.6	174.7	215.2	227.1	233.7	232.5	228.9	218.4	202.1	179.5	162.9	156.3	151.7	147.1	152.3	171.9	190.8	205	212.5	222.6	231.3	235.4	241.6	246.3	248.4	241.6	249.8	243.8	218.5	195.7	173.5	167	165.2	175.1	184.4	184.4	190.9	194.5	225.7	253.6	224.6	214	222.8	237.3	255.9	263.1	283.4	294.8	285.5	302.9	327.5	294.2	287.6	305.2	310.1	309.4	305.1	306.6	295.1	284.7	275.6	268	256.6	244.3	236.3	233.7	227.9	214.3	214.9	236.6	220.3	208.3	208	195.4	197.8	206.3	201.9	195.3	192.1	177.3	171.6	170.1	165.8	167.5	164.7	163.4	172.4	171.1	173.1	171	169.3	168.8	159.3	160.4	170.7	171.8	177.4	192.7	200	213.1	203.9	195.6	191.3	180.8	173.3	164.3	159	156.5	155.3	154.8	160	150.4	129.1	103.5	80.2	64.4	58.8	45.7	34.3	31	28.8	29	28	35.4	45.9	50.3	55.7	59.9	52	50.2	51.2	49.6	54.2	59.6	85.2	112.1	123.7	270.3	473.5	508.5	518.4	520.5	528.2	529.6	533.1	531.9	529.8	533.6	529.7	523.4	525.6	528.2
688.5	688.5	688.5	688.5	688.5	680.8	662.6	645.1	628.3	615.7	604.5	588.4	577.5	580	567.3	527.7	503	491.3	498.2	496.5	403.2	291.6	267.7	239.4	219.1	201.6	190.3	189.4	191.7	192.9	191.2	181.2	171	93	64.6	81.9	97.2	91.5	82.6	67.1	55.5	65.6	84.8	118.8	179.4	218.7	231.1	238.9	237.9	231.3	220.6	201.7	180.7	172.6	162.8	153.8	157.8	169.3	179.6	197.4	201.8	206.7	223.4	227	238	246.7	247.4	244.7	229.5	234.7	227	203.4	173.4	160.3	163.4	159.9	162.2	174.2	172	175.3	196.7	228.1	221	196.8	194.3	209.5	239	251.8	250.8	290.2	294.2	281.2	302.6	300.8	273.1	282.4	305.2	305.3	303.3	311.8	311.3	293.4	274.3	255.5	242.4	236	235.4	231.5	230.2	226.3	212.4	207.4	220.9	210.1	209.2	211	197.2	198.5	202	209.7	213.5	218.8	214.9	208.2	206.2	208.5	223.8	226.5	220.6	228.2	232.4	236.3	223	216.4	196.8	176.7	181.3	190.5	184.3	189	206.2	210.9	223.2	227.5	213	195.3	179.3	175.5	174	165	156.9	156.5	160.4	159	155.2	136.4	112.9	88.9	73	62.7	50.7	37.3	32.4	30.2	31.3	28.3	34.5	44.5	51.7	58.2	66.4	57.6	54.4	52.9	50.5	55.8	61.9	82.3	119.1	156.7	304.4	471.4	508	519.8	519.1	524.1	524	509.7	511.6	515.5	519.3	527.7	519.8	515.9	523.9
688.5	688.5	688.5	688.5	685.7	678.7	661.9	643.7	624.8	614.3	602.4	588.4	580	580	554.3	521.2	504.4	495.2	497.3	497.2	397.3	292.4	270.5	237.6	217.9	203	193.1	191	192	191.3	188.9	184	152.6	80.6	61.9	60.7	80.5	83.8	85.5	76.6	59.2	70.8	91.2	123.8	183.8	219.1	230.7	243.8	245.7	234.4	214.3	196.4	184	175.5	162.4	157.8	165.5	172.9	177.1	190	198.5	210.5	217.9	222.9	238	244.1	243.1	233	220	225.2	214.2	190.3	160.4	148.9	151.8	150.8	144.9	147.6	150	154.8	183	212.5	198.3	176.9	177.4	189.2	226.9	236.4	233.1	271.5	273.2	269.2	293.1	285.4	264	282.5	298.5	289.5	293.2	305	297.1	280.5	262	242.4	226	220.7	220.9	216.7	214.7	206.7	196	191	195.1	183.5	183.9	185.1	171.8	178.8	187.7	194.7	198.1	212	215	211.2	216.5	221.3	241.1	244	243.5	247.9	250.2	252.3	234	229.6	205.8	180.9	181.1	185.4	178.3	185.6	199.6	203.8	217.9	228.9	223.7	202.5	178.1	174.5	173.9	167.5	161.8	160.3	162.2	160.9	157.4	141.7	117.2	92.4	74.2	65.6	51	37.9	32.3	30.1	31.2	30.8	39.5	47.4	54.7	69	76.6	69.5	61.5	60	54.1	58.8	65.9	79	117.6	179.5	330	475.8	511.7	518.4	519.1	524	526.4	511.8	511.6	516.2	517.7	526.3	522.4	518.3	526.7
688.5	688.5	688.5	688.5	673.8	661.2	652.1	639.5	619.9	613.6	604.5	589.8	581.4	580.7	549.8	517.7	503.1	498.6	499.6	498.4	435.8	312.7	279.7	253.8	211.4	198.7	192.2	190.7	189.3	186.8	189.2	189.1	145.3	74.7	60.8	57.8	68.7	77.9	85	75.1	61.2	73.7	97	134.2	192.3	222.3	232	242.2	241.9	232.9	225.4	215.9	204.5	191.5	180.2	178.9	180	178.4	179.3	182	185.6	191.9	203.4	212.1	222.2	239.3	247.6	244.2	238.8	239.4	219.5	180.5	160.5	157.1	158.5	158.4	157.7	153.9	160.7	186.8	208.8	205.7	188.7	189	203.6	222.6	249.8	250.1	253.7	287.6	279.3	301.2	328.9	328.5	322.2	323.7	322.6	317.6	338.3	342.3	305.6	277.4	259.2	240.6	223.3	219.5	226.8	231.1	232.2	223.3	201.9	191.1	187.1	184.9	190.4	189.7	199.3	224.5	231	232.4	233.4	239.5	253	265.1	279.5	290.3	301.9	306.4	308.5	311.8	308.9	299.8	289	275.1	249.3	239.2	236.7	224.1	217.3	218.4	230.6	226.4	226.1	232.5	234	220.2	198.6	185.2	179.4	171.4	167.1	164.3	165.7	166.8	163.1	150.5	125.1	97.8	79.9	69.5	56.8	42.2	33.9	31.3	30.3	33	42.3	49.5	56.4	69.5	78.9	71.8	64.9	60.9	58.2	60.1	66.3	82.5	123.6	192.3	331.9	441.5	475.7	511	511	512.4	520.4	524.1	534.5	529.6	523.3	533.1	533.8	528.9	531.7
688.5	688.5	688.5	688.5	671.7	656.3	648.6	636	618.5	611.5	602.4	587	580.7	572.4	533.3	515.8	504.3	496.7	498.9	499.7	497	381.1	297.5	266.5	223.2	204.7	195.3	187.5	185.6	186.8	190.7	189.3	132.2	69.5	59.3	56.4	56.3	65	79.3	69.8	60.9	75.3	97.8	133.9	196.6	228.1	238.1	241.6	233.4	228.3	227.3	222.1	215.4	203.9	192.1	188.2	190	187.9	187.1	186.3	187.1	189.3	188.7	198	215.9	230	239.5	238.2	229.1	233.4	206	174.6	154	148.9	152.1	150.7	147.2	139.5	151.6	182	195.5	187.8	181.3	189.9	201.2	221.9	247.4	250.5	252.4	281.9	279	303.9	329.6	339.1	341.9	331.5	326.8	325.3	345.5	342.5	301.9	270.1	246.6	230.5	211.5	208.6	209.5	210.2	212.1	206.5	188.1	173.7	166.7	166.8	172.4	178.8	201.2	223.7	228.5	230.7	236.2	236.8	245.6	261.5	277.4	291.2	300.7	301.3	301.4	304.6	310	297.4	285	273.2	256	248.2	246	232.9	225.1	223.7	224.8	224.6	227.4	230.9	231.3	222.8	208.3	191.3	178.7	174.7	169.5	168.1	166.6	163.5	163.6	153.3	131	110.2	92	75.5	63.3	44.5	34.7	33.8	33.8	37.1	45.2	52.7	60.5	67.3	75.7	72	69.2	65.9	59.8	61.7	65.1	83.9	121.1	177.5	302.9	440.6	466.6	498.4	504.3	505.6	516.4	522.5	533.8	530.3	525.5	531.7	533.1	528.9	526.4
688.5	688.5	688.5	688.5	673.8	654.9	642.3	626.9	614.3	606.6	596.8	589.8	582.1	567.4	530.6	511.3	499.1	497.5	497.2	500.4	482.4	338.9	280.1	277.6	262.9	218	194.6	190	185.7	184.2	189.3	188.9	135.1	70	59.2	53.8	53.9	64.3	76.5	72.7	69.6	88.2	114.4	149.8	208.3	237.4	250.6	255	250.7	261.2	273.1	262.3	255.6	257.1	251.4	251.3	250.5	247.3	254.2	250.6	239	225.7	210	206.3	204.1	209.3	211.9	201.6	205.3	215.1	214.1	204.9	194.9	199.4	210.5	208.2	194.2	189.5	209.5	224.1	228.7	225	236.4	249.4	252.5	265.4	280.6	286.9	298.1	322.7	333.7	350.1	371	385.7	396.1	394.4	371.1	374	372.8	354.8	331.2	309.9	290.6	272.6	253.5	239.3	226.9	225.1	222.9	214.5	198.7	187.8	180.4	173	181.6	206.4	228.8	239.1	246.2	252.2	258.7	268.1	276.2	290.6	297	303.4	306.3	301.1	300.2	297.2	285.8	272.9	264.6	264	268.6	267.7	258.7	252.1	246.2	234.3	232.2	229	224	228.7	232.2	230.8	229.4	216.6	194.5	179	172.8	170.3	171.2	168.2	164.9	154.5	133.3	115.6	95.2	77.1	66.5	49.9	35.9	35.1	34	37.4	45.6	55.7	63.4	66.6	75.7	75.6	72	68.4	61.9	67.1	78.4	101.4	133.3	205.3	359.4	481.9	501.7	499.5	505.9	513.3	520.6	528.3	533.2	529	528.9	530.3	528.3	528.2	517.2
688.5	688.5	688.5	688.5	671.7	651.4	640.2	624.8	611.5	605.2	596.8	590.5	584.2	554.8	524.8	510.8	497.5	497	498.6	500.5	480.2	336.4	281.6	280.7	251.7	214.6	191.1	190.5	188.4	185.6	187.9	188.6	135.7	71.6	63	55.5	55.6	61.4	72.4	82	80.3	97.4	117.7	150.1	210.4	238.6	251.5	256.1	259.7	275.5	281.6	265.8	262.2	268.1	270.5	272.5	262.1	260.6	271.7	271.5	257.8	246.4	232.3	222	213.2	212.3	204.4	194	200.1	208.7	213.6	207.8	204.2	211.8	223	219.4	207.9	206.2	219.8	224.7	227	224.9	235.5	246.6	250.5	257.7	267.7	278.9	292.8	316.7	331.7	345.9	364.8	379.1	386.3	386.1	378.3	367.9	362.8	344.9	322.9	309.1	289.1	270	255.6	243	226.3	218.4	212.8	208	195.7	185.9	175.4	172.5	183.1	209	224.6	235.8	241	247.6	256.2	265.8	277.5	287.2	288.8	289.5	291.2	287.4	282.3	276.4	264	253.8	255.2	254.8	260.3	261.3	258.6	257.9	253.8	243.7	235.3	224.2	218.4	220.7	224.5	225.6	221.6	212.6	197.1	185.2	177.7	173.2	174.1	171.3	164	155.5	138.9	120.3	99.3	78.1	67	51.4	38.7	36.3	34.7	39.1	53.8	63.4	67.8	66.2	72.2	77.7	73.9	69.5	66.8	71.7	89.8	112.7	144.2	220.7	383.3	470.3	503.6	502.2	511.9	517	524	529.1	530.8	524.9	525.6	528.1	526.7	526.2	519.6
688.5	688.5	688.5	682.2	661.2	644.4	631.1	614.3	601.7	595.4	593.3	591.2	585.6	551.8	521.3	508.4	497.7	496.5	496.2	498.8	458.7	326.2	280.5	280.9	250.8	215.7	194	187.6	184.6	185.4	189.6	189.7	167.6	103.8	70.8	61.1	58.1	62	75.4	92.7	101	110	125.4	153.1	204.8	246.4	258.4	267.5	289.2	308	301.9	282.4	272.4	278.1	281.7	286.8	277.6	279.1	294.4	296	290	285.4	276.3	266.7	251.4	252.6	250.7	248	240.9	219.4	203.9	203.6	211.3	221	229.7	235.9	235.8	240.3	241.9	237.1	232.5	236.7	248.3	254.1	253.3	261.5	272.8	278.4	291.7	313.5	330.3	352.6	372.9	387.6	401.4	403.6	400.2	385.6	382.8	367.6	338.7	330.5	313.8	286.9	270.7	258.1	250.7	236.7	220.3	213.6	211.1	200.5	202.3	211.1	216.9	228.7	230.9	238.5	243.8	249.9	256.7	254.8	245	243.9	238.2	233.5	232.1	233.3	238.9	230.9	220.3	217.8	218.1	221.1	223.2	220.9	226.5	233.8	237.9	241.9	238.1	230.2	220.9	219.6	221.3	224.7	226.2	225	212.2	201.3	190.5	182.4	181	177.9	173.7	161.4	149.5	136.8	116.6	93.2	75.9	58.2	41.6	36.8	35.1	36.1	47.7	61.1	65.6	67.6	70	74.5	75	71.9	69.9	81.6	109.5	132.1	147.6	228.3	368.7	475.7	507.6	511.1	516.3	516.3	521.2	525.4	530.3	526.1	515.1	513.3	518.7	521.1	526.2
688.5	688.5	688.5	675.2	654.2	639.5	625.5	610.8	598.2	593.3	591.2	589.8	583.5	557.3	529.9	509.6	498.6	493.5	495.8	496.2	435.7	320.1	280.5	278.6	251	214.5	193.6	189	186.8	182.5	185.3	189.3	152.3	81.2	73	65.5	65.5	69.3	90.2	95.4	94	110.3	127	168.6	230.6	253.6	262.7	272.9	289.4	297.6	291.5	281.3	270.8	278.7	292.8	297.2	288.4	288.5	298.5	295.3	286.4	284.6	280.7	272.7	265.5	263.1	265.7	270.8	260.5	233.6	210.6	201.5	206.9	214.9	218.8	223	229.4	234.5	239.5	234.6	228.8	232.9	240.9	245.6	247.5	252.4	259.8	268.2	283.1	306.6	326	350.8	371.1	392.8	404.2	399.8	400.5	388.6	379.8	358.9	330.5	320.8	307.6	282.2	263.6	251.8	243.1	233.9	221.7	215.7	215.1	204	209	219.5	229.7	235.4	235.1	244.6	249.7	251.8	254.3	253.1	241.8	231.6	226.3	230.2	236	235.5	238.5	229.8	219.7	217.6	215.2	218.5	217.9	214.3	213.7	221.5	225.9	232.1	237.4	234.2	226.8	222.2	223.8	227.1	234	232.7	222.8	211.8	201.6	192	186.3	180.8	174.8	163.5	151.7	133	111.1	93.5	77.9	60.5	49	41.3	37.7	42.8	49.9	55.6	59.4	62.2	69.1	73.9	78.5	76.8	78.1	92	112.1	134.6	157.6	251.5	417.5	486.1	504.9	512.9	503	507.3	520.5	524.7	529.6	531	516.5	513	517.7	523.1	524.7
688.5	688.5	685.7	654.9	637.4	634.6	624.8	609.4	598.2	591.9	589.8	587	579.3	546.8	524.2	505.3	498.1	497.6	495.6	495.8	459.4	357.4	291.9	268.7	243	219.6	197.8	189	187.9	185.1	184.8	189.9	158	85.4	71.2	67.8	69.3	76.4	96	104.6	104.3	119.4	137.4	176.4	237.7	260.3	269.4	278.9	291.2	286.4	282.5	278.6	272.9	283.6	294.5	298.1	303.5	303.6	298.5	291	283.4	281.8	275.1	268.7	270.9	272.7	274	281.5	278.8	261.5	241.6	220.1	209.7	207.9	198.4	196.8	203.2	211	214.7	212.3	213.3	216.1	224.8	232.9	239.8	247.3	253.5	268.9	284.4	300.4	325.8	348.8	371.9	394.5	414.9	427.9	420.3	410.5	385.7	357.2	334.5	320.8	305.3	292.5	276.3	260.1	244.2	236.3	230.4	228.1	229.1	227.8	229.3	232.8	233.7	234	231.3	223.2	215.4	207.5	205.5	211.5	213	204.7	196.3	192.7	200.2	211	205.1	191.9	190.1	187.9	184.7	192.2	193.5	187.3	189.9	194	202.7	207.8	212.3	222.7	231.2	228.3	222.9	223.8	235.4	244.5	245.3	239.2	224.6	211.7	199.1	191.5	180.8	175.1	164.6	147.2	122.5	102.3	83.4	67.1	54	43	38.3	39.7	45.6	52.7	57.7	60.6	66.6	72.4	79.3	77.6	81.5	99.7	121.7	134.8	164.5	282.3	410.8	451.2	484.2	474.5	481	500.7	506.1	521.9	524	530.8	526.1	517.5	513.5	514.5	514.8
688.5	688.5	682.2	650.7	636.7	634.6	623.4	609.4	601	594	590.5	588.4	576.5	554.2	528	504.8	497.6	497.5	496	497.5	466.8	373.3	294.8	267.2	244.5	225.2	203.9	192.4	186.5	183.7	185.7	187.8	156.8	87.6	75.5	71	74.3	88.2	104.3	114.5	118.3	126.7	137.9	184.6	243.9	261.1	267.8	282.1	285.5	284.1	281.3	275.5	273	277.8	284.4	290.7	295.3	290.8	284.5	277.4	267	262.9	259.1	257.6	258	257.3	256.7	263.5	265	250.1	237.2	230.5	221.3	205	192.1	194.2	196.5	198	199.7	203.6	209	212	217	225.9	232	240.5	246.7	261.2	280.3	299.1	320.4	346.9	374.5	406.1	433.8	442.5	438.3	420.1	386.7	361.6	340	321.3	305.9	287	273.5	256.5	244.6	238.7	232.5	224.9	227.4	232.2	232.8	232.4	232.1	230.3	219.4	210	199.6	195	197.7	204.3	212.6	202.2	181.5	178.8	179.3	193.2	188.3	171.4	170.7	172.6	173.4	187.4	194.3	185.9	182.3	189.4	195.4	200.1	205.3	215.7	227.1	229.1	221.2	222.2	237.5	245.2	247.7	243.9	234.9	218.7	203.6	194.9	184.2	176.9	170.6	153.1	127.7	110.6	85.4	70.2	56.4	44.5	35.8	34.7	38.4	45	51.7	52.4	56.8	66.4	79	84.4	91.6	108.8	136.2	152.2	175	322.9	432.4	457.9	483.3	480.2	483.2	487.1	492.1	515.5	517.8	526.8	526.7	519.8	514.2	513.5	509.6
688.5	688.5	687.1	666.1	654.2	638.8	620.6	612.2	605.2	595.4	594	587	571.6	556.6	532.3	504.7	499	498.1	497	496	488.6	425.4	304.4	277.4	259.4	233.1	223.4	205	188.7	183.6	182.9	184.4	165.7	98.1	79.5	75.7	77.8	94.9	108.6	120.4	130.6	136.9	148.7	193.1	249.7	270.2	282.8	289.7	289	280.3	271.1	269.4	272.9	270.3	278.4	284.3	285.2	282.1	274.9	265.1	257.5	259.3	253.4	250.3	250.5	251.4	251.2	249.9	242.4	224.3	215	214	210.9	200.9	197.1	194	188.7	182.5	185.2	195.2	201	198.7	205.4	209.9	220.2	233.8	243.6	257.5	282.8	304.4	323.5	352.8	384.3	413	441.2	454.5	450.9	422.1	402.9	376.4	353.7	328.2	305.7	287.5	270.1	256.7	247.1	237.7	226.1	220.9	218.2	214.8	215	209.6	196.7	188.1	180.2	171.6	167.5	178.3	216.5	237.6	218.2	184	180.8	176.2	172	190.3	197.4	168.5	163.7	162.5	163.1	177.9	209.4	216.6	206.9	189.2	176.3	182.1	191.5	197.9	209.7	224.9	227.1	225.9	234.4	249.3	256.1	260.5	256.4	247	233.3	219.3	207.2	193.5	187.5	164.8	134.9	114.9	94.9	73.8	59.2	50.3	40.1	35.2	36.9	42.4	48.5	50.9	53.2	63.2	78.7	94.9	109.6	124.9	129.9	154.4	225.3	390.2	461.1	484.2	511.9	507.7	498.2	478	443.4	479.9	507.9	522	526.1	524.7	520.4	515.1	514
688.5	688.5	688.5	666.1	654.2	638.8	619.2	611.5	604.5	595.4	593.3	584.2	569.5	554.9	529.7	503.7	494.8	500	497.3	494	485.8	438.4	311.9	276.7	268.3	243.9	234.1	210.1	188.9	186.4	183.1	179.6	178.4	115	85.1	79.5	82.2	98.8	106.9	122.1	133.6	139.6	151.2	198	249.6	270.7	284.6	292	285.7	275.9	268.8	263	264.4	262.8	263.8	266.5	267.5	270.6	275.4	266.6	247.9	241	240.5	232.4	229.3	229.6	222.8	215.9	203.2	181.8	174.5	175.2	174.8	174.3	178.6	179.7	180.7	179.2	178.2	183.8	189.6	190.9	195.6	205.1	217.2	227.4	238.2	249.9	276.5	301.9	328.4	360.1	394.4	423.6	457	466.6	462.4	434.1	409.1	386.7	365.3	336.4	306.6	284.5	270	252.4	241.4	229.7	217.4	212	209.9	206.5	202.9	191.4	178.7	172.5	162.5	158.8	160	177.2	216.9	231.8	195.7	153.9	152.4	146.1	136.7	192.2	226.4	162.7	149.1	148.4	146.3	157.1	192.9	212.1	211.6	192.6	177.4	176.1	182.7	190.8	203.2	215.2	221.3	223	230.6	247	260.2	263.3	257.4	249.4	237.4	226.3	212.9	203.2	194.8	171.9	139.3	117.2	98.4	77.7	57.3	49.9	41.1	36.2	35.7	36.5	45.2	45.8	48.8	57.7	77.6	104.8	125.3	137.3	141.4	167.1	275.3	447.4	468.4	490.7	514.9	509.7	496.1	487.5	448.8	471.7	493.9	509.7	516.9	524	523.4	518.5	514.7
688.5	688.5	679.4	662.6	646.5	631.8	619.2	610.8	603.8	598.2	594	575.8	564.6	556.5	531.2	501.9	498.1	471.7	473	493.3	485.1	412.7	336.8	287.2	271.8	260.8	256.5	244.4	215	196.2	186.5	182.9	183.6	130.5	91	81.4	85	103.8	111.6	125.4	135.5	144.4	165.9	212	258.2	281.1	295.8	291.7	278.5	265.8	264.7	265.5	270.2	266.4	257.4	250.4	241.8	233.7	223.3	198.4	178.9	164.7	150.7	136.4	121.3	109.9	97.8	92.9	92.6	79.8	81.3	91.6	94.7	105	119.8	139	161.9	181.8	191.7	187.2	185.6	184.3	183.4	188.1	201.6	215.9	235.8	254	275.4	307.7	339.1	374.9	411.7	444.1	475	488.9	476.3	462.9	434.3	408.8	379.3	346.1	313.2	285.7	264	244.9	225.6	206.6	199.6	190.6	183.3	177.6	170	165.9	166.3	158.9	151.7	158	173.4	189.7	197	180.5	133	82.1	75.5	71.5	57.9	97.2	145.7	99.2	102.9	120.9	129.7	146	188.3	216.9	222.8	214.1	201.5	191.5	180.5	183.8	194.8	201.5	212.2	220.7	231.7	243.9	256.2	265.9	265.7	260.2	247.8	235.9	226.9	218.3	204.2	182.7	149.2	124.3	105	81.3	64.8	54.6	44.8	39	35.5	36.4	42.3	45.5	48.7	58.7	89.1	117.3	125.3	147.3	157.6	202.1	332.1	459.4	465.1	488.2	516.3	517	494.2	511.8	515.1	517.9	525.4	524.7	518.4	512.9	523.3	526.6	514.1
688.5	680.1	668.9	659.1	644.4	633.9	620.6	610.1	604.5	601	594	575.8	563.9	553	527.6	503	501.7	489.3	491.5	489.8	484.3	423.4	359.5	301.6	272.9	261.1	257	253.1	225.5	200.9	190.9	182.8	186.7	182.6	127.1	91.6	89.1	102.7	118.3	134.9	145.4	151.5	171.4	204.3	241.4	278.3	300	294	278.7	271.7	265.8	270.6	274.5	267.1	250.7	241	226.6	201.4	181.5	161.2	147.1	138.4	133.6	124.2	108.7	101.2	90.7	79.3	64.5	64.1	74.2	80.2	85.6	95.6	103.9	125.2	151.2	175.1	188	189	188.6	182.8	179	181.4	195.2	213.9	231.4	247.8	267.2	299.2	339	376.9	413	450.6	488.4	495.4	488.1	477.9	456.7	420.8	387.1	350.9	314.2	289.1	264.8	244.7	222.3	204.4	189.1	179.7	171.9	167.1	166.7	167.7	161.9	155.5	155.1	158.8	166.2	174.5	175.3	155.8	113.4	58	41.1	37	32.9	35.7	43	48.1	69.6	88.5	101.5	126.7	176.3	200.9	201.7	194	194.2	194.1	186.9	190.3	198.9	201.5	209	217.6	228.4	239.9	253	264	264	262.9	253.3	236.7	229.3	223.9	213.8	191.4	164.4	134.7	108	86.3	68.3	56.1	50.6	43.6	39.3	36.8	41	44.5	46.9	59.1	93.8	116.3	118	139.5	155.9	195.2	327	438.6	468.2	494.5	514.8	519.1	493.8	508	516.3	516.6	522.7	525.4	526.1	520.6	521.9	528.9	517.2
682.2	659.1	654.2	651.4	641.6	639.5	624.8	610.1	604.5	598.2	583.5	570.2	561.8	557.6	542.9	504.4	504.1	506.9	492.8	486.2	463.9	450.7	403.2	317.2	271.4	265	260.9	254.2	240.6	215	199.7	201.6	197.4	173.5	111	88.1	91.7	105.9	114.3	131.3	144.7	158.2	185.2	222.9	269.2	293.4	300.1	288.7	273.7	264.2	264.2	268.2	258.8	236.4	208.7	180.2	163	147.9	140.4	135.2	123.5	108.9	107.9	113.9	115.7	101.8	75	62.2	47.3	48.5	65.4	80	79.4	77.1	78.5	99.3	121	127.8	144	171.1	186.4	186.2	179.8	174.4	183	204.5	226.4	244.8	267.1	301	343	376.2	415.1	452.8	496.9	517.8	511.7	490	465.4	438.1	397.7	354.4	320.3	291.4	265.3	238.1	213.8	192.9	182.9	177.2	180.1	181.4	177.2	167	155.5	150	146.4	144	152.8	175.4	173.4	158.2	140.2	95.4	55.9	44.2	42.5	40.1	38.8	45.5	57.6	64.7	66.7	98.2	143.9	170.2	183.8	184.7	186.8	188.1	191.2	197.7	205	210.3	209.5	214.4	226.8	243.1	257.3	267.2	273.1	274.3	268.1	252.5	241.6	230.7	211	190.3	163.6	133.5	107.3	85.2	71.8	63.4	53.7	47.2	44.4	44.2	48.6	59.1	62	70.9	97.3	113.1	114.4	121.6	144.9	182.5	310	451.3	473.7	482.8	500.5	505.3	484.1	493.1	494.2	501.9	498.8	499.9	507.1	510.5	485.5	517.8	526.4
680.1	659.1	653.5	648.6	640.2	635.3	620.6	608.7	604.5	595.4	579.3	566.3	543.1	540.1	532.7	501.3	503.7	499.5	472.2	471.3	455.7	455.2	399.2	313.7	272.9	265.1	265.4	258.1	242.2	218.6	205.7	201.2	201.9	194.4	132.7	94.1	101.4	115.2	124.4	140.3	150.8	162.3	185.9	224	276.7	296.3	296.6	284.4	270.6	263	264	267.4	251	227	197.8	175.9	164	163.1	169.2	169	150.9	122.5	112.7	124.1	130.5	112	91.2	69.7	53.1	50.5	65.4	86	91.5	83.2	86	117	131.9	126.1	134.3	158.3	180.5	184.7	182.6	179.1	187.6	211.5	232.6	247.4	267.4	306.2	349.2	392	439.7	483.6	525.9	540	529.3	511	482.6	445.4	399.2	356.6	314.8	287.4	260.5	234.6	210.4	196.1	187.8	185.7	188.2	188.9	182	169.9	162.3	147.1	136.9	143.5	167.3	194.5	187.3	171.3	155.4	116.9	76.5	58.7	56	49.6	44.9	49.8	67	73.5	75.7	102.2	128.9	143.2	159.5	166.5	166.5	170.4	182	194	205.6	214.7	217.3	220.4	228	245.6	258.1	263.7	270.4	271.8	263.1	250.8	243.4	232.7	215.3	193.5	171.3	135.8	105.7	86.4	78.4	70.8	63.1	58.3	51.1	48.6	56.5	68.4	76.9	95.3	120.7	120	107.5	117.7	139	205.5	356.3	456.8	485.1	503.9	503.8	503.2	491.7	494	489	501.9	500	501.1	500.9	499.9	480.1	514.7	524.6
688.5	680.1	675.2	659.1	640.9	630.4	620.6	610.8	604.5	598.2	584.2	573.7	560.5	544.6	521.8	506.7	502.7	498.4	500.1	490	488.1	486.9	435.6	348.3	278.8	270	265.3	261.6	242.9	219.4	207.5	197.3	195.4	195.8	145.1	94.9	102.4	116.5	129.2	146.4	156	170.9	194.1	225.7	276.3	294.8	289.4	284.4	274.1	259.8	255.7	251.8	226	194.5	166.3	148.5	149.7	164.7	186	194.7	179.8	141.7	124.9	143.3	156.9	137.6	106.2	136.6	108.9	58.3	67.4	82.2	117.4	143.6	152.1	161.5	159.9	143.7	133.7	135.9	168	192.2	190.9	190.1	198.1	213	230.7	246.9	262.3	295.4	336.8	386.3	438.3	488.9	529.5	554	541.4	517.4	502.4	460.5	405.6	360.9	315.1	283.7	261.7	237.3	213.5	205.2	206.8	214.9	224	214.7	187.8	190.5	178.7	144.1	135.4	142.4	163.5	190.9	201.2	182.9	177.6	171.7	152.8	125	105.9	81.8	67.5	76.9	103	112.8	128	134.4	126	122.9	119.9	116.3	131	151.5	176.2	195.5	209.6	218.5	224.1	228.2	232.7	240.6	251.6	257.9	267.2	271.9	268.2	262	254.8	243.9	223.2	199.6	176.5	145.6	109.1	86.9	85.6	85.5	83.9	75	62.8	57.4	58.4	68.3	83.4	109.1	138.3	139.9	121.5	120.8	139.4	246.3	410	457.6	454.2	478.8	507.2	510.3	504.7	506.4	512.7	514.9	514.5	509.6	507.5	506.3	505.1	506.7	515.9
688.5	681.5	664.7	645.1	632.5	622	613.6	604.5	601	589.1	574.4	568.8	562.7	553.4	520.6	510.4	511.6	516.8	498.6	489.7	488.6	486.4	450.3	367.2	287	271.1	264.5	260.6	243	214.9	202.3	195.8	196.9	193.5	166.4	102.3	105.3	123.2	138.1	153.6	163	180.8	201.9	227.3	275.7	295.3	297.9	290.3	276	262.4	264.3	247.3	215	188.5	174.8	171.6	178.9	199.3	209.1	213.8	188.9	151	157.7	172.6	156	148.1	197.9	168.5	113.3	120.6	122.5	145.1	204.9	222.7	206.5	189.9	180.6	173.2	167.5	166.5	180.3	202.4	203.1	198.3	204.3	223.8	242.6	259.8	277.9	304.4	346.7	400	448.8	495.5	537.2	558.8	541.7	514.6	498.3	453.6	406.2	356.7	308.9	277.5	255.9	236.1	222.9	218.8	227.2	248.7	240	202.1	192.9	194.6	178.1	148.4	142.9	172.7	193.5	213.1	219.4	206	197.8	192.2	175.9	151.2	126.9	109.4	109.3	125.9	152.8	160.4	158.2	155.9	143.6	129.8	123.9	122.2	131.2	150.7	182.6	204.8	216.1	225.5	228.9	233.5	241.2	246.4	257	263.1	266.6	271.2	268.3	260.5	257.8	244.6	224.5	200.7	178.6	144.3	106.9	97.6	101.6	96.8	98.8	95.3	80	64.1	60.6	68.8	89.5	115.9	131	134.5	127.6	127.7	147.3	277.6	413	471.8	468.4	465.9	506.1	511.2	504.3	502.3	509.4	517	511.5	519.1	516.8	513.5	512	513	505.2
670.3	662.6	654.9	636.7	624.1	615	608.7	602.4	594	581.4	570.9	563.9	565.7	560.3	537.5	513.5	511.8	512.8	498.2	489.1	489.3	487	486.8	401.7	315	278	267.3	253.5	217.9	201.1	189.8	186.4	188.7	192	176.1	112.2	105.3	121.2	139.7	159.9	174.4	195.1	213.2	238.4	282.6	302.3	306	298	286.7	271.2	261.4	232.5	200.2	180.2	180.9	194.3	202.7	224.7	240.5	240.1	212.8	179.7	178.8	179.3	176.2	172.7	192.7	184	167.3	176.4	181.9	206.8	265.1	294.9	296.4	276.8	248.6	227.8	233.6	228.9	220.8	231.1	240.9	232	221.2	228.3	240.9	257.7	278.4	305.8	347.8	398.8	439.8	481.5	517.4	538	526	511.5	488.6	441.7	391.8	338.5	294.3	268.2	249.4	238.9	228.4	231.2	245.9	264.6	252.2	224	214.3	189	179.6	199.1	207.3	214.6	220.7	223.1	225.4	223.4	216.1	207.2	204	202.9	203.4	198.2	211.6	215.6	219.6	218	196.5	176.3	166.6	155.4	155	148.3	145.7	152	168.6	187.8	204.7	219.5	229.2	238.8	247.4	252.7	258.8	265	266.4	270.1	270.8	268.7	262.8	253.9	234.9	207.5	179.6	144.6	107.6	98.2	109.4	105.9	110.5	107.2	91.1	66.9	53.9	60.8	86	110	119.6	130.5	136.4	140	166.1	286.6	388.7	478.7	505.4	477.7	490.8	504.9	509.3	511.9	508.5	515.5	520.6	494.8	523.2	518.6	521.2	524	507.2
666.8	653.5	652.1	636.7	623.4	613.6	605.2	600.3	590.5	579.3	570.2	563.9	565.9	558.5	543.7	519.1	513.7	517	498.5	489.4	489.1	492.3	496.2	422.1	342.5	285.6	268.1	249.6	215.5	198.2	188	187.4	187.6	193.6	194.2	127.9	106.9	125.6	149.9	168.7	182.5	199	218.1	246.3	290.4	306.8	315.6	309.2	296.8	277.9	260.5	233.5	204.4	191.2	200.1	210	220.5	240.6	254.7	246.8	224.5	195.2	188.1	186.6	185.6	181	183.1	179.1	175.9	182.9	184.8	216.3	271.8	294.2	295.1	280.5	253	227.1	225.4	230.9	228.4	235.3	250.6	241	234.8	235.8	249.5	269.9	287.1	315.3	356.1	406.8	451.6	485.4	509.8	531.9	525.4	510.5	486.2	440.8	386.7	336	297.8	271.7	256.8	246.1	233.7	231.8	247.7	258.4	251	237.8	228.1	202.4	201	223.4	225	222.6	223.9	224.4	229.3	233.8	229.6	221.1	221.1	219.9	221.9	219.2	227.6	231.9	250.9	240	205.3	190.1	189.6	181.8	182.5	176.3	174.2	174.4	180.4	192.9	204.9	219.9	232.2	243.9	259.8	262.1	264.4	270.8	274.6	275.4	275.3	272.2	267.3	256.6	238.6	211.8	182.3	146.4	110	107.5	115.2	104.1	101.4	103.5	91.5	66.7	58.2	72.1	94.2	103.7	112.3	120.8	131.9	142.6	179.9	301	396.5	493.1	512.6	480	472.7	502.6	508.2	514	512.4	516.1	517.4	502	515.7	509.6	521.9	524.7	525.5
672.4	661.9	655.6	642.3	626.9	611.5	604.5	598.2	581.4	573.7	565.7	565.3	568.5	555.3	541.8	523.5	514.2	514.7	499.5	489	491.5	494.3	477.5	432.7	364.4	291.7	266.8	228.2	204.1	192.8	189.4	193.2	188.3	190.2	199.7	137.5	109.5	125.1	150.7	177.6	191.8	209.3	224.9	251.6	294.6	309.2	319.9	316.8	306.7	287.6	261.5	235	217.4	208.5	225.6	242	251.9	269.4	277	269.7	257.1	226	202.8	198	197.9	197.5	192.9	188.5	182.5	175.8	201.2	254.5	286.3	286.5	275.5	261.7	242.4	228	232.4	251.9	261.4	237.1	248.7	265.7	258	248.1	262.7	280.2	295.1	316.7	353.3	397.3	437.8	472.5	494.1	509	506.7	500	476.2	432.7	379.2	327.3	291.4	267.6	261.1	251.4	239.6	235.5	244.1	243.2	241.2	245.3	241.3	235	227.7	214.9	203.4	196	196.8	198.6	203.2	218.4	212	207.6	215.9	206.3	214	219.1	221.7	209.5	219.4	222.9	211.4	204.3	215.8	223.2	218.1	222.7	218.4	211.8	212.8	214.4	216.9	229.9	242.7	256.4	267.9	274.1	272.1	275.7	282.5	282.4	279.8	273.9	270.5	259.7	239.8	217	189.8	151.3	112.7	108.8	122.5	111	104.5	103.5	85.2	63.7	61.1	76.3	93.9	99.4	103.1	114.2	125.4	146.2	207.3	321.1	375.5	458.5	495.6	497.4	488.3	490.8	491.5	506	510.3	517.8	521.9	523.6	515.9	501.5	510.2	522.7	520.6
677.3	665.4	654.2	642.3	626.9	611.5	605.2	594.7	578.6	573.7	569.5	563.9	564.7	559.9	542.2	522.2	507.4	497.8	500.5	491.9	495.5	505.1	477.3	428.5	354.4	293.6	265.1	224.7	203.8	193.8	190.1	194.3	189.4	191.4	201.9	152.3	118.1	129.6	156.9	192.6	207.5	213	224.2	249.2	288.5	305.6	316.4	318.9	311.2	292.3	271	252.3	233.5	225.5	237.7	253.4	262.4	271.3	283.4	280.1	267.3	237.4	206.7	197.8	196.9	190.3	186.9	182.3	179.8	181.2	210.9	256.6	274.8	268.9	250.8	238.8	226.3	231	242.7	265.1	282.1	251.2	255.6	277.6	279	266.5	283.6	297.1	306.4	332.9	362.6	405.1	449.9	481.8	503	518.2	512.4	499.9	472.8	426.7	377.5	327.5	296.6	281.2	276.7	268.4	262.2	256.2	254.7	257.5	251.5	253.6	247.7	245.7	236.2	220.3	202.8	194.3	195.1	197.4	204.1	216.2	209.5	213.4	218.8	207.2	213.9	227.9	229.3	215.5	224	227.1	223.9	219.1	224.8	231.7	233.6	240.9	237	230.7	229.1	225.5	228.9	237.4	251.6	264.8	273.7	279.6	281.5	280.7	285.8	285.7	282.5	274	273.5	262.7	243.9	220.6	190.1	150.4	111.3	105.8	118.7	108.6	99.2	98.5	89.4	86.4	86.7	92.6	91.5	91.6	94.5	113.7	131.3	156.3	229.3	341.8	383.1	445.7	481.7	491.3	499.8	489.7	473.5	490.8	508.8	512.8	518.9	520.6	511.2	501.6	505	517.7	509.5
677.3	664.7	645.1	631.8	619.9	609.4	598.9	589.1	576.5	575.1	566.7	563.2	559.5	557.9	538	497.7	500.5	514.8	504.3	493.9	479.7	484.3	481.9	460.5	379.5	318.4	251.7	214	201.5	194.9	198.4	198.3	193.5	197.8	207.1	162.1	123.6	129	158.1	200.7	211.8	224.2	237.3	251.5	291.7	316.5	328.8	334	326.9	310.4	296.2	281.2	270.3	264.4	264	273.8	281.9	286.8	285.9	282.1	282.4	271.5	250.6	225.7	208.1	196.7	191.3	196.7	227.4	243.6	240.5	240	231	221.8	214.9	212.5	222.1	240.3	253.1	261.1	274.9	284.6	294.4	295.8	294.7	295.4	298.1	300	308.8	333	356.5	386.7	434.8	473.1	494	512.4	500.8	481.7	467.1	418.6	366.4	322.1	293.9	280.3	281	280.9	278.8	274.2	268.2	266.8	264.7	262.8	258	256.5	251.9	238.9	228.8	220.5	212.4	210	222.4	229.4	232.9	246.7	248.9	250.3	248.3	253.8	255.7	249.6	249.1	245	243.8	243.4	242	248.4	258	263.7	266.4	269.2	265.2	257.2	255.5	263.2	271.9	278.7	288.8	293.4	291.1	291.2	289.6	290.1	286.6	279.1	274.5	268.6	248.9	223.4	195.2	149.9	110.2	104.8	119.7	112.4	102.4	97.2	96.9	94.5	91.6	91.6	91.8	89.9	93.9	113.8	144.1	178.7	266	393.8	434.9	467.9	500.9	492.9	498.7	495.6	461.2	473.4	510.4	498.3	497.5	510.5	512.4	515.7	519.4	522.6	516.5
671	659.8	642.3	626.9	617.1	605.9	596.8	587	575.1	573.7	566.7	563.9	560	559	538	512.8	517.4	523.2	516.3	490.5	493.3	496.2	495.9	469.6	406.1	335.3	250	217.8	203.9	195.4	198.7	198.2	196.2	200.8	210	163.5	135.3	129	154.2	198.7	218	246.4	255.3	260.6	301.4	327	336	338	332.8	318.3	302.4	290	284.8	282.1	281.1	285.1	294.3	296.8	288.1	286.4	285.9	278	257.9	236.2	220.1	205.8	198.6	201.2	242.6	256	231.8	233.6	230.5	227.7	234.1	241.3	254.8	268.5	276	289.9	306.2	318.7	329.9	326.3	319.6	314.9	311.2	310.9	318.1	342	360.8	387.7	439	474.7	491.6	512.3	498.4	478.9	459.2	415.4	372.1	321.7	293.3	289	294.6	299.1	297.5	293.1	289.7	292.3	287.1	277.5	271.4	269.8	260.3	250.1	249.5	241.3	229.3	222.6	230.7	234.7	237.4	252.9	258.5	263.1	260.9	264.1	260.7	254.6	253	254.3	259.4	258.9	260	266.2	275.8	281.9	286.7	290.5	290	280.7	276.7	279.9	286.2	294.9	297.7	298.4	297	297	294.7	288.8	288.5	285.1	279.2	270.4	252.9	230.1	196.5	147.6	108.5	104.4	109.4	102	102.3	103.5	112.1	112.4	98.9	93.4	88.8	87.5	96.6	110.7	142.9	191	291	429.2	462.4	479.3	512.1	509.6	505.5	495.1	471.1	470.7	499.5	490	484.4	513	517.2	520	522.1	522.9	521.3
666.1	656.3	641.6	626.9	608.7	598.9	594.7	584.9	578.6	575.1	568.1	568.1	568.8	553.4	535.2	523.6	520.5	526.1	517.8	505.3	514.1	511.1	499.2	478.5	446.2	344.9	250.8	223.1	205.9	199.4	202.1	203.3	203.1	204.3	207.2	164.7	136.3	128.3	156.2	204.5	224.8	257.2	263	265.5	310	337.7	346.5	352.8	344.5	330.2	324.8	320.5	314.7	321.5	316	305.7	309.9	310.4	306.9	302.3	297.7	289.4	281.4	274	265.3	253.5	244.1	250.4	264	264.5	262.4	258.6	273.2	280	272.9	283.3	299.8	310.3	318.8	335.1	352.8	354.7	346.5	329.9	326.2	323.3	316.6	315.3	325.6	342.1	355.6	385.5	439.1	480.8	499	514.4	500.5	483.2	466.7	418	371.7	323.5	296.8	286.7	289	299.4	307.7	303.7	302.5	305.4	295.8	288	286.2	282.1	272.2	273.8	277.9	277.7	288.4	293.6	287.3	281.1	276.7	273.9	274.3	282.1	290.3	289.5	287.6	277.5	272	279	284.4	289.4	294.9	297.9	304.6	308.6	309.7	312.2	318.5	315.8	311.6	309.6	313.5	312.9	316.4	316.1	308	301.1	304.7	301.3	298.8	295.5	282.4	269.9	250.8	229.6	198.8	149.9	112.2	107.6	106.8	104.1	102.4	104.9	117.6	121	106.9	96.7	92.5	89.3	95.8	108.1	143.5	226.4	328.2	438.4	479	482.7	496.2	499.8	497.4	496.9	489.3	482.8	470.8	500.2	511.7	516.8	516.9	514.1	506.6	508	495.1
666.1	656.3	644.4	625.5	607.3	600.3	594	581.4	580	574.4	568.1	566.7	566	551.3	524.4	521.8	521.2	526.1	524.8	511.4	521.2	509.6	488.8	490.5	473.2	366.4	261.5	226.4	210.7	203.5	204.8	205.2	206.2	205.5	210.9	180.9	144.2	140.2	161.2	204.1	231.2	272	271.9	266.7	315.5	339.8	345.2	351.3	345.6	336	337.5	334.3	329.2	330.1	326.6	321.2	321.9	326.3	323	316.9	316.2	311.3	305.7	299.5	291.1	280	273.3	283.3	285.8	284.8	290.6	289.4	304.9	306.3	290.2	299.6	314.9	329.7	336.8	354.8	376.6	381.6	368.6	343.2	334	325.9	318.9	318.7	325.6	337.3	353.9	390.2	447.1	485.4	507.1	519.7	503.4	490.2	468	416.8	374.3	326.9	300.7	290.2	292	308.1	318	321.2	323.9	326.6	322.5	312.4	310.5	303.4	292.2	300.3	297.8	297.3	305	308.8	309.8	304	301.5	297.6	293.8	296.2	306.6	302.3	301.7	301.7	298.6	304.4	306.8	308.6	315.6	318.9	325.2	324.8	322.9	323.5	328.8	329.6	327.9	324.3	321.2	314.8	315.9	319.3	311.3	303.1	307.5	304.5	302.1	292.6	280.5	270.2	253.3	227.4	195.5	141.2	108.6	103.2	102.7	106.1	110.4	118.3	123.8	124.3	113.2	100.5	92.1	88.6	93.9	108.7	149.5	248.9	343.9	443.3	483.9	476.4	495.3	498.9	502.2	498.8	489.6	483	470.8	498.7	512	514.2	510.5	509.1	502.3	505.4	487.7
676.6	654.2	638.8	623.4	608.7	601	589.1	582.1	580.7	562.9	547	568.4	566	531.2	494.2	513.7	505.9	521.2	521.9	506.9	521.2	522.8	511.9	509.2	511.9	408.5	281.1	267.7	244.6	213.8	211.7	210.6	210.5	208	213	185.3	147.6	140.8	161.9	205.1	241.1	282.7	270.5	267.8	317.3	340.4	343	348.5	352.5	353.8	354.3	352.5	347.2	345.7	349.6	344.5	343.8	343.7	346.8	346	341.5	338	342.5	339.7	335.9	321.5	310.2	328.9	319.3	321.5	329.3	330.6	332	328.4	331.1	336	343.6	350.2	358.1	369.8	383.4	379.1	359.3	344.5	341.7	340.9	329.3	317.6	320.8	336.9	361.9	400.3	457.5	492.6	513.1	521.3	508.1	493.7	465.2	418.1	377.9	336.7	299.9	294.5	296.8	307.4	317.3	335	340.6	343.6	342.1	330.9	328.3	326.9	321.5	329.1	332.6	334.2	328.1	329.4	333.1	334.6	340.1	346.4	354.1	360.3	361.8	357.6	359.8	369.2	371.5	374	370.9	365	354.2	354.3	355	350.3	344.4	341.1	337.5	338.4	340.8	338.3	334.8	325.2	321.2	323.8	322	313.2	309.5	308.3	305.8	300.8	285.4	266.8	251.4	230	195.5	139.7	107.1	102	108	112.3	114.1	123.1	123.9	122.6	116.1	104	96.9	94.6	99.9	118.3	169.9	274.9	378	445.6	448.6	450.1	459.4	478.7	498.4	497.1	491.2	484.3	466.7	471.6	512.2	507.8	482.3	488.6	513	515.6	509.6
679.4	653.5	635.3	619.9	608.7	601	586.3	582.1	580.7	561.8	558.9	571.6	566	524	499.6	514.8	498.5	516	519.4	505.8	523.3	524.7	522.1	521.9	518.5	411.9	298.9	288.1	259.2	217.3	212.7	210.6	210.2	207.5	216.7	197.9	154.2	142.9	165.9	212.7	244.4	277.4	268.3	267.5	317.4	337	343.3	350.4	352.5	357.4	354.1	349.3	352.4	353.1	357.9	357.5	355.8	356.4	359.3	365.8	362.3	358.7	361.6	359.6	360	346.3	333.7	348.2	341.8	346.5	356.2	355.4	357.5	359.5	361.2	362.9	362.2	371	385.2	395.6	400.9	383.6	357.7	354.3	354.6	343.3	333.8	322.6	324.6	345.8	373.9	411.8	445.6	478.1	505.7	515.8	498.6	482.3	450.5	410	377.6	343.8	309.7	299.1	306	313.6	318.2	338.3	356.8	359.4	361.7	358.4	359	356.4	347.4	352	360.2	358.5	355.2	356.1	362.6	366.1	367.2	372.2	374.2	386.3	394.2	386.8	386.9	395.8	398.5	398.5	397	391.6	380.9	371.5	367.5	359.6	350.9	352.4	349.5	343.1	339.3	344.4	339.5	331.3	326.3	327.2	322.9	313.6	307.3	304.8	304.4	298.9	285.8	271.3	257	233.2	195.5	138	108.2	107.1	118.6	124.3	129.6	133.9	121.3	123.9	123.7	111.9	106.4	113.7	124.2	147.9	194.8	293.1	395.1	463.3	455.8	443.2	456.5	473	484.6	498.7	491.8	493.9	475.2	480.8	513.9	511.1	485.8	486.7	514.2	516.2	509.9
666.1	647.2	635.3	624.1	612.2	595.4	585.6	587	579.3	572.3	568.1	572.3	564.6	547.1	535.2	526.8	518.6	519.8	513.5	500.9	521.9	521.8	490.3	520.6	496.4	433	364.1	312.4	281.4	243.1	228.5	219	218.8	213.8	217.9	210.7	162	147.7	175.5	215.9	242.8	282.4	272.5	275.9	319.3	342.7	351.2	352.9	355.8	363.1	357.8	354.9	364.2	369.7	372.7	382.7	384.8	384.1	392.5	388.4	393.6	394.2	392.2	397	397.7	380.1	373.8	385.5	383.3	387.4	399.6	406.6	400.7	398.8	397.7	392.1	394	393	402.4	401.5	387.6	368.1	360.7	363.7	352.2	335.8	326.5	320.4	326.5	344.2	378.9	418.6	448.9	472.5	497.4	502	485.1	474.8	450.5	410.1	370	345	318.3	302.5	305.8	306.4	318.7	342.1	361.2	364.6	368	372.3	379.4	385.2	377.1	371.1	376.3	378.9	388.5	393.3	384.4	383.6	393.9	393.3	396.4	403.2	413.3	417.4	421.2	429.9	425.4	417.8	414	408	393.2	381.7	370.8	366.5	366.8	368.5	367.2	360	356	355	351.4	344.4	338.1	336.6	327.1	317.5	310.7	303.1	300.3	294.8	289.4	277.3	255.8	232.8	201.9	144.8	108	110.7	119.1	125.3	134.9	133.6	121.9	121.5	125.4	116.4	114	123.5	141	199.7	265.6	303.7	374	456.3	467.9	470.8	489.8	491.5	477.6	501.1	499.5	495.6	500.7	504.9	515.7	519.3	488.2	470.2	467.8	489.6	503
657	646.5	640.9	630.4	619.9	605.2	590.5	587	580.7	572.3	565.2	566.6	566.7	552	540.1	530.3	525.4	523.3	514.2	497.5	516.7	498.1	482.2	514.6	496.1	445.6	376	311.1	280.2	253.6	237.5	224.4	219.9	216.2	226.3	229.8	185.4	167.4	196.3	226.3	233.6	257.2	258	267.6	313.8	340.8	353.4	348.7	353.3	359.2	359	365	368.6	374.3	380.3	384.7	390	392.2	399.5	401.3	405.5	409.1	409.8	411.4	409.5	402.9	390.8	394.1	399	397.3	406.5	413.9	418.4	416	415.5	416.9	424	429.2	431.1	420.2	395	375.8	368.9	362.7	346.3	334.5	333.6	330.1	327.6	341.2	379.4	415.7	453.3	477	497.5	505	484	467.3	440.6	399.2	363.6	346.5	328	312.7	308.1	309.3	325.2	342.1	354.8	363.7	367.1	374.4	388.6	397.4	398.5	401.3	401.8	407.3	414.8	412.4	401.9	404.4	411.9	413.6	418.8	423	432.9	441.1	449.7	458.5	465.4	448.9	440.5	428.8	415	403.9	386	376.8	375	379.9	379.3	371.1	366.6	362.6	357.9	345.3	344.1	338.7	330.3	323.2	315	305.2	300.1	289.5	281.6	273.7	259.7	235.2	198.2	145.5	109	110.6	123.5	133.5	138.6	137.7	125.2	119.9	127.8	130.4	121.1	127.7	153.3	220.1	289.4	319.7	396.5	449.6	462	460.2	487.3	493.1	494.8	507.9	506.5	503	503.4	504.1	511.4	514.5	494.1	472	465.9	483.2	498.1
656.3	657	643.7	629.7	610.1	591.2	588.4	584.2	574.4	571.6	572.3	570.2	559	548.5	525.5	511.5	525.4	520.5	516.6	507.1	509.7	511.1	521.3	520.6	498.4	440.6	352.8	304.1	291.3	284.4	271.3	255	241.3	232.1	237.7	241.1	194.9	174.2	198.1	229	247.3	279.9	272.7	279.3	319	342.8	350.1	352.2	361.6	364.2	364	372.2	380.7	386.4	392.9	394	399.3	404.4	414.6	422.6	429.3	438.2	439.4	439	437.1	430	428.5	434.5	435.4	431.4	427	434.4	444	445.7	442.2	444.1	445.4	441.3	428.3	409.2	390.3	378.4	376.1	369.5	347.7	333.5	331.8	330.2	336.8	360.7	393	425	467	486.5	499.8	506.9	489.5	466.6	431	397.8	364.2	343.9	334	319.7	310.8	314.4	324.3	334.2	344.9	363	372	383.4	399.1	409.9	421	425.3	422.1	415.7	420.6	431.6	425.4	420.7	425.4	421.9	433.2	442.8	447.1	459.5	471.9	473.9	469.6	463.7	458.9	449.8	431.9	416.4	413.7	400	395.9	396.1	385.1	375.9	373.4	366	360.6	351.5	349.3	346.9	334.5	326	314.5	307.2	302.7	290.7	275.1	270.2	256.1	230.1	203.4	147	109.7	113.1	126.2	136	143.3	140.4	128	130.2	142	157.1	160.1	169.6	201.7	258.7	319.3	367.8	431	477.9	499.5	482.6	455.2	478.8	505.4	514.2	513.8	509.3	515	511.2	507.2	508.2	496.1	495.8	508.7	508.1	480.5
665.4	661.9	645.8	629.7	609.4	585.8	588.4	582.1	575.1	571.6	572.3	568.1	556.9	548.5	503.4	493.9	524.7	520.5	510.3	509.4	511.3	524.6	531	523.1	497.6	419.4	343	298.7	289.6	289.3	278.5	270.3	252.7	242.2	248.7	235	192	175.7	203	235.5	249.6	283.9	279.2	273.3	307.1	338.5	346.1	347	356.8	361.8	366.2	372.3	376.9	381.1	389.3	390.5	398.1	402.4	413.3	422	435.4	443.1	442.7	447.3	451.7	446.3	443.8	447.4	450.4	452.4	453.9	463.5	465.5	470.6	468.4	465.3	460.7	453	433.3	404.4	386.9	378.7	367.5	365.8	347.9	333.1	333	331	341.2	366.4	391.8	423.4	475.3	499.8	501.9	505.5	484.3	454.6	425.5	394.1	363.6	347.1	337	322.7	313	318.7	328.9	336.3	337.6	352.4	368.4	378.7	394.5	404.2	421.2	434	435.9	433.8	438.5	447.8	445.1	440.8	443.4	442.8	449	457.1	469.8	479.2	485.1	487.2	478.9	473.5	471.5	464.9	446.7	429.9	424.4	411.6	404.7	403.6	388.1	372.5	369.1	364.9	355.8	354.1	357	353	339	328.2	314.5	304.3	295.6	288.2	276.5	267.9	253.7	228.2	195	142.7	110.7	114.4	125.6	137.8	147.5	139.1	133.5	138	146.5	161.2	183.1	200.3	234.3	291	343.6	394.1	450	485.9	497.3	489	454.9	460.6	498.2	511.5	506	502.3	510.2	507.8	493	497.6	494.5	500.8	511.4	512.8	481.7
679.4	667.5	652.1	629	606.6	593.3	587	582.1	580	563.3	543	537.6	556.2	532.6	500.3	511	526.1	523.3	519.1	512.1	508.6	531.7	529.6	524.7	464.9	373.6	314	263.5	260.9	275	282	288.1	285.3	262.2	262	238.1	198	179.5	207.4	241.6	257.8	288.7	286.7	273.3	301.1	333.2	344.9	346.9	358.9	369.9	374.3	378.4	373.5	379.8	389.6	395.3	407.3	411.2	419.9	433	445.2	455.5	462.5	458.8	465	467.3	460	451.1	460.5	472.9	470	471.3	472	478.7	476.1	465.5	460.3	447.4	423.6	401	386.1	369.1	366.1	361.1	345.4	337.3	333.9	333	347.8	370.5	390.4	417.5	464	494.9	503.2	502.7	482.6	456.6	430	397.1	369.5	349.6	336.5	326.8	319.2	317.7	328.8	339.1	342.3	355.5	370.3	379.3	398.9	410.2	420.7	446.8	459	459.1	459	455.1	454.5	453.5	456.7	460.4	455.5	458	474.1	487	479.5	482.3	488.1	480.5	474.1	473.2	467.7	454.4	442.1	427.3	416.1	409.4	400	374.9	368.6	369.9	360.2	354.2	359.3	354.1	342.9	330.9	312.8	301.4	295.9	284.7	277.1	267.5	251.5	227.7	192.4	144	112.7	115.3	129.7	148	158.5	154.6	156	165.7	173	183.2	197.1	215	235.3	270.9	336.7	404.9	459.9	486.7	498	503.2	494.5	464.1	457.7	472.4	487.8	498.3	507.4	503.3	502.7	501.1	502.7	519.2	520	513.8	513.7
680.1	666.8	651.4	626.2	608.7	594	589.1	584.4	581.4	571.6	549.3	547.5	556.2	529	509.3	522.7	526.8	524	519.8	518.4	505	525.5	526.9	524.8	452.3	362.1	302.8	250.3	248.4	260.8	271.6	284.4	283.6	267	272.4	220.7	192.3	174.5	202.4	242.2	250.8	283.7	284.6	271	296.3	331.8	345.4	347.3	354.1	364.9	373.6	378.8	369.7	376.9	386.7	393.8	406.4	410.9	422.1	433.3	442.1	456.5	465.7	466.6	474.1	479.5	472.5	470.3	476.5	485.7	488.6	480.1	481.2	490.6	490.2	475.9	461.5	449.3	424.8	404.8	384.6	365.9	362.9	353.7	341.2	336.8	332.1	332.2	348.9	372.5	394.6	427.4	472.5	499.8	517.3	514.6	485.2	460.4	431.1	401.9	376.8	353.4	339.7	327.1	318.8	315.2	323.9	330.2	335	350.3	362.8	378	394.3	404.1	423.4	449.7	468.7	477.3	481	475.3	471.4	472.9	480.6	479.4	469.3	467.7	477.7	486.7	482.7	486.4	495.6	485.4	478.2	478.5	477.1	464.8	448.2	439.4	428	414.5	403	381	371.6	371	357.3	348.2	354.4	352.8	341.5	326.5	308.3	302.5	295.8	281.7	274.4	263.7	249.8	224.5	188.4	139.1	110.6	117.6	133.2	152	161	155.1	162.7	176.5	188.7	208.6	230	239.5	252.6	265.1	318.4	398.9	473.3	494.8	506.3	502.6	493.2	471.3	456.1	459.9	480.7	498.8	507.3	506.3	504	509.1	508.2	516.2	519.7	510.6	510.8
674.5	662.6	640.2	623.4	606.6	598.2	598.9	591.9	583.5	570.9	570.9	565.3	558.3	550.6	535.9	522	528.2	525.4	521.9	518.2	493.2	501.6	530.2	519	452.1	372	306.6	252.9	242	241.7	240.8	255.5	266.3	274.9	288	232.3	193.6	168	178.1	230.4	259.2	279.6	279.4	270.3	291.7	331	344.1	348.7	356.7	363.7	371.7	376.4	379.6	382.3	386.3	397.1	405.1	409.9	421.1	437.2	444.8	458.4	465.5	472.2	479.2	483.1	482.7	490.5	498.7	500	500.3	493.7	482.8	488.1	491.8	484.6	454.7	447.7	434.3	406.7	387.5	365.9	354.5	356.2	342.3	329.7	324.9	328.4	349.8	370	391.1	426.2	472	490.6	504.9	514.5	489.4	457.4	427.6	405.9	379.9	358.6	343.1	331.8	327.7	328.6	327.6	324.9	329.8	338.7	346.5	362.1	376.9	396.1	414.9	433	470.3	487.3	492.2	490.9	490	492.1	492.4	488.6	478.2	470.4	467.4	472.7	479.5	483	482.6	473.7	483	480.8	471.2	467.1	460.5	444.2	439.9	429.5	411.1	392.1	377.9	369.6	357.4	348	348.4	348	338.4	327.3	311.4	303.2	299.2	287.8	274.7	263.6	248.2	227.5	198.1	169.3	127.8	112.4	125.9	141.6	158.8	161.6	173.7	184.1	196.3	217.9	235.3	230.6	219.6	225.6	259.3	336.5	437.2	481.2	501.5	502.7	489.8	484.9	491	476.6	474.7	506.1	503.8	503.9	505.8	507.6	500.2	499.8	505.8	507.5	510.3
675.9	661.2	636.7	625.5	608.7	600.3	600.3	591.9	584.2	572.3	570.2	564.6	559	549.9	536.6	528.9	528.2	525.4	517.9	487.6	473.5	512.9	524.5	507.6	442.9	350.2	293.8	251.5	239.5	235.7	233.6	246.8	266.5	279.3	284.8	216.9	175.2	162.4	192.8	238.5	256.2	274.7	270.8	264.3	287.8	323.9	335.2	340.6	354.2	362	365	378.6	378.8	376.2	385.9	392.8	397.9	406.9	416.5	429.5	447.5	462.3	461.3	463.1	467.5	475.9	490.2	508.1	524.4	511.7	512.1	504.2	502.4	506.8	494.5	479.9	448.5	428.5	418.3	394.6	360.1	345.2	343.7	336.9	330	333	329.3	336.8	357.6	380.6	406.2	448	482.4	491.8	503.7	507.9	492.7	463.1	431.4	402.9	379.1	357.6	340.5	330.6	325.2	325.3	320.2	318.8	321.5	326.6	337.9	350.4	369.1	392.8	406.5	437.6	470.4	482.4	493.3	499.1	504.6	502.6	498.3	494.9	485.5	487.1	485.4	486.1	493.9	494.5	486.8	477.4	480.4	482.5	470.4	463.4	457.7	449.4	443.1	427.8	402.6	390.6	374.3	367.2	356.1	345.1	344.4	342.6	331.2	320.3	310.4	302.3	292.1	285	275.5	254.8	243	228.3	196.9	150.3	104.4	107.7	130.4	150.1	172.1	177.3	183	199	225.7	228.1	218.7	207.3	196.3	212.8	258	377	448.6	464	502.8	505.8	487.2	495.2	493.8	465.3	485.3	510.6	508.1	502	508.5	513.8	503.6	493.3	509.6	509.5	512.3
675.9	648.7	629.9	625.4	610.1	602.4	601	594.7	585.6	572.3	571.6	563.2	556.9	550.6	532	528.2	528.9	525.4	499.5	465.3	484.9	513.8	525.4	529.6	475.4	355.1	297.6	254.5	241.9	242	238.8	244	246.5	259.3	283.2	228.7	176.6	159.1	203.7	254.6	254.9	264.3	259.9	256.2	279.1	315.4	333.3	339.1	345.7	351.6	358.1	372.1	372.4	373.5	381.8	388.1	396.7	409.6	418.4	426.9	439.9	447.6	451	465	470.3	484.4	501.4	509	514	511.2	511.2	510.1	506	502.1	481.3	467.7	458.4	440.3	410.4	382.5	359.1	336.6	333	328.7	326.1	330.5	331.3	339.4	359.4	380.8	405.1	439.1	469.9	486.6	501.5	507	483.7	450.8	419.9	395.8	377.8	353.1	332.5	319.9	315	312.6	315.8	319.1	325.7	332.3	343.7	346.2	354.8	380.8	401.4	435	462.7	481	483.1	494.4	516.1	512.5	505.2	502.6	498.1	507.9	509.8	502.7	494.8	490.6	481.5	481.8	483.8	478.2	467.4	460.8	452.6	446.9	441.6	423.6	394.5	387.9	385.2	371.1	357.4	345.9	335.9	326.8	322.3	314	309.2	302.8	291.8	289.6	278.5	257.4	241.3	223.5	200.4	166.3	111.6	100.5	132.1	162.9	181.1	183.5	182.7	192.6	199.3	192.5	192.7	190.3	183	190.3	249.8	376.8	458.2	482.3	509.9	510.4	504.9	507.8	512	495	486.6	492.2	475.9	497.5	502.4	503.9	501.5	478.9	479.3	498.3	515.6
670.3	644.4	622.3	625.6	610.1	603.8	601.7	595.4	585.6	572.3	569.5	561.1	553.5	551.3	531.5	528.9	528.2	524.7	501.6	477.6	501.1	523.3	524	526.8	466.1	360.7	296.7	255.7	242.4	243.7	242	246.7	248.9	256	284.5	248.2	182.6	162.8	208.3	253.9	249.6	258.6	259.7	254.8	272.8	307.5	327.1	336.9	344.5	348.5	357.9	363.6	368.7	375.7	378.2	382.5	396.3	411.1	418	422.8	435.8	440.6	447.8	467.8	480.2	498.1	506.2	511.8	519.6	511.2	508	510.6	497.8	490.2	469.7	450.7	447.1	429.5	393.7	362.7	346.1	330.8	328.2	325.7	327.5	332.8	339.7	348.4	365.7	380	400.2	444.5	467.4	484.6	495.5	489.8	471.7	453	424	402.7	384.8	358.7	334.6	322.4	315.2	311	312.8	319.4	322.2	327.8	338	336.1	346.2	372.6	392.9	421.7	451.2	472.2	479.3	491.1	506.3	508.1	502.3	509	516.5	509.8	504.4	501.3	501.3	498.4	490.5	488	483	478.5	475.2	464.9	454	447.6	434.5	415.8	392.1	380.6	376.5	363.9	347.9	340.5	329.4	320.8	310.4	303.6	302.3	292.8	286.6	281.9	271.1	253.5	238.1	226.8	200.2	164.1	115	96.5	126.4	166.1	183.6	188.8	183.3	190.8	185.2	175.6	177.7	178.8	177.8	217.7	303.8	386.9	477.5	504.6	512.7	511	506.4	513.3	513.7	502.3	501	489.7	462.1	488	500.9	500.2	499.1	482.6	474.8	495.9	508.2
651.4	635.3	633.9	619.9	611.5	611.5	591.2	594.3	584.2	572.4	569.5	547.1	546.1	547.1	538.7	528.2	526.8	524	520.2	521.9	519.1	521.2	524.7	506.2	458.7	373.9	307.9	263.9	250.4	252.8	253.5	266.9	268.9	260.8	263.2	248.6	200.1	180.2	223.7	255.3	245.3	259.8	257.7	250.5	269.6	299.6	321	332.9	344	350.2	355.7	362	362.4	370.5	377.6	382.8	399.4	413.4	423	427.9	433.3	446.2	456.3	477.5	490.3	496.6	506.4	508.9	510.6	507.4	486.9	478.1	474.8	466.2	461.3	455.3	449.2	427.5	389.4	358.1	334.9	327.3	317.2	317.9	322.2	329.2	334.7	351.2	368.5	377.7	390.7	435.5	469.5	485.7	501.7	495.3	474.7	457.3	437.6	409.6	379.1	355.5	339.5	324.4	313.5	302.9	298	302.4	310	320	332.3	334.7	336.1	355	381.1	411.1	431.8	448.9	468.5	489	507	522.1	513.6	514.6	513.7	499.5	500.7	503.1	497.8	496.1	486.4	481.8	476.7	468.4	467.3	462.3	448.6	445.9	435.1	410.5	393.3	379.1	362.3	352.4	341.7	336.6	326.7	321.5	310.2	299.1	288.8	283.9	283	280.5	266.4	248.1	234.1	219.8	204.5	164.6	119.7	109.5	135.6	171.4	186.4	179.6	156.7	168.7	177.2	174.7	178.5	179.2	186.8	235.9	303	377.2	463.4	503.6	536.6	519.7	503.4	509.2	511.4	505.3	504.4	501.2	494.5	498.5	508.5	502.9	492.2	495.5	470.4	492.6	495
646.5	632.5	628.3	615.7	610.8	604	592.1	594.7	582.1	575.8	569.5	534.5	543.8	549.1	538.7	528.9	526.8	524.7	524.7	521.9	519.8	521.9	524.1	515	470.1	385.2	307	270	255.4	258.9	254.1	272	272.9	267.4	262.1	263.9	235.7	190.8	227.5	255.9	250.6	260.3	257.6	249.6	262.5	288.1	313.7	332.9	341.2	341.8	348.1	353.2	353	369.1	380.1	387.9	400.9	411.3	423.2	436.5	444.7	455.2	466	480.9	497.9	503.3	505.4	504.8	497.2	495.7	476.8	466.2	467.7	457.3	445.6	443.6	440.1	417.1	378.6	357.9	342.3	329.4	327.8	329.6	331	332.8	340.9	354.1	365.1	380.4	401.7	440.4	471.1	486.7	503.1	497.2	471.8	452	426.1	409.6	379.7	355.5	342.5	324.2	315	302.8	295.7	301.8	306.9	315.8	328	328.7	323.2	339.4	367.4	400.4	421.2	437.6	457.6	477.5	501.9	508.9	511.5	509.6	501.1	495.6	498.5	505.1	497.3	492.2	480.8	477.8	475.1	473.1	469.3	456.8	446.1	446.3	434.9	402.4	387.1	375.9	358.3	348.9	339.3	325.1	319.9	314.7	302.6	296.5	285.3	281.4	279.4	272.8	256.6	243.9	229.6	215.6	200.3	159.1	118.5	114.1	127.4	156.8	166.5	151.1	138.1	163.9	167.4	167.3	179.4	213.2	259.8	272.8	302.3	379.8	457.8	501.4	534.9	518.9	503.6	506.1	508.5	505.9	505.2	499.7	497.3	501.1	511.7	509.1	494.9	495.9	487.2	481.7	491.7
654.2	636	624.1	618.5	615.7	606.6	602.4	593.3	580	579.3	542.7	532.7	554.1	525.9	525.1	528.9	526.1	524.7	524.7	521.7	511.1	518.5	521.4	522	512	438.1	331.6	289.6	272	272.3	272	284.4	288.4	286.4	283.9	266.8	255.7	214.9	231.8	257.7	247	250.8	252.6	247.3	260.5	280	308.5	324.7	328.9	335	339.2	342	349.8	371.4	387.4	394	401.1	416.3	428.6	437.6	449.5	453.8	468.9	484.9	494.8	499.4	500.6	490	478.9	478.4	476	465.2	460.5	463.5	447.4	431.1	419.6	401.5	372.6	349.4	328.2	316.1	320.1	325.7	329.3	334.7	346.3	358.6	362	373.7	400.5	438.1	472.4	500.3	510.1	504.9	487.2	459.6	431.2	410.1	378.3	359.3	346	330.9	315.5	302	292	294.2	291.2	297.5	309.2	323	327.7	337	354.6	385.4	407.3	418.4	442.4	463.8	477.3	490.6	506.1	495.2	504.4	509.9	514.1	503.7	493.5	491.8	483.3	471.6	466.2	472	468	460	453.9	431.4	410.5	386.1	378.3	370.4	358.3	346.2	331.6	318	318.1	308.7	298.3	292.6	284.4	277.4	269.6	262.1	249	233.5	225.9	214	199.6	158.2	123.1	131.4	147.4	153.1	137.2	125.1	136.3	172.6	180	174.7	196.8	246.2	278.7	280.4	310.1	392.6	453.4	446.9	475.1	510.9	514.3	506.4	486.9	508.1	495.2	466.9	486.8	498.1	505.4	508.4	487.4	501.5	496.7	467.3	467.9
654.9	636.7	623.4	621.3	616.4	606.6	603.8	591.9	580	576.3	549.3	530.5	556.3	531.8	512.5	529.6	526.1	525.4	523.2	517.9	490.4	511.3	521	524.7	523.3	475.4	380.4	307.7	278.1	281	279.8	281.7	290.4	297.3	294	280.5	275.9	281	272.2	260.7	246.3	240.5	242.2	246	259.2	276	299.5	312.3	312.3	325.2	330.1	340.3	351.1	367.9	381.8	391.1	400.4	417.1	423.5	439.1	452.7	453.2	467.6	483.6	491.3	497.8	492.5	482.4	474.6	469.7	470.1	458.5	449.9	452.1	437.4	416.5	403.3	385.3	372	351.6	336.5	339.1	341.7	336.6	332.5	338.3	347.9	355.2	357.4	372.7	400.3	447.5	476.6	495.8	508.6	511.5	485.9	463	440.2	401	375.7	355.8	341.7	329.3	321.8	312.2	311.1	310.2	306.4	310.7	309.1	311.2	320	331.3	351.3	374.7	393.9	403.5	423.2	444.3	460.2	474.8	480.7	481.4	493	497.7	505.1	504.4	490.1	488.8	480.8	467.1	457.4	464	456.2	456.1	450.5	426.8	404.6	382.2	365.2	360.2	354.1	345.6	327.7	316.9	316.2	309	295.1	288.4	282.4	273.3	261.1	256	243.7	230.9	221.7	215.9	204.3	174.4	142.9	165.2	206	207.8	176.3	156.6	174.6	230.1	254.5	266.7	279.7	279.8	279.2	281.8	304.6	373.8	448.4	456.6	461.8	489.8	508.5	499.3	480	498.1	507.9	487.1	470	474.7	503.6	484.5	479.2	486.5	473.1	468.2	470
646.8	622.2	626.2	629.7	622	614.3	607.3	590.5	571.8	564.9	566.1	561.1	561.1	554.1	544.3	530.3	526.8	520.2	517.9	514.8	512.7	518.4	521.2	524	519.3	501	359.8	303.1	297.5	299.1	296.6	298.9	296.6	297.5	302.7	300.8	287.6	282.8	316.2	298.9	250.8	227.2	230.7	245.2	255.2	271.1	295	304.6	308.5	319.6	329.8	343.8	350.7	363.9	377.2	390.8	403.3	407.3	419	437	441.9	442.3	452.1	462	472.4	473.7	474.4	465.9	462.8	461	452.5	445	440	437.2	420	407.3	395.3	378.1	354.9	331.1	321.4	343.4	364.6	362.5	354.7	354.3	357.6	358.9	360.4	370.8	395.7	445.6	486	504.5	517.7	518.6	495.6	469.8	430.7	397.9	369.6	350.3	337.3	328.6	321.3	319.3	321.4	322.2	322	314.9	295.4	286.7	302.9	325	347.8	374.7	391.7	396.8	410.9	431.6	445.6	465.4	469.7	467.8	480.8	495.3	512.2	497.3	477.2	476.3	468.1	449.1	453.4	465.4	447.5	442.4	438.2	415.6	397.1	367.3	355.7	354.3	344.7	330.4	323	316.8	306.6	296.9	285.6	281.4	274.6	266.1	259.4	249.4	238.5	228.6	221.5	212.5	203.1	163.8	140.6	200	232.8	202.2	198.7	212.6	228.1	262.1	289.9	297	297.7	304.6	304.3	302.5	353.3	467.5	482.9	447.6	460.1	502.7	497.4	485.2	495.8	496.6	500	467.5	445	489.3	484.6	467.5	472.3	488.2	503.2	500.7	504
639	623.4	626.2	632.5	623.4	615	605.2	586.4	575.4	572.3	569.6	561.1	560.4	553.4	544.3	533.1	525.6	518.9	518	515	516.3	512.7	518.5	512.5	518.3	502.7	366.2	305.3	299.7	304.2	303.4	305.4	299.1	299.5	304	299.3	291	285.2	324.6	344.5	328.1	295.7	266.1	248.4	252.5	262	283.9	294.2	300.4	312.6	327.6	339.2	350.7	364.9	372	380.9	395.1	405.5	413.9	429.1	435.8	439.5	441.8	446.1	454.4	451.8	452.8	447.5	444.6	440.5	437.8	432.7	425.1	420.9	417.5	408	389.4	372.7	354.2	336.2	338.2	356.6	373.2	363.2	354.1	358.4	357.8	356.4	355.4	363.3	384.6	420.5	453.9	479.4	495.3	494.2	484.1	461.7	429.8	400	372.8	353	339.1	331.7	330.5	328.2	333	334.7	331.4	323.4	303.3	281.8	298.5	325.1	346.7	371.6	387	393.5	397.4	419.5	432.8	453.9	454.5	444	456.7	474.3	488.4	481.9	464.7	458.4	454.8	441.8	442.1	448.4	439.6	434.5	428.1	407.4	389.2	363.5	347.4	346.1	335.2	321.4	318	313.9	300.8	291.7	280.9	274.4	269.7	259.8	250.1	240.8	232.4	223.1	218.5	212.3	203.4	167.9	159.6	244.5	262.2	250.1	258.3	269.4	277.2	298.8	310.9	302.9	305	309.8	310	306.1	367.8	468.5	476.3	448.9	450.5	489	502.9	499.5	506.1	496.1	492.4	461.1	448.5	486.6	498.4	482.6	484.4	499.7	500.8	499.4	502.2
647.2	630.3	632.1	635.3	620.8	598.2	589.4	589.1	583.5	576.5	568.8	564.6	563.9	556.2	547.1	533.7	521.3	515	519.6	523.8	506.2	508.8	514.9	505.4	513.5	498.4	406.9	331.3	310.2	318.2	322.4	323.8	312.5	300	298.3	298	287.8	284.7	328.3	344.7	324	316.5	277	245.4	247.2	256	272.4	288.3	296	305.2	315.5	325.9	335.7	351.7	358.4	369.1	385.8	403.4	414.9	419.2	423.8	427.3	425.3	437.8	440.5	433.9	437.6	433	425.8	423	428.8	425.4	418.6	415.6	410.3	403.1	383.3	357.1	335.1	324.8	354.9	387.6	384.6	372.7	365.7	362.7	357.7	350.4	345.2	353.8	374.5	404.3	430.5	449	457.5	462.9	456.7	438.4	418.7	394.5	370.7	350.7	337.9	332.2	328.3	328.4	338.3	337.3	332.7	327.2	313.7	280.6	273.3	303.6	327.6	354.9	376.7	388.1	392.5	410.1	422.6	434.7	435.9	430.1	431.8	443.2	449.8	444.7	438.6	437.8	442.4	451.4	439.6	428.2	429.2	418.1	416.5	401.8	384.1	362	343.4	338.2	326.8	315.3	306.2	302.6	294.6	285	278.8	271.4	265.3	257.2	242.1	232	225.6	215.2	211.6	206.7	205.4	177.1	163.5	229.5	263	274.1	282.8	283.5	283.1	306.3	324.6	317.2	317.7	321	315.4	323.7	413.5	474.7	478	471.7	447.9	491.8	506.6	507.8	500.4	494.5	492	465.2	438.9	456.9	478.3	491	504.8	502.7	499.9	499.5	500.8
653.5	633.9	629.9	632.5	619.2	600.4	595.6	587.1	576.1	577.2	565.2	565.3	566.7	558.3	547.1	532.2	520.8	515.4	522.8	517.7	504.8	520.5	521.2	519.8	519.8	509.6	443.6	352.3	312.1	322.4	332.4	341.7	329.3	309	293.5	293.5	284.2	282.2	331.1	346.5	328.2	317.8	284.3	246	241.3	251	262.6	279.5	289.6	298.3	308	311.2	324.7	342.1	353.9	367	375.8	387.7	401.7	413.5	420.6	419	416.9	429.8	433.5	419.7	413	413.3	408.9	409.4	412.1	413.2	414.1	410.5	402.9	400.4	379.9	357.1	329.1	328.6	363.4	384.6	377.5	374.1	365.7	356.2	347.9	331.5	329.9	345.4	358	378.9	401.2	413.6	416.3	421.9	418.7	409.7	396.1	380	356.8	340.7	335.9	326.7	322.2	326.8	336.1	334.6	325.5	321.1	312	286.7	273.8	296.5	323	344.6	370.2	379.8	385.3	398.8	408.6	421.1	418.5	418.3	420.2	424.2	424.1	424.5	417.9	422.8	431.2	436.9	421.4	417.6	419.5	404.7	399.7	391	371.2	351.6	331.7	324.3	313.4	305.1	295.6	293.6	290.4	279.6	273.7	263.1	258.9	251.1	238	229	220.3	209.8	208.6	208.5	209.3	187.4	166	224.9	263.8	275.9	284.5	282.7	282.2	299.7	329	322	317.8	320.6	315.4	333.3	428.6	482.7	486	469.2	446.4	482.8	506.6	504	483.6	485	494.5	476.8	451.8	460.4	471.9	484.3	509.1	511.3	500.8	498.3	495.2
660.4	647.1	640.9	632.5	624.1	608.7	595.4	590.5	585.8	574.7	569.1	569.5	547.9	551.4	548.5	538.7	533.8	528.3	524.7	517.4	521.2	519.1	520.5	516.9	519.1	519.2	477.6	423.7	338.8	330.1	343.6	359.4	345.6	317.3	295	288	283.5	286.2	329.1	338.7	326.3	316.5	298	266	246.3	241.9	250.8	272	292.7	293.2	287.9	300.5	314.1	325	341.3	350.1	352.9	369.8	393.2	400.1	400.9	408.6	410.2	417.7	419.9	413.9	403.9	394.7	396.4	403.8	404.8	406	407.9	400.9	387.2	372.2	356.2	338.3	322.4	328.4	363.8	381.5	366	355.9	347.4	333.4	322.5	313.3	318.5	337.5	350.4	353.2	364.2	376.3	387.5	391.6	393.3	385.6	368.2	348.9	334.5	318.3	308.2	301.8	305.3	316.1	323.7	329.9	333.9	326.8	309.9	292	268.7	265.8	286	319.8	354.2	372.8	388.9	391.7	394.7	404.9	405.9	410.8	402.4	405.6	406.2	407	413.4	413.3	420.2	419.4	412	409.1	405.2	398.9	397	392.6	370.9	353.8	336.3	321.1	313.8	299.8	287.8	283.3	281	274.4	267.8	260.4	252.5	247.9	239.9	227.8	219.7	212.1	207.2	205.7	207.4	192.8	152.8	170.1	242.1	263.9	273	275.4	278.2	319.3	347.5	331.9	322.6	322	323.5	359.9	444.1	482.3	490.2	488.9	459.2	445.6	467	497.5	499.8	492.1	498.6	502.9	501.9	500.7	487.3	468.4	492	503.5	495.2	479.3	475.9
668.5	650	643.7	633.9	622	608.7	594.7	589.1	582.2	573.8	570.9	556.9	541.6	556.8	549.9	538.7	533.8	528.2	524.7	521.9	520.5	519.1	519.8	518.1	519.1	520.6	481.5	438	350	324.6	343.7	363.4	347.5	322.9	296.8	284.8	279.9	287.5	331.9	338.6	324.2	312.7	259.6	214	226.2	236.9	249	266.9	285.3	287.2	279.2	291.1	303.1	320.5	332.7	336.1	343.2	363.9	384.9	389.5	389.4	397	401	410.7	411.7	407.2	397.1	385.5	385.8	396.7	397.3	402	404.3	396.5	385.8	369	355.1	337.6	320.1	329	355	361.6	346.4	335.2	325.1	311.9	297.1	285.5	289.7	315.3	330.8	334.1	340.2	348.6	358.5	365.3	366	359.7	335.1	312.5	304.5	293.3	281.7	278	288.1	301.1	310.2	313.6	315.2	306.5	295.5	280.5	260.9	262.5	284.5	318	347.1	370.8	386	388.1	391.8	389.6	392.4	400.6	389.9	388.7	386.1	401.9	405.1	396.9	409.2	408	400.1	399.8	401.2	392.4	386.5	377.1	366.4	348.3	329.4	321.2	308.1	291.1	285.2	279.6	274.5	267.7	259.2	254.4	251.5	243.2	230.1	219.4	213.8	209	203.4	202.2	203.4	196	173.1	194.2	251.3	261.8	274.6	276.7	283.5	323.7	351.6	337.5	323.4	322.4	324.6	363.7	439	482.2	496.6	496.8	469.6	457.3	471.7	490.4	489.2	496.6	492.5	501.6	502.8	502.3	498.2	473	491.1	499.4	494.2	473.6	467.7
676.6	654.9	650.7	640.9	619.9	604.5	589.8	584.2	583.5	571.3	552	559.8	545.2	559.7	550.6	540.8	533.7	530.3	526.8	524	520.5	519.1	518.4	511.6	505.9	514.1	482.9	460.9	405.2	333.1	339	367.3	347.8	323.6	308.5	290.7	281.9	300.3	329.7	328.9	319.7	309.3	256.9	202	216	227.7	241.3	258.7	272.7	278.6	281.8	290.8	301	316	319.6	315.9	328.2	350.1	367.8	379.8	391.1	396	399.1	399	398.1	401	397	384.4	379	383.2	389.4	389.7	383.2	370	366.1	359.2	345.1	333.6	328.3	333	339.2	329.7	312.1	303.6	294.4	282.4	266.1	255.3	259.8	283	308.3	317.2	320.7	322.3	336.8	364.2	360.2	356	342.4	299.5	283.3	269.5	257.2	257	269.2	280	288.7	291.3	296.6	296.6	286.8	270.9	255.7	253.8	274.8	307.7	332.3	342.6	354.5	377	385.6	386.3	389.6	389.3	386.2	386.8	383.8	397.2	394.6	391.5	405.1	397.8	398.4	397.7	399.2	394.6	378.8	359.4	350	327.7	310.7	311.8	296.9	280.7	275.5	265.7	264.6	258.2	249.5	248.1	243.6	229.8	219.9	213.6	212.6	205.9	200.4	200.7	200	195.5	196.2	208.9	249	258.4	267.6	275.5	282.2	323.6	357.6	347.2	329.7	326	340.8	420.8	469.7	485.4	492.6	494.6	493.5	495.6	501.1	496.8	463.3	452.7	483.7	493	503.8	507.9	510.5	505.8	474.1	495.3	504.4	502.7	491.4
680.1	661.2	656.3	641.6	619.2	600.8	591.2	585.6	583.5	570.9	557.5	570.9	554.9	559	549.3	534.7	533.2	531	526.8	524.7	521.2	519.1	517	512.8	484.7	516.4	492.6	463.7	434.6	344.5	336.2	359	344.4	320.9	308.3	292.2	284.7	309	333.5	324.2	318.7	308	258.6	197.8	209.6	221.3	235.2	250.6	259.9	270.7	274.9	281.2	296.3	307.4	312.6	312.4	322.4	343.2	357.9	369.4	378.2	386.9	389.4	390	386.4	386.9	384.5	380.8	376.6	373	385.9	386.9	375.7	360.3	362.9	360.7	342	334.5	336	334.1	319.9	293.9	272.5	264	252.4	239.1	225.9	224.3	234.3	253.1	277.7	288.3	291.6	298.5	308.5	331.6	326.3	322.2	320.7	273.1	256.3	242.2	230.2	233.5	254.5	264	263.8	262.5	267.1	268.7	258.6	254.3	262.1	261.8	282.3	313.3	335.8	347	353.7	366.3	378	380.8	385.3	383	378.5	384.3	379.9	380.9	384.7	385.8	395.8	393.2	393.8	391.2	389.2	378.1	363.1	346	334.4	319.5	305	303.4	295.5	276.5	264.7	260.2	257.9	254.5	250.1	244.8	236.3	225.6	215.4	211.2	208.4	204.2	200.1	199.7	200.2	196.1	206.3	217.8	246.8	262.7	268.1	270.4	285	330.4	355.8	338.3	327.6	325.9	348	433.5	470	487.2	493.8	494.2	493.3	493.8	499.4	495.6	473.6	458.1	473.2	491.4	501.4	507.7	512.9	508	481.4	492.6	506.3	503	501.6
681.6	675.9	672.4	652.1	632.5	619.9	594.8	591.9	583.5	577.2	573.7	570.2	566.7	557.4	548.1	542.5	538.7	531.7	522.3	525.4	521.9	519.1	517.8	479.1	465.7	518.7	508.9	471.4	461.7	389.5	332.2	340	328.6	310.4	300.4	295.1	292.9	318.2	331.5	322.4	319.2	309.5	250.2	185.2	196.4	212	228.8	240.2	242.5	253.3	260.4	272.5	286.5	293.2	299.2	305.5	314	327.5	339.7	363.4	373.8	370.4	373.5	375.9	377.7	380.8	377	374.5	375	375.3	382.1	372.6	359.5	354.2	352.9	353.7	347.2	334.6	338	334.6	303.7	259	233.6	222.6	209.1	189.8	169.8	170.6	189.6	217.5	245.8	263.4	273	280.8	287.6	284.3	288.5	295	281.9	254.6	234.5	210.3	189.3	195.2	214.9	233.9	241.8	242	243.2	241.9	235.1	240.5	253.4	262.2	282.7	310.1	328.1	333.7	336.4	345	358.1	365.6	371.1	376.4	377	370.7	362.6	368	371.4	381.8	380.5	377	380.7	374.1	366.3	353.7	340.7	332.7	322	309.1	298.8	292.3	283.8	271.8	256.9	253.3	254.3	246.5	243.4	237.6	236.4	228.3	215.8	211.3	207.3	203.3	198.3	197	197.9	197.6	214.8	227.1	260.4	271	268	264.3	282.2	329.2	349.5	326.3	315.2	328.2	371.7	429.2	480.8	497.7	500.1	497.9	493.4	494.5	491.6	489.6	484	466.5	464.2	467.2	474.7	488.8	503	502.4	495.1	493.5	494.2	495.6	503.5
672.2	671.7	673.8	650.7	632.5	619.9	600.7	591.2	582.1	575.9	571.6	569.5	566.7	556.9	550.8	548.5	538.7	528.6	522.8	525.4	521.9	516.2	505.6	471.3	473.3	520.5	514	481.5	465	404.9	342.3	344.1	322.3	310.1	301.5	297.8	299.7	324.1	330.5	321.7	317.1	308.4	261.3	205	195.2	211.5	222.2	228.6	234.6	249.1	254.7	263.8	276	280	286.2	300.4	314.4	323.4	334.3	350.4	358	356.5	356.5	359.7	364.5	362.6	361.4	364.4	365.2	371.5	377.5	366.7	353.1	348.2	346.9	345.4	338.6	327.3	332.3	330.3	297.3	250.1	220.4	198.9	175.7	145.9	126.4	129	150.7	176.2	210.6	234.3	245.6	252.7	259.2	253	254.5	262.7	251.5	229.1	200.9	173.4	156.8	158.1	171.4	191.1	208.5	212.4	216.1	213.7	210.2	231.9	251.9	266.7	284.2	308.3	325.3	334.5	344.1	351.8	354.6	353.3	356.9	361.1	359.8	359.7	353.7	351.2	354.9	366.7	369.2	363.8	364.2	359.9	352	339.7	328.4	319	310.8	295.8	291.1	287.7	277.9	267.3	257.7	251.5	250.3	243.2	240.2	230.9	229.7	224.3	216.5	211.5	206.6	201.4	195.9	193.8	200.4	207.7	226.4	238.2	272.7	277.4	270.5	267.3	290.1	331	345.3	332.1	317.2	330.5	383.8	427.7	478.4	498.9	503	503.8	496.6	494.5	493.5	488.2	487.3	467.8	468.9	472.2	469.4	485.2	507.3	503.8	496.3	495.7	489.1	488.8	492.5
675.2	676.6	679.4	659.1	634.6	620.6	605.4	592.6	584.3	578.8	574.4	572.3	568.8	558.3	554.8	530.7	505.3	514.8	500.4	513.3	516.9	508.5	510.5	502.9	511.9	519.1	520.5	500.2	474	421.4	356	354	327.9	308.5	304.3	307.7	309.6	328.1	339.2	327	319.9	308.9	237.8	176.4	182.4	197.8	212.2	219.5	227.8	246.5	253.4	260.2	273	277.3	285.5	303.8	315.6	321.3	324.5	331.4	328.2	332.4	343.2	343	346.7	350	353.8	354.6	351	354.1	358.1	360.1	356.6	352.7	350.6	345.7	335.8	323.7	326.8	321.8	285.4	234.4	202.1	177.6	146.2	116.3	108.2	118.9	132.7	154.1	176.5	200.1	217.3	227.2	226.8	224.7	223.9	217.6	207.1	190.6	171.1	157.4	145.3	138.5	137	146.3	168.2	184.1	196.1	199	214.6	239.6	247.9	253.3	275.4	302	321.6	336.7	336.2	333.9	332.9	329.4	338.8	344.2	340.8	343.1	343.7	345	349.4	353.2	350.3	348.6	348.3	339.9	334.8	332	321.6	304	294.5	284.4	279.5	274.7	269.8	261.2	252.2	246.4	244.6	239.5	229.1	222.2	220.6	221.3	214.3	207.7	203.9	201.3	195.9	195.8	203.8	224.5	260.6	307.7	309.5	295.8	281.3	271.2	279.7	305.9	335.1	335.5	329.3	341.6	395	446	465.3	478.1	483.6	498.5	496.2	493.4	498.1	502.9	498.6	484.5	487.2	489.7	491.2	492.8	488	495.4	484	499.5	496.5	497.8	500.8
684.3	680.8	676.6	654.2	633.9	618.5	604.6	594	588.4	583.5	575.8	573.7	568.8	559	554.1	511.8	508.5	527.2	516.5	522.8	515.2	513.4	510.8	504	515.4	519.1	519.8	507.7	475.9	420.1	364.6	353.5	330.8	308.6	302.7	305.8	310.9	328.3	338.5	330	319.2	314.1	262.8	189.5	178.3	190.7	205.7	214.1	223.8	241.1	249.2	259.3	270.3	273.5	280	288.3	297.1	309.1	313.5	313.2	307.1	313.9	324.6	326.8	331.2	339.7	345.3	354	354.8	347.2	347	345.4	340	336.6	323.5	321	315.3	313.8	313.6	297.3	261.3	223.3	195.4	167.2	138.3	117	108.7	116	127.1	139.8	157.4	176.4	196	205.9	205.6	205.5	205	200.2	188.4	173.6	162.3	150.8	138	129.5	122.8	125.1	141.4	163.3	173.4	190	215	228.9	236.4	243.1	263.2	287.1	310.4	320.9	319.7	331.6	337.5	334.4	334.4	331.1	322.6	326.2	335.6	332.6	338.6	336.9	339.7	339.1	337.3	337	327.8	322.3	314.2	300.6	290.6	277.4	274.1	269.6	261.8	256.4	242.4	239.8	235.7	232.5	224	219.2	215.5	211.9	209.2	205.6	203.2	200.4	195.7	198	212	229.5	274.3	333.8	321.7	303.4	287.7	279.6	293.7	314.8	332	336.1	333	348.9	391.3	445.5	473.1	471.2	480.6	494.8	494.4	491.5	492.9	497.1	501.4	490	490	489.1	488.4	493.6	483	483.5	484.3	497.4	494.9	496.6	501.2
685.7	673.8	660.5	640.9	631.8	619.9	610.1	602.4	596.1	589.8	579.3	574.4	569.5	561.1	556.9	524.1	543.7	533.8	530.3	526.8	520.1	521.9	520.5	518.4	515.6	508.9	485.4	510.9	485.3	411.6	369.3	351.9	347.5	338.2	324.8	307.2	309.9	328.2	336.5	334.9	324.7	313.8	273.4	193.5	173.2	182.3	191.9	200.9	212.8	228.7	245.6	259.6	264.7	268.5	271.5	278.3	286.4	293.6	297.5	294.5	295.9	306.3	315.3	315.8	318.8	324.1	332.8	342.3	344.9	338.7	341.3	339.5	331.9	329.9	319.2	314.7	316.6	321.3	314	284.1	244.7	217.8	190.6	170.1	149.4	133.2	128.5	129.1	132	142.5	152.3	163.1	175.4	180	182.8	184.3	186.4	181.5	172.3	164.4	156.2	148.5	139.8	131.4	121.2	117.2	116.8	131.7	150.7	174.5	204.8	223.2	227.3	241.4	270.9	295.4	314.8	323	323.8	327.4	326.4	323	320	318.3	313.6	312.9	324	330	326.8	322.7	323.3	327.3	326.3	324.8	315.6	309.5	301.6	295.7	284.5	271.1	270.7	264.9	257.7	247.4	233.8	233.1	228	225.8	222.8	218.9	214.4	210.7	207.7	207.6	200	198.5	196.5	200.4	217.2	236.4	279.4	336.2	332.5	313.4	296.6	289.1	303.2	320.6	340.3	343.7	338.7	372.4	402.2	432	477	498	497.8	501.7	494.5	476.1	469.7	479.4	494.1	489.4	464.6	469.2	489.4	491.2	486.4	479.4	479.2	500.5	502.9	499.7	489.2
688.5	671	654.9	638.8	630.4	619.2	614.3	608.7	598.2	590.5	580	574.4	568.8	561.1	548.8	541.9	545.8	533.8	531	526.8	520.1	521.2	519.8	517	516.3	504.4	485.8	519.8	498.1	419	371.3	348.5	346.6	351.3	343.7	317.1	315.6	331.1	337	331.7	317.8	311.3	288	210.7	171.2	177.7	188	193.7	205	222.7	240.4	258.1	258.2	256.7	264.3	271.9	273.9	280	280.6	276.4	276.3	290.3	300.8	308	312.9	316.3	323.4	330.7	332.1	331.1	330.3	320.1	314	314.2	308.8	305	306.2	305.5	296.2	265.7	225.4	197.8	183.9	171.5	155.1	140.7	136.1	136.1	135.2	141	148.9	155.5	161.2	163	167.9	169	169.8	167.5	161.8	156.7	149.9	142.7	133.7	123.7	115.1	113.5	115.9	127.3	146.4	169.4	187	203.2	211.3	223.4	260.9	289.7	302	313.1	307.7	299.1	303.5	302.6	302.4	303.1	306.6	308.6	310.6	317.4	318.8	315.6	313.1	317.1	313.1	306.8	302	297	289.7	285.1	276.5	267	263.8	260.2	254.6	239	227.2	227.3	225.8	224.5	222.3	217.6	216.6	212.3	204.9	205.4	198.9	195.3	194.6	204.6	228.9	256.3	311.4	335.1	332.1	313.1	300.8	302.2	315.6	324.6	339.8	344	339.1	383.9	426.2	436.1	463.2	482.4	496.9	499	499.6	470.6	459.8	474.4	482	487.5	463.2	449.6	476.4	491.5	488.2	489.6	483.4	495.6	509.6	502.2	495.9
688.5	685.7	661.9	654.9	650.7	641.6	629.7	609.3	602.7	596.8	583.5	573.3	571.6	566.7	555	557.7	554.8	542.2	533.8	525.1	521.1	524	523.3	519.2	517	516.3	513.6	514.8	479.4	453.1	394.9	344.5	336.3	342.2	353.4	341.7	343.4	349.3	336.9	327.6	311.8	299.5	285.2	227.2	168.8	168.7	180.2	187.9	195.6	212	229.5	244.9	246.5	247	251.2	256.4	262.9	268.9	270.7	263.4	264.3	278.5	288.4	299.7	303.6	305.9	311.6	320.6	323.5	317.3	318.7	315.6	311.2	307.3	307	301.3	299	300.8	296.1	280.2	233.3	183.9	167.5	161.9	151.8	143.2	137.1	128.7	125.1	128.9	138.9	147.6	152.6	157.1	158.4	156.3	154.1	154.2	155.5	155.1	150.6	144.7	137.4	135.4	130.4	124.6	124.3	123.6	136.5	156.6	169.2	186.8	209.7	235.6	264.2	284.9	289.3	301.6	301	296.4	297.4	295.7	298.4	301.3	304.9	307.1	308.1	307.3	309.5	305.9	302.6	304.5	298.3	294.4	288.1	281.6	277.8	275.8	272.3	269	261.9	257.8	250.6	242.4	223.9	218.9	224.5	220.4	213.7	214.2	212.6	209.1	203.9	203.4	199.2	196.2	193.2	205.2	232.6	265.1	323.8	345.5	348.3	326.6	314.6	326.9	342.6	348.7	346	343.6	357.2	438.9	485.3	474.5	477.3	485.3	479.1	492.7	494.8	493.9	473.9	482.5	489.7	489.3	472.4	463.1	476.5	497.1	498.1	499.5	505.3	512.2	518.9	516.4	513.6
688.5	676.6	657	661.2	653.5	639.5	626	601	605.2	589.8	576.5	571	568.8	563.9	559.3	555.5	549.2	535.9	529.6	522.5	518.3	522.4	520.6	514.9	513.6	514.3	509.3	508.9	487.4	477.1	411.1	348	333.1	333.4	341.6	337.9	348.5	349.6	334.3	326.9	311.7	297.8	289.6	227.2	171.9	175.7	183.4	189.3	200.6	214.9	228.3	240.8	242.1	243.1	246.5	249.8	254.4	260.3	260.9	261.3	268.5	279.4	284.1	289.6	295	300.1	301.2	311.9	313.7	302.2	301.2	304.2	305.5	305.7	300.3	292.1	291.9	286.8	278.9	263.3	213	172.7	165	165.9	160.5	151	143.2	135.4	136.6	136.7	142.9	154.1	159.6	160	157.3	154.2	153.8	151.9	154.1	155.8	150	145.6	142.8	144.2	141.4	141.8	134.9	132.7	145	150.1	157	171.5	203.3	236.9	260.4	268.9	271.6	280.5	285	284.4	275.8	277.8	290.6	296	303.1	310.4	303.9	300.2	295.4	294.8	292.6	291.4	289.2	283.2	277.1	272.9	265.5	264.7	262.5	255.9	252.2	251.5	242.7	228.9	219.2	212.9	216.1	214.1	209.4	211.7	206.9	202.7	202	198.8	195.8	192.5	188.6	201.8	229.2	256.6	307.2	352.6	356.4	334.2	333.4	346.1	351.1	350.5	346.3	335.9	367.7	455	485	484.7	489.7	495.7	492.7	491.7	492.9	496.2	492.6	484.5	487.4	490.8	489.6	478.7	489.9	496.9	498.7	497.7	497.2	506.6	514.4	516.3	521.3
687	688.5	688.5	685	662.6	645.1	620.5	615	608.6	594	565.5	571.1	569.8	564.6	559.2	538.1	527	529.9	525.3	517.8	514.3	521.5	521.2	516	500.8	487.7	478.9	507.1	516.4	505.7	468.3	385.4	346.4	338.9	334	333.5	342.2	341.9	332.8	319.8	305.7	300.3	288.9	219.6	173.5	170.6	181.3	185.9	192.9	208.1	220.2	232.3	236.9	243.7	249.9	246.9	246.7	252.8	256.3	258.1	261.1	262.4	270.4	275.8	281.4	285	291.7	297.6	294.4	289.6	295.4	300.9	305.2	302.7	294.1	288.7	286.5	283.9	280	266.1	241.8	206.9	186.6	182.6	185.4	184.6	179.4	176.8	181.6	170.9	162.4	166.2	169.7	165.2	161	156.2	155.5	155.9	159.9	166	173.2	183.7	186.1	181.4	177.2	168.6	159.2	155.8	158.5	161.9	182.1	205.6	230.6	247	257.4	264.4	264.7	270.3	277.2	271.7	264.1	269.9	277.8	283.9	289.3	290.7	292.9	292.9	284.3	283.4	285.3	279.2	273.2	273	276.3	268.8	258	258.5	253.2	250.5	249.7	247.1	238.2	221.9	212.5	211.4	211.3	209.1	209.6	216	212.4	204.9	203.6	200.1	195.6	193.6	189.8	203.1	225.3	256.7	312.4	356.9	359.7	347.2	348.9	345.2	341.8	337.3	342.7	344.2	418.1	492	488.1	486.5	488.5	492.3	495.2	495.3	495.5	495.3	492.1	480.1	493	499.5	503.5	502.3	501.4	479.2	490.5	496.6	497.4	494.7	507	517.4	519
682.8	687.6	688.5	686.4	659.8	644.7	622	614.3	606.4	594.7	574.6	571.6	572.6	566.7	561.8	528.1	523.2	535.6	524.1	514.9	512.9	518.2	519.4	499.8	484.2	484.1	474.6	504.4	514.3	508.7	483.9	395.9	344.6	338	329.5	332.8	339.5	340.8	332.8	316.5	305.2	301.2	302.7	248.1	185.9	171.9	179.8	181.8	191.7	204.8	217.6	228.9	233.9	239.9	242.9	245.4	245.2	250.7	253.9	254.6	253.1	256.4	264.6	272.9	277.7	280	284.1	282.4	281.4	287.9	295.7	299	295.6	288.2	286.5	289.5	290	285	280.9	267.8	247.1	219.4	202.2	200.1	201.9	200.9	197.1	191.4	197.9	189.8	183.1	180.7	178.3	175	170.4	167.9	163	164.9	173.2	180.9	189.1	201.3	203.9	200.6	194.2	185.5	177.3	173.5	174.6	176.5	194.3	216	231.9	246.8	253.2	259.9	259.2	263	267	264.2	259.8	263.5	271.1	276.2	277.1	276.6	285.6	287.9	282.7	281	281.5	269	264.1	266.8	266.2	264.8	254.6	248.2	246.4	242.8	239.7	233.7	226.6	220.4	214.3	209.7	208.4	209.8	208.7	209.6	209.8	204.9	200.4	199.3	194.8	194	190.6	204.7	223.7	279.4	348.3	354.3	355.1	358.3	351.3	336.3	329	332.7	341.4	351.6	434.9	493.2	490.7	482.7	481.8	489.1	495.6	495.9	498.3	501.2	490.8	471.7	493.5	501.6	506.8	503.1	501	471.4	476.5	495.1	496.3	502.7	506.6	514.6	518.7
687.3	688.5	683.1	663.4	647.9	636	624.7	620.5	606.6	594.8	582	576.8	576.5	572.3	566	553.6	558.3	543.7	517.9	512.8	522.8	524.7	521.2	513.1	506.5	516.3	514.2	514.9	507.4	508.7	498.3	460.5	367.9	337.2	330.6	329.3	334.5	338.2	331.2	314.4	313.9	324.9	308.4	260.1	194.6	162.9	171.5	176.9	186.4	196.7	210	219.3	226.5	233.1	235.9	240.1	239.1	240	243.8	252.7	255.9	258.5	264.6	269.4	272.7	275.2	272.6	270.3	276.1	280.8	284.9	285.5	281.3	276.8	274.5	275.7	275.7	274.9	272.3	263.3	254.4	245.5	230.5	209.5	203.6	208.8	209.6	204.2	204.4	208.4	210.1	212.9	210	214.6	214.3	211	201.1	203.3	209.1	213.6	223.8	231.9	228.7	220.5	209.3	203.2	203.5	212.7	220.2	219.6	225.4	233.6	239.3	244.3	246.4	251.9	252.1	258.7	262	260.3	250.2	250.5	255.8	259.3	263.8	269.6	277.9	283.6	284.6	277.3	271.4	262.3	259.3	258.4	255.2	257	257.1	248.7	245.1	239.6	231.2	224.1	221.1	221.7	217	209.5	207.6	206.9	205.8	203.8	202.8	193.8	193	197.2	196.1	209.9	209	203.5	221	284.5	344.5	348.5	347.5	349.8	340.2	328.4	331.2	342.9	351	402.8	476	485.4	483.8	481.2	469.5	495.4	493.2	491.5	494.9	505.1	502.4	475.5	486.9	496.5	499.9	504.7	508.1	504.3	490.8	501.8	498.8	503.4	517.3	533.4	521.9
688.5	688.5	669.6	668.2	654.6	633.1	620	622.1	607.8	594.9	585.6	579.3	575.8	573.7	568.8	561.1	559.5	541.8	519.7	516.8	524	524.7	521.2	521.2	519.8	516.3	514.9	515.6	512.1	513.3	508.1	489.9	397.6	339.5	325.4	327.2	334.4	336.9	330.1	317.1	318.9	328.8	315.1	278.8	201.3	164.3	167.4	171.8	185.5	190.8	203.4	215	219	219.8	230.1	235.7	234.6	232.5	239.2	246.9	250.6	251.5	258.7	264.6	263.1	266.9	264.8	265.4	271.4	274.9	280.7	281.8	275.3	275.1	275.4	277.4	281.7	273.6	269.3	264.4	260.3	255.9	241.2	217.6	211	210.9	211.8	207.8	205.6	213.6	224.8	220.7	223.9	232.3	229.4	226.4	220.5	217.4	220.8	229.5	239.5	246.5	239.4	227.6	219.3	212	218.6	226.2	230.1	231.7	234.3	239.7	246	248.2	245	251.1	257.4	259.4	255.4	248.9	241.3	242.9	246.7	247.5	254.1	259.7	265.7	270.6	269.5	270.8	265.3	261.4	257.5	251.1	248.1	249	250.8	242.4	239.5	240.9	232.3	222.4	215.2	212.5	210.5	206.8	205.4	206	207.3	201.2	195.3	189.7	190.2	195.6	195.3	211.4	228	218.8	250.4	326.9	343	347.8	347.1	348.5	337.7	331.2	339.6	346	360.9	434.2	480.5	487.6	483.1	481	473.6	493.1	493	489.8	492.5	497.2	499.8	485.6	487.1	497.4	498.2	501.9	508.2	507.8	502.4	507	501.2	507.1	525.7	538.9	527.1
688.5	688.5	688.5	680.7	668.3	661.2	645.4	635.9	625.5	600.4	594.7	583.5	581.4	579.3	572.3	560.2	550.2	545.1	532	526.1	525.4	525.4	523.3	517.6	514	516.6	514.9	513.5	512	515.2	512.8	498.8	444.8	368	327	327.4	338.6	345.8	345	352.7	349.3	342.7	320.1	291.9	209	161.7	160.3	165.7	178.5	188.9	198.2	205.9	210.7	211.2	219.2	225.8	226.8	229.5	236.3	239.5	243.5	246.2	250.6	258.3	259.7	265.2	262.6	261.7	267.2	272.2	276.8	272.7	258.5	265.6	269.1	267.7	269.1	263.9	262.3	253.3	250.5	257.5	246.6	235.8	231.8	228.3	229.7	220.9	216.9	227.3	235.6	240.3	245.3	251.6	254.8	249.1	241.5	235.9	241.3	252.7	269	269.4	256.5	244.5	242.2	241.5	240	238.1	241.8	245.1	247.4	250.7	254.6	257.4	247.5	248.8	250.7	243.7	241.3	237.1	234.3	235	237.6	233.5	234.9	237.6	245	254.2	262.6	264.9	260.9	254	248	241.9	239.8	241.8	243.5	237.3	227.7	228.3	223	215.6	211.5	208.3	203	200.3	202.2	204.9	203.1	195.4	187	187	193	197.9	200.7	219.5	236.7	244.3	280.9	343.8	341.6	344.4	344.4	346.5	342.1	343.5	342.4	367.1	428.9	476.6	494.8	497	496.6	485.4	469.1	477.3	483.4	477.7	488.9	490.1	496.6	487.2	471.8	456.7	488.7	491.7	496.6	500.7	491.3	496.9	506.5	514.1	536.4	544.6	536.7
688.5	688.5	688.5	672.6	670.2	671	650.8	633.2	621.4	596.8	598.2	587	584.2	579.3	574.4	559.1	550.5	548.1	536.5	526.8	525.4	524.7	523.3	514.3	517.1	519.8	516.3	514.9	511.5	512.8	512.9	500.7	451.2	378.6	328	332.4	350.8	353.5	354.1	360.6	352.4	348.5	333.4	300	245.5	195.4	168.6	168.6	179.6	186.1	194.8	208.1	211.7	211.6	214.4	220.1	226.8	230.8	238.4	240.3	243.7	242.1	241.8	245.6	251	259	257.8	255.1	268.1	275.4	276.9	270	260	259.6	266.1	265.5	265.3	260.6	261.6	257.6	255.3	256.2	250.9	244.8	241.1	240.4	243.7	241.5	241.3	241.6	247.3	256.8	262.6	276.6	287.4	281.9	269.8	257.8	258.1	272.1	282.6	282.9	271	258.1	257.5	257.2	254.9	248.2	251.9	257.9	258	253.8	255	260.2	252.1	247.6	244	241.8	238.6	236.9	233.1	230.5	229.7	228.4	225.7	227	232.7	238	254.7	261.4	260.2	253.4	249.8	245.2	239.9	236.9	235.8	235.1	229.3	224.1	219	212.1	209.6	207.4	202.9	197.1	197.4	196.3	198.6	195.4	187.4	188.9	191	196.4	204.6	217.3	232.2	258.4	316.6	353.8	343.4	342.6	349.1	347.6	343.2	345.1	344.4	388.7	450	472	490.6	497.9	492.2	485.8	477.2	487.6	493.3	477.1	492.5	493.6	496.5	486	473	449.5	465.9	489.6	492.8	496.2	493.9	500.2	515	520.8	541.7	545.6	537.3
687	686.7	670.5	646	678.7	681.5	654	633.3	624	619.2	609.4	591.2	581.4	577.2	575.8	568.1	566	559.7	547.1	533.1	525.4	524.7	522.5	515.5	520.1	520.5	515.7	497.1	506	512.9	495.6	496.2	506.4	463.6	413.3	384.4	387.8	372.7	369.1	369.5	361.4	350.7	339.9	301.2	266.4	210.1	169.9	167.3	176.5	184.2	189.9	205.6	211.3	210.2	213.8	211.5	216.2	227.7	234.4	239.9	240.4	237.2	240.4	240.1	246.7	258.9	256.3	253	257.7	262.3	261.7	261	253.4	249.4	257.4	259.9	253.3	252.1	254.1	252.3	244.7	247.3	254.7	260.3	255.1	253.2	259.5	263.9	271.6	266	262.3	268	277.2	287.7	298.6	300.7	280.6	263.6	267.6	280.3	292.7	293.5	280.8	274.5	272.8	265.3	261.9	258.3	259.6	264.7	263.2	261.6	260	258	252.4	244.7	242.8	244.3	239.5	232.4	228.4	227.8	230	228.8	226.7	227.3	226.3	222.6	231.2	243.5	255.4	259.7	262.1	254.4	245.5	239.5	236.4	236.3	229.5	225.3	220.3	211.4	206.8	206.9	203.7	198.8	195.7	196.5	194.4	192.4	191.9	190.8	189.5	194.1	212.8	231.1	235.9	258.6	318.8	370.8	367.5	367.4	379.4	374.3	362.7	369.1	407.4	471.5	489.3	488.6	492.2	489.2	490.4	490.3	485.4	474.5	492	479.5	488.6	497.1	490.3	488.3	491.4	474.8	458.7	488.8	494.9	494.6	492.1	508.1	511.8	512.7	536	554.8	547.9
688.5	681.6	672.6	667.7	682.2	685	653.7	632.5	622.6	621.3	610.8	589.1	580.7	576.5	576.5	569.5	566	559.7	549.2	533.8	526.1	525.4	520.1	514.9	508.6	520.5	516.3	503.2	508.1	515.6	507.3	508.4	492	460.6	436.3	393	386.1	368.9	365.7	368.2	362	350.7	339.8	309.2	286	237.8	186.1	171.3	176	182.6	188.6	200.8	207	213.4	215.3	215.7	222.7	230.1	236.8	240.2	240.4	235.5	233	235.9	245.4	253.9	251.9	250.6	254.9	255.6	256.3	251.5	245.3	246.3	253.5	253.3	252.5	250.6	253.1	246.8	233.6	236.2	247.6	256.1	257	253.5	259.2	268.9	273.7	269.1	270.8	280.9	293.3	302.2	313.6	310.8	291.4	275	278.6	290.7	299.5	297.5	286.5	280.2	275	266.5	265.6	262	266.7	267.7	260.2	263.7	264.7	258.6	252.2	245.8	243	240.8	234.1	229.2	225	222.4	225.9	226.5	226.1	223.3	221.7	221.6	224.8	235.5	247.9	255.9	261.8	259.1	250.9	242.7	238.5	237.2	233.1	229.4	224.4	213.4	209.5	206.9	199.4	199.5	197.3	195.4	192.5	190.6	191.6	191.2	190	196.7	216.8	235.4	247.2	299.2	348.2	366.7	375.6	396.8	399.8	385.4	370.9	398.2	443.4	477.8	492.3	487.5	491.3	492.2	491	495.2	488.1	464.3	482.2	482.2	487.5	496	488.7	486.2	490.9	479.7	469.3	487.2	496.6	494.3	478.8	496	508.7	521.9	551.8	562.7	557.7
682.2	683.1	688.5	688.5	688.5	680.8	664.7	649.3	636.7	624.1	605.9	587.8	585.6	583.4	581.5	569.3	559	563.2	553.4	538	526.8	523.9	510.1	506	504.1	510.6	517	514.9	514.2	513.5	516.3	512.5	489.3	474.8	472.5	435.9	398.8	380.1	368.2	364.1	364.6	354.5	341.3	310	290	251.2	199.9	171.3	171.5	177.7	186	194.6	205.1	213.1	212.4	214.7	223.7	233.1	235.4	238.2	241.2	241.2	234.4	231.4	238.2	243.1	244.1	243.2	247.4	243.8	244.1	239.4	236.4	242.7	246.5	241.1	241.9	242.3	244.5	240.2	227.4	226	238.8	245.4	248	255.4	262.9	267.3	268.9	272	280.6	291.4	304.6	314.5	325.8	315.4	295.4	288.9	291.7	289.6	292.7	300.1	289.2	279.4	276.9	272.7	271.3	269.5	272.6	265.6	257	258.1	261.3	258.5	253.1	243.2	236	239.8	237.2	229.5	220.2	217	218.1	220.4	219.5	219.1	217.1	218.7	216.5	224.9	235.7	250.1	253.7	247.5	243.6	237.2	237.7	237.3	229.3	222.8	217.4	215.3	210.5	207.1	204.8	202	203	199.8	193.8	193.6	192.8	191.5	193.7	200.4	227.1	244.5	261	326.2	367.3	359.6	359.9	387.2	394.6	394.3	426.1	467.4	468.5	455.1	490.7	496.2	472.7	478.7	485.2	498.7	499.2	488.9	485.5	486.1	473.5	493.3	491.6	494.4	501.6	501.2	499.5	501.3	503.5	497.3	480.9	497.2	513.3	539.6	573.4	573	559.5
688.5	688.5	688.5	688.5	688.5	679.4	664.7	648.6	638.8	624.8	606.6	594	589.1	586.3	583.5	568	564	563.2	554.1	540.8	528.2	523.8	508.2	516.5	517.1	514.4	518.4	514.9	514.2	513.5	514.9	502.9	481.1	473.8	467.1	449.4	418	384	364.6	360	360.1	354.4	342.7	319.4	292.8	288.3	252.3	185.9	175.4	179.9	184.3	195.9	207.9	216.1	216.6	220	226.7	235.8	234.1	236.5	242.5	243	241.8	235.7	233	237.4	240.3	235.6	233.1	229.6	226.5	224.9	226.1	233	234	226.4	226.7	228.9	231.4	230.8	221.2	223.4	236.7	240.4	242.6	251.3	258.5	260	260.6	264.2	269.1	272.7	282.9	294.4	303.4	290.8	278.5	278.2	278.5	274.5	270.4	276.1	276.2	270.8	268.5	264.3	261.7	261.4	262	255.2	249	248.1	250.7	243.7	239.8	239	232.6	232.4	233.6	224.6	217.9	215.8	215	216.7	216.1	216.4	212.6	211.3	214.2	220.1	229.1	247.9	254	254.5	252.6	244.3	239.9	236.8	232.9	225.7	217.9	213.8	209.9	207.4	204.6	204.1	202.5	199.3	195.4	193.5	189.6	192.2	196.4	202.2	231.2	259	313.2	369.7	377.3	377.1	371.9	386.2	392.7	407.1	456.6	485	480	458.1	482.4	494.3	469	450.5	457.1	492.4	500.7	497.1	488	488.7	462.3	472	493.7	497.7	506.4	498.9	498.3	507.4	504.7	501.1	494.6	500	516.7	550.5	580.1	572.1	552.6
685.5	688.5	688.5	688.5	688.5	688.5	675.2	659.1	641.6	623.4	611.5	605.2	598.2	590.5	583.5	575.8	568.8	564.6	561.1	550.6	533.1	520	524.7	523.3	519.8	519.1	519.1	515.6	514.2	513.5	513.5	498.3	480.2	473.8	440.4	461.8	481.5	453.9	385.6	358.7	359	358.8	345.8	315.5	298	289.7	265.3	197.8	182.7	181.1	179.5	187.2	203.3	212.4	216	221.4	226.9	231.8	232.1	235.6	238.8	242.4	241.2	236	236.4	230.4	227.8	221.7	215.1	215.6	212.8	214.6	218.7	218.4	217.4	212.2	213.9	213.6	212.8	214.1	221.7	225.1	232.3	236.7	242.7	250.5	256.8	252.8	240.1	234.6	235.7	249	264.8	272.8	284	279.5	272.4	266.5	262.1	248.8	231.5	234.4	236.9	243.5	249.5	256.3	257.5	258.1	255.5	248.7	241.8	240.5	244.2	240.7	229.3	223.8	227.3	228.4	226.3	222.9	222	214.8	210.3	216.1	218.7	215.7	207.8	207.3	205.2	210.6	221.8	241.3	250	254.9	252.9	247.5	238.1	234.1	236.2	228.9	219	217.6	210.9	205.7	203.5	201.4	203	195.8	191.6	188.3	186.4	191.6	196.4	204.9	231.3	265.6	329.7	362.8	375.7	382.6	375.3	388.7	420.2	461.4	489.3	495.2	492.2	485.4	478.7	486.2	491.1	490.6	480.8	494.6	493.4	483.6	492.4	490	479.5	474.6	495.6	499.1	502.2	492.3	490.9	501.6	504.3	486.8	479.4	491.2	529.8	571.6	598.1	594.3	566
686.4	688.5	688.5	688.5	688.5	688.5	688.5	672.4	652.1	632.5	619.2	610.1	603.8	595.4	588.4	580	570.9	565.5	566.7	559.7	545	529.6	525.4	523.5	521.2	518.4	518.4	518.4	515.6	513.5	501.5	485.5	481.4	477.1	466.7	473.9	478.1	471	405.8	370.9	360.1	358	347.1	320.2	299.9	290	289.2	252.2	213.4	188.8	180.9	186.3	198.2	215.2	223.1	222.2	227.3	226.3	227.5	231.7	236.5	240.3	238.3	233	227.9	221.2	214.4	208.9	205.7	206.9	208.3	206.7	211.2	209.2	209.3	209.9	207.3	205.9	202.5	201.6	210.1	214.7	219.9	232.7	242.3	240.7	235.5	230.3	217.6	206.5	206.8	217.1	234.3	246.4	252.2	262.7	254.5	247.1	235.2	225.1	220.5	218.4	218.5	224.1	227.6	236	242.2	244.6	241.6	237.8	234	229.9	227.6	225.8	219.1	219.9	218.3	221.9	223.5	218	215.2	208.7	205.4	207.9	214.8	216.4	207.3	207	209.4	209.4	220.7	238	250.7	253.4	251.4	244	237.2	234	233.4	229.7	223.5	216.3	207.7	203.9	203	198.7	196.5	193.7	190.8	186.7	188.6	191	195.5	204.1	250.3	332.8	374.9	370.6	386.8	390.9	391.1	407.4	436.7	467.2	490	494.9	493.7	486.3	486.5	491.6	497.3	501.9	501.8	492.4	490.9	484.9	482.9	485.6	492.1	480.8	497.5	498.7	500.8	498.1	494.1	497.4	499.2	487.6	470.3	489.3	519.5	549.5	588.1	603.8	588.5
688.5	688.5	688.5	688.5	688.5	688.5	676.7	666.2	644.9	635.3	629	619.2	604.5	596.1	588.4	576.5	568.6	568.7	570.2	563.2	545	529.6	521.3	518	520	518.4	519.1	517	515.6	514.2	499.9	484.3	480.9	482.2	499.5	492.8	477	484.6	481.1	480.6	454.1	408.2	355.7	328.9	304.3	293	293.4	285.9	244	202.3	186.8	193.2	199.9	215.8	223.4	225.2	227.7	227.7	229.1	237.4	242.1	243.7	235.1	235	225.4	212.2	203.4	202.7	199.7	200.4	200.5	199.6	202.8	200.6	200.4	204.1	207.8	203.4	199.6	200.7	206.6	211.5	215.4	231.7	232.2	217.4	204.5	197.5	197.9	202.8	204.8	209.7	216.3	217.5	223.3	225	222.7	221.8	218.8	210.1	207.5	212	215.1	212	206.1	204.4	208.7	218	225.2	228.2	229.2	227.2	222.1	221.4	214.6	216	210.8	214.6	214.1	212.9	209.2	204	195	198.5	207.4	205.8	205.2	208.8	212.2	215.6	219.8	231.7	242.8	246.7	246.1	239	232.8	234.8	234.4	227.4	217.5	213.6	209.1	205.8	204.6	201.3	193.8	188.8	187.4	188.1	191.6	191.8	189.8	207.6	268.3	356.7	385.4	388.3	411.3	441.9	459	459.6	453.8	440.3	452	471.5	482.7	485.1	489.2	489.8	495.3	487.4	483.5	494.3	491.6	490	475.9	459.4	489.7	466.1	469.7	500.9	484.3	487.8	502.2	500.1	497.3	505.8	517.7	525.9	566.3	610.6	622.9	632.5	611.3
688.5	688.5	688.5	688.5	688.5	680.4	670	664.5	643.7	637.4	632.5	619.9	604.5	594	588.4	580.7	574.7	575.7	572.3	563.2	547.1	531	517.7	523.1	521.2	519.1	518.4	517	515	514.2	506.5	491.7	488	507.1	513.7	495.9	478.9	483.9	485.1	485.9	489.3	430.9	359.7	339.7	311.4	295.6	293.4	303.1	309.4	235.9	195.7	193.6	197.8	210.6	219.9	220.1	224.9	226.4	228.1	236.1	239.8	236.1	231.5	234.1	225.8	212.7	204.4	201.7	197.3	198.3	198	198.6	198.2	194.3	193.9	205.1	212.4	208.8	210.1	211.9	217.5	223.7	229.9	242.8	240.1	225	212.7	210.4	215.2	218.9	224.1	225.1	223.9	228.4	231.4	224.4	220.9	225.4	225.7	221.1	215.4	218	223	225.6	222.4	217.8	221.1	227.5	229.2	233.6	238.1	232.7	227.4	223.2	218.7	216.8	209	208.7	208.1	203.7	196.5	192.8	186	190.1	197.6	201.1	203.7	205.8	212.1	215.9	221.2	228.2	237	240	240.9	241.7	238.7	234.7	235.3	225.3	215.4	213.8	210.7	205.6	202.3	200.8	193.8	188.8	186.6	187.2	189.4	188.2	190.5	220.1	318.9	378.1	389.7	413	438.2	474.4	491	466.3	469	452	443.2	460.3	475.6	482.6	480.6	478.2	494.8	490.7	484.1	478.4	482.5	490.4	484.8	468.4	486.5	463.1	458.5	496.2	481	484	509.3	507.1	500.2	506.1	520.6	541.6	576.6	623.2	636.4	645	625.1
688.5	688.5	688.5	688.5	688.5	688.5	684.3	671.2	655.6	638.8	630.4	616.5	599.6	594.3	596.8	593.3	581.4	580	575.8	564.6	550.7	536.6	528.9	526.8	524	519.8	518.4	518.4	514.1	478.9	487.2	489.7	493	508.8	505.6	493.2	479.7	484.5	489.7	489.3	467.7	459.9	420.6	365.3	318	304.3	297.9	301.7	313.6	257.4	204.5	192.5	194.5	204.8	214.8	218.9	218.6	218.1	224.9	231	233.8	232.4	230.7	232.3	224.5	209.6	201.9	196.8	189.9	190.4	194.9	200.6	192	187.6	190.5	200.2	205.7	210	213	212.3	219.4	233.4	241.3	236.1	221.1	217.7	211.3	208.9	212.7	219.5	225	224.4	219.1	224.9	228	219.8	213.9	222.6	227.3	224	213.8	218.3	226	231.3	226.8	219.8	223.9	220.9	213.3	217	223.3	227.3	223.8	218.9	215.3	211.1	202.5	194.3	188.9	189.4	185.4	179	178	177.4	183.1	196	199.2	202.6	208.1	215.4	224.3	232.1	238.9	240.2	241.7	238.9	240.5	237.5	230.9	223.7	216.6	214.5	210.6	209	205.3	199	191.2	189.6	190.6	190.3	188.6	187.9	197	236.7	332	372.4	385.1	406.2	450.3	505.8	502.2	471.6	460.1	476.8	484.7	488.5	485.8	488.9	488.7	474.7	460.9	477.5	495.6	495.9	489.9	495.8	493.8	487.9	485.7	476.4	467.1	492.7	493.6	483.9	514.2	526.1	520.1	520	542.7	588.3	621.4	642.6	667	671.6	665
688.5	688.5	684.9	688.5	688.5	686.7	683.7	677.2	661.2	640.9	631.1	626.9	613.6	601	598.9	593.3	581.4	578.6	575.8	565.3	554.1	540.1	531	528.2	524.7	521.2	519.8	514.8	475.6	485.9	506.6	497.5	513.1	514.2	505.4	498.6	484.9	483.1	489.3	455.2	469	466.2	390	353	319.3	300.5	296.1	298.5	310.4	287.1	221.9	198.3	199.6	206.7	213.1	217	215.6	216.3	223.8	225.5	228	229.3	231.9	233.5	225.2	218	212.4	206.4	199.7	196	195.4	196.7	193.4	185.7	194.3	201.1	205.4	212.6	216.9	225.5	235.8	242.9	240.3	236.2	231.6	229.9	227.9	225.3	231.6	242.2	252.3	254	254	269	265.8	254.9	249.3	258.9	267.2	262.1	248.9	250	255.1	251.9	241.8	233.1	231.8	226	219.1	215.4	225.1	229.9	227	224.3	216.6	204	196.7	188.9	181.3	183.2	180.4	174.9	170.6	174.7	181.9	193.4	192.5	194.6	201.3	209.7	226	233.8	236.6	236.9	235.3	236.2	241.2	238.3	226.3	220.4	216.5	210.5	209.4	206.1	196.7	193.3	192	187.9	190	188.6	187.6	192.6	208	274.2	367	381.2	391.7	424.8	504	503.7	490	453.9	462.2	490.6	501.8	498.3	492.3	491.1	490.6	461.8	464	480	493.7	497.3	498.8	499.5	498	484.1	479.1	474.9	497.2	500.7	501.2	494.5	512.1	533.3	527.1	525.7	548	605.2	635.5	643.3	672.3	674.7	673.2
688.5	688.5	683.4	688.5	688.5	685.8	688.5	685.8	671.7	655.6	650	640.9	626.2	614.3	602.4	591.9	581.4	577.2	581.4	572.3	559.7	544.1	536.6	529.6	526.1	523.3	519.8	511.6	510.6	514.9	508.5	506.5	509.3	511.2	510.8	503.8	486.9	483.5	468.1	436.2	462.3	488.1	438.6	362.4	323.1	298.8	294.2	293.8	299.7	289.5	232.1	200.8	197.4	207.3	214.2	219.1	219.1	219.6	223.2	223.5	227.3	226.3	228.3	230	223.8	220.5	216.9	205.6	203.2	200.8	199.7	195.9	186.4	185.4	195.8	196.4	200.7	202.6	209.8	220.9	221.4	216.1	219.9	223.2	216	215.2	214.3	211.8	223	232.3	237.4	250.2	254.1	269.2	268	263.9	253	256.4	267.1	266.6	256.6	254.4	251.7	246.6	233.8	227.4	225.4	219.5	212.3	206.8	205.1	206.5	210.7	213.7	203.4	193	186.8	178.8	175.1	171.7	171.4	171.5	167.1	167	178	188.2	187.6	190.3	200.3	212.6	232.6	237.6	239.1	237.1	232.5	231.9	239.9	234.8	226.9	220.8	215.1	208.1	202.1	200.3	201	194.2	190.9	191	192.1	189.8	186.6	191.7	211.6	276.1	348.9	367.4	377.3	418.1	460.1	485.6	473.1	464.7	489.5	484.5	497	497.7	497	488.5	491.3	487	500.4	501.8	496.2	494.4	494.1	506.9	513.5	519.8	502.1	488.7	504.5	528.9	550.1	559	571.3	565.1	525.8	523.1	593	657.7	665.1	640.6	652.2	683.7	681.3
688.5	688.5	684.6	688.5	688.5	688.5	686.7	687.9	680.1	664.7	653.8	642.6	629.7	617.1	605.9	595.4	585.6	583.5	583.4	575.1	561.1	545.6	538.7	529.6	526.8	524	520.5	514.8	514.8	514.9	514.9	513.5	509.1	514.2	512.9	501.2	489.7	492.5	458.9	439.9	468.6	486.3	460.3	372.2	330.4	302.4	294.9	295.8	299.6	311	302.6	234.7	204.5	213.2	217.3	218.1	217.5	217.2	219.6	218.6	226.4	227.3	225	226.9	222.2	218.7	214.2	210.1	209	210.4	209.3	201.6	191.4	189.5	196.3	194.9	195.5	198.5	203.2	211.6	203.6	194.8	206.3	210.4	207.6	204.3	200.5	201.8	220.1	228	231.6	256.8	271.4	276	280	275.5	263.4	258.3	264.2	261.5	255	254.3	249	234.7	213.2	211.3	213.6	209.5	202.9	198.2	192.7	192.6	193	197	193.4	185.9	182.1	176.5	173.3	174.3	172.6	177.8	179	179.1	185.6	191	191.9	193.5	198.1	209.8	226.3	236.7	236.9	231.2	230.9	230.5	237.4	234	225.9	220.5	212.1	205.9	199.6	198.5	200.4	195	190	192.4	193.8	189.4	191.3	202.9	264.1	339.2	352.4	367.9	382.1	424.5	462.3	469.9	466.2	464	486.7	483.5	487.1	499.1	494.1	494.5	492.8	480.5	496.9	508	499.1	494.6	498.6	508.2	517	523.4	519.7	506.5	531.2	561.9	575.3	593.9	604.2	579.8	526.1	536.9	611	667.5	665.7	646.5	641.4	683.4	680.4
686.7	687	681	682.2	688.5	688.5	687	688.5	688.5	685	669.2	655.6	644.4	633.9	615	603.6	598.5	589.1	581.4	575.2	566.9	560.4	546.4	530.2	525.4	520.8	521.2	518.4	516.3	515.6	515.6	514.2	514.2	513.5	507.2	498.5	496	500.7	496.6	489.5	486.2	485.9	480.3	403.4	334.4	305.5	297	293	297	305.2	313.1	252.7	206.2	214	216	218.3	220.8	220.9	218.6	219.6	222.6	223.8	222	222.1	217.5	215.9	214.9	215.4	215.5	210.2	211.4	203	197.4	193.9	197.4	199.2	201.6	200.1	200.4	201.3	190.8	183.5	189.1	193.5	192	179.4	170.2	176.5	194	208.1	216.6	237	259.1	262.8	259.6	246.4	234.9	239.1	235.5	233.2	227.6	220.4	208.9	187.4	157.1	151.2	159	167.2	175.7	173.1	171.6	174.9	170.8	164.2	169.8	174.9	171.5	173.1	167.9	167.7	168.6	168.7	172.1	174.5	180.3	186.3	192.6	193.8	197.5	207.6	223.1	236.6	242.8	240.9	233.1	230.9	234.8	235.5	227.9	219.3	212.4	205.3	199.8	196.7	196.3	192.5	190.7	193.2	193.5	193	197.1	211.5	292.9	369.8	371.3	376.7	392.5	438.5	476.8	482.5	472.9	458.4	455.3	476.9	479	500.5	501	489.9	491.1	494.8	481.3	511.4	507	504.4	502.6	507.9	520.4	539.3	552.5	562.5	610.2	654.9	661.7	670.8	668.7	657.1	629.6	639.7	653.1	665.7	668.7	662.1	662.7	663	671.7
682.2	685.8	683.7	684.9	688.5	688.5	688.5	688.5	688.5	687.1	668.9	659.8	647.2	636	616.4	606.8	600.8	587	580.7	579.3	573.7	563.2	546.4	527.5	523.6	524.7	521.2	519.1	517	515.6	516.3	514.9	513	513.5	503.4	504.9	513.7	512.1	512.1	494.3	487.1	485.9	479.6	413.9	342.4	307.1	297.9	295.8	299.1	304.6	314.4	293.2	229.6	213.7	216.6	217	221.4	221	219.1	221.5	220.9	220.4	221.6	221	218	217.2	215.9	216.8	214.5	217.2	216.1	207.7	204.8	200.6	205.2	209.1	211.2	207.2	203.4	195.5	182.3	178.7	179.7	172.6	167.4	152.2	139.6	150	161	173.9	178.6	187.8	199.9	204.5	203.6	194.2	192.2	197.3	194.9	191.5	187.2	181.7	165.1	142.2	124.2	119	121.5	130.6	141.9	151.2	156.3	160.2	159.8	158.2	166.1	174.6	179.9	180.1	176.8	180.6	182.1	176.8	176.5	180.1	186.1	191.7	199.3	201.3	203.5	216	228.9	238.2	243.4	240.9	234.6	232.2	230.9	230	223.1	213	209.1	202.7	199.3	197.3	197.1	192.6	191.6	192.7	193.2	196.6	204.5	236.9	337.3	374.2	378.1	392.5	403.9	446.6	474.3	483.6	477.6	464.7	455.7	467.5	476.2	498.3	505.6	492.9	490.3	491.3	475.7	500.6	512.7	514.7	515.1	522.4	538.3	565.2	578.9	595.3	642.4	678.3	672.9	669.9	667.8	666.7	656.3	660	657	671.1	669.9	663.6	663.9	663	670.5
687.6	688.5	688.5	688.5	688.5	688.5	688.5	688.5	688.5	688.5	670.3	666.8	656.3	645.1	629	614.3	605.9	591.2	578.6	578.6	576.5	561.8	559	545.8	530.2	526.1	523.3	520.5	516.6	496.9	513.7	516.3	515.6	514.2	511.7	509.1	514.2	514.2	512.1	499.5	488.9	479	480.8	471.5	368	309.8	299.6	297.1	296.7	302.6	311.2	291.7	237.7	214.3	215.3	220.3	222.5	221	217.7	220.7	222.7	221.2	218.1	218.6	219.2	215	210.1	213.1	216.8	221.2	220	209.8	202	205.3	212.8	215.7	214.3	213.9	206.9	193.3	184	177.5	167	156.1	149.1	143.3	146	151.2	158.9	164	161.2	153.6	150.9	147.8	146.5	144.1	149.2	161.7	161.8	151.9	142.4	132.5	122.5	119.2	114.7	111.7	105.2	104	104.5	108.2	114.2	123.1	131.5	136.4	146.9	153.2	160.4	163.3	161.4	167.7	167.4	159.9	159.2	162	168.9	179.3	189.9	198.2	209	224.2	237.3	246.2	251.1	252.5	243.2	235.4	234.6	228.2	220	212.4	206	199.8	198.5	198	198.9	195.6	190.6	189.2	192.3	198	204.6	254.5	343.8	370.4	368.1	381.2	427.9	475.8	491.4	503.3	501.5	497.6	476.9	464.7	444.9	464.5	493.2	494.7	497.4	512.4	529.8	525.2	540.3	552.1	610.5	633.8	641.1	664.9	681.3	679.2	678.6	656.7	654	674.7	670.2	671.1	674.1	675.9	674.4	672.9	672	672.6	673.2	672.3	673.2
688.5	688.5	688.5	688.5	688.5	688.5	688.5	688.5	688.5	688.5	669.4	667.5	657	645.8	630.4	619.2	608.7	594.7	579.3	572.4	574	569.5	563.2	552	534.5	526.8	523.3	519.8	519.1	503.1	503.5	516.3	514.9	512.1	511.4	510.7	513.5	514.9	513.5	505.9	489.6	482.8	479.4	480.5	432.5	357.4	306.6	301.2	297.1	302.6	313.4	296.2	262.6	238.5	228.7	223.3	221.8	221.7	216.3	218.4	221.4	217.9	212.1	218.2	221	219	214.5	215.2	223.7	224.9	223	213.7	207.6	208.2	216.8	222.2	217.5	212.9	205.8	195.3	186.5	175.7	168.2	154	142.9	139.9	144.2	145.7	148.4	145.6	140.9	136.7	129.7	126.1	123.2	121.2	124.3	133.9	133.5	127.2	122.2	117.4	113.1	110.5	111	107.7	104.8	100.3	100	105	109.1	112.2	117.7	126.3	135.3	141.2	148.6	155.4	162.7	170.3	171	166.4	163.8	162.1	170.1	180.9	188.2	198.5	210.4	222	233	245.1	252	251.4	246.3	239.5	232.3	221.9	213.6	208.6	204.1	196	192.9	194.7	196.7	193.3	190.2	190.5	192.8	196.6	214	302.3	343.6	358.7	364.9	368.4	400.4	468.9	495.2	497.2	500.4	501.8	493.4	480.7	457.9	458.8	478.5	499.5	508.2	532.6	560.3	562.6	581.7	592.1	644.5	670.3	675.3	670.2	673.4	680.1	677	668	648.9	651.4	674.2	673.2	673.2	675	676.5	673.2	670.5	671.1	672.3	671	670.5
688.5	688.5	688.5	688.5	688.5	688.5	688.5	688.5	688.5	688.5	685.5	688.5	667.5	648.5	641.6	635.3	621.3	603.8	584.9	577.2	581.4	581.4	573.7	565.3	549.2	531	524	520.5	519.8	519.2	518.4	516.3	514.2	510.8	507.3	506.6	512.1	514.2	514.2	511.1	489.9	477.2	480.5	469.3	408.7	333.7	300.6	295.7	293.3	296.2	308.3	309.6	284.1	254.5	231.4	222.5	224.7	222.5	219.5	221.4	220.2	214.7	210.9	213.5	217.3	214.3	218.9	226.1	230.3	232	232.5	219.8	212.9	213.9	220	222.6	216.4	204.6	190.9	178.3	162.1	150	145.1	144.4	143.7	138.2	134.4	129.4	122.4	123.2	120.1	118.6	120.6	122	121.2	121.5	122.5	120.6	120.9	120.3	122.6	123.2	122.4	124.6	120.6	114.4	113.2	113.7	112.3	116.4	116.1	113.1	114.2	117.6	129.5	138.4	146.9	156	168.6	181.1	183.1	188.5	191.1	187.7	186.7	184	188.3	202.7	215.6	227.8	236.8	246.6	256.9	257	248.4	242.5	228.8	219.9	213.7	209.2	201.5	194.5	192.3	194.9	194.9	190.6	188.5	190	195.2	202.8	220.2	314.2	376.5	382.6	384.9	404.8	474.9	498.7	486.3	483.3	488.9	497.2	503.1	485.9	481.1	499.5	533.1	564.6	618.2	654.4	663.8	673.2	672.6	663.9	678.6	680.1	678.6	683.1	671.7	670.2	668.4	664.5	656.9	667.2	672.9	674.4	674.4	673.2	674.1	674.4	662.1	657	672	669.1	655.1
686.4	688.5	688.5	688.5	688.5	688.5	688.5	688.5	688.5	686.4	685.2	687.3	680.8	651.8	641.5	636	622	605.9	590.5	578.9	582.3	582.3	575.1	565.3	551.3	534.5	526.1	521.2	517.1	519.1	516.6	516.3	512.9	505.5	510.3	509.2	512.1	514.2	513.3	509.9	494.5	482	478.3	460	426.5	346.6	305.1	297.3	292.7	297	306.3	312.3	318.6	287.3	249.2	237.7	224.4	221.6	221.4	221	220.7	213.5	208.6	213.1	214.7	214.9	222.7	229.2	233.5	237.8	235.6	221.3	213.3	215.2	218.1	217.9	212	200.7	186.7	165.2	147.8	140.1	137.1	141.6	137.4	129.2	125	120.9	114.8	118.1	114.1	113.9	115.4	120.2	123.4	124.3	124.2	123.3	124.2	126.9	127.3	130	130.3	136	135.2	132.4	128.9	126.4	120.5	123.2	121	120.3	115.1	114	124.4	136.5	153.1	162.7	175.6	188.1	188.9	191.4	194.7	193.2	192.4	188.1	191	202.6	214	224.5	237.1	240.8	250.7	256	246.3	236.4	225.1	217.8	211.9	205.5	200.6	191.6	190.2	193.3	190.8	190.8	187.5	190.4	197.5	206.5	241.5	332.5	382.9	393.8	404.5	427.7	490.4	495.4	498	481.1	488.3	497.1	497.5	480.4	492.2	520.4	576	616	654.8	670.2	670.5	669.6	669.3	661.2	677.7	672	680.7	685.5	675	668.7	667.5	665.4	667.5	672	672.6	671.7	672.6	674.1	672	672.3	667.8	656.7	668.4	669.9	657.6
686.7	688.5	688.5	688.5	688.5	688.5	688.5	688.5	688.5	688.5	687.5	688.5	688.5	671.7	654.2	642.3	633.9	624.1	614.3	601.2	596.4	593.7	587	573.7	559.7	546.4	527.7	515	518.5	514.4	514.6	516.3	508.9	512.4	511.4	511.4	513.5	513	507.2	510	498.6	487.3	468.1	479.3	481.7	393.2	313.1	297.1	288.4	291.6	306.5	319	324.5	304	267.7	244.6	224.9	224.9	225.1	225.6	221.5	217.2	212.9	214.7	214.7	216.5	225.6	235.3	240.6	245.9	244.3	229.4	221.2	222	221.7	222.7	212.4	193.8	169.7	140.9	122.9	117.9	110.4	107.7	102.6	100.6	94.9	94.4	107.4	112.6	112	116	117.9	123.8	129.4	131.9	135.3	135.8	136.1	138.4	142.6	151	149.8	149.5	148.9	147.1	142.1	138.2	132.1	128.9	127.9	124.6	122.4	120.7	126.9	147.8	171.4	180.1	192	207.2	207.9	205.7	201.7	205.4	211	210.8	204.1	204.7	210.7	222.8	235.9	245.8	251.4	253	247.3	237.4	228.1	220.8	214.4	208.3	203.7	198.4	197.1	194.8	193.2	191.7	193.3	199.7	203.6	213.3	259.4	354.3	379.8	384.1	394.3	427.6	476.2	497.2	499.1	495.3	494.9	509.5	517	497.4	540.1	626.3	677.1	672	659.1	666	668.4	666.3	665.1	669.6	670.8	664.5	663.3	672.3	672.9	670.8	675.3	673.8	672.9	678	674.7	670.2	666	664.2	665.4	665.1	665.4	667.2	668.4	668.4	674.4
687.3	688.5	688.5	688.5	688.5	688.5	688.5	688.5	688.5	688.5	688.5	688.5	688.5	678.7	659.1	645.8	639.5	631.8	621.3	608.7	601.7	598.2	589.8	577.2	561.8	551.3	528.7	517.7	522.7	508.8	519.1	514.5	505.1	509.4	512.1	513.5	513.5	509.9	506.6	511.4	504	493.6	480.5	479.5	479.5	405.5	326.8	299.3	289.9	290.8	301.5	315.7	325.5	333.7	316.8	282.7	245.3	228.6	222.4	222.7	221.1	220	219.8	218.2	217.4	219.1	225.9	234.6	242.4	245.4	239.3	230.9	223.4	226.7	228.9	226.9	209.8	185.5	158.6	129.4	117.9	112.4	106.1	98.8	93.6	97.5	91.5	91.9	104.1	105.3	108	111.9	115.7	122.8	124.5	129.4	136.6	137.2	136.6	136.3	139.1	148.3	147.2	149.6	149.3	141	137.6	137.8	136	127.3	123.4	124.8	126.8	130	133.1	150.3	172.3	181.6	193.3	203.6	208	206.7	206.5	207.5	210.4	212.9	206.9	205.6	211.9	220.3	233.2	244.9	250.4	248.9	244.1	234.1	226.7	218.1	212.8	205.4	199.1	198.1	195.3	191.7	191	190.4	195.2	201.1	205.4	216.8	282.3	366	371	371.3	387.3	433.2	475.2	498.9	501	494.1	497.6	514.7	518.9	515.6	565.8	652.6	674.7	671.1	644.7	665.7	666.6	666	663.9	665.7	668.4	667.2	664.2	670.8	672.6	670.8	676.2	676.2	675.3	667.8	675.9	672.6	667.1	663.3	665.1	665.1	665.1	668.1	671.1	668.1	673.2
687	688.5	688.5	688.5	688.5	688.5	688.5	688.5	688.5	688.5	688.5	688.5	688.5	685.8	669.1	643.5	641.6	641.6	633.9	624.1	612.2	604.5	598.2	591.2	584.2	566.9	548.3	536.6	526.1	523.3	518	512.2	513.6	514.2	513.5	513.5	514.2	508.7	510	506.5	498.9	488.8	471	479.2	478.9	440.9	352.7	306.9	290.8	287.3	294.7	308.9	323.3	332.4	337.6	320.7	269.9	240.2	226.3	221.6	220	224.7	221.1	217.6	219.6	223.8	230.2	236.2	247.8	253.2	248.7	238.5	228.5	234.1	233.6	221.2	200.5	177.8	150.4	133.5	124.9	118	111.8	106.4	106.6	104.5	100.9	101.7	108	112.2	116.4	123.7	133.4	136.1	142.1	143.1	147	149.9	146	144.8	144.7	152.1	153.7	154.9	156.1	151.9	147.9	144.8	144.1	146.8	144.7	146.9	153.9	150.9	152.7	156.3	176.3	190.2	195.8	208.6	213.9	210.7	210.5	206.4	209.4	215.5	220.6	221.2	218.4	222.4	232.2	240.6	245.8	244.8	239.2	235.2	229	221	213.9	203.5	194.8	193.3	188.6	189.6	186.9	187.8	192.9	198.3	202.5	212.4	267	335.3	357.2	363.6	387	443.9	470.1	503.5	517.2	509.5	530.8	593.5	614.6	643.4	653.4	637.5	671.1	673.2	652.5	658.8	668.4	664.5	667.2	668.7	668.1	671.7	668.4	665.1	664.2	664.7	668.4	669.9	670.8	669.6	670.2	675.3	675	672.6	671.1	672.6	672	671.1	673.8	669.9	666.6
687.9	688.5	688.5	688.5	688.5	688.5	688.5	688.5	688.5	688.5	688.5	688.5	688.5	685.2	671.2	647.2	644.4	645.1	637.4	628.3	618.5	610.8	601	594	590.5	570.9	555.6	540.8	528.2	522.6	518.6	519.2	517	514.2	514.2	514.9	514.5	506.6	503.6	497.9	483.4	475.8	474.4	479.4	481.2	440.7	362.3	314.8	294.9	288.9	293.4	308.1	324	330.1	334.9	337.3	267.4	234.2	228.5	222.3	221.9	224.7	220.6	219.5	218.4	223	231.5	238.1	247.9	255.2	251.7	239.3	229.2	232.9	231.3	218.9	195.7	173.9	151.6	139.6	132.7	126.2	120.6	111.7	110.2	107.4	103.7	107.3	112.7	116.3	121.2	132.4	139.7	143.9	144.2	147.6	151.2	157.4	155.9	151.7	148.9	154.5	157.5	157	156.8	154.1	151.5	152.9	150.7	151.7	153.8	155.6	157.5	154.3	156.9	165.6	187.8	195.9	197.7	206.6	211	208.2	210.1	207.8	206.6	214.7	223.9	226	220.3	224.5	233.4	238.6	244.1	240.9	238.2	232.9	222.8	217.4	211.3	200.6	196.7	192.9	187.9	188.6	187.2	188.2	196	201.3	211.9	228.2	312.4	365.1	371.6	371	398.4	456.6	473.6	507.9	523.4	522.6	560.1	630.3	660.4	671.4	664.8	640.5	665.4	674.1	658.8	668.1	670.5	666.6	668.1	669.6	667.5	669.9	668.1	661.2	649.8	664.5	666	667.5	669.6	669.6	669.9	674.4	676.5	672.3	669.6	669.6	669.6	668.7	671.1	668.4	664.8
688.5	688.5	688.5	688.5	688.5	688.5	688.5	688.5	688.5	688.5	688.5	688.5	688.5	688.5	688.5	676.6	669.6	667.7	661.2	640.5	636.7	628.3	622	615.2	604.7	589.9	576.8	561.1	535.4	514.5	524.7	521.2	517	516.4	515.4	515.7	513.7	510.2	509.4	496.6	479.3	473.4	481.1	485.3	472.7	455.4	390.6	343.3	313.8	294.1	293.2	302	314.9	326.4	333.5	336.4	267.4	233.9	227	226.2	226.5	225.5	222.9	223.2	221.7	227.8	235.6	238.6	247.1	253.4	257.2	252.8	243	238	233.2	223.4	213.3	192.3	173.8	158.2	146.3	141.3	140.6	133.8	128.6	126.4	122.2	124.8	129.6	131.6	137.6	146	149.9	152.5	156.5	159.5	160.1	166.3	168	163.6	160.6	161.3	163.2	164.5	162.7	161.6	161.4	164.2	163.9	161.6	167.5	170.3	170.9	165	167.8	187	206.8	207.7	204.5	205.9	209.5	208.8	213.2	212.7	207	211.8	222.1	223.9	224	230.3	235.5	237.6	240.5	235.7	233.3	226.7	219.3	212.4	205.4	194.6	189.4	190.5	192.5	190	191.6	190.3	195.7	205.5	218.3	240.9	312.1	368.7	381.3	391.4	451.3	506.8	516.3	529.1	529.3	539	606.6	668.7	673.8	677.1	674.5	643.5	649.2	670.8	669.6	672	671.7	660	664.4	680.7	676.2	672	673.2	672.3	669.9	669.9	670.5	672.9	676.8	680.4	678.6	673.8	672.3	670.8	667.2	664.5	663.6	663.3	662.1	662.7	664.9
688.5	688.5	688.5	682.2	683.1	688.5	688.5	688.5	688.5	688.5	688.5	688.5	688.5	688.5	688.5	688.5	677.3	667.5	664.9	638.3	633.2	629.1	628.3	622	610.1	594.7	584.9	569.5	544.6	520.9	525.4	521.2	517.5	513	516.3	516.3	517	514.9	514.3	505.8	487.7	486.7	482.8	479.1	475.6	469.2	404.7	345	312.6	293.7	293.1	302.1	314.7	326.3	333.4	337.9	274.7	244.3	233.3	226.9	224.7	225	226.5	223.2	222.4	227.8	236.2	242.3	248.5	250.4	256.4	255.6	246.4	240.4	233.8	224.4	215.4	200.7	187.6	171.4	154.8	144.9	143.1	141.4	140.2	135.1	132.4	138.9	143.9	148.2	152	157.4	163.3	170	174.3	175	175.7	182.5	186.7	177.7	172.2	174.8	172.4	168.2	166.4	168.4	168.9	169.3	170.2	169.5	171.2	172.9	173.4	170.3	178.8	200.7	212.9	211	206.9	208.3	210.7	209.4	213.9	215.2	212.4	214	220.3	220.4	222.8	229.7	233.7	236.4	235.2	233.2	229.6	221.8	214.2	209.8	200.2	193	189	188.9	192.2	190.3	194.6	193.7	196.4	209.7	220.3	246.3	304.2	362.8	396.1	406.8	484.2	528.3	531.9	537.2	536.9	551.2	614	668.4	673.2	676.8	678.6	654	646.8	670.2	668.7	670.8	671.7	663	660	678.9	678.3	674.7	675	674.1	671.7	673.8	670	668.1	677.5	683.1	673.5	671.1	674.7	673.2	668.7	667.8	668.4	666.6	664.5	664.5	663.1
688.5	688.5	688.5	688.5	688.5	686.7	683.7	688.5	685.8	688.5	688.5	688.5	688.5	688.5	688.5	678.6	680.4	688.5	682.2	678.7	662.6	652.1	644.4	640.2	630.4	612.2	593.3	579.3	559.7	543.6	531.7	528.9	530.3	526.8	524.7	524	520.5	519.1	519.1	514.2	502	498.1	489.8	479.2	485.5	483.5	452.2	372.8	327.7	298.3	292.4	296.5	311	322.7	331.2	327.9	266.1	248.1	239.7	231.6	226.1	225.6	229.4	226.4	225	224.9	233.7	237.2	245.5	249.2	256.9	256.9	253.4	245.1	233.3	227.5	227.3	217.9	208.7	195.1	181.9	164.8	151.1	150.8	151.7	152.7	154.5	159.2	165.5	177.1	178.7	186.4	193.8	197.2	193.6	187.6	189.4	192.9	194.6	188.3	186.4	190.1	189.9	187.7	188.8	185.2	187.2	187.5	186.8	184.1	181.4	180.3	180.1	195.1	214.2	222.7	221.4	217.2	214.2	212.9	214	214.4	214.3	212.4	210.4	208.4	207.7	209.6	215.1	223.4	229.3	231.3	229.1	228.7	225.3	217.9	212.1	209.3	198.6	193.8	188.3	185.4	186.8	189.6	193.2	192.8	198.5	206.3	227.4	257	309	381.7	415.1	456.1	534.5	545.4	532.9	548	560.9	556	611.6	674.1	674.1	678.6	679.2	669.6	665.1	663.6	654	653.4	647.7	652.8	666.3	671.7	678	680.1	676.5	671.7	670.5	669.6	670.5	663.3	663.5	671.1	669	661.2	666.9	672.6	668.1	660.9	662.4	666.6	670.8	667.5	665.3
688.5	688.5	688.5	688.5	688.5	682.8	681.6	688.5	688.5	688.5	688.5	688.5	688.5	688.5	688.5	688.5	688.5	688.5	688.5	683.6	671	659.1	649.3	647.2	637.4	617.1	598.9	578.6	561.8	551.3	536.6	531	531.7	534.5	530.4	528.9	524	520.5	519.8	506.4	493.2	486.6	477.6	484.2	489	485.8	464.2	391.4	340.6	306.5	291.2	294.9	307.5	320.5	328.7	334.9	276.2	252.2	244.6	235.7	230.4	230.6	229.6	227.2	225.9	229.2	234.4	238.1	243.8	252.4	257.8	256.8	252.9	246	234.5	231	229.8	218.2	210	198.3	192.7	179.3	159.2	153.1	155.2	160.3	162.9	167.8	178.9	186.9	194.4	211	218.1	219.5	216.4	206.1	204.1	208	208.3	205.1	208.3	206.7	206.3	211.3	208.8	198.4	197.2	194.6	190.4	190.2	186.5	182.6	186.8	208.4	224.9	221.9	219.3	219.3	212.9	213.5	213	211	210.8	211.9	211.5	208.2	204.1	206.4	210.8	217.9	226.4	228.9	226.2	223	222.9	216	210.6	205.5	196.8	190.8	183.5	182.3	184.9	190.7	191.8	192.8	200.7	209.2	234.2	263.3	335.8	406.2	428.6	475.1	538.9	545.5	523.1	539	563.3	554.8	608.8	669.2	676.8	677.1	677.1	667.2	664.8	664.2	659.7	663	653.4	645	666	669.6	673.8	677.1	672	663	670.5	667.2	664.2	666.3	665.1	668.4	671.7	670.2	673.2	672.9	669.9	662.7	670.8	676.2	672	668.1	667.2
688.5	688.5	688.5	688.5	688.5	687.6	687.3	688.5	688.5	688.5	688.5	688.5	688.5	688.5	688.5	688.5	683.7	688.5	688.5	688.5	688.5	685	674.5	670.3	653.5	631.8	617.1	605.9	591.9	581.4	575.1	566	571.6	570.7	564.4	558.3	538.7	531.7	525.4	503.1	492.6	490.6	483.6	479.3	492.9	488.4	488.3	470.4	369.8	322.1	299.2	294	302.6	318.8	325.1	333.4	274.4	247.7	245.3	236.7	234.7	230.2	230.3	228.5	230.4	229.3	231.8	239	245.9	250.9	256.6	260	259.3	250.8	243.8	238.9	231.7	226.6	215.1	208.1	210.6	210.8	198.4	181	168.2	167.5	169.8	178.5	195.2	198	204.5	221.7	233.6	236.3	239.1	232.2	227.3	233.2	234.9	226.7	224.8	221	219.8	226.1	228.5	216.6	214.2	205.5	197.2	194.5	197.7	210.2	233.8	246.8	241.6	233.4	228.5	225.3	222	217.7	215	212.4	212.2	211.9	212.6	208.1	206.1	205.9	210.9	217.7	222.6	224.5	221.4	221.2	219.3	216.8	212.9	203.7	199.4	193	186.5	183.9	183.6	183.7	189.3	190.8	193.1	212.7	249.4	272.9	343.7	417.6	472.9	523.4	533.8	547.6	540.3	543.1	547.5	539.1	570.3	589.1	592.9	597.6	608.7	615.9	621.3	622.6	620.1	629.7	626.5	624.1	672.4	676.5	665.7	665.4	673.2	668.4	672.6	670.5	659.1	672	669.6	669.6	675	674.4	676.5	672.9	666	668.4	668.4	667.2	667.2	666.6	667.2
688.5	688.5	688.5	688.5	688.5	688.5	688.5	688.5	688.5	688.5	688.5	688.5	688.5	688.5	688.5	685.2	683.4	688.5	688.5	688.5	688.5	688.5	678.7	671	654.1	640.2	629.7	613.6	600.3	594	587	583.5	585.4	578.8	574.9	565.3	548.5	538	528.1	507.5	515.3	515.5	510.7	480.3	498.1	492.2	487.1	481.8	383	333.3	313.7	297.3	301	317.8	329.1	335.7	303.6	265.4	251.9	249.3	242.5	232.7	232.1	230.4	229.4	232	233.9	239.1	246.4	250.7	256.8	259	258.6	248.4	245.1	240.6	231.6	223.3	213.4	207.8	208.7	217.3	216	198	181.8	178	177	187.9	203.1	210.7	210.9	216.7	235.5	235.9	238.4	241	238.3	234.1	230	227.5	226.4	225.1	223.9	224.5	227.4	222.6	216.1	210.7	203.4	201.3	211.6	232.5	254.3	254.6	239	235.8	231.3	224.9	223	217.1	213.4	213.1	212.5	211.5	205.6	205.5	206.6	205.8	213.6	217.3	218.3	215.5	215	217.5	215.6	214.2	210.1	204.1	200.1	190.5	186.6	184.6	182.7	183.2	190.7	193.6	199.4	215.7	250.3	292.7	359	425.9	492.8	533.1	527	554.3	548.7	541.1	546.2	528.8	554.7	558.9	555.8	558.2	565.3	576.8	588.2	590.1	589.7	590.9	588.3	587.3	630.2	656.4	662.4	667.5	667.8	674.6	672.6	670.5	662.7	673.8	670.2	669.9	677.1	675	674.7	673.2	668.7	668.7	666.9	666.6	667.5	666	666.3
688.5	688.5	688.5	688.5	688.5	688.5	688.5	688.5	688.5	688.5	688.5	688.5	688.5	688.5	688.5	684.3	688.5	688.5	688.5	688.5	688.5	688.5	685.2	680.8	673	678.7	668.9	656.3	648.6	638.8	631.8	617.1	614.4	614.6	604.5	596.1	589.1	565.3	541.4	529.6	524.7	521.2	497.7	492.5	504.9	497.9	492.7	489.4	429.9	353.1	334.7	308.7	300.3	312.2	327.4	327.8	267.7	250.4	251.4	245.6	238.4	231.7	225.1	224.7	226.7	232.7	230.6	231.8	236.7	244.5	250.6	252.9	253.1	254	249.2	245.6	240.4	227.1	219	215.6	212.2	214.6	224.5	233.2	230.7	218.3	210.3	218.2	232	234.3	236.4	235.4	241.5	244.7	248.2	259	252.3	246.5	246.4	244.6	235.4	228.5	235.1	238	238.1	240.4	239.5	235.8	237	237.2	260.6	271.9	265.4	251.1	236.9	243.6	240.2	233.7	225.5	223.7	217.6	213.3	212.7	207.4	203	207.1	204.7	206.2	212.9	212.1	210.6	212.9	216.5	218.9	217.4	216.6	209.2	206.9	201.8	189	184	182	180.7	183.7	195.8	206.6	212.9	230.3	266.6	308.2	391.1	476.5	554.1	561.7	541.5	548.4	541.6	539.9	549.7	521.6	509.7	532.1	543.1	553.9	558.8	559.2	555	557.9	555.6	546.9	529.9	532.7	536.8	552	559.8	580.3	601	609.9	626.9	655.8	671.7	672.6	671.7	669.6	672	672	667.8	666.6	671.7	671.7	668.1	667.5	672	669.6	655.2
688.5	688.5	688.5	688.5	688.5	688.5	688.5	688.5	688.5	688.5	688.5	688.5	688.5	684.9	688.5	686.4	688.5	688.5	688.5	688.5	688.5	688.5	684.6	684.9	688.5	684.3	671.7	662.6	655.6	645.8	634	619.5	624.7	623.4	611.5	601.7	596.1	574.4	545.9	535.3	526.8	521.9	504.7	497.8	501.3	497.7	492.7	489.2	450.9	363.5	338.7	325.3	308.8	311.5	328.2	319.1	259.1	249.6	248	245.4	238.7	231.4	225.5	224.8	223	223.8	227	226.3	231.1	240.1	249.4	248.5	249.5	253.2	253.2	244.6	240	228.5	221.5	213.5	207.3	209.3	220	230.5	240.3	238.8	233.4	232.6	239.2	248.9	256.1	249.8	250.3	255.1	258	262	268.5	265.5	261.8	257.4	248.5	246.1	250.9	247.2	244.6	249.8	254.7	253.4	252.8	259.3	268.7	270.1	260.2	244.8	238	243.9	240.5	233	228.2	223.2	217.5	217	215	208.5	205	205.9	206.3	207.1	209.2	209.9	204	207.4	213.1	215	215.6	215.6	210.7	207.7	199.1	188.2	182.4	179.7	182.5	187	200	213.8	222.1	236.6	284.6	331.9	409	509.9	565.5	563.3	554.4	555	555	553.4	551.2	531.9	505.2	529.4	553	562.4	544.9	554.7	552.9	557.8	560.3	544.4	536.7	537.7	533.8	543.1	542.3	559	566.7	571.9	602	629.9	650.8	673.8	674.4	672.6	670.8	669.9	662.2	662.3	667.2	669.6	668.1	667.5	671.1	669.6	661.8
688.5	688.5	688.5	688.5	688.5	688.5	688.5	688.5	688.5	688.5	688.5	688.5	687.9	688.5	688.5	688.5	685.8	688.5	688.5	688.5	688.5	688.5	688.5	688.5	688.5	688.5	688.5	675.9	665.4	661.9	655.2	649.1	647.2	638.8	631.1	624.8	617.1	608.7	588.4	566	552	540.1	529	518.6	509.2	508.8	502.5	495.1	495.8	436.8	361.3	356.3	344.5	320.6	320	308.1	255.4	248.4	241.8	240.7	241.6	234.4	229.2	229.6	220.3	223.9	227.1	225.2	228.7	233	239.4	244.2	246.6	248.8	253.7	251.6	245.8	237	226.4	223.5	216.5	209.9	215.4	224.9	236.3	247.3	256.2	265.3	269.4	280.4	289.3	287.6	291.5	294	292.1	296.1	301.1	289.2	288.3	284.6	279.5	282.9	285.6	281.2	276.2	277.2	276.9	272.2	273.1	274.7	266.4	260.2	252.5	242.8	240.5	240.7	239	236.4	232.7	230.5	224.2	221.9	223.2	215.7	210.3	208	207.2	206.6	208.3	208.6	205.2	207.4	208.5	211.8	212.3	212.4	213.2	209.2	200.1	192.3	187.4	181.8	183.7	190	208.9	226.9	231	246.2	301.1	343	453.4	549.7	565.2	551.3	552.2	550.4	552.1	560.3	555.3	549.7	546.4	552	563.4	555.8	542	538.5	537.3	539.7	548.6	557.1	566.8	575	572.5	566.8	562.4	566.3	565.8	558.5	564.9	566.1	565.5	572.8	603.8	625.7	636	653.5	647.5	662.6	669.6	674.4	678.6	678	672	669.9	667.8
688.5	688.5	688.5	688.5	688.5	688.5	688.5	688.5	688.5	688.5	686.7	679.5	685.2	688.5	688.5	688.5	688.5	688.5	688.5	688.5	688.5	688.5	688.5	684.7	683.7	688.5	688.5	675.2	671.7	672.4	664	656.3	647.2	640.2	636.7	626.2	620.6	612.2	583.5	568.1	554.8	538.7	531	519.8	514.2	511.2	505.5	505	508.1	461.9	377	362.7	360.8	342	328.4	297.6	248.8	246.5	247.7	255.7	248.7	241.2	236.3	228.2	223.9	227.1	229	228.9	233	235.8	240.3	245.4	249.2	250.2	251.9	250.1	242.6	237.8	229.3	222.6	215.1	210.9	217.1	222	229.5	244	260.5	273.3	281.3	291.8	294.3	294.9	295.6	298.5	299.7	300.3	304.2	289.7	285.1	283.3	281.8	288.9	290.7	293.1	287.1	279	274.2	272.6	268.2	268.4	255.2	250.4	244	245.3	244.1	238.9	240.6	236.2	231	227.2	226.4	226	221.8	216.3	208.7	206.8	204.7	202.7	204	202.8	200.6	204	207.3	208.2	213.4	213.2	210.5	204.9	196.6	189.6	185	182.7	189.2	200.4	218.6	229.1	235.3	263.7	308.8	338.3	454.4	552.2	547.6	543.9	554.7	555.3	554.2	558.8	559.6	553.4	551.8	554.2	558.6	548	533.5	536.6	539.5	543.7	558.6	562.8	573.2	566.5	569.3	574.2	570.7	563.9	561.6	557.6	559.4	560.2	546.6	543.2	563.2	596.6	624.7	655.5	657.3	660.6	666	678.6	685.5	684.3	676.2	672.3	669.9
688.5	684.9	687.3	688.5	688.5	688.5	688.5	688.5	688.5	688.5	688.5	682.2	688.5	688.5	688.5	688.5	688.5	688.5	688.5	688.5	688.5	688.5	688.5	680.8	685.7	688.5	688.5	688.5	688.5	688.5	688.5	688.5	677.3	668.9	665.4	661.2	655.3	659.8	622	603.8	602.4	583.5	565.3	539.3	534	528.7	526.2	524.6	537.7	533.7	453.9	393.9	387.5	378.4	360.2	304.1	250.2	242.3	242.6	248.2	245.8	241.8	242.9	237.9	231.2	228.1	228.8	226.7	230.6	234	239.5	243.4	248	251.9	254.3	253.4	243	242	236.2	227.5	227.8	225.5	217.9	219.2	226.4	236.6	247.9	268.8	287.2	309.3	313.2	312.7	306.3	304.6	314.8	310.3	302.4	298.9	294.5	289.5	291.9	299.7	303.4	307.6	297	279.3	268.7	259.2	250.4	249.9	239.9	240.6	246.5	244.5	244.5	246.1	242.2	238.5	235.3	228.5	230	229.2	222	217.1	212	207.9	206.1	204.1	202	204.5	206	203.2	206.4	210.7	212.1	209	207.1	203.5	193.7	183.8	182.9	188.3	197.4	211.4	223.7	226.5	237	265.8	303.8	351.3	470.7	530.6	537.1	545.3	563.1	563.5	559	557.5	556.9	539.9	558.2	559.6	566.7	556.7	551.1	553.3	550.6	544.4	551.1	539	546.9	554.1	545.7	540.5	554.5	558.3	561.6	561.7	556.3	536.9	525.4	514.5	525.9	541.8	558.1	573.5	603.1	643.2	668.1	680.4	686.4	679.5	679.5	679.2	675.3
688.5	687.3	688.5	688.5	688.5	688.5	688.5	688.5	688.5	688.5	688.5	688.5	688.5	688.5	688.5	688.5	688.5	688.5	688.5	688.5	688.5	688.5	688.5	688.5	688.5	688.5	688.5	688.5	688.5	688.5	688.5	688.5	688.5	676.6	664.9	669.2	677.2	674.5	639.5	619.9	621.3	605.9	575.5	541.8	545.2	535	530.7	536	548.8	543.2	475.6	404.7	394.6	372.4	321	274.4	252.4	246.9	245.1	245.7	247.8	243.9	243.7	244.1	235.3	231.9	234	229.5	230.1	231.2	235.2	239.9	247.4	253.1	257.6	255.5	244.3	242.3	237.2	229.7	228.4	227.9	220.4	217.8	226.4	233.1	241.7	260.2	275.2	299.7	310.8	313.3	309	307.4	317.2	307.7	296.9	300.6	297.7	291.4	291.9	297.9	302	299.1	284	269.8	258	251.1	247.8	238	233.2	239.1	246.4	243.8	242.3	245.4	241.9	242.2	240.3	235.4	230.8	226	221.9	215.7	209	207.7	203.8	200.7	204.1	207.4	206.3	202.5	203.4	208.2	208.7	204	202.5	200.1	193.8	188.1	186.5	188.9	200.6	218.6	231.4	243.6	260.6	274.4	302.3	366	456.4	532.4	544.4	553.8	564	566.3	563.7	561.6	560.3	542.3	544.2	555.6	560.9	552.7	549.1	556.7	552	543.7	547.9	547.4	549.3	548.4	535.4	520.9	547.3	558.8	560.4	568.4	560.4	533.4	534.4	534.5	531.1	542.7	558.8	566	572.9	612.3	651.7	677.1	679.2	670.8	672.9	675	676.5
688.5	688.5	688.5	688.5	688.5	688.5	688.5	688.5	688.5	688.5	688.5	688.5	687.9	688.5	688.5	688.5	688.5	688.5	688.5	688.5	688.5	688.5	688.5	688.5	688.5	688.5	688.5	685.8	688.5	688.5	688.5	688.5	688.5	686.1	682.3	688.5	688.5	688.5	688.5	675.2	683.6	672.4	640.4	615.9	597	576.3	553.5	570.4	578.9	558.7	494.6	432.6	405.8	368	309.1	274.9	263	246	241.1	242	241	242.1	244.4	247.8	246.7	235.9	235	233.2	231.5	233.2	233.6	237.9	243.2	247.7	249.7	249.5	243.3	239.2	235.1	230.7	232.1	231.6	227.8	226.4	227.6	228.1	234	245.7	255.8	271	285.5	289.7	289.6	291.6	291.6	289.3	287.3	297.5	304.7	300.5	298	296.8	289.1	281.7	272.6	261.5	253.1	248	245.6	237.3	232.3	236.1	240.8	239.6	234.7	234	238.4	243.5	249.2	244.2	234.2	226.8	218.8	213.2	209.8	204.6	200.9	197	199.8	204.1	205.8	202.8	200.4	203	206.3	202.7	198.6	200.1	196.7	191	189.8	191.7	208.4	223.7	232.2	251.1	265	280.7	332.1	426.4	463.8	535.7	570.9	569.6	567.3	570.5	571.9	571.8	571	564.5	531.6	536.4	540.6	540.9	534.3	541.4	555.5	558.4	561	563.1	560.3	561.1	550.2	539.9	565	555.3	544.6	559.3	566.2	563.7	558.5	554.9	552.6	552	551.1	546.7	549.7	556.2	566.5	603.8	647.8	663.9	663.9	668.7	674.7
688.5	688.5	688.5	688.5	688.5	688.5	688.5	688.5	688.5	688.5	687.3	687.3	686.4	688.5	688.5	688.5	688.5	688.5	688.5	688.5	688.5	688.5	688.5	688.5	688.5	688.5	684.9	684.6	688.5	688.5	688.5	688.5	688.5	688.5	688.5	688.5	688.5	688.5	688.5	686.3	684.9	685	656.4	625.8	611.7	591.8	561.8	579.9	584.7	561.8	506	426.5	348.8	296.7	273.9	269.9	262.7	248	241.2	240.7	240.1	245.2	250.9	256.8	255.4	246.3	238.2	233.2	232.4	237.4	237.5	238.4	243.1	248	250.9	252.2	248.8	242.2	237.2	234.8	233.2	232.7	235.5	233.9	234.5	237.1	238.2	247.5	257.6	264.8	278.9	283	286.6	289.1	287.2	283.6	282.4	288.9	298.5	300.5	303.6	296.9	286.3	284.2	273.4	265.3	256.6	252.9	253.2	243.1	237.4	237.8	242.2	243.2	238.1	238.3	240.1	243.3	249.8	244.3	238.6	227.8	214.4	210.4	206.3	200.5	197.2	197.9	201.9	203	202.3	206.5	200.7	201.2	203.5	200.7	200.9	199.9	197.9	196.1	194.4	199.3	216.8	232.1	244.7	264.3	270.3	280.4	342.4	448.5	455.8	477.8	529.3	539.9	552.6	567.5	570.4	565.4	555	561.2	532.3	519	541	543	539.4	541.5	549.5	556.4	560	556.1	550.7	558.5	554.3	549.1	558.6	552.5	548.3	563.7	566.9	562.6	555.4	553.4	550.9	552.5	544.7	536.8	543.6	550	561	575.9	613.4	665.7	665.7	672.6	676.2
688.5	688.5	688.5	688.5	688.5	688.5	688.5	688.5	688.5	688.5	681.9	688.5	688.5	688.5	688.5	688.5	688.5	688.5	688.5	687.6	679.2	687	687.9	688.5	688.5	688.5	683.7	688.5	688.5	688.5	688.5	688.5	688.5	688.5	688.5	688.5	688.5	688.5	688.5	687.3	687.1	688.5	676.2	645.8	629	610.9	597.2	596.8	587.5	578.3	544.4	415.4	325.8	288.7	267	271.4	269.2	253.3	242.5	237	236.7	243.6	248.8	251.1	258.5	255.3	242.7	237.8	234.2	235	235.7	236.9	237.5	242.4	244.1	245.1	244.8	239.8	234.5	234.4	232	232.2	233.2	234.8	238.5	242	248.3	249.1	252.3	254.1	261.4	264.5	270.2	272.7	270.7	276.1	277.8	278.4	286.4	286	288.1	283.8	277.1	272	266	264.5	261.6	259.3	258.6	257.4	249.6	242.9	237.7	239.6	235.9	233.6	242.3	244.8	240.6	241.2	241.6	229.1	216.8	210.6	203.8	198.2	196.9	194.5	194.2	200.2	199.2	202.8	198.7	198.2	200.6	199.6	202.6	200.1	196.3	196.4	196	203.5	218.1	231.6	250.9	264.3	271.4	293.5	365.5	438.2	447.4	478.2	488.3	494.4	516.4	527.2	541.7	548	544.1	555.4	556.3	544.6	548.7	549.4	552.3	545.6	536	539.9	544.4	545	539.4	539.7	540.6	538.2	540	547.9	555.5	558.5	556.5	556.2	553.7	548.6	554.6	563.2	565.6	544.5	534	544.9	557.4	564.1	567.9	599.8	650.5	670.2	671.1
688.5	688.5	688.5	688.5	688.5	688.5	688.5	688.5	688.5	678.6	670.8	684	688.5	688.5	688.5	688.5	688.5	688.5	688.5	688.5	686.7	688.5	688.5	688.5	688.5	688.5	688.5	688.5	688.5	688.5	688.5	688.5	688.5	688.5	676.5	686.7	688.5	688.5	688.5	688.5	688.5	688.5	683	651.2	631.6	614.5	600.3	598.7	585.1	575.1	492.6	352.4	293.5	272.4	288.9	281.5	266	252.6	244.4	237.4	238.7	244.4	247.1	250.8	258.6	257.3	251.5	246.4	240.8	237.6	236.9	239.2	238.8	241	243.5	244.2	240.5	237	236.3	235.4	234.9	234.2	234.7	236.5	236.4	239.9	247	248.5	252.4	253.7	255.5	261.4	264.9	263	266.8	271.2	270.1	271.1	273.4	273.1	281.4	279.2	273.8	272.1	268.7	266.2	266.2	263.1	262.6	260.7	257.6	247.5	242.1	243.9	242	237.4	238.6	246.4	240.8	238.4	237.8	228.9	218.2	210.4	207	203.9	198	194.8	193.5	193	199.3	202	202.6	202.6	204.2	203.2	203.4	199.9	200.2	200	202.7	215.5	239.3	253.2	257.8	262.7	272	295	369.8	434.5	443.7	466.8	459.4	422.7	427.2	430.8	437	454.1	458.1	493.3	519.3	545.7	550.7	550.9	553.4	545.9	535.7	538.6	536.3	535.7	536.6	537.9	537.2	533.2	536.2	546.7	553.6	550.2	551.1	554	550.1	555.3	547.5	562.1	566.9	550.9	535.5	543.1	554.8	565.4	570.9	585.1	625.2	667.5	668.7
688.5	688.5	688.5	688.5	688.5	688.5	688.5	688.5	684.9	686.7	688.5	688.5	688.5	688.5	688.5	688.5	688.5	688.5	688.5	688.5	688.5	688.5	688.5	688.5	688.5	688.5	688.5	688.5	688.5	688.5	688.5	688.5	688.5	688.5	688.5	688.5	688.5	688.5	688.5	688.5	688.5	688.5	687.5	669.4	656	636.4	612.9	600.6	588.6	534.1	409.1	333.1	295.6	276.3	299.3	285.9	267.2	254.7	244.9	228.6	227.9	236	244	244.4	251.5	257.8	257.8	256.4	245.3	240.4	238.1	237	236	235.1	240.4	241.5	237.2	237.2	232.7	235.2	234.3	227.6	231	233.6	234.6	239.7	248.2	249.7	250.9	252.8	251.2	250.5	251.1	249.1	256.1	257.9	260.5	259.9	258.3	262.1	264.9	267.4	265.8	267.6	272.5	270.4	275.7	275	274.5	276.1	271.5	259.1	248.9	244.8	242.2	236.7	235.4	241.4	236.8	233.5	231.3	226.7	219.8	211.1	205.7	204.6	201.3	197.6	191.8	189.9	194.2	197.2	196.9	198.1	201.6	201.9	198.6	194.5	192	198	204	220.8	241.9	253.8	254.9	263.6	272.8	299.2	383.4	425.6	424.1	462	471.7	458.1	419.1	424.5	437.3	457.9	472.8	480.3	501.5	522.6	538.9	536.3	545.5	547.6	546.3	539.5	533.1	526.4	523.5	526.7	526.1	522.7	519.7	527.3	536.9	539.5	546.9	555	551.3	545.4	545.6	545.4	545.2	537.6	529.6	532.1	542.7	551.3	560.7	563	552.1	579.7	648.6
688.5	688.5	688.5	688.5	688.5	688.5	688.5	688.5	688.5	688.5	688.5	688.5	688.5	688.5	688.5	688.5	688.5	688.5	688.5	688.5	688.5	688.5	688.5	688.5	688.5	688.5	688.5	688.5	688.5	688.5	688.5	688.5	688.5	688.5	688.5	688.5	688.5	688.5	688.5	688.5	688.5	688.5	688.5	670.5	659.6	637.6	617.4	603.4	587.1	476.3	368.9	322.8	288.4	302.4	321.5	289.6	270.8	252.8	235.6	223.4	225.5	234.6	244.6	248.8	253.1	259.6	262.1	259.3	251.5	243.8	239.6	239.3	236	233.4	238.9	239	237.3	235.4	232.5	236.2	230.3	220.3	226.2	236.4	234.2	239.5	249.2	249.3	247.7	246	245.7	246.2	243.2	242.3	245.6	250.6	252.4	253.1	255	256.3	259.7	262.4	265.9	271.2	272	275.5	278.2	275.7	280.9	280.7	276.6	265.7	253.4	248.6	243.5	239.7	239.5	243.6	237.7	232.5	230.2	223.2	217	208.6	202.3	203.3	202.7	197.8	192.8	191	196.8	198.4	201	198.2	201.1	203.6	199.7	196.6	193.8	200.7	210.6	228.6	250	257.5	258.7	266.5	275.9	305.3	390.2	420.5	415.4	449.2	470	477.9	450.3	418.4	425.1	447.1	465.1	475.2	479.9	471.5	465.8	476.3	525.9	549.2	549.7	546	539.2	533.8	527.6	526.6	524.3	520.4	515.5	522.1	529.4	534.1	541.8	549.4	549.1	547	546	545	545.6	536.8	531.7	532.6	543.5	552.6	556.2	562.4	563.5	573.4	624.3
688.5	688.5	688.5	688.5	688.5	688.5	688.5	687.9	688.5	688.5	688.5	688.5	688.5	688.5	688.5	688.5	688.5	688.5	688.5	688.5	688.5	688.5	688.5	688.5	688.5	688.5	687.3	688.5	688.5	688.5	688.5	688.5	688.5	688.5	688.5	688.5	688.5	688.5	688.5	688.5	688.5	687.3	687	661.6	644	628.1	611.2	599.2	567.2	438.8	333	308.2	292.9	315.5	312.9	281.9	250.6	225.9	212.5	204.4	203.4	221	237.9	243.1	242.9	248.7	254.7	262.1	263.1	253.6	243.9	234.9	232.7	233.2	236.5	235.6	235	233.5	231.1	231.5	226.9	225	232.4	231.8	231.8	236.9	243.3	247.4	248.1	246.7	241	242.3	237	234.3	234.4	237.7	237.7	242.1	248.8	255.1	259.5	260.7	272.6	271.9	265.4	274.6	273.8	277.7	284.9	282.8	275.5	263.9	260.8	258.1	250.8	237	234.6	239.2	234.5	231.6	230.7	224.3	211.8	205.8	203.1	202.1	201.8	198.7	193.3	188.8	191.5	193.1	195	195.2	197.7	198.1	198.3	195.7	193.5	205.1	222.5	231.3	247.6	256.9	260.3	266.2	271.2	312.3	423.6	447.4	434.2	444.9	469.6	474.5	469.7	425.9	410.7	431.6	458.5	467.7	467.4	464.8	470.6	477	498.5	540.5	549.4	549.4	531.7	530.4	541	539	535.1	530.2	524.3	519.2	517.1	523.6	531.3	536.6	540.5	550.6	550.9	549.1	547.7	543.4	543.6	550.5	562.5	555.7	554.6	562.1	557.2	549.5	553.4
688.5	688.5	688.5	688.5	688.5	688.5	686.7	685.5	688.5	688.5	688.5	688.5	688.5	688.5	688.5	688.5	688.5	688.5	688.5	688.5	688.5	687.3	686.7	688.5	688.5	688.5	688.5	688.5	688.5	688.5	688.5	688.5	688.5	688.5	688.5	688.5	688.5	669.3	652.5	646.5	644.1	645.9	646.4	621.1	590.7	573.3	560.2	543.8	521.4	409.3	317.2	299.9	306.3	317.5	302.4	279.7	246.6	223.5	213.2	198.7	193.7	211.1	234.7	241.6	241.4	249.4	252.7	260.5	265.7	259.8	247.5	237.9	234	232.9	232.8	234.3	233.7	236.2	232.3	227.7	223.1	222.3	225.3	228.6	229.7	234	238.8	241	244.7	245.8	241.3	234.5	228.5	225.9	227.8	230.6	233.8	236.9	244.4	247.8	254.1	258	268.4	271.7	271.3	271.2	268.9	273	280.5	278.9	271.8	258.5	256.7	255.8	250.2	235.4	235.8	235.6	229.7	229.1	226.7	221.2	211	206.2	202.2	198	201.9	197.9	193.2	191.7	194.7	196.1	193.5	194	196.5	198.2	196.6	196.9	198.4	211.5	226.7	236.6	257.4	260.2	262.1	265.2	271.4	313.9	431.4	463.6	449.2	453.6	473.5	476	477.8	472.7	451	434.6	442.3	461.5	466.5	460.2	471.3	468.5	456.6	456.4	488.4	525.2	545.7	535	545.1	542.5	537	534.7	527.5	517.4	519.2	526.3	529.7	535.7	541.7	547.2	549.8	549.9	548.1	547	548.6	553.2	561.1	553	551.2	557	551.7	543.2	543.7
688.5	688.5	688.5	688.5	688.5	687.6	688.5	688.5	688.5	688.5	688.5	688.5	688.5	688.5	688.5	688.5	688.5	688.5	688.5	688.5	686.7	683.4	688.5	688.5	688.5	688.5	688.5	688.5	688.5	688.5	688.5	688.5	688.5	688.5	688.5	670.5	652.5	645.9	635.5	600.9	589.3	588.1	583.5	561.2	548	535.7	524.6	522.8	493.3	383.1	310.9	315.9	310.4	304.9	291	263.8	240.2	242.5	230.7	199.2	186.5	189	215	230.8	236.4	240.9	243.2	247.3	257.8	261.1	261.6	246.8	235.3	232.8	230.2	230.2	230.2	231.9	232.1	229.8	221.2	218.1	219.8	225.2	228.6	230.7	234.1	235.8	237.1	237.9	236.7	230.7	226.5	225.5	224.7	226.8	228.7	236.7	241.2	250.6	259	261.9	269.3	272.3	266.3	269.1	268.2	270.2	276.3	267.3	261.9	258	255.4	254.1	250.3	244	239.8	233.8	228.6	231	220.3	216.3	211.2	204.4	193.2	193.1	196.2	196.9	194.7	189.6	187.7	187.8	192.2	191.7	192.9	196.3	195.9	198.9	204.1	218.6	223.5	231.6	256.5	259	256.4	259.9	266.2	321	443.5	470.8	476.4	482.7	483.8	484.2	483.5	480.7	465.7	438.2	436.2	458.8	476.6	473.3	457.3	473.6	465.4	459.4	466.3	501.6	519.3	519.5	527.9	535.4	532.5	521.1	508.9	490.3	493.9	510.4	513.5	526.3	530.1	536.5	544.2	546.3	545.5	551.1	558.5	561.1	565.8	569.4	556.4	551.9	555.7	551.3	550.2
688.5	688.5	688.5	688.5	688.5	688.5	688.5	688.5	688.5	688.5	688.5	688.5	688.5	688.5	688.5	688.5	688.5	688.5	688.5	688.5	685.8	687.9	688.5	688.5	688.5	688.5	688.5	688.5	688.5	688.5	688.5	688.5	660.3	621	601.5	596.1	597.9	602.1	596.2	568.2	563.8	586.7	569.4	550.5	535	518.6	511.8	514.8	488.2	379.5	307.5	307.9	315.2	313	283.1	253.3	243.1	246.9	234.3	204	186.8	184.3	206.7	226.2	235.8	242.3	243.1	245.4	255.1	258.9	262.8	254.7	238.7	234.9	231.5	230.5	230.3	228.3	226.9	226.1	221.2	216.6	214.7	217.7	222.9	227.5	231.1	229.4	231.5	230.5	229.4	224.1	220.1	219	217.5	221.3	227.9	234	235.2	245.1	254.5	258.9	261.9	265.7	260.5	265.6	268.7	269.5	274.1	263.9	256.5	254.8	251.8	246.8	243.2	242.5	234.9	229.6	224.5	222.6	217.6	211.5	211.9	205	194.9	196.2	197.8	198.8	193.5	189.9	184.5	184.9	189.6	189	190.3	196.1	198.7	203.3	211.1	220.5	223.1	234.3	253.2	256.4	255.1	256.1	261.1	322.6	446	468.7	474.5	481	479.9	479.8	480	477	474.2	457.2	439.3	455.3	467.4	467.8	454.8	470	464.8	460.5	460.8	464.4	464.1	461.3	462.8	465.1	460.1	453.2	451.9	442.1	433.2	436	437.4	434.5	454.7	489.9	516.3	545.8	543.7	549.5	561.3	569.7	574.3	579.5	564.2	551.6	557	555.4	554.7
688.5	688.5	688.5	688.5	688.5	688.5	688.5	688.5	688.5	688.5	688.5	688.5	688.5	688.5	688.5	688.5	688.5	688.5	687.6	687	688.5	688.5	688.5	688.5	688.5	688.5	688.5	688.5	688.5	688.5	688.5	677.1	638.4	606.3	597.9	603.3	600.9	590.2	569.9	544.3	547.1	549.7	535.6	521.5	511.6	509.5	512.9	518.1	499.9	381.7	317.4	304.8	305.5	302.8	255.1	238.9	258.2	262.9	245.9	219.9	201.3	185.7	196.6	213.9	219.6	227.4	232.9	239.6	247.5	252.1	255.7	256.2	247	237.6	231.7	231.1	227.9	220.9	221.9	221.6	216.6	212.5	209.7	210.6	215.5	220.4	226.2	228.7	228.9	231.8	232.1	233.5	233	230.6	228.5	229.4	231.5	239.4	246.3	248.8	251.9	258.9	264.1	265.7	258.5	257	261.1	263.4	260.2	253	249.1	246	245	239.1	238.5	238.2	230.5	225	219.2	216.7	214.8	212.3	214.5	208.8	202.1	198.4	197.5	195.2	188.2	182.4	176.1	177	181	181.3	184.1	190.8	198.9	206.1	211	211.9	214.3	229.5	245.2	248.9	246.6	244.8	254.4	311.8	421.7	448.4	468.9	475.4	478.9	484.3	482.9	484	482.4	467.2	447.9	440.6	461.5	466	464.9	461.4	461.5	459.1	459.7	466.7	466.8	466.8	462.1	452.3	451.7	454.4	455.3	425.1	410.2	431.8	434.6	436.7	429.8	443	480.3	524.8	552.7	558.6	566.5	566.8	563.7	566.9	565.5	557	557.1	552.3	549
688.5	688.5	688.5	688.5	688.5	688.5	688.5	688.5	688.5	688.5	688.5	688.5	688.5	688.5	687.5	688.5	688.5	688.5	687.3	688.5	688.5	688.5	688.5	688.5	688.5	688.5	688.5	688.5	688.5	677.7	641.7	614.7	612.3	609.3	609.3	605.2	591.1	573.6	547.3	539.9	545.8	536.7	515	505.3	503.2	506.1	508.2	515.4	509.7	389.8	306.6	295.7	305.1	300.8	257.1	233.7	246.3	256.3	248.7	229.1	212.8	195.8	191.6	200.1	209	218.1	229.3	237.4	242.9	249.1	250.5	251.7	246.3	239.7	236.8	231.6	222.9	218.9	219.5	221	213.5	210.7	207.6	206.4	211	211.2	219.5	224	224.7	227.2	231.9	235.8	233.9	237.4	237.7	237.3	238.5	245.1	254.4	254.7	257.3	258.9	263.8	261.2	254.3	251.1	252.9	254.4	253.4	245.7	243	241.2	237.4	234.2	234.1	233.1	227.4	220.8	215.4	213.5	210.7	212.5	215.3	212.9	210.1	203.4	201.6	198.1	188.4	182.4	178.3	176.3	177.2	184.2	187.8	194.7	201.9	207.6	212.9	214.6	218.6	235	245.8	246.8	243.9	247.4	257.2	313.4	411.4	430.2	457.6	473.1	478.2	482.1	482.9	478.5	480.5	470.5	453.8	455.2	471.1	478.5	470.4	465.9	462	458.6	457.8	464.8	466.1	464.1	459.7	451	445.4	450	452.6	435.3	420.2	431.7	444.8	449.4	436.7	423.3	420.5	441.2	488.3	523.6	543.2	553.2	560.6	562.3	566.3	562.5	558.2	555	548.7
688.5	688.5	688.5	688.5	688.5	688.5	688.5	688.5	688.5	688.5	688.5	688.1	688.5	686.7	684.9	688.5	688.5	688.5	688.5	688.5	688.5	688.5	688.5	688.5	688.5	688.5	688.5	688.5	688.5	661.5	628.5	614.1	606.3	592	575.9	562.4	549.2	528.2	506.4	517	529	521.4	508.2	498.7	485.7	484.4	494.2	495	477.2	358.9	254.1	233.2	256.3	241.7	221.4	253.8	278.3	251.5	237.2	233.8	223.2	200.9	189.9	203.8	205.7	210.1	222.5	228.5	237.4	241.8	244	246.6	243.4	241.5	233.9	228.7	221.2	218.1	216.6	214.1	210.9	205.6	206.8	208.5	208.2	214.6	225.8	227.9	229.6	235.3	241.8	246.4	247.5	251.8	253.4	262	264.9	267.6	267.8	266.9	265.1	263.4	263.5	259.9	255.6	251.6	248	245.5	245.7	241.7	238.6	232.9	234.2	234.2	230.8	226.8	224.6	218.4	210.3	209.9	208.2	209.6	210.9	209.9	202.9	196.7	193.5	185.8	173.6	169.1	173	175.8	179.5	188.1	196.3	203.2	201.4	200.2	204.2	206.8	211.6	225.1	233.8	234.9	240.2	254	267.2	317.7	409.4	416	429.6	450.9	478	472.4	485.8	488.8	475.7	470.9	460.1	467.1	476.2	483.6	466.6	467	468.2	461.8	468.4	468.1	462.1	459.9	461.3	460.7	457.3	456.4	454.9	455.6	451.4	439.3	441.4	445.4	440.4	426.1	436.6	462.8	482.8	516.7	532	536.2	541.1	562	580.6	575.1	567.6	557.7	558.3
688.5	688.5	688.5	688.5	688.5	688.5	688.5	688.5	688.5	688.5	688.5	688.5	688.5	687.9	688.5	688.5	688.5	688.5	688.5	688.5	688.5	688.5	688.5	688.5	688.5	675.9	661.5	642.9	617.7	609.9	604.5	590.9	579.7	572.1	564.3	551	533.1	511.5	500.2	515.7	522.5	518.3	501.5	495	478.7	476.3	485.5	484.2	457.4	350.5	238.8	228.9	247.4	231.3	226.2	263	291.8	259.4	235.3	236.1	230.5	207.9	194.1	206.8	209.5	208.7	217.4	223.1	233.7	240.1	242.6	243.8	242.8	241	238.3	231.9	222.8	214.1	212.7	213.8	210.9	205.3	206.3	208.9	207.7	211.8	223.7	228.5	230.5	237	244.8	249.8	250.7	250.8	255.5	263.4	267.6	268	265.3	264.5	263.1	263.6	259.9	254.4	252	251	245.4	240.9	238.9	238	235	229	230	230	227.5	222.4	218.9	212.9	210.4	211.2	209	212.6	209.9	203.2	200.8	193.2	187	180	174.1	170.3	177.4	181.9	188.8	192.8	199	201.4	200	202.7	207.1	208.4	212.9	230.5	238.4	239.8	246.9	257.2	266.1	321.8	414.1	420.1	427.5	444.1	473.5	478.8	485.3	490	476	469	460.3	471.6	478	481.9	464.4	454	468.6	456	461	462.8	459.9	455.2	458.7	460	458.9	457.3	455.6	455.5	454.6	439.5	436	442	437.9	430.1	441.6	469.7	477.3	474.9	470	465.8	474.8	478.9	496.3	504.7	506	506.2	513.8
688.5	688.5	688.5	688.5	688.5	688.5	688.5	688.5	688.5	688.5	688.5	688.5	688.5	688.5	688.5	688.5	688.5	683.1	672.3	674.1	685.5	688.5	688.5	684.9	664.5	659.7	639.3	614.1	602.8	583.4	574.4	563.2	549.2	542.8	539.8	532.3	518.5	500.5	489.9	495	500.4	509.4	492.5	485.4	476.7	473.3	479.5	475.6	454.9	407.1	288.2	229.7	227.9	233.5	236.5	271.8	281.4	251.6	232.7	233.3	233.9	220.7	194.6	204.2	214.3	213.1	210.7	211.6	217.6	223	228.1	231	233.5	233.9	233.8	230.2	224.2	213.6	205.9	203	204.4	203.7	204.5	207.5	209.8	211.8	214	219.3	222.7	231.5	239.8	245.4	248.8	254.5	253.3	256.8	259.7	260.3	258.9	258.7	260.4	259.8	256.9	252.4	248.7	249.1	246	244.9	238.2	235.1	234.3	230.5	224.8	224.3	220.9	217.4	212.3	211.4	208.2	209.3	207.1	202.1	202	197.7	191.3	184	176.6	172.2	170.9	170.2	177.1	184.3	186.1	187.8	190.8	192.3	194.6	198.3	205.8	207.2	213.4	228.2	235.6	237.2	249.2	256.7	260.7	291.6	369.6	415.5	425.6	435.9	447.1	471.2	484.8	480.1	472.7	461.5	455.8	472	481.2	480.5	469.4	460.9	456.5	451.5	456.8	461	459.1	458.3	456.7	465.9	465.4	461.9	462.8	460.6	454	448.3	450.7	447.1	449.6	439.9	438.6	461.8	472.5	475	474.2	465.5	457.2	461.2	474.6	474.9	472.8	468.4	482.9
575.7	575.7	575.7	575.7	575.7	575.7	575.7	575.7	575.7	575.7	575.7	575.7	575.7	575.7	575.7	575.7	575.7	575.7	575.7	575.7	575.7	575.7	575.7	575.7	575.7	575.7	575.7	575.7	561	547	537.9	530.9	519	511.3	505.7	502.2	495.9	491.7	482.6	477	476.3	476.4	468.5	458.2	449.2	448.5	452.8	442.7	429.6	353.8	228.1	225.2	253.3	229.8	215.8	245.4	258.2	230.8	216.2	219.5	223.5	207.1	182.8	195.5	209.6	209.1	206.1	205.3	209.4	215.4	222.4	226.8	230.7	239.8	246.7	245.7	239	231.4	225.2	225.3	225.8	227.5	231.7	234	237.1	242	243.4	250	257	267.5	275	279.4	280.8	287.1	290.4	292	293.4	292.9	292	292.4	293.8	292.2	289	289.4	286.9	280.3	276.4	279.3	275.6	270.6	269.6	263.3	256	253.1	252.4	248.3	245.2	241.9	240.2	238.4	233.1	227	222.1	220.3	214.8	205.5	201.4	195.4	192.3	194.2	197.6	200.2	198.4	198.4	199.3	196.2	197.6	204.6	208.9	211.8	217.3	233.2	234.9	240	249.1	258.3	266.8	316.2	405.1	405.4	410.5	421.8	427.3	446.3	464	464	460.3	460.3	462.6	466.8	466.1	461.7	450.9	441.1	432.8	434.3	443	446.5	443.7	447.6	449	452.8	453.8	447.9	445.9	447.5	445.4	449.3	450.5	443.4	436.3	424.4	421.9	444.7	458.3	459.7	459	450.6	445.8	442.4	451.7	451.9	446	442.1	441.8
688.5	688.5	688.5	688.5	688.5	688.5	688.5	688.5	688.5	688.5	688.5	688.5	688.5	688.5	688.5	688.5	688.5	688.5	688.5	688.5	688.5	688.5	688.5	688.5	688.5	688.5	682.2	671.7	656.3	638.8	626.2	620.6	614.3	610.8	613.6	609.4	594	589.1	597.9	609.4	610.8	602.6	580.1	575.6	566.9	558	562.4	553.1	535	480.6	380.6	354.8	366.1	341	323.3	351.5	377.5	354	332.4	328.6	329.6	320.6	293.4	300.6	320.7	321.9	323.8	324.2	325.5	322.1	320.3	325.7	329.1	334	339.8	345.2	347.1	343.4	338	335.6	329.9	330.5	334.6	339.2	341.9	347.1	355.2	365.6	369.6	372.3	381.5	386.2	385.5	389.5	392.3	395.5	401	401	402.4	400.1	399.4	394	391.3	389.1	387.2	384.2	384.5	384.4	380	378.5	376.2	369.8	363.3	355.7	355.5	354.8	353.5	350.3	344.3	339.9	335.1	330.2	326	318.2	311.7	310.4	308.3	308.4	311.3	309.8	310.9	309.4	311.8	313.6	314.9	316.3	320.6	324.6	323.2	323.4	327.4	341.1	349.5	359.1	368.4	376	382	434.4	518	522.2	524.1	526.4	543.3	553.3	563.6	559.2	571.7	569.8	564.5	562.7	562.3	564.2	566.3	564.6	555.8	561	570.2	566.8	562.1	562.4	560.3	558.8	560.7	559.3	558.9	560.6	561.6	566.2	569.1	564.7	553.2	538.2	525.9	535.5	548	553.4	562	561.4	555.5	548.8	561.6	563.1	544.3	543.8	544.5
688.5	688.5	687.9	687.3	688.5	688.5	688.5	688.5	688.5	688.5	688.5	688.5	688.5	688.5	688.5	688.5	688.5	688.5	688.5	688.5	688.5	688.5	688.5	688.5	688.5	682.2	672.4	660.5	647.2	631.8	621.3	615.7	610.1	605.2	604.5	605.2	590.5	588.7	594.2	604.6	610.1	600.3	585.4	578.3	568.3	558.7	562.3	552	536.9	501	408.3	358.8	361.6	340.7	321.5	346.4	370.6	352.6	331.6	327.9	327.9	316.8	290.8	299.1	318.2	321.2	325.4	327.2	327	324.4	322.5	323.4	323.1	326.9	331.1	337	340.9	336.7	334	330.5	324.9	326	329	333.5	339.5	342.5	348.2	357.7	363	370.3	375.1	376.5	378.3	385.6	385.4	391.1	394.8	393.1	391.8	387.8	388.8	388.2	386.1	383	379.6	378.9	381.1	379.5	375.6	372.5	369.9	365.6	359.2	354.6	353.9	351.7	347.9	345	340.4	334.7	328.2	325.5	322.1	314.3	312.2	311	311.4	314.8	313	311.8	310.4	310.6	315	316.6	318.3	320.1	321.6	322.5	322.5	320.9	323.3	334.1	347.8	362.5	367.7	376.1	384.9	434.1	517.7	523	522.1	521.9	542.6	550.5	553.3	555.8	570.3	570.5	565.9	560.8	558.8	561.7	569.3	568.1	556.5	561.9	571.6	568.4	564.8	562.5	559.3	560.7	561	559.3	563.5	562.6	562	564.7	565.3	561.7	553.4	538.9	525.4	530.9	537.5	541.4	547.5	554.3	550.2	547.5	557.8	564.6	549.7	544.1	545
688.5	687.9	688.5	688.5	688.5	688.5	688.5	688.5	688.5	688.5	688.5	688.5	688.5	688.5	688.5	688.5	688.5	688.5	688.5	687	688.5	688.5	688.5	681.5	665.4	653.5	646.5	633.9	621.3	614.3	610.8	606.6	598.8	585.4	590.5	608.7	600.6	587.3	584.1	582.1	581.6	583.5	582.7	575.3	572.2	568.4	562.5	554.5	545.7	555.8	465.9	361.9	349.7	338	321.1	340	362.3	353.9	332.2	326.6	323.8	310.3	289.4	293	310	321.1	327.1	332.3	332.2	336.9	339.8	335.1	329.5	324.5	320.9	325.3	326.6	325.9	326.1	324.2	321.7	323	326.6	325.2	328.9	331.2	337.6	344.7	351.1	361.8	371.5	372.3	373.8	374.6	375.6	377.4	383.4	387	384	380.9	381.2	378.1	375.1	375.2	374.9	371.5	369.2	366.7	362.1	362.5	361.4	355.2	347.6	343.3	340.6	338.5	336.1	334.6	327	320.4	318.8	319.1	316	315.7	317.1	320.2	320.2	320.7	320.8	320.5	318.7	319	323.8	323	326.1	327	325.1	320.6	317.6	316.6	321.6	341.3	357.3	368.5	372.3	383	389.8	440.2	518.8	523.5	522.3	525	538	548.5	547.4	560.4	574.3	578	575.6	570	564.4	563.8	564.7	563.5	550.7	548.2	555.5	563	571.4	569.9	567	569.1	569.6	562.7	562.4	561.8	558.7	561.4	559.7	560.2	559.9	549.9	535.8	527.5	532.7	541.5	538	537.6	535.8	539	554.6	564.2	567.6	562.7	556.9
688.5	688.5	688.5	688.5	688.5	688.5	688.5	688.5	688.5	688.5	688.5	688.5	688.5	688.5	688.5	688.5	688.5	688.5	688.5	684.6	688.5	688.5	675.9	669.6	652.1	640.9	633.9	624.1	614.3	610.8	609.4	604.5	590.4	581.2	591.6	596.2	582.7	565.7	560.5	555.8	564.7	584.2	584.3	580.1	574.1	567	562.7	556.1	549.5	562.6	484.5	373.9	349	337	317.1	331.5	354.8	353.9	335.5	326.6	323.4	306.8	287.3	290.2	309.4	321.7	328.2	333.9	333.9	336.4	342.4	342	335.3	327.5	320.3	320	321.3	321.3	321	322	320.4	319.2	324.3	325.7	326.5	327.8	331.2	338.1	343.6	353.3	361.2	366.5	369.8	369	368.7	371.7	374.8	376.9	375.7	375.7	373.5	371.2	368.5	367	367	366	365.3	358.5	351.8	351.9	351	345.7	341.8	336.2	333.1	328.5	330.8	329.4	324.5	321.8	321.2	320.7	316.1	317.5	320	322.8	320.7	319.7	321.7	322.1	321.1	322.6	323.5	325.6	327.3	327.1	323.2	318.3	313.7	315.6	329.3	351.4	361.3	364.4	374.1	384	387.9	437.4	521.3	521.3	522.1	528.3	536.8	546.7	552.3	557	572.5	574.8	573.3	570.2	565.6	559.3	558.9	559.6	550.6	545.9	552.6	560.3	570.8	569.3	567.6	573.3	575.7	564.6	558.5	556.2	555.2	558.7	558.8	559.7	559.7	552.7	540	528.9	533.5	542.4	539.2	535.6	533.6	535.9	549.9	561.3	565.5	567.3	562.7
688.5	688.5	688.5	688.5	688.5	688.5	688.5	688.5	688.5	688.5	688.5	688.5	688.5	688.5	687.1	683.6	679.4	672.4	666.2	654.2	642.3	634.6	623.4	614.3	605.2	596.1	589.8	589.8	596.8	604.5	609.4	604.5	587	584.9	584.7	574.8	572.8	562.5	547.2	546	567.6	587.8	573.8	567.5	565.4	562.2	561.3	559.2	560.6	562.2	531	402.7	340.1	337.8	315.9	320.1	349.5	357.1	341.7	330	325.3	311.8	292.9	282.6	298.5	316.5	326	329.8	338.5	339.2	341.1	343.7	345.6	344.3	338	327.7	321.9	324.1	325.8	323.4	322.2	322.1	326.4	330.8	336	337.4	336.4	335.5	334.3	336.5	337.7	346.1	351.7	352.4	348.6	347.7	350.1	352.4	359.6	361.2	360.5	356.8	354.9	354.4	350.2	349.7	348.3	340.6	335.9	333.1	327.9	324.6	327.7	326.2	326.2	326.9	334.3	335.9	335.6	336.1	333.1	327.7	328.2	329.2	330.4	332.7	330.5	327	331.1	333.1	332.8	331.1	326.9	326.2	325.1	319.6	314.7	312.8	314.2	320.8	338.1	361.8	369.1	375.2	378.9	381	386.2	452.2	520.8	519.4	525.6	531.4	533.4	542.8	552.2	552	560.6	575.7	576.6	578.5	576.6	574.7	571.1	562.4	552	556.9	559.8	560.3	568.4	568	559.6	562.4	559.4	578.5	571.1	564.2	561.6	560.1	556	553.2	556.2	557.6	556.7	552.5	543	539.4	550.5	555	541.6	530.6	530.3	538.8	550.4	558.8	558.5
688.5	688.5	688.5	688.5	688.5	688.5	688.5	687.1	686.4	685	681.5	680.1	678.7	675.9	669.6	661.2	650.7	642.3	637.4	626.9	616.4	607.3	596.1	589.1	582.1	577.2	573.7	578.6	594.7	603.8	602.4	598.9	589.7	577.8	574.3	563.8	556.4	555.1	540.1	542.3	570.5	580.5	567.5	565.8	564.5	563.7	563.8	557.2	557.6	560	561.6	483.9	364.6	326.7	311.2	314.2	341.7	356.4	350.7	336.2	328.1	320.5	300.5	281.1	290.1	311.6	322.4	327.3	335.5	340.5	340	344.4	347.1	345.3	342.8	336.4	326	323.6	324.9	326	325.6	326.2	327.1	329.8	332.5	337.1	339.1	337.2	333.9	334.1	334.5	337.2	343.2	346.6	347.7	343.6	343.2	341.1	346	353.9	355.1	350.3	346.9	343.7	342.4	339.5	337.4	334.9	331.8	327.7	327.3	327.3	327.6	328	330.7	334	338.2	340.3	340.5	339	338.1	332.1	330.4	330.7	332.9	334.7	332.2	328.3	332.1	335.8	332.5	330.2	326.9	323.4	322.2	317.9	313.5	310.7	316.1	320.4	340.4	362.2	365.5	372.7	377.9	383.2	380.3	424.1	492.1	520.8	527.8	530.8	531.8	539.3	549.9	553.7	558.5	574.5	579.6	580.8	579.1	580.6	577.8	563.4	554.4	560	560.9	560	564	565.9	559.3	561.8	571.2	571.6	573.1	565.9	563	560.7	555.9	552.5	558.4	560.9	560	555.1	545.4	538.5	554.8	560	542.8	532.2	527.5	531.6	542.6	551.3	554.9
662.6	661.9	662.6	662.6	661.9	661.9	660.5	659.1	656.3	654.2	650	645.8	640.9	635.3	629	620.6	611.5	602.4	591.9	583.5	574.4	566	559	554.8	551.3	553.4	564.6	588.4	610.1	600.3	589.1	587.1	590.7	590.3	580.7	565.2	548.5	556.5	557.5	551.5	564.1	571.6	570.7	573.5	577.3	573.9	562.4	556.4	567.3	568	562.2	488.7	366.2	326.8	313.5	304.5	335.3	353.2	354	345.4	335.2	325.2	309.9	285.4	278.9	296.6	310.8	321.8	329	340	346.5	345.5	346.6	348.4	351.7	353.2	347	335.7	326.1	318	321.3	323.2	326.8	332.3	337.5	341	344.4	346	344	345.2	345.1	345.5	346.1	345.6	348	349.9	348.1	347.1	350.3	349.8	350.2	349.1	347.4	347.9	347.2	341.4	343.3	340.5	338.5	342.3	344.4	342.5	345.6	348.9	349.5	348.9	344.1	342.1	340.9	337.9	336.3	335.7	339.6	336.9	336.3	340.7	340	340.2	338.6	334.4	329.1	325	315.3	311	306.6	304.8	307.8	313.7	323.1	333.2	347.3	368.4	374.7	378.2	381.7	381.1	403.6	487.8	520.3	529.3	533.5	530.5	532.1	536.2	549.9	559.2	557.6	564.5	580.1	578.4	576.1	575.2	571.5	566	566	566.8	566.1	566.1	567	568.1	564.5	560.2	561.2	565.8	565.5	566.7	566.8	566.7	562.8	562.8	562.5	561.6	560.4	557.5	552.4	538.1	547.8	559.1	546.3	535.8	536.7	540.6	547.2	549.9	550.9
675.9	676.6	676.6	676.6	676.6	675.2	672.4	671.7	670.3	666.1	661.9	657	650.7	645.1	636	626.2	618.5	606.6	595.4	584.2	574.4	566	560.4	556.2	554.8	560.5	578.6	595.4	605.9	604.5	593.3	589.8	590.7	584.7	580.3	577	571.9	563.5	555.5	552.5	563.5	572.2	578.5	582.6	581.2	576.9	571.4	562.9	566.3	566	557.7	512.2	399.8	337.7	315	306.6	331.6	353.6	358.1	353.7	339.5	327.6	316	293.8	279.9	290.9	307.6	318	323.4	334.5	345.7	344.7	345.5	348.3	350.5	352.7	350.1	340.7	331.3	319	319.3	320.9	324.8	330.3	337.4	342.5	344.6	348.5	344	343.8	347.9	347	348.5	349.1	350.2	352.2	348.8	349.6	352.8	350.5	350	349.7	347.3	350.5	347.4	345.6	347.1	344.9	344.8	345.2	349	348	347.6	350.7	350.7	349.3	346.2	340.1	339.9	338.8	337.6	335.6	336.7	336.8	338.6	339	338.3	338.7	337.4	329.3	321.3	315.5	307.6	304.2	304.3	302.6	307.3	317.4	325.8	333.4	344.6	356.7	368.2	377.3	380.6	379.9	418.7	500.1	523.1	532.9	535.6	534	532.1	535	546.8	558.9	557.6	559.8	576.5	579.9	575.7	576	573.3	569.6	570.5	567.8	566.5	565	565	562.2	556.5	553.2	556.6	562.4	563.9	566.3	564.9	559.2	549.8	555.2	558	562	562.1	559	552.6	536.8	541.3	551.2	544.3	537.6	537.9	547.1	551.3	552.8	555.9
688.5	688.5	688.5	688.5	688.5	688.5	688.5	686.4	688.5	688.5	688.5	688.5	688.5	688.5	681.5	667.5	650	632.5	616.4	601.7	589.1	581.4	578.6	580.7	587	601	612.2	605.2	596.1	610.8	609.4	593.3	578	571.1	571.9	574.4	567	547.4	543.5	560.2	574.8	577.3	583.4	582.2	579.8	576.9	575.5	572.5	567.3	560.7	552.5	535.2	495.1	385.4	327.3	315.8	329.1	356	368.2	372.7	351.9	331	321	302.8	284.2	283.9	290.5	300.5	311.7	320	333.3	341.4	347	349.8	349	352.1	356.1	353.5	346.9	334.9	323.4	318.5	315.5	322.1	329.5	337.9	338.9	341.5	341.6	341.4	344	344	343.3	344.3	347.1	347.4	349	349.1	353.4	353.4	352.7	350.7	349.1	352.6	347	346.3	347.4	350.9	353.1	353.3	350.1	346.5	348.5	349	350.9	349.8	345.9	343.5	343.9	344.6	340.6	334.1	333.8	336.1	337.2	338.6	335.2	330.2	322.3	313.4	308	304.1	299.1	296.5	298.7	305.5	317.5	327.4	337.1	345.1	350.5	357.1	370.6	378.1	376.9	393	462.6	520.3	531.9	532.9	529.3	529.2	530	532.2	540.6	556.3	564.7	561.8	566.7	581.3	579.6	571.8	567.4	559.2	562.7	567.5	566.2	566.9	566.7	562.8	556.5	554.4	559.9	566.7	571.8	573	563.4	556	558.6	560.4	558.9	561.3	559.1	557	548	530.1	535.8	544.5	542.7	534.3	532.9	548.8	551.9	557.2	564.2
688.5	688.5	688.5	688.5	688.1	688.1	688.5	687.9	688.5	688.5	688.5	688.5	688.5	688.5	681.5	664.8	647.2	630.4	614.3	598.9	589.8	584.2	585.6	589.1	595.4	601	605.2	604.5	598.2	605.2	605.6	588	578	571.1	572.2	573.1	560.3	546.5	559	571.7	574.4	576.3	579.7	579.8	574.9	574.9	572.3	572.3	571.4	561.6	550.8	535.9	518.6	422.3	334.9	311.4	322.6	351	365.7	374.9	363.1	336.9	322	303.6	288.7	287	289.2	297	305.7	314	324.2	335	343.7	347.4	345.9	351.5	355.9	350.7	348.4	340.7	327.1	315.3	314.4	320.5	327.5	332.5	337	340.4	338.7	340.3	343.6	341.9	340.2	342.5	343.6	345	349.6	350	352.5	354.7	352.6	347.7	348	349	343.8	346.3	345.3	346.9	349.6	349.3	350.3	348.2	348.9	350.7	350.5	346.9	343.2	344	343.6	341.7	336.3	332.7	331.3	331.7	333.4	333.1	327.3	321.2	311.2	306.4	303.4	299.2	296.3	298.5	303.3	308.8	319.2	330.2	340.1	346.5	347.1	347.8	361.1	375.6	376.4	403.9	481.1	523.5	530.2	532.2	528.3	527.6	528.6	531.2	537.6	552.7	567	564.5	559.5	577.9	576.6	569.3	562.8	559.9	562.5	563.7	564.9	566.6	567.7	565.8	566.5	564.6	563.7	569	577.2	577.2	572.6	566.2	563.3	563	559.9	558	556.2	556.5	551.3	535.8	541.8	550.2	547.4	539.7	533.4	544.2	548.4	555.5	563.1
688.5	688.5	688.5	688.5	684.6	681.6	680.8	678.7	674.5	671	662.6	653.5	643.7	633.9	624.8	613.6	604.5	595.4	589.8	590.5	591.9	591.9	596.8	598.9	590.5	587	586.3	587	589.1	591.2	585.1	580.9	576	570.6	567.7	569.4	566.5	556	565	571.6	571.7	576.6	578	577	573.4	574	577.2	576	574.7	568.4	558.2	531.1	508.7	489.4	395.2	328.4	322.4	341.9	359	364	366.4	360.1	333.8	309.3	290.8	291.6	291.4	293.4	296.3	298.4	305.7	316.5	328.2	340.5	344.7	343.7	350	351.4	351.5	351.2	341.9	329.9	315.2	309.6	312.9	320.3	327	328.6	332.1	334.6	336.3	337.4	332.7	336.2	337.6	338	339.4	345.3	348.5	345.1	340.4	343.3	346	344.6	343.1	341.8	341.1	341.7	341.3	341.3	343.6	341	341.9	346.6	346.9	342.8	338.5	340.6	337.6	331.4	326.4	329.5	333.9	327.2	320.3	315.3	309.1	305.2	300.4	294.2	293.1	294.3	295.3	302.2	310.3	318.6	329.1	339.8	345.9	347.4	349.1	347.1	354.9	367.4	388.5	458.2	525.4	532.2	528.2	524.2	522.4	523.7	526.1	526.8	532.8	548.1	566.3	574.3	563.3	573.6	581.3	573	559.9	563.2	566.8	563.4	560.6	563.5	568.2	567.6	563.8	563.2	561.9	561.4	570.8	578.2	574.6	570.3	568.2	563.5	559.2	558.3	559.8	558.6	547.6	536.7	554.4	559.1	552	544.1	537.3	545.5	545.9	556.7	563.3
680.1	678.7	677.3	674.8	671.3	667.5	661.9	656.3	649.3	642.3	636	628.3	619.9	610.8	604.5	598.2	591.9	589.8	590.5	594	594.7	596.1	598.2	596.1	591.9	589.1	586.3	586.3	584.4	580.7	579	576.1	572	570.4	566.9	568.3	572.9	567.1	567.2	572.1	573.2	575.8	575.6	574.5	577.1	576.1	574.7	572.6	569.7	564.4	559.6	548.6	527	497.8	427.4	341.5	317.2	331.2	353.4	363.7	370.6	374.2	346	311.6	295.5	294.9	297.4	297.4	296.5	296.4	303	310.7	320.3	336.7	343.2	342.4	346.5	353	354.7	353.3	347	334.2	320.3	310.9	310.2	316	322.8	325.3	329.2	332.6	334.6	334.3	335.1	334.7	335.1	336.4	339.2	341.8	343.9	343	343	345.8	346	346.3	344.4	342.1	342.3	341.6	340.4	339.9	340.5	339.4	340.2	343.5	346.6	342.5	337.3	335.6	333.2	327.5	324.5	328.5	326.8	319.8	313	307.3	304.9	301.3	298.1	294.4	293.5	293.8	297.2	306.1	313.6	322	334.5	342.9	346.7	349.9	350.3	345	353.2	357.7	397.6	488.6	535.5	532.8	529.7	525.4	517.2	519.7	525.8	526.4	530.3	542.1	558	569.9	575.7	575.3	573.8	568.7	560.3	563.9	565.1	562.8	562.5	567.6	570.4	570.1	569.5	565.9	564.9	562.1	564.6	573.7	577.7	575.1	571	564.1	564.7	563.3	563.3	559.2	547.7	538.5	554.9	560.2	556.5	545.3	539.3	547.4	547.1	560.6	568.6
633.9	630.4	626.9	623.4	619.2	614.3	607.3	603.8	598.2	593.3	589.1	588.4	587	589.8	593.3	595.4	596.1	596.8	601.7	607.3	606.6	602.4	591.9	584.2	590.5	595.4	591.2	593.9	589	581.8	575.9	573.3	574	573.6	571.6	577.7	578.3	571.8	567.1	574.2	579.1	577	574.2	575	572.8	566.5	572.7	570.7	565.9	560.8	557.8	537.2	512.3	494.2	486.9	438.9	357.3	341	347.1	354.3	376.3	395.2	387.4	349.6	308.9	296.2	302.6	305.7	303.6	299.8	297.6	301.2	307.9	317.5	331.4	334.7	338.9	346.1	352.1	357.4	356.3	354.3	344.4	331.2	320.4	311.1	311.2	318.3	321.5	324.2	330.7	329.9	331.2	330.7	327.9	331	334	335.5	335.8	337.8	341	341.2	341.1	342.4	338.6	338.7	338.1	334.4	334	337.4	337.8	338.3	338.4	338.8	339.6	338.4	334.5	327.4	324.9	325	326.2	315.2	307.5	301.8	298.7	300.2	297.7	293.9	293.3	293.1	293.9	299.8	310.2	319.2	328.5	338.3	343.5	345	344.8	350.2	353.1	349.2	346	378.2	476.9	543.6	540.4	533.8	530.4	526.5	522.3	520.7	527.1	529.9	535.7	545.3	565.2	582.1	583.3	573.7	571.4	562.5	557.5	571	570.3	567.9	569.1	577.2	579.4	575.1	571.6	569.3	565.8	560.7	559.2	568	570.9	575.8	582.1	579.4	572.8	571.1	566.2	564.8	557.9	553.4	569.5	564.7	559.8	554.9	555.3	554.9	545.3	559.6	575.6
607.3	604.5	601.7	598.9	594.7	589.8	585.6	582.1	579.3	578.6	580	583.5	587	594	598.2	596.1	594.7	594.7	598.9	607.3	609.4	598.9	587	585.6	588.4	590.5	590.5	586.7	577.1	576	571.6	564.6	569.3	570.2	573.9	574.7	576.5	571.5	565.6	572.5	579.3	574.6	575.8	574.9	567.6	568.3	574.3	575.8	565.5	560.6	561.3	540.7	515.8	491	487.9	471.3	387.1	345.8	342.9	349.8	375.1	392.2	395.9	369.4	318.5	297.5	305.5	308.2	307.6	303.7	300.2	297.8	301.7	310.7	323.1	328.9	333.2	337.9	342.8	351.7	353.9	355	349.9	337.6	324.1	313.5	310.1	313.8	317.9	323	327.1	328.3	328.7	329.6	326.5	328.1	327.3	325.4	329.3	336.3	336.2	337.4	337.1	336.8	333.3	333.1	335.6	332.8	331.7	336.3	334.7	337.4	335.6	335.6	335	332.5	327.1	320.7	320.3	321.2	316.9	308.2	300.4	297.5	297.7	297	297.3	292.8	295.7	297.6	296.5	305.4	314.3	322.3	334.3	341.1	342.7	342.5	343.6	348.3	351.4	352.4	349.3	400.7	501.4	539.3	530.2	526.4	527.3	524.5	526.5	520.4	523.7	529.6	534.5	545.7	563.4	580	582.4	572.3	565.6	561.6	567.9	575.6	574.9	569.8	568.2	571.7	574.6	573.3	569.4	566.5	563.2	561.4	558.7	561.3	564.6	570.5	578.7	579.9	573.6	570.1	564.2	561.9	554	563.1	582.3	566	559.6	554.7	554.6	550.8	541.4	560.9	578.8
556.2	556.2	556.2	556.2	556.2	556.2	556.2	556.2	556.2	556.2	556.2	556.2	556.2	556.2	556.2	556.2	556.2	556.2	556.2	556.2	556.2	556.2	556.2	556.2	556.2	556.2	553.8	546.2	540.8	538.6	538.4	538.4	538.2	538.4	536.2	534.4	535	537.8	536.2	535.4	539.4	541	541	540	539.6	539.8	539.2	538	536.6	536.4	536.6	528.5	505.5	477.3	464.7	464.4	447.4	368.1	326.2	329	332.9	334.5	333.7	332.2	331	328.2	325.2	315.8	308	297.6	289.3	281.1	274.2	268.9	267.8	266.2	264.9	266.9	267.3	274.9	286.1	296.9	301	302.1	302	297.8	295.5	293.8	293.9	294.7	296.1	293.3	293.4	293.3	291.9	291.2	291.5	289.5	287.2	288.4	288.6	285.9	283.7	283.8	282.6	281.9	283.4	284	282.4	284	285.1	283.2	282.4	279.2	278.3	276.8	271.8	269.5	263.8	256.9	253	251.4	252.4	249.8	250.3	253.1	257	260.9	266.6	273.4	279.3	288.9	296.9	307.1	312.1	312.2	314.5	315.9	316.1	320.5	320.9	310.7	336.9	432.1	481.9	479.9	478	476.2	476.9	480.3	480.3	478.3	482	490.8	493.5	499.2	508.8	523.2	535	538.4	535.4	540.7	546	548.4	550.2	549	546	542.4	542.4	543	544.2	544.8	545.3	549.1	548.1	542.4	541.5	542.1	542.1	545.7	546.9	546.3	541.8	537.3	534.9	537.3	541.5	542.7	542.4	542.1	541.4	541.1	541.7	537.6	537.9
688.5	688.5	688.5	688.5	688.5	688.5	688.5	688.5	688.5	688.5	688.5	688.5	688.5	688.5	688.5	688.5	688.5	688.5	688.5	688.5	688.5	688.5	688.5	688.5	685.3	679.3	673.9	671.3	670.3	668.9	669.1	669.9	669.3	668.7	667.3	667.5	667.3	668.1	669.9	666.3	667.7	672.1	673.3	672.3	671.9	672.5	671.7	670.1	669.1	668.5	668.5	657.5	625.9	598.1	594.1	597.7	606.7	536.7	473.5	461.6	464.1	465	466.6	465.9	465.1	464.1	461.2	452.1	444.2	433.9	427.9	417	411.8	406.1	400.6	398	397.1	395.6	395.5	399.6	406.5	416	424.3	430.9	434	432.4	427.9	427	427.9	425.6	426.3	425.1	425.1	426.5	425.3	421.7	424.8	424.8	423.5	424.2	420.9	419.1	418.1	417.6	414.6	415.4	414.9	414.8	416.5	416.5	416.6	414.5	409.6	407.5	404.8	402.5	398.2	393.9	387.9	383.5	383.6	382.1	381.6	382.5	384.3	388.4	393	398.2	402.3	409.5	418.4	427.4	437	443.4	444.9	445.5	448.3	449.1	449.3	449.9	448.4	440.3	493.2	586.8	610.2	608.1	604.3	600.2	601.7	611.2	612.6	616.5	622.8	624.6	627.3	631.1	642.4	658	672.1	671.7	668.7	678.9	676.8	676.5	678.6	675.5	670	672.6	675	676.5	677.1	678.6	684.9	681.4	678	677.4	676.5	673.2	675	680.7	681.3	676.8	672.6	668.4	666.3	672.1	678.6	676.8	677.1	675.3	674.4	676.2	668.4	664.5	670.2
688.5	688.5	688.5	688.5	688.5	688.5	688.5	688.5	688.5	688.5	688.5	688.5	688.5	688.5	688.5	688.5	688.5	688.5	688.5	688.5	688.1	688.5	688.1	686.3	685.3	679.3	674.9	672.1	670.9	669.9	666	669.1	668.9	667.5	667.3	666.7	667.1	666.3	667.3	666.7	664.7	668.7	672.3	672.9	672.3	671.9	672.3	671.3	669.5	669.3	668.9	657.9	627.5	601.5	595.3	596.9	606.7	618.2	545.9	476.7	462	461.8	461.1	463	461.4	463	464.5	462.7	458.5	452.8	443.7	430.6	420.8	412.5	407.1	403.8	399.2	396.2	393.7	393.8	393.1	394.8	398.1	404.4	410.8	417.2	423.2	425.1	427.2	428.3	427.5	426.3	426.6	424.4	423.6	420.3	419.6	420.5	422.3	422	423.2	421.2	421.3	419.4	418.2	418.8	414.8	411.4	410.7	408.6	405.8	401.7	397	394.5	391	384.4	380.8	381.6	381.8	380.7	381.2	381.1	381.9	386.4	390.2	395.9	400.1	405.9	413.2	422.5	430.4	438	442.4	444.1	444.8	448.4	446.5	445.5	445.4	443.3	443.1	484.6	572.3	608.8	608	607.6	608.8	602.7	597	601.1	612.3	616.2	623.7	625.5	627.3	629.7	640.2	657.3	667.3	672.4	669.6	666.6	668.1	666.6	668.1	673.8	674.7	673.1	676.9	675.9	672.6	669.9	672	672.6	673.2	676.2	676.5	670.2	667.8	672.6	672.6	670.2	671.1	673.8	674.4	675	673.9	675	675.3	676.5	671.7	665.7	665.7	663.7	666
688.5	688.5	688.5	688.5	688.5	688.5	688.5	688.5	688.5	688.5	688.5	688.5	688.5	688.5	687.9	688.5	688.5	688.5	684.7	677.7	677.9	680.9	677.9	676.7	673.9	673.1	671.5	670.5	669.9	669.9	668.4	668.5	667.7	667.5	667.5	666.3	665.3	665.3	665.9	667.7	664.7	666.3	670.9	672.1	671.9	671.3	671.9	670.9	669.5	669.9	669.3	661	632.1	603.2	594.5	596.2	604.5	616.9	582.5	498.4	466.2	462.4	461.6	462.9	463.9	463.5	464.4	462.8	462	457	450.1	438.6	427.2	418.3	410.7	406.2	399.6	398.3	395.9	393.2	392.4	393	393.3	395.2	398.3	404.8	412.7	416.8	423.1	423.4	424.6	424.4	424.3	423.5	422.1	417.8	413.4	417.6	421.7	420.3	420.6	420.5	419.9	419.9	417.6	414.6	410.3	407.2	404.1	401.5	396	392.8	387.6	385	384.1	379.8	378.7	380.4	379.7	380.4	381.5	382.7	386.8	388.5	395.4	400.6	406.4	411.5	418.6	428.3	435.8	440.3	443.4	444.2	445.8	447.4	447.3	447.3	446.9	440.7	448.8	508.3	593.7	609	606.3	606.9	609.4	604.1	594.9	593.7	601.5	610.7	617.4	622.2	627.3	629.4	638.1	653.4	670.8	673.7	671.1	666.3	668.7	667.8	669.9	673.8	675.9	678.6	679.5	674.7	668.7	667.5	670.7	672.6	674.7	677.4	680.1	671.9	666.3	668	668.3	665.5	669.9	672	673.2	676.5	675.9	673.2	671.1	672	670.2	666	667.2	667.2	663.9
