433.5	433.5	433.5	433.5	433.5	433.5	433.5	433.5	433.5	433.5	433.5	433.5	433.5	433.5	433.5	433.5	433.5	433.5	433.5	433.5	433.5	433.5	433.5	433.5	433.5	433.5	433.5	433.5	433.5	433.5	433.5	433.5	433.5	433.5	433.5	433.5	433.5	433.5	433.5	433.5	433.5	433.5	433.5	433.5	433.5	433.5	433.5	433.5	433.5	433.5	433.5	433.5	433.5	433.5	433.5	433.5	433.5	433.5	433.5	433.5	433.5	433.5	433.5	433.5	433.5	433.5	433.5	433.5	433.5	433.5	433.5	433.5	433.5	424.4	395	377.5	358.6	332	317.3	318	307.2	283.7	269	264.9	268.1	273.5	269.5	255.2	263.2	289.5	299.8	308.2	317.2	335.3	313	287.9	308.9	311	297.8	290.4	275.9	262.6	259.3	252.9	248.9	257.8	298.4	288.5	264.4	268	256.2	257.8	266	272.8	286	298.4	309.8	314	316.3	304.7	300	299.8	309.4	343.3	366.2	371.9	386.5	375.1	348.1	381.5	413.3	415.3	417.9	403.9	394.1	425.5	429.8	433.5	433.5	433.5	433.5	433.5	433.5	433.5	433.5	433.5	433.5	433.5	433.5	433.5	433.5	433.5	433.5	433.5	433.5	433.5	433.5	433.5	433.5	433.5	433.5	433.5	433.5	433.5	433.5	433.5	433.5	433.5	433.5	433.5	433.5	433.5	433.5	433.5	433.5	433.5	433.5	433.5	433.5	433.5	433.5	433.5	433.5	433.5	433.5	433.5	433.5	433.5	433.5	433.5	433.5	433.5	433.5	433.5	433.5
433.5	433.5	433.5	433.5	433.5	433.5	433.5	433.5	433.5	433.5	433.5	433.5	433.5	433.5	433.5	433.5	433.5	433.5	433.5	433.5	433.5	433.5	433.5	433.5	433.5	433.5	433.5	433.5	433.5	433.5	433.5	433.5	433.5	433.5	433.5	433.5	433.5	433.5	433.5	433.5	433.5	433.5	433.5	433.5	433.5	433.5	433.5	433.5	433.5	433.5	433.5	433.5	433.5	433.5	433.5	433.5	433.5	433.5	433.5	433.5	433.5	433.5	433.5	433.5	433.5	433.5	433.5	433.5	433.5	433.5	433.5	433.5	406.9	390.1	362.8	325.7	307	287.4	283.6	276.7	263.2	252.1	255	253.8	251.8	239.3	222.5	217.5	214.5	215.1	222.1	231.9	237	242.1	240.1	240.9	260.5	259.8	247.3	243.6	243.3	246.9	246.6	240.5	233.2	245.3	291.3	270.1	231.2	233.8	230	235.2	243.2	238.9	241	270.1	297.7	291.9	295.4	301.1	295.5	294.2	303.5	317	336.7	349.9	348.2	339.7	334.1	388.6	411.6	411.8	411.8	403.8	387	406.1	416.5	421.4	426.4	430	433.5	433.5	433.5	433.5	433.5	433.5	433.5	433.5	433.5	433.5	433.5	433.5	433.5	433.5	433.5	433.5	433.5	433.5	433.5	433.5	433.5	433.5	433.5	433.5	433.5	433.5	433.5	433.5	433.5	429.9	427.2	428.4	423	426	433.5	433.5	433.5	433.5	433.5	433.5	433.5	433.5	433.5	433.5	433.5	433.5	433.5	433.5	433.5	433.5	433.5	433.5	433.5	433.5	433.5
433.5	433.5	433.5	433.5	433.5	433.5	433.5	433.5	433.5	433.5	433.5	433.5	433.5	433.5	433.5	433.5	433.5	433.5	433.5	433.5	433.5	433.5	433.5	433.5	433.5	433.5	433.5	433.5	433.5	433.5	433.5	433.5	433.5	433.5	433.5	433.5	433.5	433.5	433.5	433.5	433.5	433.5	433.5	433.5	433.5	433.5	433.5	433.5	433.5	433.5	433.5	433.5	433.5	433.5	433.5	433.5	433.5	433.5	433.5	433.5	433.5	433.5	433.5	433.5	433.5	433.5	433.5	433.5	423.7	378.9	340.1	302.6	289.3	283.3	276.9	277.2	274.5	267.6	263.4	250.5	239.5	234.3	231.5	242.2	241.8	229.1	218.1	216.1	218.5	216.9	214.9	218.7	220.2	223.4	221.1	219.3	238.7	247.3	238.1	230.1	235.7	230.2	233.9	234	230.5	238.7	244.1	226.6	214.3	214	218.8	242.8	263.3	265.3	254.9	235.7	239	247	254	249.7	266.6	270.9	265.4	262.7	275.5	286.6	276.4	280.4	292.1	333.4	369.1	390.3	401.6	411.5	412.1	386.3	356.5	361	370.3	386.6	398.7	412.3	433.5	433.5	433.5	433.5	433.5	433.5	433.5	433.5	433.5	433.5	433.5	433.5	433.5	433.5	433.5	433.5	433.5	433.5	433.5	433.5	433.5	433.5	433.5	433.5	433.5	433.5	433.5	433.5	424.2	425.4	430.5	425.4	428.7	433.5	433.5	433.5	433.5	433.5	433.5	433.5	433.5	433.5	433.5	428.7	428.4	430.2	430.8	433.5	433.5	433.5	433.5	433.5	433.5
433.5	433.5	433.5	433.5	433.5	433.5	433.5	433.5	433.5	433.5	433.5	433.5	433.5	433.5	433.5	433.5	433.5	433.5	433.5	433.5	433.5	433.5	433.5	433.5	433.5	433.5	433.5	433.5	433.5	433.5	433.5	433.5	433.5	433.5	433.5	433.5	433.5	433.5	433.5	433.5	433.5	433.5	433.5	433.5	433.5	433.5	433.5	433.5	433.5	433.5	433.5	433.5	433.5	433.5	433.5	433.5	433.5	433.5	433.5	433.5	433.5	433.5	433.5	433.5	433.5	433.5	433.5	429.3	385.9	329.3	298.7	280.5	271.4	265.3	255.8	258.9	257.8	237.1	222.8	217.7	209.2	203.7	205.1	211.3	216.4	210.2	213.4	221.2	217.6	221.2	224.6	216.9	219.7	214.7	215	219.9	218.8	216.9	211.1	215.3	222.5	232.1	231.5	218.8	219	233	243.3	222.2	212.2	210.6	208.9	232.6	246.7	244.1	250.7	217.3	203.7	222.6	237.7	240.3	237.5	253.7	262.6	259.7	256.1	257.4	262.2	273.5	273.6	291.9	335.7	356.9	364.8	374.5	392.7	372.9	326.1	315.4	328.7	352.4	377.4	382.4	389.7	432.6	433.5	433.5	433.5	433.5	433.5	433.5	433.5	433.5	433.5	433.5	433.5	433.5	433.5	433.5	433.5	433.5	433.5	433.5	433.5	433.5	433.5	433.5	433.5	433.5	433.5	433.5	433.5	433.5	433.5	433.5	433.5	433.5	433.5	433.5	433.5	433.5	433.5	433.5	433.5	430.8	429.3	427.2	425.4	428.7	433.5	433.5	433.5	433.5	433.5	433.5	433.5
433.5	433.5	433.5	433.5	433.5	433.5	433.5	433.5	433.5	433.5	433.5	433.5	433.5	433.5	433.5	433.5	433.5	433.5	433.5	433.5	433.5	433.5	433.5	433.5	433.5	433.5	433.5	433.5	433.5	433.5	433.5	433.5	433.5	433.5	433.5	433.5	433.5	433.5	433.5	433.5	433.5	433.5	433.5	433.5	433.5	433.5	433.5	433.5	433.5	433.5	433.5	433.5	433.5	433.5	433.5	433.5	433.5	433.5	433.5	433.5	433.5	433.5	433.5	433.5	433.5	419.5	363.5	315.5	293.7	288.6	286.2	288.9	291	293.5	275.4	252	231.5	216.5	211	214.9	212.6	208.7	207.5	204.3	204.8	210.6	221.2	214.1	200.6	203.4	205.2	210.3	214.3	211.3	204.8	208.4	203.2	204.9	212.3	205.3	202.1	219.4	224.5	212.8	216.1	221.1	226.8	215.8	206.7	207	215.8	223.3	219.5	204.4	197.3	196	199.2	215.3	239.8	239.8	239.3	259.1	272.7	270.2	259.9	258.8	259.9	257.6	257.5	258.2	258.7	258.9	265.9	270.9	277.7	282	287.1	299.8	309.3	358	394.6	389.3	387.6	405	424.5	430	433.5	433.5	433.5	433.5	433.5	433.5	433.5	433.5	433.5	433.5	433.5	433.5	433.5	433.5	433.5	433.5	433.5	433.5	433.5	433.5	433.5	433.5	433.5	433.5	433.5	433.5	433.5	433.5	433.5	433.5	433.5	433.5	433.5	433.5	432.6	433.5	433.5	431.7	428.1	431.7	430.8	433.5	433.5	433.5	433.5	433.5	433.5	433.5	433.5
433.5	433.5	433.5	433.5	433.5	433.5	433.5	433.5	433.5	433.5	433.5	433.5	433.5	433.5	433.5	433.5	433.5	433.5	433.5	433.5	433.5	433.5	433.5	433.5	433.5	433.5	433.5	433.5	433.5	433.5	433.5	433.5	433.5	433.5	433.5	433.5	433.5	433.5	433.5	433.5	433.5	433.5	433.5	433.5	433.5	433.5	433.5	433.5	433.5	433.5	433.5	433.5	433.5	433.5	433.5	433.5	433.5	433.5	433.5	433.5	433.5	433.5	433.5	433.5	432.3	388.3	325.9	294	279	268.4	274.4	280.8	279.6	281.2	270.2	238.8	223.6	210.2	204.2	214.1	217.1	222.5	216.8	201.7	200.1	202	201.9	201.4	197	193.6	200.8	200.1	199.5	203.2	199.4	198.3	201.8	213.6	222.6	213.5	208.5	208.2	204.1	206.8	214.5	213.6	203.4	197.6	201.5	202	206.8	204.1	208.4	203.5	193.3	191.6	196.9	201.5	231.6	226.8	234.3	249.9	230.5	231.9	245.4	262.3	264.6	259.9	255.9	255.7	253.1	253.3	258.2	256.1	258.2	263.6	273.1	293.2	316.3	368.4	411.5	411.8	412.4	405.5	403.7	425.7	431.9	433.5	433.5	433.5	433.5	433.5	433.5	433.5	433.5	433.5	433.5	433.5	433.5	433.5	433.5	433.5	433.5	433.5	433.5	433.5	433.5	433.5	433.5	433.5	433.5	433.5	433.5	433.5	433.5	433.5	433.5	433.5	433.5	433.5	433.5	433.5	433.5	433.5	433.5	433.5	433.5	433.5	433.5	433.5	433.5	433.5	433.5	433.5	433.5
433.5	433.5	433.5	433.5	433.5	433.5	433.5	433.5	433.5	433.5	433.5	433.5	433.5	433.5	433.5	433.5	433.5	433.5	433.5	433.5	433.5	433.5	433.5	433.5	433.5	433.5	433.5	433.5	433.5	433.5	433.5	433.5	433.5	433.5	433.5	433.5	433.5	433.5	433.5	433.5	433.5	433.5	433.5	433.5	433.5	433.5	433.5	433.5	433.5	433.5	433.5	433.5	433.5	433.5	433.5	433.5	433.5	433.5	433.5	432.6	433.5	433.5	433.5	418.6	347.9	296.2	288.3	286.1	270.6	265.2	274.9	264.2	252.4	247.9	244	226.9	215.9	208.3	202.1	208.4	213.6	215.3	206.3	197.1	198.1	199.2	199.9	205.2	206.1	207.2	208.3	213.5	211.7	211.4	202.1	198.8	212.1	208.2	208.9	212.1	194.1	175	184.7	193.2	193.1	189.1	182.9	186.6	196.9	196	191.7	197.9	197.1	194.3	194.3	192.2	188.3	208	230.6	230	232.6	219.2	216.3	226.7	245.5	260.8	259.6	252.8	252.8	250.7	252.2	253.1	247.5	251.6	256.5	248.4	246.1	263.2	292.5	336.9	374.9	400.8	403.9	411.4	415.7	421.4	428.6	433.5	433.5	433.5	433.5	433.5	433.5	433.5	433.5	433.5	433.5	433.5	433.5	433.5	433.5	433.5	433.5	433.5	433.5	433.5	433.5	433.5	433.5	433.5	433.5	433.5	433.5	433.5	433.5	433.5	433.5	433.5	433.5	433.5	433.5	433.5	433.5	433.5	433.5	433.5	433.5	433.5	433.5	433.5	433.5	433.5	433.5	433.5	433.5
433.5	433.5	433.5	433.5	433.5	433.5	433.5	433.5	433.5	433.5	433.5	433.5	433.5	433.5	433.5	433.5	433.5	433.5	433.5	433.5	433.5	433.5	433.5	433.5	433.5	433.5	433.5	433.5	433.5	433.5	433.5	433.5	433.5	433.5	433.5	433.5	433.5	433.5	433.5	433.5	433.5	433.5	433.5	433.5	433.5	433.5	433.5	433.5	433.5	433.5	433.5	433.5	433.5	433.5	433.5	433.5	433.5	433.5	433	431.2	432.2	432.6	430.4	379.9	317.9	285.2	280.1	272.4	249.9	231.8	237.5	240.7	239.6	234.7	238	225.6	214	205.4	206	204.6	209.6	210.3	203.8	204.2	198.7	196.9	200.1	207.5	205	209.7	214.2	206.2	201	203.8	197.7	190.4	192.9	200.7	194.8	188.5	189.8	174.8	169	172.7	184.8	186	178.9	175.4	181.2	191.4	190.4	191.8	191.9	180	177.7	188	190.4	204	206.8	199.4	216.1	216.4	204.8	208.2	214.9	234.4	242.3	233.9	232.9	231.2	237.3	237.7	250.7	247.5	235.7	236.3	238.4	254.6	276.9	296.5	342.7	371.7	381.2	411.4	411.7	412.4	415.1	421.6	428.3	432.6	433.5	433.5	433.5	433.5	433.5	433.5	433.5	433.5	433.5	433.5	433.5	433.5	433.5	433.5	433.5	432.3	433.5	433.5	430.8	430.8	433.5	433.5	433.5	433.5	433.5	433.5	433.5	433.5	433.5	433.5	433.5	433.5	433.5	433.5	433.5	433.5	433.5	433.5	433.5	433.5	432.3	430.2	426	423.6	432.3
433.5	433.5	433.5	433.5	433.5	433.5	433.5	433.5	433.5	433.5	433.5	433.5	433.5	433.5	433.5	433.5	433.5	433.5	433.5	433.5	433.5	433.5	433.5	433.5	433.5	433.5	433.5	433.5	433.5	433.5	433.5	433.5	433.5	433.5	433.5	433.5	433.5	433.5	433.5	433.5	433.5	433.5	433.5	433.5	433.5	433.5	433.5	433.5	433.5	433.5	433.5	433.5	433.5	433.5	433.5	433.5	433.5	433.5	432.3	430.5	413.2	383.4	328.7	289.7	280.2	277.2	271.9	257	226.2	209.8	221.4	226.9	225.7	225.3	223.8	212.5	210	214.4	209.6	206.2	210.8	205.5	201.5	206.8	203.4	197.4	199.1	201.7	190.9	186.3	196.9	192.8	182	183.5	178.9	176.1	177.5	186.1	181.7	180.4	188.2	181.1	173.1	171.5	176.9	181.1	175.1	167.9	173	178	174.6	170.7	171	162.2	161.8	170.3	167.1	165.3	170.1	175	194.5	203	201.8	207.1	204.1	215.8	225.5	227.3	222.3	230	248.4	241.7	249.3	249.6	236.3	231.5	230.5	247.1	260	255.7	277.3	302.7	320.1	332.2	367.4	397	412.8	417.1	423.2	429.4	433.5	433.5	433.5	433.5	433.5	433.5	433.5	433.5	433.5	433.5	433.5	433.5	433.5	433.5	433.5	431.7	433.5	433.5	433.5	433.5	433.5	433.5	433.5	433.5	433.5	433.5	433.5	433.5	433.5	433.5	433.5	433.5	433.5	433.5	433.5	433.5	433.5	433.5	433.5	433.5	433.5	432.6	428.4	426.6	433.5
433.5	433.5	433.5	433.5	433.5	433.5	433.5	433.5	433.5	433.5	433.5	433.5	433.5	433.5	433.5	433.5	433.5	433.5	433.5	433.5	433.5	433.5	433.5	433.5	433.5	433.5	433.5	433.5	433.5	433.5	433.5	433.5	433.5	433.5	433.5	433.5	433.5	433.5	433.5	433.5	433.5	433.5	433.5	433.5	433.5	433.5	433.5	433.5	433.5	433.5	433.5	433.5	433.5	433.5	433.5	433.5	432.8	430.4	414.6	402.8	378.8	345.6	305.5	278.6	269.8	268.4	266.8	258.1	249.7	242	223.6	218.6	211.7	207	204.6	211.4	218.9	209.3	202	205	207.1	210.9	211.8	216.3	213.1	202.8	195	189.3	189.4	178.6	182.6	191.8	185.7	177.5	176.4	181.6	177.3	173	178.9	173.2	174.3	179.9	173.3	165.1	167.1	171.7	168.3	164.7	169.4	173.5	169	165.7	169.8	165	156.9	158.9	155.4	152.4	158	163	169	176.1	186.5	189.6	187.4	191.1	192.4	199.6	206	226.1	234.1	232.3	240.5	234	221.8	223.1	226.2	224.8	233.5	246.4	271.2	297.3	327.5	341.1	355.1	374.4	398.8	411.5	413.1	417.2	424.5	432.9	433.5	433.5	433.5	433.5	433.5	433.5	433.5	433.5	433.5	433.5	433.5	433.5	433.5	433.5	433.5	433.5	433.5	433.5	433.5	433.5	433.5	433.5	433.5	433.5	433.5	433.5	433.5	433.5	433.5	433.5	433.5	433.5	433.5	433.5	433.5	433.5	433.5	433.5	433.5	433.5	433.5	433.5	433.5
433.5	433.5	433.5	433.5	433.5	433.5	433.5	433.5	433.5	433.5	433.5	433.5	433.5	433.5	433.5	433.5	433.5	433.5	433.5	433.5	433.5	433.5	433.5	433.5	433.5	433.5	433.5	433.5	433.5	433.5	433.5	433.5	433.5	433.5	433.5	433.5	433.5	433.5	433.5	433.5	433.5	433.5	433.5	433.5	433.5	433.5	433.5	433.5	433.5	433.5	433.5	433.5	433.5	433.5	433.5	433.3	431.6	387	357.8	342.9	309.5	286.3	278.1	274	266.7	263.1	263.9	254.4	247.2	245.2	220.9	214.7	209.8	207.3	208.4	212.1	208.4	202.5	200.8	201.1	200	198	202.1	201.6	199.2	195	179.8	173.4	177.9	172.6	167.4	173.9	179.3	168.3	173	180.9	170.4	168.1	170.9	167.2	168.7	169.7	161.7	160.4	160.2	160.2	161.5	164.2	169.6	172.3	168.6	164.1	168.2	167.4	163.5	164.5	161.2	157.3	160.5	158.1	154.7	160.6	163	164	161.9	162.2	163.2	169.1	189.1	214	232.3	239.6	247.1	238.5	212.7	211.7	219	208.9	213.1	235.3	253.8	287.2	331.6	389.8	411.5	398.1	378.8	391.8	411.2	413.8	418.2	424.3	429	433.5	433.5	433.5	433.5	433.5	433.5	433.5	433.5	433.5	433.5	433.5	433.5	433.5	433.5	433.5	433.5	433.5	433.5	433.5	433.5	433.5	433.5	433.5	433.5	433.5	433.5	433.5	433.5	433.5	433.5	433.5	433.5	433.5	433.5	433.5	433.5	433.5	433.5	433.5	433.5	431.4	432
433.5	433.5	433.5	433.5	432.3	433.5	433.5	433.5	433.5	433.5	433.5	433.5	433.5	433.5	433.5	433.5	433.5	433.5	433.5	433.5	433.5	433.5	433.5	433.5	433.5	433.5	433.5	433.5	433.5	433.5	433.5	433.5	433.5	433.5	433.5	433.5	433.5	433.5	433.5	433.5	433.5	433.5	433.5	433.5	433.5	433.5	433.5	433.5	433.5	433.5	433.5	433.5	433.5	431.5	429.4	428.2	424.7	383.3	346.8	324.1	295.4	275.1	258.2	253.7	254.3	251.4	239.3	225	220.4	216	206.7	213.9	212.9	210.4	211.7	208.5	192.8	194.7	198.7	193	185.6	180.5	180.2	181.2	178	180.2	178	163.5	161.3	169.9	167.8	167.3	173.5	165.8	165.8	168.6	165.2	161.2	162.1	166.1	176.3	171.9	159.3	160.5	161.6	157.7	159.2	165.8	169.1	171.3	169.4	160.9	161.5	162.2	162.9	167.5	164.2	159	160	158.7	156.8	159	158	157	156.9	153.4	151.9	156.1	163.5	177.1	198.3	217	221.5	216.6	205.1	204	207.6	198.4	196.5	217.8	226.5	240.3	285.2	351.1	404	411.5	396.7	397.8	411.1	411.4	412.1	414.5	421.5	431.5	433.5	433.5	433.5	433.5	433.5	433.5	433.5	433.5	433.5	433.5	433.5	433.5	433.5	433.5	433.5	433.5	433.5	433.5	433.5	433.5	433.5	433.5	433.5	433.5	433.5	433.5	433.5	432.6	433.5	433.5	433.5	433.5	433.5	433.5	433.5	433.5	433.5	433.5	428.1	420.9	418.2
433.5	433.5	433.5	433.5	433.5	433.5	433.5	433.5	433.5	433.5	433.5	433.5	433.5	433.5	433.5	433.5	433.5	433.5	433.5	433.5	433.5	433.5	433.5	433.5	433.5	433.5	433.5	433.5	433.5	433.5	433.5	433.5	433.5	433.5	433.5	433.5	433.5	433.5	433.5	433.5	433.5	433.5	433.5	433.5	433.5	433.5	433.5	433.5	433.5	433.5	433.5	433.5	433.5	430.7	428.3	427.1	387.5	332.6	299.2	280.2	274.1	264.5	241.1	239.3	246.6	243.7	232.3	216.4	206.9	195.3	189.4	203.2	205.2	198.5	191.2	176.4	168.1	171.8	173.6	169.4	164.6	164.4	165.9	168.1	167	168.5	168.2	160.6	160.2	163.3	159.8	163	164.2	158.2	158.6	159.4	156.3	152.6	156.1	161.7	169.4	166.8	158.7	161.2	164.9	163.3	162.3	164.7	169.5	169.1	164.6	160.4	156.6	157	154.1	156.9	160.3	160.8	157.3	155.8	157.7	164.1	159.8	153.2	150.2	147.2	146.2	152.6	161.1	165.6	176.4	185.9	197.1	203.4	196.5	195.8	198.6	195.3	192.6	201.4	206.4	209.7	232.7	273.6	325.9	357.4	377.9	388.6	390.4	354.8	373.8	412.9	416.7	426.8	433.5	433.5	433.5	433.5	433.5	433.5	433.5	433.5	433.5	433.5	433.5	433.5	433.5	433.5	433.5	433.5	433.5	433.5	433.5	433.5	433.5	433.5	433.5	433.5	433.5	433.5	433.5	432.6	433.5	433.5	433.5	433.5	433.5	433.5	433.5	433.5	433.5	433.5	433.5	428.4	423.6
433.5	433.5	433.5	433.5	433.5	433.5	433.5	433.5	433.5	433.5	433.5	433.5	433.5	433.5	433.5	433.5	433.5	433.5	433.5	433.5	433.5	433.5	433.5	433.5	433.5	433.5	433.5	433.5	433.5	433.5	433.5	433.5	433.5	433.5	433.5	433.5	433.5	433.5	433.5	433.5	433.5	433.5	433.5	433.5	433.5	433.5	433.5	433.5	433.5	433.5	433.5	433.5	431.2	427.6	411.9	395.6	360.3	314.6	283.8	269.5	252.8	229.9	215.5	212.2	209.6	211.5	208.5	204.3	197.5	180	176	185.5	187.3	185.3	181.9	169.4	163	163.5	164.5	165.2	161.8	161.3	160.5	161	165.5	167.3	170.2	165.1	159.3	153.6	151.1	155	155.6	149.8	152	151	147	147.8	149.9	161.6	162.4	153.1	152.9	157.1	162	160.4	160.1	163.5	164.9	164.2	162.3	160.6	156.2	155.3	152.7	153.2	157.2	159.2	154	151.5	152.7	157.7	156.3	152.9	151.3	146.7	144.8	146.6	155.4	162.3	167.6	168.9	174.8	185.6	182.6	180.6	185.2	192	190	193.4	203.5	203.5	204.3	219.6	252.6	301.7	349.1	360.3	359.5	326.9	346.6	411.7	412.1	413.6	420.1	430.7	433.5	433.5	433.5	433.5	433.5	433.5	433.5	433.5	433.5	433.5	433.5	433.5	433.5	433.5	433.5	433.5	433.5	433.5	433.5	433.5	433.5	433.5	433.5	433.5	433.5	433.5	433.5	433.5	433.5	433.5	433.5	433.5	433.5	432	432	432.3	433.5	433.5	433.5
433.5	433.5	433.5	433.5	433.5	433.5	433.5	433.5	433.5	433.5	433.5	433.5	433.5	433.5	433.5	433.5	433.5	433.5	433.5	433.5	433.5	433.5	433.5	433.5	433.5	433.5	433.5	433.5	433.5	433.5	433.5	433.5	433.5	433.5	433.5	433.5	433.5	433.5	433.5	433.5	433.5	433.5	433.5	433.5	433.5	433.5	433.5	433.5	433.5	433.5	433.5	432.1	428.9	407.9	361.6	345.8	304.7	278.6	268.6	255.3	238.2	216.9	205.6	201.4	198.6	203.1	203.6	190.8	185.3	179.5	178.8	181	182.1	180.6	174.1	159	158.2	158.4	159.8	162	158.4	158.3	152.9	151.4	154.8	162.2	167.6	169.4	165.4	161.3	160.7	161	159.7	153.9	157.8	154.2	153.2	157.5	157.6	162.3	159.5	155.1	153.2	154.9	157.3	159.8	159.3	158	155.3	153.5	153.5	156	157.7	157	153.2	153.5	156.7	157.4	156.4	151.2	153.6	154.6	154.3	154.8	148	141.3	142.6	148.2	152.9	155.6	157	158.8	160.7	169.7	183.6	180.4	184.8	189.2	185.7	185.6	193.9	196.5	195.5	202.9	217.1	239.2	263	272.7	282.6	279.9	294.1	362.1	393.2	412.5	416.1	425.2	433.5	433.5	433.5	433.5	433.5	433.5	433.5	433.5	433.5	433.5	433.5	433.5	433.5	433.5	433.5	433.5	433.5	433.5	433.5	433.5	433.5	433.5	433.5	433.5	433.5	433.5	433.5	433.5	433.5	433.5	433.5	433.5	433.5	430.8	433.5	433.5	433.5	433.5	433.5
433.5	433.5	433.5	433.5	433.5	433.5	433.5	433.5	433.5	433.5	433.5	433.5	433.5	433.5	433.5	433.5	433.5	433.5	433.5	433.5	433.5	433.5	433.5	433.5	433.5	433.5	433.5	433.5	433.5	433.5	433.5	433.5	433.5	433.5	433.5	433.5	433.5	433.5	433.5	433.5	433.5	433.5	433.5	433.5	433.5	433.5	433.5	433.5	432.6	430.5	427.9	425.9	425.3	396	359.8	336.3	293.7	258.8	231.9	213.2	206	196.5	193.3	193.9	192.3	193.8	193	179	172.5	168.5	169.3	174.7	175.8	172.2	167.7	155.8	153.1	152.7	153.2	155.8	154	151.2	148.3	144.3	147.4	152.2	155.1	161.1	162.4	160.8	159.4	163	161.9	156.3	157.8	157.8	157.5	156.6	155.5	159.2	155.9	152.3	150.4	149.7	150.7	153.8	155.7	152.7	148.1	145.4	148	150.7	152.3	154.5	152.9	154.2	157.3	158.7	158.1	151.7	153	154.2	152.4	153	149.4	142.2	139.7	143.8	147.9	148.8	151.4	153.9	153.7	156.5	171.8	177.1	181.8	185.3	184.3	180.8	181.6	187.5	193.3	192.5	201.8	230.4	254.7	263.6	268.9	272.5	276.7	332.5	371.5	404.8	412.1	413	418.9	429.7	433.5	433.5	433.5	433.5	433.5	433.5	433.5	433.5	433.5	433.5	433.5	433.5	433.5	433.5	433.5	433.5	432.9	431.4	432.6	431.7	433.5	433.5	433.5	433.5	433.5	433.5	433.5	433.5	433.5	433.5	433.5	433.5	433.5	433.5	433.5	433.5	433.5
433.5	433.5	433.5	433.5	433.5	433.5	433.5	433.5	433.5	433.5	433.5	433.5	433.5	433.5	433.5	433.5	433.5	433.5	433.5	433.5	433.5	433.5	433.5	433.5	433.5	433.5	433.5	433.5	433.5	433.5	433.5	433.5	433.5	433.5	433.5	433.5	433.5	433.5	433.5	433.5	433.5	433.5	433.5	433.5	433.5	433.5	427.2	409.1	413.4	427.9	422.2	372.2	333.5	320.7	299.3	275.8	266.9	253.7	230.4	208.3	207.6	196.9	192.6	194.3	189.8	179.6	168.8	166.9	167.3	168.1	167.6	163.3	160	160.9	160.4	153	152.6	150.3	148.2	147.9	142.3	142.5	143.1	142.8	147.3	147.7	147.9	152.1	150.2	152.1	155.7	160.3	161.6	163.4	165.5	164.4	163.7	160.4	154.8	158	160.3	156.9	153.9	153.8	151	154.2	157.1	151.5	147.4	147.1	147	149.4	149.3	151.7	153	155.8	159	163.9	162.5	154.6	152.5	155.4	152.9	147.6	149.9	147.6	141.7	139.6	141.5	142.8	143.2	145.3	148.9	150.8	160	170.3	176.9	179	177.5	177.3	177.3	183.1	186.1	185.6	192.1	206.7	226.5	244	253.4	258.4	261.2	267.9	288.1	330.6	393.1	412.5	415.1	425	430.2	433.5	433.5	433.5	433.5	433.5	433.5	433.5	433.5	433.5	433.5	433.5	433.5	433.5	433.5	433.5	432.9	429.6	431.7	433.5	433.5	433.5	433.5	433.5	433.5	433.5	433.5	433.5	433.5	433.5	433.5	433.5	433.5	433.5	433.5	433.5	433.5
433.5	433.5	433.5	433.5	433.5	433.5	433.5	433.5	433.5	433.5	433.5	433.5	433.5	433.5	433.5	433.5	433.5	433.5	433.5	433.5	433.5	433.5	433.5	433.5	433.5	433.5	433.5	433.5	433.5	433.5	433.5	433.5	433.5	433.5	433.5	433.5	433.5	433.5	433.5	433.5	433.5	433.5	433.5	433.5	433.5	431.9	405	395.2	375.6	377.5	366.2	331.4	304.6	296.3	276.6	246.5	238.7	234	214.4	199.4	196.5	195.2	190.2	189.2	185.3	172.7	165.1	162.9	164.2	164.8	163.3	160.6	158.4	157.7	156.7	150.4	151.4	152.4	148.9	146	140.7	140.5	140	139.7	141.9	141.5	145.8	148.9	146.2	145.9	149.2	153	157.4	161.3	161.3	161.2	161.6	159.6	158.4	156.6	153.5	154.3	152.6	153.8	154	156.5	156.9	151.6	149.7	150.1	149.3	149.7	152.4	153.5	152.7	152.5	157.6	162.8	163.6	156.6	152.4	155.1	156.1	148.8	146.9	147.7	142.4	141.1	142.2	142.1	143	143.8	144.1	145.9	150.6	159.5	168.9	171.8	174	175.3	176.9	181.4	185.4	184.9	185.6	189.1	192.6	203	213.4	239.3	252	248.4	268.5	306.4	362.6	412.3	412.5	413.3	419.9	430.3	433.5	433.5	433.5	433.5	433.5	433.5	433.5	433.5	433.5	433.5	433.5	433.5	433.5	433.5	433.5	433.5	433.5	433.5	433.5	433.5	433.5	433.5	433.5	433.5	433.5	433.5	433.5	433.5	433.5	433.5	433.5	433.5	433.5	433.5	433.5
433.5	433.5	433.5	433.5	433.5	433.5	433.5	433.5	433.5	433.5	433.5	433.5	433.5	433.5	433.5	433.5	433.5	433.5	433.5	433.5	433.5	433.5	433.5	433.5	433.5	433.5	433.5	433.5	433.5	433.5	433.5	433.5	433.5	433.5	433.5	433.5	433.5	433.5	433.5	433.5	433.5	433.5	433.5	418.8	376.8	362.1	386.7	388.4	387.6	378	339	322.3	296	268.3	252.6	229.8	217.8	204.8	188.6	180.8	178.9	180.8	184.4	181.6	167.3	163.7	162.1	158.3	160.8	162.5	163	158.4	153.8	150.3	153.6	149.9	146.3	147.6	151.7	153.8	148.3	145	145.2	147.2	146.6	144.9	143.1	143.5	139.5	138.2	140.8	143.5	145.3	148.8	156	160.6	164.7	166	162.1	155.6	145.8	144.3	145.5	146.4	147.4	149.8	150.6	147.8	147.4	149	149.8	153.6	155.7	156.6	151.1	153.2	157.8	159.3	161.6	155.5	153.5	155.1	156.4	150.4	143.9	146.1	141.8	136.9	140	139.7	140.9	144.8	145.6	143.9	144.2	147.4	150.7	150.8	155.9	168.1	176.4	178.6	179.4	179.1	184.3	193.2	191.2	201.2	217.6	236	255	250.7	253.4	258.7	283.6	325.9	378.7	412.4	415.4	425.1	433.5	433.5	433.5	433.5	433.5	433.5	433.5	433.5	433.5	433.5	433.5	433.5	433.5	433.5	433.5	433.5	433.5	433.5	433.5	433.5	433.5	433.5	433.5	433.5	431.4	430.5	433.5	433.5	433.5	433.5	433.5	433.5	433.5	433.5	433.5
433.5	433.5	433.5	433.5	433.5	433.5	433.5	433.5	433.5	433.5	433.5	433.5	433.5	433.5	433.5	433.5	433.5	433.5	433.5	433.5	433.5	433.5	433.5	433.5	433.5	433.5	433.5	433.5	433.5	433.5	433.5	433.5	433.5	433.5	433.5	433.5	433.5	433.5	433.5	433.5	433.5	433.5	433.5	398.8	362.4	374.8	401.5	402.9	406.4	384.1	340.8	322	289.3	253.6	233.3	210.8	200.3	189.1	173	177.2	175	170.2	175.5	173.4	162.3	163.8	163.1	158.8	161	162.1	159.1	155.4	150.8	148	149.1	150.6	143.8	144.5	148.6	154.3	151.5	143.8	143.7	145.2	146.3	147.4	143.9	143.5	140.4	138.3	139.3	138.5	141	143.4	148.7	155.3	161.7	163.4	166.2	162.4	153	149.2	146.9	145.1	145.4	148.3	148.9	146.3	145	145.7	146.7	151.7	152.9	154	150.3	151.8	157	157.1	158.7	152.2	149.1	150.9	152	148.5	141.3	144.3	144.9	137.8	140.4	139	139.2	141.5	142.5	143.9	146.9	149	151.4	149.4	152.6	158.2	164.4	173.5	177.8	180.4	183.6	191.7	196.4	198.8	211.1	219.4	243.7	256.1	252.4	251.9	264	293.1	337.9	404.1	412.1	413.5	419.5	429.7	433.5	433.5	433.5	433.5	433.5	433.5	433.5	433.5	433.5	433.5	433.5	433.5	433.5	433.5	433.5	433.5	433.5	433.5	433.5	433.5	433.5	433.5	433.5	432.3	433.5	433.5	433.5	433.5	433.5	433.5	433.5	433.5	433.5
433.5	433.5	433.5	433.5	433.5	433.5	433.5	433.5	433.5	433.5	433.5	433.5	433.5	433.5	433.5	433.5	433.5	433.5	433.5	433.5	433.5	433.5	433.5	433.5	433.5	433.5	433.5	433.5	433.5	433.5	433.5	433.5	433.5	433.5	433.5	433.5	433.5	433.5	433.5	433.5	433.5	433.5	390.9	384.5	421.1	424.8	424.2	400.9	382.2	340.8	310.1	292.6	266	237.5	220.2	199.8	180.7	175.4	173.7	170.2	162.3	167.1	162	158.1	157.3	155.2	160.3	161.2	160.6	156.2	154.7	151.1	148.7	146.5	146.6	146.6	146.5	146.6	145.1	146	152.7	150.3	143	140.9	138.8	139.6	145.1	151.2	153.4	151.5	149	145.1	143	140.7	139.2	145.6	146.3	149.6	158.5	164.8	167.2	165.5	157.5	151.3	148.2	149.9	148.1	145.2	147.7	147.6	147.4	147.1	150.1	150.1	148.4	152.2	154.7	156.1	156.6	148.6	147.2	145.4	139.7	142.3	141.8	138.7	144.1	140.3	138	137.5	139	140.3	138.4	136.7	141.5	147.1	145.8	145.2	148.9	148.6	154.1	162.8	168.3	172.8	177.3	187.3	193.9	196.2	205	216	236.9	254.7	254.3	253.8	255.5	257.4	260.6	279	340	412.5	412.3	411.1	433.5	433.5	433.5	433.5	433.5	433.5	433.5	433.5	433.5	433.5	433.5	433.5	433.5	433.5	433.5	433.5	433.5	432.9	429.9	431.7	433.5	433.5	433.5	433.5	433.5	433.5	433.5	433.5	433.5	433.5	433.5	433.5	433.5
433.5	433.5	433.5	433.5	433.5	433.5	433.5	433.5	433.5	433.5	433.5	433.5	433.5	433.5	433.5	433.5	433.5	433.5	433.5	433.5	433.5	433.5	433.5	433.5	433.5	433.5	433.5	433.5	433.5	433.5	433.5	433.5	433.5	433.5	433.5	433.5	433.5	433.5	433.5	433.5	433	430.8	377.8	391.2	412.4	418.8	405.3	379.7	367.4	329.2	295.9	267.7	232.4	214.6	202.3	185.4	168.3	164.1	168.2	165	156.5	163.1	160.5	155.3	153.6	150.2	155.3	157	155.3	152.4	151.4	151.9	148.9	145.8	144.7	145	145.5	146	145.7	142.7	148	152.1	144.7	139.9	136.6	136.5	138.4	144.4	150.4	154.3	154.6	150.4	148.9	145.8	138.7	142.2	143.8	142.3	147.6	154.6	161.2	164.2	161.1	155.1	150.6	151.3	149.7	146.2	148.2	147.4	147.8	146.7	148.6	147.2	145	150.2	154.2	154.8	154.3	147.7	146.8	145.1	139.1	140.9	141.6	135.1	142.1	140.3	134.8	137.9	138.7	137.1	136.4	138.1	141.8	143.8	141	141.9	142.8	145.3	151.2	159.7	167.7	172.8	177.7	186.5	194	198.6	209.5	205.2	217.1	238	254.5	253.2	252.5	253.8	255.7	262.7	314.7	397.8	412.3	414.3	421.9	431.8	433.5	433.5	433.5	433.5	433.5	433.5	433.5	433.5	433.5	433.5	433.5	433.5	433.5	433.5	433.5	430.2	423.9	431.7	433.5	433.5	433.5	433.5	433.5	433.5	433.5	433.5	433.5	433.5	433.5	433.5	433.5
433.5	433.5	433.5	433.5	433.5	433.5	433.5	433.5	433.5	433.5	433.5	433.5	433.5	433.5	433.5	433.5	433.5	433.5	433.5	433.5	433.5	433.5	433.5	433.5	433.5	433.5	433.5	433.5	433.5	433.5	433.5	433.5	433.5	433.5	433.5	433.5	433.5	433.5	433.5	433.5	431.8	414.8	390.5	426	402.8	376	357.2	359.9	358.8	313.4	270.8	251.8	227.7	196.4	177.2	164.8	158.5	158.9	165.7	159.1	154.9	151.6	155.8	155.6	152.1	150.7	149.6	149.9	151.1	149	149.9	150.5	146.6	141.3	141.5	141.3	140.4	140.3	142.7	140.7	140.7	143.4	143.6	139.1	137.8	138.2	138.9	140.2	139	146.7	148.3	154.6	159.4	157.8	154.8	151.6	147.1	141.1	138.6	139.5	140	144.4	148.8	153.2	155.2	156.7	152.5	150.6	149.2	148.5	148.3	149.5	150.2	148.2	148.9	150.3	152	154.6	154.9	145.8	144.2	142.3	139.4	143	141.5	139.1	140.8	140.1	135.5	136	134.1	133.1	135.3	137.6	142.2	144	140.9	142.3	144.1	145.8	149.6	152.9	158.3	168.9	181.2	195.3	195.3	202	210.4	201.5	220	238.1	255.7	258	252.9	252	253.6	259.8	266.7	294.2	368	413.3	417.8	428.1	433.5	433.5	433.5	433.5	431.7	433.5	433.5	433.5	433.5	433.5	433.5	433.5	433.5	433.5	433.5	432.9	427.5	433.5	433.5	433.5	433.5	433.5	433.5	433.5	433.5	433.5	433.5	433.5	433.5	433.5	432.6
433.5	433.5	433.5	433.5	433.5	433.5	433.5	433.5	433.5	433.5	433.5	433.5	433.5	433.5	433.5	433.5	433.5	433.5	433.5	433.5	433.5	433.5	433.5	433.5	433.5	433.5	433.5	433.5	433.5	433.5	433.5	433.5	433.5	433.5	433.5	433.5	433.5	433.5	433.1	431.1	429.5	418.9	402.6	424.7	394.6	356.6	338.8	334.3	328.7	269.4	226	209.8	190.9	184.6	172.7	158.7	155.6	155	160.9	159.4	151.7	148.9	153.2	154.7	150.3	148.4	147.8	148.6	148.8	147.7	146.1	147	147.1	142	139.9	139.5	138.8	137.8	138.8	139.2	135.2	125.4	120.6	113.3	105	102.4	94.6	81.7	87	95.7	97.6	102.9	105.8	104.6	97.2	94.4	92.3	84.1	71.9	65.3	64.1	65.5	69.1	87.4	100.8	113.5	122.2	130	135.9	135.8	135.1	132.2	147.5	150.2	152.3	152.6	152.2	156.1	156.9	149.7	147.3	145.2	140.7	143.6	141.4	137.8	140.3	139.5	138	136.6	135	134.7	135.7	136.7	139.6	142.2	144.4	145.1	145.1	146.4	151.1	154.6	156.1	158.7	170.8	190.1	201.7	202.7	196.2	195.4	209.3	232.9	252.7	251	249.4	252.1	252.8	259.7	264.5	277.3	335	407.2	413.1	416.3	425.7	433.5	433.5	433.5	431.4	432.3	433.5	433.5	433.5	433.5	433.5	433.5	433.5	433.5	430.8	430.5	433.5	433.5	433.5	433.5	433.5	433.5	433.5	433.5	433.5	433.5	433.5	433.5	433.5	433.5	433.5
433.5	433.5	433.5	433.5	433.5	433.5	433.5	433.5	433.5	433.5	433.5	433.5	433.5	433.5	433.5	433.5	433.5	433.5	433.5	433.5	433.5	433.5	433.5	433.5	433.5	433.5	433.5	433.5	433.5	433.5	433.5	433.5	433.5	433.5	433.5	433.5	433.5	433.5	431.8	429.5	428	426.7	425.5	375.4	341	315.5	284.3	281.7	257.2	225.1	204.4	179.2	169.7	167	153.3	151.3	152.4	154.1	158.2	157.3	152.6	151.9	152	151	149.2	144.2	141.8	145.2	144.5	145.6	147.2	144.4	145.8	143.4	140.7	136.9	133.8	132.6	131.6	124.2	100.8	91.8	91	89.7	77.7	64.9	58	57.2	56.8	57.4	58.7	57.3	56.8	60.5	64.4	69.7	69.7	64.6	58.2	54.5	50.9	46.5	44.2	49.8	59.2	74.1	87.9	102.8	113.4	116.4	117.8	124.7	137.3	151.5	150.6	147.9	148.5	151.6	152.5	151.4	152.3	152	148.5	148.8	144.3	142.5	142.5	144.5	143.2	142.6	143.2	142.8	142	140.6	142.8	144.1	144.8	147.1	151.3	154.1	156.1	155.1	155.3	156.1	165.1	173.8	187.1	195.1	190.9	190.6	202.4	232.4	253.2	249	253.5	257	257.3	260.4	262.6	263.9	269.7	309.8	370.1	413.9	420.6	431.6	433.5	433.5	433.5	431.7	432	433.5	433.5	433.5	433.5	433.5	431.7	429.3	431.7	433.5	433.5	433.5	433.5	433.5	429.6	433.5	433.5	433.5	433.5	433.5	433.5	433.5	433.5	433.5	433.5
433.5	433.5	433.5	433.5	433.5	433.5	433.5	433.5	433.5	433.5	433.5	433.5	433.5	433.5	433.5	433.5	433.5	433.5	433.5	433.5	433.5	433.5	433.5	433.5	433.5	433.5	433.5	433.5	433.5	433.5	433.5	433.5	432.3	433.5	433.5	433.5	433	430.7	427.4	425.5	425.1	424.9	412.7	353.5	328.1	296.2	259.6	273.6	262.4	228.4	197.6	173	165.5	156.1	148.5	144.6	149.2	154.7	157.3	154.9	152.9	151.4	152.2	150.7	149.1	144.7	140.8	141.8	140.2	142.6	144.7	143.7	144.7	144.5	138	123.9	92.8	69.3	58.5	51	43	36	35.1	35.7	36.1	35.3	34.4	33.9	33.7	34	36.5	37.7	41.9	46.3	54	60.4	59.2	56.6	54.3	53	47.6	39.9	35.2	34.9	36.4	36.3	37.5	40.8	48	54.8	64.7	74.9	81.4	112.5	130.9	133.3	138.5	143.5	143.2	143.9	152.1	151.8	147.8	147.3	146.5	144.2	144.2	146.8	145.9	146.1	145.6	144.5	142.8	141.6	143.5	143.3	141.8	144.6	149.9	152	152	151.4	152.4	155.3	160.2	169.2	175.3	185.8	190	188.5	196.6	212.2	247	257.5	257.3	256.9	256.2	256.7	260.3	261.9	267.3	279.5	323.6	392.9	412.6	416.9	425.9	433.5	433.5	433.5	432.6	433.5	431.7	430.8	432.9	432.6	430.2	432.9	433.5	433.5	433.5	433.5	433.5	433.5	430.5	426.3	423.9	423.9	423.9	432	433.5	433.5	433.5	433.5	433.5
433.5	433.5	433.5	433.5	433.5	433.5	433.5	433.5	433.5	433.5	433.5	433.5	433.5	433.5	433.5	433.5	433.5	433.5	433.5	433.5	433.5	433.5	433.5	433.5	433.5	433.5	433.5	433.5	433.5	433.5	433.5	433.5	433.5	433.5	433.5	433.5	432.3	429.7	426.7	424.5	424.2	389.9	323.7	281.6	273.5	255.5	230.8	232.3	227.6	194.1	171.4	164.3	157	151.4	149	148.3	148.5	153.2	156.5	152.5	151	149.8	147.9	148.5	145.8	139.8	138.1	137	135.3	136.4	136	137.8	138.7	131.7	111.8	105.4	90.6	62.7	48.8	45.4	42	35	33.2	32.2	30.6	30	28.8	29.1	28.1	26.8	26.9	30.2	32.3	33.5	36.8	40.3	44.6	47.2	48.5	50.8	51.8	49.4	47.6	45.1	40.6	34.4	33.2	34.1	35.2	36.7	39.9	46.5	54.2	68.7	86.5	105.3	124.8	131.7	131.3	136.4	148.5	148.4	148.7	150.3	147.2	145.3	146.6	148.5	146.9	145.4	143	140.9	140.1	140.5	140.5	139.9	138.8	139.5	141.2	141.3	139.2	138.1	142.9	145.9	152.6	158.6	163.2	175.5	180.1	177.8	178.8	189.5	222.6	242.8	255.3	254.2	254.1	256.3	257.3	255.9	258.2	259.9	266.8	288.5	340.7	375.7	381.9	396.8	425.1	433.5	433.5	433.5	432	428.1	433.5	433.5	433.5	433.5	433.5	433.5	433.5	433.5	433.5	433.5	433.5	429.6	420.9	420.9	425.7	433.5	433.5	433.5	433.5	433.5	433.5
433.5	433.5	433.5	433.5	433.5	433.5	433.5	433.5	433.5	433.5	433.5	433.5	433.5	433.5	433.5	433.5	433.5	433.5	433.5	433.5	433.5	433.5	433.5	433.5	433.5	433.5	433.5	433.5	433.5	433.5	433.5	433.5	433.5	433.5	433.5	433.5	430.7	427.3	424.5	413.2	408.6	380.5	302.4	263.7	260.4	238.5	211	208.8	193.2	164.5	158.3	159.4	155.2	152.2	148.7	147.9	148.8	154.2	156.6	153.9	152	151	148	149.3	145.9	139.5	139	137.6	137.5	132.4	103.7	89.8	79.5	64.7	52.3	45.9	42.1	36.1	33.9	34.8	33.7	33.2	29.8	27.6	28.4	29.2	26.2	25.2	25.7	24.5	25.3	27.6	31	27.9	27	30.2	35.8	42.7	44.3	47.4	48.7	47.2	49.6	50.5	46.3	40.3	36.9	33.1	33.6	34.8	35.9	38.1	43.8	49.4	55.9	59.5	68.7	90.2	96.5	105.9	126.8	142.1	146.6	146.6	146.1	145.8	146.8	145.5	144.7	144.1	139.7	136.8	135.8	135	135.5	131.5	136.5	138.5	140.2	137.4	135.7	135.7	138	141.3	149.4	154.4	155.6	160.4	169.9	171.5	175.7	174.4	195.7	225.9	247.7	256.7	257.4	257.8	256.3	257.5	257.8	258.8	262.6	272.1	303.5	330.6	354.2	376.6	413.4	433.5	433.5	433.5	433.5	433.5	433.5	433.5	433.5	433.5	433.5	433.5	433.5	433.5	433.5	433.5	433.5	433.5	433.5	433.5	433.5	433.5	433.5	433.5	433.5	433.5	433.5
433.5	433.5	433.5	433.5	433.5	433.5	433.5	433.5	433.5	433.5	433.5	433.5	433.5	433.5	433.5	433.5	433.5	433.5	433.5	433.5	433.5	433.5	433.5	433.5	433.5	433.5	433.5	433.5	433.5	433.5	433.5	433.5	433.5	433.5	433.5	432.3	429.7	426.5	412.4	364.3	345.9	315.7	273.4	275.8	257.5	216.1	213.3	194.9	162	153.7	154.7	157.4	155.5	156.7	157.2	155	155	154.5	150.9	150.3	154	153.6	147.9	144.2	142.2	140	136	129.7	119.5	100.3	81.7	67.9	56.9	45.9	45	42.7	40.9	39.3	34.2	29.8	29.1	31.1	28.8	29	28	28.4	28.2	25.2	24.1	24.4	24.2	26	27.1	26.5	24.3	24.5	25.3	25.9	28	29.5	31.2	34.9	37.5	41.9	46.4	45.8	43.8	42.2	41.6	41	41.3	40.6	40.5	42.4	49	53.2	57.6	66.7	76.7	87.8	103.9	129.9	139.8	138.7	141.2	143	142.8	143.1	144.1	141	136.9	133.5	130.7	128.5	126.6	125.1	126.1	130	131.3	129.9	128.8	131.9	133.7	137.6	142.9	144.7	144.5	147.8	152.1	150.8	154.6	158.8	170.9	198	213.7	228.3	252.7	257.7	255.6	258.8	259.8	255.2	254.1	259.2	269.6	285	315.7	339	356	409.7	433.5	433.5	433.5	433.5	433.5	433.5	433.5	433.5	433.5	433.5	433.5	433.5	433.5	433.5	433.5	433.5	433.5	433.5	433.5	433.5	433.5	433.5	433.5	433.5	431.7
433.5	433.5	433.5	433.5	433.5	433.5	433.5	433.5	433.5	433.5	433.5	433.5	433.5	433.5	433.5	433.5	433.5	433.5	433.5	433.5	433.5	433.5	433.5	433.5	433.5	433.5	433.5	433.5	433.5	433.5	433.5	433.5	432.4	431.5	430.3	428.5	426.6	425.1	402.6	376.2	326.3	298	294.1	257.8	219	194.2	190.3	182	165.5	153.7	150.8	152	154.5	154.1	155.6	158.9	157.1	155.7	148.8	148.6	151.6	154.4	151	144.6	133.4	122.2	108.6	81	58.3	45.9	43.9	42.8	41.1	38.6	38.3	37	38.7	39.6	36.6	32	29.5	28.5	29	30.2	30	30.6	27.8	25.5	25	26.6	27.8	27.1	26.7	26.6	25.7	24.8	22.5	22.8	21.8	24.1	26.1	29.2	32.9	38.7	40.5	41.8	43.3	43.1	45.8	42.9	39.9	38.9	38.6	40.2	43.6	48.7	49	46.4	53.9	64.7	73.4	92.4	114.3	125.3	142.1	141.8	141.1	141.5	141.2	138	135.2	132.5	130.2	128.7	128.2	127.3	127.8	129.6	128.6	127.3	129.1	131.3	131.7	134.9	138.9	139.6	140	142.2	145.2	146	144.1	147.7	152.4	155.5	163.7	179.8	206.5	220.4	231.4	253.6	258	257.7	255.6	256.2	262	273.1	294.2	314.5	336.9	369.1	425.1	433.5	433.5	433.5	433.5	433.5	433.5	433.5	433.5	433.5	433.5	433.5	431.7	432.6	432.9	433.5	433.5	433.5	433.5	433.5	433.5	433.5	433.5	433.5	433.5
433.5	433.5	433.5	433.5	433.5	433.5	433.5	433.5	433.5	433.5	433.5	433.5	433.5	433.5	433.5	433.5	433.5	433.5	433.5	433.5	433.5	433.5	433.5	433.5	433.5	433.5	433.5	433.5	433.5	433.5	433.5	433.5	431.7	430.4	429.3	427.2	425.2	422.3	351.5	305.6	289.6	272.2	245.3	216.6	193.8	185.6	173.4	162.2	155.9	152.6	151.4	151.4	151.1	153.9	154.5	156.4	156.9	150.4	146.6	145.9	148.5	150.2	145.7	131.1	114.2	101.8	85.5	59.8	44.4	38.6	37.7	36.8	34.9	36.1	36.3	36.5	38.1	38	36.3	34.7	35.7	35.4	32.9	31.7	27.6	26.4	26.3	25.6	25.9	25.3	25.1	24.3	24.8	25.3	25.5	24.9	24.2	22.6	22.4	23.4	25.1	26.7	27.5	29.2	29.7	29.2	32.8	37.2	41.1	41.3	39.6	39	39.9	42.1	45.8	47.2	47	47.1	48.3	54.4	67.1	77.2	97.5	116.3	140	140.4	139.4	140.3	142.4	141.8	139	136.1	136.9	134.3	131.9	130	131.3	131.6	130.1	128.1	128.1	127.6	129.6	132.8	132.1	137.1	139.9	141.5	143	142.1	144.1	146.2	145.6	148.1	153.7	162	170	186.5	208.4	237	257.6	253.4	255.5	259.1	262.5	285.5	299.7	301.7	320.9	396.7	431.4	433.5	433.5	433.5	433.5	433.5	433.5	433.5	433.5	433.5	433.5	433.5	433.5	433.5	432.9	430.5	433.5	433.5	433.5	433.5	433.5	433.5	433.5	433.5	433.5
433.5	433.5	433.5	433.5	433.5	433.5	433.5	433.5	433.5	433.5	433.5	433.5	433.5	433.5	433.5	433.5	433.5	433.5	433.5	433.5	433.5	433.5	433.5	433.5	433.5	433.5	433.5	433.5	433.5	433.5	433.5	433.5	430.2	428.1	426.5	424	422.2	418.1	344.5	291.3	277.3	261.6	239.7	206.2	176.7	168.2	170.8	158.8	150.8	153.5	150	150	149.5	150.6	153.3	153.2	154.5	148.8	137.7	139	143.7	126.5	89	61.4	51.6	44.8	42.3	41.2	37.9	33.5	32.1	32.9	31.8	33.5	33.6	35.5	36.7	37.5	38.3	35.8	34.3	36.6	34	32.6	30.1	30	26.8	26.8	26.5	24.2	24.3	25.1	25.7	26.2	24.3	23.4	25.1	23.4	23.3	24.6	23.3	24.9	26.9	27.1	27.3	28.2	31.1	36.2	37.3	38.7	39.4	38.6	40.6	41.9	43.4	42.5	44.3	42.5	41.9	44.4	50.8	62.9	73.9	92.2	112.7	130.3	139	142.3	140.8	139.2	138.3	136.7	137.9	136.7	134.8	133.6	132.1	132.4	130.4	129.1	127.9	126.7	128.5	131.5	135	140.1	141.5	141.4	141.6	141.7	141.6	144.5	143.5	144.3	150.4	161.7	173.9	182.7	193.1	203.3	213.7	228.7	245	252.6	257.6	275.8	309.8	322	327.4	387.9	419.4	429.4	433.5	433.5	433.5	433.5	433.5	433.5	433.5	433.5	433.5	433.5	433.5	433.5	433.5	433.5	433.5	433.5	433.5	433.5	433.5	433.5	433.5	433.5	433.5
433.5	433.5	433.5	433.5	433.5	433.5	433.5	433.5	433.5	433.5	433.5	433.5	433.5	433.5	433.5	433.5	433.5	433.5	433.5	433.5	433.5	433.5	433.5	433.5	433.5	433.5	433.5	433.5	433.5	433.5	433.5	433.5	429	426.6	425.1	416.3	410.4	366.9	294.4	279.9	266.3	257.3	233.7	200.9	178.8	165.2	163.9	160.8	154.8	156.4	152	150.1	146.5	142.7	144.1	146.1	146.1	146.1	135.2	134.3	129	102.5	69.9	48.7	43.4	39.6	39.7	40.8	42.4	37.5	29.8	30.7	31.7	32.7	33.6	31.5	31.5	34.3	36.4	33.3	34	36.7	32.9	31.5	31.2	31.6	29.2	27.6	24.7	25.8	26.4	24.9	24.6	23.9	21.4	22.1	21.8	21.7	22	19.7	19	24.4	24.5	21.8	22.8	22.3	25.7	27.8	29.4	35.4	37.9	40.8	40.9	40.9	41.8	40.3	39.6	35.3	36.4	38	44	58.4	76	86.8	100.5	119.5	137	139.4	135.2	133.1	131.5	130	131.1	133	133.2	134.1	134.1	133.5	132.1	131.4	130.9	131.2	134.4	136.9	141.9	142.7	140.6	140.3	139	140.4	138.7	140.6	139.6	140.7	149.8	157.4	171.6	184.8	189.2	201.1	204.6	207.5	229.9	247	258.7	263.3	280.4	314.2	320.1	319.8	374.5	424.7	433.5	433.5	433.5	433.5	433.5	433.5	433.5	433.5	433.5	433.5	433.5	433.5	433.5	433.5	433.5	433.5	433.5	433.5	433.5	433.5	433.5	433.5	433.5
433.5	433.5	433.5	433.5	433.5	433.5	433.5	433.5	433.5	433.5	433.5	433.5	433.5	433.5	433.5	433.5	433.5	433.5	433.5	433.5	433.5	433.5	433.5	433.5	433.5	433.5	433.5	433.5	433.5	433.5	433.1	430.5	426.9	424.6	418.1	409.9	401.5	349.9	286.5	274.9	266.5	243.8	212.4	191	179.5	166.6	161.2	160.1	155.2	153.1	151.8	148.9	146.4	145.2	142.4	142.2	135.6	121.7	104.3	85.6	69.5	55.7	48.3	42.8	39.1	38.5	37.2	36.6	37.8	37.1	32.1	28.8	29.6	29.7	30.9	31.7	28.7	31.2	37.1	35.2	32.7	35.7	32.7	31.3	29.6	29.1	28.8	27.3	25.5	26.1	28.6	27.1	25.7	24.6	20.6	21.9	22.7	22.2	22.2	20.9	20.7	25.5	24.7	22	24.1	24	25.7	26.7	27.1	29.7	36.1	40.3	40.9	42.5	42.8	41.5	39.5	38.8	38.8	40.5	44	45.2	53.5	60.7	73.1	97.7	131.2	138.7	130.6	134.7	133.9	132.5	131.7	130.3	130.4	130.9	132.4	133	133.2	132.7	131.9	131.5	132.8	134.7	138.8	138.1	138.7	138.3	135.4	138.9	137.2	138.5	139.5	140.7	144.7	146	152.4	165.7	169.9	187.7	204.5	198.3	203.9	228.5	252.5	261.7	266	286.9	300.2	301.5	351.2	416.5	425.8	433.5	433.5	433.5	433.5	433.5	433.5	433.5	433.5	433.5	433.5	433.5	433.5	433.5	433.5	433.5	433.5	433.5	433.5	433.5	433.5	433.5	433.5
433.5	433.5	433.5	433.5	433.5	433.5	433.5	433.5	433.5	433.5	433.5	433.5	433.5	433.5	433.5	433.5	433.5	433.5	433.5	433.5	433.5	433.5	433.5	433.5	433.5	433.5	433.5	433.5	433.5	432.9	431.5	429.3	424.2	409.2	399.9	400	396.1	352.6	279.3	265.2	263.5	238.1	214	194.6	180.3	170.8	167.7	166	162.3	160.7	156.5	152	150.7	150.8	147.2	137.8	118.3	95.8	80.1	62.4	51.9	43.3	39.2	37.1	37.3	38.3	35.6	33.1	32.6	31.8	32.7	31.1	32.9	30.6	30.1	32.3	29.6	30.6	35.3	35.7	30.6	30.7	30.7	29.5	27.3	26.1	29.5	29.6	28.2	29.5	28.7	28.1	26.4	24	22.2	23.3	25.9	26.9	24.5	23.3	24.8	26.9	23.9	24	26.4	29.3	30.3	32.3	32.8	31.4	34.5	36.3	39	41.7	41.7	39.4	38.3	37.5	40.9	41.4	42.7	43.8	49.1	57.7	71	92.3	128.6	139.3	127.6	138.4	137.8	137.9	134.6	132.4	134.1	133.4	130.8	132.3	133.7	132.1	134.6	135.1	133.2	134.3	136.4	135.1	135.7	131.5	133.8	137.6	136.5	139.1	140	140.4	141.7	144.5	148.7	154.6	158.7	164.8	181.9	197.4	198.5	216.1	243.3	256.1	256.2	256.1	259.4	270.9	302.6	346.7	379.6	429.5	433.5	433.5	433.5	433.5	433.5	433.5	433.5	433.5	433.5	433.5	433.5	433.5	433.5	433.5	433.5	433.5	433.5	433.5	433.5	433.5	433.5
433.5	433.5	433.5	433.5	433.5	433.5	433.5	433.5	433.5	433.5	433.5	433.5	433.5	433.5	433.5	433.5	433.5	433.5	433.5	433.5	433.5	433.5	433.5	433.5	433.5	433.5	432.5	431.7	428.7	428.7	428.3	426.5	418.4	403.7	398.6	399.2	378.1	299.9	254.9	230	217.8	202.2	194	186.7	174.8	171.7	167.3	164	161.4	159.5	155.3	152.9	149.6	147.1	131.8	94.9	68.2	53.8	44.8	44.4	41.4	38.6	37.8	35.6	33.2	33.9	32.1	29.2	27.7	30.4	33.5	34.9	33.3	30.4	29.4	32.2	32.4	32.2	32.9	33.9	31.8	28.1	29.8	31.6	28.9	26.2	27.7	30.5	30.7	29.7	30.9	28.6	27.2	26.6	24.5	27.6	32.9	34.1	32.6	30.3	30.3	28	29	30.4	31.3	34.1	36.3	37	36.2	34.1	33.9	37.2	38.3	39	39.3	38.3	37.1	37.6	37.9	38.5	39.8	38.4	41.3	44.4	52.5	71.9	102.6	126.3	132.9	144.2	141	126.6	116.9	116.7	116.1	117.8	117.1	113.5	103.3	96.8	113.4	128.9	132.9	136.9	136.2	135.4	134.7	132.7	135.8	135.2	136.6	138.6	137.9	137.8	139	141.8	146.8	150.6	154.8	162	172.1	185.7	201.1	210.5	232.1	249.2	253.5	255	259	268	290.6	325.6	384.3	423.2	433.5	433.5	433.5	433.5	433.5	433.5	433.5	433.5	433.5	433.5	433.5	433.5	433.5	433.5	433.5	432	432.9	433.5	433.5	433.5	433.5
433.5	433.5	433.5	433.5	433.5	433.5	433.5	433.5	433.5	433.5	433.5	433.5	433.5	433.5	433.5	433.5	433.5	433.5	433.5	433.5	433.5	433.5	431.1	426.9	425.5	424.3	423.7	421.1	416.6	414.9	412.1	405.4	399.4	398.7	398.2	395.6	331.8	265.5	243	207.9	189.4	181.8	178.7	173.2	171.4	169.1	164.5	160.5	158	156.5	153.9	150.9	150.7	142	107.1	77.8	60.9	49.1	45.2	43	39.6	38.5	36.5	34.7	34.9	33	31.7	30	27.6	27.9	27.8	30.6	31.5	30.1	30.5	33	31.3	31.1	33.5	33.2	31.4	28.3	28.7	29.5	28.5	26.8	27	29.1	30.1	31.5	33.8	33.4	32.4	28.9	26.9	28.6	34.9	36.6	35.3	33.6	31.2	30.9	33.7	37.9	38.1	39.5	39.1	38.7	37.8	36.8	34.8	34.7	36.5	38	39	41.3	43.4	43.5	42	40.4	38.1	35.8	36	38.9	46.2	62	92.1	122.5	129.7	139.3	132.7	118.1	111.6	112	102.3	101.3	100.2	88.2	90	92.7	104.8	113.8	120.1	130.7	132	134.4	134.1	134.4	134.4	135.6	136.7	137	136.6	138.1	139.6	140.6	143.7	148.6	151.4	155.2	167.1	172.5	184	212.4	224.9	238.8	248.3	254.1	256.9	261.5	269.7	281.5	330.7	415.9	431.2	433.5	433.5	433.5	433.5	433.5	433.5	433.5	433.5	433.5	433.5	433.5	433.5	433.5	432.3	429.9	433.5	433.5	433.5	430.5	433.5
433.5	433.5	433.5	433.5	433.5	433.5	433.5	433.5	433.5	433.5	433.5	433.5	433.5	433.5	433.5	433.5	433.5	433.5	433.5	433.5	433.5	431.5	428.1	433.5	431.1	425.5	421.5	419.3	417.2	413.5	407.9	402	398.6	396.7	395.8	395.2	324.9	261.1	240.3	207.8	187.2	179.6	171.9	168.5	167.3	167	163.8	160.9	157.9	156.1	154.8	133.9	109.7	81.8	63.8	53.5	50.5	48.2	47.2	44.4	40.9	38.5	37.3	34.9	35.8	37.8	36	34.1	32.2	30.5	29	27.3	31.1	32.2	30.6	32	32.6	30.5	30.1	32.4	33.1	33.2	30.6	28.6	32.3	33.8	31.3	31.3	33.6	35.6	36.1	36.8	36.6	36.4	33	30.9	34	35.4	39.3	38.7	35.8	37.9	37.5	39.2	40.2	41.6	39.7	37.4	38.4	38.2	34.8	34.2	37.1	36.5	38.6	43.6	44.5	45.1	44.9	42	37.5	35.3	35	36.5	41.5	47.9	73.6	99.2	91.8	89.5	83.4	77.4	73.1	66.7	67	65.2	55.6	50.4	52.8	55.8	58	71.4	95.2	116.3	127	125.6	121	123.7	133.3	136.3	136.8	135.2	136	138.6	138.6	138.9	141.4	147.4	152.9	154.1	154.9	156.2	159.9	181.8	207.1	209.2	225.5	243.3	256.6	257	255.2	266.6	307.5	397.7	419.3	426.5	432.1	433.5	433.5	433.5	433.5	433.5	433.5	433.5	433.5	433.5	433.5	433.5	433.5	433.5	433.5	433.5	433.5	433.5	433.5
433.5	433.5	433.5	433.5	433.5	433.5	433.5	433.5	433.5	433.5	433.5	433.5	433.5	433.5	433.5	433.5	433.5	433.5	433.5	433.5	428.7	422.3	428.7	428.3	423.7	422.3	425.3	424.9	416.4	405	400.7	400	398.5	374.1	358.5	335	278	251.1	228.5	208.7	189.2	180	176.4	174.7	173.9	170.5	167.4	164.7	161.2	157.7	144.9	112	80.1	58.1	51.3	48.8	45.1	40.5	42.9	43.1	40.8	38.7	39.2	40.5	40.8	38.5	35.4	34.8	30	29.7	30	28.1	28.6	27.4	27.7	31.1	33.3	32	33.1	34.5	34.9	30.9	31.2	29.7	31.9	33.2	32.5	30.2	33.1	37.9	36.6	35.9	37.8	37.2	34	30.3	33.8	39.6	40.6	39.7	37.8	39.1	39.6	38.2	40.9	39	36.6	35.4	35.5	34.9	31.7	31.8	34.6	35.9	37.1	39.7	41.8	41.4	43.8	43.7	40	37	36.8	36.7	39.4	46.2	67	83.3	81.4	73.8	64.7	58.6	53.7	51.5	48.4	44.8	42.3	39.8	41	41.8	48.3	61.6	76.4	96.1	108.9	121	114.3	117.1	127.4	137.1	135.1	134.7	135	136.1	135.7	137.1	142.5	144.6	143.8	148.3	152.5	154.5	157	168.9	183.2	195.6	218	243.3	255.7	255	253.7	266.6	285.3	350.1	418.9	428.2	433.5	433.5	433.5	433.5	433.5	433.5	433.5	433.5	433.5	433.5	433.5	433.5	433.5	433.5	432.3	430.8	433.5	433.5	433.5
433.5	433.5	433.5	433.5	433.5	433.5	433.5	433.5	433.5	433.5	433.5	433.5	433.5	433.5	433.5	433.5	433.5	433.5	433.5	433.5	428.7	428.3	427.9	422.7	422.1	422.7	425.3	420.4	411.6	401.7	398.4	397.5	365.9	341.7	333.3	317.7	269.2	248.5	232.1	210.4	188	179.7	170.7	170	173	170.4	167.7	164.2	150.9	106.5	75.3	64.5	57.7	50	46.9	45.1	45.6	40.5	40.4	43	42.1	39.8	37.2	38.6	40.9	39.4	35.2	33.7	30.4	30.3	30.9	28.6	28.9	27.2	26	30.2	33.7	35.2	35.9	38.1	38.7	37.1	35.1	35.7	37.5	39.1	39.7	36.1	35.2	38.9	42.4	40.1	40.8	40.3	38.9	38.8	38.3	43.1	43.3	45	48	43.5	41	41.5	45.7	45.1	42.6	41.3	37.5	37.7	36.1	35.3	35.7	38.6	36.9	36.7	39.5	39	40.9	43.8	41.8	39.3	39	38.9	39.3	38.4	44.2	45.6	42	37.7	37.5	35.9	33.3	34.7	34.6	34.4	33.9	33	34.5	34.4	34.6	35.6	37.1	40	44.3	56.9	79.2	107.1	122.7	125.4	134.7	133.9	133.1	134	134.6	137.9	143.4	142.3	138.3	141.8	143.3	147.6	155.1	162.5	168.9	177.1	190.1	223.1	246.3	256.1	263.7	269.5	279.1	324.5	404.7	417.9	427.9	433.5	433.5	433.5	433.5	433.5	433.5	433.5	433.5	433.5	425.4	426.6	426.3	425.4	428.7	430.2	432.6	433.5	433.5
433.5	433.5	433.5	433.5	433.5	433.5	433.5	433.5	433.5	433.5	433.5	433.5	433.5	433.5	433.5	433.5	433.5	433.5	426.9	422.9	429.5	432.1	428.7	425.9	422.7	417.9	409.9	401	395.9	394.8	395.2	358.9	313.5	278.6	267.1	258.7	253.7	243.9	218.7	203.1	191.9	180	170.5	167.3	169.5	170.5	165.1	161.6	122.2	80.2	64.8	63.1	57.4	51.8	47	44.8	46.6	46.5	46	43.2	42.8	38.4	36.4	37.2	39	39.2	38.6	36	33	35.7	34.5	33	32	30.5	27.8	31.1	36.6	39	41.1	41.9	41.7	41.7	38.2	37.5	38.6	40.6	41.5	37	36.7	40.9	43.3	42.1	42.9	43.2	42.7	41.6	38.7	42.9	43.1	45.5	48.4	44.7	43.7	45.6	45.2	44.1	45.1	45.1	40.4	42.2	41.7	38.5	38.7	39.8	40.6	36.3	36.5	35.6	39.7	43.4	42.5	43.2	42.8	41.3	38.9	35.1	37.2	37.7	36.6	33.5	33.5	32	30.8	30.2	32	33.7	34.3	34.3	35.6	34.9	35.6	35.5	36	37.7	39.3	44.1	58.5	86.3	105.3	112.9	124.6	132.1	133	134.4	137.2	140.8	140.2	139.4	139.9	141.7	142.1	144.3	148.7	154	156.2	158.4	165.8	199	234.7	256.6	262.5	268.1	280.2	292.6	349.3	416	425.1	433.5	433.5	433.5	433.5	433.5	430.2	432.6	433.5	433.5	428.7	428.1	430.2	430.5	433.5	433.5	432.3	432	433.5
433.5	433.5	433.5	433.5	433.5	433.5	433.5	433.5	433.5	433.5	433.5	433.5	433.5	433.5	433.5	433.5	433.5	433.5	425.1	422.7	427.3	431.1	429.7	425.1	417.9	411.9	405.8	398	394.1	393.1	392.9	369.4	323.4	276.7	264.3	255	240.1	220.3	201.4	195.9	195	180.5	170	165.2	165.7	163.9	134.8	94.4	69.5	61	58.5	57.3	55	50.9	48.5	46	45.4	46.7	46.7	45	41.1	39.9	38	38.5	37.5	38	39.1	39.6	38.2	37.6	36.2	36	34.8	35.2	34.2	37.3	42.4	42.4	45.3	44.4	47.2	48.6	45.5	42.4	42.2	42.1	42.6	42	39	42.1	48.8	48.2	48.5	49.4	45.9	43.3	44	43.9	45	45.7	45.2	48.3	50.9	49.1	48.8	49.5	47.3	46.3	45.2	45.3	43.2	40	36.5	40.2	42.6	41.1	39.6	38.7	41.4	43.9	46.1	47.6	47	43.8	41.4	38.8	36.9	34.8	35.8	34.5	33.1	31.6	30.6	31.6	30.5	31	31.6	32.9	33.8	34.4	34.6	33.6	33.5	35.3	35.2	36.5	42.5	47.2	50.8	58.1	73.9	97.1	123	131.8	135.6	137.9	138.9	139.9	140.7	140.5	141.8	142.5	145.3	150.5	155.4	156.5	159.4	178.9	212.8	254.4	261.3	267.4	281.5	292.3	330.6	408.8	418.3	428.5	432.6	433.5	433.5	428.4	427.5	433.5	433.5	433.5	433.5	433.5	433.5	433.5	433.5	433.5	433.5	433.5	433.5
433.5	433.5	433.5	433.5	433.5	433.5	433.5	433.5	433.5	433.5	433.5	433.5	433.5	433.5	433.5	433.5	433.5	429.3	421.7	417.9	419.7	418.7	413.1	410.7	408.7	404.6	401.5	397.8	394.2	393.4	393.1	376.1	300.8	273.3	257	241.4	221.6	208.5	197.2	195	187.4	175.2	167.5	165.7	165.4	145.5	101.3	71.8	64.2	58.8	53.2	48.8	47.8	46.3	46.9	48.5	49.8	53.2	51.5	47	47.6	45.5	41.7	42.7	41.8	41.4	42.2	42.4	44.1	41.7	39.1	39.3	37.7	37.4	39.8	40.3	41.4	44.9	46.2	43.4	48.3	50.2	47.9	46.4	46	44.6	45.2	46.5	44.5	47.2	53.2	51.1	50.6	49.4	47.8	45.7	46.8	47.5	48	45.8	43.6	46.4	49.5	49	49.6	49.5	48.4	46.2	45.7	46	40.3	39	37.8	41.2	44.1	43.9	44.8	43.5	46.4	44.6	40.6	42.8	43.8	42.8	41.5	39.1	36	31.8	32.7	34.1	30.5	30.4	32	30.7	30.8	30.6	29.1	28.9	30.4	32	32	33.1	33.5	34.6	35.6	36.5	38.4	40.5	43.4	47	59.6	84.3	108.8	123.7	133.8	137.1	141.1	140	140.8	143.3	142.7	139.8	142.4	147.7	152.4	155.7	159.4	167.4	195.5	236.3	252.8	263.8	269.5	293.5	332.5	389.3	416.8	425.8	433.5	433.5	433.5	432.6	432.3	433.5	433.5	433.5	433.5	433.5	433.5	433.5	433.5	433.5	433.5	433.5	433.5
433.5	433.5	433.5	433.5	433.5	433.5	433.5	433.5	433.5	433.5	433.5	433.5	433.5	433.5	433.5	433.5	433.5	433.5	423.9	415.5	416.5	416.9	413.1	408.9	406.4	402.5	401.6	396.6	393.9	394.6	391.6	362.2	289.5	267.1	240.6	221.7	214.1	198.3	192.7	181.8	172	165.9	162.3	162.4	138	93.8	67.5	59.6	59.5	57.5	53.6	48.7	46.4	44.4	45.2	46.8	47.6	51.9	54.9	51	47.8	45.2	41.9	43.1	43.2	41.6	41.9	44.6	45.9	45.6	45	44.8	44.9	44.3	45.9	46.4	45.6	50.6	52.6	50.2	50.5	57.1	58.6	57.1	54.9	52.2	52.6	54.6	50.9	54.1	62	59.6	55.2	53.9	52.9	48	46.7	54.3	57.3	53.1	50.7	47.7	48.1	47.6	50.2	54.7	53.2	53.7	52.2	48.4	45.9	44.6	43.9	47.3	48.6	49.8	51.3	49.4	50.8	48	43.2	41.3	44.5	46.7	46	43.2	41.6	39.2	37.7	39	35.1	31.1	31.9	32.4	32	31.9	29.4	30	30.7	31.8	31.9	33.1	33.5	34	34.7	33.8	36.5	36.7	36.2	38.7	41	45.3	56	72.3	99.6	134.6	139.5	138.5	139.3	140.7	139.2	138.3	141.7	144	146.2	150	155	158.6	172.3	213.1	242.7	261.6	265.5	283.9	315.2	379.2	413.8	418.8	427.8	433.5	433.5	433.5	433.5	433.5	433.5	433.5	433.5	433.5	433.5	433.5	433.5	433.5	433.5	433.5	429.3
433.5	433.5	433.5	433.5	433.5	433.5	433.5	433.5	433.5	433.5	433.5	433.5	433.5	433.5	433.5	433.5	433.5	429.7	418.7	413.1	415.9	413.1	410.1	409.9	404.3	402	396.8	392.1	392.2	384.6	341.1	304	264.1	242.8	228.6	216.5	199.9	187.6	177.5	169.8	163.7	163.4	162.7	149.1	105.8	73.2	62.6	57	53.4	51.2	50	48.8	45.7	42.2	40.7	41.2	44.6	51.1	49.9	44.9	42.7	41.3	38.8	40.9	41.1	39.2	38.3	39.1	41.4	40.8	42.5	47.8	49.8	47.8	47.1	49	52.2	55.3	54.1	49.4	52.6	58.9	61.2	60.9	60.1	55.2	52.9	54.3	55.1	58.5	64.6	63.5	56.6	55	54	51	50.1	55.4	59.4	56.5	54.3	51.1	52.4	51.4	53.2	60.4	61.6	60.4	58.2	54.1	51.4	51.1	50.8	48.4	49.1	50.8	53.5	55.7	52.7	49.1	45.3	45.4	46.1	47.3	47.1	45.7	45.6	42.7	40.4	42.6	40.2	36.6	36.8	35.5	33.2	32.4	31.3	30.5	29.7	28.6	29.2	30.1	31.1	30.8	31.6	33.9	34.4	35.3	36.2	39.1	40.4	43.4	48.5	63.3	88.6	114.7	138.7	141.2	140.2	137.5	134.8	135.5	136.9	138	140.2	145.3	146.3	150.3	162	184.3	208.4	237.7	255.9	271.5	297.2	382.7	413.1	417.2	425	433.5	433.5	433.5	433.5	433.5	433.5	433.5	433.5	433.5	433.5	433.5	433.5	433.5	433.5	433.5	432.6
433.5	433.5	433.5	433.5	433.5	433.5	433.5	433.5	433.5	433.5	433.5	433.5	433.5	433.5	433.5	433.5	433.5	427.9	418.7	416.7	415.3	409.7	408.5	409.7	400.6	397.7	394.1	390.2	389.7	383	324.4	282.5	251.4	222.1	204.7	185.9	171.3	162.7	161.9	161.9	149.2	138.3	112.4	75.8	61.6	57.3	55.7	54	48	46	46.6	46.3	44.7	41.5	39.3	43.8	46.7	50.8	48.9	44.3	41.9	40.5	40.8	42.4	40.3	40.6	42.6	46	49.1	47.8	49.1	54.2	59.2	55.3	55.7	57.8	61.7	66	67.1	66	62.5	67.9	68.9	68.4	66.5	62.8	62	60.6	60.3	61.8	64.1	58.8	55.3	60	61.1	58.5	60.8	63.4	63.6	60.2	62.2	62.9	60.7	63.4	66.8	66.6	65.2	65.5	63.9	59.5	57.1	56.8	58.1	59.9	58.2	56.9	56.6	57.1	57.8	53.9	54.5	54.4	54.9	55.4	52.5	50.2	48	44.2	42.6	44.8	43.1	39	37.2	37.4	34.6	32.9	34	32.2	30.4	29.3	29	30.8	30.2	30.9	31.2	32	32.9	34.2	35.9	36.3	37.7	38.7	41	45.9	51.8	58.1	81.7	106	122.8	136.6	133.5	132.3	134	135	136.8	139.7	141.3	146.3	153.5	165.8	196.5	223.5	244	265.1	294.6	378.5	411.8	413.1	417.6	427.8	433.5	433.5	433.5	433.5	433.5	433.5	433.5	433.5	423	423.3	428.1	433.5	433.5	433.5	433.5
433.5	433.5	433.5	433.5	433.5	433.5	433.5	433.5	433.5	433.5	433.5	433.5	433.5	433.5	433.5	433.5	425.1	416.7	421.3	415.3	404.9	404.3	404.3	400.5	397	394.2	391.8	391.4	391.2	331.1	280.5	251.3	229.3	210.9	196.7	175.4	161.4	158.9	160.9	157.7	138.1	109.5	83.4	64.9	60.4	56.8	52.1	51.8	49.1	48.9	45.8	42.5	41.4	41.6	41.1	45	50.6	49	45.7	45.4	42	39.2	42.6	43	40.4	41.6	45.2	51	51.1	49.8	52.4	57.3	56.6	54.7	59.9	61	64.1	70.4	71.2	66.4	67.5	74.3	75.2	72.6	69.6	66.1	64.3	60.4	59.9	66	69	63.9	63.1	64.4	67.7	63.5	62.6	63.6	64.9	67.4	69.8	66.7	63.6	67.7	69.8	70.1	68.6	66.9	67.7	65.4	61.7	62.5	64.4	67	64.9	65.7	62.6	63.1	59.6	56	56.7	54.9	51.6	53.5	56.8	52.1	48	48.8	45.6	46.1	42.9	39.5	39.5	39.9	36.8	34	33.3	31.6	30.3	27.9	28.2	29.5	28.8	28.2	29.5	31.6	32.4	33.5	33	35.5	36.1	36.6	39.4	42.3	46.5	53.2	67.6	80.5	115.6	130.2	130.7	128.1	130.7	133.3	137.3	139.3	138.9	144.1	150.5	157.6	184.6	219.1	243.2	267.3	297.2	372.9	411.7	412.8	416.5	426.4	433.5	433.5	433.5	433.5	433.5	433.5	433.5	433.5	427.2	427.8	430.2	433.5	433.5	433.5	433.5
433.5	433.5	429.9	430.8	433.5	433.5	433.5	433.5	433.5	433.5	433.5	433.5	433.5	433.5	433.5	433.5	423.1	415.3	420.7	413.9	404.3	403.7	400.2	398.8	397.6	393.1	390.5	392.3	384.4	327.8	280.9	238.9	203.8	182.6	179.2	171.3	163.9	159.5	154.6	150.5	110.3	73.3	62.2	60.8	60.2	57.6	52.9	51.1	49.4	46.2	44.1	41.9	41.9	42.1	41.8	42.8	46.2	47.6	43.3	42.5	44.4	42.7	43.2	47.1	48.2	50.9	52.9	59.1	60.2	55.8	58.5	62.8	66.1	66.3	72	72.1	69.7	73.9	76.1	75.5	74.1	77.1	81.3	83.3	79.6	70.9	68.1	66.9	65.2	67.4	74.9	76.6	72.3	73.4	76.1	72.5	66.6	63.3	67.7	71.4	71.3	69.6	70.3	70.6	70.6	71.9	75.1	74	71.8	71.7	71.4	72.7	71.3	73.9	75.5	73.9	71.3	70.8	70.6	65.8	64.5	64.4	61.5	59.9	62.2	60.8	54.8	54.1	51	50.8	47.4	43.8	45.7	43.9	39.3	37.2	34.4	30.8	31.3	29.6	29.1	27.6	28.2	28.1	30.4	31.9	31.8	33.5	32.2	31.7	33.4	36.1	37.8	39.1	41.3	43.6	45.8	49.4	61.4	73.4	91.3	106	129	131.6	135.8	133.8	137.3	142.7	147	153.5	169.6	199.2	239.4	270	296.8	360.9	411.1	411.7	413	418.8	430.5	433.5	433.5	433.5	429.9	423.6	426	433.5	433.5	433.5	433.5	433.5	433.5	433.5	433.5
433.5	433.5	429.6	432.6	433.5	433.5	433.5	433.5	433.5	433.5	433.5	433.5	433.5	433.5	432.9	420.1	412.3	413.7	411.1	405.5	404.5	402.6	403	402	396.7	392.1	394	392.9	387.7	328.3	263.7	218.8	187.3	177	173.1	169.2	164.6	158.9	153.7	137.7	87.9	65.1	58.7	57.5	55.3	55.8	52.1	48.7	45.6	40.7	38.2	40	40.9	41.6	43.4	43.6	46.5	46.4	42	43.8	44.2	45.8	45.6	47	51.9	57	60.9	65.3	61.8	59.6	65.2	67.7	68	70.9	75.7	74.5	78.2	81.7	83.1	78.3	78.2	77.7	79.9	87.1	82	74.4	73.2	69.6	66.5	69.1	78.1	82.4	79.6	80.2	82.7	78.6	67.1	67.5	69.9	68.2	69	70.9	72.8	75	74.7	72.7	77.2	74.9	71.9	73.7	75.6	74.6	73.6	75.9	76.8	79	77.7	74.1	75.6	71.9	65.9	65.6	66.4	67.2	65.6	62.7	59.9	54.8	55.1	54.9	50.7	48.5	49.5	47.7	41.7	41.8	38.3	34.7	32.7	30	31	29.4	30.8	31.5	31.9	33.6	32.2	31.7	33.3	33.7	35.6	39.5	41.7	41.3	41.9	41.5	41.1	43.9	49	60.5	73.5	93.4	117.2	132	129.6	129.5	134.5	139.9	147	153.5	165.2	182.4	213.9	258.5	285.8	331.3	406	411.5	412.4	416.8	428.6	433.5	433.5	433.5	428.1	423	423.9	433.5	433.5	433.5	433.5	432.9	428.4	428.4	429.3
433.5	433.5	433.5	433.5	433.5	433.5	433.5	433.5	433.5	433.5	433.5	433.5	433.5	433.5	432.5	420.9	412.9	412.7	409.7	406.3	406.6	401.5	401.8	400.8	394.2	391.2	393.1	391.9	388.6	335.2	254.4	214.5	186.8	179.1	175.7	167.5	159.7	155.3	127.6	85.9	56.7	55.4	55.5	53.6	50.1	49.8	52.1	48.2	44.1	40.1	39	40.8	43.2	43	42.4	41.5	45.7	49.3	46.2	48.7	48.4	48.9	54.1	58.2	62.2	65.9	68.2	71.1	66.7	69.3	77.1	78.7	79.6	77.6	79.3	80.1	83.4	89	92.6	86.7	83.8	84.2	84.1	89.9	87.7	81	79.4	77.7	75.7	74.8	80.5	89.4	88.6	86	83.9	83.7	74.4	68.1	69.4	70.3	70.9	74.6	76.1	78.5	79.6	78.2	77	76.2	75.6	78.6	79.5	79.8	76.9	77.6	79.4	80.6	81.4	78.3	79	76.5	70.8	67.5	66.9	67.8	66	65.1	63.5	62	62.1	61.4	58.7	55.6	52.5	51.3	49.9	44.9	43.8	40.6	36.9	32.2	32	32	31.4	32	33.9	33	31.7	32.8	33.7	34.8	36.8	37.5	41.6	42.4	39.7	39.7	38.1	39.5	42	44.5	51.2	57.7	75.6	96	112.7	128.8	130.5	137	144	147.1	153.6	158.6	167	200.2	244	310.1	374.6	410.6	411.1	412.4	419.2	431.1	433.5	433.5	433.5	433.5	433.5	433.5	433.5	433.5	433.5	433.5	423.6	419.1	424.5
433.5	433.5	433.5	433.5	433.5	433.5	433.5	433.5	433.5	433.5	433.5	433.5	433.5	433.5	427.5	417.5	410.9	405.9	405.9	411.3	409.7	402.8	402.1	394.8	391.4	390.7	389	387.5	386.6	333.9	259.8	223.2	191.8	176.2	166.9	159.8	155.6	130	101.1	67.6	58.5	57.9	55.4	51.7	47.3	45	44.9	41.1	39.4	40.1	41	42.6	43.5	42.1	42.4	43.1	46.8	47.9	47.7	50.6	53.4	56	58.5	63.6	68.9	73.2	74.8	73.4	68.9	71.9	79.9	82.3	80.3	77.4	79.4	80.5	84.9	90	90.1	84.2	85.1	87.2	88.2	92.8	90.5	86.1	85.1	80.5	76.6	78.3	82.5	89.2	89.5	89.1	86	85	81.9	74.1	72.8	74.9	73.1	73.8	77.5	79.1	83.6	80.6	79.9	80.2	79.8	79.5	80.6	82.7	81.4	84.2	92	87	85.8	87.1	83.6	80.3	76.9	75.7	73.1	68.4	65	65	64.6	64.3	64	64.3	61.9	57.9	54.5	50.3	48.3	44.4	44.4	41.8	38.9	35.9	33.7	33.9	32.4	33.4	34.3	33.7	32.5	32.6	33	36	37.5	39.2	38.7	39.2	38.2	38.1	39.1	39.1	43	46.1	47.9	56	68.3	81.9	100.8	127.7	133.3	137.3	141.5	147.4	150.3	150.7	158.6	175	208.8	259.2	289	371.9	410.7	411.3	413.5	422.3	432.9	433.5	433.5	433.5	433.5	433.5	433.5	433.5	433.5	433.5	428.4	422.1	430.5
433.5	433.5	433.5	433.5	433.5	433.5	433.5	433.5	433.5	433.5	433.5	433.5	433.5	433.5	429.9	418.7	410.3	404.3	405.7	412.3	408	400.3	398	390.1	387.1	385.4	384.6	384.6	383.3	345	270.3	219.3	193.2	176.8	163	139.9	102.9	65.5	56.5	55.2	55.6	54.9	54.1	51.7	48.3	44.1	42.5	44.1	42.8	39.8	40.1	40.6	41.1	38.1	39.4	41.1	45.6	51.2	53.8	57.9	62.3	68.6	70.6	72.3	74.1	77.2	78.6	80.8	78.7	77.4	81.8	81.8	81.3	81.5	82.7	84.3	84	87.5	90.6	85.5	84.8	86.6	86.9	90.9	89.4	88.5	88.6	85.8	79.8	79.8	82	84.8	88.8	89.4	89.2	86.1	85.6	82.5	78.2	78.3	80.8	79.7	80.3	80.8	84.1	84.7	82.9	85.9	85.5	83.9	82.4	81.9	84.9	90.4	97.2	91.1	88.5	90.9	87.6	84.6	80.3	79.5	77.5	73.8	73.9	68.8	68.6	69.4	68.7	68	67.5	63.4	60.8	58.6	55.5	52.7	50.6	48.2	47.2	42.6	37	35.1	34.6	34.3	35.1	34.8	34.1	34.1	35.4	32.1	33.6	36.4	37.7	37.3	36.5	36.7	37.5	39	42.4	43.1	42.4	40.7	43.9	54.6	69.5	85.7	101.5	124	139.3	144	146.4	147.5	156.1	162.2	176.3	211.6	255.2	342.9	410.1	410.9	412.5	418.9	430	433.5	433.5	432	433.5	433.5	433.5	433.5	433.5	432.6	433.5	433.5	432.3
433.5	433.5	433.5	433.5	433.5	433.5	433.5	433.5	433.5	433.5	433.5	433.5	433.5	433.5	424.1	413.5	403.7	404.9	410.7	407.5	399.9	396.8	392.9	389	386.9	386	386.8	387.2	385.6	378.5	304.8	230	189.9	166.1	156.5	123.1	84.5	58.7	53.3	53.8	52.6	50.3	49.4	49.1	47.6	42.7	40.1	43	39.3	37.6	36.5	37.3	38.2	38	40.3	43.3	47.5	53.1	58.5	64.5	69.2	72.3	74.3	75.3	80	82.8	82.2	82.3	79.8	82	85.3	84.9	83.5	86.2	88.5	86.3	86.7	90.3	93	88.8	87.8	89	89.2	93.6	94.9	90	93.2	90.6	86.2	82.9	83.7	84.6	89.6	89.9	89.1	90.2	88.1	85.2	82.3	80.7	85	88.2	88.2	87.9	90	92.9	90.5	92.8	92.3	91.3	93.5	92.6	94.3	98.9	101.3	93.7	89.6	91.3	97.5	99	90.5	83.4	79.1	78.3	74.3	71.4	70.2	67	69.4	68	64.9	63.8	61.1	58.5	59	56.6	56	55.5	53.4	47.8	40.6	38.1	36.8	35.8	34.2	34.1	32.9	33.3	33.5	32.6	33.8	33.5	34	35.9	36.7	38.6	36.9	38.1	41.1	42.8	40.5	40.2	44	49.3	67.7	83.9	90.8	111.4	138.7	144	145.6	147	159.4	174.3	188.5	222.1	256.9	291.1	378.9	410.6	411.8	416.1	426.6	433.5	432.3	428.4	432	433.5	433.5	433.5	430.2	427.5	427.5	430.8	433.5
433.5	433.5	433.5	433.5	433.5	433.5	433.5	433.5	433.5	433.5	433.5	433.5	433.5	433.5	423.7	412.7	404.1	403.7	409.3	404.4	397	395	392	389.4	389.1	389.1	388.5	387.3	385.7	383.1	301.6	220.5	185.8	173.4	129.3	88.6	64.8	56.6	55.5	54.5	52	47.3	47	45.3	42.5	41.9	39.8	40.3	38	35.8	35.7	36.4	37.7	40.1	43	47.5	56	65.8	71.5	75.5	78.5	79.1	80.3	82	85.2	88.8	90.5	90.1	85.7	85.2	88.5	91	92.2	88.5	89.9	89.1	90.4	92.4	94.1	92.1	89.3	92.9	95.5	94.8	97.3	94.9	96.1	95.9	90	86.1	85.8	86.5	87.2	89.7	87.6	91.6	92.4	88.8	86.7	84	87.7	91.7	94.1	95.1	96.2	96.2	95.8	93.4	94.4	95.3	97.8	99.2	99.1	103.7	103.6	96.5	93.1	92.4	95.7	101.2	96.1	86.9	81.5	82	77.9	73.3	71.5	69.1	69.7	68.6	67.6	65.5	62.6	62.9	60.6	57.3	57	59	57.9	53	47.9	42.7	39.6	36.9	35	34.8	34.2	36.6	33.4	33.4	33.6	32.7	33.2	33.8	36.8	39.9	36.9	36.1	37.6	39.9	41.2	40.3	40.8	44.2	49	58.7	75.9	82.4	96.5	121.8	140.7	148.2	154.3	171.2	181.8	196	225.2	256.5	347.9	410.1	411.4	412.6	418.2	428.9	430.8	429.9	432.3	433.5	432.6	430.5	427.2	425.7	428.7	432.9	433.5
433.5	433.5	433.5	433.5	433.5	433.5	433.5	433.5	433.5	433.5	433.5	433.5	433.5	432.9	417.5	406.5	405.7	406.5	404.5	400.6	395.2	393.3	393.4	388.3	385.8	386.8	386.5	384.2	382.3	377.1	312.7	203.2	176.5	165.5	114.5	78.3	61.7	56.7	52.5	51.3	46.7	44.4	44.5	40.8	40	40.4	39.5	38.7	38.3	36.7	37.2	40.7	41.8	41	46.7	54.4	63.9	73.2	74.8	80.7	84.3	87	88.3	89.9	91.8	91.4	91	91.2	87.7	87.3	90.6	94.1	94.8	92.9	93.4	93.5	98.9	99.7	96.7	95.6	95.2	96.9	97.8	101.6	102.9	100.9	97.2	94.7	91.9	87.5	86.5	88.9	87.1	89.5	90.9	91.3	97	98.3	96	96.2	95.7	96	99.9	103.9	104.4	102	97.2	97.7	102.7	104.7	106.5	108.7	112.9	118.4	120	114.3	109.4	106.1	106	107.1	103	94.5	86.7	82.6	82.3	79.5	77.1	74.6	73.9	71.5	69.6	67.5	65.9	64.5	64.2	61.5	59.5	59	55.4	51.2	48.9	43.5	39.2	37.6	35.4	35.7	38	38.4	37.1	34.9	33.6	36.3	36.2	35.8	37.2	37.7	38.4	38.5	40.3	39.7	40.7	40.2	40.4	41.3	44.6	51.5	65.8	78.8	85.6	108.4	132.7	147.3	151.1	157.4	174.7	194.4	197.6	220.3	298.3	405	410.9	412.1	416.3	426.6	433.5	433.5	433.5	433.5	433.5	433.5	430.2	429.9	432.9	433.5	433.5
433.5	433.5	433.5	433.5	433.5	433.5	433.5	433.5	433.5	433.5	433.5	433.5	433.5	433.5	420.9	408.5	407.1	407.1	404.9	400.5	394	391.5	393.3	387.2	382.8	384.1	384.3	370.4	355.7	339.2	298.4	199.6	160.3	124.5	74.6	59	57.6	55.5	49.2	48.5	47	43.8	42.5	39	37.8	40.2	37.6	37.2	38.3	38.8	38.4	40.8	44.5	49.1	58.5	71.4	79.7	84.8	85.4	88.2	91.4	93.1	93.8	96.8	96.4	96.3	93.5	91.9	91.2	89.1	91.6	94.4	97.3	95.1	96.3	98.5	101.8	101.2	101.8	101.4	98.7	97.1	96.1	102.1	102.3	100.1	97.4	94.1	93.4	92.7	89.5	92.2	90.5	90.7	93.4	93	96.2	103.3	102.5	104.1	104.1	102.5	103.6	105.4	107.3	107.5	104.2	105.9	105.8	109.9	114.7	115.4	122.1	126.4	126.8	122.2	118.3	116.3	115.2	113.7	109.1	102.9	97.3	88.6	85.5	83.7	81.8	79.3	75.3	73.3	73.3	70.6	69.2	69.1	67.8	65.3	64.4	62.2	59.4	56	54.8	51.1	48.2	42.1	37.1	35.7	38.3	37.9	36.6	35.2	35	35.1	35.1	36.5	35.8	37.5	39.2	38.9	36.7	36.6	38.2	41.1	40.7	40.3	42.3	46.7	49.7	59.8	69.2	70.2	93.8	130.3	149.6	156	171.1	197.6	192.8	193.2	274.3	398.3	410.2	411.4	412.6	418.2	428	433	433.5	433.5	433.5	433.5	433.5	433.5	433.5	433.5	433.5
433.5	433.5	433.5	433.5	433.5	433.5	433.5	433.5	433.5	433.5	433.5	433.5	433.5	428.3	411.5	408.7	406.7	405.5	403.9	397.3	392.7	393.2	390.2	385.4	384.7	383.9	382.1	370.9	352.4	332.5	259.2	182	158.6	110.4	65.5	57.7	56.2	53.7	50.9	48.9	46.9	47.5	44.2	39.2	37.1	35.4	32.4	35.3	37.3	39	40.4	43.1	48.4	57.6	72.9	82.9	88.1	91.1	92.6	94.8	95.9	97.2	96.3	94.8	95.2	99.6	99.3	96.7	96.6	97.4	98.3	98.5	99.9	101.3	102.7	104	108	106.3	106.2	105.7	104.2	102.1	100.7	102.4	103	101.8	103.3	105.2	101.3	97.9	98.9	100	96.5	93	96.4	103.2	101.3	105.3	108.7	112.5	114.1	116.7	115.8	114.1	114.8	116.8	116.6	118.4	119.5	121.1	126.2	129.8	136.5	139.8	141.7	133.8	128.1	129.8	128	126.2	122.7	119.8	113.5	104.8	95.7	90.8	85.5	82.9	81.6	79.7	79.1	77.1	74.3	72.6	69.7	68.6	70.1	69.1	66.5	63	60.3	57.8	52.4	46.8	43.4	35.8	34.6	36	34.8	33.6	34.2	34.6	35.3	37.6	38.4	38.4	38.6	37.4	35.3	34.6	37.5	40.3	39.9	38.5	39.3	43.2	49.3	55.4	62.6	68.5	82.1	118.1	147	153.9	161.1	176.8	180.6	190.7	261.2	390.7	410.2	411	412	416	426	431.8	433.5	433.5	433.5	433.5	433.5	433.5	433.5	433.5	433.5
433.5	433.5	433.5	433.5	433.5	433.5	433.5	433.5	433.5	433.5	433.5	433.5	433.5	428.1	410.1	405.9	404.9	404.8	401.6	395.8	393.6	391.9	389	385.7	383.3	385.8	381.4	369.8	358.3	328	236.5	174.7	151.9	84.3	57.8	54	54.9	50.2	48.7	49.2	46.8	46	44.5	38.8	36.1	33.5	31.2	33.3	34.5	38	42.5	47.9	56.6	70.8	83.9	91	93.5	95.9	95.4	97.5	95.8	94.3	94.7	93.2	94	98.4	98.6	98.5	100.7	103.1	101.8	100.7	103.7	103.3	105.5	108.3	109	112	110.2	108.3	105.3	107.3	105.3	105.6	105.9	107.4	108.3	110.1	107.1	104.2	106	106.1	101.8	97.8	100.8	106.7	107.1	108.9	114.3	117.9	121.9	123.8	123.7	121.9	124.2	125.4	123.1	126.9	127.4	131.6	134.4	135.9	137.7	140.7	148.5	143	134.9	136.4	133.4	131.2	129.2	127.4	121.2	112	104.2	98.1	90	85.9	84.3	82.3	79.7	77.8	75.8	72.6	71.5	70.7	70.9	71.4	70.6	66.8	63.8	61.6	57.8	53.8	47.4	41	36.6	34.2	35.3	35.4	33.9	35.4	35	36.6	38.4	39.7	38.1	38.5	38.5	35.9	34.9	34.1	37.3	37.3	34.7	39.6	44.1	48.8	52.7	57.2	65.1	79.6	115.5	141.2	156.8	165.2	173.3	179	237.9	380.3	410	410.2	411.3	412.4	418.7	428.6	430.8	433.5	433.5	433.5	433.5	433.5	433.5	433.5	433.5
433.5	433.5	433.5	433.5	433.5	433.5	433.5	433.5	433.5	433.5	433.5	433.5	433.5	418.1	405.3	405.1	405.1	402.3	398.4	397	395.8	392.1	390.3	384.5	380.7	383.9	380.2	369	356.9	325	213.7	161.3	98.8	64.3	60.8	57.3	53.1	49.9	51	51.4	47.8	42.3	38.5	36.4	34	31.5	33.1	33.3	34.2	36.9	41.9	49.4	62.3	78.4	88	95.4	96	97.2	96.7	97.1	99.8	99.3	100.4	102.8	102.5	101.2	102.2	99.6	103.1	107	106.7	107.2	109.3	110.5	109.5	112.9	113.1	113.8	113.8	112.7	111.4	115.4	115.2	115.3	115	113.7	115.8	118.1	119.4	118	116.5	113.8	109.9	106.3	107.3	109.9	111.4	116.3	123.7	124.8	128.9	134.6	132.9	133	132.5	132.4	132.7	137.5	138.1	141.5	145.4	147.6	150.6	155.6	154.7	149.6	144.5	137.8	135.4	132.4	130.1	131.6	131.1	120.9	111.5	103.3	95.5	89.1	84.5	81.2	78.3	76.1	73.9	72	71.9	71.6	70.7	70.2	68.1	66.9	66.5	64.7	63.2	58.7	52.4	46.2	41.3	37.3	37.5	37.3	36.7	35.6	33.7	33.8	36.7	38.3	40.2	40.7	39.9	36	34.5	34.6	39.1	40.3	39.9	41	42.8	45.8	48.4	52.6	64.7	85.1	118	146	149.1	156.2	163.6	176.7	223	328.8	410	410.1	411.1	412.1	416.4	426.2	426.1	433.1	433.5	431.4	433.5	433.5	433.5	433.5	431.4
433.5	433.5	433.5	433.5	433.5	433.5	433.5	433.5	433.5	433.5	433.5	433.5	432.9	419.7	407.1	405.7	404.8	400.7	396.7	395.3	396.1	391.5	386.8	384.7	383.4	378.7	371.5	371.6	350.8	307.8	187	101.1	67.9	64.6	63.8	57.5	52.9	51.3	49.8	50	44.2	39.6	38.9	35.2	32.1	31.5	30.9	31.8	34	38.3	47.1	57.8	68.8	81.6	93.5	98.4	98	99.5	98	98.9	97.6	98.2	100.5	103.8	104.1	102.9	102.6	101.4	100.1	104.7	108	110	112.7	112.9	113.7	115.3	115.9	115.2	114.8	116	116.4	118	118.8	119.9	122.3	117.1	118.8	121.6	123.9	125.3	122.4	122.2	119.3	113.3	113.5	114.5	116.9	123.2	131.4	134.8	139.3	143.4	142	141.5	139.3	139.3	142	145	145.7	144.9	150.1	154.7	157.2	160.4	160.4	159.4	152.3	145.4	140.2	138	136.1	134.8	134.1	128.2	117.3	106.9	96.1	91.5	88.3	83.2	81.1	77.5	76.4	74.6	72	71.7	71.6	72	70.8	70.2	68.2	66	66.3	63.3	57.9	52.6	45.9	39.9	38	37.5	35.6	35.9	35.5	33.7	33.7	36.1	39.1	41.4	40	39.8	38.3	36.6	39.4	39.7	42	42	39.3	39.3	42.5	45	50.2	62.7	85.3	112.9	145.7	151.5	160.5	172.5	194.3	286.1	396.2	404.6	404.9	403.9	412	417.8	426	430.1	432.3	433.5	433.5	433.5	433.5	433.5	433.5
433.5	433.5	433.5	433.5	433.5	433.5	433.5	433.5	433.5	433.5	433.5	433.5	426.9	411.5	407.3	406.9	401.7	395.8	392.9	396.7	395.2	385.4	381.3	380.4	381.1	375.9	376.5	373.5	338.3	259.2	134.6	82.4	65.1	66	67.5	59.4	53.6	50.3	46.2	41.3	36.3	36.3	36.4	34.8	33.7	33	34.5	35.5	34.8	40.7	51.8	63.6	78.8	90	96.1	99.6	100	100.3	99.4	98.9	101.3	103.2	103.9	102.5	102.8	102	102.4	101.3	99	105.2	110.9	113.1	115.3	114.4	116.8	121.6	122.7	120.8	123	124.8	125.1	125.5	124.2	126.6	128.4	126	130.2	131.4	131.3	135.2	133.4	131.3	127.5	124.8	123.2	121.1	124.4	131.8	141.1	144.2	147.8	148.6	151	149.2	146.1	146.5	149.5	152.1	153.6	162.1	168.6	172.6	171.8	170.9	173.7	174.7	166.4	156.7	148.2	142.9	142.7	137.3	135.6	132.3	124.4	112.7	103.5	99.7	95.3	89	85.3	80.9	81	81.7	78.1	73.6	74.3	75.2	73.4	74	72.3	67.8	65.9	67.5	64.5	61.1	53.7	44.8	39	35.8	33.1	35.2	37.4	37	36.9	39.8	41.3	42	44.5	44.4	41.3	40.3	40.2	41.1	42.9	41.7	37.2	38.2	40.9	44.3	47.9	56.3	77.6	104.5	134.5	145.4	153.8	166	182.9	249.5	370.8	401.1	403.4	405.4	411	416.1	424.4	429.4	431.1	433.5	433.5	433.5	433.5	433.5	433.5
433.5	433.5	433.5	433.5	433.5	433.5	433.5	433.5	433.5	433.5	433.5	433.5	431.3	414.1	406.5	406.3	401.7	393.4	390.3	392.8	390.9	382.7	381	381	379.2	368.8	369.5	346.8	322.5	204.5	81.3	68.5	58.7	59.1	64.4	60.3	55.7	46.9	43.5	42.1	37.5	37.9	36.4	36.4	33.6	32	34.6	35.2	38.4	49.6	60.5	69.1	84.8	94.7	100.1	103	105.2	104	100.9	99.1	102.4	107.3	105.9	104	102.4	102.1	101.2	101.3	102.2	107.5	111.1	112	114.8	119	120.7	125.1	126.6	128.5	130.9	131.7	127.4	126.9	126.4	128.5	133.1	134.2	136.6	138.9	139.1	137.6	139.8	139.6	138.2	134.9	132	129.2	132.5	139.9	145.9	150.2	152	154.8	157.5	155.5	153.3	155.4	160.9	162.8	160.3	168.8	179.7	187.3	188	187.1	187.4	185.1	176.7	167.7	159.4	151.2	148	143.1	138.5	135.9	129.9	121.5	112.8	105.8	99.6	94.2	91.3	86.4	85.2	86.2	83.4	80.4	76.7	78	77.7	77.3	75.5	72.8	70.6	69.7	67.5	64.7	58.8	52.1	45.6	40	35.8	34.7	36.2	36.5	36.4	37.5	38.9	41.2	41.5	44.1	42.1	39	39.6	40.4	39.9	39	39.3	36.7	36.2	41.5	44.2	47.7	54.9	77.3	101.3	129.6	152.5	163.5	174.8	222.7	339.1	395.8	403	407.4	409	411.5	416.8	431.2	432.4	432.6	433.5	433.5	433.5	433.5	433.5
433.5	433.5	433.5	433.5	433.5	433.5	433.5	433.5	433.5	433.5	433.5	433.5	427.9	406.9	405.3	403.7	396.6	391	390.6	389.9	384.9	382.1	380.6	379.3	378.7	376.9	370.2	344.9	322.3	170	72	66	58.7	53.4	56.5	54	46.2	43.1	41.7	39.7	37.1	37.5	38.3	36.6	35.2	32.5	33.7	33.8	42	55.8	65.8	76.6	90.1	101.1	105.3	107.2	107.8	101.3	102.1	103.8	107.9	107.6	103.2	104.4	103.4	106	104.6	102.9	106.3	110.9	113.8	116.9	120.3	124.1	125.7	127.6	134	135.3	135.3	138	135.6	135.2	137.5	143.4	145.7	144.3	142.8	144.8	145.2	140.5	138.5	138.9	140.9	142.2	140.4	142	143.3	150	157.9	162.8	164.6	165.3	165.8	164	165.9	175.3	175.7	177.9	183.8	191.9	201.3	207	207.9	205.5	202.8	203.7	200.1	188.1	179.9	165.6	154.2	146	138.5	135.3	132.9	125.1	117.1	113.1	108.1	104	99	93.4	89.1	88.3	87.9	85.7	83.5	82.3	80.2	79.3	76.5	75.2	74.4	72.4	68.3	65.9	63.1	57.6	49.3	43.6	37.4	36.6	35.9	35.3	34.9	33.8	33.6	36.9	35.9	38.9	37.9	35.4	35.4	34.7	37.4	38.3	38.1	35.9	34.7	36.6	42	46.3	50.2	64.1	88.5	118.2	150.7	159.8	175.7	216.5	316.4	400.6	406.6	410.4	412	413.1	416.6	429.8	433.3	431.4	433.5	433.5	433.5	433.5	433.5
433.5	433.5	433.5	433.5	433.5	433.5	433.5	433.5	433.5	433.5	433.5	433.5	431.1	409.7	407.1	404.4	394.8	389.9	387.6	386.8	383.2	381.6	379.4	377.9	377.4	376.1	373.7	353	303.5	151.5	71.9	63.2	57.2	49.9	48.4	49.3	43.6	41.6	39.6	39.1	36.6	35	37.3	36.1	31.4	31.2	31.9	38.5	53.3	63.9	71.6	82.7	93.6	101.8	105.9	107.3	106.4	101.4	101.3	106.6	107.8	104.1	103.7	107	106.5	106.4	104.7	106.7	109.5	112.3	114.8	120.8	127	130.4	131.1	132	141.3	141.6	140.8	143.1	143.1	144.6	149	150.6	151.2	153.5	149.5	146.7	153.4	151.6	148.3	146.9	147.7	148.3	147.2	151.2	150.1	158.2	167.6	172.5	176.3	174.6	171.1	170.2	173	177.2	180.6	184.6	193.7	202.3	209.5	220.6	225	224.7	223.9	217.9	210.5	202.3	192.3	178.1	161.6	149.6	141.7	137.3	133.8	126.5	120.9	116.1	112.1	105.8	99.9	95	91.8	92.4	90.8	87.8	86.8	85.2	82.2	82.5	80.9	78.2	76.6	74.4	69.5	66.7	65.3	60.3	52.8	46.8	40.8	35.6	33.6	34	33.5	31.1	31.2	32.5	35	34.9	38.5	37.7	34.6	32.5	35.1	37.1	37.6	36.4	36.3	36.8	39.9	42.1	46	48.1	67.9	106.3	144.2	154.8	180.6	216.3	290	384.9	410.3	410	410.8	412.1	413	418	428.8	431.4	432.4	433.5	433.5	433.5	433.5
433.5	433.5	433.5	433.5	433.5	433.5	433.5	433.5	433.5	433.5	433.5	433.5	424.3	408.7	414.1	404.7	392.9	389.7	388.1	386.2	382.1	380.5	378.2	378	377.4	376.1	372.8	353.7	289.7	156.6	89.3	61	49.5	47.7	46	42	38.9	36.4	37.5	39.8	38.6	38.1	38.1	32.6	31.2	31.8	34.1	41.2	56.7	68.7	75.4	86	96.7	102.3	106.5	108.5	106.7	106.3	107.7	107.5	104.6	104	105	109.7	109.1	109.8	109.5	109.7	113.8	120	121.3	124.6	129.3	134.6	137	141.4	149.1	155.8	157.9	159.3	159.8	160.9	161.2	158.1	156.4	153.2	151.1	153.5	160.3	163.2	158.2	156	159	153.9	154	161.9	164	167.7	173.9	179.1	183	186.9	181.9	183.2	190.3	194.9	197.3	205.2	217.3	232.3	239	244.6	248.8	242.6	239.9	238.4	231.1	223.6	209.2	191.5	175.4	156.6	148	142.5	137.5	128.3	124.1	118.6	112.9	107.4	99.3	96.8	96.9	97.2	95.7	94.6	94.1	89.7	88.7	86.9	85.9	81.9	78.6	77.1	72	68.3	64.2	61.6	56.4	48.8	44.5	36.6	32.9	31.8	29.8	29.1	29.7	30.1	30.9	34.5	34.8	34.2	31.8	29	30.3	34.8	36.4	37.4	37.7	36.5	35.7	39.4	43.3	48.6	51.8	75.7	118.3	149.8	167.1	196.2	226.2	266.7	341.6	410	410.6	411.6	412.8	415.7	425.9	428.8	426.5	433.5	433.5	433.5	433.5
433.5	433.5	433.5	433.5	433.5	433.5	433.5	433.5	433.5	433.5	433.5	433.5	428.3	410.1	412.3	406.2	393.2	389	386.5	387.2	383.4	380.1	378.5	378.3	377.1	374.7	372	342.1	281.9	155.2	84.9	61.5	49.5	44	42.1	39.9	37.9	37.4	37.1	39.8	39.5	37.1	35.4	31.5	29.9	32.8	38.9	51.8	65.8	75.7	82.2	88.6	98.3	104.9	108.5	109.8	109.2	112.1	112.9	108.4	105.7	106	106.9	111.8	112.9	113.2	115.9	117.8	118.5	121.2	122.7	125.1	131.3	136.5	142	147.7	153.8	160.8	169.5	170.2	168.2	170.3	168.5	162.3	162.7	164.2	163.2	162	166.4	168.5	166.1	164.3	166.9	162.1	161.5	169.2	170.9	172.7	176	182.6	189.1	191.3	191.1	190.8	193.3	201.4	207.4	220.1	228.9	246.8	256.5	255.9	250.3	246.5	244.7	245.7	241	230.9	216	197.6	183.9	165.4	155.3	146.8	140.6	133.7	127.1	124	117.3	112.2	106.1	103.7	103	102	99.3	99.6	98.9	94.5	92	90.8	88.9	85.4	83.3	78.1	75.5	70.1	65.8	62.9	59.4	52.1	45.9	40.6	33.4	30.3	31	29.1	29.7	28.3	29.4	29.7	30.5	33.6	32.2	30.4	30.5	30.3	32.7	35.5	37.1	36.9	37.9	40.2	41.4	46.4	49.9	66	108.1	145	170.7	211.1	232.4	252.3	308.1	395.3	405.3	406	401.7	400.7	405	412.6	417	422.4	428.1	432	432
433.5	433.5	433.5	433.5	433.5	433.5	433.5	433.5	433.5	433.5	433.5	433.5	429.9	416.9	411.6	407.1	396.5	391.3	386.8	385.6	383.2	379.1	378	377.6	375.3	372.1	364.1	333.8	272.2	220.2	145.4	78.9	53.7	44	36.7	36.4	39.2	39.7	40	41.7	40	37.9	36	33.7	32.2	34.2	43.1	59	73.1	79.6	87.9	97.5	105	111	112.8	111.2	110.4	113	111.6	110	111	112.7	113	117.4	118.4	117.3	120.2	124	125.2	123.3	125.4	128.8	131.5	137.8	144.9	154.9	161.8	165.9	170.8	175.2	174.1	173	169.9	166.1	166.6	168.4	169.8	167.4	168.9	173.4	172.8	170.9	171.9	165.7	166.6	170.9	173.2	178.2	180.8	181.6	188.9	198.4	203.9	205.6	203.9	209.7	217.3	222.9	234.5	246	254.2	250.3	252.6	248.2	242.7	240.4	240.3	233.6	222.2	208.8	191	176.2	163.3	151.4	141.9	137.9	130.4	125.1	119.3	114.4	109.5	107.4	106.4	103.1	98.4	97.6	94.9	93.7	93.7	91.9	91.1	90.4	86.2	81.3	77.5	71.3	67.3	63.5	58.4	50.5	45.1	38.2	32.8	27.9	28.9	27.6	24.5	24.8	25.8	25.8	27.8	30.8	29.7	27.6	28	27.8	29.2	30.8	33.6	33	34.4	36.4	37.2	40.8	42.6	58.9	94.4	134.6	169.3	200.8	225.8	250.2	259.8	302.4	374.3	403.1	396	394.9	399.7	410.5	417	420.3	427.5	429.9	432.3
433.5	433.5	433.5	433.5	433.5	433.5	433.5	433.5	433.5	433.5	433.5	433.5	428.1	414.1	411.8	401.1	393.8	389.5	385	384.7	381.2	379.7	379.1	376.5	373.4	369.6	359.7	297.1	228.5	205	186.3	126.1	65	46.7	39.9	38.7	39.3	39.4	39.4	40	40.6	37.9	31.8	34	34.1	39.9	52.4	66.4	75.9	82.9	90.6	98.3	108.2	111.7	116.2	116.1	113.8	114.9	114.4	110.6	111.3	114.7	116.4	118.5	121.5	121.2	123.1	124.6	125.6	126.8	129.6	131.6	133.1	140.2	148.7	156.7	168.2	175.3	180.5	182.5	183.4	181.9	173.6	171.2	175.1	176.8	175.8	173.6	172.9	176.7	179.8	180.9	179.3	179.4	178.5	176.8	182	184.7	185	185.3	190.1	195.9	205.5	210	207.9	211.1	219.3	228.7	236.2	245.4	252.3	251.2	256.9	249.6	241.4	239.7	237.4	230.2	224.9	219.2	203.8	187.5	174.7	158.6	150.6	141.8	136.1	130.5	125.1	116.4	112.5	110.5	108.7	105.7	103.2	101.2	97.4	96.9	95.4	92.9	94	93.7	90.3	86	82.4	76	70.4	67	60.8	55.6	50.1	41.9	34.9	30.7	27.3	27	24.7	26.2	25.4	23.5	25.6	29.4	30	28.9	26.8	26.5	28	29.8	29.6	31.8	32	34	36.9	39.7	43.3	47.1	62.5	105.8	161.4	185.1	210.6	227.2	240	273.1	331	369.5	408.9	402.1	400.5	411	426.9	427.8	430.8	433.5	433.5
433.5	433.5	433.5	433.5	433.5	433.5	433.5	433.5	433.5	433.5	433.5	433.5	431.7	417.9	407.6	396.4	394.9	390.5	384.6	381.8	380.4	380.4	378.9	377	373.5	368.9	357.4	278.8	219.1	201.7	170.6	83.5	51.7	46.7	39.6	38.6	39.5	42.8	38.5	33.8	35.2	36.2	33.6	35.6	37.1	44.8	58.2	69.9	81.2	88.9	98.2	103.8	108.6	114.6	118.8	118.3	119.1	120.4	119.8	118.9	117.4	119	120.2	121.8	121.9	125.8	126.6	125.9	127.1	131.1	135.6	135.8	141	148	158.3	166.6	174.4	183	184	184.6	183.3	183.2	181.9	178.6	179.6	181.2	181.1	182.3	182.6	180.8	183.7	185	187.5	184.7	183	190	189.6	188.7	190.6	193.6	200.3	204.9	211.6	213.4	214.7	219	228.4	237.6	241.4	246.6	248.1	243.8	242.3	240.5	232.8	225.4	224.4	218.4	210.1	202.4	194.4	183	170.7	159.6	150	142.2	134.9	131	122.7	118.7	116.8	113.5	111.1	108.5	106	102	98.1	97	95.4	94.6	94.7	94.2	93.2	89.5	83.6	80.4	73.3	70.5	67.8	59.9	50.6	42.5	34.4	28	24.7	26.3	22.4	22.5	22.9	24	25.2	27.7	29.4	25.9	24.1	25.2	26.7	28.3	26.3	29.1	30.7	31	35.9	39.9	45.7	53.1	67.5	105.8	172.1	201.8	220.6	223	235.4	266.2	314.7	396.7	408.5	405.4	407	416.4	427.4	430.7	430.8	433.5	433.5
433.5	433.5	433.5	433.5	433.5	433.5	433.5	433.5	433.5	433.5	433.5	433.5	433.5	420.8	404.9	395.4	395.2	391	386	382.5	379.8	379	377.2	374.9	370.8	368	311.8	229.6	207.4	201.7	190.1	92.6	56.4	48.7	39.6	38	40.2	41.8	37.6	36.9	35.5	36.4	35.9	37.3	41.6	49.6	61.3	72	83.3	91.7	99.4	106.5	112.1	118.6	125.4	124.1	120.9	122.2	123.6	121.6	119.9	121.4	123.3	123.1	125.2	127.5	126.1	127.4	128.6	130.1	135.2	141.4	146.2	154.9	161.9	169.8	173.9	183.1	192.4	193	189.9	186.6	189.1	186.6	183.6	182.9	186.1	192.1	190.7	190.1	190.1	192.2	195.6	192.3	190	193.3	192.5	191.2	193.8	199.5	205.1	207.1	212.2	213.4	216.1	220.8	227.8	233.5	236.6	236.9	239.6	240.7	240	236.8	231.6	228.9	222.3	217.2	211.1	198.1	189.3	180.6	169.9	164.6	156	145.8	136.6	129.3	121.3	119.3	118.9	114.3	111.6	111	106.9	103.7	100.5	99.6	96.1	96.2	96.7	97	95.5	92.1	89.5	83.8	77	73.1	71.2	64.1	54.9	45.7	36	30.3	25.3	23.1	23	22.1	21.4	23.1	25.5	27.9	27.7	27.6	24.5	23.8	25.4	28.4	28.6	28.7	31.5	31.6	34.4	38.2	43	50.9	62.6	76.9	137.4	218.9	234.2	234.8	239	270.7	324	391.4	408	410.7	412.3	415	419.9	427.4	430.7	430.5	433.5
433.5	433.5	433.5	433.5	433.5	433.5	433.5	433.5	433.5	433.5	433.5	433.5	433.5	423.1	403.8	397.2	397.4	391	386.9	382.5	380.8	379.6	376	372.8	369.7	363.5	297.4	226.6	207.8	203.8	189.2	92	58.7	52.1	43.4	43.9	42	40.5	39.7	39.7	41.8	39.9	34.9	35.7	40.4	51.5	62.7	76.1	85.7	93.2	101.2	112.8	120.9	128.1	131.8	129.3	130.6	130.4	129.1	126.6	124.9	124.4	123.7	125.5	125.9	127	127.3	131.2	131.1	132.4	141.5	149.9	160	163.8	165.6	173.1	180.8	189.7	201.9	203.2	199.2	196	192.3	189.4	188.6	190.7	190.9	194.6	197.6	197.9	202	200.8	204	206.3	207.5	204.1	200.6	201.1	202.5	207.5	212.7	211.1	217.4	221.8	219.7	222.8	228.2	236.1	239.1	240.5	243.2	235.7	225.9	221.9	217.7	217.4	212.5	208.6	204.2	192	184.9	176.2	166.5	161.6	154.7	144.2	139.2	132.7	126.5	127.6	122.8	114.8	112.3	112.1	109.3	106.1	105.5	103.3	100.5	99.9	98.2	97.2	95.6	94.5	93.3	86.8	79.3	72.1	68	63.1	56.4	48.3	39.4	32.7	27.1	25.6	25.6	22.3	21.6	21.8	23.1	24.9	27.2	27.8	25.3	24.8	25.1	27.5	29.7	28.5	31.5	33.9	33.2	36.1	41.3	42.6	55	65.1	115.7	206.2	241.5	250.2	271.3	346.5	407	405.8	409	410.6	411.5	414.3	418.1	425.8	429.3	427.8	432.3
433.5	433.5	433.5	433.5	433.5	433.5	433.5	433.5	433.5	433.5	433.5	433.5	430.7	427.5	407.5	399.5	402.1	393.1	386.8	382.6	379.7	377.9	375	372.4	369	343.1	277.8	227.7	207.2	203.4	193	94	56.9	52	45.9	46.5	42.4	38.6	40.1	38.2	36.4	36.2	35.8	35.2	40.7	53.6	66	78.8	88.1	96	106.2	116.1	124	130.7	131.6	131.3	133.6	135	128	125.5	126.6	126.1	124.6	126.3	126.3	127.3	130.4	133.9	137.5	140.9	147.8	154.9	163.9	169.1	172.6	179.6	186.8	194.5	207.2	211	206.7	199.4	195.4	195.9	196.6	199.2	199.3	199.4	203.7	208.3	214.9	210.3	207.6	210.8	217	216.6	208.7	207.6	210.3	213.2	215.1	212.5	219.4	225.8	224.9	225.1	235	241.4	246.2	253.4	247.4	238.2	228	224.9	222.4	216.1	207.9	204.7	198.6	190.8	183.7	177.1	172.1	162	151.4	144.3	139.7	135.9	133.9	133.4	129.1	123.2	119.3	114.8	110.9	109.8	108.7	107	104.3	104.2	100.4	100.6	99.1	96.7	93.8	89.7	84.7	74.1	67	64	57.9	52	41.9	34.6	27.2	25.2	25.8	23.2	22.4	22.4	20.8	23.7	26.9	27.7	26.8	25.7	23.8	25.7	30.4	31.7	32.5	33.7	31.5	34.7	40.3	41.8	48.4	57.5	78.1	148.2	222.8	257.8	288.8	372.3	409.2	396.8	394	403.4	410.3	410.5	414.5	420.3	430.4	433.5	433.5
433.5	433.5	433.5	433.5	433.5	433.5	433.5	433.5	433.5	433.5	433.5	433.5	430.8	428.7	407.9	403.5	403.9	393.4	386	381.5	377	374.9	373.7	371	367.9	343.4	277.1	223.3	206	201.6	191.7	90.5	53.7	55	48.7	45.1	38.5	34.5	35.8	35.6	34.8	33.8	35	38.9	44.9	56.4	70.5	83.4	90.8	99.7	110.1	117.5	125.6	135.9	138.4	139.6	141.6	138.9	133.3	131	126.9	126.5	125.8	122.9	127	131.2	134.6	140.4	146.8	152.6	155.5	161.4	164.7	169.3	176.6	183	186.1	193.8	204	208.1	208.4	204.1	201.5	201	197.3	202.2	206	206.4	208.9	217.6	226.8	226.5	226.6	222.7	222.6	224.3	219.1	211.3	210.9	218.3	220.9	217.5	220.6	228.5	229.2	225.2	231.9	237.7	241.4	243.4	240.2	224.8	211.5	210.5	216.1	213.3	204.3	196.1	191.2	188.4	181.4	172.3	166.3	159.7	150.9	143.7	142.8	139.5	135.1	134.8	133.1	131.3	127.4	123.5	117.2	113.5	110.5	108.1	108.5	107	103.9	100.7	98.3	95.6	95.5	94.4	89.1	80.2	70.9	62.2	57.8	53.8	44.3	31.5	24.1	20.5	20.6	19.5	19.9	20.2	21.7	23.7	26.9	27.1	26.5	26.5	23.6	23.9	28	30.6	31.5	32.7	32.2	32	38.5	39.2	41.5	54.2	71.7	140.2	216.1	257.6	349	410.7	407.7	399.3	399.1	405.5	410.3	411.6	413.8	418.3	428	433.5	433.5
433.5	433.5	433.5	433.5	433.5	433.5	433.5	433.5	433.5	433.5	433.5	433.5	433.2	430.8	409.8	399.9	401.9	393.6	386.2	380.6	376.7	375.1	374.5	371.4	367.7	337.4	252	211.2	202.8	199.5	195.7	97.3	54.4	55.2	46.7	43.3	37.3	35.8	35.8	33.3	34.2	33.7	36.8	43	49.3	60.5	73.4	84.3	90.9	100.9	113.4	120.8	132.1	138.7	139.4	140.7	141.9	136	131.8	130.4	127	126.1	126.7	123.1	129.4	133.3	141.4	146.2	150.9	156.3	163.7	166.8	169.1	176.9	180.1	185.8	191	197.6	206.3	214.2	215.5	210.2	208.1	203.5	201.3	205.2	211.7	212.8	214.8	217.8	228.2	231.3	227.8	226.9	220.6	219.2	220.3	216	215.6	215.7	218.7	221.8	221	224.3	229.6	231.7	237.7	240.7	244	242.5	236.3	221.5	211.6	215.6	219.4	212.8	203.4	195	189	186.6	180.4	173.3	163.3	157.2	154.4	148.8	147.2	142.8	136.6	136	135.1	131.5	128.3	125.2	121.6	115.8	112.6	109.9	109.5	107.4	103.6	102.8	101.4	98.3	96.2	95.9	91.4	84.2	74.3	66.3	58.5	55.5	48.3	36.6	26.3	19.5	19.3	17.8	17.2	18.4	19.8	21.7	24	25.6	25.5	26.9	25.7	24.8	25.9	30.9	32.3	33.7	34.9	31.5	35.9	39.1	41.1	54.1	67.1	111.4	206.9	255.5	352.8	410.7	410.8	410.4	410.1	410.3	411	411.1	411.8	409.6	416.7	429.3	432.4
433.5	433.5	433.5	433.5	433.5	433.5	433.5	433.5	433.5	433.5	433.5	433.5	433.5	429.7	405.7	401.4	399.6	391.3	383	378.2	378.7	378.9	376.8	372.5	368.8	322.4	239.6	209.3	203.7	201.7	199.7	197.4	151.2	79.5	56.1	48.6	41.6	37.8	38.3	33.6	36.3	36.4	38.9	40.2	48.3	60.7	72	83.4	91.9	103.9	116.4	127.1	137	144.3	145.8	146.1	142.4	141.2	137.6	131.4	127.8	128.4	128.6	126.2	132	137.6	146	152.1	153.6	158.3	164.2	167.5	170.8	176.7	182.8	186.3	188.9	200.1	208.6	213.8	215.2	213.9	211.6	209.4	208.8	208.7	207.7	213.6	221.6	223.9	225	229	232.1	229.9	226	227.9	228.5	222.9	219.3	216.6	217.8	220.1	219.2	222.4	226.1	231.3	232.9	238.3	241.1	235.1	232.4	228.3	224.9	217.3	214.4	207.8	198.2	191.8	191.2	185	178	170.3	163.2	156.6	155	151.9	149.6	146.8	142.4	139.6	139.2	135.2	131.9	129.9	127.4	122.4	121.4	118.2	112.3	108.4	108.3	106	104.3	102	99.9	97	94.3	88.6	80.4	72.1	62.8	54.1	47.1	41.3	31.5	23.4	19.9	17.2	18	18.8	17.1	18.1	20.1	24.9	26.9	26.5	24.5	24.4	26.7	29.4	32.1	32.1	33.2	35.9	39	41.3	41.1	47.2	66.5	106.6	195.8	255.8	323.2	398.8	411	410.6	410.1	410.3	410.8	411.3	411.5	407.6	413.7	427.6	431.1
433.5	433.5	433.5	433.5	433.5	433.5	433.5	433.5	433.5	433.5	433.5	433.5	433.2	429	419.3	404.2	399.5	394.1	387.4	382.9	380.5	379.4	374.9	370.2	354.4	281.2	224.5	205.9	204	201.1	198.4	191.3	155.3	98	58.6	45.7	38.1	38.6	34.1	32.4	36.2	36.6	34.9	39	48.3	61.4	73.1	83.5	95	107.5	121	136.4	143.5	143.8	141.9	140	139.2	138.2	135.2	131.7	130.4	134.6	137.7	137.6	138	145.2	151.8	153.3	158	161.8	168	173.9	179.2	184.7	189.1	193	196.6	204.4	210.8	211.5	213.3	214.5	218.6	219.7	219.8	215.3	218.6	223.7	232.2	234.4	235.4	234.7	235.9	238.5	231.4	230.4	230.6	228.7	228.9	228.4	224.2	224.8	229.8	230.1	227.7	230	236.1	241.4	238.8	233.1	231.2	227.9	225.3	221.9	217	209.9	200.6	195.4	189.5	183.5	176.5	169.5	165.5	160.6	158	154.1	151	148.9	147	144	141.1	136.2	131.4	129.6	130.2	127.5	124.5	120.3	114.7	113	110.2	108.6	105.4	102.5	101.5	98.6	92.3	87.2	78	73.5	68.3	56.4	45.8	39.9	34.2	26.6	20	19.5	17	15.8	17.3	18	18.6	21.9	26.1	26.3	26	26	26	28.7	28.5	31.6	32.9	35.6	42	44.3	40.2	44.8	60.3	95	180.9	242.6	347.3	402.5	403.1	409.8	410	409.4	410.4	410.7	410.7	411.7	413.6	419.4	427.2
433.5	433.5	433.5	433.5	433.5	433.5	433.5	433.5	433.5	433.5	433.5	433.5	432.6	428.7	415.7	410.7	402.3	388.2	382.5	382.1	380.3	376.8	371.5	367.4	337.7	260.8	213.9	202.3	200.8	199.6	197.1	196.6	196.9	144.9	71.9	48.6	43.5	40.6	33.4	32.5	35.1	36.2	35.5	42.3	53.7	65.2	77.9	89.3	100.2	113.8	131	142.8	145	143.5	143.5	144.3	142.9	138.5	139.1	135.7	132.5	137.5	140.6	140.9	144.2	150.8	156.4	155.3	156.9	162.6	168.7	173	179.2	184.5	186.1	193.2	200.2	209.3	215.2	217.3	219.1	218.3	220.5	221.2	226.5	227.5	224.2	228.6	231.9	237.1	244.5	241.2	239.6	238.5	236.6	233.7	228.6	226.5	225.1	226	226.4	229.6	231.9	235.7	230.6	226.5	229.5	233.3	233.8	231.1	227.8	225.2	223.8	222.6	218.4	214	200.1	196.7	194.6	184.9	178.5	173.6	170.8	163.1	161.1	157.6	152.3	147.9	148.3	146.1	143	142.6	139.6	135.8	136.3	133.3	129	124.7	122.6	120.8	116.1	113.6	109	105.1	102.4	100.2	95.3	90.8	82	74.6	67.4	58.6	48.8	39.6	33.3	27.7	22.2	21.4	18.5	16.3	17.6	17.6	16	18.3	22.8	25.8	26.1	26.2	26	28	32.3	34.2	36.7	35.3	41.2	47.5	42.6	42.5	52.4	85.2	172.2	240.5	334.2	403.5	407	410.6	410.1	406.5	410.4	410.6	410.6	411.4	412.9	417.6	426.1
433.5	433.5	433.5	433.5	433.5	433.5	433.5	433.5	433.5	433.5	433.5	433.5	432.9	429.6	422.7	415.8	407.6	390.1	382.3	381.6	379	374.6	371.4	346.5	268.1	218.3	202.5	197.7	197.5	197.2	198.4	198.4	196.9	146.4	73.5	51.6	50.8	42.5	34.3	32.9	32.1	33.3	36.7	44.2	55.8	65.3	78.9	90.2	100.6	114.8	136	148.1	145	142.1	141.9	146.8	147.1	143.6	146.1	139.3	136.5	143.7	146.9	142.8	146.6	153	159.3	159	163.1	167.8	169.6	173.9	182.5	187	192.6	200.7	208.8	219.4	224.4	230.5	231.6	230.7	233.3	233.7	234	232.8	230.1	228.8	228.5	233.7	240.2	241	240.2	240.3	241.2	236.7	233	230.4	226.7	225.3	226.8	228.7	228.7	229.2	229.3	224.1	224.1	225	226.8	227.4	226	222.4	223.3	224.8	219.4	213.4	208.7	201.5	194.9	190.8	184.8	179.3	174	169.2	167.1	164	157.8	154	154.5	153.2	148	144.4	141.9	139.4	138.9	135	132.7	130.7	124.7	122.2	118.2	111	111.1	106.2	103.6	99.9	97.8	93	85.7	76.7	69.7	60.7	50.8	41.4	35.2	28.3	24.5	22.1	19.8	17.3	16.6	15.7	15.7	14.7	19.5	24	25.4	26.8	25.6	25.9	29.5	32.6	35.9	37.7	40.4	47	44.1	42.3	54	80.1	144.7	230.1	312.5	407.4	410.6	409.8	409	404.5	405	410.3	410.8	410.9	411.4	408.3	412.5
433.5	433.5	433.5	433.5	433.5	433.5	433.5	433.5	433.5	433.5	433.5	433.5	430.2	427.2	425.3	423.6	405.8	385.4	381.7	379.2	376	372.6	370	333.8	250.5	213.3	203.7	199.4	199.2	198.5	198.1	197.4	195.7	120.7	76.8	62.8	57.3	47.3	35.7	33.5	32	32.6	35.3	40.8	52.8	66	79.5	90.3	104.8	122.4	140.5	146.3	145.5	145.1	147	146.2	146.1	146.8	149.3	143.5	144.6	150.1	151.4	151.1	154.5	157.8	161.6	164.6	165.6	167.4	169	176.7	189.7	197.4	202.6	208.4	214.4	221	228	231.8	236.1	235.8	238.3	243.5	241.3	237.8	238.6	234.7	229.3	236.4	237.2	238.7	245.7	244.9	237.8	235.6	240.1	236.6	231.9	228.6	224.5	228	225.7	225.6	231.1	229.8	225.3	224	227.3	231.1	229.2	225.3	224.4	223.6	217.9	215.1	210.2	202.8	200.6	197.1	187.5	181.4	176.8	172.2	165.3	166.2	162.8	159.8	161.3	160.6	156	149.5	146.4	145	142.3	137.2	132.6	132.6	130.4	124.1	119.7	114.4	113.5	110.4	106.6	102.3	99.7	93.9	86.6	79	72.2	63.6	52.6	44.8	37.7	28	23.8	25.1	23.6	21.7	19.6	17.9	17.1	16.2	18.7	20.7	23.6	25.3	27	28.4	29	29.4	35.5	40.6	43.4	47.5	47.2	41.6	55.3	87	134.9	220.9	314.8	396.6	408.6	410.4	409.8	406.6	403.7	409.5	411	411.1	411.7	406.7	410.4
433.5	433.5	433.5	433.5	433.5	433.5	433.5	433.5	433.5	433.5	433.5	432.1	428.8	426.2	424.9	423.5	404.9	386	382.4	379.6	375.6	371.1	368.6	327.4	251	211	200.8	198.9	198.1	198.3	197.2	194.9	193.3	127.2	78.3	65.4	55.7	44.9	35.6	33.4	31.6	29.9	32.5	40	52.9	66	77.5	91.9	108.9	126	142.6	147.1	145.1	146.4	148.5	148.3	151.2	151.5	151	147.3	152.7	158.3	155.6	154.5	158.7	160.8	162.9	166.8	168.3	171.5	175.4	185.6	198.5	207.5	210.7	216.9	222.3	227.7	234.5	238.7	237.8	239.1	240.2	243.9	244.9	244.2	242.4	241.6	234.1	238.2	244.4	246.5	244.5	243.3	239.7	240	242.6	241.5	239.1	234.2	228.7	228.8	232.8	233.3	232.5	229.2	229	226.5	226.3	229.5	231.9	232.6	230.9	225.1	220.8	215.8	209.2	204.7	204.1	200.4	191.8	181.2	175.2	171.4	166.4	166.9	165.6	163.7	166.5	162.3	155.9	152.3	148.9	144.8	145.6	140.5	137.7	135	132.3	126	120.4	117.4	114.2	110.6	108.8	103.9	99.1	93.8	90.2	83.5	74.4	64.5	53	46.6	37.7	28.9	25.1	24.5	24.5	22.9	20.9	20.2	17.1	16.6	19.1	21.7	22.3	23	25.2	27.2	28	28.4	31.3	38.4	45.9	47.8	48	44.3	66.9	96.6	128.6	193.5	310.7	392	411	410.7	410.8	410.1	410.7	410.4	410.3	411	411.7	412.5	414.1
433.5	433.5	433.5	433.5	433.5	433.5	433.5	433.5	433.5	433.5	433.5	431.7	428.8	425.8	424.5	409.7	388.9	384.3	382.5	378.3	376.2	373.6	370.7	317.5	244.3	206.8	198.6	195.2	193.9	196	195.3	195	197.4	138.8	97.2	72.6	59.5	46.7	42	36.2	30.8	29.8	33.8	40.7	53.6	67.5	82.3	99.6	116.5	135.2	147.6	148.6	145.7	146.5	151	152.1	153.8	156.4	151.7	152.2	159.1	160.7	161.4	162.5	163.6	167.9	168.9	172.5	177.7	182.7	190.4	199.8	210.1	220.5	227.8	235.4	238.5	242.3	247	246.7	251.7	252.9	242.1	246.5	249.2	247.4	245.6	246.3	241.7	237.7	243.2	249.6	248.5	245.7	241.9	243.3	245.5	245.5	246.6	243.8	241.8	245	243.3	240.6	233.9	223.3	224.2	229.4	229.5	230	230.9	237.5	237.2	231.7	227.8	223.2	219	213.9	211.1	207.6	204.1	194.5	187.7	183.1	176.1	171.5	170.8	169.2	169.3	164.9	160.8	153.4	151.2	146.8	143.9	143.1	142	136.2	130.4	125.5	122.2	121.4	118.4	114.3	110.6	106.1	98.8	94.5	91.3	85.4	76.9	67.4	53.3	45.3	38	31.1	24.6	22.9	21.4	21.6	23.4	23.3	22.9	21.3	19.9	22.8	22.2	20.5	21.6	25.4	28.9	32.3	30.8	35.1	46.3	49.2	47.9	47	72.2	95.7	134.8	213.6	335.9	405.3	409.8	410.8	410.7	410	410.4	409.8	410.2	410.9	411.4	410.3	407.7
433.5	433.5	433.5	433.5	433.5	433.5	433.5	433.5	433.5	433.5	431.6	430.4	427.9	425.2	423.9	409.9	388.3	384.4	382.2	376.9	374.8	373.2	352.2	251.2	208.4	201.5	197	195.9	195.1	194.6	194.6	196	196.2	149.7	108.5	72.3	60	47	43.8	37.6	32	31	34.7	42.6	55.5	68.9	86	103.9	121.6	142.5	149.4	147.7	145.7	148.2	152.3	153.5	158.1	160.2	157.3	157.4	162.2	162.8	162.9	165.9	168.7	171.4	174.2	175.5	181	188.9	196.3	207.5	220.4	231.2	234.7	242.1	250.6	253.9	254.3	250.4	250.6	256	252.6	253.6	253	250.9	249.2	246.7	245.4	238.3	238.2	248	251.3	249.6	247.5	250.4	252.8	250.1	251.9	252.1	250.3	251.6	248	244.2	239.1	230.9	231.7	235.4	235.6	240.3	239	238.7	238.3	234.3	233.1	229.1	226.1	219.2	213.3	209.5	209.2	204.5	195.1	187.7	183.2	179.9	173.9	171.7	169.1	165.2	163.4	157	153.3	150.5	147.3	144.9	145.1	140.7	135.7	128.6	125	125	121.5	115.5	111.8	106.5	98.9	95.2	91.6	87.8	79.2	71.4	57.5	43.9	37.3	31.7	27.1	23.4	21.6	22.3	22.5	22.4	23.2	22.7	21.1	22.1	21.9	20.6	22.1	24.5	28.8	33.1	33.3	34.2	41.5	48.1	47.4	44	54.2	83.4	133.2	216.8	346.3	407	409.5	408.7	408.9	408.4	404.2	396.8	395.1	401.6	408	402.1	395.1
433.5	433.5	433.5	433.5	433.5	433.5	433.5	433.5	433.5	433.5	431.2	430	427.3	424.9	423.5	405	386.8	386.2	381.2	376.9	373.6	370.2	341.9	241.1	205	201.5	198	196.4	196.7	197.3	198.8	198.8	180.5	101.1	69.5	55.1	52.6	51.5	46.3	39.5	38	34.9	35.9	42.2	55.7	71.6	91	113.6	138.4	152	155.1	150.5	149.6	152.8	154.1	160	160.1	161.7	161.3	162.6	165.8	165.6	166.3	168.5	172.9	176.3	179.7	180.8	187.5	196.4	204.8	215.7	231.4	243.4	250.5	254.3	262.1	269.2	266.8	264	260	265.3	264.6	259.7	263.2	261.6	253.7	249.3	246.5	241.6	236.8	236.9	243.5	242	242.6	247.2	251.7	254.6	255.1	258.5	262.2	261.2	259.7	257.9	255.8	260.2	260.2	256.4	256.7	258.3	250.5	248.9	247.5	244.2	238.7	236.5	233.5	226.4	220.1	214	206.9	206.7	204.4	197.6	190.2	184.1	177.5	175.4	173.9	169.1	166.6	161.1	152.8	148.7	147.4	147.2	146.3	142.4	138	134.1	130.3	128.4	124.6	119.4	116.2	110.9	104.4	97.5	91.8	89.3	84.8	75.4	63.4	48.4	37.2	30	23.5	23	21.4	23.5	22.9	22.1	21.7	23	23.8	24.5	24.8	23.4	23.4	25.7	28.9	32.5	37.5	38.5	37.9	40.3	39.2	40.3	50.7	82.6	135.8	235.4	353.9	379.5	399.8	411	410.6	410.3	408.5	401.6	397.2	402.6	407.7	403.8	401.2
433.5	433.5	433.5	433.5	433.5	433.5	433.5	433.5	433.5	432.5	429.5	426.8	425.1	423.6	421.5	406.7	387	386.7	381.5	376.9	372.2	369.2	304.5	217.2	204.7	197.7	196.5	196.7	198	198.5	199	200	184.7	100.5	63	52.4	53.4	51.3	45.4	42.9	40.5	35.9	38.1	43.1	57	73	93.5	118.7	141.6	153.5	154.8	152.8	151.9	155	160.3	165.8	165.2	164.3	166.1	169.8	167.3	167.5	166.4	167.7	174	178.3	182.3	183.7	193.9	206.4	212.9	220.4	235.9	248.3	257.5	262	267	270.6	266	260.4	262	265.2	269	265.8	269.3	270.1	264.4	255.8	250.5	247.5	244.1	242.8	244.2	248.1	249.8	250.7	254.1	257.3	254.6	256.9	257.2	257.3	261.9	265.7	264.8	264.4	261.2	259	262.4	261.7	255.3	251.2	251.7	246.5	240.3	235.6	230.8	227.1	223.2	217.5	204.6	201.9	198.9	195.3	187.9	180.7	178.3	176.5	172.5	168.3	165.7	162.2	157	151.2	148	147.6	144.3	144.2	140.6	136.7	135.4	132.2	126.4	120.3	116.5	111.7	103.5	98.2	93.5	91.6	87.6	78.5	64.2	49.6	40.1	30.3	23	20.7	21.8	21.4	22.1	21.9	21.8	22.5	21.8	23.8	25.8	22.3	21.8	23.5	28.5	31.5	33.9	36.2	37.9	37.7	38.6	38.3	44.6	66.4	132	246.2	355.8	375	403.8	410.9	410.3	410	409.6	409	406.7	403.9	404.1	408.2	411.4
433.5	433.5	433.5	433.5	433.5	433.5	433.5	433.5	433.5	432.4	429.3	426.1	424.4	422.8	418.1	392.9	386.5	385.8	380.1	375.3	370.6	365.2	283.3	215.6	205	199.9	199.7	200.6	201.2	201.4	199.3	197.5	191.9	111	64.5	56.7	51.6	45.1	46.8	52.3	46.4	37.8	38	48.6	65.7	84	112.3	136.7	154.5	156.3	155.7	156.1	155.4	156	160.6	165.8	167	168.4	170.7	170.4	169.2	171.5	170.2	173.2	180.3	182.6	188.5	194.1	205.2	217.6	221.5	228.1	238.6	257.1	264.3	276	283.1	282.3	284.5	279.7	277.2	281.1	287	283.4	283.2	288.7	282.5	274.8	272.5	270.2	266.9	264.4	262.8	265.8	265.2	266.1	272.8	269.2	263.9	268.3	271.8	274.1	275.2	279.1	275.6	277.6	282	275.8	275.4	275.4	278	274	270	271.9	266.9	253.4	243.7	232.1	222.6	217.9	206.3	202.4	202.7	196.2	186.7	180.1	176.6	172.3	168.6	166.8	162.1	157.9	157.8	156.3	154.3	151.9	148.4	146.1	141.9	138.4	139.4	137.4	130.4	125	119.5	114.6	108.1	103.4	98.3	97.1	91.6	82.7	69.7	54.3	41.7	31.3	26.2	20.3	19.1	18	18.5	19.8	20.8	20.8	22.4	24	25.4	24.7	23	23.9	27.2	33.1	38.2	37.4	36.4	36.8	38.3	38.3	44.2	64	129.1	242.2	322.7	390.8	409	408.3	409.5	409	408.1	406.6	406.2	403.2	405.2	410.7	411.8
433.5	433.5	433.5	433.5	433.5	433.5	433.5	433.5	433.5	432.2	428.6	425.7	423.7	421.5	415.6	392.2	385.1	384.4	379	373.8	370.9	347.7	260.7	217.2	203.7	201.7	202.4	200.8	199.8	199.4	197.7	194.6	193.3	110.6	61.5	57.2	53.9	47.3	46.3	50.9	46.2	37.3	39.2	49.9	67	89.7	115.9	139	153.9	155.2	155.9	158.3	154.1	155.4	164.8	166.3	167.7	169.8	171.6	172	172.6	173.8	174.4	178.8	185	189.9	196.5	207.6	216.7	227.2	231.4	238.9	249.5	264.3	273.2	284.4	291.1	284.3	287.3	290.5	289.7	291.8	295.6	295.9	293.1	289.4	284.1	279.4	280	277.5	274	275.3	274.8	268.9	268.9	269.7	272.3	276.1	272.8	273.9	279.2	286.4	285.7	289.7	288.2	285.6	283.4	282.1	282.7	276.4	276	274.7	270.9	272.7	265.4	254.6	246.4	234.8	229.5	220.8	211.2	206.7	205.4	201.9	191.5	185	179.9	174.1	171.2	168.1	162.5	160.5	159.6	158	157.3	153.5	149.2	145	141.7	138.8	141	140	134.6	128.9	123.6	116.8	111.6	104.1	101	99.1	92.6	83.2	70.6	55.4	42.9	32.9	28.2	21.5	18.5	16.8	17.1	18.5	19.3	20.5	24.2	24.9	25.8	26.8	24	24.3	25.9	31.3	35.3	34.6	35.9	35.4	35.9	38.4	43.6	61.3	118.1	220.4	301.7	367.2	403.5	403.8	402.3	405.8	410.6	410	407	407.4	407.3	411.1	411.7
433.5	433.5	433.5	433.5	433.5	433.5	433.5	433.5	433.5	431.8	428.6	426	423.7	421.7	405.3	386	382.9	378	375.5	373.2	371	340.3	256.5	217.8	205.7	201.2	198.6	195.1	194.2	194.7	195.3	195.3	193.6	118.4	61.2	69.2	67.9	53.3	48.7	45.5	42.9	41.6	45.2	52	75.3	105.6	131.8	153.8	159.4	153.9	156.6	162.1	161.2	160.8	164.5	167.2	171.4	172.8	174.1	177.1	177.9	177.1	180.5	186.6	192	197.7	204.9	214.6	224.2	232.7	245.8	254.9	266.4	273.1	281.2	293.2	295.9	291.1	290	296.4	302.9	305.6	311.3	309.4	303.9	298.7	291.1	292.4	290.6	285.6	280.8	282.9	281.9	279	277.8	272.9	274.1	280.8	280.9	283.5	290.8	288.9	292.3	294.8	295	292.7	284.7	280.2	286.1	288	281.4	277.4	273	273.5	264.3	255.3	247.6	238.7	231.7	226	215.1	212.1	209.3	200	197.3	194	186.6	180.3	174.4	169.9	167	163.4	161.8	161.1	160.1	156	152.3	146.6	142.2	139.9	142.3	142.3	134.3	128.3	124.8	119.9	114.5	108.1	105.2	105.9	102.5	94.9	79.8	63.8	49.6	38.1	29.8	25.1	20.9	19.9	17.2	18.6	20.3	19.9	21.7	24	25.1	24.3	24.3	24.3	25.1	27.3	29.7	31.4	32.6	34	32.7	35.7	40.1	64.7	115.6	197.6	293.1	355	376.9	403	403	408	410.7	410.2	410.4	410.2	407.5	411	411.7
433.5	433.5	433.5	433.5	433.5	433.5	433.5	433.5	433.5	430.2	427.9	425.8	423.3	421.9	407.5	386.4	381	377.1	375.8	373	372.4	313.6	242.2	215.3	205.5	200.1	197.3	194.8	193.8	196.1	195.3	195.5	193.5	125.9	66	72.5	70.7	55	46.2	42.4	41.6	43.2	44.7	53.4	77.8	112.9	137.8	156.1	162.5	155.6	155.6	161.1	167.1	170.3	168.9	171.4	174.3	175.6	176.4	178.5	180.7	182.7	185.6	190.8	198.8	209.8	218.6	224	230.5	236.8	246.3	257.8	268.8	273.8	281.5	296.2	294.4	293.9	297.3	303.8	314.1	314.8	319.4	313.9	307.5	305.2	301.4	298	296.6	294.1	291.1	287.7	282.7	279.2	283.3	279	280.2	285.1	281.7	284.3	293.7	294.3	295.1	296.9	295	292.6	289.4	286.1	283.7	285.2	284.6	283.4	279.8	275.3	265.4	257.5	251.6	239	234.3	228.1	216.6	214.2	211.2	204.2	200.4	199.2	191.6	184.6	179.4	175.7	171	163.7	163.6	162.4	159.3	157	152.9	147.3	145.8	140.9	139.7	138.1	135.4	130.7	126.9	122.5	117.1	112.5	108	107.7	106.3	97.4	85.1	67.7	51.8	39.6	30.6	26.4	21.9	19.7	18.1	19.2	21.2	21.1	22.6	21.7	23.1	24.5	23.8	24.4	24.6	25.6	25.9	28.7	29.5	32.4	31.4	32.6	38.8	56.3	100.8	161.8	262.9	334.9	370.3	393.7	406.3	411.6	410.9	410.3	410.3	410.3	410	410.8	411
433.5	433.5	433.5	433.5	433.5	433.5	433.5	433.5	433.5	430.3	428.1	426.2	424	420.7	398.1	384.6	380.2	381.2	380.5	376	373.3	314.6	249.2	217.6	202.3	196.2	195.8	195.8	195.3	197.1	197.2	195.6	193.9	144.7	79.9	74.9	64.8	49.4	44.4	46.2	47.3	43.1	41.8	54.4	87.3	127.4	151.3	161.1	164.7	160.5	157.1	162.9	167.2	169.9	172.4	174.1	176.6	178.3	178.6	180.9	184.8	186.6	191.9	196.5	206.5	213.5	221.3	228.2	233.8	240.8	253.8	259.4	265.8	272.8	279.1	290	295.3	298.5	299.8	308.7	317.8	317.7	318.2	315.8	309	310	308.9	304.3	299	301.3	308.8	302.9	292.9	286.5	284.5	286.9	287.3	294.1	296.2	299.7	303.6	299.1	297.1	301.4	304.1	307.8	302.2	292.8	292.7	289.5	288.8	290.2	286.4	276.8	270.5	267.8	261.8	243.7	234	230.5	220.1	215.6	212	210.8	209.6	203.6	197.9	189	182.5	178.1	175.7	169.3	166.7	165.9	158.4	152.9	152.2	150.1	147.2	140.8	140.3	139.8	135.4	132.8	128.8	123.4	118.7	114.9	112	110.5	111	105.4	94.4	80.4	62.1	48.3	34.5	25.4	23	19.6	20	21.3	22	22.8	23.2	23	22.2	23.2	24.2	24.6	25	28.4	32.1	35.5	32.6	31.3	30.1	32.4	39.5	53.6	111.6	179.9	258.8	304.9	350.8	403.6	405.4	410.1	411.1	410.8	410.4	410.6	410.6	410.6	411
433.5	433.5	433.5	433.5	433.5	433.5	433.5	433	430.5	428.3	426.2	424.4	423.2	417.6	396.8	385.5	381.7	382	378.6	373.8	370.1	311.3	261.5	226.5	206	199.4	197	195.2	194.9	196.1	196.9	195.3	192.2	158.5	84.7	84.7	66.3	50.4	47.3	47.6	50.1	44.1	42.8	56.7	90.6	131.9	154.5	164.3	168	163	159.8	167.8	171.9	174.8	174.8	176.5	180	182.6	183.5	186.6	188.2	192.8	197.6	202.9	214.7	222	227.6	232.6	240.2	242.9	251.3	262	271.9	278.8	282.4	286.3	290.6	291.8	301.5	309.7	312.8	312.8	313.2	312.4	309.4	309.2	312.4	303.5	300.1	300.5	302.1	303.9	297.4	291.8	290.9	290.7	292	295.2	296.9	303.9	306.3	300	298.3	301.3	307.1	310	303.1	294.2	289.9	289.8	290.9	288.4	288.7	287.1	274.7	269.8	264.6	246.3	240.6	235.2	223.3	217.5	214.7	212.3	208.4	203.9	199.9	193	187.8	182.3	177.3	170.2	164.8	162.9	158.7	153.6	153.3	151.4	146.1	142.7	142	141.7	136.3	135.8	131.2	124.1	123.9	118.6	112.8	112.7	111.2	107.4	99.3	86.8	70.2	50.7	35.7	25.4	22.5	21.5	20.1	20.7	22.3	24.3	23.3	24.5	24.5	22.6	24.8	24.6	27.1	30.4	32.6	36.7	33.8	29	31	31.8	43.1	65.8	124.1	226.9	309.7	328.3	362.5	410.8	409.5	406.7	407.4	410.1	406.2	403.9	403	401.4	406.8
433.5	433.5	433.5	433.5	433.5	433.5	433.5	432.8	430.3	428	426	423.9	414.6	397.3	388.1	383.5	382.9	379.7	372.4	369.7	361.2	304.4	276.4	240.2	210	201	195.5	195.3	194.3	193.8	194.6	195.1	194.6	159.2	84.8	84.8	81.3	62.9	52.1	54.4	49	43.3	45.3	58.7	96.8	139.5	157	161.6	164.2	163.9	164.4	173.8	176.7	180	183.8	182.7	185.7	188.8	193.4	195.6	195.9	197.9	200.2	207.9	215.9	224.2	230.6	238.4	243	248.9	254.9	262	268.2	274	281.6	280.7	282.9	279.7	282.6	286.8	293.7	296.2	299.5	298.8	302.1	307.7	307.4	301.5	308.8	312.1	307.4	312.3	306.2	299.9	305.5	302.1	298.1	299.2	303.8	307.6	306.6	307.5	309.3	305.8	311.2	311.6	306.1	298.1	287.2	282.5	281.1	278.4	274.4	273.3	268.6	261.1	253.1	245.9	245	237.1	229.3	226.4	218.6	218.2	219.9	217	214.5	208.8	197.9	190	182.5	173.5	163.5	163.3	164	161	157.3	155	152.1	146.3	143.8	142.9	142.5	138.8	133.7	129.9	125.8	121.1	117.9	116.7	116.7	115.5	109.1	97	83.4	60.9	41.7	29.1	22.8	19.6	18.3	19.3	21.3	24.2	24.3	24.3	25.4	24.6	25	25.4	28.3	33	42.3	50.3	43.6	33.2	30.6	32.5	40	70.9	161.8	296	373	405.6	411.8	411.8	411.4	410.6	410.2	410.6	408.6	407.5	407.3	401.4	402.6
433.5	433.5	433.5	433.5	433.5	433.5	433.5	432.5	429.7	427.6	425.1	422.8	412.3	398.5	387.3	381.5	381.2	378	371.4	368.8	356.9	298.5	241	214.8	202.3	196.7	194.6	194.8	194.5	195.2	194.4	195.4	196	145.4	82.1	83.7	84.2	62.5	51.4	52.2	47.6	43.6	45.4	61.3	99.7	146.1	165.1	168.7	173	170.6	168.7	177.6	181.1	182.9	185	189.8	191.6	193.3	195	196.1	195.7	194.3	194.1	200.9	213.2	225.5	233.2	238.4	240.7	245.2	252.2	257.1	263.2	264.8	268.1	265.5	267.2	270.5	273.1	278	289.1	294	295.9	296.7	297.3	306.5	308.4	302.1	303.2	305.5	304.1	304.8	303.3	297.2	299.5	296.3	293.9	300.6	303.8	301.9	302.2	304.9	302.6	301.7	302.1	293.9	288.4	282.4	277.7	275	269.7	266.4	266.4	266.6	257.3	249.4	241.8	238.3	238	229.6	224.5	221.7	211.4	211.2	212.3	208.6	206.8	202.7	195.2	186.6	178.1	168.1	160.3	160.6	162	158.6	153.1	153	153.6	149.5	144.1	142.5	142.6	139.1	136.1	132.8	128.5	123.4	119.1	118.3	118.4	115.9	107.2	97.2	86.4	65.5	42.3	29.5	22.8	19.1	19.6	18.4	21.1	24.7	25.8	24.4	25.9	26	26	24.6	26.4	35.4	45.1	56.2	54.8	41.2	33.3	35.9	50	83.3	193.5	324.8	365.4	399.8	411.6	411.5	411.6	411.5	411.6	410.9	410.3	410.6	410.3	410.1	410.9
433.5	433.5	433.5	433.5	433.5	433.5	433.5	432.3	429.4	426.9	424.3	422.3	417.3	400.3	380.9	380	379.9	373.4	368.2	367.3	353.5	293.5	232.5	208.2	201.1	196.6	195.1	193.3	193.6	195.4	195.8	196.3	198.1	176.5	153	117.8	90.4	79.9	56.3	45.4	45.3	41.7	41	59.9	105.5	153.3	168.6	173.9	177.6	177	177.9	181.3	182.6	185	189.6	194	196.3	198	198.1	193.1	188.7	187.3	188.7	195.3	207.1	214.9	228.5	237.2	240.7	245.4	255.1	260.5	261.9	256.6	252.1	252.3	255.8	257.5	261.2	265.7	274.1	279.7	284	291.6	291.8	294.1	294.6	294.9	294.6	298	302.7	299.8	303	306.7	302	301.2	298.7	298.7	300.3	301.4	303.4	297.7	284.7	287.6	291.4	284.5	275.8	269.9	267.4	260.5	256.7	254	250.6	251.1	249.2	242.7	234.4	234.8	234.9	228.9	223.7	216.9	213.4	208.2	213.2	213.9	215.7	211.9	201.3	194.4	184.9	174.5	164.8	163.1	163.9	162.9	159	153.2	150.4	150.8	149.5	147	143.4	143.7	140.5	133.8	128	125.1	120.5	119.9	120.5	117.5	109	102.1	92	73.6	45	30.7	25.5	21.9	21	19.6	20.2	25	24.2	25.5	27.1	27.9	28.1	28.4	34.7	47.2	54.6	64.3	75.3	74.6	49.7	36.7	50.5	84.1	210.7	337.4	372.5	396.3	409.5	411.7	412.1	411.8	411.6	410.9	410.3	410.3	410.4	410.1	410.8
433.5	433.5	433.5	433.5	433.5	433.5	433.2	431.4	429.3	425.9	422.8	420.7	419.9	404.3	379.6	380.3	380.5	372.6	367.5	367.1	353	291.7	247.9	209.8	201.7	197.7	195.3	193.8	194.9	194.6	195.4	196.6	197.5	190	180.8	136.9	90.4	77.6	58.7	47.7	45.4	40	40.6	61.6	111.7	157.4	175.1	179.6	179.6	179.8	180.7	185.3	186.6	188	190.9	193.4	196.6	196.1	189.7	181.8	180.2	184.6	185.7	189	194.1	201.9	214.7	220	225.8	229.3	232.5	236.3	237	234.1	228	228.3	234.2	236.5	241.4	241.4	248	256.9	260.2	269.3	277.4	278	274.2	275.3	282.2	288.4	290	291.2	293.4	298.1	296	296.8	292.2	287.2	294	297	295.5	286.3	277.5	281.3	280	276	271.9	266.9	265.2	257.5	246.5	239.5	235	234.9	228.2	218.2	214.2	211.8	213	210	203.4	197.5	197.3	197.6	200.7	205.2	207.9	202.7	186.6	178.1	174.9	165.1	156.6	153.1	154.2	155	152.9	149.6	148.9	149.3	145.9	144.4	143.3	143.5	142.6	136.8	130.9	127.3	122.4	119.2	123	122	113.3	105.6	96.4	78.5	49.8	32	25.4	22.1	21.5	20.7	19.5	20.8	23	24.3	26.1	27.9	30.3	31.6	37.4	48	52.2	54.5	67.1	77.5	62.8	40.4	51.7	95.5	193.6	324	373.9	375.6	400.7	411.4	412.1	412.3	412.1	407.7	408.1	410.6	410.7	410.3	410.2
433.5	433.5	433.5	433.5	433.5	433.5	432.5	430.7	428.8	425.5	422.4	420.7	418.5	390.1	385.3	391.4	380.2	370.4	367.9	367.8	358	295.9	249	212.9	202.9	197.7	195.7	195.5	196.5	195.6	197.9	198	195.6	196.1	169.9	109.3	71.3	60.2	60.4	55.3	43	37	43	67	120.1	167.8	176.1	180	185.6	183.6	183.4	188	193.4	195.7	195.7	196.6	190.6	182.1	169.8	156.7	161.6	171.6	167.5	170.7	179.3	187.8	197.5	202.8	208.6	218.8	227.3	225.7	219.2	219.9	214.8	214.9	217.5	219.6	223	224.3	227.5	231.9	239.5	243.1	249	256.5	257.3	252.5	258.8	264.9	270.1	275.2	279.6	278.9	281.1	280.1	277.2	276	281.6	286.1	287.1	281.9	276.1	274.8	269	267.6	264.4	254	252.8	250	232.5	223.4	225.2	223.6	214.7	206.9	203.8	196	199.4	194.9	188.1	187.1	189.9	195.9	196.4	191	190	183.8	169.9	164.4	156.5	154.8	155.5	156.2	156.5	156.3	157.8	155	154.2	150.5	147.2	147	145.9	146.2	145.2	140.5	132	127	123.4	122.5	122.1	122.9	116.9	108.1	99.5	83.9	53.4	34	26.4	23.4	20.6	20.1	20.9	20.7	21.8	22.8	27.1	30.5	34.3	40.4	47.6	46.6	43.8	41.6	44.6	61.3	81.2	67.1	58.9	106.8	181.2	276.5	343.2	392.2	398.6	409	411.8	412.1	412.1	409.6	411	410.8	410.4	410.4	410.2
433.5	433.5	433.5	433.5	433.5	432.5	431.4	429.6	427.4	424.9	422.6	420.7	418.5	390	392.1	398.3	380.7	370.1	367.5	367.9	356.6	301.2	247.2	225.2	209.3	200.8	196.7	195.9	194.4	195.6	199.3	197.8	195.1	196.1	150.6	103	74	56	53.3	52.8	42.7	36.9	43.1	63.2	117.6	171.6	180.8	182.7	191.1	188.6	184	190	195.5	194.4	194.8	191.3	176.5	163.3	151	145.4	148.3	154	154.5	157.3	165.3	171.3	180.5	184.3	188.7	198	201.4	201.7	205.1	201.6	198.8	197.9	195.2	196.9	201.4	205.1	207.6	211.9	221.8	229.5	234.8	240.6	244.1	244.7	247.9	257.9	262.6	262.3	264.1	267.4	270.7	267	268.4	273.1	279.4	278.6	280.3	280.4	271.9	265.2	258.6	253.7	251	242.1	236.6	232.9	224.2	214.6	216.8	213.2	199.2	193	186	181.8	185.6	181.9	179.2	177.8	179.1	189	184.1	175.9	173.4	169	159.5	149.6	142.4	142.9	146.4	149.2	152.7	151.9	153.8	153.3	150	146.6	143.7	144.2	145.7	143.1	141.3	141.1	135.8	132.8	129.3	124	123.2	123.1	121.1	112.6	105.5	90.5	62.2	39	30.3	24.6	22.1	21.9	21.8	22.8	20.8	23.5	28.1	31	35.4	41.2	47.2	45.1	42.5	40.9	42.5	54	79.1	76.1	57.1	84.1	161.1	261.4	342.1	400.5	400.8	397.5	398.3	398.9	397.8	401.2	404.5	408.1	411.3	409.9	410.3
433.5	433.5	433.5	433.5	433.5	432.2	430.8	429	427.1	424.6	422.6	420.9	403.5	391.7	414	397.8	375.4	369.3	368.6	369.2	333.8	253.1	235.6	219	202.8	198.6	196.2	193.4	195.2	199.8	197.7	195	196.9	162.3	115.1	104.9	96.1	71.5	50.6	44	38.3	37.4	46.7	71.8	132.6	179.7	187.4	191.3	193.9	189.4	190.6	198.9	196.1	182.9	172.1	154.7	134.7	128.1	127.1	128.3	131.1	132.7	133.1	136.6	141.9	148.1	153.2	158.4	166.3	174.1	179.6	180.8	180.1	182.5	187.3	185.8	177.3	176.9	186.5	190.9	195.3	196.8	202.9	213.1	219.8	225.1	228.6	233.3	235	245	250.1	248.7	249	251.1	255.4	255.6	256.1	258.8	255.9	249.4	249.5	251.9	252.8	251.1	243.1	236.4	231.7	223.6	216.4	215.6	208.3	206.6	204.7	196.1	186.6	178.2	173.3	175	174.6	171.6	169.2	164.9	163.8	159	152.4	150.9	152.7	145.8	136.4	130.3	124.1	121.6	123.4	128	135.1	141	144	149.8	151	147.3	146.8	148.6	147.3	145.4	142.7	141.8	136.9	131	124.4	120.8	122.8	122.7	117.9	112.5	105.3	91.3	63.3	40.5	30.3	26.3	23.6	22.2	20	21.3	21.6	22.9	26.8	33.6	39.8	44.5	43.9	39.6	40.6	44.4	45.2	46.9	64	88.9	80.3	91.1	186.9	324.3	396.1	408	406.4	401.4	399.7	404	404.3	402.5	403.1	405.6	410.9	410.7	410.3
433.5	433.5	433.5	433.5	433.5	430.7	429.5	428	426	424.4	423	420.9	406.2	394.6	415.9	397.8	374.3	368.9	369.5	370.3	318	256.2	233.7	218.3	204.7	199	196.6	192.8	196.1	198.5	195.6	195.5	197	141.7	103.1	102	98.9	82.7	55.2	45.7	39.6	40.2	49.6	78.1	138.6	184	195.3	198.2	197.3	194.9	192.3	197.6	186.8	170.1	156.3	139.2	126.3	121.1	117.1	117	119.9	124.3	125.9	126.8	129.1	131.3	135.1	144.8	153.8	161.6	163	160.3	159.1	163.1	168.2	168.7	167.3	164.3	170.8	180.7	183.2	186.5	192.3	196.7	204.3	209.8	217.9	223.8	225	231.7	237.1	237.4	242.6	246.3	241.9	242	247.4	249.7	247.2	242.4	242.4	242	241.3	242.1	234.7	227.6	219.6	210.3	205	199.9	194.3	194.3	191.2	182.5	178.8	173.7	168.1	169.5	168.9	163.4	158.2	155.3	150.5	147.5	146.2	141	139.1	135.3	132.4	128	119.8	119.3	119.7	122.9	130	136	138.2	143.7	148.6	148.8	149.9	148.6	146.5	142.2	142.3	140.1	136.2	132.7	128.3	125.2	124.3	121.8	121.2	114.8	108.5	94.5	68.1	45.4	32.5	27.9	24.5	21.4	21	20.4	21.4	22.4	28.8	35.2	40.9	47.3	46.4	41.9	41.8	44.4	45.5	47.4	59.5	87	90.1	92.4	193	352.6	397.3	409.3	409.7	410.6	410.8	411.8	411.4	411.1	408.5	405.7	407.8	408.6	408
433.5	433.5	433.5	433.5	433.5	430.7	429.6	427.8	425.7	423.9	422.9	420.6	411.1	415.7	412.5	383.5	372.4	370	371.1	369.7	320.1	262	235.5	217.9	204.7	198.4	196.6	197	199.1	197.8	197	195.5	186.4	91.8	65.9	88	96.3	90.3	75.2	52.9	39.9	42.6	54.6	86.6	148.4	189.2	197.3	199.5	199.2	200.6	191.1	174	151.3	131.4	122.5	116	112.9	111.6	112.6	112.2	114.5	114.7	115.9	112.9	110.4	112.7	116	117.8	121.3	127.4	128.4	125.7	128.6	128.4	130.2	135	144.8	156.2	159.7	165	166.7	170.8	176.6	174.8	179	188.5	197.1	206.3	212.8	222	226.7	225.7	227.7	230.2	219	220.7	232.5	234.4	236.8	233.9	229.9	226.5	224.1	218.7	214.3	208.2	201.1	193.5	189.2	183.4	174.2	167.4	167.5	162.7	160	154.9	148.1	146.3	144.7	140.8	134.3	130.9	127.8	126.8	122.5	118.7	119.3	117.7	117.1	121.2	118.6	114.1	115.2	114.6	116.9	118.2	119.4	124.7	126.1	130.8	140.5	144.2	145	140.8	141.1	143.2	140.5	135.9	130.6	127.5	125.7	123.9	122.9	120.9	111.5	96.1	73.7	49.5	34.3	29.6	25.9	22.6	21.8	21.2	20.8	23.2	30.2	41.5	47.4	53.4	59	51.5	47	46.7	45.1	47.3	52.9	79.3	105.9	110.4	213.9	365.7	398.7	409.2	409.5	410.6	410.8	411.3	410.1	409.8	410.6	406.7	404	407.4	410.6
433.5	433.5	433.5	433.5	433.5	432.4	429.8	427.3	424.9	423.1	421.5	419.2	416.1	418	411.9	383.1	372.2	370.7	372.2	369.9	325.3	278.9	266.6	236.4	217.7	203.2	197	199.8	200.2	198.1	197.5	195.1	182.2	88.5	58.7	79.1	92.3	87.5	79.4	58.4	41.7	44.6	57.3	89.8	152.3	190.8	199.5	201.9	201.3	199	187.5	166.3	144.4	129.9	118.9	108.9	107.7	106.4	107.8	113.5	111.7	111.8	114.6	109.6	108.5	110.7	112.7	112.6	110.5	114.1	117	117.2	116.2	118.9	122.8	122.1	128.5	139.8	143.3	147.4	154.5	157.3	156	157.3	161.8	173.5	186	193.8	201.8	214.8	219.5	219	222	219.1	208.8	212.9	224.7	229.2	229.7	227.1	225.9	220.7	212.5	203.7	195.1	187.8	183.1	178.6	176.1	172.2	164	151.4	149.2	147.8	145.7	142.4	137	133.5	130.2	128.3	125.8	123.7	124.6	125.2	122.7	121.3	126.9	128.8	126.9	130.1	130.4	128.4	127.4	124.5	120.5	118.7	119.1	121.8	119.9	122.8	133.9	138.3	143	144.5	140.8	138.9	137.6	137.8	136.2	130.2	126.1	125.3	126.2	121.6	115.2	101.4	79.5	54.9	39.4	30.8	26.3	23.9	22.7	22.9	22.1	24.2	30	41.3	49	56.4	64.5	55.2	51.7	48.6	46.1	49.6	54.8	76.2	112.8	135.8	234.4	365.2	398.8	409.4	409.3	409.5	406.4	396.5	395.5	396.7	399.3	404.1	400.4	398.3	405.1
433.5	433.5	433.5	433.5	433.1	432.1	429.7	427.1	424.4	422.9	421.2	419.2	418	418	398.9	376	373.6	372.8	370.7	368.8	323.8	280.9	269.9	234.6	216.5	205	200.3	201.4	200	197.1	196.8	197.3	159.3	74.4	55.6	55.5	73.9	80.3	83	68.9	43.9	48.2	62.7	94.6	157.5	191.9	199.4	208.1	208.6	200.1	177.1	156.2	140.9	130.1	117.8	108.1	107.1	106.5	106	107.3	110.2	113.1	109	106.6	107.4	106.8	103.9	99.8	99.1	101.8	103.4	104.7	102.3	105.2	108	107.7	104.9	109.6	115.8	121	129.3	135.4	136.1	137.6	142	150.5	164.9	173.5	180	192.5	200.1	202.7	206.7	204.2	198.2	205.7	212.2	212.4	213.4	212.3	207.4	205	197.5	187.3	176.5	169.1	161.7	155.8	151.9	145.7	140.7	129	120.5	116.7	114.1	112.1	106.7	106.1	104.2	103.4	101.6	106.6	110.6	111.6	112.3	113.8	122.9	125.5	127	127.8	128.6	129.2	124.2	122.8	115	109.4	106.5	107.9	106.7	108.8	116.7	121	129.4	140.8	144.6	139.8	133.9	136.4	136.5	131.6	128.4	127.8	127.5	123	118.3	105.9	84.4	58.4	40.1	32	25.3	23.8	23.2	22.2	22.6	26.3	36.6	44.8	52.6	69	77.7	69.6	58.6	55.5	50.3	52.9	57.1	71.6	112.3	156.5	245.1	366.6	402.5	409.2	409.3	410	408.8	399.6	398	398.6	398.3	403.9	403.6	400.7	407.3
433.5	433.5	433.5	433.5	431.4	429.6	428.3	426.5	423.7	422.8	421.5	419.4	418.2	418.1	397.4	375.5	374.1	373.8	371.2	370	342	291.2	276.3	250.3	213.4	203	201.2	200.5	198.3	196.2	195.9	196.9	150.7	71.1	56.5	51.5	64.6	78.2	81.1	67.5	45	51.1	67.5	100.5	162.7	194.3	199.1	207.5	205.1	196.5	178.8	155.8	141.2	129.5	117.5	112.4	111.7	109.7	108.4	107.2	108.2	109.3	108.7	106.5	105.3	107.8	109.3	106.6	107.3	109.5	107.8	100.2	98	99	101.1	102.1	102	104.5	109.3	115.8	120.4	121.2	123.9	129.7	139.1	146.1	156.8	162	171	186.2	190	199.7	205.1	201.7	201.4	207.6	211.2	211	213.7	212	201	193.5	187.2	176.8	164.1	155.9	150.5	147.7	143.1	135.6	124.8	116.6	111.4	107.6	104.6	102.6	103	105.8	105.8	105.4	104.8	108.9	114.4	117.7	122	126	131.7	136	136.9	138.6	137.5	134.4	132.5	128.5	120.3	118.6	114.9	111.3	110.2	112.2	123.2	125.4	127.5	137.1	144.8	142.4	138.5	138.2	137.3	133.6	130.6	129.7	128.3	125.2	119.7	110.2	89.7	62.1	42.8	33.1	27.1	24.6	23.6	22.2	23	28.1	39.2	47.3	55.8	70.4	79.6	72.1	61.6	55.7	52.8	52.9	57.5	74.8	119	169.2	247.2	350.1	382.3	403	401.2	401.4	404.6	405.9	411.5	410.8	408.1	411.3	411.4	410.7	411.1
433.5	433.5	433.5	433.5	431.1	428.9	427.8	426	423.5	422.5	421.2	419	418.1	411.6	382.7	375.4	376.5	372.5	371.1	371.9	370.5	321.6	284.1	261	223.7	208.5	203.8	198.3	195.2	195.7	197.4	197.1	137.5	66.3	54.5	50.3	51.1	63.5	75.1	62.7	46.4	54.9	71.2	103.4	166.9	198	205.7	205.9	196	187.8	173.4	157.3	145.9	133.8	121.8	114.6	113.5	109.5	106.4	104.7	103.1	100.6	96.2	96.9	98.8	98.3	99.2	98.9	95.7	96.2	91	85.4	79.7	78.9	80.1	79.4	79.3	79.4	83	90.3	94.1	97.7	104	112.8	119.4	127.5	138.4	146.8	154.6	168.9	175.3	186.4	194.3	197	197.5	198.3	198.7	201.5	205.5	201.4	190.7	177.9	167.2	157.4	143.8	133.9	125.3	119.7	115.2	110.3	101	94	89.1	86.1	84.3	84.3	88.4	92.5	94.3	94.6	97.7	97.7	100.7	106.8	113.9	118.1	122.3	122	122.5	124.8	126.7	121.9	120.4	118.2	114.6	112.9	111.7	108.2	107.8	108.5	111.5	118.8	126.7	134	139.8	141.8	140.2	138.1	134.9	134.5	131.3	131.3	128.5	122.5	120.3	111.7	93.5	69.3	49.6	36.1	29.9	24.8	24	25.7	26.5	32.3	43.2	51.8	60.6	69.8	77.2	73.5	67.1	61.4	55.6	54.3	58.4	76.2	115.6	163.9	249.7	354.6	380.3	394.9	395.1	395.8	401.2	404.9	411.4	410.9	409.7	411.1	411.3	410.7	407
433.5	433.5	433.5	433.5	431.4	428.7	426.9	424.7	422.9	421.8	420.4	419.4	418.3	410.2	381.8	375.1	376.1	373.3	371.2	372	365.6	303.8	276.7	274.1	263.9	221.6	205.2	199.5	195.2	196	197.2	196.8	139.5	66.3	53.8	50.2	49.1	58.6	72.2	62.2	50.1	60.7	79.8	111.8	174.2	202.6	209.2	209.2	197.1	192.8	183.8	164.2	151.9	144.4	135.4	129.6	126.4	121.3	120.1	118.8	115	111.5	105.8	104.3	101.2	100.4	98.3	93.7	92.7	93	93.2	91.7	88.3	88.3	88.1	86.6	83.7	84.5	86.7	89.9	94.2	99.5	107.3	115.7	118.4	125.5	135.8	144.8	154.2	166.3	177.2	188.6	197.3	205.2	208.4	208.9	200.5	202	203.6	195.2	188.4	177.2	164.5	153.2	142.3	129.9	119.5	114.4	108	102.1	95.6	89.8	86.3	82.4	81.3	86.3	91.5	94.9	97.7	99.7	101.3	104.1	107.4	113.6	115.8	119.8	122.3	121.6	122.5	123.5	120.8	117.4	115.4	116	117.4	116.6	113.4	111.8	111.3	108.1	108.5	113.7	119.7	127.4	135.2	139.5	142.1	142.1	137	134.1	132.6	130.9	130.4	125.2	121.1	112.4	94	72	51.1	36.6	30.2	25.4	23.2	26.4	27.5	32.8	44.9	54.5	63.9	68.9	76.5	77.6	70	63.9	58.6	58.4	66.9	92.5	127.3	177.4	281.3	373.9	394.9	392.1	397.9	404.1	405.4	408.3	409	408.4	410.7	410.9	409.8	410.6	399
433.5	433.5	433.5	433.5	431.1	428.2	426.6	424.4	422.5	421.6	420.4	419.5	418.6	397.6	378.4	377.6	375.7	373.4	372.6	372.7	364.2	303	277.6	276.7	253.7	219.3	202.9	199.4	198	198	196.3	195.9	140.2	68.6	56.7	51.7	52.6	56	68.9	68.7	58.5	68	82.1	113.7	177.2	201.8	207.3	205.1	200	198.1	184.1	162.9	155.6	152.5	149.8	145.7	136.4	131.1	131	129.2	122.9	118.6	114.8	111.2	106.6	103.9	98.7	92.6	92.2	92.4	92.6	90.8	89.2	89.3	88.3	84.2	80.9	80.4	81.5	83.2	86.2	88.5	95.2	103.5	108.7	113.4	119.9	131.2	142.9	157	167.7	177.8	188.4	198.5	202.7	202.5	200.2	192.4	187.8	181.4	172.2	162	149.4	136.3	127.1	118.5	110.1	101.6	95.4	92.5	87.3	82.6	78.7	75.1	75	79.6	82.9	88.2	89.9	92.6	95.4	99	105.4	110.3	110.9	111.2	115.5	118.2	118.1	118.6	117	114.4	115.5	116.3	119.8	120.3	118	117.5	116.9	112.7	110.1	109	111	115.5	122.3	129.5	133.1	136.1	136.7	138.4	135.8	132.1	132.3	129.3	122.5	113.4	98.5	76.1	54.5	37.7	30.1	26.4	26.4	29.3	29.6	35.5	54.4	64.1	69	68.5	73.1	79.1	74.1	67.3	65.1	64.8	78.7	104.7	138	190.7	311.1	371.4	396.8	394.8	403.9	409	410	409.7	408.4	405.5	407.4	409.3	407.3	408	401.4
433.5	433.5	433.5	432.6	429.6	427.2	425.3	422.9	421.1	420.2	419.9	419.6	418.8	398.2	379.1	377.6	375.9	373.3	372.6	372.8	355.8	299	278.3	276.9	254	224.1	206.9	198.7	197.7	198.5	196.3	196.3	175.3	106.5	64.3	56.1	54.8	56.7	69	79.1	76.5	76.1	85.7	111.5	162.4	201.8	208.9	206.3	208.4	206.5	188.4	169.1	159	155.6	154	152.8	145.4	141.8	142.2	139.5	136.4	132.5	127.6	124.9	120.5	118.3	114.3	113.9	112	103.4	95.5	92.7	93.1	94.6	95.5	95.1	91	91.3	89.6	88.3	87.4	90.5	97.3	101.5	104.5	111	118.4	123.1	134.6	150.5	162.2	173.9	187.8	199.1	205.1	207.6	207.8	200.3	193.6	184.1	172.1	162.8	151	137.9	129.4	118.7	111.2	106	96.8	93.7	91.2	85.7	83.9	84.5	82.9	85.9	87.6	90	91	92	96.7	99.9	101.4	104.1	105.8	106.1	107.2	110.1	116.2	114.9	111	110	110.6	113.5	116.7	115.1	116.5	116.8	117.5	117.4	113.4	111.3	112.1	113.9	118	122.5	128.6	136.2	136.8	138.9	137.5	134.5	134.6	132.8	127.5	115.4	104	89.3	67.4	46.4	34.2	28.7	25.7	27.7	29.4	30.7	46.2	61	66.5	68.7	70.7	77.6	76.7	71	69	77.2	98.5	122.5	138.4	184.8	279.8	370.7	399.6	406.8	408.9	408.9	409.6	410.2	410.9	406.7	398.7	396.9	400.5	402.9	409.8
433.5	433.5	433.5	431.6	428.6	426.5	424.5	422.4	420.6	419.9	419.6	419.4	418.5	405.5	387.7	378.8	376.2	372.2	373.4	372.6	347.2	297.5	278.3	276.3	254.8	224	206.5	200.1	199.4	196.7	194.9	195.9	156.3	79.4	64.6	60.4	62.1	67.4	85.6	81.6	67.8	73.8	86.2	126.9	190	208.9	211.1	209	202.9	191.7	177.1	165.5	153.1	154.1	161.6	160.8	152.6	148.4	146	140.8	136.3	133.5	129.9	124.9	121.6	121.2	121	122.7	120.6	109.3	99.2	94	93.2	92.2	91.8	89.8	90.8	90.4	91.1	88	87	88.5	92.2	95.6	99.6	104.4	108.6	113.8	125.8	142.2	156.8	173.4	185.9	197.1	204.1	203.9	204.9	199.1	190.7	176.9	161.8	152.4	143.9	132	121.5	112.3	104.9	99.5	94.7	92.3	90.7	84.6	84.4	86.5	89.1	91.9	92.7	97.5	99.6	102.1	106.2	111.6	114	111.8	112.4	116.4	120.7	123.9	127.3	124.4	121.7	119.8	119.3	120.8	120.4	118.5	117.2	118.1	117.2	118.2	118.1	116.6	117.4	118.8	122.2	127.2	135.3	138.9	140.6	141.3	143	141.6	138.3	135.9	128	115.7	102.7	82.4	58.9	43.8	35.5	30.7	32	32.2	31.7	39.3	49	54.6	59.3	63.7	69.7	77.1	80.6	76.1	77.9	87.7	101.6	126.4	148.5	209.6	335.2	380.1	396.9	407.6	403.2	404.9	409.5	410.1	410.8	411	400.7	396.6	400.1	405.5	410.1
433.5	433.5	433.1	428.7	426.2	425.8	424.4	422.2	420.6	419.7	419.4	419	417.9	398	383.8	378.7	377.5	374	373.2	373.4	358.8	314.2	283.8	268.3	245.8	230.9	211.7	201.9	202.7	198.7	195.7	198.3	159.2	80.9	62.9	60.5	64.5	72.2	91.6	90.2	76.6	80.5	93.6	132.3	194.3	213.1	213.8	206.6	198.7	182.7	171.2	161.7	151.3	153.1	159.6	159.2	156.7	151.5	144.3	139.2	133.3	129.5	124.7	118.8	117	115.6	115.2	119.7	117.6	109.9	101.8	95.3	89.8	88.7	85.5	81.9	83.3	86.3	88.5	86.4	86.9	87.1	89.5	92.8	96.3	102.6	106.8	114.5	125.7	138.9	157.6	174.9	191.1	201.4	209.9	215.2	211.3	206.4	195.6	182	165.3	153.5	141.5	133	124	114	105.1	97.7	94.7	93.2	91.3	88.1	87.9	90.4	91.9	93.3	93.5	94	95.3	95.4	97.5	104	106.8	106	108	107.8	113.7	120	119.3	116.7	118.2	115.1	113.2	115.9	118.4	115.2	115.2	114	115.4	117	116.8	118.2	119.6	120.2	121.1	126.3	135.8	141.3	144	145.2	145.8	144	139.3	138.5	129.8	119	106.3	87.7	63.8	48	38.7	33.5	33.7	32.2	31.7	36.4	43.9	51.2	56.4	60.9	66.8	75.8	81.5	78.8	81.9	97.4	113.9	128.4	150	225.8	336.2	367.3	390.3	381.2	383.8	396.8	402.9	407.9	406.4	410.2	408.5	401.1	397.7	398.1	400.2
433.5	433.5	432.6	428.1	426.1	425.8	424.2	422.2	421	420	419.5	419.2	417.5	405.4	387.6	380	378.8	374.5	373.6	375.7	363.4	320.6	285.5	266.9	247.3	237.1	217.4	205.9	202	197.3	197.8	197.5	159	84.3	67.2	64.1	70.3	85.1	99.6	98.2	88.7	87.3	94.7	139.1	199.3	211.9	209.2	204.3	192.6	180.2	171.2	159.6	150	146.1	147.1	148.4	146.4	137.5	128	121.5	115.1	111.1	107	104.5	103	102.1	102.6	106.3	106.5	100.6	96	94.9	92.4	86.8	82.9	81.9	81.2	82.6	83.4	85.1	86.5	86.4	87.1	90.6	91.7	95.7	101.2	108.7	121.1	136.8	152.7	172.9	194.6	215.5	224.5	227.2	224.9	215.7	200.2	184.9	168.8	153.4	140.4	127.8	117.8	107.8	102.2	97.9	95.5	90.6	91.6	93.5	93.1	93.1	93.5	94	91.9	92	91.5	93.4	95.3	99.4	104.4	104.1	100.4	102	104.2	110.5	109.6	104.8	105.4	106.2	107.3	113.1	117.3	116.6	114.9	116.6	116	115.2	115.2	116.4	118.4	120.1	118.6	125.7	136	139.8	143	145.6	147.7	144.2	140.1	137.4	130.1	120	110.2	91.9	68.6	54.3	41	37.7	35.7	31.9	29.3	30.5	35.5	41.4	47.2	51.2	56.4	68.6	80.9	85.8	92.4	108.1	129.5	145.9	158.7	264.2	351.1	370.5	387.9	382.9	383.4	388.3	394.1	402.1	401.4	406.8	409.1	404	397.8	395.9	395.6
433.5	433.5	433.3	430.3	428.6	426.4	423.8	422.6	421.6	420.2	420	419	416.8	411.4	391.3	380.5	380.2	375.1	374.6	376	373.4	344.7	290.4	278.1	263.6	245.1	236.9	220.7	205.2	199.3	198.6	197.7	168.6	92.4	70.2	65.9	72.9	89.4	100.9	100.2	94.3	92.3	101.2	143.3	200.7	213.7	211.2	205.9	195.8	180.6	170	161.1	152.4	141.7	140.3	142.5	139.5	129.4	120.7	115.1	109.4	106.3	99.8	97.4	97	98.6	98.8	98.9	96.5	88.8	85.1	83.2	81.1	77.9	77.6	76.1	74.4	73.3	74.5	78.8	80.9	81.8	83.3	83.8	89	94.8	99.5	107.9	122.5	138.6	154.5	175.5	198.2	219.1	234.9	235.7	231.3	219.8	209.7	192.8	175.9	159.4	144	131	118.1	110.3	104.2	98.2	92.9	90.7	88.4	86.8	87.5	86.6	83.4	81.8	80	77.7	78.6	81.1	89.7	95.7	96.1	94.3	96.4	98.2	101.7	104.7	106.6	100.3	99.1	97.8	99.8	104.9	113.7	116.1	115.9	115.2	112.1	110.7	111.4	111.5	113.6	119.4	121.4	125.3	133.1	142.1	146	150	151.9	149.6	145.9	142.3	138.3	126	114	95.4	71.6	56	45.9	39.2	36.1	33	29.5	30.2	33.2	38.5	44.4	48.9	53.5	65	81.6	96.9	110.4	122.9	122.5	140.7	180.4	298.6	358.8	377.8	403.9	402.2	397.9	385.5	367.7	385.2	399.3	407.6	410.3	410.1	404.6	398.7	400.6
433.5	433.5	433.5	430.3	428.6	426.4	423.6	422.5	421.5	420.2	419.9	418.6	416.5	409.1	388.7	379.5	376	376.4	376.7	374	370.6	350.7	294.5	278	273.1	257	247.6	225.8	205.2	201.5	199.3	194.6	187.3	112.9	76.7	69.6	77.8	94.1	96.2	100.1	96	93.9	102.8	148.9	201.2	214.1	212	207.2	193.4	178.9	167.8	154.4	145.4	135.4	129.4	126.6	122.4	124	131	123.3	105.1	94.4	90.8	87.8	86.4	86.1	81	75.9	73	64.2	59.2	57.9	58.6	58.7	62.4	64.3	66.9	68.8	68.6	69.5	70.4	73	76.6	80.8	85.5	89.8	94.9	101.6	117	135.9	156.6	180	204.4	223.4	239.5	244.4	241.6	230.5	217.3	203.3	186	167.3	146.6	129.9	118	108.2	101.1	93.9	87.3	84.7	84.5	82.5	81.7	76.4	71.9	71.2	68	67.8	68.3	72.5	78.7	81	78.4	72.6	73.6	74.8	77	87.8	94.2	85.1	82	81	80.5	84.8	95	103	108.2	109.3	109.2	107.5	106.4	105.6	110.6	115	118	121.7	128.9	140.2	146.8	151.7	151.6	148.7	146	144.6	141.2	132.8	118.8	99.5	75.5	59.4	49.4	40.2	33.3	31.3	29.4	30.6	29.8	32.5	39.7	42.2	47.6	58.5	79.7	106.8	126	135.2	134.1	148.7	217.5	345.1	361.6	383.9	406.9	405.3	397.8	391.6	372.6	384.3	396.2	402.8	406	410	407.6	399.7	400.7
433.5	433.5	432.2	429.8	427.5	425.4	423.6	422.4	421.4	420.6	420	417.4	415.8	411.9	390.8	378.9	377.5	364.8	366.1	373.9	370.5	339.5	305.9	283.3	276.9	272.3	269.4	257.3	229.1	210.9	202.8	198	193.8	128.1	80.3	71.9	79	95.8	96.9	100.7	97.7	96.6	111.2	154.6	203.6	217.3	216.8	204.5	190.3	173.3	163.6	153.7	146.5	138.5	130.3	123.1	116.2	117.2	119.4	102.1	86.4	78.1	73.7	68.1	61.1	53.6	41.7	33.6	38.7	32.1	24.6	26.6	28.1	31.8	35.3	44.1	55.9	65.2	68.6	67	66.6	68.5	71.5	74.6	79.3	85.1	94	102.8	116.9	139	163.1	189.3	214.9	236.9	251.9	259.6	256.4	248.2	234.4	219	198.3	174.7	153	133.7	117.7	106.5	96.4	86.5	81.7	78.9	76.4	73.8	70.1	66.3	65.5	64.5	62.1	62.7	63.6	63.2	60.2	55.5	46.9	38	37.2	38.7	38.6	45.1	57.6	54.9	60.6	66.8	70.6	77	87.9	97.1	102.9	107.8	108.6	107.9	105.7	104.5	106.3	109.6	115.4	121.4	129.7	137.4	145.4	153.7	155.6	152.9	148.5	144.9	144	137.6	122.9	103.9	80.3	63.7	53	41	35	33.1	30.2	30.4	30.1	31.8	37.9	41.7	46.8	58.7	91.4	119.5	127.2	145	152.1	177.1	250.8	352.9	358.9	381.4	407.1	409	399.5	406.9	407.7	407.8	410.2	410.1	407.3	405.7	409.9	407.8	398.3
433.5	432.3	430.7	429.3	427.2	425.7	423.8	422.3	421.5	421	420	417.4	415.7	407.8	386	380.6	379.9	372.3	374.2	372.2	370.9	345.8	316.1	289.7	277.7	272.1	270.3	265.4	239.1	216.2	206.2	197.8	195.8	188.8	123	83.8	81.5	92.6	102.5	107.6	106.4	102.7	112.7	142.8	182.4	212.7	219	205.7	192.3	180.5	165.8	158.7	152	141.9	130.1	125.2	117.1	102	92.4	82.2	73.9	76.6	85.2	86.3	74.8	67.2	56.1	35.6	24.2	29.1	28.7	26.5	29	32.9	34.3	42.4	56.2	66.2	68.9	67.4	68.5	68.8	67.1	69.7	76.9	83.9	91.3	97.9	109	132.6	162	190.6	218.5	246.1	264.7	271.1	271.5	265.4	255.9	234.2	209	180.6	154.8	136	119.1	107	95.3	84.9	76.6	71.2	68.1	66.5	65.5	64.4	62.4	61.9	61.3	58.9	54.2	49.3	41.4	36.5	29.7	18.3	15.1	15	14.6	16.5	21.4	25.8	38.4	47.2	54.8	63.6	74.4	77.1	79.4	86	96.8	105.6	108.2	109.7	108.9	108.9	114	118.7	127.4	135.4	143.2	150.5	153.3	155.8	154.2	145.5	142	141.1	129.4	111.9	94.6	73.2	53.7	43.9	36.8	34.8	37.1	35.9	33.7	32.1	36.9	40.9	43.9	58.6	95.1	117	118.8	138	151.1	173	250.2	330.4	362	387.1	405.6	409.3	398.9	405	408.9	405.6	407.5	410.2	410.3	408.7	409.7	410.7	400.8
432.6	429.3	428.6	428.2	426.8	426.5	424.4	422.3	421.5	420.6	418.5	416.6	414.2	408.8	399.5	384.4	379.9	380.3	376.1	371.6	362.5	357.5	336.5	297.5	276.7	274.4	271.4	266.7	256.2	231.6	218	216.9	208.9	180.2	104.1	80.9	84.5	95.9	95.8	99.4	100.1	103.1	120.7	158.5	207.6	222.5	217.6	202.6	188.5	176.6	164.5	158.8	150.7	137.8	124.4	109.8	97.9	86.4	77.6	67.6	56.3	60.3	79.2	88.5	90.4	81.7	56.7	34.9	25.6	24.4	30.6	33.2	33.1	31.8	29.7	39.5	54.5	54.2	54.3	63.2	68.6	69.7	68.5	70.3	76.6	84.8	92.5	99	111.8	138	169.5	194.6	224.7	252.4	275.7	285.3	284.1	276.7	263.4	245.6	216	184.1	159.8	140.4	123.2	107.3	94.7	81.6	74.8	69.4	68.1	66.3	64.9	62.1	58.7	56.4	51.3	45.7	42.2	43.8	39	35.1	32.9	25.1	18.5	15.7	17	17.1	17.8	21.4	28.8	34.1	35.2	42.8	55.5	65.9	73.6	78.5	89.6	99.5	104.6	106.2	108.9	113.5	115.3	120	129.7	138.4	146.7	155.5	161	163.4	163	156.2	150.8	144.7	127.6	108.2	89.2	69.1	53.4	41.8	37.9	40.4	40	37.8	38.9	40.1	45	54.8	60.1	71.3	100.3	117.4	116.2	119.9	138.6	162	258.3	356.3	368.1	375.4	390.7	395.5	389.3	398.3	396.7	391.9	387.6	389	393.7	396.5	385.9	401.4	407
432.3	429.3	428.5	427.8	426.6	425.9	423.8	422.1	421.5	420.2	417.9	413.3	399.2	391.9	391.7	384.9	381.5	378.2	366.5	364.2	360.5	360.6	334.5	295.3	277.4	274.9	274.3	271.2	257.8	235.1	224.6	216.5	212.4	205.5	131.5	87.1	94.6	105.7	106.8	108.9	105.3	104.8	120.7	158.9	210.9	223.4	214.3	197.2	186	176.2	166.7	161.9	152.2	140.9	127.6	114.6	107	105.2	105.7	98.6	81.6	73.5	78.6	92	101.7	93.4	78.1	52.4	34	28.9	33.4	36.5	36.8	34.5	37.2	57.4	66.9	57.2	52.8	61.3	69.1	71.6	73.5	75.3	82.8	93.2	99	104	113.9	141.7	176.9	210.4	246.6	282.2	304.7	309.6	304.5	298.1	282.3	254.5	220.8	188.3	157.2	136.7	121.2	107.3	94	84	75.7	70.8	68.2	68.1	66.6	62.6	59.7	53.6	45.8	47.7	54.3	59.6	51.9	48	44.8	39.3	34.5	31.7	33.7	28.1	25.5	26.4	36	39.3	35.2	37.1	42.3	50.7	63	69.9	74.2	83	92.9	100.5	109.4	117.2	122.4	127.2	132.7	141.5	148.4	152.3	158.8	161.4	159.5	155.2	153.1	146.4	132.9	112.9	95.2	72.8	53.7	43.8	45.6	49.7	51.4	50.5	45.8	45.4	53.1	65	76.2	97.2	124.7	123.7	109.5	116.1	132.6	182	302.8	361.2	381	397.1	395.8	393.4	391.3	398.7	395.6	393.4	387.8	387.7	386.9	386.5	379	397.1	405.2
433.5	432.3	431.6	429.3	426.7	425.2	423.8	422.4	421.5	420.6	418.6	417.1	409.9	395.8	387.8	388.1	385.4	379.8	378.1	373.6	374.7	374.7	351	310.9	280.9	277.1	274.9	273.1	256.7	234.7	226.4	216.8	212.9	209.9	150.1	92.1	99.1	109.8	110.8	116	111.7	113.7	128.5	157.7	210.4	224.1	211.3	199.1	188.3	176	167.7	159.9	145.7	133.1	118	107.3	105.9	105.7	107.6	109.4	100.6	89.1	88	99.2	110.7	106.5	91.2	77.3	54.7	39.7	40.3	41.1	46.9	51.6	58.1	72.9	75.8	63	52.3	50.9	64.5	78.4	81.9	85.8	95	103.5	107.8	110.7	118	141	175.1	211.6	248.2	287.1	312.3	321.9	313.2	302.2	295.7	265.1	226.2	191.5	156.4	134.4	121	107.9	95.6	89	83	77.6	78	75.6	69.2	68.7	61.7	48.5	46.7	52.7	61.1	70.9	69.7	60.9	56.9	56.8	54.1	49.5	49.5	41.5	37	39.6	53.5	54.5	51.1	47.7	43.2	41.8	46.6	50.9	58.9	71.5	85.5	97.6	107.9	116.7	123.2	129.1	134.7	140.6	148.5	152.4	160.1	164.6	162.3	160.1	157	149.6	134.7	116.1	96.7	76	55.3	45.1	51.8	58.6	66.1	63.9	54.9	52	55	65.6	82.4	111.1	141.9	142.3	121.9	119.7	133.5	206.5	330.3	356.5	358.6	381.6	400.4	401.1	396.7	399	405.3	406.9	403.5	397.4	393.5	392.3	392.9	394.1	399.8
433.5	432.5	430.1	427.3	425.5	424	422.8	421.5	421	419.3	417.2	416.4	413.3	404.6	395.1	395	391.6	390.8	381	376.3	377	374.8	358.2	321.5	286.3	278.9	275.4	273.4	256.3	232.6	223.1	214.1	212	210	177.6	103	104.3	117.3	124.1	125.6	116.9	117	128.8	156.8	207.8	221.3	215.3	201.5	189.5	180	173.3	163.6	154.1	140.2	131.5	127.8	126.9	127	126.5	132.4	127.7	115.2	114.5	116.3	115.7	113	113.7	105.7	97.9	95.3	95.7	93.5	100	100.9	98.3	93.8	88.2	81.2	72.8	69	77.7	92	94	94.9	103.1	113.9	118.5	120.7	128.5	147.6	183.3	223.6	262.4	298.1	323.6	332	323.2	311.2	298.4	265.9	230.3	193.2	157.3	136.9	125.3	114.9	106.1	96.5	90.1	91.3	90.4	82.9	80.1	75.8	66.8	59.9	62.8	74.3	83.2	90.5	90	81	77.4	76.4	72.5	68.8	67.4	64.2	65.7	70.3	82.6	81.2	72.8	67.8	61.4	56.3	56.9	59.3	66.4	78.1	93.8	106.9	116.9	124.7	129.1	134.3	141.4	146.8	153.9	157.9	160.2	163.7	163.7	159.8	159.1	152.3	137.3	119.2	101.2	77.5	55	57.4	73.1	73.9	87.3	90.5	76	60.3	57.6	66	90.8	121	135.7	137.6	128.2	125.7	141.6	246	336.3	366.2	371.9	376.8	398.7	402	396.9	396.1	402	409	405.5	405.7	402.8	401.3	399.8	399.4	395.8
430.9	429.8	428.7	426.1	424.3	423	422.1	421.2	420	418.2	416.7	415.7	415.1	408.5	402.5	397.7	393	390.4	383	376.9	377.1	375.4	375.2	337.3	299.3	282.3	277.4	266	234.1	219.5	210.6	204.1	205.2	210.5	190.6	116.5	109.3	119.7	127.6	131.2	125.4	129.9	136.8	162.3	210.9	223.4	218.8	206.4	196.3	186.9	177.6	163.8	152.1	139.3	131.1	134.8	138	144.7	149.3	152.5	148.1	135.9	131.4	129.3	127.7	127.5	131.3	126.8	121.7	119.2	122.7	124.8	130.6	134.4	130.3	121.7	113.5	106.8	103.4	99.2	94.2	100.7	107.7	109.4	111.7	119.5	123.9	127.1	134.1	152.8	187.5	226.7	261.3	295.8	322	328.2	321.5	315.6	297	265.4	228.9	189	154.5	135.4	124.6	119.4	111.7	101.6	99.4	101.6	99.5	94.3	91	80.8	78.3	89.1	93.4	98.3	103.8	106.2	107.8	105	102.2	99	95.2	94.4	95.5	93.8	97.7	100.1	101.3	99.8	91.3	84.6	80.8	76.5	77.3	74.9	74.6	78	87.6	100.1	111.5	121.8	128.9	135.1	141.9	149.5	156.3	161	161.9	164.3	165	164.8	161.8	156	141	120.2	101.8	78	55.9	58.9	77.2	79.6	94.5	99.4	86.3	61.9	50	57.6	86.9	114.9	123.7	133.2	138	138.2	152.2	250.9	326.9	377.6	399.8	387.5	389.9	395.7	402.5	405.7	401.1	405.7	408.7	396.6	408.8	407.6	409.6	410	401.9
430.4	428.5	428.3	426.1	424.2	422.8	421.6	420.9	419.5	417.9	416.6	415.7	414.1	405.5	408.7	403.3	395.5	394.6	382.7	377.8	378.1	380.1	384.6	350.7	314.3	286.9	278.3	261.6	231.7	217.7	208.2	205.1	204.7	211.6	211.2	136.2	112.2	125.3	138.3	140	132.9	134.5	142.2	170.2	216.8	226.5	226.3	217.7	207.1	193.8	180.8	168.4	157.3	149.6	147.4	147.1	151.7	155.1	158	155.1	154.9	148.8	140.8	136.5	135.9	132.4	130.9	126.6	122.7	120.2	117.9	121.3	128.5	129.1	126	119.3	111.7	103.8	102.4	104.5	102.3	105.2	114.9	114.7	119.7	125.6	132.9	139.5	145.2	167.3	201.2	242.2	277.9	303	315.1	325.1	323.4	320.3	300.5	267.3	229.2	191.4	161.7	143.3	135.2	129.3	120.1	108.1	105.8	104.7	101.9	99.1	95.8	86.5	88.5	102	104.1	105.3	109.2	110.9	114.1	115.3	114.2	111.6	112.3	112.1	112.1	109.1	110.7	110.3	113	110.3	103	100.4	100	98.4	102	99.7	98.6	98.3	100.6	105.4	114.5	125.7	133.3	141.2	152.2	156.6	160	166.3	168.6	170.3	169.9	167.2	164	158.2	143.4	122.8	102.1	78	57.3	67.6	83.1	77.4	83.9	94.4	86.6	62.7	56	71.5	96.7	108.2	115.2	123.8	133.2	140.5	163.9	266.9	335.7	394.6	407.6	389.4	382.4	394.6	400.8	407.8	405	406.3	407.7	399.8	404.8	402.1	409.7	410.1	409.4
431.2	429.7	428.8	426.9	424.7	422.5	421.5	420.6	418.2	417.1	414.6	415.9	414.3	403.3	409.8	408.9	400.2	396.2	384.9	378.6	379.3	382.1	378.4	357.2	325.7	290.6	276.5	241.3	220.9	212.5	208.4	208	206.6	210	217.1	149	115.7	126	138.5	145.1	140.4	141.2	147.6	171	215	224.5	227.8	221.8	212.5	198.9	187.2	173.1	164.3	158.8	161.3	164.9	169.9	174.8	171.5	164.9	160.4	155	145.7	140.5	138.7	139.8	134.4	130.4	125.4	119.3	121.3	127.2	128	123.1	118	110.1	103.9	98.5	100.5	109.9	113.9	111.5	117.7	124.7	127.7	133.8	144	149.4	155.9	175.4	209.1	244.4	277.3	302.3	313.5	321.9	319.9	317.6	298.3	265	227.3	189.2	163.3	145.2	137.2	132.5	125.2	115.8	112	107.7	103.6	102	99.2	98	97.9	93.9	92.7	93	96	99.6	102.7	107.4	107.9	107.4	108.8	109.4	112.8	110.2	108.2	107.4	110.8	111.6	107.8	107.9	111.7	114.8	115.7	118.9	118.3	116	117.5	118.6	121.9	131.5	141.8	151.5	158.8	162.5	164.2	169	174.7	175.4	172.9	168.8	166.8	159	144.1	125.6	105.4	80.2	58.9	68.2	86.6	81.3	84	91	77.4	58.7	59.1	76	96	103.6	106.2	115.8	126.4	142.3	180.7	277.7	320.1	371.7	391.8	393.3	392	393.6	392.5	399.2	402.9	408.6	409.7	409.4	401.6	393.5	401	407.5	405.4
431.9	430.2	428.6	426.9	424.7	422.5	421.6	420.1	417.8	417.1	416.5	415.7	411.7	412.3	412.6	409.2	402.5	389.1	385.9	382.1	384.5	392.9	382.2	356.1	320.8	291	274.3	238.3	221.2	212.2	208.5	208.6	207.8	211.2	219.4	164.7	124.2	130.1	145	160	156.7	147.4	147.6	169.5	210.3	220.8	222.2	221.7	215	202.3	195.7	188.4	178.9	173.5	172.9	173.2	174.2	175.5	175.7	171.3	164.1	154.6	144	138.1	135.2	130.7	127.7	124.4	121.8	117.8	118.5	121.9	117	111	105	100.8	97.1	99.9	107.3	119	125	123.7	126.4	136.8	146.9	151.3	163.6	168.3	171.2	193.9	222.8	254.8	292.3	318	329.5	334.7	329.1	322.6	299	262.2	225.8	192.1	173	160.7	153.2	147.8	143.5	134.3	125.8	121.8	113.9	112	105.1	103.8	101.9	98.5	95.1	94.7	97.8	101.1	105.3	109.6	109.1	110.7	112.1	112.2	112.9	118.3	118.5	117.5	120.6	116.2	113.3	114.1	118.3	121.4	125.9	131.3	131.7	129.3	128	129.2	131.1	137	148.8	159.4	164.4	168.4	171.3	172.6	176.5	177.9	176	169.6	169.4	162.1	147.1	130.2	107.7	80.5	58.5	65.2	84.8	81.1	78.6	83.9	82.4	85.8	88.8	94.9	93.9	93.5	96.3	115.5	133.2	151.5	201.8	297.7	331.2	368.2	385.7	391	396.9	393.7	384.5	392.4	401.4	404.8	406.7	405.4	398.3	393	396.1	401.9	397.3
431.9	430.1	427.3	425.4	423.7	422.2	420.7	419.3	417.5	417.3	416.1	415.6	410.7	414.3	412	398.1	400.4	399.6	390.9	385.1	378.7	386.2	386.7	373.1	334.5	300.9	254.7	227	217.7	212.8	212.7	212.1	212.2	217.2	224.3	174.1	129.3	130	144.4	163.4	162.6	159	157.3	170.4	210.8	224.9	228	228.4	222.2	211.5	207.3	200.9	195.9	192.7	189.9	188.9	187.2	185.6	180.1	171.4	168.5	159.8	149.8	140	133	128.3	124.4	121.4	122.5	121.4	117.2	113.2	108.5	105.6	103.9	105.2	111.5	118	123.6	127.4	134.1	139.6	144.3	153.3	162.9	171.2	175.2	175.4	179.5	201	223.1	249	290.3	318.9	327.7	332.2	326.1	316	301.1	264.1	225.1	193.1	173.1	162.2	155.8	153.9	152.8	148	140.4	133.2	126.3	123	118.6	113.6	112.8	108.3	105.2	103.7	102	103.3	106.9	110.1	111.6	114.9	117.2	119.4	121.7	125.8	127.2	125.8	125.1	121.3	119.9	122.9	124.1	129.4	135.4	140	143.8	148	146.2	145.3	145.9	151.7	159.6	164.3	170.6	175.3	176.8	178.6	179	180.8	178.4	172.6	171	165.5	148.9	128.7	110.3	79.9	56.3	63.2	83	82.1	79.4	82.2	89.7	95	94.4	93.1	93	91.1	94.3	114.3	143.7	164.5	218.5	322.7	361.5	387.6	402.9	398.5	395.7	387.4	373.7	386	403.9	390.1	384.8	391.1	396	401.1	406	408	403.5
431	429.4	426.9	424.7	423.3	421.7	420.4	419	417.3	417.1	416.1	415.7	412.7	415	412	404.6	407.7	408	404.1	387.7	392.4	398.7	396.7	380	347	309.4	253	229.8	220.2	213.9	214.2	214.2	214.9	220.2	227.2	175.1	141.4	128.2	137.1	158.3	168.3	183.3	178.3	180.9	219.2	233.6	232.5	230.7	226.5	217	210.4	204.5	203.2	201.7	201.5	199.3	199.3	195.4	183.9	177.1	170.6	162.7	148.9	140.3	133.8	125.7	120.1	115.8	118.5	119	113.5	114.9	116.3	117.1	121.4	127.3	134.5	140.1	142.5	147.8	154.8	162	172.8	184.4	188.2	190.4	189.6	184.4	190.7	211.8	230.1	254.3	296.3	322.3	326.5	334.7	328.4	314.2	294.9	262.9	233.3	198.5	176.7	171.6	171.5	171	170.1	168.6	164.6	160.2	149.8	138.9	133.1	129.4	123.8	117.5	116.6	112.7	107.2	105.7	109.1	110.1	111.7	115	118.1	121.3	122.7	125.1	122.7	123.4	125.6	128	133.4	136.9	140.4	144.6	149.5	153.4	158.4	164.5	164.5	159.4	159.4	164.3	170	175.1	177.1	179.4	181.3	181.5	182	179.6	180.1	178.3	174.5	166.8	150.6	132.6	110.8	79.1	57	62.8	72.2	69.7	79.3	89.5	107.8	115.9	103.9	95.8	90.3	90.1	98.1	111.9	143.2	170.1	233.6	348	377.5	391	406.5	405.3	398.3	385.3	375.1	382.3	397.3	386.7	378.1	393	400.8	404.8	408.7	409.3	408.8
430.3	428.9	426.8	424.7	422.1	420.7	420.1	418.7	417.8	417.3	416.3	416.3	416.4	414.2	411.6	409.4	409.5	410.3	405.7	395.5	403.1	404.9	398.5	384.1	366.7	309.4	248.4	230.4	220.7	216.8	219.4	221.2	220.6	223.7	224.4	174.9	142.6	128.7	136.2	159.7	172.4	194.2	187.9	183.6	221	237.2	236.4	234.9	228.7	221.3	218.1	216.6	214.1	219.1	217.8	210.5	211	206.2	200.7	195.1	188.3	178.2	166.5	159.9	154.4	146.8	140.7	140.9	142.4	143.1	143.6	142.9	145.7	148.4	148.6	152.1	154.8	158.9	163.5	168.2	176.9	185.6	194	196.7	198.3	198.8	193.7	189.3	197.1	216.8	230.1	254.4	297.6	327.5	333.3	338.3	331.6	318.4	300.6	263.7	233.6	200.3	177.9	170.9	170.2	173.7	178.4	175.6	175.4	176.1	163.9	154.2	149.3	143.5	136.8	134.2	133.1	131	133	133.9	131.9	130	125.5	124.6	124.9	125.7	130.5	130.8	130.9	130.8	131.1	135.5	142.7	149.5	153.3	157.4	163	166.3	169.4	174	177.4	175.7	175.4	177.2	182.5	184.4	187.9	188.5	186	185.5	187.4	187.6	187.3	183.4	175.3	165.5	148.4	132.4	111.7	79.7	59.1	65.4	70	72.4	81.3	92.1	114.3	124.6	110.5	99.3	93.8	90.4	96.8	108	136.4	180.5	247	351.3	380.5	384.8	390.6	392.4	390.2	387.1	380.1	380.3	377.5	392.4	394.1	393.8	398.7	400.1	394.4	394.6	395.7
430.3	428.9	427.2	424.5	421.9	420.9	420	418.2	418	417.2	416.3	416.1	416	413.9	406.8	408.6	409.6	410.3	409.6	402.2	409.6	402.7	389.1	388.3	381.6	321.4	254.1	232.2	223.9	220.4	222.7	224.2	224.2	224.8	226.9	189.8	150.4	140.2	139.4	157.3	178.8	209.8	197.6	183.6	222.5	235.6	233.9	231.5	228.1	223.8	224.7	224.4	224.4	224.4	223.3	221.2	219.1	219.1	215.2	208.7	205	198.1	190.1	184.2	178.9	172.3	166.8	167.5	166.7	165.9	168.9	167	166.6	165.4	162.1	165.3	169.1	175.4	179.4	187.5	202.1	216.6	220.6	212.9	210	204.6	197.2	195.6	202	215.1	228.9	257.7	304.2	330.5	338.3	342.6	330.9	317.8	298.3	263.6	234.2	202	182.4	175	175.8	183.1	190.1	193.6	196.2	199.2	194.4	182.9	174.4	166.5	155.9	155.2	152.5	149.5	148.6	146.1	142.8	140.5	139.1	138.2	137.4	136.7	139.3	141.6	144.6	148.3	151.2	156.7	159.7	161.3	166.2	171.8	176.5	179.1	180.3	181.8	185.4	187.7	188.6	187.6	187.7	185.4	188	191.3	189.3	187.1	188.6	187.8	187.7	182.6	174.9	164.9	149.7	131	108.3	73.4	56.7	61.5	65.1	75.9	91.7	104.7	121	127.8	116.7	103.7	93.6	90.5	94.4	106.6	137.6	190.6	255.4	357.9	386.2	382	389.7	391.5	393	388.4	380.4	379.1	376	391.4	394.4	390.6	392.9	394.5	390.7	391.4	389.2
431.8	428.6	426.4	424.2	422.1	421	419.3	418.3	418.1	412.3	406.5	415.8	416	405.6	393.8	405	402.8	409.6	409.7	401.2	409.6	407.6	398.5	397.6	398.5	336.5	262.8	249.5	240.8	228.7	229.2	228	227.3	227	231	193.7	151.8	141.7	141.5	157.9	186	220.4	196.2	179.9	220.1	234.3	230.7	231.6	233.7	233.6	232.8	232.8	230.7	230.2	234.1	232.2	230.4	228.5	227.5	223.4	218.9	214.3	213	209.4	205.3	199.2	192.9	194	189.4	189.8	190	186.8	185.1	182.7	182.4	181.5	186.3	191.6	195.1	203.4	218.6	227.5	223.1	216.8	214.7	209.9	202	197.2	203.3	216.3	232.2	261.3	308.9	332.7	339.1	340.5	329.7	315	293.9	260.3	232.1	204.1	182.4	179.1	178.7	184.5	191.2	200.9	205.5	210.4	209.3	196.3	189.2	185.7	178	176.4	172.5	170.4	165.8	164.2	161.3	158.6	160.7	161.8	165.3	168.6	170.3	171	176.5	183.9	186.6	190.3	191.7	190.7	190.5	193.2	195	196	194.6	192.9	190.8	195.1	197.9	195.6	193.6	191.9	191.5	193.2	192.5	189.6	188.4	188.7	189.7	187.1	176.9	162.8	148.8	131.5	107.1	71.8	57	62.2	71.3	83.5	96.5	111.7	121.3	126.1	119.8	107.4	98.3	95.5	99.5	111	143.6	201.5	266.3	352.8	365.1	365.8	370.2	379.9	388.6	386.1	381.4	382.3	375.8	379.1	396.9	393.9	383.8	387.9	402	403.4	397.4
432.2	428.5	425.9	423.7	422.1	421	418.9	418.3	418.1	411.6	412	416.8	416	402.4	396.2	405.7	399.3	407.5	408.8	403.6	409.9	410.1	408.7	409.7	405.1	341.4	272.1	259.4	248	230.2	230.2	228.6	227.5	226.5	235.2	209.4	159.4	144.5	144.6	165.9	191.4	215.6	190.4	177.2	218	230.1	230.7	232.7	234.8	236	231.8	229.1	232.7	235	240.4	241.1	240.4	239.9	237.8	238.2	234.3	228.3	226.6	225.3	226.2	221.2	212.7	211.2	208.9	211.2	213	208.8	206	206.9	204.9	202	202	210.4	222	233.5	241.5	237.2	228	228.8	224.5	213.2	206.4	203.4	207.8	223.4	242.3	269.8	292.4	316.3	331.5	333.3	320.5	304.5	282.1	254.2	230.6	211.2	192.2	185.6	189.9	192.8	194.7	206.2	218.9	225.5	229.4	224.2	217.9	212.8	204.1	201.3	197.4	192.7	189.8	188.8	190.9	189.4	187.2	187.7	187.5	194	198.9	195.3	196.9	203.5	206.6	208.6	211.7	213.8	213.9	209.5	208.3	205.1	201.7	201.5	200.3	198.7	197.4	200.8	198.1	196.3	194.8	194.6	193.9	189.6	185.8	186	188.1	184.3	175.3	165.8	153.5	132.2	106.2	70.8	58	67.1	84.9	100.2	114.3	123.5	118	125.7	129	116.5	110.8	117.4	124.8	137	163.5	215.6	283.5	361.6	366.8	361.4	370.2	378.7	382.8	387.1	382	385.6	379.7	384.1	399.9	397.7	387.4	387.6	403.2	404	397.7
430.3	427.6	425.9	424.3	422.6	420.2	418.8	419	417.9	416.9	416.3	416.9	415.8	413.3	411.6	410.4	407.6	409.4	406.6	401	409.7	408.6	394.6	408.7	387.9	346.1	302.9	270.4	259	242.9	237.3	233	233.1	230.6	236.9	220.7	165.3	150.3	153.9	169.8	191.7	217.6	190.2	178.6	216	233.1	234.8	233.3	235.1	236.9	231.8	231.3	236.1	241.5	246.5	251.8	253.3	252.5	253.8	247.5	247.7	243.1	240.6	240.7	240.3	234	228.9	226.4	222.6	223.4	225.1	225.4	220.8	219.1	220.6	219.2	221.1	224.1	235.9	242.2	239.7	232.2	230.1	231.2	223.6	211.5	205.2	203.2	210.9	223.8	244.3	270	290	311.1	328.9	328.4	313.2	300.3	280.2	253.5	227.9	212.8	195.6	186.8	190.4	190.4	196	208.8	222.1	226.9	232.4	234.2	230.4	227.4	221.1	214.3	213.6	211.9	209.8	208.2	206.7	206.2	209	207.8	209.1	213.1	217.4	216	217.2	220.5	219.2	220	223	224	223	219.1	213.3	211	208.6	209.5	209.3	207.5	204.8	204.6	203.8	200.9	199	198.6	194.2	189.5	186.9	186.1	185.4	183.8	178.9	167.2	150.7	130.4	107.6	74.1	58.7	71.2	87.8	104.3	120.9	126.6	118.6	123.5	131.9	121.6	116	122.8	134.1	162.9	196.9	221.2	276	356.2	371	371.5	383	387.8	381.9	392.5	388.5	384.6	386.1	390.3	397.5	399.3	386	375.6	373.2	383.5	390.8
429	427.5	426.7	425.2	423.7	421.6	419.5	419	418.1	416.9	414.8	415	416.1	414	412.3	410.9	410.2	409.9	406.7	399.7	407.6	398.7	391	405.4	386.9	352.5	309	272.1	258.3	247.8	241.3	234.3	233.3	232	243.7	243.9	190.7	170.9	176.4	182.5	184.9	196.9	179.6	175.2	213.6	233.5	238.3	232.2	232.6	233.2	232.1	237.4	241.3	242.8	246.4	252.4	256.5	256.8	258	254.2	255.4	255	252.2	250.2	246	243.9	237.2	232	227.9	224.2	225.5	229.2	231.2	229.6	233.1	239	248.4	258.1	263.1	260.1	247.8	238.7	236.1	232.7	221.6	213.6	212.6	210.1	211.8	225	247.6	270	297.5	313.8	328.7	334.9	313.4	294.9	269.8	240.9	220.9	212.4	202.4	194.4	194.1	194.8	202.8	211.4	218.8	225.9	229.7	236.5	241.5	239.4	241	242.6	240.5	243.3	244	237.8	227.3	225.3	228.2	229.6	232.6	237.4	242.7	242.8	247.3	250.7	250.3	245.9	246.5	241.3	236.1	233.8	225.9	220.6	218.7	217.8	216.1	213.6	213.5	209.5	206.4	198.8	198.7	198.5	193.5	190.4	187.5	184.2	183.7	178.7	169.8	165.6	153.8	129.7	102.1	72.2	56.8	69.5	90.5	108.7	122.7	128.6	121.2	119.9	131.6	135.7	124.8	123.5	139.6	177	215.6	242.2	312.1	356	370.2	367	379.3	386.3	389.8	396.9	394.9	390.8	388.8	388.9	393.8	396.3	387.7	376.1	372.4	380.7	387.7
428.9	429	427.1	425.1	422.3	419.6	419.2	418.6	417.2	416.8	416.9	416.6	415	413.5	407.5	403.6	410.2	409.5	408.4	404.6	404.7	403	406.9	405.4	383.2	349.6	302	270.4	264.4	263.2	256.6	249	243.3	238.4	248.6	251.7	199.3	178.3	179.1	184.7	193.7	208.7	183.1	177.2	212.9	234	236.2	231.6	233.9	235.3	234.8	239.3	244	246.4	251	252.9	256.9	258.4	261.5	262	263.4	265	261.9	259.2	256.1	251.2	247	244.3	239.5	236	233.4	237.7	244	246.5	248.7	255.6	263	268.6	266.2	259.6	249.1	240.6	237.3	231.6	220.3	212.6	211.3	211	216.6	231.5	252	272.8	306.9	322.1	328.5	334.8	316.3	293.1	265.5	239.9	220.1	209.8	205.5	200.1	198.1	197.9	201.6	207.9	215.1	224.8	230.9	236.5	242	242.8	248.1	252.2	251.7	251	253.1	253.9	241.2	233.2	236.1	237.6	245.5	250.7	251.5	256.7	260.7	261.9	260.6	258.6	259	257	249.3	241.2	239.2	230.7	227.1	224.4	217.8	216.1	216.2	212	208.9	199.7	198.5	199.8	194.9	190.9	186.9	186.2	186	180.8	167.9	163.1	151.6	126.6	103.5	74.1	61.2	74	93.9	112.8	126.3	129.8	123.9	122.9	135.9	148.5	144.8	144.1	160.7	193.7	228.6	265.7	334.3	373.5	390.3	381.7	368.2	379.9	395	399.6	396.2	393.5	395.6	393	392.8	395.2	388.8	390.1	396.7	395.3	382.3
430.2	429.7	427.4	425.1	422.2	417.2	419.2	418.3	417.3	416.8	416.9	416.3	414.7	413.5	398.1	396.2	410.1	409.5	405.6	405.2	405.2	409	411	405.5	383.8	340.3	300.7	268.2	262.8	266.2	260.4	256.8	249.5	245.7	258.1	243.7	196.1	179.9	182.7	189.9	196	213.5	190	169.8	200	229.7	232.9	226.1	228.6	233.4	235	237.4	237.9	239	244.1	243.6	249.5	252.9	258.4	260.2	265.4	266.2	263.3	263.5	265.1	262.8	257.3	256.6	254	253.5	257	262.5	267.4	274.5	277.4	279.7	281.5	282.3	275.7	261.8	248.1	239.3	230.4	227.9	218.9	211.8	211.3	211.6	218.7	237.1	252.6	274.3	317.2	336.2	333.6	333.3	310.4	283.1	261.9	236.6	218.4	212.1	207.9	201.1	200.4	202.1	204.8	208.7	208.4	215.2	224.2	228.7	236.3	238.4	247	258.9	264.6	267.9	269.7	272.4	265.8	258.2	256.1	258.1	260.1	263.4	268.2	272	274.6	275.8	272.4	268.5	270.3	268.5	259.8	250.4	244.7	236.4	232.8	231	223	213	212.3	210.3	204.6	203.8	204.9	202.4	196.7	191.9	185.5	184.3	181.6	178.4	170.8	161.5	147.5	123.2	96.3	71	62.3	75.4	95.1	114.8	127.3	126.4	124.1	125.4	132	141.3	155.5	168	186.4	215.5	246.3	286.5	353.1	382.9	388.1	384.1	368.9	371.6	392.3	396.9	390.2	387.1	390.8	390.2	385.7	392.2	389.8	392.4	397.4	397.6	385
432.2	430.5	428.3	425	421.8	419.9	419	418.3	418	412.9	404.3	403.8	414.6	405.8	396.3	403.8	410.3	409.9	409.3	406.4	404	411.1	407.2	404.7	370	320.3	290.3	253.8	250.9	261.5	263.5	266.4	265.8	254.7	262.2	239.9	196.6	181.3	188.5	196.8	203.5	216.5	192.7	169.2	195.9	225.6	231.5	227	227.9	236.5	237	238.1	236.2	238.6	241.6	243.5	249.9	253.6	258.7	262.9	267.3	270.7	270.5	269.1	272.9	273.3	269.5	263.6	266.2	270.5	270.4	272.3	274.9	283.2	288.1	286.4	286.6	283.9	272.9	259.8	245.4	232.1	226.9	223.8	218.7	213.3	212	213.3	225	240.4	252.3	271.8	313.4	335.1	335.2	334.6	312	284.4	262.5	236.5	219.2	210.1	206.8	202.6	201.8	200.7	205	208.1	208	215.7	223.9	226.5	236.2	241.6	246.8	265.2	274.2	278.3	279.9	279.1	278.8	274.3	272.9	271.1	269	271	275.8	281.3	277.1	277.3	275.8	274.4	274.2	275.3	270.7	262.3	252.9	241.6	235.9	233.7	229.4	215.2	212.7	214.1	206.3	203.6	206.4	202.5	197.1	193.1	185.8	181.7	181.2	177.6	172.1	161.2	144.9	122.5	94.8	73.4	65.3	78.3	100.1	122.5	132.9	132.8	133.4	139.8	146.1	152.1	160.3	173.6	188.8	209.3	244.8	290.9	354.1	382.1	389.9	394.1	388.2	369.1	365.9	374.1	380.9	383.9	388.6	387.5	385.1	386.5	393.2	405.2	404.8	398	400.3
432.3	430.4	428.2	424.6	422.1	420	419.3	417.6	418.2	416.8	407.1	408.2	414.6	404.2	400.3	409	410.4	410	409.4	409.2	402.4	406.1	404.5	404.2	364.4	316.4	283.9	245.6	243.9	253.1	257.6	264.3	264.1	259.2	269.1	215.7	189.2	174.8	182.7	195.6	196.9	210.3	187.6	165.2	190	222.6	231.7	227.3	224.6	229.7	233	234.8	231.1	234.6	237.5	242.3	248.7	249.9	255.3	260.8	263.2	268.6	272.2	274.5	280.2	284.7	283.5	283.3	282.5	288	293.5	292.2	292.2	296.8	302.1	297.9	290.8	290.2	274.2	258.2	242.2	226.9	221.3	217.4	214.5	211.6	210.6	213.1	227	243.6	257.5	284.9	325.7	341.7	352.5	352	319	290.6	264.8	241.9	227.2	213.1	209	203.2	199.1	196.4	199.3	200.1	198.5	206.4	212.5	220.5	228.5	236	249.1	267.6	281.8	292.4	297.7	297.4	297.7	300	304	298.3	289.5	285.8	287.4	288.1	283	282.2	280.8	277.6	278.3	280	277.1	270.6	256.9	248.7	242.7	237.4	232.1	220.8	215.4	214.4	202.2	195.5	201.6	200.1	195.3	188	179.8	180.9	179.9	174.9	167.6	157.3	142.5	118.5	90.5	69.9	63.6	80.1	105.3	124.6	131.8	129.6	135.5	148.2	160.6	175.6	193.7	200.4	206.1	213.6	238.8	289	367.9	386.9	396.1	396.2	388.7	372.3	362.9	367	376.1	383.1	389.5	390.5	385.8	387.3	393.6	402.2	404.5	396	398.6
431.5	429.8	426.6	424.2	421.8	420.6	420.7	419.7	418.5	416.7	416.7	415.9	414.9	413.8	411.7	405.6	410.6	410.2	409.7	408.4	393	393.5	407.8	403.4	366.5	321	287.4	248.4	240.2	243.2	243.7	251.9	255.7	260.9	272.5	216.2	184.8	164.1	166.4	194.3	206.4	209.1	184.4	164.8	184.4	219.4	230.1	225.9	224.1	226.9	232.8	232.7	232.9	233.9	235.8	241.9	243.5	245	253.2	262.3	265.4	271.1	274.5	278.4	284	286.4	286.6	289.6	292.8	298.7	301.3	298.6	297.9	300.9	307.9	306	291.5	289.3	275.6	254.9	239.8	223.7	215.2	217.7	213.2	207.6	207.6	212	228.6	243.9	258.1	288.6	327.4	340.2	350.5	355.9	325.9	293.3	265.5	245.9	230.7	218.6	210.6	203.7	200.2	200.3	199	195.8	195.5	198.1	201.9	211	218.5	230.3	244.5	259.2	280.2	292.6	299.3	299.2	299.8	304.9	308.9	306.1	298.1	290.8	288	287.8	285.9	285.9	283.9	278.7	280.5	279.9	274.8	269.9	260.2	250.6	246.2	241.8	233.7	223.7	218.3	213.5	201.7	193.8	196.2	197.3	193.4	188.2	178.9	179	179.7	173.7	164.2	156.3	141.8	122.2	96.2	85.5	72	74.9	97.5	115.9	129.5	130.1	139.7	153.9	166.8	185.7	202.9	200.3	191.1	195.1	211.3	265.6	352.5	376.3	388.4	390.6	385.8	383	383.2	373.7	373	387.3	387.4	389.9	387.6	384	385	385.2	389.4	395.3	399.3
431.7	429.6	426.1	424.5	422.1	420.9	420.9	419.7	418.6	416.9	416.6	415.8	415	413.7	411.8	410.7	410.6	410.2	407.5	395.3	386.5	400.7	403.9	399	368.7	317.6	283.6	249	238.2	237	237.9	244.7	254.4	263.7	268.7	202.7	172.2	158.8	168.3	190.3	201.9	201.2	175.8	160.9	178.8	212.2	220.6	217.7	221.5	225.8	225.3	231.4	228.8	226.6	234.8	236.9	236.4	241.6	247.6	253.7	264.3	271.8	273.1	274.9	277.2	282.2	292.1	301.1	312.8	311.3	314.6	311.6	310.9	316.4	313.9	303.2	285.5	271.8	260.9	243.9	219.9	207.4	204.3	205.8	205.9	211.2	213.2	221.4	239.2	258.2	275.1	310.7	337.8	343.3	352	353.9	333.4	302	273.8	250.3	235.6	223.1	211.2	202.8	197.8	196.7	191.7	190.2	188.4	187.4	192.5	200.3	208.9	224.2	238.7	259	276.4	286.1	295.9	303.5	309.2	310.8	310.9	310.8	305.5	305.2	305.6	304.7	302	301.7	295.3	287.4	283.4	281.8	275.7	269.9	261.2	254.8	249.8	240.4	229.1	222.7	214.1	210.4	200.5	192.1	190.6	192.4	189.9	184.4	179.4	176.4	173.2	169.1	161	146.3	134.6	122	98.1	77.2	59.4	72.3	99.3	117	136.4	142.2	146.9	166.9	194.4	200.3	196	186.1	174.6	183.1	210.4	301.6	357.4	365.9	384.3	387.3	383.1	388.2	386.4	371.1	380.2	392.4	392.3	388.6	390.3	390.8	389.6	384.6	392	397.9	401.9
431.7	427.3	423.5	423.4	422.3	421.2	421	420.1	418.8	416.9	416.8	415.6	414.7	413.8	406	410.6	410.7	410.2	398.4	383.8	394.1	406.1	410.2	410.8	384.6	316.8	283	250.3	239.4	241.7	240.9	242.7	243.8	251.6	265.1	204.4	166.6	153.5	175.2	201.7	200.5	196.2	171.2	155.7	172.2	205.1	218	215.6	215.6	218.8	219.1	226.7	224.1	223.4	230.8	233.5	234.6	240.6	246.7	252.1	257.4	261.1	265.8	273.5	276.8	285.7	295.1	300.2	305.5	309.1	314.5	316.2	314.8	316.2	310.5	300.5	287.3	271.1	250.1	232.2	216.3	198.4	194.6	197.9	202.9	212.3	216.6	224.8	241.8	258.9	279.1	309.8	334.7	344.4	354	358.1	334.1	300.9	272.2	252.6	238.3	221.2	206.5	197.3	192.8	188.3	188.3	188.4	188.5	188.1	192.1	196.9	202.7	217.8	235.4	257.9	273.5	283.2	288	297.5	313.6	315.2	311.7	311.3	308.4	314.3	317.7	310.6	303.2	301.7	295.7	289.6	286.2	283.4	275	266.9	258.6	252.2	247.6	237.8	223	219.1	215.7	207.7	199.5	190.9	187.5	184	184	180.6	179.2	176.5	171.7	169.3	160.7	146.2	132.4	118.7	101.8	91.2	65.3	67.4	101.2	122.9	139.8	146.5	147	163.3	180.7	181.6	181.9	175.4	166.9	171.5	212.7	314.6	362.4	369.8	381.5	386.2	388.5	392.2	392.6	381.3	376.6	382.3	378.2	387.1	384.8	384.5	391.3	382.2	382.2	396.3	405.2
430.9	427.2	419.7	423.7	422.3	421.4	421.1	420.2	418.8	416.9	416.5	415.3	413.4	413.9	406.9	410.7	410.6	410.1	399	389.6	401.3	409.9	410	410.4	381.1	319.2	279.9	250.5	240.5	242.3	242.5	243.8	244.6	251.7	269.7	225.3	170.3	155.6	177	200.2	194.4	191.6	171.6	153.4	165.7	196.2	213.2	217.3	215.6	214.6	216.9	218.2	219	225.1	228	228.6	234.3	242.7	245.8	248.1	256.7	257.4	264	277.9	285.5	295.6	299.8	303.1	309	311	316.1	318.7	310.1	309.2	300.5	284.1	274.3	257.2	233.3	212.6	201.9	193.3	191.1	197.3	206.8	217.3	226.6	236	249	260.1	276.3	316.6	337.7	346.3	349.7	343	325.9	307.9	281.9	264.7	250.2	228.6	209.6	199.5	193	187.1	186.1	186.4	183.3	182	185.2	184.9	191.4	209.7	225.7	245.3	263.4	275.5	281.8	290.9	303.9	308.9	309	317.1	323.4	314.3	307.6	303.2	303	305.4	301.3	294.7	289.1	285.7	283.9	274.6	263	254.9	242.2	229.8	218.5	209.9	207.5	200.8	191.9	189.1	184.3	179.9	173.7	171.5	170.7	167	165.7	161.7	152.8	139.9	129.8	120.6	102.9	89.2	68.6	63.7	93	122.5	141	149.6	146.9	165.6	170.2	165.3	166.3	164.7	163.6	202.8	277.8	326.9	372.1	381	383.7	386.8	390	395.1	393.1	383.5	382.5	379.4	370.4	382.5	383.3	381.4	386.9	379.8	378.2	391.9	398.2
428.2	425.9	425.7	423.7	422.5	422.5	415.8	419.5	418.6	416.1	416.5	409.5	407.2	411.5	412.1	410.6	410.4	410	408.1	409.7	409.3	409.6	410.1	402.3	379.5	326.2	284.6	254.3	245.4	247.7	247.4	251.1	250.9	251.5	257.8	233.2	179	168.3	190.1	201.8	193	193.1	170.1	151	162	190.3	209.4	214.8	213.9	214.2	217.2	218.1	215.6	219.6	225.1	227.4	235	242.7	245.9	250.2	256.3	262.1	267.9	282	289.6	294.4	299.5	304.2	308.7	311.8	308.3	308.1	304.3	299.8	293.8	280.3	270	252.4	227.2	207.8	193.9	190.8	188.5	197.4	206.5	217.2	226.3	240	252.3	260.9	271.2	313.2	341.3	350.5	361	351	327.9	311	294.4	274.8	250.2	227.7	212.6	202.1	192.4	182.5	178.3	178.1	178	178.6	181.3	180.6	184.6	200.1	217.9	237	254	265.6	275.4	287.6	300.7	309.3	309.5	314.4	317.7	311.4	305.2	301.7	303.2	304.2	300.6	296.4	288.5	283.1	283.8	276.9	264.4	252.9	241.1	228.4	218.5	209.6	201.1	196.4	190.5	187.5	183.6	179.7	173.5	168.3	163.4	163	162.9	161.9	150.5	137.3	128.6	119.7	110.7	92.1	74.1	72	94.6	121.6	137.3	141.6	131.9	151.6	164.4	165.6	167.1	163.4	171.7	224.4	282.8	326.9	369.5	389.3	404.6	391.9	385.2	386.8	388.4	384.7	383.8	383.6	383.1	387.8	392.1	387.7	381.8	379.7	369	381.6	384
427.5	425.5	424.9	423.1	422.4	419.8	416.2	420.1	418.3	417.4	416.5	403.9	404.3	412.3	412.1	410.7	410.4	410.1	410.1	409.7	409.4	409.7	409.5	406	385.2	333.6	280.5	257.1	248.8	250.4	248	254.8	253.6	254.6	256.7	256.5	220.6	176.6	191.1	201.1	197	196.5	172.7	151.4	155.8	178.4	200.8	213.1	211	205.8	209.7	210.6	206.3	216.1	224.4	227.8	235.5	240.7	243.9	254.9	262.7	268.6	276.2	285.6	295.9	300.4	300.1	300.7	301.8	303.3	298.5	295.8	294.5	287.9	275.7	265.7	258.1	243.4	220.9	209.4	200.1	196.6	204.3	211.6	216.1	222.8	232.9	243.7	249.8	263.4	281.6	314.9	339.3	349	362.1	352.1	323.5	304.5	285.1	274.6	251.9	229	217.1	202.9	193.3	183.9	179	182	181.9	180.7	178.7	175.7	171.6	183.2	203.5	224.7	240.3	252.5	264.7	277.8	291.3	296.2	303.4	306.7	303.8	305	304.5	304.6	303.9	302.9	299	293.3	287.7	286.7	285.1	276.1	263.9	253.7	242.8	225	214.4	208.7	200.7	194.6	189.2	181.2	179.6	174.9	169	166.3	160.8	161.5	160.1	155.8	143.1	132.9	123.9	116	109.6	90.4	75.2	74.9	82.4	103.3	114.7	114.8	114.5	142.4	149.9	155.1	167.4	202.1	254.1	267.2	282.2	327.1	366.6	389.7	406.6	394.1	384.2	382.5	384.9	385.3	385.2	383.9	385.1	389.5	395.9	394.5	384.5	379.5	375.8	376.3	380.7
428.6	426	424.3	423.5	423.1	421.8	421.2	419.9	418	417.9	403.5	399.5	408.9	400.1	405	410.7	410.3	410.1	410.1	408.1	404.9	406.9	406.8	407.4	404	364.8	297.2	266.5	257	255.6	254.8	259.3	259.1	261.7	265.7	256.1	243.6	197.1	191.9	203	196.8	193.9	171.9	150.1	154.7	171.6	197	207.2	205.1	200.9	201.4	202.4	202	214	223.7	229	235.3	243.2	247.1	254.3	263.8	270	279.2	285.8	293	296.8	300.1	297.3	294.4	294.8	294.8	290.4	287.4	282.2	269.3	256	245.6	234.2	217.3	206.7	195.2	194.1	207.5	213.2	219.2	227.1	236.5	245.8	249.6	259.2	280.3	313.5	338.5	357.1	363.2	349.8	327.9	304.8	284.3	271.8	246.2	229.7	218.8	206.6	194	184.2	177.6	182.6	182.4	180.7	175.7	174.8	173.3	177.8	193.6	214.9	229.6	240.4	255.7	270.3	277.6	285.8	298.5	295.4	300.3	305.6	306.4	303.9	300.6	300	296	288.2	283.1	285.8	282.8	276.4	266.9	250.6	234.5	217.9	212.5	207.8	201	193.7	185.6	176.7	178.1	172.8	164.8	163	159.2	158.9	156.1	149.6	139.4	129.1	123.8	116.9	110.7	90.4	79	86.1	92.8	98.1	96.9	98.8	111.5	142.7	153.1	156.9	183.2	235.7	272.7	271.2	285.3	330.6	364.5	360.3	372.3	392.8	395.2	389.1	379.9	388.7	384.1	373.5	381.6	386.5	389.6	394.4	390.5	394.4	387.9	373.9	373.5
428.7	426.1	424.2	423.9	423.2	421.8	421.4	419.7	418	413.1	403.6	395.4	410.5	404.6	399.4	410.8	410.3	410.2	408.6	402.7	393.7	403.2	407	410.1	409.9	376	311.1	272.9	260.1	262.4	259	257.3	260.4	266.8	269.2	261.7	260.7	268.8	246.7	214.8	194.2	180.8	160.6	150.3	154.8	167.1	185.4	193.2	187.9	193	192.4	197.2	201.3	211.8	219.5	228	237.1	246.8	250.2	260.2	269.5	271.8	278.9	286.4	294.3	299.2	295.4	291.8	290.8	287.5	286.1	278.8	274.3	270.3	256.4	240.5	229.3	219.7	215.6	207	204.8	220.1	230.1	227.3	223.9	230	238.7	242.9	244.4	256.4	279	323.8	343.9	351.8	358.7	356.5	324.6	298.5	283.1	255.4	238.7	223.8	213.7	205.7	198.8	192.8	196.4	198.6	199.5	199.8	184.9	171.4	169.4	174.7	189.8	205.9	219	229.5	242.3	255.5	262.5	269.9	276.3	281.9	289.3	290.2	291.7	295.2	291.6	292.1	289.1	280.8	278.3	281.7	273.6	269.1	261.7	244.8	227.7	216.1	207	202.2	197.6	193.3	182.8	175.7	176.7	172.1	162.7	157.5	159	155.6	149.1	144.5	135.2	126.8	120.8	117.5	114.5	100	93.3	127.4	165.1	162.6	143.8	138	158.4	209.9	231.3	252.2	274.4	274.9	272.3	271.6	284.4	326.8	366.2	367.7	369.1	383.2	392	385.7	378.5	386.3	391.5	383.9	373.8	375.6	387.8	380.4	383.1	386.2	378.1	374.8	375.6
425.1	420.5	424.6	425.1	424	422.9	421.9	419.5	410.4	405.2	411.9	415.3	415.3	414.3	412.9	410.9	410.4	403	402.7	400.2	400.5	407.4	409.6	410	404.7	387.2	305.3	271.7	268.6	272.5	266.4	263.7	261.9	265.6	271.8	270.4	266.2	270.3	284.4	250.3	203.7	175.7	156.9	150.3	153	163.5	179.9	186.8	185.8	189.6	193.2	198.3	199.9	209.4	216	225.3	236.4	243.9	251.1	259.4	263.6	266.8	271.5	275.6	283	286.5	288.3	286.1	283.6	281.3	276.1	269.2	264.9	258.5	244.7	233.1	222.9	215.2	207.6	196.1	197.3	225.7	244.1	241.1	234.9	235.3	241.3	244.1	241.3	250.6	272	314.8	340.6	343.7	350	353.7	326.3	295.7	270	247.6	231.8	218.5	209.1	206.5	201.5	198.5	202.7	206.3	209.4	205	185.2	164.6	163.8	170.5	183.8	201.5	214.7	224	236.4	247.7	254.5	263.1	268	271.9	282.4	287.4	291.5	289.5	284.4	285.8	281.4	272.2	274.6	279.4	266	257.8	253.6	239.3	223.7	208.9	204.1	200.7	194.5	185.4	179.1	174.8	170.2	165.5	156.4	152.8	154.6	152.7	149.9	142.3	132.8	125.8	120	117	116.3	97.4	91.4	151.5	196	175.6	172.9	185.4	199.8	230	261.2	280	282.6	285.5	282.4	281.1	307.1	366.4	380.9	368	375.2	393.3	387.1	378.1	383.4	384.9	386	373.4	359.4	377.7	377.4	370.9	370.9	379.5	391.6	389.7	393
422.9	422.3	424.6	425.5	424.2	423	421.6	418.4	414	411.5	416	415.3	415.2	414.2	412.9	411.3	409.2	401.3	402.2	400.4	404.7	405.2	408.4	403.9	404.3	388.6	308.2	273.9	269.9	274.8	271.1	268.1	263.8	268	273.5	270.4	269.1	271.3	292.4	303.3	296.7	256.8	203.2	156.9	151.5	154.8	169.9	177.9	180.2	183	190.8	195.9	203.1	211.8	211.7	215.4	228.9	241	247	255.2	260.6	263.6	265	263.7	268.9	271.6	273.8	270	266.8	265.2	261.7	254.4	246.7	242.9	239.9	230.4	217.7	213.4	208.9	204.8	219.2	236.8	246.3	238.9	232.5	236.6	241.2	242.5	239.1	242	258.1	281.9	300.4	311	321.5	325.4	315.6	290.8	266.9	249.4	235.3	222.1	211.7	210.7	211.5	209.1	213.3	218.7	217.4	210.5	193.3	165.5	163.9	173.5	183.2	197.4	207.6	216.4	223.9	236.3	246.1	256.2	257	255.4	262.3	270.9	277.7	276.9	270.5	269.2	266	260.1	262.8	266.5	258	251.2	245.5	234.9	219	203.2	198	196.3	188.4	177.2	174.8	173	164.3	159.4	151.6	148.8	151.7	146.8	143.5	136.5	127.7	122.9	118.9	116.9	117.4	100.7	109.6	203.8	233.6	228.8	233.9	243.6	252.3	271.4	282.3	282.2	285.3	287.6	285.1	282.7	312.6	363	371.8	365.8	369.1	387.3	390.2	385.5	387.9	383.6	381.5	369.6	362	378.1	384.7	379.4	377.4	383.9	389.2	389	391.2
427.6	424.1	424.9	425.9	422.2	414.9	415	419.3	418.5	417.5	416.4	415.8	415.7	414.6	413.3	410.1	401.9	397.4	405	409.2	402.3	404.3	406.8	403	406.6	392.3	326.2	286.3	275.4	281.2	280.5	278	272.1	269.7	272.2	271.4	269.8	273.2	294.7	302.1	293.8	290.2	226.1	160.4	150.3	152.1	164.9	175.8	177.7	178.5	186.6	190.4	194.8	203.7	204.5	209.8	223.5	236.8	243.9	248.4	254.4	256.6	255.3	258.5	259.8	263	266.8	261.4	255.5	252.5	251.5	246.7	239.2	236.4	234	226.3	214.5	204	199.9	198.7	228	250.1	249.3	242.4	236.3	237	239.2	236.7	230.3	232.2	243	261.7	278.9	286.4	290.8	297.9	293.3	274.7	256.2	240.9	230.2	216.5	207.1	207.5	209.5	208.9	216	220.4	218.7	214.2	201.6	171.4	156	166.8	174.8	190.3	203	209.7	216.9	226.3	235.9	246.6	247.8	246.2	249.1	256.9	259.6	257.9	256.6	255.6	258.9	261.6	259	256.6	252	242	238.3	230	216.1	202	192.7	189.2	181.5	173.1	168.8	167.5	161.3	155.3	152.1	148.8	148.1	146.6	139.1	131.9	125.9	119.9	116.2	115.1	118.9	105.3	114.1	198.3	237.5	241.5	246.3	251.7	255.6	275.6	288.8	288.5	290.6	291.4	287.8	291.7	334	365.5	367.6	367.3	359.3	382.9	392.6	392	386.8	383.9	382.5	370.8	359.7	366.9	375.6	385.8	391.8	387.1	386.5	388.5	389.2
428.5	423.8	423.5	425.5	421.7	416.3	418.6	418.2	415	417.6	414.8	415.9	416.1	414.9	413.3	408.6	400.8	399	408.8	407.2	402.1	409.5	409.6	409.4	409.4	400.3	348.4	297.3	276.1	284.1	288.4	292.2	285.7	276.4	269.4	268.8	267.4	271.8	295.1	302.3	294.8	290.4	236.1	163.5	145.6	148.3	156.3	169.1	170.4	170.2	179.6	177.8	183.8	195.7	201.9	209.4	218.2	224.7	230.4	240.9	248.1	248.2	250.1	252.7	255.1	250.1	242.9	242.1	240.7	240.3	240.2	237	234.2	231.9	227.1	224.8	215.7	208	196.2	203.8	231.4	244	241.7	241.5	238.4	233.2	231.1	219.4	216.8	223.1	222.5	234.7	248.5	252.6	253.6	256.8	255.8	248.2	237.6	228.8	215.8	208.6	206.6	204.3	204.4	205.8	212.7	215.1	211.2	207.3	200	177.4	159.1	165.9	175	185	198.2	203.2	207.8	216.3	222.7	232.1	233.3	232.5	237.7	241.7	239.5	237	237.2	243.5	249.2	251.3	246.7	244.2	237.9	226.9	224.3	217.8	206.7	194.7	180	176.4	169.9	165.3	158.7	159.1	160.4	152.5	148.3	143.9	144	142.2	135.6	127.8	122	115.7	114	117.2	123.9	115.1	120.2	198.8	238.9	243.9	248.4	251.3	255.2	268.5	290.4	291.3	290.9	291.1	287.8	296.3	341.7	373.5	376.2	363.5	356.4	377.9	392	390.9	377.2	374.9	384.1	377.5	366.6	370	373.3	382.7	394.5	392.5	388.4	388.3	386.5
426.5	426.5	426.7	425.5	424.3	422.1	420.2	419.5	417.8	413.9	414.9	416.5	406.9	411.2	413.5	412.1	411.4	410.1	410.1	407.7	409.6	409.3	409.5	407.9	409.3	407	363	329.7	287.8	286	293.6	304.6	297.2	281.2	272.9	268.3	267	273.6	294	297.1	292.7	289.6	262.5	197.4	156.4	143.9	148.9	159.6	171.2	167.6	160.5	171.8	178.8	185.5	197.8	203.6	205.3	214.5	225.4	228.8	234	240.7	241.6	245.4	244.8	242	237.6	231.5	232.7	235.5	233.7	231.9	230.4	227.7	222.2	213.1	203.1	198.3	192.7	195.8	220.7	239.9	235.2	228.9	224.4	218	213.3	205.7	203.8	210.2	213.4	214.6	223.2	226.7	230.4	232	230.5	226.2	218.7	210.4	202.6	192	188.8	187.3	189.8	196.6	201.3	207	212.7	211.3	200.2	185.6	163.4	153.3	157.9	173	191.4	199.7	204	207.8	213.4	221.3	225	227.6	227.4	232	229.4	228.2	231.7	233.6	240.5	241.1	238.2	233.7	228.5	227.5	226.9	221.2	206.7	196	185.9	174.5	169.5	163.6	156	153.5	154.9	153.8	148.8	143.6	140.8	140.5	137.6	129.9	123.5	117.7	113.3	117.3	122	113.3	97.7	139.5	220.3	239.3	245.4	249.3	253.7	280.9	299.6	294.3	290.8	290.3	290.9	309	350.1	374.9	381	380.8	367	361.2	373	389.6	388.2	382.3	389.4	394.9	392.7	389.7	382.2	372.8	383.9	388.3	384.8	377.4	374.8
430.1	428	427.1	425.7	424	422.1	420.1	419.3	414.2	413	416.7	410.9	404.1	413.6	413.7	412.1	411.4	410.6	410.1	409.7	409.5	409.3	409.4	408.1	409.3	409	368.1	337.1	293	280.8	291.8	307.1	300	284.8	274.4	268.5	265.5	273.3	294.8	296.5	290.6	286.8	223.1	144.1	137.5	140	148	155.6	164.4	161	152.3	161.6	171.2	184.2	193.3	195.7	201.5	213	221.8	224.6	226.7	230.6	232.3	237.9	236.4	232.9	231.3	225.3	222.7	228.3	227.2	228	228.5	224.8	220.9	213.3	205.4	196	186.5	192.3	212.3	221.4	218.1	210.9	203	195.1	188.4	178.3	176.7	188.7	195.3	196.8	199	199.7	202.5	202.4	198.8	194.1	185.3	177.3	174.3	168.3	163.6	164.7	172.2	180.5	188.9	192.6	193	190.3	182.6	170.9	157.6	156	161.4	174.5	189.2	199.1	203.6	203.9	207.2	207.7	211.5	215	214.4	216.6	213.6	220.8	223.9	221.3	229.4	231.9	228.4	224.2	222.3	220.3	217.7	209.1	201.4	191.2	180.8	174	163	154.4	153.2	149.6	149.8	146.7	140.1	138.5	139.5	135	128.2	123.5	118	112.8	111.7	116.1	119.6	115.4	113.7	165.8	232.8	239.3	247.5	250.6	256.9	282.9	301.5	296.2	290.4	289.6	291.1	309.9	347.5	374.2	386.8	387.3	373	367.7	374.8	386.7	386.8	386.8	384.5	394.2	393.6	390.7	387	374.3	382.5	387.2	384.4	374.7	371.7
431.8	428.7	428.1	426.7	423.7	421.5	419.4	418.6	418.5	415.4	408.3	412.4	405.7	415.1	413.8	412.4	410.1	410.9	410.4	410	409.5	409.3	409.2	401.8	399.1	403.7	371.9	349.3	320.5	283.1	287.8	307.4	302.6	291.1	282.9	275.5	272.3	281.8	293.4	291.8	288.1	285.9	226.2	142.3	134.3	135	142	151.3	156.9	155.1	154.8	162.2	166.9	178.9	184.9	186.8	194.8	208.3	214.2	218.9	226.2	228.4	230.5	231	229.4	227.7	227.8	221.6	217.4	219.3	221.1	220.8	217.7	213.7	211.2	206.5	200.9	192.8	185.4	186	197.7	202	196.2	189.1	179	169.7	161.3	152	149.5	158.8	170.2	178.7	179.6	177.1	179.9	181.8	177.6	173.4	168.8	157.9	154.1	148.5	143.7	144.5	152	159.8	169	173.2	175.1	176.6	170.5	161.5	153.6	151.5	158.8	172.9	183.3	189	191.6	198.4	200.8	204.9	208.2	210.5	211.1	212.8	213.8	220.5	220.1	221.7	227.5	224.2	225.7	223.6	221.7	220.3	212.3	200.3	194.5	184.2	173.5	169.5	158.3	149.2	149	144.2	145.5	142.6	134.5	135.5	136.6	128.5	123.5	118.1	116.1	111.5	110.9	115.7	117.8	113.2	122.1	167.3	231.3	238.8	245.9	252.9	258.5	282.8	302.7	298.7	290.9	290	299.1	336.3	362.9	378	383.4	384.2	382.5	384.6	389.5	387.8	373	366	377.7	385	394	396.9	398.3	394.8	377.5	389.6	394.6	392.9	388.4
432.3	429.6	428.9	426.8	423.6	416.6	419.6	418.8	418.5	414.8	409.9	416.7	409.8	415	413.1	406.1	409	411	410.4	410.1	409.6	409.3	409	403	389.3	404.8	381	352.1	335.2	292.3	287.5	303.6	301.3	290.7	281.5	275.3	274.2	285.9	295.3	289.2	286.1	283.5	228.3	139.9	130.8	130.6	137.2	144.2	145.5	148.3	150.8	155.3	163.7	172	178.5	183.1	189.8	199.4	203.9	209.5	215.5	219.8	220.1	221.6	218.9	215.3	214.5	213.6	210.4	208.4	217.4	219	212.6	210.6	208.9	205.5	199.4	192.9	191.4	186.2	174.2	167.7	159.2	151.1	138	126	118.6	119.7	121.8	126.3	136.5	144.4	147.4	150	148.1	148	144	140.6	138.8	128.7	124.9	117.4	114.4	120.4	134.6	142.5	143.9	143.5	144.4	148	144	148.1	162.6	160.8	168.5	182.4	192.1	196.9	193.7	193	196.1	199	202.6	203.9	203	207.1	208.4	208.9	212.4	212.9	218.1	219.8	219.9	215.8	213.7	208.5	199.6	190.3	182.5	177	167.3	162.1	157.6	148.6	142	139.8	139.1	138.5	135.2	133.2	130.9	126.3	118.8	115.2	113	110.8	111.1	115.9	118.3	115.3	131.5	173.5	226	242.3	246.8	250.3	261.6	288.4	300.9	291	289.1	289.5	302.3	343.1	363.2	379.8	384.6	383.2	382.3	382.8	387.2	386.6	376.2	368.4	373.7	382.2	391.6	396.1	398.9	396.4	383	389.9	395.9	393.2	392.4
430.2	431.7	431.2	428.3	425.5	423.7	417.4	419.7	418.5	417.6	417.1	416.6	416.1	414	408.3	409.3	412.1	411.1	408.4	410.2	409.7	409.3	408.6	384.9	379.9	408.7	397.3	361.6	350.7	316	287.1	293.1	292.6	287.4	278.7	275	277.2	288.5	294.5	289.2	286.6	283.3	222.1	138.8	127.7	128.5	135.6	139.1	136.4	139.3	142.9	152.9	162.8	167.3	171.1	177.8	186.1	192.6	196.5	205.4	212.4	212.1	211.3	211.5	211.4	211.2	209.1	207	207	207.2	214.5	211	204.9	206.3	205	204.2	199.7	189.5	189.9	187.2	166.5	146.7	132.6	120.5	106.5	91.8	82.8	85.2	96.2	107.2	117.3	124.3	129.1	131.6	131.4	124.9	122.9	123.4	120.1	113.8	107.6	95.3	86.7	95.6	110	121	126.1	124.5	124.1	125.2	124.3	136.8	156.7	162.4	168.6	183.2	192.9	193.6	191.8	189.1	190.2	190.7	193.6	198.5	199.4	198	197.8	200.6	204.7	210	208.5	207.9	211	207.3	200.6	194.3	187.8	182.4	174.8	170.8	163.4	156.6	153.7	147.6	139.3	136.6	136.3	133.5	131.8	129.2	130.5	126	117.8	114.1	112.4	110.4	110.3	114.8	116.6	116.2	137.8	177	233.6	245.9	246.2	247.4	260.2	287.2	298.4	285	280	291.3	314.7	341.9	374	390.3	389.7	386.3	383.6	384.7	384.7	386.4	385.5	374.6	368.5	368.2	372.9	379.2	389	392	387.1	385.3	384.4	384.6	388.3
427.8	431.1	431.4	428.1	425.5	423.7	419.6	419.6	418.3	416.9	416.8	416.5	416.1	414.7	412.8	413.5	412.1	409.5	408.2	410.2	409.7	407.8	402.1	380.6	382.9	409.5	402.4	371.7	354	324.8	296.3	296.7	287.8	287.2	281.3	277.4	279.8	290.1	293.2	288.5	284.5	281.6	235.3	162.1	128.6	129.6	128.1	129.1	129.6	135.3	138.6	145.9	153.7	156.5	160	170.8	182.7	188.2	190.7	195	199.7	198.9	195.1	196.8	196.8	193.9	195.4	197.2	198.5	205.3	212	207.7	199.3	197.6	198.5	197.7	193.1	183.7	183.7	184.6	169.4	143.9	122.8	99.3	80.6	61.9	49.1	49.1	60.3	73.8	89.2	98.8	104	105.9	106.6	103	101	100.8	98.8	91.6	80.4	67.4	60.6	64.9	73.7	84.1	93	95.2	95.7	96.4	101.6	131.8	155.8	166.9	170.8	182	192.1	197.3	201	198.6	192.2	184.3	181.4	183.8	183.5	187.8	187.8	188.3	192.2	196.1	198.6	196.5	196.4	193.4	187.7	182.1	178.4	173.9	167.6	159.6	157.3	155	149.9	144.1	141.3	138	135.8	132.4	129.5	124.7	124.5	122.7	119.3	115.7	112.3	109.7	109.1	112.5	118.6	124.9	150.1	186.3	241.9	248.1	246.7	248.7	268	292.1	296.5	289.9	280.6	293.2	320.8	341.4	374.1	391.5	392.6	392.2	386.8	385.7	387.5	388.2	389.3	377.3	372.2	372.7	371	377.8	392.7	394	388.3	385.9	381.3	380.2	380.3
431.6	431.8	432.2	429.3	425.8	423.8	418.8	418	418.1	416.8	417.2	416.9	416.4	414.9	414.4	403.9	396.2	403.8	398	402.4	403.3	400	400.1	394.9	403.9	409.3	409.5	390.4	364.8	335.5	305.5	303.1	291.2	284.9	285.6	285	284.2	292.5	297	293	288.5	279.1	205.3	134.9	123.5	121.7	123.6	125.1	127.2	136.2	138.7	142.5	151.3	153.7	159.2	172.9	181.6	184.6	185.7	188.1	181.3	183	190.1	186.2	184.3	186.4	188.1	190.3	190.6	194.8	199.2	202.3	201.9	196.7	197.1	193.9	184.9	177.6	181.6	183.5	170	139.1	108	83.1	59.5	42.6	37.3	41.1	48.1	61.4	76	86.2	91.1	94.4	93.9	90.9	87.6	84.6	79.1	71.1	63	57.7	54.8	54.7	55.3	61.2	72.2	78.7	84.2	87.9	112.3	141.5	154.3	159.7	166.9	178.9	189.4	198.1	196.4	189	182	173.4	175.5	174.8	174.3	178.2	179.1	182.4	185.1	187.9	187.2	186.7	187.3	183.3	180.3	177.4	172.3	165	157.7	152.5	149.2	144.6	143.3	138.5	136.4	134.4	131.5	130.2	124.2	118.7	120.3	122	118	113.3	111.2	110.9	111	116.5	122.1	143.3	187.9	246.8	260.9	256.8	251.8	249.9	256.6	272.1	290.9	292.6	291.9	300.7	326.7	352.2	369.6	379.3	381.4	389.6	387	383	388	395.1	393.7	385.1	381.5	379.9	381.4	381.3	382.8	389.4	381.8	388.5	385.5	384.4	384.4
432.9	432.4	431.8	428.6	425.7	423.5	419.2	420	419.2	418.5	417.4	417.1	416.4	415	414.3	395.5	397.2	409.1	405.4	407	400	401.8	400.4	396.6	408	409.3	409.4	397.9	366.7	338.3	313.7	304.3	291.4	283.5	282.6	282.7	284.5	293.4	297.4	293.7	288.3	284.4	233.2	149.8	121.2	116.7	119.9	121.7	124.7	130.2	134	140.2	146.8	148.7	152.8	157.2	163.5	170.6	173	169.1	162.2	167.9	172.1	169.6	169.8	176.5	180.7	188.9	193.4	186.8	186.4	187.5	182.1	178.6	169.5	165.6	161.9	163.6	167.1	161.6	149	130.8	103.1	74.2	52	39.4	33.1	35.9	37.6	42	53.2	63.7	71.8	76.7	77.2	75.1	71.8	69.2	63.7	57.4	53.6	50.2	44.2	41.7	37.5	39.7	48.6	59.5	65.5	85	116.1	130.7	143.7	150.1	151.7	158.7	173.5	180.9	181.6	189.1	189.6	181.1	173.1	164.1	158.4	162.2	167.6	168.9	174.4	175.8	176.8	176.4	177	178.7	175.3	171	165.8	161	154	146.1	144	141.9	137.9	134.5	128.5	127.5	124.6	125	121.1	116.8	116	114.7	113.6	112.9	111.9	111.5	112.4	119	130.6	150.2	204.1	271	266.6	261.5	256.4	256.3	269.7	280.6	290.2	294.5	296.3	305	325.6	355.3	376.4	376.9	379.4	387.5	386.7	381.7	383.9	390.4	393.4	388.5	384.7	381.1	379.2	380.2	377.5	381.1	381.1	386.4	384.5	383.2	385.4
433.1	431.4	429.5	426.7	425.4	423.7	422.3	421.2	420.3	419.4	417.9	417.2	416.5	415.3	414.7	399.7	412	411.4	410.9	410.4	406.1	409.7	409.5	409.2	408.8	405.4	393.9	404.9	377.6	337.6	318.9	307.1	302.9	300.2	294.8	284.2	285.2	295.4	299.3	297.9	293.5	285.3	242.9	155.2	120.3	114.6	115	116.2	119.2	124.2	131.9	139.1	143.8	144.1	145.7	147.8	155.5	160.4	163.1	158.4	154.8	160.8	163.9	160.4	162	167.1	175.1	182	183.9	178.9	179.8	177.6	172.3	171	164.7	159.9	159.9	165	163.5	153.4	142.9	129.5	100.4	74.4	56.7	45.4	40.9	41.1	40.5	43.5	48.8	54.6	59.6	63	64.3	64	63.6	61.3	57	53.6	52	49.5	47.2	44.5	41	39.2	39.9	47.4	56.8	78.2	109.9	130.8	141.3	149	152.7	159.1	170.1	176	179.6	185.2	186	176.3	168.8	160.2	154.6	154.5	161.9	166.3	166.5	168.6	169.6	170.1	169.7	172.4	169.3	164.7	160.8	156.5	149.3	141.9	142.2	140.4	135.8	130.1	123.3	122.5	120.7	121.4	119	117.2	115.4	112.3	111.1	112.5	110.8	111.1	113.9	120.3	134.2	155.1	208.3	273.5	272.4	267.3	262.5	263.6	276.3	287.5	297.9	301.8	302.3	317.7	334.7	355.9	379.9	390.6	388	391.9	389	377.4	373.3	380.7	391.2	391.6	379.7	378.3	382.1	379.6	378.4	377.2	378.1	389.9	391.3	385.7	377.1
433.5	431	428.7	426.4	425.2	423.6	422.9	422.1	420.6	419.5	418	417.2	416.4	415.3	411.1	407.4	412.6	411.4	411	410.4	406.1	409.6	409.4	409	408.9	403.4	394.5	409.4	392.6	345.6	318.4	305.3	303.2	305.8	303.2	289.2	288.5	296.8	300	295.9	290.3	284.5	258.7	175	120.4	112.9	112.9	111.7	113.8	121.6	128.7	138.1	138.4	134.3	137.8	142.1	142.7	147	146.7	141.3	138.9	146	152.1	154.5	156.8	160.3	166	172.4	172.6	170	167.2	156.5	153.4	155.1	153.2	146.9	145.5	145.9	143	134.4	126.4	110.4	94	76.8	60.8	50.7	44.8	44.6	43.2	44.2	46.7	47.7	47.3	48	51.6	51.3	51.5	50.3	48	47	44.7	43.6	42.4	40.5	39.1	39.5	42.4	48.3	58	74.6	90.8	110.3	122.3	125.5	136.6	150.6	155.1	161.7	160.3	157.2	162.2	158.1	155	151.8	148.8	147.1	149	154.5	157.6	160.2	160.8	162	158.2	158.2	157.3	153.1	149.4	145.4	141.8	138.3	136.6	135.9	131.6	125.2	118.6	118.5	119.4	119.2	118.5	116.4	116.5	113.4	109.1	110.6	109.7	109.5	113.1	124.7	147.9	179.9	247.7	274.8	275.2	269.8	266.3	275.7	287.7	291.2	298.6	303.1	303.4	323.9	347.7	358.6	372.6	383.5	388.9	391	391.6	371.9	366.9	378.4	385.7	390.3	378.5	370.3	377.7	381.1	380.2	383.4	382.3	390.6	397.4	387.6	379.7
433.5	433.1	429.7	428.7	428.1	426.8	425.1	419.2	418.8	420.4	418.5	416.5	416.8	416.1	412.8	414.3	414.4	412.6	411.4	406.9	406.5	410	409.9	408.8	409	408.9	407.7	407.6	389.2	365.6	330.1	306.6	302.9	305.2	309.1	301.9	303.7	305.9	298.9	294.8	284.9	276.1	259.9	195	124.3	112.7	111.9	110.9	110.6	118.5	125.4	133	131.8	130.4	131.5	135	138.9	140.6	140.1	133.2	134.2	144.5	146.7	151.6	153.1	154.7	160.4	167.7	167.4	161.4	157.4	152.2	151	150	150.4	143.3	137.2	138	138.6	134.1	118.3	96.5	86	75.9	60.9	52.5	50	47.9	46.8	47.1	48.1	49	48.1	48.9	49	49.3	47.5	45.7	47.3	48.3	47.2	47.3	46.5	46.9	44.8	43.9	46.7	49.8	57.9	70.8	81.2	100.3	115.2	124.3	136.8	144.6	145.5	154.9	154.6	151.7	153.5	152.1	151.7	150.9	148.5	145.1	143.7	145.1	149.5	150.8	151.7	155.2	151.5	149.8	147	142.9	138.9	138.1	136.1	137.1	134.5	133.8	128.7	124.9	114.9	111.6	117	114.3	112.5	112.9	112.5	111	108	108.4	108.5	108.4	110.2	123.9	150	186.3	256.6	281.5	283.2	274.6	272.6	288.5	302.6	305.3	304	304.8	311.9	353.3	383.8	382.5	380.7	384	380.2	384.7	386.8	384.7	373.2	378	382.7	383.9	378.6	375.8	380	387.9	388.3	390.3	393.7	398.8	404.9	399.8	393
433.5	431.8	429	429.6	428.5	426.5	423.8	417.2	421.6	419.4	417.5	416.2	416.4	415.7	414.7	412.1	413.6	411.7	410.8	406.7	404.3	409	409	405.1	406.2	408.1	406	405.4	394.6	379.8	337.2	307	299.7	299.9	302.3	300.5	306.3	305.7	297.4	292.5	283.3	274	264.9	195.8	125.9	111.4	108.9	109.2	111.5	117.6	122	128.3	128.9	127.6	126.2	128.4	128.6	128.7	129.1	132	137.4	142.4	141.6	142.7	144.8	148.2	150.7	158.7	154.4	141.7	138.8	144	148	146.7	141	131.6	126.1	123.9	123.4	121.6	105.1	87.9	82.1	77.5	68.6	60.3	58.9	55.6	56.6	55	52.5	52.1	52	51.3	49.2	47.2	47.5	46.2	46.9	49.6	51.3	51.6	51.5	52.7	49.9	50.8	52.3	55.2	61.3	64.5	70.2	82.1	100.6	110.8	121.8	125.2	123.7	131.9	139.5	139.9	133.4	135	142	144.9	146.5	145.4	138.8	139.6	138.1	138.7	141.2	143.3	142.7	140.7	137.4	134.3	129.9	130.4	129.8	128.4	127.2	127.5	122.5	117.2	110.7	107.4	112.2	110.4	108.2	110.1	108	106.4	108	107.2	107.5	107.8	106.5	121	149	180	240.2	288.4	289.1	281.2	291.5	305.1	307.7	307.9	306.5	301.6	317.7	362	383.5	386.7	386	387.7	386.7	384.3	385.5	387	384.6	377.7	379.4	383.4	385.5	382.4	385.2	388.9	390.7	387.7	385.8	392.6	399.6	399.8	397.5
432	433.5	433.5	433	429.8	425.5	420.8	423	420.8	420	412.4	414.9	415	415.8	412.8	403.7	403.1	408.4	409.1	399.6	399.1	408.1	409.6	407.5	401.8	396.4	392.7	404.6	408.4	400.4	370.5	325.1	306	300.9	297.8	297.5	301.8	300.9	294.4	286.2	275.5	273.6	262.5	185.7	130.6	111.8	108.9	107.7	109.8	116.8	120.4	126.1	128.1	128	127	124.4	123.2	125.1	126.5	130.8	134.6	133.5	134.5	134.4	138.2	140.8	145.1	148.4	143.6	134.7	136.6	143.1	146.5	145.6	136.9	128.4	124.3	123	122.9	118.5	110	99	88.3	79.8	75.3	72	74.3	73.8	73	68.2	61.7	62.6	62.4	59	54.7	52.5	51.8	52.4	54.6	58.3	63.7	68.3	67.1	64.7	62.7	60.5	60.5	63.4	67.1	68.4	80.7	93.1	104.9	112.1	116.8	120.6	120.7	126.3	134.9	133.3	126.3	130.5	135.5	136.5	139.5	138.6	136.3	136.9	132.3	132.9	134.4	133	134.1	136.7	136.6	133.3	129.1	127.4	126	124.2	123.4	123.1	121	112.4	106.4	106.2	108	108.8	108.6	111	109.5	106.3	108.4	108	107.8	107.2	104.8	118.6	144.8	181.6	243.5	291.2	291.9	288.9	300.5	305.5	304.2	303	307.2	306.5	346.1	388.2	384.3	381.5	382.3	384.9	388.4	387.9	387.5	387.9	385.9	377.2	385	393.9	397.3	394.3	391.6	381.7	386.3	385	382.8	384.6	392.6	395.1	393.7
427.8	432.6	433.5	433.2	429.4	426.7	422.1	422.9	419.2	420.1	415.6	413.2	415.4	416.1	415.4	401.9	401.2	410.3	407.9	396.1	398.1	407.3	408.8	400.3	394	394.8	391	403.4	406.3	401.9	380.6	329.7	303.3	297.6	292.5	295.8	300.2	299.9	293.9	283.9	274.9	274	277.8	217.1	146.6	114.3	108	104.5	109.3	115.2	120	123.6	124.3	126.1	122	121.7	120.5	123.2	127.5	129.8	126.7	127.5	130.1	133.1	134.5	138.1	138.7	133	131.4	135.5	139.6	138.8	136.6	130.7	126.7	128.4	127.5	125	123.8	118.9	111.9	105.8	98.1	90.8	86.3	83.8	84.2	81.4	82.5	76.7	71.7	70	67.8	63.8	60.5	59.9	56.4	57.8	63.4	66.7	70.3	77.5	80.5	79	75.9	73.1	72.3	73	73.8	73.6	82.4	93.4	99.8	106.9	110.1	113.6	114.5	118	121.7	124.1	121.5	123.3	129.1	128.9	126.9	126.4	131.3	132.1	130.2	128.7	131.3	125.4	125.4	128.7	128	129.9	126.8	121.2	119.8	119	114.7	111.8	112.5	111.4	107.1	104.2	106.8	109.7	107.7	107.1	107.9	107.7	106.2	105.8	105.5	106	104.4	118.9	142.5	208.3	283.6	290.6	292.7	301.7	306.1	301.8	297.6	301	307	312	355.2	389.4	385.7	377.7	375.6	381.7	388.2	388.5	390.9	394.4	389.7	376.9	386.1	396	400.6	395.7	391.8	377.4	378.7	383.5	381.7	386.9	391	391.3	391.1
432.3	433.5	431.1	423.4	425.8	426	423.1	422.5	414.6	412.4	417	416	417.5	416.9	416	412.6	414.9	410.5	399.1	397.6	407	410.1	409.6	406	403.7	408.9	408.6	408.7	399.4	401.9	391.5	359.1	311.2	294.5	289.2	289.8	294.8	296.1	289.8	280.2	284.2	299.3	286.3	233.8	158.2	112.2	104.3	101.9	108.2	112.7	117.3	118.8	121.3	123.8	120.8	120.5	119.1	119.2	123.5	129.1	127.2	127.5	130	131.2	133.6	136.4	133	125.9	128.3	133.5	134.5	130.9	125.7	120.1	119	120.2	120.1	119.5	117.7	113.9	110.4	107.7	103.9	94.2	89.6	90.2	91.3	87.8	86	84	81.5	81.7	77.3	76.7	75.1	75.8	72.2	73.2	76.8	76.8	79.5	86.8	90.2	89.9	86.2	83.5	83.7	86.7	89.2	86.4	88.3	94.8	99.6	101.2	103	108.3	109.5	112.9	115.1	118	113.1	114.5	120.6	121.3	119	120.1	127.1	130.2	128.7	125.9	124.9	121.7	121.5	121.5	120.1	123.5	124.3	119.8	119.7	117.4	110.5	107	107.6	110.9	107.5	104	105.8	107.6	106.8	105	106	102.6	101.5	103.2	105.5	120	121.6	119.6	137.8	210.9	280.1	287	291	298.5	300	297.5	298	305.5	310.4	337.5	375.7	385.1	385.3	382.7	376.8	389.6	387.6	385.3	389.6	398.3	399.1	385.6	387.3	390.9	393.1	394.9	397.7	395.3	388.3	389.4	383.6	387	391.3	393.6	387.4
433.5	433.5	425.1	424.9	427.3	424.3	417.8	419.9	414	411.9	418.8	417.9	417.4	417.1	416.4	415.3	414.3	405.6	399.1	401	408.2	410.1	409.6	409.6	409.4	408.9	408.7	408.8	402.9	405.9	401.3	382.5	332.9	296.8	283.6	286.8	294.2	294.4	288.8	282.3	289.3	301.5	291.3	256.2	167.5	115.3	104.3	100.9	108.5	109.2	111.7	115.7	115.3	112.6	115	115.6	114.1	113.5	120	123.3	123.6	123.9	125.4	127.5	126.2	125.6	120.8	121	125.6	128.8	130.1	126.7	119.2	119.1	120.3	121.5	124.9	118.7	116.4	113.2	113.7	113.4	106.9	99.1	97.3	94.7	95.2	91.9	87.8	89	92.2	89	86.9	87.2	84	83	82	81	82.5	84.6	88.5	94.2	96.1	95.2	94.9	89.9	91.3	92.9	92.7	91.7	92.3	96.9	101	102.3	102	109.4	113.7	114.6	112	106.9	104.6	107.2	112.1	110.3	111.8	112.8	116.7	120.9	120.3	124.5	123.8	121.2	118.9	114	111.4	115.1	119.4	115.7	115.3	117.6	112.4	105.7	102.7	101.6	101.3	102.4	104.7	106.7	109.4	104.2	101.4	98	98.6	104	103.8	120.1	140.6	134.5	171.5	258.5	277.6	284.8	293.5	300.2	299.4	298.5	303.2	306.8	313.8	351.4	376.7	382.6	384.1	383	382.8	390.8	386.8	383	385.7	391	395.4	390.3	389.1	391.8	391.4	392.7	399	399.4	395.2	394.4	386.9	388.3	394.3	396.7	392.6
433.5	433.5	433.5	427.2	426.7	429.6	424	424.7	424.5	418.2	420.1	418.5	418.2	417.9	416.9	410.8	401.4	401.7	406	410.3	410.2	410.2	409.9	406	402.4	407.4	408.7	408.5	405.2	407.2	406.6	392	358.5	309.9	281.5	283.2	294.5	301.3	305.9	317.5	320.7	316.6	297	273.2	179.2	119.1	103.4	99.1	104.4	109.3	111.4	110.7	111.9	109.6	112.9	113.1	110.9	113.2	118.5	121.3	122.8	122.1	122.3	124.9	123.3	123.3	119.3	119.6	122.6	123.5	123.5	117.7	106.8	111.9	115.2	114.2	114.8	112.3	112.3	107.7	105.1	107.5	102	100.4	100.2	97.9	101.7	98.3	94.1	98.3	101.7	101.1	100.5	98.3	95.3	91.8	90	90.5	93.6	96.9	102.3	104.4	103	100.6	103.2	102.4	99.5	97	96.3	95.5	97.5	99.7	102.7	104.9	100.4	104.6	108.3	105.8	103.7	101	99.9	101.6	106.3	101.1	102.2	103.3	106.5	111.1	116.5	121.3	120.9	118.3	116.8	111.1	108.8	113	118.3	114.5	109.4	110.5	109.1	104.7	102.4	100	98.7	101	103.9	106.9	107.5	100	97	97.4	101	104.8	109.2	127.7	149.5	159.8	201.3	274.9	275.8	281.5	288.8	296.9	300.4	303.1	303.3	315.6	346.4	379.3	391	392	396.1	385.3	377.8	384.7	384.2	377.7	382.1	383.3	388.6	388.1	382.3	374	384.8	382.5	386.8	389.7	385.6	389.7	392.8	391.1	396.6	400.6	401.7
433.5	433.5	433.5	425.7	428.5	431	427.6	423.8	423.1	416.6	420.6	419	418.6	417.9	417.2	409.1	401.7	404.7	408.7	410.4	410.2	410.1	409.9	402.7	404.9	409.4	408.9	408.7	404.1	404.8	406.1	395.8	364.4	312	281	285.8	304.2	309	314.6	324.9	322.6	321.2	309.7	281.4	223.7	160.2	117.4	104.1	106.8	108.6	109.7	113.3	111.6	110.6	110	108.5	109.8	113.9	120.6	122	121.1	115.8	113.5	112.8	113.5	116.9	115.4	116.2	122.9	123.7	122.8	117.2	109.7	107	111	111	111.6	111.1	112.6	113.4	110.4	107.7	105.8	103.3	104.7	104.4	108.4	109.2	110.7	110.2	112.5	116.1	117.9	125	130.1	127.2	119.6	113.7	113.5	116	116.2	116.2	114.4	112.1	112.9	114.2	112.8	105.3	104.7	106.9	105.6	103.1	103.2	107.8	104	102.1	101.6	104.4	101.7	99	97.4	96.6	98.3	97.4	95.2	96.2	98.3	100.8	110	117.7	122.7	121.9	121.5	116.2	109.3	108.1	111.4	113.8	109.2	106	105.7	102	100.9	100.1	98.4	98.6	100.3	100.5	101	100	97.6	97.6	99.4	103.1	111.1	127.3	145.5	174.9	241	285.8	278.2	279.7	291.3	297.2	300.6	303.1	303.8	325.2	357.7	377.5	390.1	392.9	393.7	384.6	377.4	386.4	389.1	378.6	385.7	385.6	387.3	386.4	382	370.3	374	380.4	382.4	385.2	384	391.5	399.2	394.8	398.3	401	399.9
432	431.7	425.5	420.2	432.1	432.5	426	419.7	423	423.6	422.2	419.6	418.2	417.6	417.4	416.3	416	415.1	413.3	411.3	410.2	410.1	408.5	403.9	408.9	409.5	408.3	400	404.5	407.6	399.7	400.6	400.8	368	341.3	329.8	339.2	329.7	332.3	332.4	327.6	322.5	315.2	282.5	248.4	181.2	124.5	106.1	105.3	106.3	108.3	114	114.4	112.8	112.3	108.5	108.3	112.9	118.2	121.2	117.4	113	112.6	110.9	111.2	115.6	112.3	112	114.7	113.4	111.8	110.5	105	100.9	105	107.1	105.9	106.7	109.2	109.5	103	105	108.5	108.7	106.8	106.8	112	116.2	119.7	118	118	121.2	125.9	133.1	139.2	141.5	127.7	119.4	120	120.1	122.3	122	118.9	118.1	119.8	118.9	115.5	109.8	109.9	111.2	110.8	108.8	106.1	106.4	105.1	100.8	99.7	101.3	99	94.9	91.5	90	93.4	92.7	91.2	94.6	95.9	95.7	101.6	109.5	121	124.5	126.9	120.8	111.4	107.6	108.8	111.9	108.7	106.8	105.7	101	98.3	98.8	99.2	99.6	98.5	98.7	97.5	97.9	98.5	96.4	99	102.2	120.4	139	146.7	176.6	244.7	303.1	304.7	305.1	316.4	319.9	319	320.9	338.8	373.5	385.5	383.6	387.2	384.2	385.4	385.6	380.6	374.9	385.8	381.8	386.8	387.9	384.1	383.3	385.8	377.3	370	382.5	384.5	384.2	383	394.1	396.4	388.7	394.2	401.8	400.3
433.5	430.1	425.6	426.1	432.6	433	423.9	420.1	422.8	423.9	422.4	419.3	418.1	417.5	417.5	416.5	416	415.1	413.6	411.4	410.3	410.2	406.1	403.3	404	409.5	408.9	403.5	406.1	408.8	404.9	404.8	386.4	362.9	350.2	332.5	337	327.4	330.4	331.7	328.3	322.6	316.7	290.6	270.4	214	143.8	111.3	106.1	106.6	107.4	109.9	111.9	116.1	114.4	111.9	114.5	117.4	120.9	121.2	117.3	111.7	105.7	105.7	108.8	110.2	108.7	109.2	111.4	108.7	108.1	102.1	96.4	95.4	100.4	102.1	105.6	107.1	109.5	106.4	98.5	99.3	104.7	105.9	106.3	105.3	110.5	117.4	121.9	122.2	124.5	130	138.6	143.6	152.3	151.8	139.3	131.4	130.4	131	130	126.8	123.6	122.2	120.7	118	116.4	114.1	116.1	114.5	110.1	111	111.6	106.9	103.7	101.6	98.8	97.1	92.8	91.3	90.9	87.4	87.5	88.2	89.4	90	93	96.1	99.2	104.9	112.2	120.6	127.6	126.3	119.7	111.8	112.4	114	112.6	110.9	109	104.2	101.6	100	96.2	98.3	98.8	98.1	97.3	95.9	96.2	96.9	99.6	104.5	124.7	144.8	161.4	223.5	279.9	299.2	312.3	334.4	335.5	329.3	326.9	337.5	359.8	380.8	388.5	383.7	386.3	387.2	386	388.4	383.3	368.2	378.5	382	385.1	388	383.1	381.2	384.7	377.2	372.8	383.5	386.8	383.9	373.2	382	391.1	391.6	399.5	403.7	405.3
430.7	431.1	433.5	433.5	433.5	432.4	430.1	427.9	426.1	424.3	421.7	418.3	418.8	417.2	417.7	413.9	411.1	415.6	414.2	412	410.4	408.7	398.5	401.8	402	405.1	409	408.7	408.6	408.5	408.9	405.1	383.1	369.2	366.3	350.7	341.2	337.5	331.7	330.3	330.1	324.4	317.2	290	272.4	227	159.3	114.4	105	105.3	107.4	108.1	111.6	116.8	114.9	113.9	118.6	123	125.6	125.3	120.7	114.1	107.2	103.4	105.8	105.4	101.1	100.9	103	96.6	96	89.9	89	92.3	94.9	96.4	99.5	100.9	101.9	99.3	94.1	93.9	100	102.8	101.6	104.9	110.3	113.3	116.5	120.5	124.3	130.7	139.1	145.3	151.2	148.6	140.9	136.1	133.4	129.1	125.6	126.9	121.2	118.7	118.8	118.3	116.5	114.4	116.4	110.8	106.8	107.8	109.2	106.6	103.2	99.4	95.1	94.8	91.1	87.9	85.8	81.8	81.7	82.7	84	84.9	87.1	92.6	94.2	100.6	108.1	119.6	124.3	123.6	119.6	112.3	114	116	112.7	109.9	106.1	104.8	102.6	100.9	99.6	99.3	99.9	98.9	96.2	95.2	96	97.8	101.1	107	133.7	154.6	176.9	251.7	299.9	297.3	303.6	326.4	332.4	336.4	357.4	376.8	376	371.3	392.2	393.1	381.2	385.7	387	392.5	393.6	382.7	378.7	383.6	379.5	388.6	386.6	388.8	394.2	393.2	390.3	394.1	395.5	386.9	374.2	382.3	389.7	389.6	397	400.8	401.7
433.5	433.5	433.5	433.5	433.5	432.2	430.1	427.8	426.4	424.4	421.8	420	419.3	418.9	418.5	413.2	415.2	415.6	414.3	412.4	410.6	409.2	401.6	407.3	408.2	407	409.2	408.7	408.6	408.5	408.7	395.5	374.9	368.2	364.8	358.5	349.4	339.5	330.3	328.8	328.3	324.9	318.7	298.9	275.2	270.9	219.6	130.6	110.8	109.1	107.4	111.3	115.7	118.9	118.7	120.7	122.4	125.4	126.3	126.3	123.4	119	113.4	105.9	101.5	100.1	98.3	95.2	89	83.3	79.5	77.2	79.7	84.1	85	84.7	86.4	88.3	89.6	89.2	86.4	89.8	95.1	96.2	96.7	101.7	106	105.4	107.9	111.5	112.9	113.8	117.4	123.5	126.7	121.7	118.9	119.3	116.4	114.1	110.5	111.5	111	109.6	109.8	109.8	107.8	106.1	105.3	100.5	99.1	99.6	100.2	96	93.7	94	91.2	88.6	88.3	84.4	81.4	78.7	78.5	79.4	81	81.5	81.9	85.3	90.1	96.2	104.7	119.2	125.8	129.2	127.4	119.1	116.1	117.1	117.1	111.8	107.5	106.4	103.2	101.9	100.3	101	98.7	97.8	96.2	95	95.6	100.7	104.1	109.1	138.6	171.5	237.8	302.4	310.2	317.4	319.7	327.6	332.1	342.6	370.5	385.5	381.7	372.8	385.9	390.8	378.2	372	373.8	389.7	395.1	390.9	381.2	384.5	375.9	379.8	388.7	392.1	399	392.9	389.1	398.2	398.2	391.3	382.4	384.4	390.7	392.7	395.9	396.3	393.9
430.5	433.5	433.5	433.5	433.5	433.5	431.6	429.3	426.8	424.2	422.5	421.6	420.6	419.5	418.5	417.4	416.4	415.8	415.3	413.8	411.3	407.8	410.1	409.9	409.4	409.3	409.3	408.8	408.6	408.5	408.5	392.1	373.4	368.2	353.8	365.2	376.5	369.9	335.6	324.2	327.8	327.5	320.3	293.5	277.9	272.5	236.8	143.7	116.8	110.7	106.1	109.7	115.3	117.1	120.4	124.1	125.4	126.9	126.2	125.4	123.7	121.7	116.8	107.1	101.5	95.2	91.1	82.9	75.3	73.3	71	72.1	76.3	76.2	77.4	77.1	77	78.2	79	79.4	85.1	88.4	90.7	92.7	96.1	98.5	102.8	101	95.9	95.1	95.1	101.1	108	110.3	114.4	113	110.6	107.3	104.1	98.4	90.3	92.7	92.1	95.3	98.8	101.7	102.4	103	100.7	96	93.4	93.4	94.5	92.8	86.2	84.2	86.7	86.1	85.7	83.2	80.9	76.2	75	77.1	78.8	79.5	78.6	81	84	91.2	101.5	119	125.5	129.8	128.2	122.8	116.9	115.3	118.8	113.5	108.3	108.2	102.5	100.2	99.8	98.7	98.6	96	94.4	92.4	93.4	99.5	104.3	111.8	139.2	176.7	255.3	296.2	310.6	325.1	322.6	327.9	348.3	369.5	383.7	390.2	387.2	379.8	374.6	381.2	385.5	389.4	383.5	387.8	388.6	385.7	384.4	382	381.3	381	390	392.3	394.8	385.8	381.1	391.8	395.1	384.9	378.3	378.8	390	397	401.3	400.5	390.8
431.4	433.5	433.5	433.5	433.5	433.5	433.5	431.2	428.3	425.5	423.6	422.3	421.4	420.2	419.2	418	416.7	414.9	416.1	415.1	413	410.8	410.2	408.9	409.6	409.2	409.2	409.2	408.8	408.5	397.7	379.3	374.6	370.9	373.6	374.9	372.5	375.5	343.3	329.4	327.1	326.8	320.8	298.2	280.4	274	269.8	217	156.2	121.2	108.9	111.3	116.3	122.7	126.5	125.3	125.9	125	125	125	124.5	121.6	115.3	106.6	97.6	87.5	80.8	73.4	67.6	66	66.4	64.2	68.2	68.1	69.1	71.9	73.6	72	69.1	69.2	73.9	77.3	81.4	87.8	91	89.2	86.3	84.5	79.1	74.8	75.3	80	88.2	93	94.6	99.7	95.2	92.1	86.1	81.5	78.8	78.9	77.6	80.5	82.2	85.9	89.3	90.1	90	87.4	85.5	85.4	83.3	81.5	77.3	77.7	79.9	82.2	81.9	78.8	76.3	71.2	69.5	71.2	77.1	79.4	76	80.7	85.6	89.4	101.2	121.5	132.2	132	128.2	119.2	113	112.9	113.6	112.6	109.7	105.8	100.8	97.4	97.9	95	93.2	92.8	93.4	91.8	93.8	96	101.2	112.7	159.8	254.9	306.6	303	320.3	331.1	331.5	337.3	354.2	372.6	383.8	389.9	388.7	380.7	381.5	386.6	392.3	397.8	395	386.2	384.7	383.4	378.5	378.8	386.5	384.3	391.3	392.5	394.6	390.1	384.9	388.2	390	384.3	374.8	379.8	387.7	392	399.1	401.6	393.5
433.5	433.5	433.5	433.5	433.5	433.5	429.1	428	426.5	425.9	425	423.6	421.5	420.3	419.2	417.5	413.8	413.3	416.6	415.6	413	410.8	405.7	402.9	408.4	409.2	409.3	409	408.8	408.6	396.1	379.3	374.7	376.6	394.5	389	372	379.6	377.3	378.8	369.1	348.9	324.4	303.9	282.7	275.5	272.2	249.4	186.4	132.6	112.2	114.4	118.3	125.6	128.7	128.4	127.6	126.5	127.1	129.6	128.6	125.5	114.5	109.2	97.3	83.6	72.7	69.1	64	61.3	61.9	61.3	64.8	64.3	65.6	72	73.7	70.2	68.6	70.3	73.5	76	77.9	85	84.6	76.7	71.7	69.5	70.5	74.4	74.3	75.1	78.2	77.6	79	81.4	78.5	75.3	73.9	71.4	71.9	72.9	72.9	73.2	71.1	72.8	74.7	78.2	82.5	84	83.4	83	81.1	80.5	77.2	76.9	77	80.4	78.9	75.8	73	68.8	64.1	65.3	72	75.7	73.2	78.1	85.1	91.2	100.2	117.2	129.1	130.3	127.3	118.9	111.9	113.7	114.5	112.1	108.3	106.5	102.3	99.3	99.4	95.9	92.2	91.9	91	92.1	94.7	97	99.3	115.7	177.4	282.2	315.9	317.2	332.7	352.3	362	366.8	369.4	367.5	369	376.5	383.1	385.5	388.7	389.8	392.7	390.1	388.2	389.5	384.8	383.8	374.8	369.3	389.1	378.3	379.4	394.1	386.5	387.3	392.2	389.1	386.9	391.2	394.7	391.4	398.3	404.6	404	407.5	401.9
433.5	433.5	433.5	433.5	433.5	429.9	425.7	425.7	425.3	426.2	425.5	423.7	421.5	420	419.2	418.1	415.7	416.1	416.9	415.6	413.3	411	405.6	407.5	409.6	409.3	409.2	409	408.2	408.6	401.5	386.7	381.2	400.9	407.5	390.9	373.9	380.1	381.3	382.1	385.5	359.2	327	313.7	289.3	277.1	273.4	272.2	261.8	171	122.4	115.9	118.3	123.1	125	124.7	127.4	126.1	125.8	128.8	126.8	118.2	111.6	109.1	98.3	87.2	76.4	70	64.4	61.5	59.2	59.7	61.2	62	63.1	72.7	79.1	77.4	81.3	82.9	87.1	90.7	95.1	102.4	102.1	94.2	88.5	88.6	93	96.7	98.9	95.1	90	90.4	90.9	86.7	82.1	83.9	83.6	84	85.1	85.3	88.4	91.5	92.7	94.2	98.8	98.3	96.1	96.9	97.3	92.9	88.7	83.5	81.5	81.9	79.1	78.5	74.4	67.9	64.3	59.7	56	57.1	62.8	69.9	71.7	76.5	84.7	91.7	101.8	112.3	123.5	126.6	125.2	121.8	116.9	115.1	116.5	111.3	105.8	105.5	102	98.3	96.6	95.2	92.2	91.2	89.9	91.1	92.3	94.3	101	129.4	238.2	308.5	320.7	340.1	350.2	368.2	378.6	373	375.8	369.4	364.1	367.8	377.6	383.6	385.3	384.1	391.6	388.9	386.3	382.1	381.8	385.4	381	374.7	386.7	375.8	371.6	389.2	383.2	385.4	397.1	393.7	388.6	391.5	396.4	397.6	400	406.4	406.6	412.2	406.1
433.5	433.5	433.5	433.5	433.5	433.5	429.3	426.4	428.8	426.4	425.2	422.4	418.9	419.5	420.4	419.9	418.2	418	417.4	415.8	413	411.8	410.7	410.4	410	409.4	409.2	409.2	407.7	392.7	393.6	384.7	387.4	403.2	400	389.4	374.7	379.5	385.9	385.5	375.9	372.1	354.3	328	292	280.8	275.6	273.6	271.8	196.3	131.4	115.5	115.1	121.3	122.7	124.7	126.7	123.7	125.8	128.7	124.7	116	111.3	109	97.9	86.1	78	71.5	63.6	59.5	58.6	61.4	58.6	58.9	61.9	70	77.1	80.7	85.1	86.5	93.1	100.2	105.4	106	101.5	100.3	97.5	95.2	99.2	105.3	107	102	96.6	98	100.3	93.2	85.9	91	95.1	96.8	95	97.3	101.4	104.5	103.2	103.7	106.9	101.8	92.6	92.5	96	95.4	90.9	84.5	82.3	81.6	77.1	73.1	68.3	63.6	59.7	56	54.2	52.5	56.9	65.8	70.2	75.8	80.7	90.2	102.9	114.3	124.7	126.7	124.7	121.4	120	118.5	115.9	111.9	106.9	105.5	102.5	99.5	96.7	93.6	90.9	91.2	91.1	92.2	92.9	94.6	104.2	147.7	257.6	302.8	316.8	338.1	359.2	384.2	385.8	375.4	370.9	380.6	385	382.9	382	383.9	383.1	376.5	371.2	379.2	390	392.1	388.6	390.8	388.2	383.7	381.3	376.7	370.3	381.7	381.9	377.2	394.4	403.1	400.7	399.4	402.9	407.1	409	412.8	416.2	419	415.4
433.5	433.5	429.9	433.5	433.5	432.7	428.7	428.8	429.6	426.7	425.3	424.7	422.8	421	420.7	419.9	418.2	417.8	417.4	415.9	414.3	412.3	411	410.6	410.1	409.6	409.4	407.6	390.6	395.6	401	393.7	408.1	408.6	399.8	393.6	379.9	378.1	385.5	369.9	375.5	374.9	340.7	323.5	296.5	279.5	274.9	271.5	272.4	231.8	152.5	122.3	117.1	121.3	121.8	125	124	120.9	123.8	122.3	120	116.3	114.3	111.1	102.9	96.3	89.9	83.9	74.1	66.3	60.9	60.4	61.5	59.5	64.5	70.6	77	83.8	90.2	100.6	110.9	114.6	113.9	116.2	117	117.3	119.5	118.3	125.5	135.4	143.5	144.2	142	153.9	147.7	136.3	129.7	139.7	144.5	144.3	137.7	136.9	138.1	131.5	123.1	119.8	116.7	110	102.9	95.1	100	103.3	98.7	92.9	86.1	81	75.1	70.3	64.3	61.1	57.3	54	51.6	51.9	56.1	64.7	65.7	69.1	76.2	85.7	103.2	114.2	121.1	122.4	118.7	118.7	121.1	119.3	112.9	109.3	106.2	101.2	100.9	97	92.2	90.5	89.9	90	91.6	91.4	93.1	99.5	117	192	297.1	310.1	323	346.5	383.5	383.7	379.8	367.2	373.9	389.9	395	392.7	388.5	385.5	384.4	371.6	372.2	380.4	388.7	392.3	393.8	393.9	392.4	384.3	379.4	376.4	385.6	386.1	384.3	379.1	387.6	401.3	403.5	401.5	401.6	409	410.5	412.9	419.1	419.7	418.2
433.5	433.5	428.4	433.5	433.5	432.3	433.5	432.6	431.1	428.8	428	426.7	424.6	422.9	421.2	419.7	418.2	417.6	418.2	416.9	415.1	410.3	411.8	410.8	410.3	409.9	409.4	403.6	403.2	408.7	402.3	401.5	404.3	405.6	405.8	398.2	383.1	378.5	375.1	359.9	371.1	384.3	361.3	326.4	297.1	276.8	273.2	270.5	269.5	242.6	166.7	126.2	116.2	120	122.3	124.2	124.6	123.9	125.3	122.2	121.9	119.4	114.7	110.6	103.2	99	93.8	83.3	76.6	70.6	66.5	64.5	59.5	59.3	65.6	67.6	74	78.2	86.6	98.8	105.6	102.8	103.2	109.8	110.4	113	116.3	114.6	122.7	131.7	139.4	146.4	147.5	159.4	154.7	146.9	137.7	144.2	151.1	151.5	143.6	138.8	135.8	129.2	118.5	114.4	112.6	107.2	99	90.1	90.8	92.8	92.1	89.1	81.5	76.2	71.4	67.3	61.9	58.1	55.7	54.5	52.3	52	57.7	64.9	65.1	67.7	77.3	89.6	107.7	114.8	118.4	121.3	116.3	115.3	120.5	118.1	114.3	109.9	106.1	101.8	97.9	96	93.9	90.3	88.8	91	92.2	91.7	93.4	101.1	127.7	204.2	290.9	309.7	321.6	349.8	369	379.9	374.4	372.3	385.7	384.9	392	393.9	392	386.8	391	392.8	399.8	396.8	390.6	388.8	391.5	401.1	406.7	409.4	397.1	387.8	388.4	392.6	398.3	397	390.9	388.2	384.6	384.6	401.6	411.1	410.1	400.3	409.7	428.7	426.3
433.5	433.5	429.6	433.5	433.5	433.5	431.7	432.9	432.3	430.1	427	425.4	425.1	423.3	421.7	420.2	418.8	418.5	417.2	417.3	415.3	410	412.1	410.8	410.4	410	409.5	405.6	407.4	408.7	408.7	408.5	403.5	408.6	407.9	396.2	385.9	387.5	373.8	360.1	371.8	382.5	370.3	331.9	304.6	279.3	273.8	271.5	270.7	271.4	250.5	165.6	125.2	124.8	124.3	122	121.9	122.3	122.2	120.2	123.4	121.2	112.8	108.1	101.8	98.6	93.2	87.9	82.5	79.8	76.2	71.6	66	63.9	66.6	65.4	67.9	74	79.8	89.8	91.4	86.7	93.3	100.6	103.6	104.6	104.6	107	121.8	131.8	137.1	152.3	161.2	163.7	165.9	158.5	151	152.3	152.1	148.6	140.5	136.2	130	118.2	102.9	103.1	103.7	98.4	89.7	81.6	80.3	82.2	80.5	78.4	75.2	68.5	64.1	62	61.1	62.1	60.4	62.4	63.7	64.3	67.2	69.5	70.2	70.4	75.5	87.3	101.2	112.4	115	114.1	116	115.3	117.9	116.5	111.2	108.5	102.8	99.5	95.3	94.6	93.2	89.2	87.1	90.5	93.4	92.5	97.5	115.7	195	282.4	297	311.5	326.7	350.6	370.1	374.3	373.8	373.2	386	385.5	387.1	394.1	388.5	387.7	392	390.2	399.7	401.8	392.3	387.8	391.2	400.8	407.2	409.4	402.9	393.1	396.2	400.5	403.7	404.3	395.3	387.8	379.1	381.3	401	412.5	410.7	401	403.9	428.4	425.4
431.7	432	426	427.2	433.5	433.5	432	433.5	433.5	433	430.4	428.8	427.2	425.7	419.4	417	419.1	419.3	418.2	416.8	413.3	415.2	413.2	409.6	410.2	406.8	409.6	409.2	408.9	408.8	408.8	408.6	408.6	408.5	404	393.5	390.4	396.9	395.3	385.7	383	382.1	379.5	346.2	306.7	281.7	274.9	271.2	270.3	270.3	269.2	192.7	132.9	127.8	125.5	123.7	122.9	122.6	121	120	121.4	119.3	113.4	107.2	100.5	97.5	95.3	91.2	87.1	80.7	79	74.9	71.8	68.5	69.6	70	72.3	75.6	79.4	82.4	84.3	83.6	87.9	94.6	97.3	93.1	91.8	96.1	110	120.8	127.9	142.7	155.7	157	156.7	145.2	138.1	143	137.1	134.7	129.2	121.7	114	103.6	84.6	82.3	84.3	83.3	79.9	74.2	71.4	73.4	70.8	64.7	65.9	65.3	61.1	62.3	62.3	66	65.1	64.4	67	68	69.6	72	74.6	73.6	78.9	88.4	97.8	110.3	115.7	116.7	115.5	114.2	116.1	115.5	110.1	106.3	102.4	98.2	95.5	93.9	91.4	87.9	87.2	90	92.4	95.4	100.7	122.2	218.3	306.8	311.3	320.5	336.5	360.4	381.8	386.2	383.7	374.8	373.3	384.4	383	394.3	394.2	383.1	384.3	388	386.3	401	395.4	391	387.4	387.9	392	398.3	400.7	402.9	412.8	417.9	414.5	415.8	413.7	410.5	405.8	402.6	406.1	413.2	413.7	407.1	407.7	410.5	416.7
427.2	430.8	428.7	429.9	433.5	433.5	433.5	433.5	433.5	433.3	430.7	429.4	427.6	426	419.6	419	420.2	419	418.1	417.9	417.1	415.6	411.4	405.1	407.8	410.1	409.6	409.3	409	408.8	408.9	408.7	407.4	408.5	400.2	399.9	407.5	408.3	407.1	389.3	383.3	380.9	377.1	350.1	312.7	283.3	274.7	272.5	271.4	269.7	271.5	239.4	159.1	130	125.1	123	123.7	123.3	121.5	121.9	119.1	115.7	112.4	106.1	102	101.3	96.8	93	88.1	86.9	84.1	80	79	76.8	78.3	82.2	83.4	82.4	82.9	80.2	77	77.2	78.2	75.2	74.7	69.1	65.2	69.7	76.4	84.6	90.2	97.6	104.4	110.1	108.4	100.9	101.5	101.7	99.5	96.6	94.8	91.5	82.1	71.3	60.5	57.3	55	56.1	59.1	61.4	63.2	65.5	63.7	62.9	67.8	70.8	72	72.8	73.7	80.1	80.5	76.2	76.1	76.7	77.8	78.2	82.4	82.5	85.5	93	100.4	109.8	115.3	116.1	114	113.2	111.6	109.5	106.9	101.4	98.8	95.2	94.2	92.6	90.2	87.9	89.5	90.8	93.3	98	108.4	151.7	266.2	310.1	317.7	338.7	347	365.9	382.4	387.5	385.5	378.6	373.6	379.8	380	390.9	397.6	385.5	382.3	383.9	376.8	392.6	396.3	395.3	391.5	389.2	390.7	400.2	405.5	408.1	417.4	423.3	417.9	414.9	412.8	412.9	412.7	410.5	408.5	416.1	414.9	408.6	408.9	410	415.5
432.6	433.5	433.5	433.5	433.5	433.5	433.5	433.5	433.5	433.5	430.9	430.4	428.9	427.3	425	422.9	421.7	419.6	417.8	417.8	417.5	413.5	415	412.6	410.2	410.3	409.9	409.5	408.4	397.9	407.2	408.9	408.8	408.6	407.9	405.9	408.6	408.6	408.3	394.5	383.9	373.4	375.8	375.7	323.7	285.6	276.3	273.4	271.5	271.2	271.6	237.2	164.7	132.1	124.5	123.6	123.6	121.9	120	120	119.2	116.5	111.9	106.9	103.6	101.2	96.4	92.6	90.9	91.5	89.4	85.1	80.3	80.9	86.1	90.8	90.5	91.9	91.1	86.5	83.5	81	74.6	69.6	68.1	68.1	70.2	75.2	79.6	86.1	88.9	87.3	88.7	90.2	88.9	86.3	87.2	90	90.1	85.2	82.2	79.3	71.1	66.6	62.8	60	53.5	54	53.7	53.4	57	61.2	63.6	64.1	70.4	72.3	74.2	75.7	78.2	84.2	83.4	76.9	76.4	77.5	77.2	78.9	81.8	83.3	89.8	97.5	105.7	112.7	116.6	119	115	111.9	111.9	108.5	104.9	100.7	96	93.9	93.2	92.7	90.4	88.1	89.2	90.4	93.6	99.7	108.9	172.8	275.7	303.1	306.9	331.4	360.2	380.1	390.5	396.5	394.7	394.3	383.6	376.3	363.7	370.2	384	383.7	382.8	384	385.8	388.7	389.3	391.7	412.5	415.4	409.5	416.5	426.3	424.2	423.6	414.2	411.5	419.7	415.2	416.1	419.1	420.9	419.4	417.9	417	417.6	418.2	417.3	418.2
433.5	433.5	433.5	433.5	433.5	433.5	433.5	433.5	433.5	433.5	430	430.5	429	427.4	425.2	423.6	422.1	420.1	417.9	416.1	416.6	416.5	415.6	414	411.5	410.4	409.9	409.4	409.3	402.4	402.5	408.9	408.7	408.3	408.2	408.1	408.5	408.7	408.5	400.9	384	377.8	374.4	377.3	357.7	316.1	282.3	276	272.6	271.9	272.4	245	195.5	159.1	140.5	125.9	122.4	120.3	117.3	118.1	117.1	114	106.9	107.5	108.1	106.1	99.5	96.4	96.9	94.4	92	88.1	85.5	85.7	93.2	101	94.6	91.1	90.1	89.7	87.9	82	76.2	67.7	63.4	62.6	67.1	70	72.8	73.8	74.3	73.3	70.1	67.6	66.1	64	64.7	68	66.7	65.1	63.7	62.9	60.6	57.8	58.1	55.7	53.2	51.2	53.6	57.1	60.2	60	61	64.7	70.9	72.5	75.3	79.3	85.5	93.4	89.9	83.9	80.2	77.7	80.7	83.2	82.2	85.4	92.5	97.4	101.3	109.8	115.9	116.7	115.4	112.5	108.8	103.5	99.9	97.4	95.3	91.1	89	89.1	89.2	87.6	87.6	92.6	93.9	100.3	123.2	228.7	276.7	292.4	308.6	324.8	345.9	380.7	393.9	395.5	394.8	395	391.1	383.2	371.1	370	377.5	384.9	384.6	386.8	394.7	396.3	399.7	398.9	414.3	425.5	422.1	415.2	418.4	425.1	422	416.5	405.4	406.4	419.2	418.2	418.2	420	421.5	418.2	415.5	416.1	417.3	416	415.5
433.5	433.5	433.5	433.5	433.5	433.5	433.5	433.5	433.5	433.5	430.5	433.5	428.6	426.7	426.8	425.9	423.9	421.4	418.7	417.6	418.2	418.2	417.1	415.9	413.6	411	410	409.5	409.4	408.8	409.2	408.9	408.6	405.8	403.5	403.4	408.3	408.6	408.6	406.1	384.3	372.2	376.7	371	345.5	303	277	272.6	269.9	269.2	270.9	260.7	222	180.8	146	125.2	122.5	119.2	117.5	119.3	117	111	105.6	105.9	107.6	105.3	100.4	100.7	100.6	98.4	98.5	94.9	93	94.3	100.9	104.7	98.6	93.3	89.3	86.4	81.2	74.6	69.9	68.2	69.9	70.8	72.3	73.5	72.1	72.5	71.3	70.6	71.1	69.6	69.4	70.3	70.1	69.2	68.8	67	68.9	68.8	66.4	66.8	63.2	58.5	56.6	56.6	57.2	60.4	62.8	60.8	60.2	61.4	69.4	72.9	76.9	81.9	88.1	96.9	92.6	89.8	88	84.9	88	88.5	87.6	92.2	97	100.2	102.7	109.3	116.5	117	113.9	113.7	107.8	102.4	100	98.7	93.7	91.4	89.6	89.8	89.2	86.5	88.1	91.9	94.5	101.3	127.7	235.6	305.8	313.1	322.4	340.4	374.2	390.7	390.7	390.2	387.1	390.2	393.9	385.5	381.4	386.2	391.2	390.1	400.9	411.4	414.8	418.2	417.6	415.9	423.6	425.1	427.1	428.1	416.7	415.2	413.4	411	407.4	412.2	417.9	419.4	419.4	418.2	419.1	419.4	410.1	407	417	416.6	408.6
431.4	433.5	433.5	433.5	433.5	433.5	433.5	433.5	433.5	431.4	430.2	432.3	432.4	426.9	425.7	426	424	421.7	419.5	415.1	416.1	416.1	417.3	415.9	413.9	411.5	410.3	409.6	406.7	409.3	408.4	408.9	407.9	404.7	406.5	406	408.3	408.6	407.7	404.9	390.7	378.2	377	366.7	354.3	313.5	281.4	273.2	269.9	269.5	269.7	265	264.5	219.2	165.1	140.7	122	118.5	118.4	118	115.8	110	105.3	106.7	105.2	104.7	104.8	102.7	102	102.8	101.1	96.9	96.2	98.6	99.4	99.3	96.4	93	90.9	79.3	70.5	69.1	66.2	71.3	71.6	69.3	72.2	74.9	71	68.9	67.1	65.9	65.6	66.7	68.1	69.6	68.9	67.9	66.3	67.3	68.3	69.5	70.4	74.6	75.6	72.1	67.1	62.9	60.5	60.8	61.3	62.8	59.6	58	64.6	70.5	80.3	84.5	89.7	97.4	93.4	89.9	90.3	88.5	89.2	88.8	90	92.9	94.4	98.4	104.4	104	110	114.2	110.7	107.7	102.6	99.5	97.8	94.6	92.8	88.9	87.5	88.3	87.2	86.7	87.7	91.1	95.2	108.2	151.1	255.8	312.2	323.8	340.8	352.7	380.5	388	393.4	387	387	389.7	388.3	383.5	386.2	392.9	401	402.5	408.5	415.2	415.5	414.6	415.8	416.2	423.7	418.5	425.7	430.5	420	413.7	412.5	410.4	412.5	417	417.6	416.7	417.6	419.1	417	417.3	412.8	407.2	415.4	417.4	411.6
431.7	433.5	433.5	433.5	433.5	433.5	433.5	433.5	433.5	433.5	432.5	433.5	433.5	431.1	428.6	426.9	425.7	424.3	422.9	420	418.8	419.1	419	417.1	415.1	413.2	407.7	401	406.9	407	407.3	408.9	402.7	406.8	408.2	408.2	408.5	407.4	402.2	406.8	395.4	383.5	369.8	376.7	378.5	336	288	274.4	269.2	268.2	270.8	273	271.9	241.3	190.7	154	125.5	121.7	120.4	119.5	116.4	110.8	107	107.2	105.3	102.8	102.9	103.5	103.8	106.2	107	103.4	102.1	105.7	104.7	103.7	100	95.9	90	74.7	64.3	64.7	61.8	64.5	63.3	60.1	59	59.9	60.2	58.7	58	57.9	58.1	60.5	62.3	64.1	63.9	62.1	61	61.6	65.5	68	69.3	71.7	72.1	70.9	66.2	64.3	61.6	60.7	60.4	63	61.6	59.4	61.8	71.3	83.4	86.8	92.6	102.3	99.7	97	95.1	96	96.9	96.2	94.9	95.7	95.4	100.6	105	105.5	109.3	112.6	110.9	106.3	102.1	99.5	98.7	95.7	93.7	91.3	90.1	90.2	88.8	87.7	88.8	92.6	98.5	111.8	166.4	278.4	312.3	323.2	343.3	362.1	377.4	391.6	393.5	388.9	390.2	397.3	401.2	391.6	399.3	413.3	422.1	417	408.6	411	413.4	411.3	410.1	414.6	415.8	409.5	408.3	417.3	417.9	415.8	420.3	418.8	417.9	423	419.7	415.2	411	409.2	410.4	410.1	410.4	412.2	413.4	413.4	419.4
432.3	433.5	433.5	433.5	433.5	433.5	433.5	433.5	433.5	433.5	433.5	433.5	433.5	432.1	429.3	427.4	426.5	425.4	423.9	422.1	421.1	420.6	419.4	417.6	415.4	413.9	404.5	401.9	409.3	404.3	409.3	407.1	398.3	403.8	408.3	408.5	408.5	404.9	401.6	408.2	400.8	388.6	375.5	376.9	376.9	344.4	300.1	276.1	270.2	268.1	269.4	272.2	273.5	275.7	247.9	201.9	148.5	126.2	119.5	118.8	115.7	112.8	112.3	109.2	106.3	103.2	101.8	103.4	103.6	104.1	103.1	103.5	105	109.6	109.8	108	100.4	92.6	84.8	70.2	65	63.8	63.8	59.2	55.6	55.9	53.5	52.8	53.7	50.4	50.2	49.8	51.3	55.1	56.1	57.9	60.5	57.9	55.4	55.2	56.9	59.8	61.4	64.8	65.1	60.5	59.4	62.5	62.5	59.1	58.1	60.4	60.9	62.8	63.4	72	83.2	86.7	93	97.1	98.8	98.1	97.9	97.5	96.7	95.7	94.4	94.4	95.3	98.4	102.5	106.4	108.8	108.6	106	102.1	100.8	96.7	95.8	93.3	89.9	90.4	88.8	87.3	87.1	86.4	90.5	93.8	101.2	116	193.1	293.5	307.1	317.5	341.5	365.9	381.1	393.3	395.4	388.4	390.9	399.8	402.1	395.7	400.7	415.2	419.7	416.1	402.7	410.7	411.6	411	408.9	410.7	413.4	412.2	409.2	415.8	417.6	415.8	421.2	421.2	420.3	418.8	420.9	417.6	412.1	408.3	410.1	410.1	410.1	413.1	416.1	413.1	418.2
432	433.5	433.5	433.5	433.5	433.5	433.5	433.5	433.5	433.5	433.5	433.5	433.5	430.8	429.7	424.5	426.8	426.8	425.7	424.3	422.6	421.5	420.6	419.6	418.6	413.3	409.1	411.8	410.3	409.9	407.6	403	406.2	408.6	408.5	408.5	408.6	403.7	406.2	402.7	395.1	383.8	370.7	376	375.7	361.3	317.1	282.9	270.7	266.2	267.7	270	273.1	275.6	276.5	247.6	180.6	141.8	124.9	118	116.1	115.7	111.6	109.2	107.1	103.4	103.5	103.2	106.3	107.1	106.1	105.7	105	110.1	112.7	107.2	98.8	93.1	83	72.4	66.6	64.5	63.4	59.1	56.7	54.5	52.2	50.7	51.9	50.5	50.6	50.7	52.9	53.9	55.7	55.2	55.7	55	52.7	52.3	53.5	55.6	58	60.1	61.3	60.4	59.2	59.8	61.6	61	59.7	61.7	67.1	67.5	68.6	70.4	82.3	90.7	94.1	97.5	101.2	101.2	99.7	95.5	94.8	95.9	97.8	98.4	97.6	99.4	102.2	104.2	105.5	105.6	102.4	100.8	100.1	97.6	94.9	91.6	88	87.3	86	85.6	84	86.3	88.5	93.1	98.7	111.4	173.6	261	300.8	321.1	342.5	371.6	380.2	393.7	400.8	393.3	396.6	411.4	413.2	415.9	414.9	405.5	417.1	418.2	410.5	411.8	413.4	409.5	412.2	413.7	413.1	416.7	413.4	410.1	411.2	409.7	413.4	414.9	415.8	414.6	415.2	420.3	420	417.6	416.1	417.6	417	416.1	418.8	414.9	411.6
432.9	433.5	433.5	433.5	433.5	433.5	433.5	433.5	433.5	433.5	433.5	433.5	433.5	430.2	430	427.6	427.2	427.3	426.2	424.9	423.5	422.4	421	420	419.5	413.1	414	412.4	410.6	408.6	407	408.8	409	408.6	408.6	408.7	408.3	401	398.6	392.9	378.4	370.8	371.6	376.2	378.6	361.1	325.8	290.2	272.7	267.9	267	269.2	272.9	274.6	274.9	265.9	175.2	134.5	126.8	120.4	117.1	114.9	110.3	110.4	106.8	104.9	104.5	103.4	105.1	107.5	106.9	106.1	104.6	108	110.6	104.9	95.1	89.2	81.9	74.2	70.8	69.2	67.5	59.3	56	54.7	51.6	52.6	54.2	52.9	53.1	57.2	58	58.8	55.6	55.3	56.7	60.4	60	57.4	56.2	56.8	58.1	59.4	59.6	59.2	60.8	63.7	62.3	60.2	62.8	65.8	67.5	68.3	71.8	75.4	88	91.2	92.2	94.4	99	98.9	99.2	95.7	91	94.2	97.9	99	97.1	99.8	103	102.4	104.9	100.9	100	98.4	94.9	93.9	92.2	88.6	87.1	85.6	85.2	85.8	84.3	85.5	91.5	97.4	109	127.6	226.4	296.5	312.9	327.9	346.4	374.9	379.7	393.3	400.4	396	403.2	416.7	420.7	421.9	419.8	408	415.4	419.1	413.8	416.6	415.5	411.6	413.1	414.6	412.5	414.9	413.1	407.7	403.3	410.5	411	412.5	414.6	414.6	414.9	419.4	421.5	417.3	414.6	414.6	414.6	413.7	416.1	413.4	409.8
433.5	433.5	433.5	433.5	433.5	433.5	433.5	433.5	433.5	433.5	433.5	433.5	433.5	433.5	433.5	431.8	430.8	429.5	429.6	424.2	426.1	424.9	424	422	420.5	418.9	417.2	415.3	410	404.3	410.1	409.6	409	408.4	408	408.3	406.3	404.6	403.8	391	375.2	369.8	376.1	380.3	374.9	367.2	338.4	317.6	290.5	271.5	269.2	268.3	269.3	272.6	275.4	270	179.7	135.3	126.2	122.7	119.3	114.4	112.3	112.6	109.8	109.4	107	104	105.8	105.8	107.7	109	108.5	108.2	110	105.6	99.6	93.5	88	80.2	75.4	75	74.5	67.8	64	61.6	56.8	56.2	58.7	57.3	56.7	61	62.2	62.7	61.8	60.3	63	67.4	67.2	63.4	61.4	60.7	60.7	62.5	61.5	61.4	62.9	67.3	65.7	63.1	66.5	70.1	73	70.8	74.9	84.4	94.6	94.2	93.4	93	96.7	97.5	97.2	95.9	90.9	93.1	97.9	98.6	98.5	100.8	102.5	103.4	104.5	99.3	96.6	95.6	92.3	91	89.4	85.6	84	85.4	86.5	85.5	85.1	87	91.8	98.3	112.9	138.5	225.2	295.3	313.9	329.5	360	386.8	392	393.5	387.1	387.4	402	413.7	418.8	422.1	419.5	405	408.2	415.8	414.6	417	416.7	411	415.9	425.7	421.2	417	418.2	417.3	414.9	414.9	415.5	417.9	421.8	425.4	423.6	418.8	417.3	415.8	412.2	409.5	408.6	408.3	407.1	407.7	409.9
433.5	433.5	433.5	430.7	431.1	433.5	433.5	433.5	433.5	433.5	433.5	433.5	433.5	433.5	433.5	433.5	431.9	425.1	428.5	420.9	421.4	422.7	424.9	424	422.3	420.1	418.7	416.5	412.4	406.3	410.2	409.6	408.3	403.8	408.9	408.9	409	408.7	408.1	399	385.4	381.5	378.2	377.1	376.3	372.7	343.9	317.7	287.6	271.2	270.3	269	269.7	272.5	274.7	271.9	189.2	148.5	132.3	122.8	116.8	114.9	115.5	112.8	110.5	108.5	108.6	107.7	106	103	105.5	108	108.1	107.7	108.2	103.3	99.3	95.3	94	86.2	79.5	75.8	75.1	74.9	74.3	68	63.4	64.5	66.1	68.1	64.2	66.8	70.9	74	74.4	74.4	77.2	84.5	86.5	78.8	73.1	74.7	71.5	68.3	67.9	69	69.9	70	70.5	68.4	68.5	72	75.6	74.7	78.9	91.1	97.7	95.8	94	94.2	95.2	95.4	97.9	96.7	94.2	95.4	97.1	96.6	97.8	98.7	100.5	101.2	100.4	97.4	93.5	90.6	88.3	89	85.9	83.9	83.6	84.4	86.7	85.1	87.2	89.5	91.3	99.6	113.1	143.1	212.9	283.8	327.6	334.7	372	392.7	395.9	396.2	390.5	392.8	404.6	413.4	418.2	421.8	423.6	411.5	406.8	415.2	413.7	415.8	416.7	413	415.5	425.9	423.3	419.7	420	419.1	416.7	418.8	417	413.1	422.5	428.1	420.5	417.1	419.7	418.2	413.7	412.8	413.4	411.6	409.5	409.5	408.1
433.5	433.5	433.5	433.5	433.5	431.7	428.7	433.5	432.3	433.5	433.5	433.5	433.5	433.5	433.5	429.1	429.9	433.5	430.7	432.1	429.8	428.3	427.2	426.6	425.2	422.6	419.9	417.9	415.1	412.8	411.1	410.7	410.9	410.4	410.1	410	409.5	409.3	409.3	405	395.2	390.7	383	376.6	380.5	379.7	364.7	329.2	302.1	276	270.4	268.4	270.2	271.6	273.1	264.3	183.3	150.8	135.3	123.1	117	114.8	116.5	115	112.7	109.7	109.6	106.7	106.1	102.9	104.1	104.6	106.2	106.8	103.7	99.5	99.5	98.6	100.3	96.4	90.2	83.5	76	76.9	77.8	72.9	70	70.6	73.5	79	74.8	80.7	84.9	85.7	85	83.5	85.8	91.8	95.8	88.7	82.8	82.7	80.8	76.3	78	76.7	78.4	78.2	78.2	75.2	73.2	75.6	78.6	84.7	93	100.4	99.8	97.7	96.5	95	96.8	97.6	98.2	96.8	94.4	93.6	92.6	92	94.1	97.6	98.9	99.3	98	95.6	92.1	88.9	87.2	88.5	84.8	82.9	82.1	82.9	84.9	85.4	86.9	86.4	90.1	96.9	120.3	155.4	218.9	297.8	334.9	355.5	389.1	392.4	390.3	401.8	407.3	401.1	411.2	419.1	419.1	423.6	427.7	423.1	418.6	415.6	408.5	406.9	403.2	403.8	411.3	416.7	423	425.1	422.5	418.2	415.5	414.6	415.5	408.3	408.5	416.1	416	411.7	415.4	418.6	415.1	414.4	416.4	417.1	415.8	412.5	410.3
433.5	433.5	433.5	433.5	433.5	427.8	426.6	433.5	433.5	433.5	433.5	433.5	433.5	433.5	433.5	433.5	433.5	433.5	433.5	432.8	431	429.3	427.9	427.6	426.2	423.3	420.7	417.8	415.4	413.9	411.8	411	411.1	411.5	406.8	410.7	410	409.5	409.4	397.2	386.4	378.6	370.8	378.6	383.4	380.2	370.6	337.8	315.1	285.2	269.7	269.1	268.9	269.9	271.1	272.6	194.6	155	141.9	128.7	121.7	120.3	117.5	115.6	113.7	113.9	110.3	107.1	106	106.3	106.3	103.2	103.1	106.3	102.1	99.4	101.1	98	98.8	97.6	97.7	91.2	80.2	77.1	79.8	77.9	75.9	76.4	83.7	86.5	88.3	103.8	108.3	106.2	107.4	100.2	98.7	105.2	108.2	101.8	98.6	92.3	89.3	90.8	91.3	85	85.2	83.2	79.9	79.8	77.9	76.5	79.9	89.4	95.3	96.2	96.6	97.4	95.6	96.4	95.7	93.8	93.6	95.4	95.4	94.4	91.8	91.7	91.3	93.4	96.3	97.5	95.6	91.4	90.9	87.5	85.6	85.5	83.5	82.9	80.7	81.9	82.7	85.9	86.6	86.4	91.3	99.6	127.4	161.8	246.7	324.5	342.6	365.4	392.3	393.1	382.8	396	409.7	404.2	413.2	422	421.8	422.1	424.6	420.7	418.3	416.2	411.7	411	405.4	400.5	411	414.6	418.8	422.1	420	414	415.5	412.2	411.2	411.3	410.1	413.4	416.7	415.2	418.2	417.9	414.9	414.7	419.3	421.2	417	413.1	412.2
433.5	433.5	433.5	433.5	433.5	432.6	432.3	433.5	433.5	433.5	433.5	433.5	433.5	433.5	433.5	433.5	428.7	433.5	433.5	433.5	433.5	433	431.5	430.9	428.5	425.4	423.3	421.7	419.7	418.2	417.3	416	416.8	408.7	406	414.9	412.1	411.1	410.2	395	385.3	381.4	375.6	377.9	386.7	381.6	380.9	372.6	328.2	298.1	275.5	269.5	268.9	269.3	268.2	269.4	191.2	152.2	143	130	125.3	121.9	118.2	114.8	115.3	114	110.5	110.4	109.3	107.4	107.3	105.4	105.4	107.3	104	103.2	102.3	101.9	100.6	100.8	106.3	106.3	98.4	90.9	85.4	81.4	79.3	84.2	93.8	92.5	94.8	108.9	112.9	113.6	117.5	112.6	107.4	112.1	116.1	107.4	105.1	97.8	93.5	97.7	97.1	91.7	91.8	87.5	83.1	82.4	85.8	91.2	101.6	106.4	101.9	98.6	99.1	99.7	97.9	95.1	95.2	93.7	93.7	94.6	95.3	94.2	92.4	91.6	91.9	93.5	94.5	94.7	93.8	91.6	89	88.3	87.5	84.7	84.3	84.1	82.7	83	82.6	82	85.2	87	90.3	106.6	142.7	172.3	251.8	331.4	363.2	387.9	391.5	395.2	388.9	393.6	398.1	396.7	405.3	408.5	407.5	405.6	407.7	407.7	411.3	412.7	411	412.5	406.9	403.2	422.4	421.5	410.7	410.4	418.2	417.9	417.6	415.5	411.1	418	414.6	414.6	420	419.4	421.5	417.9	411	413.4	414.4	412.2	412.2	411.6	412.2
433.5	433.5	433.5	433.5	433.5	433.5	433.5	433.5	433.5	433.5	433.5	433.5	433.5	433.5	433.5	430.2	428.4	433.5	433.5	433.5	433.5	433.5	432.1	431	427.3	426.6	425.1	422.8	420.9	420	419	418.5	416.2	409.6	409.3	415.9	413.5	412	409.3	401.8	407.4	405.7	403	387	391.9	385.4	380.9	378.1	334.4	308.2	289	271.6	268.6	269.6	270.1	271.4	226	173.7	152.6	144.4	133.4	125.8	122.5	118.5	115.5	117.1	115.1	111.3	109.8	108.4	107.4	106.1	105.8	104.5	104.8	103.9	101.5	98	98	100.5	103.1	108.9	108.3	98.3	89.7	86.3	85.8	91.6	102.7	106.3	102.8	104.8	117.7	116.9	119.2	123.3	120.6	113.6	108.8	109.2	107.8	103.7	100.8	99.3	98.2	95.5	92.9	91.7	86.4	86.5	92.8	102.1	111	111	102.8	101.1	100.8	99.1	99.1	95.1	93.5	93.1	94.5	94.8	90.9	91.3	91.6	90.8	93.8	93.2	92.4	90	89.5	88.3	85.5	86.2	85.8	84.7	84.4	82.4	83.4	83.2	81.6	82.2	86.2	90.2	97.5	110	147.1	194	265.7	336.6	373.3	394.8	390.6	401.3	396.3	391.1	395.4	389.3	400.5	401.1	398.6	397.4	399.7	401.6	405.8	408.9	407.6	401.9	398.7	399.3	417.4	421.2	414.6	412.5	412.8	421.1	417.6	415.5	412.7	418.8	415.2	414.9	422.1	420	419.7	418.2	413.7	413.7	413.4	411.6	412.5	411	411.3
433.5	433.5	433.5	433.5	433.5	433.5	433.5	433.5	433.5	433.5	433.5	433.5	433.5	433.5	433.5	429.3	433.5	433.5	433.5	433.5	433.5	433.5	430.2	427	430.2	432.1	430.7	428.9	427.8	426.4	425.4	416.1	418.8	421.4	419.7	420.3	419.3	415.9	407.6	407.2	410.1	409.6	399	396	397.5	391.7	385.3	381.4	354.1	319.4	307.9	282.5	269.8	269.4	270.7	261.9	186.7	161.4	152.5	139.8	129.6	123.3	117.5	115.1	113.9	116.6	114.7	111	108.2	106.7	106.2	105.9	104.9	105.3	105.5	106.4	104.9	99.3	99.8	104.9	106.4	107	110.7	114.6	112.9	105.2	101.6	110.6	121.5	120.4	122.8	123.4	130.2	130.4	134.1	142.4	133.1	125.5	124.6	122.6	117.8	110	111.6	111.6	107.6	108.5	105.8	103.1	102.4	102.9	115.1	119.9	116.3	109.7	98.9	102.1	103.3	102	98.6	96	93.8	92.8	94.7	93.6	89.3	91.9	90.9	90.6	92.9	91.3	90.3	89.7	90	90.5	87.5	87	84.7	85	84.3	81.2	82.2	81.9	81.1	82.1	89	96	105.8	124.4	163.8	208.3	300.7	362.6	399.2	407.4	400.3	401.5	396.6	394.7	397.6	385.8	381.4	393.5	395.5	397.3	401.6	405	404.4	406.1	407	403.5	392.5	389.1	389.7	399.6	402	403.9	404.8	403.6	408.4	413.4	416.7	417.6	416.7	414.6	417	417	412.8	411.6	416.7	416.7	413.1	412.5	417	414.6	405.2
433.5	433.5	433.5	433.5	433.5	433.5	433.5	433.5	433.5	433.5	433.5	433.5	433.5	431.9	433.5	431.4	433.5	433.5	433.5	433.5	433.5	433.5	429.6	429.9	433.5	432.9	431.1	429.8	428.8	427.4	423.4	414.9	423.1	424.2	422.5	421.1	420.3	417.2	406.7	409.3	410.4	409.7	400.9	394.6	393.9	391.5	385.3	381.2	363	323.7	311.9	298.8	277.8	269.9	272.1	250.9	177.9	161.3	150.6	140.3	131.5	123	119.4	116.7	110.4	111	113.2	108.1	105.3	107	108.9	104.9	104.1	104.9	108.6	106.7	105.2	100.4	101.5	103.1	102.1	102	107.2	112.7	117.5	116.5	114.6	116.4	120.8	130.2	138.5	130.7	130.8	135.4	137.7	138.8	142.2	133.8	129.2	126.5	121.2	118.2	118.8	114.7	110.9	111.7	113.9	111.4	110.5	113.6	117.1	118.1	113.2	105.2	101.6	105.1	103.6	100.5	98.5	96.8	94.9	95.5	95.8	95.4	93.5	92.4	91.4	90.9	91.5	92	87.3	85.8	86.3	87.8	87.1	86.6	85.8	86.5	83.7	81	80.4	80.6	83.3	85.9	92.5	102.3	113.8	130.2	181.7	232	318.3	378.7	404.1	406.1	403.2	402.6	402.3	401	397	388.6	378.4	392	398.2	399.8	394.7	403.3	404.1	404.8	407.7	403.4	396.9	391.3	387.5	395.5	397.7	400.6	399.9	399.8	406.2	411.5	415	418.8	419.4	417.6	415.8	414.9	407.2	407.3	412.2	414.6	413.1	412.5	416.1	414.6	408.8
433.5	433.5	433.5	433.5	433.5	433.5	433.5	433.5	433.5	433.5	433.5	433.5	432.9	433.5	433.5	433.5	432.3	433.5	433.5	433.5	433.5	433.5	433.5	433.5	433.5	433.5	433.5	431.7	430.2	429.7	427.2	425.3	427.6	426.4	425.3	424.4	423.3	422.1	419.2	416	414	412.3	410.2	403.4	395.2	393.6	389.1	382.9	381.8	354.2	319.2	319.2	309.2	280.3	271.2	248.1	177.4	162.9	150	139.9	134.3	125.3	120.7	118.7	110.6	112.3	113.8	109.5	108.6	107.3	109	108.3	106.9	107.6	109.9	108.6	107.4	105	103.6	105.9	104.9	102.8	104.5	109	117.4	124	126.4	131.7	136.7	147.2	155.2	150.3	152.3	157.2	156.5	154.4	157.7	145	142	140.9	137.3	136.7	136.6	133.9	128.2	125.2	126.5	122	121.8	123.8	119.7	116.1	109.9	104.4	102.3	102.7	103.2	101	99.4	98.8	98.3	98.8	99.5	96.6	92.4	93.2	93.7	91.7	90.9	91.2	88.2	86.6	85.2	86.2	86.2	85.7	87.3	86.9	83.9	82	82.6	81.7	82.3	87.6	98.9	111.5	118.8	135.8	193.6	240.3	342.5	400.6	405.3	397.6	398.6	398	397.9	403.7	398.7	394.9	393.4	398.4	402	398.6	393.8	396.9	399.3	396.3	398.6	402.9	403	405.2	410.5	410.2	407	403.7	402.6	403.7	407.1	404.7	404.1	401.8	407	410.9	409.8	412	403	407.6	414.6	419.4	423.6	423	417	414.9	412.8
433.5	433.5	433.5	433.5	433.5	433.5	433.5	433.5	433.5	433.5	432.7	428	430.2	433.5	433.5	433.5	433.5	433.5	433.5	433.5	433.5	433.5	433.5	429.7	428.7	433.5	433.5	431.6	431.1	431.2	430	428.9	427.6	426.6	426.1	424.6	423.8	422.6	418.5	416.3	414.4	412.1	411	403.4	395.4	393.6	390.9	387.4	383.9	361.2	323.4	319.7	317.8	295.2	275.4	232.1	169.5	160.5	154.6	152.2	141.9	132	125.8	118.4	114.5	115.9	114.6	112.2	111.1	110.3	110.5	110	110.8	110.3	108.9	107.4	105.8	109.3	108.1	106.1	104	102.3	106.4	109.1	115.2	121.8	127	135.5	143.2	149.3	149.3	147.8	150.7	156.2	153.6	149.9	153.7	144	139.1	137.6	135.9	139	138.1	137.8	132.8	125.9	123.3	123.6	122	123.7	114.4	110.5	107.6	107.6	106.8	103.3	104.8	102.6	98.7	98.3	100	101.2	99.7	96.3	94.2	93.5	90.5	87.7	87.1	86	85.6	84.2	84.7	83.7	86.3	85.2	86.9	86.2	84.1	83.6	83.4	83	88	93.3	105.1	115.4	124	156.9	204.8	235.7	335.6	405.1	399.7	395.4	402.3	401.1	399.4	403.4	404.8	399.8	398.8	397.6	399	398	393.1	399.2	402.7	399.7	400.8	402.9	403.4	403.9	412.1	412.8	408.7	402.5	402	398	402.8	403.6	396.6	395	399.4	403.4	406.9	413.1	409.3	411.1	415.5	423.6	430.5	429.3	421.2	417.3	414.9
433.5	429.9	432.3	433.5	433.5	433.5	433.5	433.5	433.5	433.5	433.5	430.7	433.5	433.5	433.5	433.5	433.5	433.5	433.5	433.5	433.5	433.5	433.5	427.3	430.7	433.5	433.5	433.5	433.5	433.5	433.5	433.5	431.9	430.7	430.2	429.6	425.5	429.4	424	421.4	421.2	418.5	415.9	402.6	398.4	396.1	394.2	387.8	389.5	384.3	348.3	325	321.7	313.7	294.7	233.4	170.2	159.5	153.4	150.7	142.9	134.3	128	121.9	118.8	117	116.4	113.9	112.6	111.6	112.4	112.3	113.3	114.5	113.8	112	110.3	114.8	113.9	110	109.7	109.3	107.4	107.3	111.8	118.2	123.1	136.8	148.9	158.3	157.6	155.6	154	154.6	157.4	151.5	149.5	146.5	141.2	138.7	138.6	143.9	145.1	145.1	138.1	126.7	120.7	116.6	112.9	115.8	107.8	105.6	108.9	107.6	106.2	107.4	107.5	106.4	101.7	99.6	101.7	101.8	99.7	97.8	95	91.8	89.9	88.5	86.9	87.2	88.3	85.2	84.1	84.5	86.3	85.3	85	85.7	84.7	83.1	83	86	93.1	100.1	109.9	115.9	129.8	163	203.8	236.7	334.3	392.3	395.5	396.2	408.9	406.9	402.4	400.9	400.3	392.2	402.8	407.2	410.1	401.3	398.7	404.9	408.4	405.6	404.3	395.6	394.3	396.3	393.9	392.8	401.7	404.1	400.2	393.7	397.3	392	383.8	380.2	390.8	400.2	405.1	405.5	406.9	411.6	415.1	425.4	431.4	424.5	424.5	424.2	420.3
433.5	432.3	433.5	433.5	433.5	433.5	433.5	433.5	433.5	433.5	433.5	433.5	433.5	433.5	433.5	433.5	433.5	433.5	433.5	433.5	433.5	433.5	433.5	433.5	433.5	433.5	433.5	433.5	433.5	433.5	433.5	433.5	433.5	431.8	424.3	429.2	430.8	431.5	426.5	423.7	423.9	421.7	409.3	397.8	400	397	394.5	390.2	394	387.8	355.8	326.4	321.2	302.5	242.6	192.7	170.4	162.7	156.5	150.8	146.1	137.7	130	128	123.7	121.5	120.9	118.3	114.7	111.7	111.4	112.3	115.1	116.7	118.1	116.3	112	114.6	114.4	110.8	110.6	111.8	108.3	106.9	113.2	117.7	120.7	131.5	140.7	152.5	158.6	159.5	157.6	155.8	158.9	150.7	145.9	147	143.2	138	136.4	139.5	142.6	139.7	129.1	120.2	113.7	111.4	111.2	105.8	102	103.8	106.5	106.4	106	107.5	106.1	106.9	106.2	103.4	101.4	98.1	98.8	97.2	93.7	92.1	88.2	86.3	87.6	89.5	88.9	85.1	83.5	84.5	85.1	83.7	84	84.4	85.6	85.5	88.1	89.6	96.3	107.7	118	133.9	155.9	174	201.1	239.6	307	389.4	399.5	405.1	409.8	409.1	405.9	403.8	403.1	392.5	395.5	405	409.1	399.7	396.1	403.1	404.7	403.5	404.1	400	394.6	392.3	386.9	382.5	399	405.2	400.8	398.6	397.2	387.8	387.8	386.9	390	401.1	408.8	408.8	404.9	407.7	410.2	422.1	424.2	415.8	417.9	420	421.5
433.5	433.5	433.5	433.5	433.5	433.5	433.5	433.5	433.5	433.5	433.5	433.5	432.9	433.5	433.5	433.5	433.5	433.5	433.5	433.5	433.5	433.5	433.5	433.5	433.5	433.5	433.5	430.8	433.5	433.5	433.5	433.5	433.5	431.1	427.3	433.5	433.5	433.5	433.5	431.6	432.8	431.2	419.2	412.5	407.4	402.9	394.5	395.2	399.5	388.8	359.6	333.2	319.2	281.3	217.2	182.8	174.4	161.8	154.8	151.4	143.2	136.4	132.3	129.4	127.7	123.4	122.2	119.9	117.7	116	113.8	113.7	115.7	117.2	117.5	116.8	114.4	116.1	114.4	111.5	113	116.2	112	111.5	115	116	117.1	124	132.5	140.9	150.9	152.8	149	147.6	147.2	144.4	140.7	143	144.1	139.5	137.1	134.7	130.1	124.9	120.6	115.1	111	108.1	108.3	104.6	101.1	102.1	106.2	108.8	105.8	103.7	105.3	107.5	111.1	108.7	102.9	99.5	98.5	96.1	93.2	90.1	87.9	85.2	85.6	88.4	88.1	84.2	81.6	83.1	84.3	83.6	82.8	85	87.1	87.7	90.4	92.8	101.7	110.9	122.3	144.4	161.9	178.4	218.1	268.5	304.4	387.7	416.7	414.2	409.5	411.5	413.5	414	412.6	405.5	388.9	392.1	395	397.5	392.7	395	401.9	405.4	404.2	403.5	399.5	397.3	392.6	389.9	404.5	402.9	398.2	399.7	400.6	400.5	395.9	392.3	394.8	399.6	402.3	400.9	402.1	402	397.3	401.6	408.4	408.9	408.9	413.7	419.7
433.5	433.5	433.5	433.5	433.5	433.5	433.5	433.5	433.5	433.5	432.3	432.3	431.4	433.5	433.5	433.5	433.5	433.5	433.5	433.5	433.5	433.5	433.5	433.5	433.5	433.5	429.9	429.6	433.5	433.5	433.5	433.5	433.5	433.5	433.5	433.5	433.5	433.5	433.5	431.3	429.9	433	424.8	413.4	409.5	404.6	392	396.9	400.5	389.4	364.6	321.4	248.4	197	174.1	173.8	172	161.8	155.1	150.3	144.9	142.3	141.6	139.5	135.5	130.1	125.1	121.2	117.7	119.1	117.5	115	116.3	118	119	119.9	120.6	120.2	117.5	115.6	114.9	117.4	119.1	116.6	119.9	122.3	121.7	127.9	136.3	140	146.7	149.3	149.4	147	145	140.8	138	136.2	140.1	141.2	142.5	136.4	128.8	127	122.8	118.4	114.8	111.6	111.2	107.4	104.4	103.2	106.4	111	109.6	107.3	109.8	110.7	111.7	109	105.5	101.2	96.2	93.6	90.1	87.2	85.5	84.9	86.8	87.3	85.2	87.3	83.2	83.1	85.2	84.7	85.7	88	91.4	94.5	96.7	99.8	107.6	118.9	138.1	159.1	166.2	177.1	218.9	279	292	324.5	371.5	378.7	393.1	408.5	412	408.2	400.5	403.2	389	382.4	394.8	399.6	397.8	398.1	401.3	405.8	406.1	402.5	398.9	399.5	395.3	393.2	400.8	400.7	400.1	402.3	400.7	400.6	397	392.6	393.7	395.9	394.1	391	398.4	400.6	399.6	395.9	399.2	410.7	410.7	417.6	421.2
433.5	433.5	433.5	433.5	433.5	433.5	433.5	433.5	433.5	433.5	429.4	433.5	433.5	433.5	433.5	433.5	433.5	433.5	433.5	432.6	426.7	432	432.9	433.5	433.5	433.5	428.7	433.5	433.5	433.5	433.5	433.5	433.5	433.5	433.5	433.5	433.5	433.5	433.5	432.3	432.1	433.5	429	417.8	411.8	404.5	402.2	403.6	400.9	397.7	381.8	300.6	220	185	165.9	173.1	172.2	161.6	153.9	149	145.2	143.9	142.7	139.5	137.8	133.6	126.5	123.2	119.1	119.1	118.1	117.3	116.7	117.2	116	118	119.4	119.5	117.5	117.4	115.3	117.4	118.5	117.1	120.3	123.6	127.6	128.9	132.4	132.4	137.6	139.5	142.4	141.2	137.3	137	134.2	130.7	133.4	135.2	136.8	132.3	127.3	122.5	117.1	115.7	115.4	113.7	113.6	113.1	106.9	104.6	104.7	107	106	105.9	110.5	111.3	109.9	110.1	108.6	101.9	97.6	93.8	89.3	85.3	84	83.9	83.6	86.5	84.8	86.1	84	84	85.4	86.4	88.7	91.3	93.2	95.1	97.7	101.4	108.3	122.5	145.9	161.9	166.4	184.9	231.4	271.8	285.2	315.8	338.1	340.1	349.4	362.4	379.9	388.7	389.3	395.8	399.7	396.1	399.9	403.6	408.9	406.4	400.4	406.7	410.6	405.8	403.2	403.5	400.8	394.8	394.8	398.5	401.9	401.3	398.7	396.6	396.5	394.1	397.3	399.4	402.4	398.7	396.6	400.9	405	403.3	401.1	407.2	409.3	415.2	416.1
433.5	433.5	433.5	433.5	433.5	433.5	433.5	433.5	433.5	429.1	424.8	431.5	433.5	433.5	433.5	433.5	433.5	433.5	433.5	433.5	431.7	433.5	433.5	433.5	433.5	433.5	433.5	433.5	433.5	433.5	433.5	433.5	433.5	433.5	426.5	431.7	433.5	433.5	433.5	433.5	433.5	433.5	431	418.4	412	407.5	404.1	403.7	399.7	396.9	332.8	229.5	183.4	166.8	189.1	184.2	170.7	162.2	155.8	150.9	148.6	147.2	143.8	140.9	140.3	136.8	133.3	131.2	125.3	122.6	120.8	120	117.8	117.1	117	117.7	117.2	118.2	119.2	118.2	117.6	117.5	118.4	118	117.8	121.3	124.6	126.5	130.1	129.5	132.4	138.1	138.9	134.5	134.8	131.7	127.1	127.5	127.6	128.1	133.4	130.7	126.4	123.1	119.5	116.5	116.8	115.6	117.5	117.9	112.2	107.9	108.6	110.7	111.4	111.1	110.4	112	109.2	108.8	107	101.6	96.1	93.7	91.5	89.1	84.6	84.5	84.3	83.8	85.6	85.9	88.5	89.7	90.9	91.4	92.5	93.2	97.3	99.7	104.9	112.4	129.2	147.5	155.9	160.9	167.2	186.1	233.6	269	280.4	297.5	294.4	263.6	250.8	249.6	258.1	277.8	288.6	321.6	355.6	390.7	400.7	403.3	408.8	404.9	398.3	403.6	404.3	401.9	402.8	405.3	403.4	396.4	395.8	399.1	400.6	399.6	398.7	396.8	394.7	398.5	395.9	399.5	404.3	405.1	397.5	399.1	403.8	404.6	405.9	406.9	406.2	412.5	413.7
433.5	433.5	433.5	433.5	433.5	433.5	433.5	433.5	431.9	432.7	433.5	433.5	433.5	433.5	433.5	433.5	433.5	433.5	433.5	433.5	433.5	433.5	433.5	433.5	433.5	433.5	433.5	433.5	433.5	433.5	433.5	433.5	433.5	433.5	433.5	433.5	433.5	433.5	433.5	433.5	433.5	433.5	432.5	422.2	416	410.8	405.9	403.8	400.2	376.2	284.6	220	184.3	170.8	202.3	189.3	172	163	156.9	147	144.2	144.2	144.3	139.6	139.4	138.3	135.9	133.4	127	123.7	122	119.9	118.6	116.6	117.1	117	114.9	117.2	117.3	116.6	116.2	114.8	117.7	116.7	116.6	120.4	125.3	126.4	127.7	127.8	128.2	130.3	130.6	126.3	128.6	125.5	121.6	120.3	118	119.6	122.8	124.1	120.5	117.4	117.8	116.4	118	117	118.3	118.2	114.1	109.6	108.3	110.4	111.7	109.8	108.9	111	108.8	107.6	104.1	100.6	96.5	92.7	89.7	87.9	86.2	84.3	83.3	83.1	84.8	85.6	87	89.5	92.2	92	91.8	91.6	95.2	100.3	106.3	116.2	136.3	151.4	155.6	162.8	169.6	190.5	242.7	267.1	268.9	288.8	298.6	282.5	247.2	243.6	254.7	274.3	290.7	304.3	330.5	360.6	387.1	392.9	399.7	401.8	401.1	397.3	393.9	391.4	392.7	398.9	399.5	394.9	391.9	395.3	399.5	399.1	401.7	400.8	394.1	391.2	392	391.2	390.4	392.4	392.8	391.1	393.9	395.6	399.3	400.4	393.2	396.6	408.7
433.5	433.5	433.5	433.5	433.5	433.5	433.5	433.5	433.5	433.5	433.5	433.5	433.5	433.5	433.5	433.5	433.5	433.5	433.5	433.5	433.5	433.5	433.5	433.5	433.5	433.5	433.5	433.5	433.5	433.5	433.5	433.5	433.5	433.5	433.5	433.5	433.5	433.5	433.5	433.5	433.5	433.5	433.5	421.5	416	410.2	407.4	404.2	397.6	320.3	249.2	209.9	175.8	199.3	225.2	192.5	174.2	163.1	154.7	146.1	143.8	145.7	147.5	145	143.2	141.7	139.5	135.9	131.2	126.7	124.9	121.5	119.5	116.4	117.2	116.4	115.1	114.6	114.6	116.7	112.6	108.9	113.9	118.9	116.6	119.3	125.4	125.8	123.1	122.4	122.9	125.3	122.4	119.4	120.3	119.5	115.3	113.9	114.1	114.1	116.2	117.7	118.6	118.5	115.9	117.7	119.5	117.1	121.3	117.3	113.1	113.4	110.5	112.4	112	111	111.4	112.8	108.6	105.4	102.5	98.5	94.3	89.6	87.1	87.5	86.1	83.5	83.3	84.1	88	89.8	92.6	91.8	94.6	96.2	95.4	96.4	98.8	105.5	113.1	125.5	145.5	155.2	158.5	165.6	172.7	195	248.7	267.7	265.9	283.2	295.9	301.8	280.4	243.5	239.9	261.6	282.8	298	306.8	303.4	303.5	328.3	378	402.8	403.9	400.8	397	394.6	394.4	397	395.9	393.8	391.3	394.3	397.4	397.3	400.2	397	392.5	392.2	391.8	391.4	392	392.8	394.9	392.2	391.7	394.8	398.4	399.8	399.7	398.2	403.5
433.5	433.5	433.5	433.5	433.5	433.5	433.5	432.9	433.5	433.5	433.5	433.5	433.5	433.5	433.5	433.5	433.5	433.5	433.5	433.5	433.5	433.5	433.5	433.5	433.5	433.5	432.3	433.5	433.5	433.5	433.5	433.5	433.5	433.5	433.5	433.5	433.5	433.5	433.5	433.5	433.5	432.3	432	419.2	413.6	410.3	406	403.6	377.7	296.8	230.3	202	180.1	206.5	205.8	184.6	171	160.3	151.5	144.8	142.6	143.8	145.7	143.2	139.2	136.3	135.6	136.6	133.7	129.2	125.2	118.7	116.6	115.6	115.8	114.7	114	112.1	111.4	112.4	109.8	110.2	113.9	113.1	113.6	118	119.9	121.4	121	121.3	118.6	120.1	115.7	110.6	110	109.1	105.8	104.8	108	111.9	113	113.2	116	115.5	112.7	117.9	118.9	115.7	118.9	115.4	110.8	111	111.4	113	112.1	109.6	109.1	108.8	105.9	104.6	102.1	97.9	90.7	87.6	87	86.4	85.1	84.6	84.5	83.7	86.8	89.2	91.2	92.1	94.4	93.9	95.1	98.5	100.7	109	117	127.3	146.7	154.8	160	166.4	171.6	202.7	270.6	283.2	275.6	281.4	293.4	297.2	291.5	252	228.8	245.3	273.3	291.1	297.9	298.1	302.9	316.9	345.6	391.6	400	400	393.1	393.2	397	398	399.5	398.8	395.9	394.4	394.3	397.6	398.7	396.2	397.1	401.2	397.9	396.1	395.9	395.8	398.4	401.7	404.7	402.7	399.2	399.5	398.8	395.9	390.8
433.5	433.5	433.5	433.5	433.5	433.5	431.7	430.5	433.5	433.5	433.5	433.5	433.5	433.5	433.5	433.5	433.5	433.5	433.5	433.5	433.5	432.3	431.7	433.5	433.5	433.5	433.5	433.5	433.5	433.5	433.5	433.5	433.5	433.5	433.5	433.5	433.5	411.1	391.5	384.5	381.7	383.8	389.4	377	359.2	354.9	352.1	343.2	332.4	271.1	218.3	192.5	192.5	208.1	192.2	182.5	172.1	160.4	153	144.5	140.5	139.4	144.5	144.5	140.4	140	136.1	136.8	136.6	132.6	128.3	122.8	119.4	116.6	115.4	115.5	114.3	112.8	111	109.7	106.6	106.4	108.6	111.2	112.4	117.3	116.8	114.7	116.9	119.5	117.1	112.5	107.9	103.6	104.3	103.9	102.6	100.7	102.5	104	107.8	110.1	112.2	114	116	116.9	116.2	112.8	114.3	111.3	110.9	107	108.2	112.3	111.5	105.7	107.7	105.4	101.9	102.2	98.6	95.4	90.8	88.4	86.9	85.2	86.8	86.7	87.5	88.4	91.9	92.1	91	92.5	95	96.4	97.1	99.6	105	113.3	120.8	133.3	155.7	159.7	161.7	166.2	173.2	204.7	274.5	291.2	284.6	286.5	296.3	298.6	300.6	296.5	268.4	245.7	256.8	281.8	294.8	295	303.4	306.6	298	296.8	329.9	371	399.4	395.4	399.9	400.3	398.6	399.7	396.1	388	391.7	400.3	401.3	401.9	402.5	402	399.8	397.5	397.5	397.6	398.6	402.6	404.5	400.6	398.2	397.4	395.1	392.6	388.9
433.5	433.5	433.5	433.5	433.5	432.6	433.5	433.5	433.5	433.5	433.5	433.5	433.5	433.5	433.5	433.5	433.5	433.5	433.5	433.5	431.7	428.4	433.5	433.5	433.5	433.5	433.5	433.5	433.5	433.5	433.5	433.5	433.5	433.5	433.5	412.5	391.5	383.8	373.1	348.5	336	338.7	341.1	330.7	330.2	332.5	330.6	331.6	316.4	257.3	211.9	193.5	182.5	187.2	183.2	176.8	170.4	163.9	156.6	144.5	139.4	137.4	140.2	142	141.1	138.6	134.6	131.1	132.6	131.1	132.6	126	119.6	115.9	112.6	112.9	111.4	111.4	111.6	110.4	106.1	103.4	105.2	108.1	111.4	112.7	111.6	109.1	110.8	111.8	111.6	108.1	104.1	100.4	99.2	100.1	97.4	97.8	97.6	101	104.4	107.8	112.5	114	114.2	117	114.5	110.8	110.6	106.8	106.4	106.1	106.3	110.1	108.7	104.9	105.7	103	100.2	101.9	94.2	92.1	90.5	88.8	83.3	84.8	85.8	86.8	87.8	88.2	89.5	89.8	91.4	92.3	94	96.6	98.4	102.5	106.7	116	121.8	133.7	158.4	161.5	161.9	165.6	172.3	211.2	277.4	294.9	300	305.2	305.9	304.3	302.6	300.3	281.3	248.5	249.2	278.6	300.3	303.2	296	308.1	305.5	299.1	303.2	342.5	363.2	364.3	373.3	383.7	384.2	373.9	363.6	346.1	353.6	373.7	380.9	399.3	402.1	403.3	404.4	402.9	401.5	400.5	399.5	399.1	402.6	406.2	401	398.3	397.9	397.1	396.6
433.5	433.5	433.5	433.5	433.5	433.5	433.5	433.5	433.5	433.5	433.5	433.5	433.5	433.5	433.5	433.5	433.5	433.5	433.5	433.5	430.8	432.9	433.5	433.5	433.5	433.5	433.5	433.5	433.5	433.5	433.5	433.5	400.8	355	332	325.7	327.8	332.7	329.4	316.8	319.4	339.1	337.7	329.2	325.1	319.1	317.1	322.3	308.4	251.1	205.9	188.1	181.9	190.3	181.7	172	169.7	164	157.2	145.1	137.7	135.7	136.4	140.5	143	141.3	136.2	132.1	132.6	132.2	134.6	132	123.2	118.8	115.6	115.4	113.5	111.1	109.4	108.7	105.3	102	101.9	102.9	104.4	107.2	107	103.8	104	103.3	103	100.1	97.1	94.6	91.6	92.4	93.5	93.5	91.7	95.3	99	102.7	107.2	109	108.6	111.6	112.8	109.6	108.9	105.9	103.3	103.4	103.9	104.3	103.7	103.9	101.7	99.3	96	94.2	91.6	87.9	90.5	89.8	87	88.6	87.8	87.7	87.3	88.8	87.6	89.7	92.4	93.7	95.1	99.2	103.1	107.5	111.9	118.8	124	137.7	156.7	162.1	163.4	164.2	170	209.7	277.5	292.8	298.5	302.5	301.4	300.7	300.1	296.9	290.4	271.9	254.3	275.4	291.8	294.6	291.7	304.1	304.8	300.7	297.2	299	298.7	296.5	297.6	300.5	298.4	293.3	294.8	287	279.2	284.6	289.1	290	315.7	352	376	405.4	401.5	399.5	399.9	399.3	403.3	407.9	403.4	399.8	399.8	400.6	402.3
433.5	433.5	433.5	433.5	433.5	433.5	433.5	433.5	433.5	433.5	433.5	433.5	433.5	433.5	433.5	433.5	433.5	433.5	432.6	432	433.5	433.5	433.5	433.5	433.5	433.5	433.5	433.5	433.5	433.5	433.5	420.2	375.4	337.6	327.8	334.1	335.6	335.3	323.8	309.7	323	333.2	328.1	319.5	314.8	316.3	317.5	321	308.9	246	204.6	177.3	173.7	188.3	173.5	169.4	169.2	165	159.5	148.6	140.9	135.3	135.8	138.7	137.2	135.5	133.9	132.7	131.3	130.7	130.7	130	125.8	120.5	117.4	117.1	113.8	107.7	107.3	106.6	104.2	100.8	99.1	98.2	100.1	102.5	104.2	103.8	102	101.3	101.1	101.9	100.6	98.6	95.5	93.8	92	93.4	97.2	100.4	101.1	104.1	108.5	109.7	107	105.3	105.3	106.1	105.3	102.8	101.8	101.8	102	100.1	100.8	101.9	99.6	96.2	93.5	91.1	90.7	88.9	91	90.3	88.9	88.5	87.6	85.8	85.7	86	85.6	87.6	90.2	91.4	94.6	98.3	104	107.8	112.4	116.6	122.6	137.7	155.3	159	160.1	157.6	165.3	191.9	246.1	270.1	290.4	296.3	299.2	303.3	301.4	299.5	296.1	281.6	262	267	286.5	291.5	292.6	295.4	299.4	300.5	296.6	300	301.4	299.6	293.9	284.9	283.9	288.4	291.3	276.6	261.8	273.2	279.4	284	281.2	304	342.1	381.7	403.3	400.8	400.9	401.2	398.7	398.9	400.5	401.6	399.3	398.1	400.2
433.5	433.5	433.5	433.5	433.5	433.5	433.5	433.5	433.5	433.5	433.5	433.5	433.5	433.5	432.5	433.5	433.5	433.5	432.3	433.5	433.5	433.5	433.5	433.5	433.5	433.5	433.5	433.5	433.5	420.9	378.9	347.4	344.6	341.1	341.1	339.9	334.2	323.1	304.6	310.3	326.5	325.6	310.3	304	304.5	308.1	310	311.5	304.9	246.6	203.4	177.7	174.8	186.1	171.4	169	168	161.7	159.3	151.6	144.8	136.8	134.8	135.7	133.8	133.6	135.7	136.5	134.5	133.5	130.3	128.5	125.1	121.9	120	116.8	111.4	108.8	106.7	106.5	101.9	100.6	98.6	95.4	96.5	95.2	98.4	99.5	98.4	97.2	99.1	100.2	99.3	100.3	99.2	97.5	95.7	96.7	100.2	101.1	102.4	103.2	107.9	107	102.9	99.4	98	99.5	99.9	96.8	97.1	97.6	96.8	95.9	96.5	96.7	95.2	92.7	88.6	87.5	87.2	89.5	91.7	92.7	92.4	89.6	90.5	89.4	86.7	87.5	88.4	89.2	90.3	95.5	99.6	104.2	106.1	110.1	115.2	120.3	127.8	144.9	156.6	160	159.5	163.2	168.8	191.7	234.8	252.1	278.6	293.2	298.8	301.2	300.9	295.8	294.5	283.2	267.3	275.9	294.9	302.3	296.3	294.1	296.3	299.2	297.9	300.5	299	296.1	290.7	281.8	276.7	282.6	286	279.1	267.1	270.2	287.1	293.7	285	276.3	275.8	292.5	327.6	359.1	379.4	392.4	399	398.5	400.1	401.1	399.2	396.6	398.1
433.5	433.5	433.5	433.5	433.5	433.5	433.5	433.5	433.5	433.5	433.5	433.1	433.5	431.7	429.9	433.5	433.5	433.5	433.5	433.5	433.5	433.5	433.5	433.5	433.5	433.5	433.5	433.5	433.5	402	363.5	346.7	341.9	337.4	335.1	330.1	323.5	309.8	296.3	310.1	324.1	322.6	313	306.1	304.2	303.6	306.5	307.8	303	247.1	191.5	162.2	169.1	171.6	160.8	171.2	173.5	161.2	157.6	153.9	148.1	139.7	135.9	137	132.4	131.6	135.8	134.3	134.7	132.3	130.2	129.3	124.5	120.5	117.8	116.6	110.9	109	108.4	105.7	102.3	98.9	98.1	96.8	95.3	97.1	100.3	100.2	100.1	100.1	102.7	103.8	103.7	106.1	105.2	108.5	107.3	107	106.4	107.2	106.8	107	108.4	105.9	101.8	98.6	97.8	98.2	98.8	97	95.5	94.3	94.5	95	95.8	94.1	93.9	93.2	87.9	88.6	88.2	88.6	91.7	92.2	88.6	87.8	87	86.6	82.5	82.2	86.8	89.6	92.6	98.2	104.1	108.4	110.2	110.8	116.7	122.6	128.3	142	152.5	155.3	159.3	166.4	171.4	189.8	228.7	236.3	249.5	269.3	296.2	298.9	306	301.9	293.1	284.7	273.7	283.9	298.3	306.9	300.9	301.5	304.9	303	304.1	300.8	293.8	290.1	289.8	289	285.8	285.1	285.7	287.3	282.9	272.8	278.6	288.5	288.7	282.8	280.4	286	303	340	359.7	367.1	382.3	406.7	413.2	408.3	402.6	399.9	400.5
433.5	433.5	433.5	433.5	433.5	433.5	433.5	433.5	433.5	433.5	433.5	433.5	433.5	432.9	433.5	433.5	433.5	433.5	433.5	433.5	433.5	433.5	433.5	433.5	433.5	418.8	402	380.3	350.9	341.8	335.5	331.1	329.5	327.8	327.3	325.4	313.2	298.4	294.8	313.6	320.1	319.5	308.6	302.5	299	299.3	301.5	302.3	293	245.5	188.9	171.6	172.3	165.7	160.7	171.6	179.2	166.8	158.2	156	152.5	144.9	141.3	139.6	134.9	132.6	134.7	133.5	135.9	135.8	133.5	130.4	126	121.7	119.2	117	113.3	108.8	106.7	106.1	103.7	99.9	98.9	96.7	94.8	95.9	99.3	100.7	100.3	101.1	103.5	104.3	105.2	104.9	105	106.8	107.6	107.4	105.5	105.6	106.2	106.5	104.3	101.1	98.6	97.4	96.1	95.5	94.3	93.3	92.6	90.7	90.5	91.6	92.2	89.4	90.4	89.8	89.4	90.6	92.4	93.3	91.7	89.6	89	86.9	85.5	85.2	86	87	93.4	96.5	101.1	103	106.6	109.9	112.2	116.4	121.8	126.2	132.3	150.6	158.5	160.7	165.6	168.3	169.8	192.8	233.2	239.5	245.9	262	291.7	303.5	304.7	302.9	292.6	283.2	274.9	289.2	300.6	304.7	297.3	292	304.7	299.3	297.6	294.8	290.2	285.4	286	286.8	286.9	286	285.8	286.5	285.1	270.5	270.6	281.5	284.6	286.4	286.6	291.9	295.2	296.4	295.6	291	296.8	303.5	316.7	322.9	329.3	339.7	352.4
433.5	433.5	433.5	433.5	433.5	433.5	433.5	433.5	433.5	433.5	433.5	433.5	433.5	433.5	433.5	433.5	433.5	427.2	414.6	416.7	430	433.5	433.5	429.3	405.5	399.9	376.1	346.7	337.1	328.8	326.9	325.3	323.3	323	323.8	321.5	314	297.3	292.1	308.8	315.1	317	303.9	299.9	298.1	297.3	298.8	299.4	290.8	267.4	206.3	176.2	159.9	155.9	156.9	172	177.8	166.3	158.5	154.5	152.2	148.5	140.4	139.7	138.5	135	133.1	131.1	132.1	132.3	131.4	128.1	126.2	121.6	117.8	114.3	111.7	108.2	105.7	103.1	101.5	100	99.1	98.4	96.9	96	95.9	98.2	98.8	100.8	103.5	103.8	104.4	105.4	104.2	105	105.5	105.5	104.6	104.2	106.3	105.3	103.4	101.2	98.7	97.7	97.2	97	94.7	93.1	92.4	91.1	89.9	90.7	89.7	89.9	88.8	90.1	90.1	91.6	91.9	89.8	90	88.1	86.3	84.9	82.9	84.1	85.3	87.3	92.5	96.5	98.5	101.9	105.4	108.6	113.2	117.7	124.4	126.9	132.8	150.4	157.8	159.5	164.5	165.5	165	176.5	211.3	233.5	242.8	252.5	265.3	285.4	296.6	292.6	287.9	275.4	270.5	290.7	303.8	304.2	294.8	287.6	291.3	291.6	290.7	290	287.8	285.7	284.6	291.4	291.9	287.9	289.1	289.5	282.4	275.2	279.6	283.3	288.9	293	290.6	294.6	300.5	297.7	293.7	288.3	280.2	282.4	292	292.1	293.6	297.2	317.9
301.9	301.9	301.9	301.9	301.9	301.9	301.9	301.9	301.9	301.9	301.9	301.9	301.9	301.9	301.9	301.9	301.9	301.9	301.9	301.9	301.9	301.9	301.9	301.9	301.9	301.9	301.9	301.9	299.8	297.8	296.5	295.5	293.8	292.7	290.7	291.4	290.5	289.9	288.6	287.8	287.7	286	276.3	272.6	269.6	268.3	268.4	266.1	263.2	227.6	168.7	168.5	170	146.9	133.8	142.6	151.3	143.1	138.3	136.9	137.3	133.2	126.7	128.4	129.4	126.5	124.1	123.2	123.8	125.5	126.8	127.4	128.6	131.4	133.7	133.2	131.5	130.1	129.6	130.5	130.5	130	131.7	131	131.2	132.7	133	135.8	137.8	141.1	144.1	145.5	144.9	146.7	147.2	147.7	147.1	146.7	146.4	146.6	146.9	146	144.2	144.1	142.1	137.9	136	137.4	137.3	135.5	134.4	131.5	129.9	129.2	128.6	128.2	127.3	127.7	128.2	127.5	124.2	120.8	118.6	117.5	116.1	114.4	113.3	111.9	110.9	111.7	112.4	113.1	112.5	113.8	115.4	115.3	117.5	123.4	127.1	130	137.2	155.5	158.3	159.3	161.7	164.9	167	183.7	220.7	221	224.9	236.2	241.1	255.9	271.8	273.6	272.3	274.1	277	283	284.7	281.5	272.5	264.5	264	269.1	271.8	271.1	267.1	271	271.2	275.6	277.8	271.9	269.9	273.3	271.2	275.1	278.1	274	271.7	271.8	269.9	274.1	278.7	275.3	272.2	265	262	260.4	266.7	269.3	268.2	267.9	271.2
433.5	433.5	433.5	433.5	433.5	433.5	433.5	433.5	433.5	433.5	433.5	433.5	433.5	433.5	433.5	433.5	433.5	433.5	433.5	433.5	433.5	433.5	433.5	433.5	433.5	433.5	432.6	431.1	428.9	426.4	424.6	423.8	422.9	422.4	422.8	421	420	419.3	419.7	422.2	422.4	420.2	407.9	405.2	401.9	399.6	399.2	397.7	391.6	359.5	318.3	302	292.4	272.4	261.1	270.4	282.9	277.7	271.7	266.7	266	264.1	258.6	258.5	260	257.5	256.6	255.9	255.7	253.8	253.2	256	256.9	258.1	259.7	262.3	262.2	260.5	258.5	259	257.9	258.5	260.7	261.3	261.1	262.7	265.7	269	269.7	270.1	273	275.4	274.3	275.4	275.8	276.8	278.4	278	278.1	277.2	277.1	274.2	273.1	271.8	269.5	267.7	267.6	268.2	267.3	267	266.3	262.5	260.5	257.8	258.3	259.1	258.5	257.2	255.3	253.8	251.1	249.5	248.2	246	244.2	244	243	243.1	244.2	243.7	243.8	243.3	244.2	246.1	248	249.6	252.8	256.8	258.1	260.7	266.9	283.2	288.8	291.8	294.5	298	298.2	315.6	351	352.4	353.7	358.4	371.1	378.7	392	396.7	400.7	400.6	396.5	396.5	398.5	401.6	405.5	406.8	404	411.6	416.6	410.2	403.1	403.4	401.3	399.8	401.1	400.9	401.1	402.8	403.8	407.8	411.3	409.9	402.6	396.6	393.3	393.9	396.2	396.2	400	398.8	398.3	394	396.6	399.9	394.9	392	392.1
433.5	433.5	432.9	432.3	433.5	433.5	433.5	433.5	433.5	433.5	433.5	433.5	433.5	433.5	433.5	433.5	433.5	433.5	433.5	433.5	433.5	433.5	433.5	433.5	433.5	432.6	431.2	429.5	427.6	425.4	423.9	423.1	422.3	421.6	421.5	421.6	419.5	418.9	414.2	419.8	422.3	414.9	407.8	404.9	402.1	399.7	399.7	397.2	391.7	369.4	331.1	302.3	288.5	271.3	260.4	268.3	283.1	279.1	271.9	267.1	265.9	264.4	258.2	258	259.8	257.9	257.5	257.1	255.9	253.7	253.2	253.8	254	254.7	255.8	258.3	259.2	256.4	255.2	253.9	252.3	253.9	256.3	258.7	260.2	260.2	261.3	264.1	264.8	266.6	267.9	268.4	268.9	271.1	270.6	273.1	274.7	273.5	272.1	270	270.5	269.7	268.6	266.9	265	264.9	265.6	265.8	264.8	262.9	261.9	260.3	258.3	256.3	256.4	256.8	256	254.9	252.8	251	248.3	247.9	247.4	245.2	244.8	244.1	244.5	245.5	244.1	243.5	242.5	242.7	245.7	246.8	248	251.1	254.3	256.2	259.1	261.4	266	276.2	284.9	293.1	294.4	297.5	298.9	315.3	349.9	352	352.9	354.5	369.2	376.5	382.3	393	400.5	400.7	396.7	395.2	396.2	399.7	408.5	409.1	404.1	411.3	416.8	411.2	405.8	402.9	400.9	401.1	401.4	400.9	405.1	404.2	403.6	406.3	406.9	406.9	401.6	394.9	392.2	391.7	391.1	391.4	395.1	398.9	397.8	395.1	395.8	399.6	396.7	392.3	390.8
433.5	432.9	433.5	433.5	433.5	433.5	433.5	433.5	433.5	433.5	433.5	433.5	433.5	433.5	433.5	433.5	433.5	433.5	433.5	432	433.5	433.5	433.5	432.5	430.2	428.5	427.5	425.7	423.9	422.9	422.4	421.8	419.4	416.2	419.5	422.1	419.4	415.1	409.5	411.1	412.4	410.1	406.9	404.3	403	401.6	399.9	397.9	388.5	394.4	354.4	296.7	276.7	266.8	260.5	269.7	284.9	281.1	271.9	268.1	265.7	262.4	258.4	257	257.8	259	258.4	258.3	257.7	257.1	257.1	255.6	254.9	254.8	253.4	256.2	256.9	255	254.4	253.3	251.2	251.4	253.8	253.8	256.2	257.5	259.3	260.7	261.5	265	267.9	267.9	267.8	268.5	268.9	270.4	273.1	273.4	271.6	269.7	268.8	267.3	264.9	265	265.2	263.9	262.8	262	261.5	261.4	260.8	258.5	255	253.4	251.9	251.9	252.1	252	249.5	247.3	246.7	246.8	245.7	244.6	244.8	245.5	245.4	245.2	245.3	245.7	244.2	244.5	248	248.3	250.4	253	255.6	256.3	258.4	259.9	264.9	277.4	286.9	294.5	296.1	299.8	297.6	314.7	349.3	351.3	351.9	352.8	362.8	373.9	375.8	390	403.9	407.6	407.6	403.2	400.6	400	402.7	405.1	398.9	395.2	398.3	404	410.6	409.1	407.4	409.5	408.8	401.9	401.6	401	396.7	399.4	398.9	401.8	403.3	399.3	394.2	392.5	391.7	392.7	392.2	392.4	392.4	394.4	401	405.2	406.2	407.3	402.1
433.5	433.5	433.5	433.5	433.5	433.5	433.5	433.5	433.5	433.5	433.5	433.5	433.5	433.5	433.5	433.5	433.5	433.5	433.5	429.6	433.5	433.5	431.7	430.8	428.3	426.7	425.7	424.3	422.9	422.4	422.2	421.5	418.2	417.4	415.2	406.6	397.9	393.5	389.5	386.6	393.7	406.6	406.1	404.3	403.1	401.4	400.1	398.3	389.9	397.6	362.1	303.4	278	265.7	258.5	264.6	281	283.5	275.2	269.9	267.2	262.3	257.1	256.9	258.3	260.1	259.5	258.7	258.2	257.8	257.9	257.7	256.6	254.2	252.8	253.7	254.5	252.8	251.8	251.9	250.6	248.8	251.4	252.6	253.3	254.1	255.9	257.7	259.2	261.7	264	265.3	265	264.4	264.5	265.6	266.9	268	266.7	266.6	265.3	263.3	261.3	260.5	261	260.5	260.6	258.1	256.6	257.2	256.8	254.1	252.2	250.5	249.7	248.2	249.8	250.3	248.7	247.5	247.2	247.1	245	244.5	245.2	245.6	244.4	243.3	244.4	246.1	244.8	245.9	247.7	249.8	251.6	254.8	255.9	256.1	257	259.4	269.9	285.9	290.3	290.8	295.8	299.9	295.7	313	349.7	349.7	351.1	354.3	360.4	372.1	380.1	385.4	401.5	405	404.1	404	401.8	396.1	396.3	401.2	397.6	392.3	394.8	401.3	410	408.5	406.8	411.9	414.3	405	397.7	395.4	393.2	396.7	398	400.7	402.5	399.7	394.8	392.7	393.1	393.6	393.4	393.4	392.6	393.7	401.1	407.1	406.5	412.5	407.3
433.5	433.5	433.5	433.5	433.5	433.5	433.5	433.5	433.5	433.5	433.5	433.5	433.5	433.5	433.3	432.8	432.2	431.2	429.8	428.6	426.9	425.8	424.2	422.9	421.6	420.3	419.4	419.4	420.4	421.5	422.2	421.5	419	418.7	408.9	398.4	392.8	389.1	384	380.4	391.2	406.6	404.6	402.5	402.2	401.4	399.9	397.2	397.4	399	384.9	314.9	270.7	262.1	256.4	260.7	279.2	286	279.6	273.6	269.4	263.7	256.9	253.8	255.7	258.5	259.9	258.4	259.1	258.7	257.1	256	256.9	256.4	256.2	254.8	253.8	255.1	255	253.3	251.4	250	251.5	253.4	255.6	256	256.4	256.1	255.5	256.7	256.8	259.8	262.1	261.4	259.5	258.5	259.2	260.4	263.2	263.6	262	259.8	259.5	259.8	257.8	257.5	257.3	254.4	251.8	251.1	248.7	246.9	248.2	247.9	247	247	249.4	248.9	248.4	248.9	248.1	246.5	246.2	246	246	247	246.6	244.7	246	246.9	247.9	248.7	249.1	250.2	251.5	252.1	252.6	253.9	255.9	259.9	271.3	289	292.5	295.5	297.3	296	291.3	316.8	348.6	348.4	349.8	353.2	357.6	368.2	378.8	379.8	389	403.5	405.6	409.3	409.8	409.7	407.3	403.4	399.6	400.3	400.2	399.5	405.8	404.8	397.6	402.6	407.6	416.5	408.5	401.6	398.4	396.9	394	393.6	398.4	402.2	403.1	403.1	403.2	403.2	405.3	406.2	401.2	393.2	392.9	397.2	400.4	404.6	403.1
433.5	433.5	433.5	433.5	433.5	433.5	433.5	433.3	433.2	433	432.5	432.3	432.1	431.7	430.8	429.6	428.1	426.9	426.2	424.7	423.2	421.9	420.3	419.3	418.3	417.6	417.1	417.8	420.1	421.4	421.2	420.7	415.1	406.2	402.1	394.6	382.4	379.3	375.1	377.3	395.9	407.1	403.7	402.6	401.9	401.1	400.6	396.4	398	399.2	398.4	349.5	282.2	259.1	255.3	257.7	275.2	286	283.6	277.1	272.2	268	260	253.8	253.1	256.2	258.3	258.5	258.7	258.6	257	256.8	257.8	257.1	257.4	257.1	254.9	255.1	254.7	254.4	253.3	251.9	251.6	252.1	253.4	254.9	256.1	255.4	253.6	253.8	254.5	255.8	258.7	259.7	259.6	257.5	257	256	257.4	260.5	260.4	258.1	257.5	256.5	255.2	253.4	252.9	252.2	250.5	248.5	248	247.8	247.9	247.6	247.8	248.8	249.4	249.6	249.6	249.3	249.5	248	246.7	246.3	246.7	247.3	246.5	245.4	246.4	246.6	247.6	248.3	249.1	249.5	251.2	251.9	252.5	252.9	257.3	260	273.4	290.4	291.7	294.6	296.7	298.5	287.9	304.5	336.6	348.6	349.6	352.6	356.6	365.9	377.7	382.1	386.9	402.3	408.9	410.4	411.7	415	412.8	405.6	402	402.8	401.9	399.2	402.6	403.9	397.3	401	411.6	412.6	411.1	403.9	400.4	397.5	394.5	393.5	400	403.7	404.6	403.3	402	405.3	410.8	410	402.4	394.2	390.7	391.8	394.4	398.3	400.7
429.8	429.7	429.8	429.8	429.7	429.7	429.5	429.3	428.9	428.6	428	427.4	426.7	425.9	425	423.8	422.5	421.2	419.7	418.5	417.2	416	415	414.4	413.9	414.2	415.8	419.2	422.3	420.9	419.3	417.3	414.9	407.3	402.5	396	382.3	378.3	376.9	379.3	396.7	406	404.5	403.7	403.9	402.9	400.4	396.8	399.9	400	396	349	282.5	257.5	254.3	254.1	272.4	284	283.6	279.9	275.5	269.8	264.2	256.3	250.9	252.1	253.7	255.5	256.5	257.6	259.1	258.5	257.9	257.3	257.8	259.6	259.4	256.6	253.5	250.8	251.6	250.9	250.8	251.9	252.7	254.1	256.1	256.2	255.1	255.7	255.8	256.3	257.1	256.8	257.8	258	257.1	255.9	256.8	256.9	257.3	256.5	255.3	255.2	254.3	251	250.8	248.8	248.2	249.7	249.9	248.9	249.6	250.5	250.4	250.3	248.7	248.4	248.4	247.8	247.2	247.7	248.7	247.7	248.3	248.7	247.9	248.1	247.6	246.9	246.8	247.3	244.8	244.9	246.1	247	249.5	254.1	259.2	264	274.3	292.4	294.9	295.7	297.8	296.4	295.6	331.2	346.9	348.7	349.3	352.3	356.9	361.6	375.9	387	386	391.1	406.7	406.2	405.1	407.8	408.3	408.8	410.6	408.4	406.5	405.3	403.8	405.5	401.9	398.2	400.4	402.6	402.3	403.5	403	401.7	400.2	401.4	402.9	403.8	402.6	400.9	400.6	401.9	406.8	409.1	404.7	397.8	396.9	399	397.8	393.3	394.3
431.7	431.8	431.8	431.8	431.8	431.6	431.2	431.1	430.9	430.3	429.7	429	428.1	427.3	426	424.6	423.5	421.8	420.2	418.6	417.2	416	415.2	414.6	414.4	414.7	417.8	420.2	421.7	421.5	419.9	419.4	418.5	406.5	402.1	400.6	396.1	385.3	376.1	380.3	397.3	405.4	406.3	406.2	404.8	403.5	402.2	397.3	398.9	399.2	394.5	360.2	297	259.9	252.9	253.6	269.8	284.4	284.6	282.2	278	272.8	268.7	262	254.3	251.9	253.7	255	254.7	256.6	258.6	257.4	258	257.7	257.6	259	259.5	257.3	255.7	251.9	252	250.9	250.6	251.6	253.1	254.9	256	257.4	254.9	254.7	256.9	256.6	256.9	257.1	257.2	256.8	254.9	255	255.9	255.3	255.4	254.9	253.4	254.4	251.9	250.6	250.6	248.7	248.3	249.1	250.6	250.2	249.8	250.4	250.3	250.6	249.6	247.4	247.9	247.4	247.9	247.6	246.8	246.9	247.6	247.5	246.7	247	247.5	245.6	243.8	243	241.8	243	245.3	246.5	250.2	256.3	259.8	263.6	270.6	279.6	287.9	294.8	297.1	295.7	305.1	337.9	347.3	349.9	352	354.6	356.9	360.4	373.4	386.7	386	387.6	403.1	405.9	403.5	405.6	408.3	410.6	413.3	408.8	405.7	403.6	402.4	399.6	394.5	391.8	395.8	399.8	401.3	403.7	401.7	394.2	389.6	393.8	397.2	403.6	404.9	402.4	400.2	400	400.9	401.8	402.1	397.8	398.1	402.5	401.3	398.6	398.7
433.5	433.5	433.5	433.5	433.5	433.5	433.5	431.4	433.5	433.5	433.5	433.5	433.5	433.5	432.5	430.5	428	425.5	423.2	421.1	419.3	418.2	417.8	418.1	419	421	422.6	421.6	420.3	422.4	422.2	419.9	407.6	400.1	400.9	402.8	393	377	376.1	392.2	405.6	406.3	407	405.8	404.6	403.5	402.1	400.3	399.9	398.1	390.5	370.2	337.6	279.3	254.6	253.9	267.6	284.1	285.4	284.1	278.1	272.7	270.9	266.3	258.3	252.1	249.2	249.3	250.9	252.4	254.9	255.4	256.8	258.4	258.4	259.1	260	258.6	258.7	255.4	252.6	251.7	249.1	249.8	251.3	253.6	252.8	253.3	252.7	252.9	253.9	253.9	253.3	253.1	253.5	252.5	253	253.9	255.5	254.7	253.1	251.4	250.2	250.9	247	245.7	246.3	248.6	249.6	249.5	248.5	247.9	248.2	248.1	249.4	249.5	248.5	247.9	248.2	248.9	247.7	245.6	245.4	246.2	246.7	247	245	244.1	242.4	240.2	239.3	239.9	240.6	242.2	245.1	248.9	255.1	260.2	265	269.9	273.9	278.9	289.7	296.2	295.2	298.6	322.7	345.7	348.9	349.3	349.3	353.4	356.6	358.2	368.4	385.3	393.7	388.4	392.7	406.1	405.6	401.4	405.4	405	405.5	408.5	405.4	404.3	402.9	399	394.5	393	399.1	405.3	408.6	409.8	402	394	395.4	396.6	395.7	399.9	400.1	399.8	398	393.9	394.2	395.7	397.5	394.5	392.5	399.4	398.3	398.8	401.6
433.5	433.5	433.5	433.5	433.1	433.1	433.5	432.9	433.5	433.5	433.5	433.5	433.5	433.5	432.5	429.6	427.6	425.2	422.9	420.7	419.4	418.6	418.8	419.3	420.2	421	421.6	421.5	420.6	421.6	420.8	412.8	404	401.3	401.8	403.3	394.1	380.3	391	404.3	406.4	406.5	406.3	405.8	403.9	402.7	401.3	401.3	401	398.4	392.4	372.7	348	294.9	257.9	250	262.8	281.3	284.7	284.5	282.3	276.3	272.5	267.1	261.4	255	249.6	248.9	249.7	249.4	251.7	253.3	254.8	257.4	256.2	257.8	259.7	258	258.2	256.4	252.6	250.1	249.9	250.7	251.9	252.1	252.4	252.5	251.8	252.7	253.7	253.2	252.1	252.8	252.7	252.1	253.5	254.1	255	255.3	253.4	250.9	250.6	249.8	246.5	246.9	246.2	247.1	248.6	248.1	248.6	248.3	249.1	249.2	249.6	248.9	247.5	248.4	249.2	248.3	245.5	244.7	244.6	244.5	245.7	244.6	241.6	240.3	237.5	237.3	237.7	239.2	241.6	244.7	247.5	251.2	256.4	262	266.8	270.8	271.5	271.3	281.9	295.3	295.1	303.4	330.5	345.9	346.6	349.2	348.9	352.4	356.4	357.8	365.4	381.7	394.8	390.5	384.9	403.3	404.4	399.5	401.4	403.3	404.7	405.3	403.5	404	403.9	402.6	404.5	403.2	402.3	408.2	414	414	410	404.2	400.7	400.4	397.9	396.6	396.6	398.7	401.3	399.6	398.4	399.6	401	398.1	391.8	393.6	394.2	396.5	399.9
433.5	433.5	433.5	433.5	431.4	430.8	432.4	432.1	431.5	431	429.8	428.5	427.1	425.7	424.4	422.8	421.5	420.2	419.4	419.5	419.7	419.7	420.4	420.7	419.5	419	418.9	419	419.3	419.6	414.1	408.7	404.4	401.4	401.5	402.6	395.5	384.4	394.6	404.8	405.5	406.2	406.4	405.4	403	402.4	402	402	401.3	399.2	396.2	371.5	343.1	327.2	284.8	255	261	278.2	284.2	284.6	283.4	281.2	275.5	269.5	262.8	259.5	254.6	250.8	246.7	244.6	245.6	248.5	249.8	251.8	254.5	256	258.5	258.3	258	258.6	255	252.2	248.6	247.8	248.4	249.4	250.7	249.7	250.1	250.2	250.7	250.7	248.1	250.1	251	250.1	250.2	252.2	252.6	250.7	248	248.4	249.3	247.8	246	244.9	245.5	245.6	245	244.5	245.7	245.9	246.3	247.7	248.1	247	246.6	247.8	247.1	244.4	241.5	243.9	246	243.5	239.9	237.2	235.9	236	235.2	234.3	236.2	239.3	241.7	246.8	251.4	255	260.3	266.1	269.6	271.4	273.1	270	276.3	287.9	299.6	326.2	347.2	347.4	344.6	346.6	347.8	350.3	354.5	356.4	362.4	375.9	392.9	399.7	388.1	399	409.7	408	403.3	404.8	408.4	405.6	401.6	401.5	405	404.4	401.8	401.2	400.5	403	411.8	416.2	412.6	407.1	403.2	401.5	399.6	398.7	400.2	400.8	400	400.5	405.6	405.5	401.4	397.7	392.1	392.5	395.9	397.7	400.7
432.3	432.1	431.9	431.2	430.7	430.5	429.7	428.9	427.9	426.9	426	424.9	423.7	422.4	421.5	420.6	419.7	419.4	419.5	420	420.1	420.3	420.6	420.3	419.7	419.3	418.9	418.9	414	408.5	405	402.7	401.6	402.4	401.9	400.9	400.7	394.9	398	404.7	405.2	405.4	405.2	404.7	403.7	402.7	402.5	401	399.9	398.8	396.4	386.6	361.4	337	301.8	260	253.3	268.1	280.8	285.5	286.1	283.5	276.4	269.3	265.2	262.4	258.6	253.5	248.8	245.8	246	246.9	248.4	251	253.4	254.7	257.1	259.3	258.7	258.6	257.1	253.5	250	247.8	247.8	249.1	249.9	249.7	249.9	249.7	250	249.1	249.3	249.5	249.3	248.8	249.7	250.6	250.5	250	249.2	249.6	249.2	248.8	246.5	245.1	246	246	245.3	244.1	244.7	244.8	245.7	246.2	247.8	246.7	245.4	245.3	245	242.6	241.4	241.5	241.2	239.3	235.9	233.9	234.4	235.4	235	235.4	237.6	239.3	242.6	248.6	253.2	257.4	263.5	267.6	269.8	272.1	272.6	267.4	273.5	278.7	298.2	338.1	353.1	348	347.3	347.2	342	345.1	352.4	354.8	358.7	368.1	382.2	394.7	399.9	400.1	402.2	406.1	403.1	403.1	406.1	405	402.9	404.4	406.6	408.1	407.5	403.9	403.5	403.1	405	411.7	415.1	411.9	407.2	402.7	403.9	402.5	402.5	400.8	401.3	400.5	403.1	405.4	404.1	398.9	394.7	395.6	398.9	401.6	403
425.7	425.2	424.7	424.2	423.6	422.9	421.9	421.4	420.6	419.9	419.3	419.2	419	419.4	419.9	420.2	420.3	420.4	421.1	421.9	421.8	421.2	419.7	418.6	419.5	420.2	419.6	419.3	412.6	406.6	403.7	402.3	402.4	403.2	402.4	401.9	402.5	397.8	397.3	403.8	405.7	405.4	405	404.6	403.6	401.5	401.7	400.9	399.7	398.8	397	374	346.1	328	323.7	300	271.8	275.8	280.9	283.4	286.7	288.1	284.3	276.2	267.4	263.9	262.8	259.8	254.6	248.5	245	244.3	245	245.9	247.6	247.7	251.7	255.9	257.2	258.8	259.2	258.4	255.5	252.2	249.8	246.9	247.6	248.9	248.9	248.4	249.6	248	248.1	247.5	246.2	247.7	248.4	248.1	247.7	248.1	247.7	247.5	248	247.7	245.3	244.8	243.6	242	242.2	244	243.8	244.3	245.2	245.6	246.5	245.7	244.4	242.3	241.4	241.1	241	236.1	233.5	231.4	230.6	232.1	232.5	233.3	235.1	235.8	238.3	242.8	248.7	254.2	259.4	264.6	267.2	268.7	269	271.8	274.1	267.9	266	284	328.7	355.2	349.6	346.6	347.4	347.1	342.3	344.3	352.5	355.3	360.5	368.9	385.8	402.1	403.3	395.5	399.8	401.1	398.2	405.4	407.1	406.5	407.7	412.2	413.8	410.1	407.8	406.7	402.6	399.3	397.8	404.2	407.7	412	418.3	414.4	409	408.5	404.2	405.8	410.3	402.8	399.1	399.7	402	401.9	402.9	403.1	400.7	404.8	405.8
421.9	421.5	421.1	420.7	420.1	419.4	418.8	418.3	417.9	417.8	418	418.5	419	420	420.6	420.3	420.1	420.1	420.7	421.9	422.2	420.7	419	418.8	419.2	419.5	419.5	412.1	403.7	402	402.4	401.4	401.9	402.2	400.5	398.9	400.7	399.3	396.4	400.3	404.7	404.2	404.2	403.9	402	402.1	402.1	401.8	399.3	398.6	398.7	378.7	349	327.2	324.1	314.7	284.3	277	279.2	282.5	289	290.8	287.4	281.3	269.6	264.8	265.2	262.6	258.3	252.8	247.3	243.7	243.3	243.6	245.5	245.5	247.9	251.3	253.1	256.9	257.6	257.7	257	254.1	250.5	248.1	247.6	248.4	248.8	249	248.9	248.3	248	247.7	246	247.2	246.8	245.3	245.7	248.3	247.3	247.2	246.8	246.5	244.7	243.9	243.5	242.4	242.3	244.2	242.9	244.7	244.7	245.3	245.3	243.7	241.5	239.5	239.7	240	237.4	233.7	231.2	229.9	230.7	231	233.2	233.4	237.1	238.9	240	245.4	251.3	257	262.7	265.8	267	268.4	268.9	271.5	274	271.7	269.3	293.7	334.7	347.9	341.2	339.2	344.9	346.3	347.1	344.6	349.1	355	359.3	368.1	384	400	404.2	395.9	395.2	399.6	402.9	409.4	411.1	407.8	406.8	409.1	410.8	408.3	406.2	404.5	401.2	399.4	396.7	398.1	401.4	407.9	415.5	414.9	410.4	408.1	403.4	404.1	407.6	405.3	402.9	398	401.2	400.5	398	398.4	396.8	403.7	407.8
414.6	414.6	414.6	414.6	414.6	414.6	414.6	414.6	414.6	414.6	414.6	414.6	414.6	414.6	414.6	414.6	414.6	414.6	414.6	414.6	414.6	414.6	414.6	414.6	414.6	414.6	412.2	404.6	399.2	397	396.8	396.8	396.6	396.8	394.6	392.8	393.4	396.2	394.6	393.8	397.8	399.4	399.4	398.4	398	398.2	397.6	396.4	395	394.8	395	386.9	363.9	335.7	323.1	322.8	318.3	289	274.6	278.4	281.8	281.9	279.6	277.6	274.9	273.1	272.1	266.2	261.4	255.5	250.7	245.5	241.6	238.8	237.7	236.6	235.3	235.8	234.7	237.8	243	247.8	248.4	248.5	248.4	246.2	245.4	244.2	243.8	244.6	245	243.2	243.3	243.2	242.3	242.1	242.4	241.4	240.1	240.3	240.5	239.3	238.1	238.2	237	236.3	236.8	237.4	236.8	236.9	238	237.6	237.3	235.6	235.2	234.2	231.7	230.9	228.7	225.8	224.4	223.3	224.3	223.2	223.7	225.5	228.4	230.8	234.5	237.8	240.7	247.3	252.8	259	261.5	261.6	263.4	264.8	265	267.9	269.3	263.1	271.8	316.5	340.3	338.3	336.4	334.6	335.3	338.7	338.7	336.7	340.4	349.2	351.9	357.6	367.2	381.6	393.4	396.8	393.8	399.1	404.4	406.8	408.6	407.4	404.4	400.8	400.8	401.4	402.6	403.2	403.7	407.5	406.5	400.8	399.9	400.5	400.5	404.1	405.3	404.7	400.2	395.7	393.3	395.7	399.9	401.1	400.8	400.5	399.8	399.5	400.1	396	396.3
433.5	433.5	433.5	433.5	433.5	433.5	433.5	433.5	433.5	433.5	433.5	433.5	433.5	433.5	433.5	433.5	433.5	433.5	433.5	433.5	433.5	433.5	433.5	433.5	430.3	424.3	418.9	416.3	415.3	413.9	414.1	414.9	414.3	413.7	412.3	412.5	412.3	413.1	414.9	411.3	412.7	417.1	418.3	417.3	416.9	417.5	416.7	415.1	414.1	413.5	413.5	402.5	370.9	343.1	339.1	342.7	351.7	326.7	301.5	297.6	299.6	300	300.6	298.9	297.1	295.6	293.2	287.6	282.7	276.4	272.9	267	263.8	260.6	257.1	255.5	254.6	252.6	252	253.6	256.5	260.5	263.3	266.4	268	266.4	263.9	263.5	263.9	262.1	262.8	261.6	261.6	262.5	261.8	260.2	262.3	262.3	261	261.2	259.4	258.6	257.6	257.6	256.1	256.4	255.9	255.8	256.5	256.5	256.6	255.5	253.1	252	250.8	249.5	248.2	246.9	244.4	242.5	242.6	242.1	241.6	242.5	244.3	246.9	250	253.2	255.3	259	264.9	270.9	276.5	279.9	280.9	281	283.3	284.1	284.3	285.4	285.4	279.3	301.7	344.8	355.2	353.1	349.3	345.2	346.7	356.2	357.6	361.5	367.8	369.6	372.3	376.1	387.4	403	417.1	416.7	413.7	423.9	421.8	421.5	423.6	420.5	415	417.6	420	421.5	422.1	423.6	429.9	426.4	423	422.4	421.5	418.2	420	425.7	426.3	421.8	417.6	413.4	411.3	417.1	423.6	421.8	422.1	420.3	419.4	421.2	413.4	409.5	415.2
433.5	433.5	433.5	433.5	433.5	433.5	433.5	433.5	433.5	433.5	433.5	433.5	433.5	433.5	433.5	433.5	433.5	433.5	433.5	433.5	433.1	433.5	433.1	431.3	430.3	424.3	419.9	417.1	415.9	414.9	411	414.1	413.9	412.5	412.3	411.7	412.1	411.3	412.3	411.7	409.7	413.7	417.3	417.9	417.3	416.9	417.3	416.3	414.5	414.3	413.9	402.9	372.5	346.5	340.3	341.9	351.7	363.2	333.4	303.2	297.5	298.3	298.1	299	296.4	296	297	294.2	290	285.8	280.7	273.6	268.3	263	260.1	258.3	255.7	253.7	252.2	251.8	251.1	251.8	252.1	254.4	257.3	260.2	262.2	262.6	263.7	264.3	263.5	262.3	262.6	261.4	261.1	259.8	259.6	260	260.8	260.5	260.7	259.7	259.8	258.4	257.7	257.8	255.8	253.9	253.7	252.6	250.8	248.2	246.5	246	245	241.9	240.8	241.6	241.8	241.2	241.7	242.1	242.4	244.9	247.7	251.4	254.1	257.4	261.7	267	271.4	275.5	278.4	279.6	280.3	282.4	282	282	282.4	282.3	282.6	300.1	338.3	353.8	353	352.6	353.8	347.7	342	346.1	357.3	361.2	368.7	370.5	372.3	374.7	385.2	402.3	412.3	417.4	414.6	411.6	413.1	411.6	413.1	418.8	419.7	418.1	421.9	420.9	417.6	414.9	417	417.6	418.2	421.2	421.5	415.2	412.8	417.6	417.6	415.2	416.1	418.8	419.4	420	418.9	420	420.3	421.5	416.7	410.7	410.7	408.7	411
433.5	433.5	433.5	433.5	433.5	433.5	433.5	433.5	433.5	433.5	433.5	433.5	433.5	433.5	432.9	433.5	433.5	433.5	429.7	422.7	422.9	425.9	422.9	421.7	418.9	418.1	416.5	415.5	414.9	414.9	413.4	413.5	412.7	412.5	412.5	411.3	410.3	410.3	410.9	412.7	409.7	411.3	415.9	417.1	416.9	416.3	416.9	415.9	414.5	414.9	414.3	406	377.1	348.2	339.5	341.2	349.5	361.9	350	313.9	300.2	298.4	298.6	299.4	298.9	297.5	297.4	294.8	292.5	289	285.1	278.6	272.2	266.3	261.7	259.7	256.1	255.3	253.9	251.7	250.4	251	250.8	250.7	251.3	254.3	257.7	259.3	262.1	261.9	262.1	261.9	261.8	261	260.6	259.3	256.9	258.6	260.7	259.8	259.6	259.5	259.4	259.4	257.6	255.6	253.3	251.7	250.1	248.5	245.5	243.8	241.6	241.5	242.6	240.3	239.2	240.9	240.7	241.4	242.5	243.2	245.3	246.5	250.9	254.6	257.9	261	265.6	271.3	274.8	277.3	279.4	280.2	281.3	282.4	283.3	283.8	283.9	281.7	284.3	308.3	347.7	354	351.3	351.9	354.4	349.1	339.9	338.7	346.5	355.7	362.4	367.2	372.3	374.4	383.1	398.4	415.8	418.7	416.1	411.3	413.7	412.8	414.9	418.8	420.9	423.6	424.5	419.7	413.7	412.5	415.7	417.6	419.7	422.4	425.1	416.9	411.3	413	413.3	410.5	414.9	417	418.2	421.5	420.9	418.2	416.1	417	415.2	411	412.2	412.2	408.9
