663	663	663	663	663	663	663	663	663	663	663	663	663	663	663	663	663	663	663	663	663	663	663	663	663	663	663	663	663	663	663	663	663	663	663	663	663	663	663	663	663	663	663	663	663	663	663	663	663	663	663	663	663	663	663	663	663	663	663	663	663	663	663	663	663	663	663	663	663	663	663	663	663	660.4	652	647	641.6	634	629.8	630	597.2	551.4	530.4	507.4	509	527.8	528.6	502.8	494	526.2	523.2	491.2	497.2	536.2	547.2	544.6	567.4	572	559.2	553.2	547.8	517.6	497.8	494.6	469.8	458.4	490	492.2	486	482	464	467.2	463.6	470	490	492.4	496.8	498	499.8	498.2	498	496.8	502.4	517.8	527.2	529.4	533	528.6	530.6	547	553.8	561.8	569.4	565.4	578.6	615	640.8	663	663	663	663	663	663	663	663	663	663	663	663	663	663	663	663	663	663	663	663	663	663	663	663	663	663	663	663	663	663	663	663	663	663	663	663	663	663	663	663	663	663	663	663	663	663	663	663	663	663	663	663	663	663	663	663	663	663
663	663	663	663	663	663	663	663	663	663	663	663	663	663	663	663	663	663	663	663	663	663	663	663	663	663	663	663	663	663	663	663	663	663	663	663	663	663	663	663	663	663	663	663	663	663	663	663	663	663	663	663	663	663	663	663	663	663	663	663	663	663	663	663	663	663	663	663	663	663	663	663	655.4	650.6	638.8	612.2	596	582.4	579.6	519.8	474.8	473	479.2	453.6	444	403.4	366.6	363.8	340.2	328.6	334.6	343	338.4	345	371.4	412.2	452.2	455.2	432.2	423.6	433.8	445	447.2	442.6	407.6	404.2	413	376.2	353.2	367.2	382.8	389.2	381.2	362.6	369.6	439.4	488.2	475	476	488.6	487	487.2	491	496	502.2	495	497.6	508.2	506.6	521.6	531.6	532.8	532.8	536.8	536	546.6	561	590.4	620.4	642	663	663	663	663	663	663	663	663	663	663	663	663	663	663	663	663	663	663	663	663	663	663	663	663	663	663	663	663	663	651	642	646	628	638	663	663	663	663	663	663	663	663	663	663	663	663	663	663	663	663	663	663	663	663	663
663	663	663	663	663	663	663	663	663	663	663	663	663	663	663	663	663	663	663	663	663	663	663	663	663	663	663	663	663	663	663	663	663	663	663	663	663	663	663	663	663	663	663	663	663	663	663	663	663	663	663	663	663	663	663	663	663	663	663	663	663	663	663	663	663	663	663	663	660.2	647.4	634.6	625.6	621.8	613.8	599.4	580.4	573	567.6	546.4	500.2	455	432.6	413.4	426.4	407.2	375.8	349	332.2	335.4	335.4	337	347.8	346.4	361.6	359	334.6	375.8	412.2	401	385.8	399.4	382.4	408.6	411.6	392.2	392.6	369	339.2	334.2	329.2	345.2	369.2	375.4	365.8	335.4	343.4	407.2	438.4	447.6	424.2	464.8	479.4	478.4	478.2	483	484	467.6	486.8	494.6	506.4	516.6	523.8	527.6	531	534.6	535.8	537	544	563.8	605.6	634.2	655.8	663	663	663	663	663	663	663	663	663	663	663	663	663	663	663	663	663	663	663	663	663	663	663	663	663	663	663	663	632	636	653	636	647	663	663	663	663	663	663	663	663	663	663	647	646	652	654	663	663	663	663	663	663
663	663	663	663	663	663	663	663	663	663	663	663	663	663	663	663	663	663	663	663	663	663	663	663	663	663	663	663	663	663	663	663	663	663	663	663	663	663	663	663	663	663	663	663	663	663	663	663	663	663	663	663	663	663	663	663	663	663	663	663	663	663	663	663	663	663	663	661.8	649.4	615.4	614.2	593	570.4	548.2	506.4	482.6	478.4	428.6	383.6	367.4	340.4	316.2	317.4	315.4	314.8	308.8	332	351.6	339.6	354	363.2	337.8	349	334.2	337.6	335	306	301.8	304.6	324.2	339.4	372.2	384.6	350	348.8	379.2	400.2	342.4	321.6	316	303.4	337.6	339.8	303.4	307	293.8	297.8	356	393.8	391.8	378.2	432.2	466.4	472.2	461	450.4	453.6	476.6	483.6	489.4	504.2	511.4	514.8	517	522.2	519.4	504.2	480	491	528.4	550.4	580.4	616.2	657.6	663	663	663	663	663	663	663	663	663	663	663	663	663	663	663	663	663	663	663	663	663	663	663	663	663	663	663	663	663	663	663	663	663	663	663	663	663	663	663	654	649	642	636	647	663	663	663	663	663	663	663
663	663	663	663	663	663	663	663	663	663	663	663	663	663	663	663	663	663	663	663	663	663	663	663	663	663	663	663	663	663	663	663	663	663	663	663	663	663	663	663	663	663	663	663	663	663	663	663	663	663	663	663	663	663	663	663	663	663	663	663	663	663	663	663	663	659	643	627	616.2	613.6	599.2	571.4	546.4	529.4	472.8	434.8	390.2	353.8	334.4	337	325.6	311.8	300.6	287	290.8	317.6	352.4	338.6	302.4	315.2	324.4	333.4	354.2	345	324.4	323.6	284.4	280.2	308.6	304.2	300.2	355.2	368.2	332.4	342.6	358.2	381.2	344	315	312.8	311.2	323.4	325.4	288.4	280.2	278	284.4	333.8	374.4	372.8	352.2	403	455	479.2	477.4	458.8	456.6	462	476.6	479.2	482.2	483.4	485.4	487.4	488.2	490	492.6	494.4	482.6	522	541.6	557.8	583.6	624	657	662	663	663	663	663	663	663	663	663	663	663	663	663	663	663	663	663	663	663	663	663	663	663	663	663	663	663	663	663	663	663	663	663	663	663	660	663	663	657	645	657	654	663	663	663	663	663	663	663	663
663	663	663	663	663	663	663	663	663	663	663	663	663	663	663	663	663	663	663	663	663	663	663	663	663	663	663	663	663	663	663	663	663	663	663	663	663	663	663	663	663	663	663	663	663	663	663	663	663	663	663	663	663	663	663	663	663	663	663	663	663	663	663	663	655.8	627.8	599	577.2	551.2	517.2	510	486	474.8	472.4	449.6	393.2	357.2	323.2	300	307.4	312.6	347.4	328.4	285	286.6	292.4	302.2	305.6	296	291.6	311.6	306.6	307	317.2	308	296.6	284.8	307.6	338.4	337.4	333.8	329.6	308.2	320.4	341	337.2	306.4	285.2	293.4	301.2	295.6	279.4	301.2	295.8	268.2	266.8	276.2	276.6	302	318	336.6	351	327.4	363.8	428	475.8	477.6	477.4	477.4	476.2	476.6	471.4	471.2	459.4	456	461.2	463	471.6	489.4	516.4	531	532.8	536.4	543	570.6	616.2	653.4	663	663	663	663	663	663	663	663	663	663	663	663	663	663	663	663	663	663	663	663	663	663	663	663	663	663	663	663	663	663	663	663	663	663	663	663	663	663	663	663	663	663	663	663	663	663	663	663
663	663	663	663	663	663	663	663	663	663	663	663	663	663	663	663	663	663	663	663	663	663	663	663	663	663	663	663	663	663	663	663	663	663	663	663	663	663	663	663	663	663	663	663	663	663	663	663	663	663	663	663	663	663	663	663	663	663	663	657.6	663	663	663	657.6	621.4	595.2	579.8	566.6	504.8	483.6	494.6	474.4	446.8	443	412.4	353.8	321.4	299	285	295.6	313.2	330.6	309.4	281.4	284.2	282	291	314.8	313.8	306	312.6	334.2	329.8	340	309	291.6	313.8	296.8	309	341.8	309	261.6	283.8	306.8	294.2	279.8	262.6	257.6	285.8	285.2	267.4	282.2	276.6	277.4	279.8	270.4	260.6	264.4	292	343.6	360.8	310	322.2	365.4	436.6	474.8	475.6	474.8	474.8	474.2	475.2	466.2	447.8	456.4	476.2	443.6	424.2	461.2	493	507.4	519.4	517.2	507	533.6	556.2	590.4	633.6	663	663	663	663	663	663	663	663	663	663	663	663	663	663	663	663	663	663	663	663	663	663	663	663	663	663	663	663	663	663	663	663	663	663	663	663	663	663	663	663	663	663	663	663	663	663	663	663
663	663	663	663	663	663	663	663	663	663	663	663	663	663	663	663	663	663	663	663	663	663	663	663	663	663	663	663	663	663	663	663	663	663	663	663	663	663	663	663	663	663	663	663	663	663	663	663	663	663	663	663	663	663	663	663	663	663	660	649.2	655.2	657.6	644.4	613.4	589.4	565.2	544.2	517.2	439.8	381.6	396.6	407.8	406	400.6	393.2	344.4	313.2	287.2	293.2	296.8	310	311.8	300	302.4	279.8	270.6	285.8	315.8	314.4	314.6	325.6	314.4	301.6	322.4	301	276.4	264.2	284.6	281.2	276.2	291.2	258.8	236.8	242.2	273.2	269.2	246.6	229.6	238.8	273.6	268.4	267.2	272.6	246	238.6	264.4	267.6	266.8	258.8	261.6	308.2	306.8	285.2	302.4	333.8	394.8	426.2	413.4	408.2	406.8	421	413.8	457.4	445.4	408.2	408.6	406.8	452.8	486.6	473	491.8	501.8	513.2	530.4	532.2	536.4	552.6	591.6	631.8	657.6	663	663	663	663	663	663	663	663	663	663	663	663	663	663	663	659	663	663	654	654	663	663	663	663	663	663	663	663	663	663	663	663	663	663	663	663	663	663	663	663	659	652	638	630	659
663	663	663	663	663	663	663	663	663	663	663	663	663	663	663	663	663	663	663	663	663	663	663	663	663	663	663	663	663	663	663	663	663	663	663	663	663	663	663	663	663	663	663	663	663	663	663	663	663	663	663	663	663	663	663	663	663	663	655.8	645	641.2	630.4	602.2	580.2	567.2	549.2	533.4	507.2	403.2	342.4	363.2	368.2	362.6	354.6	341.6	305.8	305.2	321.2	315.6	305.6	323.6	307.8	293.4	304.4	282.4	267.2	273.4	297.8	285.8	275	293	283.6	263.6	270.2	258.6	255.4	249.4	267.4	255.4	258	283.2	267.8	239.8	227.8	251.4	249.4	231	211.8	212.8	226.8	231.2	227.8	228.8	208	200.8	222.2	222.2	218.6	221	226.4	269.8	290.4	276.8	290.2	299.4	347.2	382.2	386.6	375	398.8	442.8	425	454.6	450	403.8	381.4	387.4	435.8	458	441	477	493.4	502.6	507.2	518.4	528	538.8	564.6	601.2	638.4	663	663	663	663	663	663	663	663	663	663	663	663	663	663	663	657	663	663	663	663	663	663	663	663	663	663	663	663	663	663	663	663	663	663	663	663	663	663	663	663	663	660	646	640	663
663	663	663	663	663	663	663	663	663	663	663	663	663	663	663	663	663	663	663	663	663	663	663	663	663	663	663	663	663	663	663	663	663	663	663	663	663	663	663	663	663	663	663	663	663	663	663	663	663	663	663	663	663	663	663	663	658.8	644.4	629.6	618.8	602.8	583.6	567	549.6	528.8	512.4	502.8	494.6	473	442	366	335.2	313	290.4	275.2	296.8	329.8	314.6	294	302.4	310.2	325	328	331	320.6	290.8	268.8	269.8	286.4	259.2	265.6	288	278.6	247	244.4	270	253	232.8	249.8	235.6	238.2	260.6	238.6	208.6	221.4	227.4	211	204.6	212.8	212.6	212	217	222.4	212	190.6	192.2	193.6	192.4	196.4	204.8	211.2	217.8	233	238.8	250.4	263.8	271.6	298	323.6	378.6	390.6	385.4	421.8	398	356.8	363.8	378.4	362	374.2	402.8	462.8	497.8	507	508.6	512.6	520.4	526.8	531	540.6	565.2	609	659.4	663	663	663	663	663	663	663	663	663	663	663	663	663	663	663	663	663	663	663	663	663	663	663	663	663	663	663	663	663	663	663	663	663	663	663	663	663	663	663	663	663	663	663
663	663	663	663	663	663	663	663	663	663	663	663	663	663	663	663	663	663	663	663	663	663	663	663	663	663	663	663	663	663	663	663	663	663	663	663	663	663	663	663	663	663	663	663	663	663	663	663	663	663	663	663	663	663	663	661.8	651.6	628	608.8	599.4	579	563.8	554.6	534	518.2	508.6	501.4	477.2	458.8	450	365.8	340.6	313.6	291.4	290	307.4	320.4	304.2	289.2	291.8	293.2	295.6	309.8	309.2	304.4	291.2	248	241.6	274.2	253.6	237.6	257.4	266.6	227	235.2	259.4	231.6	227.4	242.6	229.2	227	235.4	212.2	202.8	204	204.8	199	199.2	209.2	209.4	204.8	203.4	211.2	209.6	189.4	192.2	191.6	187.4	193	189	186.2	192.8	190.4	190.8	195.8	203.2	209.2	235	281.4	341.2	379	391.6	419.8	395.4	341.4	353	362.4	320.2	326.2	385.8	429.6	471.6	503.6	520.8	531	526.6	518.8	524.8	531.6	544.8	571.2	607.8	636	663	663	663	663	663	663	663	663	663	663	663	663	663	663	663	663	663	663	663	663	663	663	663	663	663	663	663	663	663	663	663	663	663	663	663	663	663	663	663	663	656	658
663	663	663	663	661.8	663	663	663	663	663	663	663	663	663	663	663	663	663	663	663	663	663	663	663	663	663	663	663	663	663	663	663	663	663	663	663	663	663	663	663	663	663	663	663	663	663	663	663	663	663	663	663	663	651	638.4	631.2	626.2	605.8	586.8	566.6	542.4	520.6	469.6	451.4	459.8	454.4	416.2	372.8	361.2	350	320.6	339	320.2	307.6	304.2	303.4	277.2	279	280.6	266.4	258	247.4	251.2	254.8	243.6	247.2	245.2	210.2	220.2	249.4	236	234.6	247.8	219.2	212.8	221.6	217.2	210	216.2	229	258.2	243.8	202.6	201	200.4	195.4	196.4	202.4	206.2	205	202.4	189.8	190.2	192.8	187.4	195.8	191.2	188	190.8	185.4	185.2	188	181.2	176.8	179.4	182.4	187.8	197.8	205.4	227.8	272.6	314.4	331	321.6	309.4	318.8	321.2	282	272.2	333.6	349.8	344.6	418	478.2	515.6	531	526.2	524.8	528.6	530.4	534.6	549	591	651	663	663	663	663	663	663	663	663	663	663	663	663	663	663	663	663	663	663	663	663	663	663	663	663	663	663	663	660	663	663	663	663	663	663	663	663	663	663	645	621	612
663	663	663	663	663	663	663	663	663	663	663	663	663	663	663	663	663	663	663	663	663	663	663	663	663	663	663	663	663	663	663	663	663	663	663	663	663	663	663	663	663	663	663	663	663	663	663	663	663	663	663	663	663	646.2	631.8	624.6	611	589.6	565.2	543.2	526.6	500.2	422.2	413	434.4	412.2	381.4	333.2	313.8	293.8	280	312.4	302.8	277.8	260.4	244.4	231.4	232	231.6	224.8	223.2	223.6	228.6	236.2	228.8	229.8	229.6	207.2	209.6	229.8	214.4	215.2	220.8	203.2	204.8	210.4	203.8	192.8	209	226.6	249.6	231.6	196.6	194.8	205	199.4	197.4	205.4	214.2	208.6	193.6	191.6	188.8	188.8	182.6	189.8	188.6	190.8	189.8	184.8	185	200.2	191.2	178	176	176.4	178.4	188	197.4	204.4	223.6	247.8	281.4	301.6	295.4	297.6	297.6	266.6	260.8	295.2	308.4	300.2	349.4	419.6	471.8	506.4	521.4	521.6	524.4	514.8	520.8	539.4	562.2	622.8	663	663	663	663	663	663	663	663	663	663	663	663	663	663	663	663	663	663	663	663	663	663	663	663	663	663	663	660	663	663	663	663	663	663	663	663	663	663	663	646	630
663	663	663	663	663	663	663	663	663	663	663	663	663	663	663	663	663	663	663	663	663	663	663	663	663	663	663	663	663	663	663	663	663	663	663	663	663	663	663	663	663	663	663	663	663	663	663	663	663	663	663	663	649.2	627.6	609.4	599.6	587.8	565.6	536.8	506.2	450	383.8	334.2	320.8	312.4	307	296.2	285.4	278.2	246.8	240.4	257.4	249	240.2	235	228	217.6	212.6	215.4	218	217.6	217	218.6	219.2	226.2	230.6	232	215	198.6	191.6	186.2	188.8	190	178.4	188.4	185.6	181.6	183.2	189.4	226.8	226	194.2	184.2	186.2	194.8	189.2	191.4	197.4	201.8	198.4	192.6	193.6	188.8	186.6	181.4	180.4	182	186	182	175.8	175.8	185	180.6	177	178.6	175.8	175.6	174.4	184.8	195.8	204.4	205.8	220.4	250	252	248	253.2	257.2	254	267.2	295	283	277.4	307.6	360	439.4	505.4	515.8	515	507.4	513.6	532.2	534.6	545.2	585	646.2	663	663	663	663	663	663	663	663	663	663	663	663	663	663	663	663	663	663	663	663	663	663	663	663	663	663	663	663	663	663	663	663	663	658	658	659	663	663	663
663	663	663	663	663	663	663	663	663	663	663	663	663	663	663	663	663	663	663	663	663	663	663	663	663	663	663	663	663	663	663	663	663	663	663	663	663	663	663	663	663	663	663	663	663	663	663	663	663	663	663	654.6	635.4	613.4	591.6	580.8	562.2	541.6	509.6	465.8	408	345.8	308.4	290.4	284	287	282.8	257.2	249.8	239	241.2	241.6	233	229.6	225	212	209.6	207.6	203.2	207.6	204.4	207.8	203.4	200.8	206	221.6	233.2	226.4	212	205.8	203.8	204	201	188.6	201.6	192	188.4	193.4	191.6	209.4	207	192.6	182	181	183.4	184.8	187.4	189.2	192.2	191	188.6	194	193	190.4	188.4	185.4	187	188	188.4	182	184.4	184	181.4	179.6	174.8	170.6	173.6	176.8	182.6	188.4	192.8	196.4	205.4	227.4	259.6	246.8	247.6	252.4	249	254	279.8	278.6	267	285.8	332.6	405.2	473.6	490.2	493.6	493.4	498.6	518.6	529.2	537	558.6	613.2	663	663	663	663	663	663	663	663	663	663	663	663	663	663	663	663	663	663	663	663	663	663	663	663	663	663	663	663	663	663	663	663	663	654	663	663	663	663	663
663	663	663	663	663	663	663	663	663	663	663	663	663	663	663	663	663	663	663	663	663	663	663	663	663	663	663	663	663	663	663	663	663	663	663	663	663	663	663	663	663	663	663	663	663	663	663	663	657.6	645	629.4	617.4	613.8	598	576.8	555.8	528.2	469.2	384.6	325.2	294.8	276.2	269	266.2	261.4	262.4	256	228	213.8	204.2	209	219	216	208.8	206.6	198.4	194.2	193.4	183.6	186.4	188.4	186	185.4	179.8	184.8	192	195.8	205.4	202	198.8	196.8	203.2	198.2	188.6	192	192	188.6	184.8	183	198	192.6	179.8	175.6	172.2	172.6	173.6	180.2	179	171.4	171.2	176.4	182.2	182.2	181	181.8	185.6	186.6	189.4	189	181	183.2	181.6	178	176	176	169.6	166.6	168.8	173.4	175.6	181.6	187	187.4	194.6	228	235.8	240.8	241.8	246.2	247.6	250	256.6	263.4	263.4	292.8	379.6	455	483.6	487.4	489	490.2	509	523	530.8	534.6	540	575.4	640.2	663	663	663	663	663	663	663	663	663	663	663	663	663	663	663	663	661	656	660	657	663	663	663	663	663	663	663	663	663	663	663	663	663	663	663	663	663
663	663	663	663	663	663	663	663	663	663	663	663	663	663	663	663	663	663	663	663	663	663	663	663	663	663	663	663	663	663	663	663	663	663	663	663	663	663	663	663	663	663	663	663	663	663	661.2	652.6	646.4	637.4	619.2	595.2	583	570.2	549.8	528.8	511.4	467.4	387.6	318.2	307.6	279.4	270.4	268.6	257.6	233.2	209.2	201	202.6	202.6	201.2	198.6	193.2	191.4	192.4	184.8	180.8	175.8	170.4	170.2	167	166.6	170.2	171.6	181.8	183.4	180.6	188.2	181.6	183.4	189	196.6	198	203.2	211.8	207.6	201.8	198.8	188.4	194.8	199	191.4	187.8	181.6	176	180	191	185.4	176.8	175.8	176.8	179.2	177.8	173	173.6	180	183.2	191	193	182.4	181.8	184	178.6	175.6	175.8	177.2	172.2	166.8	169.4	170.8	171.6	174.6	181	186	202.8	224.6	234.6	240	244.6	250.6	246.6	248.6	256.2	257.2	270.6	315	381.8	446	478.4	484.4	485.2	489.4	498.6	509.6	528.6	537	552.6	612	652	663	663	663	663	663	663	663	663	663	663	663	663	663	663	663	661	650	657	663	663	663	663	663	663	663	663	663	663	663	663	663	663	663	663	663	663
663	663	663	663	663	663	663	663	663	663	663	663	663	663	663	663	663	663	663	663	663	663	663	663	663	663	663	663	663	663	663	663	663	663	663	663	663	663	663	663	663	663	663	663	663	661.4	644	629.2	611.6	603	591.2	574.4	557.6	539.8	506.4	443.4	424.6	406.8	337.2	288	277	267.6	256	249.2	245.8	216.6	199.8	194.6	191.2	193.2	193	192.8	191.6	186.6	180.6	174.8	175.2	174.8	167.4	163.6	161.4	161	161.2	161.8	165.4	168.6	176.8	180.2	172.8	172.6	177.2	184	188.8	196.2	201.8	202	197.2	194.8	191.6	187.2	179.8	182.2	181.6	181.6	182.8	186.6	187.4	182.8	179.4	181.8	180.2	175.4	177.2	175.8	174.2	172.2	175.6	184.4	187.6	181.6	179.6	183	181	174.8	173.8	176.2	174	173.4	172.8	170.6	172.8	174.4	173	177.4	184.8	203.8	221	229.6	240.4	245.8	245	251.2	256	254.6	250.8	255.8	272	303.2	345.6	425	461.2	448.4	475.4	504.4	521.6	535.8	537	541.8	581.4	643.8	663	663	663	663	663	663	663	663	663	663	663	663	663	663	663	663	663	663	663	663	663	663	663	663	663	663	663	663	663	663	663	663	663	663	663
663	663	663	663	663	663	663	663	663	663	663	663	663	663	663	663	663	663	663	663	663	663	663	663	663	663	663	663	663	663	663	663	663	663	663	663	663	663	663	663	663	663	663	658.8	646.8	634.6	630.2	616.4	607.6	598	576	563.8	546	517.4	473.6	402.4	371.2	320.4	272	245.2	237.8	239.6	244.4	238	209	197.8	193	187	189.2	193.8	196	189.2	182.4	177.4	174.8	170.2	171	166.8	169	169.6	167.8	168	168.4	172.4	171.2	171.4	171	166.2	158.2	156	161.2	165.4	169.8	173.2	184.4	196	202.2	206	200.2	187.6	172	171	171.8	172.4	177.6	180.8	178.4	177.6	175.2	178.4	179.2	178	181	177.6	171	167.6	168	172.2	175.6	172.6	175.8	177.4	175.6	172.4	168.6	169.8	169.6	169.8	170.8	169	171.4	177.2	181.2	176.6	178.4	184.8	191	197.2	207.8	230.6	250	250.4	251.2	246.2	246.2	262.8	269.2	305.2	352.4	415.6	477.6	471	480	490.2	499.6	509.4	526.2	536.4	554.4	612.6	663	663	663	663	663	663	663	663	663	663	663	663	663	663	663	663	663	663	663	663	663	663	663	663	656	653	663	663	663	663	663	663	663	663	663
663	663	663	663	663	663	663	663	663	663	663	663	663	663	663	663	663	663	663	663	663	663	663	663	663	663	663	663	663	663	663	663	663	663	663	663	663	663	663	663	663	663	663	642.8	620.4	614.8	611	603.4	600.4	582.6	558.8	542	513	464.4	405	340.4	310.2	271	231.2	242	232	214.4	225.4	220.8	202.2	202.4	198.2	190	191.2	194.6	187.8	177.6	171.6	170	169.4	166.4	163.2	165	167.2	168.6	167	162.4	165	167.6	171	172.8	169.4	163.8	158.8	154.2	153	153	159.2	163.2	166.2	179.4	193.8	198.4	205.6	195.6	184	178	173	171	175.2	175.8	173	171.8	167.2	169	171	175.4	175.4	175.6	169.4	165.6	167.2	167	168.6	164	165.4	167.4	167.6	167.4	162.6	167.8	170.6	168.8	170	169.6	170.8	174.2	175.4	178.2	185.8	189.6	194.4	196.8	202.4	208	218.8	235	246.4	254.8	250.8	262.6	283.6	296.4	333.4	355.2	440.2	482.6	480.4	481.4	490	500.6	513.4	530.6	534.6	543	579	640.2	663	663	663	663	663	663	663	663	663	663	663	663	663	663	663	663	663	663	663	663	663	663	663	659	663	663	663	663	663	663	663	663	663
663	663	663	663	663	663	663	663	663	663	663	663	663	663	663	663	663	663	663	663	663	663	663	663	663	663	663	663	663	663	663	663	663	663	663	663	663	663	663	663	663	663	647.4	633	628.6	616.8	607.2	595.4	587.2	562.8	542.6	525.6	491.6	420.6	366.4	309.6	257.4	238.4	229.8	228.8	207.8	208.6	198.8	196.2	199.4	194	195	196.4	196.8	186.4	178.2	172.6	171	168.2	166.4	164	165	163.2	163	163.6	163.8	159.8	159.2	159.4	161.2	162	168.6	177.2	180	176.6	167.2	159.8	155.2	151	149.2	155.6	160.6	169.2	185.8	194	197.2	198.2	190.2	179.4	180	179.8	173.8	171.6	172.2	173.2	170.4	168.6	172.2	171.4	166.8	166.4	169.4	169	167.2	164	159.6	160	159.4	163	163.2	164.6	168.2	167.8	166	168.6	173.6	176.6	170	167.8	176.6	182.2	184	188.4	193	193.6	201	216.4	226.2	238	245	251.4	267	283.2	306.4	334.8	410.6	482.2	479.8	480.8	487	490.4	489.6	496	514	537	551.8	604.6	663	663	663	663	663	663	663	663	663	663	663	663	663	663	663	663	663	661	651	657	663	663	663	663	663	663	663	663	663	663	663	663	663
663	663	663	663	663	663	663	663	663	663	663	663	663	663	663	663	663	663	663	663	663	663	663	663	663	663	663	663	663	663	663	663	663	663	663	663	663	663	663	663	660	646.8	620.8	613.2	608.4	598.8	589.8	576.2	562.4	541.2	516.6	461	390.8	340	304.6	264.8	222.2	205	213.6	212	196.2	201.4	194.6	185.8	185.2	184	188.2	185.6	179.4	173.2	170.4	171	170.6	168	163.8	163.2	162.2	163.6	162.6	155.8	157.2	161	159	154.2	153.6	157.8	158.8	166	172.4	179.8	177.6	167.6	165	160	148.6	148	151.2	152.6	158	168.8	182.8	192.8	191.8	186.2	180	179.4	177	175.2	172.8	172	172.8	171	174.4	170.8	164.8	166.4	170.4	169.2	165.4	161	162	161.4	158.2	161	162.8	159.8	164.2	165.4	161.2	165.4	169.4	166.2	167.6	170.6	172	173.6	175.2	179.8	180.4	189.8	198	208.2	223.4	234	246.6	256.2	263.6	287.2	319	294	334.2	418	481	481.2	481	484.8	488.2	490.2	506.2	528.8	535.8	547.8	593.4	652.8	663	663	663	663	663	663	663	663	663	663	663	663	663	663	663	652	631	657	663	663	663	663	663	663	663	663	663	663	663	663	663
663	663	663	663	663	663	663	663	663	663	663	663	663	663	663	663	663	663	663	663	663	663	663	663	663	663	663	663	663	663	663	663	663	663	663	663	663	663	663	663	652.8	634.8	617	618	602.8	586	573.2	565.4	554.8	519.2	481.2	451.2	394.6	304.4	254.8	227.6	202.6	196.2	209	198.2	193	183.6	184.8	186	179.4	179.8	180.4	175.8	171	168	167	165	161.6	160.2	159	157	155.6	155	155	149.4	148.6	149.6	150	146.2	146.4	149.6	151.4	155.2	153.2	163.8	169.4	176	184	181.6	174.8	164.4	157.4	147.8	144	145.4	148.8	163.6	175.6	184.4	188.4	191	185.8	180	174.8	174.6	175	178.2	180.8	179.2	176.2	175	174.8	173.6	172.2	164.8	164	164.6	160.8	165.6	167.8	167	166.8	165.8	162.2	163.6	160.2	158.2	161.8	167.6	171.2	174.8	176.2	173.4	176.2	179.2	183.6	185.8	195.8	217	244.4	267.4	259.4	290	322	290.2	347.6	413	471.4	482	479.4	482	487.6	488.8	490.2	499.2	522	541.8	568.8	630.6	663	663	663	663	657	663	663	663	663	663	663	663	663	663	663	661	643	663	663	663	663	663	663	663	663	663	663	663	663	663	660
663	663	663	663	663	663	663	663	663	663	663	663	663	663	663	663	663	663	663	663	663	663	663	663	663	663	663	663	663	663	663	663	663	663	663	663	663	663	660.6	648.6	639	623.4	609.6	610.2	593.6	573.6	558.8	543.8	523	406.4	338	317.6	277	269.6	243	214.2	195.6	185.6	197	190.4	181.8	177.8	182	184.6	178.2	173.2	171.2	170.4	166.8	164.2	160.2	156.8	157.4	156.4	156.6	154.2	150.8	147.2	146.8	146	141.6	130.4	122	117	110	107.6	100.8	91.4	97.6	109	114	118.2	127.2	129.2	120	116	108.6	96.6	79.4	71	70.6	75	86.2	111.2	129.6	146.2	156	160.8	163.8	162.8	162.2	160	174.6	179.2	181.4	180	180.8	179.4	177.8	171.4	169	168.4	163.8	165.2	166.4	164.8	165.4	163.8	163.6	163.2	161.6	160.6	162.6	164.6	168.4	172	178.8	179	176.6	175.6	181.4	187.2	187.4	192.6	219.6	261	283.4	292.6	275.2	270.4	312.2	390.6	457.4	448.8	456.8	478.6	482.8	488.2	489	493.8	512	533.2	540.6	559.8	616.2	663	663	663	656	659	663	663	663	663	663	663	663	663	654	653	663	663	663	663	663	663	663	663	663	663	663	663	663	663	663
663	663	663	663	663	663	663	663	663	663	663	663	663	663	663	663	663	663	663	663	663	663	663	663	663	663	663	663	663	663	663	663	663	663	663	663	663	663	652.8	639	630	622.2	615	594.4	576	550.2	528.6	513.8	440.4	349.4	306.8	259.6	233.8	230.4	204.2	195.4	186.8	186.6	193.6	185	180	183	182	177.6	174	167.2	161.6	163.6	162.6	160.4	160.4	156.4	155.2	152.8	151	148.2	141.6	136.8	134.8	130.8	103.2	93.2	90.8	89.4	77.4	63.8	56.4	61.6	61.2	63.6	68.2	67	72	81.8	83.2	87.8	91.8	88.8	78.4	71	65.4	55.4	52	59.2	70	89.4	109.8	128.4	140.4	145.6	148	156.2	169	181.4	178.4	173.4	175.4	177.2	180.2	180	182.2	180.4	177.8	174.8	169.4	170.6	169.8	174.6	172.4	172	174	173.2	174	172	174	173.8	178	179.8	181.8	185	188.2	191.8	189	189	209.4	231.2	261.4	281.4	261	260	294.8	389.2	458.8	441.6	461.4	480	481.8	488.4	489.6	489.4	492.2	504.8	526.6	545.4	585.6	651.6	663	663	663	657	658	663	663	663	663	663	657	649	657	663	663	663	663	663	650	663	663	663	663	663	663	663	663	663	663
663	663	663	663	663	663	663	663	663	663	663	663	663	663	663	663	663	663	663	663	663	663	663	663	663	663	663	663	663	663	663	663	661.8	663	663	663	660	646.2	626.4	615	612.6	611.4	602.2	575	552.2	522.4	466	486.8	474	387.6	302	240	227	205.8	186.6	178.4	179.6	183.8	191.4	183.4	176.2	179.2	181.6	175.8	171.8	168.6	160.4	157.6	153.6	155.2	157.4	155.4	154.2	151.4	145.6	130.6	99.6	73	61.8	57.2	46.4	35.6	36.2	34.2	33.8	31	30.4	33.8	32.6	34.4	39	44.6	55.4	61.8	70.4	77.2	78.4	78.4	77	74.8	68.8	55.8	46.8	46.6	45.6	45	51	58.4	68.8	79.6	92.2	104.2	112.8	141.8	158.6	157.4	164.2	169.4	171.2	172.6	181.8	180.8	175.2	174.6	173.8	171.2	171.2	177.2	176.6	178.6	178.8	176.2	176.4	173.2	175	173.8	170.4	172.8	181.4	182.8	180.4	180	180.4	184.2	196	215.6	229	264.8	272.4	265	280.8	324	429.6	475	477.8	479.4	479.2	482.2	487.8	489.4	489.8	491	503.6	527.4	537.6	563.4	617.4	663	663	663	660	663	657	654	661	660	652	661	663	663	663	663	663	663	653	639	631	631	631	658	663	663	663	663	663
663	663	663	663	663	663	663	663	663	663	663	663	663	663	663	663	663	663	663	663	663	663	663	663	663	663	663	663	663	663	663	663	663	663	663	663	655.8	640.2	622.2	609	607.2	597.4	552.2	510	499	485.4	417.2	409.4	386	313	248.8	217.4	204	191.2	184	180.6	180.2	183.6	186.6	176.2	176	176.8	173.4	170.6	167.2	159.2	155.4	151.2	149	151.6	150	145.6	144.6	135	117.2	110.4	94.8	66.6	50	46.8	43.6	35.6	36.4	33.6	30	28	27.6	28.2	24.6	25.2	28.2	32.8	37	40.6	47.6	55	62.8	66.4	73.4	77.6	81.6	76.4	73.6	67.8	58.8	48.8	47.2	47	48.8	51	56.2	64.6	76.4	93.8	111.4	129.4	150.4	159.4	160.2	165.2	177	178	177.4	179	174	173.8	177.6	180.2	177	176	173.6	169.8	168.2	168.2	167.4	167	165.2	165.4	167.6	169	166.8	162.6	167.4	173.4	178.4	190.4	203.6	240.6	256.2	250.4	249.2	275.8	378.4	446.8	476.2	479.2	478.6	479.8	485.8	489.4	487.2	485.4	486.8	497	514.2	532.2	564.6	632.4	660.6	663	663	663	658	645	663	663	663	663	663	663	663	663	663	663	663	650	621	621	637	663	663	663	663	663	663
663	663	663	663	663	663	663	663	663	663	663	663	663	663	663	663	663	663	663	663	663	663	663	663	663	663	663	663	663	663	663	663	663	663	663	663	646.2	625.8	609	597.2	593.6	575.4	517.2	482.6	480.4	429.8	349.6	331.6	273.2	217.8	207.8	201.6	194	188	178.2	175	175.6	182.4	188	182.2	178.8	176.8	173.2	172.2	163.8	155.8	155.2	151.6	151.8	146.4	115	98.8	87.4	69.8	55.4	48.6	45.4	40.2	37	36.4	35.4	33.6	28.8	26	28.4	30	27.2	23.6	23.4	23.4	25.8	33.2	36	31	30.8	40	50.4	59.8	65	71.2	75	75.2	79.2	79.8	72.6	62.2	54.2	45.4	46.4	44.8	47.8	53	61.6	69.2	76.6	81.4	89.8	111.6	120.6	132.2	152	169.4	174.4	175.2	176.2	177.6	179.6	173.4	173.4	171.4	161.8	157.2	156	156	158.2	153	160.2	164.2	165.6	161.6	159.4	157.8	162	164.2	172	178	182.8	196.4	222.2	231	242.6	231.6	293.8	395	457	478.2	482.4	480.8	479.8	487	488.8	486.8	485.6	490.6	503	509.6	523.2	561.6	634.4	663	663	663	663	663	663	663	663	663	663	663	663	663	663	663	663	663	663	663	663	663	663	663	663	663	663
663	663	663	663	663	663	663	663	663	663	663	663	663	663	663	663	663	663	663	663	663	663	663	663	663	663	663	663	663	663	663	663	663	663	663	655.8	640.2	621	604.4	583.8	567.8	513.8	490.4	521.6	490.2	381	356.2	310.6	224.4	204.2	201.4	196.8	192.6	191.8	189.2	187.2	187.2	188.2	182.6	177.4	178.8	176.4	169.4	164.8	158.4	154.8	151.6	144.2	133	111.4	92.2	75.4	62.6	52.6	50.4	46.2	42.2	40.6	38	36.4	35	35	30	28.8	28.4	30.4	30	25.6	23.4	24.4	25.6	30.8	33.4	31.4	27	30.6	33.4	34.6	37.6	41	43.2	49.4	56.6	64.6	74.8	75.2	69.6	65.2	64.8	60.8	58.2	57.6	58.6	60.8	66.8	74.4	79.2	87	96.2	112	127.8	153	164	165.4	168.4	172	169.2	168.6	170.6	164.8	157	149.4	143.8	141	140	139	141.8	147.6	150.6	151.8	149.2	153.4	154.6	154.8	158.6	163.8	165	171.2	177	178.8	192	197.2	235.4	323.6	375.4	411	465.4	476.2	473.2	486.8	488.8	485.2	482.6	485.2	491.6	496	508.2	536	598	656.2	663	663	663	663	663	663	663	663	663	663	663	663	663	663	663	663	663	663	663	663	663	663	663	663	657
663	663	663	663	663	663	663	663	663	663	663	663	663	663	663	663	663	663	663	663	663	663	663	663	663	663	663	663	663	663	663	663	656.4	651	643.8	633	621.6	612.6	597.6	576	515.8	500.4	509.8	449.6	372	304.8	277.4	262.8	237.4	206.6	197.2	190.8	190.6	189	189.2	190.6	192.6	192.2	178	173.6	176.4	178	172	161.6	150.4	137.6	123.6	96.4	71.4	56.6	53.4	49.6	45	40.4	42.6	39.2	39.4	42	37.6	34	35.8	33.8	32.8	30.4	29.6	33.6	31.6	26.6	26.4	27.2	30	31.4	33.4	34.4	33	33.2	31.4	31.2	27.2	32.6	35.4	42	48.6	57.8	63.8	66.8	69.4	70.2	71.6	65.4	58.6	58.6	58.4	58.8	64.4	70.6	71.6	67.2	75.8	88.2	98.4	120	141.4	152.2	171.4	170.4	167	167	162.8	158	152.4	145	142.4	139	140.8	141	142.4	145.2	146.4	145.8	147.8	153	151.4	149.8	151.4	151.6	152.4	159.2	162.8	162	161	169	178	187	214.6	252.8	311.4	343.6	388	466.8	486	488.2	487.6	483.2	486	492.6	499.2	509	535.4	600.6	660.6	663	663	663	663	663	663	663	663	663	663	663	657	660	661	663	663	663	663	663	663	663	663	663	663
663	663	663	663	663	663	663	663	663	663	663	663	663	663	663	663	663	663	663	663	663	663	663	663	663	663	663	663	663	663	663	663	652.2	644.4	637.8	625.2	613.2	603.8	565.4	506	488.4	490.4	454.6	386.4	325.6	298.8	256	225.6	212.6	194.4	188.8	188.8	188.6	189.4	189.8	191.6	193	180.4	171.2	169.4	174.6	172.8	164.2	145.4	129.6	117.2	99.4	73.2	54.8	51.2	48.2	45.2	42.2	42.6	39.8	37.8	40.2	40.8	38.6	33.8	35.8	34.8	33.4	32.2	30.4	30.8	30.2	28.8	29	29.4	29.4	31.8	33.2	35.4	35.8	33.4	34	33.6	32.8	33.2	33.8	37	38.2	40.4	41.8	43.6	51.6	55.2	62.6	63	58.8	59.2	60.2	60.6	64.8	68.8	68.4	70.2	72.6	76	90.6	101.6	121.8	140.6	164.4	164.4	163.2	160.6	161.2	160	155.2	150.6	153	150.2	145.4	142	141	142	144.2	141.8	143.4	144.4	146.8	146	144.2	147.8	151	156.6	160.8	160.2	161.8	164	165.2	173.8	189	204.4	221.2	259.4	316.4	402.4	483.6	486.4	487	484.6	485	495	500.2	504.2	519.4	582.2	650.4	663	663	663	663	663	663	663	663	663	663	663	663	663	661	653	663	663	663	663	663	663	663	663	663
663	663	663	663	663	663	663	663	663	663	663	663	663	663	663	663	663	663	663	663	663	663	663	663	663	663	663	663	663	663	663	663	643.2	630.6	621	606	595.2	586.6	534.6	485.8	471.4	454.8	426.6	344	267.8	243.2	244.4	218	199.6	192.6	178.8	182	185.4	183.2	187.4	188.4	186.6	173.2	158.6	159.6	166.6	146.2	106.8	76	64.8	56.4	52.6	52.8	50.6	46.2	43.4	40.6	39.2	38.2	37.6	39.4	39	39.8	41.4	37.6	33.8	38.8	34	34	33.8	34.4	31.6	30.4	30.2	29.6	33	34.2	36.6	36	32.6	34.4	37	37.2	35.8	37.2	33.8	35.4	36.6	37.4	39.8	41.6	45.8	53.6	57.8	61.4	60.4	60	61.2	59.8	58.4	58.2	62.2	64.6	64.2	66.4	76	85	95.8	112.4	132.6	153	161.6	159.8	160.4	156.4	152.6	150.2	152.6	152.6	150.8	149.2	147.4	145.2	145.2	144.6	143	141.4	143.4	148.6	151.2	153	153.4	152	157.2	157.8	156.4	158.6	159	162.2	180.4	213	243	257.4	278.2	300.2	340.2	401.4	448	464	470.8	488.8	500.8	506	510.4	537.4	578.4	638.4	663	663	663	663	663	663	663	663	663	663	663	663	663	663	663	663	663	663	663	663	663	663	663
663	663	663	663	663	663	663	663	663	663	663	663	663	663	663	663	663	663	663	663	663	663	663	663	663	663	663	663	663	663	663	663	636	621.6	612.6	587	570	527.4	486.8	480.6	467	448.2	402.6	317.8	258.8	232.4	225.4	217.2	209.2	202.8	188.4	185	180.2	174.2	174.6	175.4	172.2	168.2	156	154.6	147.6	119.8	85.4	64.2	57.6	52.4	50.6	51.2	52	47	36.4	37.4	38.6	37.4	35.6	37	32.6	34.2	38.8	36.2	35.2	37.8	34.2	32.6	34	36.8	35.2	34	30.2	34	37.2	36.2	36.8	37.4	32.8	33	33.2	37.8	36.4	32.2	28.8	32.4	33.8	32.4	33.6	33	35	37.6	42	53.6	59.8	62.8	61.4	55.8	53.6	53.4	54	51.8	55.2	56	64	79.6	99.2	109.6	118.6	138.6	154	155.2	150.8	147.8	143	141.2	142.2	144.8	148.4	153	152.2	151.8	149	148	147.4	146	148.4	153.8	157.4	154.2	148.8	149.4	152.8	150.8	148.6	152	150	154.2	177.6	204	242	278.8	295.6	323.8	315.2	319.8	391	443.2	468.6	485.8	492.4	503.2	506.6	512.8	549	610.2	663	663	663	663	663	663	663	663	663	663	663	663	663	663	663	663	663	663	663	663	663	663	663
663	663	663	663	663	663	663	663	663	663	663	663	663	663	663	663	663	663	663	663	663	663	663	663	663	663	663	663	663	663	660.6	645	623.4	609.6	590.6	571	553.4	520.6	487.4	472.2	453	401.6	326.8	277.6	250.2	222.4	210	205.8	201.2	193.4	190.4	184.2	177.2	175.6	169.2	164.8	159.6	146.6	128.6	108	89.4	70.2	57	53.6	51.8	51.8	52.4	46.8	42.4	39.8	37.8	33.6	33.6	31.8	30.2	34.6	30.6	32.8	39.8	38.8	33.4	35.8	35	35.4	34.4	34.6	38.8	37.8	35.4	37.8	43.2	42.2	41.8	40.8	34.8	39.4	40.2	40	39.2	36.6	34.2	36.6	37.4	34.8	35.4	33.6	37	36.6	36.6	44.6	55.8	61.8	58.2	56.6	58	55.4	55.4	56.4	58	59.4	62.8	66.8	77	86.2	96.2	118.6	149.2	153.4	143.6	146.2	144.6	144.2	142.6	140.6	141.2	145	147.6	150.4	150.8	148.6	147	147.8	145.2	145.4	148.4	146.6	144.6	143.8	143.2	147.4	146.8	146.6	147.8	151.8	156.6	164.4	179.6	219.4	238.2	290.6	321	282.2	302.2	383.4	451.4	484.2	486	491.4	499.2	503	525.2	561	616.8	663	663	663	663	663	663	663	663	663	663	663	663	663	663	663	663	663	663	663	663	663	663
663	663	663	663	663	663	663	663	663	663	663	663	663	663	663	663	663	663	663	663	663	663	663	663	663	663	663	663	663	659.4	651	637.8	616.8	577.2	551.8	550.8	541.8	520.8	488.2	467.6	455	389.8	316.4	282.4	255	223.6	211.4	210	205.4	203	199.4	191.6	187.8	186.8	176.4	158.8	142.6	120.8	105.8	86.4	72.2	59.4	53.2	49.4	51	50.6	48.4	43	40.8	37.6	37.4	34.2	35	32.8	30.6	35	30	32.8	39.4	39.8	36.4	35	37.4	39.4	36.6	35.4	42.2	44.8	43.6	45.4	47.8	46.6	43.2	40.8	37.6	41.4	46.2	50.6	43.4	41	41.6	42.2	39.8	38.4	42	45.4	47.8	49.4	48.4	48.4	53.8	56.6	59.2	61	61.8	57.2	56.2	58.2	63	62	64.6	67.6	75.4	87.4	99.6	120.6	153.6	163.4	149.6	155.6	152	151	148	144.8	145	144	142	143.8	145.8	146.6	147.2	147.8	144.4	143.8	142.8	143	140.2	138.2	138.4	144.4	146.6	148.6	150	150.8	153.8	158.6	173.4	189.6	197.4	213.2	253.4	284.8	294.6	359.4	437.8	480.2	483.2	482.6	486.4	495.4	509.6	534.2	583.6	659	663	663	663	663	663	663	663	663	663	663	663	663	663	663	663	663	663	663	663	663	663
663	663	663	663	663	663	663	663	663	663	663	663	663	663	663	663	663	663	663	663	663	663	663	663	663	663	661	659.4	642.2	634.2	631.8	621	597.2	562.6	550.4	551.6	537	496.6	453	372.4	313.6	278.4	278.8	270.2	234.8	217.8	209	206.8	207.2	203	197.8	196.2	188.8	181.4	161.2	119.8	94.4	77.6	64	65.2	60	53.6	51.6	48	44.4	45.4	41.8	38.4	34.2	35.6	35.8	34.6	35.4	31.6	30.4	35.2	34.8	32.8	37.8	41	42	37.8	42	47.6	43.4	38.4	42.6	46.6	49	51	53	50.4	48.8	47.2	44.2	50.4	66.2	67.4	63.2	57.8	54.2	49.2	54.4	57.2	55.4	57	59.8	60.4	58.8	56.6	57	58.8	59	60.4	61	59	58.2	59.6	61.4	60.2	58.8	60	64.2	66.8	77.8	97.4	126.4	154.2	158.6	164.8	157.6	142.8	133.4	129.4	127.8	128	126.6	121.4	111.4	105.2	124	137.8	143.8	145	144.8	144.8	146.2	143.8	140.8	141.2	143.2	146.4	147.8	148	148	152.8	160.4	169.6	185.2	202	230.6	272.2	307.8	337	397	456.4	483	484	484	490	501.6	515.6	543.8	601.2	663	663	663	663	663	663	663	663	663	663	663	663	663	663	663	658	661	663	663	663	663
663	663	663	663	663	663	663	663	663	663	663	663	663	663	663	663	663	663	663	663	663	663	658.2	649.8	647	644.6	643.4	638.2	616.8	605	596.2	576	557.6	553.4	549.6	542.8	516.8	482.2	436.8	341.4	280	257.6	253.4	236.4	226.4	211	202.6	197	196.4	196.2	193.4	189	185.4	176.8	139	103.6	86.6	70.2	66.4	63.6	57.2	54.2	50.2	47	49	48.4	44.6	41.2	36.8	35.8	33.6	34.4	33.4	29.8	31	38.4	35.4	33.4	38.2	42.4	44.8	41.8	45.8	47	45.8	42	45.6	49.8	53.8	56.6	60	59.2	58.4	53	46.6	52.8	66.6	71.2	68.6	64.8	59.6	57.4	63.4	71.8	71.8	70.6	67	65.4	63.6	61.6	59.6	57.4	56.6	59.2	62.4	65.4	68	70.6	68.4	62.4	56.6	53.6	55.2	59	67.2	82.8	109.8	143.8	151.4	159.4	152.2	138.2	128.4	125.2	112.6	109.8	108	95.6	96.4	100.2	114	120	127	138.6	138.8	140.4	140.2	139.6	138.8	139.6	141.4	145.6	147.2	147.4	149.2	153.6	156.2	164.8	175.2	188.4	229.4	244.2	266	336.4	377	423.6	464.6	482.6	483.4	487	492.2	499	522.2	581.4	649.2	663	663	663	663	663	663	663	663	663	663	663	663	663	659	651	663	663	663	653	663
663	663	663	663	663	663	663	663	663	663	663	663	663	663	663	663	663	663	663	663	663	659	652.2	663	658.2	647	639	634.6	626.8	607.8	585.4	566.8	556	549.4	544	538	504.2	471	424.6	338.4	281.2	257.2	234.2	219.4	209.8	204.8	200.8	199.4	198.2	194.6	189.2	170.2	145.8	116.8	97.6	81	74.6	69.2	65.2	64.4	59	52.2	49.8	44.6	48	51.2	48	45.8	42.8	38.2	36.8	32.6	33.8	35.2	36.4	39.6	41.2	38.2	42.2	48	51	54.4	50	48.4	57	58.8	56.6	59	67.2	72	67.8	69.2	73.6	74	65.2	60.2	67.6	74.8	84.2	78.6	74	82.2	79	76.4	78.8	82.8	75	69.6	71.6	69.2	62.4	60.4	59.4	57.8	62	66.8	69	71.8	71.4	66.8	59	54.2	54.8	56.2	61.8	66.6	90.4	117.2	112	112.2	102	96	92.2	83.8	80.8	74.8	62	56.4	59.2	60.8	62.4	76.8	100	120.6	130.4	129.6	126.8	129.8	138.2	138.2	138.8	138	142.8	147.2	149.6	150.6	152.8	164.8	181.8	189	193	197.6	204.6	251.2	312.6	326	390.2	447.4	481.6	475.2	448.4	465.6	503	540.2	577.8	621	654.6	663	663	663	663	663	663	663	663	663	663	663	663	663	663	663	663	663	663
663	663	663	663	663	663	663	663	663	663	663	663	663	663	663	663	663	663	663	663	653.4	640.6	653.4	652.6	643.4	640.6	646.6	644.2	616.4	581.6	564.6	558.8	552.2	539.4	525	508.8	479.6	455.8	390.6	342.2	286	256.4	242	231	220.6	216.2	211.2	207.8	205.2	195.4	177.8	145.2	110.6	85.8	73.8	71.2	71.8	64.2	66.6	62.2	54.8	50.2	48.4	49.8	54.4	52.2	49.6	49.2	41.2	36.6	36	35.4	35.6	34.4	37	44.2	42.2	41.6	50.6	55	56.2	55.4	56.4	53	58.6	62.4	62.2	60.8	68.6	77.8	74	72.2	76.4	76.8	69.2	60.2	71.2	84.8	84	81.4	80.8	86.2	87.2	79.2	82.6	82.8	77.2	72	71.8	66.6	57	56	57.2	55.8	56.2	59.4	60	63.2	72	71.8	64.4	56	53.2	53	56	60	80.8	97.4	95.2	91.6	81	72.4	65	61	57.2	50.4	45.8	44	45.2	47.6	53.8	67.6	80.8	101	113.8	127.6	119.8	124.2	135.6	140.6	136.6	139	143.2	148.2	149.8	148.6	153.8	160	172.8	182.2	184.2	191.4	194.4	215.4	256.4	294.8	365.2	447.4	479.4	468.8	451.4	470.4	497.8	526.6	575.4	631.2	663	663	663	663	663	663	663	663	663	663	663	663	663	663	659	654	663	663	663
663	663	663	663	663	663	663	663	663	663	663	663	663	663	663	663	663	663	663	663	653.4	652.6	651.8	641.4	640.2	641.4	645	622.8	592.4	565.8	554.8	550.2	535.8	520.2	506.6	491.4	462	443.4	409	350.8	278.8	253	225.4	220.4	220.8	214.8	213.8	208	186.2	137	105.8	95	85	72.8	67.8	66.6	71.6	65	63.6	64.4	59	52	48	50.8	53	52.8	48.8	46.6	39.6	37.8	38.6	38.4	41	39.2	36	43.6	49	48	55.8	63	66.2	68.6	68.2	69.8	74.2	80.2	84.2	77.8	76.4	84.6	91.6	85.8	86.8	88.6	87.8	85.6	85	95.8	97.4	102.4	109.2	100.6	94.4	93	100.6	103	96.4	89.8	78.2	74.2	69.8	67.4	62.2	64.8	60.2	55.8	60.6	64.8	72.2	75.6	68.4	60.6	56.4	54.6	55.4	53.6	58.8	59.2	56.4	51.8	55	51.4	44.2	45	42.4	40.4	39.8	37.6	39.4	39.6	41.2	40.8	45	47.6	51.4	63.8	86.8	115.4	127.8	128.4	139	138.2	139.8	144.4	148.8	151	156	156.6	154.2	160	161.8	170.8	184.6	203.4	223.4	243	279.4	382.2	449.4	471.4	484.2	487	492.6	509	542.2	569.4	629.4	663	663	663	663	663	663	663	663	663	636	640	639	636	647	652	660	663	663
663	663	663	663	663	663	663	663	663	663	663	663	663	663	663	663	663	663	649.8	641.8	655	660.2	653.4	647.8	641.4	631.8	609.4	578.4	556.6	548.4	547.6	531.4	511.8	489.6	481.4	471	455.4	430.2	379.8	336.6	298.2	257.2	221.8	213.8	215.8	218.6	213.4	200.4	154	110.8	92	91.4	82.4	71.6	68	66	70.4	70.6	68.8	64	60.8	52.4	48	50	53.2	53.2	51.2	46	41.6	43	42.6	41.6	43.2	42.2	40.4	45.8	56.4	59.6	63.8	70.6	73.4	80.6	77.2	75.4	80	85.6	90.6	83.6	83.8	89.8	94.6	95.4	96.2	96.4	99.4	100	90.6	97	99	107	116.4	107.4	100.6	102.4	102.4	103.8	102.2	96.2	84.8	82.8	81	75.4	70.6	72	71.2	63.8	62.2	60.8	68.6	70.4	65.4	64.8	62.4	57.4	53.8	53.4	56.4	56.2	53.6	46.6	49	46.4	42	41.2	43.6	42.2	43.8	42.6	42.8	41.8	42	42.6	43.2	44.6	46.2	52.2	68.6	94.6	111	118.6	134.8	141.8	141.6	146.8	154	156.4	153.6	153.6	151.8	156.2	156.2	163	174.2	190.8	204.8	207.6	229.6	325.6	426.2	475.2	485	486.6	491.2	497.6	521.8	558	612.6	663	663	663	663	663	652	660	663	663	647	645	652	653	663	663	659	658	663
663	663	663	663	663	663	663	663	663	663	663	663	663	663	663	663	663	663	646.2	641.4	650.6	658.2	655.4	646.2	631.8	615.8	592	563.6	545.8	540.6	539.4	526.4	499.2	477.4	471	457.6	422.6	364.6	325.6	313.4	312.8	263.4	222.8	208.4	210.6	213.8	178	128	99.8	89.6	83.8	79.4	76.4	71.4	67.8	66	67.2	68.6	65.8	62.4	58.6	55.4	52.4	52.6	51	50.8	50.2	48.4	46.8	50	49.6	49.6	49.2	48.8	53.2	63.8	74.8	75.2	76.6	79.2	91.6	100.4	96.2	91.6	91.2	91.8	94.8	97.2	90.8	93	109.2	112	113.4	112.4	107	103.4	109.6	106.6	110	111.8	108.4	117	123.8	118.6	120	122.2	112.2	103.4	102	95.8	90.4	82	73.8	78	83.6	79.4	73.2	69	71.6	70.6	73.8	74.8	71.2	66.4	64	64	62.6	59.2	59.2	53.8	51.4	50	47.2	45.2	41.8	42	41.2	39.4	39.6	41.2	40.8	38.4	38.6	44.2	43.2	42.6	52.2	58.4	58	65.8	85.4	109	132.4	141.2	147.6	154.2	152.2	151	151.8	151.4	154.4	161	167.4	182.6	203.2	204.2	215.2	268.2	367.6	474	481.8	486.4	491	495.8	509.6	542.8	571.8	633	660	663	663	646	643	663	663	663	663	663	663	663	663	663	663	663	663
663	663	663	663	663	663	663	663	663	663	663	663	663	663	663	663	663	654.6	639.4	631.8	635.4	633.4	622.2	617.4	613.4	596.8	578.2	560.8	544.8	540	538.2	525	489.2	473	464.8	442.4	386	347.4	313.2	306.4	284.8	246	219.8	210.6	210.4	189.8	141	105.2	97.2	88	78.4	73.2	70	65.4	67.8	68.6	69.2	74.8	69.4	58.4	59.6	56.6	53	55.8	55.2	52.8	53.2	50.8	54.2	54.6	50.6	53.8	53.4	55.6	64	70.6	76.4	85	86	82	98.6	103.6	101.4	98.8	103.2	98.8	99.2	107	105	107.6	120.4	121.4	120.4	114.4	112.4	113.8	116.8	115.4	116.8	114.4	105.6	111.6	122.6	117.2	117.6	119.4	113.6	103.6	102.6	101.6	89	84.8	81.2	83.2	89.4	87.8	85.6	79	77.2	75.2	70.4	70	71.2	71.2	70.6	70.2	63.6	58	58.6	56.6	49.8	50.4	50.4	47.4	44	40.4	37	35.4	35.2	36	36.4	39.8	40.2	44	45.2	44.2	47.2	49.8	50.8	55.2	73.2	99	122	134.2	144	147.8	151.8	150.8	152.4	158.6	161.4	159.2	163.6	176.2	192.4	200.2	213.6	240	332.6	437.4	467.6	484.8	487	495	509	533.8	562.8	616.8	663	663	663	660	659	663	663	663	663	663	663	663	663	663	663	663	663
663	663	663	663	663	663	663	663	663	663	663	663	663	663	663	663	663	663	643.8	627	629	629.8	622.2	613.8	601.2	582.6	571.6	553.6	543	540.8	530.8	508.8	476.6	464.6	412	375.4	361	316.6	302.2	262.4	225.2	212.6	202.2	204.4	180.4	131.2	103.4	96	90.6	85.4	77.6	72.6	68	64.8	66	63.6	65.6	77.8	78.2	68	62.4	57.2	52.2	54.2	56.4	54	56.2	61.6	65	68.8	69.2	70.4	77.8	81.4	86.6	91.6	94.4	102.8	106	105.6	110.6	124.6	130.8	132.6	129.4	123.6	125.6	133.2	127	134.2	151.6	148.4	136	133	130.2	120.8	116.2	136.2	145	135.8	129.8	118.6	119.8	118.4	124.8	134.6	126.8	128.2	125.6	112.8	106.2	104.4	100.2	104.6	108	108.4	106.6	94	90.8	88	81.6	81	84.6	88.2	86	82.8	79.2	74.8	73	71.2	60.6	51	51.8	49.6	46.8	41.8	37.2	37.6	36.2	35.2	36.2	38.2	41.4	42.4	45.4	41.6	43.8	44.6	43.6	45.4	52	59.8	68.4	83.8	111.6	145.2	151.8	151.4	149.8	151	152.4	156.6	160.2	166.8	174.4	179.6	195.2	211.2	255	367	442.2	479.6	483	493.4	501.2	521.2	544.8	574.8	628.8	663	663	663	663	663	663	663	663	663	663	663	663	663	663	663	649
663	663	663	663	663	663	663	663	663	663	663	663	663	663	663	663	663	655.4	633.4	622.2	627.8	622.2	616.2	615.8	596.6	580.4	559.6	541.8	537.6	529.6	509.4	489.2	469	438	407.2	361.8	319	292.4	259.8	228.8	205	200.8	203.8	194.6	146	109.2	96.8	90	83.6	77.6	73.6	71.6	68.2	63.2	60.2	60	66	77.4	73.4	65.8	62.2	57.8	52.8	56.2	56.6	56	57.8	63.4	69.2	67.6	69.4	80	86.4	86.8	89.8	95.6	104.8	113.8	109.8	100.4	115.2	132.2	137.6	142.6	144.2	133.6	128.2	133.4	139.4	147	158.8	159	142.8	136.4	135.2	131.6	127	137.2	146.4	143	137	125.8	129.2	125.2	124.8	143.2	148.4	143.2	140.4	131.8	120.8	117.8	116.8	109.6	112.2	112.8	114.2	110.6	98.6	93.8	91.4	93.6	92.2	93.8	93.8	90.6	90	83.4	79.6	79.2	72	62.4	59.6	55	49.2	43.6	41.8	39.8	37	34.4	34.8	35	36.2	38	40.8	41.4	41.6	42.6	43.2	45.4	47.6	54.4	61	73.8	99.2	126.6	153.4	154.8	148.8	147	146	149.4	153	158	163.2	171.4	176.6	191	220.4	280.6	355.6	431.4	463.8	483	497.2	522.2	540.6	565.2	612	663	663	663	663	663	663	663	663	663	663	663	663	663	663	663	660
663	663	663	663	663	663	663	663	663	663	663	663	663	663	663	663	663	651.8	633.4	629.4	626.6	615.4	613	614.6	582.4	564.2	548.2	532.8	527.4	520	497.2	461	432	372.2	320.6	267.8	228.2	210.2	207	202.2	184	172.6	150	111.2	93.6	88.2	83.8	78.4	70.8	66.8	69.6	70.2	69.8	60.6	55.4	63.6	69.8	77.2	73	63	60.6	58.2	57.2	61.2	61.8	66	73.6	84.4	93.4	92	95.8	108	119.2	111.4	119	128.4	133.4	140.4	149.4	148.4	143.4	159	163.8	166.8	164.6	158	155.2	154.4	159	157.2	157	148	139.4	152.8	159.4	152.6	157.6	161.2	158.4	151.6	160.8	161.8	150.2	157.6	168	166.4	163.2	164.2	155.8	142.6	134.6	133.2	139	144.6	138	133	130	126.6	119.2	113.8	119.4	119.6	116.6	116.8	111.8	102.4	98	94.8	89.2	86.4	80.6	73.2	65.6	61.6	54	45	44.8	43.6	38.8	36.6	36	36.4	35.6	36.2	38	39.6	38.6	38.4	43	44.2	45	47.4	51.6	57	60.8	69.8	91.4	117.6	133.2	146.4	144.6	144.6	148.4	150.4	154	161	167.4	179	197.4	228.8	318.6	391	431.6	470.2	493.6	521	532.8	540.6	567.6	628.8	663	663	663	663	663	663	663	663	628	629	645	663	663	663	663
663	663	663	663	663	663	663	663	663	663	663	663	663	663	663	663	646.2	629.4	638.6	626.6	605.8	604.6	604.6	592.2	572	555.2	542.4	534.4	528.4	503.8	483.4	446.6	400.2	332.2	280.6	241.6	208.8	203.4	209	200.2	172.6	147.8	122.4	95.8	89.2	82.4	72.2	70.8	67.8	67	67.6	64.2	60.8	57.6	56.2	65.6	74.8	72.4	64.2	64.8	61.6	58.4	63.6	66.4	67.2	75.2	83.6	99.6	101.4	100.4	110	123	124.8	120.2	131.4	136.8	144.6	157.2	160.4	154	158.2	171.8	175.6	177.6	176	169	163.8	154	155.4	170.4	173.2	161.4	162.2	164.4	171.8	163.4	160.4	158	159.8	164.4	174.4	169.8	160	170.2	178	173.4	167.6	166.2	163	150.4	141.4	143.8	155.2	160	151.8	151.8	142.8	136.6	127.2	122	126.6	124.2	119.2	119	121.2	108.6	100.8	103.2	98.8	91.8	81.8	75.8	71.4	67.4	59.2	48.8	45.4	42.4	38.2	35.8	34	35	35.2	35.6	35.8	39.2	38	39	39.6	46.2	45	44.8	50.8	54.6	58.2	62	77.6	91.8	128.4	142.4	140.6	138.6	143.8	145.8	149	156.2	163.4	173.8	189.8	198.8	276.8	373.4	432.4	472.2	493.2	519.4	532.2	538.8	561	620.4	663	663	663	663	663	663	663	663	642	644	652	663	663	663	663
663	663	651	654	663	663	663	663	663	663	663	663	663	663	663	663	642.2	626.6	637.4	623.8	604.6	603.4	591.2	579.6	566.8	548.6	535.4	532.6	514.8	497.6	478.6	416.2	315.2	240.8	225.2	221.8	215.8	203.8	189.6	184.2	148.2	108.6	96	93.2	88.4	80.8	72.6	67.4	67.2	66.4	67	61.4	57.4	56.6	57.6	58	64.8	68.4	62.6	64.2	66.8	66.6	70	80.6	89.2	101.8	109.8	127.4	132.4	123.6	131	141.6	149	150.2	161.2	162.2	162.2	172.2	180.2	182.2	182.6	188.2	199.4	210.2	203.2	183.4	175.4	174.2	174.4	179.6	192.6	194.8	185.8	187.6	196.2	185.4	166.8	161.4	173.4	179.6	180.6	179.2	181	182	180	179.4	181.8	182	172	169.8	172.4	175.4	178.6	181.4	179	176.2	168.2	161.6	157.2	144.4	143.4	147.6	144.6	139.4	142.8	138.4	128	121.8	117.2	108.4	98.4	89.2	91	85	72.2	63.6	52.4	43.6	40.6	36.8	35.4	33.6	35.2	35.4	36.4	39	38.8	40.2	38.4	40.6	44	46.6	49.2	52.2	52.2	52.8	53.2	59.6	75.6	86	102.6	116.4	138.4	142.8	146.4	147.2	157.8	168.6	178.4	186.2	221.2	308.4	419.2	468.4	490.8	511.4	528.6	532.2	540	574.8	645	663	663	663	651	630	638	663	663	663	663	663	663	663	663
663	663	650	660	663	663	663	663	663	663	663	663	663	663	661.8	636.2	620.6	623.4	618.2	607	605	600	594.4	582	562.2	544.2	540.4	531.4	515.4	492.6	456.2	350.8	264.2	232	219.8	216.4	215.2	201	189.8	171.8	124.6	98.2	88.6	86.2	79	77.6	69.8	63.4	60.8	58.6	54.8	56	57	59.6	62.8	62.8	68.6	69.2	62	64.8	66.4	73.6	77.2	82.8	94.2	112.8	128.2	142.2	136.4	132.8	145.2	151.4	152.8	159	170.2	169	178.4	189	193.4	188.2	193.2	194.2	203	216.2	208.8	191.6	188.4	184.8	178.2	182.6	199	207.2	204	204.4	210.2	200.4	171.4	175	180.2	174.4	174	180.2	185.6	188.4	184.6	181	186.8	180.2	169.4	173.4	180	182	182	181.8	180.8	185.6	181.8	171	170.8	160.6	149.4	149.6	153.2	153.6	150.8	144.2	137.8	129.6	126.6	119.8	107.4	99.4	101.8	97.8	84.2	76.4	63	51.8	45.4	38.4	36.8	33.2	36.4	36.6	37.4	42	42.4	40.2	40.6	41.4	45.2	51	54.2	53.8	54.2	53	52.2	55.8	64.4	75.4	84.2	102.8	127.6	146	146.8	147	155.4	166.2	172.8	184.6	206	258.8	355	448.2	482.4	501.8	526	531	536.4	562.8	633.6	663	663	663	645	628	631	663	663	663	663	661	646	646	649
663	663	663	663	663	663	663	663	663	663	663	663	663	663	661	637.8	621.8	621.4	615.4	608.6	607.2	588.6	583.2	572.4	548.8	534	532.6	524.6	513.6	478.8	418.8	329	253.2	237.4	225.8	212.6	196.2	186.6	162	123	86.2	87.2	89	76.8	67.8	66	68.6	66.4	62.6	58.6	57.2	59.6	62.8	60.8	58.4	59.8	70.2	76.6	70	73.4	78	85.4	101	116.8	134	145.4	152.8	161.4	153	155	171.8	180.6	182	179.6	186.6	190.2	198.4	209.6	217.2	208.6	207.6	213.6	213.8	230.6	226.2	212.8	208.8	204.2	199.4	199.6	209.8	227.6	226.8	221.2	217	212.6	194.8	182.6	185.6	182.6	183.8	193.6	196.2	195.4	196.8	191.2	183.6	180	180.8	189.2	191.8	192.4	188.6	184.8	186	188.8	190.4	181.8	178.8	175	168.4	161	156.6	154.4	154.4	151.8	147	145.2	142.6	138.8	132.6	120.4	111.4	108.6	102.2	88.6	80.8	68.8	55.8	44.8	40.4	38.8	36	38	41	40.8	41.8	42.4	41.8	42.8	46.4	49.8	54.8	56.8	52.6	53.4	52.2	53	54.8	61.4	66.4	67.8	86	107.2	130.2	147.6	147.4	157.6	162	165.4	169.2	182.4	213.6	288.8	390.8	490.6	513.6	525.6	528.6	536.4	577.2	648.6	663	663	663	663	663	663	663	663	663	663	630	615	633
663	663	663	663	663	663	663	663	663	663	663	663	663	663	651	631	617.8	607.8	607.8	618.6	615.4	593.2	583.4	561.2	544.8	535	526.4	518.2	512	451	408.8	354	275.2	240	213.8	200.8	190.8	162.4	135.4	102.8	96.2	91	85.2	77.8	65.8	61.2	59.4	58.2	60.8	61.4	61.6	61.6	63	59	60.8	63.8	70.4	72.6	73.8	78	87.2	97.2	110.2	132.4	146.6	157.6	164.8	164	151.8	157	175	187	184.2	184	190.8	193.8	203.4	214.8	217.8	207.2	210.6	217.6	220.4	230.4	227.4	218.6	217.4	207.4	200	205.8	212.6	226.4	229.8	229.4	221.6	217.6	211.8	190.6	188	197	190.6	190.8	196.6	195.8	197.2	186.4	188.6	188.8	189.6	190.6	191.6	197.8	191.2	186	190.4	190.8	192.8	190.6	180.4	178.2	173	169.8	164.6	156	152.8	153.6	147.2	147.4	146.8	143.8	139.4	127	116.6	105	99	87.2	84.4	76.8	63.8	51.8	45.4	41.4	38.8	39.2	42.2	42.6	42.6	42.8	43.6	45.2	46.6	51.2	53.8	56	57.2	53.8	55	53.4	57.2	62.2	66.6	74.4	83.4	97.4	116.4	147.4	150.6	153	159.8	166.4	171	171	187.2	226.4	310	427.6	484	513.4	526.2	529.8	543	595.8	659.4	663	663	663	663	663	663	663	663	663	646	625	653
663	663	663	663	663	663	663	663	663	663	663	663	663	663	655.8	633.4	616.6	604.6	607.4	620.6	603.6	577.4	564.4	537.8	522.2	514.4	512	507.2	501.8	484.8	416.6	331.4	274.8	250.8	212.8	173	132.2	97.8	91.8	86.8	90.8	85.4	79.8	76.6	70.2	63.4	61	63.4	62.4	56.8	55.8	56.8	57	53.4	59.2	64.2	71.2	81.2	90.4	103	116.6	134.8	143.6	151.4	160.6	171.2	178	180.4	177.8	176.4	186.8	189.6	193	194.6	202.6	206.2	206.4	213.8	220	213.4	212.8	217.6	219.8	226.6	224	222.6	224.4	218.8	204.8	208.4	214.4	222.8	231.2	235.2	236.8	227.8	220	211	202.8	207	212.8	208.2	203.4	198	199.8	195.4	198.6	203.8	201.4	201	198.8	196.2	197.4	199.2	198.8	195	197	197.8	192.8	188.8	183	179.8	177	171.6	171	163.2	160.8	162.4	160.6	156.8	155	145.6	138.4	132.8	123.8	115.4	103.6	98	92.8	75.2	60.8	50.2	44.8	45	43.4	43.6	46.2	47	46.8	38.6	41.2	50.4	52.2	52.6	51.8	53	53.8	56	62	65	60	59	63.4	72.8	87.4	103	114.6	137.2	155.4	157.2	160.4	163.8	170.6	183.2	204.6	278	401.2	486.6	522.6	527.4	537	575.4	642	663	663	658	663	663	663	663	663	660	663	663	659
663	663	663	663	663	663	663	663	663	663	663	663	663	663	644.2	623	603.4	605.8	617.4	609.4	583	566	549.8	532.8	520.2	515.6	516.4	512.4	505.2	499.4	433.2	314.8	259	209	189.4	151.8	109.8	88.2	82.6	83.6	84	78.6	76.8	70.2	64.4	61.4	62.2	61.2	55.8	51.2	49	51.8	55.2	53.6	62.6	69	76.6	88.6	107.4	126.2	141.6	152.2	159	164.2	176	182.4	181.2	183	185.6	194.4	197.8	198.6	197.8	200.4	209.8	209.8	212.6	219.8	224	218	216.8	221.2	220	230	230.2	222.4	226.4	219.2	209.2	208.6	216.2	220.4	232.8	236.6	231.8	230	221.4	215.6	211.8	210.2	212	214.8	214.4	207	204.8	207.8	206.6	211.2	210.6	210.6	212.2	206.4	202.6	201	200.2	197.4	193.2	192.2	195	196.4	190.6	186	179.4	176.6	169.4	165.2	162.8	157.6	158.4	154.8	149.8	145.2	137.4	130.6	127.2	120	111.6	107.4	101.6	83.2	68	57	50.4	48.8	45.2	44.6	43.8	44.2	44.6	43.6	43.6	45.4	47.2	51.4	51.4	50.8	51.8	54.6	59	62	62.6	61.2	64.4	70.2	87.4	101.8	106.4	123.2	153.4	157.2	158	160.8	172	183.8	212.2	306.6	421.8	488.6	511.4	525.6	532.8	558.6	621.6	663	659	646	658	663	663	663	652	643	643	654	663
663	663	663	663	663	663	663	663	663	663	663	663	663	663	643.4	621.4	604.2	603.4	614.6	594.8	568.8	557.6	543.6	531.2	526.2	523.8	518.6	511.4	503.4	491	358	266.6	249.6	222.4	159.4	115.2	93.2	86.8	84.2	82.6	78.4	70.2	68.4	62.2	57.4	59.4	56.8	51.8	47.2	47.6	48.2	52	57.4	63	68	80.2	105.2	131.6	149.8	160.2	172.2	177	182.6	186.8	191.6	198.4	204.2	206.6	199.4	201.2	208.6	212.8	216	209.8	213.4	214.6	222	224.4	228.6	227	223.4	233.4	235.8	229.6	235	233	232.2	231.8	221.6	217	222	230.2	231.2	235.4	226.8	232.4	232.4	223.2	222.6	212.8	211.8	220.6	224.6	223	220.8	216.4	214.4	213.6	217.2	219	220	219.2	212.6	209.8	207.6	199.4	197	195.6	194.6	198.4	196.2	186.2	181.4	181.6	175.4	167.4	165.4	160.6	162.2	158.8	155.2	149.8	144.8	141.8	136.4	128.2	122.4	120	114.2	101.2	87.4	73	62	55.8	50	46.4	46.4	48.4	44.8	46.8	45.2	45.4	48	47.2	51.2	52.2	52.6	53.4	54	57.4	63.2	62.6	58.4	63.6	69.2	79.4	96.2	98.4	110.2	136.8	153.4	161.6	165.4	175.6	193.6	234	311.6	416.2	494.2	522.6	530.4	537.6	571.2	637	654	651	659	663	660	653	642	637	647	661	663
663	663	663	663	663	663	663	663	663	663	663	663	663	661.8	631	609	607.4	609	605	584	563.6	554.6	545.6	527.8	519.2	518	514.6	504.8	495.8	473.4	339.8	253.2	232.2	208.2	142.6	105	93.8	88.2	81	79	70.6	67.6	65	56	53.2	52	53	50.2	48.2	49.4	51.6	59.4	66	67.6	75.4	94.4	123	148.4	157.2	173.4	182.6	193.6	199	201	207.6	208.8	209.2	207.6	202.2	205.4	213.6	219.4	222.8	220.2	220.4	221.8	233.8	233.8	226.6	226	228.8	234.2	234.8	236.4	239.8	240.6	234	231.4	233.4	225.8	222.2	228.6	224.6	227.8	227.4	228.2	237.6	237	229.2	228.4	223.4	217.6	226.2	231.4	226.4	221.6	213.6	212.6	220.2	220.6	224.2	226.2	224.6	223.6	220	210.2	207.2	207	204.4	201.4	200.8	190.6	183.4	180.4	178.2	171.4	171.4	167.2	165.8	162.2	157.6	151.8	147.8	144.2	140.8	131.8	125.4	121.6	113.6	104.8	92.2	78.6	66.4	58.4	50.8	49	48.4	49.2	48.2	46.2	45.2	49	50	48.8	48.8	52.6	54.4	55.4	59	59	63.8	63.2	59.6	58.2	62	73	88.8	98	102.4	126.4	149.4	162.6	164.6	169.6	186.2	206.8	236.4	339	465.4	520	527.4	534.6	559.8	621.6	663	663	663	663	663	663	652	651	661	663	663
663	663	663	663	663	663	663	663	663	663	663	663	663	663	637.8	613	610.2	610.2	605.8	587.4	562	547.8	541.8	522.8	509.2	511.4	508.6	459.6	407.4	344.4	286	233.2	194.6	150.2	99.2	90	90.4	83.4	75.6	76.6	72.4	64.8	61.4	52.8	52.4	56.4	50.4	53.2	54.6	54.8	58.4	70	75.8	84.2	113	150.8	169.4	177.6	186.4	196.8	204.8	210.6	213.6	213.2	216	219.8	217.4	213	213.2	211	214.8	221.2	228.6	224.2	227.8	232.2	235.2	235.2	239.6	237.2	233	232.2	231	236.6	238.6	241.4	238	232.2	235.6	236.2	230.2	233.2	230.2	230.6	230.8	230	231.6	241.4	238.6	241.4	240.2	231.4	228.4	228.8	228.6	228.6	224	223	220	225	233	232.4	233.8	233.2	227.2	220.8	218.6	218.2	216	210.2	204.6	203	199.4	187.6	183	179	178.4	177	168.6	163.8	163.8	159.6	156.4	154.6	148.8	142.2	137.6	132.8	126	119.6	114	101	90.4	75.8	60.2	52.6	51	49.8	49.6	46.8	46	45.8	49	54.6	50	53	54.4	54.6	57.4	59.2	59.2	66.2	62.6	56.2	57.4	65.8	71	82	88	89.2	112.4	143.4	162.8	169.2	178.2	200.4	214	258.8	407.8	519.8	523.2	530.4	537.6	571.2	630	660	663	663	663	663	663	663	663	663	663
663	663	663	663	663	663	663	663	663	663	663	663	663	652.6	619	613.4	609.4	607	603.8	579.4	557.4	548.4	534.4	517.6	512.6	510.2	501.8	461.8	394.8	320.2	271.6	218.8	186	132	87.4	87.8	90.4	86.2	79	77	72.6	67.8	61.6	57.2	56.6	56.8	53.2	55	57.8	57.2	64	76.2	83.2	100.8	136.2	167	178.6	184.6	194.4	202.4	210.6	215.6	215	212.4	212.8	219.6	221.8	217.4	220	222.4	226.2	225.8	229.8	230.6	233	237.2	242	239	240	237.4	236.4	235.8	232.2	237.6	239.6	238	244.2	248.8	241.4	237.8	237	239.6	237.4	227.6	230.8	240.4	232.6	237	239.4	243.4	243.4	243.8	240.4	235.4	234	241.2	237.6	230.8	229.4	229.4	230.4	229.6	233.4	236.4	234.6	226.8	225	226.4	222.4	218.8	210.2	209.6	207.8	198.4	187	181.6	175	175.4	175.2	169	167.8	165	162.2	159.6	154.2	147.6	143.8	143.8	136.6	128	123.8	114.8	99.6	85.6	71.6	54.4	48.8	50.4	48.4	46.8	46.4	48	51	55.6	56.8	58	56	53.6	54.6	54	54.6	61	59.8	53.4	53.8	61.6	66.6	75.2	82.4	86.6	99.4	132.6	160	167	175.8	190	205.6	243.8	377.2	518.2	523.2	528	534	558	618	652.8	663	663	663	663	663	663	663	663	663
663	663	663	663	663	663	663	663	663	663	663	663	663	652.2	616.2	607.8	605.8	602.8	589.2	568	554.8	543.8	529.6	515.4	505	511.2	495.2	456	409.4	306.8	231.4	199.8	180.2	103	82	84.4	87.8	75.2	72.6	74.4	66	64	66.2	61.6	58.2	56.2	53.2	55.4	56.6	64	77	87	107.2	140.8	167	184.4	194.2	202.6	205.2	212.2	215.6	216.2	216.2	213.2	213.2	221.6	224	222.2	227.8	232.6	230	231.8	240.2	239	241.4	243.8	244	249.2	246.8	242.6	242.2	247.8	244.6	244.8	247.4	248.4	253	256.6	250.2	244.4	249.6	253.8	246	234.4	238.4	247.8	247	245.8	251	252.2	254.6	254.4	252.2	249.8	251.2	250.4	245	241.4	238.4	240.4	242.8	237.4	235.4	236.6	241	236.4	231.4	233.6	230.8	223.2	216	211.6	208	204.8	198.4	189.4	179.2	175	176.6	173	167.4	165.2	162.4	160.8	158.6	153	149	148.8	148.8	139.6	131.6	127.2	116.4	106.4	88.8	71.6	58.4	49.6	51.4	49.6	46.2	48.4	48.8	53.2	57.6	58.6	57	58.2	56.6	56.2	53	51	56.6	55.4	48.2	54.4	61	66	74.6	76.8	83.8	97.2	130.6	158.8	169.2	177.2	193	212.8	329.4	502.2	522	523.2	529.8	536.4	574.2	633.6	648.4	663	663	663	663	663	663	663	663
663	663	663	663	663	663	663	663	663	663	663	663	663	632.2	606.6	606.2	606.2	592.6	579.6	568.8	556.8	540.2	531	510.6	497.4	505.4	489.6	449.6	400.2	322.4	226.6	187	124	83	84.4	88.6	83.4	73.8	77.2	75.6	66.4	62.2	59.8	58	55.2	52.2	54.2	55.8	58.8	68.2	79.4	90.8	116.6	151.6	172.8	189.6	197.2	206.4	210.6	214.6	220	222.6	224.8	224.4	221.8	226.4	228.4	221.6	229.4	237.2	238.6	238.8	245	247.8	242.2	247.4	245.4	246.4	247.2	245	251.6	260.4	256	252.6	249.2	247.8	252.8	259.4	264	257.6	255.8	254.4	247.4	239.4	240.2	245.8	246.4	251	255.8	254.4	255.4	258.4	255.8	261.2	258.2	253.2	250.2	250.2	250.6	247.8	249.6	248	244	243.6	239	236	233.4	229.6	230	224	217	216.4	213	204.2	197.8	190.2	177	166.2	164.6	161.2	156.6	153.8	153.4	148.8	153.4	152	147	146.4	145.8	138.6	136.2	132.2	125.2	112.6	98.4	80.8	65.4	54.2	54.2	51	50.6	48.8	47.8	52	55.8	58.2	58.4	59.4	61	58	53.8	51.2	56.2	56.2	51.8	52.4	57.6	63.2	70.8	77.2	86.6	105	136.8	166	165.4	174.4	190	206.2	318.4	483.6	522	522.6	528.6	534.6	560.4	619.2	631.4	660.6	663	656	663	663	663	663	656
663	663	663	663	663	663	663	663	663	663	663	663	661.8	635.4	610.2	607.4	603.6	587.8	573.4	561	552.2	533.4	516.4	511	505.6	487.8	463.8	459.6	378.8	260	188.8	120.2	82.6	80.8	91.2	89.8	78.6	81.8	80.8	74.4	62.4	59.6	62.6	56	54.2	55	51.8	55.2	61.2	73	92.2	116	138.8	164.8	190.2	202	204	211.4	215.2	216.6	216.8	224.4	228.6	231.6	234.2	233	230	222.8	222.6	234.2	242	246.8	249.8	247.8	249	253	254.2	253.2	254.8	258.8	263.6	267.2	264.4	261.4	263	249.8	252	258.8	260.6	263	257.6	264.8	259.4	247.8	248.2	250.6	252.2	259.6	266.8	268	270.6	267.2	268.4	271.8	270.2	266.6	266.8	262.4	260.2	254.2	251	246.2	244	245.2	237.2	241.6	242.6	236	234.4	228	224.6	220.4	217.4	212.4	198.6	189.4	177.4	169.8	165.8	160.8	160.6	155	152.8	150.4	150	152.2	150.4	150	148.4	146.8	141.2	135.6	134.6	126.6	115	98.8	82.2	64.6	56.8	53	46.8	48.2	51	49	51.4	54.6	55	59.2	61.2	62	61.8	55.6	57.6	61	58.8	54.4	52.6	55.4	59.4	62.8	69.2	86.2	106.6	134.6	165.4	169.4	190.6	205	252.6	409.8	505.6	504	506.6	507	536.4	568.8	622.8	642.6	655.8	663	663	663	663	663	663
663	663	663	663	663	663	663	663	663	663	663	663	649.8	619	610.6	609.8	599.4	578.4	562.6	559.8	547.6	517.6	502.6	500.4	499.8	479.8	481.8	465.4	338.2	232.4	157.2	101.6	80.2	85.6	97.8	88.8	78	83.8	77.6	65.8	55.4	58.6	61.6	57.6	57.4	56.8	55.8	57.4	60.8	75.4	101.2	128.8	156.4	178.8	194.2	206.8	210.4	214.6	218	220.6	226.2	230.8	231.4	232.6	233.2	231.6	228	222.2	219.6	232	243.4	247.8	251	246	245.2	256.8	263	260.4	262.4	268.8	275.8	277.4	270.8	269.2	265.6	254.4	257.2	261.6	262.6	266.8	266	265	260.2	259.6	258.8	254.2	253.6	256	268.6	273.6	271.6	272	281.6	282	275.8	265.8	259.4	259	259.6	264.2	262	256.4	251.2	248.2	248.2	247.8	244	241.4	241.6	234.2	231.8	221.8	215.6	215	206.4	193	183.8	179	173.8	166	162.2	157.8	158.4	158.2	154.6	150.8	152.6	155.6	153.6	152.4	147.8	138.4	133	133.4	124.6	114.2	96.2	74	59.2	52	44.6	47.2	50.8	48	48.6	50.4	52.6	55.2	60.6	62	63.8	60.2	60	65.8	65.4	61	53.6	55.2	59.4	62.6	68.2	84.6	100.8	126.6	159	170.4	185.6	196.4	230.6	357.4	472.4	492.6	500.8	511.2	532.8	558.6	614	640.8	648.6	663	663	663	663	663	663
663	663	663	663	663	663	663	663	663	663	663	663	658.6	624.2	609	608.6	599.4	568	549.4	542.8	529.8	505.4	500	500	495.6	460.4	458.2	371.6	285	178.6	97.4	82.6	77.4	92.6	97.6	89.4	87.8	78.6	70.2	68.6	59.8	66.6	64.8	61.6	57.6	52	54.4	57.2	68	99.6	127.8	145	170	191	205.4	215.6	224.4	226.4	228.6	227.4	232	241	237.4	234.4	228.4	227	223.6	221	223.2	235.8	243.8	246	251.2	254.4	256.2	266.6	272	275.8	283.8	291	283.2	278.2	270	264.6	268.2	266	267.2	268.6	271.8	268	270.4	274.8	274.4	273	269.2	264.8	262.2	263.4	272.2	272	270.8	278.8	289.4	286.2	281	281.2	277	268.4	262.2	270	275.8	271.8	272.4	278.6	274.4	268.6	259.8	256.6	250	242	240.8	232.2	222.2	219.8	213	204.6	196.4	188	179.6	172.4	170.2	165.2	164.4	166	164	161.6	155.8	159.2	161.8	158.6	154.2	148.8	143.2	140.2	134.2	125.8	112	95.8	77.2	62.8	51.6	46.2	48.8	49	46.4	47.4	49.8	53.6	55.4	59.4	60.6	62	60.8	61.2	63.8	63.2	60.6	57	54.8	57.4	59.2	68.6	76.2	96.2	127	151.2	177.8	191	212.4	295.8	418.2	475.2	499.2	515.2	524.8	535.8	568.4	649.2	656.4	657.6	663	663	663	663	663
663	663	663	663	663	663	663	663	663	663	663	663	651.8	609.8	606.6	603.4	584.8	559.2	547.2	535.8	514.6	503.4	500	496.2	494.2	488.2	459.2	365	285.4	160.4	96.4	80.8	78.6	89.2	88.2	83.6	77.6	73.8	69.4	65	60.2	67.4	65.8	61.6	56	49.4	51.8	58	75.6	111.6	138	153.2	179	202.6	215	223.6	229.6	226.6	229.4	230	235	236.4	232.4	234	230	230	219.6	214.2	227.8	239.4	246.8	247.8	250.2	252.2	257	262.8	275.6	281.8	287.8	299.2	293.2	284	279	279.2	276.6	267.4	266.8	272.4	274.4	265.4	267	268.2	270.6	275.6	272.4	273.6	267.4	265.2	272.6	273.2	271.2	278.2	280	281.6	280.2	287	284.6	276.6	275.2	281.4	287	285.6	289.8	291.8	283.2	278.6	274.2	264.6	260.6	249.6	239.2	228.4	219	219.4	218.6	205	197.8	195	187.8	183.6	181.2	174.4	172.2	169.8	169	167.4	162.2	162.6	164	159.8	155.4	152	151.6	147.6	137	128.6	118.6	104	85.8	69.6	53.6	50.4	48.2	47.4	44.6	45.6	46.8	53.4	52.2	56.2	57.8	57.2	57.6	56.6	62.8	61.8	58.2	59.4	56.2	52.4	56	61.8	69.6	83.4	111	140.4	178.2	198.4	226.6	293	403.6	491.2	511.2	524.4	534	540.6	561.6	640.8	661.8	650.4	663	663	663	663	663
663	663	663	663	663	663	663	663	663	663	663	663	658.2	615.4	610.2	599.6	570	550.2	534.8	522.8	508.4	503.6	496.8	492.6	491.2	484.2	467.4	388.8	273.4	149	93.4	79.6	82.8	85	77.2	76.2	70.8	69.6	66	65	62.8	62.8	67	62.2	52.4	50	53.8	72.2	110.6	139.4	152.8	172.2	193.6	206	217.4	225	230	229.2	225.4	228.4	232.8	230.6	233	241.6	236.6	227.6	217.8	221	235	245.8	245.6	256.4	262	267.6	271	271.6	291.4	295.2	296.4	308.2	303.8	298	296.8	288.4	282.8	281	275	270.6	285.2	285.6	277.8	274.6	276.6	275.8	278.8	278.8	269.4	274.8	282.4	281.4	283.4	284.8	279.4	282.8	282.4	281.6	284.8	280.4	276.6	283.8	291.4	297.6	306.4	313	312.6	293	281	279.4	273.4	263.8	245.6	231.2	225.4	224.2	218.8	209	205.4	198.6	193	184.8	177.4	171.6	172.4	171.2	167.2	166	165.6	164.8	165.2	166.6	163.8	159.6	155.2	150	139	131.8	125	112.6	98	82	65.2	50.8	46	47.2	45	43.4	44	45	50.4	52.6	57.8	58.2	58.4	55	60.6	63.8	62.8	59.6	61	58	55.4	55	64.4	68.2	89.4	128.6	170	193.2	239.2	309.4	420.4	510.6	523.8	522	526.8	534.6	540	570	634.8	650.4	656.4	663	663	663	663
663	663	663	663	663	663	663	663	663	663	663	663	644.6	613.4	624.2	597.4	565	549	533	519.2	506.6	502.6	493.6	492.4	491.2	482.6	462.8	392.2	272.6	164	101.4	76.8	79	81	73.2	65.6	65.8	64.8	64.6	69.2	68.4	67	67	60.4	55.2	54.4	59.4	78.8	118.2	148.6	161.6	181.6	197.8	206.6	216.6	225.4	229	229	227	230.6	233.2	232.8	234.8	239.4	235.8	230	223.4	226.6	237.6	250	250.6	252.8	260.6	270	270.8	274.8	292.2	301.6	309.8	315.8	316.8	315.8	304.4	290.2	282	274.8	275	275.8	287.4	294.8	287.2	277.2	280.4	271	270	278.2	281.6	283	288.2	291.4	293.6	294.6	286.2	289.2	297.4	293	285.4	285.6	290.6	299.4	304	309.6	315.6	316.8	316.2	308.8	301.4	295.6	281.2	266.6	254.4	234.4	230.4	229.8	225	212.2	208.6	198	189	181.6	171.4	170	175	178.8	176.6	174.8	177.8	172.2	173	175.4	171	162.6	157.6	155.4	146	136.6	124.8	112.8	102	88.4	74.6	56.4	46.6	46.4	44.4	42.6	44.2	42.2	45	51.4	54	56.4	56	49.2	51.8	59.6	63.2	60.4	63.4	62.2	57.8	55.6	61	67.2	70	98.2	145	187.2	240.6	324.8	400	471.8	503.6	522	525.6	531.6	538.8	556.2	617.4	642.8	637.8	663	663	663	663
663	663	663	663	663	663	663	663	663	663	663	663	652.6	616.2	619.8	598.4	562.8	544	527.4	521.2	510.4	501.8	494.6	495.8	490.2	474.2	455.6	353	244.2	144.8	82.2	77.8	81.8	75.6	65.8	62.6	65	62.4	64.2	68.4	66.6	62.6	63.6	57.4	50.6	57.2	74.2	112	147.2	165.8	178.8	194.8	204.2	212.6	223.4	230.8	234.4	236.6	239	241.2	239.8	236.8	236.6	241.6	239.8	240	243.8	248.8	248.2	250	248.6	251	262.6	268.2	274.8	283.8	294.4	304.4	324.6	323.6	322.8	323.4	309.4	288.6	285	294.4	291.6	280.8	286.8	293	285.4	279	286.6	279.4	276.6	284	283.4	283.4	283.2	291.6	299.8	299	302.6	299.2	298.6	301.2	298.4	305.4	308.6	320.8	326.2	319.4	321.8	316.2	309.4	316.2	317.2	301.4	280.4	266.4	259.4	246	241.4	232.8	225.2	218.6	209	204.8	195.4	187.6	182.2	180.2	181.6	181.6	179	180.8	182.6	175.4	172.8	178.4	175.8	169.2	163.8	157.4	153.4	142.6	129.6	117.8	110.8	99.8	83.4	68	50.8	43.8	44	43	44.2	41.8	42	44.2	50.6	55.6	54.4	51.2	51.4	53.4	57	61.4	62.6	61.4	61.8	61.2	58	63.2	65.8	90	135.4	180.4	258.2	384.6	434	459	494.6	509.8	506.6	510.8	498.6	499	525.6	580	608	626	645	658	658
663	663	663	663	663	663	663	663	663	663	663	663	655.8	629.8	616.4	599	566.6	545.8	526	518	510	499.8	494	494.8	485.8	466.6	431.4	329.6	223.6	146	97.2	85.4	81.8	72	60.2	61.2	64	64.6	67.2	69.4	65.6	63.4	65.6	58.6	54	58	79	122	157.4	169.6	184.2	200.2	206.8	214	224.8	230.8	234.8	235.6	243.6	245.6	242	242.6	239.6	242.4	243.2	240.6	244.4	255.6	255.2	249.8	252	252	256.2	260.4	268.6	285.4	292	299.8	314.4	321.6	320.6	321.2	305.8	287.8	281.6	284.4	288.8	286.8	291.4	294	286.4	281	282.2	276.2	273.6	276.6	278.4	281.6	284.4	288.8	294.6	301.2	306.2	306.4	300.2	301.4	303.4	306.2	317	328	328.8	323	324.8	316.4	306.6	305.2	314.6	305.2	282.8	274	263.2	257.6	247	237.2	224.2	223.8	213.6	209.4	201	192	183.8	183.2	182	179	172.8	175.6	173.8	170.6	170.2	173.4	175.8	174.8	166.8	159.8	153.4	144.6	134.2	123	113.2	98.2	82.2	65.6	51.6	42.2	44.6	44.4	41.8	40	42	42.8	48	55.6	55.4	52	50.8	51.2	54.8	56.8	57.6	58	58	58.4	58.4	65.6	62.4	81	122	174	261.4	365.2	429.6	474.4	476.8	463.6	484.6	500.6	478.8	478.6	505	568.2	608	619	643	651	659
663	663	663	663	663	663	663	663	663	663	663	663	652.2	624.2	615.2	579.8	552.8	535.8	520.8	515.8	508.4	505	501.4	492.2	476	454	418.6	282.2	162.2	116.4	107.4	96.2	80.4	71	61.4	65.4	63.8	65.2	66	61.6	65.2	62.6	54.4	57.2	57.4	76.2	113.2	149.2	166.6	178.2	191.6	204.2	214.8	221.4	234	239.8	240.4	246.2	256	246.4	239	244.2	246.4	253.4	254.6	251.2	255	257.2	258	257.6	261.2	259.2	258.6	266	276.6	288.6	308.4	325.8	334.2	343	341.2	331.4	305.6	287.6	297	299.2	293.2	290.4	291	292.2	298	299.8	293.4	293.2	294.6	290	293.6	291	290.8	291	292.6	296.6	306.2	307.6	306.6	306.2	307.8	316.2	318.4	315.2	314.2	321.2	321.8	307.6	301.2	307	302.8	293.2	289.4	285.2	273.2	263	253.4	237.2	232	227.6	219.4	213	207.8	193.2	186.6	185.4	183.4	179.8	176	174.8	172	172.2	170.4	169.4	176.4	177.8	172.2	163.2	160.8	152.8	138.4	129.6	117.2	108	96.6	74.6	57	46.2	41.8	42.4	42.6	45.2	42.8	43	46.4	54.4	56.4	54.6	51.2	51	54	57.6	54	55.2	58	58	59	66.2	68.2	70.2	92.2	144.8	227.6	301.4	370.4	410	434	469.4	501.6	511	520.2	500.2	500.2	552.8	633.8	644	654	663	663
663	663	663	663	663	663	663	663	663	663	663	663	659.4	631.8	603.6	566	553.8	538.6	520.8	511.2	506.8	506.8	501	491.2	472.6	451.4	412	261.6	149.8	108.2	102	82.2	73.4	71.4	67.6	68.8	65	62.4	59	57.2	63.2	62.4	55.6	58	61.8	81.6	121.6	155	171.2	184.6	198.8	207.6	215.6	221.6	234.4	242.6	242.6	251.2	256	250.6	241.6	245.2	247.6	255.6	257	257.6	260	257	257.4	262.6	264.8	258.8	258	265.2	279.4	294.8	311.6	331.6	336.8	343.6	341.4	331.6	311.8	298.8	301.6	302.8	302.2	299.8	300	292.4	296.2	298.8	294.6	291.4	290.4	290	290.8	293.4	294.4	294	299.8	297.8	302.8	309.2	312.2	310	312.4	315.2	319.6	324	318.2	320	318.2	312.6	304	300	300	289.2	282.2	275.6	269.2	260.8	247.4	238.8	230.4	227.6	222.2	217.2	203.8	194.6	190.8	189.8	186.6	182.2	175.2	170.8	166.6	166.8	166	165.6	170.6	176.4	175.2	167.8	163.6	158	141.8	135	129.2	115.4	99.2	76.6	56.4	42.8	38.6	41	40	40.6	39.8	42.8	45.6	53.4	56.8	51.8	46.6	48.4	52.6	56.6	53.4	55.4	60.6	56.8	57.8	66.6	71.8	73.4	91.8	139.2	242.6	339.2	392.8	398.4	420.8	467.2	498.2	518.2	517.8	510.4	520.8	564.4	626.4	651.8	654	663	663
663	663	663	663	663	663	663	663	663	663	663	663	663	632.4	586.6	556.8	552.4	539.2	524.4	513	505.6	500.8	490.8	479.4	460.4	444.4	338.8	168	124.4	107.8	105.8	85.2	72.8	69.8	66.8	62.4	60.4	58.8	58	62.2	58.6	54	53.8	57.4	71.2	98.4	135.8	159.2	177	194.2	205.2	219	229	236	245.2	245	242.6	252.8	259.6	253.6	249	252.8	256.6	257	261.6	261	263.4	264	259.6	257.4	262	269.2	269.2	273.8	279	298.4	312.2	327.4	350	356	346.6	325.2	309.8	300.4	300.4	296.2	297	303	301.8	296.2	293.8	298.4	296	289	288	286.2	285	291.2	294	300.6	304.6	302.6	302.8	308.4	315	315.2	315.6	321	318.4	312.2	314	315.8	311.2	305.2	305.6	308.2	302.2	290.8	279.8	269	263.8	249.6	243.8	244.4	239.6	228	219.2	211.4	200.2	198.2	195	185.8	183.2	183.2	177	172.6	168.2	167.2	164.2	166.8	170.6	178	180.2	171.4	168.2	161.6	147.2	139.4	136	123.4	105.8	85.4	63.6	48.2	39.8	37.8	40.4	39.4	37.2	38.2	45	53.8	54.6	54	48.6	47.6	50.4	56.8	58.4	58.2	63	60.4	57.6	61.6	69.2	71.8	85.2	106.2	214.4	389	438.4	434	429.6	452.6	484.4	504.8	515.6	526.2	535.8	552	581.4	626.4	651	653	663
663	663	663	663	663	663	663	663	663	663	663	663	663	631	580	559.6	555.2	539.2	525.8	509.8	505.2	501.2	486.8	473.2	456.2	437	330.4	174	125.6	113.2	110	88.8	76.2	71.4	65.6	60.2	59.2	59	59.4	61.4	60.4	56.2	53.8	58.2	74.4	104.2	137.8	163.4	181.4	193.6	204	221.6	233	239	245.6	242.6	244.8	254	261.8	255.6	252.2	255.6	253.8	256.6	258.2	264.8	267.4	270	264.2	260	264.2	273	278.4	281.2	280.4	300.2	315.2	326.6	359.4	364.8	347.2	331.2	309.8	300.4	299.6	298.6	299	306.8	305.2	299.4	300.8	300.4	303.2	299.4	299.8	291.8	286	288.2	292.6	298.6	302.6	308.2	310	311.6	314.2	311.2	312.4	323	323	320.2	324.4	318.2	309.4	299.4	295.4	297.2	292.2	287.6	280.8	265.2	257	246.4	240.2	240.4	235	224	217.6	209.8	201.4	200.4	194	183.2	181.8	180.6	176.6	175	175.4	172.6	169.8	168.6	170.4	176.4	175.6	172.2	173	164.8	149.8	136.2	128.4	121.4	110.8	90.6	72.8	56.6	44.6	43.6	43.6	39.4	38	37.2	41.4	49.4	55.6	52.8	47.8	49.6	52.2	55.4	58.6	56.2	60.6	61.4	56.8	61.4	70.2	66.4	82.4	97.4	187	367.6	440.6	451.2	456.2	485.8	513.6	508	519.2	525.6	531	547.8	570.6	616.8	646.6	644	659
663	663	663	663	663	663	663	663	663	663	663	663	646.2	631	589.4	570.2	567.4	542.2	524.4	508	497	492.6	483.2	470	451.2	414.2	318	188.2	122	114	115.2	88	67	66.4	61.8	57.4	54.4	57.2	60.6	56	52.8	54.8	56	59.6	80.2	110.8	142.8	168	186.2	196.8	209.2	227	235.2	240.2	242.4	239.8	248.4	261.6	256	254.2	255.6	255.4	250.4	253.4	253.4	260.6	270.8	269.8	273	273	272	279	287.4	291	298.4	314.4	318.4	337.8	370.8	381.6	361.8	328	312.8	310.2	304.4	306.4	307	309.2	307.4	307.4	312.2	312.2	300.4	301.2	313.2	312	298.2	299.6	303.4	302	297.8	297.8	310.8	316.4	312.2	306.6	314	322	320.8	327.6	328.4	327.2	315.2	301	297.6	290.6	283.8	282.2	270	263.2	258.6	249	247	241.2	230.4	220.6	215.4	213.8	213.8	210	201.4	192	190.2	184	179.4	179.6	179.8	179.6	176.2	175.2	172.4	180	181	174.2	171.2	169.4	156.2	139.4	129.6	125.2	116.6	102	81.8	64.8	47.2	44	46.8	42.8	41.2	40.4	38.8	44.6	55.8	55.4	50.8	49.8	48.8	55	60.4	60.6	60.6	60.2	53.4	57	65.4	67.2	74.8	89.8	133.4	270	409.6	477.6	490.8	515.8	521.2	478.8	469.2	501.6	525.4	529	549	583.8	644.4	663	663
663	663	663	663	663	663	663	663	663	663	663	663	646.8	634.2	591.8	578.2	569.4	541.6	521.2	504.6	491.2	486.6	481	465.6	447	413.6	319.8	177	119.6	111.6	113	83.4	65.4	66	62.2	55.8	53.4	54.2	57.2	55.2	54	52	53.6	61.8	81.4	113.6	150.6	173.2	187.2	197.4	211	226.6	233.6	240.6	244	242.8	253.6	258.6	258.2	256.4	253.8	254.2	251.2	244.6	250	261.2	266.8	270	274.4	276.4	275.8	280.4	282.2	290.2	308	322.4	319.8	338.4	364.4	374.6	361.6	330.6	313	310.8	301.8	302.4	309.2	312	312.6	315.6	315.6	317	314	303.8	306	312.6	304.6	297	291.8	300.6	303	295.4	303.2	313	313.2	305.6	308.6	316.2	323.2	326.8	326.8	322.8	310.2	297	296.6	293.8	287.4	274.6	266.4	265.6	260	251.4	247	241.8	230.2	217.8	213.6	215.4	214.2	209.2	204.6	199.8	194.8	191	184	180.6	180.2	178.2	177	177.2	175	178.2	177.8	173.2	170.2	172.8	164.2	145.6	129	119.2	115.6	108	85.8	60.2	43.4	35.8	36.4	35	38.2	38	40.2	45	54.6	53.4	49.8	47.8	45.6	49.8	54.8	58	56.6	57.4	51.2	50.4	58.6	60.4	65.4	84.8	121	247.6	376.6	461.2	508	526.2	516.2	487.4	486.2	508.6	525.4	531.6	544.8	571.8	630	663	663
663	663	663	663	663	663	663	663	663	663	663	663	661.2	646.8	592.8	559.8	553.4	534.8	516	499.2	491	487.8	480.2	461.6	441.8	408	249.6	139.2	114.8	110.6	114.2	81.8	66.8	63.2	53.4	48.6	49.4	55.6	56	51.8	54	50.6	57.2	71.2	95.4	127.4	156.4	176.2	185.4	197.4	218	226.8	233.8	238.6	238	243.4	253	247.6	244.8	247.6	247.2	245	239	232.6	251.2	263	274	280.4	278.2	282.6	291.4	292	294.6	312.2	321.4	328.4	334.8	349.2	366.6	376.8	362.6	335.2	317.8	312.2	305.4	302.8	307	306.4	309.2	307.2	313.6	318.2	309.6	312.2	307.2	302.4	306.2	307.2	303.2	297.8	300.6	303.2	304.4	308.2	315.2	321.4	322.6	322.2	327.6	323.4	318.6	312.2	302.8	302.8	303.2	293.6	280.8	270.8	270	273.2	267.2	260.2	247.8	240.8	237.2	230.8	226	222	214.8	210	207.4	199	191.4	191.2	189.2	182.4	180.8	180.6	180.2	177.6	176.4	179.6	183.6	177.4	170.8	173.4	167.2	154.8	136.6	124.2	115.8	111.8	96.6	72	47	34.2	33.4	31.2	32.8	36.8	38.8	41	48	52	50.2	51.4	47	48.8	51.8	56.2	57.4	61	55.4	49.4	55.8	61.8	65	87	115.4	208.4	374.6	449.4	504.4	526.2	526.8	524.4	522.6	523.8	528	528.6	532.8	530.8	571.8	637.8	656.4
663	663	663	663	663	663	663	663	663	663	663	663	663	644.2	581.8	560	547.6	528.2	506.4	494.4	496.6	495.4	482.8	460.2	442.8	386.4	218.4	133.4	117.4	115.8	115.8	108	91.2	65.8	51.4	48.8	48.8	55.6	57	51.2	54.6	51.6	61.4	68.8	94.2	125	150.4	174	185	197.8	213.6	221.4	234.8	240.2	238.4	245.4	252	252.4	250.8	248.4	246	244	239.6	234.4	250.8	264.4	274	282.6	279.2	283.8	290.8	291.4	299.6	316.2	322	329.4	339	359	374	377.2	358	335	325.6	314.8	308	305.8	299.4	304	311.2	310.6	312.8	318.8	319.4	315.4	305.2	304.2	304.2	306.2	303	300.8	302	305.8	306	309.2	314.2	321	321	326.6	336.6	329.8	320.4	314.2	312.6	310.2	310.8	298.8	280.4	267.6	271.2	273.2	268	261.4	250.4	242	240	239.8	232.8	227.6	217.6	210.4	209.6	203.6	197.4	195.8	195.2	185.6	183.2	184	178.2	174	178.2	181.6	186.2	179.2	169.8	169.6	165.4	156.8	142	129	120	104.2	93.4	80.2	58.6	41.6	35.8	30.4	32	36.8	34.6	34.6	43	50.6	50.6	50.6	43.8	44	49.4	55.2	56.6	59	56.4	53.4	59.6	62.6	62.6	81.6	114.6	192.8	353.2	446.4	501.2	522.8	528	525.6	522.6	523.8	526.8	529.8	531	522.8	557	627.6	648.6
663	663	663	663	663	663	663	663	663	663	663	663	661.2	636	605	565.6	549.4	531.4	514.4	505.8	501.8	496	473	450.4	426.4	322	181.4	123.4	120.4	117	113.6	103.8	89.4	62.8	50.8	46.2	47.8	55.2	47.8	52.4	52.4	52	59.4	72	93.8	125.2	150.6	169.8	185.2	197.8	210	223.2	233.4	232.8	234.6	238.4	243.2	245.2	244.4	247.4	247.2	248	250.6	253.2	255.2	265.2	275.2	278.6	282.8	283.2	290.8	300.6	317.2	331	335.4	342	354.4	360.4	372.8	370.2	347.8	331.8	330.8	329	330.4	323	318.4	322.6	333.2	334.8	330	327	330.2	333.8	318.4	308.4	308.8	313.4	317	318.4	312.8	314	319.6	321.4	316.6	322	331	341.2	335.2	326.6	326.8	328.2	329	328.6	322.8	311.8	292.4	288	283.8	277	270.6	264.6	258.6	250.8	244.8	239	230.8	230.2	229.6	221.2	213.8	209.2	200	195.2	199.2	192.6	185	181.4	181	178.4	178.8	182	180.8	174.2	172.6	170.8	161.4	153.6	139.6	135.8	131.8	112.4	91.6	81.8	67.2	49.6	38.4	35.8	32.4	31.6	34.2	34	37.2	44.6	49.4	53	47.6	44.4	44	49.8	50.2	55.6	56.6	54.4	62	64.2	62	72.8	97.8	168.4	307.8	400	473.8	497.8	500.6	522.4	522	520.8	524.4	526.2	526.2	532.2	543.6	578.4	625.2
663	663	663	663	663	663	663	663	663	663	663	663	657.6	634.2	597.8	580.6	555	519.2	505	505.8	503	490	465.4	444	407	278	151	115.4	114.4	115.6	111	105.2	102.2	77.8	56.2	50.4	49	54.8	49.2	52.6	53	55.6	59.4	73	103.8	132.8	157	175.8	187.2	200.8	212.8	223.6	232.8	231.4	234.2	238.6	243	244.6	247	246.2	246.2	250.2	250.8	253	262.4	271.6	280.8	280.2	279.8	283.2	290.6	302	319.2	329.4	332.2	345.2	362.4	367.4	380	368.2	349.8	335.8	332.2	330.4	340.6	338.2	322.8	325.2	328.6	333	335	328.8	330	331.4	328	317	309.6	308.2	315.8	318	314.8	316.8	322.6	329.4	320.8	317	325.4	335.8	335.6	329.8	325.2	325.6	326.4	324.8	323.2	317.2	293.8	289	293.6	286.2	279.4	270.8	261.2	254.2	251.8	246.4	235.4	228.6	229.8	223.4	214.8	214.4	206	198.8	200.6	196.6	188.4	183	184.4	184.8	181.4	182.4	178.4	169.4	172	169.2	160.6	152.8	140.8	135.2	130.4	116	97.6	82.4	69	53	42.8	40	33.4	32.2	33.6	33.6	34.4	38.2	43.6	52.4	48.6	43.6	42.4	45.2	51.8	53.2	58.6	57.4	60.8	64.2	63.6	71.8	90.8	158.4	296.4	393	470.4	501.4	513.6	525.6	522.6	511.4	524.4	525.6	525.6	530.4	539.4	567.6	618.6
663	663	663	663	663	663	663	663	663	663	663	663	659.4	639.6	614.2	593.6	570	526.6	507	506	500	484	465.6	427	276.2	162.2	121	105.4	105.4	109.6	113.6	109.2	99	84	57.4	50	60	55.8	49.4	50.6	49.4	53.4	62.2	76.8	109.6	135.8	162.2	177.2	187.2	200.4	218.4	229	229.2	226.6	227.4	234.8	241.8	247.2	251	245.4	246.6	257	257.4	256.4	263.6	269.6	277.8	278	283.8	286.4	287.6	295.8	312.6	326.4	347.2	369.4	383.2	392.8	393.6	391.8	377.6	361.4	359	350.2	346.8	344	335	327.6	325.4	327	332.4	333.6	332	330.6	332.8	325.4	322	319.2	315.8	315.8	319.2	320.2	323	321.2	321.8	316.2	318.2	324.4	327.6	329.6	323.2	320.8	324.6	328.8	323.6	314.4	308.2	296.2	290.6	292.8	287.2	283	275.6	266.8	260.2	256.4	245.2	239.2	238.6	236	224.8	217.2	211	205.6	206.2	198.8	195.8	194.6	188.6	186.8	182.8	174.8	177	167.6	164.4	165.4	161.6	155.6	150.6	137.4	130.2	123.4	103.6	85.6	72	54.6	48.2	43.4	38.8	33	30	30.2	31	30.6	38.2	46	51.6	47.6	41.2	41.8	47.4	53.6	58.2	60.6	62.4	66.4	67.8	73.8	103.2	161	275	395.8	471.4	526.4	525.6	522.4	519.2	504.2	506.4	523.8	526.8	527.4	530.4	524.6	553.8
663	663	663	663	663	663	663	663	663	663	663	663	643.2	625.2	613.8	605.2	560.8	513.6	505	501.2	492.4	472.8	454	403.2	233.4	147.8	123	108.8	109.6	115.4	111.8	105.6	94.2	67.4	56.4	54	63	60.6	50.6	49	50.4	53.6	59.4	71.6	101.2	130.4	156.2	170.2	186	199.6	215.4	225.8	229.4	227.4	230.8	234	241	244.8	249	246.2	249.2	256.6	260	265	269.4	270.8	276.4	279.2	283.2	286	286	300.2	323.8	341.2	359.2	378	387.6	385.6	391.6	378.8	364.2	351.2	347	351.4	348.6	336.4	334	329.4	321.4	324.8	324	328.6	337.8	333	322	322.4	332.6	325.2	321	318	313.4	324.4	323.4	314	318.2	317.6	316.6	318	318.6	329.4	327.2	321.4	322.8	325.6	313.8	313.8	310.4	297.2	298.4	303.4	291.4	286	278	268	259	262.8	256.4	246.8	244.2	240.4	230.4	220.2	212.4	211.2	213.8	205.2	198	197.2	193.2	187	182.6	178	176.2	170.8	168	163	158.2	152.2	144.8	134.8	130.4	124	104.8	89.6	75	56.4	47.2	47.8	42.4	41	38.4	34.6	34.6	32.4	36.2	42.6	47.2	44.2	43.2	46	48	50	55.4	62.8	65.2	66.6	71.6	72.4	116.6	179.6	257.4	372.6	464.4	520.8	518.4	524.4	522.4	511.2	502.6	521.4	528	528.6	532.2	523	555.6
663	663	663	663	663	663	663	663	663	663	663	654.6	634.8	619.2	611.4	603	557.8	514.8	506.8	499.6	485.2	462.2	447.2	398.4	255.6	143.2	113.6	107	107	112.6	108.8	99	91	69.6	53	57.2	61.4	55.8	49.6	48	48.4	49	53.8	69.6	100.6	130.4	151.4	169	188.2	202	215.6	223	224.6	226	230.6	234.6	242.4	245.8	246.8	246.6	257	266.6	264.4	263.4	269.4	272.4	274.6	276.4	280.2	284.2	297.6	319.6	342.2	361.4	369.8	385.8	395	394.2	390.2	376.2	357.2	353	354.4	351.8	353.8	347.6	340	336.4	328.2	324.4	326.8	331.4	330.2	329.8	328.2	331.6	334.8	335.8	337	329.2	316.2	317.2	324.8	319.8	313.8	311.6	318.8	323.4	323.4	331	333	332.8	335	327.4	318	314.8	304.4	299.8	307.4	306.4	293.6	285.2	278.4	270	262.8	265.8	263.6	253	255	243	232.2	229.4	223	215.6	218	210.6	207.8	202.8	197	188.8	187.6	183.6	174	166.4	168	166.2	154.2	146.8	145.2	140.2	132.4	125.4	106	89.6	73.8	57.4	48.6	46.6	43.8	44.2	43	38.8	33.8	34	37.4	41.8	45.8	42	41.2	45.6	46.4	44.8	51.8	60.4	65.8	70.4	74	83.8	153.4	216.8	274.8	340.6	423	493.2	528	526.2	526.8	522.6	526.2	524.4	523.8	528	532.2	537	550.6
663	663	663	663	663	663	663	663	663	663	663	652.2	634.8	616.8	609	575.4	524.2	511	505.8	494.2	481.6	463.6	449.4	373	235.4	129.2	108.4	99.6	98.6	106.4	103.8	98.8	98.4	76	62	63.6	66.2	57	50.8	46.4	42.4	47.2	55.6	69.8	97.6	127.4	151.4	171.6	188.6	205.2	219.6	224.8	227	225.8	232.4	237	241.6	248.4	246.6	251.2	259.4	265	267.2	267.4	270	277	275.4	280.6	284.2	287.4	309.2	327.6	348.2	367.4	373.6	386	396.2	395.4	392.8	376.6	363	358.2	351	345.4	351.2	350.8	341.6	340.2	331	327	330.8	338.4	334.2	330.2	329	334.2	334.6	333	339.2	342	335.2	332.4	327	322.8	315	309	313.6	321.6	325	323.2	333	346.6	341.2	333.8	327.2	320	318	313.4	311.8	311.6	303.8	293	289.8	279	269.4	267.4	263.6	254.4	258.2	247	234.8	233.2	228	220.4	219.8	215.8	216.4	207.6	199.6	192.2	188.8	185.2	174	165.8	164.4	166.6	152.4	140.6	142.6	139.6	132.6	125.2	104.6	87.4	72	60.2	49.6	45.4	40	41.2	45.2	44.6	43	41.4	38.2	43.2	44.8	38.2	37.2	43.6	46.2	48.6	48.4	56.2	67.8	71.6	74.2	88	166.8	225	289.2	356	445.8	509.8	524.8	526.8	526.2	522	524.4	522.4	523.2	527.4	530.4	528.6	525
663	663	663	663	663	663	663	663	663	663	651.6	644.4	629.4	613.2	605.4	571	521.4	513.2	504	485	470	458	398.4	202.4	129.6	114.2	105.6	101.4	102.6	103.6	100.4	99.2	95.6	78.2	65.4	66.6	70.4	57.6	50.4	48.8	46	48.8	56.6	72.8	95.8	122.2	150.8	177.8	196	213.4	220	222.6	225	226	230.2	234.6	243.4	252	250.2	254	262	262.4	261.4	268.2	273.4	275.6	278.8	279	283.2	303.4	330.2	349	367.2	380.8	389.4	399.8	413.6	412.6	392.6	371.6	364.8	365.6	359.6	359.2	357.6	356.2	346.8	342.6	339.6	331	326	336.4	343.8	340.4	341	346	349.6	341.8	349	355	353.8	347.2	338	334.8	331.4	322.2	325.8	330.4	332.8	339.4	338.8	339.4	338.6	335.8	333	326.2	329.8	323.2	318.6	311.4	304.4	302.2	300.2	288.2	280	279.8	266.6	259.4	258.6	248.4	242.8	236.4	231.8	225.8	228.2	225	224.6	219	207	198.4	194	189.6	179.4	165.8	162	161.8	150.6	140.4	138.4	144.4	136.8	130.4	110.2	87.4	69.8	58.2	54.6	48.8	39.2	42.6	42.6	44	44.4	44.2	41	40.6	44.6	39.6	36.6	37.8	44.8	49.8	49	50.4	61.4	74.2	74.4	75.6	111.2	190.4	284.4	369.6	468.2	525.6	523.8	519.8	519.4	517.2	503.2	480.4	473.4	495.6	518	500.2	480.6
663	663	663	663	663	663	663	663	663	663	649.2	642	625.8	611.4	603	558.4	518	516	501.2	483.4	466	450.4	375.8	183	121.6	115	108.4	102.8	106.6	109.4	108.4	104.8	95	66.6	55	57.8	62.8	55.8	49.4	49.4	50.4	51.4	56.6	66.8	90.6	118.4	149.2	177.2	202	214.4	219.4	223.8	226.8	227.6	231	242	245.4	251.4	251.4	253.6	262	261.2	261.8	272.6	277.4	277.8	280.6	281.2	287	314.4	339.6	357	376	386.4	396.2	407.8	419	419.6	400.4	385.2	367.2	365	363.6	361.4	365.2	364.4	354.2	350.2	349.4	342.4	336.8	331	336.6	339.2	340	347.6	348.2	344.4	347	352.2	360	356.8	346.6	343.4	342.8	344.8	345.6	341.2	341.8	347.4	345.8	346.2	344.6	342.4	333.4	330.6	336.2	332.4	329	312.8	299	304.2	305.6	297.6	292	287.4	274.6	263.6	259.4	253.8	249.2	240.6	235.2	230.6	230.4	226.4	227.4	221.6	208.4	201	197.8	194	180.4	168.4	163.6	158.6	152.4	141	134.8	141.4	143.2	134.4	114.8	89.2	68.4	55.2	47	45.6	39.6	45.8	42.6	41.8	40.2	42.8	45.2	44.2	47.2	41.6	37.2	39.4	45.4	49.4	52.6	51	59.4	71.8	69.2	70.2	98.2	180.4	280	388.8	490.6	519	524.8	528	525.6	523.8	517	495.6	480.4	498.4	517	505.6	499.6
663	663	663	663	663	663	663	663	663	657	639	622.8	612.6	603.6	591	555.8	516.8	513.4	499	480.2	458.4	446	315.8	148	120.2	105	105	103.8	108	110.6	107.6	104	97.8	67	53.2	57.2	66.4	54.6	47.6	53.4	53.4	51.8	57	68.2	89.2	116	149.8	177.4	200.8	213.8	219.6	228.4	229.4	228.8	236.2	246	252	253.4	254.6	264	263	262.2	260	268.2	277.6	280.2	283	285	305.8	338	360.2	367.2	383.4	397.8	407.4	416	419.6	412	386.4	374	374.4	376.8	377.6	372	375.8	382.6	368.4	356.8	351.8	344.2	341	339.6	334.8	335.4	335.2	342.6	345.4	340.2	333.6	333.4	341.6	341	341	346.6	346.4	343.2	341.6	348.8	352.8	349	346.2	342	346.6	342.6	335.8	325.2	328.8	331.8	333.6	321.4	297.2	300.6	298.2	296.2	290.2	278.2	266.6	260.6	250.2	252.2	249.8	248.4	244.8	238.8	227.6	220.4	220.2	226.4	218	211.4	206	196.4	183.2	168.6	161.4	154.2	148.6	141.6	133.4	142.4	148.8	137.8	113.6	88.8	71.8	55	44	40.6	38.8	38.8	39	39.4	37.6	40.2	41.2	42.8	46.4	39.8	35.2	35.8	41	46.6	48.6	47.2	55.8	65	72.8	70.6	82.4	134.8	250.4	384.8	498.4	516	524.8	527.4	523.8	522	519.6	518.4	511.8	502.2	505	520	532
663	663	663	663	663	663	663	663	663	656.4	637.8	618.6	608.4	598.8	581.8	527.4	514.6	511.2	495.4	475.4	454.4	434	269.4	147.2	121.2	111	111.8	111.2	115.2	116.4	107	99.4	92.2	64.4	49.4	54.2	59.2	51	51.2	60.2	57.6	49.2	50.8	66.4	91	115.6	154.2	185	209	215.4	222.2	231	230	227.6	239.6	247.6	248.4	254	255.4	256.4	260.4	262.2	261.2	268.8	279	279.6	283.8	295.4	317.6	347.2	363.8	369	386.4	407	411.4	424.8	428.2	413.4	396.6	381.8	378	379	380.8	382.8	386	385	373	365.2	360.6	354.4	348.2	342.8	336.4	338.8	335.6	339.4	343.6	338.4	337.4	339	345.2	348.2	343.6	347.8	348.8	349.6	355.2	354.8	353.6	355.6	356	352	362	367	360.2	348.4	336.2	327.8	330	323.4	295.4	300	305.4	296	285	275	266.4	257.4	247.6	250.4	249.4	247	244.8	237.4	231.8	225.8	220.8	225.8	219	214.4	208.8	202	184.8	169.2	161	152.8	148.6	142	136.6	146.2	148.4	136.2	114.2	85.8	71	55	48	38.2	35	32	32.6	36.4	35.2	36.8	39.2	40.4	46	39	32	33.8	40.4	49.8	50.4	46.4	56	63.2	70.2	70.6	80	122.8	241	373.2	466.2	509.2	520.8	519	522.2	519.2	515.4	510.4	510.4	499.6	508.4	528.6	532.8
663	663	663	663	663	663	663	663	663	655.2	633.6	616.2	604.2	591	574	526.4	511.8	508.4	492	468	453	405.8	245.8	153.2	117	115	117.6	112	112.8	110	103	94.8	90.2	62	50.6	54	60.2	55.8	56.6	61	54.8	47.4	50.4	67	91.6	119	153.4	184.8	209.8	216.4	221	228.2	216.6	215.6	238.8	246.2	249	253.2	256.4	258.8	263.2	265.2	265.6	275.6	284.4	287.8	299.8	330	355.4	373.6	380.8	380.6	395.4	413.8	420.8	437.2	438.2	408.2	391	390.6	395	393.6	392.4	394.6	393.4	381.6	376.6	375.2	378	364.6	347.6	351.8	346.8	334.2	340.6	340.6	339.8	343.8	341.2	340.6	346.8	356.4	353	353.8	356	360.8	360	360.2	363.8	357.6	348.4	352.2	355.8	358.2	358.4	351.6	337.6	327.2	335.8	328.8	304	295.4	299.2	294.2	281	273.6	265.8	255.4	250	249	248.6	243.8	239.6	240.4	236.2	227	220.4	217.6	217.4	213.6	210	208	193.6	173.4	164.4	154	149.6	140.2	137.6	143.4	137.6	131.2	110	83.2	69.4	58.6	52.4	41	32.6	29.2	27.8	31.8	32.6	34.6	39.6	37	43.6	43.2	32	31	38.2	48.2	51.4	49.6	54.6	57.2	61.8	66	80	122.2	225.4	346	447.4	487.6	503.8	504.8	500.6	510.4	525.6	522	512.8	513.6	513.8	528.6	532.2
663	663	663	663	663	663	663	663	663	652.8	633.6	618	604.2	592.2	555.4	514.8	506.6	494.8	483	464.4	452	393.8	242.2	152.8	120.2	114.4	109.6	100.2	100.8	101	99	96.6	91.2	63.2	50.8	60.4	72.6	66.2	59.4	52.6	47.4	49.2	55.6	69.2	97	126.8	159.2	190.8	211.2	215.8	221.2	231.8	222.4	220.4	239.8	248	250.4	254.4	255.8	260.6	265.4	265	271.4	279.6	288.8	292.6	311.8	339.6	361.6	375.8	388.4	389	404.4	422.6	426	436.8	433	399.4	382.4	387.6	396.2	401.2	403	402	388.2	376.6	372.2	381.6	376.8	361.6	351.2	351.4	345.8	343.2	345.2	339.4	339.8	347.2	347	343.8	347.2	353	357.8	364	364.8	363.8	364.6	357.2	365	362	348.8	346.8	354.8	362.2	358.2	352.2	342.4	332.6	336.2	326.4	301.8	297	301	291.2	283	279.2	269.2	259.4	248.8	248.6	252	244.8	242	242.2	237.4	229.6	226.2	218.8	213.2	212.2	212.2	212.6	195.8	177	164.8	154.2	149	140.6	137.2	141.4	140.2	132.2	111.6	88.4	72	61.4	52.4	43.8	33.8	30.6	28.4	30	33	33.4	36.6	35.6	41	41	34.2	30.6	33.4	43.4	50.6	54	56.4	57.2	58.6	65.8	75	141.4	245.6	338.4	444.6	492.8	496.2	502.4	504	518.8	526.2	523.2	524.4	523.2	514.2	528	532.2
663	663	663	663	663	663	663	663	663	643.2	629.4	616.8	601.8	593.4	561.4	514.8	499.2	487.8	476.8	459.2	452.4	342.8	213.6	148.6	120.6	112.6	109	100.8	99.6	103.8	100.6	97.8	89	66.6	53.6	62.2	74.2	70	58.8	48.8	44.4	51.2	57	70	100.8	136.6	162.8	192.2	213	216	222	231	235	239.8	246.2	248.8	251.4	252	257.6	260.2	265.8	270.2	274.4	279.2	291.6	317.6	345.2	369.2	378.2	382.4	387.8	392	408.4	424.8	433.8	442.8	421.2	391.4	381	386.8	396.2	402.8	406.4	396.2	379.4	372.4	370.4	374.8	372.8	365.4	357	349.8	343.4	342	343.4	338.8	339.2	344.6	343.4	340.2	347.8	353.8	353.4	361.8	361.6	361.2	361.2	350.6	346.2	347.2	347.6	350	355.2	365.8	367.2	358.6	343.6	330.8	343.8	335	306	294.4	294.8	288.8	284.4	280.4	268.4	260.8	252.4	251.4	246.4	236.6	238.8	235.6	230.2	225.6	223	215.8	213.2	209.4	211	209.4	198.4	181.8	165.4	156.6	149.4	144.2	136	138.2	137	126.8	110.2	89	69.2	56.8	50.4	44	33.4	27.8	25.8	26.4	29.6	33.8	34.8	33	36.2	39.8	34.8	31.2	30.8	36.8	45.8	54.2	49.8	54.8	54.4	58.8	72.4	111.8	219.6	303.6	410.2	487.4	493.4	496.2	513.4	531.6	527.4	523.8	523.8	523.8	522	526.8	528
663	663	663	663	663	663	663	663	663	643.8	630.6	619.2	606	593.4	545	512.8	499.2	496.4	489.8	469.2	454.6	361.2	244.4	158	116.6	102.8	103.6	103.6	103	106.6	105.6	100	90.6	71.4	61	67	73.2	64.8	54.4	53.6	51	49	55.2	69.6	101	138.8	169.4	193.4	211.8	219.4	225.4	233.8	239.6	242.2	249.6	249.8	251.2	254.2	259.6	264.6	267.6	271.2	279.4	283.4	295	315.4	339.8	364	377.2	384.4	398.4	397.6	406.8	418.4	424.6	436	423.4	398.6	382.4	381.4	388	391.4	397.2	391.6	378.4	370.8	367.4	373	371.2	363.8	364.8	355.4	347	343	338.6	345.8	347	352.6	352	349.4	355.6	358.2	352.6	360.4	364.6	372.4	372	357.2	351.8	349.4	350	358.4	355.2	356	364.2	360.4	346.8	333.4	330.8	334.2	316.2	298.4	294.4	293.2	290.8	286	275	263.2	253.4	248.2	249	240.2	235.8	237.4	228.4	223	220.4	215.8	213.2	207.6	208.2	208.8	198.4	185.2	172.8	159.6	150.2	145	137.6	136.6	137.2	126.8	110.8	91.6	72.6	59.4	48.2	42	38	28	26.4	26.6	28	32	34.4	34	33.2	36	35.2	32.4	32	34.8	42.2	54.2	52.4	53	56.6	58.8	73	96	202	312.2	408.8	471.4	489.2	504.4	510.4	525.8	528.6	526.8	524.4	525.6	525.6	525.6	528
663	663	663	663	663	663	663	660	645	631.8	619.2	608.4	601.2	587.6	541.2	511	499.4	495.6	474.4	456	449.4	387.8	301.4	189.4	125.2	111.6	106.4	100	99.8	100.6	101.8	95.4	86	79.8	65.4	70.2	72.6	72.4	65.4	56.4	55	52.2	57.2	73.8	104.8	141.4	171	199	217.6	222.4	227.2	239.2	244.2	251.6	252.4	254.6	259.2	266	268.6	271.6	273.2	280	284	295	325.8	352.8	376	386	381.6	381.4	387.4	401.2	425	422.4	416	409	387.2	371.2	379.8	379	374	371.2	376.4	376	370.8	364.4	364.8	360.6	352.2	351.8	350.6	347	347.2	350	345.4	342.6	346	351.2	352.6	358.2	359.4	359.2	351.8	357.8	371.4	375.6	367.4	357.6	348.2	348.4	352.2	350.8	354.2	369.4	365.8	353.2	349.2	338.6	350.4	334.4	307	298.6	294.2	291	282.4	280.6	276.6	264.8	259.2	254.2	249	234.4	228.8	229	225	220.8	218.6	213.6	207	204.2	205.2	204.6	199.4	190	172.8	159.4	155.8	145.6	138.8	137	133.2	127.2	108.6	90.8	72.8	55.8	49	42	36.2	29.8	25	23.8	28.2	33	32.6	34.2	34.2	31.6	35.2	32.8	33	34.4	43.6	53.8	52.8	51.6	56.8	60	85.4	131.2	200.6	327.8	445.8	502.2	515.4	529.2	523.8	515	516.8	524.2	510.4	503.8	499.2	494.4	514
663	663	663	663	663	663	663	658.8	643.8	630	618	605.4	583.2	545.8	521	504.6	500.2	487.4	458.8	447.4	435.2	380.4	353.6	234.8	140.4	117.6	101.8	99	97.8	94	94.8	94.6	90.8	84.8	68	67.6	68.2	71	70.6	65.2	54	54.6	55.8	67.4	96.4	135	166.8	187.2	206	220.2	229.6	239.2	248.2	255.2	257.2	255.8	261.4	266	272	278.4	279	281	287.2	304.6	331.8	356	374	384.8	383.2	382.2	387.8	404.8	417.6	416.4	408.8	400.6	377.4	360.2	364	357.2	359.4	356	358.2	361.2	359.4	353.8	359.2	357.4	355.2	357	350.8	352.2	346.4	345.4	347.8	349.4	345.4	344.4	350.4	355.6	353.6	357.4	358.2	356.8	371.2	376.4	366.2	356.6	346	348.6	351	349.2	348	361.4	360.8	348.6	341	341.8	357.2	339.8	309.4	301.6	293.6	288.8	289	285.2	281	275.6	268.2	261.6	252.2	240.2	229	229.8	230	224.8	222.2	218	211.8	205.4	205.6	207	203.4	192	174.2	162.6	152.8	144.6	139	137.4	140.2	136.6	121.8	103.2	85.6	63.8	53.8	45	38.8	32	24.6	22.6	27	32.4	34.6	34.6	37.2	34.8	33.6	30.4	30.6	34	42.6	54.2	54.8	52.4	55.2	60.2	74.8	127	213.2	325.2	445.6	520.4	532.8	532.8	530.4	528	525.6	525.6	518.4	515.8	513.8	494.4	500
663	663	663	663	663	663	663	657	640.2	627.6	612.6	598.8	574.2	543.4	516.2	497.4	494	478	452.8	446	430.6	374.6	241.2	154	119	104.6	99.2	96.8	98.2	98.4	94.4	94.8	96	84.8	69	67.8	68	71.4	71.6	64	55.2	55.6	56	75	105.8	146.6	183.4	206.2	223.6	231.6	237	244	251.4	255.8	258.4	265.2	270.8	273.8	275.2	278.6	282.2	278.2	284.6	309.4	341.6	367.4	381.2	381.2	374.2	376.4	387.6	401.4	410	398.4	385.8	359.8	342.8	347.4	351.4	351.2	355.4	359.2	355.4	352.2	347.8	353	351.6	343.8	343.6	349.4	349	346	345.8	337.6	333	329.4	330.6	336.8	342.4	342.2	345.6	355	354.8	355	356.2	353.8	342.4	334.4	333.8	331.6	329	335.6	346	357.2	347.8	330.8	320.8	321.8	342.8	330.8	303	293	282	274.4	275	275.2	269.2	268.2	265.2	256.4	244.2	229.4	225	225.6	227.6	225.2	218.6	216	213.2	206.2	200.2	204.2	203.6	195.8	180.2	162.8	155.8	148	139.4	137.8	139.6	131.8	110.4	97.2	82.8	64.2	49.8	42.2	38.4	35.4	27.6	22.8	27	33	36.4	33.6	35.8	36.4	35.2	29.2	27.6	32.8	39	50	54	55.6	56.2	65.4	103.6	173.4	277.8	375.2	428.4	508	531.6	531	531.6	531	531.6	527.4	523.8	525.6	523.8	522.6	527.4
663	663	663	663	663	663	663	655.8	638.4	623.4	607.8	595.8	582.6	545.4	503.4	494.8	490.2	467.2	446.4	442.6	428.2	365	214.2	134.4	117.4	105.6	100.6	93.4	97.2	98	97.2	97	100.6	95	86	77.2	72.4	74.2	70.2	58.8	56.2	52.6	53.2	73.4	111.8	154.2	186.8	211.8	228.4	237.2	240.6	245.4	251.6	258.8	261.6	267.2	272.6	274	279	277	275.4	279.8	290.6	308.2	340.2	355.4	372.6	376	376.2	381.2	393.8	405.8	403.8	389.2	371	345	335.6	333	340	339.8	346.6	349	343.2	344.4	338.8	344.6	342.8	339.4	340.4	342.4	342.2	341.2	345.6	341	334.8	335.6	336.6	337.4	337	336.8	343.2	344.6	337.8	341.6	348	343	331.6	329	327.2	319	320.6	324.8	328.8	344.2	338.4	322.6	312.8	312.4	334.2	325	298.2	285.4	276.4	262.8	268	270.2	269.8	270.2	264.2	258.4	246.6	231	226.8	225.4	226.6	223.4	218.4	215.6	212.8	208	203	205.2	200.4	198.2	184.6	168.4	157.2	147.8	138.6	139.4	140.2	131	112.4	102.2	88	68.4	49.6	43.4	41.4	37.8	30.4	24.8	25.2	30.8	34	35.4	36.2	37	36.2	30.4	29.4	35.6	41.6	49.8	58.2	63.2	59.4	64.2	100.2	164.6	293.8	390	443	512.6	531	532.2	534.6	532.8	531.6	527.4	523.8	523.8	524.4	522.6	526.8
663	663	663	663	663	663	661.2	650.4	637.8	617.4	598.8	586.2	581.4	549.4	497.2	494.2	487.4	461.6	443	440.6	429.6	371.4	265	139.6	120.2	109	102.2	94	98.2	97.2	97.2	98	99.8	96	95.2	86.2	73.2	74	65.8	55.8	52	49.2	53.2	78	121.8	161.2	197	226.8	236	240.4	243.4	249.4	253.6	257.6	264.6	271.6	276	277.8	273.4	265.6	278.4	303.6	305.4	310.4	325	342.6	358.2	350.8	356.4	365	367.8	367.4	362.4	355.8	327.6	314.6	310.8	304.6	310	306.8	308.8	314.6	313.2	314.6	326.8	324	317.6	320.6	324	326.8	325.2	326	329.2	327.8	326.4	329.6	330.4	326.8	328.4	327.2	331.8	325.4	322.6	331	334.4	335.2	332.2	324.6	322.4	317.4	311.4	305.8	312	329.4	308	288.8	285.6	285.6	311.2	302.4	275.6	265	257	248.8	253.4	259.2	261.4	256.2	240	236.2	231.8	215	207.6	203.8	210.8	214.4	211.4	206.8	209.8	207	197	200.4	203.4	201.4	192.8	176	163	151.8	144	139.2	140	134.4	116.2	104	90	71.8	55.6	44.4	40.4	37.4	31.8	26.6	23	28	32	33.8	35	37	37.8	32.8	30.8	35.2	38.4	43.8	56.6	65	64.4	62.8	100.6	202.2	297.6	396	446.6	466.8	509.4	530.4	534.6	535.8	534.6	518.6	517.8	525.6	526.2	523.8	523.2
663	663	663	663	663	663	657	646.2	634.8	615	596.4	586.2	577.8	520.2	508.2	516.8	486.4	455.6	443	443.2	435.6	375.4	269.6	149.4	121	107.4	101	96.6	101.4	98.8	101.4	100	96	97	93.8	77	66.2	70	66.4	59	50.4	47.6	55.6	82	131.8	174.8	200.2	224	238	240	246	249.6	254.8	259.8	264.6	273.2	272.8	269	265.6	254.6	275.6	308.4	299	302.6	316.6	334	342.6	334.8	339.6	355.2	365.8	359.4	340.8	333.4	304	295.8	296.6	289.2	289.2	293.8	297	293	299.8	302.6	314.8	316.2	309.8	309.4	313.2	316.2	316.2	318.4	320.8	319.8	324.6	320.6	320.8	321.6	325.2	323.8	328.6	331.8	328.2	331.6	332.4	334.4	329.6	319.2	314	314.4	304.2	297.6	306.8	322	295.8	279.4	271.6	272.4	308	297.4	269	257.4	253.4	249.4	246.4	239.6	243.2	238.8	224.6	223.2	219.8	212.4	207	202.4	207.4	209.4	211.6	208	213.2	207.8	200.8	203.2	205	200	194	178.6	162.8	155.2	145.2	143.8	139.4	136.2	119.4	108.2	93.8	76.6	57.6	45.2	41.6	38.8	30.8	26.6	25.4	28.2	32.4	33.6	35.4	35.8	36.2	37.6	35.6	33.2	38.8	40.8	47.2	59.4	69.2	69.4	101.8	212.8	293.6	386.6	446.8	465.6	486.4	521.6	532.8	534.6	534.6	525.2	528	526.8	526	524.4	523.2
663	663	663	663	663	657	650.4	639.6	626.4	611.4	597.6	586.2	577.8	519.6	521.8	527.8	483	452.2	442.2	444.6	408	329.6	250.8	190.8	142.6	117.2	104.2	97	93.2	98	105	101.2	94.6	95.8	87.6	74.8	64.8	68	61	57.6	52.6	49.8	55.8	80.4	131.2	181.2	205.2	225.8	244.2	248	245.2	250.4	256.6	258.8	261.6	266.6	259	252.2	243.6	248.8	271	290.4	287.4	288.2	296.2	302.2	305.4	305.4	306.6	306.8	314.8	313.8	313	282	260	258.2	252.8	251.8	255.6	267.8	265.6	263	281.2	299	297.6	298.4	298.2	298.6	307	313.8	309.6	309	309	318.8	326.2	314	310.4	324.6	329.2	321.2	328.2	330	324.2	326	322.8	315.8	314.4	308.2	300	299.4	293.2	285.2	306.4	306.4	270.8	260.4	248.8	256.8	292.4	283	254	239.6	232.2	232.4	225	219.4	214.8	210	201.4	194.4	188	186.6	189.2	187.2	189.4	187.8	196	201.8	204	201.2	197.8	200.8	209.8	199.8	187.8	181.4	168.8	160.4	153.4	144.8	142.8	139	131.4	116.4	102.2	87.4	64.8	47.6	47.4	40.8	35	30.6	26.8	28	28	33	36.6	35.2	37.2	37.6	34.8	33.8	37.8	39	44.6	54	67	70.6	79.8	132.6	247.4	358.8	433	493	492.4	482.2	487	491.4	485.6	497.2	507.4	518.6	529.8	523.8	523.8
663	663	663	663	663	655.2	646.8	636	624.6	609.6	597.6	587.4	547.8	522.6	565.2	524.8	470.4	449.8	444.8	446.8	376.4	256.2	222	172.4	124	109.6	103.2	91.6	93.6	106.8	101.4	93.6	95	85.8	76.2	76.6	77.4	68.2	54.8	51.6	49.8	50.8	61.8	96.4	156.4	199.4	216.4	240.6	252.2	249.2	250	255	256.2	249.4	247.4	249	235	227.8	233.4	243	260.6	272.2	272.6	279.6	288.6	290.6	290.4	291.6	292.2	295.8	300.4	296.8	282.6	255.8	245.4	242	234.6	235.8	246.2	251.4	254.2	251.6	267.8	293	292.8	288.6	287.6	295.4	301.2	305.2	309	307.4	302.8	313.8	322	309.6	309	325.2	325.4	312.4	317	318.2	320.8	321.4	315.4	308.8	302.2	294.4	289.2	288	282.2	274.8	290.6	287	261.6	253.2	243.4	252.4	279.2	273.2	257.2	241	233.6	222	211.2	208.2	205.8	195.2	189.2	188.6	181	175.6	175.6	173.6	173.4	182.4	190	196.8	205.2	200.6	196.8	203.6	210.2	205.6	189.8	180.8	171	159.2	148.8	140	139.6	138.2	126.2	115.8	97.4	83.4	62.6	49.4	45.4	43	37.6	31.6	24.8	27	28	30.2	33.2	34	36.4	38.6	35.4	32	33.2	40.4	45.2	51	63.6	80.6	96.2	169.4	292.6	401.8	491	514	510	494.4	490.6	507.6	507	501	503	510	527.4	526.2	523.8
663	663	663	663	663	646.2	639	630	618	608.4	600	587.4	550.4	526.4	565.4	520.8	465.4	445	446.2	449.4	376.8	282.8	217.4	171.8	129.8	108.8	100.4	87.6	94.6	102.2	97.6	94.2	97.2	85	74.6	70.4	73.4	68.2	52	50.6	48.4	54.8	69.2	108.2	165.2	206.4	230.6	252	257.8	252.2	248.2	255.2	253.6	247.4	241.4	228	216.2	208.2	214.6	225.2	236.2	249.8	253.4	260	266.2	266.6	266.6	271.2	272.8	281.2	272.8	251.8	227	205.8	200.4	199	201	202.2	212	222.2	224.8	242.2	266.6	261.4	263.8	263.6	270.6	281.6	286.4	297	304.2	295.2	307.2	330.2	309.4	300.4	312.8	322.6	320.4	309.6	314	310	302.2	301.4	294.2	291.6	282.8	272.2	270.4	261	254.6	258.2	278.4	263	244.4	242.2	231.4	240.2	249	238.8	228	221	209.8	203.4	199.6	192	183	180.2	184.4	182.4	172	177	175	171	170.4	172	175.2	185.4	191.6	194.4	203	212.8	220.2	212.8	203	187	171.6	162.6	155.4	147.6	141.8	136.4	130	117.2	103.4	83	65	54.4	47	49	41	31.2	27.6	27.2	28.4	28	34	35.6	36.6	40.6	40.8	34.6	33.6	38.8	43.8	49.2	63	80.8	99	153.2	274.4	418.4	492.2	517.8	520.2	525.6	526.8	532.8	530.4	528.6	521	511.4	516.8	518.4	517.2
663	663	663	663	663	646.2	639.6	628.8	616.2	605.4	599.4	585.6	559	567.4	557	490.2	459.6	446	450.2	448.2	399.8	303.6	218.6	169.4	129	107.2	99.6	95.2	99.4	101.2	101.2	93.8	91.2	66.8	63.4	65.6	67	63.8	55.2	52.6	49.4	57.2	77.6	116.8	172.8	211.2	233.4	255.4	258.8	254.8	247.8	248.4	243.4	233.6	227.4	217.6	201	196.4	207.2	219.2	229.4	235	241.8	245.4	242.8	245.4	247.2	248	242.6	247.6	240.4	213.4	191.6	174	166.8	164.8	174.8	182.4	191	202.4	207.8	240.8	260.8	234.4	233.2	244.6	257	271	277.2	291.2	302.6	289.8	302.6	322.8	294.4	291	305.4	310.8	315.6	312.2	312.6	300.6	289.8	285	283	277.2	271	257.4	253.6	248	240.8	244	259	241.4	233.2	231	221	227.8	237.4	230	219.8	214.2	202.4	190.4	186.6	183	183.4	177	173	182	178.8	177.4	176.8	176.8	175	163.2	164	173.4	172.6	180	194.6	208.8	224	216.4	205	192.4	177.4	165.4	156.4	150.6	145.4	141	133	126.6	108.2	84.6	68.2	59	49.8	47.6	42.6	33.2	28.4	27.2	27.2	24.8	31.2	37.4	37.2	42	44.4	39.4	36.4	38.2	41.4	49.4	60.2	81.8	109	160.8	286.2	415.4	489.4	517.2	519	525.6	526.8	529.8	525.8	524	528	515	504.4	515.2	525.6
663	663	663	663	663	656.4	640.8	625.8	611.4	600.6	591	577.2	565.8	570	553.4	488.6	457.6	447.8	454.4	450.2	407	355.8	319.6	229.2	169	119.6	99.6	100.8	102.8	102.6	101.8	93	94	69.4	59.4	61.8	66.6	58.6	54	53.2	49	58.4	80.6	121.6	182.2	222	242.2	261.4	260.6	255.6	253.8	250.6	240.4	231.4	209	185	181.8	188	193.6	208.2	209.4	212.8	224	221.6	227.8	234.2	235.4	230	208.2	207	196.8	178	152.8	139.8	138	135.8	141.4	146.8	147	157.2	179.4	210.2	208.4	193.4	196	215.4	251.2	262	255.2	291.6	297.8	287.2	303.6	295.8	270.4	285	309.8	315.6	314.6	316.6	313.8	298.2	279.8	264.2	253.8	242.8	237.4	234.4	237.4	236.8	222.4	210.4	219.2	202.8	197.8	203.6	194.4	199.4	206	212.6	213.6	217.8	211.2	200	199.4	200.6	209.8	209.2	203.4	210.2	218.4	222.8	206.8	203.4	190.2	168.6	171	180	171.8	179.2	195.8	202.2	217.2	223.8	216	201.4	182.8	172.8	166	156	146.2	141.8	135.6	122.8	111.6	88	72.2	63.8	56.8	49.6	43.8	35.4	30.2	29	29.4	26	28.8	36.2	39.2	43.2	47.8	42.8	40.6	40.8	43.4	54	65.2	86.8	133.6	210	319.6	418	494.8	518.4	517.8	520.6	511.6	488.2	485	479.8	489	506.6	492.4	484.6	507.8
663	663	663	663	660.6	654.6	640.2	624.6	608.4	599.4	589.2	577.2	570	570	527.4	474.8	460.4	453.2	451.8	449.2	408.4	359	331	223.2	165	126.4	106.2	104	102	99.8	101.6	99.8	89.4	68	57.6	49.8	57	52.2	52.8	56.2	52.2	65.2	89.8	126.8	182.2	221.8	244.8	264.6	267.6	261.4	252.6	245.2	234.2	222.6	200.8	181.4	179.8	184.2	182.8	189	193.6	199.4	199.6	202.8	215.2	218.4	212.2	204	191	192.4	182.8	164.2	139.8	129.2	128	125.8	121.8	122	124.4	131.6	161.4	190	183.8	166.4	172.4	188.2	227.8	240.6	235.2	270.6	277	275.4	292.6	278.4	256	280.2	304.4	304.4	305.6	312.6	304	289.6	273.4	256.6	241.4	231	227.4	220.8	222.2	221.8	208.6	195.2	194.2	179.8	174.2	173	161	170.6	181.6	190.8	193.6	204	204	197.6	197.8	200.4	216.6	217.8	219.2	222	228	231.6	214	210	192.8	171.2	171.8	173.8	168.2	174.4	192.6	200.8	212.8	220.8	217.6	203.2	183.4	173.6	167.8	159.6	149.6	143.6	140.2	127.6	116.6	95	75.2	64.8	57	52	44.2	38	31.2	28.8	30.8	29	30	35.6	38.4	46.8	51.8	48	42.8	43.4	44.6	57.8	70.6	87.6	136.2	233	347.4	423.2	501	517.2	517.8	522	519.6	500.4	498	485.6	485.4	505.4	502.8	492.6	515.4
663	663	663	663	650.4	639.6	631.8	621	604.2	598.8	591	578.4	571.2	570.6	522.4	471.8	460.2	456.8	454	451.6	426.8	367.2	351	273.8	155.2	118.8	107.6	101.8	99	96	99.4	101.8	87	64.2	54.6	48.2	48.4	50	53.4	52.2	52.8	67	95	137.8	197.8	232.2	252.2	266.2	262.2	255.4	259.6	250	234.4	217.4	195.4	189.6	189.4	180.2	176.8	174.4	171.2	171.4	175	181.4	186.2	191.6	195	188.8	185.4	193	174.4	137.2	120	113.6	114.6	116.6	116	111.8	118.6	142.4	164.4	167.6	154.6	158.2	177.8	196.2	224	228.8	236.8	275.2	273.6	297	317.8	309	306.8	317.6	327.2	325.2	342.2	344.4	308.8	276.2	258.8	239.6	219.8	216.2	218.2	223.8	229	220.4	193.6	177.6	174	169.6	168.4	164.8	173.6	195.6	200.8	201.6	200.4	202.6	212.4	217	226	237.2	246.6	250.8	253.8	255.6	257	250.4	245	237.4	219.4	210	207.4	198.6	195.6	194	206.4	211.2	213.4	216.2	214	204.8	191.8	180.4	171	158.8	150.8	146.6	140.6	132.4	119	99.6	79.4	67.4	60.4	55	49	41.6	32	29.2	30	31	31.2	36.2	40.4	44.8	54	51.4	48	45.4	50	60.6	73	104.4	166.4	268	373.6	421	462.2	496	490.8	492	504.8	510.2	531	526.8	516.2	529.8	530.4	526.2	528.6
663	663	663	663	648.6	635.4	628.8	618	603	597	589.2	576	570.6	556.4	491.8	470.4	464.2	453.8	453.4	455	455	397.6	358.6	305.2	183.8	132.2	114	99	92.4	94.2	102	102.2	82.2	63	50.2	43.4	41	42.6	51.4	49.4	54.8	73.8	100.4	137.2	201.4	240	259.4	268.6	258	253.2	254.8	248.2	237	222.4	200.8	188.4	188.2	182.6	177.2	171.4	168.6	164.4	159.2	163.8	171.6	176.6	182.4	178.6	171	176.8	154.4	123.2	106.2	106.2	110.2	110.8	109.8	102.8	115.2	143	157	152.2	150	161.2	172.4	194.2	219.6	226	230.4	265	268.2	293.2	315.4	321.2	323	323	329	333.4	353	351.6	315.4	279.4	251.2	229.6	212.8	213	209	209.4	216	209.4	184	166.8	157.8	153.4	154.2	155	172.4	190.2	191.4	188.8	192.6	189	193.4	205.2	218.6	227.8	233.8	235.6	237.8	239.6	245.4	238.6	232	227.6	217.6	213.4	211	202.4	200.8	202.2	204.2	207.6	211	214.8	210.8	199.2	194.4	184.6	171.8	163.8	152.6	150.6	144.6	134.6	122.6	101	81	73.8	66.4	59.4	54.2	40.4	30.8	31	30.6	32.2	33.6	36.4	42	44.4	52.8	53	52.2	49.2	48	57.8	77.6	122.4	187.6	267	349	421.6	459.4	477.4	470.2	472.8	493.2	506.6	530.4	527.4	521.8	528.6	529.8	526.2	514.4
663	663	663	663	650.4	634.2	623.4	610.2	599.4	592.8	584.4	578.4	571.8	551.2	488.8	467	460.2	455.4	452.4	455.6	446.8	378	351.8	351.8	318.2	178	122	105	93.6	94	100.8	100	83	61.4	49.2	40.4	38.6	41.6	47.2	50	57.8	82.6	113.6	159.6	223.2	256.4	270	274.8	269.4	279.2	284.4	270	261.4	256	238.8	236	233.6	224.2	225.8	218.4	205.2	189.4	173.6	165.8	158	156.4	154.2	142.2	143	150.4	150	141.4	134.2	138.2	147.8	150.8	144.6	146.2	164.6	177.4	182	180.2	193	206.2	210.8	224.2	239.6	251.2	263.2	285.4	301.2	318	338.2	360.8	373.6	376.6	363	372.4	370.4	351.6	331.2	310	283.4	260.4	245	227.4	212.6	212.8	214.8	203.8	184.8	173.2	158.6	146.4	149.4	167.4	183.8	187.4	187	187.8	190.2	196.6	202.4	214	221.6	225.2	222.6	220.4	222.2	223.8	220.4	211.6	211.2	216.8	223.6	226.8	222.8	217.6	216.6	211.8	209.4	209.8	205.4	205.2	204.8	201	202.6	196.2	182.4	170.6	159.2	153.8	148.4	140.8	125.4	102.8	82.4	77.2	68.6	59.2	54.4	43.6	32.8	32.8	29.4	29.6	34.2	39.8	44.2	45.4	53.4	56.4	58.4	57	52.8	64.8	101	177.4	236.2	280.4	361.8	435	471.4	459.4	479	500.2	507.2	519	523.2	519.6	526.2	527.4	526.8	525.6	487.2
663	663	663	663	648.6	631.2	621.6	608.4	597	591.6	584.4	579	573.6	526	480.4	470	458.6	455.2	455.2	456.6	446.4	376	354	356.6	284.2	171.8	116.2	106.8	99.6	98	99.8	98.6	83.2	58	45.8	39	37.2	39.6	44.2	57.8	70.6	94	117	156.6	224.8	258	273.4	273.8	273.2	283	281	264.2	256	251.8	246	244.6	232.4	227.4	235.2	233.6	221.8	210.4	194.4	182.4	168.8	159.4	149.8	138.8	143.2	150	152.8	148.4	146.4	153.8	164.6	163.6	157.4	159.2	172.2	178	182	181.4	194.4	206.2	209.8	217.2	228.6	242.4	256.6	278.4	296.6	311.2	330.4	354.2	366.6	374.2	372.4	366.8	367.6	350	322.8	306.8	286.4	261.8	243.8	230.6	212.6	205.2	204	195	179.8	169.2	154.2	145.4	151.6	166.8	174.2	178	178.2	179.6	181.6	188	199.6	207.8	207	206	206.6	202.8	202.6	200.4	195.2	191.2	195.4	200.6	211.2	216.6	218	218.2	219	212.2	206.2	199.6	199.2	202.6	201	197.8	197.4	192.6	181	174.4	166.8	157	151	145	131	108	86.6	80.2	71.8	60.6	54.6	44.8	35.2	32.2	30.4	30.6	37.6	43	46	44.6	53	61.4	60.2	56.6	53.4	72	131	211.4	276.8	312.2	379.8	437.2	475.6	468.4	499	516	522	523.4	520.4	509.4	515.2	521.8	515.4	517.2	495.2
663	663	663	657.6	639.6	625.2	613.8	599.4	588.6	583.2	581.4	579.6	574.8	524.8	479	468.4	459	456.2	453.6	455.6	434.8	371.2	354.2	357	284.4	185	130.2	105.8	97.4	97.4	100.2	101.4	94.6	63.8	49	41.4	38.4	39.8	46.8	63.8	83	99.8	123	176.6	238.4	267.2	278.6	279.8	294.8	298.2	282.4	262.2	255.2	256	252.8	252	242	243.6	256.4	258.2	254.8	247	233.6	221	203	200.6	191.4	180.2	171.2	157.2	149.4	151.4	157.4	164	170.2	178.2	179.2	185.4	190.8	189.4	187.2	192.6	203.8	211.4	212.6	220	230.8	240.2	256.8	278.2	294.4	315	340.8	364.2	376.2	379.2	386	379.4	377.6	361.8	334.2	323.6	302.4	273.4	253.2	236.2	225.6	210	198.4	188.6	182.8	170.2	168.2	173.4	171.4	177.8	175.2	177.6	178.4	181.6	185	180.2	171.2	172.6	168.4	164.6	165.2	165	166.4	162.2	158.4	162.8	166	173.4	178.6	178.2	189.4	198	204.6	210.8	209.6	203.4	199	199.4	198.8	195.8	196	197.2	188.4	183.4	174.2	163	158.8	152	140.6	114	93.2	87.4	78.8	68.8	60.4	51	35.4	33.4	30	29	32.4	38	44.6	47.4	49.8	57.2	60.6	54.8	62.8	98.4	183	270.2	296.4	314.4	376.8	439.4	490	512.8	515.4	515.4	519.6	523.2	527.4	513.4	485.4	479.4	492.2	500.2	522.4
663	663	663	651.6	633.6	621	609	596.4	585.6	581.4	579.6	578.4	573	538.2	496.2	470.8	460	456.4	454.4	453.6	425.6	371	354.2	355.4	286.8	185.6	129.4	108.6	100.8	93.4	95.4	99.8	86.2	57.2	54	44.8	41.4	41.2	51.6	65.6	80.4	101.2	124	181.8	246.4	270.2	281.4	285.6	292.2	296.2	277	266.2	256.2	251.8	258.8	258.4	247.6	253.2	264.8	259.2	254.2	248.2	237	225.8	213.6	202.8	196.4	191	178.4	160.6	143.6	139.2	144	148.4	151.6	158	167.6	175.2	183.4	184.8	182.4	188.2	200.4	203.2	205.2	211.2	220.8	230	246	271.2	290	314	337.8	372.6	387.8	381.8	388.6	385.8	376.6	355	330.4	318.8	300.2	269.6	247	232.2	218.2	207.8	196.2	187.8	183	169.2	171.2	175	178.6	180.2	176.2	177.8	178.4	179	177.2	172.8	164	157.2	154.8	157.6	163.4	159.4	159	155.2	151.8	156.4	158.6	163.6	167.2	167.8	171.2	181	187.2	195.6	205	207.2	203.6	202.8	200.8	196.8	201	198.2	194	189.4	184.8	173.2	165.4	157	144	118.2	93.8	84.4	78.2	72.4	65	51.8	42	36	32.2	30.6	30.8	36.4	43	45.4	49.4	55	63.2	62.6	74.6	120.2	196.8	267.6	283.8	316.4	397.6	457	489	513.6	509.2	511.4	519	522.6	526.8	528	491.8	478.4	490.6	508.6	522.6
663	663	660.6	634.2	619.2	616.8	608.4	595.2	585.6	580.2	578.4	576	569.4	521.2	487.2	467.8	461.4	456.4	454	454.4	435.6	388.8	359.6	326.2	255.2	207.8	149.4	113.8	111	101.4	98.2	105.4	93.2	59.8	47.8	43.8	42.6	45.2	56.8	73.6	91.2	112.6	141.2	202.6	260.2	279	283.2	280.8	288.2	271.8	258.4	257.4	249.8	253.8	259.2	258.4	263	263	262.6	261.2	255.8	253.8	239.4	226	222.4	216.8	210.8	206.6	196	183.4	171.6	153.8	143.6	140.6	131.8	132.2	139.8	149.4	157.4	159.6	163.8	172.6	184.2	194.4	201.4	209.6	218.4	235	252.6	272.6	298	319.4	347.4	381.2	403	416.8	408.6	404	384.8	359.2	335	317.8	297.4	276	253.2	235.6	216.6	206.6	197.4	190.8	188.2	183.4	182.6	180.8	178.6	175.8	169.8	158	147.8	140	136.2	138.4	137.2	133.2	127.2	126	131.4	140.4	138.6	131.4	133.2	135.4	135.6	145.4	150	147.2	150.4	156.8	166.8	176.8	184.4	198.4	209.6	208.8	200.2	199.8	205.2	207.4	206.8	207.2	200.4	188.8	173	165.4	152.8	132.8	105	94.6	87.2	78.8	67	57	45	35.2	32.2	28.8	30.6	36.4	45.6	48.6	48.8	56.4	63.8	68.8	87.8	145.6	229.4	272	276.8	335.6	410.4	448.6	478.6	448	448	481.6	507.4	515	511.6	525.6	518.6	493.4	481.8	483.4	489.6
663	663	657.6	630.6	618.6	616.8	607.2	595.2	588	582	579	577.2	567	536	494.8	469.2	462.8	457	454.8	458.6	440.8	394	359.4	320.6	259.4	228.2	165.2	125	109.6	99.4	102	101.8	86.8	57.8	49.6	47	44.6	51.4	63.2	87.2	106.6	119.8	143	207	265.4	280.2	283.6	283.4	279.2	270.8	260.4	253.6	251.2	255	257.8	260	262.8	258.2	251.2	245.4	238.6	233.8	226	216.2	207.2	200.2	196.8	198.6	197.4	183.2	172.8	164.6	153.6	140	130.2	130.6	130	134	139.2	147.4	156.6	164.4	173.8	185.6	194.2	202.2	210.8	226.6	249.4	270.4	292.2	323	357.6	400.6	429.8	442.8	444.6	425.4	393.6	372.2	350.4	328	306	278.4	256.8	233.6	218	207.8	195	184.4	183.6	181.8	179.4	175	169	164	150.2	138.8	127	120.4	120.2	125.6	131.2	124.2	108.4	107.6	107.2	118.2	115.2	107.2	111.6	118.4	123.8	139.8	148.2	142.8	143.4	151.6	160.4	169.2	177.2	186.4	199.2	204.6	198.4	199.8	208	210	210.8	210.4	210.6	195.6	177.4	169.2	158.2	139.6	113.2	97.8	88.8	83.4	68.8	58.6	47	36.2	32.6	27.8	29	36	45.2	47.2	48.8	58	66.6	74.4	100.8	157.4	255	293	278.2	348.4	417.8	448.2	467.8	446.2	443.2	461.4	485	495.4	494.4	514	520.6	502.8	482.4	476.6	474
663	663	661.8	643.8	633.6	620.4	604.8	597.6	591.6	583.2	582	576	562.8	545.6	502.6	469.8	465.6	458.2	456.8	458	449.6	415.4	362.8	352.6	310	252.6	229.4	176.2	123.2	108.6	102.8	100.6	92	64	56.8	53.4	47.8	56.8	70.6	91.2	113.8	129.4	160.4	225.8	275	291	296.4	293.4	285.6	270.8	260.4	257	256.8	249.8	253.8	256.2	259	256.8	249.8	239.4	227.6	222.6	211.2	204	200.4	200.4	200	199.4	193.8	178.4	167.8	166	160.6	150.6	146.8	143.4	137.2	128.2	127.8	138.4	146.6	150	160.6	167.6	180.8	194	205.8	225	254.6	278	301.8	339	376.8	412.2	443	459.8	451.4	423.6	410.2	386.4	367	342.4	313.2	284	256.6	234.6	216.8	201.2	185	175.8	169.6	163.6	159.8	152	138.4	126.4	117.2	109.8	105.2	114.2	147.4	165	148.6	118.2	115.6	113.2	106.6	120.2	125.6	103	101	104	110.8	130.2	163.4	171.8	167	154	145.4	153.8	164.4	171.4	182	198.4	202.8	203	207.8	217.4	221.6	226	228.6	223.2	206.2	190.2	178.6	154.4	126.8	104	92.8	84.4	74.2	60.4	49.4	40.8	35.4	30	26.4	33.8	40.4	45.4	49	56	73.6	109.4	160	200.6	225.8	257.8	287.6	364.4	405.6	443.2	499	498	490.6	466.6	441.4	471.2	497.8	518.8	523.8	522.6	504.8	485.4	490.4
663	663	663	643.8	633.6	620.4	603.6	597	591	583.2	581.4	573.6	561	541.4	497.4	467.8	457.2	461.2	459.8	454	444	421.8	367.4	352	341.4	293.2	265.6	193.2	127.2	115.4	105.8	93.6	91.4	68.6	58.6	55.6	52.4	62.6	77.2	100.2	120.8	132.2	160	228.2	275.6	293	297.2	294.4	282	269	262.8	254.8	251.6	243.6	242	243.6	245.6	245.2	242.8	230.2	207.4	195.2	191.6	185.6	186.4	183.4	172	164.6	150.8	132.8	127.2	125.8	126.8	125.4	129.2	131	131	129.6	127.6	131.8	137.6	141.6	148.4	160.8	173.8	187.6	199.8	215.6	246	275.8	306.4	348.4	392.4	426.4	461.8	473.2	470	445	422.2	408.6	390.8	360.6	320.8	287.8	258.8	233.6	214.6	195	176.2	167	162.6	154.6	147.4	136.4	123	116.8	108.4	105.6	108.2	122.6	156.6	169.6	137.2	101.2	100.4	95.6	88	133.6	162.8	108.2	96.8	95.2	92.6	103.6	139.2	161.6	166.8	155.4	145.6	147	156.8	166	175.6	186.8	195.2	198.6	204.2	216	223.6	229.4	229.6	225.8	214	197.2	184.8	166.4	135.2	109.4	93.8	85.2	74.8	63.2	47.8	39.4	34.8	31.6	25.6	28.6	41.8	44.4	48.8	55	83.4	142.4	213.6	255.2	249.4	249	304.2	387.8	405.2	452.6	509	509	494	479.2	456.8	484.6	509.2	516.8	520	522	514.8	489.8	491
663	663	655.2	640.8	627	614.4	603.6	596.4	590.4	585.6	582	566.4	556.8	546.2	501.2	465.8	461.4	449.6	447.8	453.4	443.4	411	379.4	355.8	350.2	342.6	338.8	296.6	205	144.6	116.8	103.2	97.6	75.8	58.2	55	54	66.4	82.2	104.6	121.4	138.4	187.2	253.6	282	299	304.4	290.2	272.2	255.4	252.8	251.8	251.8	246.2	241	237	228.4	210.4	184.8	155	138	133.8	131	126.6	117	102.8	90.6	86.8	83.4	68.2	71.2	79.2	81.8	88	99	111.4	125.8	136	142.4	139.2	138.8	139	139	144.8	160.2	176.2	196	215.2	243	284.4	323.8	369	418.2	455.8	476.6	494.8	490.8	477.6	460.8	443.2	412.2	375	335.2	295.4	259.8	229.8	198.4	169.4	157	148.2	137.6	129.2	121.8	115.4	113.8	109.4	107	114.2	131.2	148	158.4	146.6	109	67.2	62.4	61.4	50.8	85.8	126.4	83	83.2	92.8	96	102	133.4	159.4	173	171.6	164	161.8	155.8	159.4	170.2	174.8	185.6	194.4	203.8	214	222.8	234.2	237.2	234.2	227	209.4	198.4	180	142.6	116.2	99.4	89.8	78.8	63.6	54	44.6	37.6	33.2	27	28.8	39.4	47	50.4	62.2	120	181	216.8	292.4	308.6	322.6	360	400.2	397	447.2	510.2	516	505	513.4	511.4	516.4	523.2	522.6	519.8	516.2	521.4	516.8	483.8
663	655.8	646.2	637.8	625.2	616.2	604.8	595.8	591	588	582	566.4	556.2	538.4	492.4	468.8	467	457.4	454.8	448.8	443.4	419.2	389.8	362.2	349.8	341.8	341.8	323.6	237.4	160.4	126.8	106.4	103.6	95.2	71.6	58.4	57.8	72	93	115.6	126.8	142.6	190.6	251.6	279.6	299	308	295.4	279.4	264.6	252.4	251	249.6	241.4	230.2	224.4	210.6	180	146	122.8	117.8	118.4	117.2	107.8	90.4	78.4	73	64.8	54.4	55.4	64.2	69.4	75.6	82.6	89.4	106	115.2	127.2	139.4	140.4	140.2	137.2	136.2	139.8	154.2	171	189.8	209	234.8	278.8	324	369.2	416.2	463.8	493.4	499.4	498.6	491.2	478.2	450	422	382.8	337.6	304.4	267.4	233.2	200.2	168.2	149.6	140.8	130.2	122.2	119.4	120.8	117.2	113	113.8	117.4	130.4	142.6	144	133.4	98.6	47	32.2	30.8	27.6	29.8	36.4	37.2	53.6	68.4	79.2	96.8	134	151.8	151.6	149.6	155.2	158.8	157.6	164.6	174.2	176.6	182	191	200	212.4	226	234.6	239	238.4	229.2	212.2	199.2	187	156.4	122.2	106	93.2	80.6	67.4	57.6	45.6	37	33.4	31	31	41.4	51	51.4	72	140.6	178.8	185.6	263.6	305	320.4	365.2	395.6	404.4	459.8	505.2	517.8	505.4	512	515.4	506	514.2	523.2	523.8	520.2	520.2	526.2	492.4
657.6	637.8	633.6	631.2	622.8	621	608.4	595.8	591	585.6	573	561.6	552.8	542.8	520.6	474.8	468.6	471	458.2	450	436.2	431	410.2	369.8	348.2	346	344.4	325.8	288.8	210	164.8	164.6	144.6	117.2	81	59.8	59.8	72.2	87.6	108.8	130.2	157	219	269	295.2	310.6	308	294.8	278.6	261.6	254.6	251.2	240.6	222	196.8	163.6	137	118.8	112	115.6	113	101	95.2	95.4	93.2	79	63.4	59.8	47.2	46.4	58	72	72.2	70.8	75	87.8	97	101.6	112.2	127.6	139.6	139.8	137.4	139.8	150.4	168.4	188.6	211.6	242.4	283.6	329	373.2	418.6	456.8	499.4	519.8	520.6	504.2	488	477.2	442	390.6	350	311.2	268.4	226.2	185.8	157.6	146.4	140	138.6	137.4	132.2	124.6	115	111.6	112.6	117	130.4	148.8	148.4	138.2	120.6	81.8	47.8	37.4	39.2	36.6	34.4	39.2	48	55	61.2	92.8	132.2	147.4	145.6	137.4	143.2	151	161.6	173.2	181	184.6	183	188	199.8	215.2	230.6	245	253.6	254.4	246.8	230	213.2	193	154.8	120.4	104.4	93.4	82	69.2	62.2	50.8	38	39.2	46.6	57.4	73.2	92.4	93.4	95.4	125	162.8	189.6	218.2	247.6	270	331.4	410.2	427.4	436	464.6	471.8	472.2	502.2	494.6	462.2	448.4	456.4	467.4	477	463	494.4	514.4
655.8	637.8	633	628.8	621.6	617.4	604.8	594.6	591	583.2	569.4	554.6	524	508.6	503.4	477.8	473.4	468.4	447.8	441.2	435.4	435.2	407.8	368.2	351.6	348.2	349.8	340.8	295.2	221	186.8	167	154.4	133	88.2	63.8	67.6	84.6	105.6	123	137.8	160.8	219	269.8	299	309.6	305	289.2	272.8	259.2	252.6	245.8	226	206.2	180.8	155.2	135.6	129.2	136.2	140.8	134	118.2	108	113.2	110.6	89.2	75.4	66.8	57.2	55	68.4	87.8	97.6	89	87.2	105.6	110.2	108	111.2	121	133.8	138	141	145.8	159.2	176.8	191.6	213.2	243.8	287.4	335	384	439.2	480.4	515.4	531.2	529.8	517.8	493.4	468.6	432.8	393	346.8	309.8	267.2	227.4	188.8	162.4	150.2	147.2	146.4	147.8	140	127.6	118.2	107.6	107.2	121	145.4	163.6	155	146.8	130.8	95.8	61.4	45.4	41	41	36.2	40.8	56	63	66	91.4	116.2	127.8	135.2	131.8	125.2	133.2	150.6	168.2	179.2	185.2	185.6	188.8	197.8	215	230	241	249.6	251.2	241.4	225.2	213.4	194.8	163	127	110.8	97.6	80.6	70.8	64.4	53.4	45.2	47.4	54	68.4	93	116.8	121.2	135.2	182.2	196.6	187.8	204.2	231.6	263.2	341.6	421.2	458.8	481.4	472	464.8	469.8	502.6	497.2	470	447.2	447.4	445	443.4	437.2	480.6	508.4
663	655.8	651.6	637.8	622.2	613.2	604.8	596.4	591	585.6	573.6	564.6	546.2	516.8	505.6	493	477.2	472	465	450.8	451	450.2	424	384.2	355.8	352.2	349.8	344.2	291.8	220.2	192	165.6	155.8	145.8	106.6	67	71	88.8	112	128.8	139.4	177.4	242.6	276.6	298.8	312.2	299.8	288.2	275.8	254.8	245	232.6	201.8	169.8	144	129.8	131.4	149	169.6	181.2	175.6	150.6	132.4	141.2	145.4	124.2	100.8	137	118.6	76.2	83.4	97.4	131.8	147.2	147.4	145.8	138.8	128.8	123.8	124.6	145	160	165.4	171.2	180	191	198	216.6	243.6	283.2	326.6	377.6	432	483	519	539.8	537.6	521.6	509.4	481	436.4	391.4	341.6	302.8	266.8	225	190	170.8	166.8	176	185.2	177.2	145.6	139.8	135.4	118.2	117	124.6	141.4	160.2	167	161	160.2	151.2	134.6	112.2	94.2	73.4	62	66.4	86.6	97	112.2	117.8	113.6	116	114.8	108.2	110.6	121.8	141	160.4	175.8	184.2	188.8	194.6	201.8	211.6	226.2	238.4	252.2	254	247.8	237.8	224	203.6	165	128.6	112.2	103.2	85.4	70.2	67.6	68.4	74.6	75	76.2	87.6	101.2	117.2	135.2	167.8	236.6	262.2	227.4	207.8	227.4	288.2	367	394.2	398.4	446.8	486.8	490.2	475	482.4	503.4	509	499	479.2	467	463	464.2	473	492.4
663	657	642.6	625.8	615	606	598.8	591	588	577.8	565.2	560.4	552.2	534.4	513.8	494.4	489.2	491.6	466.4	454.2	454.4	450	432.4	397	362.6	354.6	349.2	343.2	288.2	210.8	179	156.6	153.6	144	113.6	74.4	81	101.8	120.2	132.4	144.2	181.6	244	277.2	296.8	309.8	307.8	293.8	279.8	260.4	251.4	228.8	195.8	166.4	155.8	159.2	165.8	186	197.4	206.4	193	167.6	169.8	175.8	161.8	152.8	197	175.4	127.4	132.6	129	152.6	205.2	215.4	191.8	171.2	163.2	159.6	156.4	159.6	165.8	176	181.6	183.8	190.2	205.8	215.8	230.6	259	289.2	333	387.2	434	480.6	521.6	535.6	526	512	500	469.8	430.2	386	340.2	306.6	271.4	230.6	200.2	185.8	191.8	209.4	202	167	151.4	148.4	144.4	125.8	120.4	144.6	161.2	177.8	183.2	178.8	178	173.2	158.6	137.2	118.8	102.4	100.2	110.2	134	141.6	141.2	140.8	129.2	119.8	115.8	112.6	113.6	121.4	142.8	161.4	174.2	185.4	192.2	199	208.8	218.4	231	239.8	249.6	254.2	248.2	235.6	226.2	207	171.4	132.4	113.2	99.8	82	76.4	74.6	72.6	85.8	92.6	89.6	93.8	100.4	106.8	125.6	158.4	215.8	256.4	243.6	211.8	227.6	302.4	376.2	406.4	417	438.4	481.4	493.2	475.4	472.2	492.4	516	515	507.4	498	492.2	487.2	488.8	488.8
647.4	640.8	634.2	618.6	607.8	600	594.6	589.2	582	571.2	562.2	556.2	556.6	544.2	521	498.6	491.2	488.4	468.8	454.6	455	451.2	450.8	415.4	376.6	358.6	350.8	314.4	213	165.4	136	121.4	128	142.2	125.6	92.6	91.4	103.8	118.4	134	154	206.6	266.8	293.4	311	318.8	315.2	304	292.6	270.2	255.6	223.6	191	173.8	174.6	191.2	203.6	226.6	246.6	249	227.4	198.6	192.8	186.6	179.4	173	184.6	176.4	161.4	166.8	171	190	234.8	258.4	256.2	235.4	211	196	203.2	201.2	202.8	213	217	214.4	207	209.4	222.2	237	262.2	292.4	333.8	390.2	430.6	469.6	501.2	517.2	515	512.4	497.6	467.6	416.6	363.6	323.4	295.2	264	231.6	210.6	203.6	214.8	230.8	216.6	188.2	178	163.2	154.2	159	160	165.4	172.4	177.6	182.8	183.6	180.4	174.8	171.2	172.4	175	169.6	177.4	178.6	187.8	188.8	171	156.8	151.2	145	143.8	138.2	132.4	132	143.6	159	173.4	186	195.8	205.4	216.2	228.2	236.6	247.2	251.4	256.2	252.4	245.2	233.2	215.2	179.2	137.2	113.2	97.6	82.6	76.2	80.4	88.8	107.4	112	104.6	88.6	71.2	75.6	97.4	130.2	175.8	238	268.4	249.2	242.4	301.4	374.6	452.8	493.6	473.4	464.2	472.2	493.8	504.2	489.4	505.8	520.2	509.6	522.8	519.6	519.6	522	515.4
644.4	633	631.8	618.6	607.2	598.8	591.6	587.4	579	569.4	561.6	556.2	555.4	539	533.4	509.8	495.8	496.8	468.6	456	456.2	461	469.6	436.6	396.6	365.4	351.8	298	203.4	159.8	129.6	124.2	125	143.6	148.4	115.2	104.8	115	128.6	139.6	157	205.4	270.4	303.2	319.2	328.6	329.4	319.8	306.2	283.6	260	232	203.8	194.8	202.8	213.8	226.2	246.2	262.8	261	243.8	220	207.2	198.6	192.6	185.6	180.2	180.4	180.2	182	177.8	201.4	246.2	264.2	262.8	248.6	225.4	202.8	204	209.4	211.8	219.6	227.4	219.4	217.8	219.6	236.2	255.4	270.8	294.6	335.2	388.4	431.8	462.8	491.8	510.2	502	497.4	485.8	457.4	414.4	364	326.6	298.2	275.2	246.2	224.2	213	220.4	229.4	221.8	206.6	201.2	186.2	177.8	185.2	182.6	180.6	184.4	186.6	194.2	202.2	201.6	196.8	201	202.6	207	203.4	207.8	209.8	226.4	217.4	184	175.2	178.8	174.8	174	166.2	160.8	155.8	155.6	164.4	175	189	198.6	210.8	229.2	237.6	241.2	251.4	257.2	259.8	257.8	250.4	238.4	219.6	188.4	144	116.2	99.6	83.8	80	85	88.8	102.6	110	106.4	82.2	67.2	78.2	94.6	114.8	161.2	215.2	250	253.4	256.2	307.4	391.4	487.6	510	477.6	457.6	468	488.4	511.2	502.4	507.8	518.2	512.8	516	507.8	520.2	522.6	524.4
649.2	640.2	634.8	623.4	610.2	597	591	585.6	571.2	564.6	559.6	557.4	557.4	535.4	533.6	520.2	502.4	499.6	472.2	456.8	459.4	465	467.2	447.2	411	370	343.8	231	166.6	139.8	130.8	134	130	137.2	159	138.8	123.4	119.2	130.2	144.2	163.2	221.2	282	307.6	320.4	327.4	331.2	324.8	315.8	291.8	268.4	249	233.8	230.4	247.8	261.4	266.6	280	287.4	277.4	266.4	240	217.4	211.4	208.2	207.2	197.6	196	191.6	183.4	202.2	245.6	270.4	271	262.8	249.4	236.2	225.8	229	242.2	245.4	222.6	229.4	241	236.6	234.8	252.4	268.4	281	299.2	339	385.2	422.6	449.8	471	489	483.4	480.8	468.6	441.6	400.6	352.8	319.4	288.8	271.2	249.4	232	220	225.2	219.8	212.8	216	211.2	206.4	200.2	190.6	181.8	177.2	177.2	176.8	182.6	199.2	193.4	190.8	202	198	209.2	206.4	203.2	193.6	203.2	202.8	191.2	187.8	201	212	209.4	213	206.6	200	200.2	200	203.4	214.2	225.2	239.4	247.2	253.8	255.6	260.4	267.8	267.6	261.8	254.8	242	221.2	189	146	119.6	102.4	85.4	83.2	92.8	93.8	105.2	109.2	88.4	65.4	63	76	89.2	104.8	139.2	194.8	223.6	253	293	322.2	351.4	425.8	456.8	465.4	478.4	487.6	477.8	482.8	495.4	515.2	520.2	522.4	497.6	478.2	496.8	514.2	507.2
653.4	643.2	633.6	623.4	610.2	597	591.6	582.6	568.8	564.6	561	556.2	551.4	553.4	537.6	521.2	513.4	490.6	474.2	463.4	469	486.6	478	446.6	404.4	369.6	335	219.8	166	140.8	131.4	134.8	132	140.4	162.8	155	145.6	135.8	134	150	169.4	215.2	271.6	300.2	314.6	321.6	324.8	324.6	318	302.2	285.4	272.4	256.6	250.2	260.2	272.4	272.4	279.8	292.2	287.4	279.4	253.6	228.4	223	222.4	213.8	208.2	204	204.8	204.4	225.4	261.8	273.6	266.8	251.2	244	231.8	237	243	254.8	266.8	242.2	242.4	258	265.8	262.6	276.8	285	285.2	302.6	339.2	387.6	430.6	456.4	478.6	498.6	493.8	484.8	469.2	440	396.4	346.2	319.2	299.8	280.8	263.6	250.6	242.6	238.8	237.6	225.8	224.8	217.4	212.8	204.2	197	190.6	185.4	184.4	186.2	191.8	201.6	196.2	201	206.2	196	200.6	213	214.2	200.2	210.8	210	206.6	203	211	221.6	227.4	235.8	231.8	226.6	223.6	220	220.2	223.2	235.6	250.4	257.2	263.6	265.8	264.8	270.6	268.6	263.6	254.4	246	229	198.2	153.2	121	102.2	86.2	84.8	92.4	93	102.8	106.2	87.2	73.6	73.2	82.2	86.6	98.2	122.6	179	228.4	267	322.8	353.8	380.8	430	453.8	467.6	483.8	487.4	469.8	477.2	490.4	502	510.2	507.2	490.6	476.8	483.8	495.8	485.8
653.4	642.6	625.8	614.4	604.2	595.2	586.2	577.8	567	565.8	558.6	555.6	551	551.8	534	510.6	510.4	502	483.4	470.2	465.4	483.6	487.8	468.6	421.8	379	260.6	181.6	153.8	140	144.2	144.2	142.8	157.2	175.8	170.6	158.2	136.8	134.8	153.6	176.4	238.8	289.4	304.8	319.6	331	336.8	339.6	335.6	324.6	315.8	305.4	295	288.2	285.4	292.2	297.6	296.8	291.8	289.2	292.2	286	268.8	250.8	238.4	229	222	226.4	255	268.4	264.8	262.8	255.8	250.4	240.6	236.4	241	250	255.6	256	271	285.2	290.6	291	291.8	294.8	294.8	292.8	290.6	306.4	332.6	371.2	415.4	453.4	481	496	481.8	469.2	467.4	430.2	381.8	337.4	309	290.4	278.4	271.4	264.4	259.2	254.8	249.2	242.2	235.6	231.2	226	218	211	208.8	206.2	208.8	211.4	221.8	227.8	228.8	239.4	239.6	237.2	233.4	239.6	242	238.4	239	233.4	233.4	234.2	233.4	244	254	258.4	262.4	264.4	261.2	252.6	251	258.6	260.4	265.8	274.4	277.8	276.8	276.4	273.2	274.8	271.2	260	248	232.6	199.4	154.2	123.8	102.2	88.2	87.6	97.6	105.4	106.4	96.8	91	80.8	76.8	81.8	86	92.6	111	167.4	252.2	290.2	340.6	396.6	443	493.6	507.4	505	481	446.4	436.6	476.4	501.8	455.4	443.2	461.4	476.4	492.6	508.4	515.6	502.2
648	638.4	623.4	610.2	601.8	592.2	584.4	576	565.8	564.6	558.6	556.2	556.2	552	534	517.6	518.2	518.8	509	480.2	492	508.2	504.6	478	436.4	386.8	253.6	186.4	158	141.8	146.8	150.4	150.2	164.8	182.8	177.4	172.8	143.2	135.8	155	177.8	244.6	301	315.8	332.4	344.4	344.6	343.8	344.6	331.2	320.8	309.4	305.2	300.2	297.8	300.2	308.6	308.4	295.4	294.6	297.2	291	272.2	252.2	239.6	230.2	225.8	228.8	268.2	280	261	263	261.4	255.8	260.8	266.2	273.8	283.8	290.2	296.8	309.6	320.8	323.2	317.2	315.2	312	302.4	294.4	291.4	306.8	333.8	370.2	412.6	451.4	477.4	499	484.8	466	461.8	433	393.4	342.6	306.6	295.2	287.4	280	276.2	273.6	272	274.4	266.8	257.8	252.2	246.4	232	221.8	221.6	219	217.6	223.8	237.8	239.4	242.2	252.4	256.2	262.2	257.8	261.4	257.8	253.2	254.4	252.8	253.2	254.2	254.8	261.6	268.2	272	276	284.6	285.8	278	275.2	277.4	277.6	281.4	283.8	284.8	283.4	283.8	278.4	272.4	272.6	263	251.8	236.4	206.8	166	129.2	103	86.4	86	95.2	106.2	105.8	99	102.4	97	83.8	83.6	83	85.4	103.4	146.6	234.8	285.4	331.6	406.8	462.6	490	506.6	507.8	484.6	437.8	425.4	462.2	492.2	454.6	434.2	468	492.4	505.2	517.4	521.8	520.8
643.8	635.4	622.8	610.2	594.6	586.2	582.6	574.2	568.8	565.8	559.8	559.8	560.4	547.2	531.6	522.4	519	523.8	515.8	490.2	506.2	515.4	507	485	458.6	357.2	225.2	181.6	155.8	149.2	162	170.4	169.2	176.2	175.6	172.2	172	141	136.4	159	188.4	264.4	314.2	319.6	337.2	350.8	353.2	354.6	349.8	340.6	336.6	332.8	327.4	333.4	327.6	316.6	323.2	321.2	319	319.4	320.2	312.8	302.2	298.6	297.6	292	284.6	292.2	305.6	306.2	305.6	293.8	299.4	301.6	297.2	306.6	318.8	330.6	341.8	349.6	365.8	367.2	354	336.2	328.2	326.4	313	301	303	318.8	337	372.4	418	463.8	490.6	505	486.4	472.4	472.8	438.6	390.8	337.8	302.2	284.6	276.4	278.2	284.4	283.2	284.8	287.8	282.2	275.2	275.4	273.4	264.4	258.8	257.4	253.6	258.8	270.2	272.2	274	274.6	273.6	280.6	290.2	301	302	299.4	287.2	279.8	281	282.6	284.2	288.6	286.8	287.6	291.8	296	303.2	311.6	309.4	301.6	298.8	301.4	302.4	304.2	304.2	298.4	293	292.4	285.2	280.6	272.4	254.2	235	203.6	162.4	128.2	104.2	89	93.6	103.2	115.6	108.2	106.6	115	112	99	91	87.6	84.4	98.4	126.8	196	273.4	328	394.2	448.6	452.8	453.6	460.4	457.6	443.8	420.2	430.6	442.6	465.2	470.6	472	486.2	489	469.2	470.4	500.2
643.8	635.4	625.2	609	593.4	587.4	582	571.2	570	565.2	559.8	558.6	558	545.4	526.8	521.6	519.6	523.8	522	503.2	519.6	512.2	489	485.4	479.6	367.2	230.6	183.2	162.2	158.4	171.4	178.4	178.4	180	182.6	193.6	183.6	151.6	139.6	159.8	186.8	264.8	317.6	320.8	342.6	353.2	349.8	351.4	350.6	346.4	350.2	348	340.4	338.4	333.4	329.6	334.2	341	339.2	338.6	344	338.6	335.4	332.4	331.4	323.8	319.2	332.6	331	328.2	336.2	328	333.2	331.6	318.6	323.8	338.6	355.6	362.8	372.2	384.2	385.6	372	349.4	338	324.4	312.8	300	300.4	317.4	342.6	376.2	420.4	460.6	489.4	504	489.4	478	470.2	438.8	398	343.2	306.4	286.8	276.8	284.2	291.8	294.4	292.8	297.6	298.8	294.6	298.8	298.2	290.6	293.6	287.8	281.4	281.2	283.8	287.6	286.2	285	284.4	286.8	293.4	302.6	296	295.2	292.2	287.2	290.6	291	291	294.8	294.4	297.8	302.6	307.4	308	316	322.2	320.4	314.4	310.6	303.6	304.4	307.4	304.6	295.4	295.2	289.2	282.2	271.6	256.2	237.8	209	165.2	129.8	102	89.4	92.6	103.4	118.6	114.2	115.8	124.4	121.2	108.6	94.6	85.6	81	91.6	120	187.2	280	334	412.6	464.4	450	450.6	457.4	463.2	448.4	421.2	422.6	434.8	462.8	471.6	461.6	466.6	470.6	456.6	460	481.6
652.8	633.6	620.4	607.2	594.6	588	577.8	571.8	570.6	559.8	551	560.8	558	535.6	512.8	518	512.8	519.6	520.2	504	519.6	518	498.6	495.6	494.6	357.8	232	195.8	185.2	180.2	188.8	187.6	187.4	190.4	200	204.2	182.8	150.2	140.2	159.8	197.2	281.6	313.2	315	340.6	353	349	350	359.4	365.2	365.6	365.6	357	350.4	360.2	358.4	356	361.4	364.6	366	365.4	363.4	373.2	377.6	372.2	361.2	349.8	367.2	358.4	361.2	369.2	366.8	371.4	369	367.2	363.4	369.4	380.8	389.4	392.8	394	382.6	361	348.8	343.4	337.4	321.6	303.6	305	323	347.6	385	437	476.2	493	499.8	493.8	482.8	466.2	432.6	388.6	342.6	301.2	284.6	279.4	281.8	292.8	308.2	309.8	312.4	314.6	311.8	317.6	325.4	328.8	335.2	332.2	328.8	318.8	314.8	313.4	310.8	316.2	318	329	339.6	339.4	334.4	335	341	341.2	343	339.4	333	327	328	331.2	332	332.8	326.2	322.8	325.8	328.2	326.8	322.8	311.8	308.6	310	308.2	298.8	293.6	291.8	287.4	280.2	262.6	237.2	207.2	164.2	129.8	100	90.4	101.2	117.4	126.6	119	127.4	132.2	127.8	116.4	103.2	91.8	84.2	91.8	116.8	178.8	281.8	331.8	380.4	417.8	420.4	417.6	433.4	448.8	441	424.8	438.2	442.8	452.2	487	481	463.6	469	494	499.2	479.2
655.2	633	617.4	604.2	594.6	588	575.4	571.8	570.6	559.6	556	562.8	558	532.4	515.2	518.2	509.8	517	518.8	511.6	521.4	522.6	519	520.2	505.4	367.6	243.4	206.8	193.2	182	190.8	188	189	190.6	209.6	219.2	186.8	157.4	146.8	164.6	195.2	269.6	311.2	318	341.6	351.8	359	362.2	367.2	370	366.8	364.6	365.8	364.4	370	372.2	374	374.2	379.6	390	388.6	386.6	395.2	398.6	403.2	388.4	373.8	386	378.6	386	402.4	404.8	408	409.4	406.6	398.4	392.8	399.6	410.8	407.8	397.4	382	360	355.2	349.4	333.6	318.4	300.8	302.8	330.4	357	392.4	431.2	463	485.4	498.6	490.6	475	450.6	426.4	394.4	354.8	312	289.2	286.6	287.6	295.4	308	318.2	318.2	323.2	324	333	342	347	359.4	366.8	361.8	354.8	354.4	357.8	352	346	348.2	346.2	355.6	362.6	351.8	351	361.4	363.2	363.6	361.4	356.8	355.4	352.6	352.2	348.6	341.4	344.6	339.8	326.6	321.6	328	327.8	321.4	316.8	316.4	311.8	304.8	293.6	289.2	286.2	278.2	263.4	243.6	216.6	170.8	132.8	103.2	92.8	108.2	123	129.2	128.2	133.4	134	136.2	123.2	108.2	95.6	88.8	97.6	125.2	176.2	273.6	328.6	384	410.8	410.4	424.4	437.8	444.4	444.6	426.8	441.6	448.6	463.8	502.2	494.6	474.4	469.6	498	501.2	480.2
643.8	627.6	617.4	607.8	597.6	583.2	574.8	576	569.4	563.4	559.8	563.4	556.8	541.8	531.6	524.4	519.6	518.4	515.6	510	520.2	521.6	507.6	520.2	458.6	358.2	274.6	214.8	210.4	201	201.8	195.2	201	203.2	217	238.2	197.8	165.8	159.8	163.2	202.6	291.6	320.4	327.2	342.8	357.8	367.2	366.6	370.6	375.8	370	369	379	385.4	389.4	399.2	403.4	403.4	413.6	413.4	423	431.8	433.2	437.8	437.8	424.4	417.4	424.8	420	427.2	443	450.8	444.8	437.8	438.8	434.8	432.6	423.8	421	407.2	383	363.2	354.2	355.2	345.6	331.4	316	303.6	310.2	334	365.8	402.4	436.8	461	484.6	486.4	470	463	448	419.4	387	352.8	313.2	289.6	284.4	282.8	295.2	309.6	321.8	321.4	324	333.6	346	357.2	364.6	368.6	382	388.6	392.8	396	382.6	377.2	386	384.4	380.6	383	388.8	388	387.6	392.2	390	385.2	385.2	383.6	371.2	363.8	357	354.8	354	355.4	353	343.8	336.4	334	333.2	330.6	325.6	323.6	312.4	305.8	297.4	289	283.6	274.4	265	248	213.8	167.6	134.8	105.8	99.4	123.2	129.6	138.2	145.8	142.8	136	136.2	129.4	113.2	105.6	96.8	103.8	147.8	200.2	260	314	376.4	412.4	411.4	428.8	449.2	451.4	468.2	449	436	442.6	456.6	482.2	489	466.8	438	430	449.8	457.2
636	627	622.2	613.2	604.2	591.6	579	576	570.6	563.4	558.8	560	558.6	546	535.8	527.4	523.2	521.4	516.2	508.2	517.6	510.2	504	518.4	449.8	363.8	285.6	221.8	209.8	207.2	205.8	195.4	200.2	205.2	229.8	250.2	215	179.8	174.8	169	191.4	275	313.6	322.8	342.4	358.6	367	360.4	366	372	374.6	383.2	388.6	394	399.2	403.2	408.6	411.6	423.2	428.8	436	444.8	448.4	448	446.4	444.6	432.4	431.6	432.6	433.2	445	453.2	455.2	447.2	447.8	448.4	447.2	438.2	433	420.2	389.6	369.8	358.6	353.8	340.8	327.6	322	313	314	332.8	368	401.2	433.8	460.8	477.8	482.6	470.8	461	438	404.6	377.8	356	324.4	297.6	289	288	299.6	311.6	317.2	320.2	324.6	334.2	345	355.2	370	383.2	392.6	403.8	410.8	407.6	404.2	405.8	413.2	412.8	408.4	412	421	420.8	425.8	429.4	432.6	419.8	416.2	407.8	396.2	386.8	375.4	370.8	366.6	364.8	365.4	356.8	351.8	343.8	339.6	330.4	328.6	322.6	317.4	311.2	302.2	291.6	284.2	273.4	261.2	247.6	224.8	178.6	137.8	111.6	102.8	126.2	136.6	147	154.2	152.8	142	139	136	121.4	110.8	101.8	111.6	161.6	213.6	272.8	341.4	383.6	416.8	406.4	417	439.8	457.6	477	470.6	457.2	451.6	452.2	469.6	478.2	467.4	441.4	428	445.8	453
635.4	636	624.6	612.6	595.8	579.6	577.2	573.6	565.2	562.8	563.4	561.6	552	543	527	517.6	523.2	519	516.4	511.6	514.2	518	523.4	507.2	433.2	363.6	283.6	226.4	220.8	227.6	221.2	212.8	211.4	208.8	234.8	255.4	225.4	201.4	185	173.8	217	303.4	319.4	328.8	344.2	357.6	362.8	363.2	374.2	378.2	381.6	392.2	400.8	406.8	408.4	410.2	414.6	421.2	435.4	447.6	454.4	462.8	469	469.6	471.4	468	462.4	465.4	461	460	461.2	470.2	480.4	475.4	470.2	464.4	452.8	440	428.8	406.4	381	369.2	365	357.2	341	324.8	314.2	314	324	349.8	382.4	414.4	447.4	468.6	473.4	477.6	477	465	435.8	402.6	369	346.8	326.6	302.2	292.2	294.2	300.8	311.4	316.6	324.8	331.4	342.2	352.8	365.6	382.6	394.4	405	402.8	407.4	423.8	425.6	419.2	427.8	424	427.4	429.4	431	441	451.4	449.4	443.2	440	439.6	430.4	415	401.6	400.4	392.2	383	376	366.4	358.2	354	347.2	341.8	336.2	333.4	330	320.6	312.2	302.2	295.2	284.8	273.2	260.6	250.2	222.4	173.6	141	113.8	115.2	136.4	147.8	156	159	155.6	143.8	141.4	140.6	136.2	129.2	123.8	135	180.2	228	301	381	425.4	459	443.8	419.2	434.6	470.4	487.6	477.6	467.8	476.4	467.2	476.4	488.4	468	467	481.4	479.4	455
643.2	640.2	626.4	612.6	595.2	577.2	577.2	571.8	565.8	562.8	563.4	559.8	550.2	543	516.6	509.2	522.6	519	513.6	513.2	515.2	524	528	508.6	439.2	356.2	289.8	223.6	217.2	232.4	225.6	224	218.2	220.6	253.8	255.8	232.2	215.4	202.6	184.6	213.2	301.8	322	323.6	337.2	355.8	360.6	362.6	374.4	381.2	385.6	391.6	396.6	405.6	409.4	409.2	415	418.6	429.6	444	454.8	460.8	465	471.8	477	475.6	470.2	472.8	470.8	471.4	478	488.2	492.8	488.2	476.8	470.2	459	447	429.4	407.2	383.8	371.4	362	356.6	338.2	323.6	316.6	317.6	329.4	357.8	382.8	412.6	450.8	473.6	472.8	473.4	470.4	452.6	425	395.6	365.6	349.4	333.8	311.8	296.8	298.2	305.2	315	315.2	320	330.4	337.4	347.8	359.6	380.8	396.6	405.2	411.4	417.4	433.6	438.8	434	439.8	440.6	441.4	443.2	452	458.8	464.8	464.4	458.8	452.2	450.2	443.4	429.2	420	414.2	402	393.6	388.8	372.8	355.2	348.2	345.4	340	340	341.8	337.6	325	314.6	302.2	293	282.8	274	262.4	252.2	229.8	179.6	139	112.4	115.4	138.4	150.2	159.2	161.8	156	150.2	146	144.8	142.6	144.6	152	172.8	214.6	265.4	341	414.2	449	456.2	448.6	423.4	426.8	469.8	478.6	456.8	446.2	460.4	457.6	464.6	491.2	474.8	472.4	480	481.2	466.8
655.2	645	631.8	612	592.8	581.4	576	571.8	570	559.4	549.8	544.8	549.6	536.8	515.8	516.8	523.8	521.4	517.8	514.4	514	528.6	516.4	507	436.8	347.4	290.6	214.8	213	234.6	233	243.2	245.2	231.4	255.2	261.8	243.6	221.4	225.4	214	241.4	313.4	324.6	323.6	333.8	352.4	357.8	366	381.8	387	388.8	396.6	393.2	400.4	408.8	412.2	419.8	424.8	431.8	442.6	453.8	463.8	471	473.4	480.2	485.4	480.2	470.8	484.8	497.4	488.4	483.8	485.8	492.8	485	466	460	448.6	422.2	404	384	363	357.8	350.8	336.6	327	322	327.8	345.6	364.8	383	406.8	439.2	463.4	470.8	472.8	465.2	446.8	422.6	387	356.4	340.2	328.8	312.8	300	294.6	304	315	320.8	325.8	329.4	332.6	349.2	366	381.2	401.6	422.8	433.8	436.6	435.8	438.8	438.6	445.4	451.8	448.8	453.6	462.8	464.6	455.4	461	469.6	459.6	452.8	453.8	448.6	437.4	428.6	414	398.6	392.2	380.8	358	347.4	344.6	338.2	338.4	342	335	326.2	315	299.2	290.2	283.2	271.2	261.4	248.8	228.6	180.6	136	122.4	128.6	144.6	160.6	169	169.4	163.6	160.8	163.6	165.8	160.6	156.2	162.8	179.2	216.6	275.2	362.6	421.4	446.6	466.6	475.8	454	414.2	420.6	435.8	443.8	439.8	452.8	447.8	440.6	457.8	474.4	506	505.2	482.8	489.4
655.8	644.4	631.2	609.6	594.6	582	577.8	570.8	571.2	562.8	552.6	549.2	549.6	535.2	519.8	522	524.4	522	518.4	517.2	512.4	511.4	507.4	505.6	431.2	347.2	285.8	203.2	202.6	224.2	225.2	238.6	240.6	237.2	265	255	243.2	219.2	223.8	224.4	235	307	324.8	322.4	334.4	353.2	362.2	367.8	377.2	383.4	388	395.2	391.4	398	408.2	410.6	419.4	424.2	431.8	440.4	450.8	464	472	473	484	492.2	487	482.2	488.2	496.8	495.4	483.2	481.6	491.2	489.4	472.6	459.2	450	424.4	406	386	364.2	355.4	346.4	335.8	325.6	320	325.4	343.6	360.4	378.2	406.6	436.6	462.2	472.6	474.8	467.2	452	429.2	402.6	366.4	340.6	332.4	318.4	303.8	296.4	303.4	309	313.8	323.6	327.4	331.8	344.2	361.2	383.4	405.2	428.4	442.8	448.6	448.8	447	449.2	455.6	457.4	451.4	456	466	463	455.2	459.2	475.6	467.2	456.6	458.4	459	447.6	433.8	422.6	408.6	396.8	383.8	370	356	348.4	338.8	333.8	338.4	337	327	313.2	297.6	290.6	281	268.6	260.8	249.8	235	193.4	139	118.6	126.8	137.4	154.2	168.8	170.4	161.6	162.2	171.6	184.4	200	213	215.6	221	238.8	282.4	358.8	430.2	455	478.6	488.8	461.8	417.4	406.6	423.6	438.6	441.8	458.2	457.8	443.2	449.8	467.6	496	504.2	475.6	483.2
651	640.8	621.6	607.2	592.8	585.6	586.2	580.2	573	562.2	562.2	557.4	551.4	544.8	532.2	508.4	525.6	523.2	520.2	514.8	480	479.4	518.4	519.2	452.2	356.8	297.6	215.2	200.8	213.6	214.2	229.4	231.4	235.4	260.2	241.2	214.4	188.6	192.4	249.4	279.6	305	321.6	324.4	334	352.8	361.4	372.2	379.4	381.4	386	389.8	395.4	401.4	405.2	413	417	420	432	447.4	457.2	467	471.4	476.8	486.8	498	504.4	506.8	507.2	505.8	500.2	492	487.4	489.4	487.4	480.8	452.2	445.4	430	399.4	383.2	359.4	345.6	340.6	327.2	316.8	316	323.2	343.6	359.4	375.4	401.2	431.2	450.4	471.8	482.6	475	455.8	433.4	412.6	378.6	352	338	320.6	312.8	307.4	305.2	301.2	307.4	315.4	318.6	324	335.4	359	378.2	398.8	435.6	452.4	458.2	454	458.8	463.8	459	453.4	449.8	449.6	450.4	452.4	455.8	456.2	467.8	460.6	460.6	459.4	448	438.6	432.4	418	409.2	400.8	385.4	374.6	362.2	350.6	341.4	332.8	331.2	332.6	321.2	313.2	302.2	290.4	282.6	273.4	264.4	250.6	237.2	202.4	150	146.2	128	111	126.2	140.6	152.6	151.8	159.8	173.8	192.8	217.8	233.4	228.6	214.6	227	262.2	348	411	432.2	460	469.2	460	453.2	448.4	434.2	438.8	455.4	448.8	455	449.2	439.6	439.2	439.6	454.4	472.2	485
652.2	639.6	618.6	609	594.6	587.4	587.4	580.2	573.6	563.4	561.6	556.8	552	544.2	532.8	526.2	525.6	523.2	519	503.8	480.2	490.2	504.6	517.6	482.2	381.2	302.8	223.6	195.6	198	203.4	213	226.4	240.2	259.4	228.6	200.4	187.2	194.2	239	274.6	298	317.6	324.6	336.8	353.2	354.8	362.2	375	378.8	379.8	390.8	394	394	404	409.4	414.4	420	424	437	453.4	465.2	465	468.2	478.4	489.6	504.6	517	525.6	514.2	511.6	502.4	499.8	501.2	488.2	473.6	447	428	419	394.6	365.4	348.4	332.6	324.8	317	314	311.2	321.6	343.6	364.8	382.2	408.2	430.4	444.2	456	472.6	470.4	456.8	439.2	415	392.4	367.8	342.4	323.2	314	313	305.4	300	299.6	302.8	309.8	317	329.8	351.2	365.8	393.6	424.4	443.4	458.2	463.8	466	466	463	456.8	448.2	452	456.8	461	464.8	465.8	465	459.2	458.4	459.6	448.2	439.4	434.8	426	413.2	400.8	381	372.6	361	352.4	343.8	333	331.2	331.2	317.4	306.4	296.4	290.4	280.4	270.2	265.6	250.2	240	222	173.4	137.2	112.4	106.2	110.2	128.4	148	151.6	157	186.2	236.4	246.6	240.4	230.6	213.6	217.4	251.6	329.2	392	413	441.8	451.8	452.2	462.4	461.2	439	447.6	467.6	463.8	450.4	458.2	462	454	450	463.6	480.6	493.4
652.2	627.4	615	610.4	595.8	589.2	588	582.6	574.8	563.4	562.8	555.6	550.2	544.8	514	525.6	526.2	523.2	508.8	488.4	502.6	516.6	523.2	526.8	505.6	377.6	296.8	223.8	198.8	211.8	211.8	211.4	210.8	216.8	243.8	216.8	180	165.8	217.6	281.4	283	296.4	310.4	315	328	346.2	357.6	365.2	370	375.2	377.4	383.4	390.2	392	399.2	407	412.4	423.2	430.6	441.4	451.6	451.8	459.2	475.4	480.8	497	506.2	503.2	503.8	504.6	505.8	502.8	500.4	493.2	470.6	457	449	435	404.6	378.8	362.2	336	318.8	311.4	309.8	311	315.2	326.8	347.6	368.6	384.2	402.4	415.8	437.6	460	476.6	472.2	446.6	427.6	416	392.6	358.4	330.6	313.4	306.4	299.8	296.2	292.8	296.2	300.2	304.6	308.6	321.4	345.6	366	397.4	425	441.6	444.8	458.2	480.8	473.6	468.6	468.6	462.4	470.6	475	470.8	468.4	466.6	456.6	459.6	464.4	460	450.4	440.2	430	419.2	406	392.4	372.8	365.8	361.8	348.6	339.8	333	325	316	307.6	301.2	297.6	287	276.2	277	271	255.6	240.8	213.4	181.2	180.8	127.4	92.4	108.4	125.4	140.8	147.8	151.2	183	221.4	228.8	228.6	222	205.8	213	262.6	360	408.4	411.6	433.4	447.2	451.4	468	466.4	436.6	432	449.8	449.2	451	439.6	439.4	462.6	464.4	469.2	491.8	504.4
647.4	625.2	612.2	610.2	595.8	590.4	588.6	583.2	574.8	563.4	561	553.8	548.4	545.4	521	526.2	525.6	522.6	508	495.6	509.8	521.4	522	524.4	500.6	382.4	291	225	200.6	212.6	215	214	211.6	220.6	245	222.2	183.4	171.2	224.4	281.2	279.6	292.4	310.8	314.4	323.8	340	349.2	361	368.4	373.2	376.2	378.8	389.2	394.6	396	400.8	410.2	420.2	427.6	436.6	448.2	448.4	457.2	478.2	486.2	502	509.6	507	509.2	505.2	505.8	505.8	489.8	476.8	453	432.6	434.6	424.8	393	362.4	348.2	331.4	316.2	306.6	308	308.2	315.2	328.4	350.8	367	379.8	407.2	418.2	435.4	458.6	467.2	461.8	447.8	433	427	408.8	368.8	333.2	316.6	307.6	299	294.6	296	293.4	292.8	298.4	299	309.2	333	353.4	382.2	413.2	433.8	440.8	457.4	473.8	471.8	466	473.8	474	472.6	475.2	472	472.8	468	461	463.8	465.8	459.4	456.6	442.4	430.4	420.6	400.4	382.8	361.8	355.8	352.6	344	333.4	326.2	317.8	311.4	301	294.2	292.6	280.8	273.4	272.2	268	259	242.4	224.4	191	182.4	142.4	99	102.4	121.8	139.2	146.8	151	200.8	219.2	214.2	217.4	211	196	221.2	283.2	366.6	424.2	429.6	441	449.2	456.4	474.2	468.6	435.8	435.8	438	434.4	446.2	434.6	428.8	444.2	446.4	456.8	473.4	483.2
631.2	617.4	616.2	604.2	597	597	584.8	583	573.6	564.6	561	547	527.2	536.6	534.6	525.6	524.4	522	520.6	520.2	517.8	519.6	522.6	513.8	495	390	301.2	232.6	210.4	225.4	226.8	219	209.8	212.2	225.6	216.4	190.4	208.2	267.4	282.8	274.4	292.6	306.6	311.6	321.6	336.2	346	356.4	365.4	369.2	373.6	381.8	385.2	390.8	395	400	410.8	418.2	429.4	444	449.4	458.2	469	488.8	501.6	509.2	514.6	511.2	507.8	500.8	489	480.2	467.8	456.8	451.2	442.6	438	418	386	360	341	330	312.2	310.8	313.8	313.6	311.4	330.8	353	366.2	379.2	405.6	426.6	465.8	507.2	490.8	466.2	457.2	467.2	457.6	403.6	361.4	335.6	315.4	304.8	291.4	286.2	284.6	289.6	298	301.4	296	298.4	320.6	346.2	374.8	398	416	434.4	460.4	474.2	481.4	476.2	480.8	477.4	471.2	472.4	473.8	468.8	465.6	460.4	459.2	455	449.4	449.6	442.6	426.4	416.2	403	380.8	363	352.4	342.2	336	326.2	321.4	312.4	308.2	299.8	290.6	281.2	273.2	271.8	274.2	266.6	252.2	238.8	224.6	214.6	191.8	159.8	122.8	108	123.6	137.4	140.4	133.8	182.4	212	219.2	225.8	215.2	203	229.2	282.8	375	437	477.4	512	467.8	441.2	448.4	454	440.6	437.6	435.6	435.8	450	463.4	448.2	426.4	421.8	414.4	426	434
627	615	611.4	600.6	596.4	592.8	585.2	582.6	571.8	566.4	561	541.4	517.8	539.8	534.6	526.2	524.4	522.6	522.6	520.2	518.4	520.2	520.6	518	499.2	406	292.6	238.6	217.2	232	228	225.2	212	214.4	222.2	217	202	215.6	270.6	283.8	279.2	289.8	304.2	310.4	317.6	328.8	343.6	352.6	360	365.2	368.6	376.4	377.4	388.2	398	403.2	410.6	418.2	430.2	445.4	455.8	463.6	470.4	484	500.2	508.4	509.4	503.8	496	493	481	469.6	464.2	451.4	442.6	433.8	427	410	379	368.4	362.6	342.8	326.2	327.2	329.8	321.6	321.4	335	349.6	367.2	388.4	413	439	464	515.4	510.6	471	460.2	457.8	455.6	410.6	363.2	340.2	317.8	306.6	297	292	292	298.2	305.4	309.4	300.2	290.4	305.6	330.6	361.8	386.2	403.4	423.8	446	467	472.4	469.6	477	473.2	468.4	473.8	476.8	470.6	466.6	455.6	453.8	450.6	451	447.8	438.6	422.2	413	404	377.2	363.2	349.8	336.2	330.8	324	312	303.6	301	292.8	285.4	278.4	271.8	269.8	269.6	262.6	252.6	238.6	224.4	214.4	188.8	164.4	137	107.6	117.8	130.6	130	136.2	190.4	205	214.6	227.2	237.8	237	242.8	279.6	369.8	429.6	482.2	522.8	473.8	438.4	434.6	442.6	442.6	442	435.8	438.2	452.6	475.8	470.6	435.4	421.4	418.4	417.4	423
633.6	618	607.8	603	600.6	592.8	589.2	581.4	570	569.4	546.2	530.2	532.2	526.6	530	526.2	523.8	522.6	522.6	517.8	515.4	510.6	511.6	513.6	513.2	458.4	331.6	259.8	233.6	235.2	237.2	230.2	217.8	222.2	232.2	214.2	212.4	220.6	263.8	286	276	280.6	297.8	308.2	318.2	326.8	340	346	350.2	359.4	364	366.8	372	387.2	403.4	409.6	413.8	426	435.8	440.2	451.6	459.6	467.6	478	487.2	492.8	496.6	485.4	477.6	477.2	474.4	461.2	451.2	451.6	435.4	421.2	410.4	393.2	373	364.2	352	336.2	334.2	338	340.8	331.8	332.2	342.4	348	361.2	384.2	415.8	448.6	483	510.8	497.2	470.2	453.6	441.8	434.4	395.6	368.2	346.8	323.2	306.4	299.6	294.4	294.8	297.2	305.4	313.4	316	301.8	300	319.2	349	374.8	390	407	426.2	441.2	454.8	465.4	462.8	471.4	477.2	480	475.8	465.2	462	452	441.2	441	442.8	438.8	432.8	424.2	405.6	389.8	369	357.4	347.6	335.2	326.6	318.4	309.8	303	295.2	288.4	283.6	277.6	270.2	265	263.6	254.8	244.6	236	223.8	215	184	161.2	156.6	137.6	119.8	115.4	118	132.2	189.4	207.4	210.6	230	255.8	259	250.8	277	354.4	415.8	415.8	442.2	479.2	478.4	464.2	448.6	453.4	449.4	437.4	439.6	442.6	454.8	470	480.6	491.2	462.2	431.8	428.6
634.2	618.6	607.2	605.4	601.2	592.8	590.4	580.2	570	554.2	534.4	511.6	537.8	537.6	524.4	526.8	523.8	523.2	517.6	498.2	495.8	504.8	512	522.6	521.4	446.8	319.4	261.8	237	250.8	243.2	225.8	218.8	228	232.4	219.4	219.8	258	289.8	287.2	272.8	274.4	293.2	303.8	314.4	323.4	334.4	344	342.2	353.6	358	365.6	375.4	385.6	396.2	402.4	413.4	425.6	427.6	438.4	453	458	466.6	474.4	483.8	489.6	483.6	474	468.8	465.8	465	450	439	439	424	406.2	394.6	380.2	374.8	366.4	352.4	342.6	345.4	350.2	339.8	333.6	335.8	343.4	344.8	353.6	378.8	418	449.8	479.6	499	483	456	450.2	446.2	412.4	384.2	356	338.2	319.8	309.2	303.2	304.4	301.6	303.8	312.4	317	318	306	300.2	316.8	344.2	366	377.8	395	412.6	425.8	443.4	447.4	452.6	463.8	470.8	472.2	471.2	460	456.2	448.6	438	433.4	438.6	426.4	424.2	419.4	400	381	359	345.6	340.4	332	325.4	312.8	306.2	300.6	291.8	284.2	282.2	276.4	268	261	261.4	252.8	243.2	234.8	226.6	221.4	194.8	166.2	159.2	145.4	137.6	131.6	130.8	148.8	207.8	237.4	247.2	263.2	267	254.6	250.8	281.2	370.8	432.8	433.4	449	469.2	471.2	457	454.2	458.2	461.4	451	430.4	429.6	448.8	443.2	460.2	472.4	452.2	439.6	435.6
630.6	611	609.6	612.6	606	599.4	593.4	579	544.4	534.4	546.2	553.8	553.8	547.8	539.4	527.4	524.4	502.4	498.2	490.4	494.6	512	519.6	522	504.6	455.6	309.4	257.8	254	265.8	254	237	224.2	228	238.8	234.8	229.6	260.2	305.6	299.8	269	263	284.6	300.2	310.8	321.4	329	334.4	337.2	344	352	363.8	370.2	381.6	387.2	395.8	413.2	415	425.4	440	444.8	446	456.2	460	465.6	469.8	469.8	464.2	460.8	460.6	448.6	444	432.2	420.2	409	397.8	385.8	368.4	356.4	344.6	335	350.6	368.2	357.4	341.4	335	333.8	335.4	333.8	343.2	365.2	405.6	438.4	447.4	451.2	451.4	444.2	434.2	410	390.8	364.8	343	327.4	315.8	299.4	295.4	297.4	304.2	311.2	312.4	305.2	308.4	307.2	303	316	342.2	359.8	365.2	380.4	403	417.4	431	440	443	448	462.8	474.2	464.2	456	458.4	448	429.2	427.2	438.4	421.2	412.8	408	385	368.6	348.2	339	337.8	328.6	318.8	311.4	306.8	294.8	283	278.8	277.2	271.6	263.4	259.4	256.6	248	239.6	233.6	224.8	225	191.2	164.4	175	168.8	144	142.2	158.4	174.4	217.6	254.4	262.8	276.4	278.6	267.2	263.8	301.4	400.8	447.4	447.6	472.8	487.4	464.2	443.8	448.8	445.4	442	431.6	400.8	414.6	428.8	418.6	413.8	433	459.6	455.4	464
625.4	609.8	609.6	615	607.2	600	591.6	574	556.4	547.8	559.6	553.8	553.2	547.2	539.4	529.8	520.4	494.6	496.8	494	504.6	511.2	518.4	506.2	503	466.8	315.2	258.2	254.2	270	263.4	246.2	229.2	236	246.6	237.6	237.8	259.8	306.8	318.6	301.4	286.4	290.4	297	305.4	311.6	322.6	325.4	330	341.2	349.2	359	364.6	376.4	381.8	388.4	400.6	408.8	416.8	432.8	435.2	437.6	443.6	445	447.8	447.2	447.2	442.8	442	440	434.2	429.6	420.6	411.4	406.2	399.6	379.8	367.2	360.2	353.2	344.4	351.2	365.8	349.8	332.2	332.4	331.6	325.8	326.2	336.8	356.2	384.2	411.2	424	432.6	432.4	432.4	418.4	395.4	383.6	361.4	339	320.2	308.2	302.2	295.4	298.2	303.4	310.8	315	307	305.4	315	308.2	313.2	337.6	351.6	360.4	369	391.4	400.6	414	418.4	419.6	431.4	446.2	455	451	443	441.2	436.8	423	416.8	422.2	411.6	401.6	399.4	376.6	359.2	344.8	331.6	328.2	321.6	312.8	308.4	304	292.2	282.4	276.8	272.8	268.2	259.6	251	249	244.2	235.8	228.2	223	225.2	196.2	172.8	193.6	187.6	171.2	172.6	182.8	195.4	232.8	256.6	266	278.2	281.2	270.6	265.4	304	382.8	418.8	435.6	459	479	470	454.2	450.2	436.8	431.4	422.4	406.4	419	441	436	426.4	435.8	451.6	450.4	458
627.6	614.6	615.4	617.4	607.2	593.4	584	577.8	573	567	560.4	556.8	556.2	549.6	541.8	526.6	497.4	481.6	505.6	519.6	513.8	513.8	516.8	512	515.6	489.8	340.4	268.6	255.2	282	282.2	268.4	252.2	247	252.4	255.2	256	271.2	309.4	317	298.4	286.8	283.4	291.6	300.2	306.2	313.8	322	328.2	335.8	338	345.2	350.8	361	365.8	374	387.4	400	415	424.4	428	429.6	423	434.2	434.8	434.8	439.2	431.2	422.6	420.6	427.4	421.8	413.6	411.2	402.4	389	367.4	349.2	342.2	337.8	353.2	373	369.8	351.6	336.6	325.2	313.6	306.2	310.2	318.4	336	361	380.6	392.4	397.6	401.4	401	389.8	374.8	364.2	344.8	325.4	310.6	297.4	289.4	283.8	286.8	290.8	300.6	309.2	304	296.4	295.2	299.6	301.6	322.2	343.2	355.8	361	373.4	383	396.8	403.6	402.4	409	421.8	431.2	424.2	423.2	422.8	421	424.4	411.2	401.6	394	381.6	379.4	368	352.2	339.2	327.8	320.8	313.8	305	298	293.8	286.2	275.4	272.2	269.6	263	257.6	245.4	241.8	240.6	230.2	223.6	220.6	227.4	202.6	173.8	193	205	196.6	193.8	198.6	204.8	244.8	272.4	279	287.6	285.6	270.4	273.8	328	380.6	394	399.4	401.8	439.8	464	462.8	446.8	435.8	431.8	419.6	408.2	416.2	431.2	453.6	463.2	451	443.4	449	451.6
633	618.8	615	615	606.2	593.8	585.6	577.2	570	567.6	558.8	557.4	558.6	551.4	541.8	521.6	494	486.4	518	519.2	512.6	519	519.6	518.4	518.4	502.6	375.6	284.2	252.2	284.6	298	298	281	262.8	248.4	252	255.2	268	305.4	315.8	298.8	287.6	286.2	287.4	295.6	303.8	308.2	315.4	324	328.4	329.2	332.8	341.6	352.2	356.6	365.6	373.6	381.8	394	408.6	417	419.6	415.8	424.6	425.4	417	419	418.6	406.2	405	412	410.8	410	406.2	399.8	393.2	367.8	348	332	332.8	349.2	364.8	359.8	351	335.6	317.2	303.4	289.6	291.2	305.4	319.8	335	354.6	366.4	368.4	375.6	374.4	369.6	357.6	345.6	331.6	314.4	303.2	287.8	278.8	275.2	279	284.2	287.6	296.6	300.4	291.6	293.4	299.4	296.8	307.6	337.6	353.2	356	362.2	369.4	381.4	384.2	389.8	397	403.4	407.8	406.4	404	409.8	409.6	412.6	401	398.4	391.4	371	365.4	360.4	345.4	335.4	320	314	307.4	298.6	290.6	288.6	284	271.4	269	266.6	261.2	255.6	245.6	241.2	235.6	225.4	222	220.4	231	215.8	181.6	191.2	208.6	203.8	201.6	199.4	204.4	230.6	277.2	284.6	286.2	283.4	270.4	279.8	336.6	398.2	414.4	389	391.6	430.6	462.8	461.4	431.6	419	437	431.4	420	424.4	429.8	448.6	470.6	465.8	451.6	450.2	449.4
643	629	622.2	615	607.8	594.6	583.2	579	572	555.8	556.2	561	551.4	549.2	543	534.6	530.4	524.2	522.6	518.2	519.6	517.8	519	517.4	517.8	511.2	386.4	321	264	278.4	303.6	320.8	307.6	276.8	261.4	259.4	263.6	271.6	297.6	302.2	293.4	285.6	286.6	290	292.4	299	301.4	314.8	327.6	314.8	303	319.6	334	340.2	348.4	356.4	349	359.4	379.2	389.6	396.4	406.2	412.4	418	416.8	412	403.6	397.4	395.4	398.2	393	395.4	401.2	395.8	382.4	362.6	341	330.6	325	324.8	345.8	360.2	343.2	325.8	308	286.8	271.8	265.4	274.8	294.8	308.4	310.8	319.2	330.6	338.8	342.8	344.6	342	328.6	316	308	290.8	274.8	261.4	254.4	252.4	257.8	271.6	285.8	295.8	290.8	281.6	272	269.4	266.6	292.4	328.4	346.2	358.4	356.4	358.8	369.4	372.8	378.4	380.4	385.2	387.6	388	389.8	396	400.6	399.4	393.6	389	377	366.6	366.6	360.8	342.2	328.8	317	307	301.4	291.2	282.4	279.8	277.4	268.4	268	264.8	256.8	253	247.6	239	233	227.4	219	218.6	225.6	205	168.2	169	194.2	201	204	203	203.8	257	296.8	294.2	289.2	279.4	271.4	294.8	345.8	402.6	431.2	435.2	415.2	413.2	436	464	452.8	434.2	451.2	469	462.2	453	440.4	426.8	447.4	450.2	436.4	427.6	423.2
646.6	630	624.6	616.2	606	594.6	582.6	577.8	560	552.8	562.2	555.4	548.6	551.6	544.2	534.6	530.4	525.6	522.6	520.2	519	517.8	518.4	516.2	517.8	517.6	398.6	329.8	269.6	262.8	294.8	324.2	311.2	288.8	269.2	260.6	261.4	269.8	296.8	299.8	288.8	280.8	265	263.4	279	290.4	296	306.4	319.6	309.6	293.8	306.4	324.4	332	336.6	339.4	337	351.6	369.2	376.8	382.6	391.2	398.6	407.8	407.2	402.2	391.8	382.2	377.8	381.4	386.4	392.4	401.4	398	385.4	361.4	342.8	329.2	319	314.6	322.2	331.6	319.8	304.2	286	268.2	253.2	241	247.4	271	290.2	296.8	302.4	309.8	317.8	324	327.2	324.6	305.8	290.6	284.6	270.6	252.4	239.4	234.8	236.6	242.6	255.2	266.8	270.6	271.2	262.2	255.6	256.8	261.2	286.2	322	345	358.4	356.2	356.8	359	363.8	367.6	366	368	368.4	380.4	379	378.6	392	389.4	382.8	378.8	373.4	362.2	358.2	349.4	335.6	323.6	311.6	307.6	298.4	285.6	280.4	274.8	270.8	267	265.8	263.4	258.2	251.6	243.6	235.4	228.8	224.4	216.2	213.8	220	202	174.2	174	196.8	200.6	209.8	206.8	209.8	262.6	301.8	296.4	288.4	276.4	269	293.4	341.8	400	442.8	447.8	425.6	421	435.2	459.4	458	442.8	437.8	466.4	465.2	456.6	446.4	427.4	441.8	445.2	434.8	424.2	421
652.8	634.2	630.6	622.2	604.2	591	578.4	573.6	573	564.4	553.8	556.4	550.2	552.6	544.8	536.4	526.6	527.4	524.4	522	519	517.8	517.2	492.8	489.4	499.4	403.8	345	302.2	254.2	276	321.2	319.2	311.4	301	284.6	281.4	286.8	289.2	286	284.2	283	264	251.8	268.6	282.4	288	295.4	305.4	304.6	303.6	311.6	320.6	328.6	326.6	323.2	330	346.2	358.4	370.2	383.2	388.8	393.8	394	390.8	389.4	383.2	368.8	364.8	371.8	375.8	378.8	375.4	369	363.2	349.8	335.4	326	314	304.8	298.2	287.2	270.8	257.8	243.6	223.4	203	192.4	198.2	221.2	252.4	274.6	282	285	293.8	316	314.8	313.2	305.6	272.6	257.8	242.6	223	204.6	196.8	198	206.4	218.4	233.8	244	244.6	239	234.8	233.8	246.4	277	306.2	321.6	334.4	353.2	360.8	359	361.6	364.6	362.2	363.2	362.4	371	367.8	368.6	382.6	375.2	374.2	374.4	370.2	363	350.6	335	324.2	310.4	298.2	298.2	289	278.8	271.6	261.6	261.4	260	256.6	256.6	251.6	240.6	232.2	229.8	225	219	214.6	212.6	213.6	194	179	181	196.6	205.2	216.2	221	222.2	271.6	309	301	283.4	267.6	276.2	319.4	361.8	412.4	431.2	434.4	429	436	452.6	450.4	433.2	415.2	417.8	436	466.8	477	482.2	470	440.6	458.4	468.8	466.6	463.6
655.8	639.6	635.4	622.8	603.6	575.2	579.6	574.8	573	564.8	557.4	562.2	554.8	552	542.2	517.8	523.2	528	524.4	522.6	519.6	517.8	516	496.8	479.4	503.6	427.2	352.2	324.4	268.6	269.8	310	316.6	309.4	298.2	284.6	285.2	293	290.6	280.4	277	276.2	262.6	245	260.8	274.8	282.4	290	298.6	304.6	300.4	304.6	315.4	319.2	317.4	315.8	323.2	338.4	348.2	357.4	366.6	378.8	379.8	378.4	375	371	366.2	359.2	358	361.2	375.6	383.2	373.6	359.6	356.2	347	330	327	318.8	302.8	280.8	251.8	228.8	219	204.4	189.2	175.2	170.2	174.8	191.8	220.6	241.6	257.2	266.8	274.2	292.4	287.2	285.2	286.4	251.4	237	222.8	201.6	186	184.4	179.4	177.8	182.6	192.4	201.6	205.2	207.8	217.6	228.8	251.8	280.4	305.8	322.2	329.8	344	357.4	358	357.6	352.6	349.2	356.6	356.8	355.4	357.2	359.8	370.6	371.6	370.6	366.8	363	354.6	341.2	325	315	303.6	291.8	291	286	272.4	264.8	258.8	257.8	257	256.8	252.8	247	237.8	232.4	230.8	225.2	218.8	215.4	211.8	210.2	191.4	185.8	195.8	207.2	217.4	220.8	218.6	233.2	284.4	304.6	282.8	275.4	263.8	279.4	327.8	362.8	418.4	436	433.2	429.4	430	445.2	446.4	432	417.6	415	428.8	458.8	474.6	485	475.6	452.8	465	473.4	467.6	470
650.4	652.2	649.2	631.8	615	604.2	586.4	580.2	573	567.6	564.6	561.6	558.6	548.4	527.8	528.2	534.6	528.6	522.4	523.2	520.2	517.8	515.2	464.2	464.6	518.2	478.6	377.2	349.4	301.6	262.6	276.2	292.8	301.6	289	280.4	281.6	291	287.4	279.6	278.4	275.4	255.8	232.4	247	264.6	275.6	281.4	285.6	289.4	290.6	298.6	307.2	307.8	308.2	310.4	315.8	327.2	335.8	351.2	363.2	361	359	359.8	363.2	363.6	361.4	359.2	358.4	359.6	367.4	363.2	358.2	352.2	345.6	340.4	331.4	325	320.6	304	268.2	223.4	188	170.2	153.4	140	135.6	141.6	156.4	175.2	196.2	213	231	248.4	256	250.2	250.6	256	250.2	230.8	212.8	185	159.8	157.2	161.2	163.6	164.6	164.6	165.4	168.4	174.2	186	198.2	220.8	257.2	282.4	299.4	309.2	316.4	329.4	343.2	347.4	345.6	343.4	343.2	340.8	337.6	347.2	352.6	358	358.2	356.2	357.6	354.2	344.4	332.6	321.6	312.8	305.6	296.4	286	283.2	275.8	264	255.4	253.6	255.4	249.4	248.4	245.2	245.4	240	232.4	229	224.8	218.4	214.6	208.8	204	191.2	190.4	200.4	216.8	222.6	217.6	211.6	232	278	289.6	260.4	246	263	297.4	328.2	398.8	453.4	455.4	448.6	435.6	435.8	442.6	452.4	455.4	430	408.6	408	411.4	422	452	460.4	443	439.4	434.8	436	450.2
641.6	648.6	650.4	630.6	615	604.2	589.6	579.6	571.8	565	562.8	561	558.6	550.2	542	543	534.6	526.6	523.2	523.2	520.2	516.8	501.4	456.4	467.4	519	495.6	401	358	318.4	280.6	283	282	299.2	293	284.8	285.2	293	288	278.6	273.8	272.4	256.6	237	243.2	260.8	269.8	276.6	280	287	286	289.8	298.6	297.8	296.4	304.8	313.8	320.8	327	337.6	344.6	345.4	343.4	345.2	350	349	347.6	354	357.4	366.2	369.2	358.2	349.8	346.4	340.2	333	327	322.2	322.6	306	264	219.8	189.6	162.2	141.2	120.2	113.8	120.2	140.2	157.6	180	197.6	209.2	224.2	235.2	227.2	222.4	227.6	224	210.4	190.4	164	141.2	135.4	137.4	142.6	147.2	148.4	149.4	148.8	150.8	168	192.4	227.8	258.8	280	293.8	301.8	309.6	321.2	333.6	337.8	337.6	339.6	334.6	331.2	329.6	332.2	338	348.2	349.2	344.2	342	340	333.4	319	306.4	298.2	294.8	286.4	280.6	277.2	269.8	259	252.6	251.6	251.6	247.2	246.2	242.2	245	238.2	232.6	228.6	223.8	215.8	210.2	206.2	207.6	206.2	206.6	207	221.8	224.6	215.8	214.2	248	288.6	283.4	266.2	244.8	268	306	329.2	403.8	457.4	462.4	461.6	442.8	441	455	461.6	469	443	417.2	417.8	412.8	425.6	464.6	466.8	447	439.8	428.2	427.2	433.4
651.6	652.8	655.2	637.8	616.8	604.8	583.6	575.6	572.2	566	565.2	563.4	560.4	551.4	548.4	537.4	521.2	520.8	509.2	508	501.8	492	487.4	469	499	517.8	519	454.8	381.2	340.2	303.4	298.6	284	286.6	300	301.2	290.4	293.8	297.6	289.6	286.6	277.8	249	228.2	235	247.8	260	265	268.8	282	283.4	286.6	292.6	291	292.4	302.6	310	315.2	317.4	323	317.8	321.6	329.8	332	336.6	335.6	337.4	340.6	340.8	338.8	345.6	352.2	352.6	349.4	343.4	341	335.4	325.2	321.6	313.4	276.8	227.8	198.4	163.8	133.4	114.8	115	124.2	132.2	148.8	168.4	186	197.4	204.4	204.2	199.8	194.4	189.2	185.8	179.4	164.8	151.8	141.2	133	128.6	128.8	133.6	140.2	147.6	147	151.8	172.6	201.4	229.8	261.4	283	295.2	305.8	307.2	308	313.2	318.4	325	329.6	327	322.8	318.6	321.6	328.2	333	330.8	329	325	315.8	309.8	304	297	284.8	282.2	276.2	270.4	266.4	261.8	254.2	249.2	245.6	247	244.8	238	236.6	235.8	235.2	232.4	225	222.4	216.6	211.6	213	216.2	218.6	227.4	236.4	235.4	231.6	218	209	218	239.4	265	262	266.2	282.6	313	353.6	407.2	431.4	437.6	455.2	443.2	430.4	450.4	474.2	469.4	451	431.4	419.8	424.8	431	443.6	454.4	444	449.8	439	436.4	440.4
659.4	656.4	652.8	633.6	616.2	603	584.4	582	577.2	573	566.4	564.6	560.4	552	547.8	529	523.2	526.6	520.4	512.8	489.2	493.6	488.4	474.4	512.4	517.8	518.4	479.8	388.6	350.2	321.4	303	284	281	290.8	294.6	289.8	294.8	299.6	293.4	289	282.4	256.8	229.2	228.4	238.2	252.2	260.2	265.4	277.2	281.2	286	292	289	290.8	291.6	294.2	301.2	304	305.8	300.8	300.6	309.4	314.8	319.6	329.4	341.4	353.8	358.8	350	346.4	351.4	343	334.8	326.2	326	325.8	321.2	315.8	305.2	271.2	230.8	208.2	177.6	140.8	122	115.4	121.4	130.8	138.4	154	171.4	187.2	191	189.6	187	184.4	179.6	172.2	163.6	153.2	142.4	135.2	131.4	124.2	122.6	126	133	138.6	146	157	175	205.8	235.4	260.6	279	293.4	301	302.8	313	319.6	321.8	321.8	319	313.6	312	316	314.2	319.2	317.6	320	316.4	314.8	313	302.2	298	292.8	285.6	280	269.8	264.4	259.4	253.8	249.8	243.8	242.6	241.6	239.6	235	232	230.4	227.8	227.6	224.6	220.2	213.4	208	215.2	225.2	224.4	231	244.8	242	237.8	224.8	220.2	241	253.6	261.6	266.6	276.2	289.2	312.8	366.6	424.8	431.8	432.8	449.8	445	425.8	437.4	459.2	464	459.8	444.2	423	417.2	422.4	422.6	432.6	438.2	444.4	435.4	432.4	440.8
660.6	650.4	639	622.2	614.4	604.2	595.8	589.2	583.8	578.4	569.4	565.2	561	553.8	550.2	536.2	540	530.4	527.4	524.4	509	520.2	519	517.2	514.8	512.4	503.4	513.8	424.8	354	333	315	307.4	310.4	310.8	292	292.8	304	307.4	308.6	303	286.2	260.2	229.2	224.2	232	240	247.2	253.2	266.4	277	285.8	286	287	285.4	284	284.2	288	288.2	286.8	292	296.4	302.2	304.4	311.6	318.2	331	344	349	342.6	346.4	346.8	341	335.6	328.2	327.8	327	325.6	319.8	302.8	273.4	243.8	214	189.6	157	133.2	125.8	124.6	124.2	135	147.6	156.4	164.8	166	167.4	166.8	168.4	166.2	158.4	152	144.8	138.2	132.4	125.8	117.6	113.2	107.4	114.4	125.2	138	164.2	200.8	227	248.4	272.6	289.8	301.8	308.4	310.4	314.8	316.8	319.8	318	316.8	308.8	300.2	307	309.8	308.2	304.8	300.4	302.2	299	300.8	293	283.8	283.6	281.4	269.4	262.2	261.2	257.2	250.8	244.2	237.4	237	233	233.2	234	232.8	230	228.6	226.6	226.2	220	214.6	210.6	219	233.6	234.6	238.6	251.4	251.2	244.6	235.8	233.6	250.6	266.6	280.6	287.6	292.6	307	337	393	433.8	454.4	446.8	459.8	457.2	430.8	424.2	441.8	464.8	481.2	467	444.2	431.8	419.6	414	423.6	434.2	455.8	458.6	441	424.2
663	648	634.2	620.4	613.2	603.6	599.4	594.6	585.6	579	570	565.2	560.4	553.8	546.6	544.4	539.2	530.4	528	524.4	509	519.6	518.4	516	515.4	510.4	503	518.4	466	371.6	331.2	313	309.2	316.4	319.2	297.6	297.4	306.4	309.2	303.8	298.6	285	264.2	230.8	219.6	228.2	234.6	240.2	246.4	259.6	273	284.2	282.4	276.6	278	278.2	275	279.2	275.4	273.8	275.8	284.4	291.4	300.2	310.8	318.2	328	340	342.4	342.8	340.4	337.4	334.8	332.6	325.2	327.4	327	321	312	291.6	265.6	240.8	226	204.4	176	149	134	129.2	124.4	130.4	141	148.2	151	152	155.6	156.6	156.6	154.2	149.2	145.6	142.2	135.2	128	122.2	113.8	109.8	109.2	115	128.8	147.2	167.6	195.8	223.8	240.2	267.2	288	298.2	305.8	302.6	300.4	307.6	311	311.2	310	307.6	301.8	301.2	301.8	300.4	295.2	292	294	290	285.6	282.6	276.6	273.2	271.6	262.4	256.6	254.4	252.2	248	238.4	229.6	233.4	233.6	232.8	232.2	231.6	232.2	230.8	225.8	224.8	217.8	211.4	207	217.4	237	245.8	255	256.8	258.4	249.2	242.6	259.8	277.4	275.6	284	293.8	294.8	315	359.8	398	421.6	446.6	449	456	460.4	421	415	436.4	457.4	476.6	460.6	437.8	431.8	425.4	420	436.8	448.2	467.2	479.2	452.4	431.4
663	660.6	640.2	634.2	630.6	622.8	612.6	599.2	592.8	584.4	573	565	562.8	558.6	550.8	549.4	548.4	537.6	530.4	514.6	510.6	522	521.4	516.4	516	515.4	514.2	515.6	486	411.2	346.6	322.8	321	324.4	329	316.6	319	320.6	304.2	298.8	280.6	258.6	255.8	235.2	213.8	219	227	233.8	240	249.8	261.6	270	271.2	269.6	269.8	269.2	267.8	268	268.6	263.6	266	272.6	279.4	294.8	309	315.4	322	331.4	336	333.6	337.2	340	339.2	333.2	331.2	326.6	324.4	324.4	314.8	303	268.2	230.2	216.4	204.6	173.4	146.6	131.6	120.2	116	118.2	126.6	133.2	139.8	144.6	143.6	139.8	137.4	136.2	137.4	137.8	136.8	134.2	131	129.8	122.8	114.6	116.6	117.6	133	154	171.2	201.8	230	248.6	271.2	286.8	289.4	299	300.4	302.6	306.6	308.6	309.8	311.4	312.2	304.6	301	295.4	292.2	286.8	284.2	287.2	283.4	278.8	268.8	264.2	263.4	261.8	260.2	257.8	252.2	250.4	247.8	241	223.8	224	232.8	229.8	226.2	229.8	229.4	229.2	224.4	221.6	218.2	210.4	203.6	218.6	239.6	255	272	272.6	271.2	258.4	254.4	281.8	304.8	303.4	298.8	302	306.6	366.6	437.2	450.6	437.4	442.4	435.6	435	442	439.8	420	422.4	430.2	435.8	438.4	441.2	440.8	446.2	447.8	454.2	466.6	484.4	505	494.4	472
663	652.8	636	639.6	633	621	607.2	593.2	591.6	578.4	567	560.8	560.4	556.2	551.8	545.8	543.6	532.2	526.8	511.8	503	518.4	517.6	503.8	506.4	512.2	512	512.4	493.6	436.4	356.8	324	315.4	317.8	319.4	312.2	323	319.8	301.2	291.4	273.8	250	250.2	234	213	220	228.6	234	243.8	251.6	260.4	267.8	266.2	262.4	263.6	261.6	262	263.8	260.2	256.8	262.4	276.8	285.2	293	306.4	316	319	330.2	334	329	326	330.4	332.8	333.4	332	327.2	323.8	316.6	308.8	294	253.8	222.6	217	217.4	191.2	157.8	138.2	127.2	126	122.4	127	136.6	141.2	145.4	144.8	138.4	137	134	133.8	136	132.2	132.4	135	139.4	137	137.6	133	130.4	143.8	155.8	164.4	181.4	217.6	252	274	281.2	280.6	287.8	293	296.6	293.2	296.4	306.4	307.8	309.4	312.8	304	291.2	283	281	276.8	276.2	275	267.8	259.2	257	251	252.8	252.8	247.6	241.6	244.2	242.2	230.4	223.8	220	226.8	226.8	224	227.4	225.6	224.8	222.4	219.2	214.6	205.2	196.2	210.8	233.2	249.2	269.2	284.4	280.2	267.6	288.2	308.6	311.4	309.4	305.8	295.2	313	380.4	436.2	453.4	443.2	445	445.4	433.4	437.4	443.2	435.2	416.2	420	430.4	439.4	446.4	445.6	449	455	448.2	444.8	464	490	497.2	487
658	663	663	660	640.8	620.6	608.8	600	590.8	582	562.4	559.4	556.8	556.8	549.2	536.2	534.6	530.4	524.6	489.2	486.2	515.4	519.6	517	508.8	502.4	498.2	511.6	514	489.6	418.6	346.6	323.6	314.6	311.2	307	308	303.4	288.4	268	242.2	242.4	256.2	231	213.2	217.6	224.6	228.6	236	245.6	253.6	260.2	259.4	260.8	264.8	260	255.2	255.8	256.6	253.6	259.2	265.8	276.6	282.4	294	305.6	313	319.2	323.2	320.2	324.8	332.6	336.6	335.2	331	322.8	315.4	310.8	305.4	287.8	261.2	230.8	206.2	193.2	184.6	172.4	164.6	161.2	158.4	144.8	133.4	138.8	143.2	140	134.6	129.8	128	128	128	133	141	155.8	162.6	160.2	161	157.4	150.6	148	151.8	155.6	177	192.2	219.4	252.6	266.4	272.8	275.4	280.6	284.2	281	281.4	292.6	296.2	296.2	297.4	296	296.2	289	277.8	274.2	267.2	260	257.8	257.4	258	252.6	245.8	248	242.8	242.4	242.8	240.2	234.4	223.6	215.6	220	221.6	221.6	222	228.8	229.4	225.8	224	220	214.4	200	190.4	206	224.4	244.4	272.2	288	286.2	279	301.8	308.2	306.4	304.4	312	303.8	366.6	444.8	431.8	423	426.2	435.4	446.8	445.4	445.4	445.4	438.2	420	436	464.6	476.2	467	458.8	444.6	450.2	437.6	431.6	446	468.8	481.8	485.4
644	660	663	661.2	638.4	626.2	608.6	599.4	585.2	582.6	567.6	552.4	559.2	558.6	554.4	537.4	533.2	533.8	520.6	477.8	485	517.4	518.8	509.8	502	500.8	496	510.4	507	491.8	439.6	352.2	316.6	305.2	297	301.6	303.6	300.2	286.6	263.8	241.4	242.8	264.4	240.6	216	214.6	224	225.8	232.6	240.8	252.8	258	255.4	254.6	257.6	256.6	251	248	250.6	255.6	259.8	266.2	278.6	287.8	292.6	300.6	307.4	312	315.6	319.8	326.8	332.4	332.8	328.2	326.6	325.6	319.8	309.2	306	289.8	263.8	240.8	219	203.2	197.8	187.2	178.8	173.2	172.6	160.2	149.4	146	147.6	145.6	139.4	134.6	128.8	132	137.2	143	152.2	167	176.2	178	177.4	172.6	169	163.6	164	162.8	179.6	200	213.2	242.6	259.4	266	269.4	275.2	280.2	276.6	277.8	286.6	293.4	293.4	289.4	286.8	291.4	289.8	279.6	274.2	267.8	252.8	247.6	249.4	248.4	243.8	240.8	238.8	236.4	236	235.4	232.4	226.2	222.4	217.8	219.6	218.8	220.6	221	224.6	227.4	226.6	221.2	218.8	214.2	206.4	190	198.2	217.4	247.8	280.8	287.6	286.2	303.4	313.8	302.8	296.4	301.2	312	314.8	378.4	448.8	437	415.4	412.4	428.2	446.4	447.4	455.4	466.8	459	431.4	439.4	471.6	487.2	471.4	459.2	436.8	438.2	434.2	429.8	446.6	464	474.2	476.6
659	663	660.6	650.4	630.8	618	604.6	601	572	560.4	568	562.8	567	563.4	558	549.6	551.4	532.2	487.8	481.2	512.8	522.6	519.6	516	512.2	515.4	513.6	514.2	484	491.8	462.2	382.2	314.4	289.4	279.6	279.6	284	281.4	268.8	248.8	271.6	329	294.6	243.6	217.6	207.6	213	218.6	227.6	233.8	247	250	249	250	252.8	251	245	239.2	239.8	251.4	263.2	269	277.2	284.4	289.6	294	298	301.4	308.2	313.8	308.6	310.2	309.4	300.6	297.6	291.6	285	283	281.4	269.8	257.2	242.2	220.2	195.2	186.4	188	188.6	186	177.2	170	170.2	171.4	165.8	167	165.4	159.6	150.4	154	159.2	162.4	175.8	188	192	191.8	188	181.4	183	189	195.2	192.8	195.8	204.4	211.6	225.2	238.4	248.6	255.4	262.2	266.6	264	259	265.4	270.4	271.4	271.6	275	279	284	283.4	277	267.4	256.2	249	243.8	237.8	239.4	240.2	238.4	236.6	232.8	226.6	222.8	220.8	223	219.8	219.2	218.4	219.6	222	223.2	223.2	214.4	216.6	219.2	218.6	256.4	248.8	206.8	206.8	237.4	265.8	277.2	281.2	299.8	302.8	293.8	291.6	301.4	307.6	349	415	444.2	449.4	441.8	437.6	453.2	443.6	436.2	453.6	479.8	489	470.4	453.8	454.6	463.8	469.8	479.4	475.4	464.2	456.8	438	446.4	465	478.8	470.8
663	663	654.6	653.4	635.8	611.8	587.2	594.2	570.8	559	574.8	569.4	566.4	564.6	560.4	553.8	550.2	517.2	488.6	492.8	516.8	522.6	519.6	519.6	518.4	515.4	514.2	514.8	497	505.4	489.8	427.4	350.2	292	265.2	270.8	281.6	275.2	264.8	255.8	287.4	337	312.2	254	218.2	206.6	209.4	211.8	227	232	242.6	249.4	245.8	241.2	246.4	247.2	240.6	238.2	246	253.4	262	267.4	271.2	276.2	281.6	288	290.4	298	305.6	308.8	310.2	306.2	299.2	294.2	291	289	287.8	278.6	274.8	268	261.4	248.8	231	202.6	192.2	190.2	191.6	191	181.6	177.6	182.4	180	177.8	182.4	179.2	174	166	165.2	170.2	178	189	203.6	202.2	197.2	195.4	190.2	194.6	201.8	203.8	205	200.6	207.8	216	224.6	234	244.8	254.6	258.8	256.4	254.6	245.2	248.4	256.6	258.2	260	261.2	268.2	274.6	274.2	273.4	265.2	256.8	245.8	237.6	232.4	233.4	232.4	229	233	232.8	227.6	222.2	219.4	218	216.2	214.8	216.6	217.4	220	220	217.6	210.4	211.2	219.2	218.8	262.6	311.6	262.2	224.6	248.2	257.2	269.2	287.8	303.6	298.8	291	295.6	299.6	306.8	364	416.6	440.8	452.2	445.6	458	463.2	441.2	428.8	437.8	455.2	476	474.6	461.4	457.6	456.8	462.2	483.2	488.8	481.2	474	448.6	451.8	477.4	490.2	481.2
663	663	663	644.8	639	639.6	617.2	614.2	609	591.2	582.6	573	571.2	569.4	563.4	540.4	508.8	507.4	514	523.8	523.2	523.2	521.4	507.6	495.6	511.2	514.2	513	502.8	510	507.2	458.8	385.4	299.4	249	254	275.8	294.2	322.6	371	394.2	386.8	330	264	221.2	204.2	205.6	209	222	229.8	238.4	241	239.8	235.6	237	239	238.2	240	248.6	252.6	258	262.6	266.2	275.4	284.2	292.6	294.6	292.4	293.6	294.6	292.6	280.6	259.2	269.4	272.4	265.2	262	259.4	261.8	250.6	238.2	236.2	225.6	212.4	207.6	205	209.8	199	183.4	187.4	195	196.6	196.6	199.4	198.2	190.4	184.4	181	189.6	198.6	211	220.8	214.8	208.8	208	207.2	209.8	209.6	213	211.8	211.4	216.6	222.6	229.8	230.4	232.8	235.8	229.6	228.6	233.2	230.6	230.8	239	233.8	233.6	233	245.8	259	265.8	264.6	259.4	248.2	238	228.2	225.6	228.8	230.6	226.2	221.6	223.8	220.6	217.4	219.2	215.6	211	212	211.4	215.4	215	209.6	207.6	211.6	216.8	218.8	236.8	286.2	337	339.2	290.2	265.8	249.6	252.2	272.4	290.6	288	287.8	287.8	303.2	348	428.6	461.6	469.2	485.4	447	440.4	458.2	445.6	426.6	425.8	429.8	448	457.4	454.6	442.4	441.6	428.2	442.8	453	452	469.8	468	463	488.8	504	504.2
663	663	663	643.8	646.2	648	629.2	610.4	606.6	589.6	585.6	576	573.6	569.4	565.2	535	509.8	517.4	523.8	524.4	523.2	522.6	521.4	496.6	504.2	518.4	515.4	514.2	499.4	502	505.8	476.4	410.8	304.4	249.6	261.6	304.8	320.4	350	395.8	402.4	403.2	371.8	288.8	234.6	218	212.8	215	225.6	230.8	234.2	241.8	241.6	236.8	235.2	237	243.2	249.4	254.4	255.6	258.2	256.8	254.6	261.6	277.4	288.2	289.2	286.8	294.2	297	292.8	278.8	261	263.2	270.8	263.6	262	258.2	255.6	251.2	243.2	236.2	231.2	223	220.6	217.2	220.8	217.2	206.6	200.4	205.4	209.8	208.6	218.4	221.8	208.8	200.8	198.6	204.6	222.4	229.6	238	235.6	224.2	222.6	218	216.8	215.4	218.2	220.6	218.4	219.4	221.6	227.6	230.4	229.8	226.8	226	228.2	228.4	226	224.4	226.6	227.2	223.2	221.6	228.6	242.8	260.4	265.8	261	251.8	246.6	237.6	228.6	224.2	224.4	225.6	221.6	224.8	220.6	216.8	217.4	217.8	214	209.6	211	209	211.6	210.4	206.4	213.2	215.2	218.2	239	281	313	333.4	329.6	300.8	262.4	248.6	276.2	286.8	285.6	286.2	285.6	312.8	364.6	429.8	463.8	468.2	478.2	443.2	425.6	451.6	452.6	432.4	437.8	438	444.2	450.8	450.8	436.6	428	421.2	428.4	438	441.6	473	486.8	478	497.4	505.6	499.8
658	657	655	628.8	654.6	657	626	598.6	604	603.6	595.2	579.6	571.2	567.6	566.4	559.8	558	552.6	541.8	529.8	523.2	522.6	517	500.6	519.4	519	513.4	500.8	506.2	513.6	506.2	505.6	498	440.4	405	396.8	420.4	392.2	411	416	410.8	404.2	388	292.6	247.6	226.8	211	213	223	231	229.8	239.6	244	238.8	239.8	235.8	239.4	249	249.2	251.6	254.4	252.4	255.2	258.6	269.6	285.2	284.6	280	278.6	271.6	261.2	255.4	250	251	254.4	251.4	245	243.8	242.8	233.8	221.2	220.8	224.2	229.8	226.4	223.2	230.4	230	231	220.4	214	219.2	222.6	228.6	229.6	223.4	207.8	200	210.4	222.6	236.6	248	240.6	234.2	230.8	224.2	222.6	220.8	219.8	219.2	218	227.2	226.2	219.6	223.4	220.4	222.6	224.2	221.2	216.6	214.2	216.8	218.4	217.8	215.6	218	220.2	227	239.6	250.6	260.4	261.4	259	247.6	233.6	225.2	220.4	221.8	219.8	224.4	223	217.2	214.2	218	216.4	214.4	207.4	207.8	207.8	208.2	211	212	213.6	220	268.8	315.6	317.8	328.4	336.6	356.2	351	333	342.8	345.4	338.8	329.8	350	409.4	435.8	430	442	434.4	436.8	440.8	429.6	418.6	438.4	440.4	450.8	446.2	432.2	429	437.6	431	424.8	435	435.4	434.4	435.6	469	479.6	477.4	501.6	512	504.6
663	658.2	651.6	637	657.6	660	619.8	599.4	602.8	605.4	596.4	577.8	570.6	567	567	561	558	552.6	543.6	530.4	523.8	523.2	509	498.6	514	519	515.4	509	510.6	514.8	511.4	507.6	469.2	429.4	412.4	396.6	415.6	388.4	409.6	414.2	411.4	403.6	394.6	317.6	257.2	238.4	219.6	215.8	222.2	228.4	229.6	235.8	242.2	243.4	243.2	244.2	254.6	258.8	258.2	255.6	255.4	251.4	248.2	252.2	262	276.8	280.6	279.2	278.8	266.2	252.2	245	238	241.6	246.4	241.8	238	233.8	233.4	225.6	207	203.8	210.6	214.2	215.8	209.8	215.4	226	226.6	222.4	218.6	226.4	236	243.6	251.4	248	233.4	223.2	224.8	232	240	246.4	241.2	234.8	228.2	219.6	224.4	222.2	222.6	223.4	215.8	222.4	229.2	219.8	217.8	217.6	218	223.4	217.2	214.2	213.8	210	212.2	212.4	210.4	212.8	219.6	223	232.8	247.8	256.4	262	263.2	256.2	241.8	226.8	222.8	224.8	224.8	225.4	226	221.6	220	218.8	213.6	215.4	210.8	207.4	208.2	205.4	209.2	212.6	213.6	221.8	277	327.6	332	342.2	337	344.8	375.4	414	391.4	369.4	361.8	361.8	392	435.6	445.8	429.8	439	442	438	446.8	437.8	409.2	423.8	436.4	445.4	446	428.6	422	434.2	424.8	422.4	441.8	442.8	433.4	415.6	438.8	463	476	509.8	521	523.4
660.2	660.6	663	663	663	656.4	642.6	629.4	618.6	607.8	592.2	577.8	574.8	569.2	569.8	553.4	544.2	555.6	547.2	534	524.4	518.2	490.6	508.8	512	514.6	516	514.2	513.6	513	515.4	507.8	463	434.8	429.4	415	417.2	420.6	414.2	411.8	412.6	405.6	394.4	311.6	259.6	245.6	225.8	217.6	218.4	223	225.2	232.6	242.4	246.8	242.6	245.4	259.2	268	264	259.8	258.6	257.4	252.8	247.2	252	260.8	264.6	257.4	247.6	233.6	225.2	219.8	220.8	226.2	228.2	226	223.4	219.4	213.8	205.8	194.2	193	203.6	204.8	200.4	204.6	210.2	213	215.8	215.4	219.8	232.2	246.2	254.2	260.4	253.2	239.4	231	232.4	230.2	233.6	243	236	231.4	228.4	225	225.8	222.4	223.6	219.2	214.8	218.8	222.4	220	217.6	210.8	207	217.2	214.6	205.8	199.2	201.2	204.2	202.6	200	200.6	203.4	212.4	221.2	235.6	245	257.2	257.8	248.4	241.6	228.6	224.4	226.8	224.6	222.2	221.8	224.8	222.8	217.4	217.6	215	213	211	206.4	208	212.4	214.4	217.8	231.6	309.4	358.4	361.4	374.6	363	345.4	354.4	390.8	383.6	380	413.2	435.6	428	425.8	470.8	466.6	447.2	459.4	456.8	460.2	464.4	438.2	423.8	441.6	443.8	450	440	447.6	466.4	466	459	470.6	471	444.2	415.6	438.6	458.6	470	506.4	517.2	513.8
663	663	663	663	663	655.2	642.6	628.8	620.4	608.4	592.8	582	577.8	575.4	573	550.8	554.8	555.6	547.8	536.4	525.6	519.6	509.2	517.8	517.2	516	517.2	514.2	513.6	513	514.2	488.6	446.6	432.8	430.4	427.8	424.8	423.4	411.4	410	409.4	406.2	398.2	340.6	266.8	257.8	245.6	224	220	224.6	226	237.4	248.6	255	255	261	269.6	276.8	268.2	263	260.4	256.4	252.8	247.8	246.2	253	255.4	244.4	229.2	215	203.8	198	203.8	213	210	205.8	204.8	205	200.8	194.8	183.6	183.2	193.8	196.8	191.8	194.6	201.2	197.6	194.6	199.8	202.6	207.6	220.4	230.2	237.4	228.2	218.6	211.8	209.6	210.6	208.2	212.6	213.6	211.6	210	207.6	209.2	207.4	208.6	205	202.2	206.8	210.8	208	205	207.6	205.2	207.6	212.2	200.8	195.6	195.8	196.6	196.8	195.6	194.6	192.2	198.6	210.6	225.2	239.4	253.2	260	257.6	251.6	239.4	229.4	228.6	230.2	230.8	226.6	222.8	223.2	218.2	213.4	216.4	212.6	209.6	206.4	210	212	214.6	220.6	233	310	362.6	376.8	382.4	384.4	393.2	389.8	393.2	384.2	382.8	423	446.6	433.4	428	461	460	436.8	440.8	442	457.4	468.6	457.8	430	444.2	444.6	444	447	458.6	482.4	472.2	460.6	481.6	482.8	457.8	429.2	442	463	483.8	506.2	503.8	498.6
653	663	663	663	663	663	651.6	637.8	622.8	607.2	597	591.6	585.6	579	573	566.4	560.4	556.8	553.8	544.8	529.8	520.8	522.6	521.4	518.4	517.8	517.8	514.8	513.6	513	513	481	444	432.8	419.2	433.2	449	452.6	402	393.2	408	408.2	400.2	319.8	270.6	259.4	240.8	223.4	222	221.8	221	231	243.8	253.4	258.8	266.6	273.6	277	271.2	265.6	261	257	253.2	246.6	245.8	242.8	233.4	211.4	193.4	188.6	180.4	185	196.2	192.4	190.8	187.4	188.4	186.4	180.4	176.4	178.2	178.8	183.8	186.2	186.6	191	200.4	196.4	183.8	184.2	190.2	206.2	222.8	221	226	220.4	212.4	204.6	201.4	196.4	186.2	189.8	193.8	198.2	198.8	201	202.4	206	202.6	197.2	191.6	196.4	203	204.8	199.2	192.8	198.6	203.8	202.2	197.6	195.4	187.6	186.4	190.6	191.6	189.8	183.2	188	198	210	229.4	244.8	255.4	257.6	254.4	249.6	235.4	227.4	233.6	231.8	224.6	224	220.2	212.8	212.4	213	212.8	205.2	204.8	205.6	207.2	211.8	219	242	312	350.2	366.2	350.4	378	414.6	402	392.6	405.8	413	430.6	452	442	417.6	412.4	427.6	439.8	459.2	448.2	444.8	451.2	455.8	436.4	426	437.8	444	451.6	459.8	468.4	447.6	434.2	463.2	470.2	452.6	441.8	440.4	466.8	505.6	529.8	525.8	485.2
656	663	663	663	663	663	663	649.2	631.8	615	603.6	595.8	590.4	583.2	577.2	570	562.2	554.6	558.6	552.6	540	526.8	523.2	518.6	519.6	517.2	517.2	517.2	514.8	513	490.6	455.4	446.4	438.6	453.6	446.6	437.8	452.2	404.6	398.8	407.8	406	396.8	333.6	277.6	262	255.2	240	230.8	222.8	223	231	243	260.6	270.2	271	273	270.8	269.6	264	260.2	254	246.6	243.2	237.2	228.2	214.8	193.6	179.2	171.6	167.2	168.8	179.6	177.4	175.8	176.6	176.8	176.4	168.6	162	165	166.2	168	174.8	180.4	179.6	178.2	180.6	170.6	163.6	170.2	183.2	195.2	198.4	198.4	201.8	193.2	186.2	180.2	175.8	173.2	175.4	176.4	183	184.4	185	187.4	189.8	188.8	186.4	183.4	182.4	183	184.6	183.8	183	185	191.2	192.2	189.6	186.6	177.2	174.2	177.2	181	183.2	181.2	185.8	196.4	203.2	222	245.8	258	258	258	250.4	243.2	237.8	238	238	233	226.4	218.4	212.8	211.4	210.8	208.4	204.4	206	206.4	209.6	212.8	219.6	243.8	322	375.8	385.2	363.2	396.2	426.2	418.2	407	417.2	428	431.2	451	447	420.6	423	440	459	480.4	468.8	439.2	434.2	442.8	426.6	420.4	441	448.2	456.2	460.2	467.2	453	436.2	448	454	446.6	439.2	443.6	460.2	484.8	519	533.2	503
663	663	663	663	663	663	656.6	637.2	623.4	617.4	612	603.6	591	583.8	577.2	567	552.8	551.4	561.6	555.6	540	526.8	513	504.6	515.6	517.2	517.8	516	514.8	513.6	487.4	454.6	446.2	449.6	485	472	436.4	450	437.8	447.6	450.2	428.6	399.2	345.4	282.2	264.2	255.2	254	242	230.8	228.8	237.2	245.8	262	274.2	278	275.6	273.8	270.6	269.2	270	259.4	244.6	242.4	229.4	209.6	189.4	179.8	168	157.8	159	161	167.2	166.2	164.4	174	174.6	168	164.8	161.4	161	162.4	163.8	176.8	180.4	171	163.8	161.8	162.2	170.4	177	179.4	186.8	184.4	186.4	184.8	176.6	173.4	171	166.8	165	170.2	174.2	174.8	171.4	170	170.2	176.8	176.6	178	181.2	180	177.8	182.2	181.2	179.8	177.2	181.6	181.8	184.4	180.8	170.8	161.8	166.2	174.8	172.2	175.2	183.8	191.8	204.8	218	235.6	245.8	247.8	250.2	245.8	241.4	241	242.2	235.4	229.4	228.2	222.2	219.4	218	212.6	205.2	202.6	202	207	210.6	214	216.2	254.6	342.8	395.6	408.2	398.4	406.2	429.4	439.6	442	441.6	440.6	422.4	425	439.8	447.8	455.4	460	466.2	470.2	467.6	454.2	434.8	431.2	416	419	459	448.6	447.6	465.8	464.2	464.6	463.2	451	443.4	459.6	475	477.2	507	547.2	554.4	563	537.4
663	663	663	663	663	659.4	654.2	629.8	619.4	619.2	615	604.2	591	582	577.2	570.6	561	562.6	563.4	555.6	541.8	528	519.2	519	519.6	517.8	517.2	516	513.6	513.6	499	469.4	459.6	498.6	511.8	477	441.4	453	451.4	455.4	466.2	438.4	404.4	376.2	303	267.4	258.4	259.6	268	243.6	234	239.8	247.4	256.6	269.2	274.2	276.4	274.6	272.4	270	267.6	254.8	242.8	245	237.4	219.2	198.4	185.6	170	159	156	157.4	159.6	159.2	155.8	169.8	175	166.4	170.6	170.6	169.8	169	173.8	188.4	189.8	176.8	164.6	163.6	170.8	179.8	188.6	191.4	193.2	193.2	190.2	183.4	179	177.8	175.6	171.2	167.4	170.2	173.6	173.8	171.4	168	169.2	173.4	173	172.2	176.2	175	173	174.6	174.2	173.8	166.6	169.8	168	164.6	161.8	153.8	148	153	160.4	167	172.6	176.6	187.4	201	216.4	227	238.2	244.4	248.8	251.2	249.8	245.8	247	239	228	227	225.2	220.6	218	213.6	206	204	203.4	205.4	208.2	210.6	214.4	263.6	352.4	391.4	414.2	441.4	433.6	441.6	453.6	448.4	444.8	435.2	418.2	410.8	427.6	441.2	451	453.4	462.8	457.8	456.6	445.4	434.8	436	420.8	424.2	454.2	441.2	430.4	452.4	453.2	463.2	478.2	467.4	449.6	460.6	481.2	494	518.8	558	572	583.2	556.2
663	663	663	663	663	663	649	634.8	634.8	620.4	613.2	602.4	589.4	583	584.4	581.4	571.2	570	566.4	556.8	546	532.8	526.2	524.4	522	518.4	517.2	517.2	513.8	498.2	493.2	463	471.2	502.8	489.2	471.2	445.4	455	467	466.2	456.6	452.2	433.8	400	303.6	270.4	258.4	258.4	267.6	251	237.2	236.6	243.4	251.8	263.8	273	275	271.4	274.4	272.6	263.4	251.2	243	242	234.6	212.6	195.2	182.2	158.8	149.8	151.2	158.8	149.6	146.6	150.6	160.8	163.8	167.8	174.2	172.6	175	180.4	188.4	195.2	181.8	179	171.4	166	171.2	185	192.8	195.6	192.8	190.8	192.6	186.8	181.8	184.4	185	184.4	174	180.2	185.6	184.2	178.8	169.8	173	175.2	169.6	170.6	176.4	180.4	177	175.4	174.2	171.2	163.4	157.8	153	149.6	146.6	139.2	138	140.2	145.4	158.8	167.6	172.8	184.2	202	223.4	233.8	243.4	246.6	250.2	249.2	256	254.6	248.6	242.2	233	229.4	226.6	223.8	219	214.8	207.8	206.4	206.6	205.6	207	211.6	224	289.8	357.2	373.2	399.2	431.8	438.4	444	442.4	428.8	425	446.4	451.6	438.6	430.8	431	428.6	421.8	420	432	451.6	457.8	450.8	454	445.6	434.6	429	426.6	415.8	429	435.4	436	477.2	503	493.4	489.6	509.8	542.2	562.4	582.8	606.4	613.6	600.8
663	663	651	663	663	662.2	647	644.4	639.6	622.2	613.8	610.2	598.8	588	586.2	581.4	571.2	568.8	566.4	557.4	547.8	535.8	528	525.6	522.6	519.6	518.4	515.6	497.6	501.6	498.4	482.6	512.2	513.6	488	482	455.8	452.2	466.2	449.8	456.2	455	420.2	403.4	321.8	270.2	257.8	254.2	264.4	260	241.4	238.2	245.8	255.4	264.8	272.4	272.8	271	274	270.2	261.2	251.4	246.2	248.2	247.4	233	217	201.8	180.2	162.6	153.4	153.6	151	143.4	150.6	159.2	160	167.2	176.4	178	183	190	192.2	197.6	192	187.4	182.2	175.8	186.6	200.4	206.6	206.8	208.8	214.2	210.2	202.2	201	206.6	209	205	194.6	196.6	199.8	193.4	183.4	180.8	182.2	179.2	174.6	169.4	176.4	179	178.2	175.8	170.6	163.6	153.8	147	141	141	137.4	130.8	128.4	134.2	139.8	152.2	158.6	163	172.4	187.4	210.4	230	238.6	242.4	246.6	251.4	260.6	263.4	249	241.8	232.8	223.6	221	220.4	214	210.2	208.2	204.8	208	206.8	206.2	213.4	229.2	306.8	383.8	392.6	410.8	436.6	456.2	437	431.2	419.2	433	461.8	468.8	460.6	445.8	436.6	433.2	420.4	420.8	430.8	447	459	464	464.6	459.6	446.2	435.6	432	439.6	442.6	443.4	435.8	462.4	501	504.6	498.2	508.4	555.2	573	583.4	614.2	617	612
663	663	646	663	663	661.8	663	659.2	648.6	634.8	630	622.2	609.6	599.4	589.2	580.2	571.2	567.6	571.2	563.4	552.6	531.8	532.8	526.8	523.8	521.4	518.4	498	496.4	514.2	501.4	499	499	503.6	504	492.8	461.4	453	455.8	433	442.2	463.8	437.4	401.2	321.4	260.4	249.2	247.8	251	255.6	243.4	236	241.2	255.6	267	273.2	276	275.8	273.4	267.6	262.2	253.2	247.4	244.8	240.8	230.4	219.6	194.6	181.6	169.2	162.6	157.4	145.4	141.4	152	151.2	152.4	154.8	165.6	172.8	172	170.4	172.4	177.2	171.2	169.2	165.8	159.6	170.2	183.8	187.2	192.4	196.6	204.8	204.6	201.4	195.8	202.4	209.4	207.4	200	200.8	196	186.8	173.8	172	174	170.8	166.4	163.4	159.6	160.4	162.2	164.2	156.6	150	143.6	135	129	125.4	124.6	124.2	126.6	128.8	138.6	148.6	153	159	173	196.4	221.8	235.6	239.2	241.8	243.4	246.2	257.4	258.6	250.2	240.6	230.2	224	218.2	215.2	216.2	209.8	204.8	206.8	208.4	205	204.8	215	226.2	290.4	359	383	399.2	431.6	436.4	433	420.8	421.4	443.4	445.8	458	463.8	458	449.6	467.6	483.6	493.6	474	453.6	447.6	462.2	491	507.8	518.4	495.8	478	475.2	482	499.8	500	499.4	490	465.6	474.8	528.4	584.6	585	577	607	647	639
663	663	650	663	663	663	657	661	655.8	642.6	631.2	621.6	612.6	601.8	592.2	583.2	574.8	573	569.2	565.8	553.8	531.6	534.6	526.8	524.4	522	519	505.2	510.4	514.2	514.2	513	496.6	513.6	511	487.2	467	471	460.4	427.4	436.8	460.2	448.6	409.8	344.8	268.6	252.4	249	253	258.4	264.2	250.8	244.4	259.6	265	268.8	271	271.8	268.4	263.2	265.2	255.2	247.6	246.6	242.4	234	220	204.6	192.6	186.4	180.4	174	160.4	151	153.6	148	142.2	145.2	152	161.6	155.6	145.4	154.2	162.4	158	155.2	148.8	146	169.6	181.6	183.4	197.8	205.6	208.6	208.2	202.6	198.8	201	202.6	200	196.2	196.4	193.6	177.6	158.6	161.8	165	162	157	149.6	144.6	148	146.2	146.8	143.2	139	137.4	131.2	126.6	127.8	130.8	139.2	147	150.2	155.2	157	160.4	164.4	169.4	190.6	216	233.6	240.4	241	246.8	250.6	259.4	258.6	248.4	236.2	228	221	213	213.6	216	210.8	204.2	207.4	210.8	206.2	208.2	216.6	247.2	316.4	351.2	380.6	403.8	425.2	437	433.4	426.4	426	448.8	449.4	451	465	452.2	445.8	470	483.6	501	491.2	459.8	444.8	456.4	488.4	510.8	520	504.2	486.2	499.2	511.4	526.6	536.6	530.2	504	461.4	481.8	541.6	593	587	572.4	597	646	636
657	658	638	642	663	663	658	663	663	660	646	634.8	625.2	616.2	589.6	577.6	581.4	577.8	571.2	564.4	550.6	553.2	541.2	523.6	523.2	515.6	519.6	517.2	515.4	514.8	514.8	513.6	513.6	513	497.2	478.2	477.2	489	487.8	466.6	460.8	459.4	456.6	424	346.6	271.4	255	246	246.6	253.8	264	251	243.8	260.8	266.6	270.6	274.2	272.4	269.6	264.4	257.6	251.4	246.8	245.6	238.6	232.2	222.6	208	197.4	187.4	183.6	177	167.2	156.6	154.4	153.6	154.6	152	153.2	159.2	153.8	146.4	148.6	152.8	151.8	146.2	140	145.8	169.2	187.2	190.6	197	208.2	211.6	208.6	190.8	181	192	188.2	187	181.6	177.4	172	151.2	122.8	122.2	129.4	133	138.6	130.8	127.2	136	134.8	125.4	123	124.6	125	125.8	124.2	125.6	131	138	146	152	154.8	157.6	167.6	172	179.4	193.6	215.6	238.2	248.6	252.6	251.4	251.2	257.8	258.2	248.2	237.4	228.8	219.6	213.4	212.6	211.6	206.6	205.2	208.4	209.2	207.6	213.8	220.4	291.8	391.6	398.6	406.6	417.8	428.8	452.8	460.4	462.6	442	438.6	456	444.8	466.2	472.8	433.4	435	449.2	464.6	490.4	472.8	458.4	447.2	451	468.4	495	507.8	518.6	568.4	603	596.2	604	597	583.4	556.8	574	586.6	600	597	575	577	591	607
642	654	647	651	663	663	663	663	663	661.8	646.2	638.4	627.6	618	590.8	584.8	585.6	576	570.6	569.4	564.6	555.6	536	509.4	516	522.6	519.6	517.8	516	514.8	515.4	514.2	509.6	513	488.8	491.8	510.2	511.8	510.2	474.6	461.8	455.4	448.2	427.4	364.2	279.4	255.8	248.6	250	253.4	263.4	263.6	250.2	255.2	265	270	273.8	273.8	270.2	268.6	260.2	252.6	252	250.2	246	239.8	228.8	216	202.6	197	189.8	182.4	178	168	168.6	171.6	173.2	171.2	169.8	167.2	160.4	163.2	163.6	150	143	133	126	139.4	152	166.4	165.2	160.4	164	167.8	166.4	155.4	155.8	164.6	164.2	160.4	154.8	150.2	140.2	121.4	107	103	101.2	107.8	116.6	126.4	129.2	134.2	136.2	134.2	134.8	141.2	146.4	148.8	146.2	148.6	155.8	159.6	162.6	166.6	169.6	173.6	183.6	186.6	192.2	209.2	225.2	242	253	257.8	258	257.2	255.6	251	241.8	231.2	225.2	216.4	213.6	212.4	213.2	208.6	207.4	208.4	211.4	213.2	220.4	231	316	402.2	415.4	451	438	433	456	461	461.8	450	440.8	452.4	437.2	455.4	478	437.4	427	437.4	440	475.2	477.4	475.4	464.6	461.2	472.6	512	533.4	548.2	596	629	611	601	594	593.8	588.6	596.6	591.8	605	601	580	581	588.4	603
660	663	663	663	663	663	663	663	663	663	647.4	644.4	635.4	625.8	612	599.4	592.2	579.6	568.8	568.8	567	557	552	539.2	526.4	523.8	521.4	519	516.4	495.8	512.8	515.4	514.8	513.6	511	504.6	513.6	513.6	511.8	485	463.8	429.6	439.2	453	375	284.4	256.2	250	247.8	250.8	258.8	261.6	252.2	247.8	263	270.4	274	271.8	265.6	261.6	260	253.4	248.2	247.8	245.2	235.6	224.4	218.4	212.6	208.6	201.2	187.8	181	181.4	188.6	192	194.6	198.6	197	193	190.6	190.4	176.4	162.8	157.4	157	165.2	174.4	184.8	191.4	183.8	163.8	156.2	150.8	147.4	142.6	146.4	160	160.6	150.4	140.8	131.8	129	128.8	125.6	124.4	113.8	115.2	117.8	118.8	121.6	127.6	133.6	135.4	140.8	146.2	148.8	149.4	147.6	147.6	151.2	149.8	151.6	154.6	160	168.2	179.6	191.8	205.2	220.6	237.8	250.6	258	266	261.6	259.8	257.4	247.8	238.6	230.6	220.4	214.6	213.6	213	212.8	208.2	205.2	204.8	212.4	214.6	215.4	240.4	321.8	376.2	376.2	421.6	445.2	445.4	466.2	473.8	467.8	473	456	442.2	417.8	416.4	433.2	433	431.6	445.2	465.6	494.6	501.8	518.6	574.6	586.4	572.6	603.4	639	632	630	622	616.2	617	602	605	615	621	616	611	608	610	612	609	612
663	663	663	663	663	663	663	663	663	663	644.4	645	636	626.4	613.2	603.6	594.6	582.6	569.4	564.6	565.6	561	555.6	546	531	524.4	521.4	518.4	517.8	510.4	507.4	515.4	514.2	511.8	511.2	510.6	513	514.2	513	497.8	464.4	444.8	434.8	444.2	433	356.6	275.4	257.2	250.8	253	259.6	257.2	254.6	257	263	269.8	270.8	269	261.4	259.4	257.8	253.2	245.8	252.2	250.2	243.8	237.4	230	229	222.4	213.6	201	193	189.4	192.4	194.8	198.4	199.8	199.8	199	197.8	199.2	196.8	185.8	177.6	177.6	188.6	194.8	203.6	202.4	195	188.6	174.6	168.8	161.8	157.6	161	168.4	169	163.4	157	154.6	152.8	148.8	154.6	151.4	144.8	134.4	133.2	139.8	138	137.2	141.2	142.6	144.2	148.6	151.8	153.8	160.6	164.8	165	160.6	158	154.2	161	171.6	181.2	194.4	208.2	220.4	236.2	251.2	261.8	268.6	267.6	263	254	241.4	231	223.6	219.4	210.6	207.2	207.8	211.6	207.2	202.8	205.2	207.8	211.4	219.2	254.2	298.6	343.2	374	392.4	419.4	461.4	475.4	478.6	467.6	468.8	464.2	449.6	433.4	426	431	438.6	441.6	458.8	495	524.2	541	541	592.6	631.8	624.2	602	614	635.8	626	616.6	601.2	603.6	618	612	612	618	623	612	603	605	609	607.6	604.6
663	663	663	663	663	663	663	663	663	663	653	663	647.6	630.2	622.8	617.4	605.4	590.4	574.2	567.6	571.2	571.2	564.6	557.4	543.6	528	522	519	518.4	516.4	517.2	515.4	513.6	504	495.8	495.2	511.8	513.6	513.6	508.2	459.8	427.2	442.2	434	412.6	331.6	256.8	249.2	242.2	241.2	253.8	263.4	263.2	258.4	260.8	265.6	271	269.6	263.4	262.6	256.8	248.8	242.4	243.4	243.2	240.2	240.4	240.2	241.2	239.6	236.2	220.2	210	208.6	209.8	210.6	212.4	211.8	207.4	204	198.8	196.4	193.8	193.2	195.4	197.6	201.4	200.2	191.8	191.4	186.2	180.4	181	178	178	182.6	183	180.8	180.8	175.6	178.2	178.4	178.4	182	175.2	164.6	157.2	155.6	152.8	155.6	155.6	152.8	152.8	149.6	150.8	154.2	157.8	164.6	175	181.4	184.4	188	190.4	186.6	186	183.4	190.8	205.6	217.6	232	242.6	255.8	267.8	270.8	265.8	266.6	254.4	240.8	232.8	226.2	217	210.8	209.2	212	210.8	204.6	205	206.2	210.6	216.2	221.8	300	392.4	408.2	416.8	422.8	437.2	455	472.6	475.6	451.8	455.2	466.2	457.4	449.2	462	496	523	552.6	584	598	612	610	617.4	630	635	648.2	645	607	602	596	590.8	590.8	600.8	614.2	616	616	612	615	616	590.6	584	608	612.4	598.8
656	663	663	663	663	663	663	663	663	656	654.4	660.6	656.4	633.4	624.2	618	606	592.2	579	565.4	569	569	565.8	557.4	545.4	531	523.8	519.6	509.4	517.8	516.4	515.4	511	505.4	505.8	504.4	511.8	513.6	510.6	505.8	476.6	447.2	448.4	429.8	425.4	361	273.2	250.4	243	241.8	249	259.2	271.8	268.8	264.2	266.6	264.4	265.4	263.6	263.6	261.6	252.4	244.2	242.6	242	241	244	246.6	247.6	247.6	243	227	219.2	217.6	216.4	215.4	214.8	213.6	206.6	195.4	191.4	191.4	189.2	190.2	191.2	192.6	197.6	197.8	190.8	190.2	187.4	182.6	182.4	189.4	194.6	200.4	200.2	198.6	197	197.4	198.6	197.4	198	205.6	198.8	191.8	183.4	170.6	163.8	165.6	161	157.6	154.4	151.2	154	159.8	170.6	177.4	188.2	194.8	194.4	197.8	199.8	198.6	196.8	190.8	194.4	205	218.4	230	242.8	251.6	262.8	272	264.6	258.2	248.8	239	232.4	220.8	214.8	207.4	203.8	207.4	208.8	205.8	204.2	205.8	209.2	216	229	314	414	438.4	464	445.4	440.6	446.8	464.8	463.6	452.4	453	455.8	457.8	457.6	481.4	537.6	567.8	586.2	602	603	600	606.8	624	632.2	615.8	637	653	618	597	593	586	593	608	610	607	610	615	608	609	594	585.6	606.4	614	606.8
657	663	663	663	663	663	663	663	663	663	661	663	663	648.6	633.6	623.4	616.2	607.8	599.4	586.8	582	580.6	576	564.6	552.6	541.2	517	492	510.6	516	515.8	515.4	494.2	507.6	511.2	511.2	513	509.6	492	508.4	485.6	462.2	430.8	443	449	393.2	291.2	251.2	239.6	237.6	248.8	262.4	270.2	269	264.2	264.8	263.4	267.8	269.2	269.8	264	253.2	244.8	243.2	241	238.4	243.8	251.4	254.8	258.4	259.2	244.8	233.8	235.4	234.2	235	227.6	218.6	201.2	184.2	175	171.4	163.6	156.6	154.2	155.4	151.6	149	157.6	159.4	160	160.6	160.6	166.6	177.4	185.4	187.4	182.6	182.4	183.2	189.4	197.2	198.2	198.6	193	189.4	182.4	174.6	168	165.8	163.6	158.4	160	162.8	167.6	181.4	194.8	200.4	206.8	214.6	216.2	217.6	215	216.4	219.8	218	211.8	211.4	218.4	231.6	244.4	256.2	265	271.6	267.4	256.2	248.6	241.4	233	224.2	217	212.2	209.4	208	208	207	208.8	215.2	217.4	222	252	350.8	411.4	431.2	460.2	455.8	434.4	460.4	464.6	453	465.2	483.4	498.8	494	509.8	577	625	608	588.4	588	596	589	585	600	604	583	579	609	611	604	619	614	611	628	617	602	588	582	586	585	586	592	596	596	616
659	663	663	663	663	663	663	663	663	663	663	663	663	654.6	637.8	626.4	621	614.4	605.4	594.6	588.6	585.6	578.4	567.6	554.4	545.4	508.2	495.8	519.4	513.8	517.8	509.4	480.6	497.6	511.8	513	513	501	490	511.2	496.4	471.2	435.8	444.2	444.2	413.6	331	257	242.8	237.4	243.6	258	267	275.4	274.6	269.8	265.8	267.6	266.2	268.4	265.4	259.6	255.8	253.2	250.2	245.6	245.6	252	260.4	261.4	257.8	250.2	239.2	240.4	244.4	244	233.2	218.4	198.8	183.6	174.8	168.4	160.4	150.4	142.8	145.8	137.4	134	140.6	140	140.4	142.8	145.8	152.2	156.6	165.8	173.4	171	167.2	164.4	168.2	175.6	174.4	177.2	177.8	170.6	167.6	165.8	163.8	161.4	158.2	159.2	165	172.4	178	188.8	198.4	205	212	217.8	220.4	218.6	219	222.6	222.2	221	216.4	214.4	219.8	229.6	243	256.8	264.4	270	265.2	251.8	244	235.4	230	221	212.6	210.8	206.8	204.6	204.6	204.4	208.6	212.8	218.8	222.8	262.6	354.6	393	407.8	444.6	453	444.2	462.6	469.6	454.4	467.8	498.8	515.4	517.4	542.6	598.8	617	605	584.6	587	590	588	581	587	596	592	582	604	610	604	622	622	619	625.2	621	610	592.2	579	585	585	585	595	605	595	612
658	663	663	663	663	663	663	663	663	663	663	663	663	654	643.4	617	622.8	622.8	616.2	607.8	597.6	591	585.6	579.6	573.6	550.6	530.2	532.8	523.8	521.4	513.2	498.4	506.4	513.6	513	513	513.6	497	504.8	500.6	485.4	458.4	429	441.2	441	435.4	369.4	274.6	242.6	232.4	238.6	251.2	265.4	274.8	278.2	282.8	273.6	269.6	263	261.2	261.8	261.4	258.4	252	247.4	245.6	247.4	253.6	266.6	274.6	269	259.4	247.6	251.8	255	246.8	232.4	217.4	200	190.8	182.4	173.4	162.8	152.6	150.2	145	136.8	132.2	134.6	138.2	140.4	144.6	150.2	150.6	158.2	161.2	163.4	164	158.2	155	156.6	164	167.2	167.8	169.8	169.2	167.2	164.8	165.2	170	171.8	179	191.4	193.4	198.4	198.4	205.8	213.8	217	224.6	226.8	222	221	219.8	221.2	223.8	226	227.2	228	232.4	241.2	253.6	261.4	262.8	254	249.6	244.6	234.8	224.6	214.8	206.8	203.4	200.4	202	197.6	200.6	207.8	214.2	216.2	224.4	298.8	358	368.4	397	419.8	455.2	452.4	465.8	492.4	485.8	504.8	560.4	590	621	631.8	612.6	610.2	612	610.6	605.6	596	583	592	597	595	607	596	585	592.4	587.4	596	601	604	600	602	619	620.4	610	605	610	608	605	614	601	590
661	663	663	663	663	663	663	663	663	663	663	663	663	652	645.2	627.6	625.2	625.8	619.2	611.4	603	596.4	588	582	579	551.8	547.6	536.4	525.6	519.2	514.4	516.4	516	513.6	513.6	514.2	513.4	493.6	490.4	481.8	450.8	430.8	430.8	442.4	450.4	435	396.4	300.8	247	236.6	236.8	249.6	262.2	270.8	275.4	285.4	271.6	264.6	265.2	259.6	261	263.4	258.6	256.8	249.6	248.2	252.6	254.4	265.8	274.2	270.2	257.8	246	251.2	254.8	248.6	230.6	214.8	204.2	198.8	194	184.8	173	159.4	151.6	143.4	136	134.8	136	137.4	139	144	148.4	150	150.4	153	155	158	156.8	152.8	152	160.4	163.8	165.6	168	167.2	167.6	168.2	169	174.8	180.4	186.8	194.6	197.4	201.6	206.4	214.8	218	218.4	224.4	226.4	221.4	222	221.8	218.8	224.8	231.4	232.4	229.8	233.6	240.8	246.4	253.8	255.4	253.6	245.6	234.2	228.6	220	208.8	205	201.6	199.6	202.4	199.4	199.8	208.2	213.2	219.2	232.8	316	366.6	392.6	409.8	418.8	454.2	450.2	466.6	494	494.8	528.8	588.6	617	634.6	636	620	612	615	616	613.2	603	590	595	600	593	601	595	579.8	578.2	588.2	588	593	600	600	601	616	623	609	600	600	600	597	605	596	586.4
663	663	663	663	663	663	663	663	663	663	663	663	663	663	663	652.8	646.8	642.2	639.6	625.2	618.6	611.4	606	597.2	588.2	577	566.8	553.8	534	519.8	522.6	519.6	516	514	512.4	514.2	510.2	505.6	504	478.4	448	437.6	448.2	456.6	449.8	441.2	412.4	392	306.2	247	242.8	246.6	253.8	264.8	275.6	281.6	267	260.2	258.8	263.8	268.2	264	259.8	259.2	254.4	255.6	256.4	253.6	261.6	267.2	273.4	269.2	259	254.4	253.6	245.6	236.4	225.4	215.6	209.2	204.8	200	195.4	185.6	172	160.8	150	146.4	145	141.8	145.8	149.2	150.8	150.2	152.4	155.4	154.4	157.6	159.6	157.2	154.8	157	160.6	166.2	168.2	169.2	171.4	173.8	177.8	183.4	194.2	199.8	205.6	205.6	208.2	216	225.2	222.4	221.2	222.8	223	220.6	223.6	223	217.8	222.2	230.6	231.2	233.8	239.6	243.8	246.8	249.4	248.6	246.8	238.4	230.6	222	215.6	205.6	200	201.6	201	200.6	204.2	204.4	208	214.2	223.8	261	319.2	364.2	395	405	429.6	461.2	481.6	476.6	458.2	468	535.6	597	614	625	617.4	598.8	604.8	604	600	608	607	599.2	617	637	622	608	612	609	601	601	603	611	624	636	630	614	609	604	592	583	580	579	575	577	585.4
663	663	663	660.2	660.6	663	663	663	663	663	663	663	663	663	663	663	653.4	629.4	645	627.4	610.4	605.4	611.4	606	595.8	582.6	574.2	561	540.4	523.8	523.2	519.6	514.2	499.2	515.4	515.4	516	514.2	513	495.2	471.6	460.6	453.6	452.6	451.4	448.2	417.4	391.8	297.2	245.6	245.4	247.6	254.6	265	274.6	281	266.4	259	260.2	264.4	264	266.2	263.8	256.4	255.4	257.8	260.4	260.2	262.4	264.4	271.8	271.6	262.6	254.2	251.2	246.2	237.4	227	222.4	216.8	207	201.6	199	191.4	181.4	168.4	160.4	160.2	156.6	153.4	156.4	155.6	157.8	160.8	161.2	161.6	161.6	163	166.2	162	159.8	161.8	165	167.8	171	176.4	179	181.2	186.2	192	199	205.6	210.4	210.6	216.2	224.2	229.4	226.8	223.6	226.4	225.2	221.6	224.2	224.2	222.4	225.2	231.4	229.2	232.4	239.4	241.4	247.6	246.8	244.8	241.4	229.6	221.4	216.8	208.2	203.4	199.2	198	201.4	201	206	206.6	208.6	219.6	226.2	281	347.8	394.4	422.4	413	450	475	489.4	488	471.4	484.4	546.4	596	612	624	630	613	602	602	597	604	607	604	622.6	641.4	629	617	618	615	607	614	612.8	603.8	629.8	645	623.4	610.2	617	612	597	594	596	590	583	583	581
663	663	663	663	663	657	647	663	661.8	663	663	663	663	663	663	658.6	659.4	663	660.2	654.6	640.8	631.8	625.2	621.6	613.2	597.6	581.4	569.4	552.6	538.8	528.6	526.2	527.4	524.4	522.6	522	519	517.8	517.8	508.8	487.6	479	463.2	452	457	454.6	439.4	404.4	346.6	260	243.6	241.6	254.4	264.8	269.8	269	254.6	253.2	260.6	264.2	264.8	266.8	268.6	260.8	260.2	260.6	262	261.4	265.8	265.8	271	270.8	267.2	257.2	245.8	243	239.4	230	226.6	224.8	218	206.6	198.4	196.6	191.6	184.2	180.4	176.8	175.8	179.6	179.6	179	178.2	178.2	174.8	171	170	171.2	171.2	167.4	169.6	174.2	178	183.8	187.2	190.6	196.8	201.6	207.2	211.6	212	214.4	216.8	228.2	235.6	235.6	232.4	229	225.4	226.4	229.2	226	226.4	224	224.4	223.2	223.2	224.4	229.8	234.4	238.6	245.4	244.8	243.2	236.6	225.8	220.8	216.6	206	201.4	197.8	197	202.2	203.6	205.4	205.2	211.4	218.2	260.6	324	352.6	409.2	452.2	463.8	489.4	483.6	480.6	513.6	530.6	518.6	564.4	615	615	630	650.2	644.2	629.2	616.4	597.4	590.2	581.6	575.2	589	607	628	635	628.2	614.8	603	600	603	584.6	585	605	608.4	600.6	609.2	615.2	605.4	615.2	622.8	618.6	604	593	586.2
663	663	663	663	663	644	640	663	663	663	663	663	663	663	663	663	663	663	663	658.8	648	637.8	629.4	627.6	619.2	601.8	586.2	568.8	554.4	545.4	532.8	528	528.6	531	515.6	526.2	522	519	518.4	493.2	470	455.2	438.8	453.6	463.2	456.8	447.2	413.6	388.2	292.8	243	243	250.6	260.6	265.4	270	256	254.8	259	263.4	263	265.8	268.2	265.6	260.6	263.4	263.8	261.8	266	271	274.6	270	264.6	259.8	248.6	244.4	241	225.6	222.4	224	222.6	214.4	202.8	197.8	195.6	194.2	190.6	189.6	189.4	190.2	193.8	197.2	197.8	194.8	191.6	185.6	183.8	185.2	184	184	187.6	189.8	195.8	201.6	201	198.8	202	205.2	207	213.2	213.8	214.6	220.6	232.8	239.4	236.4	233.6	231.2	225.2	225.6	228.2	223.6	223.2	226	228	225.6	221.6	222.6	225.4	230	236.6	241	240.8	237.2	233	222.6	218.4	213.8	204.6	199	193	195.4	199.4	205.4	205.2	205.2	212.6	219.6	267.2	331.2	378.6	432.6	464	481.2	500.6	486.2	467.2	504.4	538.6	532.8	570	621.2	624	625	638	636.2	628.2	618.4	603.4	593.6	582.4	572.6	588	600	614	625	623.6	609.2	603	592	592.4	589	585	596	607	602	612	611	601	613.4	622.2	622	608	595	592
663	663	663	663	663	660	659	663	663	663	663	663	663	663	663	663	647	663	663	663	663	660	651	647.4	633	614.4	601.8	592.2	580.2	571.2	565.8	558	562.8	539	528.4	551.4	534.6	528.6	523.2	492.4	471.8	461.6	449.2	458.2	470.2	460.4	459.4	449.6	404	333.8	261	242.6	247	258.2	261.2	268	254.8	246.8	256	262.4	267	266.6	269.6	268.8	265.4	263.2	264.6	268.8	272.2	275.6	277.8	276.4	274	267.4	260	256	246.6	236.6	227.6	224.8	228.6	231	223.2	215.8	206	201.2	201.4	203.6	207.2	205	205.2	209.8	212.2	210	210.6	209.2	208	211.4	211.8	207.6	206.6	207.2	209.4	218.2	221	219.4	224.4	223	221	223.2	230.4	237.2	250.4	257.2	252.2	244	238.2	233	231.8	229	230	227.8	226.2	227.6	229.4	227.2	226.8	225.2	228.2	234.2	236.6	237	234.8	233.6	228.8	225.8	222.2	213	207.8	201.4	197.8	197.2	198.8	199.2	201.2	201.6	205.4	230.8	305	360.2	403.2	455.2	496.8	515.4	503.4	494.8	479.4	492.8	505	513.4	529	546.6	545.4	542	553	556.2	569	579.4	578.8	576.2	558.6	568.8	628.4	623	587	586	612	619.4	610	603	601.4	613.2	600	600	618	616	623	611	588	596	601.2	592	592	590	592
663	663	663	663	663	663	663	663	663	663	663	663	663	663	663	652	646	663	663	663	663	663	654.6	648	629.8	621.6	612.6	598.8	587.4	582	576	573	567.2	545.2	542.6	557.4	543	534	521.8	506	516.4	510.6	506	482	480.6	468	458.6	455	410.8	366	303.6	250.4	244.8	258	265	269.2	263.2	249.8	250	261.6	264.4	263.6	268.2	268.6	265	264.6	263.4	267	273.6	276.8	280	278.2	275.6	266.2	262	257.4	247.8	237.6	228.4	225.4	223.8	230.6	233.4	224.6	216.6	215	211.6	216.8	222.2	222.6	217.2	212	215.8	213.8	213.6	215.4	215.6	214.4	214.4	214	214	211.8	214.8	217.8	223.6	226.6	230.2	232.2	229.6	232.2	237.6	248.2	261.6	260.4	251.6	249	242.8	235.4	231.8	227.8	226.6	228.6	229	228	222.6	225	227.2	224.8	229.2	232.4	232.4	229.6	227.8	229	226.6	222.8	218.8	212.2	208.8	200.8	198.8	197.6	197.2	198	202	204	210.2	234	306.2	388	442.6	468.8	503.8	528	512	511.4	496.6	486.2	492	488.6	508.2	511.8	503.2	500.8	510.6	521.2	538.4	548.2	548.8	536.6	523	535.4	595.2	613.2	596.8	593	601.2	625.8	610	603	603	614	602	601	625	618	617	612	597	597	598.8	590	593	588	589
663	663	663	663	663	663	663	663	663	663	663	663	663	663	663	649	663	663	663	663	663	663	652	640.8	651.2	654.6	646.2	635.4	628.8	620.4	614.4	581	587.6	595.2	585.8	583.8	577.8	557.4	522.8	516.4	522.6	519.6	502.8	499.2	492.6	480.2	468.2	460.8	428.2	389.2	363.8	285.8	246.8	254.4	265.8	269.8	253	249.2	255.8	259.2	261.2	263.8	261	257.8	259.4	264.4	262.6	264	267.2	273.8	276.4	273.4	270.6	270.2	265	260.4	254.6	245.8	240	237	234.8	232.8	236.6	244	247.8	242.8	238	240.8	252.6	257.2	256	250	248	252	259.4	266.8	266.2	266.2	269.2	268.4	255.6	246.8	248	249.2	250.8	258.2	262	257.8	258.8	258.2	269.8	274.6	273	265.8	251	252.6	245.8	240.4	234.8	231.6	227.6	227.6	230.2	225.6	221	225	225.8	225.2	229.4	228.6	226.2	227	228.4	231	228.6	223.6	217	215.6	209	200.8	199.6	199.4	199.4	198.2	206	214	225.6	252.8	329.2	393	439	487.6	519.2	540.4	531.8	521	509.6	506.2	504	488	480.4	491.8	488.6	498.6	513.2	523.2	519.6	525.8	532	513.4	478.6	470.2	484.6	504.4	514.8	529.4	541.2	552	571.2	590.4	607	610	607	600	608	608	594	590	607	607	595	593	608	600	578
663	663	663	663	663	663	663	663	663	663	663	663	663	661.4	663	656	663	663	663	663	663	663	650	651	663	659.4	648.6	640.8	634.8	626.4	609.6	578.6	604.6	607.2	597	588.6	583.8	565.2	522.2	525.8	524.4	520.2	505.8	492.8	485.4	479.8	468.2	460.4	436.4	393.8	378.2	336.8	272	255	269.4	269	250.6	247	253.2	257.8	258.6	262.8	262	257.4	256.8	259.6	261.2	260.2	261.4	271.6	275.8	269.8	268.6	270.6	269.6	259	254.4	245.2	239	236.6	232.6	232.4	238	245.8	255.8	255.8	252.8	249.6	258	266	269.8	265	262.8	268.8	275.8	280	285.6	287.6	289.6	291	282.8	272.8	267.2	260.6	261	271	276.6	274	268.6	270.8	279.4	281	275.6	268.4	260	255	245.6	239.8	235.8	231.6	230.6	232.6	232.8	227.2	224.6	226	226.8	227	226.2	223.2	217.4	220.8	224.2	224.4	224.6	222.8	218	216.6	208.6	199.6	197.2	196.8	199	198.6	207.4	217.8	230.8	256.4	359.4	435.2	459.8	506.2	523.4	528.2	522.8	514.4	517	516	501.6	487.6	476.4	493.2	500.8	509.6	503.8	518.6	517.8	522	533.8	512	489.8	481	481	488.6	494.6	510.4	511.8	519.6	548	573.4	592.8	614	616	610	604	601	580.4	577	592	600	595	593	605	600	584.4
663	663	663	663	663	663	663	663	663	663	663	663	661	663	663	663	661.8	663	663	663	663	663	663	663	663	663	663	652.2	643.2	640.2	630	621.8	627.6	620.4	613.8	608.4	601.8	594.6	577.2	558	546	535.8	525.6	509.6	492.4	490	479.8	466.6	465.6	440.8	399.2	407.2	379.2	287.4	262	259.8	245.2	244.6	246.4	253	258.2	261	265	261.4	254.8	262.6	266	262.6	264.8	266.2	272	277	278.2	276	271.4	264.8	263.2	256.8	244	241.8	242.2	246.4	249.4	254.4	264.4	271.2	274.4	285.4	289.8	297.2	305.6	308.2	318.2	317.6	314.2	317.2	316.6	312	320.8	323.4	316.6	314.2	312.8	305	298.8	299.6	295.8	290.4	290	292.4	293.4	290.6	280.6	270	262.6	253.4	245.2	241.6	240.4	240.8	239.4	241.2	243	234	230.4	229.6	229.8	228.6	230.6	224.4	218.4	221.6	220.4	222.8	221.6	220.2	220.2	217	211.4	204	200.8	196.2	193.4	196	213	235.8	242	271.6	394	461.8	504.6	544.4	530.2	506.4	501.6	499.6	501.4	521.8	511.8	497	492.8	504.4	516.4	503.2	483.2	490.6	497	489.4	500	516.2	520.8	530.8	545	541.6	530.4	522.6	519.2	520.2	531.8	525.4	523.4	520	548.8	569.8	571.2	588.8	586	582.8	600	616	630	628	608	601	594
663	663	663	663	663	663	663	663	663	663	662.2	651.2	652	663	663	663	663	663	663	663	663	663	663	655.4	653.4	663	663	651.6	648.6	649.2	642	635.4	627.6	621.6	618.6	609.6	604.8	597.6	573	559.8	548.4	534.6	528	510.4	496	491.6	484.2	479.2	476.6	446.4	406.4	411.4	412	338.8	277.6	259.8	243.4	244.2	250.4	263.6	261.4	262	265.6	262	260.2	265	267.2	267.6	271	270.2	274.6	280.4	284.4	280.2	274.2	267.2	260.8	257.8	249	242.6	240.8	248.6	258.4	259	264	274.8	283.2	292.2	297.2	304.6	308.6	310.4	317	326	324.8	322.6	324.2	316.8	319.8	322	319.4	319.2	316.2	314	310.4	304.6	299.4	295.2	290	288.6	289.2	287.8	275.2	270.4	264.4	254.6	250	243.6	239.4	239.4	241.2	245.2	244.2	238.6	228	226.2	225	222.2	224.2	219.6	216	216.8	217	217	220.2	220.8	219	212.4	207.8	202.8	196.8	193.6	195.2	203	220.6	236	248.4	302.6	406	460.6	515.6	556.2	527	508.8	513.4	510.2	504.8	518.4	522.8	505.6	502	507.6	513.6	498	477.4	496.4	507.8	501	510.8	522.2	524.8	523.8	548.2	552.4	539	519.4	515.6	509.2	521.2	519.6	497.6	489.6	508.8	535.2	557.8	589.4	595.4	598.6	611.4	630	653	649	622	609	601
663	651	659	663	663	663	663	663	663	663	663	660.2	663	663	663	663	663	663	663	663	663	663	663	651.8	657.4	663	663	663	663	663	663	663	653.4	646.2	643.2	639.6	639	638.4	606	590.4	589.2	573	557.4	526	513.2	506.6	501.6	485.6	503.8	490.2	447.8	435.6	428.2	407.8	346.6	273.6	247.6	244.2	247.6	254.2	255.8	260.2	269.6	270.6	268	268.4	268	266.2	268.8	270.8	276.4	283.4	289	291	286.4	279.2	273	272.8	266.2	260.4	261.4	265	264.4	267	270.8	280.4	292.2	309.6	317	329	328.8	325.6	321.6	319.2	321.6	319.4	315	315.4	317.6	317.4	319.6	321.8	325.4	327.4	318.2	308.2	304.6	294	281.8	280.4	280.4	282.8	280.6	268	261.2	261.2	258.2	258	251	242	246.6	250.4	246.6	240.8	233.2	230	227.8	225	223	222.4	222.2	218.4	219	219	218.2	216.6	216.4	213.8	207	197.8	195.6	198	205	217.8	230.2	234.2	250.8	310.8	394.4	443.4	505.8	525.8	520.6	525.2	536.2	530.6	515.6	510.6	508.6	499.6	516.4	531.6	544.2	511.4	501.4	522.6	529.2	521.2	522.2	514.8	503	495.8	499	501.6	516.2	520.2	510.4	495.4	500.2	500	474.4	462.8	482.4	501.6	523	531	548.2	579.6	605.4	636	656	633	633	632	619
663	659	663	663	663	663	663	663	663	663	663	663	663	663	663	663	663	663	663	663	663	663	663	663	663	663	663	663	663	663	663	663	663	652.8	635	644.4	654.8	651	621	604.2	605.4	592.2	555.4	526.4	522.8	512	505	496.8	517.2	503.2	464	443.2	428.4	408.6	350	276.2	254.8	248.6	246.2	250	254.6	257	263.6	268.8	267.4	269.8	272.2	269.4	270.2	270.6	275.2	282.6	290.6	297	299	291	278.8	278	274	266	266.4	269.2	265.8	267.4	275.2	280.6	290.2	307.8	319	335.8	341.6	339.8	339.2	335.6	337	328.6	324.6	324.4	321.2	319.2	321.2	323	332	331	315.8	302	294.6	294	288	275.6	275.6	283.6	283.8	273.2	265.2	265.8	263	265.4	261.2	254.4	251.6	247.8	248	244	237.4	232.2	224	219.8	221.2	221.8	220.2	216.6	215	215.4	215	212.6	210.4	210.8	205.6	199.4	195	195.6	203.8	222.6	236	259.8	293.8	324	387.8	438	485.2	514.8	525	533.8	539.2	538.2	527.8	520.8	518.2	501.8	503.4	521.6	535.8	505	493	516.6	522.6	516.6	520.2	522	508.4	489.8	484.6	487.4	515.6	523.6	512.4	508.8	501.2	494.4	485.6	473.8	482.4	504.6	534	537.2	529	554.6	582.8	625	632	604	611	618	623
663	663	663	663	663	663	663	663	663	663	663	663	661	663	663	663	663	663	663	663	663	663	663	663	663	663	663	654	663	663	663	663	663	658.2	650.6	663	663	663	663	651.6	658.8	649.2	614.8	586.6	567.2	547.4	514.6	526	544.6	526.4	492.4	462.8	428.4	426.2	368	291.6	274.4	249.2	242.8	247.6	248.4	253.2	261.4	271.6	277.4	272	272	271	271.8	276	275.6	280.2	289	295.6	297.8	295.6	285.2	280.6	274.8	271	274.4	279.2	274	273.4	278.8	279.6	285.4	300.8	313.8	330.2	340.6	338.4	329.6	326.8	324.8	324.4	321.8	329.2	331.4	325.8	329	329	327	320.6	313.2	305.8	297.2	290.6	285.4	277.2	273.4	276.2	280.4	275.6	263.6	259.8	262.6	268.2	275	271	260.2	252.2	247.8	243.8	238	227.4	218.6	212.8	216	220	220.6	214.4	209.6	213.4	214.6	210.8	209.2	212.4	206.2	200.2	199.6	197.2	211	224.6	237.4	274.4	301.8	332.8	415	468.6	487.6	528.6	562.2	554.4	539.8	547	553.4	554.8	550.4	527	491	486.2	494.4	493.4	476.6	486.4	512.6	524	524	520.6	507.8	501.8	488	491.8	527.8	515.4	498.4	509.8	513.6	512.2	496.6	484.6	490.8	504.4	511.8	505.8	510.6	513.2	504.2	533.2	572.4	581	581	597	617
663	663	663	663	663	663	663	663	663	663	659	659	656	663	663	663	663	663	663	663	663	663	663	663	663	663	651	650	663	663	663	663	663	663	663	663	663	663	663	658.6	655.8	660	630	592.8	579.8	560	512.4	535.4	549.8	534.4	500.8	461.6	414.8	410.8	381	299.2	275.2	254.4	240.6	241.4	247.4	251.8	258.8	271	275.4	274.6	275.4	271.6	267.8	276.2	279.4	278.4	287.8	297.2	303.2	304.2	297.6	289.6	283	278.8	280.2	286	290.2	286	292.6	298.6	294.2	305.4	320.6	335.6	348.2	352.2	352	344	339.2	335.6	334	335.6	336.6	336.8	343	341.2	333.6	333.2	324.8	316.4	306.8	298.4	292.8	285.2	283.2	279.2	280.8	282.8	274.8	269.4	271.6	273.4	281	275.2	267.8	253.2	244	242	233.4	220	211	212.6	216.4	217.4	214.4	216.6	211.6	211	211.6	207.8	207.4	207.6	204	199.4	197.4	199.6	212.8	232.6	261.8	297.8	303.6	326.6	412.6	485.2	496.4	512.2	545.4	537.4	524.6	537.8	548.4	537.6	525.4	522.8	491.6	472.4	494	500.4	493.6	495.4	508.2	527.2	530.2	514.6	501.8	507	493	490.4	510.8	507.8	504.2	517.4	514.2	512	498.4	484.8	488.2	497.4	492.2	480	497.2	506.4	508.4	509.4	538	587	587	610	622
663	663	663	663	663	663	663	663	663	663	654	663	663	663	663	663	663	663	663	660	645	658	661	663	663	663	647	663	663	663	663	663	663	663	663	663	663	663	663	660.6	660.2	663	648.8	613.6	594.4	567.4	556.8	562	552.2	541.8	520	446	402	408.4	370.6	295.4	275.6	258.4	241	234.8	242.8	251.8	258.2	262.6	275.2	279.2	273.8	273.2	269.4	273.8	278.6	279.4	286.2	292.4	296.4	296	292.8	287	284.6	285.6	282.2	286	287.4	284.2	288.2	297.2	305.6	307.8	312.4	324.8	336.8	340.6	346	340	332.2	338.8	338.8	337.8	338.4	337.6	340.8	339.8	334.6	325.8	317.4	313.4	310.4	306.6	300	300.2	288.6	279.2	276.2	274.8	265.6	264.2	275.8	277.8	274.6	274.6	274.4	255	245.6	243.2	231.4	216.6	208	209.4	210	211.8	209.2	211.8	208	207.6	208.8	207.2	207.4	205	200.4	196.2	192.2	199.6	214.2	238.6	274.2	299.4	301.2	347.8	429.6	461.6	479.2	505.2	503	501.4	502.4	495.6	501.4	493.4	492.2	500	506.6	501.4	503.8	514.8	531.4	521.2	499.6	523	532.8	519.2	509.2	510.2	502.8	484.4	485.2	499.4	512.6	512.2	503.8	497.6	496.2	497.4	507	509.6	523.6	507.8	489.6	505	522.4	521.8	521.4	547.6	576.2	602	605
663	663	663	663	663	663	663	663	663	658.6	650.8	661	663	663	663	663	663	663	663	663	657	663	663	663	663	663	663	663	663	663	663	663	663	663	649	657	663	663	663	663	663	663	656	618	596.4	579	565	563.4	549	538.6	498	417.4	395.2	401.2	387.4	303.2	273.4	258.4	246	235	238.4	246.8	252	257.8	270.2	276.8	278.6	277.6	274.2	276.4	280	280.4	284	290.6	293.6	295.8	289.2	285.6	290	288.8	288	287.4	294	290.8	287.6	294.2	305.2	310.6	316.2	325.8	334	343.4	341.8	334.2	336	337.4	334.2	334.2	332.4	331.8	338	338.2	336.4	334.2	326.6	318.6	317.2	313.2	310.6	303.8	298	287	283.2	283	279.6	278.6	278.4	283.2	276	273.6	271.6	257.6	242.6	241	236.6	224.6	209.6	205.8	208.2	206	208.4	209.4	211	211.8	211.4	206.8	205.4	203.6	200.2	193.4	195	208.4	247.2	281.8	291	295.8	299.6	337.8	424.8	455.2	464.4	487	485.6	475.6	486	468.4	460.2	470.4	473.6	482	489.2	507	507	514.6	531.6	517	493.4	510	512.6	503.8	506.8	514.6	508.8	486.8	486.4	500.6	508	503.6	501.4	497.2	489.4	505	510.2	508.6	524.6	519.8	491	499	522.4	524.8	531	540.2	556	593	597
663	663	663	663	663	663	663	663	661.4	662.2	663	663	663	663	663	663	663	663	663	663	663	663	663	663	663	663	663	663	663	663	663	663	663	663	663	663	663	663	663	663	663	663	661	635.2	618	598	575.8	564.8	552	521.2	466	423.2	413	402	398.6	310.2	278	264	249	226.8	224	234	242.6	247.2	261.6	274.2	279.8	282	278.4	279.4	283.6	283.8	284.8	286	289.8	289.6	284.6	282.8	283	286	285.6	287.2	295.4	287.4	283.2	293.6	306.6	310.8	312.6	324	327.2	322.6	319.2	318.6	326	322.2	323.2	320.2	313.6	316	318.8	322.6	327.4	324.8	324.4	321.2	322.4	318	314.2	313.2	307	290.8	282.6	280.8	277.8	275.6	274.6	279.6	272	266	261.4	255.2	247	239.4	231	223.8	213.6	209.4	203.4	202.6	203.6	203.2	204.4	206.6	208.4	206.8	200.8	192.4	186.8	189.4	196.6	215.6	257	284.8	285.6	295.2	300.4	342.2	439.8	463.8	448.6	466	484	493.4	491.2	485.6	490.2	514.2	511.8	502.2	498.6	496.8	491	485	501.8	508.8	506.2	492.2	481.4	474.4	476.6	492.2	492.6	477.8	467.8	481	497.4	497.4	508.2	509.2	488.2	477.2	479.6	477.2	474.8	477.2	474.8	471	483.8	496	507.4	511.6	505.6	530	579.4
663	663	663	663	663	663	663	663	663	663	663	663	663	663	663	663	663	663	663	663	663	663	663	663	663	663	663	663	663	663	663	663	663	663	663	663	663	663	663	663	663	663	663	635	620.4	596.8	580.8	567.2	553.2	502.2	453.2	429.8	411.2	411	412	319	281.2	263	242.2	223.4	220.4	229	237.4	245.6	254.8	269	275.4	279	278.4	277.4	279.8	283	281	281.2	284.4	285.2	284.2	280.4	280	284.6	280.4	275.4	286.2	293.8	285.6	295	311.6	312.4	311.8	311.6	317.8	320.2	310.8	309.2	314.6	313.4	311.8	312.6	310.6	312.2	314.4	319.4	326.8	330.6	323.4	321	323.8	319.4	320.2	316.2	309	296	285	285.6	283.6	280.8	280.8	282.4	273.6	263.2	257.8	248.2	241.8	234.4	223.4	219.4	213.4	206.2	201.8	199.4	202.8	202.4	204.4	204	204.4	205.2	197.6	189.2	185.6	189.4	200.6	229	269	285.2	289.4	296	301	346.8	454.6	474.6	456.2	466.8	483.8	496	489.6	474.2	483.8	512.4	514.8	506.8	498.8	482.4	462.2	460.6	486.8	512.4	515.8	505.2	491.2	483.2	480.4	485.6	481.4	473.6	464.2	475.8	488	489.8	501.6	500	485.8	480.8	479.2	477.6	479.6	478	481.8	474.4	477.8	490.8	502.8	509.6	509.8	516.8	547.8
663	663	663	663	663	663	663	661	663	663	663	663	663	663	663	663	663	663	663	663	663	663	663	663	663	663	659	663	663	663	663	663	663	663	663	663	663	663	663	663	663	659	658	623.6	606	591.8	574.8	563.6	546.2	485.6	436.2	424.4	415	420.2	351.2	296	261.2	235	222.6	208	200.4	213.6	228.6	234	237.2	249	262.4	278	285	283.2	281.2	275.8	275.2	279.2	282.4	281.4	281.2	273.4	272	273.2	270.4	271.6	278.2	277.4	277.6	289.6	298.6	303.6	308.4	308.2	306.8	306.6	297.4	294.4	294.8	292.6	289.6	290.8	298.4	310.6	312.4	310.4	326.4	323.4	314.2	322.2	316.6	313	313.8	310	301.6	288.8	290	290.4	286.2	274	271	274.4	266.6	258.8	255	246.6	233	226.4	220.8	215.6	211	205.6	203.4	196.6	197.2	198.8	200	199	198.4	193.4	190.2	185.4	185.4	195.6	211.2	230.2	269.4	283.6	289.6	292.4	297.6	365	490.4	503.6	480.8	475.2	480.8	481.2	481.4	466.8	455.6	483	507.4	494.2	484.2	473.4	474.6	483.4	476.4	491.6	504.4	504.4	497.4	494.8	492	494	496.6	492.4	481.4	474.8	478.2	486	492.6	492.8	498.2	508.4	499	493	491.8	489.6	497.2	509.8	523.8	515	504.4	508.6	504.4	492.6	479.6
663	663	663	663	663	663	657	653	663	663	663	663	663	663	663	663	663	663	663	663	663	659	657	663	663	663	663	663	663	663	663	663	663	663	663	663	663	656.6	651	649	648.2	648.8	646.4	609.6	586	569.8	556.2	543.6	528.4	473	431	425.4	424.6	381.4	310.4	287.4	257	233.6	225.6	206.2	196.2	207.2	222.2	230.6	234	240.8	251.8	268	280.8	284.4	281	272	270.4	271.2	274.8	278.2	276.2	273.6	271.2	267	261.6	262.4	264.4	270.8	276.4	286.2	296	294.2	301.8	309.4	306.2	295.8	286.6	282	283	285.8	287.2	288.2	293	299.6	304	307.4	318	322	319.6	317.8	311.2	305.6	305.8	303	297	282.8	284.8	289.4	285.4	265.8	265	265.2	256.2	253.6	248.4	241.2	229.6	223.2	217.8	212	208.4	201.4	198.2	198	198.2	199	196.8	193.4	191.2	189.6	183	181.6	187.6	202.6	217.6	241	284.2	288.2	288.6	290	297.2	365	493.8	516.8	499.6	487.8	488.6	488	490.4	490.2	473.2	481.8	496.4	493.6	486	466.8	476.8	484.8	464.4	455.6	477.4	497.6	506.8	503.2	502.2	502.2	503.2	497	483.4	476.4	485.8	495	499.4	503.8	508.2	509.2	504	497.4	496.6	496.4	500	513.6	522.6	509.6	500	500.8	495.8	486.4	474.6
663	663	663	663	663	660	663	663	663	663	663	663	663	663	663	663	663	663	663	663	657	646	663	663	663	663	663	663	663	663	663	663	663	663	663	657	651	648.8	644.6	625	622	620.2	612.6	578.2	560.8	546.6	534.4	530	514	462.6	433	442.2	390.2	312.8	279.2	264.8	250.4	251	238.8	205.8	190	188.4	205.2	220	227.8	234	240	248.6	262.8	277.8	285.2	271.2	262	261.4	262.4	266.2	267.6	268.8	269.6	267.2	259.4	254	256.4	263.8	270.8	276.2	280	277.4	281.2	287.2	289.2	284.2	278.2	272.8	272.4	275.4	276	278.4	278.4	290.4	298.4	302.4	313.8	315.6	310.4	309.6	304.2	296.8	296	288	281.6	278.2	279.4	280.6	277.8	266.6	262.6	258.4	250.8	251.8	239.2	232.2	228.2	217.6	205.4	203.2	203.2	200.8	198.8	193.2	191	188	190.4	187.4	184	185.2	182.4	185.4	192.2	208.4	218.8	240.2	282.8	285	285	285.6	292.6	380	498.8	531.4	534	537.2	523	510.2	500.8	495	479.4	470.6	478	493.6	507.8	492.4	470	491.4	488.6	475.8	474	494.6	499.6	496.6	513.8	524.2	516	495.8	483.6	477	494	521.8	521	513	504.2	508.2	514.8	511.4	507	506.6	507	507	519.2	531.2	510.4	500.6	503	500.6	500
663	663	663	663	663	663	663	663	663	663	663	663	663	663	663	663	663	663	663	663	654	661	663	663	663	663	663	663	663	663	663	663	650	636	634	632.2	632.8	634.2	630.4	610.8	608.4	616.6	593	566.8	551	536.6	529.4	527	513.2	465.8	437	431.4	368.2	317.8	274.2	251.6	251.4	255.6	243.2	212.2	190.6	183.8	198	213	222	230.2	236	242.2	254.8	265.6	277.6	274.4	261.2	259.2	255.2	258	261	260.2	260.8	260.2	254.6	250.4	248.6	252.2	258	264.4	268.8	265.2	267.2	269.8	274	271.4	265	260.4	255.6	258.8	265.8	269.8	265.8	274.2	285.2	290.2	298	300.4	296.8	302.8	300.8	293.6	293.8	283	274.2	272.4	273.4	270.6	268.2	265.4	257	251	243.2	239.2	232.4	222.2	222.6	215.2	202	202	202	201.4	195.4	190.4	183.2	180.6	182.4	180.6	180.6	183.6	183.4	189.4	199.8	210.4	219.2	246.6	280.6	281.4	280.4	280.8	287.2	372.6	491.4	524.4	533	537	520.8	506.2	496.2	489.8	484.4	479.8	477.4	489.6	495.2	480.8	465.4	486.6	488.4	483	478	484	483	475.4	487.6	497	490.8	473	468.4	462.4	475.6	500.8	499.8	484.4	477.8	487.6	506	518.4	506.2	503	509.4	511.4	525	540.6	520.8	504.8	507.2	508.8	514.2
663	663	663	663	663	663	663	663	663	663	663	663	663	663	663	663	663	663	660	658	663	663	663	663	663	663	663	663	663	663	663	659.2	640	635.6	632.8	634.6	631.6	621.8	608.8	592.2	588	585.2	560.2	536.6	526	530.2	531.8	532	521.4	472.8	449.6	402.2	343.8	311.8	236.6	239.6	266	266.4	251	226.8	205.4	186.2	187.6	200.2	206.4	214.6	222.6	235	244.2	251	259.4	266.4	267.2	261.8	256.8	258.6	257.6	251	253.8	252	248.8	245.2	241.4	239.2	243.4	251	257.6	258.4	256.4	257.8	256.6	259.8	260	254.8	249.8	247.6	248.4	256.4	263.2	269.2	271.4	280.2	287.8	289.8	283.2	278.6	280.6	281.8	277.8	270.4	267.2	264.4	264	258.2	258.8	259.4	251.2	246	237.8	232.2	229.4	224.2	222.8	215	208.2	201.4	199.2	195.2	186.6	180.4	175.6	172.4	173.2	170.4	172.8	175.4	184.4	193.6	201.2	204	208.8	238.2	273	276.4	272.6	263.6	277.4	310.6	384.2	449.8	509.2	516.6	514	517.8	509.6	504.6	506.6	506	497.2	486.8	489	479	469.6	470	477.6	481.8	477.6	490	492	486.8	476.6	454.6	459.8	474	478.6	451.6	439.6	466	476.8	476.4	454.8	438.8	461	497	515.4	510.8	514.6	515.6	507	509	513	512.4	505.8	500.2	504.8
663	663	663	663	663	663	663	663	663	663	663	663	663	663	661	663	663	663	659	663	663	663	663	663	663	663	663	663	663	659.4	647.4	638.4	637.6	636.6	636.6	633.4	623.2	612.6	597.6	587.8	585	573.2	532.6	520.4	520.2	530.6	530	533.4	533	478.8	440.8	385.4	351.2	319.8	240.8	234.4	258	259.8	253.4	234	218	198.8	186.4	187.8	195.2	203.6	216.2	224.6	230.2	241.8	247.4	251	255.8	258.2	257.2	254	249.6	244	243.8	245	239.4	239.2	234.4	230	233.8	235.2	243.6	247	244.4	245.2	249	251.6	251	255.8	254.8	249.8	247	250.2	261.2	262.6	266.8	271.2	279	277.2	269	262.4	262	265.4	263	255.6	255	255.2	251.2	248.2	248.2	249.8	243.6	236.6	227.2	223	220.4	220.6	219.4	213.8	209.2	203.6	199.4	194	184.6	177.8	174	168.4	167.4	172.2	175.2	178.4	186.2	196.2	202.8	206.2	217.6	247.8	268.8	275.2	271.8	272	282.8	299.4	339.6	392.2	471.2	510.8	518.8	524.4	518.6	504	507.4	510	502.6	497.4	509	513.4	492.6	482.6	481.4	482	476.6	490.6	495.2	492.2	483	457.6	455	472	478.8	458.2	437.4	455.2	480.6	485	458.4	429.4	428.8	457	491.6	502.2	504.8	509.2	508.8	505.8	512.2	513.4	506	497.6	498.6
663	663	663	663	663	663	663	663	663	663	663	662.2	663	659.4	655.8	663	663	663	663	663	663	663	663	663	663	663	663	663	663	654	643	638.2	633.4	622.4	608.6	598.6	586.2	572.8	563.8	566.6	570.6	562.4	538.4	529.8	515.2	512.4	519.4	516	500	444.6	375.4	311.6	313.4	259.6	197.2	246	287	260	248	243	231	206.6	190.6	192.8	189.6	195.6	210	213.8	222.2	231.8	238	243.8	244.6	249.8	250	248.8	240.2	240.8	241.2	237.8	232.6	229	230.6	228.4	225.8	231.8	242.2	241.2	241	241.4	247	250.8	251.8	253.4	253.2	256.2	255	256.8	258.4	259.2	261.2	265.2	266	261.4	255.6	250.8	248.4	248	251.2	248.4	246.2	243	241.8	244	244	240.2	236.6	231.2	221.4	218.4	214.8	214	212.6	208	198.4	192	188.8	181.2	167.8	163.6	165.2	164	166	173.6	180.2	187.2	188.8	189.2	193.8	202	213.4	240.4	259.8	265.8	269.8	280	289.2	289.2	315.8	332.6	369.4	429.8	511.2	531	542	526.2	511.4	516.6	521.8	512.6	510.2	525.8	521.4	513.4	509	494.4	502.6	503.6	478.4	473	483.2	484.8	482.4	475.8	470.6	469.8	473	468.4	460.8	468.2	458.2	434.8	438.8	470.8	491.2	510.8	520.2	514.2	521	549	556.4	539.8	520	508.6	509.8
663	663	663	663	663	663	663	663	663	663	663	663	663	661.8	663	663	663	663	663	663	663	663	663	663	663	658.8	654	647.8	639.4	636.8	635	624.6	615	608.8	601.8	590.4	566	559.6	558.8	563.6	566.6	563	538.4	528.2	510.4	505.8	512.6	509.4	484.8	433	349.8	313.2	314.6	254.2	198.2	246.8	296	265.6	245.2	242.8	236.2	212.2	195	198.4	191	188.8	199.4	204.2	212.6	222.8	228.2	232.8	235.6	236.2	239.2	243.2	237	229.2	231.8	231.4	226.2	223	224.2	221.4	218.8	223	233	237.8	237.8	239.8	243	248.2	250.4	247.8	248.4	251.2	253.2	252	251.4	253.6	258	260.6	257	248.6	244.8	244	242.6	240.6	241.8	241.4	238.4	232.2	232.2	236	234.4	228	224.4	220	215.6	214	209.6	209.8	207	199.2	196	185.8	179.4	172.4	166	162.8	166.4	168.6	172.2	174.4	180.8	183.4	184.4	190	198.8	207.2	215	252.4	269	271.8	275.2	279.4	278.4	287.6	319.6	334.2	351.8	403.6	496.2	537	542.2	533.8	515.2	515.6	517	513.2	507.2	516.6	512.2	500.4	509.4	487.4	486.8	486	471.2	461.6	474.8	484.4	484.2	478.8	471.2	469	475	465.8	452	459	453.6	442.8	446.4	474.2	489.2	491.6	489.2	482.4	494.8	517.8	532.6	525	500.2	485	490.8
663	663	663	663	663	663	663	663	663	663	663	663	663	663	663	663	663	661.2	657.6	658.2	662	663	663	661.8	655	653.4	646.6	638.2	632.6	618.8	611.4	601.8	589.8	584	580.8	575	566	557.8	550.6	546.8	548.6	556	531.8	520.6	509	503.4	508.4	503.2	483.6	439.2	340.2	326.8	300.6	237	197.8	252.4	287.6	259.4	244.6	241.8	238	224.2	196.8	201.4	203	193.6	188.2	191.4	199	207.8	209.2	216.6	224.4	227.2	230	230.6	227	221.2	221.8	219	217.8	218	214.6	216	218.2	217.2	217.4	224	225.6	231.6	238.2	242	242.4	246.8	243.6	243.6	246.2	246.2	245.2	247.2	253.8	256.2	252.4	246.8	241	241	241.2	242.8	239	237.4	234.8	228.6	225.8	225.8	222.2	219	216	214.2	211	208.8	205.4	198.4	194	187.4	181.8	177	167.8	163	161.4	159	163.4	169	170.2	173	176	175.6	178.4	187.4	200.4	206.2	217.2	252.8	269.2	271.8	278.6	280.2	271.2	264.6	296.2	319	342	374.6	408.2	472.8	511.2	508	497.4	496	500.2	519.8	530.4	520.8	490.8	469.2	469	468.4	472.6	475.6	473.6	469.8	476.8	502.4	507.8	492.6	490.2	486.2	473.2	481.2	490.8	480.6	475.4	470.4	464	486.4	505	496.2	488.2	475	458.4	465.2	489.2	493.8	485.2	470	490.2
625.4	625.4	625.4	625.4	625.4	625.4	625.4	625.4	625.4	625.4	625.4	625.4	625.4	625.4	625.4	625.4	625.4	625.4	625.4	625.4	625.4	625.4	625.4	625.4	625.4	625.4	625.4	625.4	612.8	600.8	593	587	576.8	570.2	563.8	562.4	557	553.4	545.6	540.8	540.2	538	519.8	508	498	495.8	498.8	489	476.4	411.6	327	340.6	312.8	232.6	192	238.4	279	253.8	241	238.6	235.4	220	192.2	198.4	206.4	198.6	190.6	188.8	191.2	198.6	201.2	206.4	214	221.6	228.2	227.2	223.4	220.6	220.4	221	219.8	217.6	217.8	216	216.8	220.2	219.2	224	228	235	242.2	247.4	248.6	251.8	252.4	253.4	253.8	251.8	250.8	253.6	255	258	256.8	255.8	250.6	244.6	243.6	246	243.8	241	239.6	232.6	228.2	227.2	224	220.4	219.8	218.6	215.2	213.8	208.4	200.4	195.6	191	186.2	180	175	169.8	168.2	170.2	170.8	174.6	172.6	175.2	178	175.8	178.6	193.6	203	210	225.6	261.8	269.4	273.4	278.6	285	285.6	283	315	316	330.6	367.2	383.8	435	488.8	494	488.6	493.8	503.2	522.4	527	515.8	485	459.4	454.8	469.4	480.8	482.2	471.8	479.2	480.4	494.8	501.6	483.8	478.2	485.8	478.8	491.8	501	486	476.2	471.2	466.2	488.2	506.2	497	488.8	468.8	455.6	449.2	468.6	476.2	470.4	467.8	477.2
663	663	663	663	663	663	663	663	663	663	663	663	663	663	663	663	663	663	663	663	663	663	663	663	663	663	657.6	648.6	635.4	620.4	609.6	604.8	599.4	596.4	598.8	593.6	582	577.8	584.2	595.2	596.4	588	556.6	550	539.8	530.8	533.2	525	501.2	434.6	415.4	398	332.8	254	216.6	261.6	317	298.2	281.4	274.6	273.2	258.2	228.8	232.6	245.6	240.6	236.8	234.6	231.4	227.6	224.8	229.6	233.8	239.8	246.2	253	255.6	253.4	247.8	249.6	246.2	242.6	245	246.2	245.4	251	258.2	263.2	263	264.2	272.4	278.4	279	282	283.6	285.6	289.2	286	287.8	288.8	289	285.6	283.8	282.8	281	275.8	275.2	276	272.6	271.6	271.4	263.8	259.4	254	253.4	252.2	249.8	244	237	232.4	227.8	225	220.8	215.6	209.2	209.2	206.8	206.6	210	210.2	209.2	209.4	210.4	215	220	222.4	230	239.6	243	248.2	263	297.6	310.4	316.4	321.4	326.8	320.8	320.4	351.2	354.8	359.4	374.8	418.2	444.6	487.6	519.4	519	515.2	501	500.2	505.8	515.6	527.8	530.8	519.6	543.6	561.6	541.6	521.4	520	513	508	512.6	511.4	514.2	518	520.8	534.4	545.8	539.8	513.6	489.6	474.6	480.6	492.8	495.2	510	510	502.2	486.8	500	510.2	487.4	478.8	479.4
663	663	661	659	663	663	663	663	663	663	663	663	663	663	663	663	663	663	663	663	663	663	663	663	663	657.6	649.2	639	627.6	614.4	605.4	600.6	595.8	591.6	591	591.6	579	577	574.4	588.8	595.8	579.4	560	551.4	541	531.4	533.8	523.6	502.6	460	447.8	402.6	327.8	253	214.4	251.4	310.6	301	282.6	275	273.4	258	228.8	232.8	245.6	242.6	241	238.6	233.8	229.4	225.6	224	224.8	229.4	234.8	241.8	245.6	240.8	239.6	236.6	232.6	232.2	233.8	239	242	242.8	246.2	252.2	254	256.4	260.6	264.8	266.6	271.4	272.8	277.4	280.2	277.4	273.4	271.6	274.2	275	274	272.6	269.6	269	269.6	270	266.8	261	259.8	257	253	249.8	248	245.6	241.6	237.4	229.2	225.2	219.4	218.2	216.4	211.2	210	208.6	209.4	213	211	209	208.6	209	215	217.2	220	226.2	233.8	238.8	245.4	251.6	262.4	283.6	301.4	318.2	320.8	325.4	321.8	319.4	350.2	354	356.2	361.8	412.4	437	455	503.2	517.8	515.8	502.2	495.6	497.6	509	537.8	539	519.4	542.6	562.8	545.2	528	518.6	511.4	512.6	513.6	511.4	525.4	522.4	520.4	529.4	532.2	529.8	510.8	485	471.2	472.2	473.4	476	489.4	503.4	498.4	489.4	496	510	495	479.8	476.4
663	661	663	663	663	663	663	663	663	663	663	663	663	663	663	663	663	663	663	658	663	663	663	657	643.2	633	627	616.2	605.4	599.4	596.4	592.8	582.4	567.2	579	594.6	583.2	571	561.4	562.2	563.6	561.8	557	548.6	544.8	540.4	534.2	526.2	497	519.6	486.4	383.8	301.4	246	215.4	251.8	312.2	304.6	281.8	277.4	272.6	259.2	238	231.2	241.6	246	246.4	247.8	245.4	245.4	246.6	238.4	232.2	228	224.4	231.6	234.2	229.2	229.6	230.2	225.6	225.6	227.2	224.8	226.8	229	235	239	239	246.4	254.2	255.8	260	262.2	263	270	277	276	269.2	269.8	269.2	267.4	260.2	260.8	263.2	261.4	257.2	255.2	253.4	253.2	252.4	246.2	240.8	238	232.2	227.8	225	222	216.2	211	210.6	213.6	213.4	212.4	213.6	216.2	216.8	217.6	218.2	218.6	217.2	218.2	224.4	225.8	230.4	236.8	243.2	242.6	247.6	253.8	265.4	290.8	308.2	322.6	326.6	332.8	315.6	314.6	347.8	352.2	353.4	359.6	392.4	429.4	436	480.4	531.8	544.4	538	522.8	512.8	510.8	519	525.4	501.8	490	502.2	522	544.8	541.4	533.6	540.6	538.8	515.8	514.8	512.8	499	508	505.8	514.4	518.6	502.6	481.6	473	473	479.8	476.8	477.2	476.4	483.6	509.6	526	530.4	531.4	513.8
663	663	663	663	663	663	663	663	663	663	663	663	663	663	663	663	663	663	663	650	663	663	652.2	646.8	631.8	622.2	616.2	607.8	599.4	596.4	595.2	591	575.2	568.8	574	565.6	542.2	527.8	519	512	527.4	557.6	557	551.8	546.2	539.2	534.6	527.8	501.4	530	497.8	398.8	307.6	245.4	215.4	238	299.2	309.4	288.8	280.2	274	257.8	237.4	232.6	243.4	250.6	250.6	250.2	247.6	246.4	249	246.2	238.8	229.2	224	226.2	228.2	223.2	221.6	225	224	218.8	222.8	222.8	219.4	221.4	225.8	230.6	234.8	239.4	244.4	248.2	248.8	250.8	253	257.6	262.2	264	260.6	261.2	261	259	251.4	247.8	250.4	250.2	247.6	243.4	239.2	241.6	241.2	235.4	232.8	228.6	225.8	218.8	218.4	217.8	214.2	212.2	214	215.8	213.2	213.8	216.4	218.8	218.4	216.2	217.6	221	220	221.8	223.4	229.6	232.8	240.8	244.2	243.4	246.8	253.6	275	307.4	315	314.8	324.4	331.4	312.2	309.6	346.6	346.6	351	363	384.4	422.6	448.2	465.6	521.4	539.2	532.2	525.2	516.8	501.8	500.6	512.4	498	480.6	490.8	513	542.8	541	533.2	549.4	557.4	525.6	501.8	496	488.4	499.8	502.8	511	516.2	505	485.2	474.2	477.4	482.8	480.8	479.2	476	480.2	507.8	530.2	535.4	549.8	531.4
663	663	663	663	663	663	663	663	663	663	663	663	663	663	661.8	658.8	655.2	649.2	642.4	633.6	623.4	616.8	607.2	599.4	591.6	583.8	578.4	578.4	584.4	591	595.2	591	576	574.2	561	540.4	531.6	519.8	502.8	497.2	526	560	548	541	539.2	536	533.4	526	527.2	532.8	517.4	395.4	291	243.8	212	224.6	292	317.6	302.4	286.8	277.2	263.8	242.6	230.4	238.6	250.6	255.4	251.6	253.4	251.4	247	246.4	248.6	244.8	240.8	232.8	227.6	229.4	230.4	230.2	225.6	223.2	226.6	228.8	230.8	230	228.4	227.4	225.4	227	226.4	232.4	237.8	238.4	237	234.6	236	238.8	245.2	246.8	245.6	242.4	243	241.6	236.8	234.2	233	228.4	222.8	222.2	215	211.8	216.4	214.6	215.2	217.2	222.8	225	225.2	225.8	224.2	221.8	223.2	222.8	223.6	228.4	226.8	222.6	226.4	228.2	229.8	230.2	231	232.8	234.2	236.6	240.4	245	249	256.2	278.6	313.6	319.4	325	327.4	324.4	299	311.6	343.2	342	348.8	361.2	374.8	409.6	444.4	447.2	477.6	529.4	537.2	544.2	544.8	545	537	520	504.4	508.6	509.6	507.8	529.6	527.6	502	520	551.6	565	538.6	515.6	505.2	500.2	490	487.6	502.8	514.4	516.6	515.8	510.8	509.2	520.2	524.8	504.4	476.4	475.4	491.6	507.6	522.4	517.4
663	663	663	663	663	663	663	661.8	661.2	660	657	655.8	654.6	652.2	646.8	639.6	630.6	623.4	619.2	610.2	601.2	593.4	583.8	577.8	571.8	567.6	564.6	568.8	582.6	590.4	589.2	586.2	572.6	552.8	545	528	506.8	501.8	486.2	490.6	534.2	555.8	542.6	540	538.2	536.6	536	522	526.8	531.6	531.6	433.4	304.8	243.8	211	213.4	280	315.6	311.2	294.6	283.6	272.8	250.4	232.4	236.6	247.2	254.6	255.4	255.8	254.8	248.8	247.6	250.8	249.4	245.6	241	232.6	229.8	229.4	231.6	229.4	228.2	228	228.6	230	230.6	229.8	227.2	224	224.4	223.4	224	229	233.4	233.6	230.6	230.4	227.2	232	237	238.4	235.4	235	233	229.2	224.4	224.6	222	219.8	215.4	214.4	215.6	217.8	218	220.4	223.6	227.2	229.6	231.2	229.4	230.2	226.4	224.2	224.6	227	229.8	227.8	225.2	228	229.6	229.6	229.8	231	232.2	235.6	237.4	239.4	241.8	251.4	256.4	284	317.2	317.8	323.6	326.2	332.6	295	297.8	331.6	343.2	349.2	359.2	371.2	401.4	440.2	454.6	470.6	522.2	547	548.4	551.4	561.6	554	526.8	512.4	517.2	515	506.8	518.4	523	501	512.8	547.6	557.6	547	523	511.6	502.2	491.4	487	508.4	520.2	522.4	520.2	515.6	517.8	538	538	508.4	480	467.8	472.8	485.2	502.2	509.4
640.8	640.2	640.8	640.8	640.2	640.2	639	637.8	635.4	633.6	630	626.4	622.2	617.4	612	604.8	597	589.2	580.2	573	565.2	558	552	548.4	545.4	547.2	556.8	577.2	595.8	587.4	577.8	573.8	573	562.6	549.8	530.8	501.4	501.4	500.2	499.4	531	548.4	545.8	546.6	549.4	545.8	534.8	523.6	537.4	538	524.4	411.6	293.4	237.8	211	203.4	268.8	314	315.6	302.6	289.8	277.6	262.8	240.2	231.4	240.6	245.4	250.6	252.6	257.2	259.8	253	250.6	250.2	251.6	254	251.2	237.2	226.2	222	227.2	228.6	231.6	232.6	233.4	235.8	238.2	236	235.4	237.4	235.6	235.8	235.8	232.4	232	232.8	232.6	231	233.6	233.4	234.2	234.6	232.6	232.8	232.2	226.4	224	221.6	222.8	227.4	229.8	229	231.6	235.4	236	236.6	234.2	232.8	232	229.2	228.8	230.6	233.8	231.4	233.4	234.2	233	234.2	233.2	231	230.4	231	225.6	227	230.2	232.8	238.6	246.6	256.8	264.4	284.6	318.8	324.2	324.6	327.6	325.6	292.4	319.6	342.6	351	354.6	359.8	372.2	387.6	435	471.2	467.6	485.4	537.4	535.2	531	538.4	538.2	537.2	542.4	536.4	532.2	528.2	523.2	528.6	516.6	504	510.8	519.2	518.2	522.2	520.8	517	512.8	514.4	518.6	520.8	516.8	513	513.6	511	526.8	535	516.6	492.8	489.8	497.6	497.6	490.6	494.2
652.2	652.8	652.8	652.8	652.8	651.6	649.2	648.6	647.4	643.8	640.2	636	630.6	625.8	618	609.6	603	592.8	583.2	573.6	565.2	558	553.2	549.6	548.4	551.8	568.8	583.2	592.2	591	581.4	578.4	577.8	555.4	549	544.8	535.4	515.4	497.8	501.4	531.4	548	553.4	556	553.2	548.6	543.2	528.2	535.4	535.6	519.4	423.2	314.4	244.6	213.4	203.6	259.2	314	320.4	311.6	296	283.6	272.2	253.2	238.2	240.6	247	250.4	249.8	255.6	261.2	253.2	250.4	252.2	252	252.4	252.6	242.6	233.8	223.4	226.4	228.2	228.8	231.2	234.6	238.6	240.4	240.4	236.6	236.2	238.6	237.6	238.6	237.4	235.6	235.6	232.6	234.4	237	235.4	235.2	236.2	234	236	234.6	231.2	228.4	225.4	227.4	231.4	236	234.4	232.8	236.8	237.4	238	237.2	231.6	231.8	230.4	231.4	230.8	230.4	231	233.2	232.2	231	233.2	233.8	229.6	225.2	223.6	220.8	224	229.8	231	239.6	250.6	256.8	264.4	277.6	293.6	309	322.4	327.4	324.2	306.2	328.6	344.2	354.2	359.6	366.4	372.2	383.6	426.4	470.2	467.6	473.2	525.4	535	526.2	532.4	539	544	552.2	539.6	532.2	528.4	524.4	517.2	501	489.6	500	509.6	514.6	522.6	517.8	502.4	495.6	500	506.8	522	524.2	515.6	506.4	498.8	503.4	510.4	508.2	492.8	493.8	510.6	509	502.4	504.6
663	663	663	663	663	663	663	656	663	663	663	663	663	663	657	645	630	615	601.2	588.6	577.8	571.2	568.8	570.6	576	588	597.6	591.6	583.8	596.4	595.2	581.4	547.6	537.8	541.8	546	528	493.6	489.8	522.4	550	552.6	557.6	555.2	552	548.6	545.8	541.4	537.4	530.6	505.8	439.2	357.6	261.4	221.2	212.2	255.2	312.6	324.8	329	305.8	284.2	277.4	260.2	241	237.8	240	243.4	246.6	250	256.2	258.4	258	257.2	254.8	258.2	256.8	252.4	249.4	238	228	225.8	219.8	224.4	230.6	236	234.4	233.8	233.8	236.6	238.6	237.8	234.6	235	237.4	235.8	236.8	237.4	240.2	240.2	239	236.4	234.8	235.8	230.4	226.6	227.4	234.8	238.4	241.4	239.4	235.8	236.4	235.8	239.6	239.4	236.2	233.4	235.6	237.4	234.2	230.4	228.8	229.2	231.4	232	229.6	232.6	228.8	224	221.4	223	225.2	226.8	231.8	237	249.4	259.2	269.2	279	284.6	292.2	313.4	326	327.2	317.6	313	334.6	349	350.6	349	360.8	370.4	376	409.2	465	493	478.8	491	536.2	534	518.4	528	523.2	526.2	537	528.8	529.4	525.8	514.4	505	499.2	510.2	527.4	539.2	543.2	523.6	501.2	500.8	504	499.4	509.4	509	507.2	498	478.2	481.6	489.8	494.2	481.8	475.4	502.4	500.6	504.4	515.6
663	663	663	663	662.2	662.2	663	661	663	663	663	663	663	663	657	642	627.6	613.2	599.4	586.2	578.4	573.6	574.8	577.8	583.2	588	591.6	591	585.6	591.6	590.8	568.4	547.6	541.8	543.2	545.8	525	497.4	520	546.2	550.8	552.2	554.2	553.6	547.8	546.2	542.6	542.6	541.6	531.6	510.8	447	370	277.8	222.2	202.8	240.4	304.6	320.6	330.6	319	292.6	280.6	261.8	245.2	241.6	240.4	244.6	246.6	246.4	251.8	255.8	256.8	257.6	250.8	255.6	257	251.2	250.4	243.2	230.8	221.8	220.2	223.8	228.6	232.2	235.6	234.2	233.2	237.4	240.6	238.4	235	236	236.2	237.4	238.6	238.2	239.6	242.6	240.8	237.8	237.6	236	230.2	229	229.2	233.4	239.2	239.4	240.4	238.6	239	238.4	240	237.8	233.8	234.8	236.4	235.8	231	229.4	227.6	226.6	230.2	230	228	227.4	221.8	220.6	220.6	223.6	228	232.6	236.6	241.2	250.8	262.8	274.4	280	280.6	277.4	298.2	324.6	329	323.6	321.8	336.6	344	350	347.4	357.2	369.2	374.4	399.2	453	497.2	486.6	473.8	526.6	529.2	511.8	514.4	518.6	523.8	526.6	521.4	523.6	523.8	519.2	525	520.4	517.4	536.8	557.2	557.2	543.6	524	512.6	511.6	503	498.4	497.6	503.8	509	497.2	496.4	503.6	506.4	494.6	473.6	483.6	487.2	497	510.2
663	663	663	663	657.6	654.8	656.4	654.6	651	648	640.8	633	624.6	616.2	608.4	598.8	591	583.2	578.4	579	580.2	580.2	584.4	586.2	579	576	575.4	576	577.8	579.6	568.2	558.2	549.2	541.6	539.8	542.4	531	509.2	528.8	546.8	547.8	552	553.2	551.2	545.6	545.2	546.8	546	544.2	537.2	526.4	443	349.4	297.2	241.2	210.4	240	297.2	319.2	322.4	321.6	314.4	292.2	267	244.4	243.4	243.2	246	242.2	238.4	241.6	249	252.8	258	257.8	253.6	259	257	254.4	252.8	242	233.2	220	215.2	216	220.4	227.4	227.8	231.4	232	234.2	233.8	228.2	231.8	233.6	232.6	234.4	239.6	240.4	236.6	231.6	235.2	239	235.2	232.8	233.4	233.4	232.8	233.2	230.6	233.4	234.6	235	237.4	237.8	233.6	233.2	233.6	231.4	229.2	223.4	226.2	232.8	229.8	227.8	226.4	225.4	225.2	222.8	217.8	220.4	225.8	229	238	245.2	250.4	259.8	272.6	278.4	279.2	283.8	277.6	287.8	311.4	331.2	340.8	341.2	344.8	340	340.8	341.6	349.4	362.6	368.4	388.4	434.2	491.4	515.4	486.6	516	546.6	538	518.6	524.4	536.4	526.8	514	515	527.2	525.2	516	514	511.4	518.4	548	564	552	534.2	522	515	507.6	504.6	509.6	510.8	503.6	500.2	522.8	524.6	509.6	495.4	476.2	481	491	501	512.6
655.8	654.6	653.4	650.8	647.8	645	640.2	635.4	629.4	623.4	618	611.4	604.2	596.4	591	585.6	580.2	578.4	579	582	582.6	583.8	585.6	583.8	580.2	577.8	575.4	575.4	567.6	557.8	552	547	542.8	542.8	539.8	539.4	542.2	530.6	534.8	547	548.4	550.4	550	548.6	549	547	545.8	542.4	539	534	527.6	494.4	408.8	325.6	258.4	214.4	216.6	263	307.6	322.2	326.2	326.6	300.4	268.6	251.2	248.8	251.2	249	246.4	244.8	246.8	248.2	253.6	261.2	263.2	256.2	256.6	259.8	258.2	257.2	249.8	238.6	227.2	217.2	216	219.4	225	229	232.2	232.6	233.2	231	232.2	232.6	232.2	231.6	236.6	239.2	237.8	238	238	240.4	239.6	239.2	236.6	235	236	234.8	233.4	230.6	231.8	231.6	233.4	234	236.8	232.6	230	231	232	226.8	222.8	222.2	224.4	226.2	223.4	221.4	221.6	223.6	222.8	221.6	224	224.6	228	239.6	247.6	255.2	267	274.4	278.8	281.8	282	272	282.6	294.2	320	359.8	363.8	346.8	343.4	341.2	330	337.4	356.4	363.6	376.6	409	456.8	498.2	515.8	516.2	521.6	530.6	518.2	519.8	529	524.8	518.6	525.2	532.8	537	535	523	521.4	519	525.6	549	560.6	550.2	534.8	523	523	517.8	517.8	512.4	507.4	501	515.8	524.8	519.4	499.4	484.6	490.8	500.2	514	521.6
616.2	613.2	610.2	607.2	603.6	599.4	593.4	590.4	585.6	581.4	577.8	577.2	576	578.4	581.4	583.2	583.8	584.4	588.6	593.4	592.8	589.2	580.2	573.6	579	583.2	579.6	581	568.8	556	548.2	544.6	545.2	546	543.6	547	548.2	537.6	533.8	547.2	553	551.2	548.8	548.8	546	539	543.4	541	536.2	531.6	527.2	451.6	357.8	298	283.4	267.2	260.4	293.6	307.4	316.4	332.6	342.2	331.4	296.8	260.4	250.6	255.6	258	252.8	247	244.8	246.6	251.6	255.8	262.8	259.4	261	262.2	260.8	262.8	260	256.8	246.6	235.2	224	214.6	216.4	221	224.2	226.8	232	229.6	230.2	229.4	228.4	231.8	234	233.8	234.2	234.2	234.2	237.8	239.2	236.6	232.6	231.2	227.2	224.4	224.8	228.4	228	229.4	230	231.6	233.4	232.6	232.8	228.2	226.8	224.2	225.6	220.6	219.8	217.6	215.6	220.6	221	221.8	225.4	222.8	222.2	230.8	241	251.2	261.2	269.2	272.8	276.2	276.8	281.6	287.4	275.4	274	298.8	352.6	379.6	354.8	343.2	344	341.4	332.6	338.2	357.8	366.6	384.2	414.6	470.4	525	529	502.2	513.6	513.4	513.2	529.6	534.2	531.4	535.4	552	557.6	545	536.8	532.6	519.2	507.4	502.4	524.8	536.2	550.8	571.8	561.2	544	538.6	524	531.2	539.8	515.6	513.4	511.4	514.8	514.2	515.4	515.8	504.6	522.8	532.8
593.4	591	588.6	586.2	582.6	578.4	574.8	571.8	569.4	568.8	570	573	576	582	585.6	583.8	582.6	582.6	586.2	593.4	595.2	586.2	576	574.8	577.2	579	579	566.6	549	546	543.6	537.6	541.4	542.4	542.6	541	544.6	539.4	531.6	541.4	551.8	548	548.8	547.8	540.4	541	545	545.6	535.4	531.2	531.8	464.6	368	294.8	285	285.4	272.6	292	300.8	311	334.8	346	342	315	266.4	250.4	260	261.6	259.4	254.4	247.8	244.6	247.4	250.4	258.2	257.4	260.2	260.2	255.4	259.4	258.4	256.6	250.8	239.8	227.4	217.8	216	218.8	223.2	227.2	229.8	228.6	228.8	228.6	227.2	228.8	229.6	227	229	235	235	235.6	236	235	229.4	227	225.8	222	223	226.8	225.8	229	228.2	230.2	230.2	229	226.2	222.2	221.8	222.8	222	219.8	217.2	214.2	215.8	218.4	222.4	220.8	227.8	226.2	223.2	232.8	245	255.6	266.2	270.8	270.8	276	276.6	281.4	287.6	283	280.2	309.8	357	367	338	328.4	337	338.2	341.4	337.6	351	365.6	380.2	410.6	464.4	518	533.6	505.4	502	511.6	521	543.2	547.8	536	532.4	540.6	546.8	539	531.2	525	514	508	499	504.2	515.2	536.6	562.2	561	545.2	537	520.8	521.8	528.4	525.8	527.4	507.6	512.4	511.4	510.8	509.2	494.8	520.2	540
549.6	549.6	549.6	549.6	549.6	549.6	549.6	549.6	549.6	549.6	549.6	549.6	549.6	549.6	549.6	549.6	549.6	549.6	549.6	549.6	549.6	549.6	549.6	549.6	549.6	549.6	544.8	529.6	518.8	514.4	514	514	513.6	514	509.6	506	507.2	512.8	509.6	508	516	519.2	519.2	517.2	516.4	516.8	515.6	513.2	510.4	510	510.4	483.4	407	313.8	271.8	270.8	279.4	275.6	280	291.6	299.6	297.4	292	287.6	279	275.4	275.8	264.8	256.8	247.4	239	228.6	222.8	219.2	215.8	212.8	208.2	207.6	202.2	204.4	210	214	210	209	209.2	205.6	205.2	202.4	200.4	202.8	202.8	199.2	199	199.2	197.4	197.4	198.4	197.2	195	193.8	193.4	192.2	190.6	191.2	187.2	184.6	184.4	185.6	185.2	183	186.4	187.6	187.8	186	185.6	184	181.4	181	180.2	178	178	175.8	178.6	177.2	178.6	183	189.2	192.8	199	201.6	204.6	219.4	231.2	242.8	245.4	244.4	247.6	251.2	250.8	256.6	261	251	253.2	300.2	325.4	317.4	305.2	293.6	289.8	296.6	296.6	295	308.4	331.6	340.6	359.6	391.6	439.6	482.4	490.8	484.8	500.6	515.6	523.6	529.6	525.6	515.6	503.6	503.6	505.6	509.6	511.6	514.6	527.8	522.6	503.6	500.6	502.6	502.6	514.6	518.6	516.6	501.6	486.6	478.6	486.6	500.6	504.6	503.6	502.6	504	505.4	502.6	487.6	488.6
663	663	663	663	663	663	663	663	663	663	663	663	663	663	663	663	663	663	663	663	663	663	663	663	656.6	644.6	633.8	628.6	626.6	623.8	624.2	625.8	624.6	623.4	620.6	621	620.6	622.2	625.8	618.6	621.4	630.2	632.6	630.6	629.8	631	629.4	626.2	624.2	623	623	585.8	480.2	389.4	378.2	387.8	417	419	406.2	406	409.6	410	410.4	405	400.6	396	390.8	381.6	373.8	363.2	357	347.2	341.6	336.4	329.8	326.6	324.4	317.6	315.2	316.4	317.8	320.6	319.4	323.2	326	321.2	316.6	316.2	316.6	312.6	315.2	311.2	311.2	313	311.6	310	314.6	314.6	310.8	310	306.8	306	303.2	304.4	301.4	301.2	299.8	299.2	299.4	299.4	300	299	296.2	295.2	294	292.6	293.6	293.8	292	290.6	290.4	290.6	289.2	291.4	296.6	301.4	307.6	312.4	313.8	318	330.2	343	353.4	357.8	359.4	358	362.6	364.2	364.6	368.4	370.4	359.4	377.4	422	429.2	420.6	404.2	386.8	387.8	407.2	410	423	444	450	459	472.2	512	566.4	611.8	607	597	631	624	623	630.8	624.2	610.4	614.8	618	623	625	630	651	641.2	628	626	623	612	618	637	639	624	610	596	589	609.4	630	624	625	619	616	622	596	583.8	602
663	663	663	663	663	663	663	663	663	663	663	663	663	663	663	663	663	663	663	663	662.2	663	662.2	658.6	656.6	644.6	635.8	630.2	627.8	625.8	614.4	624.2	623.8	621	620.6	619.4	620.2	618.6	620.6	619.4	615.4	623.4	630.6	631.8	630.6	629.8	630.6	628.6	625	624.6	623.8	588.2	485.8	399.4	381.4	387	417	454.8	436.4	408.8	405	407.4	407.4	408	400.4	398	401.2	393.2	383.2	374.4	367	354.8	346.6	336.4	332.2	329.8	325.4	321.4	318.8	316.8	315	315.2	310.6	310.8	313.4	316.8	316.8	315.6	317.4	318.2	315.8	311.8	312.8	311.2	310.6	310	310	310.4	311.2	310.2	309.8	307.8	307.6	304.4	303	302.4	299.2	295.4	295.4	293.6	290	285.2	285.4	288	289.6	285.8	286.8	289.2	289.6	288.8	290.2	292.2	292	296.6	303	310	315.4	320.4	327	335.6	342.4	348.2	353.2	355.2	356.2	358.8	360	360.8	362	364.6	366	381.4	416.6	428.8	423.2	420	421.6	399.4	379.6	386.6	409	422	447	453	459	467	502	559	599	614.4	600	590	595	590	595	614	619.4	618.6	627	621	610	601	608	610	612	622	623	602	594	610	610	602	605	614	616	618	617	618	619	623	607	587	587	583.8	588
663	663	663	663	663	663	663	663	663	663	663	663	663	663	661.8	663	663	663	655.4	641.4	641.8	647.8	641.8	639.4	633.8	632.2	629	627	625.8	625.8	621.6	623	621.4	621	621	618.6	616.6	616.6	617.8	621.4	615.4	618.6	627.8	630.2	629.8	628.6	629.8	627.8	625	625.8	624.6	598	502.2	407.2	379.8	385.2	411	450.2	452.8	421.8	409.6	406.8	408.8	409.2	406.6	401.4	400.8	394.8	387.8	380	375	364	352.8	341.4	333.8	331.8	326.2	325	323	317.4	312.4	314.4	312.8	309	306.6	309.8	313	313.4	316.2	314.6	313.4	313	312.4	310.8	310.8	311.8	307.8	308.8	311.8	310	309.2	308.6	308.4	308.4	303.6	298.8	295.4	293.4	290.6	287.4	282.6	280	278.8	283.4	290	286.6	283.2	287.8	287.8	289.6	292.2	293.6	296.6	299.4	307.8	315.2	320.2	326	334.8	344.2	347.6	351.4	355.2	356.8	358.2	360.4	364.2	366	367	365.8	366.6	385.4	425.8	429.2	419.4	419	425.2	407	378.2	371.8	387.4	409.8	434	446.8	459	466	495	546	604	619.8	605	589	597	594	601	614	621	630	633	617	597	593	604.2	610	617	626	635	610.6	590.6	595.2	596.2	589	601	608	612	623	621	612	605	608	602	588	592	592	581
