561	561	561	561	561	561	561	561	561	561	561	561	561	561	561	561	561	561	561	561	561	561	561	561	561	561	561	561	561	561	561	561	561	561	561	561	561	561	561	561	561	561	561	561	561	561	561	561	561	561	561	561	561	561	561	561	561	561	561	561	561	561	561	561	561	561	561	561	561	561	561	561	561	559.7	555.5	553	550.3	546.5	544.4	544.5	522.1	491.2	477	461	462.6	476.1	477.2	459.9	453.4	474.9	472	448.5	452.5	479.2	488.3	488	502.7	505.7	497.2	493.4	490.6	469.8	455.4	454	437.9	429.8	449.3	451	448.1	445.9	434.3	436.7	433.7	438	451.6	452.6	455	455.6	456.7	456.2	456.3	455.5	458.8	467.5	472.7	473.9	475.6	473.2	475.9	485.3	488.3	493.6	498.6	496.6	506	529	546.2	561	561	561	561	561	561	561	561	561	561	561	561	561	561	561	561	561	561	561	561	561	561	561	561	561	561	561	561	561	561	561	561	561	561	561	561	561	561	561	561	561	561	561	561	561	561	561	561	561	561	561	561	561	561	561	561	561	561
561	561	561	561	561	561	561	561	561	561	561	561	561	561	561	561	561	561	561	561	561	561	561	561	561	561	561	561	561	561	561	561	561	561	561	561	561	561	561	561	561	561	561	561	561	561	561	561	561	561	561	561	561	561	561	561	561	561	561	561	561	561	561	561	561	561	561	561	561	561	561	561	557.2	554.8	548.2	532.1	522.1	513.9	512.2	470.1	439.4	439.3	443.7	425.6	419.3	391	365.8	364.6	348.1	339.8	343.7	349.2	345.6	350	368.8	397.9	425	426.7	410.8	404.7	412	419.9	421.4	418.8	395.1	392	395.2	370.3	356.4	366.6	378.2	382.5	376.3	363.2	368.1	416.4	449.8	440.7	441.2	449.9	449.1	449.3	451.4	454.1	457.3	451.3	453.1	461.2	460.4	467.8	473.4	474.2	474.2	477.3	477.6	483.8	493	512.6	532.6	547	561	561	561	561	561	561	561	561	561	561	561	561	561	561	561	561	561	561	561	561	561	561	561	561	561	561	561	561	561	552.6	546.3	549.1	536.5	543.5	561	561	561	561	561	561	561	561	561	561	561	561	561	561	561	561	561	561	561	561	561
561	561	561	561	561	561	561	561	561	561	561	561	561	561	561	561	561	561	561	561	561	561	561	561	561	561	561	561	561	561	561	561	561	561	561	561	561	561	561	561	561	561	561	561	561	561	561	561	561	561	561	561	561	561	561	561	561	561	561	561	561	561	561	561	561	561	561	561	559.6	553.2	546.5	542.3	540.4	535.3	525.9	512.9	508.2	504.9	490.8	458.9	427.3	412	398.7	407.5	394	372.6	354.3	342.5	344.7	344.9	346.2	353.7	352.6	363.3	361.5	344	372.2	397.5	389.8	379.1	388.2	376.2	394.9	397.4	384.4	384.3	366.9	346.7	344.1	340.7	351.9	367.7	370.9	363.8	342.6	349.6	395.3	417.2	423.3	406.8	435	445.2	444.8	444.8	447.4	447.4	436.2	449.6	454.4	460.3	465.4	469.2	471.2	473	475.4	477.5	479.8	484.1	496.8	524.6	543.3	557.2	561	561	561	561	561	561	561	561	561	561	561	561	561	561	561	561	561	561	561	561	561	561	561	561	561	561	561	561	539.3	542.1	554	542.1	549.8	561	561	561	561	561	561	561	561	561	561	549.8	549.1	553.3	554.7	561	561	561	561	561	561
561	561	561	561	561	561	561	561	561	561	561	561	561	561	561	561	561	561	561	561	561	561	561	561	561	561	561	561	561	561	561	561	561	561	561	561	561	561	561	561	561	561	561	561	561	561	561	561	561	561	561	561	561	561	561	561	561	561	561	561	561	561	561	561	561	561	561	560.4	554.2	533.4	534.8	521.4	506.6	491.4	462.3	445.6	443.1	409.2	378.3	367.3	348.7	331.8	332.7	331	330.3	326.4	342.9	356.5	348.1	358.2	364.6	346.8	354.7	344.4	346.8	344.6	323.8	320.9	323.2	336.9	347.2	369.7	378.7	355.1	354.4	375.5	390	349.8	335.5	331.6	322.7	345.8	346.5	320.5	322.6	315.2	318.9	359.6	385.8	384.2	374.6	412.4	436.4	440.7	432.8	425.1	427.1	442.9	447.9	450.9	458.7	462.5	464.4	465.4	468	467.1	459.1	442.3	449.1	474.2	487.8	507.8	531.6	557.4	561	561	561	561	561	561	561	561	561	561	561	561	561	561	561	561	561	561	561	561	561	561	561	561	561	561	561	561	561	561	561	561	561	561	561	561	561	561	561	554.7	551.2	546.3	542.1	549.8	561	561	561	561	561	561	561
561	561	561	561	561	561	561	561	561	561	561	561	561	561	561	561	561	561	561	561	561	561	561	561	561	561	561	561	561	561	561	561	561	561	561	561	561	561	561	561	561	561	561	561	561	561	561	561	561	561	561	561	561	561	561	561	561	561	561	561	561	561	561	561	561	559	551	542.6	536.4	534.9	525.3	506.2	488.7	476.7	437.8	412.4	382.2	357.5	344.2	346	338.1	328.5	320.6	311.1	308	325.9	348.6	337.5	309.1	316.5	324.6	335.3	348.7	341	325.6	322.2	289.8	285.7	309.2	310.6	310.8	352.9	366.8	343	350.2	361.2	377.4	349.1	326.9	328.6	327.9	336.2	337.9	312.2	306.7	305.2	309.6	344.1	371.8	370.6	355.8	391.1	427.6	445.1	444.4	431.1	429.4	433.4	443.9	445.7	447.7	448.5	449.5	450.6	450.8	451.8	453.3	453.8	444.6	469.6	481	492.2	509.7	536.1	557.4	560.5	561	561	561	561	561	561	561	561	561	561	561	561	561	561	561	561	561	561	561	561	561	561	561	561	561	561	561	561	561	561	561	561	561	561	558.9	561	561	556.8	548.4	556.8	554.7	561	561	561	561	561	561	561	561
561	561	561	561	561	561	561	561	561	561	561	561	561	561	561	561	561	561	561	561	561	561	561	561	561	561	561	561	561	561	561	561	561	561	561	561	561	561	561	561	561	561	561	561	561	561	561	561	561	561	561	561	561	561	561	561	561	561	561	561	561	561	561	561	556.2	539.5	523.1	509.9	492.5	469	464.2	447.2	439.7	438.4	423	384.7	360	336.6	320.4	324.5	328.7	353.4	340.1	302.3	297.4	302.1	304.6	302.9	294.1	293.1	315.4	315.1	315.1	322.2	309.3	297.9	289.5	301.6	321.9	321.5	322.1	325.6	315	325.2	343.1	346.6	325.2	307.1	316	321.6	315	304.5	321.2	317.6	298.4	297.5	303.9	303.9	320.3	332.1	345	354.3	338.5	364.6	409.9	443.2	444.3	444.4	444.6	443.8	444.2	440.4	439.9	431.4	428.8	432.2	432.9	437.9	449.2	465.3	473	474.2	476.6	481.2	500	529.8	554.6	561	561	561	561	561	561	561	561	561	561	561	561	561	561	561	561	561	561	561	561	561	561	561	561	561	561	561	561	561	561	561	561	561	561	561	561	561	561	561	561	561	561	561	561	561	561	561	561
561	561	561	561	561	561	561	561	561	561	561	561	561	561	561	561	561	561	561	561	561	561	561	561	561	561	561	561	561	561	561	561	561	561	561	561	561	561	561	561	561	561	561	561	561	561	561	561	561	561	561	561	561	561	561	561	561	561	561	557.4	561	561	561	558.1	537.2	522.1	512.1	503.3	460.4	445.8	453.7	440.4	421.8	419.7	398.2	353.8	329.4	308.4	295.2	310.2	321.9	338.2	326.4	303.6	303.6	303.3	305.9	322.7	326.8	324.7	329.3	344.5	341.5	348.8	327.1	310.2	310.7	290.3	302.3	323.5	293.9	256.8	272.1	290	283.2	277.3	268.3	271.4	298.5	300.4	286.9	301.4	301	305	306.7	297.8	287.1	291.2	313.2	350.3	362.5	326.8	335.7	366.1	416.1	442.6	443.2	443	443	442.7	443.3	436.7	423.8	429.6	443.4	420.4	406.7	432.3	453.3	460.8	467	463.7	456.1	474.6	489.8	512.6	541.4	561	561	561	561	561	561	561	561	561	561	561	561	561	561	561	561	561	561	561	561	561	561	561	561	561	561	561	561	561	561	561	561	561	561	561	561	561	561	561	561	561	561	561	561	561	561	561	561
561	561	561	561	561	561	561	561	561	561	561	561	561	561	561	561	561	561	561	561	561	561	561	561	561	561	561	561	561	561	561	561	561	561	561	561	561	561	561	561	561	561	561	561	561	561	561	561	561	561	561	561	561	561	561	561	561	561	559	551.8	555.8	557.4	548.6	530.2	517.1	502.4	488.4	470	416.4	376.1	386.9	395.1	394.1	390.7	385.3	346.8	318.6	294.3	302.1	310	323.7	328.5	320.5	322.3	306.4	298.6	309.3	331.7	330.8	330.7	335.4	322	311.1	325.5	311.8	291.7	271.1	276.5	274.5	272	280.7	256	240.6	244.9	267.1	266.1	251.3	240.6	253.7	282.6	281.2	284.5	290.3	266.4	260.6	286.3	296.6	296.8	288.9	287.1	325.1	324.7	309.9	322.1	344.2	386.8	408.8	400.1	396.4	395.5	405.3	400.1	430.6	422.1	396.1	396.3	394.7	426.7	449.6	438.6	449.3	454.6	462.1	472.6	473.8	476.6	487.4	513.4	540.2	557.4	561	561	561	561	561	561	561	561	561	561	561	561	561	561	561	558.2	561	561	554.7	554.7	561	561	561	561	561	561	561	561	561	561	561	561	561	561	561	561	561	561	561	561	558.2	553.3	543.5	537.9	558.2
561	561	561	561	561	561	561	561	561	561	561	561	561	561	561	561	561	561	561	561	561	561	561	561	561	561	561	561	561	561	561	561	561	561	561	561	561	561	561	561	561	561	561	561	561	561	561	561	561	561	561	561	561	561	561	561	561	561	556.2	549	547.3	541.5	525.2	512.3	504	492	481.6	464.3	392	349.7	364.2	367.7	363.9	354.4	338.4	311.1	317	335	331.3	324.4	337	326	316	323.6	308	294.5	295.9	310.3	290.7	275.1	282.5	275.7	261.6	264.9	254.6	251.6	245.5	257.3	248.3	249	267.9	258.5	239.9	231.4	248.7	248.6	236.4	221.8	220.9	228.7	231.1	227.9	228.6	214.2	210.4	228.5	231.3	233.7	236.4	238	273.2	297.5	296.6	313.4	320.2	353.8	378.3	381.3	373.2	389.8	420.3	407.9	428.7	425.3	392.9	377.1	381.4	415	430.1	418.2	442.7	452.9	458.4	460.9	466.7	471.7	478.2	495.4	519.8	544.6	561	561	561	561	561	561	561	561	561	561	561	561	561	561	561	556.8	561	561	561	561	561	561	561	561	561	561	561	561	561	561	561	561	561	561	561	561	561	561	561	561	561	558.9	549.1	544.9	561
561	561	561	561	561	561	561	561	561	561	561	561	561	561	561	561	561	561	561	561	561	561	561	561	561	561	561	561	561	561	561	561	561	561	561	561	561	561	561	561	561	561	561	561	561	561	561	561	561	561	561	561	561	561	561	561	558.2	548.6	539.4	532.7	523.1	511.8	502.6	492.2	478.6	467.6	461.2	456.1	441.3	419.8	366.5	344.8	327.7	304.6	292.2	308.9	340.9	330.6	316.3	321.2	327.7	338.1	340.2	342	328.9	307.2	286.4	276.7	284.4	259.7	262.4	280.8	271.8	245.8	242.1	261.4	247.5	230	241.1	230.3	232.5	248.9	233.2	212.2	221.3	226.6	216	212	216.6	214.9	215.4	217.9	221.5	213.3	196.5	198.2	199.7	200.7	205.2	213.2	221	230.8	249.8	259.3	273.3	291.8	300.9	319.4	337.4	375.6	383.7	380	405.6	388.9	360.1	365	375.3	363.5	371.7	391.4	432.9	456.3	461	461.4	463.4	467.7	470.8	473	479.4	495.8	525	558.6	561	561	561	561	561	561	561	561	561	561	561	561	561	561	561	561	561	561	561	561	561	561	561	561	561	561	561	561	561	561	561	561	561	561	561	561	561	561	561	561	561	561	561
561	561	561	561	561	561	561	561	561	561	561	561	561	561	561	561	561	561	561	561	561	561	561	561	561	561	561	561	561	561	561	561	561	561	561	561	561	561	561	561	561	561	561	561	561	561	561	561	561	561	561	561	561	561	561	560.2	553.4	539.7	528.2	522.6	510.5	501.4	495.6	481.9	471.6	465.3	460.4	443.9	431.4	425.4	361	336.6	319.5	312.8	313	325.2	334.8	323.6	311.6	310.9	313	309	313.1	306.8	299.6	288.5	251.6	242.8	262.7	246.3	239	253.1	256.5	226.5	230.2	245.1	223.4	218.9	230.3	222.5	220.9	225.9	210.1	204.1	205	207.2	204.6	204.9	211.1	211.4	209.3	207.6	212.6	210.5	194.3	197.2	197.3	194.2	199	196.6	191.9	194	192.1	195.9	201.2	211.7	223.1	246.5	287.7	334.6	371.3	384.1	403.8	386.8	349.6	358	364.3	334.6	338.6	380	410.2	438.2	458.5	467.2	473	470.7	466.4	469.8	473.3	482.2	499.8	524.2	543	561	561	561	561	561	561	561	561	561	561	561	561	561	561	561	561	561	561	561	561	561	561	561	561	561	561	561	561	561	561	561	561	561	561	561	561	561	561	561	561	556.1	557.5
561	561	561	561	559.8	561	561	561	561	561	561	561	561	561	561	561	561	561	561	561	561	561	561	561	561	561	561	561	561	561	561	561	561	561	561	561	561	561	561	561	561	561	561	561	561	561	561	561	561	561	561	561	561	553	544.6	539.8	536.6	524.9	513.9	501.4	486.5	472.8	437.7	425.2	431.4	427.9	401.4	371.3	363.3	355.6	327.6	337.1	328.1	321.8	320	322.6	303.8	305	306.9	296.4	284.6	269.2	265.2	264.5	254.1	253.3	248.4	218.6	223.3	243.1	235.9	234	241.5	219.5	212.9	217.7	212.4	206.9	212.6	222.5	244.1	232.8	205	204.8	204.3	201.9	204.8	209.1	210	209	208.5	199	198.6	200.4	195.8	201.9	199.1	195.5	198.4	196.2	193.6	192.9	186.5	184.7	188.5	191.5	199	210.8	221	243.4	287.6	325.9	341.7	335.2	327.1	333.9	335.5	307.9	300.9	343.6	354.7	350.1	400	439.1	462.5	473	470.5	469.5	471.4	472.6	475.4	485	513	553	561	561	561	561	561	561	561	561	561	561	561	561	561	561	561	561	561	561	561	561	561	561	561	561	561	561	561	558.9	561	561	561	561	561	561	561	561	561	561	548.4	531.6	525.3
561	561	561	561	561	561	561	561	561	561	561	561	561	561	561	561	561	561	561	561	561	561	561	561	561	561	561	561	561	561	561	561	561	561	561	561	561	561	561	561	561	561	561	561	561	561	561	561	561	561	561	561	561	549.8	540.2	535.4	528.2	516.5	501.7	487.8	476.9	459.2	405	398.6	413.8	398.2	376.9	343.4	327.2	300.6	289.4	318.9	308.6	286.5	269.7	257.2	243.2	244.4	246.9	238.7	236.5	237.8	242.7	247.4	238.6	236.3	232.9	213.7	213.5	226.2	214.1	210.6	212.9	200	201.1	204.7	199.1	191.5	205.2	219.7	236.4	223.7	200.7	200.6	210	209	208.6	214.2	220.6	216.6	206.1	203.9	200.5	199.8	193.9	198.9	197.5	201	200.8	195.3	195	207.2	199.7	190	186.8	185.6	188.4	199.1	210.2	214.3	229.7	255.6	294.3	320.7	317.6	319.2	319.1	297.1	293	317.1	326.2	320.1	354	401.9	436	458.7	468.2	467.8	469.6	464.9	468	478.6	493.8	534.2	561	561	561	561	561	561	561	561	561	561	561	561	561	561	561	561	561	561	561	561	561	561	561	561	561	561	561	558.9	561	561	561	561	561	561	561	561	561	561	561	549.1	537.9
561	561	561	561	561	561	561	561	561	561	561	561	561	561	561	561	561	561	561	561	561	561	561	561	561	561	561	561	561	561	561	561	561	561	561	561	561	561	561	561	561	561	561	561	561	561	561	561	561	561	561	561	551.8	537.4	525.9	520.1	513.9	501.2	483.3	463	424.1	378.2	343.6	334.4	328.7	324.8	317.3	309.9	299	262.9	253	274.1	264.7	253.6	247.2	242.3	230	224.1	226.7	227.9	229.2	229.5	233.3	237.3	241.4	243.5	241.4	224.9	209.9	200.4	192.8	191.8	191.3	182	188.7	186.4	183.4	184.9	190.2	218.3	219	197.4	191.2	193.7	201.2	199.9	202.8	207.6	210.7	209.6	207.8	208.9	203.5	199	193.8	193.7	195.9	199.6	193.8	186.9	186.5	194.4	191.3	189.9	193.1	188.8	186.5	186.5	198.3	207.7	214.8	219.3	238.2	282.2	287.4	284.6	288	290.4	288.3	297.6	316.9	308.2	303.8	324.8	360.4	414.3	458.6	465.3	464.8	461.3	464.5	473.8	475.4	482.4	508.9	549.8	561	561	561	561	561	561	561	561	561	561	561	561	561	561	561	561	561	561	561	561	561	561	561	561	561	561	561	561	561	561	561	561	561	557.5	557.5	558.2	561	561	561
561	561	561	561	561	561	561	561	561	561	561	561	561	561	561	561	561	561	561	561	561	561	561	561	561	561	561	561	561	561	561	561	561	561	561	561	561	561	561	561	561	561	561	561	561	561	561	561	561	561	561	555.4	542.6	528.8	516.4	509.9	499.4	486.8	465.3	435.2	395	351.8	325.8	313.3	309	311	307	270.9	254.6	241.7	247.9	253.9	247	242.1	239.2	222.3	218	216.9	211.1	214.2	213.8	216.3	212.5	213.3	219.4	233.4	243.7	241.9	232.5	226.4	222.4	218.9	210.3	196.5	202.7	193.4	189.2	192.6	191.3	204.1	203.9	195.5	188.3	187.5	190.4	192.2	194.1	195.5	197.9	199.1	203.2	211.1	210.6	209.1	207.9	205.4	207	204.4	202.8	198.2	199.1	197.8	195.6	193.9	189.9	183.4	186.5	191.7	197.5	202.8	206.2	209.6	218.5	250.7	292.8	283.8	284	287.1	284.9	288.6	306.6	305.5	297.2	310.2	343	393.7	441.2	452.4	454.2	454.2	457	467.1	472.7	477	491.4	527.8	561	561	561	561	561	561	561	561	561	561	561	561	561	561	561	561	561	561	561	561	561	561	561	561	561	561	561	561	561	561	561	561	561	554.7	561	561	561	561	561
561	561	561	561	561	561	561	561	561	561	561	561	561	561	561	561	561	561	561	561	561	561	561	561	561	561	561	561	561	561	561	561	561	561	561	561	561	561	561	561	561	561	561	561	561	561	561	561	557.4	549	538.6	530.6	528.2	519	506.5	493.5	477	437.4	378.6	337.2	316	303.4	298.5	296.5	293.3	293.9	283.8	243.5	223.7	215.1	223.7	237.1	232.3	222.4	222.3	211.7	204.7	202.3	193	195.9	198.1	196.2	195.3	192.8	199.8	207.6	212.1	223.5	224.9	225.3	223.3	227.6	220.2	205.2	202	200	195.3	190.1	186.9	196.8	193.5	185.2	182.3	178.9	180.1	181.3	185.9	184.6	179.8	182.1	189.6	197.8	201.6	202.9	204.2	208.1	209.9	209.2	206.7	200.7	202.2	200	194.6	192.8	192.3	184.9	181.3	183	189.3	192.1	199.5	204.5	206.4	216.9	264.6	276.1	279.4	279.9	283	284.2	285.9	290.3	294.8	294.8	315.3	375.9	428.5	448.4	450.7	451.6	452.2	462.1	469.6	473.2	475.4	479	502.6	545.8	561	561	561	561	561	561	561	561	561	561	561	561	561	561	561	561	559.6	556.1	558.9	556.8	561	561	561	561	561	561	561	561	561	561	561	561	561	561	561	561	561
561	561	561	561	561	561	561	561	561	561	561	561	561	561	561	561	561	561	561	561	561	561	561	561	561	561	561	561	561	561	561	561	561	561	561	561	561	561	561	561	561	561	561	561	561	561	560.1	555.2	550.8	544	532	518.3	512	504	491.3	478.3	467	436.6	380.9	332.6	325.2	305.7	299.6	298.3	290.7	256.9	220.5	208.6	212	214.3	212.4	209.8	202.2	197.2	197.6	193.7	190	185	179	177.9	175	173.7	176.9	180.2	190.8	193.9	193.2	201	198.7	203.4	210.1	219.5	224	228.9	233.3	226.4	218.7	211.6	199.6	204	207.6	205.6	203.2	195.5	189.1	192.7	201.7	197.4	190.5	189.8	191.5	192.1	192.4	190.8	193.1	199.1	202.8	211	212.2	203.8	203.2	203.6	196.3	194.8	193.8	194.9	189.4	180.8	184.2	186.1	187.3	189.3	197.9	205.9	229.4	259.7	273	279	282.3	286.6	283.7	284.8	290.1	290.8	300	331	377.7	422.6	445.2	449.2	449.6	452.1	457.3	462.6	472.3	477	487.4	527	553.3	561	561	561	561	561	561	561	561	561	561	561	561	561	561	561	559.6	551.9	556.8	561	561	561	561	561	561	561	561	561	561	561	561	561	561	561	561	561	561
561	561	561	561	561	561	561	561	561	561	561	561	561	561	561	561	561	561	561	561	561	561	561	561	561	561	561	561	561	561	561	561	561	561	561	561	561	561	561	561	561	561	561	561	561	560	549.6	540.1	529.2	523.3	515.9	506.3	496.3	484.7	462.5	419.6	406.9	394.6	346	311.7	304.1	297.5	289.4	284.7	281.5	237.9	210.7	204.2	202.1	205.5	205.1	203.1	200.1	193.7	188.9	185.9	186.8	185.8	178.1	173.6	172	171.4	171.9	172.7	177.1	181.4	189.3	194.2	189.7	189.5	195.2	204.1	212.1	222	229.6	226.5	217.5	213	206.9	201.6	194.6	199.2	201.1	201	200.9	203.8	205	202	198.4	198.8	199	194.6	194.1	194	194.2	191.8	194.9	204.1	208.3	204.4	201.6	202.9	200.1	194.8	190.9	193.2	191.3	187.3	186.8	186	188.2	190.9	190.2	195.5	205.7	230.1	254.5	266.4	279.6	283.3	282.6	286.8	290	289	286.2	289.6	301	322.7	352.4	407.7	432.9	424	442.1	460.3	469.1	476.2	477	480.2	506.6	548.2	561	561	561	561	561	561	561	561	561	561	561	561	561	561	561	561	561	561	561	561	561	561	561	561	561	561	561	561	561	561	561	561	561	561	561
561	561	561	561	561	561	561	561	561	561	561	561	561	561	561	561	561	561	561	561	561	561	561	561	561	561	561	561	561	561	561	561	561	561	561	561	561	561	561	561	561	561	561	558.9	552.9	545.4	541.2	531.8	525.9	519.9	507	499.6	488.9	470.7	440.8	391.4	363.8	318.6	276.5	260.1	257.3	262	274	265.7	225.6	208.7	201.8	194.5	199.9	206.7	206.2	196.4	190.3	186	183.7	180.7	181.5	178.1	180.4	181.3	181	183	185.9	191.9	190.1	188.4	186	179.6	170.2	167	172.2	178	185.9	191	204.1	216.7	224.2	227.8	220	204.9	188.5	185.6	188	190.7	195.3	197.5	196.7	196.9	193.9	196.1	198.9	198.5	198.2	195.1	189.4	183.9	183.9	188.4	190.7	191.2	195.2	195.3	193.9	189.7	183.8	184.5	183.3	182.7	184.2	183	186	195.8	202.5	197.7	198.6	203.6	211.7	219.7	234.5	261.5	285.3	286.4	286.9	283.3	283	294.4	299.1	324.3	357.1	401.2	444.5	440.1	446.4	453.1	458.2	462.7	471.4	476.6	488.6	527.4	561	561	561	561	561	561	561	561	561	561	561	561	561	561	561	561	561	561	561	561	561	561	561	561	556.1	554	561	561	561	561	561	561	561	561	561
561	561	561	561	561	561	561	561	561	561	561	561	561	561	561	561	561	561	561	561	561	561	561	561	561	561	561	561	561	561	561	561	561	561	561	561	561	561	561	561	561	561	561	549.1	535.8	531.4	527.5	522.3	520.1	509.2	495.3	484.9	466.6	434.3	393.3	348.5	322.4	275.5	233.3	250.5	246.1	232.2	250.2	243.8	216.2	212	205.5	196.4	200.6	206.5	199	187.8	182.2	181.3	180.5	177.6	175.4	177.3	179.9	181.5	180.9	178.1	181.6	186.3	191.6	194.5	190	181.4	174.4	168	164.8	164.2	171.4	176.7	180.8	195.4	213.5	223.2	230.8	220.3	206.7	198.8	192.1	188.8	193.7	194.6	192.3	190.3	185.1	185	188	192.8	192.4	191.5	187	181.6	181.1	181.6	182.6	179.7	182.2	183.5	182.9	182.3	176.4	180.9	184.2	185.6	185.3	182.8	183.6	190.2	195.6	199.8	208	209.3	214.5	219.5	224.6	235.8	254.6	273.4	282.9	289.4	286.3	294.3	309.2	318.2	344	359.1	418.5	448.1	446.8	447.5	452.7	458.4	464.8	473.1	475.4	481	505	545.8	561	561	561	561	561	561	561	561	561	561	561	561	561	561	561	561	561	561	561	561	561	561	561	558.2	561	561	561	561	561	561	561	561	561
561	561	561	561	561	561	561	561	561	561	561	561	561	561	561	561	561	561	561	561	561	561	561	561	561	561	561	561	561	561	561	561	561	561	561	561	561	561	561	561	561	561	552.6	543.2	538.4	529.8	523.8	517	512.4	498	485.9	475.3	453	404.1	366.5	318.7	259.7	234.4	234.8	240.1	217.8	225	211.5	205	208	202.3	202.8	203.7	204.6	194.2	185.3	182.6	181.3	178.5	177.2	175.5	177.5	176.2	175.8	176.5	176.6	173.6	173.9	175.8	178.9	181.7	190	200.3	205.1	199.5	186.1	174.2	165.5	158.7	156.2	160.7	168.2	182.3	204.7	219.7	227.7	227.9	218.1	203.9	202.5	201.6	196.5	193.5	193.4	193.1	188.5	185	188	187.8	183.3	183.1	186.1	184.4	182.1	178.6	174.9	175.3	173.9	177.6	178.1	178	181.9	185.4	182.6	184.8	191.2	194.9	189.7	186.6	195.9	202.8	204.8	209.2	214.5	217.9	228.1	245.1	257.3	267.1	274.1	284.6	297.4	308.9	325	344.7	397.7	447.9	446.3	447	451.1	453.3	452.6	456	465.1	477	487	522.7	561	561	561	561	561	561	561	561	561	561	561	561	561	561	561	561	561	559.6	552.6	556.8	561	561	561	561	561	561	561	561	561	561	561	561	561
561	561	561	561	561	561	561	561	561	561	561	561	561	561	561	561	561	561	561	561	561	561	561	561	561	561	561	561	561	561	561	561	561	561	561	561	561	561	561	561	559	550.2	535.3	529.5	525.2	518.4	513	505.1	496.4	484	468.9	431.1	383.2	348	323.4	282.6	232.3	211.4	224.1	227.1	205.3	214.9	205.6	196.4	197.4	195.1	198.1	195.5	190.3	183.2	179.7	181.1	179.4	176.1	173.8	175	174.9	174.2	173.2	168.6	168.9	173	173	171.2	171.3	174.9	177.1	186.5	196.3	203.9	201	188.9	181.9	172	156.8	152.9	155.1	158.8	168.9	186.3	208.3	223.1	223.9	216	206.3	204.2	201.6	198.6	194.8	194.6	194.1	190.6	191.3	187.5	181.7	182.9	187.1	184.9	179.6	176.2	177.3	176	172.1	175.3	177.5	173.8	178.8	181.4	177.1	182.2	188.9	186.7	188.7	190.8	192.2	194.2	194.9	199.4	200.1	209.2	219.2	231.9	250.8	266.2	276.9	286.8	294.9	311.6	333.8	316.1	344.2	403	447.1	447.3	447.2	449.7	451.9	452.9	461.1	472.2	476.2	484.2	514.6	554.2	561	561	561	561	561	561	561	561	561	561	561	561	561	561	561	553.3	538.6	556.8	561	561	561	561	561	561	561	561	561	561	561	561	561
561	561	561	561	561	561	561	561	561	561	561	561	561	561	561	561	561	561	561	561	561	561	561	561	561	561	561	561	561	561	561	561	561	561	561	561	561	561	561	561	554.2	542.9	532.1	531	521.9	511.9	504.2	498.8	491.7	469.5	445.3	425.2	377.2	299.9	257.4	226.9	203.2	200.2	221.6	209.8	204.8	193.4	194.3	197.5	189.4	189.4	189.6	184.4	179.4	176.8	175.4	173	169.5	169.8	170.9	168.5	166.2	165.5	164.4	158.6	157	156.9	157.5	156.4	158.9	162.4	164.6	169.9	169.3	181.2	190.3	201.5	211.5	206.3	195.1	179.1	165.2	153.8	150.3	153.2	160.8	181.6	201	214.2	219.9	222.6	215.9	206	200.1	200.3	199.6	202.8	204.3	202.9	199.4	197.2	196.3	194.3	191	182.3	181.5	181.4	176.9	183.7	187	185.9	185	183	179.4	180.7	177.1	176.7	182	188	193.6	196.7	196.9	193.5	194.4	194.8	196	197.7	211.4	238.6	271.2	297.6	291.8	313.4	335.9	313.6	353.7	399.5	440.2	447.6	446.1	447.9	451.6	452.1	452.7	457.4	469.1	480.2	498.2	539.4	561	561	561	561	556.8	561	561	561	561	561	561	561	561	561	561	559.6	547	561	561	561	561	561	561	561	561	561	561	561	561	561	558.9
561	561	561	561	561	561	561	561	561	561	561	561	561	561	561	561	561	561	561	561	561	561	561	561	561	561	561	561	561	561	561	561	561	561	561	561	561	561	559.4	551.4	545	535	526.5	525.8	516.1	504.5	495.4	485.5	471.5	391.8	345.6	332	287	275.6	249.7	213	197.7	189.9	210.4	205.6	194.7	188.4	193.1	196.1	188.3	184	182	180.1	176.3	173.2	168.5	165.7	166.1	166.7	168.3	165.6	161.6	159.1	158.1	154.9	148.4	136.3	127.9	123.2	117.2	116.4	111.7	104.6	112.7	124.4	132.1	139.2	150.7	154.7	146.5	138.7	126.4	109.8	89.4	79.5	78.5	86	102.1	132.8	156.2	176.2	187.6	189.4	191	191.2	188.3	184.7	199	205.1	207.2	204.5	205.1	203.2	201.4	194	190.8	190.5	183.2	183.7	187.6	186.7	186	183.6	183.2	183.3	180.3	179.3	182.6	183.6	188.1	193.5	199.2	199.6	195.6	192.9	196.1	198.3	199.3	209.4	239.4	280.3	305.1	315.2	303.1	299.7	328.9	383.8	430.5	424.3	430.1	445.6	448.4	451.7	452	454.6	464	474.7	479.4	492.2	529.8	561	561	561	556.1	558.2	561	561	561	561	561	561	561	561	554.7	554	561	561	561	561	561	561	561	561	561	561	561	561	561	561	561
561	561	561	561	561	561	561	561	561	561	561	561	561	561	561	561	561	561	561	561	561	561	561	561	561	561	561	561	561	561	561	561	561	561	561	561	561	561	554.2	545	539	533.8	529	517.6	506.9	482.6	468.9	458.7	408.4	353.7	316.1	262.8	236.2	232.9	201.9	192.2	189.3	193.9	208.2	197.6	189.4	195.2	193.8	187.4	185.4	178	170.6	171.6	169	166.1	167	163.3	162	160.8	158.7	155.6	148.8	143.8	142.5	137.1	107.3	95.1	91.9	90.5	79.1	67	60.9	67.9	70.1	74.3	80.3	81.9	90.3	102.6	104.9	109.6	115.4	113.1	100.5	88.7	78.3	65.6	60.4	67.2	79.4	103.5	127.7	151	166.3	175.1	178.5	185	196.4	207.2	202.5	196.8	198.2	201.9	206	206.9	210	209.1	204.8	199.7	194.8	194.8	195.2	200.8	197	195.4	197.1	197.9	199.2	194.9	195.8	195.3	198.6	202	204.5	206.3	207.5	207.5	203.1	203.7	221.7	240.4	270.7	293	281.2	283.4	313.5	382.8	431.5	419.3	433.2	446.3	447.5	451.8	452.5	452.3	453.9	460.4	472.1	482.6	509.4	553.4	561	561	561	556.8	557.5	561	561	561	561	561	556.8	551.2	556.8	561	561	561	561	561	551.9	561	561	561	561	561	561	561	561	561	561
561	561	561	561	561	561	561	561	561	561	561	561	561	561	561	561	561	561	561	561	561	561	561	561	561	561	561	561	561	561	561	561	559.8	561	561	561	559	549.8	536.6	529	527.4	526.6	521	505.6	485.7	458.6	417.8	431.7	419.2	360.7	301.3	245.7	228.9	204.5	184.5	178.5	183	191.6	206	196.9	187	192.5	194.2	186.7	184	178.7	168.6	165.6	161.2	162.5	164.3	161	160.1	157.8	152.4	137.3	106.1	78.8	67.2	62.8	51.2	38.9	38	35.3	35.5	33.8	33.1	37.8	38.7	41.3	48.1	55.6	67.6	78.5	90.3	98.5	99.9	102.9	103.2	98.8	90.6	73.1	58.5	55.4	53.4	53.3	62.2	73.6	87.7	102.5	118.5	133.1	141.5	169.6	184.5	183.4	187.8	193.4	196.9	199.8	209.4	208.7	203.3	201.6	201.4	198.7	198.7	206.1	205.4	205.5	204	201.2	201.8	198	197.5	195.3	193	195.2	201.7	201.6	199.9	197.7	196.9	200.3	211.7	229.5	244.6	276.5	279.7	274.8	294.4	330.9	410.9	442.9	444.8	445.9	445.8	447.8	451.4	452.4	452.4	452.6	458.9	471.5	477.4	494.6	530.6	561	561	561	558.9	561	556.8	554.7	559.6	558.9	553.3	559.6	561	561	561	561	561	561	554	544.2	538.6	538.6	538.6	557.5	561	561	561	561	561
561	561	561	561	561	561	561	561	561	561	561	561	561	561	561	561	561	561	561	561	561	561	561	561	561	561	561	561	561	561	561	561	561	561	561	561	556.2	545.8	533.8	525	523.8	518.9	471.3	426.9	420.9	419.9	365.3	349.9	328	278.1	235.8	215.3	203.5	192.1	185.2	181.8	182.5	191.5	197.7	185.7	187.3	189.6	185.4	182.2	175.4	165.8	162.6	157.7	154.9	158	156.9	152.4	151	139.5	121.8	115.8	100.3	71.8	54	51.8	48.8	39.6	38.2	35.6	33.1	31.1	30.1	30.6	27.8	28.5	32.6	38.3	41	47	59	69.6	79.9	87.9	97.4	104.2	109.8	104.4	98.6	87.9	73.7	61.4	57.4	56.5	58.3	60.2	67.4	80.7	95.9	115.2	134	151.4	173.5	183.6	185.4	191.3	202.3	204.6	205.8	206.2	201.8	202.1	207.7	208.8	204	201.1	195.9	190	187.9	188.9	189	187.4	184.2	184	184.2	184.2	181.5	176.3	180.4	185.7	190.1	200.3	212.1	242.5	252.8	246.5	246.5	269.7	345.3	400.8	442.8	445.9	445.5	446.2	450.2	452.7	451.1	449.8	450.4	456.2	465.2	475.6	496.8	541.9	559.8	561	561	561	557.5	548.4	561	561	561	561	561	561	561	561	561	561	561	551.9	531.6	531.6	542.8	561	561	561	561	561	561
561	561	561	561	561	561	561	561	561	561	561	561	561	561	561	561	561	561	561	561	561	561	561	561	561	561	561	561	561	561	561	561	561	561	561	561	549.8	536.2	525	517.6	515.4	498.4	436.5	400.8	410.7	374.4	314.2	294.7	248.7	210.4	204.8	203.6	198.1	191.7	184	179.8	180.2	190	197.1	189.2	189.3	190	184.7	182	171.4	162.8	161.4	157.6	156.8	151.8	122.1	105.1	93.3	74.5	60.4	54.7	51	45.3	41.1	40.8	41.2	38.5	32.9	30.1	32.4	33.1	30	26.9	26.7	27.1	29.4	36.9	39.3	34	36.4	48.8	61.7	74.8	84.5	95.1	101	101.1	106.4	106.8	94.9	81.3	70.4	58.6	56.8	54.9	58	64.8	76.4	87.1	96.6	101.8	110.6	133.3	142.4	153.7	174.5	193	199.8	199.1	201.2	204.8	207.8	200.2	197.3	193.3	182.8	176.4	173.6	173.3	176.5	171.8	177.2	180.9	181.8	177.2	174.1	171.7	173.9	175.9	182.2	187.4	192.1	204.5	223.5	228.1	236.8	232.2	279.4	354.8	415.6	445.1	447.9	446.8	446.2	451	452.2	450.8	449.8	452.7	459.5	462.6	470.6	495.4	542.7	561	561	561	561	561	561	561	561	561	561	561	561	561	561	561	561	561	561	561	561	561	561	561	561	561	561
561	561	561	561	561	561	561	561	561	561	561	561	561	561	561	561	561	561	561	561	561	561	561	561	561	561	561	561	561	561	561	561	561	561	561	556.2	545.8	533	522.5	511	495	421.3	404.9	466.3	434.8	325.3	319.2	282.8	210.1	197.7	198.8	198.3	197.7	197.4	197.2	196.6	198	199	190.6	184.7	188.3	187.3	180.4	172.8	164.5	160.1	157	149.5	137.5	116.6	97	80.6	68	57.1	55.1	51.7	46.6	45.3	43.8	42	40.6	40.8	35.5	34.3	33.4	33.9	33.6	30.4	27.8	28.2	29.7	34.3	38	36.6	31.4	33.9	35.6	37.4	43.7	50.3	55.7	62.5	72.9	85.6	99.4	101.7	95.9	89	85.1	80.8	75.4	71.9	73.3	76.5	84.9	93.4	97.8	107.6	116	131	147.5	173	185.3	186.2	190.7	196.4	194.1	193.3	193.7	184.2	174	164.5	156.4	151.9	150.3	149.4	152.3	157.8	161.2	162.8	159.7	161.9	163.3	162.9	164.6	168.1	169.6	174.2	178.1	179.2	187.8	192.2	222.1	289.3	333.1	366.5	423.4	443.5	441.5	450.8	452.1	449.9	448.2	449.7	453.5	455.7	462.4	480	521	557.6	561	561	561	561	561	561	561	561	561	561	561	561	561	561	561	561	561	561	561	561	561	561	561	561	556.8
561	561	561	561	561	561	561	561	561	561	561	561	561	561	561	561	561	561	561	561	561	561	561	561	561	561	561	561	561	561	561	561	556.6	553	548.2	541	533.4	527.4	518.4	501.4	426.2	416.2	443.7	394.7	318.8	271.1	265.4	243.8	218	199.2	198.3	195	197.3	198.2	198.6	202.4	204.9	200.1	185.3	182.3	187.1	187.4	178.8	167.6	155.4	141.8	127.4	100.4	77	62.9	59	54.3	49.2	45.5	48.4	45	44.6	47.3	42.7	39.7	42.4	39.4	38.7	36.6	33.5	38.1	36.1	31.1	30.5	31.6	34.3	35.1	38.4	40.1	36.9	35.5	33.3	33.9	31.7	37.2	42.5	51.6	61.5	74.9	84.6	90.9	95.3	95.1	95.3	87.4	77.9	74.9	74.1	76.4	83.6	91	93.2	87.9	96	108.6	119.9	142.4	164	173.2	193.7	194.7	191	190.3	185.7	177.9	169.5	159.8	154.8	150.5	150.8	150	151	154.2	155.4	155.1	156.1	160	158.9	157.2	157.4	157.5	157.3	163.3	165.4	163.8	163.9	171.7	181.1	189.6	214.1	253.9	320.7	350.7	381.8	437	450.3	451.8	451.5	448.5	450.1	454	457.4	463	479.7	522.1	559.8	561	561	561	561	561	561	561	561	561	561	561	556.8	558.9	559.6	561	561	561	561	561	561	561	561	561	561
561	561	561	561	561	561	561	561	561	561	561	561	561	561	561	561	561	561	561	561	561	561	561	561	561	561	561	561	561	561	561	561	553.8	548.6	544.2	535.8	527.8	521.6	489.7	414.5	397.3	413.8	375	319.7	278.7	257.9	229	209.2	200.1	189.6	189.3	193.3	195.4	198.1	201.4	205.2	207.1	189.1	178.7	177.9	183.4	180.4	169	148.3	132.4	120.6	102.6	77.5	60.7	57.4	53.8	48.8	45.4	45.8	44.5	42.8	44.8	47.7	44.6	38.6	41.6	40.9	39.4	39.1	35.9	35.1	36.4	35.3	34.4	34.7	34.9	37.1	38.7	39.6	39.9	37.1	37.5	38.1	38.1	38.7	40	44.8	46.1	49.5	53.4	58	68.1	75.1	83.6	84.2	79.3	77.6	77.4	77.9	82.1	88.5	89.1	91.1	93	97.5	113	122.2	141.6	160.7	183.6	184.6	183.5	180.6	181.2	179.1	173.2	168.8	171.1	167.3	158.1	150.2	147.5	147.9	149.5	147.6	149.1	149.5	150.8	150.4	149.1	152	154.1	158.9	162.8	164.4	166.1	167.6	167.8	174.1	189.2	206.9	227.6	272.5	327.9	391.8	448.7	450.8	451.1	449.3	449.4	455	457.8	460.4	469.7	508.3	552.6	561	561	561	561	561	561	561	561	561	561	561	561	561	559.6	554	561	561	561	561	561	561	561	561	561
561	561	561	561	561	561	561	561	561	561	561	561	561	561	561	561	561	561	561	561	561	561	561	561	561	561	561	561	561	561	561	561	547.8	539.4	533	523	515.8	510.2	456	395.8	384.4	376.7	353.5	294.8	241.5	224.4	225.3	207	195.7	192.6	181.7	185.9	190.3	189.7	196.4	199.8	200.9	185.3	168.2	169.4	176	155.1	112.8	79.1	68.2	61.4	57	57.3	55.3	52.1	49.9	45.1	42.4	41.6	42.1	43.6	42.7	45.8	48.2	42.7	38.4	43.1	38.7	39.3	39.7	38.6	37.4	36.7	35.9	35.2	37.8	39.1	41.6	40	36.4	37.7	39.6	41.1	40.2	42.1	39	41.7	42.9	44.6	48.4	52.1	58.3	68.9	76.1	80.2	79.3	77.6	77.7	75.4	73.7	75	79.8	82.5	83.2	86.9	97.1	105.4	113.2	129.1	149.4	170.9	181.2	178.6	177.8	173.7	169.1	166.5	170.1	170.5	166.7	161	155.9	152.4	152.2	151.1	149.7	147.4	148.4	152.3	154.3	156.2	156.7	155.3	159.9	162	161.4	163.5	161.9	163.5	179.7	208.9	235.8	255.4	289.2	320.5	348.5	391.3	423.7	434.8	439.5	451.3	457.7	460.6	463.3	478.5	504.6	544.6	561	561	561	561	561	561	561	561	561	561	561	561	561	561	561	561	561	561	561	561	561	561	561
561	561	561	561	561	561	561	561	561	561	561	561	561	561	561	561	561	561	561	561	561	561	561	561	561	561	561	561	561	561	561	561	543	533.4	527.4	499	480	430.3	393.6	391.5	384.7	372.8	340.6	284.1	243.4	223.9	220.5	215.4	212.1	209.2	197.9	192.6	185.8	178.8	179.6	184.8	184	179.6	166	163.4	156.2	125.4	89.2	67.9	61	56.7	55.1	55.3	56.1	52.4	42.3	41.2	42	41.1	40.1	41.8	37.8	39.8	45.9	42.6	39.1	43.1	40.1	37.2	39.1	43.5	41.3	39.4	36.6	40.1	43.1	42.5	41.3	41.4	36	36.1	35.5	39.9	40.9	36.1	31.8	35.7	38	37.6	38.7	39.3	42.1	45.3	53.1	68.3	77.8	80.1	76.2	68.6	66.8	67.6	67.1	64.4	67.7	69.9	79.9	98.1	116.9	125.8	135	154	168.2	169.6	165.4	161.4	156.8	154.6	155.9	159.3	164.1	168.6	166.4	163.9	159.4	157.7	156.3	155	155.9	158.6	160.9	157.9	152.5	151.9	154	152.5	151.1	153.8	150.5	155.4	175.8	198.5	226.5	256	277.6	315.2	329.5	334	383.7	420.2	437.8	449.9	453.5	459.1	461.1	465.3	487	525.8	561	561	561	561	561	561	561	561	561	561	561	561	561	561	561	561	561	561	561	561	561	561	561
561	561	561	561	561	561	561	561	561	561	561	561	561	561	561	561	561	561	561	561	561	561	561	561	561	561	561	561	561	561	559.4	549	534.6	525.4	504.4	479	453.6	421.8	397.8	390.5	378.3	342.8	290.1	258.6	243.4	222.4	213.6	213	210.4	205.6	204.5	197.7	188	184.3	177.4	174.1	170.3	157.2	137.5	115.3	97.1	77	62.5	57.8	55	55.9	56	51	48.3	46.5	43.4	38.2	38.5	37.2	35	40.2	36.4	37.5	45.6	46.6	39.3	41.6	42.8	40.8	38.1	39.7	45.2	42.9	40.5	43.3	48.6	48	45.8	44.2	36.5	40	40.8	40.2	42.3	39.1	35.9	38	40.2	39.1	39.7	39.5	43.6	42.6	43.6	54.8	69.6	78.2	74.9	72.6	72.1	69.2	69.6	71.1	71.2	72.1	78.6	84.3	96	106.1	114.8	135.2	164.1	168.3	158.4	160.2	158.1	157.9	155.5	153.2	153.6	158.9	161.3	162.6	160.9	157.1	154.7	153.9	151.7	151.4	153.3	151.7	149	147.8	147.8	150.5	149.5	148.7	149.5	154	159.8	168.9	180.3	212.2	230.6	280.2	320.4	307.8	321.7	378.4	425.9	448.9	449.9	452.5	457.1	459.6	472.1	493	530.2	561	561	561	561	561	561	561	561	561	561	561	561	561	561	561	561	561	561	561	561	561	561
561	561	561	561	561	561	561	561	561	561	561	561	561	561	561	561	561	561	561	561	561	561	561	561	561	561	561	561	561	558.6	553	544.2	526.2	478.8	449.2	449.2	437.2	421.8	403.8	392.3	386.6	344.1	293.9	271.2	252.6	230.5	222.1	223.5	221.1	218.8	216.2	209	204.8	202.8	189.8	168.7	153.8	130.6	113.3	95.7	79.6	66.9	59	53.1	54.1	54.8	52.4	47.7	46.8	44	42.8	40	40.6	37.3	35.8	41.8	36.1	38.7	47	49.4	44.3	42.9	46.6	45.9	40.5	38.7	48.3	51.9	49.8	52.8	54.8	52.7	48.6	44.8	39.9	44.3	48.4	53.4	46.8	43.2	45	45.3	43.9	44	49.1	55.1	58.6	60.6	60.5	59.4	65.2	70.7	75.6	78.6	78.2	72	71.6	72.8	76.4	76	80	83.9	95	111	123.3	144.4	176.8	185	169.5	174.3	170	168	164.1	159.9	158.4	156.4	152.5	152.4	152.4	152.5	152.4	152.1	148.8	147.7	146.2	146.4	144.4	143.9	142.9	146.8	149.7	150.7	152.4	153.3	157	163.2	176.4	190.2	198.4	211.7	245.3	292.8	316.6	361.9	416.7	446.4	448.5	448.1	450.5	456	464	478.4	510.1	558.5	561	561	561	561	561	561	561	561	561	561	561	561	561	561	561	561	561	561	561	561	561
561	561	561	561	561	561	561	561	561	561	561	561	561	561	561	561	561	561	561	561	561	561	561	561	561	561	558	555.6	543.8	541.8	540.2	533	506.8	461.4	445.6	447.4	435.2	408.1	380.1	325.1	285.4	263.7	268.6	264.8	240.3	227.4	219.1	219.4	222.1	218.6	214.2	213.2	207.7	200	177.2	131.5	106.2	88.7	74.2	77	69.6	61.6	58.4	52.8	49.4	50.8	48	44.9	41	42	41.9	40.9	41.9	37.1	35.7	41.9	40.9	37.9	45.4	51.1	50.3	43.5	49.5	53.2	46.8	40.2	46.1	53.6	55.4	57.9	60.4	57.1	53.9	51.3	46.4	52.1	64	67.2	63.3	55.8	53.4	50.7	55	59.2	61.1	66	70.5	72.3	72.2	69.8	70	73.5	75.2	77.7	79.6	76.6	75.1	74.7	75.3	75.7	74.5	74.7	79.8	86.3	99.8	122.1	151.5	177.9	181.5	186.3	177.1	160.8	149.9	144.6	142	141.1	138	130.9	119.1	112.5	129.2	142.8	147.7	147.7	147.3	147	148.4	146.8	144.5	144.8	145.7	147.8	149.5	150.7	152	158.2	166.6	175.5	187.7	200.6	225	270.2	324.7	346.3	388	429.8	448.5	449.1	448.9	452.5	459.2	466.9	483	519.8	561	561	561	561	561	561	561	561	561	561	561	561	561	561	561	557.5	559.6	561	561	561	561
561	561	561	561	561	561	561	561	561	561	561	561	561	561	561	561	561	561	561	561	561	561	553.8	541.2	537	533.4	531.6	523.8	507.2	500	490.8	469	449.4	446.6	444.4	436.2	421.5	401.8	371.7	306.5	263.7	247.4	246.7	237.2	230.6	220.1	213.4	207.7	206.7	208.3	208.2	205.3	204.2	196.1	154.4	115.5	99.4	80.1	78	75.2	65.8	62.2	55.9	52.4	55.9	54.5	51.8	48.3	44.8	43.2	41.3	41.7	40	35.6	37.6	46.1	41.4	40.1	46.7	52.2	55.2	48.2	53	55.2	51.2	46	50.5	56.1	62	65.9	68.5	67	65.3	57.6	49.6	53.3	63	70.1	65.2	60.3	58.9	59.2	66.7	76.7	78.8	79.8	78.1	77.6	75.6	74.9	73.3	71.4	71.9	76.6	80.9	84.4	87.6	90.6	85.3	78.3	73.1	69.6	70.1	75.2	84.7	99.5	127.8	164	172.6	180.4	173.4	158.3	147	141.9	126.2	121.3	118.4	104.2	103.1	106.2	119	125.4	131.5	141.5	141	142.3	141.5	140.1	140.2	141.7	143.5	147	148.1	149.9	153.8	158.2	161.2	169.6	179.1	188	221.2	241.8	279.8	345.8	374.1	406.9	435.7	448.2	448.6	450.8	453.9	457.9	471.1	506.8	551.8	561	561	561	561	561	561	561	561	561	561	561	561	561	558.2	552.6	561	561	561	554	561
561	561	561	561	561	561	561	561	561	561	561	561	561	561	561	561	561	561	561	561	561	555	544.8	561	553.8	537	525	518.4	511.2	497.2	477.6	458.2	447	440.6	437	434	414.7	394.8	364.8	307.6	268.2	251.3	234	225.1	218.4	213.9	211.2	211.6	208.9	203.8	201.5	184.9	160.9	131.8	114.2	96.2	88.9	82.8	77.2	76.5	70.5	62.1	58.2	51.6	54.5	58.9	55.5	53.5	51.3	46.5	45.1	40.8	42.1	41.9	41.1	45.5	48.4	43.5	47.1	53.7	58.9	61.8	56.2	55.1	63	62.6	58.6	60.3	68.3	76.2	75.1	75.9	78.1	77.1	66	58.2	62.3	69.1	78.4	72.6	68.5	76.1	75.8	76.4	80.2	84.8	79.2	74.6	77.6	77	72.3	71.2	70.6	70.3	76.2	82.4	87.5	93.1	92.8	84.1	74	70.3	71.4	73.7	79	83.6	105.9	132.5	129.5	130.4	120.2	115.6	113	102.9	97.2	89.5	74.1	66.7	68.2	67.8	67.7	81.4	104.3	124.2	132.3	131.2	127.6	130.5	139.7	140.6	142	141.2	145.8	149.7	151.4	153.8	156.3	166.8	180.9	188.5	193.2	199	210.9	262.5	329	338.5	383.7	423.7	447.4	442.7	423.5	435.1	459.3	479.9	504.2	533	555.4	561	561	561	561	561	561	561	561	561	561	561	561	561	561	561	561	561	561
561	561	561	561	561	561	561	561	561	561	561	561	561	561	561	561	561	561	561	561	546.6	527.4	546.6	545.4	531.6	527.4	536.4	534.8	506.6	469.4	454.4	451.2	445.8	437.7	425.7	415.6	400.1	388.1	345.5	311.3	272.1	253	245.7	240.6	234.5	228.6	222.2	221.2	218.9	207.7	189.5	157.4	121.5	95.6	83.7	83.7	86.9	76.9	79.8	74.1	65.4	58.7	56.4	57.7	62.8	59.5	57.1	57.2	48.6	45.8	45.3	44.2	44.5	41.3	43.2	53.6	50.1	47.5	57.8	63.8	66.1	61.2	60.5	59.4	65.5	65.9	63.5	61.5	69.2	82.5	81.5	77.6	79.9	77.3	66.4	57.1	65.5	80.3	78.2	75.2	74.1	78.9	81.7	78.2	82.4	83.5	79	73.5	74	71.6	63.9	63.1	64.9	64.6	65.3	70.2	73.1	80	91.3	89.7	81.3	72.6	68	67	69.3	72.7	93.5	110	107.9	105	95.1	86.1	78.3	72.7	68.6	61.1	54.8	52.2	52.8	54.3	59.2	72.2	85.5	105.2	117.7	131	123.7	128	138	142.9	141.2	143.6	147.1	150.8	152.7	152.5	157.6	163.2	172.7	181.7	185.7	193.3	199.5	221.3	265	306.7	366.2	423.7	445.8	438.2	425.8	438.5	456.9	473.1	502.6	539.8	561	561	561	561	561	561	561	561	561	561	561	561	561	561	558.2	554.7	561	561	561
561	561	561	561	561	561	561	561	561	561	561	561	561	561	561	561	561	561	561	561	546.6	545.4	544.2	528.6	526.8	528.6	536	518.2	488.6	457.2	446.2	442.8	435	426.7	415.9	405.4	389	379.7	357.6	317	265.4	248.2	232	232.3	236	231.5	228.5	222.3	202.9	152.8	119.1	108.3	97.1	83.7	77.8	77.8	86.4	78.8	78.5	77.4	70.4	62.5	56.8	58.4	60.9	61.1	57.1	55.5	48.7	47.6	48	46.7	49.2	46.3	41.9	52	57.1	52.5	60.8	69.9	74.3	73.1	69.5	71.8	77.4	81.8	81.5	74.9	73.4	84.8	94.6	88.6	88.3	87.4	81.2	76.7	75.6	87.8	88.5	88.9	94.6	88.4	84.4	85.5	93.6	96.8	93.1	87.9	78.8	77.4	74.8	73.1	68.8	70.9	65.8	64	69.6	75.6	85.6	90.5	82.9	75.9	71.3	67.9	69.1	66.3	69.7	69.7	66.9	63.6	68.6	64.7	56.8	56.1	53.4	50.7	49	46.5	47.3	46.5	46.1	46	49.1	52.1	55.8	68.2	90.4	119	131.8	130.4	141.9	143.1	144.9	148.3	152.3	155.7	161.3	160.9	158.8	163.9	167	175.4	188.7	206.9	228.6	258	295.8	378.1	424.9	440.1	448.8	450.4	453.7	462.5	480.9	498.6	538.6	561	561	561	561	561	561	561	561	561	542.1	544.9	544.2	542.1	549.8	553.3	558.9	561	561
561	561	561	561	561	561	561	561	561	561	561	561	561	561	561	561	561	561	541.2	529.2	549	556.8	546.6	538.2	528.6	514.2	488.6	458.6	440.4	435.6	436.4	424.9	415.3	402.4	400.5	395.6	387.7	372.2	337.1	305.6	278.5	249.9	225.5	222.2	229.7	236.1	228.7	213.9	169.3	125.2	105.2	102.4	93.1	83.1	78.8	77.6	85.5	86.7	84.6	77.8	74.6	63.9	56.2	57.4	60.6	62.1	60.4	54.9	52.3	53.6	52.6	50	51.1	49.6	46.6	54.5	64.3	65.1	67.8	76.4	81.4	85.1	79.7	77.2	81.5	86.7	89.4	80.9	80.9	92.1	99.3	97.6	97.8	95.7	91.2	89.1	82.5	91	90.5	93.5	100.7	93.7	88.5	90	90.7	93.1	94.3	91.1	83.5	83.3	83.8	79.3	76.6	78.7	77.1	70.5	68.8	67.6	75.2	79.2	76.5	78.7	76	69.9	65.7	64.6	68.1	68.2	66.5	60	60	57.9	53.1	52.4	55.1	53.2	54.1	52.8	51.7	49.7	47.8	46.7	47	48.2	49.8	55.3	71.4	98.1	113.3	122.1	139.4	147.7	148.5	153.3	160.4	162.9	160.1	158.3	156	159.9	159.8	165.8	175.8	189.6	202.4	208.4	229.3	309.7	397	442.8	449.4	450.2	452.7	456.4	469.9	491	527.4	561	561	561	561	561	553.3	558.9	561	561	549.8	548.4	553.3	554	561	561	558.2	557.5	561
561	561	561	561	561	561	561	561	561	561	561	561	561	561	561	561	561	561	535.8	528.6	542.4	553.8	549.6	535.8	514.2	495.2	474	447.4	433.2	429.4	428.6	419.3	402.9	392.9	392.6	386.4	364.6	326	301.4	292.1	289.6	254.8	225.9	214.8	222.1	230.1	196.5	146.2	115.7	103.7	97.8	91	86.3	82.6	79.8	77.8	82	87.3	84.8	78.1	72.9	67.1	60.6	59.5	59.6	60.8	60	57.7	56.5	59.3	57.9	55.5	54.5	54.7	56.3	66.3	77.9	77.8	78.3	81.8	94.2	102.2	96.2	90	89.4	90	92.8	92.5	85.6	93.3	112	110.8	110.6	108.9	98.6	91.7	95.9	96.4	98.5	96.4	94.2	101	106.3	101.1	101.2	104.5	98.1	94	94.8	92.1	88.4	82.5	78.1	82.3	86.5	82.6	77.3	74.2	76.5	77.2	82	86.3	85.4	79.3	73.2	71.6	71.8	70.7	71.1	66	62.6	60.1	57.5	54.7	52	52.6	51.8	49.8	49.1	49.7	48.4	44.9	44.7	48.7	47.8	47.4	55.7	61.5	60.8	69.3	90	114	138.4	148.6	155.4	160.5	159.1	157.6	157.5	156.3	158.6	164.8	170.8	182	200.3	203.3	214.1	259.5	341.3	438.3	447.3	450.1	452.5	455.2	462.6	481.1	500.2	541	558.9	561	561	549.1	547	561	561	561	561	561	561	561	561	561	561	561	561
561	561	561	561	561	561	561	561	561	561	561	561	561	561	561	561	561	548.4	525.6	514.2	519.6	516.6	499.8	492.6	486.6	472.2	459.8	446.2	433.2	430	428.8	418.7	398.3	390.1	388.1	376.8	340.1	314	290.2	286.2	270	242	222.9	218.6	221.6	202.5	157.9	123	112.9	103	92.3	84.9	80.3	76.4	79.2	80.3	84	96.3	87.3	72.2	71.4	66.8	61.5	64.7	66	63	64.7	61.9	64	65	59	59.8	59.8	60.1	67.1	72.3	78.7	89.1	89.9	83.9	99.3	107	102.2	97.2	99.6	93.3	96.1	102.3	96.9	106.4	122	117.7	114.6	111.2	104.5	99	100.9	103.8	102.2	96.2	90.5	95.1	103.3	97.9	97.8	99.1	95	88.9	89	91.4	84.4	82.3	81.2	84	90.2	89.2	88.3	84.8	84.6	82.5	77.3	77.9	82.4	84.3	81.7	78.5	72	66.5	68.4	67.8	62.4	61.6	61.1	56.8	53.7	49.8	45.5	43.6	42.9	43.7	44.5	48.1	48.5	51.2	51.7	50.9	52.3	54.4	55.6	60	77.5	103.7	127.6	140.6	149.4	152.4	156	156.1	157.9	163.9	166.5	164.4	168.3	179.2	191.1	199.2	209.1	230.5	302.3	389.1	427.6	449.2	450.4	454.6	462.1	476	494.2	530.2	561	561	561	558.9	558.2	561	561	561	561	561	561	561	561	561	561	561	561
561	561	561	561	561	561	561	561	561	561	561	561	561	561	561	561	561	561	532.2	507	510	511.2	499.8	487.2	477.8	463.4	458.4	441.4	432	433.2	423.2	407.1	389	383.3	349	327	321.2	291.7	281.7	253.3	228	218.6	210.6	214.6	193.3	146.4	120.2	112.1	107.4	102.1	92.2	87.9	82	76.2	77.2	77.2	79.8	96.4	97.8	81.1	73.7	68.5	61.4	63.9	68.4	65.5	67.2	71.1	72.7	76.5	73.3	72.5	78	78.4	82.9	86.9	89.1	102.3	106.4	101.5	103.7	122.2	127.3	123.7	119.5	111.6	113.2	121.6	112.5	122	143.6	138.5	125.5	123.8	119.7	105.1	99.6	118	124.6	112.7	107.4	99.1	100.5	99.2	103.4	110.6	104.6	105.6	103.5	95.1	94	93.9	91.5	97.7	101.1	102.1	102.8	94.7	95.1	94.4	86.5	83.7	87	93.1	93	88.6	83.3	79.5	80.5	80.6	70.3	62.2	62.5	59.4	57	52.6	46.6	46.5	44.2	42.9	43.8	46	49.2	50	51.8	48.6	49.5	49.5	48.8	50.9	58	65.2	73.5	90.1	117.7	150.1	155.1	155.6	155.5	157.3	159	162.3	166.6	172.5	178.4	183.8	196.3	208.3	244.9	329.8	395.3	444.1	447.9	454	457.7	468	482.2	502.2	538.2	561	561	561	561	561	561	561	561	561	561	561	561	561	561	561	551.2
561	561	561	561	561	561	561	561	561	561	561	561	561	561	561	561	561	549.6	516.6	499.8	508.2	499.8	490.8	490.2	471.4	461.6	443.4	427.2	426.4	420.7	408.9	397.8	386.5	365.5	342.6	311.3	283.4	267.9	247	226.7	210.1	207	211.7	204.6	156.8	122.8	111.2	101.8	96.6	92.2	89	87.6	83	74.1	72	72.9	80.9	97.9	92.2	80.9	76.5	70.8	64	69.1	70	69.5	70.5	74.9	81.2	77.1	73.9	83.9	88.1	82.9	85.8	91.1	98.9	114.3	112.1	96.7	106.9	130.8	133.7	133.9	131.9	121.2	115.7	119.3	123.4	135.5	151.4	147.9	132.3	128.5	124.2	114.9	111	121.3	130	121.7	115.3	107.2	110	107.3	106.6	121	125.1	121	118.5	111	103.5	102.8	102.7	97	98.8	100.7	104.6	102.2	94.6	95.3	93.9	96.4	96.7	100.1	100	97.3	95.5	88.8	87.7	87.8	81.8	73.3	69.8	65.5	60.3	54.7	51.5	49.7	46.6	43.5	43.1	42.7	43.5	45.6	47.6	47.4	47.4	47.5	49.1	51.3	54	59.5	65.2	80.5	106.4	132.7	158.9	160.1	154.4	152.3	151.8	154.1	158.5	162.7	166.9	174	178.3	189.8	211.5	257.5	313.8	380.4	420	447.4	455.9	468.5	479.4	495.8	527	561	561	561	561	561	561	561	561	561	561	561	561	561	561	561	558.9
561	561	561	561	561	561	561	561	561	561	561	561	561	561	561	561	561	544.2	516.6	510.6	506.4	489.6	486	489.4	458.6	446.8	433.8	420.2	417.6	414.3	401.5	380.4	362	321.2	284.4	245.8	217.8	206.8	207.4	206	190.5	178.8	158.3	123.9	106.1	101.2	97.9	92.9	85.5	82.6	85.6	84.4	82.7	72	66.9	75.2	82.6	96	91.9	80.2	76.1	72.4	69.1	75.5	74.4	76.7	82.5	91.3	100.6	95.2	93.3	104.7	114.3	101	106.2	115.7	119	131.4	142	134.1	124.6	146.2	154	154.1	148.3	138.4	135.3	133.4	135.4	140.7	150.7	142.2	130.6	139.7	144	132.4	133.6	137.3	139.8	131.9	134	133.7	125.5	132.9	139.4	138.1	137.4	137.5	131.1	122.6	117	114.9	120.8	124.5	117.7	114	112.7	111.2	106.9	104.5	110.6	113.9	114.1	117.6	116.4	107.1	102.8	98.3	94.7	93.1	88.2	80.5	73.1	69.8	63.4	55.4	54.9	53.5	48.8	46.2	44.6	43.8	42.8	44.6	45.5	45.6	43.9	44	47.4	48.9	50.5	52.9	57.2	63.5	68.4	76.3	97.8	123.7	138.4	151.9	150.5	150.9	154.1	156.8	159.6	164.3	169.3	179.2	192.8	217.5	284.4	341.2	388.5	429.9	453.6	467.9	474.2	479.4	497.4	538.2	561	561	561	561	561	561	561	561	536.5	537.2	548.4	561	561	561	561
561	561	561	561	561	561	561	561	561	561	561	561	561	561	561	561	535.8	510.6	524.4	506.4	475.2	473.4	473.4	460.8	447	435.8	426.6	423.6	421.6	406.3	395.4	374.3	343.2	293.4	257.7	229.3	204.6	199.3	204.4	200.9	176.8	152.8	131.4	107.5	100.1	92.1	82.2	81.8	82.1	82.1	81.8	74.8	70.1	67.4	65.5	76.3	90.5	89.6	80	80.8	77	72.9	79.6	83.1	80.5	86.8	93.1	108.7	106.3	99.7	106.9	120.1	120	111.4	120	123	131.4	148.7	151.5	138.1	139.8	157.6	165.9	167.2	157.6	146.1	143.5	132.8	131.4	152.6	165.2	151.7	148.1	149.6	156.4	142.7	135.1	136.1	141.7	143.9	147.2	140.4	132.9	141.9	148.4	146.1	143	142.1	142	133.2	126.2	127.9	137.9	142.3	134.7	133.6	125.4	119.4	112.8	109.8	114.8	113	109.7	113.5	120.1	110.3	104.4	106.1	102.9	98.2	88.8	82.2	78.2	75	67	57.5	53.8	51.4	46.7	44.6	42.5	42.2	42.6	42.9	42.4	45.2	44.8	46.1	46	50.9	51.9	51.4	57.5	61.5	64.7	69.4	83.3	97.9	134.5	147.6	146.5	144.9	148.4	149.7	153.4	159.6	164.6	172.7	184.9	194.5	253.1	325.5	378.2	431	453.2	467.1	473.8	478.2	493	532.6	561	561	561	561	561	561	561	561	546.3	547.7	553.3	561	561	561	561
561	561	552.6	554.7	561	561	561	561	561	561	561	561	561	561	561	561	529.8	506.4	522.6	502.2	473.4	471.6	459.8	453.4	447.2	431.4	421.6	425.4	414.4	401.6	391.8	351.7	284.6	231	218.9	216.9	211.1	200.6	189.2	186.8	150	114	105.4	102.3	99.8	92	83.3	78.9	79.3	78.7	78.5	72.6	68.5	66.7	65.5	68.1	81.4	87.2	77.5	79	81.3	81.4	84.4	93	97.3	106.8	111.9	129.2	131.1	116.4	123.2	133.1	139.9	135.5	143	142.2	143.6	158.3	168.4	163	158.6	165.9	180.7	193	181.4	157.5	152.6	149.1	144.2	153	176.5	180.2	167.5	166.4	175.4	163.4	140.7	136.8	149	154.3	152.8	149	148.3	148.7	148.7	150.6	152.1	152.4	148.6	149.6	150.1	150.6	152.8	157.2	157.9	154.2	146.5	138.7	134.9	127	129.1	132.1	129.2	126.1	132.5	131.1	123.5	119.6	116.3	109.1	100.5	91.7	92.1	87.6	75.8	67.7	58.3	50.3	48.5	45	43.4	40.9	41.8	41.6	42.5	45.5	44.8	47.7	46.7	48.1	50.8	54.3	56.5	58.5	58.8	59.5	60.6	66.5	81.5	91.1	108.5	122.7	144.2	147.6	149.9	151.6	160.7	168	175.7	182.7	211.3	277.2	365.5	424.9	451.6	462.3	471.4	473.8	479	502.2	549	561	561	561	552.6	537.9	543.5	561	561	561	561	561	561	561	561
561	561	551.9	558.9	561	561	561	561	561	561	561	561	561	561	559.2	520.8	497.4	501.6	493.8	477	474	468	467.6	462	443.8	427.8	431.6	426.6	409.6	396.5	375.2	301.9	243.7	224	214.5	213.2	211.6	201	190.7	171.1	123.2	102.5	93.9	90.6	86.9	87.4	81.9	76.5	71.2	67.1	63	65.8	67.9	70.3	73.5	77.8	88.6	86.9	75.8	79.3	80.7	90.7	93	93.1	100.5	115.9	129.8	143.7	131.7	126.7	139.9	144.8	142	143.9	152.6	149.4	160.7	174.6	179.7	168.4	170.7	170.5	181.1	197.4	185.6	165.1	163.6	156.6	147.5	153.7	178.9	192.3	185.6	183.2	187.6	177.4	147	147.8	153.2	147.1	146	151.8	155.7	157.3	152.1	150.1	154.4	149.1	141.9	148.4	155	154.9	152.5	153	154.8	160.5	157.2	147.2	147.7	142.3	134.3	134.3	139	141	140.5	135.2	129.2	123.3	120.8	116.8	108.2	102.4	104.8	100.6	88.9	80.4	68.6	59.2	52.7	45.8	44.1	40.5	43.5	43.9	45.1	48.5	48.8	47.6	49	50.2	53.5	60.5	64.1	62	61.9	60.8	59.9	62.9	69.8	79.3	89.2	108.3	132.1	150.2	151.5	153	160.2	168.1	172.7	181.2	198.7	239.4	316.1	396.2	440.7	457.3	469.9	473	476.6	494.2	541.4	561	561	561	548.4	536.5	538.6	561	561	561	561	559.6	549.1	549.1	551.2
561	561	561	561	561	561	561	561	561	561	561	561	561	561	558	523.2	499.2	498.6	489.6	479.4	479.8	462.4	461.8	456.6	434.2	423	427.4	422.4	411.4	388.2	350	287.6	232.9	224.1	218.3	209.2	198	190.6	165.2	122.6	86.6	90.4	92.1	82.4	75.1	76.2	80.3	76.9	71.6	67.4	66.4	69.4	72.5	72.1	71	74.3	87.5	94.7	83.6	86	89.4	98.5	110.8	119	129.1	138.3	148.4	157.1	145	142.6	159.8	167.6	165.3	158.5	165	166	173.5	188	197.3	185.6	180.4	185.2	184.7	206.6	202	183.5	178.2	173.7	163.2	164.7	180.1	205.5	205.6	199	192	189.6	168.9	152.1	156.1	154.7	151.3	160.2	164	163.6	164.6	158.8	153.9	150.9	149.4	155.5	161.1	163	158.8	154.8	156.8	161.8	164.8	156	153.1	151.9	146.4	140.8	139.2	139.4	140.4	139.1	134.8	132.6	132.3	130.4	126	117.1	112.4	109.4	104	91	82.6	72.3	60.4	50.4	46.3	44.5	43.5	45.5	48.3	48.1	48.8	49.6	49	50.9	54.7	58.7	64.4	66.2	61.8	62	61	60.9	62.1	65.9	71	73.3	91.4	112.6	134.8	153.1	153.6	162.2	165.2	167.8	172.2	184.7	212.5	275.9	362.9	450.6	463.1	469.4	471.4	476.6	503.8	551.4	561	561	561	561	561	561	561	561	561	561	537.9	527.4	540
561	561	561	561	561	561	561	561	561	561	561	561	561	561	543	513	493.2	478.2	478.2	494.4	489.6	466.8	462.6	438.8	426.2	422	415.6	409.8	406	364	338.2	301.6	245.8	222.5	205.9	199.6	192.1	165	138.4	105.7	99.8	95.6	89.5	82.3	71.7	67.2	67.2	66.4	67	67.6	69.5	70.7	73.3	70.4	72.4	77.3	87.2	89.5	87.3	90.6	99.9	107.6	115	132.2	142.2	152.3	159.1	157.5	142	144.8	162.2	171.6	165.4	160.7	167.5	169.4	179.6	194.3	198.4	182.1	184.4	189.3	191.9	207	203.2	190.6	187.2	175.5	163.6	170	180.8	200.4	207.1	207	199.5	195.9	187.5	161.4	158.8	167.8	159.6	156.8	162.5	161.5	164.4	158.1	161.7	159.9	158.2	158.4	157.7	165	160.9	154.9	158.5	161.7	165.6	163.4	152.9	151.2	147.7	144.8	140.8	135.1	133.9	135.5	131.6	131.9	132.6	131	127.2	118.4	111.3	102.6	96.6	86.5	83.2	76.3	66.4	56.5	51.9	48.2	46.4	47.9	50.3	50.6	51.3	50.9	52.4	54.2	56.5	61.9	64.7	66.5	66.8	64.2	63.6	62.1	65.9	69.8	72.9	80.8	91.8	104.8	123.2	152.8	156	158.4	163.8	168.8	172.9	175	190.4	225.7	292.5	397.8	447.2	463.1	469.8	472.2	481	516.2	558.6	561	561	561	561	561	561	561	561	561	549.1	534.4	554
561	561	561	561	561	561	561	561	561	561	561	561	561	561	550.2	516.6	491.4	473.4	477.6	497.4	482.4	456.6	447.6	421.2	409.8	403.6	401	399.8	395.2	383.6	339.7	282.5	243.3	227.3	202.1	172.3	134.5	99.9	93	89.8	94.1	90.3	84.3	80.6	76	68.6	66.3	68.9	67.8	63.9	62.3	64.8	67.1	65.2	70.3	76.2	85.5	96.4	100.8	108.9	120.5	135.3	138.3	144.6	151.5	160.9	167.7	170	162.2	157.7	169.8	172.3	173.5	168.8	175.7	178.4	180.1	190.4	200.7	188.8	184.7	191.1	192.2	202.6	201.1	195.6	195.5	186.8	169.1	171.5	179.6	192.8	205.6	209.9	211.9	202.8	196.3	180.9	170.4	175.8	179.3	170.7	167	163.2	164.4	163.5	169	173.5	170.5	168.2	164.3	161.7	165	165.9	164	162	167.1	168.8	164.3	160.5	156.3	153	150.6	145.7	145.7	140.3	138.8	141.2	141.9	140.3	138.2	130.5	125.3	120.9	113.3	105.9	96.8	92.3	88.3	74.8	63.6	56.1	51.9	51.9	51.9	52.2	55.2	54.8	54.6	48.8	51.5	60.9	62.5	62.6	62.4	61.7	62.2	64.7	69.6	71.7	66.8	66.1	71.4	80.2	94.1	109.1	121.2	142.8	158.9	160.9	164	168.7	176.3	191.2	215.2	284.2	389.8	445.7	467.4	470.6	477	502.6	547	561	561	557.5	561	561	561	561	561	558.9	561	561	558.2
561	561	561	561	561	561	561	561	561	561	561	561	561	561	532.8	501	471.6	475.2	492.6	482.6	457	445	431.2	417.2	408.8	405.4	407.6	407.6	401.8	397.9	355.2	274.6	236.3	200.2	185.6	152.1	112.1	88.9	83.2	84.8	85.5	80.5	81	76.1	70.3	66.9	66.1	64.9	61.4	58.6	56.6	60.3	65.2	65.6	74.1	81.6	91.7	102.9	114.3	130.5	142.7	146.6	150.4	153.5	164.8	172.5	171.3	173	169.5	175.5	182.2	182.2	179.2	177.5	186.2	185.3	188.8	197.6	203.7	192.5	190.5	197.3	195.5	206.5	205.4	194.3	199.9	189.2	175.9	174	181.3	189	204.8	208	204.6	205.7	198.1	188.4	181.6	178.6	179.6	180.2	176.8	169.2	167.3	172.2	174.9	180.8	181.1	181	180.2	172.4	167.1	167.1	166.7	165.3	163	162.2	167.1	169.1	162.4	159.3	155.2	151.8	144.9	141.6	140	136	138	134.5	131.8	128.7	121.4	116.4	114.9	109.5	105.3	103.8	99.3	85.8	74.4	64.7	58.9	57.6	55.2	55.1	54.2	54	54.3	54.5	54.7	55.4	57	60.5	60.8	60	60.8	64.1	67.9	70.4	69.3	69.5	74.3	79.6	95.8	109.8	113.4	129.4	157.2	160.9	162	165.6	175.8	187.6	221.2	314.8	404.5	450.4	461.4	469.4	474.2	491.4	533.4	561	558.2	549.1	557.5	561	561	561	553.3	547	547	554.7	561
561	561	561	561	561	561	561	561	561	561	561	561	561	561	531.6	498.6	472.8	471.6	488.4	471.2	446.2	438.4	427.4	417.8	415.8	415.2	412.4	407.6	401.6	392.9	303.2	242.5	232.2	212.9	159.5	118.3	95.7	88.7	86.1	85.6	81.8	74.3	75.7	69.6	63.9	64.3	61.7	56.9	54.4	55.5	56.4	59.5	65.2	72	78.9	89.8	110.6	133.9	144.7	153.4	164.1	164.8	168.2	171.3	177.1	185.1	188.6	191	183	182.1	190	192.3	195	185.9	191.1	190.9	196.9	201.1	206.2	201.6	194.1	205.4	207.2	204.7	209.4	201.8	202.1	201.8	186.9	181.8	185.2	193.7	198.3	207.2	197.6	205.6	208.5	198	192.8	182.3	180.3	186.7	186.5	182.8	178.5	176.5	179.2	179.8	184.3	188.9	189.9	186.8	178.3	174.7	173.4	167	165.7	164.6	165.3	171.7	169	159	154.4	155.3	150.4	144.2	142.6	138	138.6	135.6	133.7	131.2	126.3	123.5	120.9	115.4	112.8	113.1	108.7	98.3	87.1	75.8	68.2	64.4	59.7	57	57.1	57.8	55	57	56.1	56.5	58	56.9	60.7	60.8	61.3	62.6	63	66.2	69.6	68.9	66.9	73.3	78.5	87.6	103.2	105.7	116.1	141	158.1	166.8	171.1	179.6	200	249	319.8	400.5	450.9	467.4	472.6	477.4	499.8	543.6	554.7	552.6	558.2	561	558.9	554	546.3	542.8	549.8	559.6	561
561	561	561	561	561	561	561	561	561	561	561	561	561	559.2	513	480	477.6	480	474	459	440.4	433.4	431.4	414.2	405.8	408	406.4	398.2	391.2	375.6	285	230.3	216.7	198.4	141.2	106.4	93.3	87.8	81.6	81.6	74	72.2	72.7	61.3	57.3	56.2	57.3	55.9	55.1	57.5	61	68.1	75.6	78.2	86.4	103.1	126.4	148.3	154	168.3	175.3	183.9	187.8	189	197.1	197.1	194.9	191.7	185.4	186.8	194.9	200	201.7	197.7	200	199.7	211.7	212	204.6	199.5	198.4	205.4	207.2	210.7	211.5	210.6	205.6	203.1	202	192.1	187.9	195.4	189.2	197.2	197.5	198.7	211.3	210.9	202	198.5	189.9	184.3	189.7	192	186.1	181.5	175.5	175.7	183.8	188.3	192.6	194.9	193.3	191.7	187.6	177.9	175.4	176.3	173.6	172	173.5	165.1	157.6	155.7	154.3	150.1	150.6	146	142.9	138.7	135.3	131.4	129	125.8	123.7	117.7	113.5	112.3	106.8	99.1	89.4	78.5	70.3	65.9	60.3	60	60.3	60.4	59.3	58.1	58.1	61.7	60.9	58.9	58.3	62.2	64.1	64.4	67.8	67.6	70.9	69.8	67.4	66.1	68.5	79.2	95.2	105.3	109.8	132.5	156.8	169.9	171.7	176.5	188.3	201.9	231.1	327.8	433.3	465.9	470.6	475.4	492.2	533.4	561	561	561	561	561	561	553.3	552.6	559.6	561	561
561	561	561	561	561	561	561	561	561	561	561	561	561	561	523.2	486	481.8	481.8	475.2	459.6	437	427.2	430.2	410.2	395.8	399.6	399.4	364.4	326.9	283.7	246	215.2	187.4	146	97.6	88.8	88.5	82.7	75.9	79.1	75.5	70.6	70.3	59	56.6	59.3	55.3	58.8	60.1	61.5	65.5	75.9	82.7	91.1	113.9	143.6	160.2	169.8	176	185.7	193.6	198.2	199.9	199.7	204.1	206.6	201.5	196.8	195.5	191.4	196.1	201.8	207.5	202	206.9	208.9	213.1	213.7	213.9	209.2	201.1	202.3	202.6	209.9	212.6	213.1	210.3	203.6	205.9	203.4	193.4	198.8	194.4	195	200.2	199.3	203.2	214.9	209.8	211.2	205.6	195.5	194.2	193.7	192.6	191.2	185.8	183.3	182.7	190.7	198.4	198	200.3	199.9	193.9	187.5	184.7	186	184.9	178.6	174.4	178	175.2	163.5	159	156.5	157.4	155.9	147.7	141.8	141.8	138.3	135.9	135.4	131.5	126.7	123.4	119.2	115	109.9	105	95.1	87.8	77.5	65.6	61.5	61.9	61.1	60.8	58.3	58.6	58.2	60.4	64	59.6	63.5	65	64.7	65.8	66.5	66.3	72.8	69.9	63.6	63.7	71	75.8	86.1	92.9	94.9	119.1	151.4	169.8	176.6	182.8	197.4	210.4	264.7	392.7	466.1	467.8	472.6	477.4	499.8	539	559	561	561	561	561	561	561	561	561	561
561	561	561	561	561	561	561	561	561	561	561	561	561	545.4	495	486.6	480.6	477	472.2	449.6	432.6	431.6	420.6	404.4	401.4	398.8	392.2	364.4	318.5	267.2	236.2	203.4	179.7	126.7	84.7	84.7	87.4	84.8	82	81.8	77.3	76.9	71.9	65.4	63.7	62	58.4	60.3	63.9	64.7	71.3	83.9	92.3	107.3	137.1	162.1	171.1	175.7	184	191.8	199	202.7	201.4	199.9	200.9	207.2	208.6	201.8	203.9	204.2	207.1	207.8	208.9	209.9	213.6	215.1	220.9	217.6	214.1	207.5	205.2	207.5	204.8	210.9	212.3	209.7	215.9	217.6	208.9	204.3	201.6	205	200.1	190.1	197.3	208.5	200.6	205.9	209.5	211.6	209.6	207.7	202.2	197.2	198.1	204.8	200.6	191.9	190.1	191.3	193.3	194.2	197	200.6	199.4	193.2	193.4	194.9	191.3	188.2	180.7	182.7	182.4	174.1	162.7	158.2	153.4	155.2	156.3	150.5	149	146	143.6	141.7	137.4	131.7	129.8	130.6	124.8	118.1	114.3	106.9	94.5	83.6	74.7	61.7	58.3	60.7	59.4	57.7	59.4	61.9	64.5	67	68.6	70.2	67.7	64.1	63.6	62.1	63	67.7	64.8	59.5	59.8	66	69.3	77.4	85.2	89.8	103.2	137.8	165.7	174.5	182.7	194.2	210	254.1	368.6	465.4	467.8	471	475	491	531	554.2	561	561	561	561	561	561	561	561	561
561	561	561	561	561	561	561	561	561	561	561	561	561	544.8	490.8	478.2	475.2	474.2	462.8	443	434.2	427.2	416.4	405.8	399.3	403.8	390.9	361.4	330	259.8	212	193.8	175.4	102.6	81.3	81.9	85.7	77.8	77.4	80.7	72.7	72.3	73.6	66.7	62.5	60.9	59.1	61.8	63.8	70.7	81	92	109.5	135.5	159.5	176.1	183.7	188.9	191.9	199.1	201	202.2	203.8	200.9	202.1	209.6	212.2	207.1	210.4	215.3	211.5	212.1	218.2	215.9	219.6	222.1	222.2	225.5	220.2	212.7	209.6	215.7	213.6	215.2	216.8	214.5	221.6	226.4	216.6	208.9	212.9	216.6	208.1	195.7	199.5	212.2	211.6	209.6	216.2	216	217.8	216.7	211.4	207	209.3	210.5	207.9	205	200	200.2	200.9	198.6	198.1	198.5	204.1	199.9	199.3	201.2	197	193.7	189.3	185.2	180.7	179.3	173.1	165.1	156.8	153.6	156.5	153.9	147.6	144.7	141.7	139.5	137.8	132.8	129.4	131.8	131.8	125.5	120.5	116.2	106.1	97.6	85.7	74.9	65.5	59.2	61.6	60.9	58.9	62.2	63.1	66.6	70.8	71.9	69.2	69.5	66.6	64.8	62.2	59	61.9	60.6	54.7	59.7	64.8	68.7	76.5	78.8	85.9	100	134.6	163.4	176.3	184.5	199.5	222.5	324.4	454.6	467	467.8	472.2	476.6	501.8	541.4	551.2	561	561	561	561	561	561	561	561
561	561	561	561	561	561	561	561	561	561	561	561	561	514.8	476.4	475.8	475.8	465.4	452.4	446.2	440.2	428	420	402.5	391.2	397.6	388.6	361.1	327.2	273.5	211.6	181.3	120.5	83.2	85.3	89.1	86.4	80	84.2	82.2	73	70.1	65.5	61.1	58.5	56.9	60.7	64	69	76.5	83.3	92.8	114.6	146.7	168.2	182.6	187.8	193.9	197	201.2	206	209.6	212.5	213.5	211	215.2	216.2	205.2	211.7	221.5	221.3	219.9	224.6	227.3	222.8	225.7	224	222.5	220.1	216.1	217.2	224.5	222.1	221.2	216.5	211.4	218.9	227.4	230.3	221.4	218.6	219.1	209.2	199.9	200.5	207.1	209.2	214.1	217.8	215.7	217	218.1	215.1	218.6	216.7	212.6	213	214.6	213.9	207.2	205.7	205	203.8	203.5	200.2	199.1	198.5	195.1	195.3	192.1	188.3	187.4	182.6	173.8	169.8	164.7	151.6	139.9	138.6	136.2	131.8	129	128.2	123.9	128.3	128.5	124.1	125.6	126.5	121.5	122.5	120.3	115.1	103.7	92.1	79.7	69.7	63.1	64.4	63.9	64.3	62.8	62	66.8	70.5	71.7	71.4	70.5	70.6	67.3	62.8	59.3	61.5	61.1	58	57.9	61.7	66.5	73.2	79	88	107.7	141.6	170.9	171.1	181.1	198.3	219.2	322.3	444.5	467	467.4	471.4	475.4	492.6	531.8	539.4	559.4	561	556.1	561	561	561	561	556.1
561	561	561	561	561	561	561	561	561	561	561	561	559.2	519.6	481.8	477.6	474.4	460.2	446.6	440	439.8	423.6	407.6	401	396.4	384.4	366.1	362.9	309	227.5	177.8	118.3	83.8	82.6	90.6	90.2	83.4	84.7	85.2	80.3	68.1	66.4	67.7	60.6	58.6	60.3	59.3	63.1	69.2	79.2	91.5	110.1	130.5	156.4	180.2	191	193.1	197.7	199.9	202.8	204.4	211.4	216.5	218.7	220.4	219.8	218.8	208.6	203.9	217.1	225	228.6	230.2	229.1	228.7	230.2	230.5	227.6	226.1	226.7	227.1	227.8	227.3	227	227.4	212.2	215.3	225.3	228.1	229.2	220.9	227.1	220.5	208.5	207.4	211.5	213.4	219.9	227.3	226.5	229.5	228	225.9	228.6	226.8	223.2	223.2	222.4	222.8	214.6	208.4	203.9	203.9	205.3	199.2	204.3	205	199.6	198.4	195.3	192.6	190.8	187.6	181.5	170.6	164	152.7	142.7	137.4	134.5	134.4	129.7	128.3	125.6	125.8	128.7	127.6	127	128.2	127.3	123.5	121.4	121.8	115.4	105.4	93	81	69.3	65.8	63.7	59.6	62	65.2	62.7	64.7	68.1	67.8	70.6	71	71.4	70.4	62.6	62.9	64	63.3	59.8	57.1	60.5	64.1	67.4	72.4	87.8	110.4	139.7	169.5	174.9	196	214	264.4	393.2	456.1	454.4	456.1	456.1	476.5	498.2	534	547.4	556.2	561	561	561	561	561	561
561	561	561	561	561	561	561	561	561	561	561	561	541.2	495	482.4	481.2	465.6	445.6	434.4	443.2	436.4	404.4	390.4	387.6	389.2	376.3	376.8	365.5	277.5	208.4	150.9	100.7	83.3	88.6	97.1	90	81.3	83.8	80.2	69.6	59.5	63.7	64.7	60.8	61.7	62.8	62.5	64.1	68.1	79.2	100	124.1	150.7	171.6	185.3	198.3	200.5	202.2	204.7	208	214.8	219.4	218.9	219.7	219.9	217.5	215.5	205.9	199.7	214.3	226.1	230.4	234.8	229.5	226.8	235.7	237.7	231.7	230.6	233.4	235.3	234.1	229.7	231.6	229	214.9	218.5	227	226.4	227.5	227.5	227.9	221.6	220.2	217.7	214.5	213.7	215.4	227	230.9	230	233.2	239.5	237.9	231.6	222.7	217.8	218.3	218.9	223.4	220.3	212.8	206.3	203.4	203.9	204.4	202.7	202	202.6	198.3	198.6	191.2	183.7	183.2	176.5	165.2	158.2	153.6	147.4	140.1	136.4	132.4	132.5	133.8	130.3	126.6	131.1	135	134	133.8	130.4	122	118.4	121	115.3	107.9	95.1	78.1	66.7	61	55.9	59.7	64.1	60.8	59.1	61	63.2	65	69.5	70.6	71	67.6	67.2	70.2	70.1	67.6	60.9	60.8	64.9	68.1	72.3	85.7	103.3	130.9	165.5	181.2	192.5	200.1	235	344.1	433.8	446.4	452.1	459.1	474	491.4	528.1	546.1	551.4	561	561	561	561	561	561
561	561	561	561	561	561	561	561	561	561	561	561	554.4	502.8	480	479.4	465.6	437	424.6	429.2	421.2	394.6	389	389	383.4	358.5	358.2	299.9	239.7	157.8	95.1	81.8	78	91.3	94.9	89.8	89.4	80	73.1	71.6	62.3	69.1	68	65.5	63.2	59	61.4	64.1	72.2	96.7	119.4	136.8	160.4	180	194.8	205.9	212.8	212.6	214.1	213	219	227.9	224.4	221.9	216.6	214.5	212.2	207.5	202.5	215.2	225.9	229.2	235.6	237.1	235.6	242.5	244.8	244	246.5	250.3	241.8	235.2	229	227.7	233.3	226.1	224.3	230.9	235.2	228.1	230.1	237	237.1	233	228.5	223.4	222.6	223	230.8	232.4	230.7	239.7	249	243.2	237.8	235.8	232.3	225.1	220.2	226.6	233.4	228.8	225.7	227.6	223.8	219.8	214	212.4	209.1	204.2	205.2	199.4	190.8	187.2	181.4	175.2	170.7	163.9	155.7	148.8	146.4	141.8	140.3	142.2	140.2	138.5	134.8	138.5	140.5	139.3	136.3	131.5	126.8	125.3	121.8	116.1	106.6	95.1	81.2	70.1	61.6	58	61.3	61.8	57.9	57.5	60.6	62.6	63.8	67.8	68.6	68.2	67.7	68	69.4	68.7	66.7	63.3	61.5	64.8	65.8	72.5	80.4	102.4	133.6	161.7	188.6	198	214.9	291.7	393.9	434.2	451	462.1	468.5	476	497.7	551.8	556.6	557.4	561	561	561	561	561
561	561	561	561	561	561	561	561	561	561	561	561	544.2	481.2	476.4	471.6	449.2	428.8	424.8	420.2	402.4	392.6	388	383.8	381.8	377	358.7	293.8	238.7	144.3	94.1	80.6	79.3	87.4	85.7	82.5	78	75.4	72.2	67.1	61.8	69.7	69.9	65.3	60	56.2	59.8	66.6	81.2	108.7	130.3	145.1	169.2	192.2	206.8	214.3	217.2	213.4	215.6	216.9	220.9	221.6	218.1	220.1	216.5	217.5	210	200.7	207.4	217.5	227	231	233.7	234.9	236	238.1	246.9	247.3	248	255	247.4	239	234.6	238.6	239.1	228	223.9	232.9	238.3	226.9	224.8	228.6	232.8	235.1	233.1	232.7	227	226.9	232.6	231.4	230.4	236.6	238.7	240.1	238.8	242.9	240.5	233.2	230.3	234.8	240.6	241.1	242.8	242.8	234.1	228.6	225.8	218.4	215.8	209.1	202.1	193.7	185.8	185.6	185	174.8	170.3	170	164.4	161.5	159.9	153.1	151	149.3	147.5	145.7	141.5	141.3	141.9	138.8	136	134.6	135.8	132.4	122.6	116.2	110.1	100.3	86.2	74	63.1	61.2	59.4	58.4	55.1	55.3	56.2	61.7	60.6	63.3	63.9	63.4	63.9	64.2	68.7	68.2	65.4	66.1	62.9	59.4	62.2	66.5	73.8	90.2	118.2	149.3	189	211	229.9	276.4	365	445.4	459.4	468.6	475	479.4	493.4	546.2	560.2	552.6	561	561	561	561	561
561	561	561	561	561	561	561	561	561	561	561	561	553.8	489.6	481.8	472.4	441	423.8	414.2	409.2	396.6	391.4	384.2	379.4	377.8	372.8	362.6	310.1	224.6	129.3	89.6	79	81	82.4	75.7	74.9	71.2	71.4	69.9	66.8	63.1	66.5	72.2	65.5	57	56.9	61.1	77.3	106.6	128.4	140.7	158.1	179.5	193.6	206.4	214	217.4	215.8	211.5	215.6	218.1	215.4	218.1	225.6	221.6	215.4	208.7	206.5	214.1	222.1	223.2	237	242.1	246.1	247.2	245	259.6	258.8	253.9	261	257	249.9	247.9	244.3	243.8	240.5	232.3	230.4	246.5	244.3	234.2	232.4	236.2	236	237.9	238.3	230.4	234.7	241.7	240.4	240.8	242.5	238.8	240.7	241.5	240.3	242	237.5	231.9	236.6	243	249.5	256.1	259.6	258.2	242.7	234	232.5	228	221.8	208.8	197.1	191.1	189.2	184.9	177.2	174.6	171.6	168.8	162.1	157.2	151.9	151.1	151.2	146.8	144.9	145.4	144.3	143.7	143.8	142.1	140	138.8	135.5	124	116.7	114.2	105.8	95.5	83.3	71.2	59.9	56.6	57.5	55.7	53.5	54.2	55	58.6	59.6	62.4	62.6	63.8	62.1	66.2	68.6	68.2	66.1	66.9	63.6	61	60.5	68.2	73	95.9	135.8	178.7	203.4	242.6	288.2	370.6	455.8	468.2	467	470.2	475.4	479	499	542.2	552.6	556.6	561	561	561	561
561	561	561	561	561	561	561	561	561	561	561	561	533.4	486.6	502.8	472.6	435	423	415	406.8	393.4	388.4	380.4	379.6	377.8	372.4	359.2	310.6	225.5	144.7	93.1	72.9	74.4	76.6	69.3	62.1	63.3	63.7	67.1	73	71.5	71.3	71.1	63.1	62.3	64.6	70.7	84.5	114.1	139.7	150.5	169.5	186.3	196.4	207.3	213.8	215.5	214.7	212.6	216.4	217.4	216.1	219.1	224.5	221	216.7	211	209.8	217.3	226.4	227.5	233.5	239.6	248.3	246.8	246.2	258.5	262.9	262.4	264.6	264.5	262.1	252.5	244	243.4	237.1	232.7	231.8	247	252.5	242.7	234.3	237.1	230.2	227.9	235.8	240.1	241.8	247	251.2	252.3	253	245	245.8	252.4	249	241.4	241.1	244.1	247	249.1	253.7	259.2	260.7	260.2	255.9	250.8	245.4	233.7	223.8	215.3	200.6	198	195.1	190.6	180.1	176.6	168.5	162.2	155.7	148	148.5	153.2	158.7	157.1	156.2	160	155	153.7	155	152	143.5	141	140.3	131.1	121	109.6	100.4	95.8	87.5	78.4	64.7	56.1	55.9	54.8	51.7	52.3	50.4	52.4	57	59	60.8	59.6	53.6	56.8	63.5	67.4	66.1	68.3	67.4	63.9	61.5	65.4	71.4	76.9	104.5	150.9	191.6	234.7	302.4	362.8	431.1	458	467	469.4	473.4	478.2	489.8	530.6	547.2	543.5	561	561	561	561
561	561	561	561	561	561	561	561	561	561	561	561	545.4	490.8	497.2	476.6	435.2	420	409.6	409.8	397.6	387.2	381.4	381.2	376.8	366.8	355.4	283.8	199.6	119.3	72.2	70.8	75.5	70.8	63.1	60.6	63.2	63.7	67.2	73.6	71.3	66.3	67.5	62.6	59.6	66.9	80.9	108	135.5	153.1	165	180.3	191.5	200.6	210.6	216.9	218.8	221.2	223.2	223.7	222.4	219	219.8	225.8	225.4	223.9	225.2	227.5	225.1	227.7	227.2	229.8	240.7	246.3	249.1	253.1	259.7	266.1	275.5	271.6	271.9	270.7	259	243.1	244	252.7	247.8	234.7	243.7	253.7	245.2	237.6	242.2	237.3	234	239.9	241.4	243.9	244.5	251.1	259.3	258.8	258.5	253.5	253.8	256.1	251.9	256.6	259	265.9	267.3	260.5	263.8	261.4	255.6	260	263.1	252	235.7	225.3	219	208.8	206.2	199.5	191.4	185.4	177.8	174.1	168.6	163.2	158.5	157.2	158.9	161.4	161.7	164.6	166.2	158.5	156	159.2	155.5	149.4	144.2	138.7	136	126.7	114.2	102.7	98.4	92.6	82.9	73.6	59.6	52.3	53.3	52.8	52.6	49.5	48.6	50	55.9	59.8	58.8	55.6	55.2	57.5	61.2	66	67.6	66.8	67.7	66.8	64	67.9	72.2	95.7	141.1	183.4	242	338.7	381.3	414	453.6	459.1	456.2	459	450.3	450.3	468	503.9	522.5	535.1	548.4	557.5	557.5
561	561	561	561	561	561	561	561	561	561	561	561	550.2	511.2	494.6	479	444.4	426.2	410	405	397	384.2	380	379.2	371.2	358.4	334.7	262.3	173.3	106.9	77.9	75.4	72.8	65.5	57.7	59	62.8	67.3	72.4	75.2	70.3	69.1	71.2	66.7	64.2	67.6	84.2	117.8	146.9	158	171.8	186.6	193.3	200.9	209.9	214.6	218.4	221	227.2	227.8	224.6	224.7	222.8	224.7	225.8	222.7	224.1	234.5	234.1	229	231.7	232.7	233.6	236.2	242	251.7	256	263.2	270.7	274.2	271.3	270.8	258.6	243.3	238.7	242.5	246.2	242.1	244.8	249	246.1	241.4	240.2	234.3	232	234	236	239.6	242.8	246.5	251.9	258	260.7	260.3	256	256.6	256.4	259.4	267.6	273.6	272.9	267.4	268.5	261.9	254.4	252.7	259.6	254.4	239.8	234.4	226.6	223	215.8	206.2	194.8	192.7	183.5	180.4	174.4	167.5	159.6	158.7	157.9	155.7	151.4	153.9	152.6	150.5	151.4	152.1	153.5	153.2	147.4	140.8	134.2	127.2	119.2	107.7	100	87	76.7	67.5	57.8	50.7	53.4	54.2	50.6	48.8	49.8	49.1	53.3	59.9	59.6	57.3	55.9	56.4	59.4	61.5	61.6	61.3	62.4	63.4	64.3	70.6	68.8	86.6	127	176.5	247.9	325.4	382.8	439.8	443.8	431.6	442.3	451.9	436.5	436.1	453.8	496	522.5	530.2	547	552.6	558.2
561	561	561	561	561	561	561	561	561	561	561	561	544.8	502.8	494.8	459.2	434.2	419.2	404.2	402.2	391.6	387	384.6	375.8	364	349	322.3	217.2	120.6	84.6	79.6	74.1	67.1	62.8	57.6	63.2	66.1	69.5	72	67.9	70.3	67.8	62.6	67.1	67.5	82.5	111	139.5	154.8	166.9	180	191.5	199.8	205.8	216.7	221.3	223.4	228.7	235.5	226.9	221.8	226.2	227.3	232.8	233	228.9	232.2	236	234.8	234.7	240.2	237.2	233.7	240.8	248	254.1	270	282.6	287.1	289.2	285.7	279.5	258.6	243	249.1	252.8	248.9	245	244	249.1	256.3	256.7	249.8	248.3	248.5	244.6	248.2	247.2	248	248.5	251	255.3	264.3	264.8	263.7	261.2	261.6	270.8	270.7	264.9	263.2	268.3	267.4	256.3	251.4	255.3	252.6	246.5	244.2	243.3	234.9	228.9	222	209.1	205.2	199.4	190.6	185.2	180.4	167.3	161.3	159.8	158.8	156.4	153.8	152.3	150	151.9	150.5	149	154.5	156.6	152.8	144.1	140.8	134.8	123.2	114.4	101	93.6	85.9	70.7	60.6	54.1	51.1	50.8	50.6	52.4	50.7	49.2	50.9	57.5	60.1	59.1	56.8	56.3	58.4	60.7	58.5	59.2	61.2	62.8	65.1	70.5	72.8	75.4	96.6	150	225.1	283.8	357.1	397.9	414.3	437.5	457.1	461.6	465.6	451.4	451	486.5	541.1	547.7	554.7	561	561
561	561	561	561	561	561	561	561	561	561	561	561	555.6	514.2	481.4	444	437.2	422.4	403.2	393.8	389.2	389.2	384	376.8	363.4	346.6	318.4	199.3	108.3	75.9	73.3	64.4	61.3	63.9	66.3	70.3	68.3	66	63.2	63.2	68.2	67.9	64	69.6	74.4	89	119.9	146	161	174.4	187.2	194.5	200.7	205.9	216.8	224.1	225.9	233.5	234.7	230.3	224.3	225.6	227.2	233.7	232.3	231.6	235.9	234.1	234.2	239.9	243.8	236.9	232.7	236.2	246.5	257.3	270.6	287.9	289.5	289.9	286.1	278.4	263.5	252.2	253.9	255.2	255.4	254.8	253.1	248.3	253.4	257.2	252.9	248.8	245.6	243.8	246.4	250.2	250	250.6	255.7	254.6	259.8	266.5	270.5	267.7	267	268.5	270.3	272.3	268	268.5	266.6	261.2	255.2	252.3	252.3	244.8	238.6	234.4	231.3	225.6	215.5	209	202.6	199.3	194.4	189.6	177.7	169.9	166.6	164.7	161.9	158.9	153	147.4	142.8	144.2	143.9	143.1	146.2	153.7	155.4	149.6	143.8	138.4	126.9	122.1	116.8	101.9	85.9	69.5	56.3	47.6	45.6	48.3	47.6	47.7	47.1	48.7	50.8	56.8	60.4	56.6	51.6	53.1	56.2	59.8	56	58	63.4	61.2	63.4	70.5	76.1	79.3	96.7	143.2	245.1	331.7	385.9	389.8	405.1	436.4	455.7	465.1	464	458.6	465.5	495.1	536.6	553.3	554.7	561	561
561	561	561	561	561	561	561	561	561	561	561	561	561	521.6	470.4	439.2	437.6	423.8	407.6	396	387.4	384.2	377.2	368.6	353.6	342.6	257.8	124.4	89.1	77.1	76.7	67.6	63.8	65.4	65.8	64.2	64.1	63.2	63.1	68.2	65.6	62.1	63.5	68.4	80.2	99.8	129.7	148.4	164.9	180.6	190.3	202	209.7	215.7	224.1	226.1	226	234.3	238.6	233.4	229.7	231.7	234.1	234	236.7	235.2	238.3	240	236.4	235.4	241.2	246.1	243.1	242.9	245.5	260.6	270.2	284.8	300.8	301.6	292.8	276.1	265	257	255.2	252.2	253.1	259.3	258.4	253.5	252.4	256.8	256.2	251.4	247.6	242.1	241.7	248.8	251.1	255.4	259.6	258.9	260.7	267.6	273.7	273.3	272.2	275	269.8	264.6	266.1	267.3	263.2	257.6	257.5	258.8	255.4	246.2	237.7	229.5	225.9	215.9	211.7	211.7	207.5	198.1	190.2	183.6	174.5	171.7	168.5	160.4	158.4	158.8	153.9	148.9	143.9	143.8	141.2	143.6	146.7	153.5	157	152.2	149.4	141.6	130.7	126.6	123.9	111.4	94.6	77.9	61.1	49.9	45.1	43.7	47.5	46.5	43.2	44.8	50.6	56.5	57.3	57.2	53	52.4	54.1	59.1	59.3	59.8	64.9	63.6	62.1	66	73.5	78.3	90.5	111.1	211.2	369.7	417.8	414.6	411.1	425.6	445.2	455.8	462.5	469.8	476.2	487	506.6	536.6	552.8	554	561
561	561	561	561	561	561	561	561	561	561	561	561	561	527	466	444.4	443.8	423.8	410.2	395.2	389.8	385.8	373.2	361.8	349.8	335.8	246.8	127.4	93.4	85.4	84	75.5	70.7	68.5	64.8	62	63.2	65.1	65.3	66.8	66.5	65.3	64.8	69.4	84.2	106.8	131.4	153.9	171	181.4	189.7	204.8	212.6	217.7	224.5	223.5	227	233.3	238.6	234.5	232.1	233.1	231.2	232.4	232.4	239.3	242	245	242.4	237	241.5	249.1	251.9	251.3	247.8	261	270.1	281.8	309	311.4	294.8	282.2	266.3	258.7	255	253.8	253.9	261.1	261.7	257.6	258.9	257.1	259.4	260.1	260.2	249.3	241.1	244	248.2	253.6	256.5	262.9	268.4	271.9	273.5	271.2	273.4	279.5	278.1	277.6	280.3	270.9	263.4	255.1	251.1	251.4	246.9	243.6	238.2	224.9	218.2	211.5	206.9	205.9	202	193.7	188	179.4	172.9	171.3	165.1	156.5	154.7	153.7	152.9	152.1	152.1	151.3	148.8	145.8	146.3	151.5	151.5	151.6	153.4	145.8	131.7	120.9	115.6	110.4	100.4	83.4	70.1	58.9	50.9	49.5	50.1	46.3	44.6	43.4	46.1	51.6	57.1	55.7	51.4	53.1	56.2	59.1	61.6	59.4	62.9	62.8	60.6	65.9	72.3	72.2	88.2	102.2	180.8	339.1	417.3	426	428.2	444.7	461	457.2	465	469.4	473	484.2	499.4	530.2	549.7	547.7	558.2
561	561	561	561	561	561	561	561	561	561	561	561	549.8	538	477.6	452.8	458.6	429.8	409.6	395	385	379.4	369.8	360	346.8	313.4	230.5	136.9	91.6	86.3	87.4	75.2	63.1	63.4	62.3	61.9	61.1	63	65.3	62.2	60.5	63.3	66.4	70.3	87.4	111.7	136.1	159	175.3	184	193.5	208.4	213.4	218.3	222.5	222	230	239	233.9	233	234.8	234.2	229.5	230.3	229.8	235.9	244.8	245.2	250.5	248.9	247.8	254.2	260	260.1	263.6	273.3	273.6	288.2	316.6	327	310.4	283.5	269.9	267.9	259.9	259.5	261.1	262.5	263.8	264.8	268.8	267.6	256.4	259	272.2	269.6	253.2	250.7	254.8	255.9	253	253.7	268.6	276.4	274.1	269.7	275.9	281.1	278.6	286.3	287.9	284.5	271.5	257.6	253.7	248	241.7	240.1	230.9	223.9	219.6	213.4	211.4	206.6	198.4	190.1	186.1	182.8	181.7	178.4	170.8	163.3	161.6	156.5	152.9	154.6	155.1	156.9	154.1	152.3	148.9	154.7	156.1	153.1	152	150	139.1	121.6	112.5	111.3	105.3	92.7	74.3	62.1	51	49	50.9	48.1	46.8	45.5	43.7	47.4	56.5	56.6	53.8	53	52.5	58.4	63.2	63.8	62.7	61.2	56.5	60.7	67.9	71.5	80.8	94.6	133.6	250.6	382.5	444.4	452	464.7	466.3	436.7	430	452.6	469.2	471.5	485	508.2	548.6	561	561
561	561	561	561	561	561	561	561	561	561	561	561	550.2	541.8	479.2	464.8	463.6	430.4	406.8	391.4	376.8	370.4	366	355.4	343	314	232.4	128.6	87.4	81.9	83.6	69.4	61.2	64	63.9	60.7	59	58.5	60.8	61.3	62.3	61	64.1	73.6	90	115.3	147.3	166.7	177.2	184.9	197.2	209.3	213.1	219.1	222.6	223.8	232.7	234.7	235.5	236.4	234.4	234.2	231.6	224.7	229.8	237.5	241.5	245.9	249.5	252.3	249.9	252.7	255.3	259.8	273.2	282	277.1	289.8	310.5	319.8	311	286.3	270.7	267.4	258.7	256.7	262.5	265.2	266.9	270.1	271.4	271.5	266.3	257.1	262.4	271.5	263.3	251.8	244	253.1	257.2	252	261.2	273.5	275.8	271.5	273.6	279.5	285.1	288.3	289.1	286	275.5	261.8	258.5	254	247.3	236.9	230	227.6	223	216.1	212.6	207.5	198.1	187.1	182.8	184	182.7	178.2	173.7	170.2	166.9	164	157.2	154.9	154.6	153.9	154.8	154	150.1	151.4	150.5	147.8	146.3	150.1	144.4	128.5	112.2	101.9	101.8	99.5	77	53	41.5	36.9	37	36.6	40.9	41.5	44.6	48.5	55.5	55.2	53.7	51.6	49.4	53.2	57.8	61.3	58.5	58.6	52.6	50.6	58.3	61.6	68	87.2	118.5	223.6	339.9	420.3	460.6	469.8	462.8	442.7	441.9	457.5	469.2	473.4	482.2	500.2	539	561	561
561	561	561	561	561	561	561	561	561	561	561	561	559.8	550.2	484.2	451.2	454.6	429.2	406	387.8	376	371.2	367.8	355.4	341.2	308.8	181.5	100.6	83	79.9	84.1	68.7	62.8	62.4	55.6	52	53	58.4	60.4	59.3	61.5	60.4	67.2	80.7	99.6	126.4	152.1	167.9	174.4	185.3	202.3	209.8	214.8	218.7	218.9	224.6	232.2	228.2	228.1	231.2	230.8	228.6	225.4	218.3	230	239.6	248.1	254.6	252.8	257.8	263.6	260.9	264.2	276.6	282.5	288.5	290.6	298.7	310.8	320.8	313.9	293.4	277.3	269.3	262.8	260.6	263.1	263.5	267.1	265.4	270	273	264.3	263.4	259.1	260.4	266.8	263.4	252.5	247.9	255.6	259.2	260.7	268.9	278.2	284.9	285.9	285.4	290.2	286.3	283.7	280.3	273	271	266.6	256.6	245.7	235.7	233.6	234.3	229.2	223.7	213.6	207.7	203.9	197.6	192.4	189.2	183.7	179.5	176.2	169.9	166.2	166.6	162.6	156	155.5	155.5	156.5	154.4	152	152.5	153.5	150	146.1	148.2	146	136.4	120	107	100.2	100.7	87.5	64.5	43.6	34.1	33.3	31.7	33.8	37.8	41.3	44.8	49.9	53.5	53.8	54.8	50.8	51.5	54	58.9	60.4	62.5	57.3	50.4	53.9	60.1	65	84.7	109.8	185	327.3	399.3	452.2	469.8	470.2	468.6	467.4	468.2	471	471.4	474.2	472.4	499.8	544.2	556.6
561	561	561	561	561	561	561	561	561	561	561	561	561	546.8	471.2	455	447.4	421.8	395.6	380.6	382.4	382.6	374.2	357.8	344.2	291.5	160.1	97.6	86.9	86.7	86.3	80.7	72.2	58.9	49.7	51	52.3	58.6	62.8	57.9	62.1	62.9	72.8	78.5	98.8	124.2	143.7	163.7	173.7	186.7	200	205	215	219.5	219	226.7	231.5	233.3	235	232.9	230.1	229.5	226.5	219.7	230.8	241.8	249.6	257.3	255.3	259.9	263.5	261.4	268.4	279.8	283.1	288.2	292.9	305.5	316.4	319.8	309.4	295.6	287.6	275.2	265.9	261.8	256.6	261.6	267.5	267.2	268.6	275.4	274.9	267.3	256	255.9	259.9	262.6	257	251.2	253.5	260.4	261.6	266.2	274	283.1	286.6	292.3	299.3	292.7	285	280.1	279.3	276.9	274.6	263.8	247.8	235.5	236.6	236.3	232.5	227.3	217.7	209.6	207.2	205.8	200.5	196.1	186.2	180.6	179.4	175.5	171.7	170	168.1	159	156.6	156.7	152.4	149.8	153.7	154.9	155.6	150.5	143.8	143.2	140.6	134.7	124.4	114.1	102.9	88.2	82	74.3	57	41.1	36.1	31	32.2	36.8	35.2	35.9	44	52.4	54	53.6	47.6	46.2	50.3	55.7	59	60.4	58.4	55.9	58.5	60	61.3	74.2	101.6	167.2	298.9	395.9	457.3	468.1	471	469.4	467.4	468.2	470.2	472.2	473	466.9	489.8	537.4	551.4
561	561	561	561	561	561	561	561	561	561	561	561	559.8	543	511	463.4	447.6	429.6	408.6	395.2	388.2	384	367	349.6	328.6	237.9	133.3	92.1	90.2	86.3	83	76.4	68.4	53.9	49.7	48.6	51.8	58.7	53.5	59.6	61.3	60.6	69.2	79.9	94.2	121.1	141.9	158.9	173.5	184.6	196.4	208.5	215	213.8	215.5	219.9	225.3	228.1	229.7	233.9	233.3	235.2	236	236.1	234.8	242	251.9	255.4	258.9	260.1	265.3	271.9	280.7	292	295.8	297.8	306.4	308.5	316.4	317.7	303.5	294.3	295.5	295.2	291.5	278.9	272	272.4	281.9	283.4	280.4	277.8	283.3	287.5	269.1	258.5	258.8	264.8	269.6	271.1	261.8	262.8	271.8	273.8	271.2	279	289.5	299.3	297.4	291.3	289.8	289.9	290.2	288.9	284.4	277.2	259.3	252.9	246.5	240.3	234.7	230.1	226.4	218.4	212.1	206.3	199.7	198.8	196.8	189.5	183.8	179.8	172.8	169.3	171.6	165.5	158.7	154.6	153.9	151.4	153.1	155.3	153.1	148.3	147	145.4	136.6	131.7	121.8	120.4	117.5	98	79.6	73	66	52.5	39.7	38	33.5	32	35.6	35.5	37.1	45.1	52.7	55.8	51.9	48.8	47.4	51.3	51.8	57.9	58.4	54.7	63.1	62.1	59.2	69	85.9	141.1	260.1	345.8	423.2	450	451.9	467.2	467	466.1	468.6	469.8	469.8	473.8	481.4	504.6	535.8
561	561	561	561	561	561	561	561	561	561	561	561	557.4	541.8	500.2	483.4	456	411.8	394	393.2	388	376	356.6	341	307.2	200.6	108.2	81.7	81.7	82.9	79.8	77.8	77.3	64.7	55.4	53.9	52	57.5	55.2	60.6	63.8	66.6	70.3	82.9	108.5	132.5	152.7	168.1	177	188.5	198.2	207.8	213.5	212	215.3	220.5	226	229	231.9	231.3	232.4	236.8	234.1	233.8	242	249.1	257	256	255.9	259	266	272.7	282.8	291	293.1	300.7	309.4	311.4	319.8	313.3	305.8	297.6	295.1	294.3	300.4	293.1	277	273.8	277.1	281.4	282.8	278.8	280.9	284.1	280.5	268.9	260	259.2	266.6	270	266.5	268.1	277	282.7	274.2	272.1	282.2	293	292.8	288.9	286.4	285.9	286.1	284.7	283.8	279.7	259.9	254	255.1	247.1	241.5	234.5	227.4	221.7	218.3	212.3	203.8	197.5	196.6	191.1	184.3	183.9	177.5	171.8	171.9	167.8	161.6	156.7	156.7	156.5	153.5	154.6	149.9	141.9	143.3	142.2	134.4	129.2	121.2	117.6	114.6	102.4	86.3	74.1	66.7	55.8	46.3	43.8	36.4	33.7	34.5	35.1	35	38.2	46.3	54.4	52.8	48.4	45.6	46.6	52.2	54.9	59.6	57.8	59.8	62.2	60.2	66.4	80.2	131.1	247.9	344.1	430	452.5	461	469.4	467.4	459.5	468.6	469.4	469.4	472.6	478.6	497.4	531.4
561	561	561	561	561	561	561	561	561	561	561	561	558.6	545.4	521.8	499.4	473	418.4	394	392	384	369	356.4	323	203	115.9	84.2	73.2	73.4	77.5	83.2	82.9	78	72.1	57	53.4	61.6	59.4	56.5	57.8	58.8	64.2	74.7	86.7	112.4	133.4	157.3	168.4	175.4	187.5	202.9	211.3	212.2	209.2	211	218.4	225.5	232	236.2	232	234.3	243	239.6	236.2	243.3	248.8	254.4	254.7	260.6	261.4	263.4	269.4	280.5	289.4	303.6	318.8	327.1	331.2	331.6	331.5	325.7	316.2	315.4	309.2	305.3	300	288.8	278.2	274.5	276	280.2	281.5	280.9	281.3	286.1	280.3	274	269	265.3	266.8	271.7	273	275.8	276.9	278.4	271.3	273.3	281.9	285.7	287.1	283.4	280.9	282	285	282.1	275.8	270.3	261	255.5	255	247.7	243.1	237.8	231	225.4	220.8	211.2	206.2	204.6	201.4	192.2	186.6	181.4	176.9	176.8	169.8	167.4	165.9	160.6	158.8	155.2	149.1	151.3	142.4	137.8	138.2	135.7	130.6	127.4	117.8	113.7	109.1	92.4	77	67.5	57	52.7	48.1	42.7	35.7	32	33.2	33.4	31.1	38.1	47.9	53.2	49.9	45.3	45.5	49.9	54.8	58.5	60.9	61.3	63.9	63.3	68.1	88.7	129.7	223.5	336.9	419.3	470.1	469.4	467.2	465	454.5	456	468.2	470.2	470.6	472.6	468.2	487.5
561	561	561	561	561	561	561	561	561	561	561	561	547.8	535.8	528.2	521.8	466.2	403.4	392	384.8	374.6	361.2	350	304	171.2	107	88.7	79.3	79.7	83.2	82.3	79.2	72.4	57.8	54.5	55.2	63.3	63.5	56.6	56.8	60.5	65.2	70.5	78.3	101.4	125.6	147.1	157.7	172.3	185.1	198.6	209.3	212.8	210.5	214.4	218	224.1	229	234.3	232.4	236.1	241.5	240.3	244.5	249.5	249.4	251.9	254.7	259.2	261.6	260.8	270.6	287.7	300.8	312.6	324.7	331.1	327	331	324.5	317.7	308.9	305.4	309.4	305.2	293.2	289.8	283.3	272.5	273.5	273	276.3	283.9	281.4	273.6	274.4	285	278.4	272.7	269.1	264.5	275.8	276.9	268.4	274.4	274.3	270.8	272.6	276	285	284.1	279.8	279.7	281	273.5	274.1	271.3	262.1	264.7	266.9	254.7	247.4	241.7	234.3	225.7	226.3	220.9	212.9	209.1	205.4	197.7	189.5	182.8	181.5	182.9	175.6	169.8	169.6	166.1	159.7	155.1	150.6	150.6	145.3	140.8	135.7	131	125.5	120.3	113.4	110.5	107.4	93.5	82.1	70.5	55.1	49	52.4	49.4	47	43.3	38.4	37.8	33.6	36	41.2	47.9	48.7	47.6	49.8	49.5	50	55.8	61.6	62.4	64.2	69.6	67.3	97.6	143.2	206	317.8	409.2	466.7	464.4	468.6	467.2	459.4	453.3	466.5	471	471.4	473.8	466.8	488.1
561	561	561	561	561	561	561	561	561	561	561	555.4	542.2	531.8	526.6	521	463.2	405.2	394.2	385.4	371.8	354.8	344.8	299.6	185.3	103.4	83.8	79.5	79.2	82.3	79.3	71.2	65.5	57	50.5	56.1	60.6	59.2	55.1	55.6	58.6	58	62.1	75.1	101.1	125.3	142.3	155.9	172.9	187.4	199.9	207.1	208.9	209.9	214.3	219.2	227.6	231	232.9	233	241.9	249.8	244.3	243.5	250.9	252.1	252.8	254.8	258.8	261.6	270	284.8	300.7	314.8	321.6	331.3	337.4	334.7	331	322.8	311.4	309.9	310	307	308	301.5	293.7	289	277.5	271.7	275.3	278.6	278.3	279	277.8	279.1	284	286.7	286.8	280.6	267.9	269.7	276.5	272	267	267.5	274	276	276.5	283.7	287.8	288.6	289.2	283	276.6	274.8	268.7	265.7	271.2	270.3	259.7	250.3	243.1	236.1	229.3	229	225.7	218.1	218.7	208.8	200.2	196.6	190.6	185.2	187.3	180.4	178.2	173.6	169.1	161.5	159.8	155.4	148.7	142.8	142.8	139.1	128.4	122.2	120.5	116.1	110.3	106.4	92.4	81.4	70.7	56.9	48.9	49.2	50.6	50.8	49.1	43.5	37.9	36.7	38	41.4	46.3	46.5	45.7	48	47.9	45.1	51.8	59.6	63.4	66.3	71.6	77.6	123	168.7	214	282.2	379.7	447.1	471	469.8	470.2	467.4	469.8	468.6	468.2	471	473.8	477	485.9
561	561	561	561	561	561	561	561	561	561	561	553.8	542.2	530.2	525	479.6	414.8	400	394.2	380.8	372.4	361.4	350.6	283.4	172.6	95	77.6	69.7	68.6	74.9	73.3	70.8	74.9	63.8	57.9	64.1	67.2	59.7	54.8	52	49.6	54.9	64.8	77.5	99.6	121.8	140.7	158.1	173.2	189.7	203.6	209.3	211.1	210.1	216.9	222.4	225.3	231.9	232.2	236.2	244.1	246.9	245.9	247.5	249.7	256.7	255.3	259.5	262.2	263.5	278.7	289.9	304.2	318.8	324.8	332.6	339.5	335.9	333	321.8	313	309.7	304.4	299.4	303.6	302.9	293.9	289.9	280.7	273.9	275.2	283.4	282.2	280.5	280.9	283.1	282.2	282.9	289.3	292.7	287.3	284.9	278.7	274	267.7	262.9	267.4	273.8	276.4	274.7	284.8	298.9	295.6	290.2	285.9	281.3	279.9	276.4	274.8	275	270.4	260.9	255.8	245.9	236.1	232	227.7	220.5	222.5	213.3	204.5	200.7	195	189.1	190.3	186.8	186.4	179.2	171.6	165.3	161.2	157.6	148.6	141.6	138.5	139.3	127.2	116.5	116.8	114.5	107.1	103.1	89.7	77.6	66.9	59.1	51	47.3	44.3	46.8	52.5	52.7	51.3	48.6	42.2	44.9	46.8	43.3	42.5	46.1	48.7	49.7	47.6	54.7	64.7	68.7	71.4	84.3	137.8	176	224.8	293	406.1	458.2	468.7	470.2	469.8	467	468.6	467.2	467.8	470.6	472.6	471.2	468.3
561	561	561	561	561	561	561	561	561	561	553.4	548.6	538.6	527.8	522.6	479	412.6	400.8	393	375	366	359	314	157.5	96.8	83.6	75.1	71.6	72.3	72.7	71.6	73.7	73.6	66.4	59.4	64.6	68.7	59.6	54.1	53.1	51.6	56.3	66.3	80	97.3	117.3	139.2	162	179.3	195.4	202.8	207.3	210.5	212.1	215.9	220.5	227.3	235.3	235.7	238.8	246.6	244.8	240.5	248.2	254.1	257.3	260	259.5	263	276.4	294.4	305.4	317.8	330.4	337.5	344.5	354.2	350.6	334.2	319.6	313.6	313.6	309.3	308.6	307.2	307	298.5	291.6	287.6	279.8	271.5	280	289.4	287.9	289.4	293.2	294.5	288.8	296.3	303.1	302.8	298.8	290.8	285.1	281.1	274.5	277	280	282.6	287.1	286.9	291	291.4	291.3	291.5	287.4	288.9	284.1	280	275.9	271.3	268.8	265.8	254.1	244.6	242.6	231.6	225.1	223.6	215.7	211.1	205.2	199.6	193.8	195.8	194.4	192.5	187.8	178.1	170.8	166.3	161.7	152.5	141.5	137	136.3	127	117.5	114.4	118	110.8	106.1	93.6	77.4	64.8	57.6	56.1	50.4	42.5	46.8	48.6	51.7	53.1	52.8	46.6	44.5	47.1	43.6	42.9	43.1	47.8	51	49.2	49.8	58.8	69.8	71.1	75.3	102.4	154	223	295.4	405.1	469.5	468	465.3	465.1	463.6	453.8	437.7	432.9	448.4	464	451.4	437.4
561	561	561	561	561	561	561	561	561	561	551.8	547	536.2	526.6	521	463.6	408	406	389.8	374.6	362	349.6	293.8	139.8	88.2	82.9	77.7	73.5	77	80.6	83.4	81.8	78.1	63	54.9	56.8	58.5	54.8	51.6	53.9	56.8	59.9	65.9	72	90	111.5	137.6	160.8	183.9	197.1	202.9	208.5	212.5	212.8	216.8	227.4	231.3	237	237.4	239.2	245.7	242.6	241.2	253.8	260.1	260.2	260.9	261.7	267.5	285.3	301.6	312.8	326.4	334.1	341.3	352.2	360.7	358.3	343.3	332.8	317.5	315.4	313.1	311.1	313.6	312.8	304.3	299.1	297.5	289.8	281.6	275.1	281.3	286	287.8	293.2	295	291.8	293.5	299.9	308.2	307.3	299.5	296.9	295.4	297.7	298.8	293.9	293.2	297.1	298.1	298.6	296.5	296.5	291.9	291.7	295.3	290.3	287.6	276.2	266.1	269.7	270.3	262.9	256.1	251.3	240.3	230.7	226.8	222.4	218.7	211	205.2	199.7	198.3	195.3	195.8	190.3	180.7	174.5	170.3	166.5	154.3	143.1	138.2	133.2	127	117.3	110.9	114.8	116.2	110.6	96.6	78.2	62.5	52	44.5	45.2	44.1	50.3	47.6	47.7	46.6	49.8	53	50.4	50.9	47	44.9	46.5	49.6	51.1	53.8	51.8	57.7	67.4	66.6	69.8	94.6	153.9	226.5	322.8	434.6	466.5	469.4	471	469.4	468.2	463.5	448.4	437.8	450.4	463.3	455.2	450.8
561	561	561	561	561	561	561	561	561	557	545	534.2	527.4	521.4	513	467.2	408.2	406.6	390	373.8	356.6	346	242	107.6	86.1	74.4	74.3	75.4	79.8	83.2	83	83.5	80.5	61	51.1	54.3	61.5	52.3	48.2	56.7	59.8	60.8	66.1	72.6	87.4	109.5	137.8	161.5	182.5	195.9	201.7	211.8	216.4	214.7	221.2	232.1	237.8	238.9	240.9	247.6	246.3	244.2	239.9	248.6	258.3	261.5	262.4	264.5	279.8	301.6	316	320.8	332.6	344	351.6	359.6	363.1	358.7	337.6	327.7	325	325.3	324.1	319.4	321.1	325.4	316	305.8	299.9	292.9	286.9	282.5	278.2	281.2	284	290.2	292	289.8	284.3	284.5	293.7	294.2	295.7	300.4	299.3	296.7	297.8	302.9	305.1	301.7	299.6	296.3	300.4	297.5	292.5	287	290.5	291.7	291.6	284.2	266.2	267.4	265.5	263.2	256.7	245.9	235.2	230.4	221.9	222.3	219.9	217.8	214	207.9	198	191.9	190.5	194.4	188	182.3	178.1	169.2	157.6	144.5	137.3	130.9	125	118.5	110.7	115.7	119.8	112.7	95.1	78.2	65.1	52.6	42.8	39.9	41.5	42.8	44.6	46.2	44.5	46.6	47.8	50.7	50.8	43.5	41.1	43.5	46.5	48.2	50.3	49.2	54.7	61.8	68.8	67.9	80.7	122.4	210.9	327.3	444.7	464.7	469.2	470.6	468.2	467	465.4	464.5	459.8	453.1	454.9	465.3	473.6
561	561	561	561	561	561	561	561	561	556.6	544.2	531.4	524.6	518.2	502.2	425.6	406.4	403.8	385.6	368.6	351.6	335.7	204.4	106.2	88.8	82.5	84.7	87	91.3	90.3	81.9	75.8	68.2	52.3	44.3	49	52.8	49.8	54.9	65.2	63.4	55.4	55.8	68.2	87.5	107.5	139.9	166.9	190.3	197.9	205.6	215.5	217	215	226.8	235.1	234.1	239.1	240.3	240.8	243.2	242.3	240.9	250.2	260.1	260.5	264.4	274.4	287.2	306	317.5	320.8	335.4	353.7	357.8	368.8	373.8	362.3	348.4	337.4	332.4	331.6	329.5	329.1	329.3	329.4	322.2	314.3	308.1	302.2	293.9	286.1	278.5	280.2	279.8	285.6	291.2	286.4	284.6	286.1	291.6	296.8	296.9	302	302.9	302.7	307.2	306.6	307.7	310.8	310.6	307.8	317.6	323	318.8	311.2	298.9	290.4	290.4	284.7	264.1	266.7	270.9	263.4	254	245.5	237	230	221.7	222.7	221.2	218.2	216.3	209.6	203.2	197	191	194.5	189.4	185.9	181	174.5	159.2	145.8	136.8	129.2	123.9	117.6	113.3	117.5	117.1	108.5	92.7	72.5	62.1	50.7	46.4	37.2	34.5	32.3	34	39.9	40.7	42.5	43.7	46.2	50.7	41.1	34.8	39.6	46.8	53	51.6	48.9	55.4	60.4	66.3	68.2	77.7	111.6	206.9	321.5	419.4	458.8	466	464.7	467	465	462.4	458.9	458.8	451.3	457.3	471.3	474.2
561	561	561	561	561	561	561	561	561	555.8	541.4	529.8	521.8	513	494	423.6	402.2	399.6	382	363	352	312.9	182.7	112.4	88.4	89.3	92.9	88.4	88.2	84.6	76.9	68.5	64.7	49.6	45.3	48.2	53.4	54.9	60.5	66	60.2	52.4	54.9	68.5	87.5	109.1	139.4	168.3	191.4	198.9	204.7	214.2	209	209.3	227.8	234.8	235	238.6	240.9	242.2	245.9	246.1	245.1	255.5	264.5	267.6	277.7	300.1	314.9	325.3	331.2	331.9	343.6	358.9	365.4	380	382.8	360.8	346.1	347.3	349	344.1	340.8	339.4	336.5	328.1	325.4	325.1	324.1	313	297.9	295.2	290.1	279.2	282.1	284.1	288	291.9	288.2	288.3	293.7	302.7	303	305.3	308	311	309.7	309.5	312.7	310.2	306	310.4	313.9	318.6	321.4	318.1	303.6	291.1	295.7	289.1	269.7	264	268.3	265.1	254.7	247.2	239.1	230.1	224.7	222.4	221.7	218.1	213.3	213.5	209	199.5	192.5	189.2	188.4	185.3	182.9	180.5	167.5	150.4	141.3	131.6	127.3	117.1	113.5	116.3	109.6	104.3	89.2	68.9	59.4	51.8	48.1	39.3	32	29.6	28.6	34.4	38	40.2	44.9	42.5	49.1	46.4	33.2	34.1	44.7	53.9	54.2	52.3	56.4	57.4	61.2	65.5	77.2	109.6	193.3	297.8	399.8	444.6	454	454.7	451.7	458.7	469.4	467	460.5	461.1	461.2	471.4	473.8
561	561	561	561	561	561	561	561	561	554.2	541.4	531	521.8	513.8	463.6	405.2	395.4	380.2	371	360.6	352	306	184.6	117.3	94.8	88.5	81	71.8	71.2	70.3	69.3	68.4	64	49.3	45.3	54.3	68.1	68.8	62.8	53.8	49.7	53.1	60.3	71.5	94.2	118.7	146.1	175.6	193.5	199.2	206	218.1	215.5	216	230.9	237.1	238.4	238.7	239.8	244.7	248.4	247	251.2	259.8	268.7	271.5	286.7	304.6	317.3	326.5	336.7	338.5	350.1	365.3	368.5	377.5	374.7	349	336.6	341.5	349.1	352.2	352	348.7	334.1	324.1	321.2	327.8	322.9	310.3	301.2	298.2	292.5	289.5	289.4	284.9	285.8	293.1	293.9	290.4	292.1	298.8	304.9	312.1	313.8	311.5	311.7	306.6	312.6	311.8	304	306.2	316.1	324.1	322	318.2	306.9	295.8	295.1	285.4	266.5	264.7	269.4	262	256.1	253.1	242.3	232	222.4	222.3	224.6	219.8	217.3	215.2	211.4	204.3	199.7	192.8	185.8	184.6	185	184.4	171	154.6	142	131.5	125.5	116.3	110.6	112.3	110.6	103.6	88.8	70.9	59.5	52.9	47	41.2	32.5	29.9	28.7	30.8	36.9	38.7	41.6	41.6	47	45	36.9	32.7	36.1	47.8	55.3	57.4	60.5	60.6	58.9	66.6	74.6	122.4	204.9	291.9	392.8	449	450.2	453	454	464.5	469.8	467.8	468.6	467.8	461.5	471	473.8
561	561	561	561	561	561	561	561	561	547.8	538.6	530.2	520.2	514.6	470.6	406.2	388.8	376.2	370.2	358.8	355.6	268.8	163.9	114.1	92.9	83	77.6	70.3	68.3	72.2	70.2	69.2	64.1	53.6	47.6	56.6	70.4	70.8	60.9	49.5	48	55.5	61.5	72.8	97.1	125	148.3	175.9	194.3	199.1	207.5	218.4	225.2	230.8	236.1	238.9	240.1	238.7	242.9	245	249.2	251.7	255.9	261.6	272.6	291	311	325.8	328.4	330.7	336	340.4	352.2	366.2	374.2	380.5	365	343.7	334.8	338.4	348.5	355.2	356.5	348.1	330.5	323.5	321.2	323.7	322.3	315.8	308.3	300.8	292.2	289.7	290.1	285.1	284.9	290.6	291.2	288	292.7	298.5	298.8	308.8	311.4	311.4	310.6	302.9	300	302.3	304.6	308.7	316.4	328.1	328.8	321.3	306.8	293.9	301.2	292.5	270.1	263.1	265.6	261.6	257.8	255	245	236.3	225.9	224.5	222	215.1	216.1	212.6	207.9	203.1	199.1	192.7	188.3	183.6	185	182.6	173	159	143.5	134	125.9	119.3	110.1	110.2	108.7	100.2	88.6	71.4	57.3	49.6	44.4	40.1	31.5	25.9	25.2	27.4	33.2	39.1	39.7	38.6	42.5	45.2	38.5	33.4	33.5	41.5	51	58.2	55.6	60.8	57.6	61.2	72.2	100.9	182.5	255	358.7	445	448.6	449.2	460.7	473.4	470.6	468.2	468.2	468.2	467	470.2	471
561	561	561	561	561	561	561	561	561	548.2	539.4	531.8	523	511.6	443	401.2	386.8	388.6	385.2	368.8	358.4	279.2	181.9	117.6	85	73.1	73.8	73.5	72.9	75.4	74.8	71.4	65.5	56.2	55.3	64.1	71	62.7	53	54.1	54.7	53.9	60.5	72.7	96.3	125.3	153.7	177.7	194.2	203	212.4	221.9	229.4	233.8	240.6	241.7	240.6	241.9	245.5	248.8	252.7	255	261.6	266.3	276.2	289.4	305.1	319.2	325.7	330.1	344.1	344.9	351.2	359.5	363.6	371.2	363	347.3	334	330.8	337.6	342.1	346.6	342.7	330.2	322.1	318.9	322.5	319.7	313.9	312.8	304.2	295.4	291.7	286.3	289.4	289.9	295.9	295.5	294.5	300.3	301.8	297.7	306.3	312.9	321.5	322.8	313.2	308.8	307	309.4	316.9	316.7	318.9	323.9	319.2	306	294.9	291.3	291.6	279.4	268.1	266.6	266.2	263.7	260	251.6	240	229.1	223.5	223.6	216.8	213.2	214.1	207.3	202.6	199.3	194.6	190.5	183	184.1	183.5	173.3	161.6	149.5	136.4	125.8	118.4	110.3	108	107.2	97.8	87.3	72.6	57.8	49.6	41.7	37.4	34.1	25.4	24.3	26.9	30	36.4	39.7	39.4	37.8	41	38.6	34.2	33.8	38.2	46.9	58.2	56.6	59.6	62.4	61.7	73.1	88.9	169.2	259.8	359.6	436.7	446.7	454.4	458.6	469.4	471.4	470.2	468.6	469.4	469.4	469.4	471
561	561	561	561	561	561	561	559	549	540.2	531.8	524.6	519.8	502.4	438.8	403	390.6	390.4	376.6	360	352.6	289.6	217.5	138.4	92.3	81.3	75.9	70.8	71.4	72.3	72.7	67.7	61.5	61.3	58.6	66.3	70.4	67.6	60.9	56.3	57	56.2	62.4	75.8	98.4	127.5	155.1	181.4	198.3	204.9	213.7	226.5	232.8	240.7	242.6	245.4	246.6	250.5	252.7	254.9	257.4	262.3	265.4	273.8	296.5	315.2	329	333.3	329.1	329.4	335.6	348.3	366	363.7	358.3	354.3	339.9	329.6	334.9	330	326.3	326.4	329.5	331.5	327	319.4	317.8	314.6	307.8	306.9	304.2	299.3	296	296	291.3	287.3	288.6	293.2	295.5	300.7	303.2	304.7	298	304.3	316.6	323.1	320.6	314.4	307.2	307.3	312.3	311.7	315.9	328.4	325.5	316.7	311.8	301.2	307.2	293.7	274	269.3	268.5	266.4	259.5	257.8	253.6	243.1	234.9	229.3	225.1	213.1	208	208.2	205.4	202.1	200.4	194.4	187	182.3	182.4	181.4	175.4	166.2	151	137.7	130.9	120.2	111.9	109.1	105.2	99.7	86.5	73.5	58.5	46.4	42.4	37.4	33.7	27.5	23.2	25	30.5	36.7	37.8	39.8	38.7	35.3	39.4	35	34.6	37	46.5	57.3	57.3	57.6	63.7	63.6	81.4	113.3	167.9	271	376.2	449.9	464.8	471.7	468	461.8	463.1	468.4	458.8	454.1	451	447.6	461.2
561	561	561	561	561	561	561	558.2	548.2	539	531	522.6	493.8	441.2	412	396.4	393.8	382.6	357.2	347.6	335.2	279.6	252.6	168.2	101	84	72	71.1	69.7	65.8	67.1	67.7	68.1	69.1	63.6	62.5	61.8	65	65.8	63.5	55.4	57.9	61.7	71.4	93.3	125.3	155.4	174.6	190.9	205.7	217.5	227.1	236.2	243.1	246.9	246.2	249.8	252.9	256.8	261.8	262.9	264	268.3	281.2	300.6	316.6	326.2	331.1	329.3	330.7	335.8	350.2	359.7	358	352.3	347.4	332.5	321	323.2	314.1	313.8	311.6	313.2	315.8	314.6	310.6	314.6	312.5	310.3	312.4	306.1	304.2	297.2	292.7	292	291.1	287.2	287.3	292	296.3	297.9	302.8	303.4	304	316	322.1	316.4	311.3	304	306.9	310.7	309.8	310.5	320.4	319.9	311.8	306	305	313.8	300.4	278.3	273.4	268.5	264.2	265.5	263.3	258.1	252.4	243.8	236	228.4	217.8	207	208.5	209.5	207	204.3	199.5	192.4	185.5	183.3	183.3	179.3	169.1	152.5	140.4	128.7	119.1	111.1	108	110	106.6	95.7	82.1	68.8	51	45.8	40.3	36.2	31.2	23.7	22.6	29.7	36.6	40.5	41.1	43.1	39.1	36.8	33.6	32.5	34.3	43.3	54.7	58.5	59.1	62.6	66	73.7	108.2	176.7	263.4	367.4	455.6	474.2	474.2	472.6	470.9	469.3	469.4	464.4	462.5	461.2	447.6	451.4
561	561	561	561	561	561	561	557	545.8	537.4	527.4	518.2	485.8	443.6	408.8	389.6	388	376	353.2	345	329.6	273.2	173.2	110.6	85	73.3	69	69.6	70.3	69.8	67.1	69.4	72.9	70.4	64.6	62.2	60.5	65.7	67.3	63.1	57	58.9	61	76.9	99.7	135.3	168.9	188.2	203.2	214.2	222.7	230.3	238.4	244.3	249.2	254.2	258.2	259.5	259.3	262.9	266.3	261.8	265.2	283	305	322.3	331.2	329	323.1	326.1	334.9	345.1	352.6	343.4	334.8	317.6	306.5	309.5	312.8	310.3	311	312.7	309.7	307.3	304.4	309.1	309.9	303.2	301.8	306.1	304.5	300.4	298.9	290	283	277.1	276	279.9	284.4	285	290	299.2	300.4	300.1	303.3	304.7	296.9	293.9	294.9	293.4	292.4	297.6	306.7	315.1	308.8	297.9	290.3	290	302.3	293	273.8	265.5	256.9	250.5	252.7	253.1	247.4	246.1	241.7	231.4	221.8	209.5	203.9	205.2	207.8	206.2	201.3	198.6	195.2	188.1	180.8	181.5	179.2	172.1	158.8	142	133.3	123.2	111.8	108.9	109.8	104	88	77.9	67.9	52	41.7	38.8	35.7	33.9	27.7	22.1	27.6	36	41.3	40.8	43.3	42	38.7	32	29.7	32.2	38.2	49.3	56	60.3	62.5	70.9	95.8	140	221.4	301.9	351.1	438	473.4	473	473.4	473	473.4	470.6	468.2	469.4	468.2	467.4	470.6
561	561	561	561	561	561	561	556.2	544.6	534.6	524.2	516.2	500.4	448.6	389.6	385.2	383.8	361.8	343.6	340.4	326.8	265	152.1	95.7	81.9	73	70.3	64.7	68.2	70.8	71.9	73.9	79	76.6	70.6	66.8	65.5	66.6	65.2	57.7	57.3	56.7	58.8	76.3	107.5	144.9	174.6	194.7	209	219.7	226.1	232.3	239.7	248.9	252.6	257.6	263.1	262	265.3	264.8	263.9	264.4	269	280.5	302.5	312	324.3	326.3	327.7	332.4	341.3	348	345.7	334.9	322.6	305.9	298.3	296.5	303.1	301.6	305.7	306.6	300.5	301.3	296.7	302.8	302.5	299.5	299.4	298.7	297.6	297.1	299.5	294.8	287.6	285.2	283.1	281.8	280.7	281.3	289	292	289.5	293.4	299.8	297	289.4	290.2	290.8	286.2	288.8	290.5	292.8	302.9	299.5	289.8	282.3	281	293.9	286.9	268.5	258.9	251.5	241.4	245	246.9	247.9	246.4	239.9	235.5	224.3	211.7	207.2	205.1	207	205.3	201.4	199.2	196.8	191.6	184.5	183.5	177.6	174.7	163.1	147.7	134.8	122.3	111	109.3	109.8	103	89.6	81.9	71.7	55.9	40.9	39.4	39.4	36.4	31.6	26.3	26.2	32.2	37.8	42.3	43.7	44.5	41.5	33.3	30.5	33.5	38.2	47.4	58.6	64.7	63.5	69.9	93.7	133.4	230.8	313.9	365.6	447.4	473.1	473.8	475.4	474.2	473.4	470.6	468.2	468.2	468.6	467.4	470.2
561	561	561	561	561	561	559.8	552.6	544.2	530.6	518.2	509.8	506.6	459.6	384.8	385.8	384.6	358.4	341	339.4	328	268	188	98.8	84.1	75.7	71	65.5	69.3	69.8	71.2	74.6	78	74.9	74.4	72.3	66.3	66.5	62.1	55.4	54	52.9	58.4	80.3	115.9	150.4	182	205.5	215.2	223.6	228.9	236	241.6	247.9	254	261.1	266.9	266.3	262.4	257.1	265.3	279	277.3	279.5	288	300	312.1	306.3	310.1	317.6	321.5	319.6	312.4	307.2	288.2	280.4	276.9	271.8	276.6	274.7	275.9	280.5	278.4	278.8	286.9	286.4	282.8	284.7	287.1	287.5	285.2	285.9	287.5	286.2	283.5	283.1	281.2	276.3	275	274.8	280.4	278.8	278.5	285.5	289	292.2	290.8	286.1	286.8	285.2	279.9	275.9	279.1	288.9	273.4	258.6	256.6	254.9	270.7	265.5	247	239.3	233.8	228.8	232.2	236.8	238.6	234.4	222.1	218.9	213.6	199	191.4	187.5	192.9	196.5	194.5	191.4	194.1	191.5	180.6	180.7	181.3	178.2	170.2	155.1	141.1	127.3	116.1	109.5	110.1	105.6	93.3	84.4	73.8	59.6	46.1	39.4	38.5	35.7	31.2	28.1	24.9	29.8	35	40.3	42.6	44.5	43.3	36.5	31.5	32.7	34.8	41.8	56.8	66.9	66.3	68.5	95.6	161.2	228.9	315.5	368.8	411.1	458.2	472.6	475.4	476.2	475.4	464.3	463.9	469.4	469.8	468.2	467.8
561	561	561	561	561	561	557	549.8	542.2	529	516.6	509.8	502.2	416.8	401.8	419.2	383.6	351.4	342	341.8	332.2	271.8	191.1	106.3	86.5	76.2	71.6	70	74.1	72	77.5	78.6	73	74.4	75.7	66.6	60.3	65.5	63.1	56.2	51.3	51.7	60.8	86.2	128.8	165	186.6	204.6	219	224.6	231.8	236.3	242.9	249.6	255	264.1	264.1	259.7	256.7	248.1	262.6	283.2	274.3	275.6	283.9	294.9	302.2	295.8	297.5	310.9	318.8	312.1	295.9	289.9	270.5	264.9	263.9	258.9	258.8	263.5	267	263.8	268.5	269.6	278.3	280.9	277.7	277.6	280.9	282.8	282.3	283.3	284.7	283	285.9	280	277.8	276.1	277.3	277	283.9	287.4	285.8	290.2	291.9	294.5	290.9	284.2	281.6	284.2	275.9	270.2	275.4	283.6	264.9	251.5	244.8	243.2	267.3	260.1	242	234.8	232.8	230.5	228.4	224.6	228.1	224.3	214	213.4	210.1	203.6	196.1	189.6	191.8	193.2	195	192.4	196.1	192.1	185.6	184.5	183.8	178.4	172.2	158.1	142	131.2	118.1	113.8	108.8	107	95.7	89	77.8	64.5	48.1	39.2	39.3	37.6	31.7	28.7	28	29.3	34.2	39.6	43.5	42.2	41.3	40.7	35.1	31	37	40.5	49.2	63.1	70.2	70.6	96.2	168.9	225.7	312.2	382.7	424.6	441.9	466.5	474.2	475.4	475.4	468.9	471	470.2	469.6	468.6	467.8
561	561	561	561	561	557	552.6	545.4	536.6	526.6	517.4	509.8	502.2	416.4	422.2	439.2	384	349.8	340.8	342.4	316.4	247.9	178.4	134.4	101.3	83.4	74.2	71	67.6	71.8	81.9	79.3	72.3	74	72.1	65.5	59.4	65.3	59.2	54.7	51.6	51.8	60.7	85.3	130.4	172	191.7	207.1	223.7	230.7	230.7	236.4	244.5	248.8	252.6	258.5	252.5	247.1	240.6	242.6	257.4	269.6	265.3	265.5	269.7	273	276.1	275.2	273.6	274.7	280.5	278.5	275.5	252.3	237.3	236	230.5	229.1	231.9	242	242.1	239.7	252.4	263.4	262.5	266.3	267.6	269.3	276.1	282	277.4	276.5	276.3	282.9	286.9	276.2	272	279.9	282.8	278	284.2	286.9	284.4	287.2	284.7	280.1	278.7	274.7	269.8	271.7	267.3	260.3	273.1	272	245.5	236.9	227.3	231.7	255.8	249.3	230	222.5	220	220.8	214.5	209.5	205.9	204.6	199	193.1	188.6	188	187.4	182.1	182.2	179.8	184.1	187	188.2	185.8	183	182.5	187.4	178.8	168.7	161.4	148.2	136.6	125.9	115	111.2	108.7	104.7	95	85.7	73.8	56.1	41.5	42.6	39.3	34.8	31.8	29.2	30	29.8	37.5	43.7	42	42	41.3	35.3	31.6	35.9	38.3	45.4	56.8	69.2	71.3	80.3	114.4	191.6	284	366.7	442.3	446.2	439	442.2	445.1	441.2	449.3	456.5	464.4	472.2	468.1	468.2
561	561	561	561	561	555.8	550.2	543	535.4	525.4	517.4	510.6	457.2	421.4	487.8	437.2	367.6	347.2	344.2	346.2	290	184.8	156.7	122.1	88.2	78.1	73.7	65.4	69	82.9	78	72	75	70.9	65.5	67.3	69.3	62.2	50.2	47.8	48.6	53.5	67.7	102.4	152.8	185.3	199.4	220	232.4	232.6	236.4	241.7	244.2	241.4	240	242.8	234.6	228.7	230.6	234.4	246.5	255.4	255	261.4	268	267.6	264.8	264.1	266.6	269.7	270	264.5	250.8	229.7	223.1	221.5	215.5	214.9	225	230.4	231.8	229.8	239.9	257.3	258.7	258.6	260	265.6	270.6	274.9	278.6	277.8	272.6	278.6	283.7	273.5	271.3	283.1	285.3	276.5	279.2	281	284.2	284.7	279.8	275	269.5	262.8	261.3	263.2	258.3	252.5	261.7	256.7	238.3	231.8	224.4	230.6	248.9	245.9	237	228.8	227.4	219.8	210.9	207.2	205.4	199.9	196.2	194.4	188.1	184.6	183.3	179	175.6	180.2	183.2	185.7	189.9	184.9	180.8	185	187.4	182.9	170.5	161.4	150.8	137.2	123	110.9	108.9	108.1	100.1	94.9	82.2	70.6	55.2	43.4	39.1	40.1	36.9	32.5	27.6	29.4	29.8	33.6	39.2	39.7	41.2	41.4	36.4	31	31.6	39.6	46.2	54.3	68	78.7	88.5	140.7	229.6	324.8	428.4	461.5	458.6	447.6	444.8	456.5	456.2	452	453.4	458.4	470.6	469.8	468.2
561	561	561	561	561	549.8	545	539	531	524.6	519	510.6	464.6	429.6	492.6	436.2	363.6	345	346.8	349.6	283.8	200.7	153.5	121.8	92	77.5	71.9	62.5	71.1	80	74.4	73.4	76.3	71.1	65.1	62.5	65.7	59.9	46.6	46.4	48	57	74.7	112.4	160	190.8	209.1	227.7	236.5	234.8	234.6	241.6	241.6	237.2	234.7	227.2	220.5	213.6	215.8	219.7	229.3	240.9	242	246.1	251.3	249.8	245.5	247.4	251.1	256.8	246.6	228.9	208.9	192.1	189.3	191.5	193	191.6	199.5	209.1	211.9	221.4	237.8	234.4	237.6	239	245.5	254.1	258.9	267.5	272.5	267.6	275.1	289.5	274.2	265.9	273	279.7	280	273.5	277.3	274.7	270.9	270.4	265	263.2	254.2	245.8	245.9	241	237.3	239.2	251.9	239.6	226.2	224.4	217	223.7	230.3	225.9	219.5	215.7	211.4	208.7	206.6	200.2	191.3	191.3	196.4	193.3	183.2	186.6	184.4	179.8	177	176.7	175.1	179.2	182.7	182.4	186.5	191.5	193.5	186.3	178.8	165.9	152.1	141.1	130.2	118	110.5	106.1	101.9	95.2	87.9	71.6	57.9	48.3	40.1	43.5	39.9	31.7	29.1	28.6	29.4	30.7	39	40.4	40.6	43.1	42	34	31.4	37.5	44	51.4	66.2	78.9	89.9	129.8	221.2	339.8	429.3	464.2	465.8	469.4	470.2	474.2	472.6	471.4	466	459.3	463.2	464.4	463.5
561	561	561	561	561	549.8	545.4	538.2	529.8	522.6	518.6	509.4	479	492.6	482	392.8	357.4	348	351.8	347.8	295	216.2	157.5	121.1	91.8	76.3	71.7	73.5	79.4	78	78.2	72.6	71.6	59.3	60	60.3	56.9	51	46.7	47.2	49	61.1	85.6	124.5	167.4	194.2	212.4	232.8	238.4	237.1	233.9	236.8	235.1	228.3	225	216.2	202.4	200.2	208.1	215.3	224.1	227	229	228.7	224.6	224.2	223.1	221.1	214.8	216.1	208.7	188.6	175.4	163.5	158.7	159	167.8	172.9	179.5	189.4	194.7	217.2	230.1	213.5	213.3	222.5	233.5	244	249.6	261	269.9	261.9	268.7	281	261.1	257.9	266.4	271.5	277.2	275.5	276	268.1	261	258.9	257.1	251.8	245.3	234.1	231.1	227.3	222.3	225.1	233.7	222.5	218.8	215.9	209.9	216.7	225.9	224.1	215.9	211.6	205.6	199	196.6	193	193.2	189.4	187.4	195.5	191.2	187.3	187.9	188.8	186	175.1	171.7	175.3	172.2	174.9	182.4	189.3	196.1	188.2	179.5	169.7	156.3	143.7	131.4	120.7	113.2	108.5	102.3	101.1	91.6	74.3	61.1	53.2	43.6	41.9	41.4	33.9	29.3	29.2	27.9	26.8	35.3	41.3	40	43.4	43.5	38.8	33.9	36.3	41	50.9	64	82	94.7	131.4	230	345	436	463.8	465	469.4	470.2	472.2	469.4	468.2	470.9	461.8	454.5	462.1	469.4
561	561	561	561	561	556.6	546.2	536.2	526.6	519.4	513	503.8	493.2	499	479.6	391.4	356.4	350.2	355.6	348.8	301.4	253.8	229.4	163.5	120.5	85.7	72.1	79.6	82.4	79.5	78.2	71.7	74.5	61.6	57.7	57.5	55.4	47.4	45	47.1	48.9	62.3	89	129.4	175	202.6	219	237	238.6	237.3	238.4	240.4	236	227.8	209.6	189.7	186.6	191.1	197.1	209.8	207.6	207.4	215	209.5	210.6	213	210.7	204	185.9	182.6	175	163.1	146.9	137.2	136.8	134.9	140.3	145	145.8	154.2	172.5	194.1	190.7	181.7	186	200.8	226.3	234.3	231	257.8	264.4	257.8	268.3	261.2	243.2	251.1	267.2	273.7	275	276.8	275	264.5	251.8	240.8	233.3	225.2	220	216.5	217	215.7	206.3	197.4	203.4	193.7	192.3	196.5	190.6	195.7	200.4	205.7	208.6	212.1	209.1	204.7	205.4	206.2	212.5	213.2	209	214.3	221	222.6	211.5	208.6	197.6	180.5	180.4	184.8	174	176.3	186.1	187.8	193.9	195.5	186.7	173.4	158.9	150.2	141	126.7	114.4	109.8	104	97.4	93.9	78.4	65.2	57.6	50.9	43.3	40.9	36.3	31	31.2	30	27.3	31.5	40.5	41.5	44.4	46.5	41.4	37.6	37.4	41.4	53.6	66.8	86.3	112.6	166.7	256.9	343.4	433.4	464.6	464.2	466	459.6	442	439.8	437.3	443.7	455.9	446.1	440.7	456.9
561	561	561	561	559.4	555.4	545.8	535.4	524.6	518.6	511.8	503.8	499	499	440.6	370.2	360.6	356.8	351.2	345.8	305	259.6	237.9	159.3	117.7	91.8	83	84.4	81	76.6	77.2	77.4	71.6	62.8	56.6	46.8	46.1	42	43.1	48.9	53.1	72.9	104	137.2	175	202.9	222.2	240.4	244.1	242.3	238.9	235.7	224.8	212.7	194.3	181.9	181.9	183.8	182.3	182.6	181.9	186.3	185.9	186.1	191.6	189.6	182	175.5	165.4	165.3	157.5	146.7	131.6	123.4	123.8	122.1	118.9	118.8	121.4	128.2	151.5	173.3	169.1	157.1	163.4	176	204	213.4	210.6	236.9	243.5	242.6	253.7	243.2	227.8	243.6	261	263.5	265.8	272	265.3	255.7	246	232.9	219.7	212.8	209.1	202.4	199.7	199.6	191	179.6	179.1	171.1	166.3	164.3	156.2	164.3	171.9	179.4	183.6	194.1	197.1	195.7	198.2	199.5	213	215.3	215.8	218.1	222.8	226.6	215	211.2	198.4	182.1	180.5	181.4	173.8	176.6	188.1	190.8	195.7	197.6	190.7	175.5	159	150.7	143.6	131.1	118.2	110.7	107.2	99.6	95.7	83.1	67.7	58.4	51.3	45.2	39.9	37.5	30.9	28.8	31	29.3	31	39.2	40.7	46.2	49.9	45.4	38.7	39.6	42	57.1	72.9	87.3	113.9	181.9	279.9	353.1	445.1	463.8	464.2	467	465.2	450.3	448.3	441.4	441.2	455.1	453.4	446.3	462.2
561	561	561	561	552.6	545.4	540.2	533	521.8	518.2	513	504.6	499.8	499.4	435.6	368.2	361.8	360.2	353	349.4	325	269.2	252.4	195.8	111	87.7	85	82.2	77.7	73.1	75.3	78.8	70.9	60.4	54.3	44.9	40	40.4	43.6	46.6	53.9	74.8	109.8	146.3	185.9	210.2	227	240.5	239	235.7	241.8	236.7	223.4	208.6	191.1	188.4	189.2	182.2	178.6	171.9	164.7	163.9	166	168.5	169.6	171.7	171.8	165.1	162.7	166.8	153.8	127.4	115.6	111.6	112.7	115.1	114.7	110.8	116.1	132.3	148.4	153.1	146.5	149.9	165.1	178.5	199.2	202.5	207.7	235.8	237	253.8	267.3	260.9	259.1	266	273.2	273.6	287.5	291.4	267.6	244.7	233.6	220.2	203.6	200.1	201.7	204	203.6	196.2	177.6	165.6	163.8	161.8	159.8	155.5	162.4	180.2	184.8	186.3	188	191.8	200.4	205.7	213.4	222.2	230.6	235.6	238.3	238.6	240.1	235.5	232.3	226.4	214.1	207.8	203.7	196.7	194.7	190.2	198	199.8	198.1	196.5	190.9	178.9	166	156.4	147.6	132.9	120.4	114.1	107.8	101.6	96	86.4	71.7	61.4	54.4	48.3	42.9	39.4	32.7	27.9	29.8	30.6	30.7	38.5	42.8	44.7	52.8	49.8	43.2	39.7	45	57.6	73.3	99.5	136.7	206.4	298	344.7	410.8	449	445.3	446.1	454.9	458.6	473	470.2	462.9	472.2	472.6	469.8	471.4
561	561	561	561	551.4	542.6	538.2	531	521	517	511.8	503	499.4	479.6	391.2	367.6	368.8	356.2	352.6	355	355	299.6	259.8	218.9	134.9	102	91.2	76.8	68.3	71	80	79.4	69	60.7	47.5	37.3	33.6	34.7	42.4	45.1	57.6	85.4	117.8	145	188.2	217.1	235.5	243.6	235.6	233.4	232.7	226.8	218.5	207	190.3	180.9	180.7	176.2	169	161.8	159.3	152.5	145.8	146.9	149.9	152.9	156.8	153.3	147.8	152.6	136.8	114.5	101.5	101.1	104.8	106.3	105.9	102	110.5	129.7	140.1	138.5	138	147.1	156.3	172.7	190.6	195.5	198.7	223.3	227.5	246.1	261.6	265.3	266.3	266.4	271.4	277	292.6	292.8	268.4	243.5	223.5	208.4	195.2	193.3	189.8	189.4	191.6	186.4	167.5	154.6	147.4	144.3	144.2	144.5	158.9	171.8	172.4	169.6	172.5	168.4	171.1	182	194.2	201.1	207.5	209.6	212.8	216.5	223	217	211.2	209.9	205	203.5	201.9	196.2	196.7	198.9	198.6	198.1	197.3	197.1	190.3	177.2	169.2	159.5	148.6	139.1	123.2	117.1	110.8	102.1	96.6	86.1	73.3	66.9	59.8	52.1	47.1	36.8	31.3	30.3	29.5	31.5	32.2	36.6	43	44.2	52.3	52.7	47.2	42.4	42.6	54.5	76	111.4	151.2	204.7	273.9	351.9	416.9	434.9	430.9	432.7	446.8	456.1	472.6	470.6	466.8	471.4	472.2	469.8	461.5
561	561	561	561	552.6	541.8	534.6	525.8	518.6	514.2	508.6	504.6	500.2	474.8	388.2	366	366.8	358.6	352.6	355.4	348.4	281	253.6	252	229.5	134.1	95.5	80.5	69	72.1	79.2	78	69.4	59.2	45.5	34.6	31.7	34.3	39.4	45.9	60.9	94.1	129.6	163.8	205	229.7	241.2	246.1	242.4	249.3	251.8	238.5	230.8	227.2	214.3	210.8	208.2	199.9	198.5	192.2	182.3	170.1	157.9	151	144.4	142.7	140.4	131.5	130.8	135.7	136.1	129.2	122.1	124.8	131.1	133.1	129	131	143.2	152.7	156.2	155.9	165.9	176.1	181	191.7	202.2	210.7	219.1	234.7	247.6	260.8	276.5	292.6	300	301.9	293	301.4	303.7	291.3	277.3	262.1	241.5	224.7	213.9	200.2	189.2	189.4	189	181.1	167.6	157.9	146.8	138.1	139.6	153	165.5	168.2	168	167.6	167.7	171.5	175.4	185.9	193	197	195.9	195.7	198.8	201.2	200.3	195.1	195.4	200.6	206.9	209.6	205.9	203.3	205.3	203.1	202.1	201.9	195.7	191.9	188	181.3	177.4	169.1	157.3	145.3	129.9	120.3	114.1	107.1	97.4	85.7	72.9	69.7	61.7	52.2	47.1	38.7	31.9	32.5	28.6	29.6	32.9	38.2	44.7	45.3	52.1	55.7	53.1	48.5	45.4	57.9	91.9	151	186.7	217.8	287.9	363.1	428.3	423.4	437.1	451.9	456.6	464.7	467.5	465.1	469.8	470.6	469.8	469.4	442.5
561	561	561	561	551.4	539.8	533.4	524.6	517	513.4	508.6	505	501.4	437	377.6	373	365.4	358.8	356.8	357.4	347.6	279.2	256.4	259	207.7	128.7	88.6	79.5	75.9	77.8	77.1	75.4	69.5	53.2	38.9	31.2	30.2	32.4	37.5	54.2	76.6	109.7	135.1	161.9	206.8	231.8	244.8	244.3	242.4	247.7	242.3	227.2	220.5	217.3	212.1	209.8	199.9	194.7	200	198.4	189.5	182.2	171.2	162.1	152.3	146.1	139	130.7	134.1	138.3	140.1	135.6	132.9	137.1	143.8	141.9	137.7	139.1	148.2	152.3	155.5	155.1	164.5	174.1	178.5	184.7	192.8	201.8	212.1	228.2	242.5	253.6	269.1	287	296.5	302	301.1	298.2	300.9	288.5	269.1	256	239.9	220.9	207	197.6	185.4	179.5	178.4	171.7	160.1	151.7	141.6	134.5	137.7	147.9	152.3	154.4	154.1	154.9	156.7	160.8	169.3	175.8	175.3	176	177.7	177	177.9	176.4	173.4	172.5	177.4	183.6	193.2	197.7	197.6	197.8	202	198.3	193.1	189.5	189.9	191	186.9	181.1	175.2	167	157	150.1	138.5	124.4	115.8	109.4	100.3	87.1	75.4	72.2	65.2	54.6	46.9	39.8	33.1	32.1	29.4	29.2	35.4	40.9	46	44.1	51.4	59.5	56	48.4	44.8	63.7	113.7	174.7	215.7	241	300.7	368.7	433.8	429.7	451.1	463	467	467.8	465.6	458	462.1	466.7	462.2	463.5	448.1
561	561	561	557.4	545.4	535.8	528.2	518.6	511.4	507.8	506.6	505.4	502.2	438.2	379	372.6	366	360.2	356.4	357.4	337	275	258.2	259.6	208.2	138.2	98.3	78.6	75.3	78.5	76.5	77.2	75.1	53.7	39.7	32.9	30.9	32.5	39.4	58.6	86.6	114.9	139.8	177.7	219.5	240.2	250	249.9	258.1	258	242.8	225.2	218.9	218.5	213.8	212.7	205.1	205.3	213.2	215.3	213.5	208	198.2	189.1	176.4	174.5	168.2	161.2	155.7	144.5	137	137.4	140.9	145.2	149.6	154.8	155	158.8	162.2	160.8	158.8	162.6	171.3	177.4	179.2	185.8	194.2	199.8	211.7	228.2	240.3	256.8	277.4	296.1	305.3	308.6	314.3	309.4	308.4	297.1	276	266.2	250	228	211.6	199.2	192.4	181.4	173.5	166.8	161	151.7	149.9	153.9	151.1	155.6	153.9	154.9	154.4	155.6	158.6	156.1	149.5	151.3	148.8	146.9	148.5	149.2	152.4	149.6	146.3	149.3	153.7	162.9	168.6	168.3	176.6	183.3	189.5	196.9	195.5	189.8	186.2	186.5	185.4	180.2	175.4	171.4	162.5	156.7	146	130.7	122.2	115.2	106.5	90.3	78.9	77.3	69.8	60.6	51.4	44.4	33.3	32.5	29.1	27	31.8	36.5	44.5	46.7	48.6	57.3	57.8	48.2	51.5	81	147.7	214.8	230.8	246.6	303.2	365.5	438.4	460.2	462.6	462.6	465.4	467.8	470.6	460.8	441.3	437.1	446	451.6	467.2
561	561	561	553.4	541.4	533	525	516.6	509.4	506.6	505.4	504.6	501	459.8	404.8	376.2	367	361	358.6	356.4	330	276.8	258.2	258.4	209.9	138.2	97.1	82.8	79.4	74	73.1	76.4	68.9	50.3	44.5	35.7	33.2	33.4	42.6	61.5	87.2	116.6	140.6	180.7	223.1	240.4	250.8	254.1	255.7	254.3	236.4	227.9	218.7	213.2	216.3	214.7	207.5	211.8	219.3	215.2	211.6	207.9	199.1	189.7	179.5	171	166.1	163.7	155.1	140	125.6	121.5	124.1	127.6	129.1	133.6	141.7	147.8	153.5	154.5	152.9	157.2	166.7	169.4	171.8	176.6	183.9	190.2	201.1	220.9	236.8	256	277.8	306.7	320.4	317.9	323.4	321.4	313.9	295.2	274.7	263.1	247.4	223.5	205.2	193.5	183	176.2	168	162.1	158.7	147.6	148.5	151.7	154.1	155.9	153	153.6	153.1	152.4	151.2	148.9	143.3	138.9	138.2	141.4	146.2	143.9	145	142.4	139.5	142	144.2	148.6	151.4	152.7	156.2	164.7	169.5	176.9	185.9	190.6	190.1	189.2	187.6	182	182.4	176.6	169.4	163.6	157.9	143.8	130.7	119.9	108.4	90.3	76.5	73.2	70.8	65.2	57.2	44.5	37.9	35.2	31	27.8	28.2	35.1	42.5	45.3	47.4	53.8	61.7	58.2	63	95.5	155.5	209.3	220.2	248.5	316.1	380.9	428.1	461	456.6	458.6	465	467.4	470.2	471	445.8	436.4	444.9	457.5	467.4
561	561	559.4	541.8	531.8	530.2	524.6	515.8	509.4	505.8	504.6	503	498.6	436.8	392.8	375.2	370.6	360.6	358	358.6	341.2	295	264.2	238.8	187.7	153.8	109.9	86.5	88.9	78.3	73	82.3	73.3	48.7	38.2	35.2	34	36.5	47.4	70.7	101.3	131.4	155.6	197	234.9	247.8	252.7	248.8	250.4	234.5	220.6	219	212.9	213.8	216.4	214.7	218	217.8	217.1	215.4	210.2	207.3	194.4	183.7	180.4	175.5	171.6	170.7	163.7	152	142.3	129.1	121.2	119.3	112.8	113.1	119.9	128.2	134.9	136.5	140.3	146.7	154.8	162.7	168.5	174.9	182	193.1	205.8	222.1	243.2	261.4	286.5	317.1	337.4	349.1	343.3	338.9	323.8	302.7	280.5	263.8	245.7	227.8	209.7	195.7	181.3	174.3	168	162.4	160.2	155.9	155.1	153.9	153.2	152.1	146.9	136.6	128.4	122.3	119.1	120.9	120.7	118.2	115	115.6	120.8	128.6	129.2	123.2	123.9	126	126.5	134.8	139.3	137.8	140	144.8	154.2	163.6	171.5	184.7	194.5	194.2	187.4	184.5	186.5	182.5	177.4	174.5	167.6	153	134.3	125.1	114.6	101.7	84.9	81.1	77.8	69.8	58.8	48.7	39.8	33.9	31.3	25.9	28.7	35.8	45.5	48.4	46.5	56.7	62.4	61.1	70.8	115.5	180.7	212.9	214.8	264.6	323.5	376.6	433.6	412.2	413.3	438.1	455.5	462.1	459.6	469.3	464.5	446.9	438.8	439.9	444.3
561	561	557.4	539.4	531.4	530.2	523.8	515.8	511	507	505	503.8	497	459	404.2	378.8	374.2	362	359.2	365.4	348.4	299	264.2	234.7	191.6	168.1	122.5	96.6	85.2	73.7	78.9	79	63.7	44.8	39.2	37.6	35.4	41.1	56	89.3	121.4	140	158.8	201.1	240.2	249.8	250.9	247.5	239.6	231.5	222.9	217.1	214.1	216.4	216.8	215.8	216.2	210.7	202.1	195.3	190.2	186.7	182	176.2	170.7	165.7	163.9	165.6	165.3	153.1	144.5	138.9	131.1	120.2	112.5	112.4	110.1	112.4	117.2	124.7	132.7	138.7	145.1	154.6	161	167.6	174.2	185.9	203.3	220.3	240.2	268.2	301.3	340.8	369.2	381.7	382.1	365.7	339.9	320.1	298.1	275.2	253.2	228.6	210.3	191	179.6	173.1	162.9	153.6	152.4	151	148.6	144.3	139.8	135.6	123.4	114.6	105.9	102.1	101.3	106.1	111.1	107	96.6	96.1	96.7	106.3	104.7	98.5	103	109.6	114.9	127.8	134.1	131.4	132.2	138.9	146.8	154.6	163.4	172	183.3	190	185.1	185.4	189.4	187.8	184.6	179.2	175.6	158.9	138.4	128.7	118.5	105.2	89.8	83.2	78.6	72.1	59.3	50.1	40.6	34.4	32.9	26.2	27.1	36.1	47.5	49.3	48.5	58.3	66.4	67.1	81.9	124.8	199.1	226.5	213	273	330.9	382.6	426.4	411.9	410.4	422.9	438.9	448.4	447.6	461.2	465.9	453.5	439.2	435.1	433.4
561	561	560.2	548.2	541.4	532.6	522.2	517.4	513.4	507.8	507	503	494.2	476.4	415.4	380.2	378.4	363.8	362.2	366	357.4	321.2	268.2	258	228.3	186.6	168.4	131.6	93.2	79.8	79.9	78.6	67.3	49.9	44.3	41.8	38.3	45.4	62.9	94.8	128.5	146.5	170.7	215.8	249.6	260.4	261.7	255.8	246.9	233.6	223.7	220.1	219.7	213.9	215	213	211.8	206.7	197.8	188.6	180.9	178.6	172.6	168.9	165.8	164.4	162.8	161.6	157.3	145.4	136.8	135.6	131.9	124.4	122	119.4	113.9	106.4	105.8	115.5	122.9	126.9	135.2	140.7	151.1	161.5	170.6	184.6	206.9	225.5	247.1	281.2	316.9	352.5	383.8	400.2	393.6	372	359.2	336.8	315.3	290	262.2	234.8	211.1	193.1	179.7	168.2	155.7	147.4	142.3	136.7	133.6	126.6	115.8	106.9	98.7	92.5	89.5	95.3	117.7	130.3	121.4	101.8	101.3	100.2	97.3	106.4	110.1	94.9	92.9	95	102.6	118.1	141.6	148.1	146.2	138.9	134.8	141.3	150.8	158.5	167.7	182.3	186.8	186.9	189.3	194.2	193.9	191.4	189.5	180.7	160.5	143.8	133.3	115.8	98.6	86.9	81.9	73.4	63.3	51.2	42.2	37.6	34.4	29.4	24.7	33.4	43.6	49.1	49.2	56.6	71.6	92.4	124.3	155.5	178.5	204.4	226.7	290.7	325.8	376.3	451.1	449.8	443.7	424.7	402.7	427.3	448.6	464.2	468.2	467.4	454.9	441.3	444.9
561	561	561	548.2	541.4	532.6	521.4	517	513	507.8	506.6	501.4	493	469.6	407.6	377.2	365.8	367.8	368.2	360	349	328	274	257.6	250.3	214.6	193.1	143.5	93.8	85.5	82.2	70.1	62.9	51.3	44.7	42.8	42.6	53.2	74.2	108.7	137.6	150.8	171.4	218.8	251	262.3	262.5	257.2	245	232.7	227.7	218.8	213.9	205.2	200.9	196.8	194.4	192.8	191.5	184.3	168.5	159.3	157.3	153.4	153	147.4	137	132.1	121	104.8	100.4	99.4	101.1	100.6	106.3	110.1	110.8	109.8	107.1	109.7	114.1	118	123.1	133.8	144.8	155.5	165	177.5	200.3	224.9	254.7	296	338.6	372.4	403.7	418.7	418.6	398.5	380.4	362.5	339.5	308.9	270.5	237.7	210.9	190.5	176	161.1	146.3	139	134.3	127.1	121.1	112.5	102.2	98.5	92.8	91.6	93.9	103.6	125.6	134.6	113.5	89	88.3	86.7	83.5	116.3	137.5	101.1	91.6	87.1	84.2	92.7	118.2	136.9	143.3	137	132.7	134.3	142.9	151	158.4	169.1	175.8	178.9	184.7	193.5	196.6	195.8	192.3	185.1	169.2	150.6	138.1	123.2	103.4	89.4	82	74.6	63	52.7	39.9	34.7	32.3	30.5	24.1	28.6	45.2	49.1	49.4	55.8	78.6	115.5	162.5	195.3	193.9	195	240.2	309.2	328.2	393.7	458.1	457.4	445.6	434.5	413.6	434.6	453.8	461	464.2	467	461.9	444.3	445.3
561	561	555.8	546.2	537	528.6	521.4	516.6	512.6	509.4	507	496.6	490.2	477.8	413.8	375.2	370.6	357.6	356.2	359.6	348.6	317.6	286.6	262	257.2	249.4	244	216.7	149.1	106.2	89.4	77.6	67.3	55.1	43.9	41.9	42.3	57.3	79.2	113	139.2	155.8	192.1	238.3	255.5	266.9	268.7	254.9	238	222.5	218.5	215.4	213.1	206.5	198.8	189.9	181	169	152.4	131.3	119.8	116.3	114.2	111	102.5	86.3	72.5	68.9	66.5	50.9	51.9	57.5	60.5	65.4	76	88.9	103	112.8	117.7	114	113.3	114.1	115.2	120.4	133.4	146.6	162.7	177.8	198.5	230.6	266.6	310.6	357.3	396.4	417.3	437.1	436.8	425.8	413.5	392.4	360	323.7	284	245.3	212.7	187.8	164.8	142.7	132.4	124.9	116.5	108.8	102.1	96.3	94.5	92	91.3	96.7	107.8	116	120.2	110.1	83.8	54.3	50.5	50.4	44.8	69.8	99.9	73.9	76.8	83.9	86.2	89.8	111.8	131.2	143.7	145.7	142.2	142.2	139.7	144.3	153.2	158.1	168.2	176.3	184.5	192.1	196.4	201.7	200.4	193.5	180.5	160.6	148.2	133.2	107.4	92.9	85.8	79.6	66.8	53.3	44	38.2	34.3	31.7	25.6	27.3	42.5	51	50.9	59.8	104.5	144.4	165.1	221.1	235.4	247.4	284.5	318.7	321.2	386.4	458.9	463	452.6	460.6	459.8	462.8	467.8	467.4	464.6	461.8	466.6	463.2	440.2
561	556.2	549.8	544.2	535.8	529.8	522.2	516.2	513	511	507	496.6	489.8	465.6	399.6	380.2	378	365	362.8	354.2	349.6	328.4	297.2	268.4	257	248	248.4	235.9	171.9	119.2	96	76.5	71.6	64.6	50.4	43.6	46.1	65.7	95.5	128.8	145.2	159.5	195.9	240.1	255.7	266	269.1	256.4	241.5	226.9	214.2	211.7	207.6	196.9	182.2	177.1	170.1	147.9	122.7	107.6	107.1	110.3	110.1	103.4	85.5	68.6	61.4	50.5	40.2	40	46.9	49.8	55.6	61.9	67.7	83.4	92.1	103	115.7	116.9	116.9	114	113	116.4	128.6	142.8	158	173.4	193.8	229.7	271.5	314.7	357.5	402.3	432.4	441.3	442	438.4	428.9	398.5	365.8	326.2	283.2	250.6	216.8	189.1	164.8	140.5	125.7	117.8	108.3	101.8	99.5	100.5	98.7	97.1	98.2	98.6	105.7	111.7	106.4	96	72.1	35.3	24.3	25.1	23.3	23.9	30	32.5	48.9	62.9	74.3	88.9	114.1	124.5	124.1	126.4	133.4	138.2	139.2	146.5	156	158.6	163.5	172.1	180.5	191.5	202	205.9	204.6	199.1	184.3	164.2	149.7	138.4	116.6	95.5	89.2	80.7	67.3	56.4	47.7	38	32.3	30.2	27.9	28.7	42.4	53.3	52.1	67.5	119.7	143.9	145.1	200.7	230.3	243.3	287.2	318.5	329.9	403.2	455.4	464.2	452.6	459	462.6	455.9	461.5	467.8	468.2	465.4	465.8	469.8	446.2
557.4	544.2	541.4	539.8	534.2	533	524.6	516.2	513	509.4	501	493.4	485.2	469.2	440.4	391.2	378.4	380	368.4	357.2	343.6	339.6	319	277.2	254.8	253.4	250.4	237.4	211.1	154.1	122.7	119.9	102.3	82.7	59.5	45	46.7	62.2	86.9	117.1	145.4	169.9	215.4	249.8	267.2	276.7	270.6	257.1	242.7	227.6	219.3	214.7	203.6	185.8	163	137.1	118	106	98.9	98.6	96.1	90.6	90.2	93.9	92.5	73.5	56.6	52.2	38.8	35.6	42.1	51.5	53.3	53.4	57.4	69.2	77.1	79.8	89.8	105.8	117.7	118.8	115.1	116.2	124.6	140	156.5	174.4	198.4	230.5	269.2	311	354.9	393.4	434.1	454	459.1	448.4	437	427.3	389.5	340.2	300.2	262.6	224.7	187.9	156.9	134.9	124.2	116.9	114.5	112	107.5	102.7	96.2	94.7	93.3	94	102.1	115	111.2	101.2	86.9	59.1	35.8	27.9	32	29.9	27.7	31.1	39.8	48.3	53.8	79.1	109.1	120.9	117.8	111.7	120.7	130.4	139.4	148.9	156.9	161.1	161.4	167.6	178.9	192	205.2	215.9	219.9	215.8	203.6	182.9	163.1	145.1	116.1	91.9	84.8	81	70.3	57.8	52.3	42.1	32	33.2	39.6	47.2	61.2	79.7	82.6	83.2	105.4	133.8	151.3	168.9	189.4	207	256.6	323.6	342.5	368.3	416.4	432	429.5	450.5	445.5	425	415.3	420.5	428.8	435.5	422.9	447.6	461.5
556.2	544.2	541	538.2	533.4	530.6	522.2	515.4	513	507.8	498.6	483.4	444	418.4	416.6	397.4	386.4	379	357.2	347	345.4	345.6	316.2	274.8	258.8	256.6	257.6	247.6	214.3	163.9	137.8	117.1	109.4	92.2	61.9	48.6	57.5	82.2	113.8	138.9	156.5	176	218.3	253.9	270.5	274.2	266.4	250.3	234	221.7	215.2	207.5	188	169.2	151.2	134.2	122.9	117.9	118.8	119.1	114.8	108.1	103.3	110.1	105.4	78.8	63.5	56.3	47	42.9	51.8	65.8	74.9	68.3	68.6	86	87.6	82.3	85	95.8	109.2	116.7	122	125.4	135.3	149.6	160.5	178.4	205.2	241.7	282.5	328.1	381.3	424.9	454.2	465.5	464.6	456.9	440.3	414.2	372.1	333.1	291.2	258.6	222.3	189.4	158.9	137.5	125.4	121.2	120.1	120.6	114.5	104.4	97.7	87.8	85.6	95.9	116.2	129.3	115.5	107.8	94.1	66.6	44.3	33.6	30	32.7	30	33.4	50.5	59.4	58.5	74.5	93.7	105.6	112.8	109.5	106.4	117.3	132.5	146.1	154.6	160.6	163.4	167.4	175.7	190.2	202.9	210	214.1	211.7	197.9	177.1	161.8	144.8	121.2	96.4	91.2	86.6	68.7	59.5	53.4	42.6	36	38.3	44.3	54.8	78.5	100.2	101.9	111.3	147.1	157.7	148.2	158.1	176	201.7	265	338	381.4	432.1	432.2	427.1	429	450.9	446.5	430.1	414.7	414.8	413.1	412	405.2	437.9	457.3
561	556.2	553.4	544.2	533.8	527.8	522.2	516.6	513	509.4	501.4	495.4	472.8	430.2	421.4	416.2	396.4	386	374.4	358.2	361	360.8	332.8	291.2	264.4	261	258.4	251.8	212.5	163.3	142.4	116.9	109.7	101.9	74.3	50.9	60.6	86.2	119.4	143.6	157.9	188	235.4	258.6	269.9	277.1	265	251	235.8	219	210.7	197.9	171	146.2	127.6	117.3	120.9	132.5	143	150.3	148.1	134.6	122.7	131.2	135.6	114.1	90.4	111.2	95	62.6	66.9	76.5	101.1	110.3	113.3	117.5	111.3	100.1	93	92.7	112.6	129.6	139.8	147.5	153.9	162.9	166.9	182.3	207.1	241.1	276.7	322.4	374.5	424.3	456.6	471.9	470.6	459.9	452.4	424.8	377.2	334.6	289.9	255.9	224.9	190.3	161.7	145.3	139.6	142.8	147.9	141.3	117.4	111	105.3	89.1	89	98.4	114.9	130.9	129.7	118.8	115	104.7	92.8	77.8	65.8	54	48.3	52.6	74.1	86.2	93.2	93	89	92.7	94.6	89.7	91.2	103.4	122.3	137.9	150.4	157.3	162.8	169.9	178	187.5	200.6	208.7	216.9	215.1	204.5	188.5	170.8	152.2	122.9	97.2	89.5	89.8	73.6	58.2	55.4	53.2	56.4	56.8	59.4	68.9	82	99.5	112.2	134	183.8	203.8	177.6	161.6	173.9	223.6	288.8	321.7	339	405.1	442.6	444.9	434.3	439.5	454.2	458.1	451	437.1	428.5	425.7	426.6	432.2	445.8
561	557	547.4	536.2	529	523	518.2	513	511	504.2	495.8	492.6	482.8	456.6	441	424	412.8	411.4	380.6	365.8	367.6	361	342.4	307.6	274	265.4	258.8	251.6	211.7	158.4	133.5	111.2	108.4	102	79.5	59.7	76.5	104.2	131.9	149.7	161.9	191	235.9	257.2	266.6	273.8	269	254.4	241.5	226.4	216.1	196.4	173.6	150.5	143.7	150	154.5	166.1	173.6	179.4	174	159.9	159.9	163.2	157.4	151	173.6	154	119.2	121.4	116.6	131.4	168.2	175.4	160.1	146.7	139.2	132.9	127.5	128.5	136.5	148.8	156	160.7	167.6	178.2	183.5	200.2	227.5	250.4	285.4	333.3	380	422.5	456.4	468.4	461.8	452.7	441.5	411.8	370.8	329.7	289.3	262.1	233.4	199.9	172.6	156.8	159.5	170.6	162.9	133.8	120.9	117	110.4	96.7	95.4	115.8	131.5	146	145.9	134.8	130.8	125.5	113.5	98.9	87.2	76.7	75.4	87.6	113.5	118.7	115	111.7	100.3	94.1	93.9	92.9	94	100.4	120.2	137.5	148.9	158.8	166.2	174.5	185.6	195.9	205.8	210.8	215.7	216.6	206.7	189.1	173.5	155.2	128.2	100.3	89.2	84.6	70.6	64	60.5	55.5	63.6	68.4	67.6	74	83.7	93.6	106.1	128.3	170.1	200.3	189.5	161.1	171.7	231.3	300.2	345.4	379.6	404.8	438.8	447	434.6	432.4	446.5	463	461	456.8	450.2	446.2	442.7	443.5	442
550.6	546.2	541.8	531.4	524.2	519	515.4	511.8	507	499.8	493.8	489.8	488.4	468.8	448	430.4	416.8	409.6	386.2	367.4	368	362.8	362.2	327.2	289	270	261.4	232.8	160.3	127.1	105	89.1	90.8	101.4	89.5	73.5	85	106.8	131.9	151.4	171	211.8	254.4	271.5	280.2	284	279.1	267.8	256.6	238.6	225	199.8	174.1	156.9	157.2	173.4	183.7	200.3	215.7	218	205	189.7	185.5	179.1	175.7	172.7	177.5	167.7	155.3	157.4	157.5	167.8	198.9	215.5	213.3	197.9	180.1	167.6	171.5	170.7	169.6	177.3	183.6	184	181.5	184.5	192.1	208.3	233.2	255.1	286.3	333	373.1	411.5	442.1	455	453.3	452.2	439.1	410.1	364.1	315.6	277.9	255.3	231.3	205.1	184.6	171.9	177.3	187.5	175.9	154	145.2	131.7	123.9	131.4	134.9	140.3	147.7	153.4	156.2	152.4	147.9	142.4	136.8	136.6	139.4	133.5	138.6	142.3	155.4	157.7	142.6	130	123.4	117.1	116.4	112.4	107.7	105.1	114.6	131.2	145.9	159.1	168.8	179.2	190.5	203.6	212.3	218.9	219.4	219.7	211.7	199.6	180.7	162.4	134.9	103.6	88	81.2	71.3	63.3	64.4	68.1	78.8	81.8	77.5	69.6	62	70.7	87	109.2	142.4	187	206.9	187.2	183.2	230.7	294.7	376.8	436.2	429.4	425.2	432.3	447.5	454.8	444.4	455.8	465.4	454.2	467	464.6	465.4	467	459.8
548.6	541	540.2	531.4	523.8	518.2	513.4	510.6	505	498.6	493.4	489.8	485.6	460	466.6	447.2	424.2	422.2	385.4	370	370.8	377	390.4	356.2	314	279	263.2	222.4	155.5	123.4	98.9	91.7	90	104.1	110.8	96.9	102	123	142.6	155.8	173.1	212.6	261.2	282.9	290.5	297.3	296.7	287.2	274.8	254.3	232.2	209.6	187.9	182.7	186.7	192.6	205.2	221.1	232.7	231	222.8	211.6	201.9	194.4	189.8	182.6	177.5	174.2	171.7	170.8	165.8	179.1	207.2	219.2	218.4	208.8	192.8	176.2	177.5	182.4	180.9	185.5	193.1	187.9	191.9	196.9	213.3	233.4	245.4	258.5	289.2	334.7	375.3	405.1	431.6	445.9	439.5	437.4	422.8	395.9	358.5	313.5	280.2	258.9	244.8	223.2	202.1	185	185	188.3	182.4	173.7	170	157	151.1	160.6	159.9	160	166	168.5	174.5	179.4	177.4	175.2	180.5	182.2	187.4	179.8	181.1	182.2	194.1	186.2	159.9	153.8	156.6	151.5	146.9	138.2	132	128.4	128.1	136.7	149.1	164.9	175.3	187.6	205.9	214.5	218.2	224.3	226.3	225	218.2	205.9	188.1	166.7	141.8	108.9	90.2	82.4	71.7	64.6	66.5	68.4	76.5	81.3	80.4	65.3	59.1	72.7	86	100.5	132.9	168.3	189.4	189.4	195	236.1	323.5	431.1	458.9	432.6	418.2	429.4	443.7	459.7	453.5	457.2	463.8	457.4	461.4	455.5	465.8	467.4	468.2
551.8	545.8	542.2	534.6	525.8	517	513	509.4	499.8	495.4	491.4	490.6	486.6	455	469.4	463.8	437.6	429	391.8	372.2	374.6	383	391.8	370.2	331.4	285.2	259	175.4	130.4	110	99.7	98.6	94.5	100	118.7	113	113.9	125.7	144.2	159.4	176.8	221.9	267.5	285	290.9	293.3	295.5	288.9	280	260.3	239.5	223.3	211.4	209.5	220.6	229.6	234.4	246.1	252.5	246.1	239.8	225	211.4	205.3	201.9	199.7	189.7	186.9	181.2	172	183.6	211.8	225.7	224.8	218.2	206.9	197.4	190.5	193.2	204.2	206.3	190.8	197.3	207	208.3	212.8	230.6	246.6	255.2	262.5	292	332.9	368.3	395	415.7	429.9	424.7	424.8	411.2	382.8	347.3	305.7	275.9	252.9	243.3	227.8	212.7	197.8	193.8	184.7	177.9	180.4	175.9	173.4	169.9	161.7	155.9	155.5	157.5	159.8	165	177	173.4	171.9	181.7	182.3	193.7	186	179.4	172.7	180.9	179.3	168.6	167.1	177	182.1	176.2	176.4	168.9	163.2	163.6	164.5	171.8	185.1	198.2	211.8	219	225.5	228.3	231.8	234.9	231	222.6	211.4	193.9	170.3	143.3	111.5	92.4	83.5	72.7	67	72.2	72.9	78.4	81.3	68.1	53.1	54.4	70	82.3	94.9	118	153.6	170.5	190.2	224.1	247.7	293.4	390.8	421.7	427.3	434.2	440.2	434.1	439.8	448.6	462.4	465.8	467	449.5	434.9	448.7	461.5	456.6
554.6	547.8	541.4	534.6	525.8	517	513.4	507.4	498.2	495.4	493	489.8	478.6	484.8	477.4	466.2	458	420.2	394.8	382.6	390	415.4	409.6	370.8	323.8	284	253.6	170	131.6	110.2	100.1	99.6	97	103.2	124.7	130.3	139.4	144.2	147.8	164	181.3	215.3	254.5	272	279.3	282.7	285	285.9	282.3	273.2	261.7	249.6	236.2	230.3	234.4	239.9	236.7	243.4	254.1	252.2	250.1	235.3	221	217.8	217.8	210.7	205.1	199.6	197.6	195.9	207.8	229.4	231.9	222.7	209.3	203.6	194.3	197.6	203.8	214.9	225.9	213.1	214.6	230.3	244.7	247.7	260.6	264.5	257.5	266.2	294.8	338.9	380.8	406.6	425.1	441.3	439.2	433.9	415.5	378.4	338.2	296.3	274.3	261.3	251.4	242.1	233.1	224.9	214	205.8	192.4	189.7	182.7	179.5	173.6	168.4	164.5	162.6	165.5	168.4	174.8	183.5	178.6	181.2	183.7	177	179.2	188.7	189.5	181	190.8	187.6	183.9	182.3	186.9	193.2	195.4	201	197.3	189.5	185.5	183.2	186.4	193.4	207.9	221.6	227.6	233.8	236.2	235.8	239	234.6	226.3	213.2	198.7	177.5	151.3	116.9	93.5	82.9	72.7	68.2	71.8	72.6	77.2	79.7	67.9	58.3	61.5	74.9	81.4	90.9	106.5	141.1	171.9	201.4	248.3	275.4	330.1	396.3	417.4	427.6	439.4	440.1	426.1	433.7	445.1	453.2	458.8	456.6	444.1	433.9	439.2	448.6	440.9
554.6	547.4	536.2	528.6	521.8	515.8	509.8	504.2	497	496.2	491.4	489.4	480.2	486.6	475	455.4	456.2	436	409.6	393.2	388.6	416.8	424	397.8	345.6	295.1	203	144.2	124.3	112	111.3	107.9	105.3	116.5	134.2	142.5	149.9	145.6	149.8	168.1	186.5	233	269.6	279.1	286.5	292.8	296.7	300.6	299	293.2	287.1	277.5	268.5	261.5	256.8	260	261.8	259.1	252.1	249	254	253	242.9	233.2	226.5	220.5	214	214.1	230.3	235.4	228.5	224.1	215.5	208.5	200.3	198.3	204.1	212.7	218.3	220.4	234.5	250.2	255	259.2	269	277.9	278	272.9	263.5	270.2	289.8	325.1	368.6	405.6	427.1	439.9	430	422	420.9	377	329.8	290	266.9	255.5	249.9	248	245.5	243.2	234.8	221.9	210.3	202.3	198	192.5	186.3	180	178.8	178	181.6	184.7	193.2	198.6	200.1	209.5	208.5	206.8	203.1	209.5	212.9	209.3	211.4	205.2	203.5	204.5	203.3	210.7	217.5	219	222.8	222.7	217.2	209.1	209.8	220	223.3	229.2	238.2	242.6	243.4	245	242.1	241.4	234.3	219.7	202.5	183	154.5	119	96.2	81.8	73.6	70.8	76.2	82	81.1	72.7	69.8	62.9	62.6	73.4	81.3	87	98.7	133.9	190.5	220.2	266.2	312.7	377.2	441	455.4	452.2	437.3	414	402.5	430.5	452.7	420.3	411.2	424.4	435	446.4	457.5	462.5	452.9
551	544.6	534.6	525.8	520.2	513.8	508.6	503	496.2	495.4	491.4	489.8	488.6	487	475	462.2	463.8	461.2	449	410.6	428.8	454.2	447.6	411.8	361.6	306.9	199.7	151	130.9	115.2	115.4	114.6	112.4	124.7	142.3	153.5	166.6	152.7	152.5	171.6	191	242.1	285.1	294.5	304.2	310.4	309.7	308.6	310	300.4	291	279.9	276	271.9	270.7	270.2	274.4	272.3	257.1	253.2	254.3	249.9	234	217	207.8	199.9	195.4	195.3	220.9	228.5	215.5	217.8	218.2	214.9	220.7	228.5	237.9	248.1	254.6	263	275.4	286	290.2	290.1	296	296.6	284	269.6	261.1	270.3	292.9	326.8	366.4	404	424.8	442	431.4	419.7	414.6	378.7	337.7	290.7	262.5	258.5	254.9	252.8	256	257.6	255.4	252.9	241.9	230.1	223.4	216.3	201.6	190.8	188.6	184.6	183.8	189.6	200.9	204.3	208.6	217.8	223.3	230.1	226	230.5	228.6	225.2	226.4	223.5	224.4	225.7	224.2	228.4	230.5	231.4	235.4	246.8	247.2	237.4	235.4	240.3	241.8	245.8	248	250.9	252.5	253.1	247.5	240.4	238.1	223.4	206.4	186.6	160.1	128.9	101	82.5	72.2	70	75.2	84	81	74.8	77.7	74.4	69.2	75.2	78.2	79.5	89.1	116.5	179	220.6	266.5	335.4	408.4	440.4	456.5	456.7	440.5	408.2	396.7	420.8	442.7	418.4	403.2	429	446.2	455.2	463.8	466.6	465.8
548.2	542.6	534.2	525.8	515.4	509.8	507.4	501.8	498.2	496.2	492.2	492.2	492.6	483.8	473.4	467	465	468.2	458.2	422.8	445.8	461	450.6	419.6	387	296.5	183.2	149.4	131	122.4	127.7	130.4	126.3	133	134.7	148.4	166.6	151.3	154	176.3	199.7	255.3	294.2	298.1	308.7	317.7	318.1	317.9	313.5	305.4	301.2	299.5	295.6	300.8	295.1	285.2	289.6	285.5	284.7	284.2	280.6	271.5	258.5	251.2	248.4	244.1	238.2	243.4	252.6	253.8	256.2	249	253.3	256.3	255.7	267.3	278.9	290.1	301.1	308	321.6	323.1	315.5	306.4	306.6	307.7	291.8	274.2	270.1	278	293.8	327.5	368.3	412.7	434.3	446.3	432.7	424.5	425.3	385.2	338.6	288.9	259.3	250	245.3	249.3	260.6	263.4	265.1	266.3	258.6	249.9	247	240.7	229.3	222.5	217.6	212	215.4	224.2	226.8	229.9	230.5	230.1	236.6	246.1	255.2	257.9	256.1	247.9	243.6	242.9	244.6	247.3	248.5	245	244.8	247.4	251.6	261.6	269.9	266.2	258	257	262.3	265.6	268.6	269.4	265.8	263.2	261.9	253.1	246.8	233	209.6	187.6	159.4	127.3	100.8	82.6	73.7	76.9	81.3	91.1	84.3	80.8	86.7	85.1	79.8	80.3	81.1	78.2	85.4	102.6	153.6	218.2	268.7	328.9	401.7	416.5	419.4	424.1	421.6	412.4	395.9	401.9	407.6	426.9	430.9	431.7	441.8	443.9	430.1	430.9	448.4
548.2	542.6	535.8	525	514.6	510.6	507	499.8	499	495.8	492.2	491.4	491	482.6	468.6	466.2	465.4	468.2	466	442.8	465.4	455.4	424	417.6	413.4	320.5	193.3	152.8	138.9	131.2	135.9	139.1	137.1	136.8	141.8	172.5	179.3	159.1	156	177.6	198.1	254.7	296.5	299.4	312.8	319.7	314.3	313.3	312.9	313	317.6	317.3	309.6	304.7	301.6	301.1	303.3	308.5	309.4	306.8	307.4	301.3	297.5	294.3	293.6	286.5	280.2	289.9	289.3	286.2	291.8	286.3	288.9	288.7	281.9	288.9	305	321	327.4	332.2	338.7	340.4	331.7	319.8	314.5	302.1	286.1	269.1	265.5	277.9	301.2	331.9	372.6	410.6	433.6	445.4	435.4	429.7	421.8	384.1	344.8	293.9	260.9	249.7	244.5	253	266	270.9	270.7	273.8	273.5	271.2	274.2	272.5	261.3	258.9	251	242.1	236.6	233.5	234.5	233	232.3	232.4	234	238.2	245.3	240.5	239.7	237.6	233.4	236.1	237.5	239	242.6	245.1	250.4	258.2	266.6	265.5	274.2	283.3	281.4	276.6	273.5	267	269.9	274.1	273.3	266.1	264.9	257.3	246.5	231.6	212.6	191.9	165.1	130.1	103	81.4	74.7	76.8	82.4	93.9	89.8	88.8	94.5	94.6	88.4	81.8	76.1	72.2	78.2	96.4	147.6	227.7	279.1	356.6	421.2	413.7	417.3	422	426	415.6	396.6	396.8	402.5	425.1	431.6	424.4	428.1	431	421.3	423.6	435
554.2	541.4	532.6	523.8	515.4	511	504.2	500.2	499.4	490.6	483	492.6	491	473.4	455	462.6	458.6	465.4	465.8	445.4	465.4	460	432.4	429.4	434.4	331.6	204.1	167.7	161	149.5	150.9	148	145.6	144.3	153.5	180.5	180	157.7	155.7	176.4	205.3	267.2	293.1	296.4	312.8	319.4	312.6	314.2	324	331.7	332.8	331.9	321.1	313	323.7	323	318.9	324.8	327.8	326.5	324.1	322.6	330.8	333.7	327.8	320	310.8	321.7	316.7	319.1	323.4	319.1	322.9	324	325.2	323.9	332.8	345.3	350.9	351	348.1	339.5	324.9	319.2	318.1	310.2	290.9	270.9	267.7	281.6	305.5	337.7	384.8	421.8	436.4	442.2	437.6	431.8	419.5	381.3	341.5	297.7	259.3	248.3	246.9	249.8	263.8	279.9	281.5	284.9	286.9	285.7	291.3	297.4	296.4	296.5	289.9	283.7	272	263.9	258.9	254.1	256.4	257.4	266.7	274.8	273.9	270.3	271.3	276	276.3	278.2	275.7	271.2	268	271.9	278.2	282.7	288.3	282.6	278.9	286.6	291.4	289.1	284.8	277	275.2	276.7	276.8	269.5	264.8	259.8	251.5	239.6	218.9	193.3	165.7	131.2	104	79.9	74.5	83.2	92.1	99.2	93.3	97.1	100.6	99.8	93	87.1	80.4	74.6	78.6	95.5	144.2	231.6	281.7	336	385.5	389.9	390.1	403.3	415.9	410.4	399.1	407.1	407	413.8	441.5	436.8	422.4	427.2	447.5	451.1	437.1
555.8	541	530.6	521.8	515.4	511	502.6	500.2	499.4	490.2	488.2	494.2	491	470.2	457.4	463	455.4	463	464.6	458.2	466.6	467.4	463	465.8	455.4	349.3	218.6	180.8	169.5	150.6	153.9	149.9	146.6	142.2	166.5	198.5	182.4	162.4	160.2	180.3	203.9	256.3	290.6	300.6	315.2	321.4	329.4	333.3	337.9	339.5	333.7	329.3	331.4	332.9	337.4	339.8	342	340.5	343.5	353.3	350.1	347.5	352.8	355.7	361.9	352.6	340.4	347.8	342.8	349.5	362.5	365.2	370.1	373.6	372.7	366.3	361.3	365.1	369	359.9	350	339.1	323.8	324.7	320.3	300.6	282.1	265.9	267.3	291.9	316.7	348	384	413.5	431.6	441.6	435.3	426.3	404	376.7	344.6	307.3	267.7	250.6	251.4	256.1	267.5	279.8	289.1	289.3	294	294.2	302.6	310.8	315.2	323.2	326.5	321.8	316	313.1	313.1	302.3	293.1	291.2	287.4	291.2	293.5	283.7	282.1	290.5	294.2	297.2	298.2	298.8	300.7	301	304	302	298.1	302.8	299.5	288.5	283.3	290.7	291.5	288.1	286.5	286.5	282.9	278.2	266.1	257.5	249.6	238.8	220.8	199.1	173.9	137.1	108.3	85.4	78.6	89.2	96.3	101.1	100.1	102.6	104.7	108.9	98.8	89.8	81.1	73.1	80.9	104.3	145.1	228.1	280.8	347.5	384.8	382.3	394	405.3	410.9	412.9	400.5	410.5	412	422.6	451.5	446.2	430.1	427.4	450.3	452.5	437.8
548.2	537.4	530.6	524.2	517.4	507.8	502.2	503	498.6	494.6	492.2	494.6	490.2	480.2	473.4	468.6	464.6	464.6	461.8	456.2	465.8	466.2	452.2	465.4	421.3	346	255.9	191.2	185.5	167.2	162.4	155.9	157	150.9	170.6	212	190	168.1	169.4	178.4	208	271.4	297.7	307.8	317.5	329.3	339.9	339.6	341.5	343.9	336.5	335.1	345.2	352.2	355.3	365.2	369.4	368.8	375.1	374	381.5	388.1	389.1	394.8	396.4	386.2	380.1	383.7	380.6	386.9	398.7	405.8	402.5	399.2	400.9	396.5	392.5	382.7	376.7	360.6	340.4	325.7	320.4	325.2	317.7	299.4	280.4	267.7	272.8	294.4	321.8	354.9	387.3	410	430	432.4	420.9	417.6	403.8	374.1	340	308.2	270.7	249.9	247.7	251.4	267.3	281.2	291.9	291.5	296	303.5	313.2	321.9	328.9	333.2	342	346.7	349.7	349.9	337.9	330.8	333.7	330	324	322.4	321.8	318	315.4	318.9	318.2	317	319.2	321.7	317	313.9	311.9	311.7	308.9	312.1	313.2	305.3	295	293.8	297.3	296.3	294	294.1	284.6	279.4	271.1	259.7	249.6	236.9	224.3	204.9	173.8	136	110.4	87.7	82.7	100.4	102.1	107.6	113.2	109.8	106.1	108.9	104.1	92.1	86.7	79.1	86	126.7	171.2	219.3	265.9	331.4	383.5	387.2	402	415.7	414.5	428.7	416	406.9	411.4	421.2	439	443.7	425.2	404.2	398.6	414.4	421.7
543	537	533.8	527.8	521.8	513.4	505	503	499.4	494.6	491	491.8	491.4	483	476.2	470.6	467.8	466.6	462.2	454.6	463.4	455.4	448.6	463	415.8	351.9	267.7	200.5	184	174	166.4	154.3	154.9	153.5	189.7	222.8	200.4	176.8	179.7	181.8	200.5	262.2	295	306.7	320.6	331.9	339.4	335.5	339	341.1	344.8	354.5	360.9	365	369.2	372.7	376.9	378.8	387.3	391.2	396.5	402.7	405.5	406	405.2	404.4	396.3	395.4	395.7	395.5	403.9	410.2	412.2	406.9	407.1	403.9	400.2	390.3	383.4	370	344.8	329.8	324.2	322.9	310	293.9	283.9	276.8	279.7	296.4	327.5	357.9	386.7	410.4	425.1	429.2	422	416.3	391.6	357.4	329.6	308.5	281.1	257.3	251.8	256.7	273.1	286.8	289.6	290.7	295.9	303.3	310	318.8	331.5	343.3	353.2	362.6	369.1	366.9	363.4	364.5	370.9	369.2	364.1	364.6	369.7	366.6	367.6	369.4	369.8	360.1	359.8	353.9	346.1	341	335.4	332.3	326.8	323.2	325.5	319.4	315.5	308.7	305.3	298.6	297.2	294.1	290.2	285.3	276.8	264.3	252.2	237.2	222.3	206.6	184.9	147.1	115.8	95	86.3	104.4	109	115.1	119.7	120.2	113.8	113.2	109.9	97.2	89.1	83.8	96.3	145.3	189.9	236.9	296.3	340	386.8	382.4	393.7	409.7	421.4	435.6	431.1	421.7	417.7	418.1	430.2	436.2	426.3	406.4	397.1	410.9	418
542.6	543	535.4	527.4	516.2	505.4	503.8	501.4	495.8	494.2	494.6	493.4	487	481	469	461.8	467.8	465	463	458.6	460.2	461.8	466.6	456.6	404.8	350.6	270.1	205	192.9	193.1	182.9	171.1	165	158.3	193.8	227.8	208.4	191.4	186.1	184.6	217.8	283	299.1	310.3	321.2	330.1	333.8	336.4	345	347.9	352	362.9	370.4	374.9	377.1	378.3	381.3	385.8	396	404.6	409.5	416.9	421.4	421.6	422.9	420.4	416.7	419	416.4	415.3	416.1	422.8	430.7	427.6	423.3	415.6	404.7	392.9	380.9	360.7	339.9	330.5	328.8	324.6	308.5	291.3	280	278.3	287.2	309.1	337.5	367.1	395.5	416.2	422.8	426	426.8	419.1	391.7	356.7	323.9	302.7	285.1	263.4	255.5	260.7	271.6	285.8	289.7	294.4	300.4	309	315.8	325.5	339.9	350.4	362.1	363.9	368.9	380.4	381.5	377.3	382.9	380.6	384.3	384.7	383.7	389.1	394	391.3	385.1	381.8	384.8	379.1	367.5	355.8	356.9	351	342.2	335.1	325.1	319.8	318.5	313.7	309.3	305.9	303.2	300.5	294.4	286.7	278.3	269.2	254.9	240.2	224	210	185.5	146.4	120.6	97.6	94.6	111.2	118	122.5	124.8	123.2	116.2	116.5	116.2	111.7	106.6	105.7	120.2	166.3	209.5	266.5	331.2	372	417.3	410.1	390.2	404	431	442.9	435.8	429	434.9	428.5	433.7	441.6	427.1	427	438.1	436.4	416.8
547.8	545.8	536.6	527.4	515.8	503	503.8	500.2	496.2	494.2	494.6	492.2	485.8	481	459	453.8	467.4	465	460.2	459.8	461	467.8	471	457.5	408.5	342.4	278.8	201	187	197.4	187.6	181.7	171.5	173	219.3	231	214	202.2	197.5	191.8	216.2	282.2	301	304.4	314.4	329.1	331.5	336.5	349.4	353.8	358.2	363	365.9	375.1	378.8	379.1	382.8	384.8	392.6	402.4	410.6	415.7	418.5	423.2	427.2	426	422.2	424.1	422.6	422.8	427.4	435	438.1	434.7	423.9	417.1	407.7	397.4	382	361.6	343.4	333.9	327.2	322.8	302.6	287.7	282	284.1	294.1	317.4	338.8	366	398.3	420	421.5	422.1	422.1	405.9	377.9	349.3	320.7	306	291.4	272.6	261.1	264.1	276.6	289.1	287.4	291	298.7	303.5	312.7	321.7	339.6	352.9	361.8	371.8	380.1	393.6	397	393.6	397.4	398.6	400.8	401.5	407.5	411.9	413.3	412.4	408	402.6	401.2	395	384.3	378	372.1	360.5	352.4	351.8	336.6	317.7	310.7	312	310.6	312	313.8	308.9	298.3	288.8	277.2	268.6	256	242.9	227.6	213.7	194.3	153.5	121.5	99.3	96.3	113.2	120.7	126.3	129.2	125.9	123	122	122.2	121.5	125.5	140	173.5	215.3	265.2	332.7	381	402.1	409.9	409.3	392.9	396	429.5	436.6	421.3	413.9	423.7	421.8	423.9	441.9	431.4	431.1	437.6	438.4	424.7
555.8	549	540.2	527	514.2	506.6	503	500.2	499	490.6	481.4	478.2	485.4	474.2	457.8	461.4	468.2	466.6	464.2	461	459.8	471.4	462.8	456.3	401.3	328.9	280	192.4	178.1	195.2	194	197.1	195.1	181.6	219.6	236.9	222.1	206	213.6	211.9	235	289.3	302.8	303.6	310.2	325.2	329.9	339.1	353.2	358.2	360.1	366	363.8	371.9	378.1	380.9	386.5	390	394.7	403.1	411.5	418.5	424.2	425	430.5	434.3	430	423.6	432.9	441.5	435.3	432.2	432.9	437.6	430.5	416	409.6	399.4	378.6	362.1	344.8	327	324	317.8	300.1	290.9	286	291	306.3	322.5	338.2	358.4	387.6	412.4	419.8	421.6	417.9	401.6	377.1	344.6	317.2	301.1	289.8	274.4	263.9	260.6	272.8	287.2	290.6	295.2	299.2	299.9	312.7	327.6	340.9	358.7	375.5	386.9	392.3	395.5	400.3	400.8	404.3	408	407.4	410.7	417	418.9	410.1	413.2	419.2	410.4	404.8	405.2	401.8	394.2	386.2	373.2	359	354.9	345.9	322.8	312.4	311.9	309.7	311	315.1	308.6	299.8	290.4	276.4	267.1	258.4	243.5	230.4	214.2	194.9	156.7	120.3	107.2	106.3	118.2	128.7	134.5	136.8	133.6	132.8	137.3	140.5	137.6	140.1	153	181.6	220.1	278	355.5	392.4	405.9	420.1	430.3	418.7	387.8	390.2	402.4	409.9	408.9	418.4	415	409.9	420.4	432.6	455.8	455.2	439.5	444.2
556.2	548.6	539.8	525.4	515.4	507	504.2	499.4	499.8	494.2	484.2	482.6	485.4	472.6	461.8	466.6	468.6	467	464.6	463.8	458.2	459.4	456.5	455.3	395.7	327.1	269.4	175.4	166.3	181.4	183.3	192.7	190.6	193.1	235.3	233.7	221.6	204.8	213.3	220.7	230.7	284.9	303	303.1	312.3	327.7	336.3	342	349.2	352.9	356.4	363.1	362.8	370.4	377.9	379.2	385.8	390	395.5	402.2	409.9	419.3	424.9	425.2	433.3	438.7	434.8	431.6	435.2	440.7	439.1	429.9	428.7	435.9	434.8	422.6	411.3	402.6	380.1	363.9	345.9	328.3	321.9	310.4	297.7	288	283.7	289.8	305.9	320.3	335.4	359.6	386.5	410.5	418.9	421.1	417.1	404.7	382.4	355.5	324.7	303.1	294.8	280.2	267.7	262.6	271.1	279.4	284	291.8	294.8	299.2	310.3	325.2	345.4	365.5	383.8	396.3	404.9	407.1	405.8	407.1	411.6	413.1	409.6	412.6	419.5	417.9	410.8	412.9	424.7	416.4	409.2	413.2	413.6	404.3	394.3	383.4	369.9	360.5	349	336.9	325.4	318	310.2	307.5	311.7	310	301.3	289.1	274.3	265.9	254.9	241.5	231.5	217.3	202.9	170.4	124.7	103.3	104	112.7	123.8	136.4	140.2	132.7	132.8	145.3	163.1	190	218.3	230	241.3	257.6	294.6	353.9	400.9	418.8	436.2	442.1	423.4	391	380.9	392.4	400.9	406.6	421.3	422	411.7	416.2	428.9	448.8	454.5	434.5	439.9
553	546.2	533.4	523.8	514.2	509.4	509.8	505.8	501	493.8	493.8	490.6	486.6	482.2	473.8	457.4	469.4	467.8	465.8	462.1	435.6	435.6	464.2	462.8	408.7	334.6	281.4	185.5	162.3	170	168.5	180.7	180.9	191.4	233.8	228.4	203.8	184.6	189.9	235.4	262.4	283.5	301	306.7	312.2	327.7	335.5	343.2	348.9	349.8	353.1	357.1	365.7	372.8	375.8	380.8	383.3	385.7	395.1	407.2	414.5	422.6	425.7	428.4	435	442.2	445.7	447.5	448.8	447.9	443.3	437.1	432.5	434.6	434.1	429.7	406.2	398.4	383.2	358	344.3	324.6	312.6	306.9	293.1	282.4	280.4	286.3	304.2	319.2	334.5	355.5	380.8	400	416	424.2	421.4	406.7	385.9	365.2	334.9	311.6	299.3	283.2	274.1	271.3	272.4	272	277.9	283.7	285.4	290.8	301.1	322.5	340.2	358.6	388	403.6	411.3	411.1	414.1	417.8	413.9	410.1	408	407.9	409	409.9	411.3	411.6	420.2	413.9	413.6	413.5	406.8	400	396.4	384.7	374.1	366.5	353	342.9	333.1	324.4	314.7	305.7	304.8	306.3	296	288.9	276.7	264.8	256.4	245.7	235.8	219.7	206.2	179.1	134	125.5	107.6	95	105.6	117.4	129.8	127.6	132.9	147.7	176.8	214.7	241.5	243.7	234.5	244.2	271.4	335.9	382.1	401.3	422.4	428.6	421.2	416.1	413.5	401.4	395.7	411.9	414.4	420.1	415.9	409	409	409.3	419.6	432.2	441.2
553.8	545.4	531.4	525	515.4	510.6	510.6	505.8	501.4	494.6	493.4	490.2	487	481.8	474.2	469.8	469.4	467.8	464.2	450.2	432.9	444.8	454.6	460	426.8	347.1	281.6	187.7	157.9	155.6	155	163.1	175.2	198.5	235.9	216.6	192.9	184.3	193.4	231.2	259.2	278.7	297.9	306.4	316	328	329.1	333.3	343.3	346.4	348.3	358.4	364.5	367.1	375.3	378.2	381.6	386.4	390	400.1	412.8	421.6	420.5	422.2	428.5	435.6	445.7	454.6	461.4	452.8	450.5	443	440.9	442.7	433.1	418.6	396.2	375.6	363.5	345.1	323.1	307.1	294.7	287.4	279	276.4	274	284.7	305.7	324.7	339.6	361.3	382.1	396.7	405.6	417.5	418.4	406.3	388.4	365	343.3	321.3	300.3	283.2	275.3	274.6	271.1	269.1	269.4	270.7	276.9	282.8	294.4	313.6	326.9	352.7	379.2	397	411.5	417.7	418.9	418.3	416.8	412.8	406.5	409.5	412.7	415.4	418.2	418.1	417.7	413.8	411.9	413.2	405.5	400.1	398.4	391.6	378.7	367.1	350	342.2	332.5	325.4	318.8	308.3	303.5	302.4	290.9	280.5	270.6	264.1	254	243.8	238.5	222.5	211.4	197.1	151.2	113.9	92.2	89.7	93	110.3	128.8	129.7	132.4	171.6	242.2	257.6	252.2	244.6	232.8	236.2	261.4	322.4	370.2	385.9	410.3	417.3	415.6	423.6	422.2	403	411.8	425.9	426.2	416.9	422.2	424.7	419.4	415	426	438.1	447.1
553.8	537.2	528.2	525.4	516.2	511.8	511	507.4	502.2	494.6	494.2	489.4	485.8	482.2	461	469.4	469.8	467.8	454.5	436.5	449	462.2	467.8	470.2	447	344.8	279.4	192.4	161.7	165.8	161.4	160.5	160.9	179.1	224	210.6	180.7	169.8	210.1	261.9	264.7	275.7	291.2	299	309.4	321.4	330.3	335.1	338.6	343.8	345.9	352.5	360.7	364.4	371.8	376.6	380.9	389.1	394.7	402.3	409.6	409.8	413.9	425.9	429.8	440.8	447.1	444.8	445.2	445.8	446.2	444.2	442.2	437.3	419.6	407.7	396.5	378.2	349.2	328.7	316.7	295.2	281.1	273.6	271.3	272.7	275.9	287.6	307.3	326.6	340.5	357.7	372.2	392.3	409.5	420.8	417.8	400	381.4	366.3	344.4	315.9	292.1	276.1	269.1	264.4	264.1	262.8	266.1	268.7	272.4	275.7	284.9	305.7	325.4	353.3	376.3	393.4	399.4	409.8	428.8	423.4	420.2	420	415.8	422.1	425.1	421.6	419.6	418.2	411.7	413.2	416.5	415.1	407.9	399.1	392.8	384.6	372.5	360	342.5	335.4	333.2	321.1	314.1	309.6	300.3	290.4	283.4	276.8	271.2	261.3	250.7	248.5	243.9	229.7	213.9	192.5	159.5	145.4	102.7	79.7	92.7	108.7	124.9	129.5	127.9	172.6	228.7	241	241	237	225.7	225.4	260.4	338.8	381.8	386.9	404.5	414.3	417.5	428.6	427.9	406	401.4	414	411.8	416.6	409.2	409	425	422.2	425	443.8	454.8
550.6	535.8	525	525.4	516.2	512.6	511.4	507.8	502.2	494.6	493	488.2	484.2	482.6	465.4	469.8	469.4	467.4	454.3	443.1	456.2	466.6	467	468.6	442.6	348.6	268.5	190.6	164.9	167.1	164.5	161.9	162	185.9	224.7	211.8	183.6	173.8	215.4	261.5	261.5	272.7	291	296.9	304.7	314.9	320.9	329.2	336.2	341.3	343.8	348.8	359.3	366.3	369.4	372.5	379.5	387.3	392.9	398.8	406.7	406.3	412	427.2	433.2	444.2	448.9	446.7	448.6	445.7	445	444	429.5	417.7	397.9	378.1	374.1	361.1	332.4	308	298.6	288.2	277.9	268.5	267.4	267.2	274.3	289.7	311.1	326.1	339.4	361.4	373.8	391.4	408.7	413.7	409.9	401.9	386.5	375.9	358.4	325.4	292.5	277.1	269.3	262.3	262	264.5	261.6	260.3	263.8	264	271.4	292.3	311.4	336.9	364	383.8	391.8	409.7	424.1	423.1	418.2	423	423.3	423.3	425.1	422.4	422.5	419.1	414.5	416.8	417.8	413.3	411.8	399	389.5	382.1	364.2	348.1	328.6	323.7	322.6	316	306.2	301.4	294.5	288.1	277.8	270	267.3	255.4	247.6	245.9	243.4	235.9	219	204.3	168.5	146.7	113.6	84.4	87.2	104.5	123.6	129.6	131.8	206.3	234.2	223.5	227.8	220.9	210	228.5	276.6	342.8	395	402	409.8	415.7	421	433.4	429.4	406.5	406.1	406	400	411.9	405.7	401.6	412.6	410.9	416.2	431.4	439.7
539.8	530.6	529.8	521.8	517	517	507	507.4	501.4	495	493	481.8	469.4	476.5	475.4	469.4	468.6	467	465.4	465.8	464.2	465.4	467.4	459	438.6	355.9	276.7	199.2	174.9	177.9	174	168.8	163.7	179.3	207.1	205.3	190.4	201	246.2	261.9	257	273.4	286.8	294	301.4	311.2	317.5	325.8	334.1	337.7	341.2	349.9	355	362.8	368.3	371.3	379.3	385.6	393.5	403.7	407.2	413	420.2	434.8	443.6	448.2	451.7	449.5	447.5	442.5	431.9	424.8	413.8	401.8	393.9	382.3	372.2	353	325.1	305.3	293.8	291	279	274	272	271.1	271.3	291.2	312.8	325.6	338.7	359.9	379.5	413	442.2	431.4	415	408.9	414.8	400.5	356.7	323	298	277.7	267.7	256	254.2	255.3	258.9	264.5	266	261.2	261.8	280	303.2	329	350.4	366.4	382.3	409.6	424.6	429.4	425.7	428.2	425.7	421.2	422.5	423.5	419.6	417.5	414.1	412.9	410.3	406.6	405.8	400.5	387.3	377.6	365.6	346.6	329.9	321	313.3	308.9	300.5	296.2	289.6	285.6	277.6	267.2	257.1	249.6	247	247.4	242.5	232.6	218.4	205.1	188.7	155	125.3	101.9	92.4	105.9	122.1	125.6	117.4	190.8	230	234.3	238.2	224.6	216.4	235.2	275.9	347.5	401.2	432.9	459.4	428.6	410.3	415.2	419.1	409.8	407.7	406.4	406.2	416.3	425.9	415.3	400.2	396.8	388	399.9	405.5
537	529	526.6	519.4	516.6	513.4	507.4	507.4	500.2	496.6	493	476.2	462.8	478.7	475.4	469.8	468.6	467.4	467.4	465.8	464.6	465.8	466	463	443.4	368.2	261.2	205.3	183.4	184.6	175.8	176.2	167.8	183.6	204.4	202.2	196.3	206.3	248.8	263.1	261.1	271.6	285.5	291.7	297.2	305.7	316.8	321.8	327.8	334.1	336.5	343.5	347.1	358.8	368.1	373.7	379.4	385.1	393.8	404.7	411.8	417.3	421.7	431.1	442.1	447.5	448.3	444.1	437.8	433.7	420.8	409.2	403.3	390.3	380.4	369.2	358.3	341.9	317.6	318	322.4	312.2	299.3	295.7	291.7	280.8	282.3	297.1	310.4	326.3	346.7	368.4	393.8	411.7	447.7	445.4	418.7	411.3	409.1	403.3	362	322.8	302.7	281.7	269.4	261.8	260.1	264.8	272.8	277.3	277.4	266.9	255.8	266.4	288.2	315.2	336.2	353.1	372.8	395.9	417.1	419.6	418.1	426.2	423.9	420	423.3	425.5	420.9	418.1	410.6	409.1	407.7	408.1	402.1	396.9	382.6	372	364.5	342.5	330.1	318.8	306.4	303.4	298.4	287	279.1	276.6	269.1	260.2	252.7	247.6	245.3	244.9	240.4	234	220.2	206.7	190.4	152.8	127.5	109.9	91.8	103.8	118	119.4	128.7	208.4	226.4	231.9	240.3	245.9	242.6	246.2	273.8	344.6	395.7	435.8	466.4	432.9	408.3	405.5	411.1	411.2	410.8	406.6	408.4	418.5	434.6	431	406.5	396.5	393.2	392.7	397.8
541.4	531	524.2	521	519.4	514.2	511.8	506.6	499	498.6	479	468	473.1	466	469.8	469.8	468.2	467.4	467.4	463.8	461	459.1	459.7	461.1	459.4	411.4	291.2	222.4	197.2	190.4	185.2	181.9	174.4	190.3	214.3	199.9	201.2	210.1	245.8	265.7	258.8	264.8	280.8	289.6	297.1	303	312.9	315.6	318.5	327.9	332	335.5	342	356.9	371.7	377.7	380.9	389.8	397.2	400.6	408.7	414.6	419.8	426.6	433.1	437	439.6	430.1	423.4	421	414.7	401.7	391.5	386.1	370.1	355.4	342.7	327.8	313.8	316.4	317.3	308.6	304.7	305.1	302.4	290.4	290.9	304.3	310.2	321.4	342.3	370.9	399.4	424.6	444.7	436.6	419.6	408.3	399.3	393.1	354	327.2	308.4	287.8	271	263.7	260.9	266.5	271.8	277.8	281.7	279.4	264.6	260.5	275.6	301.2	322.7	338.1	355.9	376.4	393.6	405.7	417.2	414.6	421.9	426.2	428.5	425.5	417.9	415.2	408.3	400.9	400.8	402.1	395.4	391.1	383.3	364.8	351.5	336.2	327	316.5	306.8	299.7	292.2	283.9	277	270.3	264.6	259	252.2	246.2	241.4	241.2	235.2	228.3	220.6	208.1	194.9	152.3	125.7	124.1	114.7	104.4	102.8	109.4	125.8	205.8	230.4	230.1	241.8	257.7	257.8	252.5	273.6	337.2	386.8	385.1	405.5	435.4	435.9	425.2	412.3	418.8	414.5	403	407.7	411.5	419.9	430.6	434.9	442.8	423.4	399.9	397.9
541.8	531.4	523.8	522.6	519.8	514.2	512.6	505.8	499	487.9	472.3	455.6	477	474.2	464.2	470.2	468.2	467.8	463.9	450.3	445	454.2	460	467.4	466.6	403.8	281.6	226.6	201.9	204.5	193.3	182	180.7	200.7	216.5	205	206.5	233.3	259.6	264.2	257.4	261.6	276.6	284.2	294.9	301	306.3	313.6	312.6	323.7	327	333.7	344.9	354.5	364.1	369.9	379.3	388.9	390.3	398.6	409.1	412.3	418.5	422.1	429.8	433.4	425.5	415.2	407.9	403.1	400.1	383.8	371.8	369.2	355	338.3	327.4	317.4	322	326.5	323	316.1	316.3	314.2	299.3	292.6	297.6	307.2	306.6	316.2	337.8	371	399.3	422	436.7	424.6	409.5	407.8	401.6	369.1	342.5	316.1	301.7	286.9	275.7	269.2	271.5	272.4	277.4	285.2	287.5	285.7	271.5	260.5	270.7	290.8	309.9	322.6	339.5	357.1	372.9	391.1	396.8	402.5	412	419.1	421.2	422.2	415.5	412	406.3	398.5	394.7	397.1	382.5	380.7	375.9	359	342	325.3	315.8	310.6	303.3	297.4	285.8	279.1	273.6	264.6	259	257.5	251.1	243.9	238.9	240.5	234.1	228.6	221.3	212.3	201	162.2	130	122.3	113.8	112.7	111.4	115.6	137.5	213.2	248.7	252.6	260.9	263.3	255.1	252.1	275.6	343.8	395.5	398.3	408	425	430.4	419.6	414.9	420.5	424.5	415.2	399.1	399.4	415.7	409.3	420.1	428.5	412.3	399.6	402.8
538.2	524.6	525.4	527.4	523	518.6	514.6	505	481.1	473.2	482.6	488.2	488.2	484.2	478.6	470.6	468.6	452.9	450.3	443.9	441.8	460.1	465.4	467	454.8	413.9	273.5	224.6	219.1	221.4	204.7	192.4	185.1	199.1	220.5	217.9	214.2	234.6	271	272.8	253.9	252.8	269.7	281.8	290.9	298.4	301.6	304.9	307.1	315	321.2	331.4	339.9	351.2	356.6	363.6	378.4	380.3	388.4	398.9	402.2	401.5	408.8	408.4	412.6	415.8	413.6	405.6	398.3	394.7	383.3	375.3	362.4	349.8	340.4	329.6	320.6	309	307.1	310.2	308.9	320.9	333.8	322.9	304.2	296	297.6	302.2	299.1	306.5	326.6	357.5	384.4	398.1	403.5	402.7	399.7	394.4	371.7	352.4	328.8	307.6	293.9	286.3	270.7	264.9	266.8	275	283.4	285.2	279.6	279.4	274.1	263.9	268.5	287.7	303.2	310.2	327.7	349.8	363.3	377.7	386	388	394.5	409.6	420.7	414.7	408.2	410.1	403.4	390.1	390.5	397.6	378.2	369	366	348	331.7	314.3	310.4	308.7	299.4	290.6	283.8	279.4	267.9	256.2	253.9	252.7	246.8	240	236.5	235.6	230.6	225.8	220.3	211	204.9	159.5	128.2	135.1	127.9	111.9	114.4	135.7	155.6	214.9	260.9	263.1	272	274.5	266.7	264.2	296.8	373	404.4	406.5	424.1	440.2	423.7	408.8	413.9	412.5	411	399.6	376	390.3	399.8	391.1	388.4	403.1	423.4	417.6	426.5
534.2	524.6	525.4	529	523.8	519	513.4	501.6	489.5	483.5	492	488.2	487.8	483.8	478.6	472.2	465.8	447.7	449.3	442.9	453.3	458.7	464.2	455.3	453.7	417.8	275.2	225.7	220.9	227.4	216.1	202.7	190.5	207	225.7	219.5	220.7	234.5	270.8	283	272.8	265.9	270.5	278.7	285.7	288.7	294.8	294.7	299.8	310.2	316.9	325.6	330.9	343.6	350.6	355.7	365.8	372.4	378.3	390.1	389.6	389.3	392.2	390.3	392.3	390.6	387.4	381.3	379.3	374	365.8	357.7	348	339.7	335.2	331.1	313.9	308.1	314.4	317.1	313.9	319	328.2	311.9	293.9	293.9	296	292.5	292.6	302.6	317.7	337.5	357.3	372.1	382.2	381.2	381.4	370.8	352.5	341.7	322.7	303.2	288.4	278.3	271.9	264.4	267.4	274.2	284.6	289.8	281.8	277.6	280.9	269.2	267.2	284.3	295.4	304.8	314.7	335.1	346.1	360.1	364.7	366.9	378.9	392.8	401.6	400	392.9	392.4	390.6	380.4	375.5	378.7	366.3	356.4	357.2	339	322.3	310.7	302.5	299	292	283.3	279.2	275.6	263.5	255.5	252.3	248.8	244.8	237.2	230.2	230	228.1	222.4	216.4	210.2	206.3	164.3	133.6	144.9	138.4	130	137.5	151.9	168.7	221.4	253.7	265.9	274.2	276.9	269.8	265.8	299.5	358.1	377.3	396.7	413.6	432.8	426.9	417.9	416.6	407	403	392.7	380.3	394.4	409.9	404.7	398.4	406.6	417.8	417	422.3
537.4	528.2	529	530.6	523	511.8	506.2	504.2	501	497	492.6	490.2	489.8	485.4	480.2	469.9	449.6	438.6	455.5	465.3	459	459.8	462.6	458.2	461.8	437.1	299.7	236.9	224.9	240.8	234.1	221.7	211	215.2	227.9	229.8	231.2	242.7	274.4	282.2	269.6	262.8	263.9	274.2	280.1	282.7	287.3	292.4	298.6	306.1	308	314.1	318.9	330.2	336.6	342.4	353.9	362.2	373.8	381.9	381.7	378.9	372.8	379.6	380.2	377.8	378.1	369.9	361.4	355.6	356.7	348.7	341	338.5	331.8	323.3	304.5	291.5	297.3	301.3	318.3	336.4	333.9	315.6	298.4	288.5	281.6	276.5	279.8	286.6	300.4	319.9	333.9	344.8	350.5	351.7	353.1	344.5	333.4	325.1	308.2	291.7	280.2	268.8	262.5	257	258.7	263.8	276	287.6	282.5	273.1	266.8	263	257.8	271.2	288.3	299.8	305.6	318.4	328.1	341.8	349.4	350.3	359.3	371.9	381.1	378.6	377.7	376.5	376.2	381.1	370.2	360.6	351.3	341	341.2	333.5	318.2	306.1	299.1	291.6	285.3	277.4	270.1	267.1	260.5	251.5	248.9	246.3	241.5	236.2	226.3	224.5	225.2	217	212	208.6	210.2	173.1	134.2	142.2	150	150	153.8	164.4	173.5	230.1	267.9	276.1	281.9	281.1	270.8	274.4	321.5	357.3	359.6	375.2	376.6	408.4	426.4	425.5	414.1	406.5	403.6	391.6	380.3	388	400.4	417.5	425.6	416.7	412	416	417.8
541	530.6	528.2	529	522.2	512.6	508.6	503.4	497.8	497.4	491	490.6	491.4	486.6	480.2	466.4	447.2	442	464.2	464.2	458.2	465	465.4	464.6	464.6	451.8	341.9	253.1	222.3	245.5	255.1	259.3	247.6	234	222.7	226.3	228.9	239.4	271.7	281.9	270	262.5	264.2	268.3	274.4	279.5	281.8	285.6	293.6	297.7	298.1	301.9	310.1	319.6	324.7	332.7	338.5	343.9	350.8	362	367.4	366.9	361.6	366.5	366.2	358.6	358.4	354.7	341.1	336.8	338	337	338.4	336.7	331.9	326	302.8	286.8	281.2	289.1	307.3	326.7	325.4	316.1	298.6	279.7	268.7	258	258.5	269.7	280.7	294.5	311.2	321	322.3	327.5	328.1	324.9	313.7	303.7	291.7	278.4	269.6	257	249.4	245.9	250	256.2	262.9	274.4	279.2	269.2	264.9	262.7	254.7	258.5	283.7	298.3	300.6	306.2	312.1	323.7	328.9	335.9	343.8	351.4	356.6	358.9	358.6	362.4	364	367.8	359.9	356.8	348.1	330.1	327.8	324.9	312.8	302.7	289.6	285.2	279.3	272.3	265	262.5	258.8	248.6	246.1	244.3	238.8	235.3	228.5	224.3	221.6	213.4	209.9	209.3	215.1	190.7	145.1	139.8	153.5	155.7	160.6	164.7	173.1	207.8	270.8	280.5	281.2	279.7	270.8	279.8	331.7	380.5	383.5	359.6	365.8	401	424.9	424.2	394.7	379.9	404.1	401.2	390	394	398.6	413.3	431	427.5	417.5	416.6	415.4
546.2	537.8	533.8	529	524.2	515.4	507.8	505	500.2	489.1	489.6	493	483.4	483.8	481	475.4	472.6	468.4	467.4	463.8	465.4	464.2	465	463.4	464.2	459.5	347.1	286.3	233.2	241.6	261.1	283.9	275.2	246.7	234.2	230.6	234.2	243.4	267	271.6	266.9	261.3	262.4	268.1	270.3	274.6	276.3	285.9	294.9	286.4	278.8	290.9	303.6	310.5	317	323.7	316.9	324.4	339	345.3	348.9	353.5	356.9	359.7	356.8	351.4	341.5	334	328.7	326.9	321.2	323.1	332.6	331.2	320.5	302.4	280.3	272.1	275.1	282.9	305.1	320.7	310.2	293.2	275.8	255.6	242.3	237	243.3	257.4	268.2	272.7	281.3	291.5	297	300	301.1	298.7	286.9	276.1	269.7	256	242.7	232.2	227.4	226.1	232.3	247.2	264.6	276.4	272.2	262.5	247.6	238.5	228	244.4	277.8	294.8	304.4	302.4	304.5	314.1	319.5	327	331.1	337.4	341.3	343.7	345.6	350.2	355.3	355.1	350.5	348.4	336.8	326.5	327.4	324.7	309.2	296.5	286.1	279.2	274.8	266.1	258.2	254.8	253.3	245.5	245.3	242.8	235.5	232.8	229	223.2	218.9	214.2	207	206.5	211.5	180.1	133	127.4	144.4	155	164.4	168.5	172.4	240.3	291.2	287.4	283	277.1	272.7	293.8	340.5	383	394	399.4	387.5	383.9	402	425.1	413.2	398	417.6	430.1	425.3	418.8	408.4	396.6	413.2	416.7	407.2	399	395.4
549.8	539	535.4	529.8	523	515.4	507.4	504.2	491.8	487	493.8	487.4	480.6	486.2	481.8	475.4	472.6	469.4	467.4	465.8	465	464.2	464.6	462.8	464.2	464	360.8	296.2	239.2	224.7	253	289.2	280.4	258.6	240.2	231.6	232	241.4	266.6	269.4	260.8	254.5	244.8	248.5	259.4	264	267.3	274.8	284.1	278.2	268.2	277.5	291.5	298.8	302.8	305.1	303.4	313.7	325.9	330.3	333.3	337.6	340.6	346.5	343.3	336.4	325.8	314	307.3	309.1	314.5	323	335.4	336.8	327.8	304.6	284.2	270.7	262.9	264.7	274.2	285.8	280.3	268.9	254.3	236.4	221.7	210.6	213.8	232.5	249.9	258.7	265.5	271.1	276.7	280.4	281.8	278.7	264	252.6	246.1	232.9	216	205.6	203.9	208.3	217.7	233.7	246.7	251.2	250.2	240.6	229.1	222	219.2	239	273.4	297.3	309.1	304.8	302.7	302.1	308.1	313.8	315.9	319.3	319.8	331.8	332.2	331.7	344.5	343.9	338.6	334.7	330.3	322	320.9	312.1	300.7	291	281.5	278.5	271.1	260.4	254.5	249.5	245.7	242.2	243.5	241.7	236.1	231	225	220	216.6	212.3	204.7	202.9	206.4	176.6	139.1	132.2	149.3	157.9	170.9	171.8	179.5	246.7	294.9	289.5	282.4	275.1	271.4	290.8	337.1	381.8	411.7	414.8	396	391.1	402.3	421.2	420.4	411.7	404.1	428.3	427.4	421.3	413.9	397.6	409.4	413.3	406.1	395.9	392.8
554.2	541.8	539.4	533.8	521.8	513	504.6	501.4	501	494.6	485.4	488.6	482.2	487.4	482.2	476.6	469.9	470.6	468.6	467	465	464.2	463.8	446.7	443.6	451.3	372.2	311.5	273	221.3	237.3	286.2	286.9	274.7	262.4	248.3	246.8	255.3	261.9	260	257.1	254.8	243.3	239.4	250.8	257.3	259.1	264.9	272.5	273.5	274.6	279.3	286.2	293.6	293.3	290.8	294.8	306.8	315	322.7	330.9	334.5	337.1	334.8	327.7	324	316.6	302.2	295.6	299.6	305.9	313.6	316.4	316.7	312.6	298	280.9	269	258	252.1	248.7	244.3	236.3	229.1	219.2	202	183.2	171.9	175	192.3	217.8	238.4	246	248	253	266	265.1	263.1	256.7	232.6	221.1	207.3	190.4	177.1	173	177.4	188.2	202	216.4	225.5	225.7	218.2	210.2	203.3	207.4	231.4	259.4	278.2	290.9	302.8	305.4	300.7	303.8	309	309.5	313.9	314.9	324.4	323.2	324.2	336.8	331.7	331.4	331.3	327.6	322.8	314.6	299.8	290.3	280.3	270.9	270.3	262.5	254.3	248.2	240.4	239.3	236.7	235	236.5	231.6	222.2	216.7	214.9	212.5	208.9	203.7	202.6	202.8	174	147.8	140.6	150.6	160.9	173.6	180.9	187	249.3	298.5	293.3	279.8	270.2	278.9	317.5	355.1	390.5	403.6	405.8	402	406.9	418.5	416.5	400.3	387	390.9	407	428.5	435.6	439.2	430.7	406.5	421.8	429.9	424.2	424.3
556.2	545.4	542.6	534.2	521.4	501.9	505.4	502.2	501	494.6	488.2	493.8	486.6	487	480.4	463.3	467.5	471	468.6	467.4	465.4	464.2	463	449.5	433.7	454.2	397.2	319.1	294.3	242	236.7	278.1	285.7	274.2	258.8	247.1	249.2	260.9	263.5	255.1	250.7	247.9	240.7	231	240.5	248.8	252.2	257.8	265.2	271.1	268.8	271.6	279	282.5	283.4	281	285.4	296.5	303.3	307.5	311.8	320.1	319.4	315.4	308.3	300.6	294	287.5	286.1	290.9	310.4	324.1	321.1	311.9	305	294	278	273.1	262.6	244.1	225.4	203	186.9	180.9	172.2	164.1	156.1	152.4	154.6	167.4	189.6	207	219	225.4	228.9	239.9	234.7	231.9	231.9	208	197.3	185.1	169.1	157.7	159.3	157.5	156.8	160	167	174.6	177.9	179.7	184.6	193.9	214.3	237.6	260.2	278.4	286.1	295.8	304.7	300.7	296.7	292.5	292.7	302.4	305.8	307.5	310.5	312.8	321.8	324.7	325.9	322.4	318.5	312.9	303.8	289.7	281.9	273.5	263.6	262.9	257	246.8	242	237.6	237	234.8	235.1	232.5	228.1	221.4	217	215.8	213.4	208.2	205.1	201.9	198.7	172.7	156.9	156.9	161.4	171.7	177.2	176.7	197.5	265.9	293.5	271	272.7	267.8	282.1	327.2	355.8	394.7	406	402.7	401	402.7	413.3	413.7	401	389.4	389.3	400	422.9	433.9	441.1	434.6	415.8	425.7	433.1	424.9	427.7
552.3	553.8	551.8	540.2	529	521.8	508.6	505.8	501	497.4	495.4	493.4	491.4	484.5	470.2	470.7	475.4	471.4	466.6	467.8	465.8	464.2	462.4	423.1	421.2	464.2	436.7	343.7	314.6	274.7	236.9	255	268	268.8	253.4	244.6	248.1	260.6	261.3	254.6	252	247.1	236	220.7	229.9	241.9	248.1	250.4	253.9	257.4	259	265.6	271.1	272.1	273	274.3	278.1	285.4	292.1	300.8	308	305.1	301.1	298.8	297.6	293.2	287.6	285.2	285.9	291.3	306.2	311.5	310.1	305	296.6	287.8	277	269.8	266.3	247.2	214.3	179.4	151.6	136.8	125	117.4	115.7	122.4	134.9	150.2	167.9	181.5	195.4	206.9	210.8	205.8	204.5	206.8	203.1	189.8	177.2	154.8	134.2	131.5	134.1	136.8	138	137.7	139.2	142.2	148	157.9	166.6	188.4	219.8	239	254.6	265.3	273.5	283.7	295	294.6	288.1	285	286.1	288.1	288.6	298.8	304.4	310.3	310.7	310.4	313.6	310.4	303.2	294.6	286.1	279.1	273.6	266.5	257.2	255.8	248.8	240	234.5	231.8	234.2	229.8	229.1	227.6	227.6	223.2	217.5	215.5	213.5	207.8	204.3	199.4	194.7	176.7	164.4	162.8	169.8	177.1	175.4	172	196.8	264.3	286.6	255.2	245.6	266.9	297.1	326.9	381	419.2	417.3	407.7	402.5	406.8	410.7	417	418.3	399.1	382.3	379.3	387.8	396.6	418	424	411.9	409.1	406.1	406.9	416.7
546.1	551.4	552.6	539.4	529	521.8	511.4	505.4	500.2	495.6	494.2	493	491.4	485.8	480.2	481	475.4	469	467	467.8	465.8	463	451.7	416.8	424.1	465	448.6	372.2	323.5	289.8	261.4	265	257.2	267.9	257.3	248.4	251.3	261.9	259.7	252.3	245.9	242.1	233.8	220.6	225.4	237.2	241.8	245.1	246.8	252.7	252.3	255.1	262.5	262	260.3	266.6	272.5	276.2	279.8	285	287.8	286.5	281.9	279.6	279.6	275.3	273	281.5	291.2	306.2	314.6	308.4	300.4	294.8	286.3	276	269.5	265	266.2	250.2	210.5	173.2	149.2	128.4	112.5	95.6	89.6	95.1	114.8	131.9	150.2	164.2	173.4	182.4	188.9	182.2	178.4	181.8	179.9	170.6	155.1	132.9	113.3	105.2	105	109.7	114.6	116.2	118.2	119.8	123.7	137.3	161.7	197.7	221	235.1	245.5	251.7	258.1	269.6	284.6	288.7	284.4	282.5	278.3	275.9	276	281.4	288.9	299.7	303	299.2	297.6	296.1	289.4	278.4	268.6	263.7	262.1	254.8	249.9	247	240.6	233.1	229.3	229.1	229.7	226.6	226.9	225.2	227.6	222	217.9	215	212	205.7	199.8	196.1	197.3	195.8	187.3	173.5	177.2	179.5	174.3	175.5	221.3	283.3	282.2	268.6	244.3	269.7	305.2	326.4	383.9	422	425.4	424.8	411.7	410.2	419	423	427.7	407.7	390.8	391.4	387.8	398.1	426.8	428.5	414.7	409.6	401	400	399.1
553.4	554.2	555.8	544.2	530.2	522.2	507.7	502.5	500.4	496.2	495.8	494.6	492.6	486.6	484.6	473.8	461	463.8	454.6	455.8	452.6	445.5	442.9	430.1	451.1	464.2	465	420.1	354.2	307.1	277.8	275.8	260.9	259.1	266.5	263	255.3	261.9	266.3	260.2	254.9	247.5	229.3	217.5	220.5	227	234.8	236.1	238.1	246.9	248.2	251.9	256.9	255.5	256.5	262.7	267.3	270.4	271	272.4	266.2	267.4	270.7	268.5	269.1	265.9	266.5	271.8	278.6	283.1	293.4	301.9	302.2	296.3	288	283	275.9	267	265.3	259.7	229.2	185	157.4	129.8	104.7	89	89	95.4	101.2	117.1	136.7	151.5	160.3	165.8	165.2	160.9	156.8	153.4	150.9	145.6	133.7	121	111.2	102.5	95.8	95.7	101.3	107.6	114.2	115	119.1	136.8	163.7	191.3	220.6	237.3	246.1	253.5	255.7	257.7	265.9	274.9	280	277.9	271.8	267.1	265	270.6	279	285.8	286.8	286.4	284	276.7	271.7	266.9	261.3	252	249.6	245.7	241	238.6	233.9	228.1	225.1	223.3	225.6	224.6	220.8	220.4	220.5	220.8	218.7	212.8	211.3	206.9	201.9	201.3	203.1	205	205.2	199.5	191.2	186.9	177.7	173	188.7	229.1	269.2	268.1	266.7	279.2	311.7	342.4	379.9	401.9	406.4	420	412	403	416.6	433.2	429.8	415.6	402.9	395.6	399.1	402.7	410.5	419.4	404.8	415.6	409	407.1	406.6
558.6	556.6	554.2	541.4	529.8	521	508.3	507	503.8	501	496.6	495.4	492.6	487	484.2	465.4	462.6	469.4	464.2	460.5	444	447.2	443.6	433.9	460.5	464.2	464.6	437.6	358.1	320	299.3	278.8	259.3	253.3	254.8	254.8	254.8	263.4	267.6	261	253.9	248.5	232.3	215.8	213.7	217.1	225	230.2	232.8	240.9	244.8	250.1	255.4	252.4	252.5	251.3	251	254.2	254.5	253.8	245.6	243.7	248	249.1	250.9	261	276.3	293.1	305.5	302.1	298.7	301.7	291.8	281.9	271.8	269.6	267.7	263.6	260.6	253.8	226.6	189.5	167.5	142.4	112.7	97.5	92.3	96.4	103.3	109.9	123.5	138.2	150.8	153.3	151.8	149.5	147.9	145.2	138.9	130.1	120.1	110.3	104.2	100.6	95	93.2	96.8	104.8	110.5	117.2	127.3	148.4	179.7	203.2	220.3	233.8	244.4	251.5	255.1	265.8	273.7	278.4	278.6	272.4	260.9	257.7	262.8	261.6	268.7	269.7	272.1	271	271.7	270.7	262.1	259.1	256	251.2	246	238.3	234.6	231.4	226.5	222.8	219.4	220.3	220	219.5	217.8	215.8	214.5	213.3	213.3	211.8	209.4	203.8	198.3	202.4	208.2	207	203.2	201.5	197.7	195.3	186.1	189	226.3	253.7	266.9	271.5	277.7	287.1	311.1	354	396.3	401.1	402.8	416	412.9	399.8	407.4	422.6	426.6	422.1	411.6	397.9	393.8	397.3	396.2	402.8	402.9	409.9	406.5	404.3	410.1
559.4	552.6	545	533.8	528.6	521.8	516.2	511.8	508.2	504.6	498.6	495.8	493	488.2	485.8	471.4	478.6	472.6	470.6	468.6	457.9	465.8	465	463.8	462.2	459.4	449.4	459.2	386.6	326.4	307.8	286.8	278.7	278.1	272.3	253.3	256.5	269.5	273.1	271.8	264.1	249.6	232.9	215	208.8	211.1	215.8	220.9	224.3	233	241.5	249	250.1	250	247.7	245.2	241.7	242.7	241.3	238.1	237.5	237.3	239.7	239.4	245.4	255	270.8	286.9	297.5	296.7	299.3	298.1	290	282	273.4	271	269.7	267.7	264.2	251.4	229.9	203.4	174.1	152.4	126.7	108.6	103.1	102.2	101.8	109.7	119.2	126.4	133.1	134	134.2	132.9	134.3	133.8	126.9	120.6	114.5	109	104.6	99.3	93.6	90	86.3	92.6	101.9	112.3	133.6	167.1	192.7	210.9	228.1	240.4	251	257.2	260.3	265.6	270.8	275.8	274.5	272.3	259.4	247.7	252.9	256	257.1	256.4	254.8	259	258.7	261.3	253.4	246.5	246.8	246.4	236.8	231.9	232	228.6	223.6	218.3	215.3	216.2	213.1	214.3	216.7	216.7	214.6	214	213.2	213.2	209.1	204.6	200.1	203.7	212.8	214.9	209	206.9	206.3	202.2	196.4	202.6	240.6	268	281	286.6	289.6	304.4	328.8	369.9	403.5	419.9	414.5	423.6	417.4	400.8	395.3	408.5	426.1	435.7	422.5	408.8	403.4	395.4	391.6	396.6	403.1	420.5	422.7	410.3	397.1
561	551	541.8	532.6	527.8	521.4	518.6	515.4	509.4	505	499	495.8	492.6	488.2	482.2	479.4	478.4	472.6	471	468.6	457.9	465.4	464.6	463	462.6	457.4	449.4	464.6	427.4	349.3	301.7	282.3	278.4	282.5	280.7	259.2	261.1	270.9	272.4	265.6	257.9	247.4	233.6	211.8	201.5	204.7	209.2	212.7	217.6	226.8	237.3	246.8	245	239.2	238	236.4	232.2	232.9	227.7	224.1	220.9	224.2	229.6	239.8	252.7	263	275.3	287.7	291.8	294.8	293.5	289.3	284.2	279.8	271.5	271.8	270.2	265.4	258.9	243.8	224.9	205.7	190.7	170.6	147.2	125.7	114.1	109.5	105.3	108.7	114.8	119.2	120.5	120.8	122.6	122.8	122.6	121	117.7	116	113.9	108.7	103.6	99.9	94.9	92.4	92.6	98.4	111	126.9	146.6	170.6	192.4	205.4	225.7	240.7	250	257.1	254.9	254.9	264.8	268.7	269.1	267.8	261.6	250.7	245.9	246.7	246.2	243.5	244.7	248.7	246.9	244.5	242.9	238.9	235.4	235.2	229.2	225.2	223.8	221.9	218.9	213.8	208.3	212.5	213.5	213.8	214.3	215.1	217.2	216.3	212.8	212.5	207.1	201.5	196.8	201.6	215.2	224.4	222	215.7	217.3	211	205.9	235.9	270.8	274.7	281.5	290.7	291.3	311.6	347.4	373.9	393.4	412.4	416.1	421	421.2	383.7	381.3	404.4	419.5	432.5	418.3	401.7	401.5	397.9	395.8	406.8	412.9	427.3	437.1	412.5	397.2
561	559.4	545.8	541.8	539.4	534.2	527.4	517	513	508.6	501	495.4	494.2	491.4	485.4	485.2	484.6	477.4	472.6	460.4	459	467	466.6	463.2	463	462.6	461.4	462.2	437.4	382.8	315.5	288.7	283.8	285.6	288.8	275.2	279.9	283.5	268.5	262.2	245	227.8	226.5	212.6	197.8	199.1	203.1	207.7	212.5	220.6	229.8	235.8	235.5	232.9	231.2	228.5	225.8	223.2	220.8	214.6	213.5	215.1	221.8	238.3	252.4	261.1	271.8	281.9	285.1	285.1	289.2	289.7	286.1	278.4	274.2	270.5	269.5	268.1	261.2	253.5	227.3	198.4	187	175.1	149.7	128.2	116.4	106.8	103.3	103.9	108.2	111.1	114.7	117.3	116.2	112.9	110.5	110	111.9	112.5	112	110.7	108.4	108.1	104.3	98.5	100.7	103	116.1	134.1	149.1	173.8	196.8	212.4	230.2	242.3	245.1	252.7	253.1	256.1	262.3	265.8	269	269.4	267.6	255.6	247.8	241	238.8	235.2	235.4	240.8	239.4	236.3	229.6	227	226.7	226.3	226	225.2	221.7	220.6	218.2	214.4	202.9	204	212.4	211.3	208.4	212.1	214	214.7	210.4	209.2	206.6	201.1	194	202.3	216.7	230	236.9	230.2	229.5	218.7	217.7	258.3	294	297.2	291.1	296.1	301.7	353.7	407.1	414.2	405.9	410.2	404.7	406.3	411.2	404.5	385.4	392.8	402.7	406.4	405.6	406	407.6	414.1	415.2	419.7	428.3	440.7	455.1	443.8	427.3
561	554.2	543	545.4	541	533	523.7	512.6	513.4	504.6	497	492.8	492.6	489.8	486.2	478.2	481.4	473.8	470.2	459.8	453.7	464.5	464	454.4	456.3	460.4	459.4	459.4	444	404.4	322.1	285	273.8	274.7	276.4	270.6	283.3	282.1	264.7	255	239	221.4	219.7	209.6	195.1	197.6	202.4	207.5	216.3	223.1	228.1	232.4	229.4	224.7	223.5	218.6	216.4	215	209.6	203.8	206.9	221.4	233.3	242.4	256	267	272.3	282.3	284.1	279.7	275.7	279.1	279.7	276.1	274.5	271.8	269.5	264.1	259.8	250.5	221.7	197.2	192.2	191.6	170.9	145	128.3	118.5	115.6	110.6	111.6	116.1	117.4	119.3	118.4	113	112	110.6	110.5	113.4	112	113.3	115.3	119.2	119.3	122.3	121.2	121.3	131.9	142.2	148.6	161.2	189.8	216.6	233.1	239.3	239.6	245	249.5	252.6	251.5	256.6	264.7	266.7	267.5	266.9	256.3	240.7	232.1	229.7	226.7	227.4	227.3	223.4	218.2	217.7	215.6	217.4	218	214.9	210.6	212.5	211.9	205.1	202.4	199.7	205.8	207.4	206.3	209.9	210	210.3	209.2	206.4	203.2	197.2	188.8	196.9	210.8	224.4	240.1	247	239.7	231	267.6	300.1	302.8	301.7	299	288.2	307.8	365.3	406.4	417.6	411.5	413.3	413.1	405.2	408	412	405.8	387.1	392.6	403.1	409.1	411.8	412.6	416.1	420.3	415.2	412.5	426.4	444.3	448.6	441.9
557.5	561	561	559	546.2	532.5	523.4	519	512.7	507	492.2	491.5	490	490.2	480.8	467.4	471.8	471.4	468.2	443.9	441.9	462.4	465.4	463	455.8	449.8	445.8	458.6	461.6	444.2	375.1	304.5	280.9	271.3	267.2	265.5	271.9	270.9	256.1	238.6	217	216.3	224.6	207.7	194.4	195.1	198.3	202	210.4	218.6	223.1	226.7	226.2	224.8	223.7	216.7	209.7	207.7	205	199.4	205	215.1	227.4	234.6	247.5	260.2	267.4	273.8	276.3	272.3	273.2	279.4	282.5	278.7	274	270	264.7	261.2	259.1	248.1	231	209.1	190.1	181.3	173.8	161.7	153.3	148.2	142.9	130.1	120.3	122.7	124.1	120.3	114.6	110.6	108.7	109.8	110.7	115.4	122.5	133.9	138.9	139.4	142.5	142.3	139.6	139.1	141.3	145.8	161.8	174	195.3	218.5	228.2	232.9	235.9	239.1	242.8	241.1	243.2	254	255.8	256	258.5	256.8	253.5	242.6	229	224.8	219.3	213.6	212.9	214.5	216.9	214.4	210.4	212.5	210	210.2	210.7	209.6	207	199.5	195.6	199.8	201.4	203.1	205	212	212.3	210.6	210.6	206.9	202.9	193.1	185.1	194.1	204.9	219.6	242.6	253.4	246.9	242.5	283.8	300	298.4	296.7	302.8	295.2	350.6	413.3	404.2	398	400.2	406.6	414.6	413.6	412.3	413.6	408.6	392.5	407	427.1	435.2	428.7	422.9	410.5	415.7	408	403.7	412.7	429.2	437.9	439.5
547.7	558.9	561	559.8	544.6	536.2	523.8	518.6	508.8	507.4	496.6	486.8	491.6	491.4	488.6	473	470.2	474.2	465.4	435.9	440.8	463.2	464.6	455.8	448.6	448.2	443.8	457.4	456.7	446.1	394	306.8	270.3	256.5	248.5	259.4	268.4	267.2	254	233.5	216.3	216.7	228.7	211.1	192.7	189.4	194.7	199.1	208.5	216.3	223.3	225	222.4	218.1	215.2	210.8	204.2	197.5	197.5	203.3	211.2	220.2	232.3	242.4	248.7	255.9	261.9	268.2	271.7	273.2	275.2	278.8	279.3	273.7	272.4	272.8	269.1	261.9	262.4	253.2	236.5	220.3	204.4	193.3	188.8	178.5	170.8	163.5	158.2	145.2	134.9	130.8	130	126.7	120.9	116.1	111.9	114.9	119.6	125.8	134.1	146.5	156.2	162.4	165.1	163.4	162	157.6	157	155.4	169.1	185.5	195.3	214.2	225.3	230	232.3	235.9	239.4	236.7	240.1	247.7	253.1	253.7	251.8	249.8	251.3	245.8	232.7	225.5	219	205.8	202.1	205.3	205.6	203.6	203.1	202.9	202.1	204.1	204.4	202.9	199.7	198.4	196.6	198.5	198.4	202	203.2	207.4	210.2	211.3	207.8	204.5	202.2	196.1	183	187.1	200.8	220.7	243.6	255.2	254.9	281.9	303.6	295.3	286.4	294	302.7	306.4	361.2	416.1	407.8	386.6	380.3	397.4	414.3	415	420.6	428.6	422.1	400.3	409.4	432	442.9	431.8	423.2	404.2	405.6	403.7	400.2	413.2	425.8	432	433.4
558.2	561	558.6	549.4	538.6	531	521.9	519.5	499.4	491.6	497.5	494	497	494.6	491	484.6	486.6	473.5	442.9	438.4	460.5	467.4	465.4	461.8	458.6	462.6	461.4	461.8	440.6	446.1	419.3	342	270.7	244.4	233.7	241.4	254.3	254.5	241.5	224.5	238.1	276.5	248.7	211.5	193.5	183.5	185.6	192.4	204.5	212	220.5	220.1	217.7	215.3	212.4	206.7	199.2	190.1	190.1	202	214	221	230	238.2	244.5	249.6	253.5	257.7	264.4	269.4	264.8	264.4	262.2	254.9	252.7	249.1	245.8	244.4	246.5	239.6	233.1	222.9	208.1	190.1	184.3	184.4	182	175.9	165.2	156.3	153.5	152.6	146.2	145.9	143.5	138.3	131.7	134.5	138.4	141.5	153.1	165.1	172.1	177.2	178.3	174.2	175.5	180	184.4	180.5	182.2	189.5	195.3	204.2	212.6	218.6	223.3	227.5	229.5	227.3	224.1	229.8	234.8	236	236.5	239	241.5	242.5	236.7	228.9	218.2	208	203.1	198.9	195.4	198.5	201	201	201	201	198.7	196.2	195.2	198.3	197.1	197.9	197.2	200	203.1	205.4	207.2	201.5	203.8	204.3	204.5	231.9	224.3	193.5	193.4	213.4	233.2	247.4	256.4	284.5	294.7	288.3	283.8	296	301.6	335.4	385.2	408.2	413	406.4	399.5	418.2	412.4	407.2	419	437.7	443.3	426.9	418.1	420.1	424.9	430.6	437.3	434	424.6	418.9	404	414	426.7	435.9	428.7
561	561	552.6	551.8	542.2	526.7	509.7	514.6	498.5	490.6	502.2	498.6	496.6	495.4	492.6	488.2	485.7	462.9	443.4	446.5	463.3	467.4	465.4	465.4	464.6	462.6	461.8	462.2	448.7	455.6	444.7	401	323.6	252.3	216.2	230.5	252.1	248.5	238.2	229.7	249.3	280.9	259.5	215	190.8	181.5	181.4	187.1	205.4	213	218.9	221.4	214.9	206.9	206.4	202	191.8	191	200.4	208.4	215.9	220.9	224.1	228.2	234.3	242.5	246.4	253.8	261.5	265.2	266.9	263.9	256.9	252.5	250.8	250.7	250.2	244.4	242.4	238.6	236.6	228.2	216	196.1	190.4	190	189	183.3	172.5	167.6	169.5	165.1	160.5	162.3	158.9	154	147.7	146.8	151.2	159	170.8	185.6	186.8	186.5	187.2	183.9	187.4	193.2	193.5	192.7	188.1	194.4	201.4	207.8	213.1	218.8	224.5	225.3	221.7	219.2	213.3	215.3	221.4	223.7	226.3	226.9	231.1	236.2	233.7	230.2	221.3	211.9	201.1	193.8	190.9	192.3	192.2	190.7	196	198.5	197.7	196.2	196.2	195.5	194.3	194.4	195.7	197.5	201.2	202.9	201.5	196.8	197.5	203.7	205.7	235	268.9	234.5	206.2	218.6	225.5	239.6	270.4	295.4	292.1	287.1	291.7	295.5	302.6	348.5	381.4	393.5	405.8	406.7	418.6	425	410.7	402	408.3	420.5	434.3	431.3	423.2	422.2	421.6	425.3	440	443.4	437.3	432.9	415.2	417.7	435.2	443.8	436.8
561	561	561	547.9	544.1	545.4	529.1	528.3	525	511.8	507.4	501	499.8	498.6	494.6	478.7	456.6	455.8	461	468.2	467.8	467.8	466.6	457	448.6	459.6	461.8	461	453.8	458.8	456.9	423	366.7	268.7	204	213.9	246.9	262.6	279.1	310.6	323.5	315.8	271.8	222.5	193.3	180.6	179	184.1	201.4	212.3	217.4	216.2	212	203.8	200.8	196.1	190.5	193.9	203.9	208.2	214	218.2	219.3	225.2	233.8	244	249.4	251.1	253.6	254.9	254.4	246.9	230.1	237.5	239.1	234.8	232.9	231.8	234.9	226.2	219.4	218.4	211.7	203.5	202	201.3	204.1	193.2	179.3	180.8	185.5	183.7	180.4	179.6	176.4	169	164.4	162.5	170.5	179.5	192.8	204.2	200.8	198.2	200.1	199.9	200.3	199.5	201	199.2	198.6	202.8	207.2	211.4	211.9	212	211.7	205	203.3	204.6	203.2	203.1	209.1	205.5	206.4	206.8	215.3	224.3	228.7	225.5	218.2	207.4	197.9	188.8	186.1	188.7	190.6	189.1	187.8	192.1	192.5	192.9	195.9	194	191.6	192.7	192.6	196.1	197.5	194.3	193.3	197.8	202	204.1	218.3	252.6	286.6	288.4	250.9	229.8	219.8	226.1	255.3	283.1	285.7	287.2	286.1	301.3	340.1	398.8	416.1	416.9	434.2	412.5	406.4	419.5	412.1	398.5	399.9	402.7	415.4	420.5	416.4	405.9	410.1	401.5	411.7	418.8	416.5	428.5	428.8	425.4	442.9	453.4	453.2
561	561	561	546.6	549	551	538.4	525.7	523	510.2	509.4	503	501.4	498.6	495.8	474.9	457.3	462.8	467.8	468.6	467.8	467.4	466.6	449.3	454.6	464.6	462.6	461.8	451.4	453.2	455.9	434.7	376.6	257.6	198.7	214.2	266.2	280.3	297.9	326.8	327.6	326.6	302	239	199.9	189	185.1	189.8	204.7	211.7	213.1	217.1	214.4	206.9	200.6	196	200.8	208.9	213.3	213.4	213.2	209.8	206.5	212.7	226.6	237.2	242.4	245	253.5	257.3	255.7	245.9	233.7	235.7	240.3	236.1	235.1	232.9	231.1	227.6	223.8	219.6	217.9	214.1	214.6	215.1	217.6	212.3	203.8	197.7	201	202.2	196.8	200.8	199.4	186.6	180.9	184.7	193.9	209.8	218.6	228.4	228.7	219.8	218	213.2	207.6	205.3	206.2	206.8	205.9	207.2	207.1	210.1	211.6	209.3	204.7	203.5	204	202.5	198.7	198	199.9	199.6	196.4	195	201.7	213.6	225	227.1	222.1	214	209.6	199.7	188.9	184.1	186	189.6	189.2	194.1	192.6	190.9	193.1	195.3	194.1	191.5	191.8	190.4	193.3	193.9	191.1	197.4	198.7	202.8	219.5	248.8	269.6	281.1	272	247.8	222.7	220.7	262	281.6	284.4	286.3	286.2	310.9	354.4	399.6	421	421	432.2	410.9	395.2	413.9	418.2	402.2	408.3	408.4	412.7	416	414.1	401	397.7	396.6	401.6	408.3	409.9	431.1	442.3	434.2	447.2	454.5	449.4
557.5	556.8	553	535.3	555.4	557	536	517.3	521.5	521.4	515.8	505.4	499.8	497.4	496.6	492.2	491	487.4	480.2	472.2	467.8	467.4	463.5	452.1	465	465	461.2	450.4	455.4	461	453.4	453.4	438	355.6	312.2	306.6	344.4	330.2	340.6	342.4	335.4	328	313.9	242.8	208.7	195.3	184.7	188.2	201.7	211.5	210.5	216.9	217.7	210.3	207.3	198.6	201	211.7	211.9	212.5	210.7	206.1	206.2	208.7	219.1	234.1	236.8	237.7	240	238.7	232.9	229.6	225.7	226.7	229.5	228.3	224	223	220.5	213.6	206	208.3	212.6	217.2	217.3	218	225.7	225.1	225.7	215.9	209.5	212.1	211.1	211.7	208.7	200.5	188.2	188.9	201.9	214.2	226.3	238.9	235.5	230.2	226.8	219.3	212.7	210.9	209.8	208.3	208	214.6	212.4	204.3	206.5	203	202.1	202.5	199.8	194.3	190.4	192.5	193.3	191.8	190.5	192.6	195.5	202.2	211.9	218.6	224.2	222.7	220.8	210.3	195.3	185.7	183	186.7	187.1	193.9	194.6	191.9	190.5	195.5	196.1	194.7	189	189.9	189.7	191.2	194.2	196	197.3	202.6	239.9	273	273.2	276.8	274.9	285.4	283.2	279.8	314.2	327.6	323.2	318.8	338	386.8	407	402.9	411.3	403.1	406.7	409.1	396	386.1	408.1	408.1	416.2	414.1	404.4	402.2	408.2	399.7	394.2	405.4	406.5	405.8	406	429.9	437	429.1	445.4	458.7	453.7
561	556.8	551.1	542.7	557.4	559	531.6	517.9	520.7	522.6	516.6	504.2	499.4	497	497	493	491	487.4	481.4	472.6	468.2	467.8	457.9	450.7	459.8	465	462.6	456.6	458.6	462.2	458.6	453.2	394.8	338	317.4	304.2	337	325.9	336.7	340.2	336.6	327.4	318.3	261.4	216.8	204.7	192.3	193	202.1	209.2	210.6	214.8	219.1	218.6	215	213.5	224.7	230.1	225.7	218.3	212.4	205	199.7	201.8	210	224.5	231.6	234.7	237.1	230.5	223	218.5	211.6	214.5	219.3	216.1	214.6	209.5	207.9	201.5	186.6	184.8	191	194	197.7	195.5	203.7	216.1	218.8	215.8	213.9	220.4	227.7	233	238.4	235.6	226.4	222.4	223.9	227.4	233.3	238.1	235.4	229.3	222.2	214	215.6	213.1	213.3	212.9	206.4	209.2	213.4	204.9	200.4	198.8	198.8	203	196.5	191.5	189.3	186.6	187.7	187.8	186.5	189.8	196	200	207.5	217.7	222.2	224.7	226.1	221.2	207.6	189.7	185.2	190.4	192.4	195.8	199.1	198	199.2	199.3	195	195.1	191.7	190	190.4	188.5	192	195.1	195.8	203.4	245.2	280.5	281.1	279.7	266	272.9	300.4	357.8	360.7	345.3	339.7	344.2	371	404.9	414	402.8	409.2	411.3	408.5	414.6	402.7	371	391.2	405.9	412.4	414	401.9	397.3	405.8	392.4	388	409.7	411.7	405.1	383.8	396.6	422.7	433.3	456.5	464.8	466.7
558.2	558.6	561	561	561	556.6	547.4	538.6	531.4	524.2	513.8	503.8	502.2	498.3	498.8	487.6	481	489.4	483.8	475	468.6	464.3	443	455.9	457.8	460.6	463	461.8	461.4	461	462.6	451.2	385	343.2	334.6	321.4	336	349.5	340.2	338.2	338.6	329.6	318.4	257.7	219.6	211.4	198.2	195.2	199.1	204.9	207.7	213.3	220.8	224.3	219.4	220.7	234.7	242.8	236	225.7	216.7	209.5	202.1	196.5	200.9	210.3	216.7	215.3	211.9	203.6	198.2	195	194.9	199.4	201.9	200.5	199	194.6	190.6	184.6	174.5	173.7	182.4	183.7	181.9	186.3	192.3	198.6	202.9	204.8	210.1	220.2	232.6	241.2	247.8	243.3	234.9	230.7	229.7	223.6	225.2	231.3	224.6	220.8	217.6	214.2	213.1	210.3	211.8	207.3	202.5	205.8	207.9	204.9	200.4	193.1	190.3	198.8	194.7	186.5	178.8	178.7	181.3	180.5	178.3	181	183.7	191.6	199.3	208.5	213.8	222	223.3	216	209.9	194	187	192.6	193.4	194.3	196.3	200.7	201.8	199.4	198.7	195	193.5	191.9	188.1	190.1	194.1	196.2	198.3	210.4	268.2	301.4	300.8	301.8	282.9	272.4	290.1	346.6	354.9	354.3	382.1	403.2	398.5	395.2	429.9	427.9	411.7	420.6	419.7	424	426	395.8	387.3	409.6	409.1	416.5	409.9	415.2	428.3	424.8	417.3	430.7	431.5	411.7	387.1	402.1	422.3	429.4	454	461.7	459.8
561	561	561	561	561	555.8	547.4	538.2	532.6	524.6	514.2	507	504.2	502.6	501	485.8	488.8	489.4	484.2	476.6	469.4	465.3	456.1	463.4	463.4	462.2	463.8	461.8	461.4	461	461.8	422.4	360.4	340.2	337.4	337.8	343	350.8	337.4	336.8	335.4	331	321.2	277.8	227.2	219.4	212.7	201.2	201.4	207	209	220.2	230.9	238	238.8	245.7	255.8	258.4	245.9	233.1	220.8	210.2	200.8	194.4	193.8	200.5	203.3	196.8	187.9	178.3	170.3	166.9	172.1	180.1	179	176.3	175.2	175.2	173	167.9	158.7	159.2	167.9	171	168.9	171.7	177	175	174.2	179.8	183.2	186.8	198.1	208.9	215.9	209.3	203.3	199.2	195.4	193.6	190.2	191.8	192.2	190.7	189.8	188.9	189.9	188.5	189.2	187.2	185.5	189.5	192.1	190.5	188.4	190.3	188.6	189.6	191.9	181.9	175.6	173.8	173.6	173.8	173.4	173.3	174	180.7	190.4	201	210.3	221.5	228.9	228.2	224	209.6	196.8	197.8	202.7	207	205.4	202.7	203.4	198.8	194.2	196.2	193.1	189.8	186.4	190.9	192.5	195.1	201.1	210.3	266.7	303.2	309.2	299.5	306.9	332.6	343.5	351.6	355.1	358.5	393.3	413.2	404	397.1	413.6	419.7	403.3	404.1	405.6	421.2	429.9	418.8	394.2	411.5	408	409.3	414.8	422.9	439.5	424.5	411.7	437.6	439.4	422.2	402.1	410.4	425.3	438.8	453.6	452.2	447.9
554	561	561	561	561	561	553.4	544.2	534.2	523.8	517	513.4	509.4	505	501	496.6	492.6	490.2	488.2	482.2	472.2	465.4	467.4	466.6	464.6	464.2	464.2	462.2	461.4	461	461	412	356	340.2	327.4	346	365	378.8	334.9	324.7	333.8	333.8	323.6	263.6	231.1	222.4	210.5	202.5	203.5	205.7	205.8	216	229.6	239.5	245.1	254.3	260.7	261.6	251.9	238.3	223.5	212.7	202	193	191.9	190	184.1	168.4	156.4	154.6	149.2	152.9	162.8	161.7	161.2	159.3	159.3	158	154.5	150.9	152.2	152.4	156.6	159.7	161.9	165.8	173	170.5	161.3	161.7	165.5	177.6	191.3	193	199.1	196.1	190.7	185.1	180.8	175.5	166.2	167.8	171.4	175	176.2	178.7	179.8	183	180.4	177.1	173.6	178.1	183	184.5	180	176	182.4	185.8	184.1	178.4	174.8	167.5	165.4	167.3	167.7	168.3	165.7	171.4	180.9	190.1	204.3	216.7	226.9	229.3	226.8	221.6	204.6	198.4	207.4	210.3	206	205.3	201.7	194.7	193.7	193.6	192.9	186.5	185.3	186.4	189.4	193.3	198.8	216.6	267.8	294	301.2	276.4	308.2	354.1	348	344.2	368.5	387.2	403.3	418.3	411.3	394.2	379	394.5	405.9	422.1	413.3	413.2	417.2	418.6	404.4	400	406.4	409.8	418	423.7	429.7	407.4	393.2	421.5	430.9	416.5	407.6	407.2	427.5	453.5	469.7	467	439.2
556.1	561	561	561	561	561	561	551.8	540.2	529	521.4	516.2	512.6	507.8	503.8	499	493.8	488.6	491.4	487.4	479	470.2	467.8	464.6	465.4	463.8	463.8	463.8	462.2	461	428.4	373.6	359.6	348.4	376.4	371.8	354.9	378.4	339.4	328.7	332	330.8	322.7	275.5	237.3	226.5	222.4	212.8	208.3	206.3	208.9	218.6	232.3	249.3	260.5	263.1	261.7	256.6	251.3	238.3	225.6	210.3	196.1	190.2	182.1	172.1	160.8	145.3	134.4	129.4	127.3	129.4	139	138.8	139.4	141.5	142.2	142.5	137.1	132.7	135.5	136.4	138.5	145.1	150.9	150.6	148.6	149.8	142	136.1	141	151.1	160.9	164.5	165.5	169.3	163.9	159.1	154	150.1	147.2	147.9	148	153.9	156	157.9	160.4	163.3	163.2	162.2	161.4	160.7	160.8	161.6	160.3	160	163.4	168.8	169.3	167.1	163.5	153.4	149.8	150.5	153.6	157.5	159.8	167.4	179.2	186.6	201.3	224.5	234.1	230.9	230.6	224.7	217.2	215.4	217.5	218.5	214.1	207.8	201.4	194.2	192.4	190.6	188.2	184.8	185.9	186.9	190.7	194.3	200	217.1	273	306.7	307.7	295.2	341.1	372.2	367.7	360.5	374.2	397.2	403.7	417.6	414.8	396.3	398	409.9	423.2	437.8	430	409.3	405.8	410.2	391.4	389.4	409.3	413.6	421.2	424	428.9	418.9	407.1	414.4	418.6	412.8	404.6	409.4	422.6	439.1	462.4	471.9	451
561	561	561	561	561	561	555.4	543.5	534.5	530.6	527	521.4	513	508.2	503.8	497	487.2	486.2	493.4	489.4	479	470.2	460.1	454.1	462.6	463.8	464.2	463	462.2	461.4	423.6	373.4	359.8	365.4	419	402.9	353.3	376.9	373.2	378.3	374.8	353.2	325.9	286.4	241.5	228.4	222.8	222.7	215.4	212	214.2	223.5	235	251.5	265.1	270.7	265.3	259.8	252.7	244.6	236.7	216.7	196.6	191.9	177.4	158.2	142.2	134.1	124.4	116.6	118.1	119.6	126.6	128.1	128.4	137.6	137.5	134	133.2	131.3	131.8	132.2	133.8	145.2	148.6	139.6	133	130.3	131.2	138.1	143.1	144.6	149.9	148.3	150.1	150.1	144.2	141.7	140.3	138.2	137	140.2	142.3	142.7	140.4	139.9	141.1	147.3	149.8	152.1	155.2	154.6	152.8	155.7	155.2	154.3	153.3	157.2	157.9	159.1	155.6	145.8	136.9	139.4	146.5	147.2	153.2	165.3	176.1	188.9	200.6	217.7	225.4	224.2	226.2	222.1	217.1	219.6	222.9	218.2	213.1	210.5	204.2	198.5	197.7	192.9	186.2	183.9	182.9	187.1	191.1	195.1	197.2	224	287.4	320.2	326.5	327.4	355.5	385.3	395.2	396.1	395	402.1	392.3	397	408.3	413.9	419.6	422.7	427.5	428.7	426.4	419.3	406.2	403.7	384	382.5	420.7	411.3	411.2	427.9	423.8	424.4	425.7	417.4	412.1	423.3	433.8	434	454.7	481.3	485.5	492	474.6
561	561	561	561	561	557.4	552.6	538.3	531.7	531.8	529	521.8	513	507	503.8	499.4	492.8	493.9	494.6	489.4	480.2	471	463.6	464.3	465.4	464.2	463.8	463	460.4	461.4	440	395.6	379.4	438.4	458.2	408.6	358.4	376.8	382.4	383.6	391.8	363.2	329.4	308.2	256.5	231.2	225.4	226.7	231.3	219.1	218.6	227.6	238.2	247.9	259.3	267.3	269.1	262.4	254.4	245.9	234.3	212.6	197	197.4	191.1	176.4	157.5	142.7	127.4	118.2	115.3	116.6	119.3	121.6	120.6	133.7	138.1	132.1	139.2	140.7	139.6	138	144	157.2	159	145.3	131.5	128.6	137.7	149.3	156.5	157.6	157.3	155.8	151.7	144.6	141.7	143.2	142.1	139.6	137.4	138	139.5	136.2	132.3	130.5	132.4	137.1	138.4	138.9	143.2	142.2	141.1	142.9	142.7	142	136.9	139.4	137.1	132.9	129.5	121.9	117.3	120.7	129.3	139.9	148.5	156.7	170.5	186.3	202.6	210.8	218.2	223.6	227.1	228.4	228.3	228.4	230.5	224	214.2	210.3	205	199.4	196.9	193.5	185.8	183.3	183	185.2	187.9	190.6	194.2	229.1	288.6	314.1	343.7	390.9	391.5	403.6	414.8	409.2	398.4	389.8	384.1	374.3	394.1	409.3	415.6	416.5	425.1	421.1	419.3	411.1	404.9	407.1	396.5	395.8	418.1	406	396.9	417.6	416.1	422.8	436.4	428.8	416.4	424	438.1	446.4	462.4	488.5	493.8	504.6	486.8
561	561	561	561	561	561	551.2	541.6	542.2	532.6	527.8	520.2	511	507.4	508.6	506.6	499.8	499	496.6	490.2	482.6	474.2	469.8	468.6	467	464.6	463.8	463.8	460.6	445.8	435.6	390.8	397.8	445.2	439.2	404.9	359.6	374	393	391.8	382.2	377.2	358.2	327.9	257.7	234.5	226.6	226.5	231.7	224.3	221.1	224.7	234.9	244.9	255.2	266	267.9	261.5	258.1	249.3	232.4	212.5	199.3	197.6	194.2	179.3	163.4	148.4	123.9	113.1	112.8	117.8	112.1	112.4	115.9	126.2	130.7	133.3	141.9	143.5	144.9	147.5	155.4	161.2	152	148.7	138.2	130.4	137.3	153.8	161.1	162.3	160	156	154.5	146.3	142	147.6	148.7	149.5	142	145.4	148.2	142	135.4	130.5	134.5	137	131.9	133.1	138.2	142.7	141	139.9	138.6	136.8	130.7	125.5	121.1	116.8	114.1	108	106.9	108.4	115.2	130.9	143.5	153.3	166.2	184	205.7	215	222	225.5	228.9	227.9	235.7	238.6	234.3	227.5	218.7	212	206	201.2	197	192.7	186.6	185	185.1	185.5	187.7	191	201.4	246.3	290.5	300.4	334	385.3	397.9	411.6	411.2	398.8	389.2	403.3	411.3	396.1	395.5	403.6	401.9	395.2	391.9	402.2	418	422.4	416.9	419.7	413.8	405.6	401.4	398.1	385.2	398.8	405.5	403.9	434.9	453.4	446.8	444.1	457.6	478.9	492	505.7	518	526.5	517
561	561	552.6	561	561	560.2	549.8	548.2	545.4	533.8	528.2	525.8	518.2	511	509.8	506.6	499.8	498.2	496.6	490.6	484.2	476.2	471	469.4	467.4	465.4	464.6	462.2	444.6	449	438.6	416.4	459.8	461.4	439	416.9	375.2	369.8	391.8	374.6	380.4	380	344.6	326.8	270	234.4	224.8	220.9	227.4	228.9	222.5	225.1	235.7	247.9	258.3	266.3	267	262.5	259.7	248.3	230.7	214.4	204.9	207.5	211.9	206.4	194.3	177.9	154.9	133.3	118.7	114.9	112	108.7	115.5	123.2	127	133	144	148.4	151.6	154.3	156.7	163.5	161.6	159	150.4	140.4	154.4	172.1	174.3	172.4	173.9	175.7	171	159	159.2	168.1	170	167.5	159.6	160.2	160.3	150.3	140	142	145.1	141.9	137.6	131.6	137.7	141.7	141.2	137.3	131.3	124.5	115.3	109.4	104.1	104.1	101.4	96.8	95	100.3	107	121.4	132.7	140.9	152.9	168.8	189.9	207.3	215.8	221.1	225.6	231.3	244	250.1	236.5	227.1	216.3	205.5	200.1	196.5	190.8	187.6	185.9	183.3	185.8	185	187	193.1	204.5	256.1	308.1	316.9	350.7	391.6	418.4	407.3	402.2	389.8	400.5	423.8	430	424.3	414	407.5	405.1	392.3	392.8	402	414.8	423.2	426.7	427.1	423.6	412.5	404.4	401.1	409.4	411.4	411.2	404.7	423.7	451.7	454.5	450	456.4	487.5	499	506.1	526.9	528.8	525.3
561	561	549.1	561	561	559.8	561	558.4	551.4	542.2	539	533.8	525.4	518.6	511.8	505.8	499.8	497.4	499.8	494.6	487.4	473.2	474.2	470.2	468.2	466.6	464.6	450.4	449.3	461.8	442.6	440	451.2	454.4	454.7	430.2	384.6	371	380	361	369.9	388.2	362.4	326.5	269.2	226.5	219.7	217	218.6	225.5	222.8	223.3	231.2	246.1	259.5	266.8	270.6	268.5	259.9	247	234	217.7	207.7	207	209.3	207.1	201.4	177.8	162.2	144.9	132	121.8	109.3	106.3	115.6	115.6	120.5	123.5	134.5	144.9	143.8	136.8	137.6	148.4	147.3	146.8	141.7	129.9	141.9	159.7	160.6	163.6	167.4	171.7	170.1	161.5	157.2	166.7	172.4	170.8	164.8	164.3	158.6	147.8	133.4	135.9	140.4	136.7	132.1	127.8	123.8	126.2	129.1	129.5	120.6	114	107.5	101.1	96.1	93.1	92.6	92.5	95.3	98.2	107.4	118.7	127.1	137.1	152.2	174.4	196.9	209.7	214.9	218.9	222.5	227.5	241.6	246.5	238.6	227.5	215.3	206.2	197.5	192.7	192.8	187.6	183.2	184.9	186.3	183.8	185.7	194.9	201.9	244.2	291	310.9	339.4	389.8	400.6	403.2	393.8	393.2	411.5	412.5	422.5	426.6	422.5	415.5	427.6	437.5	446.2	433.7	419.4	415.2	424.7	445.3	457.3	464.6	446.5	432.4	431.3	437.3	450.2	450	447.6	441	424.7	430	468.9	506.4	506.4	497.6	518.8	549.8	544.2
561	561	551.9	561	561	561	556.8	559.6	556.2	547.4	536.8	530.4	527.4	520.2	513.8	507.8	502.2	501	498.3	496.2	488.2	473	475.4	470.2	468.6	467	465	455.4	459.1	461.8	461.8	461	449.5	461.4	459.6	424.7	393	398	389.8	357.6	365.7	382.8	370.4	332.6	284.9	231.7	221.8	218.4	220.5	224.7	231.1	230.5	232.8	248.6	255.1	260.8	262.9	261.2	252.3	241	236	221	210.8	211.1	211.7	211.9	205.4	191.2	176.4	166.9	158	147.5	132.1	120.9	119.8	112.6	109.3	112.8	119.3	133.4	126.3	108.9	114.1	128.6	129.7	127.8	118.8	112.6	142.6	157.5	157.7	170.8	177.5	179.4	176.6	165.3	164.1	169.8	170.2	168.2	164	162.5	159.9	141	119.2	128.9	134.5	130.7	125	112.1	108.6	116.2	115.4	113.9	109.1	104.3	103.1	98.6	96.1	99.5	105.2	117	128.4	132.8	134.9	134.6	138.3	144.2	151.7	170.4	193	208.2	214	219.1	227.8	233.5	245.5	245.6	235.8	222.1	211	202.4	192.3	191.5	192.7	187.5	182.2	184.8	187.6	184.5	186.7	193.4	212.2	258.5	283.6	317.4	353.6	379	396.5	399.3	396.7	396.2	414.7	414.8	416.4	427.4	411.7	412.3	429.4	436.4	450.4	445.7	423.7	413.2	421.3	443.7	459.3	465.6	453.9	439.5	448.7	458	468.3	474.7	467.8	448.7	420.2	433.1	476.7	512	507.8	495.3	510.6	549.1	542.1
556.8	557.5	543.5	546.3	561	561	557.5	561	561	559	549	542.2	535.8	529.8	511.6	503.5	506.4	504.2	499.8	495.2	485.7	487.8	479.8	467.9	467.8	457.4	465.4	463.8	462.6	462.2	462.2	461.4	461.4	461	450	418.4	406.8	426	425.2	392.4	384.2	381.6	378.6	347.4	287.1	234	222.9	216.2	216	221.5	229.2	227.2	231.6	248.7	255.3	262.2	265.2	260	253.4	242.8	232.2	220.9	213.1	212.4	209.2	210.1	208	197.4	184.5	170.7	164.7	155.7	144.4	132.6	126.6	121.7	120.3	117.1	117.2	125	118.6	105.8	105.9	114.1	116.8	112.3	103.4	103.3	131.1	152.8	157.3	165.5	177.3	180.7	175.6	152.9	147.5	161	157.1	157.2	151.9	147.1	142.6	121	89	94.9	104.9	106.5	107.8	95.6	93.3	105.3	105	95.4	93.7	94.8	96	98.1	98.8	103.3	111.9	123.8	137	143.8	142.1	140.7	147.9	153	160.8	172.8	192.3	212.4	220.3	227.3	231.2	234.6	245	245.6	235.6	223.4	211.9	200.8	192.9	191.2	189.1	185.1	183.7	185.5	186	185.6	190.4	195.6	242.5	311.4	316.9	337.8	371.1	388.5	411.8	420	421.6	406	403.4	418.1	411.1	428.2	424.8	400.1	404.1	411.8	423.9	445	432	422.5	414.6	417.1	429	447.2	455.8	463.1	496.7	519.6	514.5	519.7	514.8	504.6	487.7	496.7	505.6	516.3	514.8	499.4	500.8	510	521.8
546.3	554.7	549.8	552.6	561	561	561	561	561	560.2	549.8	544.6	537.4	531	512.4	508.5	509.3	503	499.4	498.6	495.4	489.4	476.1	457.9	462.1	467.4	465.4	464.2	463	462.2	462.6	461.8	458.6	461	439	437.2	459	460.2	456.8	403.4	385.2	379.4	372.8	349.6	298.3	236.4	221	217.1	216.7	219.3	228	232.5	231.1	239.9	252.5	260.7	264.7	263.1	255.1	248.3	236	225.1	222.1	221	218.7	217.7	211.9	204.2	192.5	182.2	172.9	164.3	159	149.1	147.5	147.6	147	142.5	139.2	134.5	126.2	126.1	124.7	113.5	104.8	93.7	85.9	95	103.6	115	115.9	114.6	121.2	126.2	123	109	114.9	125.1	124	121.8	117.5	113.2	105	86.7	72.5	70.9	70.2	75.5	83.7	94.2	99.2	106.8	109.6	108.4	111.6	119.5	125.1	129.4	129.6	134.9	146.2	157.1	164	167.2	166.3	166	171.8	174.2	179.2	193	205.9	218.5	228.5	235.3	240	244.1	243.7	238.2	227.7	213.8	205.8	196.9	193.1	190.9	189.6	185.4	184.7	185.5	187.9	189.9	196.1	201.7	257.1	318.6	331.8	387.2	392.2	397.2	417.3	422.3	421.9	412.2	404.8	414.1	405.5	420.6	436.4	408	400.7	401.6	396.4	432.8	435.7	434.2	426.5	423.8	431.3	458.3	473	482.9	515.1	537.2	524.6	517.6	512.7	512.6	509.3	513.2	509.6	520.4	517.6	502.9	503.6	508.3	519
558.9	561	561	561	561	561	561	561	561	561	550.6	548.6	542.6	536.2	527	518.6	513.8	505.4	498.2	498.2	497	489.4	487	478.4	468.6	468.2	466.6	465	463	446.7	460.4	462.6	462.2	461.4	459	453.9	461.4	461.4	460.2	419	387.2	362.6	367.1	375.2	309.2	240.8	221	217.7	215.7	218.6	225.3	230.2	229.6	230.9	248.2	259.2	264.8	261.7	252.7	243.5	237.4	227.9	220.5	221.3	220.3	214.6	208.5	204.8	199.7	194.5	183.9	169.1	163.2	161.7	164.8	165.7	166.5	167.9	164.8	160.2	154.9	151.7	139.8	127.2	119.6	115.5	118.8	124.1	130.5	133.4	126.5	111.8	106.4	102.6	100.4	96.3	100.1	111.9	112	105.2	98.6	91.8	90.1	89.4	86.9	87.7	81	84	88.3	92.6	98	106.7	112.7	114.9	120.6	126.6	130.7	133.4	134.4	138.2	147.5	152.2	156.8	159.3	161.6	164.9	170.8	179.2	190.5	203.5	217.4	225.9	233.2	243.4	243.5	244.9	243.2	234.2	223.3	212.6	201.9	195.6	193	191.3	188.9	185.3	183	182.9	188	190.8	192.8	207	260.1	300.2	303.6	365.7	401.8	410.3	426.6	433.5	429.3	432.1	417.8	406.8	387.5	389.5	405	404.8	403.7	408.6	413.4	440.5	447.8	458.7	500.2	508.6	498.5	519.5	544.2	539.3	537.9	529.3	521.4	528.8	518.3	520.4	527.4	531.6	528.1	524.6	522.5	523.9	525.3	523.2	525.3
561	561	561	561	561	561	561	561	561	561	548.5	549	543	536.6	527.8	521.4	515.4	507.4	498.6	495	495.8	493	489.4	483	473	468.6	466.6	464.6	464.2	457	455.3	462.6	461.8	460.2	459.8	459.4	461	461.8	461	438.2	387.6	372.3	363.7	369.7	355.2	294	233.4	221.5	217	218.7	223.8	223.7	226.2	233.5	244.6	256.3	259.3	256.6	247.2	240.6	235.6	229.1	220.3	226.1	225.5	220.7	217.6	213.3	212.2	206	198.5	185.2	175.7	170.8	170.6	170.1	172.9	172.9	172.1	170.7	168	169	167.6	158.9	152.3	153.1	160.4	163.1	167.3	164.9	157.8	151.6	140.1	133.7	126.7	121.7	124	130.3	131.6	128.2	125.3	126.4	127.3	123.3	126.8	126	122.9	116.3	116.2	122.6	122.5	122.6	125.7	127.2	128.6	133.9	138.4	143.5	152.8	159.2	163.8	161.8	160.3	157.7	163.8	171.4	178.2	186.7	197.9	208.5	218.5	231.5	242.1	250.1	252.4	248.8	238	225.6	214	205.2	199	191	187.6	186	188	184.2	181	183.4	184	187.4	193.3	213.1	243.2	275.9	315.3	355.8	380.9	419.7	433.3	435.8	429.2	430	425.7	414	399.6	394.9	401	408.6	410.4	421.7	445.1	461	475.3	475.2	512	539.5	533.9	518.3	525.1	541	533.5	523.2	502.5	502.3	526.3	525.3	525.3	529.5	533	525.3	519	520.4	523.2	518.7	518.2
561	561	561	561	561	561	561	561	561	561	554	561	549.8	538.6	534.2	530.6	522.6	512.6	501.8	497.4	499.8	499.8	495.4	490.6	481.4	471	467	465	464.6	463.2	463.8	462.6	461.4	454.7	449	448.6	460.2	461.4	461.4	453.8	391.1	358.7	368.6	360.9	338.3	273.8	219.9	214.6	211.2	210.7	218.9	226.2	231.1	232.6	240.8	250.4	257.2	255.4	248.5	244.7	236.4	226.8	218.1	220	220.3	218.5	218.9	219.9	221.1	218.8	216	202.5	191.1	187.9	185.4	183	183.1	181.7	176.8	173.2	168.2	166.7	166.8	168.4	172.9	177.3	182.6	181.1	171.8	170	165.6	160.2	157.6	153.3	150.9	151.9	151.5	151	152.3	148.3	152.3	154.7	156.1	158.1	150.7	141.5	137.9	136.4	134.1	137	137.6	134.3	134.1	131.6	133.5	138.7	143.9	152.5	164	172.4	177.2	179.8	182.6	180.9	181.4	180.6	186.1	197	206.6	216.7	223.4	234.6	246.2	251.6	249.1	251.4	240.1	224.8	214.8	207.5	198.4	191.2	188.4	189	187.5	182.8	183.3	184	185.9	190.4	194.3	244.6	309.6	322.8	347.2	380.9	403.3	420.3	430.3	431.8	416.9	420.2	428.1	419.5	413.1	422.7	445	460.9	483.2	506.1	515.7	525.3	523.9	527.4	537.9	541.4	549.8	548.4	521.8	518.3	514.1	510.1	503.7	506.9	523	528.1	528.1	525.3	527.4	528.1	509.6	504.5	522.5	523.7	510.5
556.1	561	561	561	561	561	561	561	561	556.1	552.1	557.4	556.6	540.6	534.6	531	523	513.8	505	490.6	494	494	496.2	490.6	482.6	473	468.2	465.4	458.3	464.2	463	462.6	459.6	455	456	454.4	460.2	461.4	459.3	450.2	407.4	372.1	371.7	355.8	349.1	294.8	230.6	214.4	210.5	210.6	213.6	220.5	232.1	235.4	238.4	245.5	247.1	249.5	248.7	247.1	242.8	231.1	221.3	220.4	220.1	220.2	223	225.3	225.7	225.5	220.7	208.1	201.7	199.1	195	191.2	188.5	186.6	178	167.6	162.8	162.7	162.3	166.6	172.7	177.7	187.1	189.3	182.5	179.7	177.9	173.5	173.3	179.9	183.8	186.6	184.2	182.3	180.5	182.6	185.7	185.5	188.5	194.6	185.8	176.9	166.9	153.5	146.8	148.3	142.3	137.4	135.4	133.5	137.8	146.8	158.8	167.4	177.9	183.7	184.3	188.2	191.6	192.8	192	187.7	190.3	197.2	207.8	217.4	225.6	231.8	241.9	252.1	246.3	240.4	230.5	220.9	214	204.2	195.9	186.5	182.7	184	185.8	183	181.8	182.9	185.1	190.9	197.8	253.7	324.4	349.5	397.8	399.1	403.9	413.3	427	423	417.2	417	410.9	418.3	420	436.9	473.7	492.6	506.3	518.3	519	516.9	521.3	531.3	539.2	527.6	542.8	554	529.5	514.8	512	507.1	512	522.5	523.9	521.8	523.9	527.4	522.5	523.2	512.7	505.5	520.9	526.1	519.5
556.8	561	561	561	561	561	561	561	561	561	558	561	561	551.4	541.4	534.6	529.8	524.2	518.6	508.2	504	504.4	503	495.4	487.4	479.8	463.3	446	459.1	462.2	462.2	462.6	447.8	457.2	459.8	459.8	461	458.6	446.3	455.6	421.4	385.8	357.7	367.6	372.1	322	243.7	215.6	207.6	206.7	213.9	222.3	230	233.1	235.3	242.9	246.1	251	252.2	252.8	245.3	232.8	224.1	222.7	221	218.3	223.1	228.8	230.7	233.5	232.5	222.2	214	213.4	210.3	208.1	199.9	191.9	176.5	161.2	151.9	148.7	143.8	140.1	142.2	146	147.6	146.7	153.8	154.1	156.2	156.3	156.7	163.8	172.6	177.4	177.4	172.5	171.4	173	179.3	185.8	188	187.1	180.8	176.2	167.1	156	149.3	148.2	143.9	138.6	140.7	143.5	147.6	161.9	176.7	184	190.7	198	200	204.1	204.4	206.2	209.2	207.6	202.8	202.3	208.4	219.7	227.6	236	243.8	251.5	248.6	237	229.1	221.2	213	205.2	197	190.9	186.2	184.8	185.4	183.8	185	189.4	191.8	195	213.2	278.2	322	344.9	394.6	405.5	392.8	420	425.5	415.8	422.8	434.6	444.3	443.3	456.2	502.2	534.4	522.5	507.7	508.5	514.1	509.2	506.4	516.9	519.7	505	502.2	523.2	524.6	519.7	530.2	526.7	524.6	536.5	528.8	518.3	508.5	504.3	507.1	506.4	507.1	511.3	514.1	514.1	528.1
558.2	561	561	561	561	561	561	561	561	561	561	561	561	555.4	544.2	536.6	533	528.6	522.6	515.4	511.4	509.4	504.6	497.4	488.6	482.6	457	448.6	465.2	459.8	464.2	458.4	437.3	450.2	460.2	461	461	452.6	444.9	459.8	437.6	402.3	367.6	367.8	367.8	336.1	270.5	218.5	209	204.8	209.1	218.8	225	232.6	235.6	238.4	242.6	248.3	249.2	253.4	249.6	243.1	238.1	235.4	234	227.6	224.9	229.1	234.5	235.9	233.6	228.3	220	219.3	220.3	218.2	207.3	195.3	179.3	165.3	155.7	149.4	142.6	135.5	130.5	133.3	127.4	124.3	129	128.6	129.1	131	135.4	142.7	147.4	154.1	157.9	154.1	149.5	147.5	150.4	155.1	154.4	155.9	155.2	150	147.2	145	143.8	142.7	140.1	140.7	146.9	154	158.7	169.4	179.6	188.4	196.5	201.9	205	205.4	207	210.7	210.8	209.2	206.5	205.6	211.8	219.4	228.4	238.4	244.4	249	243.7	230.5	223.6	214.3	208.7	199.5	191.2	188.3	183.3	181.1	181.3	181.2	184.4	187.9	192.5	194.5	218.5	280.2	308.6	331.5	387.6	408	409.1	425.7	430.6	419	427.8	449.5	460.1	458.8	476.3	516.1	528.8	520.4	503	507.8	509.9	508.5	503.6	507.8	514.1	511.3	504.3	519.7	523.9	519.7	532.3	532.3	530.2	533.1	531.6	523.9	510.8	502.2	506.4	506.4	506.4	513.4	520.4	513.4	525.3
557.5	561	561	561	561	561	561	561	561	561	561	561	561	554.7	547.8	530	534.2	534.2	529.8	524.2	517.4	513	509.4	505.4	501.4	485.7	471.9	474.2	468.2	466.6	460	448.4	456.3	461.4	461	461	461.4	449.8	455.3	443.4	420.6	389.5	358.2	366	364.9	355.8	300	232.3	208.8	201.4	206	213.6	223.3	231.9	237.2	246.4	248.6	250.3	247.4	248.6	248.5	245.9	241.4	237	233	226.9	225.8	229.7	239.8	246.3	242	235.2	227.3	228	228.8	220	207.5	196.2	180.9	170.1	162.3	154.7	145.4	136.6	134.6	131	125.3	121.5	122.6	125.7	127.1	130.3	136.3	138.4	143.9	144.9	145	143.7	139.1	136.2	137	143.1	145.6	145.6	148.1	148.2	146.8	144.7	145.3	148.5	149.6	156.6	167.7	170.4	175.2	177.1	184.8	194.6	199	206.1	210.6	208.9	209.2	208.3	209.2	209.8	211.6	216	219	222.6	227.8	236.5	242.2	241.3	231.7	227.6	222	212.9	203.8	193.2	185.3	181.3	178.4	179.2	175.7	178.9	184.3	188.4	190	194.5	245.6	284.5	295.7	346.9	379.6	412.2	414.3	427.8	446.2	439.4	452.1	491.2	509.5	529.1	535.2	520.2	523.8	525.3	521.2	518.9	514.1	505	511.3	514.8	513.4	521.8	514.1	506.4	511.1	503.6	514.1	517.6	519.7	516.9	518.3	530.2	528.3	523.9	520.4	523.9	522.5	520.4	526.7	517.6	509.9
559.6	561	561	561	561	561	561	561	561	561	561	561	561	553.3	549	537.4	535.8	536.2	531.8	526.6	521	516.6	511	507	505	486.4	484	476.6	469.4	462.8	457.6	463.2	463	461.4	461.4	461.8	460.6	441	432.7	414.2	371.7	351.3	355.9	366.2	371.5	355.2	318	248.7	211.9	204.8	203.8	211.2	220.8	228	232.9	243.5	244.8	246	247.7	245.4	247	248.5	244.2	242.3	235.3	233	232.4	229.7	238.6	245.1	241.9	232.7	224.5	228	229.3	223.9	209.6	197.2	187	179.3	175.1	167	156.5	144.2	135.8	127.6	121.2	119.5	120.9	121.3	122.4	125.9	128.9	130.5	130.7	131.3	131.9	133.7	133.4	130.6	130.5	136.3	139.4	141.5	144.7	144.9	145.1	145.4	147.9	153.4	159.4	166.3	174.4	178	181.8	186.4	194.7	198.5	200.3	207.1	211.8	208.8	209.3	208.7	204.6	210.6	218.6	220.5	219.9	223.2	227.6	229	232.9	231.7	229.4	222.6	211	203.8	196.6	186.8	182.8	179.9	178.2	179.2	176	176.7	183.4	186.3	189.7	198.8	254.5	288	331.9	368	380.7	413.1	412.9	428.2	447.1	445.9	469.1	510.3	528.9	539.8	539.7	525.5	524.1	527.4	525.7	525.3	519	509.9	513.4	516.9	512	517.6	513.4	502.4	499.6	508.4	508.5	512	516.9	516.9	517.6	528.1	533	523.2	516.9	516.9	516.9	514.8	520.4	514.1	504.5
561	561	561	561	561	561	561	561	561	561	561	561	561	561	561	554.2	550.2	547	545.4	534.6	531.4	526.6	523	517	511	503.6	496.2	488.2	474.2	463.4	467.4	465.4	463	461.6	460.5	460.8	454.8	449.4	447	408.6	363.6	348.2	363.8	376.4	369.6	360.8	332	312	252.8	212.3	208.4	209	214.1	223.4	232.6	240.2	238.6	239.4	241.7	248.2	252.1	248.1	245.4	246.9	241.3	241.1	238.8	231.2	236.4	239.2	243.3	240.1	233.5	230.9	228.7	222.5	215	206.2	197.5	189.4	185.1	180.9	176	166.8	153.9	142.4	132.8	128.8	126.7	123.2	126	128.3	128.6	128.2	129.8	132.2	130.9	132.5	134.2	133.9	131.7	133.6	136.6	142	144.2	145.3	148	150.8	155.7	161.7	171.1	177.2	183.4	184.2	187.3	194.9	203.3	202.7	202.8	206.5	209.8	208.4	210.7	208.7	203.7	209.2	218.1	219.9	223.4	226.6	229.2	229.3	228.1	225.6	223.5	215.8	207	198.2	192.3	183.7	178.3	179.2	179.3	177.2	178.6	179.4	183.1	187.3	192.8	217.8	256.2	286.8	335.3	366.2	393.1	422.6	436.6	434.5	421.4	427.4	473.5	514.8	526.7	534.4	527.8	512.1	516.9	519.7	516.9	522.5	521.8	514.9	526.6	542.8	532.3	522.5	525.3	523.2	517.6	517.6	519	524.6	533.7	542.1	537.9	526.7	523.2	519.7	511.3	505	502.9	502.2	499.4	500.8	505.4
561	561	561	558.2	558.6	561	561	561	561	561	561	561	561	561	561	561	554.6	537.9	548.2	534.6	524.8	522.3	526.6	523	516.2	507.4	501.8	493	479	466.6	467.8	465.4	461.7	451.2	462.6	462.6	463	461.8	460	432.8	399.2	381.8	371.8	371.6	371.4	367.2	335.8	310.8	245.3	210.5	210.9	211	215	222.9	230.6	237.7	235	234	240	248.6	248.4	251	251.3	243.9	243.6	245.8	245.2	241.4	238.7	235.6	239.8	240.6	235.8	229.2	225.2	222.3	215.8	207.1	203.1	196.9	187.5	182.2	180.1	174.7	164.3	151.4	144.4	142.8	138.8	134.3	136.4	134.7	135.6	136.9	136.5	137.9	137.8	138	140.4	137.8	136.6	138.7	142.5	146.9	150.6	156.5	159.8	161.7	167.7	172.3	177.6	184.8	190.1	190.4	195.4	203.6	207.6	206.5	206.2	211.4	211.7	208.5	209.3	208.3	208	213	219.1	218.5	222.3	225.4	225	229.5	226.4	220.9	214.8	204.1	196.3	191.2	183.7	180.6	177.1	176.7	179.6	177	180.2	181.1	182.7	191.3	194.6	233	279.1	328	375.7	373.1	410.1	432.1	442.9	442.3	430.5	439.2	480.9	514.1	525.3	533.7	537.9	523	514.7	518.3	514.8	519.7	521.8	518.5	530.2	545.4	537.2	528.8	529.5	527.4	521.8	526.7	524.1	509	533.6	548.4	532.8	523.8	528.8	525.3	514.8	512.7	514.1	509.9	505	505	500.4
561	561	561	561	561	556.8	549.8	561	559.8	561	561	561	561	561	561	556.6	557.4	561	558.2	555.4	546.2	540.2	535.8	533.4	527.8	517.4	506.6	498.6	487.4	478.2	471.4	469.8	470.6	468.6	467.4	467	465	464.2	464.2	451.2	421.4	408	384.8	370.2	377	374.4	357.6	322.4	278.9	219.9	209.3	206.6	215	221.8	226.3	227.4	224.9	227.8	238.3	245.8	248.1	251.9	255.1	248.5	249	248.4	247.9	244.8	242.1	237.8	239.4	238.6	237.9	230.7	222.1	218.5	216.4	210.7	208.6	206.7	199.3	187.8	178.8	177.5	173.5	164.5	159.8	156	154.6	156.2	156.4	155.8	155.6	155.1	152.5	149.9	147.9	148.3	147.8	146	148.8	151.8	155.9	161.6	165.1	169.7	176	179.3	183.7	187.4	187.7	191.7	194.5	204	211.5	212.7	210.3	208.9	208.9	211.5	214.4	211.4	210.7	207.3	209.2	212.5	212.4	213.2	218.1	220.8	222.4	227.7	224.8	219.5	211.4	200.6	195.5	190.6	181.4	178.5	176	175.2	179	178.9	180	179.4	184.5	189.7	218.9	263.7	282.2	342.2	397.3	411.4	440.4	435.3	435.7	459.5	471.7	462.3	493.8	527.4	527.4	537.9	551.2	545.8	535.3	526.7	512.8	508	501.5	498.1	509.2	521.8	536.5	541.4	536.4	526.9	519	516.9	519	499.4	500	520.4	522.3	516	522.5	527.3	520.2	525.5	530.7	528.6	519.7	512	506.6
561	561	561	561	561	547.7	544.9	561	561	561	561	561	561	561	561	561	561	561	561	558.2	551	544.2	538.6	537.4	531.8	520.2	509.8	498.2	488.6	482.6	474.2	471	471.4	473	462.2	469.8	467	465	464.6	427.8	395	371.8	348.2	371.4	385.8	376.2	366.6	332.2	308.8	242.3	207.8	208.8	213.1	218.1	221.5	226.3	222.9	227.2	235.3	242.3	243.4	247.4	251.2	252.4	250.2	251.1	249.8	245.2	243.3	243.6	243.2	237.9	235.8	233.2	224.6	220.5	217.4	205.9	206.2	207.9	204.7	195.5	182.8	176.3	175.2	173.2	170.7	170.4	168.6	169.4	172.6	174.9	176.2	173.7	170.2	164.4	161.6	162.6	161	162.6	165.3	166.8	173.5	178.4	177.9	175.8	178	180.8	181.4	186.7	188	189.6	195.6	206.1	211.9	211.3	211.5	210.4	209	210.7	213.1	209.1	208.5	211.4	214	213.9	211.1	211.4	212.1	215.7	220.5	222.4	219.5	212.6	206.5	197.6	192.9	187.2	179.2	175.6	172.3	174.7	176.8	181.6	180.9	179.4	185.4	191	223.5	267.8	308.5	364.8	402.4	425.6	448.2	436.5	420	451.8	477.3	471.7	496.6	532	533.7	534.4	542.9	540.2	534.6	528.1	517.6	511.7	502.9	495.2	508.5	516.9	526.7	534.4	532.7	521.9	519	511.3	511.1	509.2	506.4	514.1	521.8	518.3	525.3	524.6	517.6	524.6	531.6	532.3	522.5	513.4	511.3
561	561	561	561	561	558.9	558.2	561	561	561	561	561	561	561	561	561	549.8	561	561	561	561	559	553	550.6	541	528.6	520.2	513.8	505.8	499.8	496.2	491	494.2	477.3	470	486.6	475.4	471.4	467.8	427.6	396.2	380.4	362.8	379.2	395.8	380.6	378.6	368	322.6	271	220.6	208.7	211.2	217.6	217.9	224.2	220.9	219.1	230.8	240.2	246	247.3	252	253.7	253.1	251.6	250	251.1	250.2	248.1	245.7	242.8	241.1	237.8	232.7	229.4	222.3	214.5	210	208.6	210.6	212	203.4	194.5	183.6	179.3	180.7	183.4	184.2	182.2	183.3	185.5	186.6	183.9	182	179.8	178.8	181.2	181.8	180	179.1	180.7	184.4	191.5	191.8	189.2	192.1	192.4	190.3	193	199.1	205.9	218.8	225.1	220.7	215.4	215	213	213.3	211.7	214	212.4	210.6	212.9	214.8	213.6	214.1	212	212.8	217.6	218.6	217.5	213.8	209.1	202.7	199.2	195	186.4	181.7	177.2	175.9	175.9	176.1	176.4	178	177.2	180.4	197.6	249.2	288.5	329.5	379.6	424	451.4	447.7	440.6	425.1	442.5	453.1	457.3	470.2	482	481	478.4	485.8	487.8	496.7	503.3	501.4	501.5	489.1	493.6	536.4	533	507.8	507.1	525.3	529.4	523.9	519	516.2	525.9	516.9	516.9	529.5	528.1	533	524.6	508.5	514.1	517.5	511.3	511.3	509.9	511.3
561	561	561	561	561	561	561	561	561	561	561	561	561	561	561	553.3	549.1	561	561	561	561	561	555.4	551	538.7	533.4	527.4	518.2	510.6	507	503	501	496.8	481.4	479.7	490.6	481	475	466.7	454.3	462.6	453.4	447.6	418.4	411.4	392	378.4	374	330	294.6	251.3	213.8	209.2	217	220.9	225.4	224.3	218.8	223.5	236.1	241.3	243.3	250.8	252.4	250.9	251.6	249.9	250.1	251.5	250.9	250.2	246.4	243.9	236.3	233.9	230.8	222.7	215.3	208.6	207.1	206	212	215.4	205.9	195.4	193.7	191.8	197.2	201.6	201.3	195.7	189.2	188.5	185.6	183.5	184.1	184.6	184.1	185.7	187.3	188.2	187.1	188.9	190.1	193.7	195.5	199.1	200	198.1	202.5	205.6	214.5	227.5	227.1	221.5	221.6	220.1	215.9	212.9	210.7	210.2	211.5	213.4	213.2	208.2	210.9	212.6	210.6	212.7	214.7	212.4	207.8	205.4	203.1	198.6	194.6	190.6	184.5	183.2	177.9	177.9	176.8	174.2	174.9	178	178.4	183.4	200.5	250.4	327.3	389.1	408.1	438.3	464.1	453.1	457	444.1	434.8	444.5	439.9	456	458.4	452.4	450.6	457.3	464.4	476.2	483.1	481.8	464.8	459.1	472	514.4	526.8	514.9	512	509.1	533	523.9	519	517.8	526.7	518.3	517.6	534.4	529.5	528.8	525.3	514.8	514.8	515.7	509.9	512	508.5	509.2
561	561	561	561	561	561	561	561	561	561	561	561	561	561	561	551.2	561	561	561	561	561	561	553.3	545.5	552.6	555.4	549.8	542.6	538.2	532.6	528.6	505.4	510.2	515.6	509.3	508.2	504.2	490.6	466.9	462.8	467.4	465.4	451.2	442.4	428.4	410.8	391.8	380.2	348.7	312.1	294.1	238.7	210.8	215.3	223	226.1	219.2	218.2	225.1	230.9	236.5	241.6	242.3	243	244.1	249	249.8	250.7	249.3	251	251	246.3	241.7	239.9	235.7	233	228.1	221.5	217	214.2	213.7	213.1	216.6	223.4	225.5	218.6	214.3	215.1	223.7	228.9	227.4	219.2	212.6	214.2	218.8	221.5	221.6	222.7	224.4	224.6	217.2	212.5	214.5	214.1	214.7	219.1	222.6	221.1	222.6	223.6	234.5	239.6	237.2	232	221.1	224.8	221.8	219.2	214.8	212.8	210.4	211.1	213.6	210.7	207.2	210	211.2	209.9	211.6	211.1	209.3	206.7	205.1	205.4	201.7	195.7	189.7	187.8	183.6	178	177	177.6	176.7	174.7	180.6	184.9	193.7	214.5	268.6	329.2	374.1	428.3	461.9	476.3	469.4	463.7	455.1	451.8	449.2	438.1	431.8	443.4	442.5	449.2	459.4	466.5	464.1	468.4	472.3	460	430.4	426.6	437.3	453.4	460.5	470.1	477.7	478.8	497	510.6	521.8	523.9	521.8	516.9	522.5	522.5	512.7	509.9	521.8	521.8	513.4	512	522.5	516.9	500.3
561	561	561	561	561	561	561	561	561	561	561	561	561	559.4	561	556.1	561	561	561	561	561	561	551.9	552.6	561	558.6	551.4	546.2	542.2	536.6	525.1	503.6	521.9	523.8	517	511.4	508.2	495.8	466.3	468.3	468.6	465.8	448.6	429.6	417.6	410.2	391.8	379.6	357.5	316.3	302.9	274.8	229.2	216.4	226.5	228.3	218.4	216	223.1	229.4	233.1	238.3	241	239.9	241.5	245.1	247.2	247.3	245.6	250.9	252.5	244.9	241.9	241.7	239.9	231.7	227.8	221.3	217.1	214.7	211.3	210.9	216.6	223.4	231.2	230.5	226.2	222.1	227.6	231.9	233.3	229.5	224.8	227.5	232.2	233.4	236.9	239.5	243.5	246.4	241.5	234.8	230.7	224.1	224.6	231.4	235	233.4	230.2	234.5	243.6	245.8	241.5	234.6	229.1	227.9	221.8	217.7	215.4	212.8	214	217.4	217.3	212.9	210.9	211.9	212	210.5	207.7	202.4	196	197.2	198.9	197.3	196.3	194.2	191.3	190.4	185.4	177.5	174.9	174.4	175.3	174.1	180.2	187	197	218.3	313.7	390.2	403.8	445.8	466.4	469.9	465.5	460.4	461.8	460.7	445.3	434.5	424.8	443.6	450.8	456.7	450.5	463.1	462.9	465.7	473.7	459.1	443.6	436.4	434.9	442.5	446.8	457.4	458.1	462.7	482.2	499.5	512.5	526.7	528.1	523.9	519.7	517.6	497.1	499.2	511.3	516.9	513.4	512	520.4	516.9	505.5
561	561	561	561	561	561	561	561	561	561	561	561	559.6	561	561	561	559.8	561	561	561	561	561	561	561	561	561	561	553.8	547.8	545.8	538.8	533.2	537.4	532.6	528.2	524.6	520.2	515.4	503.8	491	483	476.2	468.4	447.4	422.6	418	404.2	385.4	382.4	356.2	318	324	304.6	239.9	221.7	221.4	215	214.6	216.2	225.5	233.1	237.3	243.3	242.2	239.2	248.2	250.8	249.2	250.5	248.6	251	252.3	250.5	247.5	242.6	236.5	235.3	230.8	220.6	218.1	218.4	220.8	223	227.2	235.8	240.7	241.9	249.3	251.2	255.3	261.9	263	268.2	265.1	263.4	265.6	263.4	259.8	268.7	270.6	265.2	264.8	264	257.5	253.4	254.5	251.9	246.7	246.7	250.9	252.1	251.6	243.6	234.9	231.5	226.3	221.1	219	218.5	220.2	221.1	224.6	226.8	218.6	215.7	215.2	215.2	212.3	210.6	202.2	195.5	197.1	195.9	196	193	192	192.9	191.1	187.7	180.8	178.2	174.5	171.4	172.7	184	200.3	204.4	232.6	346.4	409	439.5	477	470.8	453.8	451.4	449.4	449	463.2	448.2	439.5	434.7	449.2	461.5	452.4	438.7	444.1	448.7	443.2	450.4	461.6	464.5	471.3	481.5	479.3	471.5	465.8	463.4	463.1	472.4	467.8	466.4	463.7	483	497.1	497.7	509.1	498.5	497.5	516.9	528.1	537.9	536.5	522.5	517.6	512.7
561	561	561	561	561	561	561	561	561	561	560.2	551.9	553.3	561	561	561	561	561	561	561	561	561	561	549.6	546.6	561	561	553.4	551.4	551.8	547	542.6	537.4	533.4	531.4	525.4	522.2	517.4	501	492.2	484.6	475.4	471	447.6	424	418.4	409.8	399.8	390.4	361.7	323.2	325.6	325.2	275.8	232.8	221.3	212.9	214.3	219.2	232.5	233.6	235.6	240.2	240.1	243	248.4	250.1	252.9	255.7	252.1	255.4	258.4	258.5	253	247	240.6	234.4	233	226.4	221.8	220.4	224.8	231	231.3	234.9	242.2	248.2	255.7	257.3	261.2	263	263.5	266.7	272.6	272.4	271.2	271.6	265.7	269	269.4	267.8	268.4	267.8	267.9	264.4	260.6	256.8	252.7	248.7	246.5	246.3	247.4	237.7	233.2	231.7	226.9	225.1	222.2	220.8	222.6	226	230.5	228.7	223.2	213.5	211	207.7	202.1	202.2	196.2	191.6	191.9	191.4	189.6	190.8	191.6	192	187.5	183.3	179.2	174.1	170.6	171.5	176.5	188.9	199.6	213.9	283.1	370.7	409.1	450.3	485.6	466.5	455.1	459.7	457.4	453.6	463.1	466.2	454.2	451.7	445.9	450	449	434.9	448.3	456.3	451.3	457.7	465.2	467.1	466	483.9	486.7	477.3	462	461	448.2	459.9	463.9	443.6	440.3	456.1	473.6	488.6	509.9	512	514.6	523.8	537.9	554	551.2	532.3	523.2	517.6
561	552.6	558.2	561	561	561	561	561	561	561	561	558.2	561	561	561	561	561	561	561	561	561	561	561	544.8	552.6	561	561	561	561	561	561	561	554.6	549.8	547.8	545.4	543.4	544.6	523	512.6	511.8	501	490.6	453	435.8	428.4	423	407.8	411.2	397.8	358.1	341.4	336.6	323	280.5	231.1	216.5	215	217.6	224.3	226.9	233.4	242.9	246.6	249	251.1	252.1	252.1	255.8	255.5	258.3	262.7	264.4	263.2	258	251.1	245.5	245.6	241.6	236.6	236.5	238.4	236.9	238.4	240.7	245.7	252.6	266.8	272.8	282	279.1	275.9	271.4	269.9	273.7	271	265.8	266	268.4	268.7	272.3	273.4	276.6	281.6	274	265.6	259.9	249.7	239.6	238.7	238.7	241.6	240.8	231.5	230.2	232.7	231.2	233.2	230.2	225.2	231	234.1	230.1	223.9	216.6	212.6	207.4	202.9	201.1	198.6	196.9	192.9	192.9	191.4	189.9	189.4	190	188.1	183	175.7	173.5	174.1	178.4	187	195.8	198.4	222.4	292.5	362.9	400.3	448.2	462.7	461	467	475.6	471.6	461.1	457.6	456.2	447.6	461.7	470.2	477.6	458.2	451.3	466	471.1	464.7	465.5	457.7	450.5	447.2	448	449	461.1	464.4	457.3	442.1	449.6	447.7	422.3	416.3	436.8	451.8	466.4	471.5	482.6	503.4	520.2	542.1	556.1	540	540	539.3	530.2
561	558.2	561	561	561	561	561	561	561	561	561	561	561	561	561	561	561	561	561	561	561	561	561	561	561	561	561	561	561	561	561	561	561	554.2	531	545.6	555	553	533	521.8	522.6	513.8	473.6	446	442.2	432	424.6	416.3	425.8	408.3	369.6	345.4	335.8	321.2	283.4	234.5	221.1	217.4	215.1	217.8	223.1	228.8	236.7	243.9	246.8	250.2	254.3	254.5	257.1	257.1	258.3	263.9	270.9	273.6	272.2	265.1	255.6	255.2	252.7	245.4	243.8	245	240.7	239.9	245.8	249.6	255.9	268.8	280.2	296.6	299	296.6	296.9	294.1	295.4	286.4	281.2	280.7	276.5	272.7	275.3	278.2	286.7	284.4	271.3	258.8	250.1	247.6	243.1	235.7	236.5	243.1	246.1	238.4	235.3	238	237.8	242.1	240.8	238.3	236.7	232.3	232.6	228.4	221.1	213.7	202.2	196.1	196.6	195.7	192.5	189.2	187.4	188.1	188.1	185.8	184.6	185.8	180.5	175.3	170.5	170.3	175.2	189.3	200.9	234.2	286.2	313.4	358.6	399.4	437.9	456.7	465.2	472.6	477.7	476.9	469.6	464.7	462.9	445	449.4	465.5	475.4	453.8	445.4	461.9	465.9	461.8	464.2	463.7	453.8	442.1	436.8	436.5	459.6	466.8	457.8	455.9	450.8	442.8	437.7	430.5	436.6	453.9	474.2	476.2	470.1	486.8	504.9	534.4	539.3	519.7	524.6	529.5	533
561	561	561	561	561	561	561	561	561	561	561	561	559.6	561	561	561	561	561	561	561	561	561	561	561	561	561	561	554.7	561	561	561	561	561	553.8	542.4	561	561	561	561	553.4	558.2	551.8	516	489.4	471.8	455.6	431.2	436.4	446.4	424.2	388.2	359.6	334.4	335.6	296.9	244.7	234.5	217.4	212.7	215.4	217.7	225.2	233.4	244.1	252.6	251.4	254.4	256.1	258.6	261.6	259.4	262.7	270.4	274.6	274.3	271.6	262.8	260.1	256.3	250.9	252.6	256	249.6	247.3	250.9	252.9	256.8	267.7	279.5	294.5	303.7	303.5	295.8	290.8	289.2	287.3	283.5	290.6	290.7	284.2	285.7	284.2	280.3	274.2	268.4	262.4	253.1	244.9	241.9	237.9	236.6	240.7	246.5	243.5	235.3	234.6	239.8	246	251.7	250.4	243.2	235.4	232.6	228.4	220.7	210.1	198.6	190.1	191.3	193.6	193	187.3	183.2	186.6	188.1	184.4	182.8	185.8	180.6	175.2	174.1	171.9	180.4	190.6	204.2	256	297.8	320	380.5	429.2	443.4	468.8	493.8	488.3	478	483	487.5	488.5	485.4	469	441.2	439.7	446.8	446	434.3	441	459.1	467.1	466.7	464.5	455.5	451.2	441.2	442.2	469.1	461.1	447.8	454.7	459.4	458.5	447.6	439.2	443.7	453.4	458.7	454.6	457.9	459.5	452.7	471.9	498.1	503.6	503.6	514.8	528.8
561	561	561	561	561	561	561	561	561	561	558.2	558.2	556.1	561	561	561	561	561	561	561	561	561	561	561	561	561	552.6	551.9	561	561	561	561	561	561	561	561	561	561	561	554.4	550.2	559	531	494.4	480.2	463	427.7	442.4	450.2	432.6	397.2	359.3	327.6	328.8	309.4	250.3	233.2	219.6	209.8	210.2	216	220	227.1	239.6	247	250.7	255.5	255.2	253.4	261.8	264.8	263.3	270.5	279.3	283.8	283.3	278.5	272.7	266.6	263.4	264.5	268.8	270.2	266.5	273.6	278.9	274.4	283.7	295.3	307	317.4	322.8	322.5	314.4	311.4	306.8	304.8	307.5	307.7	307.4	310.4	308.1	298.9	294.2	285.8	276.8	267.1	259.5	253.5	249.2	249.7	247.8	250.3	253.2	248.5	247.1	253.1	255.7	261.2	257	253.3	240.1	230.6	225.5	214.2	200.3	190.9	189.6	190	190.5	186.8	187.5	184.1	184.3	184.9	181	179.7	179.5	176.9	173.9	171.5	172.3	181.5	201	245.9	294.7	299.4	315.9	379.9	443.8	450.4	460	483.7	475	464.2	475.6	484	473.6	458.8	463.9	441.6	427.7	446.5	450.9	446.2	447.4	456.2	465.9	471	460.5	451.6	455	445.2	442.8	457.7	455.8	453.4	462.2	459.8	458.4	449	439.4	440.3	444.2	436.6	427.9	448.6	454.9	455.9	449.9	465.9	507.8	507.8	523.9	532.3
561	561	561	561	561	561	561	561	561	561	554.1	561	561	561	561	561	561	561	561	558.9	547.8	557.5	559.6	561	561	561	549.8	561	561	561	561	561	561	561	561	561	561	561	561	557.4	556.8	561	546.2	509.4	489.6	468.5	458.9	461	451.8	441.2	417	351.5	320.1	327.4	301.6	246.7	231.9	220.8	209.9	205.8	212.5	219.7	225.1	232	245.2	251.1	252	256.1	254.6	259.2	265.1	265	269.9	276.1	280.9	279.7	277.2	272.9	269.5	271.2	268.1	271.1	270.9	267.1	273	280.4	284.3	288.1	290.7	299.4	310.2	315.2	320.4	314.2	307.3	312	310.7	309.4	308.6	308.8	311.3	310.4	304.8	292.3	284.7	279.8	275	269.8	263.6	263.8	254.3	249	249.5	249	243.2	244.9	257	261.4	259.8	259.6	259.8	242.3	232.1	225.7	212.4	196.7	188.3	187.3	185.8	186.6	182.7	183.9	181.4	182.6	183	180.4	179.7	177.2	174	171.4	168.3	172.4	182.6	211.6	262.5	296.1	298.1	331.7	395.5	426.6	440	457.9	452.4	450.6	449.6	447.8	452.2	441.7	434.5	444	454.8	450.2	453.1	460.9	472.6	465.6	450.6	462.9	473.9	464.2	457.3	458	452.7	439.7	440.2	450	459.1	458.7	452.8	448.4	447.5	447.2	454.1	455.7	460.4	444.8	441.3	454.1	466	463.7	458.1	482.3	500.7	518.3	520.4
561	561	561	561	561	561	561	561	561	556.6	550.3	559	561	561	561	561	561	561	561	561	556.8	561	561	561	561	561	561	561	561	561	561	561	561	561	550	556.8	561	561	561	561	561	561	553	512	490.6	475	463	461.6	448	438.4	403.7	336.6	316.9	321.6	308.9	247.2	227.4	218.7	212.4	204.9	207.2	213.7	218.4	225.1	238.6	246.6	252.3	256.9	258.1	261.2	265.5	264.9	267.9	274.7	277.9	278.3	274.2	272.7	276.2	275.4	274.7	274.3	278.2	274.2	273.7	279.2	288.7	294.6	298.7	306.4	314.6	322.6	317.7	311.6	313.7	312	308.4	307.7	305	305.7	310	310.8	309.2	305.5	298.8	289.8	286.5	282.8	281.7	276.7	269.7	261.5	260.6	261.3	260.7	262.8	263.6	268.3	264.4	260.5	254.9	241.1	227.8	223.8	216.6	202.6	188.9	183.7	182.4	181.5	183.4	182.7	184.9	186.1	184.9	179.5	176.5	174.2	172.6	167.8	168.7	180.7	230.8	279.4	290	293.6	296.9	325.2	393.9	423.2	430.1	447.2	444.5	436.3	447.8	436.6	430.2	436.3	435.9	440.2	441.1	453.5	455.3	460.7	472.7	462.6	446.2	457.9	457.9	453.6	455.7	461.2	457.1	441.6	441.2	450.9	455.9	452.9	451.3	448.2	442.8	453.4	455.3	456	467.2	464.4	444.5	449.9	465.5	467.4	471.6	477.6	487.3	512	514.8
561	561	561	561	561	561	561	561	559.4	560.2	561	561	561	561	561	561	561	561	561	561	561	561	561	561	561	561	561	561	561	561	561	561	561	561	561	561	561	561	561	561	561	561	558	525.8	506	488	470.2	462.2	450	420.6	374.4	340.1	331.4	321.9	316.5	252.4	230.3	222.3	213.7	198.5	196.1	204.1	211.9	216.3	231.1	244.5	251.2	257.3	257.8	261.1	267.2	266.8	268.9	272.3	274.8	273.8	270.6	270.7	272.5	274.9	274.5	274.2	280.7	273.7	272.1	281.4	292.4	297.3	297.7	304.7	308.7	306.5	300.6	298.9	306.8	300	298.6	295.2	289.6	293.4	295.7	299.6	304.2	300.7	298.4	292.8	291.6	287.5	284.9	284.6	278.8	266.3	262	263.1	261.5	262	262.5	266.6	260.4	253.8	246.6	239	229.1	220.2	211.2	201.7	191.6	185.2	179.2	179.2	180.5	178.6	180.1	183.2	183.3	179.7	172.6	166.4	162.7	164.5	169.6	186.7	244.4	285.5	286.4	293.4	297.7	329.2	406.3	427.9	416.8	432.5	444.8	452.1	449.9	448.3	451.9	467.8	465	457.4	449.3	443.7	440.4	439.3	451.8	456.7	454.9	445.2	435.5	426.9	428.9	444.4	446	435.6	428.6	437.7	449	448.9	456.3	456.7	441.9	434.3	436	434.3	432.6	434.6	433.2	430.4	439.1	447	455.2	458.1	451.7	467.7	502.3
561	561	561	561	561	561	561	561	561	561	561	561	561	561	561	561	561	561	561	561	561	561	561	561	561	561	561	561	561	561	561	561	561	561	561	561	561	561	561	561	561	561	561	524	506.6	487.1	475.2	463.8	452.3	410.4	367.7	347.2	330.8	327	324.6	258.5	231.9	219.7	207.3	193.2	191.5	199.7	206.9	214	223.1	237	244	249.9	254	256.5	260.9	263.8	265	266.8	268.2	270.1	269	265.7	268.3	272.7	268.9	264.7	274.7	280.9	275.8	284.4	299.7	300.6	299.5	296.2	302.3	304.6	295.1	291.3	293.4	289.9	288.3	289.7	289.8	292.2	292.6	296.7	304.3	306	297.1	295	296.2	290.1	287.9	286.1	282	275.2	269.5	272.2	270.5	269	270.3	270.1	260.7	249.6	241	230.9	222.6	210.6	199.1	195.5	188.3	181.6	178	176	178.1	177.7	178.8	178.5	178.1	176.9	169.5	162.9	160.2	163.6	174.3	206.2	261.9	285.2	288.9	294.1	298.4	333.1	417	434.6	420.8	431.2	444.8	453.1	447.5	438.9	448.2	467.3	467.7	461.1	454.9	439.3	418.8	424.7	442.4	459.2	461.6	454.2	444.5	437.4	435	441	438.1	432.7	426.2	434.2	442.6	443.7	451.8	445.2	436.4	436.8	435.7	434.6	436	435.2	438.1	432.8	434.8	443.7	452.1	456.7	456.8	460.5	481.5
561	561	561	561	561	561	561	559.6	561	561	561	561	561	561	561	561	561	561	561	561	561	561	561	561	561	561	558.2	561	561	561	561	561	561	561	561	561	561	561	561	561	561	558.2	557.5	517.2	497.6	485.2	470.2	461.4	448.8	394.7	351.2	344	334.7	332.4	281.5	242.3	218.1	200.4	193.1	183.1	178.7	188.9	200.4	205.6	210.3	221.4	233.1	247.9	256.4	258.4	259.6	257.9	259.9	263.6	265.6	266.9	266.8	259.5	260.4	263.5	261.1	262.2	269.3	269.1	269.4	281.3	289.1	293.8	297.9	297	294.2	293.8	284.1	277.8	275.5	272.5	270.1	270.8	280.3	291	291.1	290.9	303.8	300.7	291	297.2	294.3	288.2	284.8	282.4	277.1	269.5	272.6	275.4	274.5	266.2	262.2	263	254.4	244.7	237.5	228.9	214.3	203.7	196.7	191.7	186.8	181.1	179.1	173.6	174	174.7	175.6	174.2	173.6	168.2	163.9	160.3	160.5	168.6	183.6	208.2	263.4	281.8	289.9	292.3	296.5	347	446.1	457.8	439.4	436.2	442.4	442.7	443.2	432.7	426.2	446.4	462.9	452.2	443.7	435.7	433.4	440.4	432.7	443.9	453.5	453.5	446.5	445	445	446.5	448.5	445.7	438.1	433.6	435.5	441.4	445.8	439.6	442	456.3	449.6	445.4	444.6	443.2	448.6	457.3	466.8	460.8	453.3	456	453.2	445.1	435.7
561	561	561	561	561	561	556.8	554	561	561	561	561	561	561	561	561	561	561	561	561	561	558.2	556.8	561	561	561	561	561	561	561	561	561	561	561	561	561	561	557.8	555	554	553.6	553.9	552	506.7	486.9	473.8	461.7	451.6	438	385.3	348.3	348.1	344.3	306.1	251.6	235.6	215.7	199	193.4	180.1	175	181.9	192.7	200.9	205.1	210.8	221.3	237.5	249.6	255	255.8	251.5	252.4	254.4	257.2	263	260.8	258.2	257.5	256.5	252.4	252.2	255.4	264.2	271.1	281.6	287.5	280.8	289	297.3	290.7	277.6	268.1	262.9	263.2	265.6	268.3	269.1	273	279.2	283.3	289.1	297.7	299.9	297.8	296.8	291.5	280.7	279.5	277.3	274.1	264.7	268.3	274.8	271.2	253.3	253.3	251.4	240.7	236.4	229.1	221.3	208.3	200.7	194.9	188.5	183.9	177.4	174.3	174.2	175.1	174.8	171.9	167.6	164.7	162.3	155.8	156.5	162.9	177	192	225.2	284.8	288.1	287.1	288.5	296	347.2	449.4	468.5	454	445.9	448.1	447.5	449.1	448.8	438.7	446.2	456.1	452.6	445.6	430.9	439.5	445.3	427.1	422.1	438.5	450.4	454.6	450.8	452.1	452.2	453.2	448.8	439.4	435	441.6	447.7	450.7	453.6	456.5	457	453.2	448.5	448	447.9	450.4	459.9	466	454.8	450.3	450	441.8	433.5	426.7
561	561	561	561	561	558.9	561	561	561	561	561	561	561	561	561	561	561	561	561	561	556.8	549.1	561	561	561	561	561	561	561	561	561	561	561	561	561	558	555	553.9	551.6	539.6	537.3	535.5	531.6	488.5	471	459.6	448.4	443	425.7	375.6	348.1	360	320.9	258.4	231.3	220.3	211.1	210.8	201.9	179.3	169.4	169.5	181.4	193.3	200.5	205	210.8	221.8	234.3	248.6	258.1	249.8	245.3	246.7	246	251.5	253.2	254.8	256.5	254.9	248.3	243.8	248.5	258.9	268.6	274	275	267.1	271.7	277.6	275.2	267.4	260.6	254.9	254.2	256.9	258.3	260	260.3	272.2	278	283.1	295.1	295.9	293.7	295.2	288.8	276.8	273.2	265.8	262.4	261.1	262.4	266.8	264	251.9	249.5	246.8	236.9	234.7	221.4	213	206.8	196.4	185.3	181.4	180.1	176.2	174.5	171	169.3	166.8	168.3	163.7	159.2	159.2	156.5	160.7	166.9	182.1	193.3	224.5	284.4	286.6	286.7	285.9	290	358.5	454.5	479.1	480.6	482.5	472.2	463	456.3	452.3	442.2	437.9	443.3	452.8	461.7	449.7	432.5	449.8	448.2	439.4	437.7	450	452.3	450.1	461.9	468.8	463	449.2	441.2	437.7	449.6	468.4	467.5	460.7	453.8	456.7	461.1	458.6	455.5	455	455	454.9	463.4	471.8	457.5	450.7	450	446.2	444.2
561	561	561	561	561	561	561	561	561	561	561	561	561	561	561	561	561	561	561	561	554.7	559.6	561	561	561	561	561	561	561	561	561	561	553.7	546.5	546.5	545.6	545.9	546.6	544.2	531.6	527.9	534.4	509.7	478.5	464.3	452.5	445.7	441.1	426.2	379.7	353.9	352.7	306.8	265.8	229.7	211.2	210.9	213.6	203.6	181.9	167.1	163.5	173.9	185.4	193.2	199.2	205.6	213.5	226.7	235.8	247.8	247.7	239.6	239.9	236.6	239	243.5	244.7	246.7	245.5	240.3	237.4	238.3	244	251.5	257.8	261.8	255.3	256	255.5	255.5	252.8	244.7	237.6	232.5	235.6	243.1	246.7	244.3	253.9	263.6	270	278.3	279	278.1	285.7	283.6	273.9	272.4	262.2	255.1	255.5	256.5	255.5	254.1	250.8	243.5	236.7	226.5	220	211.8	200.9	199.8	192.5	180.4	179	177	174.9	170	167	161.1	157.2	157.9	155.3	154.4	157.5	158.6	164.4	173.4	185.5	195.5	234.1	283	284.1	283.4	280.2	285.9	352.8	449.7	474.2	480	482.5	470.9	460.4	453.2	448.8	445.2	443.1	442.6	449.5	446.4	433	425	446.6	448.1	444.5	440	445.1	444.4	439.1	447.8	454.4	450.2	437.8	434.5	430.8	440.9	458.8	457.9	446.9	440.6	445.2	456.7	463.6	455	452.5	456.6	457.7	467.2	478.1	464.6	453.7	455.2	456.4	459.3
561	561	561	561	561	561	561	561	561	561	561	561	561	561	561	561	561	561	558.9	557.5	561	561	561	561	561	561	561	561	561	561	561	559.1	548.1	547.3	545.9	546.8	544.7	538.1	529.9	519.4	515.9	513.5	485.8	457.9	446.9	449	449	445.9	433.7	384.8	361.8	331.6	290.5	263.1	207.1	204.7	219.5	219.7	209.8	192.3	176.9	164.2	165.7	175.6	180.2	186.8	195.3	207.4	217.3	224.3	233.3	240.3	242.2	239.5	235.9	237.4	238.7	236.2	240.3	238.7	237	235	232.1	230.5	237.5	245.8	250.1	249.6	246.9	245.2	242.7	244.6	242.2	235.2	230.8	228.9	229.6	235.8	241.6	249.8	254	262.4	270.3	270.5	265.8	263.9	263.7	263.3	260.9	253.5	250.9	249.5	249.9	245.7	246.3	245.9	238.1	231.1	220.3	213.5	208.8	201.3	199	191.2	183.7	177.5	175	170.8	163.6	159.7	154.9	151.2	150.4	147.2	148.4	152	160.1	167.3	174.4	180.5	187.6	227.1	277.9	279.6	276.6	262.6	276	306.1	375.1	421.9	463.3	468.2	466.1	468.5	462.7	459.1	460.7	461.3	456.3	445.6	438.1	424.7	422.5	434.1	440.6	443.7	440.1	449.3	450.7	447	440	424.8	428.6	438.6	441.8	420	412.7	434.2	441.7	441.2	426	413.3	426.7	449.7	461.2	457.7	460.1	460.8	454.8	456.1	459	458.9	454.2	450.4	453.8
561	561	561	561	561	561	561	561	561	561	561	561	561	561	558	561	561	561	558.2	561	561	561	561	561	561	561	561	561	561	559.2	553.2	548.7	548.3	547.8	547.8	545.7	539.1	532.5	523.3	516.4	513.7	501.7	462.7	447	442.7	449	446.8	446.3	443.2	390.7	356.6	321.5	298.1	272.1	214	204.6	215.9	214.5	210.6	197.5	186.2	172	162.8	164.4	169.9	177.2	189	195.5	201.3	213	220	225.2	229.8	231.9	232	230	226.7	224.7	226.7	228.8	225.7	226.2	222.6	219.4	222.4	223.6	231	232.9	230.7	229.9	233.2	235.2	233.9	238	237.3	232.3	228	229.5	239.7	242.3	247.3	252.5	258.6	256.3	246.4	240.9	239.6	243.9	243.5	235	235	237	234.3	231	231.8	232.5	226.2	217.6	205.3	200.1	196.4	195.1	192.1	185.7	181.7	176.4	173.1	168.9	160.5	154.7	151.3	145.7	144.1	148.1	152.6	156.6	161.7	169.7	176.7	183.5	195.9	237.5	269.6	277.5	277.3	278	285.7	303	337.5	373.5	432.8	464.2	469.6	469.5	469.2	459	461.4	464	459.8	454.8	462.3	464.3	442	439.6	443.4	443.9	439.1	449.8	453.1	451.1	444.8	427.1	425.6	437.5	442.2	424.4	410.7	426.5	443.8	446.6	428.2	408.1	407.8	426.8	448.8	454.1	454.6	457	455.9	454	458.4	459.4	454.3	447.8	449.4
561	561	561	561	561	561	561	561	561	561	561	559.8	561	555.6	550.2	561	561	561	561	561	561	561	561	561	561	561	561	561	561	556.5	551	548.6	545.6	538.4	529.2	522.7	514.5	506.1	500.9	502.1	504.1	496.6	468.4	454	440.5	436.6	440.5	434.4	421.8	370.4	312.5	270.1	273.9	233.4	186	214	236.6	215.2	206.6	203.4	195.2	178.3	166.2	167	164.9	170.2	182.7	186.2	194.3	203.7	210.9	218.9	220.4	224.5	225.2	225.4	218.7	220.3	222.3	221	217.8	215.2	217.3	217.3	215.8	219.8	229	229	228.3	227.2	233	236	235.7	237.9	236.9	238.6	237.8	238.5	239.5	241.4	244.4	248.5	249.2	243.5	236.2	230.4	229.5	231.1	232.9	228.5	226.6	226.2	225.6	226.2	227.3	223.8	218.7	212	200.7	196.9	192.6	190	186.9	181.5	172.7	167.4	164.6	159.3	148	144.2	144.9	142.7	143.9	150	156.2	162.3	163	164.3	170.7	180.9	193.8	232.5	262.6	271.2	275.7	283.4	290.3	297.3	324.5	335.8	365.3	407.4	464.2	472	484.2	474.4	463.4	468.7	473.2	466	463.5	474.2	465.6	460.6	462.8	452.6	458.2	458.7	441.3	437.6	444.9	446.1	444.6	439.9	436.2	434.9	436.2	435.3	429.9	434.8	427.8	411.7	414.2	436	449.4	461.1	466.7	462	464.2	482.2	489.3	477.7	463.9	455.2	457
561	561	561	561	561	561	561	561	561	561	561	561	561	559.2	561	561	561	561	561	561	561	561	561	561	561	558.9	556.5	553.4	549.2	547.9	547	540.2	533.8	529.7	525	517.4	500.9	497.6	497.6	499.9	501.6	499.2	467.5	453.1	436.5	431	434.8	430.9	410	362.9	294.6	270.7	276.2	231.9	187.5	214.5	244.8	220.7	204	201.8	197.7	181.9	169.7	171	164.7	163.7	171.4	175.3	183.6	192.8	198.6	203.9	208.2	209.8	212.3	216	211.7	205.6	208.9	210.2	206.8	203.7	205.2	205.4	204.6	208.4	216.3	222.6	222.2	223.5	226.7	230.7	233.2	231	230.9	232.2	234.9	235	233.6	234.9	239.1	241.6	236.3	227.8	222.3	220.5	221.4	220.5	221	219.8	216	210.7	211.8	215	212.8	206.2	202.1	196.6	192.4	190.2	184.8	183.3	179	172.1	169.1	160.5	154.4	149.5	144.8	141.5	144.1	147.2	149.7	150.9	155.8	158.3	160	166.9	177.3	187.9	200	252.9	274.9	276.8	279.3	279.2	273	294.1	330.5	340.6	352.8	389	453.7	480.8	484.4	479.8	466.3	468.1	469.7	466.1	461.2	467.7	462.9	447.5	462.1	447.9	447.3	446.4	436.3	424.5	434.5	445.9	445.8	442	436.6	435	439.4	433.8	424	428.5	424.7	417.2	419.3	438	448.4	450.2	448.7	444.1	452.5	467.6	478.3	472.3	454.2	437.1	444.2
561	561	561	561	561	561	561	561	561	561	561	561	561	561	561	561	561	560.1	558.3	558.6	560.5	561	561	560.4	557	556.2	552.8	548.6	545.3	536.4	531.5	525.1	517.1	513.2	511	507.2	501.5	496.8	492.2	488.8	489.7	494.6	462.6	448.1	435.6	428.8	432.1	427.2	409.3	376.1	296.2	278.9	263.9	220	187.2	220.1	241.5	218.2	204	200.6	198.7	189.9	171	173.6	173.7	166.9	163	165	172.8	180.7	183.3	189.9	198.4	201.5	204.6	205.6	203	198.4	199.4	197.9	197.5	198.2	195.9	199.4	201.9	201.6	202.3	209.7	211.5	216.2	221.5	224.8	225.9	230.1	226.9	226.4	229.6	229.9	227.8	229.1	235.2	236.5	231.5	225.6	219.2	217.1	218.7	220.4	217.2	215.9	211.8	205.9	204	204	200.6	197.3	193.6	191	188.5	185.2	180.4	174	169.2	163.7	158.2	153.3	145.9	142.6	141.8	139.4	142.3	146.9	147.8	149	152.4	153.1	156.2	165.5	178.6	186.4	200.9	253.3	274.7	276.3	281.2	276.3	264.6	269.7	308.4	330	345.9	368.7	392.1	437.1	463.9	461.9	454.7	454.5	457.9	470.8	477.7	470.8	449.9	428.7	431.9	433.3	435.8	436.5	436.5	433.2	437.7	458.5	462.4	451.7	449.9	447.1	438.2	444.4	451.1	443	439.8	436.5	428.1	442.5	459.2	452.5	447.2	438.2	424.2	430.5	448.6	451.9	445.1	427.4	446
542.2	542.2	542.2	542.2	542.2	542.2	542.2	542.2	542.2	542.2	542.2	542.2	542.2	542.2	542.2	542.2	542.2	542.2	542.2	542.2	542.2	542.2	542.2	542.2	542.2	542.2	542.2	542.2	533.8	525.8	520.6	516.6	509.8	505.4	498.8	500.2	496.6	494.2	489	485.8	485.4	480.6	451.8	439.6	429.6	425.8	426.8	418.6	408.2	353.1	281.4	291.2	274.4	216.9	188.1	215.5	238.3	216	203.3	200	197.5	186.4	167.9	172.1	177.4	170.9	165	163.6	165.3	171.8	174.8	179	185.1	191.9	197.6	197.1	194.7	192.4	191.4	191.8	191.4	189.1	190.8	190.4	191	194.5	195.5	201.2	204.7	210.5	217.4	221.9	222.4	226.5	227.1	227.9	228.8	226.9	225.9	227.9	227.7	228.5	226.2	225.3	220.9	213.4	210.3	211.7	210.6	208.2	205.8	198.5	195.2	194.3	192.2	189.3	187.4	186.5	184.1	182.7	176.2	169	165	161.3	157.3	152.3	148.9	146.1	145.6	147.1	147.2	150.3	148.3	150.3	153.7	152.9	157.4	172.8	183.2	191.3	212.7	266.6	274.7	277.5	281.6	286.7	288	293.7	327.9	328.6	337.5	364.4	376	411.7	449.3	453	449.3	453	459.6	473.1	476.4	468.6	447.1	427	423.4	434.7	442.8	441.4	431.2	443.1	443.9	454	458.8	444.1	438.9	447.8	442.9	452	458.5	448.1	441.4	438.3	432.9	448	461.9	455.3	448.2	428.8	422.5	418.4	435.4	440.8	436.9	435.2	441.9
561	561	561	561	561	561	561	561	561	561	561	561	561	561	561	561	561	561	561	561	561	561	561	561	561	561	557.4	551.4	542.6	532.6	525.4	522.2	518.6	516.6	518.2	512.4	507	504.2	506.8	515.8	516.6	509	470.4	462	451.2	443.2	442.8	437	418.5	363.5	336.4	321.4	279.8	225.4	198.2	226.1	258.9	242.1	226.2	217.7	215.2	205.3	185.9	188.5	197.3	192.9	190.1	187.7	185.5	182.8	181.2	186.3	190.3	195.2	200.5	206.4	208.2	206.5	202.1	203	200.5	197.2	199.5	200.8	200.6	206	213.2	218.7	219.5	220.4	227.3	233.8	234.3	237.4	239.4	241	243.8	241.5	242.9	243.1	242.3	237.4	235.6	234.2	231.1	225.9	223.5	223.9	221.5	220.2	219.2	211.5	207.2	202.9	203.6	202.9	200.1	195.6	190.7	186.8	181	178.1	174.8	170.8	165.7	165.6	163.5	164	167.6	167.5	166.4	166.3	166.4	170.4	175.2	177.8	186.1	197.3	203.2	209.8	228.6	280.2	295.1	299.9	304	308.6	305.3	312.6	345.4	348.1	351.3	361.2	392.4	410.8	441	460.6	459.8	460.4	450.5	450	454	460.9	469.5	471.7	463.1	480.3	493.4	479.3	462.2	464.1	459.2	455.7	458.9	458.1	457.2	462.1	464.7	474.2	482.2	478.1	459.9	443.4	433.2	437.1	445.3	446.8	457	452.5	451.7	441	449.9	457.1	441.6	435.5	435.9
561	561	559.6	558.2	561	561	561	561	561	561	561	561	561	561	561	561	561	561	561	561	561	561	561	561	561	557.4	551.8	545	537.4	528.6	522.6	519.4	516.2	513.4	513	513.4	505	503	490.6	508.2	516.2	493.6	471	461.6	452	443.6	444.2	435.4	419.1	384.4	362.6	323.4	273.9	224.4	197.2	221.3	260.6	247.4	228.4	219.8	216.4	205.8	185.7	188.4	196.6	194.2	193.2	191.4	187	182.7	179.4	179	180.4	183.7	188.2	193.9	197.1	192.6	191.4	189.1	185.2	185.3	186.9	191.2	194.2	195.3	197.8	203.1	204.8	207.3	210.9	215	218	223.2	224.4	228.7	231	228.6	226.3	224.1	223.8	222.8	220.9	219.1	216	215.6	215.1	214.8	212.2	206.9	205.2	202.6	199.4	196.7	195.1	194.1	191.4	188.2	181.4	178	173.2	172.3	171	167	166.4	165.3	166.5	169.9	167.6	165.9	164.4	165	169.7	172	174.4	181.8	191.2	198.3	206.4	214.3	228.7	259.2	282.6	301.5	303.6	307.6	306.2	311.9	344.4	347.5	349.1	351.8	388.3	405.5	418.2	450.3	459	460.8	451.3	446.8	448.3	456.3	476.5	477.4	463.9	480.2	494.2	481.8	469.7	463.1	458.1	458.9	459.6	458.1	467.9	465.8	464.4	470.7	471.7	471.1	457.9	440.1	430.8	431.3	431.9	433.6	442.9	452.6	449.2	442.9	447.2	456.9	446.8	436.2	433.1
561	559.6	561	561	561	561	561	561	561	561	561	561	561	561	561	561	561	561	561	557.5	561	561	561	557	547.8	541	537	529.8	522.6	518.6	516.6	514.2	507.1	496.8	505	515.4	507.6	492	475.6	479.8	483.4	477.2	468	459.4	455.2	450.6	444.8	437.8	415.1	429.5	394.9	311	253.6	218.3	198.1	222.8	263.2	252	229.1	222.7	217.8	206.2	191.1	186.4	192.5	196.3	197	197.3	195.1	194.1	193.7	187.7	184.3	182.3	179.9	185.8	187.6	183.1	183.4	183.3	179.5	179.6	181.5	179.5	182.5	184.6	188.6	191.3	192.3	198.7	204.8	206.9	210.2	213.2	214.7	221.1	226.3	225.9	221.5	220.5	217.8	214.4	208.1	208.2	208.8	207.2	204.3	202.5	200.6	199.3	198.3	194	189.4	186.8	183.1	180.5	178.9	176.8	170.9	167.5	167.3	168.8	168.5	167.5	168.3	171	171.6	172	172.1	171.9	170.2	170.9	176.2	177.4	181.5	189.1	197.8	200.8	207.9	215.8	230	263.4	287.2	304.7	307.7	312.9	302.2	309	342.8	346.2	347.1	348.5	373.6	399.2	402	436	465.9	474.4	476.4	465.8	458.9	457.5	463.3	467.9	451.6	443.3	451.7	465.5	481.4	477.1	473.6	478.5	477.2	461.1	460.4	459	449.3	455.6	454.1	460.2	463.2	452.2	437.8	432	431.8	436.3	434.3	434.6	434.1	439.1	457	468.3	471.3	472.2	459.9
561	561	561	561	561	561	561	561	561	561	561	561	561	561	561	561	561	561	561	551.9	561	561	553.8	550.2	540.2	533.8	529.8	524.2	518.6	516.6	515.8	513	502.3	498.1	493	469.4	443.9	427.2	415	406	427.6	467.4	466	460.2	455.8	449.8	445.4	439.2	419.7	438.9	404.2	324.2	259.7	215.5	194.1	210.1	252.3	258	238.8	227.6	220.9	207.3	190.8	187.7	194.3	199.4	199.3	198.3	196.6	195.8	196.6	194.6	188.6	181.1	177.7	179.6	180.8	176.1	174.5	177.4	176.3	172	175.4	175.3	173.6	174.8	178.1	181.7	185.1	188.9	193.4	196.2	196.5	198	199.6	203.9	207.7	209.2	207	207.6	205.8	202.4	196.6	193.6	195.3	194.4	193.2	189.4	185.4	187.6	187.2	183	180.7	177.8	176.1	170.8	171.5	171.6	169.1	168.3	169.8	170.8	168.7	168.6	171	172.6	171.3	169.3	169.7	172.9	172.1	173.3	175.5	180.8	185.1	194.7	199.9	202.3	207.7	214.9	242.8	287.4	297.7	296.1	304.9	310.7	296.3	305.4	342.3	342.3	345.4	353.7	368.6	395.4	413.4	425.6	461.8	466.3	465.9	467.5	461.7	446.1	447.2	458.8	448.9	436.7	443.7	459.2	480	474.9	472	484.6	490.2	468	451.3	445	440.6	448.9	452	457.8	461.5	453.8	440.2	432.8	434.9	438.4	437.1	436.1	433.9	436.8	455.9	471.4	468.8	483.5	472.2
561	561	561	561	561	561	561	561	561	561	561	561	561	561	560.2	558.2	555.8	551.8	547.2	541.4	534.6	530.2	523.8	518.6	513.4	508.2	504.6	504.6	508.6	513	515.8	513	503	501.8	474	442.6	426.4	414.2	397.2	386.8	421	468	460	453	451.8	449	444.6	437.8	438.6	442.2	426.2	326.8	248	214.1	191.6	201.2	248.2	265.5	250.5	235.2	224.2	211.7	195.3	185.4	190.9	198.7	202.2	199.5	200.4	199.1	195.4	194.4	194.9	191.9	188.8	184	180.2	181.2	181.2	180.4	176.7	174.2	177.4	178.9	180.7	180.7	179.9	178.9	177.2	179.2	179.2	183.4	187.8	187.9	186.3	184.8	186.5	189.2	194.4	195.8	194.2	190	190.2	189.2	185	182.5	181.7	177.5	172.6	172.8	167.9	165.3	169.1	168.2	168.5	169.1	173.4	175.1	175.6	177.3	176.3	174.2	175.2	175.2	175.4	178.9	177.2	173.4	175.6	177.6	178.9	179.4	180.8	183.4	186.7	191.1	196	202.3	208	216.7	245.3	294.1	302.1	306.6	307.3	302.8	282.9	305.1	339.9	339.1	343.7	352.3	361.9	386.3	410.7	412.7	434	466.4	470.3	480.7	481.2	479.8	473.6	464.1	453.4	456.2	456.8	455.5	470.7	468	451.4	463.8	484	495.5	477	460.9	453.6	450.1	443	441.4	452.1	460.3	461.9	460.2	458.3	457.3	464.7	467.8	453.8	434.3	433.6	444.8	453.8	465.3	462.4
561	561	561	561	561	561	561	560.2	559.8	559	557	556.2	555.4	553.8	550.2	545.4	539.4	534.6	531.8	525.8	519.8	514.6	508.2	504.2	500.2	497.4	495.4	498.2	507.4	512.6	511.8	509.8	492.4	465.2	453	430	394.2	385.2	370.8	377.4	434.8	468.2	456.4	453	450.8	448.4	447	436	439.4	442.4	440.4	362	261.1	216.8	193.4	194.6	241.3	264.9	259.6	242.9	232.2	221.6	202.3	187.4	188.6	194.9	200.2	201.7	201.3	200.2	196.1	195.7	197.7	196.3	193	189.8	183.6	182	180.2	181.1	179.4	177.9	177.4	177.7	177.9	178.9	179.5	177.4	174.8	175.4	174.8	175.4	179.8	182.8	182.9	180	179.4	177.7	181.4	186.2	187	184.3	183.2	181.6	178.3	174.2	173.8	171.4	170	166.9	166.7	167.9	169.8	170.1	172.2	174.5	176.9	178.7	180.5	179.6	180.7	178.1	176.3	176.1	177.4	179	177.2	175.2	176.7	177.2	177.8	179	180.8	183.6	188.5	192.9	196.8	200.6	211.4	218	253.6	299.9	300.8	305.4	307.8	312.3	276.3	289.9	328.1	339.9	343.9	350.9	359.4	380.6	407.8	417.9	429.1	465.2	482.2	483.6	485.8	493	487.7	468.9	459	462.2	460.6	454.8	462.9	466.1	450.7	459	483.4	489.6	482.9	466.1	458.1	451.5	444	441	456	464.3	465.9	460	452.9	459.9	477.2	477	456.6	436.8	428.3	431.7	440.1	449.6	456.2
546.2	545.8	546.2	546.2	545.8	545.8	545	544.2	542.6	541.4	539	536.6	533.8	530.6	527	522.2	517	511.8	505.8	501	495.8	491	487	484.6	482.6	483.8	490.2	503.8	516.2	510.6	504.2	498.2	492	470.4	455.2	434.2	392.6	382.6	378.8	384.6	436	463.6	459.2	457.4	458.6	455.2	446.2	436.2	445.6	446	435.9	349.8	254.9	213	194.8	188.4	233.9	264.6	262.8	250.8	239.2	226.6	213	194.4	185.4	190.1	192.9	197.1	198.2	201.5	203.7	199.5	197.9	196.9	197.1	199.2	196.8	187.1	178.2	174.3	177.4	177.7	178.9	180	180	181.7	184.2	182.7	181.9	183.6	182.3	182.9	183.5	181.4	181.3	181.3	181.1	179.7	181.9	182.1	183.3	183.5	180.7	180.5	179.8	174.5	172.2	170	171.3	174.9	176.7	176.4	179.1	182	182.9	183.2	181.4	181.3	181.1	178.9	178.7	180.5	183.1	180.7	181.5	182.2	180.9	181.1	180.3	178.1	177.9	179.8	176.4	178.9	184.3	189	195.1	203.9	215.1	224.4	252.4	301.7	305.9	306.5	309.1	307.4	278.7	311.8	334	340.6	343	349.4	360.1	370.9	404.1	429.5	427	439.4	475.8	474.3	471.4	476.7	476.7	476.2	479.9	475.6	470.7	468.5	466.2	470	461.6	452.8	457.6	463.4	462.7	465.5	464.5	461.8	456.7	460.1	463.1	464.7	461.9	456.4	452.5	451.2	465.3	474.9	462.3	444.8	443.6	449	448.1	437.2	439.4
553.8	554.2	554.2	554.2	554.2	553.4	551.8	551.4	550.6	548.2	545.8	543	539.4	536.2	531	525.4	521	514.2	507.8	501.4	495.8	491	487.8	485.4	484.6	486.8	498.2	507.8	513.8	513	506.6	504.6	502.2	468.4	454	449.2	435.6	403.6	376.2	387.6	437.6	462	465.6	466	461.8	457.4	452.8	438.9	442.6	443.4	430.9	361.2	273.2	217.2	195.7	190.1	229	266.2	267.2	258.5	247	235.3	224.6	208.3	194.4	192.8	195.5	197.3	195.5	199.8	204.6	198.9	197.8	198.5	198.1	198.9	198	190.6	184.7	176.7	178.2	178	178.6	179.9	182	185.1	186.6	187.2	183.1	182.5	184.8	183.8	185.1	184.2	183.5	183.1	180	181.1	183.3	182.1	182.3	182.4	180.8	182.4	180.3	177.8	176.2	173.7	175	178.5	182.1	181	180.2	183.1	183.7	185	184.1	179.9	180.2	178.6	180.5	180	179.2	179.3	180.3	179.4	178.1	179.5	180.3	176.7	173.6	173.7	173.2	176.6	184.3	188.3	196.8	207.7	214.8	223.1	239.1	262.4	284.5	304	308.7	306.3	300.1	324.4	336	345	351	355.9	360.1	368.1	398.1	428.8	427	430.9	467.4	474.1	468	472.4	477.2	480.9	486.7	475.9	468.1	461.9	459.7	452.1	439.5	434.1	444.6	456.7	460.2	465.8	460.5	439.1	429.2	436.9	446.8	463.6	467.1	461.1	454.8	450	453.1	457.7	456.4	445.7	446.4	458	456.7	451.3	452.1
561	561	561	561	561	561	561	556.1	561	561	561	561	561	561	557	549	539	529	519.8	511.4	504.2	499.8	498.2	499.4	503	511	517.4	513.4	508.2	516.6	515.8	506.6	472.8	448	449.2	455	426	377.4	374.2	422.6	463	465.4	468.4	464.8	461	457.4	453.2	447.6	445.6	439.4	421.1	374.7	315.1	234.3	201.4	197.7	225.8	263.3	269.1	269.7	252.4	235.1	229.7	215.6	197.9	191.4	189.7	189.6	191.7	194.4	199.2	201.4	201.8	201.7	200	202.3	201.9	197.9	195.2	187.1	180.3	178.3	173.2	175.4	180	183.3	181.8	181.4	180.6	182.3	183.6	184	181.9	181.5	183.1	181.8	182.6	183	185.6	185.3	183.7	181.8	180.1	181.3	176.3	173.3	174.3	180.4	183.2	185.2	183.6	181.5	182	182.2	185.8	185.7	183.1	181.2	182.6	184.5	182.4	178.7	177.4	177.4	178.6	178.8	176.3	177.9	174.9	171.4	170.6	173.7	176.3	179.8	187.3	193.9	205.4	215.8	226.2	236.2	245.1	259.6	289.8	307.5	307.8	303.8	311.5	333.8	343.6	344.7	343.7	352.1	358.9	362.8	386.1	425.2	444.8	431.9	443.3	474.9	473.4	462.6	469.6	466.5	468.5	476	468.6	464.8	461.6	451.7	437.5	434.1	452.7	469.2	477.4	480.2	457.9	437.4	443.8	447.3	445.7	456.6	456.4	455.2	449	435.6	437.8	443.3	446.5	438	433.5	452.1	450.7	453.2	460.9
561	561	561	561	559.8	559.8	561	559.6	561	561	561	561	561	561	557	546	537.4	527.8	518.6	509.8	504.6	501.4	502.2	504.2	507.8	511	513.4	513	509.4	513.4	511.2	485.6	460.2	450.2	451.8	456.2	428	386.6	419	458.8	465.2	465.8	465.8	464.4	458.2	454.8	450.4	450.4	449.4	440.4	424.4	379.9	325.8	250.4	202.5	187.8	214.4	257.5	267.5	271.4	263.6	245.2	234.2	218	203.9	196.2	191.5	192.1	192	190.2	194.4	198.4	200	201.8	196.5	200	201.9	197.5	196.2	190.9	182	175.6	174	176.8	179.6	181	182.6	181.6	181.3	184.4	186.7	185.2	182.2	182.8	182.9	183.4	185	185	186.2	188.1	186.3	184.1	183.3	181.8	176.8	176.3	177	180.1	183.8	184.3	184.8	183.6	185.3	185.6	186.1	184.2	180.7	182.5	184.3	183	177.9	176.6	175.2	174.3	176.3	174.9	172.5	172.7	168.2	168.2	170.6	176	182	187.9	193.1	199	207.6	219.2	231.4	238.3	239.5	237	266.6	306.3	308.8	309.3	319.9	335.1	337.2	344.3	342.6	349.6	358.1	361.7	379.1	416.8	447.7	436.7	421	468.2	470.1	458	460.1	463.2	466.8	468.1	465	466.5	466.6	463.4	467.5	464.3	462.2	475.8	490	490	480.5	466.8	458.8	458.1	452.1	448.9	448.4	452.8	456.7	448.9	448.1	452.9	455	446.9	432.2	438.9	441.3	448	457.1
561	561	561	561	554.4	552.2	556.6	555.4	553	551	546.2	541	535.4	529.8	524.6	518.2	513	507.8	504.6	505	505.8	505.8	508.6	509.8	505	503	502.6	503	504.2	505.4	488.8	472.8	459.8	450.4	450.2	453.6	433	399.8	430.2	460.2	462.2	465	465.8	462.8	455.4	453.8	453.2	453	450.8	443.8	433.6	375.3	311.5	274.8	224.8	195	213.2	253.3	268.1	267.9	265.3	259.3	242.3	222.9	204	199.6	196.2	195	189	184.6	186.4	192	195.5	199.8	200.2	198.3	202.5	201	198.8	197.8	189.7	183.3	173.7	170.5	170.1	172.6	177	176.6	179.2	180.5	182	181.5	176.6	179.8	181.5	180.3	181.7	185.3	185.4	182.7	178.4	180.7	183.3	180.5	178.4	178.6	179.1	178.8	178.8	177.1	179.8	181.1	181.5	183.8	183.9	180.1	180.5	181.8	180.2	177.5	171.5	173.8	178.8	175.7	171.9	169.4	168.5	169.5	168	165.5	170.3	177.8	182.6	191.9	199.7	205.1	214.2	227.2	234.6	237.5	242	232	249.1	287.9	312	328.9	338.3	340.6	331.2	335.8	338.7	344.2	353.5	357.6	371.6	403.6	443.6	459.4	427.7	456.3	482.3	476.5	463.2	467.2	475.6	468.9	459.9	460.5	469	467.6	461.2	459.8	458	463	483.7	494.8	486.4	473.9	465.3	460.5	455.4	453.3	456.8	457.7	453	451	466.4	467.5	457.1	447.3	433.9	437	444.1	450.8	458.8
556.2	555.4	554.6	552.2	550.2	549	545.8	542.6	538.6	534.6	531	526.6	521.8	516.6	513	509.4	505.8	504.6	505	507	507.4	508.2	509.4	508.2	505.8	504.2	502.6	502.6	488.4	472.2	462	455	451.2	453.2	451.2	448.6	448.8	431.4	440.2	460	461.6	462.6	462	460.4	458	455	454.2	449.6	446	442	434.4	411.2	355	296.6	241.8	198.3	196.6	229.7	261.7	271	270.8	265.8	246.2	223.8	210.1	206.2	204.2	198.7	193.1	189.6	190.1	191.4	195	201	202.9	199.3	200.8	203.9	202.2	200.4	195.7	187.3	178.8	171.4	170.4	172.4	175.8	178.1	180.4	181.2	181.7	179.5	180	180.3	180	179.2	182.5	184.4	183.3	183.5	183.2	184.8	183.9	184.1	181.4	179.9	181.4	180.4	179.3	177.5	179.3	179.2	180.6	181.2	183.2	179.4	177.3	178.1	179.1	174.2	170.5	169.4	171.4	171.6	167.7	165.1	166.8	170	169.9	171.3	176.1	179.4	184.7	195.6	202.7	210.3	222	230.6	235.5	239.9	240.5	223.4	239.8	260.7	291	337.5	352.7	342	339.7	338.3	321.6	330	349.1	354.2	363.3	385.9	419.3	448.3	460.6	460.9	464.8	471.4	462.9	463.9	470.4	467.5	463.1	467.6	472.9	475.9	474.5	466.1	465	463.4	468	484.3	492.4	485.1	474.3	461	465.5	462.5	462.5	457.2	455.7	451.5	461.4	467.6	463.9	450.1	439.8	443.9	450.6	459.9	465
529.8	527.8	525.8	523.8	521.4	518.6	514.6	512.6	509.4	506.6	504.2	503.8	503	504.6	506.6	507.8	508.2	508.6	511.4	514.6	514.2	511.8	505.8	501.4	505	507.8	505.4	505	485.2	467	457.8	453.4	453.8	456	453.4	453	454.8	440.4	438.2	457.8	464	462.8	461.2	460.2	457	450	451.6	449	444.8	441.4	435.8	382.8	319.6	277.1	265.7	245.6	229.5	250	261.5	268.1	276.3	279.6	270.3	244.1	217.4	208.7	209.3	207.9	200	193.4	189.9	189.6	192.9	195	199.4	198.1	200.9	203.6	203.1	204.1	202.6	200.4	192.9	184.2	176	168.4	170	173.3	175.8	176.6	180.2	177.9	178.6	177.9	176.2	178.8	180.4	180.2	180	179.9	180.1	182.7	183.7	182.1	178.8	177.8	175.3	173	173.3	177	176.7	178	178.4	179.2	180.6	180.1	178.5	174.9	173.7	171.5	172.3	165.9	164.6	163	160.9	164.4	165.6	168.6	172.8	172.7	175.9	185.3	194.8	204.7	213.8	222.9	227.8	232.1	234	239.1	245.7	226.8	225.5	259.7	318.6	356.2	347.4	339.4	340.1	338.4	323.9	327.3	349.4	356.2	368.5	387.5	428.7	466.9	469.7	451	459.2	459.4	458.1	470.6	473.9	472	474.8	486.3	490.2	481.4	475.7	472.8	463.4	455.2	451.7	467.3	475.3	485.5	500.2	490.5	476.9	477	466.8	468.1	476.1	459.7	455.9	456.6	460.5	458	461.1	461.4	453.8	466.2	472.7
514.6	513	511.4	509.8	507.4	504.6	502.2	500.2	498.6	498.2	499	501	503	507	509.4	508.2	507.4	507.4	509.8	514.6	515.8	509.8	503	502.2	503.8	505	505	483.4	458	453	453.4	449.4	451.6	452.6	448.4	444	449.4	444.6	435.4	447.6	461.2	459	459.2	458.2	451.6	452	453	452.4	443.6	440.8	441.2	394.5	326.4	274.3	266.8	262.9	243.3	249.9	255.5	265.4	283.9	289.4	280.1	259	221.9	210.1	215.7	213.4	207.9	201.7	194	189.3	189.7	190	195.2	196	198.9	199.4	196.8	201.3	201.6	200.9	196.3	188	178.6	172.2	170.9	172.9	175.4	177.9	178.3	177.4	177.7	177.2	175.4	177.1	177.4	175	176.1	180.7	180.9	182.1	181.6	180.9	176.9	175.2	174.4	172.3	173.4	176.7	175.6	177.9	177.4	178.5	178.2	175.7	171.7	168.5	169.2	170.2	168.1	164.4	161.8	159.8	161.9	163.8	168.4	168.9	177.3	179.1	178.9	188.7	200.2	210.1	219.5	225.2	227.7	232.4	234.4	239.7	246.9	237.9	235.6	271.9	318.4	334.8	321.3	317.2	333.3	336.2	338.4	328.5	339.2	355.5	365.7	386.9	424.5	462	470.1	450.1	446	454.6	464.6	480.1	483.4	475.2	472.7	478.4	482.7	477.2	471.8	467.5	459.8	455.6	449.3	452.9	460.6	475.6	493.5	492.6	481.6	475.9	464.6	465.4	470.4	468.2	468.6	453.2	458.8	454.4	445.9	446.2	443.1	464.3	477.7
485.4	485.4	485.4	485.4	485.4	485.4	485.4	485.4	485.4	485.4	485.4	485.4	485.4	485.4	485.4	485.4	485.4	485.4	485.4	485.4	485.4	485.4	485.4	485.4	485.4	485.4	478.2	455.4	439.2	432.6	432	432	431.4	432	425.4	420	421.8	430.2	425.4	423	435	439.8	439.8	436.8	435.6	436.2	434.4	430.8	426.6	426	426.6	407.7	353.9	287.7	258.3	257.6	260.3	245	240.2	251.6	260.2	258.7	249.2	242.4	232.9	229.5	229.3	218.2	209	199.1	191.1	181.5	174.8	170.4	167.7	165.8	162.9	162.2	157.5	159.8	165.8	171	168.4	167.3	166.8	163.8	163.8	161.4	159.8	161.8	161.4	158	158.5	158	156.3	156.5	157.2	155.8	153.7	153.1	154.1	152.9	150.9	151	148.2	146.7	146.8	148.6	148.4	146.9	149.6	150.4	150.1	147.2	146.8	144.6	140.9	140.9	139.5	137	136.4	134.1	136.7	136	137.3	140.3	146.8	151.6	159.3	164.2	168.3	181.3	192.4	203.4	207.1	208	212.6	216.4	217.4	223.1	228.5	216.7	215.4	269.7	300.3	296.3	294.8	293.4	298.1	308.3	308.3	301.1	309.2	332.8	339.1	352.4	374.8	408.4	434.2	443.6	434.6	447.9	461.6	467.2	471.4	468.6	461.6	453.2	453.2	454.6	457.4	458.8	459.3	467.9	466.5	453.2	451.1	452.5	452.5	460.9	463.7	462.3	451.8	441.3	435.7	441.3	451.1	453.9	453.2	452.5	449	447.1	450.9	442	442.7
561	561	561	561	561	561	561	561	561	561	561	561	561	561	561	561	561	561	561	561	561	561	561	561	551.4	533.4	517.2	509.4	506.4	502.2	502.8	505.2	503.4	501.6	497.4	498	497.4	499.8	505.2	494.4	498.6	511.8	515.4	512.4	511.2	513	510.6	505.8	502.8	501	501	475.6	402	336.2	325.8	335.4	356.8	345.8	327.4	327.9	333.1	333.5	333.7	327.6	320.6	315.9	309.9	299.1	289.4	277.5	271.6	262.9	256.9	251.7	245	242.2	239.7	234.1	231.9	232.7	235.6	239.2	240	243.5	245.5	241.5	237.8	237.4	237.8	233.6	235.1	232.3	232.3	234	232.9	231.3	235.4	235.4	232.1	232.3	229.7	228.9	226.3	226.7	225.2	225.5	224.2	224.1	224.8	224.8	224.9	223	219.8	217.9	216.7	214.2	214.5	215.2	213.1	211.2	211.7	211.6	210.3	212.8	217.4	222.4	228.7	235.1	238.8	244.5	256	267.6	276.8	282.2	284.4	284.5	290.4	292.8	293.4	296.9	298.9	284	303.6	352.7	364.7	360.6	353.6	345.9	351.4	379.7	383.9	393	407.7	411.9	418.2	426.8	452.1	487.3	521	521.8	514.8	538.6	533.7	533	537.5	528.4	513.3	521.5	529.5	533	534.4	537.9	552.6	543.5	536.5	535.1	533	525.3	529.5	542.8	544.2	533.7	523.9	514.1	509.2	522.2	537.9	533.7	534.4	530.2	528.1	532.3	514.1	504.6	518.3
561	561	561	561	561	561	561	561	561	561	561	561	561	561	561	561	561	561	561	561	559.8	561	559.8	554.4	551.4	533.4	520.2	511.8	508.2	505.2	495.3	502.8	502.2	498	497.4	495.6	496.8	494.4	497.4	495.6	489.6	501.6	512.4	514.2	512.4	511.2	512.4	509.4	504	503.4	502.2	476	405.6	344.8	329	332.6	356.8	383.9	358.9	329.9	327	331	331.2	332.5	323.9	319.5	320.9	311.7	299.9	290.5	281.8	271.5	263.4	253.3	248.8	245.8	241.6	237.6	234.9	233.3	231.4	232.1	229.6	230.7	234	236.9	236.9	236.1	237.6	238.6	236.6	233.8	234.5	232.5	232.6	231.7	231.9	232.3	233.1	232.4	231.4	230.4	230.9	227.9	226.8	226.5	224.1	221.4	221.6	220.1	216.7	211.7	210.8	211.5	211.7	208.2	208.3	210.3	210.9	209.9	211.2	212.8	213.1	216.8	222.8	230.1	235.2	240.9	248.8	257.7	264.9	271.4	277.5	280.3	282.6	286.7	287.5	289.1	291.1	293.4	294.9	309.2	345.4	359.3	358.9	358.9	362.9	349.6	336.7	349.6	383.2	392.3	409.8	414	418.2	423.8	448.3	488.2	508.2	520.9	516.9	509.9	513.4	509.9	513.4	526.7	527.6	521.6	532.6	531.6	523.9	517.6	522.5	523.9	525.3	532.3	533	518.3	512.7	523.9	523.9	518.3	520.4	526.7	528.1	529.5	525.6	529.5	530.2	533	521.8	507.8	507.8	501.4	508.5
561	561	561	561	561	561	561	561	561	561	561	561	561	561	559.2	561	561	561	549.6	528.6	529.2	538.2	529.2	525.6	517.2	514.8	510	507	505.2	505.2	501.3	501	498.6	498	498	494.4	491.4	491.4	493.2	498.6	489.6	494.4	508.2	511.8	511.2	509.4	511.2	508.2	504	505.2	503.4	483.5	415.8	347.7	326.6	330.7	351	381	377.1	344.2	332.5	330.7	332.5	334.5	330.8	325.8	323.7	314.3	305.6	298.5	291.4	280.9	270.9	259	250.4	248.4	242.8	241.2	238.6	233.6	229.9	231.3	230.3	227.8	226.4	229.8	232.8	234	236.8	235.8	235.2	234.6	234.5	232.1	232.5	232.8	229.2	230.5	233.4	231.7	230.3	230.2	230.9	230.9	227.1	223.5	220	217.6	215.6	212.8	208.2	205.7	203.5	205.8	210.9	207.4	204.7	209.2	209.4	211.3	214.4	215.5	218.4	220.8	229.2	237.3	243	248.5	257.5	267.6	271.9	276	280.5	282.9	285.6	287.9	291.6	293.7	294.6	294.4	293.4	309	354.4	359.9	354	356.6	363.5	351.4	329	327.4	350.8	376.4	391.1	403.9	418.2	423.1	443.4	479.1	519.7	523.4	520.4	509.2	514.8	512.7	517.6	526.7	531.6	537.9	540	528.8	514.8	512	519.2	523.9	528.8	535.1	541.4	520.8	508.4	512.9	513.6	506	517.6	522.5	525.3	533	531.6	525.3	520.4	522.5	518.3	508.5	511.3	511.3	503.6
