204	204	204	204	204	204	204	204	204	204	204	204	204	204	204	204	204	204	204	204	204	204	204	204	204	204	204	204	204	204	204	204	204	204	204	204	204	204	204	204	204	204	204	204	204	204	204	204	204	204	204	204	204	204	204	204	204	204	204	204	204	204	204	204	204	204	204	204	204	204	204	204	204	204	204	204	204	204	204	204	192	177.4	174	166.2	159.2	159.4	156.8	148.2	142.2	147.6	147.4	139.6	137.6	147.2	153.2	154.2	162	164.8	164.2	162.8	160.6	154	154	148.2	126.8	116.6	128.4	135	134.6	123.6	113.8	112.2	109.8	109.4	112.4	111.6	112.4	112.4	113.2	114.4	115.2	114.4	116.4	120.4	122.4	122.8	122.4	121.6	128.4	133.2	131.6	136.8	141.6	141.6	152.8	172	189.2	204	204	204	204	204	204	204	204	204	204	204	204	204	204	204	204	204	204	204	204	204	204	204	204	204	204	204	204	204	204	204	204	204	204	204	204	204	204	204	204	204	204	204	204	204	204	204	204	204	204	204	204	204	204	204	204	204	204
204	204	204	204	204	204	204	204	204	204	204	204	204	204	204	204	204	204	204	204	204	204	204	204	204	204	204	204	204	204	204	204	204	204	204	204	204	204	204	204	204	204	204	204	204	204	204	204	204	204	204	204	204	204	204	204	204	204	204	204	204	204	204	204	204	204	204	204	204	204	204	204	204	204	201.2	190	182.4	176.8	175.6	158	140.2	135	134.8	126.8	119.6	110.4	101.2	95.4	87.4	84	84.6	85	83.4	84.8	94	104.8	117	123.2	120.6	120.6	123.4	124.8	126.4	122.2	104	101.4	103.2	94	89.2	88.8	90.8	91.6	88.8	85	86.4	100.4	108.8	106	106	108.4	108.4	108.8	109.6	110.4	110.8	108.4	111	114.4	114.4	114	116.4	117.2	117.2	121.6	124.4	128	136	155.6	175.6	190	204	204	204	204	204	204	204	204	204	204	204	204	204	204	204	204	204	204	204	204	204	204	204	204	204	204	204	204	204	201.6	199.8	200.6	197	199	204	204	204	204	204	204	204	204	204	204	204	204	204	204	204	204	204	204	204	204	204
204	204	204	204	204	204	204	204	204	204	204	204	204	204	204	204	204	204	204	204	204	204	204	204	204	204	204	204	204	204	204	204	204	204	204	204	204	204	204	204	204	204	204	204	204	204	204	204	204	204	204	204	204	204	204	204	204	204	204	204	204	204	204	204	204	204	204	204	204	204	202.8	204	204	199.6	190.8	179.2	172.8	170.4	156.4	141.6	130.2	120.4	112.8	113.6	106.4	96.2	88	82.8	82.8	81.8	82	84.4	84	87.4	87.8	83.4	93.4	104.4	105	105.2	111.4	109.4	113.8	110.6	98.6	96.8	92.4	85.6	82.8	79.8	83	86.2	86	84.6	78.6	81	94.2	100.8	103.2	97.8	104.8	108	108.4	108.8	109.6	109.4	107	112.6	114.4	114.4	114.4	115.2	115.6	116	118.4	124.4	131.2	137.4	151.6	173.2	190.8	203.2	204	204	204	204	204	204	204	204	204	204	204	204	204	204	204	204	204	204	204	204	204	204	204	204	204	204	204	204	197.8	198.6	202	198.6	200.8	204	204	204	204	204	204	204	204	204	204	200.8	200.6	201.8	202.2	204	204	204	204	204	204
204	204	204	204	204	204	204	204	204	204	204	204	204	204	204	204	204	204	204	204	204	204	204	204	204	204	204	204	204	204	204	204	204	204	204	204	204	204	204	204	204	204	204	204	204	204	204	204	204	204	204	204	204	204	204	204	204	204	204	204	204	204	204	204	204	204	204	204	204	199	196.8	185.6	171.6	163	150.6	138.6	132.8	116.6	101.6	94.8	86.4	79.8	78.6	76.4	75.4	74.2	78.8	82.6	80.2	83.4	85.2	80.4	82.4	79.2	80.2	79.6	73.6	72.8	74.6	80	84.8	96.6	98.8	86.8	84.6	89	92.4	80.8	76.6	75.2	72	78	77.6	69.8	71	70.2	72.2	83.2	90.8	90.2	87.4	98.2	105.4	107.4	106	103.6	104	108.6	110.4	110.8	112.4	113.2	114	113.6	113.6	115.6	115.2	111.4	116	126	136.4	156.4	180	200.4	204	204	204	204	204	204	204	204	204	204	204	204	204	204	204	204	204	204	204	204	204	204	204	204	204	204	204	204	204	204	204	204	204	204	204	204	204	204	204	202.2	201.2	199.8	198.6	200.8	204	204	204	204	204	204	204
204	204	204	204	204	204	204	204	204	204	204	204	204	204	204	204	204	204	204	204	204	204	204	204	204	204	204	204	204	204	204	204	204	204	204	204	204	204	204	204	204	204	204	204	204	204	204	204	204	204	204	204	204	204	204	204	204	204	204	204	204	204	204	204	204	204	204	202.4	199.2	198.4	188.8	171	158.8	150.8	132.4	120.6	105.8	93	85.8	84.2	80.2	76.6	73.4	69.8	69.6	75.3	82.4	79.7	72.1	74.6	76.9	78.9	83.1	80.9	77	76.4	67.8	66.7	73	73.9	74	88	90.9	81.4	82.6	84.6	89	81.1	74.9	74.1	73	75.2	75.6	69	68.2	67.8	69	78.8	85.6	85.8	81.6	91.2	102	108	108.8	104.8	104.8	106.4	109.6	110.4	112.4	113.2	113.2	113.6	112.8	113.2	114	113.6	111.8	120.4	126.8	139.2	157.6	182.4	201.6	204	204	204	204	204	204	204	204	204	204	204	204	204	204	204	204	204	204	204	204	204	204	204	204	204	204	204	204	204	204	204	204	204	204	204	203.4	204	204	202.8	200.4	202.8	202.2	204	204	204	204	204	204	204	204
204	204	204	204	204	204	204	204	204	204	204	204	204	204	204	204	204	204	204	204	204	204	204	204	204	204	204	204	204	204	204	204	204	204	204	204	204	204	204	204	204	204	204	204	204	204	204	204	204	204	204	204	204	204	204	204	204	204	204	204	204	204	204	204	199.2	188.4	181.6	173.6	165	155.2	145	132.2	124.6	118.2	110.6	97.2	87.8	79	73.2	73.6	74.6	81.6	77.8	69.5	69.2	70.4	72.2	72.1	69	68.4	73.8	73	73.1	75.1	73.1	70.7	68.2	71.9	77.7	77.2	77.5	77.1	73.3	76.2	80.5	80.2	73	68.2	70	71.4	69.7	66.4	71	70.4	65	64.8	66.8	66.6	70	73.8	77.4	80.4	77	84.6	97.8	107.2	108	108.8	109.6	108.8	109.6	109	109.2	108.4	107.8	108.6	108.4	108.2	111.2	114.4	116	117.2	119.6	127.8	146.6	172.8	197.6	204	204	204	204	204	204	204	204	204	204	204	204	204	204	204	204	204	204	204	204	204	204	204	204	204	204	204	204	204	204	204	204	204	204	204	204	204	204	204	204	204	204	204	204	204	204	204	204
204	204	204	204	204	204	204	204	204	204	204	204	204	204	204	204	204	204	204	204	204	204	204	204	204	204	204	204	204	204	204	204	204	204	204	204	204	204	204	204	204	204	204	204	204	204	204	204	204	204	204	204	204	204	204	204	204	204	204	200.4	204	204	204	203.2	192	184	174.8	166	147.4	139.8	135	125.2	114.4	110	100.8	86.3	78.1	71.6	68.1	70.9	74.1	78.1	74.8	69	69.4	68.4	69.2	73.8	73.9	72.4	74.6	79	77.6	80.4	74.2	70.8	73.7	69.3	71.9	77.6	71	61.5	66.3	71.5	69.2	66.9	63.2	61.3	67.4	67.5	63.8	66.7	65.8	66.4	67.2	65.1	62.9	62.7	67.6	79.2	82.8	72.8	76.2	85	99.4	106.8	107.6	108.4	108.4	108.4	108.8	107.6	104.2	107.2	112.6	106.8	101.6	107.8	113.2	114.4	115.2	114.2	112.6	119.6	132.8	155.6	184.4	204	204	204	204	204	204	204	204	204	204	204	204	204	204	204	204	204	204	204	204	204	204	204	204	204	204	204	204	204	204	204	204	204	204	204	204	204	204	204	204	204	204	204	204	204	204	204	204
204	204	204	204	204	204	204	204	204	204	204	204	204	204	204	204	204	204	204	204	204	204	204	204	204	204	204	204	204	204	204	204	204	204	204	204	204	204	204	204	204	204	204	204	204	204	204	204	204	204	204	204	204	204	204	204	204	204	202	194.8	198.8	200.4	191.6	180	175.6	165.2	152.4	141.2	118.8	102.8	101.6	100	97.2	94.4	91.2	80.7	74.1	68.2	70.3	71.3	74.5	75.4	72.4	71.8	67.2	65.2	68.6	74.8	75.2	74.4	76.3	73.9	72.1	77	72.8	67.1	63.1	66.4	65.2	64	67.6	62.1	57.1	58.1	63.9	63.1	58.4	55	56.9	64.5	63.6	63.3	64.9	59.4	57.6	63.2	64.1	63.2	61.4	62.7	72	72	68	71	78	90.4	97.6	95.6	94.8	94.6	97.6	96	105	103.4	96	96.6	98	107.6	113.6	109.4	109.8	111	114	115.6	116.8	119.6	130.4	156.4	183.2	200.4	204	204	204	204	204	204	204	204	204	204	204	204	204	204	204	203.2	204	204	202.2	202.2	204	204	204	204	204	204	204	204	204	204	204	204	204	204	204	204	204	204	204	204	203.2	201.8	199	197.4	203.2
204	204	204	204	204	204	204	204	204	204	204	204	204	204	204	204	204	204	204	204	204	204	204	204	204	204	204	204	204	204	204	204	204	204	204	204	204	204	204	204	204	204	204	204	204	204	204	204	204	204	204	204	204	204	204	204	204	204	199.2	192	192.8	191.2	182.4	174.8	167.6	155.6	145.6	134.2	107.6	91.2	92	90	87.2	83.8	79.7	72.4	72.9	77.2	76	73.2	77.4	74	70	71.8	67.2	64.3	65.6	71.1	67.7	65	67.9	65.8	62.9	64.7	62	60.3	59.6	62.4	60	60	65.4	63.4	57.3	54.5	59.1	58.8	55.2	50.8	50.6	53.2	54.3	54	54.2	50.2	48.2	52.6	53	52.7	53.3	54.3	62.7	68	65.5	68.4	70.6	80.6	88.2	89.6	88.2	93.2	101.4	98.2	104.2	104	95	90.4	92.6	103.8	108.4	104.4	111.2	113.2	114.4	115.2	116	116.8	121.2	138.4	162.8	187.6	204	204	204	204	204	204	204	204	204	204	204	204	204	204	204	202.8	204	204	204	204	204	204	204	204	204	204	204	204	204	204	204	204	204	204	204	204	204	204	204	204	204	203.4	200.6	199.4	204
204	204	204	204	204	204	204	204	204	204	204	204	204	204	204	204	204	204	204	204	204	204	204	204	204	204	204	204	204	204	204	204	204	204	204	204	204	204	204	204	204	204	204	204	204	204	204	204	204	204	204	204	204	204	204	204	201.2	191.6	184.4	179.2	172.8	166	162.4	155.6	142.8	131.6	125.2	121.2	114.8	105.2	87.8	80	74.9	69.7	66.4	71.1	78.8	75.8	71.2	72.5	73.6	76.6	77.2	78.4	75.6	69.1	63.8	64.1	67.4	61.4	62.7	67.8	66.2	58.4	57.2	63.4	59.8	55.4	59.8	56.7	56.4	61	56.3	49.7	52.1	53.5	50.2	48.5	50.2	49.8	50	51.2	52.4	50.9	46.3	46.3	47.4	46.9	47.3	49	50.3	52	55.9	57.4	60.5	63.9	65.8	71.4	76.6	88.2	90.6	90.4	98.4	93.6	84.8	86.8	89.8	87.4	89.8	95.8	108.2	115.6	116	114.4	114.4	116	115.6	116	122.4	138.8	168	201.6	204	204	204	204	204	204	204	204	204	204	204	204	204	204	204	204	204	204	204	204	204	204	204	204	204	204	204	204	204	204	204	204	204	204	204	204	204	204	204	204	204	204	204
204	204	204	204	204	204	204	204	204	204	204	204	204	204	204	204	204	204	204	204	204	204	204	204	204	204	204	204	204	204	204	204	204	204	204	204	204	204	204	204	204	204	204	204	204	204	204	204	204	204	204	204	204	204	204	203.2	196.4	188.8	181.2	177.6	170	164	159.2	145.6	136	130	124.8	116.8	110.2	106.2	87.5	80.2	74.2	70.2	70.2	74.6	77.4	73.4	70.4	70.2	70.1	70.3	72.7	72.7	71.5	67.9	58.6	57.8	64.4	59.8	57.2	61.7	62.6	53.9	54.7	59.9	55.4	54.5	57.7	55.4	54	55.7	50.6	48.4	48.4	48.7	47.2	47.1	48.9	48.8	48.1	48	49.7	49.6	45	45.9	46	45.3	46.4	45.7	44.8	45.7	45.3	45.6	47.5	49.5	51.3	56.7	66.3	78.8	87.3	90.2	97	92.2	82	84.6	86.2	77.6	79.2	91.4	101.2	109.4	112.8	113.2	116	115.6	114	115.6	117.8	125.2	142.8	167.2	186	204	204	204	204	204	204	204	204	204	204	204	204	204	204	204	204	204	204	204	204	204	204	204	204	204	204	204	204	204	204	204	204	204	204	204	204	204	204	204	204	202.6	203
204	204	204	204	203.7	204	204	204	204	204	204	204	204	204	204	204	204	204	204	204	204	204	204	204	204	204	204	204	204	204	204	204	204	204	204	204	204	204	204	204	204	204	204	204	204	204	204	204	204	204	204	204	204	196	187.6	182.8	180	174	168	158.4	147.2	136	120.4	113.4	113	109.8	100	89.2	86.4	83.4	76.7	80.3	77.7	75.3	73.7	73.4	68.3	68.3	68.2	65.4	64.1	61.2	60.7	60.9	57.9	58.3	58	51.1	53.5	59.3	56.4	55.5	57.6	51.4	50.4	52.6	52.5	50.3	51.7	54.6	61	57.2	48.5	47.6	47.4	46.9	47.2	47.3	47.8	47.4	47.6	45.3	45.3	46.1	45.1	46.4	45.9	45.4	46.3	45.6	45.2	45.2	43.1	42.3	43.3	44.5	46.6	48.9	50.5	55.1	64.6	73.3	77.8	76.6	75.2	77.6	76.8	68.8	67.6	80.8	83.8	81.8	95.6	105.2	112	116	115.6	114.4	114.4	115.6	118.4	128	156	196	204	204	204	204	204	204	204	204	204	204	204	204	204	204	204	204	204	204	204	204	204	204	204	204	204	204	204	203.4	204	204	204	204	204	204	204	204	204	204	200.4	195.6	193.8
204	204	204	204	204	204	204	204	204	204	204	204	204	204	204	204	204	204	204	204	204	204	204	204	204	204	204	204	204	204	204	204	204	204	204	204	204	204	204	204	204	204	204	204	204	204	204	204	204	204	204	204	204	192.8	183.2	178.4	176.8	172.8	162.4	150.8	140.4	127.8	107.8	104.8	106	99.4	92	80.8	76.1	70.9	68.4	76	73.8	68.4	63.3	60.3	57.3	57	57.3	55.8	56.2	56.1	56.1	57.3	55.2	55.1	55.1	50.4	50.8	54.9	51.1	50.5	51.8	48	48.6	50.3	49.8	46.8	50.3	54.8	59.4	54.8	47.5	46.5	48.4	47.5	47.2	48.8	49.9	48.7	45.7	46	45.5	45.7	44.4	45.8	45.3	45.9	46.2	45.6	45.5	48	46.2	43.4	43	43.7	44.3	46.6	48.5	49.7	53.4	58.8	66.9	72.7	72.4	73.2	72.2	64.8	64.8	72.6	76	74	83.6	96.4	106.2	114	116	114	115.6	116	116.4	121.6	136.8	177.2	204	204	204	204	204	204	204	204	204	204	204	204	204	204	204	204	204	204	204	204	204	204	204	204	204	204	204	203.4	204	204	204	204	204	204	204	204	204	204	204	200.6	197.4
204	204	204	204	204	204	204	204	204	204	204	204	204	204	204	204	204	204	204	204	204	204	204	204	204	204	204	204	204	204	204	204	204	204	204	204	204	204	204	204	204	204	204	204	204	204	204	204	204	204	204	204	194.8	180.4	170.8	167.2	166	159.6	145.6	131	114.8	99	87.4	82.2	78.6	76.2	73.2	70	68.1	61.2	59.9	63.2	61	59.1	57.4	56.6	54.6	53.3	53.9	54.1	53.5	52.9	53.5	53.6	54.8	55.3	55.2	52	48.5	46.4	44.8	45.2	45.6	43.6	45.9	45.6	45.5	45	46.3	53.9	53.5	46.9	44.8	44.8	46.5	45.3	45.9	46.5	47.1	46.5	45.8	46.7	45.2	45.1	44	43.8	44	45.1	44.3	42.9	42.8	44.9	44.3	43.8	44.4	43.6	43.5	43.2	45.3	47.7	49.9	50.4	53.9	61.5	62.4	62.2	63.6	64.6	63.2	65.6	71.6	69.8	69	75	84.4	99.8	113.2	115.6	115.2	116.4	116.8	116.8	118.4	126.4	153.4	192.8	204	204	204	204	204	204	204	204	204	204	204	204	204	204	204	204	204	204	204	204	204	204	204	204	204	204	204	204	204	204	204	204	204	203	203	203.2	204	204	204
204	204	204	204	204	204	204	204	204	204	204	204	204	204	204	204	204	204	204	204	204	204	204	204	204	204	204	204	204	204	204	204	204	204	204	204	204	204	204	204	204	204	204	204	204	204	204	204	204	204	204	198.4	185.6	174.4	168.4	164	159.2	150	134	119.2	104.6	90.4	81	75.4	72.8	71.8	70.5	64	61.3	58.6	59.2	59.6	57.6	56.2	55.6	53.6	53.2	52.5	50.7	50.7	49.8	50	49.3	49.3	50.7	53.9	56	55.2	51.8	50	49.4	49.7	48.9	46.7	48.8	47	46.7	46.7	46.3	50.2	49.4	46.1	44.2	43.6	43.8	44.3	44.9	45.1	45.1	45.1	45.3	47.2	46.9	46.4	46.2	45.5	45.7	45.9	45.9	44.8	45.4	44.9	44.6	44.7	44	43.2	43.3	43.9	45.3	46.5	47.4	48.7	51.3	56.3	64	61.4	62.4	64	63.2	63.2	68.6	69	66.8	71	79.8	95.4	110.8	115.2	115.6	116	116.8	117.2	118.4	120	134.4	170.8	204	204	204	204	204	204	204	204	204	204	204	204	204	204	204	204	204	204	204	204	204	204	204	204	204	204	204	204	204	204	204	204	204	202.2	204	204	204	204	204
204	204	204	204	204	204	204	204	204	204	204	204	204	204	204	204	204	204	204	204	204	204	204	204	204	204	204	204	204	204	204	204	204	204	204	204	204	204	204	204	204	204	204	204	204	204	204	204	200.4	192	181.6	173.6	171.2	166	158.4	148.4	137.6	120	99.6	86.4	78	72.6	70.4	69.2	66.6	67	65.5	57.8	53.5	51.5	52.9	54.7	53.5	52.6	53.6	51.3	49.4	48	45.1	44.8	45.4	45.3	45.3	44.7	45.6	47.1	47.9	50	49.2	48.8	48.4	50.4	48.8	46.4	46.9	47.3	46.4	44.6	44.4	47.4	45.9	43.1	42.3	41.8	41.9	41.7	43.3	42.9	41	41.3	42.3	44	44.2	43.7	44.3	45.7	46.1	46.7	46.2	44.8	45.2	44.7	43.8	43.3	44.3	43.1	42.2	41.9	42.9	43.7	45.1	46.5	47	49.1	57.9	59.2	60	60	62.4	63.2	63.4	64.2	65.6	66.2	72.6	89.8	105.6	112.4	114	114.4	114.4	116.4	118.4	117.2	118.4	122	145.6	188.8	204	204	204	204	204	204	204	204	204	204	204	204	204	204	204	204	203.6	202.6	203.4	202.8	204	204	204	204	204	204	204	204	204	204	204	204	204	204	204	204	204
204	204	204	204	204	204	204	204	204	204	204	204	204	204	204	204	204	204	204	204	204	204	204	204	204	204	204	204	204	204	204	204	204	204	204	204	204	204	204	204	204	204	204	204	204	204	204	201.6	196.4	187.2	175.6	168.8	168	161.6	151.6	141.6	131.2	118	99.8	83.8	79.6	73	70.2	68.6	66.2	60.2	54.1	51.4	51.9	51.2	50.3	50.2	49.2	49.3	49.8	47.3	45	43.1	41.6	41.5	40.8	40.9	41.7	42.2	44.7	44.9	44.1	45.7	44	45.1	46.6	48.3	48.8	50.2	52.1	51.5	50	48.6	46.3	47.5	47.5	46.3	45.7	44.1	42.3	43.6	46.2	45	43.3	43.1	43.4	43.7	43.5	41.9	42.1	44	44.9	46.8	47.3	45.1	44.8	45.3	44	43.7	43.8	44.8	43.9	42.2	42.5	42.8	43	43.8	45.3	46.9	51.2	56.5	58.5	60	62.2	63.8	63.2	63	64.2	65	67.8	76.6	90.8	105.4	113	114	114	115.6	118	117.2	118	120	130.4	170	201.8	204	204	204	204	204	204	204	204	204	204	204	204	204	204	204	203.6	201.4	202.8	204	204	204	204	204	204	204	204	204	204	204	204	204	204	204	204	204	204
204	204	204	204	204	204	204	204	204	204	204	204	204	204	204	204	204	204	204	204	204	204	204	204	204	204	204	204	204	204	204	204	204	204	204	204	204	204	204	204	204	204	204	204	204	203.2	196.4	188	179.6	173.2	167.2	162.4	156	145.2	132.8	115.4	108.2	102.4	86.2	75	71.4	68.6	67.2	64.4	64.1	56.7	52.3	50.8	48.9	48.9	49.2	50	49.7	47.6	45.2	43	42.8	42.6	41	40.2	40.3	40.2	40.3	40.2	41	41.6	43.3	43.5	42.1	42.9	43.9	45.2	46.9	49.2	50.7	50.5	49	48.1	46.9	45.6	43.2	43.9	44.6	44.8	44.7	45.4	45.6	45.2	44.2	44.6	44.4	42.7	42.8	42.5	42.3	41.8	42.3	44.7	45.5	44.9	44.6	45.1	44.5	43.5	43.7	44.5	44.3	44.8	44.6	42.8	43	43.7	43.4	44.7	46.7	52	56.7	58.3	60.4	62.6	62.6	63.4	64.2	64.2	63.6	64.2	67.8	74.8	84.8	102.2	109.6	106.2	111.4	118.4	119.2	119.2	120	123.2	149.6	191.2	204	204	204	204	204	204	204	204	204	204	204	204	204	204	204	204	204	204	204	204	204	204	204	204	204	204	204	204	204	204	204	204	204	204	204
204	204	204	204	204	204	204	204	204	204	204	204	204	204	204	204	204	204	204	204	204	204	204	204	204	204	204	204	204	204	204	204	204	204	204	204	204	204	204	204	204	204	204	204	204	198.4	190.4	180.4	174.4	169.6	162	156.8	149.6	138.2	123	105	95.7	81.9	70.3	64	61.3	62.4	63.9	62.1	55.1	51.9	50.4	48.8	48.6	49.5	50.9	49.3	46.6	45.1	43.2	41.6	42	40.7	41	41.6	41.6	41.7	41.7	42.7	42.4	42.4	41.7	40.4	38.6	38.9	40	40.7	42.2	43.5	46.2	48.8	49.6	50.7	49.1	45.7	41.9	41.6	42.4	42.1	43.8	43.8	43.3	43.9	43.3	43.9	44.2	43.2	44.1	42.7	41.5	40.4	40.2	41.7	42.3	42.2	43.7	43.6	43.4	42.9	42.2	42.6	43	44.1	44.2	43	43	44.2	45.6	44.3	45.2	47	49	50.9	53.2	58.3	63.1	63.4	63.8	63	62.4	65.2	67	74.8	85.2	99.8	113	111	112.8	118	119.6	118	119.2	119.6	131.6	170.4	204	204	204	204	204	204	204	204	204	204	204	204	204	204	204	204	204	204	204	204	204	204	204	204	202.6	202	204	204	204	204	204	204	204	204	204
204	204	204	204	204	204	204	204	204	204	204	204	204	204	204	204	204	204	204	204	204	204	204	204	204	204	204	204	204	204	204	204	204	204	204	204	204	204	204	204	204	204	204	196.8	188.4	182	174	168.4	165.6	157.6	149.6	141.6	131.8	119	102.6	87.4	79.4	69.2	60.1	63.5	61.1	56.6	59.2	57.8	53	52.9	51.2	48.3	49.8	51.3	48.4	44.7	43	42	41.5	40.7	40.4	40.8	41.4	41.7	41	40.2	40.9	41.6	42.5	42.4	41.7	40.7	39.8	38.4	37.9	37.9	39.6	40.8	41.3	44.2	47.3	48.7	50.3	47.8	45.4	43.2	42	41.8	43.4	43.4	41.9	41.7	40.9	41.7	42.2	43	42.9	42.8	41.1	39.7	39.9	39.9	40.7	40.1	40.7	41.3	41.5	41.9	40.8	42.1	42.5	43	43.3	43.4	44.2	44.3	44.3	45	46.7	47.3	48.9	50.9	52.3	53.2	55.5	59.9	62.8	64.8	64	65.8	69	72.2	79.8	84.6	103.6	113.2	112.4	113.2	116.8	118.4	118.4	117.2	118.4	124	148	188.8	204	204	204	204	204	204	204	204	204	204	204	204	204	204	204	204	204	204	204	204	204	204	204	203.2	204	204	204	204	204	204	204	204	204
204	204	204	204	204	204	204	204	204	204	204	204	204	204	204	204	204	204	204	204	204	204	204	204	204	204	204	204	204	204	204	204	204	204	204	204	204	204	204	204	204	204	201.6	192.8	182.4	173.7	166.8	163.2	161.2	152.4	144.4	136	125	107.4	93.6	79.6	66.8	61.5	60.5	61.5	55.7	55	52.1	51.4	52.2	51	49.8	50.6	51.6	48.8	45.2	42.9	42.4	41.3	40.9	40.1	40.7	40.3	40.6	40.7	39.8	38.5	39.4	39.7	39.8	40.1	41.5	43.9	44.6	44	41.3	39.4	38.1	37.3	36.9	38.2	39	41.3	45.5	46.8	47.8	47.8	46.2	43.7	44.7	44.5	42.4	41.7	42.2	42.9	42.1	41	42.2	41.5	40.5	40.2	40.5	40.5	40	40.5	39.3	39.5	39.9	40.9	41	41.4	41.7	42.4	42.3	43.2	44.7	45.4	43.2	42.7	44.3	45.7	46.5	48.7	50.2	50.3	51.7	55.3	57.8	60.5	62.2	63.2	65.8	69.2	74	79.8	97	113.2	111.6	112.4	116.4	118.4	117.2	118	118.4	120	130.4	167.6	204	204	204	204	204	204	204	204	204	204	204	204	204	204	204	204	204	203.6	201.6	202.8	204	204	204	204	204	204	204	204	204	204	204	204	204
204	204	204	204	204	204	204	204	204	204	204	204	204	204	204	204	204	204	204	204	204	204	204	204	204	204	204	204	204	204	204	204	204	204	204	204	204	204	204	204	202	193.2	185.6	177.6	170	162	158.4	154	146.8	139.6	130.8	116	99	86.8	79	69.5	59.1	55.2	57.9	57.5	52.9	53	51.6	49.2	49	49.1	50	49	46.3	43.8	42.3	42.2	41.9	41.4	40.6	40.3	40.1	40.8	40.3	37.9	38.4	39.1	39.2	38	38.1	39.9	40.4	41.4	42.3	44.7	44.1	41.5	40.9	39.5	36.6	36	36.6	37.2	38	40.7	44.3	46.9	46.7	45.8	44.3	44	43.5	42.9	42.1	42	42.9	42.4	42.9	42.1	40.8	40.3	41.6	41.2	40.2	39.6	39.9	39.8	39.6	40.2	40.9	40.5	41.2	41.7	41	41.9	43.3	42.7	43.4	43.4	43.8	44.1	44.3	45.9	46	49.2	51.8	53.4	56.6	59.5	62.1	64.2	65.6	70.2	76.2	71	79.6	98	112.4	112.8	112.8	115.2	117.2	117.2	118	117.2	119.2	127.2	157.6	197.2	204	204	204	204	204	204	204	204	204	204	204	204	204	204	204	201.8	197.6	202.8	204	204	204	204	204	204	204	204	204	204	204	204	204
204	204	204	204	204	204	204	204	204	204	204	204	204	204	204	204	204	204	204	204	204	204	204	204	204	204	204	204	204	204	204	204	204	204	204	204	204	204	204	204	197.2	188	180.4	174	168	161.6	156.4	150.4	143.2	132.2	121.6	113.2	98.6	77.5	66.4	60.6	54.5	53.2	57.1	53.7	51.6	49.1	49.4	49.3	47.8	48.5	48.4	46.4	43.5	42.1	41.5	40.4	39.8	39.9	39.5	39	39.2	38.5	38	36.2	36.5	36.5	36.6	35.6	35.9	37.5	38.2	38.6	37.5	40.5	42.3	43.6	45.4	44.7	42.9	39.6	38.2	36.1	34.8	35.2	35.9	39.8	43	45.2	45.9	47	45.6	44	42.5	42.8	43.1	43.8	44.3	44.6	43.8	42.8	42.6	42.1	41.6	40.8	40.7	40.9	40.1	41.2	41.9	42.1	41.9	41.9	41.3	41.6	40.6	40.3	42	43	43.2	44.2	44.9	44.1	44.8	45.5	47.2	47.5	49.6	55.1	61.1	65.8	64.6	70.6	76.8	70.4	81.8	95.8	109.4	112.4	111.6	113.6	117.2	116.8	116.4	117.2	118.4	123.2	141.2	182.4	204	204	204	204	202.8	204	204	204	204	204	204	204	204	204	204	203.6	200	204	204	204	204	204	204	204	204	204	204	204	204	204	203.4
204	204	204	204	204	204	204	204	204	204	204	204	204	204	204	204	204	204	204	204	204	204	204	204	204	204	204	204	204	204	204	204	204	204	204	204	204	204	202.4	194.4	188	179.2	172.8	168.8	163.2	156.8	150	140.4	129.6	103.4	88.4	84.4	72.9	70.9	65.8	58.8	53.1	50.9	54	50.7	48.9	48.2	49	50.4	47.9	45.2	44.2	43.6	41.6	41	39.8	38.7	39.1	39	39	38.7	37.6	36.6	36.4	36	35.1	31.9	29.2	28.7	28	27.4	24.9	22.2	23.8	27.1	28.4	28.8	31.3	31.6	28.8	28.1	25.7	22.8	18.8	16.5	16.4	17.5	20.8	27	31.6	35.8	38.2	39.4	40.3	39.8	39.6	39.3	42.9	44.1	44.5	44.6	44.8	44.2	43.2	42	41.5	41.5	41	41.1	42	41.6	41.5	41.1	41.4	41.7	41.3	40.8	41.6	42.5	43.3	43.6	45.3	45.6	44.9	43.9	45.1	47.4	47.7	48.9	55.2	64	68.9	71.4	68	67	75	90.4	104.6	104.2	106.6	111.2	114	116.4	116	116.8	118	118.4	122.4	135.2	172.8	204	204	204	202.6	203.2	204	204	204	204	204	204	204	204	202.2	202	204	204	204	204	204	204	204	204	204	204	204	204	204	204	204
204	204	204	204	204	204	204	204	204	204	204	204	204	204	204	204	204	204	204	204	204	204	204	204	204	204	204	204	204	204	204	204	204	204	204	204	204	204	197.2	188	182	176.8	172	167.6	161.6	152	143.4	133.7	112.6	92.6	82	69.7	62.6	62.5	56.9	54	51.2	51.7	52.6	49.6	48.7	49.4	49.4	48.8	46.5	44	42.1	41.2	40.6	39.4	39.1	38.6	38.5	37.6	37.3	37.1	35.4	34.3	33.1	32.5	25.7	22.5	22.3	22.1	19.7	16.2	13.3	14.6	14.7	15.3	16	15.9	17.4	19.6	19.7	20.4	21.5	21.1	18.8	16.7	15.3	12.8	12.2	13.9	16.6	21.6	26.7	31.4	34.5	35.3	35.9	38.3	41.7	45.1	44.3	43.2	43.6	44	44.2	44.3	45.4	44.5	44.5	43.6	42.6	42.9	42.8	43.9	43.6	44	44.7	44.1	44.1	43.8	44.9	44.2	45.1	45.8	45.8	46.3	46.8	48	48.3	48.3	52.5	57	63.5	68.3	64.3	64.6	72.2	90.4	104.6	102.2	106.8	111.2	112.4	116.4	116.8	116.4	117.2	118	121.2	125.6	152.4	196.4	204	204	204	202.8	203	204	204	204	204	204	202.8	201.2	202.8	204	204	204	204	204	201.4	204	204	204	204	204	204	204	204	204	204
204	204	204	204	204	204	204	204	204	204	204	204	204	204	204	204	204	204	204	204	204	204	204	204	204	204	204	204	204	204	204	204	203.7	204	204	204	202	192.8	179.6	172	170.4	169.6	165.6	158.4	149.9	139.8	121.8	120.2	115.3	96.7	77.7	63.6	62	57.2	51.3	50	50	50.2	52.4	49.7	47.6	48.6	48.8	45.7	44.1	43.7	40.7	39.4	38.5	39	39.1	38.3	37.7	36.8	35.9	32.4	24.7	18.1	15.3	14.3	11.7	8.9	9.4	8.5	8.4	7	6.9	8.4	7.4	8.1	8.9	10.6	13.6	14.4	16.6	18	18.9	18.7	18.6	17.7	16.4	13.4	10.8	10.6	10.5	10.4	11.8	14	16.7	19.4	22.3	25.2	28.3	35.4	39.8	38.9	40.9	42	42.5	43.1	45.3	45.1	44	43.8	43.7	43.2	43.2	44.6	44.5	45.1	45.6	45.3	45.2	43.9	44.6	44.8	43.6	44	45.6	45.7	44.9	44.7	45.2	47.3	50.1	53.6	56.6	64.3	66.1	64.6	68.5	78.3	98.6	107.6	109.6	110.8	110.8	112.8	116	116.8	116	114.4	114.4	117.2	120.4	137.6	173.6	204	204	204	203.4	204	202.8	202.2	203.6	203.4	201.8	203.6	204	204	204	204	204	204	202	199.2	197.6	197.6	197.6	203	204	204	204	204	204
204	204	204	204	204	204	204	204	204	204	204	204	204	204	204	204	204	204	204	204	204	204	204	204	204	204	204	204	204	204	204	204	204	204	204	204	199.2	188.8	176.8	168	166.8	166.8	156.8	143.1	136.6	129.8	108.4	101.7	94.8	79.3	65.2	58.9	56.5	53.3	50.9	50.4	50.1	50.8	51.3	47.8	47.7	47.8	46.2	43.8	42.6	40.9	39.3	38.3	38.1	38.7	38.1	36.1	35.5	33	28.8	27.3	23.3	16.6	12.6	11.7	10.9	9.1	9.2	8.6	7	6.5	6.4	7.1	5.8	6	6.8	7.8	9.1	9.5	11.1	13.2	15.6	16.1	17.9	18.7	19.7	18.6	17.8	16.2	14.2	11.7	11.2	11.1	11.8	12.8	14.1	15.5	18.7	23.5	27.9	32.2	37.5	39.7	40.1	41.4	44.4	44.8	44.5	44.7	44	44.1	44.8	45.2	44.4	44.1	44	43.6	43.5	43	42.6	43	42.8	42.5	42.5	43	42	40.7	41.8	44.4	46	48.4	51.2	58.6	61.4	60.1	60.4	67.3	87.7	100.6	109.3	111.2	110.8	111.2	115.2	118	116	114.4	114	116.8	118.4	124	149.4	193	204	204	204	204	203	200.4	204	204	204	204	204	204	204	204	204	204	204	201.4	195.6	195.6	198.8	204	204	204	204	204	204
204	204	204	204	204	204	204	204	204	204	204	204	204	204	204	204	204	204	204	204	204	204	204	204	204	204	204	204	204	204	204	204	204	204	204	204	192.8	179.2	168	162	160.4	155.8	141.6	131	125.5	108.5	89.3	83.6	69.2	58.3	57.7	55.7	54	52.7	49.6	48.8	48.6	49.6	51.2	49.8	47.7	46.1	45	44	40.9	39.3	39.4	38.6	38.3	36.7	28.5	24.1	21.5	16.9	13.2	12	11.5	10.2	9.4	9.2	8.8	8.3	6.7	6.1	6.4	7.5	7.2	5.6	5.3	5.4	6.2	7.8	8.8	7.2	7.1	9.4	12.6	14.8	15.5	16.9	17.9	18	19.2	19	17.4	15	12.8	10.7	11	10.3	11.6	12.9	14.7	16.8	18.5	20.3	22.6	27.3	30.2	33.4	38.1	42.4	44.5	44.3	44.1	44.9	45.4	43.6	43.7	43.1	40.7	39.9	40.1	40.4	40.7	39.2	41.3	42.4	42.6	41.2	40.7	39.7	40.7	41.3	43.7	45.9	46.7	49.6	53.9	55.6	58.2	56.4	69.8	90.4	103.4	110	112.8	111.6	111.2	116	117.2	115.6	114	115.6	118	117.2	122	144.4	188	204	204	204	204	204	204	204	204	204	204	204	204	204	204	204	204	204	204	204	204	204	204	204	204	204	204
204	204	204	204	204	204	204	204	204	204	204	204	204	204	204	204	204	204	204	204	204	204	204	204	204	204	204	204	204	204	204	204	204	204	204	199.2	188.8	176	167.2	162.4	157.4	141.6	134.8	139.5	125.8	96.1	89.8	79.5	59.5	56	56.4	54.9	54	53.5	52.2	51.4	50.4	51.5	50.7	48.6	46.4	45.4	43.5	42.1	39.7	38.9	39.2	36.9	33.4	27.8	22.3	18.2	15.1	13	12.6	11.9	10.6	10	9.7	9.5	8.9	8.8	7.1	6.8	6.5	7.7	7.9	6	5.2	5.6	6.2	7.3	8	7.6	6	7.1	8.5	8.8	9.1	9.8	10.2	11.8	13.6	15.3	18.1	18.6	16.8	16	16	14.8	14.3	14	14	14.8	16.1	18.8	20.1	21.5	23.8	28.4	32.4	38.4	41.8	42	42.3	43.5	42.6	42.7	43	41.5	39.4	37.9	36.8	36.4	36.5	35.8	36.7	38.4	38.8	39.2	38.6	39	39.2	38.7	39.7	42.1	42.7	43.6	44.6	44.5	47.1	48.6	57	75.3	85.4	93.5	107.3	110.6	109.8	115.6	116.8	115.2	113.6	114.4	116.8	116.8	119.2	134	174	204	204	204	204	204	204	204	204	204	204	204	204	204	204	204	204	204	204	204	204	204	204	204	204	204	202.8
204	204	204	204	204	204	204	204	204	204	204	204	204	204	204	204	204	204	204	204	204	204	204	204	204	204	204	204	204	204	204	204	199.6	196	191.2	184	176.4	170.4	164.4	156.1	139.2	134.5	134.5	114.4	92.3	78.8	73	68.6	64.8	59	55.9	53.7	53.7	52.7	52.4	51.9	52.8	53	48	45.4	45.5	45.9	43.9	40.6	38.1	34.8	31.3	24.2	18	14.1	12.9	12.4	11.3	10.3	11.4	9.8	9.4	9.9	9	8.5	9.2	8.7	7.9	7	7.5	9	8.1	6.2	5.9	6.3	7.2	7.2	8	8.3	7.6	7.8	8.3	8.6	6.7	7.9	8.4	10	11.6	13.8	15.7	16.6	17	17.1	17.6	16.2	14.2	14	14.2	14.1	15.4	17.6	18.3	17.1	18.6	22.2	24.8	30.4	35.5	38.7	43.8	42.9	42.1	42.3	41	39.8	38.4	36.6	36.2	35.4	36.3	36.6	36.6	37.2	38.1	37.5	37.8	39.1	37.9	37.6	38.2	38.2	39.4	41.4	41.7	41.4	40.8	42.5	44.7	47.2	53.4	61.5	74.4	82	92.4	108.8	115.2	116.8	116.8	113.6	114.4	116.8	117.2	120	134	173.2	204	204	204	204	204	204	204	204	204	204	204	204	202.8	203.4	203.6	204	204	204	204	204	204	204	204	204	204
204	204	204	204	204	204	204	204	204	204	204	204	204	204	204	204	204	204	204	204	204	204	204	204	204	204	204	204	204	204	204	204	196.8	191.6	187.2	178.8	170.8	164.8	156	139	132.4	131.4	118.3	96.8	81.7	77.3	67.4	61	60.2	55.5	53.8	53	53.7	53.6	52.5	52.7	53.6	49.7	45.4	43.7	45.1	44.2	41.9	37.1	33.3	29.8	25.2	18.3	13.5	13	12.4	11.8	10.8	11.3	10.4	9.1	9.5	9.8	9.3	7.7	8.2	8	7.8	7.4	7.9	8.5	7.4	6.6	6.6	7	7	7.5	8.1	8.5	8.3	7.7	8.7	9.3	8.1	7.6	7.7	8.5	9	9.8	10.3	10.7	12.3	13.2	15.5	15.6	14	14.3	14.7	14.4	15.5	16.7	17.3	18.1	18.4	18.8	22.9	25.8	30.6	35.6	42	41.5	41	40.3	40.6	40	39.2	38	38.8	38.2	37.4	36.9	35.9	35.8	37.2	36.5	36.6	37.1	37.2	36.3	36.5	37.3	38.1	40.4	41.3	41.1	41.1	40.9	41.7	44	47.6	51	54.6	63.9	77.6	95.2	113.6	116.4	116.4	114	113.6	116	116.8	119.2	126	154.8	195.6	204	204	204	204	204	204	204	204	204	204	204	204	204	203.6	202	204	204	204	204	204	204	204	204	204
204	204	204	204	204	204	204	204	204	204	204	204	204	204	204	204	204	204	204	204	204	204	204	204	204	204	204	204	204	204	204	204	190.8	182.4	176	166	158.8	153.6	141.3	130.1	123.8	114.2	102.7	84.4	70.1	64.7	66.2	62	57.2	54	50	51.4	52.6	51.3	52.9	52.5	50	45	40.9	41.6	43.5	37.9	28	20.1	16.6	14.3	13.1	13.8	13.7	12.3	11.7	10.8	10.4	9.8	9.1	9.4	9.5	9.6	10	9.1	7.6	9.2	7.7	7.8	8.8	8.9	7.4	6.9	7.1	7	8	8	8.8	8.3	7.3	8.3	9.3	10.1	8.7	9	7.7	8.3	8.5	9	10.2	10.2	11	12.6	14	15.6	14.8	14.4	14.9	15	14	14.2	15.7	16.6	16.9	16.9	19.1	20.9	24.1	28.3	33.3	39.1	40.7	39.9	40.3	39.7	38.5	38	38.6	38.7	38.5	38.7	38.1	36.9	37	38	37.7	36.5	36.8	37.5	37.6	38.3	38.6	39.1	41.4	41.1	40	39.8	39.8	40.4	45.1	52.3	59.4	62.2	67.6	74.4	83.6	98.8	108.8	111	110.8	113.6	115.2	116.4	118.4	125.2	147.6	187.6	204	204	204	204	204	204	204	204	204	204	204	204	204	204	204	204	204	204	204	204	204	204	204
204	204	204	204	204	204	204	204	204	204	204	204	204	204	204	204	204	204	204	204	204	204	204	204	204	204	204	204	204	204	204	204	186	176.4	170.4	159	151.5	139.9	131.3	129.3	121.8	110.3	97.3	79.6	68.1	63.9	63.4	62.4	59.8	56.5	52.7	52.4	51.3	50	50.6	48.8	46	43.9	40.7	40.6	38.5	30.9	22.3	17.2	15.1	13.7	13	13.3	13.4	12.5	9.8	9.8	10	9.4	8.7	9.1	7.6	7.8	8.9	8.4	7.9	8.2	7.6	7.5	8.5	9.3	7.9	7.4	6.9	7.7	9	8.6	8.9	9.1	7.8	7.8	8	9.9	8.9	7.7	6.8	7.1	7.5	7.7	8.2	7.9	8.3	8.6	9.8	13.1	14.7	14.7	14.8	13.3	12.5	13	13.1	13.2	14.5	13.6	16.1	19.5	24.9	27.8	29.3	35.2	39.1	38.9	38.1	37.7	36.1	36	36.2	36.5	38	39.6	39.3	38.8	37.8	38.1	38.2	37.3	37.3	38.8	39	38.2	37.3	38.2	40.1	39.3	38.1	38.2	37.4	38.4	44.1	50	58.1	65.9	69.5	77.7	78.3	82	97	106.8	110.8	114	115.2	116	117.2	121.6	136	168.8	204	204	204	204	204	204	204	204	204	204	204	204	204	204	204	204	204	204	204	204	204	204	204
204	204	204	204	204	204	204	204	204	204	204	204	204	204	204	204	204	204	204	204	204	204	204	204	204	204	204	204	204	204	202.4	192	177.6	168.4	159.9	153	148.1	140.5	131.9	122.6	110.7	97	81.7	73.3	69.7	62.9	59.4	57.9	56.4	54.6	54.1	51.9	49.6	49.4	46.6	43.7	42.4	39.6	35.4	29.2	23.7	18.7	14.7	14.6	14.5	14.3	13.9	11.5	10.2	9.9	9.9	8.7	8.4	8	7.5	8.6	7.8	8.1	9	8.8	7.5	8.2	7.7	8.8	8.5	7.8	8.4	8.7	8.2	8.8	10	9.6	10	9.5	7.8	9.3	10	10.2	9.4	8.5	7.9	7.9	8.8	8.5	8.3	7.8	9.1	8.9	8.4	11	13.6	15	13.9	13.7	14.4	13.3	13.5	13.9	15	15.2	15	16.3	18.9	22	24.7	29.6	37.6	39.1	36.3	36.7	36.6	36.6	36.2	35.5	35.9	36.9	37.7	38.5	38.7	37.8	37.4	38.6	37.1	37	37.4	37.3	35.9	35.7	36.6	38.4	38.6	37.6	37.8	37.9	38.9	40.8	44.9	54.2	59	69.8	78	71.6	77	94.6	106.6	113.2	113.6	113.2	116	118.4	124	136	173.2	204	204	204	204	204	204	204	204	204	204	204	204	204	204	204	204	204	204	204	204	204	204
204	204	204	204	204	204	204	204	204	204	204	204	204	204	204	204	204	204	204	204	204	204	204	204	204	204	204	204	204	201.6	196	187.2	175.2	159.3	148.7	147.7	144.7	140.1	131.8	119.5	109.9	95.5	80.2	75.4	71.7	63.2	58.8	58.5	57.5	57.3	56.2	53.8	52.1	51.5	47.9	42.1	38.8	33.6	29.7	23.6	19.5	16.3	14.2	13.8	14.1	13.2	11.9	10.8	10.4	9.6	9.7	8.5	8.6	8.2	7.7	8.2	7.1	7.7	9.2	8.9	8.8	8.1	8.5	10.2	9.4	8	9.1	10.1	10.1	10.3	11.5	10.9	10.1	9.5	8.4	9.6	10.8	12.4	10.3	9.7	9.6	9.6	9.3	9.1	10.3	10.9	11.7	12	11.3	11.6	13	13.5	14.2	14.9	15	13.6	13.8	14.9	16.4	15.9	15.7	16.4	18.6	22.2	25.6	30.3	38.9	42.1	38.1	39	38.5	37.9	37.3	36.5	36.4	36.4	36.2	36.4	37.2	37.6	37.1	37.7	37	36.2	35.8	36.2	35	34.6	34.7	37.7	38.9	38.6	37.8	37.7	38.4	39.5	43.8	48	50.5	53.2	62.2	71.2	75.4	90.4	104.2	112.4	113.6	113.2	115.2	119.2	122.8	131.2	159.2	202	204	204	204	204	204	204	204	204	204	204	204	204	204	204	204	204	204	204	204	204	204
204	204	204	204	204	204	204	204	204	204	204	204	204	204	204	204	204	204	204	204	204	204	204	204	204	204	203.5	203.1	191.8	184.8	183.2	176	165.3	153.4	149.1	149.4	144.8	133.7	117.6	93.6	79.7	72.9	75.2	74.2	65	60.3	58.2	57.5	58.2	56.8	55.3	55.1	51.2	47.8	42.3	33.1	26.9	21.5	17.5	17.8	16.5	15	14.5	12.5	11.1	11	10.3	9.7	8.8	9.2	9.1	8.8	9.1	8	7.7	8.8	8.7	7.6	8.9	9.5	10	8.7	10	11.9	10.6	8.6	9.1	10.5	11.6	11.9	12.1	11.5	11.6	11.2	9.9	11.2	15.5	15.9	14.5	13.2	12.4	10.9	12.3	13	12.8	13.5	13.9	14.4	13.9	13.2	14.4	14.3	14.4	14.7	14.9	14.4	14	14.5	15.6	15.4	13.7	14.6	16.2	16.5	20.3	24.9	31.4	39	40.6	41.2	39.5	36.1	33.8	32.5	32.1	32.1	31.7	30.6	28.5	27.2	31.9	34.5	36.7	36.8	36.5	36.8	36.9	36.5	35.1	35.5	37.2	38.6	39	38.3	37.5	38.6	40.2	43	46.8	50.4	57.2	67.8	77.2	84.2	96.8	106.8	114	114.4	113.6	116	119.6	122.4	130.4	162.8	204	204	204	204	204	204	204	204	204	204	204	204	204	204	204	203	203.6	204	204	204	204
204	204	204	204	204	204	204	204	204	204	204	204	204	204	204	204	204	204	204	204	204	204	202.8	200.7	200	199.4	199.1	197.8	184.7	176.5	172.3	163	154.4	151.6	148.9	146.2	140.9	129.8	112.5	88.1	73.9	69.7	70.8	66.5	62.8	58.5	56.6	55.2	56	55.9	54.2	52.6	50	47.3	38.3	29.3	24.1	19.3	18	17.4	15.8	15.4	14.1	12	12.2	11.8	11.1	10.4	9.8	9.8	8.8	8.8	8.4	7	7.3	9.6	8.9	7.6	8.7	9.8	10.5	9.9	10.9	11.8	10.8	9.6	10.3	11.6	12.9	13.3	14.2	13.7	13.8	12.5	10.4	11.6	15.4	16.1	15.4	14.5	13.6	12.7	14.4	16.3	16.7	16.5	15.5	15.5	14.8	14.2	14.5	14	13.5	14.2	15.3	15.9	16.2	17.1	17.5	16.1	13.5	12.9	14.1	14.5	17	20.8	27.2	36.2	38.7	40.7	38.3	35	32.5	31.5	28.2	27.7	27.3	24.2	24.5	26	29.6	30.7	32.3	35.5	35	35.5	35.7	35.2	34.8	34.7	35.9	38.5	39.7	38.4	37.8	38.8	39	41.6	44.7	47.6	57	61.8	67.9	83.4	92.6	100	109.2	113.6	113.6	115.2	117.2	119.6	126	150.4	194.8	204	204	204	204	204	204	204	204	204	204	204	204	204	203.2	201.6	204	204	204	202	204
204	204	204	204	204	204	204	204	204	204	204	204	204	204	204	204	204	204	204	204	204	203	201.3	204	202.8	200	198	196.9	192.7	180.7	168.1	159.2	154	150.6	147	142.5	132.9	122.7	105.7	87.7	75.4	72	66.8	61.4	58	56.3	55.9	56.7	57.3	56.7	53.5	47.2	40.7	34	28.7	22.3	19.9	18.6	18.1	18.3	16.3	13.6	12.7	10.9	11.6	12.4	11.8	11.7	11.4	10.1	9.6	8.1	7.9	8.3	9	9.2	9.4	8.6	9.5	11.1	11.7	12.5	11.5	11.6	13.4	13.3	12.5	13.3	15.4	16.4	15.6	16.1	17	17	14.6	13	14.9	17.1	18.6	17.3	16.4	17.9	17.1	16.9	17.5	18.4	16.5	15.7	16.2	15.8	14.3	14.2	14.1	13.6	14.7	15.7	16.4	17.2	17.9	17.2	14.8	13	13.2	13.6	15.6	16.3	22.2	29.4	28.1	28.7	26	24.5	23.3	21.5	20.5	18.7	15.6	14.2	15.1	15.4	16.1	19.9	26	31	33.2	33.1	32.2	33	35.2	34.9	34.8	34.7	36.9	38.6	39.4	38.9	38.2	40.9	45	47.8	49.6	51	53.4	64	78.8	81.6	93.8	105.2	112.4	111.8	106.6	110.2	117.2	125.2	147.2	176	198.4	204	204	204	204	204	204	204	204	204	204	204	204	204	204	204	204	204	204
204	204	204	204	204	204	204	204	204	204	204	204	204	204	204	204	204	204	204	204	201.6	198.4	201.6	201.4	199.1	198.4	199.9	198.3	184.6	168.4	158.9	154.7	150.8	147	141.3	134.8	125.2	112.8	97.4	88	77.2	71.7	66.5	63.3	60.9	60.2	59.9	59.7	59.3	55.1	48.7	40.7	32.9	25.5	20.7	19.4	20.1	18.3	19	17	14.7	13	12	12.2	13.3	12.9	12.8	13	10.7	9	8.9	8.8	8.8	8.9	9.4	10.6	9.6	9.6	11.8	12.9	13	13	13.7	13.2	13.6	13.9	14	14	15.7	17.7	17.3	17.3	17.5	17.4	15.2	13.2	16.3	18.8	18.2	17.9	17.8	18.7	19.3	17.5	18.5	18.7	17.3	16.4	16.4	14.9	13.2	13.8	14	13.2	13	14	14.2	15	18.5	18.6	16.1	13.4	12.6	12.8	14	14.9	20.1	24.3	23.7	23.7	21.3	18.4	16.8	15.6	14.6	12.6	11.4	11.3	11.5	12.4	14.4	18	21.1	26.1	29.5	32.7	30.4	31.7	35	35.7	34.2	34.8	37.4	40.1	39.7	38.3	38.4	40	43.7	46.5	48	50.2	51.3	56	66.9	76.5	88.8	105.2	112.8	110.8	106.8	111.8	118	125.2	145.6	182.8	204	204	204	204	204	204	204	204	204	204	204	204	204	204	203.2	202.2	204	204	204
204	204	204	204	204	204	204	204	204	204	204	204	204	204	204	204	204	204	204	204	201.6	201.4	201.2	198.6	198.3	198.6	198.5	185.2	169.6	158.7	153.2	150.3	146.4	139.9	132.9	125.8	114.5	106.4	100.3	90.3	75.3	68.3	61.4	61.2	61.1	60.2	61.9	60.4	52	37.9	30.9	28.2	24.8	20.2	19	18.8	20.5	18.8	18	17.7	15.5	13.3	12	12.5	13	13.9	13.1	11.9	10.2	9.3	9.4	9.9	10.5	10	8.6	10.1	11.2	10.9	12.8	14.3	15.1	16.6	16.4	16	17.1	17.8	18.7	17.3	16.9	18.6	20.6	19.6	19.7	19.9	19.4	18.7	19.1	21	21	22	23.1	21.2	20.3	20.1	22	22.7	20.9	19.8	17.7	16.4	15.6	15.4	14.5	15	13.9	13	14	14.9	17.6	19.5	17.3	14.3	13	12.7	12.9	13.3	13.9	14.1	13.5	12.5	15	13.9	10.8	11.6	11	10.2	10	9.5	10.1	9.8	10.6	10.8	12.3	12.7	13.6	16.5	22.1	29.5	32.5	32.8	35.5	34.4	35.4	38.3	40.4	40	40.1	39.4	38.8	41.6	42.6	45.3	48.7	53.3	58.7	64.8	71.8	92.2	106	110.2	112.8	113.6	115.6	118	125.2	141.6	181.6	204	204	204	204	204	204	204	204	204	198.6	199.4	199.2	198.6	200.8	201.8	203.4	204	204
204	204	204	204	204	204	204	204	204	204	204	204	204	204	204	204	204	204	200.7	198.7	202	203.3	201.6	200.2	198.6	196.2	186.6	170.6	157.9	152.1	150.9	147.8	142.6	133.9	129.2	122.9	112	103.1	95	87.8	78.7	69.1	60.6	59.5	60	62	62	57	43.2	31.7	26.4	26.3	23.2	19.8	19.3	18.9	19.9	19.7	18.8	17.1	15.8	13.5	12	12.4	13.7	14	13.3	11.4	10.1	10.3	10.7	10.7	10.8	10	9.3	10.6	13.1	13.6	14.4	16.1	16.9	19.8	18.2	17.2	18.3	19	20.5	18.3	18.6	20.2	21.4	22.3	22.4	21.7	21.9	21.9	20.8	21.4	21.4	22.8	25	22.9	21.5	21.8	22.1	22.3	22.1	20.9	19	18	17.8	17	16.3	16.6	16.3	14.5	14.9	13.8	15.7	17.5	16	14.7	14.4	13.2	12.4	13.3	14.1	14.1	13	11.4	12.9	12.4	10.8	10.9	11.7	10.7	11.3	10.7	10.6	10.6	10.5	11.1	11.8	11.8	11.7	13.4	17.6	24.3	28.4	30.5	35.3	36	35.7	38.5	42	42.1	39.8	38.6	38.1	40.4	41.2	43.2	46.1	50.4	54.1	56	60.5	78.8	99.9	111	113.6	113.6	114.4	116.4	122	134	170.4	204	204	204	204	204	201.8	203.4	204	204	200.8	200.4	201.8	202	204	204	203.2	203	204
204	204	204	204	204	204	204	204	204	204	204	204	204	204	204	204	204	204	199.8	198.6	200.9	202.8	202.1	199.8	196.2	189.7	176.5	161.4	150.7	147.4	146.6	142.9	133.2	126.3	122.9	114.4	102.6	92.4	85.5	82	80.1	68.8	61.1	59	61	62.5	51	36.4	28.9	26.2	23.7	22.5	21.7	19.7	18.4	18.9	18.9	17.8	16.9	15.9	15.3	14.4	13.6	14.1	13.6	12.8	12.3	11.8	11	12.3	12.1	11.9	11.8	11.2	12.1	14.2	16.9	16.6	16.7	17.5	21.4	23.4	21.6	20.3	20.2	20.6	21	21.1	20	20.8	24.5	24.9	25.9	25	23.5	22.2	24.3	23.3	23.9	24.6	23.1	24.6	26.3	25.1	25.3	25.9	23.9	21.9	22.1	20.9	19.8	17.8	16.6	17.7	18.8	17.9	17.2	15.8	16.3	16.6	18.5	17.8	16.4	15	14.5	14.5	14.7	14.1	14.1	12.9	12.3	13.1	12.5	11.4	10.7	11	10.8	10	9.9	10.2	10.3	10	10.3	12	11.3	10.9	13.7	14.8	15.1	17.2	23.1	29	33.6	35.8	39	42	40.4	39.2	39	38.3	40	42.9	44.8	48.4	54	53.5	57.9	68.1	87.3	109.2	111.6	113.6	114	115.2	117.2	124.8	143.2	184	203.4	204	204	200.6	200	204	204	204	204	204	204	204	204	204	204	204	204
204	204	204	204	204	204	204	204	204	204	204	204	204	204	204	204	204	201.9	198.1	196.2	197.1	196.6	193.8	192.6	191.6	182.2	169.8	159.2	149.7	146.5	145.3	140.3	130.3	123.9	120.3	110.3	95.8	89.9	82.3	79.9	73.9	65	60.8	59.9	61.5	56.6	40.7	30.4	29.1	25.6	22.7	21.4	20	17.9	19	19.4	18.6	18.8	17.6	14.9	15	14	13.5	14.7	14.2	13.1	13	11.8	13	13.2	11.6	12.7	12.2	12.6	14.4	15.6	17.2	18.9	18.8	17.9	22.9	24.2	22.8	21.8	22.7	21.3	22.1	23.5	22.9	23.9	26.9	26.8	26.4	25.2	24.7	24.6	25.7	25.1	24.9	24.2	22.2	23.4	25.9	24.3	24.6	25	23.8	21.6	22	21.7	19.1	18.3	18	18.4	20	19.7	19.8	18	17.3	17.8	17.9	16.7	16.3	16.2	16.2	16	14.6	13.7	14.5	14.1	12.2	13.1	13.3	12	11.2	10.6	9.8	9.1	8.9	9	9.1	10.2	10.3	12.2	12.1	11.1	12.5	13.1	13.1	14.8	20	26.7	32	34.3	37.5	40.1	40.8	39.6	39.4	39.9	41.7	41.9	43.6	47.3	51.7	52.3	56.7	62.2	79.3	100.2	107.7	113.2	113.6	114.4	116.4	122.4	137.2	173.2	204	204	204	203.4	203.2	204	204	204	204	204	204	204	204	204	204	204	204
204	204	204	204	204	204	204	204	204	204	204	204	204	204	204	204	204	204	199.2	195	195.5	195.7	193.8	191.7	183.8	172.4	163.9	154.4	148.5	145.7	140.7	132.3	124.3	120.7	104.9	92.5	91.8	81.8	79	69	59.6	58	57	59.6	53.5	38	30.7	29	26.6	24.6	21.6	20.1	19	18.7	18.9	16.7	16.6	19.9	19.9	17.2	15.9	14.8	13.6	13.8	14	13.2	13.7	14.7	15.5	16.1	15.4	15.6	17.2	17.8	18.6	20	21.2	22.8	23.3	23.3	25.1	27.6	29	28.8	28	26.6	27	28.8	27.3	29.3	33.1	32.6	29.8	29.7	28.1	26	24.9	29.2	31	28.6	27.6	25	25.2	24.9	26.2	28.4	26.5	26.5	26.5	23.9	22.3	22.1	21.6	22.6	24.2	24.3	24	20.9	20.3	19.7	19.1	19.7	19.5	19.6	19.3	18.6	18	17.1	17.8	17.6	15.3	12.4	14	13.4	12.2	10.8	9.9	10.2	9.2	8.9	9.1	9.5	10.8	11.3	13.3	11.1	10.9	11.6	12.1	12.6	14.2	16.8	18.9	22.5	29.7	38.4	41.1	40.3	38.6	38.3	39.3	41.4	42.4	43.8	46.2	47.8	51.3	57.4	65.2	86.3	102.2	110.7	111.6	115.2	114.4	115.6	125.2	145.2	181.2	204	204	204	204	204	204	204	204	204	204	204	204	204	204	204	201.2
204	204	204	204	204	204	204	204	204	204	204	204	204	204	204	204	204	202.1	196.6	193.8	195.2	193.8	192.3	192.2	182.4	171.1	159.4	149.7	145.9	142.1	136.8	129.8	123.5	115	102.1	90.2	83.4	75.8	70	61.6	55.4	55.6	57.6	57.6	43.9	32.2	29.3	27.1	24.7	22.9	20.3	19.3	19.4	18.6	16.9	15.8	17.2	20.3	19	16.9	16.1	15.3	13.8	14.1	14	14	14.7	15.8	17.1	15.7	15.4	17.9	19.1	18.8	19.5	20.8	23.3	25	24.3	22.1	25.7	29.4	29.9	31	31.1	28.8	27.6	28.7	30.2	31.9	34.7	34.5	31.3	30	29.2	28.9	27.9	29	31.3	30.3	28.9	26.3	27.3	26.8	26.3	30	31.4	30	29.7	27.9	25.1	24.6	24.5	23.3	24.1	24.3	24.7	23.8	21.4	20.6	21.4	22.5	21.7	21.1	20.8	20.4	20.5	19.6	19	19.2	17.7	14.8	15	14.6	12.5	11.2	11	10.5	9.6	9	9	9.2	9.4	10.4	12.1	11.3	10.5	11.2	11.7	12.5	13.1	15.4	17.5	19.5	25.8	33.6	41.7	41.6	38.3	38	37.4	39.2	40.6	41.4	43	45.7	47.1	52.6	58.4	68	83.2	99.3	107.7	112.6	115.2	115.6	122.4	138.8	170	204	204	204	204	204	204	204	204	204	204	204	204	204	204	204	203.4
204	204	204	204	204	204	204	204	204	204	204	204	204	204	204	204	204	201.2	196.6	195.6	194.9	192.1	191.5	191.4	174.6	162.3	152.8	144.2	140.1	135.7	131.6	122.6	116.3	97.6	81.8	73.5	63.5	59.1	55.9	53.9	50.9	49.7	45.2	34.4	29.8	28.1	25.2	23.2	21.1	18.9	19.5	20.3	21	17.5	15	16.8	19.1	20.8	19.3	16.7	15.8	14.9	14.6	15.1	14.6	16	17.6	19.9	21.3	20.4	20.8	23.6	25.8	23.7	25.4	27.6	28.5	30.1	32.6	32.5	30.6	34.5	35.3	36.3	35.3	33.7	33.3	32.8	34	34	34.3	32.4	30	33.2	35.1	33.3	33.3	33.8	33.8	32	33.8	33.9	31.5	33.4	35.1	35	34.2	34.3	32.5	30.3	28.2	27.8	29.1	30.5	29.3	28.3	27.7	27	26	24.3	25.9	26.8	26.6	26.9	25.3	22.6	21.9	22	20.9	20.3	19.1	17.4	15.8	15.9	14.3	10.9	11.4	11.7	10.3	9.5	9.6	9.5	9.3	9.8	10.7	11.2	10.3	9.7	11.5	12.7	12.4	13.5	15.1	16.4	16.3	19	25	31.8	35.5	38.2	37.7	37.8	39.4	39.6	40.3	43.3	46.3	49.5	54.8	57.8	75.3	90.5	100.7	108.7	113.2	115.6	117.2	122.4	140.4	181.2	204	204	204	204	204	204	204	204	197	197.2	200.4	204	204	204	204
204	204	204	204	204	204	204	204	204	204	204	204	204	204	204	204	199.8	195.6	197.9	194.9	189.7	189.4	189.4	183.3	170	158.8	150.6	144.1	139.1	134.6	130.3	121.3	110.1	86.8	74.5	68	58.5	56.8	55.5	53.7	48.8	44.8	38.4	29.3	28	25.9	21.5	20.9	19.4	18.7	19.4	19.3	18.5	15.9	15	18	20.3	19.6	16.8	16.7	16	15.1	16.1	16.5	16.5	18.5	19.9	22.8	22.6	21.7	24.2	26.7	27	26	28.3	29.1	31.7	34.2	35.5	33.7	33.9	37.1	37.7	38.5	37.7	35.9	34.9	32.7	33.1	36.5	37.7	35	34.9	35.3	37.7	35.9	34.1	33.2	34.1	34.6	36.6	35.2	33.2	35.6	37.2	36.2	35.1	34.9	34.6	31.8	29.7	29.9	32.7	33.7	32.2	32.4	30.2	29	26.8	25.9	27.3	26.9	26.6	27	27.4	24	22.4	23.1	22.9	21.5	19.3	17.9	16.4	16.8	15.3	12.2	11.4	11.1	10.1	9.3	8.3	9	9.3	9.7	9.7	11.1	10.3	10	10.7	13.2	12.6	12.5	14.7	15.9	16.1	16.6	21	25.5	35	37.7	36.9	36.6	38.4	38.4	38.7	41.9	45.7	48	53.4	51.6	67.3	87.5	98.7	107.6	112.4	115.6	116.8	121.2	136	175.6	204	204	204	204	204	204	204	204	199.8	200.2	201.8	204	204	204	204
204	204	201.6	202.2	204	204	204	204	204	204	204	204	204	204	204	204	198.8	194.9	197.6	194.2	189.4	189.1	182.8	174.4	164.7	154.4	146.1	141.4	134.5	131.2	127	114.2	86.8	66.2	64.3	61	60	56.1	51.8	51.8	45.4	34.1	29.3	28.8	27	24.2	21.8	19	19.9	20.3	20.7	18.1	15.3	15.1	16.6	16.2	16.7	17.6	16.1	16.8	17.4	17	17.4	19.9	21.6	23.6	24.3	28.4	29.3	26.6	28.4	30.7	32.1	32	34.1	34.5	35.3	38.1	39.7	39.7	38.9	39.9	42.6	45.5	43.4	38.8	37.5	36.8	36.5	37.9	41.4	42	39.8	40	42.8	40.9	35.9	34.3	37.5	38.1	38.1	37.4	37.1	37.5	37.7	37.7	37.8	38	36.2	36.7	36.6	36.5	37.3	38	37.9	37.5	35.5	34.1	33.1	30.4	30.5	31.7	31.1	29.8	31.6	30.8	28.2	26.9	26.6	24.2	22.1	20.6	21.2	19.2	17.6	15.8	12.3	10.9	10.6	9.7	9.1	8.7	9.3	9.6	9.7	10.6	11.1	10.9	10.3	11.1	12.4	13.1	14.4	15.8	15.5	15.1	14.4	17.4	23	25	27.9	31.2	36.3	38.4	39.2	39.3	44.3	47.7	50.2	49.7	54.2	73.2	94.4	105.8	110.8	112.4	114.4	116.8	122	145.2	192	204	204	204	201.6	197.4	199	204	204	204	204	204	204	204	204
204	204	201.4	203.4	204	204	204	204	204	204	204	204	204	204	203.7	197.3	193.4	194.1	192.8	190	189.5	187.5	182.1	172.5	161.8	151.8	146.1	139.6	132.1	128.3	122.5	98.9	73.5	65.1	62.6	59.4	59.9	54.6	52	49.3	39.4	30.7	27.3	27.5	24.2	23.4	20.7	18.3	18.7	18.7	17.3	16	15.8	16.7	18.5	16.8	17.5	18	16.5	16.9	16.8	18.1	19.1	20.3	22.2	25.8	28.5	31.3	29.3	28.9	32.2	33	32.8	33.9	36.4	36	39.3	41.9	42.6	40.3	41.3	41.2	43.3	46.6	44.5	40.8	39.9	38.9	37.3	38.4	42.5	44.4	43.8	43.7	45.7	43.8	36.5	37.1	38.7	36.8	36.3	37.4	38.5	38.9	38.2	37.6	38.7	37.4	35.2	36.5	37.7	37.8	37.7	37.6	37.8	39.2	38.4	36.1	36.6	33.9	31.8	32.1	32.7	32.9	32.8	31.4	30	29	28.3	27	24.5	22.9	23.5	22.6	20.1	18.3	14.6	12.2	11.6	10	9.3	8.5	9.2	9.5	9.7	11.5	12	11.3	10.8	11	12.4	14.1	15.3	15.9	15.7	15.3	14.9	16.3	19.9	23.1	23.5	27.6	33.7	39.1	40.3	39.9	43.2	47.2	48.5	49.6	51	62.6	81.3	100.4	109.5	111.6	113.6	116	119.6	137.2	184.4	204	204	204	200.4	197	197.6	204	204	204	204	203.6	200.6	200.6	201.2
204	204	204	204	204	204	204	204	204	204	204	204	204	204	203.5	197.7	193.7	193.6	192.1	190.4	188.8	178.9	173.8	165.6	153.2	144	140.4	134.9	129.4	123.9	113.6	89.5	67.3	63.1	60.4	59.4	55.2	51.1	47.1	39.6	27.9	28.6	30.1	24.7	21.1	19.8	19.3	19.6	19.2	17.9	16.3	16.9	17.8	16.9	15.6	15.5	18.5	20.5	18.8	18.7	19.4	21.2	24.2	26.9	29.9	31.4	33.2	35	33.2	33.3	37	39	39	38.2	39.8	41	43.2	45.6	47.1	44.5	43.8	45.1	45.1	49.5	48.5	45.8	44	43	41.8	42	44.3	48.4	48.6	47.3	47	45.5	40.9	38.2	39.2	38.3	38.2	40.3	40.6	40.3	40.9	39.7	37.9	37.1	37.4	39.9	39.9	39.6	39.1	37.8	38.6	39.4	39.9	38.3	38.1	36.7	35.5	34.3	34.1	32.9	33	32.5	31.2	31.1	30.7	30	29	26.5	25.4	24.7	23.4	21.1	19.1	15.7	13.4	11.3	10	9.6	9.1	9.6	10.5	10.7	11.6	11.5	11	11.3	12.7	14.3	15.4	16.4	15.2	15.4	15.8	15.7	16.3	20.1	21.3	19.1	23.7	29.1	36.2	40.6	39.4	44.4	45.5	45.8	45	47	53.2	67.9	90.4	110.2	111.2	112.4	114.4	119.6	146.8	194.4	204	204	204	204	204	204	204	204	204	204	197.4	194.4	198
204	204	204	204	204	204	204	204	204	204	204	204	204	204	201	196	192.7	190.2	190.2	192.9	192.1	181.3	173.6	163.3	153.2	145.5	140.1	134.8	130.5	118.4	111.3	96.1	75.2	64.4	59.1	56.9	54.1	46.7	40.3	32.6	32	29.7	27.9	26.6	21.2	18.6	17.4	17.2	19.1	18.4	18	17.5	17.6	16.5	16.6	17.4	18.5	19	19.7	20	21.7	23.5	25.8	30.1	32	34.3	35.8	35.6	32.7	33.7	37.6	40.7	39.3	39.1	40.7	41.8	43.9	46.6	47.4	44.7	44.8	46.2	46.8	49	48.6	47	46.6	43.5	41.6	43.8	45	48.1	49.1	49.3	47.6	47.2	44.9	39.6	39.3	42.2	40.1	39.6	40.8	40.5	40.8	39	39.4	39	39.3	39.8	40.4	41.3	39.4	37.9	38.5	39.1	40.1	39.8	37.5	37.2	36	35.6	35.2	33.6	32.6	32.8	31.2	31.3	31.3	31	30.6	28.1	26.3	23.7	22.4	20	19.7	17.8	14.5	12.7	11.4	10.2	10	9.9	10.8	11.2	11.6	11.9	11.9	11.6	12	13.9	15.4	16.2	16.7	15.7	16.4	15.8	16.9	19	21.4	22.3	23.6	27.1	32.1	41	40.5	41.4	44.9	46.3	47.2	45.4	48.5	56.4	72.7	98.5	109.8	111.6	112.8	115.2	124	159.2	201.6	204	204	204	204	204	204	204	204	204	200.6	196.4	202
204	204	204	204	204	204	204	204	204	204	204	204	204	204	202.2	196.6	192.4	189.4	190.1	193.4	183.9	170.6	162.1	148.7	138.8	134.1	133	128.8	125.7	122.3	107.1	82.3	69.6	66.5	59.7	49.8	37.8	31.1	31.4	29	31.4	28.8	25.2	23.7	20.2	18.1	18.9	19.4	18.7	16.3	16.3	16.6	16.2	14.2	16.6	18.3	19.4	20.8	23.1	26.1	27.8	30.8	31.8	32.8	34.4	36.9	38.4	38.7	38.1	37.6	39.7	40.6	41	41.3	43.9	44.8	44.4	46.2	47.3	45.6	45.2	46.9	47.3	48.4	48.5	47.9	47.6	45.9	42.9	43.7	44.9	47.1	49.2	50.9	51.3	48.7	46.4	44.2	42.3	43.7	44.8	43.2	41.9	41	41.5	40.4	41.2	42.5	41.9	42	41.4	40.5	40.5	40.6	40.3	39.6	40.8	41.7	40.7	39.4	38.1	37.7	37.7	36.1	35.8	34.6	33.8	34.2	34	33.6	33.7	31.2	29.8	29.2	27.6	26.4	23.5	22.1	21	17.6	14.6	12.4	11	11.3	11.1	11.2	12.7	12.8	12.4	10	10.6	13.8	14.5	15.4	15.3	15.1	15.5	16.1	17.7	20	19.9	18.7	18.5	21.1	24.8	29.7	31.7	36.8	43.1	43	43.9	44.2	45.4	47.7	51.4	67.5	93.8	107	110.4	113.6	120	145.6	190	204	204	203	204	204	204	204	204	203.4	204	204	203.2
204	204	204	204	204	204	204	204	204	204	204	204	204	204	199.3	194	189.1	189.7	192.6	189.6	176	165	155.7	145.7	137.3	134.4	134.1	130.1	125.8	123.3	106.8	76.7	67.5	58.2	54.9	44.2	32.4	29.2	29.3	28.2	29.8	27.2	24.7	21.6	18.3	18.5	20.3	19.1	16.5	14.8	14.6	15.6	15.9	15.1	18.2	19.4	20.4	22.4	27.2	31.2	33	34.3	34.4	35.1	37.6	39.3	39.1	39.6	39.9	42.2	42.5	42.6	42.4	43.2	45.8	45.5	45.9	47.6	48.1	46.5	46.1	47.8	46.9	49.1	49.5	47.6	48	45.9	43.8	44.3	45.2	46.4	49.3	50.9	49.9	49.6	46.9	45.4	44.7	44.3	44.2	44.6	44.3	42.8	42.2	42.9	42.8	43.9	43.8	44.1	44.7	42.4	41.3	40.8	40.5	40.4	39.8	39.7	39.9	40.5	39.5	39.5	37.8	37.1	35.4	34.6	34.1	33.1	33.3	32.8	31.9	31	29.9	28.5	27.8	26.9	25.4	24.1	22.9	19.4	16.4	14	12.3	12.3	11.7	11.6	12.3	12.3	12.1	11.2	11.2	12.7	14	15.4	15.1	14	15.1	16.1	17.1	19.4	21.1	19.6	18.8	20.7	25.3	29.4	30.9	33.4	42.4	43	43.4	43.5	45.4	47.1	52.4	74.2	98.2	110.4	108.8	112.4	117.2	134.4	176.4	204	203.2	200.6	203	204	204	204	201.8	200	200	202.2	204
204	204	204	204	204	204	204	204	204	204	204	204	204	204	199.1	193.6	189.3	189.1	191.9	180.7	167.2	159.9	151.4	143.8	139.8	137.7	133.9	129.1	124.1	117.4	84.6	66.9	68.1	61.5	45.6	33.8	29.6	30.3	28.3	27.2	24.9	23.2	22.2	19.1	17.6	19.6	19.4	16.8	14.3	14.3	14.5	16.4	18.2	19.5	19.6	21.7	27.2	33.1	36.3	36.5	38.2	38.7	39.2	40	41.6	43.2	44.4	45	42.8	43	44.6	45.4	47	46	46.3	46.5	48.4	48.5	48.9	48.4	48.2	51.3	51.1	48.8	50.4	49.6	48.7	48.9	46.9	45.4	46.3	48.2	48.9	50.1	47.8	49.1	49	47.2	47.1	44.9	44.2	45.9	46.4	46.1	45.9	44.5	44.1	44.1	44.7	45.6	46	45.3	43.6	42.6	42.2	41	40.4	40.1	39.8	40.9	40.6	38.7	37.9	38	37.4	35.3	34.9	33.9	34.2	33.2	32.8	31.9	31.4	30.9	29.7	28.1	27.3	27.2	25.7	22.7	20.1	17.4	15	13.6	12.4	12	12.9	14	12.8	12.7	11.5	12.5	14.7	14.2	15	15.1	15.6	16.6	16.5	17.5	20.6	20.5	17.8	18.5	20.2	23.1	28.4	28.4	31.4	39.4	41.7	43.1	43.7	45.6	49.5	58.5	75.5	97	107.8	110.4	115.6	120.4	142.8	187.6	202.2	201.6	203.2	204	203.4	202	199.8	198.8	200.8	203.6	204
204	204	204	204	204	204	204	204	204	204	204	204	204	203.7	196	190.5	190.1	190.5	189.5	176	164.9	159.4	151.4	142.2	137.8	135.5	132.9	127.2	121.7	111.6	78.2	65.6	64.6	57.4	40.5	31.3	30.2	29.9	27.3	25.3	23	22.2	20.7	17.6	16.8	17.3	17.6	16	14.5	15	15.6	18.3	21	20.9	21.2	25.2	31.7	36.5	36.9	39.2	40.4	42.4	42.9	43.2	45.4	45.7	45.7	45.1	43.3	43.9	45.7	47	48.7	48.3	47.9	48.1	50.7	49.9	48.3	48.4	49.1	51.2	50.5	49.9	51.3	51.2	49.2	48.7	49.3	47.3	46.5	47.6	47.1	48.1	47.7	47.9	49.8	49.9	48.1	48.1	46.4	44.7	46.6	47.7	46.4	45.4	43.3	43.4	44.7	45.3	47	46.6	46	45.7	44.4	42.3	41.9	42.1	41.5	41.1	41.3	39.2	38.2	37.8	37.1	35.8	36.2	35	34.6	33.8	33.2	32.1	31.3	31.1	30.4	28.9	27.7	27.4	25.6	23.4	20.7	18.2	15.6	14.1	12	12.3	12.7	13.7	13.5	12.6	11.1	12.7	14.8	14.5	14.4	15.4	15.8	16.9	17.7	17.3	20.3	20.7	17.7	16.9	18.4	22	26.6	28.5	29.3	37.1	41.2	43.5	43.8	44.9	47.8	50.8	57.7	80.6	104.6	109.6	113.6	118.4	135.2	176.4	204	204	204	204	204	204	201.8	201.6	203.6	204	204
204	204	204	204	204	204	204	204	204	204	204	204	204	204	197.7	191.5	190.8	190.8	189.7	179.1	165	155.7	148.2	139.2	132.8	133.1	130.4	116.9	101.9	81.2	66.4	61.1	55.4	43.1	29.1	29.2	30.1	27.8	24.9	25.6	25	21.1	18.8	17.2	18.1	19.1	16.3	16.8	18.2	16.9	18.9	24.7	24.6	24.8	31.3	39.6	41.5	40.9	42.7	44.1	45	45.9	45.9	45.7	47.1	48	47.6	45.7	46.2	45.7	47.2	48.8	50.2	48.3	49.5	50.3	50.7	50.7	51.4	51.5	51.4	51.9	50.4	50.7	51	51.9	50.4	49.1	49.9	49.9	47.7	48.7	48.8	48.9	48.4	48.5	48.6	50.8	50.3	50.8	50.2	47.8	47.2	47.4	47.2	46.5	45.8	45.4	45.2	46.2	48.6	47.6	47.7	47.6	46	44.7	44.1	44.5	44.7	42.8	41.8	42.2	42.3	40	38.5	37.4	37.4	37.2	35.4	34.5	34.5	34.2	33.6	33.3	32.1	31.1	30.2	29.8	28.5	26.4	25.4	22.7	20.6	17.8	14.4	13.2	12.9	13.3	13.9	13	12.1	11.7	13.5	15.8	14.5	15.8	16.1	16.1	19.1	18.9	18.4	22.2	20	16.5	17	20.2	21.8	25.9	26.9	27.3	33.6	39.2	44	45.2	46	49.5	53	64.2	94	110.8	110.8	115.6	120.4	142.8	182	202	204	204	204	204	204	204	204	204	204
204	204	204	204	204	204	204	204	204	204	204	204	204	201.4	193	191.6	190.6	190	189.2	176.1	162.6	154.1	145.6	136.9	133.4	132.3	127.2	116.4	98	74.7	65	58.3	53	38.2	26.3	29.1	30.9	29.3	25.8	26.1	24.9	20.7	18	18.4	19.4	19.4	17.6	17.9	19.1	17.5	21.2	26.5	26.1	29.1	36.1	41.9	41.5	41.5	43.6	44.8	45.8	46.8	46.1	45.7	46.4	48.1	48.2	46.5	47.7	48.4	49.8	50	50.3	49.9	50.8	51	51.5	50.8	51.2	51.1	51.9	52.6	50.5	50.7	51.1	50.1	51.2	52	50.4	49.6	48.9	49.8	50.4	47.4	47.7	50.4	48.1	49.3	49.8	50.7	49.9	50	49.1	48.3	48.1	49.4	48	46.5	46.4	46.4	47.2	46.1	46.3	47.1	46.8	45.2	45	45.8	45	44	42.3	42.8	43.4	41.2	38.6	37.6	36.1	36.4	36.5	35.4	35.4	34.8	34.9	34.4	33.3	31.9	31.1	31.8	30.3	28	27.4	25.2	22.1	19.6	16.6	13.2	12.2	13.2	13.7	13.1	12.3	12.4	13.3	15.3	15.6	17	16.3	15.7	18	17.8	16.8	20.7	19.5	15.5	15.9	19	20.3	23.8	25.7	26.5	29.7	36.5	43.1	44.8	45.9	48.2	52.3	60.8	87.9	111.2	110.8	114	118	134	174	197.2	204	204	204	204	204	204	204	204	204
204	204	204	204	204	204	204	204	204	204	204	204	204	201.3	192.3	190.2	189.7	187.2	179.3	168	159.2	151.7	142.9	135.8	131.8	130.8	124.4	113.9	96.5	68.6	57.6	54.6	50.3	29.7	26	29.9	31.5	25.2	24.5	25.1	20.4	18.9	20.5	20.6	19.6	19.3	18	18.5	18.7	22.4	27.8	27.2	30.9	37.1	39.4	41.2	43.6	45.1	44.9	46.2	47	47	46.6	46.5	46.6	48.6	49.1	49	50.4	51.2	50.2	50.8	52.8	52.2	52.5	52.7	52.7	53.3	52.8	52.7	53.9	55.5	54.1	52.3	52.5	52.4	53.7	54	52.4	51	51.5	53.6	52.5	48.8	49.6	51.8	51.6	51.2	52.3	52.3	52.6	52.4	52.3	51.7	51.5	51.5	50.3	49.1	48.5	48.6	49	47.8	47	47	47.7	47.8	46.6	47.1	47.6	45.4	43.5	42.9	42.6	43	41.9	39.2	37.2	36.7	37	36.3	35.3	35.3	34.7	34.4	34	32.8	32.4	32.8	33.4	30.8	28.7	28	25.9	24.2	20.5	16.7	14.1	12.7	14	13.7	12.8	12.8	12.6	14.3	16.4	16.6	16.5	16.5	16.9	18.4	17.1	16.6	19.6	18.5	15	16.5	19.4	20.3	23.1	23.7	26	28.8	36.2	43.8	44.3	45.2	49.3	53.7	77.2	107.8	110	110.8	115.2	119.6	144.8	184.4	195.2	204	204	204	204	204	204	204	204
204	204	204	204	204	204	204	204	204	204	204	204	204	196.3	189.9	189.8	189.8	181.4	174.9	167.2	158.2	149.5	142.5	134	128.7	128.1	123.1	112.6	93.2	72.1	58.1	51.6	35.9	24.3	27	31.2	29.5	24.3	26	24.4	20.1	18.9	19.4	20.3	19.2	17.9	17.9	18.1	19.7	24.4	28.1	27.6	32	37.6	39.7	42.6	44.1	45.7	46.1	47	47.9	47.8	48.9	48.8	48.2	49.6	50.5	49.3	50.9	52.4	52.3	52.5	53.2	54.1	52.7	53.3	52.5	51.9	52.9	53.1	56	58.6	56.6	53.7	52.3	51.2	52.5	54.1	55	53.1	52.4	53.5	52.4	49.2	49.4	50.7	50.9	51.8	52.8	52.9	52.4	52.7	52	53.2	52.7	51.6	50.9	50.8	51	49.5	49.9	49.1	48.1	47.5	46.6	46.9	46.5	45.7	47	46	44	43.8	43.1	42.1	40.6	39	36.4	33.8	33.4	33.1	32.4	31.8	32.3	31.3	32.7	31.7	31.4	32	32.7	30.6	29.7	28.9	27.8	25.4	22.3	18.3	15.6	13.6	14.6	13.8	13.8	12.9	12.4	14.2	15.6	16.6	16.5	16.7	17.9	18.8	17.8	16.6	19.4	18.8	15.9	15.9	18.1	19.9	23	25.1	27	31.2	38.1	46.2	44	45	49	52.5	76.1	106.4	110	110.4	114.4	118.4	135.6	174.8	190.4	202.4	204	202.6	204	204	204	204	202.6
204	204	204	204	204	204	204	204	204	204	204	204	203.7	197.1	190.8	190.1	187.9	179.2	171.6	162.5	153.8	143.1	134.1	132	128.9	123.4	117.1	110.9	84.5	58.8	49.4	34.7	24.1	24.6	32.5	32.8	26.2	27.8	27.1	23.7	19.5	19.4	22.8	20.2	19.1	19.2	18	19.6	21.2	23.9	26.7	30.1	33.1	37.8	43.9	46.1	45.2	46.4	47.5	47.4	47.3	49.1	50.1	51.4	53.6	52.9	52.1	49.1	48.2	51.4	53.7	55.2	54.8	54.1	54.3	54.7	54.5	54.1	55.1	58.5	60.4	61.2	59.3	55.4	55	52	52	53.8	53.9	54.6	53.3	56.1	54.6	51.1	51.4	51.8	51.9	53.8	55.1	55.7	55.4	54.6	55.1	56	55.7	54.2	54.3	53.4	52.7	51	50.2	48.5	48.3	49	46.5	48	48.6	47.2	48.2	46.9	45.8	44.8	44.3	43.3	40.7	39.1	36.4	34.6	34	33.2	33.2	31.8	32.2	31.9	32	32.6	32.2	33.2	33.1	32.5	30.8	30.1	30.2	28.6	26.3	22.2	18.7	15.6	14.8	14.1	12.3	13	13.7	12.9	14.5	15.2	14.9	16.5	17.6	18.3	19.5	17.6	18.7	22.2	20.1	17.2	16.8	18.1	18.9	19.7	21.6	27.9	30.3	38.2	45.6	43.7	49.1	52.7	63.1	92.3	107	106.4	108.6	112.6	121	141.2	180	190.4	199.2	204	204	204	204	204	204
204	204	204	204	204	204	204	204	204	204	204	204	200.7	193	190.9	190.7	188.1	177.1	166.9	159.7	150.9	136.9	128.9	128.1	126.7	120.8	120.3	110	74.5	55.9	44.2	29.8	23.5	27.4	35.5	31.6	25.9	29.5	26.9	22.5	18.4	20.3	22.8	20.5	20.1	19.6	19.8	20.1	20.7	23.6	27.5	31.8	36.4	41.3	45.1	47.1	46.7	47.5	48.3	48.4	49.7	50.5	51.1	53.1	53.5	53.1	50.7	48.8	47.7	51.1	54.4	55.6	55.2	53.5	53.3	55.3	56.1	55.6	57.1	61	62.8	63.5	60.8	57.5	55.5	52.5	53.1	53.6	54	54.6	54.6	55.5	54.2	53.4	53.5	52.4	51.8	52.2	55	56.6	55.3	55.7	58	58.1	56.7	54	52.6	52.2	51.9	52.4	51.9	49.9	48.9	48.9	48	48.3	48	48	49.4	48.3	47.8	45.3	43.7	44.2	42.1	39.5	37.8	36.8	35.7	34.2	33.4	32.6	33.2	33.2	32.8	32.1	32.7	34.6	34.8	34	32.2	30.5	29.7	29.9	28.5	25.9	21.9	17.2	14.9	13.8	11.8	12.7	13.5	12.4	13.4	13.7	14	14.8	17.1	18	19.7	18.8	19.1	22.8	21.9	19.2	17.1	18.6	19	19.1	21.4	27.8	29.9	35.5	44.3	44.7	48.4	50.6	57.9	82.9	101.6	104.4	106.6	112.6	120	134.4	174.6	190.6	194.4	204	204	204	204	204	204
204	204	204	204	204	204	204	204	204	204	204	204	202.9	194.3	190.5	190.4	188.1	171	158.6	149.7	140.7	129.6	127	127	125.4	117.5	113.2	85.9	62.7	43.4	29.2	24.6	23.7	33	35.7	30.8	30.3	29	25.3	24.2	20.9	24.7	23.8	21.2	19.7	18	18.9	18.7	20.6	26.2	30.9	34	39.3	44.5	47.1	48.9	51.6	51.9	52	52.1	52.9	54.8	54.3	53.2	51.6	50.7	50.6	49.2	48.9	53.4	56.6	55.5	55.6	55.8	55.8	57.5	58.5	59.2	62.5	67.8	67.2	65.1	61.4	56.5	56.2	55	55	54.8	56	55	55.5	57.7	57.5	56.7	55.9	54.7	54.3	53.6	55.9	55.6	55	57.5	59.9	59.6	57.8	57.2	55.9	53.5	52.2	53.7	55.4	52.9	52.8	55.2	53.4	52.5	51.1	51.5	50.2	49.9	50.1	48.2	45.4	45.3	43.4	42.4	40.5	38.9	37.2	35.5	35.4	34.1	34.7	35.3	34.9	34.8	33.2	35.1	37	35.3	34.4	33	32.1	32.1	31.2	29.3	25.6	21.9	18.8	16.3	13.2	11.8	13	13	12.7	13.6	13.4	14.4	15.6	17.1	18.5	20.6	19.5	19.4	21.9	21.3	19.4	19.7	18.4	17.8	18.4	22.6	24.5	26.8	35.6	40.2	46.9	49.7	54.4	70.9	91.5	101.2	106	110.6	117	122	144.2	194.8	199.6	200.4	204	204	204	204	204
204	204	204	204	204	204	204	204	204	204	204	204	201.2	190.7	189.9	189.1	181.7	166.3	156.3	147.2	134.9	128.6	127.5	125.8	124.8	123	111.7	82.8	62.7	41	29.3	24	24.3	32.5	32.5	29.1	28.5	27.5	24.9	23.1	21.2	24.9	23.5	21.2	19.1	17	17.6	18.8	21.8	28.2	33.6	36.1	42.5	48.6	50.4	52.3	54.3	52.4	51.9	52	53.8	54.1	52.6	53	52.1	52	49.5	48	50.9	55.3	57.6	55.4	55	55.2	55.7	56.7	59.1	60.9	64.4	70.8	69.4	66.8	63.6	59.5	57.4	54.9	54.6	56.2	57	54.2	55.3	55.9	56	57.5	56.4	56.5	55.5	54.3	55.6	55.1	54.7	57.3	57.2	58.2	57.1	57.6	57	54.7	53.8	55.3	56.7	55.1	56.5	57.6	55.1	53.9	53.7	52.2	51.9	51.1	49.6	47	45.1	45.2	45	41.7	40.2	40.2	38.8	38.1	38.4	36.4	36.6	36.4	36.1	36.3	34.7	35.9	37.6	36.2	35.4	33.9	34.5	33.7	31.7	30	26.7	23.6	20.6	17.7	13.8	12.9	13.3	13.1	12	13.6	13.1	15.1	15.1	16.7	18.2	19.1	18.9	18.3	21.8	21.6	19.2	19.8	19.1	17.1	17.7	20	22.3	24.1	31.5	38.1	47.1	52.4	58.1	69.9	88.2	104.4	108.4	111.6	118	122.4	136.4	189.2	203.2	195.6	204	204	204	204	204
204	204	204	204	204	204	204	204	204	204	204	204	202.8	192.1	190.8	184.9	171	159.8	149.2	139.7	131.6	129.4	126.2	124.4	123.8	119.3	107.6	83.6	58.4	37.4	27.2	22.1	28	31.3	27.8	26.8	25.3	24.6	22.1	21.7	21.7	21.5	23.1	22.7	19	17.2	17.8	21.7	29.1	34.9	38.2	42.9	48.8	49.5	50.2	52.5	53.8	52.7	50.7	50.7	52.4	52.6	53.5	56.4	54.5	51.7	49.6	50.5	54.4	57.7	56.5	57.4	58.1	59.1	59.7	59.3	63.4	64.8	69.4	76.2	74.2	72.7	68.3	61.6	58.7	58.1	56.8	55.9	59.3	58.8	57.6	56.6	57.2	57.6	58.3	57.6	56.1	56.9	58.3	57.2	57.5	58.7	57.1	58.3	57.5	56.9	57	55.4	54.1	56	57.4	57.3	59.1	61.1	61	56.7	55.3	55.7	54.7	54	51.2	47.7	46.7	46.2	44.5	43.2	42.6	40.9	40.5	38.4	37.1	36	36.7	36.7	35.8	35.8	35.5	35.6	37.9	38.7	37.9	36.6	35.3	34.6	32.7	31.4	29.4	25.3	22.5	19.9	16.4	13.2	12	13.1	12.3	12.4	12.6	12.5	14.4	15.7	18.3	18.9	19.9	18.2	20.8	22.5	21.5	19.5	20.6	19.3	17.8	17.4	21.1	21.3	25.9	35.7	44.6	50.7	60.3	73.5	92.9	109	111.2	110	113.2	118.4	122	142	185.2	195.6	199.6	204	204	204	204
204	204	204	204	204	204	204	204	204	204	204	204	199.4	191.6	194.3	182.6	169	159	147	137.3	131.4	129.9	124.9	124.1	123.8	117.9	104.7	83.6	60.8	41.5	27.4	22.9	28.7	30.3	26.9	24.7	24.7	23.3	21.5	23.1	23.2	22.1	23.8	22.7	19.6	18.2	18.8	22.9	31	37.8	41.2	45.9	49.5	48.9	49.8	52.4	53.5	52.3	50.9	51.9	53.4	54.1	54.6	55.8	54.7	52.8	51.3	52.3	55.6	58.3	57.3	56.6	58.1	60	59.6	59.4	63.3	66.2	73.5	78	77.1	77.1	69.3	61.6	58.4	56.7	56.9	56.6	58.8	60.4	59.3	56.7	57.9	56.1	55.2	56.8	58.2	58.4	59.4	60	60.3	60.4	58.7	59.4	59.9	59.1	56.5	55.5	56.1	57.7	57.7	58.2	59.8	60.8	60.9	59.5	58.9	58.3	55.6	54	52.7	48.5	47.9	47.6	46.4	44.2	43.2	40.5	39.4	37.4	35.5	35.4	37.1	38.6	37.9	38.1	38.5	37.4	39.4	41.3	39.3	37.2	35.8	36	34.8	32.7	29.3	25.2	23.3	21.1	18.5	14.4	12.1	13	12.4	12.3	13.1	11.8	13.5	15.3	17.3	19	19.4	16.8	17.7	21	22.1	19.6	21.6	21.1	18.8	17.9	20.6	21.6	20.6	28.4	39.3	49.1	60.7	79.1	93.2	107.3	110.8	110	112.4	116.4	121.2	132.8	173.6	195.2	197	204	204	204	204
204	204	204	204	204	204	204	204	204	204	204	204	201.4	192.3	192.7	181.6	166.7	155.5	144.1	137.8	133.1	129.7	125.4	126.7	123.3	112.3	99.4	75.8	53.1	33.7	21	25.4	31.1	29.3	24.5	22.5	22.6	19.5	20	21.3	20.9	20	23.4	21.6	17	18.5	21.7	29.8	38.8	42.9	46.7	50.4	49.8	49.5	51.8	54.5	56.1	55.2	55.7	58.6	58.4	56.8	57	57.8	56	56.4	57.1	59.7	59.6	58	57.2	56.6	58.7	59.8	60.5	61.7	64.5	69.6	79.6	81.5	83	80.5	71.1	61.6	59.2	61.4	60.4	57.5	59	61.1	59.2	57.7	59.2	58.2	57.3	58.6	58.6	59.1	58.7	60.2	62.1	61.5	62.3	61.1	60.3	60.3	59.7	60	60.2	62.3	61.9	60.3	61.6	61.3	59.9	61.4	62.1	59.8	56	54.5	53.5	50.6	50.4	48.7	46.7	45.2	43.4	42.5	40.9	39.7	38.7	37.5	38.4	38.9	38.6	39.6	40.2	38.3	38.3	42.3	41.7	40.3	37.7	36.2	37.4	35.4	30.4	26.7	25.4	24.3	20.4	17	13	11.5	11.9	12.2	13.4	12.6	12.5	13.2	16.7	18.8	18.5	17.2	17.5	18.9	21.1	21.5	21.2	20.9	20.2	19.4	18.7	21	20	26.6	37.5	47.5	63.1	89.7	100.1	105	111.2	108.8	107.2	110	109.8	113.8	132	173.4	193	196.6	200.4	203	203
204	204	204	204	204	204	204	204	204	204	204	204	202.2	195.7	190.6	181	165.9	154.2	142.5	137	133	129.2	125.5	126.7	121.7	108.9	93.2	70.8	46.8	28.1	20.4	27.1	31.4	28	22.9	22.6	21.5	19.7	20.5	21.2	20.3	20.3	23.7	20.6	17.5	18.3	22.8	32.3	41.2	43.7	47.5	50.7	50.2	49.4	51.7	55.1	57.2	55.8	58.8	60.9	58.9	58.3	57.7	57.8	57.1	56.5	58	62.1	60.8	58	58	56.8	57.4	57.7	58.8	62.1	64.3	70.1	78.4	82.3	83.8	80.1	69.9	61.4	58.2	58.9	59.6	58.9	59.8	60.7	59.1	58.1	58.2	57.4	56.8	57	57.7	58.9	58.9	59.5	60.8	61.8	62.4	62	60.7	60.5	59.9	60.9	62.1	64.5	63.3	62.1	62.4	60.8	59.6	59.4	61.5	60.2	56.6	56.1	54.6	53.6	51.7	49.5	46.5	46.7	44.4	43.7	42.2	40.4	38.6	38.5	38.3	38	36.9	38.4	38	37	37.2	40.9	42	41.8	38.6	36.9	37.2	35.5	31.2	27.9	26	23.7	19.8	16	13	11.2	12.1	12.9	13.1	11.9	12.8	13.1	15.9	19.8	19.7	17.9	17.6	18.6	20.5	21.2	20.4	20.7	19.9	18.9	18.7	22.2	19.8	24.3	34.6	46.1	64.3	86.1	99.6	109.9	110.6	105.6	104.6	107.4	105	108.6	124.8	166	193	195.2	200	201.6	203.2
204	204	204	204	204	204	204	204	204	204	204	204	201.3	194.3	189.3	171.7	157.2	147.7	140.2	136.2	134.1	133	130.6	125.8	115.5	101	89.3	59.6	32.2	21.5	22	28.9	30.5	27.5	22.6	23.2	19.5	18.6	19.7	17.8	19.7	20.9	18.6	19	18.2	23.2	31.3	39.4	42.9	45.1	47.8	49.8	51.6	52	56.3	59.6	60.1	62.5	67.7	64	57.9	60	60.9	62.9	64.1	63.3	64.7	63.8	62.7	60.7	60.8	59.1	58.7	60.1	62.2	64	70.7	80	84.6	90.9	91	83.3	69.7	61.4	61.6	62.2	60.7	59.9	60.4	61.1	61.7	62.4	61.3	61.2	61.3	60.4	61.6	61.3	60.4	60.9	60.8	61.7	63.3	62.7	63.1	62.3	61.7	63.4	63.9	62.4	60.6	62.7	62.4	59.7	59	60.4	59.8	58.4	58.3	58.9	57.1	55.5	53.2	49.8	49.2	47.8	46.2	44.4	44.1	41.1	39.4	39.4	38.6	38.5	38.1	38.1	37.8	37.4	36.7	38.7	43.5	43.8	41.1	38.1	39.6	38.7	32.9	29.9	27.2	25.9	23.1	17.7	14.2	11.9	11.7	12.4	13.8	14	13.3	13.8	15.5	20	21.6	19.8	17.5	18	19.7	21.8	20	20.4	21	19.4	19.1	22.8	22.9	21.6	27.8	39.6	57.2	73.1	89.1	97.2	102.2	109.8	112.4	110.4	111.6	110.4	116	145	190.6	200.2	202.2	204	204
204	204	204	204	204	204	204	204	204	204	204	204	203.1	196.2	184.4	165.5	156.7	148.9	140.7	135.8	133.7	133.7	130.5	124.3	112.4	99.6	88	54.7	28.4	19.1	22.7	28.6	29.4	27.4	24.3	23.2	19.3	17.4	17.1	16.8	19.8	21	18.8	18.4	19	24.3	33.3	41.2	43.6	46.1	49.7	51.1	52	51.9	56.5	60.7	60.4	63.7	67.3	65.3	59.3	60.7	61.7	64.8	65.8	65.7	66.1	64.1	62.8	62	61.4	59.1	58.4	59.8	62.4	65.1	72.1	81.6	86	92.2	90.9	82.7	70.8	63.7	62.9	62.8	62.5	61.6	62.2	60.8	61.2	62.2	61.7	60.8	60.4	59.9	60.2	61.3	60.9	60.6	61.5	61.6	62.1	62.7	64.2	63.1	62.7	62.6	63.9	64.5	62	63	62.7	61.5	60.3	59.6	60.4	58.1	57.6	58	56.9	54.7	51.7	50.3	48.8	48.1	47.1	45.7	43.1	41.2	40.3	40.1	39.5	38.7	37.8	36.8	36.1	36	35.5	37	41.9	43.9	41.9	39.1	40.8	39.6	33.6	31.2	30	27.5	23.8	17.9	13.8	11	10.6	12.6	13	13.1	12.4	13.7	14.5	19.8	22	19.6	16.2	17.1	19.1	21.1	20.4	20.8	22.5	19.2	18.5	22.8	23.8	22.3	26.8	37.3	61	82	94.4	95.2	99.6	109.2	112.4	110	110	111.6	119	140.6	179.6	199.8	202.2	204	204
204	204	204	204	204	204	204	204	204	204	204	204	204	193.1	172.9	158.7	155.1	148.8	142.1	136.5	133.4	130.2	123.7	116.6	105.1	94.6	70	33.6	23.9	19.1	22.6	28.4	26.4	25.7	23.3	19.2	16.8	16.1	16.4	17.6	18	17.4	17.2	16.7	21	27.6	37	41.7	44.2	50.2	52.3	55.6	57.7	58.1	61.6	61.6	59.5	64.5	68.3	65.9	63.8	65.9	66.9	67.3	68.8	67.9	67.7	66.8	63.6	61.8	61.4	62.9	62.5	63.2	63.9	70.1	78.2	82.6	94.1	100.2	94.7	80.3	69.8	64.3	63.2	62.1	62	63.3	63.5	62.1	61.4	62.7	62.7	60.6	60	59.7	59.6	60.6	61.2	62.7	63.3	63	62.6	63.7	65.7	64.6	63.9	65	64.3	62.7	62.4	63	62	60.8	61.3	61.9	61.7	59.2	57.6	57.4	56.7	53.2	51.5	51.6	50.8	48	46.6	45.3	42.9	42.5	41.7	39.4	38.7	39.4	38.8	37.8	37.3	36.6	35.7	36.5	40.6	45.2	44.7	40.9	41	40.4	35.5	33	32.4	29.6	25.3	19.8	15.2	11.9	11	11.8	12.8	11.7	10.6	12.2	14.7	19.5	22	21.4	18.3	17.8	18.6	21.6	23	22.5	24.4	21.6	18.4	20.6	23.5	21.4	25.4	29.8	53.2	92.3	103.8	102.8	102.4	106	108.8	107.4	109	112.8	119.2	130	149.6	179.6	198.8	202	204
204	204	204	204	204	204	204	204	204	204	204	204	204	189	168.5	158.9	154.8	148.8	142.2	133.7	131.8	129.8	121.7	113.8	102.8	91.5	66.9	34.5	24.6	21	24.4	29.3	26.8	25.2	21.7	17.5	16.1	15.8	16.4	17.2	18	17.5	16.5	17	21.9	28.7	37.1	42.1	45.5	50.3	51.9	56.1	58.9	58.5	60.3	59.1	58.6	64.7	69.2	66.3	64.8	67.4	66.5	67	67.9	70	69.4	68	65	63.1	62	64.2	64.6	64.9	64.7	72.2	79.5	83.6	98.4	103.1	94.3	81.2	69.6	64.1	62.9	62.3	62.3	64.3	64.1	62.4	62.6	63.1	63.8	62.6	62.3	60.6	59	59.5	60.8	61.8	62.6	64.6	64.4	64.4	65.4	64	63.5	65.3	65.6	64.3	65.2	64.2	63	60.6	59.8	60	59.7	59	58.2	57	55.5	53.2	51.4	50.7	49.7	47.1	46.1	44.6	42.7	42.1	40.8	38.7	38.2	38.6	38.6	38.3	38.9	37.9	37	36.5	40.2	44.3	43.6	40.9	41.9	41.1	36.2	32.4	30.4	28.7	26.2	21.2	17.2	13.8	12.1	13.3	13.4	11.7	10.8	11.7	13.6	18.3	21.9	20.8	18	18.4	19.6	21.7	23.2	22.1	23.3	21.9	18.5	20.1	24.5	20.5	24.9	28.5	46.9	86.5	103.7	105.6	106.2	108.8	110	107.2	110	112.4	116	127.2	142.4	173.2	198.2	200.2	203.2
204	204	204	204	204	204	204	204	204	204	204	204	192.8	183.5	172.1	165.3	159.6	148.8	141.1	132	126	124.4	119.8	111.5	99.3	84.8	64.1	38.3	22.8	22	27.4	28.7	22.6	21.2	18.5	15.5	13.8	15.4	16.6	15.8	16	16.5	16.1	17.3	23.3	28.9	35.9	41.4	46.7	49.2	51.7	57.9	60	58.2	57	55.5	59.3	67	67.4	66.6	66.6	66.3	63.6	65.6	66.5	70.5	73.2	69.4	68.9	67.5	65.8	68.6	68.9	69.5	73.6	81.4	82.1	90.9	106.6	109	97.5	80.1	69.6	66	64.7	64.9	64.5	65.9	65.7	64.7	65.6	66.8	63.7	63.4	66.1	65.7	62.2	63.3	64	63.5	62.4	62.3	65.2	66.4	64.9	63	64	66	65.8	66.5	67.1	67.2	64.8	61.4	60.5	59.7	58.8	59.1	57.5	57.8	57.6	54.3	53	51.8	49.8	47.2	46.2	46.6	46.3	44.9	42.8	41	40.8	39.6	39.6	40.3	40.3	40.2	39.2	39.1	39.6	45.1	46.1	42.1	42.3	43.5	38.8	34.3	31.8	30.5	28.6	24.7	19.1	15.5	12.5	13.6	14.5	13.2	12	12.6	13.4	16.1	22.1	21.8	19.5	18.4	18.2	21.3	23.3	22.5	23.2	22.7	17.7	17.9	21.8	20.9	22.2	25.6	34.9	64.6	96.3	112	112.4	113.2	111.8	102.2	100	107.6	113.2	117	128	151.2	191.6	204	204
204	204	204	204	204	204	204	204	204	204	204	204	193.2	184.8	173.7	167.3	159.1	147.9	139.3	130.4	124.3	122.9	119.5	109.4	97	83.9	65	35.7	21.6	21.9	27.6	27.4	22.1	20.4	18	14.7	13.7	14.8	16	16	16.4	15.7	15.3	17.7	22.9	29.5	37.5	42.3	46.3	48.6	52	57.6	58.9	57	56.1	55.4	60.2	65.4	67.3	66.1	64.9	65	63.1	62.9	65.1	70.3	71.3	69.8	68.9	68	66.8	69	68	70.8	78	85.2	83.8	92.6	105.6	107.8	97.3	80.3	69.2	66.4	64.5	64.1	65.6	66.6	66.4	66.1	66	66.7	66	63.6	64.4	66	63.7	62.8	61.9	63.2	63.4	61.9	63.4	65.6	65	63.3	63.2	65	66.8	67.1	67.4	67.7	65.6	61.9	61.4	60.9	60.5	58	57.6	59	58	54.9	53.4	52.1	49.8	46.6	45.5	46.8	46.4	44.7	43.7	42.5	41.6	40.9	40.4	40.3	40.5	39.4	39.5	39.7	40.8	45.1	45.8	42.7	41.6	44.9	42.2	36.1	30.9	28.9	28.2	26.1	20.1	14.2	11.3	11.6	11.7	11.2	11.2	12	14.2	16	21.8	21.4	19.4	18	17.2	19.6	21.5	22.5	22.2	22.6	17.5	16.2	19.5	18.9	19.8	24.1	31.4	59	87.9	107.2	112.4	112.8	110.8	104.2	103.4	109	113.2	116.4	125.2	143.2	182	204	204
204	204	204	204	204	204	204	204	204	204	204	204	202.8	193.2	172.2	155.7	147.6	141.7	134.5	126.8	124.5	123.7	117.8	105.4	92.7	82.5	50.1	26.6	20.5	22.4	27.3	24.2	21	18.2	14.1	12.1	12.6	15.5	15.8	15.7	16.9	14.6	16.3	20.1	25.7	32.4	38.4	42.5	44.4	46.4	53.4	55.9	55	54.4	53.5	55.8	61.1	61	60.5	60.5	60.6	59.4	57.3	56.8	64.2	68.5	71.7	72.3	69.7	71.6	74.3	74.7	75.3	83.8	88.7	88.7	91.1	99.7	107.7	109.7	97.1	80.3	70.3	67.4	65.8	65.5	66.3	65.5	66.2	65.4	66.2	67.2	65.8	66.1	65.1	64.3	65.1	65.5	64.2	62.6	63.7	64	64	65.5	66.5	67.3	66.7	66.7	68.2	67.3	66.7	66.3	64.8	64.2	63.6	61.4	59.6	57.6	60.2	62.8	61.4	58.5	54.2	52.9	52.1	50.4	49.2	49	47.4	45.8	45.2	43.3	41.1	42	42.6	41.1	40.6	41	40.4	39.8	41.8	45.4	48.9	45.5	42	45.4	44.2	39.5	32.6	29.4	28.4	27.6	23.3	17.3	12.2	10.6	11	10.3	9.9	11.9	13.8	14.9	19.6	21.1	19.2	20.5	17.8	19.2	19.9	21.7	21.1	23.1	19.5	16.8	19.3	20.1	19.5	24.8	29.9	49.4	86.3	103.5	111.5	112.8	113.2	111.6	110.4	111.2	114	114.4	117.2	122.4	148.8	187.2	199.6
204	204	204	204	204	204	204	204	204	204	204	204	204	192.3	167.7	154	145.4	138.8	130.1	125.6	126.9	125.6	117.2	102.8	92.2	78.5	44.3	25.2	21.7	24.2	27.5	22.8	19.6	16.4	12.5	11.5	12.2	15.4	15.7	15.7	17.2	14.8	17.6	19.7	25.5	31.3	36.3	42.2	44	46.4	51.5	52.4	54.7	53.9	52.4	55.7	60.3	61.1	60.9	59.9	59.5	58.2	56.4	56.8	64.1	67.9	70.8	72	69.9	72.2	74.8	74.1	77.2	85.9	89.1	90	93.3	103.2	110.7	110.4	96.1	79.5	72.3	68.1	66.8	66.9	65.2	65.3	66.3	66.1	66.7	68	68.3	67	64.5	64.3	64.1	65.1	64.3	63.9	63.9	65	64.9	65.7	66.6	67.2	67.1	68.5	71.2	69.9	67.4	66.8	66.2	66.4	66.3	63.7	60.3	57.8	61	63.6	62.2	60.2	55.5	53.5	53	52.6	51.1	51.1	48.1	46.1	45.9	44.6	42.6	43.1	44	41.5	40.9	41.5	39.9	38.8	41.4	45.2	49.9	46.2	41.5	43.5	43.6	40.3	34.3	30.7	29.6	25.7	22.7	19.4	14.8	12.4	12.1	10.4	9.6	11.8	12.8	13.1	18	20.8	19.2	20.3	17.1	17.2	18.9	21.6	20.9	22.4	20.4	17.9	20.4	20.4	19.1	22.9	29.2	45.8	80.7	101.9	112.8	112.8	114	112.4	110.4	111.2	113.2	115.2	116	119.4	140.8	180.4	194.4
204	204	204	204	204	204	204	204	204	204	204	204	202.8	186	171	155.4	147.1	138.1	131.6	129.7	129.2	125.5	111	97.1	87.1	64.1	35.8	22.4	22.9	24.9	25.8	21	18.5	13.1	11.4	10.7	12.2	15.1	14	16.9	15.4	14.4	17.2	20.4	24	30.5	35.3	39.7	42.4	44.7	46.6	49.4	52.9	51.2	51.1	53.5	55.3	55.9	56.2	58.6	58.9	57.4	58.2	60.8	62.2	64.5	66.9	68.8	70.7	70.8	73.3	75.9	83.8	90.7	93.2	96.7	103.8	106.7	111.7	107.2	90.9	77.7	73.9	73.1	73.2	72.3	68.8	69	71	71.5	70.4	70	71.6	72.2	68.9	65.4	65.2	66.8	68.3	68.7	66.4	66.8	68.2	68.3	66.9	68.5	69.9	72.9	71.7	69.6	69.6	70.5	71	71.2	69.5	67.7	64	63.4	65.5	66.5	65.4	63.2	59.2	56.6	54.9	53.9	52.4	52.8	52.3	49.1	47.2	46.7	44.3	43.6	45.7	44.2	42.5	40.9	40.8	40.2	40.7	44.7	46.1	43.3	43.8	43.8	42.2	39.1	33.9	33.1	33.3	28.6	22.6	20.5	17.6	14.4	13.6	13.1	10.6	10.7	12.2	12.7	15.5	19.1	19.2	21.4	18.6	16.9	16.7	18.4	19.4	20.6	20.7	19.9	21.5	20.9	20	21.7	25.8	40.4	71.5	91.5	103.2	106	107.4	111.2	110	110.6	111.6	112.8	112.8	116.8	124.4	147.6	178.8
204	204	204	204	204	204	204	204	204	204	204	204	200.4	184.8	169.2	160.4	148.5	134.8	129.5	130.7	130.5	123.5	108.6	95	82	54.9	28.6	20.5	21.7	25.3	24.9	20.2	18.6	13.4	11.9	11.6	12.1	14.8	14.9	16.7	15.2	15.5	17	20.3	26.7	32.4	36.9	40.5	42.5	44.6	46.2	48.9	52.1	50.6	50.9	52.5	54	54.8	56.4	57.5	57.6	57.6	58	60.4	63.6	65.6	67.8	69.1	69.9	70.5	72.2	77.1	85.2	90.4	93.5	99.4	107.4	108.5	113.6	105.2	90.4	78.8	74.4	73.2	75.8	75.2	69.5	69.5	70.2	71.7	71.6	70.8	72	72.1	71.6	68.3	66.7	66.2	68.7	69.6	67.9	68.3	69.3	70.3	67.9	67.3	69	72	71.7	70	69.3	70.2	70.9	71.1	70.1	69.7	65	64.1	68.3	69	67.8	64.7	59.7	57.9	56.7	55.7	54	52.8	52.6	50.4	47.9	47.8	45.5	44.3	45.6	45	43.1	40.9	41.5	42.1	41.7	44.2	44.2	41.4	44.5	43.2	41.7	38.9	33.9	33	32.9	29.4	24.2	20.7	18	15.7	14.7	14.4	10.9	10.9	12	12.6	14.7	16.9	17.7	21.5	18.8	16.2	16.3	17.3	20	19.8	20.9	21.2	22.4	21.5	20.2	22.3	25.2	38.4	69.1	90.9	104.2	107	110	112.4	110.4	109	111.6	112.4	112.4	115.6	121.6	140.4	174.4
204	204	204	204	204	204	204	204	204	204	204	204	201.6	188.4	174.8	165.4	155	138.9	131.5	131.5	129.5	121	108.9	92.5	55.4	30.6	22.9	19.2	19.2	22.3	24.1	22	17.3	15.7	12.1	11.6	15.1	15	14.4	15	14.4	15.4	17.7	20.3	27.3	32.4	38.1	40.2	41.3	43.4	46.6	49.3	49.5	49.1	49.3	50.6	52.3	54.6	57	56.6	57.1	58.6	58.8	59.7	62.4	63.9	66.3	66.4	67.7	68.8	69.6	73.2	81.2	90	98.6	107.8	114.4	116.3	114.7	111.1	99.4	87.9	83	79.4	78	76.4	74	71.3	70.7	71	72	72.5	73.4	73.5	73.9	72.2	71.4	70.1	70	70.5	71.4	70.5	71.2	70.3	69.9	67.8	68.2	70.1	71	71.4	69.9	70.3	71.4	72.4	71.2	69.7	69.4	67.2	67.1	70.4	70.6	70.1	66.6	62.7	60.4	60.3	57.9	56.7	56.7	55.8	51.9	49.8	48.2	45.9	47.1	46.3	45.4	44.9	43.5	42.8	42.6	40.8	42.1	39.5	39.8	43.2	41.9	40.5	40	35.3	33.3	33.3	27.5	22.2	19.3	16.6	16.8	15.8	13.3	11.1	11	11.4	12.1	13.3	16.6	18.7	21.3	18.9	15.3	15.7	17.3	20.7	21.6	22.1	23.1	23.6	23.2	23.6	29.7	40.6	63.5	91.5	105.9	113.6	112.4	111.2	110	107	108	111.2	113.2	113.6	115.6	119.2	141
204	204	204	204	204	204	204	204	204	204	204	204	190.8	178.8	171.2	165.8	149.2	133.4	130.5	130.3	126.6	113.7	100.5	82.5	44.8	28.6	23.2	20.1	20.8	25.8	23.2	19.8	15.1	11.1	11	12.3	15.9	16.1	14.8	14.1	14.7	15.8	17	19	24.7	30.6	36.3	37.7	40.4	42.7	45.6	48.2	49.8	48.3	49.6	50.5	52.2	53.9	56.7	56.6	56	57.3	59.6	62.4	63.2	64	65.8	65.8	66.6	68.3	68.7	76.2	87.1	96.6	103.5	113.2	116.4	113.1	114.2	102.6	90.1	81	78.4	78.6	78.5	74.4	73.2	72.2	70.4	70.9	69.8	72.3	75.2	74.1	70.7	71.4	73.9	71.5	71.7	71.4	69.7	72.3	71.8	68.4	68.9	67.6	67.9	69.2	68.7	72.1	71.2	70.7	71.5	72.8	69.3	69.9	70.5	67.4	70.8	74.4	72	70.8	66.3	62.7	60.5	63	61.6	58.4	58.4	56.4	52.5	51.3	48	47.4	50	48.8	46.2	45.5	44.4	43.4	42.5	42.1	41.5	39.2	41	42.2	40.9	39.5	37.9	33.6	33.8	32.6	26.9	22.8	19.6	18.4	17.5	16.4	12.8	13.3	13.9	13	13.5	13.7	15.3	18.9	20	16.4	16	17.1	18.2	19.9	20.1	22.9	24.3	23.6	24.1	23.6	33	43.7	59.5	86.4	104.4	113.6	110.4	111.6	111.2	108.4	107.8	111	114	114.4	116.8	122.8	150.6
204	204	204	204	204	204	204	204	204	204	204	198.4	185.2	174.8	169.6	164	147.7	133.7	131.2	128.4	120.8	106.3	96.3	80.1	50	27.9	21.4	20.1	20.9	23.9	21.7	18	13.3	10.8	9.8	13.6	15.8	15.4	14.5	14.1	14.5	14.9	15.6	18.5	24.6	29.8	34.1	36.8	40.4	43	45.8	47.5	47.8	47.7	49	49.9	52.7	55.1	56.1	55.1	57.3	59.7	61.1	61	62.2	64.1	64.5	63.5	64.2	66.1	74	84.9	95.3	104.9	107.8	115.2	116.3	113.9	110.9	99.2	86.9	82.2	81.9	80.2	81.1	79.1	76.2	75.6	73.7	71.7	72.7	75.8	76	75.2	74.5	76.3	77.3	77.1	78.8	77	73	73.1	73.5	71.2	69.8	68.4	71	72.3	72.1	74.9	74.6	75.5	76.7	73.6	70.8	71.9	70.2	71.2	77	76.4	72.3	70.1	68.2	65.4	63.8	66.4	65.2	61	62.4	57.9	54.1	54.6	52.1	49.8	52.3	50.8	49.7	48.3	46	44	44.8	43.9	39.4	37	40	43.5	39	35.6	37.3	36.2	35.2	35.3	27.9	23	20	18.4	17.7	16.6	13.4	14.6	15.8	14.5	13.1	13.9	15.6	17.7	20	15.7	14.8	18.1	17.9	17.4	20.5	21.9	23.5	26	25.1	27.1	40.8	52.6	62.9	78.1	95.6	108.4	114	112.8	113.2	110.4	112.8	111.6	111.2	114	116.8	120	131.4
204	204	204	204	204	204	204	204	204	204	204	196.8	185.2	173.2	168	157.1	138.3	132.5	130.2	125.3	116.9	104.4	95.6	74.7	46	24.6	20.2	18.6	18.9	22.2	19.7	17.1	14.8	11.7	11	14.9	16.9	15.2	14	13.4	12.9	14.4	16	18.4	23.4	28.9	33.7	36.7	39.8	43	46.2	47.6	48.3	47.4	49.1	50.4	52.6	56	56	55.7	57.1	59.3	61.4	61	61.7	64.6	63.7	63.8	64.1	66.4	78.3	87.8	97.9	106.1	108.7	114.4	115	113.4	109.4	97.2	86.5	82.9	81	79	81	80.1	77.4	77.1	75.1	73.1	74.8	78.1	76.5	75.6	75.1	77.7	78.4	77.2	80	80.3	77.2	75.9	73.2	71.7	70.8	68.9	70	72	72.5	72.6	74.9	79.9	78.7	75.4	73.5	72.6	73.3	74.6	78.2	77	73	70.7	70.9	67.2	65.7	66.1	64.5	61.4	63	59	54.6	56	53.4	51.6	53.7	52.6	52.9	50	47.2	45.1	45	43.6	38.9	36.9	38.7	42.9	37.8	33	36	36.2	35.7	35.4	28	22.7	19.7	18.9	18	16.6	12.5	13.6	16	15.7	15.3	15.2	14.9	17.5	19.3	14.7	13	16.9	17.6	17.9	19.4	21	23.6	26.3	25.4	28.7	44.1	54	65.7	79.5	99	111.2	114.2	113.2	112.8	110	111.6	111.2	110.8	113.6	115.6	117.2	121.8
204	204	204	204	204	204	204	204	204	204	196.4	191.6	181.6	170.8	165.6	153	136.6	134.3	129	119	108.5	100	83.2	39.5	25.4	21.8	21	19	20.6	21.6	18.5	16.5	13.4	11.3	11.6	16	18.2	15.8	13.5	14.1	14.1	14.7	15.7	19	22.9	27.4	32.8	38.4	41.4	44.6	46.1	46.7	47.4	47.4	48.5	50.8	53.9	56.9	55.5	55.8	57.7	58.7	59.2	61.4	63.4	63.1	63.5	63	64.3	74.6	88.8	98.8	106.3	110.8	115.4	117.9	120.6	118.8	106.1	92.9	87.6	87	84.5	84.1	84.4	83.5	81.8	81.7	79.7	77.3	78.2	79.4	81	80.4	80.1	82.4	83.7	80.4	82.8	85.4	83.4	80	76.9	76.3	76.4	72.7	73.9	76	76.5	77.1	79.5	82.2	79.8	78.6	77.2	75.7	78.8	79.5	80.8	76.4	71.4	72.7	75.9	73	71	70.7	65.8	64.5	64.6	59.7	57.4	57.6	56.3	53.9	57.9	56.8	56.3	56	49.9	47.6	48.1	46.5	41.7	36.6	37.4	39.7	36.1	32.2	32.7	38	37.7	38.6	31.6	23.9	19.3	18.2	20.2	18.5	12.8	14.7	15.3	15.8	15.9	15.9	15.6	15.7	18.2	15.5	12.1	12.7	16.2	18.4	19.2	19.7	22.1	27.4	27.1	25.1	33.3	49.8	66.8	80.9	100.3	114	114	111.8	110.6	109.6	106.8	104.2	101.4	106.4	112	110.4	110.4
204	204	204	204	204	204	204	204	204	204	194.8	190	179.2	169.6	164	148.1	135.5	134.5	127.8	117.6	106.5	97.1	78	35.2	23.6	21.6	21.6	19.9	21.8	23	20.5	17.6	14	12	11.5	14.9	16.6	14.6	13	14.4	14.9	14.9	15.6	16.9	21.2	25.9	31.6	37.4	41.9	44.4	45.6	46.8	47.4	47.2	48.4	52.3	54.5	56.4	55.4	55.6	57.7	58.2	58.9	62.4	63.8	62.9	63.1	63	65.5	79.5	93	102.5	107.9	111.1	116	119.4	121.9	119.1	106.3	94.8	88.5	86.2	84.7	85.3	86.1	86	84	83.7	82	80.6	81.1	78.7	79.4	80.3	80.4	82.9	83.1	81.1	82.1	83.8	85	82.5	78.3	78.1	78.4	77.4	78	77.9	77.9	78.8	81.2	82.7	82	81	77.5	77.1	81.6	82.2	82.8	76.5	70	73.8	77.7	75	74.3	72.7	67.9	64.6	64.2	60.9	59.4	58.8	57.7	56.1	58.5	57.6	57.8	57.1	50.5	48.6	49	48	42.1	37.2	37.5	37.3	35.8	31.9	31	36.9	39.5	39.7	33.1	24.3	18.9	17.1	18.3	17.6	13	15.7	15.2	15.4	14.8	15.7	16.9	16.3	18.5	15.4	12	12.6	15.6	18.1	19.9	18.9	22.2	27.3	26.6	23.4	30.5	47.4	66.3	86.3	106.5	114	114	114	112.4	111.2	109	106.4	102.8	106.4	111.8	111.2	112.8
204	204	204	204	204	204	204	204	204	200	188	177.2	170.4	164.4	156	143.7	134.2	131.6	125.5	114.8	101.6	94.5	63.4	28	22.7	19.2	21.7	21.3	22.5	22.8	19.8	16.2	14.4	12.5	12.7	15.4	17.4	14.5	12.8	15.1	15.2	14.7	14.5	16.9	21	25.3	31.9	36.8	41.6	44.4	45.2	47.2	47.6	47.3	50	53.5	56	56	55.3	57.8	57.6	58.1	58.5	60.8	62.8	63	63.1	65	76.6	93.2	106.2	108.3	110.4	115.4	119.9	123.6	123.5	115.2	101.1	93.4	90.7	89.6	89	89.4	92.3	93.5	88.9	85.5	83.9	81.9	81.8	82.3	78.8	78.1	77.3	80.9	81.3	77.3	76.4	77	79.7	79	77.6	77.8	78.1	76.9	78.4	81.9	82	79.8	80.3	78.3	81	81.2	79.4	75.8	80.4	82.5	85.7	81	69.9	71.4	73.5	73.9	71.8	66.6	62	60.7	58.8	60.4	61	62.5	62.5	60	55.6	53.7	55	57.9	55	53.6	52.8	50.4	44.2	37.7	35.5	34	33.8	31.8	29.3	36.5	42.8	40.9	33.1	24.8	20.9	17.4	16.6	15.9	13.2	14.1	13.9	14.1	13.1	14.2	14.8	15	17.5	14.9	11.5	10.8	12.7	17.2	17.8	16.8	20.8	24.8	28.5	25.9	27.2	37.6	60.6	88.3	110.6	112.8	113.2	113.6	111.2	110	108.4	109	108.8	106.6	109.4	113.8	117.6
204	204	204	204	204	204	204	204	204	199.6	187.2	174.4	167.6	161.2	152.2	136.1	132.9	130.8	124.1	112.6	100.1	91.7	53.5	28.3	23	20.9	23.4	22.9	24.6	23.6	19.1	15	11.9	10.8	11.8	13.7	15.3	13.8	14.1	16.6	16.1	13.5	12.7	15.7	20.8	24.5	31.5	37.5	42.6	44.6	45.9	47.8	47.9	47.4	50.8	54.1	54.8	55.6	55.7	56	56.8	58	58.5	60.4	62.5	62.3	62.5	68.8	82.6	98.3	108.4	107.9	111.2	118.5	121.8	125.6	124.8	114.2	101.7	93.7	90.4	90	88.9	91.2	95.1	93.1	87.7	85.6	84.7	82.5	81.7	81.3	77.1	76.7	75.6	78.5	77.9	74.7	75.4	76.3	77.9	78.3	77.1	77.4	78.2	78.2	80.7	82.5	81	80.6	80.5	78.7	82.4	84.8	83.6	79.9	80.1	81.1	85	81.7	69.4	71.3	74.4	72.5	68.4	64.5	61.4	58.7	57.7	60.5	62.1	62.8	62.3	58.5	56.1	54.2	54.4	57.7	55.5	54.6	53	51.7	44.3	37.6	35.5	33.5	33.2	31.3	29.8	37.8	42.6	40.1	32.5	23.6	21	18	17.9	15.6	13	12.1	12.8	13.8	12.5	12.9	14.4	14.5	17.7	15	10.7	9.9	12.7	18	18	15.8	21	24.2	27.9	26.2	26.6	35.5	59.7	86.7	105.3	110.6	112	112.2	112	110	108.4	107.4	108.8	105.8	109.8	115.8	117.2
204	204	204	204	204	204	204	204	204	198.8	184.4	172.8	164.8	156	148.5	136.1	132.2	130.1	122.5	108	98.5	84.6	48.6	31.3	22	22.5	25.1	23.1	24.3	21.4	17.6	13.8	12	11	12.8	13.3	15.1	15.1	16.8	17.4	14.3	12.2	12.3	15.8	20.6	24.6	30.9	37.3	43.1	44.6	45.4	47	45	45.5	51.3	53.9	54.4	54.6	55	55.8	58.1	58.9	59.3	61.4	62.7	63.4	70.6	87	102.7	112.9	114.2	110.1	113.8	121.5	123.9	129.3	126.3	109.1	95.9	93	94.2	94	91.5	93.2	93.8	88.5	86.2	86.3	87.2	82.3	76.9	80.1	77.5	72.7	74.8	73.8	71.3	73.5	73.4	73.3	75.2	78.6	77	77.3	79.4	82.7	82.9	81	82.3	78.5	74.4	76.9	78.7	79.6	81.1	79	77.9	79.4	87.2	85.3	72	68.2	70.2	68.4	64.3	61.7	58.8	56	56.7	59.2	60.6	59.1	58.4	60.3	57.7	54.3	53.1	53.3	55.2	54.4	53.5	53.6	47.1	38.8	36.3	32.7	32.7	30.4	30.1	35	36.1	37.6	31.6	23.8	21.9	20.6	20.6	16.4	12.7	11.7	11.1	12.2	11.4	11.8	13.9	12.5	15.5	16	11.1	9.3	11.7	16.5	18.2	17.8	20.6	20.3	22.7	23.1	26.9	35.1	56.2	82.4	104.7	109	110	110.2	110.2	110.2	112.4	110	109	108.6	109.2	114.4	116.8
204	204	204	204	204	204	204	204	204	197.2	184.4	174	164.8	156.8	145.1	133.7	130.4	126.2	119	105.6	97.5	81.8	48.8	31.8	22.9	23.2	23.4	20.5	20.8	19.1	16.5	14.1	12.7	11	12.6	14.4	17.7	17.8	17.6	15.4	12.5	12.3	13.8	16.6	21.6	26	31.5	38.4	43.2	44.6	45.6	48	46.7	46.9	51.8	54.4	53.9	54.3	54.7	56.6	58.4	58.8	60.5	62.4	63.5	65	75.7	92.8	107.2	114	115.5	111.8	117.2	124.8	125.6	129	123.8	104.2	92	91	93.5	94.4	93.1	93.9	89.4	83.9	83.2	86	85.3	80	77.1	78.8	75.7	73.3	75.1	72.4	70.5	73.6	73.9	72.6	74.5	77.1	77.3	79.5	81	82.9	83.9	79.6	81.3	78.2	73.5	74.6	77.7	79.8	80.9	79.2	78.7	81	87.7	84.1	71.5	67.9	69.3	66.2	63.4	61.8	59.1	56.3	56.5	58.8	61.2	58.2	58.5	60.6	58	54.7	54.2	52.6	52.9	54	54.5	55.1	47.8	39.8	36.1	32.6	32.6	30.2	29.9	33.5	34.7	35.4	31.3	24.9	22.5	21.7	20.7	17.1	13.1	11.8	11.2	11.9	11.6	11.8	13.3	11.7	14.4	15.4	11.7	9.1	10.3	15.2	18.2	19.4	21.4	20.1	20.8	22.2	24.7	38.5	60.6	81.5	104.2	112	110	110	112	113	112.8	110.8	111.6	110.8	109	114	116.8
204	204	204	204	204	204	204	204	204	190.8	181.6	173.2	163.2	157.6	147.6	133.2	126.3	121.2	113.2	101.3	96.1	70.1	43.9	30.6	22	22.6	24.5	20.5	19.6	19.4	16.5	14.9	11.8	10.4	12.6	14.6	17.7	18.2	17.5	14.1	11.4	12.8	13.9	16	21.8	27.8	32.1	38.6	43.1	44	45.1	47.2	48.8	50.6	53.1	53.4	53.5	53.8	55.1	55.7	58.5	59.6	60.8	61.5	65.1	78.1	94.3	109.6	117.9	117.4	114.4	114.7	122.8	129.2	130.2	130.2	115.2	94.9	88.3	87.9	88.7	89.7	89.9	87.1	81.1	78.8	78.4	81.5	81.2	77.5	76	74.8	72.8	72	71.3	69.5	69.4	71.1	71.2	70.7	73.2	74.7	74.7	78.4	78.9	81.5	80.8	74.1	73.6	72.3	71.8	73.3	75.7	80.2	82	79.5	76.8	77.8	89.7	87.7	72.1	65.9	65.5	62.9	61.5	60.7	57.8	55.8	55.9	58.2	56.8	53.9	55.2	54.7	53	51.1	50.8	49.4	50.5	51.3	53.9	54.6	49.7	42	35.3	33	32.1	30.9	28.2	30.3	31.4	31.7	30	26	21.8	19	19.6	17	12.9	11.1	9.9	9.3	9.6	11.3	11.7	10.9	12	14.1	11.7	9.8	8.9	12.1	16.5	19.4	17.3	18.1	17.9	18.8	22.7	30	53.2	73	95.8	112.8	109.8	108.4	112.2	116.4	113.6	111.2	111.2	111.2	110	113.2	114
204	204	204	204	204	204	204	204	204	191.2	182.4	174.8	166	159.1	145	133.7	127.3	123.6	118.7	106.3	96.9	74	49.2	32.3	21.7	19.3	22	21.7	20.7	20.6	19	16.2	12.7	10.3	13.6	16.1	18.2	17.3	16	16.1	13.8	12.6	14	16.2	21	27.4	33.2	38.7	43.1	44.6	46	47.6	50.2	51.3	53.8	53.9	53.4	54	55.5	56.6	58.3	59.9	61.8	62.3	65.4	75.6	91.2	107	118	119.8	118.7	115.7	121	128	129.1	128.9	117.9	99.6	88.1	85.9	85.7	86	87.4	86.1	80.3	77.6	76.8	79.5	80.1	76.4	76.1	74.6	72.6	71.2	69.6	70.6	70.4	72.1	72.1	71.7	74.4	75.2	74.2	77.8	77.9	81.9	83.4	76.8	73.7	72.8	72.4	74.6	74.7	76.5	80.5	79.7	76.7	76.2	82.4	88.8	79.4	68.1	66.1	64.2	62.8	61.8	58.8	56.5	55.3	55.8	56.8	54.6	53.2	53.8	51.8	50.9	49.6	48.5	48.9	49	51.4	54	50	44.6	38.8	33.9	31.3	31.1	28.3	29.1	31.1	30	27.8	24.4	21.3	19.2	17.7	16.8	15.2	11.6	10.9	9.7	9.6	10.7	11.6	11.3	11.2	12.4	12	10.6	9.9	10.5	13.3	17.9	17.9	17.5	18.4	18.6	22.3	26.4	47.9	72.4	96.2	111	111.2	110.4	111.6	114.4	114.4	113.2	111.6	112.4	112.4	112.4	114
204	204	204	204	204	204	204	202	192	183.2	174.8	167.6	162.8	157.9	143.3	131	125.6	121.9	107.6	97.5	95.1	79.2	61	36.5	22.4	22.9	22.3	19	18.7	17.5	16.6	13.6	10.3	12.1	15.1	16.2	18.8	20.3	19.9	16.7	14.8	14.1	14.8	17.1	21.7	27.7	33.6	40.1	43.7	44.7	46.4	49.6	50.3	53.8	54.3	54	55	56.7	57.1	59.1	60.4	61.4	62.4	68.3	84.2	99.6	114.1	121.2	118.8	115.5	115.5	121.1	130.9	128.9	121.8	112.7	96.4	85.5	85.7	82.7	81.5	80.3	80.4	78.4	76.6	74.4	74.9	75.5	72.8	72.5	72.2	70.8	70.4	70.6	69.7	69.5	70.5	71.6	70.8	73.4	73.4	74.4	73.8	73.6	79.4	82.5	77.3	73	71.3	71.4	71.7	72.4	74.2	81.5	81.6	76.6	77.2	80.2	94.3	89.6	72.5	67.5	65.8	63.1	60.2	59.4	58.6	56.1	56.8	57.7	56.1	51.1	50.3	50.6	50.5	49.3	48.3	47.3	46.1	46.7	49.6	50.8	50.3	45.7	37.5	33.4	33.3	29.9	28.1	28.4	28.7	29.4	25.4	22.8	20.5	17.7	18.7	16.8	14.6	12	9.5	8.3	9.1	10.3	10.6	11	11.3	11	11.5	10.2	9.2	9.7	14.3	18	17.2	17	17.4	18.7	24.4	33.3	46.2	73.3	100.5	115.7	116.2	116.2	114	112.8	112.6	112.4	108.8	108.6	106	105.6	111.2
204	204	204	204	204	204	204	201.2	191.2	182	174	165.6	157.8	146.7	136.5	127.9	124.8	117.6	101.7	95.1	90.8	78.1	71.9	45.2	25.6	24.3	20.2	18.3	18	15.5	14.3	12.9	10.9	13.7	15.6	15.2	16	19.4	21.1	18.3	14.3	15	14.4	15.6	19.3	26.1	33.4	37.5	40.9	44.1	46.9	48.8	51.6	54.3	54.7	53.9	55	56	57.4	60.5	61.3	61.4	63.8	74	89.5	103.9	115.6	120.5	117.2	114.5	115.9	123.8	129.5	126.9	119.1	108.6	92.1	82.8	82.2	78.1	78.7	77	75.8	74.7	73.9	71.8	74	74.1	72.4	72.8	72.1	71.9	69.3	69.1	69	70.3	70.3	69.5	69.8	72.7	72	73.5	74.1	73.1	78.7	81.3	75.5	72.4	70.6	71.6	72	72.9	73.9	81.4	80.9	76	75.3	81.7	96.3	90.2	73.1	67.9	65.2	61.9	61.3	59.9	58.6	58	58.4	58.9	56.3	52.3	50	50.4	51.3	49.6	48.6	47.9	46.4	45.8	48.8	51.6	50.7	45.8	37.7	33.6	31.7	28.9	27.5	27.9	30.2	31	27.7	24.9	22.4	18.8	19.4	17.3	15.2	12.7	9.3	8	8.9	10.2	10.8	10.9	11.8	11.7	11	9.1	8.3	9	12.5	16.5	16.5	16.2	16.8	18.6	21.7	31.9	46.7	68	95.7	114.1	117.2	117.2	115.6	115.4	113.8	112.4	110.4	111	109.2	105.6	108.4
204	204	204	204	204	204	204	200	188.8	180.4	170.4	161.2	152.8	143.1	133.3	124.1	121.5	111.5	97.7	95	89.9	76.9	49.3	29.5	23.2	21.6	19.9	17.3	18.1	17	14.8	13.6	13.7	15.4	16.3	15.3	15.7	20.4	22	18.2	15.2	15.5	14.4	17.5	21.6	28.6	36.9	41.6	45.1	47.5	49.2	50.3	52.7	54.1	54.2	55.5	56.7	57.8	59.3	60.9	61.3	62.4	71.5	86	102.6	115.3	120.7	120.5	115.5	114	117.4	125.5	127.9	120.3	111.1	93.6	80.4	78.7	77.6	77.2	76.8	76	73.1	71.9	70.7	72.4	71.9	70	69.1	70.3	70.8	68.9	69	67.8	66.1	66.1	66.6	67.5	68.8	69.2	69.9	73.4	72.1	72.5	74.5	74.5	69.7	67.4	67.9	67.5	67	69.5	74.5	84.8	81.6	72.9	72.2	77.5	95	90.6	73.6	66.2	61.6	58.5	58.4	57.9	55.7	57.2	58	55.8	53.2	49	48.8	48.9	49.9	49.5	47.7	47.1	46.4	45.5	46.1	51	51.8	49.1	41.6	34	32.3	29.8	27.3	27.8	29.9	29.6	24.3	24.8	23.3	20.5	18.7	15.9	15.9	14.6	10.3	8.6	9	10.5	11.4	10.1	10.7	11.3	11.1	8.8	7.4	8.2	10.5	14.2	14.7	15.8	16.8	18.8	26.2	40	59.3	76.6	90.5	110.5	116.4	116	116.4	116	116.4	113.6	111.2	112.4	111.2	110.4	113.6
204	204	204	204	204	204	204	199.2	187.6	177.6	167.2	159.2	153.9	142.6	130.1	123.7	119.8	107.8	96.1	93.9	89.8	74.8	43.2	25.2	23.6	22.3	20.2	15.9	17.8	17	16.1	14.2	14.8	15.5	15.2	15.5	17	20.2	20.8	16.8	15.6	14.7	13.5	16.8	22.9	30.3	37.8	43.1	46.7	48.8	49.6	50.8	52.8	54.6	54.8	55.9	57.1	57.7	60.4	60.6	60.3	65.4	75.8	88.9	106.3	113.8	118.9	119.1	117.1	115.9	119.3	126.2	126	117.3	106.6	88.2	78.4	75.3	74.8	74.5	75.3	74	70.7	70.1	68.9	71.4	70.5	69	68.7	68.5	68.3	67.9	68.7	67.9	66.3	67.4	68.1	67.8	67.7	67.9	69.2	70.9	68.8	70	72.9	71.8	67.2	66.9	67.1	65.5	66.1	68.1	71.7	83.3	79.6	71	70.3	75.4	93.5	89.4	72.3	63.5	59.4	54.6	56.1	56.2	55	57	56.8	55	52.9	48.9	48.9	48.5	49.1	48.2	46.7	46.3	46.4	45.3	46.2	50.7	50.5	49.4	42.7	35.6	32.7	29.6	26.5	28	29.6	28.8	24.7	26	24.7	21.1	18.2	16.6	17.1	15.3	10.7	8.6	8.4	9.5	10.5	10.5	10.7	10.9	10.5	8.6	7	7.8	10.1	13	14.1	14.9	15.9	17.9	25.4	37.4	61.2	79.2	93.2	111.9	116.4	116.8	118.4	117.2	116.4	113.6	111.2	111.2	111.6	110.4	113.2
204	204	204	204	204	204	202.8	195.6	187.2	173.6	161.2	152.8	149.6	141.1	126.3	122.8	116.6	103.9	94	92.4	90.9	78.1	53.1	26.5	25.3	23	20.2	15.2	17.5	18.5	16.9	14.4	14.6	14.7	16.5	17.4	18.3	21.4	18.9	15.5	14.1	13.7	14.1	18.7	25.7	32.4	40.1	47.6	49.6	49.9	50.3	51.5	52.9	53.1	55.1	57.2	58.6	59.6	59.7	59	66.8	83.1	89.9	98.2	108.2	114.4	117	112.6	114.5	115.2	118.4	118.8	113.6	107.5	88.9	76.1	71.1	67.4	67.7	65.7	65.9	65.6	64.1	64.3	68.8	68.1	64.7	64.8	65	65.4	64.7	64.7	65.8	65.2	66.1	67.1	67.1	66.7	67.8	66.2	68.3	67	64.9	67.7	69.1	69.1	67.3	65.6	66.5	65.2	64.4	64.5	71.2	83.2	70.9	63.5	63	68	91	87.7	69.6	60.2	54.8	51.7	53	53.9	54.6	54.7	50.9	50.8	49.5	44.9	44.9	43.6	45.4	46.8	45.5	44.2	46.1	45.5	43.5	47.5	50.7	49.4	46.1	38.4	34.1	30.7	27.8	27.8	28.5	28.6	25.6	26.5	25.4	22.4	20.6	17.1	16.9	15.5	11.7	9.3	7.4	9.1	10	10.1	10.2	10.9	11.3	9	7.4	7.6	8.9	11.6	14.2	15	15.9	17.1	25.9	45	60.8	79.7	92.4	100.6	111.4	115.6	118.4	119.2	118.4	113.8	111.4	112.4	112.8	111.2	110.8
204	204	204	204	204	204	200	192.8	185.2	172	159.6	152.8	148.2	133.3	128.8	128.7	116.1	101.4	93.5	93.8	93.4	79.1	54	28.5	25.6	22.5	19.5	15.9	18.3	18.9	17.4	14.4	13.4	14.5	17	17.3	18.1	21.7	18.7	16.2	14.1	13.6	15.2	19.3	28.2	35.2	41	46.3	49.4	49.8	50.9	50.9	52.5	53.7	54.9	57.4	58.1	57.8	59	58.6	70.7	88.2	91.7	98.6	106.9	113.2	113	107.8	111.4	114.5	118.7	116.4	108.7	101.7	81.1	71.4	67.4	63.8	62.9	63.1	63.7	61.1	62.1	63.4	68.1	67.4	63.4	63.3	64	64.5	64.1	64.1	64.9	64.7	67.1	66.3	65.5	66.4	68.5	66.3	67.7	68.3	66.1	67.9	69.3	69.3	66.6	65.1	64.7	64.6	63.4	63.3	71.8	83.6	68.6	62.3	60	65.7	93.5	88.9	69	59.3	54.4	52	51.4	49.7	51.5	51.9	48.4	48.8	48.5	45.7	45.2	42.8	44.6	45.6	44.6	44	46.7	45.5	44.1	48.1	50.7	48.2	45.8	39.2	34.1	31.6	28.2	28.8	28.3	28.7	25.6	27.2	25.9	23	20.9	17.1	17.1	15.8	11.1	8.8	7.7	9.1	10.1	10.1	10	10.1	10.1	9.6	7.9	7.5	10.2	11.2	13.1	14.7	15.7	16.8	25.7	46.7	60.4	79.8	94.8	99.1	105.4	113	117.2	118.4	118.4	115.4	114	113.2	113.6	111.6	110.8
204	204	204	204	204	200	195.6	188.4	179.6	169.6	160.4	152.8	148.2	132.9	132.2	129.7	112.5	98.8	93.3	94.9	88.4	71.3	49.6	37.3	29.9	24.2	21.3	16.6	15.5	18.2	18.8	16.6	13.7	14.3	17.1	17.8	17.7	21.6	17.9	16.5	15	14.5	15.8	20.6	28.7	36.7	42.1	47.4	51.2	51.7	50.4	51.7	53.1	53.8	55	57.5	56.3	55.9	58	66	81.4	94.9	97.9	100.1	105.7	108	106.9	105.7	106.6	105.1	108.9	106.6	102.8	81.5	64.7	60.4	56.4	55.2	54.5	57.3	56.1	54.6	62.1	70.2	66.3	62.2	60.7	60.8	63.2	64.1	62.7	64.4	63.2	68.8	71.7	65.3	63.2	69.1	70.9	66	68.8	68	65.5	67.2	66.9	65.3	64.1	63.3	62.4	61.5	61.9	62.5	78.4	80.8	63.1	60.3	57.3	65.2	89.1	84.4	66.7	56.9	51.1	48.9	46.8	47.5	48	47.2	44.5	44	42.3	41.8	42.7	41.5	41.8	41.4	42.3	44	46	45.5	44.7	47.5	53.8	50.1	43.5	40.1	35.5	32.8	30.9	28.8	28.7	28.5	28.2	28.1	27	26.2	21.4	17.4	19.9	17.1	13.1	10.5	8.3	8.5	9.1	9.8	10.1	9.6	10.2	9.6	7.7	7.4	10	10.5	12.2	13.7	14.5	15.7	19.6	29.6	50.4	72.2	88.7	102.8	105.2	104	107.2	110.6	107.2	109.8	111	112.4	115.2	112.6	111.2
204	204	204	204	204	198.8	193.2	186	178.4	168.4	160.4	153.6	140.7	133.4	142.8	127.7	108.1	97.7	94.2	95.2	81.2	55.3	43.9	33.9	26.7	22.4	21.1	15.1	15.1	20	17.7	14.1	13.7	14.1	16.5	17.9	19.8	20.5	16.1	15.3	15.2	14.9	17.3	24.5	34.5	41	44.5	50.7	53.4	52.3	51.6	52.4	53.2	52.5	53	55.4	53.5	52.5	57.8	67.9	82.9	94	96.2	100.1	105.9	107	105.6	106.8	105	105.1	107.8	103.7	94.8	73.4	61	56.7	53	52.7	52.9	54.1	53.6	52.9	62.7	71.5	65.4	60.9	59	60.9	62.6	63	63.8	65.3	63.3	70.2	72.4	64.7	64.1	70.6	71.3	66.3	68.2	67.1	66.2	66.8	66.1	64.6	62.6	60.9	61.1	60.4	60.2	60.5	75.2	75.4	61.5	60.2	57.4	65.7	85	81.3	69	59.1	53.3	49.3	46.9	47.4	48.4	44.9	43.9	44.9	42.2	41.3	41.9	40.7	40.3	40.9	42.2	44	47.1	46.4	45.6	48.2	54.3	53.5	45.1	40.4	36.3	32.7	30.1	27.5	27.8	28.4	27.1	28.5	25.6	25.2	20.8	18.2	19.5	18.2	13.6	10.7	7.9	8.1	8.5	8.8	9.3	8.8	9.2	9.5	8.1	7.1	8.5	10.1	11.9	13.4	15	17.8	21.6	37.2	60.3	80.4	101.3	107	107.6	105.6	106.8	113	111.2	110	110.4	110.4	113.6	112.8	111.2
204	204	204	204	204	192.8	188	182	174	167.6	162	153.6	139.6	133.1	140.6	124.2	105.1	94	94.3	96.1	81.3	59.1	42.1	34.9	27	21.7	18.9	12.9	15.4	19.1	17.7	14	14.1	15.7	16.9	15.8	18.1	18.9	14.6	14.1	14.1	16.1	19.9	27.3	36.2	42.4	47.8	54	55.4	52.5	51.4	53	53.7	53.9	54.3	53.6	51.9	52.3	62	73.4	82.8	90.7	94.3	100.6	104.9	106	106.2	107.7	103.6	106.9	103.5	90	72.9	55.7	49.1	46.6	46.9	46	46.7	48	46.8	58.1	74.2	65	57.5	54.4	55.9	59.7	61	63.5	67.1	63.1	69.6	84	71.2	63.6	67.8	72	70.2	66.8	70.5	67.9	64.3	63.7	62.4	61.7	59.6	58.4	59.5	56.8	55.3	59.5	75.4	69.9	60.7	61.8	57.6	63.6	71.2	66.1	61.4	58.8	51.6	48	47.4	47.6	46.5	45.1	46.4	47	44.8	47.9	46.8	44.5	43.5	40.9	41.7	46	47.5	48.7	53.1	57.6	64.4	61.5	54.6	45.1	37.7	34.7	32.5	30	28.5	27.7	28	28.2	27.3	23	19.9	19.8	20.4	22.2	16.3	11.2	9.3	8.9	9.1	8.3	9.3	9.3	9.4	10.1	9.6	7.4	7.9	9.4	10.6	12.3	14.8	17.1	21.1	33.8	57.6	84.5	101.3	107.2	108.8	112.4	113.2	117.2	115.6	114.4	114	111.8	111.2	110.4	111
204	204	204	204	204	192.8	188.4	181.2	172.8	165.6	161.6	152.4	141	142.6	137.5	115.3	102.4	93.5	95.8	95.8	85.7	63	42	34.2	26.3	20.8	18.2	14.8	16.4	19.1	18.5	13.9	13.7	15	16.6	15.1	16.5	16.7	13.7	14.1	14.1	16.5	21.6	29.2	37.5	43.2	48.7	55.4	55.6	52.8	51.6	53.8	54	53.8	53.6	53.5	49.6	51.8	62.7	73.6	81.1	85.8	91.4	97.4	99.6	102.3	103.9	104.3	98.3	100	95.4	79.6	62.5	48.5	43	39.9	41.7	41.9	42.7	44.1	43.9	62	75.2	58	50.9	51.2	54.4	59.7	59.6	65.3	69.9	62.4	71.6	85.2	68.4	62.9	68.3	71.1	70.3	69.2	72.5	67	62.7	61.6	61.2	59.9	58.5	56.8	57	55.6	53.8	59.2	74	66.5	60.6	62.5	58	61.4	67.7	64.8	62.6	61.3	53.8	48.2	48.5	48.8	49.4	47.6	46.3	49.4	49	52	50	49.3	47.8	40.5	41.3	46.3	46.1	48.8	54.5	59.3	68.3	64.7	56.8	47.9	39.5	35.7	32.9	31.2	29.6	28.9	28.2	30.5	28	22.6	20.4	21.3	21.3	21.5	16.9	11.6	9.4	8.9	9.1	7.1	8.2	9.3	8.8	10	9.8	8	8	8.8	10	12.3	14.5	18	22.8	34.1	59.1	83.7	101	106.8	108	112.4	113.2	115.2	114.4	113.2	115.4	112.8	109	110.6	112.4
204	204	204	204	204	199.6	189.2	179.2	169.6	162.4	156	146.8	140.7	142	135.1	114.4	100.9	94.2	98.1	97.3	88.5	72.7	62.3	46.5	34.1	22.8	17.1	15.8	17.4	19.4	18.9	14	15.4	16.4	15.3	14.5	16.3	14.1	12.3	13.9	13.7	16.2	21.5	28.9	38.7	45.6	51.1	57.7	57.7	55.7	56.6	57.9	57.3	58	54.1	50	51.3	58.3	63.5	71.6	75	78	85.4	88	94.7	99.6	100.2	98.2	87.8	88	79.9	65.1	47.5	37.3	36	34.9	34.7	35.4	33.3	34.6	43.9	63.2	60.2	45.6	42.8	46.9	60.3	64	56.6	74.6	74.1	64.6	76	74.4	60.4	65.4	75.3	74.8	73.1	78.7	78.7	70.3	63.5	58.1	56.3	55.8	57.2	57.2	58.9	58.9	54	56.6	66.8	58.8	57.8	62.2	56.4	59	63.9	70.4	73.2	76.6	71.8	64.8	65.4	66.9	71.3	71.2	68.6	71.4	74.9	79.1	70.4	68.6	60.1	47.8	50.6	55.8	52.3	55.6	62	64.2	71.2	73.2	67.7	57.2	44.5	38.3	35.6	33.3	29.8	28.8	28.7	28	28.1	22.8	21	22.8	23.4	22.5	19	12.9	9.8	8.5	9.6	7	7.5	8.5	8.9	9.6	10.6	9.4	8.7	9.2	10.3	13.1	15.2	19.3	27.8	44.1	66.2	83.7	101.4	107.6	107.2	110	109.6	105	105.5	103.8	106.2	111.4	106.6	104.2	109.4
204	204	204	204	202.4	198.4	188.8	178.4	167.6	161.6	154.8	146.8	142	142	128.6	111.2	101.6	96.3	97.7	97.8	89.1	73	64.6	45.3	33.3	24.5	18.8	16.6	17.2	18.5	18.5	15.7	16.3	17.3	15.1	12.8	14.8	12	11.5	13.7	14.5	18	23.9	30.1	38.4	45.5	52	58.1	59.9	58.3	58.9	58.9	57.7	56.8	52.7	50.1	52.8	57.8	59.7	65.7	69.5	74.3	78.3	81.8	90.1	94.3	94.2	90.8	82.4	83.6	75.3	59.5	43	34.6	34.3	33.3	31.9	30.6	29.2	30.6	44.7	61.5	54.2	39.6	38.9	42.4	59.3	61.7	54.6	72.4	69.3	64.8	76.4	70.2	58.5	68	77.1	73.6	74.3	81.8	79.5	70.9	63.9	58	54.8	54.8	58.4	57.7	59.5	59.4	54.1	55.7	62	54.9	54.9	56.3	50.4	55.7	62.9	69.1	72.2	77.1	74.6	69.7	71.6	73.2	79.4	79.9	79	81.5	84.1	86.5	77.9	75.4	64.8	52.7	55.7	57.9	54.7	58.3	65	67.8	73.2	74.3	69.9	59.9	46.4	39.3	36.3	34.2	30.9	29.1	29.4	28.9	28.6	24.6	21.4	22.6	23.7	23.8	19.6	13.7	9.9	8.6	9.6	7.8	7	8.1	8.5	9.6	10.2	9.7	9.3	9.7	10.3	13.8	17	19.8	27.8	47.8	72.9	85.6	103.1	106.8	107.2	110	111.2	107.4	108	104.4	105.2	110.6	108.4	105.8	111.2
204	204	204	204	195.6	188.4	183.2	176	164.8	161.2	156	147.6	142.8	142.4	126.1	109.2	100.8	98.2	99	98.4	93.2	73.8	69.5	55.5	30.2	22.2	18.3	16.4	16.5	16	18.6	18.9	16.6	15.3	13.8	12.9	11.8	10.2	11.8	12.2	14.4	17.3	24	32.5	42.4	48.4	54.4	58.1	58.8	58.6	64.6	67.7	65.8	62.2	57.7	57	57.4	55.5	55.1	55.7	56.7	59.6	63.7	68.8	74	79.6	82.9	80.5	77.2	78.8	66.8	46.2	35.8	33.2	33.8	34.2	33.8	30.9	33.5	47.9	60.5	59.9	48.5	46.3	51.9	60.6	72.9	70.7	68.7	84.4	77	85.9	99.8	99.2	95.7	95.2	95.4	92.4	103.9	106.9	88.2	73.1	65.2	59.7	54.9	57.9	64.2	68.5	72.8	71.4	61.7	56.5	56.1	56	59.2	59.2	65.3	80.1	83.1	83.7	83	82.3	85.9	89.3	94.6	99.2	103.1	104.2	105.4	106.7	107.5	104.7	101.5	97.3	86.3	80.5	81.5	76.8	74.2	74.2	77.3	76.3	76.8	76	72.3	65	54.3	44.9	38.8	34.2	31.8	30.1	30.1	30.4	29.9	26.1	22	22.9	24.5	25.1	22.2	15.8	10.7	9.4	8.8	8.4	7.3	8	8.5	8.8	10.7	10.2	10.6	10.8	12.1	15.1	17.4	23.3	33.8	54.2	78.4	84.3	93.7	102	101.8	102.6	107.4	109.6	116	113.2	109.4	115.2	115.6	112.8	114.4
204	204	204	204	194.4	185.6	181.2	174	164	160	154.8	146	142.4	138.1	117.7	108.1	101.3	97.2	98.6	99	99.5	81.4	71.4	61.9	36.2	25.2	19.7	15.6	14.6	15.6	19.3	19	15.6	15.1	12.7	11.6	10.6	8.9	11.7	11.6	14.6	18.9	24.9	32	43.2	50.6	56.1	59.1	58.1	59.7	66	69.3	68.9	66.3	61.9	60.2	60.6	59.4	58.5	56.9	57.2	58.1	58.4	62.1	69	75	78.6	76.2	71.2	74.4	61.3	43.4	34.5	33.8	36.5	37.7	36.6	32.3	39.9	56.3	64.6	58.5	52.2	54.5	58.4	68.1	79.2	77.2	74.5	88.2	83.3	93.1	104.8	108.7	109.9	105.1	103.7	102.5	113.9	113.7	92.9	77.2	67.3	61.1	56.8	61	65.2	68.8	73.8	72.3	63.3	56.3	53.2	53.3	57.1	59.8	71.1	83.1	83.4	82.6	83.4	81.3	83.1	88	93.9	99.4	101.9	103.4	104.2	104.7	107.2	105	100.3	95.9	89.2	86.7	86.2	81.1	78.3	78.8	79.6	76.9	76	75.8	72.1	64.4	58	49.1	40.2	35.8	32.6	31.5	31	30.9	30	25.8	21.8	24.5	26.3	26.1	23.9	16	10.4	9.4	8.7	8.2	7.3	7.6	8.5	8.4	10.3	10.3	11	11.3	10.9	14.6	18.2	26.8	38.3	53.7	70.4	83.7	93.2	98.1	97.4	98.2	104.8	108.6	115.6	113.6	110.8	114.4	115.2	112.8	111
204	204	204	204	195.6	184.8	177.6	168.8	161.6	157.2	151.6	147.6	143.2	135.3	116.2	105.5	98.3	97.6	97.6	99.4	95.7	75.5	69.7	71.2	63.1	34.9	20.9	17.6	15.1	14.5	18.5	18.3	16.2	15	12.7	9.8	9.9	10.4	10.2	12.2	15.4	20.8	27.9	37.5	48.6	55.7	61	64.1	67.9	77.4	87.6	88.9	89.8	92.2	89.3	89.9	89.1	87.3	89.9	85.7	78.9	70.4	62	58.2	55.4	55.6	56.4	51.5	53.1	58.1	57.5	52.8	49.7	53.5	61.8	64.7	60.5	60.1	73.2	81.6	83.4	79.4	84	88.7	89.7	94.1	99.1	99.8	102	111.5	114	117.4	125.5	132.8	139.1	139.1	130.7	133.1	130.5	122	110.7	103.2	96.4	89.9	84	79.9	76.1	78.3	81.6	78.4	70.2	64.9	59.2	55.1	60.2	71.8	81.2	83.4	82.9	83.1	84.9	87.9	90.2	95.2	98.8	100.1	98.5	96.7	96.1	95.3	92.4	87.8	86.8	89	92.4	93.9	92.1	89.9	88.9	85.7	84.1	80.5	75.5	74.4	72.2	68.6	67	59.5	48.6	40.1	35.2	33.4	32.4	32	30.5	26.3	23.3	26.5	27.8	26.6	25.3	19.1	11.9	10.1	8.1	7.6	7.3	8.4	8.8	8.7	10.7	10.6	12.3	12.9	11.2	16.1	24	38.2	48.3	56.9	72.7	87.1	96.3	94.4	98.6	103.4	107.6	112.2	115	112.6	112.8	113.6	113.7	112.4	105
204	204	204	204	194.4	182.8	176.4	167.6	160	156.4	151.6	148	144.4	129	113.1	105	97.4	97.3	98.3	99.4	96.1	74.5	70.5	72.4	56.4	33.3	19	18.1	16.2	15.2	18.2	18.2	16.2	13.6	11.8	9.5	8.8	9.8	9.2	14.4	18.6	23.8	28.8	36.2	48.8	57	62.8	66	71.4	81.3	89.7	88.9	89.1	92	91.8	92.9	89.1	88.6	93.8	92.6	86	79.5	70.8	64.3	58.9	55.4	51.7	47.4	50.2	55	57.3	54.9	54.6	60.2	69.8	72.2	68.9	70.5	80.3	84.1	85.3	83.6	89	92.6	92.2	94.5	97.8	99.9	103	111	115.7	119.1	125	131.4	135.8	138.2	135.7	133.1	132.4	123.9	112.4	108.9	103.4	96.6	91.1	86.5	79.2	79	80.3	76.9	70	65.4	59.1	57.6	63.1	74.1	79.3	80.6	80.7	80.8	82.4	85.6	89.8	93.1	93.2	92.6	90.5	86.4	85.2	82.9	78.4	75.7	77.7	79.9	84	86.7	88.5	89.8	90.1	86.9	82.9	77.4	74.4	74.7	72.9	69.3	66.5	59.9	49.5	41.7	37.5	34.5	33.4	32.6	30.7	27.2	24	27	28.2	26.7	25.6	19.6	12.2	9	7.9	7.3	7.5	8.3	8.9	8.5	10.5	11.9	12	11.8	10.6	16.8	29.9	44.6	56.3	63	74.8	87.3	97.3	96.2	102.6	106	110	112.8	113.6	110	110.6	112.2	111.2	111	106.6
204	204	204	200.4	188.4	178.8	171.2	161.6	154.4	150.8	149.6	148.4	145.2	127.2	111	103.6	97.5	97.8	96.9	98.4	91.7	72.8	69.8	72.5	55.9	34	21.5	17.3	14.4	14.6	18.8	19.3	17.3	12.4	13	10.6	9.2	9.8	10.4	15.2	20.6	25.2	30.4	41.5	54.4	61	66.2	72.3	83.9	93	95.5	92.1	91	94.2	95.4	96.8	93.4	95.1	103.2	104	100.6	97.1	91.5	84.6	75.2	74.7	71.8	65.4	59.4	53.1	49.8	52.4	57.2	61.9	66.8	72.8	76.6	81.8	86.4	86.7	86.3	88.6	93.2	96	95	97.2	100.4	102.9	106.5	112.2	116.4	123.9	130.5	136.3	142	142.1	142.7	139.3	140.7	135	122.5	121.8	116	104.9	98.2	94.7	92.6	85.1	80	75.9	74.4	69.2	70	74	75.4	78.8	77.2	78.3	79.3	81.6	82	77.4	70.1	68.9	65.1	61.6	60.4	59.2	58.1	55.7	54.2	56.6	57.9	59.9	61.7	62.4	68.2	73.9	77.8	81.8	82.7	79.1	74.6	73.7	72.7	70.8	68.7	65.3	57.8	50.6	43.2	37.9	36.5	34.4	33.7	29.5	26.8	28.8	30	30.1	28.4	22.3	13.7	10.4	8.1	7.7	6.9	7.6	8.7	9.2	9.9	10.3	11.5	10.5	11.9	20.9	40.4	56.6	60.5	64.5	76.9	88.5	100.4	104.7	105.6	105.6	108.4	110.8	113.6	110.8	103.8	102.6	106	107.6	111.2
204	204	204	196.4	184.4	176	168	159.6	152.4	149.6	148.4	147.6	144	129.8	115.3	104.2	98	98.1	96.6	96.9	88.4	72.5	69.8	71.6	56.1	33.8	21.3	18	15.2	13.4	16.7	19	17.1	12.9	14.5	11.4	9.5	8.4	10.5	15.1	20	25.8	30.9	42.3	54.5	61.4	67.7	74.3	84.6	94.1	95	94	92.4	93.3	97.1	98.7	95.3	97.7	104.6	103	99.2	96.9	93.1	88.2	82.7	78	76	72.8	65.1	56.9	49.7	48	51.8	56	58.6	64.1	70.2	75.9	81.8	83.9	83.2	86.5	91.7	92.5	92.7	93.8	96.6	100.2	104.4	111	115.5	122.4	129.4	140.9	146	143.4	145.1	142.5	140.1	132.8	122.9	120.6	115.6	104.3	96.9	93.7	90.2	86.1	80.5	76.9	75.5	70.5	72.4	75.8	78.3	78.7	76.5	76.8	77.4	77.3	74.9	69.7	61.6	57.4	54.9	54.4	56.8	53.9	51.5	49.8	48.3	51.3	52	53.9	55.2	55.9	58.3	63.8	68.2	73.3	78.5	79.2	75.9	73.6	72.4	70.5	70.5	67.7	62.1	55.1	47.8	41.3	38.6	35.4	34.4	31	27.7	29	30.8	31.8	29.8	22.6	15.6	10.8	8.5	7	6.2	7.6	8.7	9	9.8	9.7	12	12.5	14.2	25	42.8	55.5	56.9	63.4	77.9	91.6	99.6	104.9	103.8	104.6	108	110.4	113.2	114	104.8	102.4	105.4	109	110.4
204	204	202.4	184.8	174.8	173.2	167.6	158.8	152.4	148.8	147.6	146	141.6	124.3	112.3	101.7	97.6	97.6	96.5	96.6	89.9	77.2	70.9	64.7	49.8	37.4	25.2	18.2	16.8	15.2	16.3	19.4	19.8	14.5	13.1	11.8	10.2	9.9	10.9	15.7	22.2	28.3	34.6	47	57.8	63.3	68.2	74.9	85.3	88	89.2	91.9	92.2	95.5	98.2	99.4	102.4	103.9	104	101.8	100	100.5	96.1	92.4	92.6	91.8	89.4	86.1	81.7	76.7	70.9	60.9	56.7	55.1	50.8	52.9	57.3	61.8	65.3	67.6	70.3	75.3	81.7	86.5	89.8	92.1	94.2	100.7	105.9	110.1	116.2	121.7	129.4	141	149.7	156.9	154.4	150.6	140	128.5	122.2	118.4	114.4	108.8	101.6	95.9	89.6	87.3	84.1	81.9	81.8	81.2	81.6	80.4	78.4	76.5	73	65.4	58.4	53.3	50.4	49.8	47.9	44.5	39.2	37.9	39.2	41.9	39.2	35.2	35.8	38	38.1	42.4	43.3	42	44.3	48.5	53.6	58.5	62.8	70.9	77.7	76.6	72.6	71.1	72.5	73.7	72	68.7	60.1	52.2	45.1	40.4	37.9	37.2	33.9	34.4	34.6	33.7	30.2	24.8	17.3	11.4	8.8	6.7	6.5	7.6	9.8	10.2	9.8	10.2	12.1	13	16.7	29.3	48	55.8	55.8	67.4	80.1	89.2	97.7	91.3	91.2	98.7	104.6	108.6	109.6	113.8	111	105.4	102.8	103.4	103.8
204	204	200.4	182.4	174.4	173.2	166.8	158.8	154	150	148	146.8	140	128	114.2	101.3	97.2	97.5	96.7	97.4	90.7	78.5	70.1	63.3	50.7	41.2	28.2	20.3	15.8	14.6	16.7	17.8	18	13.9	13.5	12.3	10.3	10.8	12.2	19	25.7	29.8	34.8	48	59.1	64.3	69.5	77.1	83.6	87.5	88.4	90.7	92.9	96.3	98.5	100.7	103.1	103.1	102.2	100.3	97.2	96.6	95.2	93.1	90.9	88.7	86.2	85.6	84.2	78.1	73.6	68.9	63.1	56.6	51.7	53.2	54.6	56.1	58.3	62.2	66.9	71.5	77.4	82.6	86.9	90.7	92.6	98	105.2	110	115.5	122.9	131.7	145.1	158.4	163.1	162.7	154.4	140	131.6	125.7	120.7	116.5	109	103.7	96.9	91	88	83.6	80.3	80.6	80.5	80	78.2	75.1	72.1	64.4	57.2	50.2	45.7	45.8	47.7	48.9	43.5	33.3	31.6	29.9	34.7	32.7	27.6	29.3	32.4	34.1	41.5	44.5	40.1	40	44	49.6	54.9	59.1	65.6	73.6	75.9	72.3	70.9	74	75.2	74.4	71.5	65.9	56.8	48	43.3	40.2	39.3	36.5	35.2	34.7	34.9	30.4	24.9	18.1	12.2	9.1	6.9	6.6	8.4	11	10.6	10.5	11	12.9	14	19.1	31.3	53.2	59.6	55.3	68.3	81.2	89.6	95.6	91.1	90.6	94.2	99.4	104.4	105.6	111.2	111.4	107	103.2	102.6	100.4
204	204	203.2	191.2	184.4	175.6	165.2	160.4	156.4	150.8	150	146	137.2	128.9	116.4	101.2	97.9	97.8	97.2	96.5	92.4	82.6	70.2	68.4	59.8	45.9	41.1	29.9	18.4	16.1	15.2	15.9	18.6	15.5	15.2	14.7	11.2	12.4	14.5	20.9	28.2	32.6	39.4	53.4	63	69.6	76.9	81.3	84.3	85.2	85.1	88.3	92.5	93.6	97.6	99.4	101.1	102.7	101.9	98.6	95.8	96.7	95	92.4	89.9	87.7	86	84.5	81.4	74.9	71.2	71.7	70.6	66.5	64.8	63.8	60.8	56.1	56.5	61	64.7	65.1	70.6	74.8	79.7	85.2	89.8	96.3	106.3	112.7	117.8	127.5	138.1	147.6	158	167	165.4	151.3	144.5	136.1	130.9	123.4	115.5	108.1	101.3	95	89.5	84.5	78.9	76	75.2	73.3	71.4	67.2	59.4	52.8	48	44.4	41.4	47.3	67.8	78	64.5	42.7	38.9	34.8	28	37.2	40.5	27.2	27.1	29.3	31.3	40.3	58.3	62.5	57.4	46.5	40.5	46	52.3	56.8	63.8	71.7	73.9	72.5	73.6	77.6	79.2	79.3	77.7	73.2	64.4	56	50.4	45.7	43.3	38.7	36.4	35.7	32.8	25.8	19.7	15.1	11.1	7.8	6.4	8	9.8	10.2	10.2	10.5	13.6	21	31	39.7	46.8	53.1	58.2	72.4	79.5	88.9	102.6	102.3	100.1	95.5	90.3	98.3	105.2	110.4	111.2	110.4	107.4	103.8	103.4
204	204	204	191.2	184.4	175.6	164.4	160	156	150.8	149.6	144.4	136	128.1	115.1	100.7	95.8	98.8	97.2	95.5	91	84.2	71.1	68	65.8	53.7	48.3	33.3	19.6	17.8	15.8	13.7	15.7	14.9	15.4	15.2	12	13.9	17.3	23.5	30	33.6	39.6	53.7	62.9	70.3	77.1	81.8	83.4	83.8	85.4	87.7	91	91.7	93.5	95.6	97.7	98.5	97.8	94.8	90.3	88.6	88.2	84.6	83.2	81.1	77.4	75.5	70.1	62.8	61.2	62.3	62.5	62.2	62.1	61.8	60.9	58.6	57.3	60.1	63.8	64.3	66.9	72	77.3	82.9	88.1	93.5	103.9	111.7	119.4	130.3	141.9	151.5	165.6	170.3	169.1	155.8	146.6	141.1	136.4	126.9	116.4	108.4	101.4	93.4	87.9	82	75.9	73.6	72.2	69.4	65.7	60.5	53.9	49.9	45.7	44	45.1	54.3	76.7	85.2	62.7	38.9	37.8	33	24.4	52.3	70.1	33.7	27.3	28.5	28.3	34.3	54.4	64.8	63.6	51.8	42.7	43.4	48.8	55.1	60.8	66.8	70.9	71.4	72.9	76.9	80.1	80.4	78.4	75.4	68	59.5	53	49	45.9	40.7	36.4	35.2	32.7	27.7	19.7	15.3	11.4	8.4	7	7.1	10.7	10.7	10.8	10.9	16.1	27.6	41.8	50.7	51.7	50.8	60.7	75.8	79.7	91.2	104.6	104.2	100.7	97.9	93.4	101.2	107.3	109.7	110.5	110	109.4	105.8	103.8
204	204	198.8	189.2	180	171.6	164.4	159.6	155.6	152.4	150	139.6	133.2	128.8	115.8	99.7	97.6	95.4	93.7	95.1	90.6	81.5	74.1	68.2	66.8	63.9	63.2	54.9	35.8	23.4	17.7	15.4	16.4	16.6	16.2	14.9	13	15.4	18.9	23.9	29.4	35.2	47.2	61.4	66.2	73.8	80.3	81.2	79.5	78.9	83.3	87.4	91.4	91.1	89.8	89.1	86.8	79.5	68.9	59	53	49.7	46.6	44.5	42	39.4	38.7	41.1	39.1	33.5	38.6	44.1	45	48.5	53.7	58	62.6	65.8	68.6	66.5	65.6	64.2	62.7	64.7	71.6	77.8	85.3	92.8	101.5	114	123.5	134.8	148.3	158	167.2	173.3	169.1	164.3	155.4	148.5	139.4	129.6	118.7	108.4	99.2	89.9	79.9	70.6	67.2	63.8	59.6	55.9	52.7	51.4	51.6	48.2	46.4	51.2	62.9	77	86.6	80.6	56.4	29.9	27.1	24.6	15.6	37.1	60	28.4	24.8	29.4	30.4	33.8	54.2	69.3	73.4	67.2	59.3	54.8	49.1	51.8	58.8	61.9	66.1	69.2	72.3	76.1	79.4	81.8	81	79	74.2	65.9	60.1	55.7	48.7	43.9	38.6	36	34.1	28.9	23.2	17.7	13.1	9.9	7.3	7.1	9.4	11.3	11	12.4	22.9	34.9	41.9	58.2	62.7	65.6	72.6	78.1	77.7	89.9	105.4	106	102.5	105.1	104.8	107.7	110.8	110.4	109.7	107.8	109.6	111.2	103.2
204	199.2	192.8	187.2	178.8	172.8	165.2	159.2	156	154	150	139.6	132.8	127.1	114.1	100.2	99.5	97.6	95.2	93.2	90.1	83.3	76.7	69.8	66.2	63.7	64.2	60.6	42.3	26.4	19.7	16.1	17.9	17	16.4	14.9	14.6	17.7	21.9	27.4	30.6	36.4	49.4	62.5	67.6	74.3	81.4	82.4	80	80.3	82.5	86.5	89.8	88.8	85	81.7	76.3	66.2	53.8	44.2	41	38.9	36.6	33	29.7	28.6	29.5	31.8	28.5	26.9	33.6	38.4	41.1	44.8	48.1	55.2	59	63.2	67.5	68.2	66.8	63.3	62.3	63	68.7	75.7	83	90.9	99.7	112	124.5	136.1	147.2	158.9	170.7	172.3	168.6	165	158.6	148.4	140.5	131.2	118.9	110.2	99.9	89.5	78.9	69.3	63.5	61.3	57.3	53.7	53.4	55.1	53.3	50	50.5	55.5	67.4	79.4	86	79.3	56.8	26.7	17.5	15.9	13.1	13.7	15.6	14	18.7	24.2	26.7	34.5	57.2	70	69.5	63.6	60.5	56.6	51.9	54.1	60.1	62.3	64.4	68.2	71.2	75.3	80.4	82.9	82	79.7	74.3	67.1	61.9	57.9	52.7	45.2	40	36.7	35.5	30.7	24.8	18	12.7	9.5	8.2	7.8	10	12.4	11.7	14.6	27.5	35.2	36.3	52.3	61.5	65	73.7	78.3	79.4	93.2	104.4	107.2	103.1	105	105.6	105.4	109	110.8	111.2	109.3	108.8	112.8	105.2
200.4	187.2	184.4	182.8	177.2	176	167.6	159.2	156	152.4	144	136.4	131.7	129.7	121.9	100.7	100.9	102.5	95.8	93.5	88.3	86.5	81.3	71.2	65.8	65	65.6	60.5	51.4	35.5	25.9	27.1	25.1	21.1	19.2	15.1	14.8	17.3	20.6	26.8	33	41.3	57.1	66.9	71.6	78	82.4	82.4	79.1	77.9	82.3	84.4	80.7	72.8	62	49.5	41.6	36.9	37.5	44	47.4	39.7	30.6	28.3	26.5	22.2	20.3	23.4	18.8	19.6	26.9	35.3	35.2	34.5	37	42.5	46.4	49.7	55.2	61.1	65.9	65.4	62.8	60.1	62.5	70.3	79.6	89.9	100.5	111.4	123.6	134.8	144.9	154.1	168.9	178	176.1	166.1	159	155.2	146.1	132.6	121.5	109.9	97.3	84.2	70.9	63.2	61.5	61.9	63.5	64.6	63.1	58.8	53.3	51.6	55.7	62.6	73.6	86.2	89.2	83.7	72.9	48.2	26	19.7	18.6	16.9	15.5	17.5	19.2	20.8	23.2	40.7	62	68.6	66.5	60.8	57.7	55.8	57.1	61.1	64.3	65.5	64.3	65.6	69.5	75.9	81.5	85	85.7	84.6	80.2	72.6	66.4	60.1	51.7	45.2	40.9	37.6	35.7	31.5	26.7	19.7	13.2	11.4	11.1	12.8	15.9	20.2	19.7	18.9	23.3	30.9	37	43.7	50.3	54.8	64.5	79.1	83.5	87.3	95.9	98	96.2	102.2	101.3	96.6	94.4	96.5	98.8	101	96.6	105.6	111
199.2	187.2	184	181.2	176.4	173.6	165.2	158.4	156	150.8	141.6	134.4	124	120.9	116.6	101.2	102.1	101.1	93.2	91.3	87.6	87.3	80.7	71.3	67.4	65.8	67.2	63.2	52.6	38.1	30	27.3	27.1	22.4	18.4	15.7	16.6	20.3	24.7	29.5	35.1	43.4	57.6	67.6	73.5	78.2	82	81.8	77.6	76.8	80.2	80.9	73.4	64	52.7	44.5	38.9	39.6	47	55.4	56.5	44.9	35.2	34.3	30.4	23.1	20.2	20.5	19.5	20.7	27.8	39.9	44.4	39.6	39.2	45.5	47.4	49.8	53.6	56.6	61.5	63.2	62.8	61.5	63.6	71.4	79.8	89.1	100.3	112.5	124.4	136.8	151	159.6	172.3	178.9	176.6	168.6	158.6	151.8	142.4	131.9	119.3	108.8	95.4	82.6	70.2	63.6	63.6	66.4	68.8	70.1	66.2	60.5	56.4	52.3	56.3	64.9	77.6	89.3	90	85.7	76.4	54.9	31	20.8	17.5	17.2	15.5	17.4	21.3	23.1	28	45.6	60.3	63.2	62.3	57.2	52	51.7	56	61.7	65.3	66.4	64.8	64.8	68.2	75.3	81.1	84.3	84.7	83.6	78.5	71.4	65.7	60.3	53.1	46.3	42.7	38.2	34.5	31.5	26.7	19.6	14	12.4	12.3	14.6	20	24.9	24.8	26.6	34.7	37.9	36.8	40.8	47	52.2	64.9	82	90.8	98.1	97.2	96.6	96.2	102.3	101.4	98.1	94.2	94.8	94.6	94	91.5	103.4	109.8
204	199.2	196.4	187.2	176.8	170.8	165.2	159.6	156	152.4	144.4	138.4	131.3	123.2	118.4	108	100.8	101.5	99.5	93.2	92	91.3	84.5	75.3	68.2	67.3	66.7	64.3	52.8	38.5	31.1	25.1	24.5	23.6	19.1	14.2	15.5	19.7	26	29.4	33.6	45.3	62.1	70.5	73.7	78.2	80	81.5	79.9	75	74.4	73	61.9	47.1	37.9	35	38.7	53.1	69	75.4	70.5	51.8	39.3	42.9	42.7	31.9	24.3	54.7	48.4	23.2	28.8	37.9	57.9	70.1	68.4	62	57.8	56.3	58	59.1	64.4	66.2	65.2	65.3	65.7	68.8	74.9	84.3	94.3	106.6	118.2	132.7	148.1	160	171	180	178.3	169.6	162.5	154.8	142.9	131.4	118.7	108	96.6	82.6	70.6	66	70.8	81.4	87.9	83.9	68.1	68.1	68.8	62.4	61.2	61.9	69.3	78.4	85	85.4	87.1	82.6	71.9	56.8	44.1	32.5	25.5	26.5	32.3	39	52.5	59.5	58.3	59.2	55.3	48.3	47.5	50	56.6	63.4	68	69.2	69	69.1	69.8	72.9	77.5	81.5	84.3	83.5	81	76.6	71	65	55.5	47.1	43.9	41.5	36.4	31.2	28.1	25.4	22.6	19.5	18.2	19.3	21.5	24.6	27.8	32.9	45.7	51.4	44.9	40.7	45.1	57	70.5	76.9	78.5	90.5	99.6	101.4	97.8	99	103.2	104.6	104	100.6	99	98.2	97.6	100.4	105.7
204	200	190.4	179.2	172	166	161.2	156	154	147.2	138.8	135.6	132.3	127.6	116.7	104.1	104.3	107.4	97.6	92.8	92.1	91	86.6	78	69.4	67.4	65.8	63.3	52.2	35.6	27.4	23.9	25.2	22.2	18.2	14.6	17.2	22.5	25.9	29.1	35.5	48.6	65.2	71.9	74.1	79.6	84.1	84.7	81.2	75.7	77.2	69.2	52.8	41.9	40.1	44.8	53.1	69.4	77.8	78.6	64.6	45.9	47.9	53.4	42	38.2	74	63.4	32.2	37.3	37.4	53.1	86.3	94	80.3	67.4	63.9	65.4	68	71.4	70.6	68.4	68.2	66.6	66.4	72.1	79.8	88.8	99.3	109.3	121.3	135.8	147.2	159.2	171.9	176.8	171.8	162.5	157.7	149.6	139.3	127.3	115.8	105.8	93.8	80.5	72	72.2	83.1	97.4	92.8	72.4	65.5	68.7	70.6	61.3	55.8	66.8	73.3	80.8	85.5	87.4	88.9	86.8	78.4	64.3	50.2	40.5	38.9	42.8	51.2	57.8	61.9	64.2	60	55.6	52.6	49.7	48.2	50	58.7	64.8	67.3	69.8	70.2	70.4	72.5	74.8	78.4	81.1	83.5	83.7	80.6	75.5	71.5	64.8	56	47.2	43.2	39.6	34.8	31.7	27.3	24.3	22.1	20.1	19	19.7	21.1	22.7	25	29.8	41.3	49.9	48.1	41.8	44.8	57.5	72.4	80.4	83.7	88.7	98.8	102	97.6	96.4	101	106	107	106.8	105.2	103.2	102.2	103.6	104.2
193.6	189.2	184.8	174.4	167.2	162	158.4	154.8	150	142.8	136.8	132.8	133.9	131.3	118.5	104.9	104.3	105.1	97.2	92.4	92.5	91.3	91.2	83.1	72.9	68.4	65.7	57.1	36.1	26	18.9	17.3	19	20.5	18.6	16.5	16.8	20.7	24.1	28.5	37	53.4	70.8	76.6	78.7	83.7	87.6	88	86	78.7	75.5	62.9	48.3	44	50.7	61.1	67.7	79.3	87.5	85	68.7	51.3	50.2	48.7	45.3	41.9	51.2	48.9	41	46.7	48.8	63.1	94.6	109.7	110.9	100.8	86	77.8	84.1	83.9	86.4	88.5	85.7	79	70.9	70.1	76.9	85	96	107	119.4	135.4	144.8	152.9	160	166.7	164.8	160.2	155.3	145.6	131.8	118.4	108.3	100.4	90.7	80	74.8	79.8	90.9	102.9	95.6	78.8	74.1	69.2	65.2	65.2	66.1	68	69.2	70.6	72.6	75.1	74.9	73.7	74.4	75.1	75.4	73	77.9	76.6	79.9	80.8	71.6	63.8	61.3	58.7	58.6	56.8	55.9	57.1	61.3	65.5	68.4	70.9	72.5	74.7	77.3	78.5	79.4	82.2	82.9	83.4	81.9	78.5	73.9	68.5	59.9	50.2	43.1	39.2	34.4	31	30	29	28.1	25.2	22.2	19	15.4	16.6	19.2	24.1	33.6	46.4	52.4	49.2	47.7	57.5	71.7	89.5	99.7	96	95.1	97.8	101	102.8	100.4	104.8	109.3	107.4	111.2	109.4	108.4	110	109.1
191.6	184	183.2	174.4	166.8	161.2	156.4	153.6	148	141.6	136.4	132.8	134.1	130.5	121.6	107.7	105.2	107.2	97.4	92.5	92.3	94	95.9	88.4	77.9	70.1	65.7	53.9	34.3	24.6	17.8	17.9	18.2	20.9	22.5	20	19.3	22.9	26	29.3	37.3	53	71.6	78.9	81.1	86.7	91.7	91.7	89	81.7	75.4	63.6	51.6	50.6	59.3	67.5	73	83.8	91	88	73.1	56.4	52.8	50.7	48.4	46.1	44.6	46.1	47.1	50.4	51.4	69.1	99.6	112.9	114.7	107.9	93.9	81.3	81.4	83.7	86.3	89.7	89.6	82.5	74.8	72.7	79.8	88.5	96.4	105.4	117.9	132.6	143.1	149.8	157.5	163.4	159.7	154.4	150.7	141.9	129.5	117.2	108.2	99.8	92.1	83.1	77.5	80.7	90.6	98.4	94.9	86.2	83.9	78.4	73.6	73.8	72.7	71.4	71.4	71.8	74.4	78.4	78.3	76.2	78.2	78.3	80	80	83.3	85.2	96.4	91.1	72.3	66.2	68	65.5	64.7	62.7	62.6	62.3	63.8	68	69.6	71.7	73.4	76.1	80.9	81.1	80.5	82.8	84.1	83.8	83	80	75.8	69.7	62.6	52.4	44.6	40.2	35.1	32.3	31.1	29.4	28	25.4	22.7	17.3	13.9	16.1	18.1	21.3	31	41.5	48.6	49.7	50.1	58	76.1	98	103.4	96.6	93.1	96.4	100.2	104.2	103	105.2	108.3	108.2	109.7	106.9	108.8	110.4	112.1
194.8	188.8	185.2	177.6	168.8	160	156	152.4	142.8	138.4	135.9	133.6	135.6	129.6	120.4	109.8	105.1	106.9	97.8	92.2	93.6	95	95.3	91.3	81.5	71	64.2	40.2	26.7	20.1	18.6	21	18.7	18.8	24.5	23.5	22.5	22.7	26.4	30.5	38.3	57.1	74.5	80.7	83.2	89	93.7	93.6	91.4	84.2	74	66.5	61.9	62.3	73	80.8	82	89.4	96	93.2	86.8	69	56.9	55.5	54.9	53.7	51.7	52.4	52.2	50.7	65.1	95.4	115.1	118.6	115	109.6	101.2	95.1	95.1	98.6	99.6	84.6	86.4	90.4	83.9	76.9	81.3	88.9	95.4	101.5	112.6	126.3	135.5	141.9	147.6	151	148.3	145.8	142.3	135.7	124.5	112.6	104	95.2	91.6	84.9	79.1	78.5	85.3	86.6	86.5	89.8	90	87.6	83.5	79.6	75.3	71.4	70.3	68.9	70.4	78	73.2	72	77.8	72.2	76.9	79.6	80.4	73.6	78.9	79.8	73.7	69.7	76	81.2	79	80.5	78	76.4	77.6	78.1	78.5	80.2	80.6	82.9	84.8	86.3	84.8	84.8	86.5	86.1	84.4	81.3	76.7	70.8	62.8	52.9	46.6	42	36.4	33.5	33.8	31	29.7	26.6	20.2	14.4	12.7	15.3	17	19.5	26.5	37.8	43	49.2	58.2	61.2	68.1	85	92.2	94.7	97.5	100.4	98	98.8	101.6	106.4	108.8	110.6	105.9	101	104	109	107.6
197.6	190.8	184.4	177.6	168.8	160	156.4	150.4	141.2	138.4	136	132.8	133.6	133.1	120.4	109.8	107.6	103.9	98.3	93.6	95.5	100.4	98	90.9	79.6	70.9	62.5	38.1	26.4	21.1	19	21.2	18.9	19.5	25.2	26.6	27.6	26.6	26.7	30.8	38.8	54.7	71.8	78.8	81.8	87.7	93	94.2	92.4	87	78.3	72.6	67.8	67.2	75	83.1	84.2	88.2	96.8	96.4	92.3	76.8	62	58.8	58.7	55.9	54.7	54.2	55.8	58.8	76.4	103.7	117.6	117.1	108.8	104.3	97.9	98.7	98.5	101.2	106.7	88.2	87.8	93.8	91	83.7	86.6	91.4	94.3	100.3	110.7	125.5	136.1	141.5	146.9	152.1	149.7	144.4	140.5	134.1	123.2	109.8	101.9	96.5	92.7	87.6	83.2	82.4	85.7	88.4	87.7	90.6	91	89.3	84.7	81.2	77.6	74	72.3	72.1	73.9	78.3	73.8	75.8	78.2	70.5	74.4	81	81.8	73.1	77.9	80.6	79.9	76.4	78.9	84.1	85.1	87.7	85.3	83.3	83.8	82	82.5	83.1	84	85.3	86.8	88.2	87.8	86.2	87	86.2	84.3	80.8	77.6	72.2	64.8	53.7	46.2	41.6	36.5	34	33.2	30.5	29	26.7	19.7	14.3	13.2	15.6	16.6	18.5	23.5	34.3	43.5	51.9	63.6	67.2	74.9	86.3	91.8	95.5	99.1	99.8	96	97.6	100.6	103.2	106.8	107.6	104.7	101	101.9	105.6	103.2
197.6	190.4	179.2	171.6	164.8	158.8	152.8	147.2	140	139.2	134.4	132.4	133	130.2	118	107.4	106.1	105.5	100.1	95.3	94.6	99.4	100.7	96.4	83.7	74.5	48.4	30.8	24.6	21.1	23.4	23.2	20.3	22.7	27.3	29.6	30.2	26.6	27.1	32.5	40.2	60.5	76.5	80.6	84.5	92.1	97.6	100.3	99.3	94.6	89.7	85.2	81.8	79.7	79.4	84.8	90.1	92.4	93.3	95.8	98.7	97.2	88.9	78.3	70.9	66.1	64.1	69.6	90.5	101.9	102.3	104	101	97.2	91.6	87.3	86.6	90.7	93.1	92.6	97.6	103	105	99.6	94.5	90.9	89.9	91	91.7	96.8	105.7	117.5	128.2	136.7	144.2	149.8	144.8	138	136.9	127.6	116	105.3	98.8	93.6	92.4	91.8	88.5	86	86.6	87.6	88.9	88.7	89.1	90	86.6	83.8	83.9	83.4	84.6	85.5	91.8	94.2	94.5	101	99.6	97.2	93.5	95.1	95.7	92.7	93	91.8	92	90.4	89	92.8	96.3	97.2	96.9	95.7	94.5	90.7	90.1	92.4	91.1	91.3	93	92.9	90.8	88.7	87.1	87.4	86.1	82.4	78.1	73.4	65.8	55.3	47.1	41.8	37.8	34.8	35.1	34.3	30.7	25	20.6	15.3	13.8	15.8	16.6	17.7	21.2	32	48.6	56.9	68	77.3	88.1	99.9	102.6	103	98.8	92.6	89.3	97	103.1	94.4	94.7	100.4	102	104.4	107	109	106
194	187.6	177.6	168.8	163.2	156.8	151.6	146	139.2	138.4	134.4	132.8	134.3	130	118	109.4	108.3	109.7	106	97.8	101	105.3	104.9	98	87.6	76.4	47.1	32	25.4	21.3	23.5	24	21.9	24.4	28.9	31.5	33.2	28.6	28	33.4	41	61.3	78.1	82.7	87.8	95.5	100	101.8	101.7	96.8	91.3	87.1	85.5	83.9	82.4	85.4	91.5	94.3	93	95.4	99.5	99.3	93.2	83.5	76.4	71.9	70.8	75.8	103	111.8	99.9	100.1	97.1	93	92.9	92.4	93.8	97.8	100.7	104.3	109.9	114.4	113.1	103.6	98.3	94.4	90.8	91.4	90.5	95.5	104.9	115.5	126.2	135.5	142.7	149.2	144.3	137.1	135	127.4	117.2	104.4	96.7	94.1	93.1	93.5	91.4	88.8	89.1	92.1	92.8	92.3	92.4	92.7	88.6	86.5	87.6	87.6	88.5	90.5	97.4	99.5	100.5	107.5	108.5	109.4	105.9	106	104.6	100.5	99	98.1	97.7	96.1	94.8	97.1	100.3	100.9	100.6	100.7	100.9	98.2	96.9	96.8	95.7	95.8	95.8	94.5	92.4	91.5	88.8	86	85.3	82.4	78.4	74	67.7	58.4	48.6	41.7	37	34.5	35.2	35.3	30.6	25.1	21.5	17.6	14.6	15.8	16	15.7	19	27.4	44.9	56.7	66.3	79.9	93.4	99.5	103	103.7	100.2	91.2	87.4	94.2	101.4	94.3	92.9	102	105.2	107.2	108.8	110.2	109.7
191.2	185.6	177.2	168.8	158.4	152.8	150.4	144.8	141.2	139.2	135.2	135.2	135.6	126.8	116.4	110.6	108	111.2	108.7	100.3	104.8	107.6	105.5	100.5	92.9	70.3	41.5	31.8	25.1	23.2	25.8	27	26.3	26.7	27.3	30.6	33	28.3	28.4	34.8	43.8	65.7	80.6	84.8	90.9	98.5	103.4	106.8	105.4	100.6	98.2	96.4	94.2	95.9	92.9	89.1	91.9	94	94.7	95.8	97.1	96.8	97.1	97	96	93.7	91.7	95.6	103.7	103.1	100.8	95.5	100.4	101.3	96.7	101	110.1	115.2	118.8	123.9	129.3	125.4	115	102.9	98.3	97.4	94.7	92.3	92.3	95.8	103	114.8	126.6	138.2	145	149.5	143.7	137.8	136.9	128.6	116.3	102.9	95.8	91.2	89.7	91.7	93.5	93.1	93.2	94.1	93.6	91.4	93.1	95.4	94	94.9	96.6	97	101.9	107.8	108.7	109.6	112.2	112.7	115.8	121.6	125.7	125.5	123.6	116.3	111.5	111.8	110.5	108.8	109.5	107.2	106.1	106.6	106.6	106.7	109.9	109.3	106	104.2	103.2	102.4	102	100.5	97.4	94.3	93.6	89.6	86.8	85.4	80.1	74.2	66.5	56.7	48.2	42.7	38.5	36.4	36.8	36.7	30.3	26.1	23.6	20.4	18.1	17.2	16.8	15.5	18	23.4	37.4	55.3	66.4	77	91.4	92.7	92.4	94.6	94.8	92.4	87.4	88.7	91.5	96.6	101.4	104.2	104.8	103.4	98.6	99.4	104.8
191.2	185.6	178.8	168	157.6	153.6	150	142.8	142	138.8	135.2	134.4	134	125.6	115.2	110.4	108.4	111.2	110.5	103.3	108.4	107.3	101	100.1	98.4	73.6	43.1	32.3	26.9	25.2	27.5	28.5	28.4	27.8	29.4	35.7	35.7	30.3	29	35	43.1	64.9	80.8	85.4	93.2	99.8	102.5	106.2	105.6	102.4	103.1	101.6	97.8	97.4	95.3	93.1	95	98.2	98.2	98.5	100.5	100.6	101.8	101.6	101	98.1	96.6	103.4	103.3	101.9	104.6	101.5	108.8	110.2	102.4	105.9	114.6	120.9	123	127.7	131.5	126.2	116.1	104.6	100.2	96.7	94.5	90.8	90.3	95	104.5	115.9	127.3	137.7	145.4	149.6	145.1	140.5	137.5	128.5	118.5	104.4	96.1	91.3	88.8	92.2	94.7	95.3	94.9	95.5	95.7	94.5	97.4	98.6	99.5	103.5	103.1	103.4	106.4	110	113.3	112.9	114.4	114.7	115.1	119.4	125.4	120.8	118.3	115.8	112	112	111	110.3	110.8	108.3	108.6	108.2	108.9	108.3	110.9	112.4	110.8	107.9	105.4	102.2	101.6	101.5	99.3	94.6	94.3	91.2	88.4	85.1	80.1	75.3	67.8	56.9	48.8	42.2	38.7	36.4	37.2	36.9	30.8	28.1	25.6	22.7	20	17.4	16.1	14.7	16.5	22	35.7	57.2	68.1	81.9	95.6	92	91.8	94	96	93.6	87.6	86.9	90	96.1	101.6	102.4	100.6	100	95.8	97.6	101.3
197.2	184.4	175.6	166.8	158.4	154	147.2	143.2	142.4	137.2	133.5	136.2	134	122.4	111.2	109.5	106.7	108.4	108.8	103.5	108.4	109.5	103.9	102.4	103.4	73.5	44	35.8	32.3	29.8	30.9	30.8	30.9	30.7	32.8	38.1	35.9	29.6	28.9	34.9	45.6	67.3	79.9	85.4	93.7	100.4	102.7	104.9	107.4	108.5	109	108.1	104.6	102.4	104.6	103.2	102.4	104.4	105.4	105.9	105.6	105.2	109	110.4	109.3	103.6	98.4	109.8	105.5	106.7	112.9	114.8	118.3	118.3	119.5	121.1	121.9	123.5	126.6	128.4	126.3	117.5	106.9	102.4	102.5	103.6	99.3	91.8	90.1	95.8	106.2	118.9	132.2	142.7	147.9	150.7	149.8	146.1	139.7	130.4	118.6	106.6	94.6	89.9	89.6	90.9	94.8	100.9	101.1	100.2	100	99.7	100.9	103.4	107.1	112.4	115.2	116.7	114.6	115.3	117.4	118.2	120.8	123.6	128.1	131.4	131.7	129.1	127.1	128.9	128.8	128	125.2	121.4	116.2	115.4	116	114.4	114.3	113.3	112.5	111.2	110.8	111	110.3	104.4	102.1	102.4	101.6	96.9	94.4	92.9	90.1	87.8	82.4	75.1	67.3	56.9	48.5	41.6	38	37.9	39.6	37.9	31.3	29.9	27.3	24	21.2	19	17.2	15.2	16.6	21.7	34.5	57.5	68.8	75.5	85.2	86.7	84.8	88.6	93.4	92.4	88.6	90.2	91.7	93.9	105.1	104.1	97.7	98.1	103	104.6	100.6
198.8	184	173.6	164.8	158.4	154	145.6	143.2	142.4	137.4	134.5	137.2	134	121.6	111.8	109.3	106.2	107.5	108.2	105.4	109.6	110.4	109	108.8	106.4	76.1	46.9	38.6	34	30.2	31.4	30.7	31.2	30.6	35.1	40.7	36.3	30.7	30.2	35.8	44.3	64.5	80.6	87.2	95	101.1	105.6	108.3	109.6	110.3	109.6	108.2	108.1	106.8	107.5	107.7	107.4	107.4	109.6	113.3	112.8	112.7	115.8	116.6	117	110	105.2	114.8	111.4	114.1	122.5	125.7	129.2	129.7	130.7	130.5	127.2	127.2	130.1	128.3	123.6	114.4	104.6	102.4	103.8	102.3	98.4	90.6	89.7	98.5	108.9	120.6	132.5	140.6	146.2	151.4	149.8	144.9	136.2	129.5	120.9	108.7	96	90.4	90.2	91.3	94.7	100	103	101	100.9	101.4	104.4	107.6	110.4	116	123.2	124.4	123.2	124.3	126.7	127.5	127.1	129	129.5	133	135.7	133.2	132.3	134.9	134.8	133.9	131.5	127.1	123.5	121.8	119.9	118.1	115.8	118.5	117.2	111.1	108.6	111.1	111.4	107.4	104.7	104.7	102.3	98.3	94.4	92.4	90.1	87.6	83.1	76.5	69.5	59	49.4	42.3	38.9	39.5	39.5	36.9	32.3	30.4	28.1	26.4	22.2	19.5	16.6	14.6	16.4	23.1	33.4	55.9	67.1	77.2	84.2	84.6	86.3	89.3	92.2	93.4	89	91.9	93.3	96.9	108.6	106.8	99.6	97.9	103.8	105	100.8
191.2	180.4	173.6	167.2	160.4	150.8	145.2	146	141.6	137.6	135.2	137.6	133.2	123.2	116.4	111.6	109.4	107.6	106.9	105.5	108.8	110.4	106.9	109.3	97.1	75.9	54.7	40.3	38.5	34.8	34.4	32.3	33.8	33.7	36.5	45.3	39.2	32.4	32.8	35.2	45.7	70	83.6	91	96.9	102.9	108.2	109.8	111.3	113.5	112	110.4	114.5	115.8	114.6	117.4	118.6	118.6	123	124.3	127.9	131.8	132.5	134.4	134.1	126.7	125.3	133.3	133.3	136.8	144.9	149	147.2	144.9	143.5	140.4	139.4	135.4	132.3	125.7	115.6	106.6	102.6	104.4	103.7	101.4	96.4	91.1	91.1	99.4	112	124.3	135.3	140.5	145.3	146.3	143.2	141.6	136.2	127.5	118.5	107.6	97.5	91.7	90	89.8	94.3	99.8	103.2	102.3	100.7	103.6	109.8	114.1	116.3	117.9	122.8	127	133.3	137.7	132.1	130.7	135.8	135.6	135.3	136.5	139.7	142.6	143.4	146	145	140.7	137.9	135.2	126.5	122.9	119.7	118.6	120	121.7	121.1	117.1	114.7	113.2	111.5	110.2	108.1	107.5	103.2	99.5	95.7	91.2	89	85.2	82.7	78.8	70	59.3	51.3	43.4	40.2	42.3	40	37.5	35.5	31.4	28.5	26.5	23.4	20.2	19	16.3	17.7	28.7	40.2	53	63.8	74.7	84.3	85.5	88	91.7	93.1	98	94	91.4	94.4	97.2	104	106.2	99	91.4	89.8	95.5	96.2
186	180	176.8	170.8	164.8	156.4	148	146	142.4	137.6	135.2	136	134.4	126	119.2	113.6	110.8	109.6	107.3	104.8	107.9	106.8	106	109.6	94.6	76.5	58.1	41.9	38.3	36.6	35.4	32.6	33.3	34.2	40	46.2	41.9	34.5	34.8	35.4	42.3	64.7	80.4	87.9	95.3	102.1	106.9	106.9	109.5	112.6	113.4	114.8	115.7	119	120.1	118.9	119.7	121.4	125.9	129.8	132.2	135.8	137.9	138.4	138.9	136.2	131.2	135.4	140.2	142.3	147.9	150.2	150.7	148.3	146.8	144.9	143.1	138.7	135.2	128.9	117.8	109.2	104.4	103.8	102	99.6	97.5	93.6	92.2	97.6	110.5	122.7	133	140.7	144.1	144.2	142.1	140.6	134.7	125.3	117.1	109	100.4	93.8	90.8	90.5	94.6	98.8	101.3	102.1	102.5	104.3	108.5	113.2	116.7	120.7	123.7	128.2	133.1	134.4	135.1	137.5	141	141	141.1	141.7	144.5	148.1	150.7	153.5	157.9	150.5	145.7	141.6	135	129.3	124.2	122.3	121.8	123.8	125.2	121.7	118.4	115.8	113.7	110.1	109.9	107.7	105.9	102.5	98.3	93.5	89.7	85.8	82.7	78.1	73	63.1	53.3	46.6	42.5	43.5	42.1	40.7	38.1	34.8	30.7	28.3	25.8	21.7	19.5	18.1	20.3	31.7	43.1	55.1	67.8	76.2	84.8	84	86.2	90.2	94.2	99.6	98.6	96.2	96.2	96.6	101.2	103.2	99.8	92.9	89.1	94.3	95.8
185.6	186	178.4	170.4	159.2	148.4	146.8	144.4	138.8	137.2	137.6	136.4	130	124	115	109.9	110.8	108	106.6	104.9	106.8	110.5	112.6	107.6	92.8	77.4	57	43.3	40.7	41.1	39.3	36.5	35.7	35.3	41.2	47.7	44.3	39.2	37.5	36.8	48.8	73.8	85.5	92.5	97.7	102.1	105.1	108.4	113.3	114.9	115.8	118.3	121.7	123.8	123.1	123.1	124.4	127.4	132.9	138.6	142	144.7	147.9	149.5	150.6	149.5	149.4	153.6	154.7	155.1	154.9	157.3	159.4	157.2	154.4	150.8	144.7	138	131.9	121.5	112.7	108.6	108.5	107.9	104.1	99	94	92.8	96.1	105.6	116.8	127.7	137.1	141.8	143.1	143.5	143.7	142.1	134.3	125.2	115.6	107.2	100.8	93.3	89.6	92	95.5	98.4	99.6	103.2	105.8	109.2	113.4	118.4	124	127.5	129	126.3	128.2	136.9	141.7	141.9	144.9	142.3	143.4	145.2	147.5	152.6	157.6	157.3	155	152.9	150.8	145.9	137.7	132.7	132.9	130.3	128.3	127.9	125.7	121.7	119.3	116.4	113.5	112.8	112.4	110.9	107.3	103.6	98.2	94.6	89.9	85.1	82.1	79.1	72.2	61.3	54.3	45.8	43	44.6	43.4	40.7	37.9	35	30.3	29.4	27.3	25	24	23.6	26.7	37.3	47.6	62.7	77.1	85.8	94.8	92.3	85.8	89.1	98	103.4	102.8	100	103.4	101	103.2	105.8	99.7	97.9	101.8	102.2	95.2
190.8	188.8	179.6	170.4	158.8	147.8	146.8	143.2	139.2	137.2	137.6	135.2	128.8	124	111.9	107.3	110.4	108	105.9	105.8	107.3	112	114	109	94.2	75.7	58.3	42	39.5	41.9	40.1	39.1	36.5	37.6	45.8	48.5	46	42.2	41.1	38.9	47.7	73.2	85.7	91.9	96.5	101.7	104.7	108.6	114.2	115.9	117.5	118.9	121.1	123.6	123.9	124	126	127.6	131.7	138	142.5	145.4	147.8	151.2	152.9	151.8	152.3	154.6	156.8	158.3	158.7	161.6	161.2	159	154.7	151	144.6	137.7	129.4	120	113.1	110.1	108.4	108.1	103.6	98.1	94.6	93.8	98	107	116.1	126.6	137	142.4	142.5	143.1	143.1	139	131.1	123.9	114.7	107.8	102.6	95.6	90.4	92.7	96.5	100	100	102.1	106	108.8	112.2	116.8	124.3	128.8	129.4	128	129.9	137.7	141.8	142.3	145.6	144.6	145.5	147.9	153.4	157.4	160	160.1	157.3	155.2	153.5	149.8	141.7	138.1	138	134.1	131.4	130.7	125.5	120.7	117.7	115.6	113	113.1	114.8	113.8	108.6	104.9	99	93.5	89	85.3	81.7	79.5	74.6	63.3	53.6	45.3	43.1	45	43.1	40.9	38.3	34.8	32.6	30.7	28.8	27.7	28	29.9	35.9	46	57.3	73.4	85.3	91.6	93.9	93.1	86.6	87.4	97.7	101.6	97.8	95.4	100.2	98.8	100.3	105.8	100.7	99.6	101.6	102.4	97.5
198.8	192	183.2	170	157.2	149.6	146	143.2	142	136.6	133.7	130.2	128.4	123.2	112.2	109.2	111.2	109.6	107.2	106.1	107	114.4	112.8	109.8	94.5	74.7	59.1	40.1	38.4	41.6	41.4	43.8	43.4	40.1	46.8	50.7	49.7	44.5	45.9	44.8	53.6	76.3	87.6	91.9	95	101	104.7	109.5	117.1	119	120.1	122.4	119.4	121.5	125.5	127.1	130.2	131.1	134	138.6	143.2	148	151.7	152.6	153.8	155.5	154.1	151	157.4	163.5	160.2	158.6	159	159.5	155.1	147.1	141.9	134.7	124.8	119.3	115.2	109.2	108.5	107.7	102.8	99.2	96	96.4	101	107.9	115.8	124.3	131.9	138.8	142.2	142.2	141.2	138.2	132.3	123.3	113.9	107.5	102	96.2	91.3	91.2	95.5	100.8	103.9	104.7	106	108	113.4	119.5	125.2	130.8	136.7	137.7	137.9	137.4	138	138.9	142.3	147.2	144.9	146.1	152.6	156.1	153	155.5	161.5	156.5	152.2	151	148.6	144.9	142.7	139	134.7	132	127.7	120.2	115.9	113.6	111.7	111.8	114.4	113.4	110.3	105.1	97.1	92.8	89.3	84.3	81.4	78.5	74.6	63.5	52.3	46.6	45.3	44.9	44.6	42.6	39.6	36.5	35.5	34.9	33.5	32.1	31.2	33.3	38.1	46.3	60.4	80.7	89.7	93.1	97.2	99.3	94.3	86.4	89.6	92.9	95.1	94.6	98.4	96	95.4	100	100.3	106.8	107.2	103	103.2
199.2	191.6	182.8	168.4	158.4	150	147.2	144.4	142.8	137.2	134.4	131.3	128.4	122.8	113.2	110.5	111.6	110	107.6	106.8	106.6	110.4	111	109.8	93.1	74.1	58.1	37.1	35.9	39.5	39.4	42.5	42.4	41.2	49.4	51.4	50.3	44.7	45.7	47.3	52.3	75.3	88.3	92.2	96.1	101.3	105.9	110	115.4	118.2	120.8	122.8	119.6	121.5	125.9	127.5	130.9	132.1	135.5	138.4	142.6	148.6	152.4	152.4	154.6	156.9	153.8	151.7	156.8	160.5	159.5	154.8	155	158.1	154.7	146.8	140.3	132.9	125.2	121.1	116.1	110.1	108.6	106.7	102.7	98.9	95.8	95.9	100.5	106.8	114.5	122.8	129.6	137.8	141.4	140.6	140.4	138.6	133.1	126.6	115.9	108.1	102.9	97.5	92.7	91.7	95.6	99.1	103.1	105.5	107.1	108.6	112.7	118.3	125.8	131.8	138.7	141.1	141.6	140.8	138.7	139	141.6	144	141.9	144.4	150.1	152.1	151.6	154.9	164	159.1	152.2	151.4	151.5	147.5	144.8	141.8	137.8	133.3	128.3	123.2	118.4	114.7	112.1	111.3	113.3	114.5	110.9	105	97.8	93.9	89.3	83.6	81.7	78.6	75.9	66.6	53.1	45.3	44.9	43.5	42.6	42.7	40.5	36.7	36.1	36.5	37.8	41.6	44.6	46.2	49	52	62.5	80.1	91.8	96.1	100.4	102.8	96.3	87.2	86.6	90.5	94.2	95.6	99.4	98	96.2	99.2	99.4	104.8	107	101	101.4
196	189.2	176.4	166.8	157.2	152.4	152.8	148.8	144	136.8	136.8	133.6	129.6	125.2	116.8	108.4	112.4	110.8	108.8	106.6	99	101.5	113.2	113.6	99	77	61.5	40.4	36.1	37.7	36.6	39.9	40.4	41.5	48.7	48.3	43.8	39.7	40	52.5	60.9	73.3	86.7	92.8	97.1	103	106.3	112.5	117.4	119.1	120.4	122.8	124	124.8	125.9	129.7	133.5	135	136.9	140.7	143.9	147.2	149.4	152.9	155.8	159.6	162.1	164.2	164.7	161.9	160.4	157.8	154.5	154.7	151.1	147.3	135.4	131.6	129.4	121	116.9	110.6	106.5	104.6	100.4	96.6	94.1	95.2	101	106.4	113	119.7	128.1	133.3	138.9	142.2	142.5	138.7	133.8	129	118.7	110.3	104.9	100	97.7	96.4	96.7	96.7	100.9	104.8	106.2	107.6	111.7	118.9	124.6	130	142.9	147.4	148	147	147.9	147.1	144.9	143.3	141.6	141.9	141.5	144.9	149.8	151.3	155	151.7	153.2	152.7	147.9	145.9	146.5	141.2	139.2	135.7	129.6	125.9	121	116.3	114.4	112.4	112.1	113.3	109.1	105.5	101.2	95	91.1	87.1	84.2	79.5	76	68	55.5	51.4	43.9	37.4	37.1	36.3	36.7	35	35.6	36.6	40.2	45.8	49	49.4	47.3	49.2	59.5	77.7	87.5	92.7	99.1	100.9	97.2	95.5	95.8	94.3	94.1	98.4	96.4	96.6	97.4	98	94	93.8	97.6	99.2	101.2
196.8	188.4	174.4	168	158.4	153.6	153.6	148.8	144.4	137.6	136.4	133.2	130	124.8	117.2	112.8	112.4	110.8	109	103.7	98	102.8	109.6	113	104.8	81.4	62.1	41.8	35	34.9	34.3	36.2	39.3	43	48.7	45.7	40.8	39.7	41.1	51.3	59.9	72.1	86	92.9	98.7	103.7	105.5	110.3	116.4	118.2	119.2	123.3	124.3	123.1	125.5	129.7	133.3	134.5	135.3	139.2	143.4	147.7	147.9	149.2	153.3	157.8	162.7	168.1	169.9	163.7	162.3	159.9	159.3	157.6	149.7	144.6	133.6	128.1	127.3	119.5	111.8	107.6	103.1	100.3	97.8	95.5	92.5	94.3	99.7	105.8	112.8	120.4	127.3	131.3	134.6	139.2	140.2	138	133.3	127.3	120.3	112.6	105.5	100.7	98.1	98	96.5	95.8	98.3	101.5	103.9	106.1	111.6	118.4	121.5	130.2	141.3	145.6	149.4	150.8	151.2	150.4	147.1	143.9	141.1	142.3	142.7	144.7	149.9	151.6	151.2	148.8	151.8	153.1	148.2	146.1	146.8	143.6	139.5	135.8	128.2	125.3	121	117.6	115.4	112.9	113.6	113	107.1	103.3	99.7	96.4	91.6	87.5	85.7	80.7	77.8	72.1	59.6	48.7	40.3	36	33.6	34.1	36.1	34.7	35.1	40.1	50.9	52.5	50.8	49.8	47	47.6	57.3	72.8	83.6	89.1	96.7	98.7	95.9	97.8	98.6	94.4	96.3	100.9	99.2	95.4	99.2	102.2	96.4	95.9	100	100.6	102.6
196.8	181.2	173	169.6	159.2	154.8	154	150.4	145.2	137.6	137.2	132.4	128.8	125.2	114	112.4	112.8	110.8	107.1	100.7	103.4	107.9	110.8	113.2	110.4	82.7	62.2	42.7	36.3	38	36.6	36.3	36	38.2	45.8	44	37.2	35.5	47	60.9	62	71.1	83.5	90.9	97	102.6	107.2	111.8	115.4	117.6	119.4	121.8	123.3	123.5	124.9	128.8	132.3	136.2	137.9	141.1	145.9	147.2	149.4	154.1	155.7	161.2	165.8	166	165.6	162.8	161	158.9	157.8	153.7	141.3	135.3	135.5	134.3	126.8	118	112.1	106.4	102.5	99.2	96.9	94.5	93.3	95.4	100.3	106.5	111.5	117.1	120.9	127.3	133.5	137.9	137.7	131.9	128	124.5	118.1	108.9	101.8	97.6	95.4	94.8	94.6	94.6	97.7	100.4	102.8	102.6	107.2	115.7	121	130.1	139.6	146	146.1	150.9	157.7	154.3	151.5	150.9	148.9	151.1	151.3	151.7	152	150.8	147.1	150.8	154	151.2	149.4	148.8	146.1	142.6	139	134.2	127.5	124.9	123.3	119.6	115.8	113.9	111	107.7	104.1	101.5	99.9	95.9	91.3	90.9	88.4	83	78.5	70.2	60.8	57.3	42.8	31.9	31.2	32.8	34.5	33.7	33.3	39.2	47.5	48.7	48.4	48.3	45.8	47.1	60.6	80.2	88.6	91.7	99	99.8	97	100.8	101.4	94.7	94.4	97.7	95.3	95.4	95.2	96	97.2	98.3	100.3	102.2	104.8
193.6	178.8	172.8	169.3	159.2	155.6	154.4	150.8	145.2	137.6	136	131.2	128.1	125.6	115.6	112.8	112.4	110.4	107	102.4	105.2	109.6	110	111.6	108.4	84.3	61.2	42.8	36.5	38.5	37.6	37.1	36.5	39.4	45.9	44.1	37.9	36.9	48.8	61.2	61.8	70.4	83.5	91.3	96.3	101.6	105.3	109.9	114.9	117.6	120	121.2	124.1	124.5	124.3	127.2	131.6	134.7	137.1	140.5	144.5	146.9	149.2	154.6	157.2	163.2	167	167.6	167.9	162.7	159.6	158.9	153.7	146.7	135.5	130.4	133.7	133.2	124.5	115	110	105.1	101.7	97.7	95.5	93	92.6	94.9	100.7	105.3	109.5	117.5	119.5	125.1	132.6	135.5	134.4	131.4	128	125.4	120.2	110.1	101.8	98.1	95.6	94.8	94.5	96.7	97.5	99.2	101.8	101.6	105.4	112.8	118.2	126.5	136.7	143.6	146.3	152	155.7	153.9	151.3	152.7	152.5	152.6	154.3	155.1	156	152.6	149.4	151.8	153.5	151	150.2	147.1	145.3	142.9	137.9	132.9	125	123.2	120.9	118.8	114.7	111.1	108.4	105.9	102.3	99.5	99.3	94.9	91.2	90.3	87.8	84.7	78.5	72.6	62.7	57.5	45.4	33	30.1	32.1	33.9	33.5	33.6	44.3	47.9	45.8	46.4	45.8	43.1	47.4	61.6	80.6	92.4	96	100.8	100.2	98	102.4	102.4	95	95.5	95.1	92.1	94.5	94.2	93.6	93.6	95.2	97.8	98.6	100.8
182.8	173.6	172.8	164.8	160	160	154.2	151	144.4	138.9	136	129	123.3	123	118.4	112.4	111.6	110	109.9	108.8	107.2	108.4	110.4	107.7	105	85.3	64.8	45.7	39	41.8	41.8	39.7	37.2	37.8	41.8	41.9	39.8	44.8	58.3	61.4	59.8	69.9	82.8	90.9	96.4	100.9	104.6	108.7	114.4	117.3	118.5	121.7	123.4	124.9	125.8	128.6	133.5	135.6	140.4	143.6	144.4	149.3	153.5	158.7	163.3	166.2	169.3	167	164.2	159	151.9	146.3	141.2	136.8	135.9	137.9	139.1	133.6	124.2	115.4	109.7	105.9	100.1	97.9	96.8	94	90.3	94.4	100.5	103.7	107.9	113.8	119.8	130.8	141.2	138.9	135.2	134.1	136.1	131.8	118.2	108.4	102.3	96.8	95	92.9	91.6	92.9	96.6	101.3	103.3	102.5	103.1	109.2	117.1	125.5	131.2	137	144.4	153.2	156.9	160.8	157.5	157.5	154.9	151	154.2	157.2	153.7	151.6	147.9	148.3	148.7	146.4	146	145.4	141.6	143.2	140.3	131.1	125.6	122.4	117.7	115.1	111.2	109.4	106.1	105	102.1	98.8	95.5	91.7	90.5	90.4	87.5	82.1	76.8	70.7	66	57.9	47.8	38	31.7	33.1	34.5	32.5	29.4	39.7	46.1	47.1	49	47.9	45.1	48.2	60.2	80.1	94.5	105.7	116.4	105.6	95.8	99.2	100.6	96.8	96.2	94.4	92.4	94.7	99.4	95.8	89.2	90.8	89	89.4	91
180	172	169.6	162.4	159.6	158.2	154.3	150.4	143.2	139.6	136	127.6	121.7	124.2	118.4	112.8	111.6	110.4	110.4	108.8	107.6	108.8	110	109	105.3	88.4	63.1	47.9	40.9	44.4	42.1	40.9	37.3	38.5	41.1	40.2	39.5	46.1	59.6	62	61	68.5	81.8	90.2	95.7	99.9	104.9	108.2	113.2	116.8	118.2	120.9	122	125.2	128.2	131	133.5	136.4	142	145.1	147.2	150.3	153	157.7	163.7	166	167.1	164.3	159.1	156.1	149.5	143.3	140.7	136.3	136	137.6	137.5	131.6	121.6	117.3	115.6	108.6	102.6	102.1	101.1	95.4	92.4	95.3	99.6	103.8	110	117.2	124.9	131.6	143.4	143.4	136.8	135.4	134.5	132.2	119.1	108.3	103.1	97.4	95.9	94.1	92.8	93.9	98	102.3	105.5	103.8	102.5	106.9	113.7	122.8	129.8	134.7	141.5	149	156.1	159.5	157.6	157.5	154.1	150.9	154.2	157.4	153.5	151	145.5	147	146.8	146.4	145.4	142.8	139.5	142.2	140.2	129.4	125.5	121	115.8	113.6	110.2	106	103.2	102.8	99.9	97.5	94.8	91.1	89.9	88.7	86.2	82.5	76.9	70.7	65.5	56.4	47.8	40.6	32.4	33.1	34.6	31.6	31.2	43	45.9	47.1	49.4	51	48	48.8	59.3	78.9	92.4	106.3	117.9	105.4	95.8	97	98.6	97.2	96.8	93.6	92.4	95	101.6	100	91	91	90.2	87.2	88.8
184.4	174	167.2	164	162.4	157.2	154.8	149.6	142	141.6	133	127	126.6	122.4	118.5	112.8	111.2	110.4	110.4	109.4	107.6	106.6	108.2	108.6	108	97.7	71	54.4	45.6	46	46	43.3	40.2	41.5	44.4	40.5	41	46.6	58.9	62.7	59.9	64.3	79	89.7	95.8	99.4	103.4	106.1	109.4	114.8	117.5	119	122	127.2	133	135	135.4	140	144.6	145.3	147.9	148	152	158.3	160.8	162.1	161.9	155.9	150.4	149.1	148.3	143.1	138.3	141.6	138.5	136.1	134.6	128.2	120.4	115.6	111.3	106.1	103.6	104.7	102.8	96.7	95.7	97.8	98.2	101.8	109.8	119.6	129.5	138	144.4	143.9	138.8	134.7	131.5	127.8	117.8	110.8	105.1	98.7	95.2	94.1	93.7	93.3	94.7	98.7	104.1	108.1	106.8	107.7	111.5	119.9	128.3	131.4	136.9	142.9	148.8	153	154.1	153	156.4	158.4	159.9	156	151.3	150.8	146.9	143.3	143.5	144.9	143.6	141.8	141.7	137.3	134.3	126.5	121.6	118.8	114.4	112.1	108.8	106	103.5	100.8	99.3	97.5	94.5	90.3	87.5	85.8	82.8	78.9	74.6	69.3	64.8	54.3	46.5	44.1	39.2	34.3	31.8	29.2	29.8	42.8	46.9	47	50	53.1	51.8	50.8	58.2	74.4	87.5	89.2	98.2	105.7	104.3	101.9	97.6	98.8	96.9	92	92.4	93	97.4	99.6	99.5	105.1	98.6	89.6	89
184.8	174.4	166.8	165.6	162.8	157.2	155.6	148.8	142	139.4	130.9	123.1	128	124.4	117.1	113.2	111.2	110.8	109.4	105.8	103.3	105.3	108	110.4	109.6	95	69.1	55.8	46.5	49.1	47.8	43.4	41.3	44	45	42.1	41.9	50.8	60.7	62	59.5	63.6	78.3	88	94.2	98.7	103.2	106.9	108.3	113.1	116.1	119.6	123.4	127.3	131.4	133.2	135	139.3	140.7	143.6	147.5	148.1	152.2	157.5	159.2	160	158.3	153.1	148.2	146.2	146.5	142	137.6	139.4	136.8	133.2	131.7	125.7	121.2	116.3	111	106.5	106.1	106.5	101.6	96.8	96.4	98.3	97.7	100.9	109.2	119.9	130.1	138.3	143	140.6	136	135.9	133.7	124.6	116.2	108.4	103	97.1	95.1	94.5	94.7	93.8	94.5	98.4	103.7	108.4	108.5	108.5	111.7	119.2	126.3	128.6	134.1	139.5	145.4	151.1	150.1	150.6	155.2	158.5	159.6	156.9	151.5	151	148	144.6	141.6	144.1	140.7	140.9	142.2	136.8	131.8	123.3	117.5	116	113.5	111	107	105.1	102.9	100.4	98	97.5	93.4	89.4	85.7	85.1	82.3	78.3	74.3	70.6	66.4	56.4	46.7	41.7	36.1	34.1	31.6	29.4	30.6	42.5	49.3	50.2	52.1	53.1	50.7	50.8	58.6	77	90	92.3	98.9	103.2	102.5	99.8	98.5	99.2	99	94.6	90.2	89.9	96.2	94.1	95.9	100.3	95.2	90.8	90.4
183.9	171.5	168.4	170.4	166	161.6	157.6	148	136.6	135.3	133.6	131.2	131.2	127.2	121.6	113.6	111.6	108	105.8	103.9	103.3	106.6	108.4	110	106.8	97.1	63.2	53.9	52.9	52.7	51.5	48.2	44.4	45	48	47.2	44.6	50.7	62.8	63.3	57.4	59.2	74.2	86.7	92.8	97.8	101.8	104.2	106.6	110.7	114.1	119.2	122.3	125.7	129	132.9	136.6	135	138.4	144.6	145.7	144.8	149.5	152.4	153.9	153.3	152	148.8	147.3	145.9	142.2	142.9	139.7	137.8	135.3	132.7	130	122.5	115.8	111.6	108.1	109.3	112.1	107	101	97.8	96.3	95.7	96.8	100.7	108.6	120.4	130.9	134.5	135.8	135.2	134.9	134.4	127.4	121.7	112.9	106.4	100.9	95.3	91.6	92.2	92.6	94	95.2	97.1	98	103.1	108.1	110.8	114.8	122.3	126.1	124.6	127.6	136.3	141.9	147.3	150.1	150.5	151.4	156.4	161.5	156.9	153.1	153.2	149.8	142.5	140.2	144.9	140.6	140.1	139.8	131.3	127.8	120.2	114.6	114.3	112	109.2	107.5	105.8	101.7	97.9	96.4	96.2	92.1	87.3	84.6	83.1	80	76.5	74.1	69.1	65.8	54.6	46.1	45.3	40.2	33.5	32.5	33.7	34.9	44.8	52.5	53	55.9	56.5	55.1	54.4	62.4	83.8	92.8	94	101.3	105.2	100.3	96.9	97.6	95.1	94	90.1	83.6	87.3	91.6	87.6	87.6	92.5	96.4	95.1	97
181.1	169.7	168.4	172	166.8	162	156.4	145.6	139	137	136	131.2	130.8	126.8	121.6	115.2	110.8	106.2	105.8	104.4	105.3	106.3	108.1	105.6	106.2	99.9	64.3	52.7	52.8	54.6	54	50.6	45.8	47	49.8	47.7	46.3	50.4	62.6	64.1	58.4	59.3	71.6	85.2	91.3	95.4	100.2	101.6	103.8	109.7	113.7	117.5	119.9	123.6	127.1	131.6	133.7	133.6	136.4	142.3	142.2	142.7	145.6	149	149.5	146.4	145	143.2	142.6	140.1	139.5	140.6	138.8	137.1	135.8	134.4	128.5	121.9	116.8	112.9	108.9	109.3	111.5	104.7	98.2	96.8	95.1	93.2	94.8	100.1	107.8	118.2	128.1	132	133.9	133.1	132.6	129.9	124.1	119.9	111.7	104.7	98.9	93.2	92.1	91.3	91.8	92.7	94.4	97	97.3	101.4	109.4	111.5	114.5	121.8	125.4	125	125.1	133.6	136.1	141.6	143.6	143.1	147.1	152.3	155.9	153.4	151.1	149.1	147.4	142.6	138	140.3	138.8	137.6	137.8	128.3	124.9	120.5	113	111.3	109.7	107.8	106.6	104.6	101	98.1	96.2	94.5	90.7	86.5	81.7	81.1	79.4	74.9	71.9	68.5	65.1	55.4	47	46.3	42	36.6	36.3	35.9	36.5	45.7	52	54.3	56.7	57.4	55.9	54.8	63.2	79.9	86.7	91.6	98.4	102.7	101.2	99	97.6	92.9	91.5	87.9	84.5	87.9	94.3	91.6	90.6	93.6	94.8	94	95.8
180.4	172.4	172.6	173.6	167.8	161.1	154	147.2	144	140	135.6	133.2	132.8	128.4	123.2	115.4	107.6	103.6	107	109.8	107.7	106.7	107.7	106	106.9	104.5	72.2	54.3	52	59.1	59.9	56.8	52.4	50	51	52.9	51.3	52.9	63	64.9	58.5	55.1	65.5	82	88.9	93.3	96.4	99.8	103.2	108.1	108.8	112.3	115.6	119.5	122.5	126.5	129.5	133.7	139.1	141	141.2	141.7	140.2	146.3	146.2	142.4	142.2	140.1	137.8	137.2	141.5	140.3	138.8	138.6	135.9	133	125.3	116.9	111.3	109.5	112.1	116.1	112.6	104.9	99.7	95.4	90.3	88.6	92.6	97.9	106.7	116.3	122.6	126.5	128.5	130.5	129.7	126.2	123.3	118.8	110.3	104.3	99.6	93.8	89.9	87.9	88.3	88.1	90.3	92	92.1	94	100.2	107.5	111.3	117.2	123.2	127	125.8	130.2	132.4	135.7	138.8	137.8	138.6	142.9	147.9	145.5	144.6	145	143.1	144.2	136.7	133.1	134.4	132.8	132.5	126.7	122.5	118.3	113.2	110.6	108.2	105.7	103	101.3	98.8	95.5	94.3	92.9	89.5	85	79.3	78.3	77.2	72.5	70.5	66.9	65.7	57.1	47.2	45.8	45.1	42.9	41.2	39.3	38.6	49	57.4	58.5	59.9	59.6	55.2	55.8	68.4	78.8	81.6	84.6	85.2	93.1	98.4	99	95.2	91.6	90.5	87.2	83.8	86.6	91.9	95.2	98.2	97.4	94	94	94.8
184	175.7	173	172	167.3	160.7	153.4	147.3	143.5	140.4	135.2	133.6	134.4	129.6	123.2	114.4	107.2	104	109.2	109.3	106.9	108	108.4	107.6	107.6	106.7	80.7	58	50.6	59.3	64	64.4	59.8	54.5	50	52.4	51.8	51.9	62	65	59.2	55.5	64.6	80.1	87.9	92.8	95.2	98.2	102.8	107	107.2	109.4	113.5	117.1	119.9	123.6	124.4	129.3	134.9	137.9	139.8	139.6	137.3	142.7	143	138.4	138.6	138.6	134	133.3	136.9	137.5	137.8	137.6	136.3	133.9	124.7	116.2	109	107.7	111.7	114.5	110	105	98.6	93	87.5	85.3	88.5	96	105.3	111.6	118	122.1	123.3	126.8	125.6	123.9	120.5	115.4	108.9	102.3	97.8	91.4	87.4	85.9	86.6	87.1	87.1	89.1	90.6	90.9	97.5	105.2	108.8	112.9	122.1	126.7	126.4	127.9	130.6	133.6	133.7	135.7	135.8	138.2	141.5	143.2	141.2	141.3	140	140.6	133.6	133.5	135.9	131.1	127.8	125.5	119.8	116.4	112.4	109.6	107.2	104.3	101.4	100.5	97.7	93.9	93.2	91.1	88.6	84	78.9	78.2	75.5	71.6	70.4	66.8	66.1	60.1	48.8	44.8	45.6	44.1	43.1	39.7	38.5	45.4	59.2	59.7	59.1	58.9	55.2	57.2	70.3	83	86	81.5	82.7	91.1	98.4	98.1	90.9	87.3	91.1	89.5	86.4	88	91.2	93.8	100	101	95.6	94.2	94.5
192.5	182	176.8	172	167.2	158.4	150.8	148	145.2	138.6	135.6	136	133.6	129.8	124	118.4	115.6	112.4	110.4	108.3	108.4	107.2	108	107.6	107.2	107	81.6	66.8	53.5	57.7	65.4	69.1	66.6	58.9	52.7	53.7	55.3	53.3	59.4	61.9	58.7	55.1	60.1	74.9	85.5	90.4	92.1	98.7	104.3	103.7	102.4	106	111.5	112.9	114.8	117.7	116.7	121.6	130.2	134.1	134.5	136.4	137.9	140.5	141	139.3	135.4	132	130.5	131.9	131.6	134.6	136.5	134.2	129.6	123.7	117	112.3	109.4	109.2	114.3	114.3	105	98.3	91.9	84.9	80.4	80.5	87.9	99.2	107	107.5	109.2	114.3	119.7	122.6	124.2	122.9	116.5	109.3	105.6	99.8	92.8	86.2	82.4	80.6	82.1	85.2	87.7	89.5	87.4	85	86.1	91.8	96.8	107.6	119.3	125.3	131.1	128.9	127.8	131.2	130.6	132.8	131.3	132.5	135.7	136.6	137.5	139.4	138.7	137.4	134.3	133.7	131.7	126.3	124.6	124.3	118.5	114.1	110.3	107.3	105.7	101.3	98.2	97.3	95.8	91.8	90.9	89.6	86.4	83.4	79.9	76.5	74.2	71.9	69.2	65.9	64.8	58	47.8	43.7	43.6	43.7	43.5	40.9	38.3	53.6	65.9	64.2	62.2	58.7	55.6	60.5	71.4	83	89	91	87	86.8	92	97.9	94.7	90	93.6	96.6	95.8	94.8	92.3	89.2	95.1	96.2	91.2	89.1	88.7
193.4	182	178.4	172.8	166	158.4	150.4	147.2	142.8	138	136.8	134.6	132.9	130.4	124.8	118.4	115.6	112.4	110.4	108.8	108	107.2	107.6	107.4	107.2	108	83.8	68.7	54.9	53.4	63.3	70	66.4	62.9	55.1	52.8	54.5	53.2	59.3	61.4	57.6	53.9	56.3	70.6	82.4	88.1	90.3	96.4	102.5	102.6	100	103.4	108.5	110.1	110.6	111.9	111.9	117.9	126.3	129.3	130.5	133.2	135.4	138.5	139.6	137.9	132.1	127.2	127	128.2	130.3	133.8	137	134.8	130.2	122.5	117.3	113.4	109.5	107.3	108.3	106.9	98.2	92	86.5	81.9	77.3	76.4	83	95	103.5	105	107	111.2	116.6	121.7	124.7	124.2	114	104.9	102.1	96.4	88.6	81.7	78.6	78.3	79.1	81.9	84.8	84.6	84.1	81.1	81	86.1	93.6	105.7	117.3	125.5	131.1	130	129.3	129.7	129.7	131.3	128	128.3	130.8	135.7	135.6	135.1	137.3	133.8	130.8	131.5	130.8	124.9	122.4	120.7	116.6	112.8	108.5	107.4	105.3	100.2	97.5	95.8	93.6	91.7	90.6	89.5	87	83.6	79.4	75.4	73.6	72.1	67.8	64.3	63.3	57.2	48.4	43.2	43.6	43.5	44.8	41.7	40	56	67.5	65.3	62.6	58.4	54.9	59.9	70.5	82.8	92.2	93.7	89	87.8	91.7	96.3	95.2	92.2	90.1	95.8	96.4	95.8	94	89.7	94	93.8	90.6	88.3	87.8
197.2	184.8	182.4	176.8	164.8	156	147.6	144.4	144	139.1	134.7	134.6	133.3	130.4	125.2	119.6	115.4	113.6	111.6	110	108	107.2	106.8	102.2	101.4	103.8	84.2	71.5	62	51.2	57.5	69.7	67.2	65.7	63.4	57.3	56.3	56.3	57	57.2	56.6	54.2	53.6	63.9	77.4	85.1	88.6	92.9	98.7	101.1	102.2	104.8	108.8	110.7	108.2	105.6	108.8	114.8	121.9	127	130.8	132.5	133.7	134	134.3	135.1	131.1	124.7	124.2	126.4	127.9	130	128.9	124.9	124.2	121.3	115.8	115.1	112.8	109.8	103.9	93.7	83.7	79.6	77.1	73.6	68.9	68.7	75.3	87	99.8	104.3	106.9	109.6	116.8	133.7	134.4	134.2	128.8	108.2	99.8	92.7	84.4	77.6	74.4	73.2	73.9	76.1	80.5	81.7	80.2	77.1	75.6	78.5	88.6	101.3	111.8	116.4	121.5	130.1	133.7	130.7	130.2	129.1	126.8	127.4	126.6	129.7	129	127.9	133.2	129.6	128.8	129	128.8	125.2	120.6	115.7	112.6	106.8	102.6	104	101.8	97.4	93.8	89.6	89.3	88.6	87.8	87	84	79.4	75.4	75.1	73.3	70.2	66.9	63.8	62	55.9	49.9	45.8	43.7	44.6	46.1	44.4	42.6	58.9	71.1	68.3	62.6	56	55.9	65.6	74.6	85	89.6	90.8	90	91.4	95	94.2	89.5	85.5	86.1	90	97	99.6	101.2	98.2	92	94.9	97.4	96.7	96.6
199.2	188.4	185.6	177.2	164.4	153.4	148.4	145.2	144	139.7	136.6	136.8	134.7	130	124.4	116.4	115	114	111.6	110.4	108.4	107.2	106	103	99.2	105.2	89.7	73.1	67.7	54	55.1	66	66.4	64.5	63.3	57.8	56.8	58	57.1	55.7	55.1	53	53.3	61.7	74.4	83.1	87.1	91.3	97.3	101.7	101.3	102.8	107.5	108.6	106.5	104.6	107.2	113.8	119.9	124.2	126.6	130.2	130.9	130.5	130	129.9	127.1	123.4	124.2	125.1	128.4	130.8	128.6	121.6	123.8	122.7	114.7	116.1	114.7	109.9	101.7	85.5	73.9	71.5	69.7	67.9	65.6	66.3	72.7	83.1	95.1	100.3	103.6	108.2	115.8	130.4	129.3	128.9	129.2	105.5	96.7	90.8	81.4	75.1	73.6	71.1	69.4	69.9	72.9	73.2	71.7	69.9	70.8	76.7	89.4	101.4	110.1	115.2	119.4	126.6	131.7	131.1	130.6	127	124.1	126.9	125.6	125.5	126.6	127.2	130.6	128.7	128.4	127.8	127	123.2	118.5	113.4	110.4	105	101.1	102.1	100.9	95.4	91.4	89.1	88.6	87.7	87.8	85.9	82.7	78.4	75.7	75.5	73.5	70.1	67.1	63.3	61.1	55.2	51.5	49.5	46.9	48	47.3	43.7	45.5	62.5	70.1	63.5	60.1	55	56.7	67.4	74.8	86.2	90.5	90.7	90	90.2	93.8	93.4	89.8	86.1	85.4	89	95.4	99.4	102.6	99.6	94	96.1	98.6	96.9	98.5
199.8	196.8	194.8	183.2	172	164.8	154.6	148.8	144	140.4	138.4	136.4	134.4	129	123.2	120.2	118.4	114.4	111.1	110.8	108.8	107.2	106.4	95.6	95.6	107.8	100.2	77.7	72.1	61.2	52.3	56.4	59.8	60.9	59.8	57.6	55.5	58.1	55.9	54.7	55.4	53.4	51.3	54.4	67.3	77.7	83.3	88.1	92.4	96.5	97.8	99.2	102.7	103.5	103.8	103.9	105.4	110.3	114.4	122.8	126.1	123.9	124.5	125.3	127.1	128	126.5	125.8	125.5	125.6	127.1	125.7	123.5	120.5	120.1	120.2	118.3	118.1	117.5	110.5	96.8	76.5	64.1	61.5	59.6	58.1	57.9	61.9	69.3	78.5	88.1	95	100.7	107.5	113.1	114	117.1	120.9	114.9	101.6	91.9	83	74.2	71	70.4	70.1	69	68.9	68.5	67.8	66.7	66.4	66.7	74.6	90.7	100.6	105.7	108.8	110.9	117.2	124.3	128	127.7	125.4	124.4	122.5	119.9	123.7	125.5	127.8	127.7	126	125.6	124.6	122.5	118.7	113.8	110.5	108.4	103.9	100.5	99.8	96.7	92.4	88.2	87.3	88.1	85.2	85	83.1	82.2	79.8	76.6	75.3	73.2	70	66.9	62.6	59.6	55.7	53.1	51.3	50	49.8	46.7	41.7	45.5	61.4	65.1	56.2	51.6	53.5	60.2	67.1	82	93.2	94.8	93.7	90.5	90.8	92.3	93.6	93.5	87.9	84.4	85	85.6	88.8	96	96	91.4	91.2	90.6	91.4	96.2
195.2	194.4	195.6	182.4	172	164.8	155.9	148.4	143.2	139.6	137.2	136	134.4	128.8	125.2	124	118.4	113.9	111.8	110.8	108.8	107.2	102.9	93.9	96.6	108	103.6	83.2	74	65.2	56.4	58.1	57.4	60.2	59.3	58	56.9	59.4	56.7	54.4	54.3	52.9	50.5	53.8	65.7	76.1	82.8	86.6	90.5	95.7	96.2	97	100.3	100.3	100.4	103.6	106.5	109.3	113.1	119.3	121.3	120.1	120.8	121.9	124.9	125.6	124	125.4	125.6	126.8	127.3	123.7	121.4	120.6	118.8	118.1	117.5	117.5	118.4	110.6	92.5	73.8	64.5	61	57.6	53.3	53.6	58.4	67.3	74.8	84.2	91.8	96.4	102.4	107.9	105.9	106.1	110.6	105.8	96.8	86.9	77.9	70.1	66.7	66.3	66.7	67.3	66.6	66.8	64.9	62.1	62	65.9	77.2	91.4	99.7	103.8	106	108.6	114.2	120.1	123.3	124.9	125.3	122.9	120	119.2	120.1	121.4	125.8	124.6	122.7	122.5	121.9	120.5	115.3	109.6	105.9	105.2	102.1	99.3	97.6	94.7	90.7	86.7	85.8	86.5	84.3	84.3	82.3	82.4	79.3	76.3	74.8	72.9	68.9	65.6	62	60.8	59.7	56.8	52.8	51.4	50.9	46.4	42.9	49.8	63.9	63	57.7	51.1	54.2	62.2	67.2	82.9	94	96.4	96.8	92.2	91.8	95	94.8	96.2	90.7	86.3	87.3	86	90.2	98.8	97	92.2	91.6	89.2	89.8	92.4
196.4	197.2	198.8	187.2	173.2	165.2	156.2	149	144.4	141.2	138.8	137.6	135.6	129.6	127.6	124.6	116.3	112.2	108	108.1	106.2	102.5	101.4	96.6	102.6	107.2	108	94.6	78.7	69.3	61.1	61.3	57.2	56.9	59.6	61	58.1	58.5	59.8	56.1	56.3	55.2	51	51.2	60.9	71.1	78.9	82.5	85.7	92.5	94.9	96.4	98.5	99.1	100.5	103.9	106.9	109.2	109.9	113	113.2	113.7	116.1	118.9	121.8	121.6	122.7	122.2	120.8	120.3	120.7	122.2	122.4	123	122	122.3	122.5	120.3	118.6	112.2	93.1	73.7	68.1	63.9	59.6	55.1	56	61.1	65.3	71.9	77.7	84.8	90.9	94.1	94.3	94.2	93.8	91.2	89	86.3	79.9	74.7	69.7	65.9	64.3	64.2	64.9	65.6	67.1	65.6	62.8	64.6	68.7	76.6	91	100.1	104.9	108.3	107.6	109	112.1	114.8	118	121.9	120.9	118.6	117.7	117.6	119.5	120.7	119.6	118.5	117.1	113.8	112	110.6	107.3	101.5	101.4	99.9	97.7	96.1	93.4	89.8	85.8	84	84.6	83.3	81	80.7	79.1	77.9	76.1	74.1	72.1	68.5	65.3	62.7	62.7	61.9	59.7	57.2	54.6	51.9	46.3	41.2	43.1	51.1	57.6	54.9	54	56.1	63.3	72.2	82.7	88.2	90.6	94.9	92	90	94.5	98.4	96.3	92.4	89.5	87.6	88.6	91.7	93.2	93.6	91.5	94.1	92	92.6	94.6
201.6	199.6	197.2	184.4	172.8	164	155.8	150	146.8	144	139.6	138.4	135.6	130	127.2	122.5	117.3	113.9	111.1	109	104	103.2	101.6	97.4	105	107.2	107.6	99.6	80.1	71.3	65	61.6	57.7	55.7	57.2	59.2	58	58.2	59.9	57.6	56.6	56	51.2	50.4	58.6	68.2	76.2	81.1	84.8	91.6	94.3	96.6	99.1	99.1	100.8	102.3	103.5	106.5	107.7	109.8	109.5	108.6	112.2	115.5	118.1	120.7	124.4	126.3	125.9	124	122.2	122.8	122.2	120.8	118.9	120.7	121.6	120.3	117.6	110.4	91.9	74.8	71.1	68.2	62.5	58.5	57.5	60.6	66	70.4	75.2	82	88.9	90.7	89.8	90.4	91.4	89.2	86	82.1	77	71.8	68.4	66.1	64.1	63.6	64.1	65.1	65.6	64.7	63.9	66.9	71.1	79.1	92.5	101.7	106.5	108.3	107	109.8	112.7	114.6	116.9	118.2	117.1	116.4	118.6	116.7	117.3	115.9	117.5	116.1	115	114.2	109.7	108.7	106.5	101.8	100.7	98.1	96	93.2	90.2	88.6	84.3	83.4	83.3	81.5	79.6	79.4	77.7	75.9	75.1	73.4	71	66.9	63.8	63	64.6	62.8	59.2	57.6	56.2	53.2	47.4	44	48.8	54.6	55.8	55	55.7	57.7	62.9	74.6	86.5	88.1	89.6	93.5	92.3	88.8	91.6	95.1	95.6	94.5	92.3	87.4	86.8	89.8	88.5	88.8	90.5	92.9	91	91.8	94.6
202.4	195.6	188	176.8	171.6	164.8	159.2	154.8	151.2	147.6	141.6	138.8	136	131.2	128.8	125.8	122.5	115.6	113.6	111.6	107.4	108.8	108	106.8	105.2	105.1	104.1	106.7	87.5	71.3	66	62.8	61.9	61.9	61.4	57.1	58	59.7	60.3	61.2	58.9	56.1	52.1	50	55.9	64.8	71.1	76.2	80.2	87.5	93.4	97.6	97.5	99.3	99.6	100.8	100.7	102.5	102.6	102.7	106.9	109.5	112	113.7	116.3	117.6	120.5	124.1	125.4	123.5	124.6	125.2	123.8	122.6	120.6	121.6	123.2	122.3	118.9	109	90.8	78.8	74.3	73.5	68	62.6	61.2	60.7	61.8	66.6	71.3	76.2	81.4	81.8	82.3	83.2	84.7	83.3	80	76.7	72.1	68.5	64.3	60.7	56.8	55.3	53	55.1	58.8	61.7	65.9	72.2	75.8	83.3	97.3	106.8	110.9	113	112	111	110.1	113	114.2	116.1	114.9	112.6	114.9	115.2	114.1	111.1	109.7	111.2	110.4	109.8	106.8	104.2	102.7	102.2	98.7	95.5	94.8	92.3	89.5	86.6	82.3	82.1	80.4	79.6	80	78.8	77.4	77.5	75.6	74.4	70.4	67.1	64	64.2	67.2	65.4	61.2	58.7	58.3	54	49.3	46.2	51	55.9	58.6	58.7	58.2	61.3	67.3	79.1	88.1	93.4	93	95.6	93.9	89.1	88.2	91.3	95.3	99.4	96.3	90.7	89.9	88.4	85.6	87.8	90.9	95.6	96.2	93.8	91.9
204	194	184.8	175.6	170.8	164.4	161.6	158.4	152.4	148	142	138.8	135.6	131.2	127.9	128.1	122.4	115.6	114	111.6	107.4	108.4	107.6	106	105.6	104.6	103.5	107.6	95.9	75.2	65.4	61.9	61.6	63.3	63.5	58.2	58.8	60.2	60	59.5	57.2	55.2	52.2	48.9	54	62.9	69	73.3	78	84.9	92	97.2	96.5	96.2	98.1	99.2	98.9	100.5	99.8	99.6	101.9	107	109.2	113	116.2	117.5	119.8	122.9	123.4	123.9	123.9	124.4	123.6	123	120.6	123.4	124.9	122.5	117.9	106.6	89.1	78.9	77.8	77.1	72.5	65.8	63.1	61.5	60.5	63.9	68.7	73.4	77	77.7	78.8	80.3	80.8	79.8	77.2	74.6	71.8	67.3	62.2	57.7	52.7	51	50.5	52.6	58	63.9	68.2	72.7	77.1	83.5	97.6	106.6	111.1	114	111.7	108.5	108.4	110.6	112.2	113.5	115.1	114.6	114.3	114	113	109.8	107.7	108.9	107.8	105.6	104.1	102.5	100.7	100.1	96.6	93.5	92.8	91.2	89.7	84.4	80.4	81.1	80.3	79.9	79.8	78.5	78.2	78	75.5	74.2	69.7	66.1	63.4	63.8	66.9	66.2	62.5	60.3	59.5	54.4	50.7	52.4	57.1	57.2	58.6	59.9	58.1	62.6	72.3	79.9	85.4	91.5	92.6	94	94.7	86.5	85.8	89.6	93.3	98.2	94.5	88.7	89.3	88.9	86.8	90.6	93.7	97.4	100.6	96	93.4
204	202.4	188.8	184.8	182.4	177.2	170.4	163.3	158.7	151.6	144	139	137.2	134.4	130.2	129.2	127.6	120.4	115.6	110.4	108	110	109.6	107.2	106	105.6	105.3	106.4	99.8	84.1	68.7	62.9	62.2	63.2	65.1	62.2	62.6	63.7	59	57.1	53.3	48.7	49.3	48.5	49.3	56.1	63.8	69.2	74.2	79.4	86.4	90.7	93.3	94	94.5	95.1	95.1	96.8	97.6	96.4	96.9	100	105.1	110.4	114.8	116.2	116.8	119.3	121.7	121.6	124.2	125.8	125.3	123.9	123.7	123.1	124.4	124.8	120.2	113.4	96.6	79.8	75.2	75.1	71.1	64.8	58.7	52.7	50.2	52	57.8	62.9	67.8	70.9	71.7	70.7	70.2	70.4	69.9	68.9	67.1	63.8	60.1	59	56.3	52.6	52.3	51.3	56.6	63.8	68.3	73.6	80.8	88.1	97	105.4	107.4	109.7	110.7	110.6	110.1	110	111.6	113.6	115.5	115.3	116.3	114.7	112.2	110	108.1	107.5	105.6	104.1	100.7	99.1	99.9	98.6	97.6	95.4	92.4	90.9	90.2	86.8	80	79.7	81.5	80.5	78.8	79.4	78.2	77.7	75.4	73.8	71.1	67.3	63.6	64.9	68.4	69.4	67.1	64.3	63	58.4	54.8	58.6	63.4	63.2	61	61.2	61.1	74.2	88.7	91	88.8	90.5	89.3	89.8	91.2	91	86.5	86.9	88.8	89.6	89.4	89.7	90.5	92.6	93.2	94.2	97.8	102.2	106.6	105.9	102.8
204	197.2	186	188.4	184	176	168.2	159.8	156.4	147.6	140	136.8	135.6	132.8	130.2	128.2	124.4	116.8	113.2	108.8	106.2	109	108	104.4	103.8	104.4	104.5	105.1	100.4	89.1	71.2	63.2	60.7	61.4	62.7	60.1	63.5	63.5	58	55.8	51.9	46.7	47.6	48	50.2	59.6	66.2	70.2	76.5	81.6	87.1	90.6	92.1	92.3	94.2	93.7	94.8	97.5	96.5	94.5	96.7	102.4	107.2	110.8	114.8	117.1	116.8	119.6	123.1	122.9	122.6	123.2	123.3	125	125.2	124.5	125.8	123.2	117.8	108.9	88.7	76.3	76.2	79.2	75	66.5	58.1	52.3	51.6	51.3	55.9	63.1	67.2	69.6	70.5	69.1	68.5	67.2	67.2	66.6	62.2	60.1	59.8	61.5	62	62.5	58.7	56.4	62.1	65.5	67.4	69.9	79.4	93.6	102.2	105.9	107.1	108.3	108.7	109.2	107.3	107.4	111.8	112.9	114.9	119.1	118.2	113.2	109.4	109.3	106.3	104.5	104	101.2	98.2	98.4	96.1	95.2	94.7	91.7	89.1	89.6	88.3	82	79.9	78.6	79.1	79.3	78.5	79	77.2	76.3	73.9	72.1	69.2	64.8	61.9	63.1	66.6	67.5	67.2	66.4	64.3	59.3	61.6	64.4	64.8	63.6	62	58.2	61.8	77	88.5	91.8	90.5	91.8	91.8	89.2	90	92	89.8	85.1	86.6	88.6	89.5	91.1	92.3	92.6	93.8	93.8	94.2	98.4	104.4	107.7	108
203	204	204	202	189.2	179	169.7	162	158.2	150	139.1	137.6	136	133.2	130.3	125.8	122.9	117.1	112.4	105.4	103.4	108.4	108.4	107.5	104.2	102.1	100.8	104.9	105.6	100.1	84.5	67.9	62.6	60.8	60.5	59.2	59.6	59.1	55.5	50.3	45.1	45	48.9	48	48.8	56.5	63.9	67.9	72.1	77.8	82.9	87	88.1	90.8	94.5	93.8	93.1	94.4	95.6	94.6	95.7	98.2	103.9	106.9	109.9	113.4	114.8	116.5	118.4	119.5	121.9	124	125.5	125.2	125.1	123.8	122.5	120.5	117.3	109.4	96.5	81.6	74.5	75.1	76.7	74.1	68	65.5	66.7	61	57.4	59.3	61.8	62.1	62.5	61.4	61	60.3	60.1	61.2	63.1	68.9	72.6	72.5	73.1	71.3	66.8	63.9	64.2	64.7	69.9	75.2	85	95.7	100.7	103.3	104.2	105.5	105.6	103.6	103.4	105.9	108	110.2	110.8	111.1	113.7	111.9	108.1	106.6	104.5	101.5	98.7	97	97.7	95.6	91.6	93.3	91.4	90.9	90.3	89.2	85.6	81.1	78.4	78.9	78.6	77.3	77.8	80.5	79.6	77.1	74.8	72.5	69.6	65	61.9	63.9	65.2	66.7	68.3	67.4	65.7	61.4	64.9	63.5	62.8	61.5	62.3	59.8	73.4	89.8	87.2	86	87.2	89.6	91.6	91.6	91.8	91.6	89.6	86.2	90	94.6	97.2	96.2	95.4	91.3	93.2	92	92.2	94.9	100.4	106.9	110.3
200.2	203.4	204	202.8	187.6	179.8	168.9	161.6	156.8	150.4	141.4	136.8	137.6	134.4	131.6	125.6	122.8	118.7	111.6	103.4	103.4	108.7	108.2	105.7	103	101.7	100	104.6	104.2	100.6	89.1	68.8	60.6	58.2	56.6	58	58.4	58.1	55.1	49.3	45.2	45.1	49.7	48.1	47.9	55.4	63.3	66.6	70.9	76.1	82.2	86.1	86.9	88.3	92.1	93	92.2	92.7	93.1	94.4	96.9	98.7	104	108.1	109.7	110.8	112.5	114.7	116.4	118.1	121.1	125	125.4	124.7	125.4	125	123.4	119.9	117.6	110.4	98.4	85	77.7	77.4	79.2	77.4	73	70.3	72	67.7	64.1	62.3	62.6	63.5	62.9	61.2	59.8	60.5	61.8	64.5	68.4	74.1	76.4	76.4	76	73.7	70.7	67.5	67	66.8	72.3	79.8	86.3	95.5	100.3	102.7	103.3	104.6	106	103.1	102.6	105.1	107.4	109.7	109.4	109.1	111.9	112.5	108.8	107.2	104.2	99.5	96.4	95.5	95.4	93.5	90.3	90.2	89.8	88.3	88.5	86.9	83	80.6	79.1	79.1	77.4	77	77.3	78.8	78.9	76.4	73.7	72.8	70.2	66.9	62.5	62.9	64.4	65.8	68.3	67.4	65	67.1	67.4	61.7	59.8	60.5	62	62	75.3	90.6	88.8	84.1	83.8	87.9	91.8	92	93.6	95.6	93.3	88	90.4	96	99.4	96.8	95.2	89.6	90.8	91.2	91.7	95.7	100	106.7	109.4
203.2	204	203.4	199.6	183.7	174	167.4	165	156.4	149.6	143	140	140	137.6	134	129.4	129.6	121	105.4	102.4	109	110.4	108.4	107.5	105.8	105.6	104.4	104.8	99.6	100.6	94.3	77.1	60.4	54.5	52.8	53.5	54.2	53.6	51.6	46.7	51	62	54.8	47.3	47	51.6	59.3	64.2	67.9	73	79.7	82.7	84.2	85.5	88.9	90.4	89.2	88.6	89.2	93.1	98	101.3	104.6	107	107.5	107.7	109.1	111.8	114.2	115.2	115.6	118.2	119.7	118.8	117.4	115.6	113.3	111.9	111.6	106.9	101.3	95.2	84.7	75	73.3	75.5	75.1	74.3	73	72.8	73.7	73.7	73.1	74.8	75	71.7	67.1	68.4	71.2	74.9	81.9	85.2	83.4	80.4	77.2	74.3	74.9	78.6	81.3	82.6	84.8	87	89.4	94.1	96.8	98.9	100	102.4	104.2	102	99.2	99.8	99.9	101	104	106.9	107.7	109.8	111.2	108.5	105.2	100.5	97.1	95.4	93.4	92.9	92.4	90.9	89.2	87.3	85.4	83.6	82	81.3	80.3	79	77.8	77	77.4	77.6	76.1	72.4	73	73.5	71.4	77.6	74.6	64.4	63.2	64.3	64.5	64.7	63.1	67.1	65	59.5	58.4	60	60.6	69	83.3	89.3	90.9	89.3	88.6	92.8	90.4	89.2	92.9	98.2	99.9	95.9	92.2	92.6	94.9	97.6	99.8	99.2	96.7	96.5	93.5	96	104.2	113.4	112.1
204	204	201.9	201.1	186.7	172.2	164.2	165.6	157	149.6	145.2	141.6	139.6	138.4	135.6	131.2	130.2	119.4	106.4	105	109.8	110.4	108.4	108.4	107.6	105.6	104.8	105.2	102.7	103.6	100.2	88	69.5	55.4	49.2	51.2	53.7	52	50.5	48.4	53.9	64.1	58.8	47.7	46.3	50.8	57.7	61.8	67.3	71.6	78.6	82.3	83.2	83.4	87.7	89.7	88.7	88.7	91.1	93.7	97.3	100.3	103.1	104.8	105.2	107.6	109.4	111.2	113.1	114	116	117.5	117.5	117.1	116.1	115.5	114.4	111.2	110.2	107.4	103.2	98.6	90.5	78.3	74.3	74.2	74.1	74.2	73.4	73.9	76.3	75.2	76.6	80.1	79.5	77	73.3	72.8	75.2	80	86	90.5	86.6	81.8	78.7	77	79.9	84.2	86	87.8	87.8	89.5	92.5	95.1	96.4	97.9	100.3	101.3	100.7	100.9	96.8	96.3	96.8	97.7	100.1	102.5	105.1	106.1	106.1	105.6	102.9	100.4	96.6	93.9	92.7	91.9	90.4	88.2	88.4	87.9	85.6	83.3	81.3	80.5	79.8	77.8	76.9	76.5	76.5	76.1	74.6	71.9	71.8	72.8	71.9	79.4	87.2	76	65.4	64.3	62.7	63	65.2	68.3	63.1	58.5	58.8	59.2	60.7	72.6	83.4	88.5	90.9	89.9	93.2	94.7	90.2	88	89.8	93	97.6	96.7	93.4	93.2	93.6	95.8	100	101.6	100.8	100.6	96.1	98.2	109.2	116.8	112.9
204	204	204	200.3	193.8	188.4	179.1	173.8	168	157.8	150.4	144	142.8	141.6	137.6	130.2	123.6	120.8	114	111.2	110.8	110.8	109.6	106	103.6	105.6	104.8	104	102.8	104.8	103.4	94	78.5	57.7	45.2	47.1	52.3	55.9	61.5	71.2	75.2	73.5	61.8	48.1	45.2	48.1	55.4	60.5	66	69.6	75.1	79.6	80.2	79.9	82.2	85.7	87.4	88.1	90.8	91.9	94.5	97.5	100.1	103.4	106.2	109.1	110.1	109.3	110.4	112.8	114.4	113.5	108.4	111.2	111.9	109.2	108.3	106.3	106.1	102.4	99.5	100.2	96	88.9	85.6	83.2	81.9	77	72.9	75	77.9	80.3	81.6	85.5	88	85.5	82	78.5	81.2	86.3	93.3	96.3	91.1	86.6	85	84.9	87.3	88.6	91.5	92.9	93.2	94.8	96	97.9	97	96.3	95.5	92.9	92.7	94.1	92.8	91.7	92.4	91.6	91.1	91.8	96.3	101.1	103.9	103.1	101.3	97.1	92.6	89.6	89.1	89	88	86.5	84.2	84.8	82.7	80.3	80.1	79.7	77.4	75.3	75	75.5	74.4	73.4	70.9	71.6	72.7	72.8	75.5	84.2	92.2	91.3	78.7	67.7	60.9	57.9	61.9	65	59.5	57.4	56.5	59.9	70.1	86.2	92.6	94.4	97.9	90.8	89.7	92.8	90.8	87.8	87.4	88.2	92.4	92.9	91.7	89.5	90.7	89	92.2	94.8	94.9	99.8	99.7	102.4	115.4	120.4	116.2
204	204	204	198.3	195.5	194	182.4	172.2	166.9	157.4	152.4	146	144.4	141.6	138.8	129.4	123.8	122.8	116.8	111.6	110.8	110.4	109.6	103.8	105.6	107.6	105.6	104.8	102.4	103.2	103.4	97.7	83.1	58	45	48.1	58.1	61.1	66.7	76.1	77.3	77.3	70.5	53.2	45	48.3	55.3	61.3	66.4	69.4	73.6	79.4	81	80	81.2	84.8	88.6	90.5	91.6	92.5	94.9	96.6	97.2	100.3	105.1	108.7	108.6	107.2	111	114.5	115.1	112.8	108.5	110	112	109	108.1	105.4	104	102	100.6	100.7	98.2	94.3	90.9	88.4	87.7	84.3	79.8	78.4	81	83.9	84.4	89.5	92.7	88.9	85.1	81.8	83.5	91.5	97.3	100.9	96.9	90.5	89.5	88	88.4	89.9	92.4	94.4	95.1	95.4	95.8	96.8	96.6	95.8	93.6	92	93	93.6	92.4	90.8	90.1	90.2	88.9	88.5	91.7	96.4	103	103.6	100.4	96.8	94	91.6	90	88.4	87.2	86.4	84.9	85.6	82.6	79.9	79.9	80.1	78.1	74.9	74.5	73.5	74.7	73.5	70.5	72.4	72.5	72.7	76.2	83	87.2	89.5	84.5	73.9	62.8	57	63.5	63.8	58.8	57.4	56.2	62.3	73.3	86.9	93.7	94.5	96.6	90.4	86.9	91.9	92.4	88.9	89.8	90.4	92.2	91.6	91	88.2	87.5	87.6	89.6	91.8	93.5	100.5	103.8	106.7	118.7	121	116.4
203	202.8	202	187.8	198.4	200	184	171.8	167	164.4	158.8	148.4	142.8	140.4	139.6	135.2	134	130.4	123.2	115.2	110.8	110.4	109	104.6	108.6	108	105.2	101.5	102.5	104.9	103.3	102.4	100.5	86.1	77	75.2	81.1	75.4	78.3	80	79.2	77.3	73.8	54.3	46.1	47.6	52.6	59.6	65.5	69.8	71.1	77.1	80.1	79.3	81.2	81.4	84.4	89.6	89.7	91.1	94.3	94.9	96.8	97.2	101.8	108.6	109.4	107.1	108	109.6	108.1	107.5	106.5	106.7	107.7	105.8	102	100.6	100.1	98	95.9	94.7	95.1	98.1	96	94.2	95	93.7	93.2	88.9	86.7	88.2	90.4	93.7	95.8	94.3	88	83.3	86.6	93.1	99.9	104.5	99.5	95.6	93.3	89.4	90.3	91.5	92.3	93.7	93.2	96.3	97.4	94.6	93.5	92.3	93.1	93.8	93.1	91.5	91.7	92.4	91.5	91.3	89.9	88.9	88.8	89.5	93.6	97.2	99.4	100.8	99.9	96	92.6	90.1	88.1	87.3	85.5	85.5	83.7	80.6	79.8	80.5	78.6	76.4	73.8	74.2	74.2	73	73.1	73.8	72.1	73.2	82.3	90.7	89.8	88.7	85.1	84.1	79.3	73.6	76.5	74.6	68.5	65.6	70.2	83	88	87.4	89.8	88.1	88.7	90	87.7	84.7	89.6	89.7	92.2	92.6	88.4	87.2	89.2	88.5	87.5	90.5	91	90.8	91.5	99.4	102.6	108.9	121.6	126.2	122.2
204	202.9	201.4	193.4	200.4	202	183.6	171.4	166.2	165.6	159.6	147.2	142.4	140	140	136	134	130.4	124.4	115.6	111.2	110.8	107.4	104.2	107	108	105.6	103.5	103.4	105.2	104.6	102.9	93.3	83.6	79.1	74.9	79.9	74.5	77.8	79.3	79.1	76.9	74.8	59.1	46.8	47.8	53.2	59.6	64.8	68.6	71.1	76	79.7	80.5	81.7	84	88.6	91.5	91.8	92.2	94.6	94.7	95	96.2	100.8	107.3	108.5	107.4	108.5	107.5	105.5	104.6	103.7	104.9	105.9	103	99.9	97.6	97.3	95.3	90.3	89.2	90.8	93.4	93.2	90.5	90.8	93	92.1	89.2	87.8	90.5	94.1	98.4	102	100.9	94.9	89.2	90.1	94.8	100.3	103.9	99.9	96	92.8	88.9	91.4	91.4	93	94.3	91.9	95	97.4	95.4	93.5	92	92.7	94.2	92.8	91.1	90.7	90.1	91.2	91.2	89.4	88.6	88.8	88.1	90.6	95.5	99.6	101	100.4	97.9	93.8	90.4	88.4	87.9	86.5	85.6	84.4	81.8	81.2	80.3	77.9	77.5	75.1	73.9	73.5	72.7	73.6	73.8	72.2	73.7	83.8	92.6	91.3	88.5	82.2	81	84.2	91.4	86.5	78.7	72.6	72.5	79.2	88.2	90	86.8	89.2	89.8	89	91.6	89.4	82.2	86.2	89	91.4	92	87.4	85.8	88.8	87.2	86.4	91.5	92.2	90.6	86.9	92.6	99.7	109.9	126.5	130.8	128.2
203.3	203.4	204	204	204	199.6	190.4	181.6	174.4	167.2	156.8	147.7	145.2	143.8	142.8	135.6	130.9	132.4	126.8	118	111.6	109.8	103.8	106.2	106.5	106.9	106	104.8	104.4	104	105.6	103.7	92	84.7	83.6	80	80.3	81.3	79.3	78.2	78.9	77.4	74.8	57.7	47.4	48.1	52.8	59.5	63.1	65.8	68.8	74	79.3	80.9	80.5	83	88.5	92.3	90.5	90.7	94.4	96.8	95.6	94.5	96.7	101.1	105.4	104.1	102.5	101.3	100.1	100.1	99.7	100.9	100.6	96.5	95.2	94.1	92.9	90.7	86.7	85.9	88.8	88.4	87.8	89.1	89.8	90.4	89.7	87.8	90.2	95.1	100.6	104.4	108.6	105.1	96.8	92.8	94.6	95.1	99	103.7	100.6	97.1	95	92.3	93.2	93.3	94.8	94.7	93.1	94.2	96.2	96.2	94.8	91.3	89.8	93.8	94.3	91.2	88.8	90.1	90.6	89.8	87.8	87	86.1	86.2	86.7	90.5	93.7	97.6	98	94.2	92.1	89.7	88.1	87.7	85.6	83.5	83.2	83.3	81.8	80	79.5	77.7	77.5	76.5	74.2	74.7	75.1	74.1	73.6	76	90.9	98.4	96.2	94.2	86.4	80.4	80.1	88.1	84.6	79.1	83.1	88.2	86.5	85.2	95.3	94.9	90.3	92.8	93	94	94.5	88.8	86.3	90.9	91	91.9	89.4	91.2	95.8	95.8	94.8	97.4	97	92.7	87.4	94	101.8	116.4	136	136.2	128.8
204	204	204	204	204	198.8	190.4	181.2	175.6	167.6	157.2	150	147.2	145.6	144	134.8	132.8	132.4	127.2	119.6	112.4	109.8	107.4	108.2	107.3	107	106.8	104.8	104.4	104	104.8	98.9	87.9	84.2	84.1	83.7	82.2	81.6	78.1	77.5	77.6	77.3	75.3	63.5	49	47.9	53.2	60.1	62.9	65.7	68.2	74.3	80.3	83.2	83.8	86.5	90.8	94.3	90.8	90.6	94.3	95.3	95.5	94.9	94.9	98.6	102	99.8	97.9	97	95.3	94.5	94.9	96.9	95.3	90.6	90.2	90.4	89.3	88.2	84.5	83.5	87	87.3	85.4	86	87.4	86.8	84.3	83.9	86.2	89.6	95.4	99.5	103.8	99.7	92.9	89.7	90.6	91.4	91.9	94.9	94.9	92.6	90.9	88.5	89.4	89.9	91	90.9	89.9	91.1	93.5	92.5	90.9	90.9	89.6	91.8	93.8	89.9	88.3	89.6	89.2	88.5	86.6	85.9	83.6	83.5	85.1	88.2	91.3	96.1	97.9	96.4	94.7	92.3	89.3	88	86.7	86.3	84.3	81.9	81.4	80	78.4	78.2	77.5	76.2	74.4	75.1	74.3	73.3	74.1	76.1	90.6	98.5	96.1	92.4	90.9	91.3	88.6	88.2	84.4	78.9	85.5	90.5	87.3	85.7	92.7	93.1	87.6	88.5	89.7	93.3	95.4	93.3	87.7	92	90.6	90.2	90.8	93.4	99	96.7	94.7	99.6	99.3	95.2	90.6	95.6	103.8	122.8	139.6	135.2	128.1
202	204	204	204	204	204	196.4	187.2	177.2	166.8	160	156.4	152.4	148	144	139.6	135.6	133.2	131.2	125.2	115.2	110.2	110.4	109.6	107.6	107.2	107.2	105.2	104.4	104	104	96.5	87.5	84.2	80.8	84.4	88	88.9	77.4	75	77	77.3	75.8	59.4	49.9	47.8	49.7	57.9	62.9	64.8	65.8	69.7	77.5	82.8	83.7	86.3	89.3	91.5	91.4	92.2	92.9	93.8	93.8	94	96.1	95.8	95.1	92.1	89.2	89.5	88.1	89.6	91.7	90.5	88.3	84.9	85.9	84.6	82.5	82.1	82.3	82.5	84.5	84.4	83.6	85.5	87.7	86.1	82	81.9	84.7	90.5	96.8	97.3	100.7	97.5	93.7	91.8	91.8	90	86.6	88.2	89.8	90.3	89.2	89.3	89.6	89.9	89.5	89	87	88.3	91.3	91.7	89.8	86.9	88	90.7	90	89.4	89.7	87.5	86.3	87.7	88.1	85.9	82.1	82.3	82.5	83.7	87.2	90.6	95.1	95.7	95.3	94.4	89.7	87.4	87.6	86.7	83.5	82.3	81.4	78.9	77.7	77.3	77.8	74.5	73.8	73.8	73.1	72.8	73.4	77.9	91.2	96.1	93.1	85	88.6	95.4	90.8	86.9	85.7	84.5	87.8	91.8	89.8	85.2	83.4	86.5	89.4	93.6	91.5	91.2	92.4	93.3	89.9	88	89.2	90	92	94.2	96.2	91.8	89.7	96	97.4	94.1	93.7	97.2	111	135	150.2	148	131.2
202.6	204	204	204	204	204	204	194.8	183.2	172	164.4	159.2	155.6	150.8	146.8	142	136.8	133.6	134.4	130.4	122	113.2	110.8	109.6	108.4	106.8	106.8	106.8	105.2	104	97.9	90.1	88.1	85.9	89.4	87.9	85.9	89.1	78.4	76.3	77.7	76.5	74.7	62.3	51.1	47.9	48.6	52.8	60.8	63.6	65.9	68.7	74	82.8	86.7	87.1	89	88.3	89.5	90.3	91	91.8	91.3	91.9	92.2	91.9	89.7	86.3	84.8	84.4	84.3	85.6	87.9	86.2	84.9	83.7	82	81.8	80	77.8	78.7	79.1	79.4	81	83	82.7	82.6	83	80.2	78	79.9	84.3	89.5	91.9	92.6	93.7	90.7	88.4	86.8	85.5	84.9	84.7	85.5	87.5	86.9	86.2	86.5	86.9	85.6	85.7	85.4	84	84.2	85.6	86.2	85.8	84.1	86.7	88	87.2	86.8	84.7	83.7	83.7	84.8	85.3	83.3	82.4	83.4	82.7	85.5	89.2	93.2	94.6	95.6	94.7	93	90.6	89.7	88.7	86.3	83.3	80.6	79.3	78.1	77.2	76.7	75.2	74.1	73.7	74.4	74.1	74.1	78.1	92.6	97	94.3	88.2	94.6	99.2	95.8	91.2	89.7	89.4	88.2	91.6	90.8	85.8	86	89.4	93.2	97.7	96	89.8	88.8	91.1	87.2	85.9	89.8	90.7	93.2	94	95.4	93.4	90.6	92.9	94.1	92.7	92.7	96.7	106.8	123.5	144.4	153.4	144
204	204	204	204	204	204	201.4	191	179	173.6	170	164.4	156	151.2	146.8	140	135.2	135.2	136.4	132.4	122	113.2	109.8	108.1	107.6	106.8	107.2	106	105.2	104.4	97.1	89.4	87.8	88.4	97	93.4	85.3	88.9	86.2	88	88.3	82.4	75.4	64.9	52.4	48.4	48.6	55.5	62.9	66.1	67.7	71.1	73.8	81.2	86.5	88.4	88.8	88.7	88.4	90.7	92.8	91.7	89.2	90.5	89	85.3	83.2	82.1	81.3	80.6	81.1	81.8	82.4	81.3	79.9	81.2	81.8	80.1	78.5	76.7	76.4	76.9	77.5	82.8	84.2	81.8	79	77.6	77.9	80.1	82.4	84.8	88.4	89	90.6	88.7	87.1	88.4	87.4	83.9	82.1	84.3	86.5	85.7	83.9	81.4	81.3	83.2	81.8	82.2	84.3	84	82.7	84.4	83.2	83.5	81	82.6	83.8	85.8	84.8	82.6	79.5	81.2	83.4	80.6	82.5	84	83.6	84.5	85.1	86.9	88.5	89.8	91.6	92.3	91.6	90.9	90.5	87.2	83.5	82.6	81.1	80.6	79.5	78.2	75.5	73.2	72.8	74.1	74.9	73.8	72.5	80	96.2	99.2	98.3	95.8	96.3	99.4	100.2	96	90.6	89	85	86	89.4	91	92.3	93.2	94.8	95.9	95.3	93	89.2	88.2	84.2	84.3	93.2	91.2	91.1	95.4	96	96.7	96.8	94.4	92.6	97.8	104.8	112.1	132.2	158.4	166.5	170	157.6
204	204	204	204	204	203.1	201.3	189.8	178.2	174.8	172	164.8	156	150	146.8	142.4	138.8	139.4	137.6	132.4	123.2	114	110.9	111	108.4	107.2	106.8	106	104.9	104.4	100.5	93.1	91.4	100.9	104.2	95.1	86.4	88.8	88.9	89.6	91.8	84.6	76.2	71.1	56.6	49.1	48.7	54.3	63.8	66.8	68.3	71.7	73.7	79.3	85.2	86.9	88.6	89	88.9	90.2	91.8	90.5	88.8	91.3	91	86.9	84.5	83.3	80.7	79.8	80.3	81.1	80.5	78.6	77.1	80.7	81.6	79	78.9	78.2	77.6	77.3	78.4	84.4	85.4	81.8	77.5	76.5	78.4	80.3	83.3	86	88.7	91	90.8	87.5	87.1	88.3	88.4	85	81.1	82.7	83.8	83.9	81.7	78.9	78.2	80.1	79.2	79	80.9	80.8	80.3	81.5	80.9	80.4	77.5	78.5	79.9	80.7	79	77.9	75.9	78.3	80.2	79.8	81.8	81.7	82.5	83.9	84.9	85.3	86.5	88	90.4	93	93.6	91.7	91.2	87.7	83.5	82.5	82.5	81.2	80.1	78.7	75.6	73.7	73.6	74	74.4	73	71.6	81.1	94.3	96.5	100.3	106	102.8	101.8	102.4	96.5	91	87.1	84	82.3	86.3	89.4	90.7	91.9	94.4	93.6	93.2	90.9	88.7	88.6	85	86.3	92.8	89.7	87.7	93.2	93.8	96.6	100.4	98.8	94.4	98	106.6	118.4	139	165.6	175.1	177.6	165.8
204	204	204	204	204	204	201.2	193.6	185.2	175.6	170.8	164.1	156.1	151	151.6	149.6	142.8	142	139.6	133.2	126.5	117.2	112.8	111.6	110	107.6	106.8	106.8	105.2	100.8	99.3	91.8	93.8	101.7	99.2	93.4	87.1	89.5	92	91.8	89.4	88.3	83.7	75.8	56.6	49.9	48.3	51.9	60.5	65.7	68.3	70.7	73.7	76.7	83	86.3	86.8	87	88.6	88.9	89.4	89.2	88.5	90.5	91	86	82.9	80.8	76.1	75.5	78	81.1	76.8	74.6	76.1	78.7	78.1	78.8	79.7	77.9	77.1	79.4	82.9	86.1	81.2	80.2	76.9	75.3	76.7	80.9	84.8	87.3	86.7	88.7	89.3	87.3	86.6	89.1	89.6	87	81.2	83.2	85.5	86	82.8	77.6	78.8	80.2	79.2	79.4	79.7	80.7	79.8	80.1	79.6	77.6	75.4	73.1	72.2	73.8	73.3	70.7	70.8	72.4	73.6	77.7	79.3	79.5	82.6	85.5	87.8	88.2	88.1	88.5	91.1	91.3	94.2	93.2	90.1	87.6	84.6	83.3	82.5	82.4	81.4	79.4	76.2	75	75.1	74.1	73.1	72.9	74.2	85.4	92.7	92.8	96.8	101.9	100.3	98.8	95.2	88.6	85.9	90.3	91.7	88.6	86.5	87.6	87.4	86	85.3	88.3	92	92.4	90.9	92.2	90.8	88.8	88.2	88.3	86	89.8	93.1	94.3	104.6	110.4	106.8	106.6	119.6	145.4	164	176.2	190.5	193	189
204	204	201.6	204	204	203.8	200.8	197.2	188.4	176.8	171.2	168.8	161.2	154	152.8	149.6	142.8	141.2	139.6	133.6	127.2	119.2	114	112.4	110.4	108.4	107.6	106.4	101.4	101.9	100.6	95.9	103.8	104.4	99	96.4	89.7	88.8	91.8	87.7	89.8	89	80.3	76.6	59.6	49.8	47.8	50.6	58.2	64.7	67.6	70.6	74.7	78.1	83.4	86.1	86	87.2	88.8	88.8	88.6	88.2	89.2	92.1	93.2	90.5	87.6	84.2	80.6	78.2	78.1	79.2	76.8	73.4	76	78.2	77.2	78.5	79.9	77.9	77.2	81	84.2	85.4	82.8	81	78.2	76.4	78.8	82.9	85.5	85.9	87.3	90.1	90.3	88.2	88.4	90.2	92.4	89.1	83.6	84.6	86.5	86.2	82.9	79.8	81	80.9	79.7	79	79.6	78.5	78.4	79.4	78.4	74.9	72.1	69.9	68.5	70.4	70.1	67.5	67	70	71.6	75.4	76.4	77	79.3	82.4	85.3	87.1	87.1	88	90.3	91.8	95	95.7	90.4	87.6	84.7	82.1	81	81.6	79.4	77.8	76.6	74.4	75.3	74.5	72.6	72.6	74.3	85.6	95.4	96.9	99.4	102.5	103.5	95.8	92.2	86.3	88.1	94.1	96	93.8	90	89	88.6	85.4	85.8	87.6	90.8	93.2	94.2	94.6	93.6	91.2	90.1	90.1	92.4	94.4	96.7	96.4	104.9	114.2	111	110	122.4	155	172	176.6	193.4	194.8	193.8
204	204	200.6	204	204	203.7	204	202.4	194.4	185.2	182	176.8	168.4	161.6	154.8	148.8	142.8	140.4	142.8	137.6	130.4	121.2	117.2	113.2	111.2	109.6	107.6	102.4	101.8	104.8	101.6	100.5	101.2	102.4	102.2	99.2	90.6	89	89.7	84	86.1	91.2	84.8	76.4	60.1	47.8	45.6	47.4	51.9	59.8	65.8	69.1	73.1	78.9	84.1	86.7	87.4	87.8	87.3	87.2	87.3	86.3	87.9	89.9	90.1	88.5	87.4	82.3	81.3	80.2	80	78.4	74.3	72.9	76.2	75.9	74.8	74.1	76.2	76	73.4	75.6	79.6	80.2	76	74.1	71.8	70.2	74.8	78.9	79.5	81.5	82.8	86	87	87.4	85.8	87.6	90	88.5	85.9	87.6	87.3	85.4	81.4	79.9	79.9	79.1	78.5	78.8	75.5	73.7	73.5	74.8	72.4	70.1	68	64.4	63.9	63.3	64.1	64.4	65	65.6	69.1	72.6	73.4	75	77.7	82.8	88.3	90.3	90	88.6	89.4	90.3	93.8	94.1	89.9	86.9	83.4	80.8	78.8	78.3	80.2	77.8	75.9	74.9	75.2	73.9	71.7	71.8	70.5	77.7	85.1	88.3	89.9	94.7	93.5	91.1	87.1	86.2	90.8	90.6	93	93.6	93	91.7	95.5	98.2	100.2	96.2	92.4	91.2	94	100.4	103.8	107.6	104.4	101.7	106.1	113.9	123.2	128	138.6	135.3	114.4	116.9	147.4	184.4	188.4	185.7	192.3	200.8	199.2
204	204	201.4	204	204	204	202.8	203.6	199.2	190.4	184.3	177.9	170.4	163.2	156.8	150.8	145.2	144	143.8	139.2	131.2	122	118.4	113.2	111.6	110	108	104.4	104.6	104.8	104.8	104	101	104.4	103.6	97.7	92	93.5	91.1	83	85.4	90.3	87.9	77.7	64.2	49.7	46.5	47.7	51.5	57.4	64.7	69.8	72.7	79.8	83.4	86.2	86.2	85.9	85.8	85	87	86	87.2	90.1	90.6	88.9	86.7	84.2	84.1	84.7	84.6	82.6	77.8	75.3	76.7	75.3	72.9	72.2	73.2	74	70.2	69	74.2	75.6	72.3	70.2	67.8	67.2	74.7	78.4	79.1	83.4	86	87.6	87.8	87.3	85.5	85.9	87	85.9	85.7	87.5	87.7	83.9	77.9	77.3	77.8	77.6	76.9	75.8	72.6	71.3	69.9	69.8	68.5	68	67.9	65	63.5	63.9	64.9	68.2	70.5	70.8	72.3	73.6	74.9	76.3	76.9	81.4	87.4	90.8	91.1	89.9	90.3	90.9	94.8	94.4	90.4	86.4	82.9	79.9	77.7	78	80.2	78.6	76.1	76.1	75.9	73.8	72.4	70.8	68.6	76.6	82.1	87.5	90.7	92.1	92.3	90.4	87.2	86.8	91.5	91	91.4	94.4	91.7	91.3	96	98.3	101.8	100.2	94.2	91.2	93.8	100.2	105.8	109.6	108.6	106.4	117.8	130	137.8	148.2	158.7	146.6	118.4	128.2	160	190	188.8	185.5	190.1	200.6	198.6
202.8	203	199	199.8	204	204	203	204	204	202	193	185.2	178.8	172.8	161.6	155	152.4	147.2	142.8	139.2	134.2	130.8	122.8	113.4	110.8	108.4	108.4	106.8	105.6	105.2	105.2	104.4	104.4	104	100	95.9	95.3	97.5	97.2	91.9	90.2	90.1	89.4	81	64.4	49.5	47	45.7	48.3	54.5	61.2	65.3	69.6	79	82.5	85.2	87.7	87.3	85.9	85.4	84.5	84.4	85.3	88.4	88.7	87.7	86.4	85.4	85.6	84.8	85.2	82.7	79.3	76.6	76.6	76.4	76.1	73.3	71.9	73.7	69.4	66.2	67.9	68.5	67.7	65.5	63	65.8	73.4	80.3	81.4	82.1	85.6	87.7	86.7	82.1	79	83.5	83	81.7	80.2	79.3	76.3	67.8	58.2	56.5	59.6	62.3	66.3	65.3	64.5	66.3	64.9	61.2	60.1	61.5	62.4	62.4	60.2	58.9	61.3	63.9	66.1	68.1	69.3	70.7	74.9	76.9	77.6	81.6	88.7	93.8	96.1	95.1	92.7	92.2	94.8	95.5	91.8	87.1	83.4	79.9	77.8	77.3	78.2	77	76.4	76.9	76.1	74	74.3	72.6	80.2	94.6	93.3	92.3	91.6	89.9	92.6	93.8	93.8	89.2	88.2	92.1	90	95.2	96.3	88.6	89.1	91.8	95.2	102	99	97	95.6	98.6	106	117.2	124.8	130.6	158.2	183.6	187	192.2	190.8	184.1	168.2	181.9	188.4	191.3	190.8	186.4	186.8	189.5	192.8
199.8	202.2	200.8	201.6	204	204	204	204	204	203.2	192.8	187.6	180.4	174	162.4	157	153.8	146	142.4	141.6	138.4	132.4	122.6	111.4	109.6	110.4	108.4	107.2	106	105.2	105.6	104.8	103.6	104	98	99.2	104	103.2	103.3	94.4	90.7	89.9	88.3	82.1	67.9	50.9	47.3	46.2	48.9	54.3	60.6	65.1	69.4	76.7	82.1	84.5	87.3	87.2	86.1	86.4	85.6	85.1	86.9	89.6	89.5	88.2	87.6	87.1	86.4	87.2	86.3	83.7	81.8	78.7	79.5	79.8	80	78	75.8	74.9	71.1	71.1	72	68.4	66.4	63	59.8	65.7	70.5	75.5	74.8	72.9	74.4	75.3	75.7	72.4	72.5	77.9	78.1	76.2	73.2	70.7	65.6	56.9	51.2	49.5	50.5	53.8	57.1	61.2	62.6	63.7	63.9	62	61.5	64	66.4	66.3	64.4	63.5	65.8	67.4	68.4	70.4	72	74.6	78.6	80.1	80.7	86.6	92.3	95.5	97.5	97.1	95.4	94.3	94.6	94.1	90	85.3	82.8	80	78.2	77.9	79.4	77.6	76.4	76.3	76	75.4	75.4	73.1	83.4	97	96.6	101.2	94.5	90.1	93.1	93.5	93.5	90.9	88.9	91.7	89	93.6	98.4	90	88.2	89.6	90.8	100.4	102.2	103.2	103	106.8	115.8	131.8	140	149.4	176.6	197.2	193.6	191.6	190.2	189.6	183.8	190.5	189.5	192.4	191.6	187.4	187.6	189	192
203.4	204	204	204	204	204	204	204	204	204	193.6	191.6	185.6	179.2	170	161.6	156.8	148.4	141.2	141.2	140	134.5	130	122.4	113.6	111.2	109.6	108	106.6	101.6	105.3	105.6	105.2	104.4	103	101.4	104.4	104.4	103.2	97	91.7	85.1	86.6	88.5	70.9	51.7	46.3	46.2	47.1	51.1	57.5	64.5	70.2	73.9	81.2	85.3	87.9	87.9	85.5	85.3	86	85.4	84.8	87.3	88.4	85.7	84.4	86.4	88.4	89.5	87.9	82.8	80.6	81.4	83.4	83.2	82.9	83	81	78.3	77.1	77	73.7	70.5	69.1	67.2	69.2	71.1	74.7	75.1	70.7	63.9	60.5	57.3	56.4	55.7	58.5	65.9	66	61.6	56.4	51.5	50	50.2	49.4	48.9	47	46.6	47.4	48.1	48.9	50.8	52.9	53.8	55	56.7	57.6	57.4	55.6	55.6	56.7	57.1	58	59.2	63.1	68	74	79.6	84	89.2	95.1	98.8	100.9	102.3	99.3	97.3	96	92.3	88.7	85.4	82.1	79.1	78.5	78.3	79.6	78.4	75.4	73.9	75.6	75.1	73.8	73.3	83.2	92.4	88.2	92.5	93.3	91.9	95.5	97	95.8	96.7	92.9	90.2	85.8	86.3	90	90.8	92.2	101.1	111.9	120.6	129.2	137.8	161	171.6	175	189	199.2	197.8	197.4	195.3	193.9	194.8	191.8	192.4	194.4	195.6	194.6	193.6	193	193.4	193.8	193.2	193.8
204	204	204	204	204	204	204	204	204	204	193	192	186	179.6	170.8	164.4	158.4	150.4	141.6	138.9	139.4	136	132.4	126	116	111.6	109.6	107.6	107.2	105.1	104	105.6	104.8	103.2	102.8	102.4	104	104.8	104	100.2	92.1	87.8	85.7	86.7	83.6	67	50.1	47.6	47.1	50.9	57.3	62	68.5	74.1	80	85.4	87.3	88	85.1	84.8	85.9	84.8	84.1	87.8	88.5	87.2	87.6	88.4	91.5	92.5	90.9	85.8	83	82.8	83.2	82.3	83.5	83.6	81.8	79.1	77.7	78.3	79	76.7	74.5	73.5	75.6	76.1	77.7	75.6	71.6	68.5	63.6	62	59.6	58.9	60.7	65	65.8	62.5	59.4	57.2	56	55.2	56.4	55.4	54.2	51	49.8	51.5	50.6	50.9	52.7	53.1	52.8	53.8	54.5	54.9	56.2	57.2	59.2	59.2	59.4	59	61.9	67.7	73.7	79.4	84.1	88.7	94.9	99.8	102.3	103.4	101.8	99	95.5	90.8	86.7	83.6	81.2	77.7	76.7	77.5	79.1	77.1	75	73.6	74.3	73.7	73	72.8	78.3	85.7	87.4	85.3	87.1	94.8	97.1	97.5	95.2	96	94.9	92.3	89.4	88	90	93.6	98.4	112.2	128.6	138.7	149.8	154.6	179.2	193	195.4	191.8	194.1	198.5	196.5	194.3	190.4	190.8	194.8	193.8	193.8	195	196	193.8	192	192.4	193.2	192.7	192.2
204	204	204	204	204	204	204	204	204	204	202	204	194.9	182.8	177.2	173.6	165.6	155.6	144.8	140.4	142.8	142.8	138.4	133.6	124.4	114	110	108	107.6	107.2	106.8	105.6	104.4	102.2	100	99.6	103.2	104.4	104.4	102.8	91.6	84.2	86.6	84.7	78.8	61.3	45.8	45.6	45.1	46.6	54.4	61.8	67.7	71.9	78.2	84.8	88.3	88.9	86.9	86.4	85.5	84.3	83.7	84.6	85.6	85.8	89.8	92.4	95.1	97.2	96.7	89.1	84.7	84.4	84.3	84	84.6	83.1	80	77.6	75.1	74.9	75.7	76.6	76.1	73.7	71.9	68.5	64	63.8	61.6	60	60.2	60.6	60.4	60.9	61.5	61.1	61.5	61	61.4	61.9	62.7	64	62.5	60	59.4	59.3	57.8	59.1	57.9	57	57.1	55.7	54.1	53.9	54.9	57.1	60.9	63.8	67.9	72.2	74.1	73	70.6	68.2	72.1	78.8	85.1	92.2	97.1	101.4	105.5	106.1	103	100.8	95.4	90.9	86.8	83.6	80.3	76.9	76.5	78.1	78.1	76.3	74.9	74.1	75.7	76.4	74.1	83.5	98	99.4	98.1	95.6	94.3	93.8	95.8	96.3	92.4	93.8	96.6	95	94.1	101.3	122.3	145.9	167.1	182.6	188.2	193.8	193.4	194.6	197.4	198.4	200.9	200.4	192.8	191.8	190.6	189.5	189	190.9	194	194.6	194.6	193.8	194.4	194.6	189.4	188	193	193.7	190.6
202.6	204	204	204	204	204	204	204	204	202.6	202.1	203.4	199.6	185.1	178.8	174	166	156.8	148	141.6	143.5	143.5	139.2	133.6	125.6	116	111.2	108.4	105.8	107.2	106.6	105.6	103.6	101.8	102	101.4	103.2	104.4	103.8	102.2	94.4	87.6	87.7	83.6	81.7	67	49.3	45.8	44.9	46.7	52.5	59.9	66.4	71.6	77.8	84.3	87	87.8	87.2	87.1	87.4	85	83.9	84.4	85.5	85.9	89.7	93.8	97	99.1	98.3	90.5	85.7	85.1	85.9	85.7	84.9	83.1	78.6	74.6	73.6	73.1	73.1	73.3	71.7	69.4	67.2	64.2	61.4	63.2	61.6	60.6	61.4	64.4	66.3	67.1	67.2	67.1	67.9	68.9	69	69.3	69.3	71.6	69.2	68.1	67.3	65.5	62.6	64.1	62	60.4	58.8	57.5	56.9	56.8	59.8	62.6	67	69.6	72	75.3	76.5	76.5	74.8	71.1	72.4	77.9	85.5	91.2	96.4	100.5	105.2	107.8	103.8	99.4	94.6	90.5	87.3	82.7	79.8	76.1	75.3	76.8	76.9	76.5	74.4	74.3	76.2	75.9	75	85.6	102.3	105.8	109.2	100.8	94.3	91.8	94.6	93.9	92.5	93	93.9	94.9	96.8	110.1	145	170.5	186.5	191.8	192	191.4	192.7	195.8	197.8	194.5	198.8	202	195	190.8	190	188.6	190	193	193.4	192.8	193.4	194.4	193	193.2	190.2	188.3	192.6	194.1	192.4
202.8	204	204	204	204	204	204	204	204	204	203.5	204	204	194.4	184.4	177.6	172.8	167.2	161.6	154.2	151.5	149.9	146	138.4	130.4	122.8	111.8	104	106.6	107	106.7	105.6	100.8	103.2	102.8	102.8	104	103.6	99.8	102.1	96.4	90.8	84	86.1	87.6	74.6	52.7	44.9	42.5	44.1	51.4	59.1	64.3	68.6	74.2	80.6	85.2	87.9	89.1	90.1	88.7	86.6	84.5	84.7	84.9	86.1	91	96.8	100.7	103.5	102.9	94.7	88.8	88.2	88.6	90.2	87	81.2	71.9	66.1	63.8	61.2	57.5	53.7	51.6	52.3	49.4	48.3	55.8	59	58.8	60.6	61.2	64	68	70.1	72.1	71.9	72.9	73.7	75	79.4	78.3	77.3	75.6	74.7	73.1	70.5	67.9	66.4	65.7	62.3	62.5	63.3	65.2	69.6	73.6	75.4	77.7	79.8	81	81.2	79.8	81	83.7	83.1	79.3	78.9	83.3	89.1	95.7	102.9	106.3	107.7	105.2	100	95.9	92.3	88.1	84.1	80.8	78.3	77.3	76.1	76.7	76.7	77.3	79.6	79	78.4	80	92	99.8	99.9	100.9	94.6	88.1	93.5	94.5	92.9	96	101.1	105.8	107.4	122.2	167.2	196.4	193	188.9	189	190.6	189.2	188.4	191.4	192.2	188	187.2	193.2	193.6	192.2	195.2	194.2	193.6	197	194.8	191.8	189	187.8	188.6	188.4	188.6	189.8	190.6	190.6	194.6
203.2	204	204	204	204	204	204	204	204	204	204	204	204	198.4	187.2	179.6	176	171.6	165.6	158.4	154.4	152.4	147.6	140.4	131.6	125.6	112	105.6	109.2	106.7	107.2	104.4	98.3	101.2	103.2	104	104	101.6	99.4	102.8	99.1	93.8	86.1	86.3	86.3	78.5	60.9	46	43.1	43.4	48.6	56.8	62.8	67.4	72.4	77.2	83.8	87.4	87.6	89.1	89.3	88.6	87.4	87.5	87.9	88.8	91.8	96.4	102.5	104.6	102.4	96.1	89.7	89.3	91.6	92.2	87.8	80.1	70.2	64.7	62	58.6	54	50.7	48.2	50.3	46.7	46.5	52.9	54.4	55.4	57.9	59.5	62.3	63.6	66.9	70.5	71.6	71.6	71	72.3	76.5	74.8	74.9	74.9	71.9	70.4	68.9	67.9	65.6	63.8	63.6	65.8	68	70.1	73.4	76.2	77.8	79.5	81.2	82.4	81.4	81.1	82.3	84.2	85.1	82	80.8	84.1	88.6	95.4	102.3	106	107.2	105.3	99.3	94.8	91.2	87.5	83	79.8	78.2	76.7	75.9	75.9	75.9	76.9	78.8	79.1	78	80.1	91.1	94.4	92.3	94.7	92.5	90	94.2	95.6	94.1	98.1	107.7	113.4	119.3	143.3	183.8	194.8	192.4	187.8	188.8	189.4	189	187.6	188.8	190.6	189.8	187.8	192.2	193.4	192.2	195.8	195.8	195.2	196.2	195.6	193.4	189.8	187.2	188.4	188.4	188.4	190.4	192.4	190.4	193.8
203	204	204	204	204	204	204	204	204	204	204	204	204	202.2	192.8	178	177.2	177.2	172.8	167.2	160.4	156	152.4	148.4	144.4	134.2	123.4	117.2	111.2	109.6	106.5	102.9	103.8	104.4	104	104	104.4	100.8	101.8	100.4	96.6	91	83.8	86	85.9	83.6	68.7	49.1	42.8	42.1	45.9	53.7	61.6	66.7	69.8	76.5	82.3	86.4	86.6	87.1	87.3	88.8	88.7	86.9	87.4	90.2	92.7	97.3	104.4	109.1	107	100.5	93.6	94.6	94.4	91.1	85.4	76.6	68.8	67.7	65.9	62	57.4	54.5	55.2	54.2	51.5	51.4	53.8	56.7	58.6	62.6	66.7	67.7	71.2	73.1	74.6	76.3	74.8	73.3	73	76.8	77.1	76.8	77.5	76.3	74.8	72.8	72.2	74.9	75.3	77.4	80.8	79.9	81.3	80.7	81.3	82.2	82	85.8	85.4	82.6	82.6	82.8	84.8	86.7	88	88	87.8	89.3	94.3	100.9	105.2	105.3	102.2	99.9	96.2	91.3	86.4	81.1	77.4	75.8	74	75.4	74.2	74	76.6	78.5	78.1	78.5	89.2	92.7	86.9	86.5	85.5	91.9	92.3	96.8	105.2	107.2	119.4	150.1	167.8	188.1	197.1	193	193.4	193.8	193	192.2	190.6	188	189.8	190.8	190.4	192.8	190.6	188.4	189.8	188.6	190.6	191.6	192.2	191.4	191.8	195.2	195.3	193.4	192.4	193.4	193	192.4	194.2	191.6	189.4
203.6	204	204	204	204	204	204	204	204	204	204	204	204	201.8	194	180.4	178.8	179.2	174.8	169.6	164	159.6	154	150	148	136.4	128	119.6	112.4	109.3	107.1	107.2	106	104.4	104.4	104.8	104.6	100	98.7	96.2	88.7	84.3	84	86.2	87.5	83.5	73.8	54.5	44	42.7	45.2	53.3	60.7	65	68.8	76.2	82.6	85.2	86.9	85.9	87.3	89.4	88.8	88.3	87.9	89.9	94.5	98	104.8	109.5	108	100.3	93.7	94.9	94.5	91.8	84.9	76.2	71.1	71.3	70.2	66.2	61.9	58.4	57.5	54.8	52.5	53	54.4	56.7	59	62.7	66.4	67.9	69.8	72.2	73.6	75.4	74.9	73.1	72.2	76.2	77.5	77.3	77.9	76.7	75.5	75.4	75.5	78.6	80.3	81.4	83.2	82.2	82.7	83.9	84.5	84.4	83.6	86.3	85.5	82.6	82.8	83.7	84.8	87.3	90.3	90.6	88.8	90.1	94.2	99	102.5	103.9	102.4	99	93.4	89.8	85.5	79.8	77.6	75.8	73.9	74.9	74.5	74.3	76.7	77.9	78.5	80.1	89.9	92.3	93.8	90.1	85.6	93.1	93.3	99.2	108.6	113	133.3	169.8	188.3	198.1	198.2	194.5	193.6	194.4	194.2	193.9	192	189.4	190.4	191.4	190	191.6	190.4	187.3	186.7	189	189	190	191.4	191.4	191.6	194.6	196	193.2	191.4	191.4	191.4	190.8	192.4	190.6	188.5
204	204	204	204	204	204	204	204	204	204	204	204	204	204	204	197.2	193.2	192	188.4	180.3	174.4	169.6	166	162	156	147.6	140.2	131.2	119	111.2	110.4	108.4	106	105.6	105	105.3	104.3	102.4	102	95.6	88	85.4	87.8	89.9	87.7	85.3	78.1	73	56.1	45.1	45.3	50.7	57.5	63.2	67.7	72.9	79.7	83.4	84.9	87.5	90.1	90.3	89	89	88.5	91.5	95.8	97.7	103.1	108	110.8	107.3	100.5	98.1	95.9	92.6	89.4	82.8	78.2	76.8	75.4	73.6	72.5	70.3	66.5	63.7	61	60.8	60.9	61.1	64.3	66.5	67.6	67.8	70.3	73	72.5	74	75.3	74.8	73.8	74.9	76.3	77.5	78	78.2	78.6	78.9	81.3	83.3	87.2	88.1	89	87.5	86.4	88	89.6	87.7	85.7	86.1	85.2	83.6	85.5	86.1	84.6	85.5	89.3	89.8	90.5	93.5	96.2	97.7	99.8	101	100.7	96.3	92.6	88.1	84.2	78.8	75.9	75.4	75.3	75.3	77.1	75.7	76.6	79	80.4	85.9	90.9	94.1	97.8	94.5	96.5	103.2	109.5	111	110.4	117.6	155	190.8	194.2	196.4	194.8	190.5	191.8	192.2	191.4	193	192.8	191	194.5	198.8	195.8	193	193.8	193.2	191.6	191.6	192	193.6	196.2	198.6	197.4	194.2	193.2	192.2	189.8	188	187.4	187.2	186.4	186.8	188.4
204	204	204	203.3	203.4	204	204	204	204	204	204	204	204	204	204	204	197.6	191.4	193	183.6	174.6	169.8	169.6	166	159.2	150.4	144.8	136	122.6	113.2	110.8	108.4	106.2	103.2	105.6	105.6	106	104.8	104.5	100.3	94.4	91.4	89.4	88.9	88.1	87.8	79.6	73.2	54.8	44.5	45.3	50.7	57.4	63.2	67.7	72.5	78.5	82	85.2	87.9	89.3	90.8	90.2	88.3	88.8	92.3	96.8	99.6	103.7	107.9	111.2	109.7	103.2	99.1	96.2	94.2	90.5	85.1	81.3	79.4	76.2	74.8	74.2	72	69.1	65.9	64.4	65.7	65.4	65.3	69	69	70.3	71.9	73.1	73.8	73.3	73.4	75.1	73.8	73.4	74.1	75.6	76	76.5	78.8	79.9	81.4	83.4	86.1	88.7	89.8	89.9	88.9	89.2	90	90.6	89.2	86.9	87.3	86.9	85	86.2	87.3	86.6	86.4	89	88.9	90.2	94.3	96.1	98.5	98.9	99.6	98.8	94	90.2	86.8	81.7	78.3	75.7	74.4	75.6	75.9	77.7	76.6	77	81	81.5	90.1	98.1	103.2	104.9	98.3	105	110.6	114.6	115.8	115	123.2	159.4	190.6	193.8	196.2	197.4	193.5	191.2	191.8	190.8	192.2	192.8	192	195.5	199.6	197.2	194.8	195	194.4	192.8	194.2	193.8	191.5	197.1	200.4	196	193.4	194.8	193.8	190.8	190.2	190.6	189.4	188	188	187.4
204	204	204	204	204	202.8	200.8	204	203.7	204	204	204	204	204	204	202.9	203.1	204	203.3	198.4	189.2	183.2	178.8	176.4	170.8	160.4	149.6	141.6	130.4	121.2	114.4	112.8	113.6	111.6	110.4	110	108	107.2	107.2	104.7	98.4	96.5	92.3	89	90	88.9	85.6	77.1	64.9	46.8	44.1	46.7	55.4	62.5	66.4	68.8	74.5	80.8	85.9	89.1	90.2	91.5	92.3	89.3	89.4	91.2	95.8	99.4	104.1	107.5	111.7	112.3	109.1	102.5	97	96.9	95.9	90.1	84.8	81.6	79.9	77	75.8	75.8	73.9	73.8	74.2	74	74.5	77	79	78.9	79.2	79.5	77.9	75.7	75	74.8	74.2	73.1	75.4	78.3	79.9	82.6	83.3	83.9	86.3	88.6	90.3	92.2	92.6	92.5	91.8	95	95.9	93.2	92	90.6	88.5	88.2	88.5	87.2	86.9	86.3	86.4	84.7	85.5	86.9	89.2	91.7	94.4	97.2	97.4	98.2	96.7	92.6	89.8	86.5	81.2	78.7	76	74.1	75.1	76.4	77.3	77.5	79.3	81	88.3	98.2	99	107.7	114.8	116	122.4	120.3	117.2	124.2	130.2	129.9	158.8	194.4	194.4	197.4	201.3	199.9	196.9	194.4	190.5	189.1	187.3	186.2	189.2	192.8	197	198.4	197	194.3	192	191.4	192	187.9	188	192.4	193	191.3	193.1	194.4	192.4	194.1	195.6	194.9	192.2	190	188.6
204	204	204	204	204	200.2	199.4	204	204	204	204	204	204	204	204	204	204	204	204	201.2	194	187.2	181.6	180.4	174.8	163.2	152.8	141.2	131.6	125.6	117.2	114	114.4	116	113.2	112.8	110	108	107.6	100.8	94	90.8	86.2	89.4	91.8	90.2	87.8	79.4	73	53.3	43.9	46.2	54.1	61.6	65.4	68.4	74.2	80.8	85	88.6	89.3	90.7	92.1	90.6	89.5	91.9	96.2	99.5	103.9	108.6	111.9	112.5	109.3	103.7	99.1	98.7	96.2	89.1	84.4	81.6	80.1	78.8	76.8	76	74.9	76.7	77	78	78.4	79.7	82.7	83.2	83.3	83.4	81.6	79.9	79.2	78.8	78.2	78.8	81.8	84.8	87.3	89.7	88.4	87.5	88.6	89.4	90.6	92.5	92.7	92.4	93.2	96.1	97.1	94.1	92.5	91.7	88.5	87.9	88.3	86.6	86.5	86.8	87.3	85.6	84.3	85.6	88.1	90.5	93.8	95.9	96.2	96.1	95.5	91.9	89.3	85.9	80.6	77.2	74.1	73.5	75.1	76.9	76.8	77.5	79.8	81.2	89.1	99.6	104.5	112	117.5	120.1	125.2	120.5	114.6	123	131.8	131.8	157.6	192	196.2	196.4	198.9	198.3	196.7	194.8	191.8	190	187.6	185.5	189	191.4	194.2	196.4	196	193	192	189.8	189.8	189.2	188.4	190.6	192.8	191.8	193.8	193.6	191.6	193.8	195.7	195.8	193	190.4	189.8
204	204	204	204	204	203.4	203.2	204	204	204	204	204	204	204	204	204	200.8	204	204	204	204	202	196	193.6	184	171.6	163.2	156.8	148.8	142.8	139.2	134	137.2	135.8	132	129.6	118.4	114.4	110.8	101.7	95.7	92.9	89.3	91.3	93.8	91.6	91.6	88.9	77	62.1	48.1	45.3	50.9	60.9	65.3	69.4	74.6	78.7	84.1	88.2	90	89.9	92.6	92.6	91.8	91.9	95.7	100.3	105.2	109.5	112.2	113.6	112.8	107.4	105.3	103	97.7	92.8	86.1	82.2	81.8	82.8	81.8	80.8	78.3	78.8	80.5	81.5	84	85	86.2	87.8	90.2	90.2	90.4	90.4	90.9	92.2	91.5	90.4	90.8	92.3	93.8	96.4	97.8	96.3	97.2	96	94.8	94.8	96	97.7	101.2	102.7	101.5	98.7	95.7	93	92.1	90.6	89.8	88.6	87.7	87.5	87.9	86.1	86.4	86.3	88.8	91.8	93.4	94.2	93.5	94.4	93.8	92.5	90	85.7	82.1	77.7	75.1	74.1	74.4	74.8	75.7	75.6	75.5	82	96.4	104.8	110.7	117.9	125.1	128.5	124.7	122.1	118.7	122.1	124.4	125.8	135.2	146	148	150.4	156.8	160.8	164.2	167.3	167.6	169	166.6	173.3	195.6	196	188.8	188.6	193.8	195.1	193.4	192	191.4	194	191.4	191.4	195	194.6	196	193.6	189	190.6	191.6	189.8	189.8	189.4	189.8
204	204	204	204	204	204	204	204	204	204	204	204	204	204	204	201.8	200.6	204	204	204	204	204	198.4	194	184.2	176.4	170.4	161.2	153.6	150	146	144	144.8	140.4	138.2	133.6	124	118	112.2	105.7	107.1	105.4	104	97	96.4	93.5	90.9	90	78.7	68.9	56.7	47.4	49.6	60	66.4	69.6	74.2	77.9	81.7	87.2	89.3	88.6	91.2	91.7	91.5	92.2	94.4	99.6	105.5	109.3	112.4	113.3	112.7	107.5	105.7	103.1	98	93	86.3	82.2	80.9	82.8	84	82.7	81.9	82.9	82.7	85.4	87	88.3	88.6	88.1	89.8	90.1	90.3	91.1	91.8	92.8	92.7	91.6	92	92.4	93.5	95	98.2	99.1	98.9	98.4	98	97.4	97.9	100.9	104.5	103.3	100.5	99.6	96.8	93.4	92	90.3	89.3	89.5	88.3	87.3	85.4	85.7	87.2	86.7	88.9	91.3	92	91.3	91.1	93.1	93.3	91.5	88.9	85.2	82.4	77.7	75.1	74	74.3	74.2	75.8	75.9	76.1	82.3	95.3	110.8	120.7	121.4	126.8	130.8	126.5	126	122.6	120.6	121.6	119.7	126	128.4	126.4	127.6	131.8	138.4	145.2	146.6	147.7	147.3	145.1	150.2	171.6	184.8	187.4	190	191.1	196.4	193.4	192	191.8	194.2	191.8	191.6	196.4	195	194.8	193.8	190.8	190.8	191.1	189.4	190	189	189.2
204	204	204	204	204	204	204	204	204	204	204	204	204	204	204	201.2	204	204	204	204	204	204	201.8	199	196.8	198.4	192.8	185.6	181.2	175.6	171.6	162.4	161.2	161.6	155.8	151.2	147.2	133.6	119.4	112.8	110.4	108.4	103.5	101.8	99.9	96.3	93.8	92.2	83.8	74.1	69.1	54.5	48.9	56.8	65.8	70.8	73.8	77	82.5	86.2	88.1	89.2	88.8	88.8	90.6	92.8	92.9	96.1	101	106.7	110.2	110	110.3	110.6	107.2	104	100.6	95.6	90.4	86.3	84.1	82.8	84.3	86.8	89.6	90.4	90	91	94.4	97	97.3	95.6	94.9	96.8	98.4	101	102	102.8	103.5	103	98.9	97.8	99.8	101.1	102.8	105.1	106.7	105	105.9	104.6	107.5	108.5	107.6	104.5	101.4	102.2	98.6	95.6	93.3	92.8	90.4	89.1	88.5	85.4	84.6	85.9	86.1	87	89.4	89.6	89.1	90.2	91.2	93.2	93.5	92	89.1	87.1	83.3	78	75.4	74.6	74.3	74.5	78.6	81.3	81.2	85.2	99.3	111.1	116.6	125.9	131.3	133.9	130.2	127.5	125.4	125.2	124.6	120.2	117.1	118	119	125.2	128.4	129	126.6	128.4	129	122	111.9	113.7	120.7	124.4	129	140.6	152.2	159.8	170.1	183.6	192.8	193.4	192.8	191.4	193	193	190.2	189.4	192.8	192.8	190.4	190	193	191.4	186.8
204	204	204	204	204	204	204	204	204	204	204	204	204	203.6	204	202.6	204	204	204	204	204	204	201.4	201.6	204	201.6	194.4	189.2	185.2	179.6	172.6	163.6	167.4	166.8	160	154.4	151.2	138.8	121.8	116.3	111.6	108.8	104.2	100.7	98.1	96.2	93.8	92.1	86.2	75.5	71.9	64.2	54	56.4	66.3	71.5	73.8	76.2	81.7	85.8	87	89.3	88.2	88.1	89.9	91.1	92.2	94.5	98.8	104.6	108.4	108.2	108.9	110.8	108.4	103.1	100	95.2	90.2	86.1	83.5	83.3	84.9	86.9	91.1	93.3	93.4	92.6	96	98.9	99.4	98.8	98.6	100.3	102.2	104.3	106.2	108.4	109.3	109.3	106.2	104.5	104.7	104.1	104.7	108.5	110.2	109.1	107.3	107.5	109.7	109.6	107.9	105.5	103	101.3	98.8	96	93.9	92.2	90.3	90.3	89.7	85.7	84.4	85.6	86.6	87.6	87.8	86.9	85.9	88.1	90.5	91.1	91.9	91.5	89.1	87.1	82.8	77.5	75.2	74.2	74	74.8	79.4	82.3	82.2	86.3	106.7	121.1	120.6	129.8	132.4	131.4	128.8	126.4	127.7	128	124.3	120.1	116	119	124.8	130.2	126.2	127.2	125.4	128.2	130.8	120.6	115.6	118.2	120.5	119	118.8	128.4	132.6	137.7	153.8	169	181	194.2	194.6	193.4	192.2	191.6	187.1	186.7	189.8	191.4	190.4	190	192.4	191.4	188.2
204	204	204	204	204	204	204	204	204	204	204	204	203.6	204	204	204	203.7	204	204	204	204	204	204	204	204	204	204	196.8	190.8	188.8	184.8	181.2	180.4	175.6	171.2	167.6	163.2	158.4	146.8	134	126	119.2	112.9	107.4	102.6	102.5	99.2	95.4	95.9	91.2	81.3	82.8	77.7	62.1	61.2	66	70.8	74	77.6	82.8	86.8	89.1	90.4	90.2	89	91.2	92.7	93.6	96.3	99.7	103.2	106.4	108.7	108.9	107.8	105.8	103.3	99	92.3	89.4	88	88	89.5	90.9	92.9	95.5	97.8	101.8	103.6	105.6	107.6	109.5	112.5	112.3	111.1	113.4	113.8	114.2	116.8	116.3	114.4	115.2	115.8	113.6	113.1	114.9	113.2	111.9	111.9	111	111	111.3	110.3	107	104.4	101	98.4	97.5	96.5	95.9	93	92.4	93.1	89.7	88.8	87.2	86.4	86.9	88.5	86.6	85.5	87.4	88.3	90	90.1	90.1	89.8	87.5	84.2	80.3	77.3	74.6	73.7	74.5	80.4	86.7	86.5	91	115.4	127.3	131.1	137.9	133.7	126.9	124.4	123.4	124.5	129.7	127.2	123.5	121.7	124.7	131	126.4	118.2	116.6	116.2	117.2	122.4	127.6	133	137.8	137	133.8	131	132.8	132.4	128.6	132.4	132.8	132.4	136.2	154	166.6	172.2	183.5	187.8	187.5	191.4	194.6	197.4	197	193	191.6	190.2
204	204	204	204	204	204	204	204	204	204	203.8	201.5	201.8	204	204	204	204	204	204	204	204	204	204	202.1	201.6	204	204	196.4	194.4	194.8	190	185.6	180.4	176.4	174.4	168.4	165.2	160.4	144	135.2	127.6	118.4	114	108.1	105.5	103.9	100.8	100.8	102.9	95.8	85.7	86.1	87.5	75.2	66.3	68.8	71.8	74.8	79.3	86.3	87.2	89.3	91.1	90.1	90.2	91.9	93.6	95.1	98.9	100.7	103.6	107.3	109.8	109.3	108.1	105.8	102.1	97.7	92.5	89	87.2	89.5	92.2	91.8	92.4	96.5	100.6	103.9	105.7	108.1	110	111.5	113.3	114.8	115.9	116.1	116.7	115.3	115.8	116	115.8	116.6	116	115.8	115.4	115.2	113.1	112	110.3	109.5	110.1	110.6	107.3	106	103.2	100.1	99.4	97.4	96	94.5	93.6	94.2	93.1	91.1	86.5	85.5	85.5	85.3	86.5	85.6	84.6	86.3	87.4	88.4	90	91	88.7	85.1	82.1	78.7	75.4	73.8	74.2	78.1	83.6	86.4	87.7	97.6	117.2	126.1	133.2	138.9	131.3	126	126.2	126.4	125.6	128.6	129.2	125.2	124.2	126.4	129	122	113.4	115.8	117.8	119.8	128.2	132.1	136.6	133	135.4	138.2	135.8	131.5	130	128.2	129.4	129.4	121.6	119.3	130.6	149.6	165.6	183.4	190.2	190.9	193.5	197.4	202	201.2	195.8	193.2	191.6
204	201.6	203.2	204	204	204	204	204	204	204	204	203.3	204	204	204	204	204	204	204	204	204	204	204	201.2	202.6	204	204	204	204	204	204	204	197.6	192.8	190.8	188.4	190	187.6	166	155.6	154.8	144	133.6	121.5	116.8	113.9	112.5	111.3	119.7	117.3	106.3	101.9	100.1	97.1	85.7	74.2	73	74	77.6	82.2	84.8	87.9	93.3	94.1	92.1	92.1	92.7	92.8	96.3	99.1	101.9	105.8	108.7	110	109.3	107.5	103	100	96.2	93.6	93.8	94.7	94.3	95.9	96.6	98.9	102.4	107.7	110.3	113.6	115.1	116	115.1	114.7	116.1	116.4	115.1	115.8	116.4	115.4	116.9	117.2	117.1	119	117.6	115.6	115.4	112.6	108.8	107.2	107.5	109.6	108.9	104.7	102.4	102.3	101	100.3	99	95.3	96.1	96.9	94.1	91.4	88.9	87.7	87.3	86.3	85.4	86.2	86.5	86	88.1	89.4	88.8	88.2	87.9	85.6	81	75.9	74.6	75.5	77.2	82.4	85.7	84.6	86.5	97.4	112.6	122.7	131.9	131.7	129	129.3	131.6	131.6	128.6	127.6	127.2	125.3	128.2	129.7	134.1	127.2	123.8	126.6	124.6	121.8	126.2	127.4	127.2	125.2	125.6	125.7	127.8	128.4	129.8	129.6	126.6	124.5	116.7	112.2	114.7	118.8	128.4	137	153.6	176.4	192.4	198.6	202.6	198	198	197.8	195.2
204	203.2	204	204	204	204	204	204	204	204	204	204	204	204	204	204	204	204	204	204	204	204	204	204	204	204	204	204	204	204	204	204	204	197.2	191	193.1	199.2	196	176	164.8	165.6	156.8	140.1	126.1	123.2	117.5	115.1	117.8	125.8	122.8	113.1	107.3	103.2	99.4	91.7	78.7	75.1	75.3	77	80.4	84.1	86.8	91.7	93.8	91.8	92	94.1	93.2	95.4	97.8	100.6	104.1	108	111.1	111.9	109.4	104.1	101.6	98.3	95.2	95.1	95.5	94.6	95.8	98.3	99.1	102.5	108.4	111.4	115.9	118.7	119.5	119.4	119.2	120.2	119	117.9	118.4	117.8	116.9	118.1	118.6	120.1	120.9	118	115	113.7	113.3	111.1	106.6	106.8	109.7	110.3	105.9	102.6	103.4	102.4	102.8	101.5	99.5	98.4	96.8	94.6	92	89.9	88.1	86.1	84.5	85.3	85.8	85.8	85.9	86.7	87.7	87.6	86.2	85.4	84.9	80.5	76.6	73.7	74	77.1	83.2	86.6	90.5	96.1	99.7	111.4	122.2	129.3	129.1	129.5	130.9	132.2	133.4	131.6	130.2	129.4	125.8	124.7	127	130.4	124.8	122.4	127.4	126.3	122	124.4	129	129.9	124.7	123.1	123	127.5	128.8	129.3	133.4	128.8	125.2	122.2	118.6	117.5	119.4	129.2	133.2	136.6	158.8	182.3	196.4	197.8	192.2	193.6	195	196
204	204	204	204	204	204	204	204	204	204	204	204	203.6	204	204	204	204	204	204	204	204	204	204	204	204	204	204	202.2	204	204	204	204	204	202.8	200.9	204	204	204	204	196.4	201.2	194.8	178.7	163.4	152.8	141.1	127.7	137.4	142.9	137.1	127.6	118.7	109.3	109.2	100.8	86.2	81.4	74.7	75	78.1	81.4	86.2	90.9	95.8	97	93.2	93.5	94.1	94.8	97.2	98.2	101.4	105.7	108.4	109.3	108.8	104.4	100.6	98.1	96.9	97.5	97.2	96.6	97.3	98.9	99.6	103	107.7	110.6	115.3	117.9	117.3	117.4	117.8	116.9	117.6	118.4	121.9	124	123.1	123.6	125.4	125.6	124.5	121.6	119.2	116.6	114.7	112.5	108.1	106	107.1	107.3	103.5	100	100	101.4	103.8	106	104.5	100.8	97.4	93.7	92.2	90.8	86.6	83.6	81.6	83.3	84.8	86.7	86	85.3	86.4	87	85.5	84.5	85.1	80.6	76.4	74.9	74.2	79.5	84.3	85.2	92.1	96.9	101.5	117.5	128.3	129	131.1	136.8	135.8	134	136	137	137	136.4	132	122.1	118.9	119.2	118	113.8	118	126.6	128.6	130.8	131	129	129.2	124.4	124.6	133.5	126.6	120.3	128.7	132.4	131	127.6	125.2	124.2	124.4	124.2	121.6	123.4	127	132.2	153.4	178.6	187.6	187.6	190.8	194.8
204	204	204	204	204	204	204	204	204	204	203.2	203.2	202.6	204	204	204	204	204	204	204	204	204	204	204	204	204	201.6	201.4	204	204	204	204	204	204	204	204	204	204	204	202.9	202.2	202	186	168.9	161.2	150	132.2	142.9	146.2	141.6	130.7	120.1	111.8	111.3	106.4	89	82.4	76.8	74.4	76.5	80.4	84.9	89.4	95.3	96.9	95.4	94.5	94	94.3	96.9	98.8	100.8	105.2	108.7	110.8	110.9	107	102.5	100	98.9	99.2	99.2	100.7	100.9	102.7	105.2	105.5	109.1	112.6	116.4	120.5	121.5	123.1	122.3	121.4	121.7	122.5	125.2	127.2	127.2	129.2	130	128.8	129.2	125.6	123.1	119.5	117.7	115.9	111	108.5	107.6	107.7	106.1	102.6	102.6	103	104.3	108.4	105.9	103	97.3	92.2	91.8	89.7	84.5	81.1	82.1	83.5	84.2	84.6	86	85.3	85.5	85.3	84.3	83.8	82.3	79.1	75.5	73.7	74.3	80.2	86	90.1	97.5	96.9	100.3	117.5	131.9	131.3	131.2	136	134.6	131.4	134.1	136	133.1	131	131	122.5	116.6	119.4	119.4	117.2	118.4	123.2	127.9	130.9	127	123.6	128	125.2	124.3	128.2	124.8	122.4	131.2	132.8	130.4	126	124.4	123.3	124.7	120.6	115.9	119.6	123.4	129.4	137.9	159.4	188.8	188.8	193.4	195.8
204	204	204	204	204	204	204	204	204	204	202.1	204	204	204	204	204	204	204	204	203.4	200.3	203	203.6	204	204	204	200.8	204	204	204	204	204	204	204	204	204	204	204	204	203.4	203.3	204	197.2	180.4	171.1	160.5	152.9	153	147.8	142.7	136	119	110.6	112.1	104.6	89	84.9	80.3	75.4	74.3	78.2	83.4	87.7	91.1	97.4	99	95.3	95.1	94.6	95.7	97.8	99.3	102.1	105.5	108.2	107.4	105.3	101.3	99.6	99.4	99.2	99.1	99.5	100.4	102.1	105.2	109	109.8	110.8	114.3	117.4	119.1	121.6	120.9	119.9	124.1	126.1	128.2	130.1	128.3	129.2	129.7	128.6	127.2	126	124.8	122.6	121.4	118.6	117.4	113.3	108.3	105.6	105.2	101.7	101	105.5	106.2	104.5	104	104.4	98	92.8	92	88.7	84	80.8	80.1	80.1	81.7	81.6	83.4	82.6	82.6	83.3	82.2	82.1	79.9	76.8	74.5	72.1	75.1	81	85.9	91.9	96.1	96.2	105.3	120.1	125	126.5	130.3	128.3	129	130	128	128	125.1	125.1	126.5	126.8	123.9	122.6	123.4	125.6	121.6	115.6	118.9	121.4	121.2	117.8	118	118.2	116.2	117.2	122	126.6	128.2	126.8	126.4	125	125.9	128.7	130.7	132.9	121.3	114.3	120.6	128	131.7	134.1	151.8	180.2	191.8	192.4
204	204	204	204	204	204	204	204	204	202.9	201.2	203.5	204	204	204	204	204	204	204	204	202.8	204	204	204	204	204	204	204	204	204	204	204	204	204	201	202.8	204	204	204	204	204	204	201	183.5	172.6	163	155	154.1	146.5	140.9	132.5	116.7	111.3	111.5	106.9	89.7	83.7	79.8	76.8	73.6	76.6	81.6	85.5	89.4	95.6	98.3	97.1	96	95.6	96.3	97.6	99.3	101.3	104.3	106.4	107	104	100.8	100.9	100.7	100.8	100.4	101.7	102	102.2	104.5	109.5	111.2	112.5	116	117.5	119.6	120.8	119.7	121.3	124.9	126	126.7	127.3	126.2	128.9	129.4	128.9	129.5	128.2	126.4	125.4	123.2	120.5	117.4	116.1	110.9	107.4	107.3	105.3	104.6	105.5	108.1	105.4	103.4	103.3	98.6	93.2	91.5	89.8	85.4	81.1	79.2	79.2	78.8	81.2	82.9	82.6	82.7	83	81.5	80.7	79	76.2	73	72.2	76.9	88.7	95.1	94.8	95.1	95.8	102.4	118.7	123.8	123.4	127.8	128.3	127.8	132.6	129.2	126.6	127.6	128.2	128.1	126	125.9	123.8	124.2	126.2	121.6	115.2	117.4	116.4	115.6	116.2	117.2	116.6	113.6	115.2	121.4	125.4	123.4	123.8	125.2	122.8	127	128.6	130	133.2	124.4	115	119.4	128.2	132.4	135.6	143.6	165.8	190	190.8
204	204	204	204	204	204	204	204	203.6	203.8	204	204	204	204	204	204	204	204	204	204	204	204	204	204	204	204	204	204	204	204	204	204	204	204	204	204	204	204	204	204	204	204	203.5	193.8	186.5	175.5	162.2	155.2	148.5	137.5	125.5	116.9	114.8	111.2	107.5	89.7	84.1	81.5	77.3	70.5	71.1	76.7	81.3	84.6	90.9	97.1	99	99.5	97.8	97.8	98.5	99.4	99.8	100.9	103.9	104.6	102.8	100.8	99	101.1	101	100.3	102	100.9	100.9	104.4	109.5	112	112.5	116.2	116.9	115	114.5	115.1	118.5	120	123.3	123.4	122.8	124	124.2	125.6	127.5	128.7	130.4	129	130.2	128.5	125.8	126.2	123.7	116	110.5	107.4	104.8	103.9	103.8	106	103.3	100.3	99.5	97.3	94.3	91.6	88.6	86.1	82.7	80.8	77.7	77	77.8	78.9	79.3	79.7	80.4	80.4	78.5	75	71.1	71.2	72.7	78.9	89	94.2	92.3	94.1	94.8	101.7	120.6	124.8	120.5	125.4	129	132.5	134.3	133.9	134.2	139.6	138.6	134	131	126.6	121.1	117.6	120.8	122.2	121.4	117.2	113.5	109.9	108.4	110.4	110	107.6	105.6	110.2	116	117.4	121.8	126.2	123.4	119.8	120	119.8	119.6	115.6	111.2	112.4	118.6	124.9	129.2	130.6	131.3	147.9	181.3
204	204	204	204	204	204	204	204	204	204	204	204	204	204	204	204	204	204	204	204	204	204	204	204	204	204	204	204	204	204	204	204	204	204	204	204	204	204	204	204	204	204	204	194.5	188.6	176.1	164.7	156.8	149.3	136.1	124.2	119	115.2	111.5	109.6	91.7	84.7	79.8	72.5	67.4	69.1	74.1	78.8	83.6	88.4	94.7	97.6	98.6	97.9	97	96.7	99	98.8	98.9	101.7	102.8	102.6	100.7	99.2	100.5	99.4	97.4	99.7	102.4	101.3	105.2	110.9	112.3	113.3	113.5	114.9	115	112.9	113.6	115.7	117.8	120.9	122.3	122.8	123.8	123.9	125.5	128.1	131.1	130.8	130	130.5	128.7	129	129.1	126.6	118.7	112.2	109.1	106.7	105.3	105.1	106.4	103.4	99.7	98.6	94.6	92.8	90.5	86.3	84.4	82.5	80.1	77.4	75.7	77.3	77.6	78.6	78.7	78.6	79.1	76.7	73.1	70.2	70.5	73.6	82	91.5	93.8	93.5	93.9	94.3	102.1	123.3	126	121.9	125.6	129.4	132.8	132.1	130.8	134	140	139.2	135.4	132	126.6	120	116	118.6	123.2	123.6	121.2	117	113.9	110.5	110	108.6	106.2	103.2	107.2	111.6	114.2	118.8	123.2	122.4	120.8	120.2	119.6	120	115.2	112.6	112.8	118.8	124.2	126.6	130.2	130.8	138.8	165
204	204	204	204	204	204	204	203.6	204	204	204	204	204	204	204	204	204	204	204	204	204	204	204	204	204	204	203.2	204	204	204	204	204	204	204	204	204	204	204	204	204	204	203.2	203	189.2	179.6	170.7	161.2	154.4	148.4	132.7	119.8	117.2	116.4	116.8	102.7	87.4	72.3	61.6	59	55.4	54.5	65.1	74.5	79	81.5	87.8	93.7	99.1	102.7	100.8	98.5	97.2	97.6	98.9	101.2	101.2	101.2	99.5	98.3	98.4	97.3	96.7	98.8	99.2	99.7	103.1	108	111.2	113.6	113.4	112.7	112.8	111	111.9	112.6	114.5	115.4	117.7	120.9	124.6	126	125.7	132.8	131.6	127.6	129.8	126.8	128.5	129.9	129.1	125.7	117.5	116	114	110.5	103	101.4	104.5	101.9	98.9	97.7	94.8	90.6	88	85.5	83.3	82.3	79.9	77.4	74.5	74.7	75.1	76	75.9	75.9	75	73.8	70.3	68.5	72	78.7	82.3	90.2	92.8	92.3	91.6	91.5	103.7	128.8	132	128.5	127.8	130.2	130.4	130.8	129.4	128.9	135.5	139	133	129.3	126.3	124.4	122.8	118.3	120.1	123	123	120.4	118.8	118	117	115	112.2	108.6	105.6	106.2	108.4	112.8	116.1	118.5	123.8	123.6	122.4	121.6	119.2	119.6	123.8	130.8	126.8	125.8	130	127.2	122.6	124.2
204	204	204	204	204	204	202.8	202	204	204	204	204	204	204	204	204	204	204	204	204	204	203.2	202.8	204	204	204	204	204	204	204	204	204	204	204	204	204	204	204	204	204	204	204	201.2	186.6	175.6	166.1	158.4	152.2	145.7	130.3	118.9	118.7	119.1	109.7	95.9	85.6	68.9	59.9	58.9	52.4	49.8	61.5	72.1	76.9	79.9	84.1	90.2	96.1	101.1	101.7	98.3	95.1	95.3	96.3	98.2	99.5	99.1	99.5	98.3	96.7	95.1	94.7	94.7	96.8	99.4	102	106.8	108.8	112.1	114	113	110.2	108.4	108.8	110	112.3	115	117.3	120.3	122.6	124.3	125.5	130.9	131.7	129.2	127.5	124.5	125.8	127.7	127.3	122.8	115.8	114.7	113.5	110.4	102	100.7	101.8	98.6	97.3	95.9	93.2	89.3	86.7	84.1	81.4	81	77.7	74.9	74.2	74.1	75	74.9	73.9	73.2	73.2	70.5	69.1	69.1	74.4	80.2	84.5	93.8	93.2	91.6	90.4	91	103.1	129.6	135.7	132.5	130.5	131.8	131.8	132.2	132.3	131	135.4	136.8	133.8	130	124.7	125.2	124	118.1	116.9	121.2	123.6	123.1	121.6	120.6	119.2	117.6	114.8	110.4	108	109	110.2	112.2	115.6	119	122	123.2	123	122	121.4	122.4	125.4	130	125.3	123.8	127	124.3	119.5	119.2
204	204	204	204	204	203.4	204	204	204	204	204	204	204	204	204	204	204	204	204	204	202.8	200.6	204	204	204	204	204	204	204	204	204	204	204	204	204	204	204	204	203.2	194.4	195.4	193.9	187.2	173.6	163.9	154.2	147.3	145	140.9	128.2	123	130.2	118.9	99.9	88.4	76.1	65.6	70.4	66.9	52.3	45.4	47.7	61.5	71.1	76	79.8	84.2	89.7	95.3	101.6	102.4	96.7	93.2	93.7	95	96	97	97.4	97.4	96.4	93.4	92.3	92.7	95.9	98.1	100.1	103.3	104.6	106.2	108.3	108.9	107.8	107	107.5	108.7	109.9	112.2	115.8	117.8	123	126.3	125.9	128.8	129.4	125.1	124.2	122.8	122.9	125.3	120.9	116.9	114.6	114	112.1	109.9	106	102.9	100.5	97.8	97.5	93.7	91.2	89	84.1	78.8	77.5	78.2	77.7	75.8	72.6	70.9	70.2	72	71.3	70.3	70.9	69.3	69.1	71.5	76.8	78.5	81.8	91	90.1	88.7	87.8	87.9	105.1	132.1	139.6	140.4	141.6	139	137.4	136	134.6	133.2	133.6	133.8	134	135.2	130.6	124.6	127	123.8	121.4	122.4	125	124.8	123.8	127	127.8	124.6	120	116.6	114.6	116.2	120.2	118.2	114.2	113.4	116.2	120.6	121.6	121	124	128	129.4	132.4	134.8	127	124.2	126.5	124.2	123.7
204	204	204	204	204	204	204	204	204	204	204	204	204	204	204	204	204	204	204	204	202.2	203.6	204	204	204	204	204	204	204	204	204	204	203.2	203	204	204	204	204	202	190.8	189.9	190.4	177.8	166.9	158.2	150.3	146.5	144.9	141.6	131.2	126	126.8	116.3	102.6	84.5	71	67.2	73.3	69.1	55.2	46.5	45.2	58	68.3	73.3	78.3	82.5	87.1	92.8	97.2	100.5	97.6	92.7	92.4	91.9	93	94.5	94.6	94.7	93.8	92.1	91.3	90	92.3	95.4	98.1	100.8	101.2	102.9	103.8	105.2	104.6	103.3	103.7	104	106.1	110	113.7	114.1	118.3	122.4	122.8	123.4	124.1	121	122.5	122.3	122	124.2	118.5	114.2	113.1	111.9	109.1	107	105.5	101.2	98.7	96	94.7	92	88.6	87.6	83.1	77.1	76.9	77.9	78.2	74.9	71.8	68.8	67.4	68.7	68.3	68.9	69.5	68.3	69.5	73.3	76.7	77.5	82.8	89.8	87.9	86.5	85.8	85.7	103.7	130.9	138.2	140	142	138.8	136.2	134.6	133.4	134	133.6	132.8	133	131.9	127.8	123.1	126.2	123.8	122.6	123.3	125.4	125.2	123.4	126	127.6	125	120.6	118.4	116.2	118.2	122	120.4	115.6	112	113.8	118.8	121.6	120	123	129.6	134.2	137.2	140.6	131.6	124.2	127.2	126.4	126.3
204	204	204	204	204	204	204	204	204	204	204	204	204	204	204	204	204	204	203.4	203	204	204	204	204	204	204	204	204	204	204	204	204	202.6	204	204	204	201.6	194.8	188	179.2	173.6	169.6	159.8	151.8	147	146.1	147.4	148.1	147	137.3	135.7	126.1	111.2	97.4	67.7	63.4	78.2	82.4	74.4	63.5	54.5	46	50.3	60.1	65.6	71.7	76.3	82.4	87.4	91.3	95.5	98	96.5	93.5	90.7	91.6	92.2	91.2	92.3	91.2	89.8	89.2	87.9	88.3	90.8	93.9	96.9	97.9	98.8	100.6	100.5	101.4	102.1	101.8	102.1	103.3	105.5	109.5	111.5	112.4	113.9	117	118.4	118.7	115.7	115.4	117.4	117.6	115.7	112.1	110.3	108.1	107.5	104.9	104.2	103.4	99.1	97.3	93.9	92.1	90	88.4	87.9	84.1	81	77.8	77.3	76.4	71.4	67.8	64.9	63.7	64.7	63.9	64.2	65.6	68	71.5	73.3	72.6	71.7	77.7	85.2	85.2	82.4	79.8	83.5	92.6	110.8	124.4	136.4	138.2	138	139.4	138	138.4	139.6	139	137.2	133.1	131	127.6	125	123.5	122.6	121.8	123	127.2	127	126.8	125.2	120.4	121.6	123.6	123.6	116.3	113.3	118.4	119	117.8	111.6	104.2	108.6	118.4	125.2	128.2	132.6	132.8	130.8	132.6	132	127.4	127.2	124.4	122.8
204	204	204	204	204	204	204	204	204	204	204	204	204	204	203.5	204	204	204	203.2	204	204	204	204	204	204	204	204	204	204	204	204	204	204	204	204	202	196	190.8	184	176	170.8	164.4	152.6	148.1	146.6	148.3	148.2	151.4	154.2	140.3	129.5	118.9	112.1	99	70.2	60.1	71.7	79.7	76	67.2	60.4	52.7	48.5	52.4	59.6	65.7	72.2	77.1	80.9	86.3	90.6	93.3	94	93.3	92.2	90.6	89	88	89.1	89.3	87.5	87	85.5	85.3	87.5	88.7	92.2	94	94.3	96.1	98	99.4	99.2	101.6	102.5	102.7	103.4	105.5	109.9	110	111.8	113.4	114.9	113.9	110.9	110.1	111.9	112.7	111.2	107.8	106.3	105.6	103.4	102.1	101.6	101.1	98	94.9	91.6	89.8	88	87.3	86.8	84.2	82.3	79.7	77.6	75.6	71	67.1	64.2	61.7	61.6	63.5	63.6	64.8	68.6	71.7	73.3	72.7	73.2	79.1	83.3	83.9	82	80.9	84.4	90.4	101.1	112.3	128.8	137.4	138.8	140.4	140	137.4	139.6	140.6	138.6	135.6	136.2	136.2	130.6	127.8	125	122.2	121.3	126.2	128.4	128.2	126.8	121.8	121	123.8	124.8	119.2	114	117.6	121	121	113.8	105.8	104.6	112.2	125	129.2	129.6	129.2	130	130	132.4	130.4	127.8	125.8	122.4
204	204	204	204	204	204	204	204	204	204	204	203.8	204	203.1	202.2	204	204	204	204	204	204	204	204	204	204	204	204	204	204	204	204	204	201.6	194.8	185.6	179.6	174	167.8	162	161.2	161.2	156.6	149.4	145.9	137.6	136.6	141.2	140.1	130.7	114.3	97.3	84.4	84.7	66	49.4	70.9	90.4	79.1	71.2	70.1	66.1	54.9	48.5	54.7	57.3	61.2	67.4	71.7	76.8	82	85.6	88.6	90.4	92.6	90.1	87.8	85.6	86.1	86.3	85.3	83.9	82.7	84	84.6	84.2	87.1	91.7	91.9	92.9	94.9	97.3	99.5	100.2	100.6	101.9	104.1	105.1	106.6	107.5	107.4	107.9	109	108.8	107.2	106.4	105.8	104.5	103.4	104.5	103.2	102.2	100	100.3	100.9	99	97.1	95.3	91.7	87.9	85.8	84.6	84.8	83.6	82.1	78.9	75.5	73.7	69	63.3	60.9	60.7	60.2	60.5	63.3	65.4	67.9	67.2	66.5	66.1	66.5	68	74.1	78.4	79.3	80.4	84.1	88.5	90.7	98.5	101.4	109.2	122	138.4	141.9	145.8	143.8	140.3	141.4	142.4	139.2	136.4	139	136.4	133.2	129.4	124.4	128.6	130.6	125.6	125.2	128	128.4	127.8	126.4	124.4	123.8	124.4	123	119.4	118.2	113.8	105.2	112	128	133.6	136.4	136.4	133.8	133.3	138.3	141.8	138.2	133.4	127.7	128
204	204	204	204	204	204	204	204	204	204	204	204	204	203.7	204	204	204	204	204	204	204	204	204	204	204	204	204	204	204	204	204	197.6	191.2	187.2	182.4	174.8	167.2	162.6	158.8	158.4	159.2	156.8	148.2	145.5	135.7	133.4	138	136.3	122.9	105.9	85.6	78.6	79.6	63.1	52.4	75.2	95.8	81	69.9	70.1	67.8	56.9	48.9	55.8	57.7	58.2	63.2	67.4	72.4	77.8	81.2	84.2	87.1	88.4	88.2	86.8	83.9	81.2	83	82.9	81.4	80.5	81.7	82.6	82	84.3	89	90.6	91.7	94.1	96	98.8	99.3	98.5	100.3	102.8	104.2	104.3	104.4	105.3	106.2	107.3	106.6	103.9	103	103.3	102	100.7	101.2	101.1	100	97	97.4	97.9	96.3	93.8	90.9	87.8	85.2	84.2	81.8	82.8	81.8	78.9	77.6	72.9	69.5	65.2	61.7	59.9	59.9	60.9	62.3	63.5	65.6	66	65	65.4	66.3	66.6	67.4	76	80.2	80.4	81.5	84.4	85.8	90.6	99.6	102.4	106.4	117	135.4	142.9	146.2	145.4	141.2	141	141	139	135.6	137.4	135.2	130.9	129.7	122	125	127.4	124.8	122.6	126.6	129	128.4	127	124.8	124	125.4	123.2	118.8	118	113.6	107	113	129.2	134.2	133	130.6	129.4	133.4	138.3	141.8	141.4	134.2	126.2	125.3
204	204	204	204	204	204	204	204	204	204	204	204	204	204	204	204	204	204	204	204	204	204	204	204	204	204	204	204	202	194	189.2	182.8	174.8	170.8	168.4	164.8	160	157.6	153.6	147.6	147.6	152.4	144.8	140.7	134.9	132.4	135.6	132.4	122.5	107.3	83.9	81.5	78.4	65.7	58.9	79.9	89.6	76	68.9	70.6	70.1	62.7	49.9	55.6	60.7	59.2	58.1	60.5	64.5	69	71.5	75.9	80.1	83	85.3	84.9	82.1	78.9	77.7	77	77.5	77.7	77.6	79.3	81.1	81.6	82.3	85.2	86.2	89.5	92.6	95.2	96.2	98.9	98.2	99	100.5	100.8	100.5	101.2	103.1	104.4	103.7	101.6	99.5	100.7	100.5	101.1	98.9	98.3	97.6	95.1	93.1	92.5	90.6	88.4	86.5	84.6	82	81.3	80	77.6	76.5	74	71.3	67.7	63.5	60.4	59.4	58.1	59.6	62.3	62.7	62	61.8	60.8	60.4	61.8	64.6	65.7	67.8	76	79.9	80.6	84.4	86.3	85.2	85.4	94.6	100	105	111.8	117.8	132.6	141.4	140.4	137	137.2	137.6	139.8	140.2	137.8	131	125.7	122.1	119.6	123.3	126.1	125.9	125.7	127.7	133.2	133.8	131	130.4	128.4	126	128.2	129.2	124.9	121.4	114	113	126.4	132.6	133.3	133.2	129	125.4	127.7	134.4	135.4	132	124.9	126.5
204	204	204	204	204	204	204	204	204	204	204	204	204	204	204	204	204	204	204	204	204	204	204	204	204	204	204	204	195.6	187.6	182.4	178.4	171.6	167.2	164.1	162	158.4	156	150.8	147.6	147.2	147.4	143.6	137.9	132.9	132.6	135.1	129.4	122	102.9	81.4	86.2	84.4	67.2	59.3	78.9	89.7	76.7	70.2	71.6	71.3	63.1	49.7	55.2	62.7	62.2	60.3	60.2	62.1	65.9	68.5	71.8	75.3	79.2	82.3	82.1	79.9	77.3	75.2	74.5	74.3	74.4	74.6	75.7	77	78.9	79.1	81.1	83.4	86.9	89.9	92.4	94	96.2	97.2	97.7	99.2	98.5	98	99.1	99.6	100.9	100.8	100.6	99.5	98.3	97.9	98.4	96.3	95.1	95	92.3	89.4	88.6	87.7	85	84.2	82	79.4	78.8	77.5	75.2	73.6	72.1	69.4	65	62.6	59.9	59.3	60	60.7	62.6	61.6	61.3	61.4	59.6	59.5	63.1	65.5	67.1	70.3	78.2	79.6	82.1	85.2	88	89.4	90.7	100.2	100.4	103.8	111.2	114.8	127	138.6	138.8	136.6	136.8	138.4	141.4	141.2	138.4	131.4	125.3	120.7	122	127.1	129.2	127.5	129.4	130.2	132.8	133.6	129.9	128.7	129.6	128.2	130.8	131.8	127.4	123.2	116.6	115.2	128.3	136.2	136.6	136	131.1	127.8	125.7	131.2	131.6	128.2	126	126.2
204	204	204	204	204	204	204	204	204	204	204	204	204	204	204	204	204	204	204	204	204	204	204	204	204	204	200.4	194.4	185.6	175.6	168.4	165.2	161.6	159.6	161.2	158.9	150	147.2	152.3	158.8	159.6	155	142.9	140.5	135.7	130.7	133.3	128	117.5	102.3	98	98.1	86.9	66.8	56.7	75	92.7	80.8	71.2	71.5	71.7	64.3	48.1	52.5	63.8	64.7	64.8	64.6	64	63.2	62.1	63.5	65.8	69	72.3	74.6	76.5	76	73.7	72.9	70.5	68.4	68.7	70.4	71.4	74.3	77.6	80.5	81.4	82.5	86.5	88.7	89.9	91.7	93.2	94.2	96.1	95.2	96.4	96.8	96.5	95.6	94.9	94.9	95.5	93.8	93.3	92.9	90.8	90	89.6	87.6	85.2	82.9	82.3	80.7	79.6	77.3	74.2	72.1	70.7	69.2	67.2	64.4	61.1	60.8	60	60	61.6	61.6	61.4	61.4	61.6	62.3	63.1	63.1	65.1	67.3	67.6	67.7	70.6	78.9	82.7	85.7	88.5	90	89.8	92.4	101	102.6	103.8	105.7	116.4	122.8	130	135.7	135.8	134.4	131	130	130	131.4	133	132.2	127.1	130.8	136.4	133.8	130.7	130.6	129.2	128.2	129.4	128.6	128.7	129.6	130.2	133.2	135.2	132.6	125.4	116.4	109.2	114.6	121.8	124.8	130	130	126.2	122	129.4	130.6	119.6	119	119.4
204	204	203.6	203.2	204	204	204	204	204	204	204	204	204	204	204	204	204	204	204	204	204	204	204	204	204	200.4	194.8	188	180.4	171.6	165.6	162.4	159.2	156.4	156	156.4	148	147	150.6	156.2	159.2	154.1	146	142.1	136.5	131.1	133.2	127.4	118.6	110.5	108.8	100.9	86.8	67.4	56	71.7	88.7	80.7	71.5	71.4	71.5	62.6	47.5	52.5	62.9	64.8	66.2	66.3	65.3	64.6	62.7	61.9	62.1	64.7	67.5	70.1	72.3	71.5	71.2	70	67.7	66.3	65.6	67	69.1	70.7	73.1	76.4	78.5	80.5	82.8	84.8	86.1	88.9	90	91.6	92.5	91.9	91.4	91.2	91.6	92.2	91.9	91.8	91.1	90.7	90.8	90	88.2	86.4	85.8	84.6	82.6	81.6	80.4	78.3	76.1	74.4	71.3	69.3	67.2	66.1	64.6	61.8	61	60.7	60.9	62.8	62.6	61.9	62	62.1	63.1	63.6	64.2	64.8	66	67.2	67.6	67.9	69.9	75.4	81.1	86.4	88.1	90	90.6	92.2	101.6	103	102.6	102.8	115.8	121	123.2	132	135	134.8	131.8	128.8	127.8	129.8	135	134.4	127.4	131.2	137.2	134.8	132.2	130.6	128.6	129.4	129.6	128.6	131.4	130.8	130.4	132.2	132.7	130.6	125.4	116.6	108.8	111.8	115.4	117.6	121.4	125.6	123.2	121.4	127.2	131.4	122.8	119.2	119.6
204	203.6	204	204	204	204	204	204	204	204	204	204	204	204	204	204	204	204	204	203	204	204	204	200	190.8	184	180	172.8	165.6	161.6	159.6	157.2	152.6	144.8	148	158.4	153.6	146.5	145.1	143.8	143.4	144.7	144.5	140.4	138.7	136.6	133.3	128.8	123.1	129.5	122.5	100.6	83.8	68.1	56.2	68.2	84.6	81	71.7	71.1	70.3	62.7	50.3	50.4	60	64.9	68.1	70.6	70.1	72.3	73.6	70	66.3	63	61.7	63.5	64.3	63.8	64.7	65.3	64.6	64.9	64.5	62.9	62.9	63.4	66.3	69.1	70.9	74.5	78.4	79.6	82.1	82.9	83.4	85.7	88	88.7	86.8	87.6	87.9	87.1	85.3	85.4	85.8	85.1	83.7	82.7	80.6	80.5	80.3	77.9	76.4	75.2	73.5	71	68.8	67.1	64.1	61.9	61.8	62.9	62.8	63.4	64.2	65.9	66.3	67	67.1	66.6	66.8	67	67.8	67.8	68.8	69.7	69.8	67.9	67.4	68.8	71.5	79.6	85.3	89	90.4	93.2	91.4	93.3	101.7	103.2	102.6	104.5	112.6	119.7	119.5	128	137.9	140.4	138.4	134.8	131.4	131	131.8	131.4	123.6	121.8	126.2	131	136.4	135.6	133.6	135	135.2	130.6	130.4	130	127.8	129.6	128.6	129.2	129.2	123.2	114.8	110	112.8	117.8	115.8	115.6	114.6	116.6	126	131.8	133.8	131.2	127.4
204	204	204	204	204	204	204	204	204	204	204	204	204	204	204	204	204	204	204	201.4	204	204	196.8	193.2	183.2	176.8	172.8	167.2	161.6	159.6	158.8	156	147.8	142.6	149	152.4	144.9	135.7	133	130.5	135.1	145.4	145.5	143.2	139.8	135.8	133.4	129.7	125.2	133.4	126.2	104.7	85.1	68.1	55.9	64.1	80.2	81	73.4	71	69.6	61.4	50.7	50.1	60.1	65.8	68.9	71.6	71.1	72	75	73.9	69.3	64.8	61.5	61.4	61.8	61.3	61.5	63.3	63.6	62.8	63.7	62.9	61.2	61.6	62.8	65.5	67.8	70.8	73.6	75.8	77.6	78.8	79.5	81.6	83.4	83.8	83.4	83.8	83.9	83.9	81.8	80.5	81	80.9	79.6	77.8	74.9	75.4	75.3	73.8	73.2	71.2	69.8	66.7	65.9	64.7	63.1	62.7	63.6	64.2	63.6	64.8	66.2	67.8	67.9	67.7	67.7	67.6	68.2	68.3	67.6	68.9	69.4	70.1	69.5	67.8	67.2	68.7	74.4	84	87.3	87.5	90.2	92.6	90.5	92	101.8	101.8	102.4	106.2	111.6	118.4	122.4	125.6	136.3	138.8	137.4	135	132.2	128.6	128.2	128.8	123.4	120.2	124.2	129.2	136	135.4	134	137.6	139.2	132	127.8	126.5	125.6	127.9	128	128.8	129	124.8	117.2	110.8	113.4	118.4	116.6	114.6	113.4	114.8	123.4	130.4	133.3	134.5	131.2
204	204	204	204	204	204	204	204	204	204	204	204	204	204	203.2	201.2	198.8	194.8	191.2	184.4	177.6	173.2	166.8	161.6	156.4	151.2	147.6	147.6	151.6	156	158.8	156	146	144.8	145.5	140.6	139.9	134.2	125.7	125.3	137	147.5	139.5	136	134.8	133	132.6	131.3	132.1	133.2	129.1	102.9	82.8	71.6	56.3	58.6	77.4	83.3	77.1	71.7	69.5	64.3	55.4	49.5	56.8	65.4	69.5	71	74.2	74.1	74.6	76.4	76.8	75.2	71.3	65.8	62.5	62.6	63.6	64.3	63.9	64.2	65.8	66.3	66.8	66.7	65.3	64.8	64.1	64.5	64.7	67.1	69.1	70.3	70.2	70	70.9	71.8	74.3	75.2	76	75.2	75	73.9	72.3	71.2	70.4	68.5	67	66.6	64.3	63.6	65.4	64.5	65.7	66.6	69.2	71.3	71.9	72.1	71.2	69.8	70.9	71.4	72.1	73.9	72.7	71.5	73.1	73.8	73.3	72	70.5	70.1	69.4	68.3	68	68.5	69.2	71.2	77.7	87.7	90	91.5	91.7	92.1	88.2	93.9	101.4	100.6	104.2	107.8	109.4	115.8	122.2	122.2	128	138.4	139.3	140.2	139.2	138.3	136.1	130.6	124.4	127.2	128.8	129	134.2	134	128.4	131.4	137.4	141	136	131.4	129.6	128.6	126	124.4	126.6	127.8	127.4	125.2	119.8	117.8	124.2	126.8	118.8	111.8	111.6	116.8	123.8	128.8	128.4
204	204	204	204	204	204	204	203.2	202.8	202	200	199.2	198.4	196.8	193.2	188.4	182.4	177.6	174.8	168.8	162.8	157.6	151.2	147.2	143.2	140.4	138.4	141.2	150.4	155.6	154.8	152.8	147.9	141.7	140	134.5	131.2	130.7	122.3	123.4	138.3	143.2	135.9	135	134.3	133.9	134	130	130.4	131.9	132.9	113.8	86.1	71.3	55.9	55.3	74.2	82.4	80.5	74	71	67.5	58.5	49.9	55.4	64.3	69.2	71.4	74.3	75.8	74.9	76.4	77.6	77	74	70	64.9	62.7	63.1	64.6	64.7	65.8	66.3	67	67	67.5	66.9	65.8	65.1	65.2	64.2	64.1	65.5	67.5	68.1	67.4	67.6	66.7	69.1	71.1	72.2	71.5	70.5	69.5	68.7	67.4	67.1	65.7	65.5	64.3	64.4	65.2	66.2	66.8	68.7	70.2	72.6	74.2	75.1	74.2	74.1	71.9	71.7	72.3	73.6	74.7	73.7	72.3	73.7	75.4	73.2	71.9	70.5	69.7	69.4	68.5	67.6	67.6	69.8	71.3	79.6	88.6	88.8	90.9	91.8	94.5	87.1	89.6	97.9	101.4	105.4	107.4	108.4	113.6	120.8	123.4	126.6	137.2	142.1	141.6	140.8	142	140.2	131.4	126	129.2	129.6	128.8	131.4	132.6	128.2	130	136.4	139.4	137.4	132.6	130.6	129	126	124	128	129.8	129.4	127	121.9	117.9	127.2	130	119.6	112.8	109.8	112.2	118.6	124.1	126.2
189.2	188.8	189.2	189.2	188.8	188.8	188	187.2	185.6	184.4	182	179.6	176.8	173.6	170	165.2	160	154.8	148.8	144	138.8	134	130	127.6	125.6	126.8	133.2	146.8	159.2	153.6	147.2	146.2	148.5	148.9	143.7	135.2	126.6	131.6	132.3	128.6	134.5	138.1	137.7	139.4	141.6	139.7	133.2	129.7	136.1	136.5	132.9	107.9	82.1	70.7	58.2	51.6	70.3	82.9	83.6	78.3	73.3	69.7	63.1	52.4	51.5	60.3	65.8	70.3	72.7	77.6	79.6	77.2	77.3	78.3	79.4	79.1	75.7	68.7	63.6	61.5	63.9	65.8	68.3	69.7	71	71.8	72.1	71.7	71.8	72.5	71.6	71.4	70.9	69.7	69.4	70.1	70.3	70.5	71.9	71.6	71.8	72.4	71.9	72.2	72.6	71.3	71.1	71.1	71.6	73.4	75	75.1	76.8	78.7	79.4	79.5	78.4	77.6	76.9	75.2	75.1	75.2	77	75.9	75.7	77.3	77.3	77.5	77	75.1	73	71.5	68.4	67.6	66.7	66.8	68.1	69.4	72.6	75.3	81.1	89.6	91.6	92.3	92.7	93.1	87.5	95.3	101.5	106.6	109	107.4	108.6	111.4	120.6	127	126	130.4	140.8	139.8	138.4	138.2	136.2	133.2	133.4	133.6	133.2	133	133.2	134	131.6	128.8	129.6	132.4	132.2	133	133	132.8	130.7	130.6	130.6	130.2	129.4	127.9	125.5	117.7	123.3	129.4	121.8	115.3	115.6	118	121.6	123.2	123.9
196.8	197.2	197.2	197.2	197.2	196.4	194.8	194.4	193.6	191.2	188.8	186	182.4	179.2	174	168.4	164	157.2	150.8	144.4	138.8	134	130.8	128.4	127.6	130.8	141.2	150.8	156.8	156	149.6	147.6	148.2	145.4	143.5	141.7	139.1	135.1	131.2	129.1	134.1	138.5	142.1	144.5	143.8	141.4	138.3	133.4	135.6	135.4	130.4	110.2	88.6	74.9	61.1	53.4	68.2	83	86.3	83	75.6	70.9	65.6	55.9	52	59	65.6	69.4	71.2	75.8	80.4	78	76.7	78.7	79.5	79.1	77.4	72	66.6	61.6	62.7	64.9	67	68.9	71.3	73	73.4	73.5	72.6	72.5	72.8	72.3	73.1	72.6	72.3	73.4	72.7	73.6	75	74.1	73.8	74.5	74.3	75.3	76	75.3	74.8	74.7	75.9	77	78.8	78.2	77.9	80.1	80.5	80.1	79.6	77.3	76.8	76.2	75.9	75.2	76.2	76.3	77	76.8	76.8	77.5	76.8	73.9	71	69.3	66.8	65.8	66.6	65.9	67.8	70.3	72.9	75.5	79.2	83.5	87.9	91.8	92.9	92.8	91.4	97.9	103	108.5	110	109.4	108.6	110.6	118.6	126.8	126	127.4	138.4	140.6	138	138.4	137.2	135.4	136.2	134.4	133.6	132.9	132.7	131.1	127.5	125.1	127.1	130.2	131.2	132.8	132	129.1	126.5	126.9	128.3	130.6	130.6	128.6	124.8	116	118.6	124.2	120.4	116.2	116.4	122	124.2	124.8	126.6
204	204	204	204	204	204	204	202.6	204	204	204	204	204	204	200	192	182	172	162.8	154.4	147.2	142.8	141.2	142.4	146	154	160.4	156.4	151.2	159.6	158.8	149.6	140.8	138	138.7	140	136.5	126.4	124.2	132.6	140	141.4	144.9	144.3	143	141.4	140.7	139.1	136.1	132.4	127.1	115.2	101.2	80.1	67.2	60.5	67.9	83.2	90.8	95.1	83.9	72.4	67.6	58.1	50.8	55.1	60.9	65.4	69.2	72.2	77.2	80.8	81.4	80.5	79.2	81	81.1	79.6	75.6	69.9	64.5	62.6	61.6	65	68.8	71.6	72.1	72.3	72.8	73.6	74.3	74.2	73.3	73.9	75.5	76	76.5	75.8	77	77.8	78.6	78.6	78.5	79.6	79.2	78.7	78.9	81	82.3	83.7	82.7	80.6	81.3	81.5	82.6	82	80.2	78.8	79.5	79.9	78.4	76.4	75.8	75.9	76.6	77	76.7	76.9	74.1	71.1	69.2	68.2	66.7	65.2	65.9	67.2	70.8	73.9	77.3	79.8	81	83.4	89.2	92.3	93.3	92.4	93.3	100.8	107.6	108.2	106.2	106.6	107.4	108.8	114.6	125.2	130.8	128.9	131.8	141.4	140.4	135.6	133.6	129	131	134	133.1	133.8	133.6	131.2	128	126.6	129.2	133.2	136.4	137.2	131.9	127.4	128.3	129.3	128.2	129.6	128.4	127.2	122	111.6	114.8	119.8	119	114	113	122.6	124.2	127.2	131.4
204	204	204	204	203.8	203.8	204	203.6	204	204	204	204	204	204	200	190.5	180.4	170.8	161.6	152.8	147.6	144.4	145.2	147.2	150.8	154	156.4	156	152.4	156.4	156.7	147.1	141.7	138.2	138.8	139.2	132.5	125.6	132	138.3	139.7	140.8	142.8	142.9	140.2	140.3	138.9	138.9	138.4	132.9	126.4	115.9	104.4	85	67	58.4	64.3	81	89.2	96.3	89.5	75.2	68.1	58.5	51.6	55.2	60.5	65.4	68.3	71.3	75	79.3	81.6	80.8	78.6	81	81.4	78.8	77.2	73.2	67	61.5	60.6	63.6	66.8	69.7	72.3	72.9	72.7	74.1	75.6	74.6	73.6	74.1	74.7	76.3	77.2	76.6	77.2	78.9	79.3	78.9	79.1	79.6	78.6	78.7	79.3	80.7	82.4	83	83.2	82	81.9	82.4	82.4	80.8	79.1	79.1	78.9	78.7	77.3	76.1	74.9	74.7	75.4	76.1	76.1	75.1	71.9	70	69	67.8	66.6	66.6	67.6	68.2	70.9	74.7	79	80.1	80	79.1	84.8	91.7	93.9	94.1	96	102.6	106.7	107.8	105.6	105.6	106.6	108.2	112.6	122.8	132.2	130.7	128	139.2	138.6	134	130.6	129.2	130.8	131.6	132	133	133.6	132.4	133	131.8	131.2	134.8	140	140	137	132.8	130.8	130.6	128.6	127.4	126.4	126.8	124.2	115.4	118.6	123.4	122	117.4	113.2	119.4	121.8	126	130.6
204	204	204	204	201.9	200.2	199.6	198.4	196	194	189.2	184	178.4	172.8	167.6	161.2	156	150.8	147.6	148	148.8	148.8	151.6	152.8	148	146	145.6	146	147.2	148.4	145.3	143.3	140.8	137.9	136.2	137.1	136	130.8	135.2	138.2	138.2	141	141.8	141.3	139.4	139.8	141.7	141	140.3	136.8	131.1	113.3	97.5	85.9	70.6	63	65.8	78.1	87	89.2	90.6	87.4	74.1	60.5	50.7	53.3	57.7	63	66.2	67.3	70.2	74.3	79.1	83.9	82.6	79.1	81.1	81	80.2	78.8	74.6	69.4	62.2	59	59.7	63.1	67	68.7	71.1	72.4	73.4	73.6	72.1	72.9	73.3	73.9	75.1	77.3	78.3	77.5	76.4	78.5	80.1	79.6	79.9	80.8	80	79.9	80.5	80	80.9	80.3	80.4	81.8	81.6	79.3	78.1	78	76.7	76.1	74.5	74.3	76.5	75.2	75.1	75.2	73.8	72.4	70.5	67.3	66.6	66.8	66.5	68	69.7	71.5	74.2	78.2	79.9	79.4	80.4	79.1	81.8	89	94.9	98.8	103.8	107.6	105.7	103.3	102.2	103.2	105	105.6	109.6	119.6	131.6	136.9	130.7	136.8	141.8	137	129.2	131.2	133.6	131.4	129.4	131	134	133.6	131.2	130.8	130	130	136.2	140.8	138.4	135.4	133.8	131	128.4	127.8	128.8	128.2	122	116	126.4	129	124.6	119.8	115.4	120	120.6	126.8	130.8
199.2	198.4	197.6	196.2	194.2	192	188.8	185.6	181.6	177.6	174	169.6	164.8	159.6	156	152.4	148.8	147.6	148	150	150.4	151.2	152.4	151.2	148.8	147.2	145.6	145.6	144.9	143.2	142.5	141	138.7	137.7	135.7	136.6	139.3	136.4	136.2	138.5	139.1	140.6	140.5	139.9	141.5	141	140.2	139.1	137.5	134.5	131.9	124.7	109.5	90.6	72.6	64.3	62.5	71	84.2	88.8	91.7	94.8	80.7	62.2	53	54.3	59.5	63.2	66	68	70.9	73.5	77.7	84.4	85.2	80.9	80.3	81.9	82.4	81.3	77.6	71.9	65.6	60.2	59.4	61.5	65.4	68.1	70.7	72.5	73.2	73	73.5	73.3	73.5	74.2	76.3	77.4	77.7	78	78.8	80.4	80.5	81	81.5	81.4	81.1	80.3	80	80	80.3	79.7	79.8	80.8	81.4	79.1	77.4	77.3	77.2	75.2	73.5	74.5	75.2	75.1	74.6	73.5	72.5	71.3	70.3	68.5	67.5	66.7	66.5	68.8	70.3	72.6	76.4	79	80.3	80.8	80.6	77.7	80.7	84.6	92.1	104.1	110.2	108	106.2	103.8	99.6	101	104.6	105.2	107.8	115.4	125.8	133.8	137.6	137.4	136.8	134.4	129.4	131.4	132.4	131	130.6	133.6	135.4	135.4	135	132.6	132	130.4	132	137.8	140.4	138.6	135.8	132	132	131	131	128.7	122.2	117	126.4	129.6	127.4	120.6	116.8	121.4	121.6	129.4	134
172.8	170.8	168.8	166.8	164.4	161.6	157.6	155.6	152.4	149.6	147.2	146.8	146	147.6	149.6	150.8	151.2	151.6	154.4	157.6	157.2	154.8	148.8	144.4	148	150.8	148.4	150	147.7	144	140.8	139.4	139.8	139.5	138.4	142	142.3	138.9	136.2	139.8	142.5	141.3	139.7	140.2	139	135.5	139.1	138	135.3	132.4	130.8	116.8	99.6	87.6	83.2	82	76.2	78.7	81.6	85.4	96.1	104.9	101.2	80.9	59.7	54.2	59.2	63.9	65.6	67.8	69.4	71.9	75.7	79.9	86.1	86.1	84.4	83.5	83.9	84.9	83	81.8	76.9	70.6	64.4	59.9	60	63.2	65.8	68.2	71.5	71.8	72.5	72.6	72.3	73.3	74.6	75.4	76	76.3	78	79.8	79.8	79.6	79	79	78.5	77.6	77.4	78.5	78.7	79	78.3	78.6	78.7	78.8	78.4	76	75.4	74.6	75.7	74.1	73.5	72.7	71.4	72.4	71.4	70	69.7	68.2	66.4	68.1	70.4	72.7	75.2	77.4	78.6	79.4	79.6	81	82.6	80.4	80.6	87.5	103.6	115.7	112.4	108.4	106.6	104.4	102.4	101.8	105.4	107.2	111	117.5	130.2	141.4	142.2	136	135.2	130.4	131.3	135.6	135.4	134	134.8	139.8	141.2	138.4	136.2	134.8	132.4	129.2	128.2	133.8	135.8	139	143.2	141.5	137.4	136	132.8	132.6	129.1	125.7	134.4	131.6	129	126.5	126.6	126.4	120.8	129.2	138.2
157.6	156	154.4	152.8	150.4	147.6	145.2	143.2	141.6	141.2	142	144	146	150	152.4	151.2	150.4	150.4	152.8	157.6	158.8	152.8	146	145.2	146.8	148	148	146.4	141.5	141	138.4	134.4	137.1	137.6	139.9	140.5	141.4	138.6	135.4	139.1	142.7	140	140.7	140.2	136.1	136.5	140	140.9	135.1	132.3	132.7	119	101.9	85.8	83.8	86.9	80.2	78.8	78.8	82.7	95.5	104.1	106	90.9	63.5	54	60.3	64	66.6	68.4	69.6	70.7	73.4	77.3	83.1	85.3	85.7	83.9	82	83.3	83.2	82.9	79.2	73	66.5	61.2	59.7	61.4	64.2	67.5	69.9	70.5	71.1	71.6	71.5	71.6	72	71.7	73.5	75.9	77	78	78.3	78.1	76.4	76.2	77.1	75.8	76	77.4	77.7	78.1	77.1	77.2	76.9	76.8	75.5	73.5	73.2	73.7	74.2	73.5	72	71.1	71.2	71.7	71.5	69.3	70.1	68.9	66.5	68.7	71.4	73.2	76.4	78.1	78	78.8	79.3	80.7	82.4	82	82.2	91.1	107.4	113.8	107.3	104.7	104.8	103.2	104.4	101.5	103.7	107	110.2	117.4	129	140	142.1	135.6	132	130.1	133.6	138.6	138.4	135.2	134.2	136.4	138.2	137.2	134.8	133	130.8	129.6	127.8	129.4	131.6	135.6	141	141.6	137.6	135.4	131.6	130.4	126.4	131.2	141.6	132.2	128.8	126.4	126.9	124.7	118.6	129.8	140.2
128.4	128.4	128.4	128.4	128.4	128.4	128.4	128.4	128.4	128.4	128.4	128.4	128.4	128.4	128.4	128.4	128.4	128.4	128.4	128.4	128.4	128.4	128.4	128.4	128.4	128.4	127.2	123.4	120.7	119.6	119.5	119.5	119.4	119.5	118.4	117.5	117.8	119.2	118.4	118	120	120.8	120.8	120.3	120.1	120.2	119.9	119.3	118.6	118.5	118.6	113.2	97.9	79.2	70.8	70.6	71.8	69	68.7	71.2	73	72.6	71.2	70.1	68.2	67.4	67.4	64.9	63	60.8	58.9	56.6	55.2	54.3	53.6	53	52.1	52	50.9	51.5	52.9	54	53.3	53.1	53.1	52.3	52.2	51.6	51.2	51.7	51.7	50.9	50.9	50.9	50.5	50.5	50.7	50.4	49.9	49.7	49.7	49.4	49	49.1	48.3	47.8	47.8	48.1	48	47.6	48.3	48.5	48.5	48	47.9	47.5	46.8	46.7	46.4	45.8	45.7	45.2	45.8	45.5	45.8	46.7	48.1	49	50.5	51.3	52.1	55.3	57.9	60.5	61.2	61.1	61.9	62.7	62.7	64	65	62.6	63.3	75.3	81.8	80.3	78.3	76.4	76.1	77.8	77.8	77.1	79.7	84.8	86.6	90.4	96.8	106.4	114.7	116.6	115.1	118.4	121.6	123.2	124.4	123.6	121.6	119.2	119.2	119.6	120.4	120.8	121.3	123.9	123	119.2	118.6	119	119	121.4	122.2	121.8	118.8	115.8	114.2	115.8	118.6	119.4	119.2	119	119	119.1	118.9	116	116.2
204	204	204	204	204	204	204	204	204	204	204	204	204	204	204	204	204	204	204	204	204	204	204	204	202.4	199.4	196.7	195.4	194.9	194.2	194.3	194.7	194.4	194.1	193.4	193.5	193.4	193.8	194.7	192.9	193.6	195.8	196.4	195.9	195.7	196	195.6	194.8	194.3	194	194	186.6	165.5	147.2	144.8	146.9	152.8	151.3	147.2	147	147.9	148	148.1	146.9	145.8	144.8	143.6	141.4	139.5	137	135.6	133.4	132.1	130.9	129.4	128.7	128.2	126.8	126.3	126.6	127.1	127.9	127.9	128.8	129.4	128.4	127.4	127.3	127.4	126.5	127	126.2	126.2	126.6	126.3	125.9	126.9	126.9	126.1	126	125.3	125.1	124.5	124.7	124.1	124.1	123.8	123.7	123.8	123.8	123.9	123.6	122.9	122.6	122.3	121.9	122	122	121.5	121.1	121.1	121.1	120.8	121.3	122.4	123.5	124.9	126.1	126.6	127.7	130.4	133.2	135.5	136.6	137	136.8	137.9	138.3	138.4	139.2	139.6	136.9	141.7	153	155.2	153.6	150.6	147.4	147.9	152.7	153.4	156	160.2	161.4	163.2	165.8	173.6	184.3	193.5	192.8	190.8	197.6	196.2	196	197.5	195.9	192.8	194	195	196	196.4	197.4	201.6	199.5	197	196.6	196	193.8	195	198.8	199.2	196.2	193.4	190.6	189.2	193.2	197.4	196.2	196.4	195.2	194.6	195.8	190.6	188.1	191.8
204	204	204	204	204	204	204	204	204	204	204	204	204	204	204	204	204	204	204	204	203.8	204	203.8	202.9	202.4	199.4	197.2	195.8	195.2	194.7	192.3	194.3	194.2	193.5	193.4	193.1	193.3	192.9	193.4	193.1	192.1	194.1	195.9	196.2	195.9	195.7	195.9	195.4	194.5	194.4	194.2	187	166.6	149.3	145.5	146.6	152.8	160.4	154.9	147.8	146.8	147.4	147.4	147.6	145.9	145.3	145.9	144.1	141.8	139.8	138	135.3	133.4	131.1	130.1	129.5	128.5	127.6	127	126.6	126.2	126.3	125.5	125.7	126.4	127.2	127.3	127.1	127.5	127.7	127.2	126.4	126.6	126.2	126.1	125.9	125.9	126	126.2	126	125.9	125.5	125.5	124.8	124.5	124.4	123.7	122.9	122.9	122.5	121.7	120.6	120.5	120.9	121.1	120.2	120.3	120.8	120.9	120.7	121	121.4	121.4	122.4	123.8	125.4	126.6	127.8	129.4	131.4	133	134.4	135.6	136.1	136.4	137.1	137.3	137.5	137.8	138.3	138.6	142.5	151.5	154.8	153.9	153.4	153.9	149.6	145.7	147.6	153.2	155.8	160.8	162	163.2	164.8	171.8	183.2	190.7	193.9	191.4	189.4	190.4	189.4	190.4	194.2	195.1	194.6	196.6	195.6	193.4	191.6	193	193.4	193.8	195.8	196	191.8	190.2	193.4	193.4	191.8	192.4	194.2	194.6	195	194.6	195	195.2	196	192.8	188.8	188.8	187.9	189
204	204	204	204	204	204	204	204	204	204	204	204	204	204	203.7	204	204	204	202.1	198.6	198.7	200.2	198.7	198.1	196.7	196.3	195.5	195	194.7	194.7	193.8	194	193.6	193.5	193.5	192.9	192.4	192.4	192.7	193.6	192.1	192.9	195.2	195.8	195.7	195.4	195.7	195.2	194.5	194.7	194.4	189	169.8	150.7	145.1	146.2	151.5	159.5	159.1	151	147.9	147.3	147.7	147.9	147.3	146.2	146	144.5	142.9	141.2	139.9	137.4	134.9	132.3	130.5	130	128.7	128.4	127.9	126.7	125.7	126.1	125.8	125.1	124.7	125.5	126.3	126.5	127.2	126.9	126.7	126.6	126.5	126.1	126.1	126.2	125.3	125.6	126.3	125.9	125.7	125.6	125.6	125.6	124.6	123.6	122.8	122.3	121.7	121	119.9	119.3	118.9	119.7	121	120.2	119.5	120.5	120.5	120.9	121.5	121.8	122.5	123.1	125	126.7	127.9	129.2	131.2	133.4	134.3	135.2	136.1	136.5	136.9	137.4	138.2	138.6	138.8	138.5	138.7	143.5	153.8	154.9	153	153.1	154.5	150.9	145	143.9	147.8	152.9	157.6	160.4	163.2	164.6	170.4	180.6	192.2	194.9	192.4	189.2	190.8	190.2	191.6	194.2	195.6	197.4	198	194.8	190.8	190	192.2	193.4	194.8	196.6	198.4	193.3	189.4	190.4	190.6	189	191.6	193	193.8	196	195.6	193.8	192.4	193	191.8	189	189.8	189.8	187.6
