331.5	331.5	331.5	331.5	331.5	331.5	331.5	331.5	331.5	331.5	331.5	331.5	331.5	331.5	331.5	331.5	331.5	331.5	331.5	331.5	331.5	331.5	331.5	331.5	331.5	331.5	331.5	331.5	331.5	331.5	331.5	331.5	331.5	331.5	331.5	331.5	331.5	331.5	331.5	331.5	331.5	331.5	331.5	331.5	331.5	331.5	331.5	331.5	331.5	331.5	331.5	331.5	331.5	331.5	331.5	331.5	331.5	331.5	331.5	331.5	331.5	331.5	331.5	331.5	331.5	331.5	331.5	331.5	331.5	331.5	331.5	331.5	331.5	331.5	331.5	331.5	331.5	331.5	331.5	331.5	317.5	299.3	292	281.9	280.9	287.8	288.1	277.9	272.4	283.2	280.8	265.7	266.7	281.9	289.9	291.9	300	302.1	298.4	296.6	295.7	284	276.5	274.9	261.6	254.2	264.3	267.5	267.7	263.7	256.1	256.9	254.1	255.8	262.8	262.2	262.8	262.8	263.4	264.3	264.9	264.3	265.8	268.8	270.3	270.6	270.3	269.7	274.8	278.4	277.2	281.1	284.7	284.7	293.1	307.5	320.4	331.5	331.5	331.5	331.5	331.5	331.5	331.5	331.5	331.5	331.5	331.5	331.5	331.5	331.5	331.5	331.5	331.5	331.5	331.5	331.5	331.5	331.5	331.5	331.5	331.5	331.5	331.5	331.5	331.5	331.5	331.5	331.5	331.5	331.5	331.5	331.5	331.5	331.5	331.5	331.5	331.5	331.5	331.5	331.5	331.5	331.5	331.5	331.5	331.5	331.5	331.5	331.5	331.5	331.5	331.5	331.5	331.5	331.5
331.5	331.5	331.5	331.5	331.5	331.5	331.5	331.5	331.5	331.5	331.5	331.5	331.5	331.5	331.5	331.5	331.5	331.5	331.5	331.5	331.5	331.5	331.5	331.5	331.5	331.5	331.5	331.5	331.5	331.5	331.5	331.5	331.5	331.5	331.5	331.5	331.5	331.5	331.5	331.5	331.5	331.5	331.5	331.5	331.5	331.5	331.5	331.5	331.5	331.5	331.5	331.5	331.5	331.5	331.5	331.5	331.5	331.5	331.5	331.5	331.5	331.5	331.5	331.5	331.5	331.5	331.5	331.5	331.5	331.5	331.5	331.5	331.5	331.5	329.4	321	315.3	311.1	310.2	284	264.4	264	266.1	254.6	249.7	233.3	218.9	217.3	206.8	201.5	203.2	205.5	202.8	205.1	217.5	235.6	251.5	253.9	245.7	242.7	247.3	251.6	252.8	250.9	234.5	231.3	229.9	216	210.4	215.6	222.6	224.7	220.1	212.5	215.3	242.3	260.1	255	255	259.8	259.8	260.1	260.7	261.3	261.6	256.8	258.5	264.3	264.3	264	265.8	266.4	266.4	269.7	271.8	274.5	280.5	295.2	310.2	321	331.5	331.5	331.5	331.5	331.5	331.5	331.5	331.5	331.5	331.5	331.5	331.5	331.5	331.5	331.5	331.5	331.5	331.5	331.5	331.5	331.5	331.5	331.5	331.5	331.5	331.5	331.5	331.5	331.5	326.7	323.1	324.7	317.5	321.5	331.5	331.5	331.5	331.5	331.5	331.5	331.5	331.5	331.5	331.5	331.5	331.5	331.5	331.5	331.5	331.5	331.5	331.5	331.5	331.5	331.5
331.5	331.5	331.5	331.5	331.5	331.5	331.5	331.5	331.5	331.5	331.5	331.5	331.5	331.5	331.5	331.5	331.5	331.5	331.5	331.5	331.5	331.5	331.5	331.5	331.5	331.5	331.5	331.5	331.5	331.5	331.5	331.5	331.5	331.5	331.5	331.5	331.5	331.5	331.5	331.5	331.5	331.5	331.5	331.5	331.5	331.5	331.5	331.5	331.5	331.5	331.5	331.5	331.5	331.5	331.5	331.5	331.5	331.5	331.5	331.5	331.5	331.5	331.5	331.5	331.5	331.5	331.5	331.5	331.5	331.5	330.6	331.5	331.5	328.2	321.6	311.9	308.1	306.3	295.8	276.2	257.4	247.3	238.6	242.7	233.8	220.9	210	202.6	203.6	203.6	204.5	208.8	208	214.3	213.6	203.3	219.3	234.8	231.5	226.4	232.3	225.8	236.6	237.2	227.7	226.6	215.8	204.7	203.6	201.1	207.5	214.9	215	210.7	198.7	204.5	231.9	244.6	247.9	238.1	253.6	259.5	259.8	260.1	260.7	259.8	254	262.2	264.3	264.3	264.3	264.9	265.2	265.5	267.3	271.8	276.9	280.3	289.7	308.4	321.6	330.9	331.5	331.5	331.5	331.5	331.5	331.5	331.5	331.5	331.5	331.5	331.5	331.5	331.5	331.5	331.5	331.5	331.5	331.5	331.5	331.5	331.5	331.5	331.5	331.5	331.5	331.5	331.5	331.5	319.1	320.7	327.5	320.7	325.1	331.5	331.5	331.5	331.5	331.5	331.5	331.5	331.5	331.5	331.5	325.1	324.7	327.1	327.9	331.5	331.5	331.5	331.5	331.5	331.5
331.5	331.5	331.5	331.5	331.5	331.5	331.5	331.5	331.5	331.5	331.5	331.5	331.5	331.5	331.5	331.5	331.5	331.5	331.5	331.5	331.5	331.5	331.5	331.5	331.5	331.5	331.5	331.5	331.5	331.5	331.5	331.5	331.5	331.5	331.5	331.5	331.5	331.5	331.5	331.5	331.5	331.5	331.5	331.5	331.5	331.5	331.5	331.5	331.5	331.5	331.5	331.5	331.5	331.5	331.5	331.5	331.5	331.5	331.5	331.5	331.5	331.5	331.5	331.5	331.5	331.5	331.5	331.5	331.5	323.5	326.1	317.7	307.2	297.5	279.7	267.7	265.1	244.7	225.7	218.6	207.3	197.1	197.2	195.3	194.3	192.4	202.1	209.7	204.9	210.8	214.4	204.3	208.8	202.9	204.4	202.7	190.2	188.6	190.7	199	205.1	219.2	224.6	210.1	209.2	220.5	228.3	205.6	197.7	195.4	190	202	201.2	185.6	186.5	184.9	188.4	211.4	226.1	224.9	219.3	240.9	254.8	257.8	253.5	248.7	249.5	258.2	261.3	261.6	262.8	263.4	264	263.7	263.7	265.2	264.4	255.3	259	273	280.8	295.8	313.5	328.8	331.5	331.5	331.5	331.5	331.5	331.5	331.5	331.5	331.5	331.5	331.5	331.5	331.5	331.5	331.5	331.5	331.5	331.5	331.5	331.5	331.5	331.5	331.5	331.5	331.5	331.5	331.5	331.5	331.5	331.5	331.5	331.5	331.5	331.5	331.5	331.5	331.5	331.5	331.5	327.9	325.9	323.1	320.7	325.1	331.5	331.5	331.5	331.5	331.5	331.5	331.5
331.5	331.5	331.5	331.5	331.5	331.5	331.5	331.5	331.5	331.5	331.5	331.5	331.5	331.5	331.5	331.5	331.5	331.5	331.5	331.5	331.5	331.5	331.5	331.5	331.5	331.5	331.5	331.5	331.5	331.5	331.5	331.5	331.5	331.5	331.5	331.5	331.5	331.5	331.5	331.5	331.5	331.5	331.5	331.5	331.5	331.5	331.5	331.5	331.5	331.5	331.5	331.5	331.5	331.5	331.5	331.5	331.5	331.5	331.5	331.5	331.5	331.5	331.5	331.5	331.5	331.5	331.5	330.3	327.9	327.3	320.1	305.5	293.1	284.6	260.8	246.2	228.1	213	204.6	204.9	199.9	194.2	189.3	183.6	180.6	190.9	203.6	197.2	180.5	184.5	189.6	196.4	204	199.3	190.4	187.6	167.6	164.8	179.1	181.5	182.5	207.9	216.7	202.8	206.7	212.7	222	205.3	192.2	193.6	192.5	196.9	198.2	184	181.4	180.6	183	202.6	217.2	216.6	207.7	227.4	248.5	259.5	260.1	252.1	251.1	253.8	260.2	261.3	262.8	263.4	263.4	263.7	263.1	263.4	264	263.2	257.1	268.8	273.6	282.9	296.7	315.3	329.7	331.5	331.5	331.5	331.5	331.5	331.5	331.5	331.5	331.5	331.5	331.5	331.5	331.5	331.5	331.5	331.5	331.5	331.5	331.5	331.5	331.5	331.5	331.5	331.5	331.5	331.5	331.5	331.5	331.5	331.5	331.5	331.5	331.5	331.5	331.5	330.3	331.5	331.5	329.1	324.3	329.1	327.9	331.5	331.5	331.5	331.5	331.5	331.5	331.5	331.5
331.5	331.5	331.5	331.5	331.5	331.5	331.5	331.5	331.5	331.5	331.5	331.5	331.5	331.5	331.5	331.5	331.5	331.5	331.5	331.5	331.5	331.5	331.5	331.5	331.5	331.5	331.5	331.5	331.5	331.5	331.5	331.5	331.5	331.5	331.5	331.5	331.5	331.5	331.5	331.5	331.5	331.5	331.5	331.5	331.5	331.5	331.5	331.5	331.5	331.5	331.5	331.5	331.5	331.5	331.5	331.5	331.5	331.5	331.5	331.5	331.5	331.5	331.5	331.5	327.9	319.8	314.2	307.7	297.5	283.4	278	265.4	259.7	257.4	248.2	226.9	212.6	199	189.4	190.8	193.2	207.7	200.1	177.4	173.5	176.3	177.1	175.3	169.7	169.7	184.2	184.6	184.6	188.6	180.1	172.8	167.5	173.2	184.5	184.8	186.2	189.4	184.1	190.4	201.2	204.4	192	180.9	186.5	189.8	185	179	189	187.3	176.5	176.1	179.6	179.2	186.5	194.1	201.3	205.8	198	213.7	240.1	258.9	259.5	260.1	260.7	260.1	260.7	258.5	257.9	253.3	251.6	253.2	252.8	253.9	258.9	264.3	265.5	266.4	268.2	273.1	287.7	308.1	326.7	331.5	331.5	331.5	331.5	331.5	331.5	331.5	331.5	331.5	331.5	331.5	331.5	331.5	331.5	331.5	331.5	331.5	331.5	331.5	331.5	331.5	331.5	331.5	331.5	331.5	331.5	331.5	331.5	331.5	331.5	331.5	331.5	331.5	331.5	331.5	331.5	331.5	331.5	331.5	331.5	331.5	331.5	331.5	331.5	331.5	331.5	331.5	331.5
331.5	331.5	331.5	331.5	331.5	331.5	331.5	331.5	331.5	331.5	331.5	331.5	331.5	331.5	331.5	331.5	331.5	331.5	331.5	331.5	331.5	331.5	331.5	331.5	331.5	331.5	331.5	331.5	331.5	331.5	331.5	331.5	331.5	331.5	331.5	331.5	331.5	331.5	331.5	331.5	331.5	331.5	331.5	331.5	331.5	331.5	331.5	331.5	331.5	331.5	331.5	331.5	331.5	331.5	331.5	331.5	331.5	331.5	331.5	328.8	331.5	331.5	331.5	330.9	322.5	316.5	309.6	303	276.8	267.6	270	261.4	249.8	248	234.6	207.9	193.3	179.9	171.7	181.6	188.1	198.5	192.7	179.1	178.7	178.5	179.2	188.9	192.1	191.3	194.2	203	201.2	205.8	193.4	182.8	179.6	166.1	173.8	185.8	168.2	146.6	155.2	165.8	162.1	159.6	155	157.4	174.2	175.8	167.8	176.7	177.1	180.3	181.4	175.8	169	170.2	182.2	204.9	212.1	191.6	197.4	215	243.8	258.6	259.2	259.8	259.8	259.8	260.1	256.2	248.9	252.4	260.7	247.6	239.2	253.1	263.4	264.3	264.9	260.9	256.2	267.2	278.1	295.2	316.8	331.5	331.5	331.5	331.5	331.5	331.5	331.5	331.5	331.5	331.5	331.5	331.5	331.5	331.5	331.5	331.5	331.5	331.5	331.5	331.5	331.5	331.5	331.5	331.5	331.5	331.5	331.5	331.5	331.5	331.5	331.5	331.5	331.5	331.5	331.5	331.5	331.5	331.5	331.5	331.5	331.5	331.5	331.5	331.5	331.5	331.5	331.5	331.5
331.5	331.5	331.5	331.5	331.5	331.5	331.5	331.5	331.5	331.5	331.5	331.5	331.5	331.5	331.5	331.5	331.5	331.5	331.5	331.5	331.5	331.5	331.5	331.5	331.5	331.5	331.5	331.5	331.5	331.5	331.5	331.5	331.5	331.5	331.5	331.5	331.5	331.5	331.5	331.5	331.5	331.5	331.5	331.5	331.5	331.5	331.5	331.5	331.5	331.5	331.5	331.5	331.5	331.5	331.5	331.5	331.5	331.5	330	324.6	327.6	328.8	322.2	313.5	310.2	302.4	292.3	280.4	248.1	224.1	229.2	233	231.9	229.8	225.9	202.8	185.6	170.5	175.9	181.6	190.3	193.8	189.3	190.1	180.9	176.1	182.4	195.6	195.4	194.8	196.8	188.4	182.1	190.7	183.1	170.9	156.2	157.4	156.5	155.5	160.5	146.6	137.6	140	152.5	152.1	143.8	137.8	146.3	163.8	163.4	165.9	169.8	155.4	151.9	167.9	175.2	174.4	169.1	168.1	190.6	190.5	182.5	189.5	202.5	226.8	239.7	235.2	233.1	232.7	238.2	235	252.5	247.8	233	233.2	232.5	250.7	262.7	254.3	256.6	257.5	261.5	265.2	266.1	268.2	276.3	295.8	315.9	328.8	331.5	331.5	331.5	331.5	331.5	331.5	331.5	331.5	331.5	331.5	331.5	331.5	331.5	331.5	331.5	329.9	331.5	331.5	327.9	327.9	331.5	331.5	331.5	331.5	331.5	331.5	331.5	331.5	331.5	331.5	331.5	331.5	331.5	331.5	331.5	331.5	331.5	331.5	331.5	331.5	329.9	327.1	321.5	318.3	329.9
331.5	331.5	331.5	331.5	331.5	331.5	331.5	331.5	331.5	331.5	331.5	331.5	331.5	331.5	331.5	331.5	331.5	331.5	331.5	331.5	331.5	331.5	331.5	331.5	331.5	331.5	331.5	331.5	331.5	331.5	331.5	331.5	331.5	331.5	331.5	331.5	331.5	331.5	331.5	331.5	331.5	331.5	331.5	331.5	331.5	331.5	331.5	331.5	331.5	331.5	331.5	331.5	331.5	331.5	331.5	331.5	331.5	331.5	327.9	322.5	323.1	321.9	315.3	309.6	304.2	295.2	287.7	276.9	234.2	208.9	216	217	214.4	207.7	196.8	180.8	185.6	197.4	195.5	191.4	198.8	192.5	186.5	190.6	181.4	173.3	173.6	181.8	168.8	158.4	161.2	157.3	149.8	151.6	145.3	143.3	139.4	145.6	140.4	140.6	151.7	147	136.4	131.3	141.4	141.3	134.5	125.9	124.7	128.7	130.3	128.6	129	121	118.8	129.6	132	134.4	135.9	136.2	156.7	172.5	173.4	184.3	188.7	208.2	222.4	224.2	219.9	229.4	246.3	239.4	251.4	249.5	231	221.8	224.7	244.1	252.3	245.3	258.4	262.4	264.3	264.9	265.5	266.1	269.4	282.3	300.6	319.2	331.5	331.5	331.5	331.5	331.5	331.5	331.5	331.5	331.5	331.5	331.5	331.5	331.5	331.5	331.5	329.1	331.5	331.5	331.5	331.5	331.5	331.5	331.5	331.5	331.5	331.5	331.5	331.5	331.5	331.5	331.5	331.5	331.5	331.5	331.5	331.5	331.5	331.5	331.5	331.5	331.5	330.3	324.7	322.3	331.5
331.5	331.5	331.5	331.5	331.5	331.5	331.5	331.5	331.5	331.5	331.5	331.5	331.5	331.5	331.5	331.5	331.5	331.5	331.5	331.5	331.5	331.5	331.5	331.5	331.5	331.5	331.5	331.5	331.5	331.5	331.5	331.5	331.5	331.5	331.5	331.5	331.5	331.5	331.5	331.5	331.5	331.5	331.5	331.5	331.5	331.5	331.5	331.5	331.5	331.5	331.5	331.5	331.5	331.5	331.5	331.5	329.4	322.2	316.8	312.9	308.1	303	300.3	295.2	285.6	277.2	272.4	269.4	260.6	247.4	216.1	203	192.8	178	170.4	180.3	200.6	195.1	186.9	189.4	193.2	199.2	200.4	201.3	192.6	180	167	160	164	148.9	150	161	155.7	139.7	137.1	148.8	140.4	129.6	136	129.7	130.8	140.4	131.3	119.1	124.4	127.5	121.5	119.3	121.6	120	120.8	122.4	124.3	119.7	109.8	110.7	112.1	113.1	115.6	120.4	125.2	131.5	143.7	150.1	159.7	172.1	178.1	188.8	199.2	220.9	225.2	223.3	238.3	228.7	212.1	215.1	221.1	214.3	218.6	229.6	252.9	265.2	265.5	264.3	264.3	265.5	265.2	265.5	270.3	282.6	304.5	329.7	331.5	331.5	331.5	331.5	331.5	331.5	331.5	331.5	331.5	331.5	331.5	331.5	331.5	331.5	331.5	331.5	331.5	331.5	331.5	331.5	331.5	331.5	331.5	331.5	331.5	331.5	331.5	331.5	331.5	331.5	331.5	331.5	331.5	331.5	331.5	331.5	331.5	331.5	331.5	331.5	331.5	331.5	331.5
331.5	331.5	331.5	331.5	331.5	331.5	331.5	331.5	331.5	331.5	331.5	331.5	331.5	331.5	331.5	331.5	331.5	331.5	331.5	331.5	331.5	331.5	331.5	331.5	331.5	331.5	331.5	331.5	331.5	331.5	331.5	331.5	331.5	331.5	331.5	331.5	331.5	331.5	331.5	331.5	331.5	331.5	331.5	331.5	331.5	331.5	331.5	331.5	331.5	331.5	331.5	331.5	331.5	331.5	331.5	330.9	325.8	320.1	314.4	311.7	306	301.5	297.9	287.7	280.5	276	272.1	262.1	254.4	250.4	212.1	196.3	186.5	184.1	184.4	191.7	197.8	191.3	184	183	184.4	181.2	182.4	177.8	173	166.1	143.8	138.4	149.6	139.7	136.4	144.6	145.6	127.8	129.2	137.4	125	122.2	129	124.9	123.6	126.4	117.4	113.9	114.4	116	114.5	114.5	117.7	117.7	116.9	116.1	118.8	117.5	107.6	109.5	109.9	108.3	111.1	109.9	106.8	107.2	105.9	108.7	112.5	119.7	127.7	142.2	167	194.4	217	224.9	236.5	226.9	206.5	211.7	214.9	197.7	199.9	223.3	240.4	254.8	263.1	263.4	265.5	265.2	264	265.2	266.1	272.4	285.6	303.9	318	331.5	331.5	331.5	331.5	331.5	331.5	331.5	331.5	331.5	331.5	331.5	331.5	331.5	331.5	331.5	331.5	331.5	331.5	331.5	331.5	331.5	331.5	331.5	331.5	331.5	331.5	331.5	331.5	331.5	331.5	331.5	331.5	331.5	331.5	331.5	331.5	331.5	331.5	331.5	331.5	328.7	329.5
331.5	331.5	331.5	331.5	330.9	331.5	331.5	331.5	331.5	331.5	331.5	331.5	331.5	331.5	331.5	331.5	331.5	331.5	331.5	331.5	331.5	331.5	331.5	331.5	331.5	331.5	331.5	331.5	331.5	331.5	331.5	331.5	331.5	331.5	331.5	331.5	331.5	331.5	331.5	331.5	331.5	331.5	331.5	331.5	331.5	331.5	331.5	331.5	331.5	331.5	331.5	331.5	331.5	325.5	319.2	315.6	313.5	309	304.5	297.3	288.9	280.5	259.3	251.3	254.5	252.1	236.5	218.9	214.3	209.8	192.3	197	192.6	189.4	188.1	190.3	180	180.5	181.4	175.4	168	157.7	154	152.9	146.3	145.1	141.8	124.1	126.8	138	134.1	132.7	136.4	123.3	119.1	121.7	118.6	115.3	118.9	124.8	137.4	130.5	114.7	114.5	114.1	113.2	115.2	117.1	117.1	116.3	116.5	111.3	110.9	112	109.1	112.4	111.1	109.1	111	110.1	108.2	107.1	102.9	102.1	104.8	107.1	112.5	120.1	126.5	140.1	167.3	190.5	200.6	197.2	193.4	197.7	198.1	182.1	178.2	202.6	208.6	204.6	231.2	249.4	259.5	265.5	265.2	264.3	264.3	265.2	267.3	274.5	295.5	325.5	331.5	331.5	331.5	331.5	331.5	331.5	331.5	331.5	331.5	331.5	331.5	331.5	331.5	331.5	331.5	331.5	331.5	331.5	331.5	331.5	331.5	331.5	331.5	331.5	331.5	331.5	331.5	330.3	331.5	331.5	331.5	331.5	331.5	331.5	331.5	331.5	331.5	331.5	324.3	314.7	311.1
331.5	331.5	331.5	331.5	331.5	331.5	331.5	331.5	331.5	331.5	331.5	331.5	331.5	331.5	331.5	331.5	331.5	331.5	331.5	331.5	331.5	331.5	331.5	331.5	331.5	331.5	331.5	331.5	331.5	331.5	331.5	331.5	331.5	331.5	331.5	331.5	331.5	331.5	331.5	331.5	331.5	331.5	331.5	331.5	331.5	331.5	331.5	331.5	331.5	331.5	331.5	331.5	331.5	323.1	315.9	312.3	311.1	308.1	300.3	291.6	283.8	272.1	240.1	236.1	244	234.3	222	202.6	192.9	175.5	169	187.1	180.2	166.6	155.9	149.2	140.5	141	142.9	137.7	136.7	137.6	140.4	142.9	137	135	132.5	120.9	120.5	127.7	120.3	117.2	118.3	110.8	111.5	113.7	110.6	106.1	114.5	123.4	133	125.3	112.2	112	117.7	117.7	117.7	120.9	124.3	121.9	115.9	114.9	112.9	112.4	108.8	111.6	110.4	112.8	113.1	109.7	109.3	116.3	111.9	106.4	104.4	103.8	105.8	112.5	119.3	121.3	130.1	146.5	171.6	189.3	188.3	189.4	188.9	175.6	173.6	187.7	193	189	207.7	233.3	249.9	261.5	265.5	264	265.2	265.5	265.8	269.7	281.1	311.4	331.5	331.5	331.5	331.5	331.5	331.5	331.5	331.5	331.5	331.5	331.5	331.5	331.5	331.5	331.5	331.5	331.5	331.5	331.5	331.5	331.5	331.5	331.5	331.5	331.5	331.5	331.5	330.3	331.5	331.5	331.5	331.5	331.5	331.5	331.5	331.5	331.5	331.5	331.5	324.7	318.3
331.5	331.5	331.5	331.5	331.5	331.5	331.5	331.5	331.5	331.5	331.5	331.5	331.5	331.5	331.5	331.5	331.5	331.5	331.5	331.5	331.5	331.5	331.5	331.5	331.5	331.5	331.5	331.5	331.5	331.5	331.5	331.5	331.5	331.5	331.5	331.5	331.5	331.5	331.5	331.5	331.5	331.5	331.5	331.5	331.5	331.5	331.5	331.5	331.5	331.5	331.5	331.5	324.6	313.8	306.6	303.9	303	298.2	287.7	274.5	251.1	224.5	204.3	198.4	194.7	191.9	187.4	183	175.9	153.1	146.6	160	153.6	146.3	142.1	140.1	132.4	128.4	130	130.5	131.6	131.8	134.6	137.5	139.5	140.4	138.4	128.2	119	112.8	107.7	106.4	105.9	100.6	104.5	103.2	101.8	102.5	105.7	122.1	122.6	110.3	106.7	108	112.4	112.1	114.1	116.7	118.4	118	117.5	118.5	115.1	112.1	108.9	108.9	110.1	112.4	108.8	104.4	104	108.7	107	106.6	109	106.3	104.7	104.7	111.9	117.4	121.6	124.8	137.2	166.8	170.8	169.4	171.2	172.2	170.9	176.2	187.2	182.1	179.5	191	209.8	238.6	261.9	265.2	264.9	265.8	266.1	266.1	267.3	272.8	292.8	323.1	331.5	331.5	331.5	331.5	331.5	331.5	331.5	331.5	331.5	331.5	331.5	331.5	331.5	331.5	331.5	331.5	331.5	331.5	331.5	331.5	331.5	331.5	331.5	331.5	331.5	331.5	331.5	331.5	331.5	331.5	331.5	331.5	331.5	329.5	329.5	329.9	331.5	331.5	331.5
331.5	331.5	331.5	331.5	331.5	331.5	331.5	331.5	331.5	331.5	331.5	331.5	331.5	331.5	331.5	331.5	331.5	331.5	331.5	331.5	331.5	331.5	331.5	331.5	331.5	331.5	331.5	331.5	331.5	331.5	331.5	331.5	331.5	331.5	331.5	331.5	331.5	331.5	331.5	331.5	331.5	331.5	331.5	331.5	331.5	331.5	331.5	331.5	331.5	331.5	331.5	327.3	317.7	309.3	304.8	301.5	297.9	291	276.5	257.9	234.2	209.3	194	186.3	183.6	184.1	181.4	157.5	146.1	137.8	142.3	146.7	142.3	138.9	137.7	127.5	124.6	123.9	119.7	121.2	121.4	122.8	120.8	121.9	125.8	134.2	140.3	139.7	134.3	130.5	127.7	125.1	119	110.4	113.3	107.6	105	106.5	105.7	113.2	113.4	108.8	104.7	104	105.7	106.8	108	108.9	110.4	111.6	115.1	120.5	120.1	119.3	118.9	117.3	118.1	116	114.8	112.4	112.7	111.6	110.3	109.3	107.3	103.3	105.1	108.3	111.8	115	117	119.2	125	146.4	174	168.8	168.8	170.5	169.4	171.4	181.7	181	176.1	183.5	202.1	231.3	258.6	264.9	265.2	265.5	266.1	266.4	267.3	268.5	279.3	306.6	331.5	331.5	331.5	331.5	331.5	331.5	331.5	331.5	331.5	331.5	331.5	331.5	331.5	331.5	331.5	331.5	331.5	331.5	331.5	331.5	331.5	331.5	331.5	331.5	331.5	331.5	331.5	331.5	331.5	331.5	331.5	331.5	331.5	327.9	331.5	331.5	331.5	331.5	331.5
331.5	331.5	331.5	331.5	331.5	331.5	331.5	331.5	331.5	331.5	331.5	331.5	331.5	331.5	331.5	331.5	331.5	331.5	331.5	331.5	331.5	331.5	331.5	331.5	331.5	331.5	331.5	331.5	331.5	331.5	331.5	331.5	331.5	331.5	331.5	331.5	331.5	331.5	331.5	331.5	331.5	331.5	331.5	331.5	331.5	331.5	331.5	331.5	328.8	322.5	314.7	308.7	306.9	303	297.3	289.8	281.7	259	224.7	200.8	188	180.7	177.8	176.4	174.2	174.5	167.6	140.7	127.4	122.2	128.2	136.8	133.3	127	127.8	121.3	116.4	114.4	108.2	109.7	111.3	110.4	110	109.1	113.6	118.4	121.2	128.4	129.7	130.5	129.3	131.8	126.7	116.7	113.8	112.4	109.2	105.5	103.4	109	107.2	102.5	100.9	98.8	99.6	100.1	102.8	102.1	99.5	101.5	106.4	111.9	114.7	115.6	116.7	119.3	120.4	119.5	117.6	114.4	115.2	113.6	110	108.8	108.9	104.5	102.2	102.8	106.8	108.7	113.5	116.6	118.1	125.2	157	164.4	166	166	168.3	169.4	170.3	172.4	174.7	174.9	186.7	221.1	251.2	262.8	264	264.3	264.3	265.8	267.3	266.4	267.3	270	287.7	320.1	331.5	331.5	331.5	331.5	331.5	331.5	331.5	331.5	331.5	331.5	331.5	331.5	331.5	331.5	331.5	331.5	330.7	328.7	330.3	329.1	331.5	331.5	331.5	331.5	331.5	331.5	331.5	331.5	331.5	331.5	331.5	331.5	331.5	331.5	331.5	331.5	331.5
331.5	331.5	331.5	331.5	331.5	331.5	331.5	331.5	331.5	331.5	331.5	331.5	331.5	331.5	331.5	331.5	331.5	331.5	331.5	331.5	331.5	331.5	331.5	331.5	331.5	331.5	331.5	331.5	331.5	331.5	331.5	331.5	331.5	331.5	331.5	331.5	331.5	331.5	331.5	331.5	331.5	331.5	331.5	331.5	331.5	331.5	331.5	329.7	325.8	318.9	310.2	305.1	304.5	299.7	292.2	284.7	276.9	258.5	226.1	198.1	193.2	182	178.4	177.2	172.9	150.5	126.1	117.9	120.3	121.8	120.4	119.1	114.2	110.7	111	109.1	106.4	103.1	99.2	98.4	96.9	96	98	100.4	107.1	109.2	108.9	113.7	112.7	116.1	120.4	126.4	129.6	132.7	135	130.4	125.2	120.2	112.6	115	116.9	116.5	115.3	110.1	105.9	108.1	113.6	111.3	107.3	106.9	108.1	108.1	108.5	107.5	109.1	112.9	115.2	120.3	121.1	116.4	116.1	116	111.2	110.8	109.9	110.9	107.7	101.8	103.9	105.1	105.9	107	112.6	118.1	133.6	153.6	162.1	166	168.4	171.1	169.4	169.5	172.4	173	178.1	195.7	222.6	248.8	262	264	264	265.2	267	266.4	267	268.5	276.3	306	327.1	331.5	331.5	331.5	331.5	331.5	331.5	331.5	331.5	331.5	331.5	331.5	331.5	331.5	331.5	331.5	330.7	326.3	329.1	331.5	331.5	331.5	331.5	331.5	331.5	331.5	331.5	331.5	331.5	331.5	331.5	331.5	331.5	331.5	331.5	331.5	331.5
331.5	331.5	331.5	331.5	331.5	331.5	331.5	331.5	331.5	331.5	331.5	331.5	331.5	331.5	331.5	331.5	331.5	331.5	331.5	331.5	331.5	331.5	331.5	331.5	331.5	331.5	331.5	331.5	331.5	331.5	331.5	331.5	331.5	331.5	331.5	331.5	331.5	331.5	331.5	331.5	331.5	331.5	331.5	331.5	331.5	330.9	325.8	319.5	313.2	308.4	303.9	300.3	295.5	287.4	274.1	249.3	241.4	233.8	205.4	185.5	180.8	176.7	172.4	169.3	167.6	138.4	120	115.7	114.1	116.3	116.2	115.1	113.1	108.6	105.4	103.9	104.4	103.6	98.8	96	95.5	95.1	95.5	96	98.8	101.7	106.5	109.5	107.1	107.2	110.8	116.5	121.9	128.5	133.7	131.3	124.9	121.8	117.5	114	109.5	112.7	114.5	114.4	114.1	115.7	116.5	115.2	112.9	112.9	113.3	110.3	109.5	109.5	109.9	108.3	109.9	115.7	118.5	116.8	115.2	115.6	113.6	110.8	108.2	109.7	108.9	106.2	105.8	105.1	106.4	108.3	107.9	111.4	118.1	134.2	150.4	158.2	166.8	169.2	168.7	170.8	172.4	171.9	170.2	171.9	178.6	191.1	208.6	240.4	254.7	249.4	258.8	267.3	267.9	267.9	268.5	270.9	290.7	321.9	331.5	331.5	331.5	331.5	331.5	331.5	331.5	331.5	331.5	331.5	331.5	331.5	331.5	331.5	331.5	331.5	331.5	331.5	331.5	331.5	331.5	331.5	331.5	331.5	331.5	331.5	331.5	331.5	331.5	331.5	331.5	331.5	331.5	331.5	331.5
331.5	331.5	331.5	331.5	331.5	331.5	331.5	331.5	331.5	331.5	331.5	331.5	331.5	331.5	331.5	331.5	331.5	331.5	331.5	331.5	331.5	331.5	331.5	331.5	331.5	331.5	331.5	331.5	331.5	331.5	331.5	331.5	331.5	331.5	331.5	331.5	331.5	331.5	331.5	331.5	331.5	331.5	331.5	331.5	331.5	327.3	321.3	313.8	309.3	305.7	300	296.1	290.7	280.4	262	233	215.6	187	161.1	151.9	150.4	153.8	162.2	156.7	130.3	118.8	114.1	109.4	112.9	117.4	117	110.6	106.7	104.1	102.1	100.4	101.2	98.9	100.1	100.7	101.1	102.8	104.9	108.9	107.7	106.5	104.7	100.3	94.3	92.4	95.6	99.3	104.8	108.2	116.5	124.5	129.1	131.4	126.3	116.5	106.3	104.3	106.1	107.9	110.9	111.9	111.5	112.1	110.1	111.3	113.3	112.7	112.1	109.9	106.7	102.7	102.3	105.3	106.5	107.7	110.7	110.4	109.5	107.1	103.5	103.8	103.3	103.4	104.2	103.3	105.1	111.6	116.3	113.2	113.8	116.8	122.2	127.7	137.4	154.6	170.1	170.8	171.1	169	168.3	174.4	177.5	192.1	210.9	236.6	261.5	259	262.6	267	268.2	267	267.9	268.2	277.2	306.3	331.5	331.5	331.5	331.5	331.5	331.5	331.5	331.5	331.5	331.5	331.5	331.5	331.5	331.5	331.5	331.5	331.5	331.5	331.5	331.5	331.5	331.5	331.5	331.5	328.7	327.5	331.5	331.5	331.5	331.5	331.5	331.5	331.5	331.5	331.5
331.5	331.5	331.5	331.5	331.5	331.5	331.5	331.5	331.5	331.5	331.5	331.5	331.5	331.5	331.5	331.5	331.5	331.5	331.5	331.5	331.5	331.5	331.5	331.5	331.5	331.5	331.5	331.5	331.5	331.5	331.5	331.5	331.5	331.5	331.5	331.5	331.5	331.5	331.5	331.5	331.5	331.5	331.5	326.1	319.8	315	309	304.8	302.7	296.7	290.7	284.7	275.1	257.5	233.2	207.3	191.1	160.2	133.5	145.3	143.1	134.6	146.7	142.4	124.1	120.8	116.2	110.2	113.4	117.6	112.5	105	101.6	101.1	100.4	98.4	97.6	98.8	100.3	101	100.8	99.7	102.1	105.3	108.9	110.7	107.9	102.1	97.6	93.3	90.9	90.5	95.2	98.7	101.1	110.3	122	128.8	133.6	126.9	118.5	113.2	108.8	106.7	110.1	110.5	108.8	107.6	104.3	104.1	106.1	108.9	108.5	107.7	105.1	101.2	100.3	100.7	101.3	100.1	102.1	102.8	102.3	102.2	98.7	101.4	103.5	105.4	104.9	103.2	103.8	108.1	111.9	114.7	119.9	120.3	123.7	127.7	130.8	138.2	150.8	162.9	168.7	172.6	170.5	174.6	183	188.4	203.1	211.7	246.2	263.4	262.8	263.4	266.1	267.3	267.3	266.4	267.3	271.5	289.5	320.1	331.5	331.5	331.5	331.5	331.5	331.5	331.5	331.5	331.5	331.5	331.5	331.5	331.5	331.5	331.5	331.5	331.5	331.5	331.5	331.5	331.5	331.5	331.5	329.9	331.5	331.5	331.5	331.5	331.5	331.5	331.5	331.5	331.5
331.5	331.5	331.5	331.5	331.5	331.5	331.5	331.5	331.5	331.5	331.5	331.5	331.5	331.5	331.5	331.5	331.5	331.5	331.5	331.5	331.5	331.5	331.5	331.5	331.5	331.5	331.5	331.5	331.5	331.5	331.5	331.5	331.5	331.5	331.5	331.5	331.5	331.5	331.5	331.5	331.5	331.5	329.7	323.1	315.3	308.4	303.6	300.9	299.4	292.8	286.8	280.5	268	239.8	217.7	188.5	150.4	133.4	134.9	139.5	125.1	129.9	120.9	116.5	118.5	114.9	114.5	115.1	116	109.4	103.2	101.7	101	99.2	98.4	97.3	98.8	98	97.9	98.3	97.7	95.9	96.9	98.5	100.7	102.7	107.9	114.5	117.7	114	104.9	96.9	90.9	86.4	84.8	87.1	92.1	101.7	116.4	126.3	131.9	132	126	116.8	116.1	115.3	112	110.1	109.9	109.7	106.5	103.9	105.7	105.5	102.7	102.3	104	102.7	101.1	99.6	97.3	97.7	97.2	99.5	99.9	99.9	102	105.1	103.4	104.9	109.2	111.6	108.3	106.3	112	116.3	117.8	121	124.4	126.9	133.4	144.1	152	157.9	162.2	168.7	176.1	182.9	192	203.1	234	263.4	262.2	262.8	265.8	267.3	266.4	267	267.3	268.5	276.3	304.2	331.5	331.5	331.5	331.5	331.5	331.5	331.5	331.5	331.5	331.5	331.5	331.5	331.5	331.5	331.5	331.5	331.5	330.7	326.7	329.1	331.5	331.5	331.5	331.5	331.5	331.5	331.5	331.5	331.5	331.5	331.5	331.5	331.5
331.5	331.5	331.5	331.5	331.5	331.5	331.5	331.5	331.5	331.5	331.5	331.5	331.5	331.5	331.5	331.5	331.5	331.5	331.5	331.5	331.5	331.5	331.5	331.5	331.5	331.5	331.5	331.5	331.5	331.5	331.5	331.5	331.5	331.5	331.5	331.5	331.5	331.5	331.5	331.5	330	323.4	317.7	311.7	306	300	297.3	294	288.6	283.2	275.6	254	227	206.6	192.5	166.8	134.2	120.5	129.1	131.7	117.2	123.2	117.1	111.3	112.2	110.9	112.4	110.5	107	102.2	99.7	100.6	99.5	97.5	96.3	97.2	97.2	96.6	95.9	93.1	92.9	95.3	96.1	95.5	95.9	98.4	99.9	105.7	111.9	116.8	114.8	106.9	102	95.2	85.3	82.1	83.3	86.1	92.7	104.3	119.1	129.1	130	125.1	118.7	117.1	115.5	113.6	110.8	110.8	110.5	108.1	108.1	105.7	102.1	102.3	104.9	103.3	99.7	98.1	98.9	98.1	96	98	99.5	97.5	100.3	102.3	99.9	103.1	107.8	106.6	108.1	109.1	109.8	111	111.5	114.5	114.9	120.9	127.4	135.2	147.3	157.6	164	169.9	174.7	184.4	196.9	186.5	202.7	237	262.8	263.1	263.1	264.9	266.4	266.4	267	266.4	267.9	273.9	296.7	326.4	331.5	331.5	331.5	331.5	331.5	331.5	331.5	331.5	331.5	331.5	331.5	331.5	331.5	331.5	331.5	327.1	318.7	329.1	331.5	331.5	331.5	331.5	331.5	331.5	331.5	331.5	331.5	331.5	331.5	331.5	331.5
331.5	331.5	331.5	331.5	331.5	331.5	331.5	331.5	331.5	331.5	331.5	331.5	331.5	331.5	331.5	331.5	331.5	331.5	331.5	331.5	331.5	331.5	331.5	331.5	331.5	331.5	331.5	331.5	331.5	331.5	331.5	331.5	331.5	331.5	331.5	331.5	331.5	331.5	331.5	331.5	326.4	319.5	313.8	309	304.5	299.7	295.8	291.3	285.9	274.9	262.7	251.4	222.1	174.9	149.2	129.9	114.9	113.3	127.9	120.3	117.1	109.6	109.9	112.1	106.9	107.1	107.2	103.5	99.7	98	96.9	95.1	93.1	93.9	94.8	93.2	91.8	91.2	90.1	86.3	85.3	84.9	85.3	85.1	87.1	89.6	91.1	94.5	94.5	101.7	108	115.3	121.7	118.1	110.5	99.5	90.1	82.9	80.7	82.7	88.2	102	115.2	124	127.7	129.5	125.2	118.4	114.5	114.8	114.3	116.3	117.1	116.5	114.1	112.3	111.5	109.9	107.5	102.5	102.1	102.1	99.3	103.7	106.1	105.6	104.8	103.5	101.5	102.3	100	100	103.7	107.4	110.8	112.7	113	110.6	110.9	110.8	111.2	112	120.9	138.7	159.6	176.1	172.7	185.2	198.1	185.3	208.1	234.6	258.3	262.8	262.2	263.7	266.4	266.1	265.8	266.4	267.3	270.9	284.4	315.3	331.5	331.5	331.5	331.5	329.1	331.5	331.5	331.5	331.5	331.5	331.5	331.5	331.5	331.5	331.5	330.7	323.5	331.5	331.5	331.5	331.5	331.5	331.5	331.5	331.5	331.5	331.5	331.5	331.5	331.5	330.3
331.5	331.5	331.5	331.5	331.5	331.5	331.5	331.5	331.5	331.5	331.5	331.5	331.5	331.5	331.5	331.5	331.5	331.5	331.5	331.5	331.5	331.5	331.5	331.5	331.5	331.5	331.5	331.5	331.5	331.5	331.5	331.5	331.5	331.5	331.5	331.5	331.5	331.5	330.3	324.3	319.5	312.9	308.1	305.1	300.9	296.1	291	283.8	274.2	229.8	204.8	197.8	168.7	161.2	145.4	121.5	111.7	106.9	120.9	117.6	110.8	106.7	109.5	111.6	106.4	103.4	102	100.5	97.7	95.7	92.6	90.7	91	91.9	93.2	91.5	88.8	87.3	86.5	84.1	80.2	73.7	68.9	66.9	64.4	64.6	62.9	60.3	65.1	71.7	76.9	81.3	89.3	92.7	88.5	83.5	74.7	64.1	51.7	45.8	45.2	50.1	60.8	79.2	93.4	105.5	111.6	111	111.1	111.4	109.2	107.1	114.1	117.9	119.1	117.3	117.7	116.1	114.7	110.3	108.3	108.3	103.7	103.7	106.8	106.5	105.7	104.1	104	104.3	102.3	101.6	103.9	104.5	107.3	110.7	114.2	114.5	111.7	109.5	111	112.1	112.8	119.7	138.8	164	179.6	186.3	179.5	177.5	194	225.3	252.2	248.9	252.7	261.9	264	265.8	265.5	266.1	267	267.3	270.3	279.9	308.1	331.5	331.5	331.5	328.7	329.9	331.5	331.5	331.5	331.5	331.5	331.5	331.5	331.5	327.9	327.5	331.5	331.5	331.5	331.5	331.5	331.5	331.5	331.5	331.5	331.5	331.5	331.5	331.5	331.5	331.5
331.5	331.5	331.5	331.5	331.5	331.5	331.5	331.5	331.5	331.5	331.5	331.5	331.5	331.5	331.5	331.5	331.5	331.5	331.5	331.5	331.5	331.5	331.5	331.5	331.5	331.5	331.5	331.5	331.5	331.5	331.5	331.5	331.5	331.5	331.5	331.5	331.5	331.5	326.4	319.5	315	311.1	307.5	304.2	299.7	284.7	277.6	270	240	210.2	187.3	153.2	136.1	134.3	114.6	108.1	106.5	110	119.6	112.3	107	111.1	110.2	106	104.6	99.8	94.8	94.8	92.9	90.7	91.2	89.1	88.2	87.6	86.4	84.7	80.4	77.2	76.3	73.9	57.5	50.5	48.7	48.2	42.8	36.9	33.9	38.9	40.7	43.7	47.8	49.4	55.7	63.9	65.3	68.1	72.1	71.1	63.1	55	47.8	39.3	36	39.6	46.4	60.6	75	88.8	98.1	103.9	106.1	109.3	114.3	119.3	116.1	112.5	113.3	115.7	118.3	119.1	121.3	120.7	118.1	114.5	111.7	111.7	112.1	115.7	113.2	112.2	113.3	113.9	114.8	111.9	112.4	111.8	113.8	116.1	117.4	118.2	118.6	118.4	115.6	116	126.8	138	156.8	171.1	164.7	166.6	184.9	224.8	252.7	245.9	254.1	261.9	262.8	265.8	266.1	265.8	266.4	267	269.4	272.7	292.8	325.8	331.5	331.5	331.5	329.1	329.5	331.5	331.5	331.5	331.5	331.5	329.1	325.9	329.1	331.5	331.5	331.5	331.5	331.5	326.3	331.5	331.5	331.5	331.5	331.5	331.5	331.5	331.5	331.5	331.5
331.5	331.5	331.5	331.5	331.5	331.5	331.5	331.5	331.5	331.5	331.5	331.5	331.5	331.5	331.5	331.5	331.5	331.5	331.5	331.5	331.5	331.5	331.5	331.5	331.5	331.5	331.5	331.5	331.5	331.5	331.5	331.5	330.9	331.5	331.5	331.5	330	323.1	313.2	307.5	306.3	305.7	302.7	297.3	285.4	269.2	245.2	251.1	243.2	210.3	176.3	142.3	131.8	116.2	103.2	99.9	102.8	108.3	118.3	112.2	105.5	109.5	110.4	105	103.3	100	93.2	91	88.2	88.9	89.8	87.5	86.8	85.3	82.6	74.6	58.5	44.1	38.1	36.6	30	22.5	22.1	20.2	20.4	19.3	18.9	22.3	23	24.9	29.4	34.5	42.3	49.4	56.9	61.9	63.1	65.5	66.1	63	57.8	46.4	36.5	34.1	32.6	32.6	38.5	46.2	55.3	64.7	74.2	82.8	87.3	100.9	107.6	106.1	108.1	111.3	113.9	115.7	120.9	120.5	117.3	116.1	116.1	114.5	114.5	119.3	118.9	118.8	117.8	116.1	116.6	114	113.4	112	110.6	111.8	115.4	115	113.9	112.3	111.7	114	121.1	131.7	141.3	160.9	162.3	159.5	172.2	194.3	240.7	259.2	260.7	261.6	261.6	263.1	265.5	266.1	265.5	264.3	264.3	266.4	268.8	281.7	308.7	331.5	331.5	331.5	330.3	331.5	329.1	327.9	330.7	330.3	327.1	330.7	331.5	331.5	331.5	331.5	331.5	331.5	327.5	321.9	318.7	318.7	318.7	329.5	331.5	331.5	331.5	331.5	331.5
331.5	331.5	331.5	331.5	331.5	331.5	331.5	331.5	331.5	331.5	331.5	331.5	331.5	331.5	331.5	331.5	331.5	331.5	331.5	331.5	331.5	331.5	331.5	331.5	331.5	331.5	331.5	331.5	331.5	331.5	331.5	331.5	331.5	331.5	331.5	331.5	327.9	320.1	311.1	304.5	303.6	303.6	276.6	249.1	245.2	246	211.9	199.8	185.6	157.8	134	122.4	115.5	108.5	104	101.9	102.4	108.5	112.6	104.6	105.9	107.6	104.7	102.1	97.4	91.4	89.3	86.1	84.4	86.4	85.7	82.4	81.3	75	66.2	63.2	55.1	40.3	30.8	30.2	28.8	23.4	22.4	20.8	19.3	18.1	17.5	17.9	16.1	16.7	19.5	23.1	24.7	28.7	36.8	43.9	50.7	56.1	62.5	67	70.8	67.4	63.4	56	46.5	38.6	35.8	35	36.1	37.3	41.9	50.2	59.7	70.7	80.5	89.1	100.7	106.5	107.7	110.9	116.4	118	118.9	118.9	116.4	116.8	120.5	120.9	117.7	115.7	112.3	108.5	107.2	107.8	107.9	106.9	104.8	104.5	104.2	104.1	102.3	98.8	101.1	104.6	107.1	113.1	120.3	138.4	144.1	140.1	140.3	154.6	198.3	231.2	259.5	261.9	261.6	261.9	264.9	267	265.5	264.3	264	266.1	267.3	271.5	288.3	321.5	331.5	331.5	331.5	331.5	329.5	324.3	331.5	331.5	331.5	331.5	331.5	331.5	331.5	331.5	331.5	331.5	331.5	326.3	314.7	314.7	321.1	331.5	331.5	331.5	331.5	331.5	331.5
331.5	331.5	331.5	331.5	331.5	331.5	331.5	331.5	331.5	331.5	331.5	331.5	331.5	331.5	331.5	331.5	331.5	331.5	331.5	331.5	331.5	331.5	331.5	331.5	331.5	331.5	331.5	331.5	331.5	331.5	331.5	331.5	331.5	331.5	331.5	331.5	323.1	312.9	304.5	300	298.8	289.5	253.5	231.9	238.5	216.3	180.6	167.5	139.5	118.5	116.1	115.6	112.5	108.5	103.7	100.9	101	107.2	111.9	106.7	106.9	107.4	103.9	101.7	94.5	89.3	88.4	86	85.3	82.8	67.8	58.7	52.6	42.6	35.1	32.4	30.5	27.2	24.6	24.4	24.9	23.1	19.5	17.9	19.2	19.7	18	15.9	15.6	16	17.5	22.3	23.7	20.3	22.2	30.4	38.9	47.3	53.8	60.9	64.9	65.1	68.6	68.7	60.8	52	44.7	36.9	35.4	33.9	35.9	40.3	47.6	54.5	60.3	63.3	67.5	79.3	84.3	90.2	100.7	110.7	115	114.3	115.7	118.4	120.4	115.3	113.2	110.4	103.7	99.6	97.8	97.7	99.8	97.3	100.1	102.4	102.8	99.8	97.8	96	97.1	98.2	101.8	105	107.9	115.5	126.2	128.6	133.7	131.6	159.3	203.3	241.1	261	263.1	262.2	261.9	265.5	266.4	265.2	264	265.2	267	266.4	270	286.8	319.5	331.5	331.5	331.5	331.5	331.5	331.5	331.5	331.5	331.5	331.5	331.5	331.5	331.5	331.5	331.5	331.5	331.5	331.5	331.5	331.5	331.5	331.5	331.5	331.5	331.5	331.5
331.5	331.5	331.5	331.5	331.5	331.5	331.5	331.5	331.5	331.5	331.5	331.5	331.5	331.5	331.5	331.5	331.5	331.5	331.5	331.5	331.5	331.5	331.5	331.5	331.5	331.5	331.5	331.5	331.5	331.5	331.5	331.5	331.5	331.5	331.5	327.9	320.1	310.5	303.9	300.3	290.7	241.8	234.1	276.3	255.3	185.4	183.3	161.7	117.7	111.2	112.5	112.3	112.4	112.1	112	111.8	112.6	113.5	108.1	104	105.7	105.1	100.9	95.8	90.1	87.3	85.8	81.6	75.2	64.5	54.5	45.9	39.3	33.6	32.7	31	27.7	27	26.6	25.8	24.9	24.9	21.5	20.7	20	20.3	20.2	18.2	16.5	16.8	17.9	20.7	23.1	22.3	18.9	20.4	21.5	22.7	26.9	31.4	35.1	39.4	46.4	54.9	64	65.9	62.1	57.4	54.5	51.6	47.7	45.1	46	48.1	53.3	58.6	60.6	65.5	69.3	77.6	86	98.7	105.5	106.3	108.9	112.8	111.3	110.8	110.8	104.4	97.7	91.6	86.3	83.4	82.5	81.9	83.8	87.2	89.3	90.5	88.5	89.4	90.2	89.5	90.1	92.4	93.5	96	98	98.6	103.4	106	123.8	163.3	189.6	210.2	246.3	260.2	259.1	265.2	266.1	264.9	263.7	264.3	266.1	266.1	267.9	279	309	331.5	331.5	331.5	331.5	331.5	331.5	331.5	331.5	331.5	331.5	331.5	331.5	331.5	331.5	331.5	331.5	331.5	331.5	331.5	331.5	331.5	331.5	331.5	331.5	331.5	329.1
331.5	331.5	331.5	331.5	331.5	331.5	331.5	331.5	331.5	331.5	331.5	331.5	331.5	331.5	331.5	331.5	331.5	331.5	331.5	331.5	331.5	331.5	331.5	331.5	331.5	331.5	331.5	331.5	331.5	331.5	331.5	331.5	328.2	325.5	321.9	316.5	310.8	306.3	301.8	292	243.9	239.4	258.8	228.7	180.8	153.7	152.5	138	122.7	112.7	112.9	110.8	112.4	113.1	113.2	115.5	117.4	114	104.3	102.1	105.1	105	99.2	92	85.2	78	70.6	56.8	44.9	37.6	35.3	32.5	29.3	27.3	29.5	27.2	26.7	28.5	25.7	24.1	26.1	24.1	23.5	22	19.9	23.1	21.9	18.6	18.1	18.8	20.5	21	23.5	24.7	22.4	21.5	20.4	20.9	19.5	22.9	26.4	32.4	39	47.8	54.5	58.9	61.8	61.6	61.3	56.1	49.8	47.6	47.1	48.6	53.2	57.9	59.4	55.9	59.9	66.7	72.9	85	95.7	99.9	111	111.7	109.3	108.8	105.7	100.5	94.9	88.5	85.2	82.4	82.6	82.1	82.6	84.6	85.6	85.4	85.8	88.1	87.2	85.9	85.7	85.7	85.7	89.5	90.4	89.2	89.4	94.2	100.1	105.5	120.6	145.5	188	206.5	224.8	256.6	264.9	266.1	266.1	263.7	264.3	266.1	266.4	268.5	279	308.4	331.5	331.5	331.5	331.5	331.5	331.5	331.5	331.5	331.5	331.5	331.5	331.5	329.1	330.3	330.7	331.5	331.5	331.5	331.5	331.5	331.5	331.5	331.5	331.5	331.5
331.5	331.5	331.5	331.5	331.5	331.5	331.5	331.5	331.5	331.5	331.5	331.5	331.5	331.5	331.5	331.5	331.5	331.5	331.5	331.5	331.5	331.5	331.5	331.5	331.5	331.5	331.5	331.5	331.5	331.5	331.5	331.5	326.1	322.2	318.9	312.6	306.6	302.1	286.4	237.9	227.1	240	214.9	180.5	156.9	144.9	128.2	117.2	112.6	106.6	106.9	109.7	111.5	113.2	115.3	117.8	119.2	107.1	99.9	99.2	102.7	100.4	92.9	81	73	67	57.5	44.9	36.1	34.8	32.7	29.4	27.3	27.7	27	25.7	26.9	29.1	27.1	22.9	24.9	24.5	23.7	23.6	21.9	21.5	22.3	21.5	20.7	21	21.2	22.8	23.9	24.3	24.4	22.6	23.1	23.9	23.7	23.9	24.7	27.9	28.8	31.1	33.9	37.2	43.7	48.3	53.7	54.1	50.9	49.6	49.3	49.4	51.9	56.1	56.7	58	58.9	60.9	69.5	73.8	83.1	92.8	104.2	104.8	104.1	102.1	102.4	100.9	97.2	94.5	96	93.6	87.4	82	79.8	79.9	81.2	80.1	81	81.3	81.8	81.2	80.6	82.1	83.2	86.4	88.8	90.1	91	91.6	91.8	95.6	105.1	116.3	129.6	158.6	193.3	230.4	263.7	265.8	265.8	264	263.7	265.5	266.1	267.9	273	294.6	325.2	331.5	331.5	331.5	331.5	331.5	331.5	331.5	331.5	331.5	331.5	331.5	331.5	331.5	330.7	327.5	331.5	331.5	331.5	331.5	331.5	331.5	331.5	331.5	331.5
331.5	331.5	331.5	331.5	331.5	331.5	331.5	331.5	331.5	331.5	331.5	331.5	331.5	331.5	331.5	331.5	331.5	331.5	331.5	331.5	331.5	331.5	331.5	331.5	331.5	331.5	331.5	331.5	331.5	331.5	331.5	331.5	321.6	315.3	310.5	303	297.6	293.7	262.7	225.7	218.7	214.1	199.6	166	136.2	126.4	127.1	117.2	110.9	108.7	101.9	104.9	108	107.5	112.1	114.4	114.8	104.3	94.1	94.6	98.3	87.4	65	46.5	40.6	37	34.3	34.7	33.8	32.2	31	27.6	25.8	25.1	25.5	26.3	25.6	27.7	29.3	25.7	22.9	25.9	23.1	23.7	24.4	23.4	22.8	22.3	21.8	21.6	23.3	24	25.7	24.4	22.1	23.1	24.3	25.7	24.9	26.1	24.1	26	26.6	27.9	30.7	33.1	37	43.7	48.8	51.7	50.9	49.6	49.3	47.7	46.3	47.3	50.5	52.6	53.3	55.5	61.5	64.7	67.7	75.1	85.3	97.2	102.8	100.5	100	97.5	94.4	92.8	95.2	95.6	93.1	89.2	85.6	83	83	82.6	81.8	80.1	80.5	82.6	83.5	84.5	84.8	84.1	87.3	88.7	88.2	89.2	88	88.8	98.9	116.8	133.3	145.9	168.7	189.8	206.2	231.6	250.1	256	258.1	263.7	264.9	265.8	267.3	272.4	289.2	319.2	331.5	331.5	331.5	331.5	331.5	331.5	331.5	331.5	331.5	331.5	331.5	331.5	331.5	331.5	331.5	331.5	331.5	331.5	331.5	331.5	331.5	331.5	331.5
331.5	331.5	331.5	331.5	331.5	331.5	331.5	331.5	331.5	331.5	331.5	331.5	331.5	331.5	331.5	331.5	331.5	331.5	331.5	331.5	331.5	331.5	331.5	331.5	331.5	331.5	331.5	331.5	331.5	331.5	331.5	331.5	318	310.8	306.3	286.7	273.6	242.8	224	223.8	219.8	211.5	192.7	161.2	138.4	127.7	126.2	123.6	122.1	120	113.1	109.7	105.3	100.9	101.5	104.7	103.9	100.7	93	91.3	87.4	71.1	52.1	40.8	36.8	34.5	33.4	33.5	33.9	32.1	26.1	25.1	25.5	24.8	24.1	25.5	22.7	23.9	27.9	25.9	23.3	25.8	24.2	22.3	23.7	26.7	25.1	23.8	22.5	24.7	26.7	26.4	25.5	25.5	22	22	21.7	24.8	25.5	22.4	19.6	21.7	23.3	23.4	24.1	24.6	26.2	28.1	33.5	43.5	49.9	50.9	48.1	42.9	41.6	42.3	41.9	40.7	42.9	44.1	50.3	60.3	69.9	73.8	77.5	87.3	94	94.4	92	89.5	86.5	85.2	86	88.1	91.5	94.5	92.9	91	87.9	86.9	86	85	85.1	86.5	87.4	85.4	82.1	81.8	83.4	82.3	81.4	82.8	80.5	83.7	96.2	110.1	126.3	143.8	158	183.1	195.1	198.5	227	247.6	257.1	264	264.9	265.5	266.4	269.7	280.5	305.1	331.5	331.5	331.5	331.5	331.5	331.5	331.5	331.5	331.5	331.5	331.5	331.5	331.5	331.5	331.5	331.5	331.5	331.5	331.5	331.5	331.5	331.5	331.5
331.5	331.5	331.5	331.5	331.5	331.5	331.5	331.5	331.5	331.5	331.5	331.5	331.5	331.5	331.5	331.5	331.5	331.5	331.5	331.5	331.5	331.5	331.5	331.5	331.5	331.5	331.5	331.5	331.5	331.5	330.3	322.5	311.7	304.8	290.3	273.1	256.1	238.7	227.7	223	214.4	193.8	164.1	147.4	140.1	127.8	122.6	122.5	121.2	118.5	118.1	113.6	107	104.5	99.8	97.3	96.1	89.9	79.4	67.5	58	46.7	37.8	35.2	33.7	34.4	34.4	31	29.3	28.4	26.7	23.4	23.5	22.7	21.1	24.5	22.3	22.7	27.5	28.4	23.6	24.9	26.1	24.9	23.1	24.2	27.8	26.4	25	26.8	30	29.7	28.3	27.2	22.3	24.5	25.1	24.8	26.3	24.2	22	22.9	24.7	24.3	24.4	24.3	27.1	26.3	26.9	34.5	44.1	49.7	47.4	45.7	45.3	43.3	43.7	44.7	44.8	45.2	49.2	53.1	59.7	65.6	69.3	78.5	92.3	93.8	88.2	88.5	87.2	87.2	85.6	84.1	84.4	88	89.5	90.2	88.9	86.2	84.6	84.2	82.5	82.1	82.9	82	79.9	79.1	79.6	81.2	80.7	79.8	80.2	82.9	86.5	92.5	99.3	118.5	130.3	160.9	187.3	182.7	191	223.7	250.2	263.4	263.7	263.4	265.5	267.3	271.5	280.5	308.4	331.5	331.5	331.5	331.5	331.5	331.5	331.5	331.5	331.5	331.5	331.5	331.5	331.5	331.5	331.5	331.5	331.5	331.5	331.5	331.5	331.5	331.5
331.5	331.5	331.5	331.5	331.5	331.5	331.5	331.5	331.5	331.5	331.5	331.5	331.5	331.5	331.5	331.5	331.5	331.5	331.5	331.5	331.5	331.5	331.5	331.5	331.5	331.5	331.5	331.5	331.5	329.7	325.5	318.9	306	273.6	253.3	253.2	245.1	238.4	232.5	224.9	220.3	196.6	168.1	156.4	146.7	133.5	128.2	129.5	128.4	127.1	125.7	121.2	118.3	116.8	108	94.7	88.1	76.2	67	58.1	48.7	41.4	36.4	32.6	33.2	33.5	32	29.2	28.8	27.2	26.3	24.5	24.7	22.5	21.7	25.5	21.9	23.5	28.7	30.3	27.3	26.4	28.9	28.6	25	23.6	29.8	32.3	31	32.9	34.3	32.8	30.2	27.8	24.5	27.4	29.9	33.3	29.1	26.7	27.8	27.8	27.2	27.4	30.7	34.6	37.1	38.3	38.1	37.4	41.1	44.8	48	49.9	49.5	45.4	45.3	46.1	48.1	47.8	50.3	52.9	59.7	69.7	76.1	86.5	102	105.7	96.9	98.1	95.2	93.7	91.3	88.7	87.3	86	83.5	83.1	82.9	83.2	82.6	82.4	80.4	79.4	78.2	78.5	77.1	77.2	76.3	78.8	81	81.2	82	82.5	84.9	88.9	97.3	105.8	111.1	118.9	139	171	188.3	214.8	245.4	262.3	263.7	263.4	264.9	267.9	270.6	276.9	297.9	330	331.5	331.5	331.5	331.5	331.5	331.5	331.5	331.5	331.5	331.5	331.5	331.5	331.5	331.5	331.5	331.5	331.5	331.5	331.5	331.5	331.5
331.5	331.5	331.5	331.5	331.5	331.5	331.5	331.5	331.5	331.5	331.5	331.5	331.5	331.5	331.5	331.5	331.5	331.5	331.5	331.5	331.5	331.5	331.5	331.5	331.5	331.5	329.5	327.9	319.1	317.1	315.9	310.5	292.4	261.7	251	252.2	245.5	233.6	218.2	185.1	161.8	150.3	155	153.7	139.3	131.3	126.2	126.8	129.1	126.9	124.3	123.9	120.5	115.3	102.4	77.6	65	55.1	46.4	48.6	43.8	38.6	36.4	32.4	30.4	31.3	29.7	27.9	25.5	26	25.6	24.8	25.6	22.5	21.7	25.7	24.9	22.7	27.9	31.8	31.3	26.8	30.9	33.2	28.9	24.4	28.2	33.3	34.5	36.2	37.7	35.7	33.7	31.9	28.5	31.9	39.1	41.3	38.7	33.7	32.3	30.9	33.6	36.4	38	41.5	44.4	45.7	45.8	44.3	44.7	46.7	47.9	49.7	51.1	49.1	48	47.5	48	48.4	47.1	47.3	50.5	54.7	63.1	75.2	89.5	103.2	104.6	105.7	99.7	91	85	81.3	79.5	78.5	76.3	72	65.8	62.5	70.8	77.1	79.8	79.2	78.9	78.8	79.7	78.9	77.1	77.4	78.1	79.4	80.6	81.3	82	86	91.2	96.9	104.3	111.8	126.7	155.9	192.6	205.4	229.1	252.6	264	264.3	263.7	265.5	268.2	270.3	276.3	300.6	331.5	331.5	331.5	331.5	331.5	331.5	331.5	331.5	331.5	331.5	331.5	331.5	331.5	331.5	331.5	329.5	330.7	331.5	331.5	331.5	331.5
331.5	331.5	331.5	331.5	331.5	331.5	331.5	331.5	331.5	331.5	331.5	331.5	331.5	331.5	331.5	331.5	331.5	331.5	331.5	331.5	331.5	331.5	326.7	318.3	315.5	313.1	311.9	306.7	294.6	289.1	282.7	267.6	254	251.9	250.2	244.6	240.3	232.3	213.9	176	151.1	141.8	142.4	137.2	133	126.6	122.7	119.2	118.9	120.2	120.3	118.6	117.7	113.7	91.3	69.9	61.7	50	49.2	47.6	41.4	39.1	34.8	32.3	34.8	33.9	32.3	30.1	28.2	27.1	25.7	25.7	24.5	21.5	22.9	28.5	25.3	24.4	28.8	32.6	34.8	30.1	33.3	34.9	31.9	28.4	31.3	35	39.1	41.6	43.1	42	40.9	35.9	30.5	32.5	38.1	42.7	39.3	36.1	35.9	36.3	41.2	47.6	49.3	50.1	49.2	49.1	47.8	47.5	46.7	45.5	45.8	49	51.9	54.1	56	58.1	54.7	50.1	46.6	44.4	44.7	47.7	53.3	60.5	74.3	93.9	98.7	102.3	98.7	91	84.4	80.5	71.3	68	66	58.2	57.1	58.7	65.2	67.8	70.8	75.8	75	75.7	75.2	74.1	74.2	75.1	76.4	79	79.9	80.8	83.2	86	87.7	93	99.1	104.2	124.3	138.3	164.2	204.8	221.2	239.5	256.4	263.7	263.7	264.9	266.4	268.2	273	291.3	324.6	331.5	331.5	331.5	331.5	331.5	331.5	331.5	331.5	331.5	331.5	331.5	331.5	331.5	329.9	326.7	331.5	331.5	331.5	327.5	331.5
331.5	331.5	331.5	331.5	331.5	331.5	331.5	331.5	331.5	331.5	331.5	331.5	331.5	331.5	331.5	331.5	331.5	331.5	331.5	331.5	331.5	327.5	320.7	331.5	326.7	315.5	307.5	303.1	298	287.7	273.7	260.2	252.4	247.9	245.2	242.8	235.6	227.3	209.1	177.2	154.8	145.5	135.3	129.8	125.5	122.5	121.2	122.1	120.6	117.3	115.7	107.6	95.4	80.8	72.2	60.9	56.2	52.4	48.8	48.7	44.8	39	36.3	31.9	33.7	36.5	34.3	33.2	32.1	29	28.1	25.3	25.8	25.5	25.1	27.9	29.8	26.6	29	33.3	36.8	38.6	35	34.5	39.3	38.6	35.9	37	42.1	47.4	47	47.5	48.7	47.9	40.6	35.3	37.5	41.9	47.5	43.7	41.3	46	46.1	46.8	49.4	52.4	49.1	46.4	48.4	48.2	45.5	45	44.5	44.4	48.2	52	55.6	59.6	59.7	53.9	47.3	45	45.8	47.2	50.3	52.1	62.5	76.1	75.7	76.9	71	69.2	68.3	62.4	58.4	53.3	44.1	39.7	40.2	39.2	38.5	45.4	56.7	66.5	70.1	69.8	68.2	69.6	74.2	74.5	75.4	75	78.2	80.7	81.8	83.3	84.5	90.8	99.4	104.6	107.9	111.8	120	152.7	195.1	200.7	226.6	249.4	262.8	260.1	248.7	254.9	266.4	272.4	288.9	310.5	327.3	331.5	331.5	331.5	331.5	331.5	331.5	331.5	331.5	331.5	331.5	331.5	331.5	331.5	331.5	331.5	331.5	331.5	331.5
331.5	331.5	331.5	331.5	331.5	331.5	331.5	331.5	331.5	331.5	331.5	331.5	331.5	331.5	331.5	331.5	331.5	331.5	331.5	331.5	321.9	309.1	321.9	321.1	311.9	309.1	315.1	313.9	294.2	268.4	257.7	255.2	251.3	247.8	240.6	235.4	229.5	222.8	198.6	179.4	157.3	146.8	142.5	139.7	136.2	132.5	128.6	128.5	127.3	119.6	108.8	92.8	73.8	59.5	52.2	52.7	55.6	49.2	51.1	47	41.2	36.6	34.8	35.6	39	36.8	35.5	35.8	30.4	28.5	28.1	27.5	27.7	25.7	26.9	33.7	31	29.3	36.1	40.1	41.6	38.3	37.7	37.3	41	40.7	39	37.9	42.7	51.4	51.3	48.7	49.7	47.7	40.4	34.6	39.7	48.9	47.2	45.3	44.7	47.6	49.7	48	50.7	51.7	49	45.5	45.9	44.5	40	39.7	40.7	40.3	40.6	43.9	45.9	50.8	58.7	57.6	52.1	46.4	43.2	42.5	43.7	44.9	55.3	63.5	62.5	62	56.8	51.5	47.2	43.8	41.6	37.1	33.1	31.6	31.8	32.5	34.7	41.2	47.5	57.3	63.6	70.6	66.6	69.1	74.4	76	75.1	76.7	79.3	81.9	83	82.6	85.3	88.8	94.9	100.6	103.4	108.4	112.7	126.2	154.4	181.3	216.6	249.4	262.1	257.6	250.1	257.1	267	272.4	287.7	315.6	331.5	331.5	331.5	331.5	331.5	331.5	331.5	331.5	331.5	331.5	331.5	331.5	331.5	331.5	329.9	327.9	331.5	331.5	331.5
331.5	331.5	331.5	331.5	331.5	331.5	331.5	331.5	331.5	331.5	331.5	331.5	331.5	331.5	331.5	331.5	331.5	331.5	331.5	331.5	321.9	321.1	320.3	309.9	308.7	309.9	314.7	301.8	281	259.5	251.8	249.3	246.7	242.8	235.6	229.3	221.8	217	205.3	182.8	153	142.9	133.9	134.9	137.4	134.9	133.4	129.5	117.8	91.1	73.6	68.2	61.2	52.5	48.9	49.3	55.4	50.7	50.5	49.2	44.3	39.1	35.4	36.2	37.6	38.1	35.9	34.8	30.5	29.7	29.9	29.3	30.9	29.1	26.1	32.6	35.6	32.1	37.5	43.4	46.4	45.6	43	44.3	47.9	50.3	49.6	45.6	44.8	52.3	58.8	55.1	54.7	53.9	49.3	46.1	45.5	53.1	53.4	53.1	56.4	52.9	50.8	51.8	56.9	59.1	57.1	54	48.7	47.9	46.5	45.6	42.9	43.9	40.7	39.9	43.5	47.6	54.5	57.9	52.9	48.2	45.1	42.8	43.6	41.9	42.9	42.5	41.1	39.7	43.7	41.2	35.9	35.4	33.6	31.7	30.5	28.9	29.2	28.5	28.1	28	29.8	31.3	33.1	39.5	50.2	64.7	70.9	69.4	75.6	76.4	77.8	80.3	83.1	85	88.1	87.6	86.5	89.9	92.1	97.4	105.6	117	131.1	151.1	174.7	223.4	250	258.4	263.1	263.7	265.2	267	272.4	284.7	314.7	331.5	331.5	331.5	331.5	331.5	331.5	331.5	331.5	331.5	320.7	322.3	321.9	320.7	325.1	327.1	330.3	331.5	331.5
331.5	331.5	331.5	331.5	331.5	331.5	331.5	331.5	331.5	331.5	331.5	331.5	331.5	331.5	331.5	331.5	331.5	331.5	318.3	310.3	323.5	328.7	321.9	316.3	309.9	300.3	282.7	261.6	248.5	244.8	245.2	240.6	238	231.8	231.2	228.1	222.2	212.9	194	176.3	160.4	143.7	129.4	128.1	133.4	138.2	133.8	123.7	99.7	76.8	65.8	64.1	58.3	52.1	49.8	49.4	54.7	55.6	54	49.4	47.2	40.3	35	35.6	37.6	38.9	37.8	34.1	32.7	33.3	32.9	31.2	31.9	30.9	29	34.2	40.1	40.1	41.5	47.3	50.9	53.2	49.5	47.7	50.3	53.3	54.9	49.5	49.6	57.2	62	60.9	60.9	59.1	55.3	53.7	50.2	55.5	54.8	56	60.3	56.2	53	53.8	54.5	56.2	57.2	55.4	51.3	51.1	51.7	49.2	47.7	49.1	47.9	44	43.1	42.2	46.9	49.8	48.2	49.5	47.8	43.8	41.2	40.9	42.9	42.9	41.9	38.1	38.1	36.9	33.7	33.4	35.1	33.5	34	33.1	32.1	30.8	29.2	28.4	28.6	29.1	29.7	32.6	41.1	54.6	61.4	66	75.6	79.8	80.3	83.7	88.6	89.9	87.7	86.1	84.5	87.2	87.3	91.1	97.3	105.8	114	118.4	131.3	179.1	231.9	260	263.7	263.7	264.3	265.8	270	279	306.3	331.5	331.5	331.5	331.5	331.5	327.1	330.3	331.5	331.5	325.1	324.3	327.1	327.5	331.5	331.5	329.9	329.5	331.5
331.5	331.5	331.5	331.5	331.5	331.5	331.5	331.5	331.5	331.5	331.5	331.5	331.5	331.5	331.5	331.5	331.5	331.5	314.7	309.9	319.1	326.7	323.9	314.7	300.3	287.3	272.2	253.4	243.1	240.3	239.7	235.3	227.7	224.8	225.5	221.4	208.5	187.3	174.4	168.8	166.6	146.3	129.7	123.4	129	135.4	117.1	89.4	72.6	65.5	61.7	57.1	54.1	51.9	50.3	49.4	52.4	55.8	54.1	49.5	46.4	42.4	37.8	37	37.3	38	37.3	35.7	34.9	36.9	36.1	34.3	33.7	33.7	34.5	40.6	47.9	47.8	47.8	50.2	58.4	63.4	59.3	55.2	54.8	55.3	57	56.5	52.2	57.6	69.6	68.4	68.3	66.9	59.9	55.2	57.9	58.5	59.7	57.9	56.4	60.3	63.4	60.2	60.2	62.4	58.8	56.7	57.6	56.2	54.2	50.9	48.8	51.3	53.7	51.3	48.1	46.1	47.3	47.9	51.3	54.1	53.6	49.7	45.6	44.6	45.1	44.9	45.1	41.9	39.7	38.3	36.7	34.5	32.9	33.4	32.8	31.3	30.7	30.9	30	27.7	27.6	30	29.2	28.7	33.6	36.7	35.6	40	51.3	63.5	75.2	80.8	85.2	88.6	87.4	86.1	85.8	84.8	86.4	90.7	94.5	101.1	112.7	114.6	121.9	149	197.5	256.5	262.2	263.7	264	264.9	266.4	272.1	285.9	316.5	330.3	331.5	331.5	324.7	323.5	331.5	331.5	331.5	331.5	331.5	331.5	331.5	331.5	331.5	331.5	331.5	331.5
331.5	331.5	331.5	331.5	331.5	331.5	331.5	331.5	331.5	331.5	331.5	331.5	331.5	331.5	331.5	331.5	331.5	323.1	307.9	300.3	303.9	301.9	290.7	285.9	281.9	271.6	262.3	252.4	243	240.6	239.7	234	226.5	223	222.9	216.4	195.3	181.1	167.4	165	155.2	138.8	128	126.1	128.8	119.4	96	77.2	71.7	65.4	58.5	53.9	50.7	48.1	50.1	50.8	53.2	61.5	55.4	45.4	44.6	41.5	38.2	40.4	41.4	39.2	40.3	38.3	39.5	40.5	36.5	36.9	36.9	36.9	41.1	44.2	48.5	55.2	55.5	51.5	61.4	66.6	63.1	59.6	61	56.7	58.9	62.6	58.8	65.6	75.6	72.4	70.2	68.4	63.7	59.5	60.7	62.9	61.4	57.2	53.9	56.5	61.4	57.9	57.8	58.6	56.2	52.7	53.1	55	51.5	50.5	50.2	51.8	55.7	55.1	54.7	52.7	52.4	51.3	48.5	48.5	51.6	53.1	51.4	49.2	45.2	42.1	43.5	43.1	39.9	39.4	38.9	35.9	33.9	31.4	28.6	27.3	26.7	27.1	27.7	30	30.2	32	32.1	31.2	31.9	32.9	33.2	35.6	45.3	58.8	70.6	76.7	81	83.1	85.1	85.1	86.1	89.6	91.6	90.6	93.1	99.9	107.1	111.9	118.1	130.9	172.8	224.2	249.2	263.4	263.7	264.3	265.8	270.3	281.4	308.4	331.5	331.5	331.5	330.3	329.9	331.5	331.5	331.5	331.5	331.5	331.5	331.5	331.5	331.5	331.5	331.5	331.5
331.5	331.5	331.5	331.5	331.5	331.5	331.5	331.5	331.5	331.5	331.5	331.5	331.5	331.5	331.5	331.5	331.5	331.5	312.3	295.5	297.5	298.3	290.7	282.3	275.4	264.9	260.8	248.8	242.1	242.6	235.6	226.7	220.7	218.8	199	186.3	184.5	167.8	162.2	145.3	130.4	125.3	120.9	124.2	114.3	89.6	76.1	71.7	68.5	65	58.4	56	52.2	48.4	49	48.8	50.4	61.5	62.3	50.9	46.1	42.9	38.3	39.8	42.8	40.9	41.9	44.1	45	47.5	44.9	44.1	47.5	47.5	50.2	52.7	54.3	62.9	65.4	61.9	63.2	75.1	78.1	75.2	72.6	67.4	68.4	73.8	67.8	74.1	88	84.7	76.5	75.9	73	63.3	59.7	70.9	74.7	66.8	63.7	58.8	59.8	59	61.2	65.3	61.6	62.1	61.1	56.5	56.5	56.7	55.4	59.4	61.7	62.3	62.9	58.1	58.7	58.6	53.9	52.2	53.9	57.8	58	55.2	51.7	49.5	50.8	50.8	44.4	39.5	39.8	37.6	36	33.1	29.4	29.3	27.5	26.5	27.1	28.5	30.7	31.2	32.5	30.2	30.2	30.2	29.8	30.8	35.2	39.5	43.3	51.8	65.7	81.7	84.6	84.9	84.6	85.6	87	89.4	92.1	95.7	99.4	102.8	110.3	118.1	139.8	188.7	228.2	259.9	262.2	264.9	264.3	265.2	272.4	287.4	314.4	331.5	331.5	331.5	331.5	331.5	331.5	331.5	331.5	331.5	331.5	331.5	331.5	331.5	331.5	331.5	325.9
331.5	331.5	331.5	331.5	331.5	331.5	331.5	331.5	331.5	331.5	331.5	331.5	331.5	331.5	331.5	331.5	331.5	323.9	301.9	290.7	296.3	290.7	284.7	284.3	271.1	263.6	250.6	239.1	238.2	234.7	230.4	225.8	221.4	209.7	195	176.4	161.5	152.9	141.5	129.5	119.6	118	121.6	119.5	94.2	76.6	70.6	64.6	61.4	58.8	56.6	55.8	53.1	47.3	45.9	46.3	51.5	62.8	58.9	51.4	48.6	44.9	40.4	43.6	44.1	43.9	44.6	47.4	51.4	48.3	45.4	51.5	53.9	50.1	52.1	55.3	60.1	70.4	69.2	58.9	64.9	80.7	81.9	81.6	80	73.4	70	72	74.5	82.6	93	90.4	80.9	78.9	75.8	69.5	67.1	73.1	78.4	72.6	68.6	63.9	65.6	64.1	63.4	71.8	74.3	71.8	70.5	66.1	61.7	61.5	61.5	58.2	59.3	60.5	63.1	61.5	57.3	58.6	58.4	60.2	60.4	62.4	62.3	60.8	59.5	55.5	55.3	55.2	51.6	46.3	44	41.4	38.1	34.5	32.4	31.4	29.3	27.3	26.9	26.6	27	28.6	30	29.3	29	29	30.1	31.2	32.8	36.1	39.1	46.8	60	73.4	87.4	87.9	83.8	82.6	82.4	84	87	89.5	92.1	96.5	99.2	106.7	119.1	145.2	178	218.3	243.9	261.7	264.9	265.2	270.3	282.6	306	331.5	331.5	331.5	331.5	331.5	331.5	331.5	331.5	331.5	331.5	331.5	331.5	331.5	331.5	331.5	330.3
331.5	331.5	331.5	331.5	331.5	331.5	331.5	331.5	331.5	331.5	331.5	331.5	331.5	331.5	331.5	331.5	331.5	320.3	301.9	297.9	295.1	283.9	281.5	283.7	262	253.1	243.7	234	231.9	229.9	226.5	216.7	207.8	183.7	161.3	139.7	123.3	117.3	117.5	116.7	108.9	103.3	94.5	77.5	67.5	64.7	62.4	59.1	54.7	52.8	54.8	54.1	53.2	45.9	42.4	47.4	52.3	61.4	58.8	51.3	48.6	46.1	43.5	47.7	46.9	48.3	51.7	56.9	62.7	58.8	56.8	63.9	69.7	60.7	63.7	69.7	71.3	79.6	86.7	80.9	74.3	88.7	93.9	93.9	89.8	83.2	81.3	80	81.1	85.3	92.8	87.8	80.1	85.3	87.9	79.9	79.8	81.9	84.2	79.1	79.6	79.2	74.4	79.1	82.6	81.9	81.8	81.8	78	73.3	69.9	68.5	72.3	74.4	70.1	67.9	67.3	66.5	64.1	63	67.1	69.7	70.2	72.8	72.5	66.5	64	61.5	59.5	58.3	55.3	50.7	45.9	43.8	40	34.7	34.3	33.7	30.8	29.1	28	27.2	26.6	27.9	28.5	28.4	27	26.8	28.9	30	30.8	32.4	35	38.6	40.8	45	55.9	69.5	76.2	82.5	81.8	82.2	84.3	86	87.6	90.6	94	100.1	108.3	121.9	160.5	193.9	224.3	250	263.4	265.2	266.4	270.3	283.8	314.4	331.5	331.5	331.5	331.5	331.5	331.5	331.5	331.5	317.5	317.9	324.3	331.5	331.5	331.5	331.5
331.5	331.5	331.5	331.5	331.5	331.5	331.5	331.5	331.5	331.5	331.5	331.5	331.5	331.5	331.5	331.5	314.7	297.9	307.1	295.1	274.3	273.1	273.1	264.3	254	245.6	238.8	236.2	234.4	229.4	226.5	216	198.5	167.1	146.2	130.7	115.8	112.4	114.9	113.4	101.1	90.5	81	67.8	63.5	58.3	51.7	51.6	52.2	52.2	52.4	47.9	44.7	42.4	41	48.1	57.5	57.2	50.9	51.4	49.2	46.5	50.6	52.9	51.1	55	58.5	68.1	66	61.1	65.5	73.8	73.6	67.7	72.5	74	79.5	90.7	92.5	83.3	83.9	95.5	101.3	102.4	95.4	87.6	86.4	79.6	78.5	92.6	101.8	93.2	90.4	91.2	95.5	86.2	80.5	81.3	85.4	86.3	87.6	83.1	78.7	84.2	88.2	87	85.4	85	85.3	80	75.9	76.8	83.1	85.7	81	80.1	75	71.1	67.4	66	69.3	68.3	66.7	69.6	74.1	68.2	65	66.1	64.5	61.5	55.7	51.7	48.9	46.9	42	35.9	33.5	32.2	29.2	28.1	26.5	26.1	26.6	26.9	26.3	28.2	27.8	28.4	28.4	31.4	32	31.6	35.5	37.8	39.2	41.2	48.3	56	74.5	80.4	79.4	78.6	80.7	81.2	83.3	87.5	91.1	95.8	103.4	108.3	142.3	184.4	216	250.1	262.8	265.2	266.1	269.4	280.5	310.2	331.5	331.5	331.5	331.5	331.5	331.5	331.5	331.5	323.1	323.9	327.1	331.5	331.5	331.5	331.5
331.5	331.5	326.7	327.9	331.5	331.5	331.5	331.5	331.5	331.5	331.5	331.5	331.5	331.5	331.5	331.5	310.7	295.1	305.9	292.3	273.1	271.9	263.6	258.6	253.6	242.3	235.1	237.1	230.4	226.2	223.7	202.8	163.6	131.2	124.3	123	119.8	113.1	106	105.3	88.1	70.3	66.4	64.7	63.2	58	52.6	49.6	50.3	50.5	50.6	46.5	43.2	41.8	41.1	42.9	51.8	55.8	49.4	50.5	51.7	51.7	53.6	58.7	60.9	66.5	69.2	80.1	80.9	71	75.3	81.3	85.2	81.6	85.6	84.9	86.3	96.2	102.9	98.5	95.1	99.8	109.6	117.7	109.8	94.4	91.9	89.4	85.8	91.8	107.8	110.2	101.8	100.6	106.5	98.9	83.9	81.7	89.5	92.5	91.3	88.6	87.6	87.9	88.3	89.7	90.2	90.4	88.8	90.1	90.1	89.9	91.3	94.1	94.8	92.5	87.6	82.5	80.1	75.8	77.6	79.5	77.9	76.2	80.7	80.3	76.1	73.9	72.3	67.5	62.3	57.1	57	54.1	47.1	41.9	35.9	31.3	30.2	28.2	27.1	25.5	26	25.9	26.3	28.2	27.8	29.6	29.1	30	31.6	33.6	35.1	36.4	36.3	36.3	36.6	40.1	48.3	52.5	60.8	67.7	78.2	80.2	81.3	82.6	88.8	93.1	97.7	101.2	117.3	156	207.7	245.5	261.6	262.8	264.3	266.1	270	287.4	322.5	331.5	331.5	331.5	326.7	318.3	321.5	331.5	331.5	331.5	331.5	331.5	331.5	331.5	331.5
331.5	331.5	326.3	330.3	331.5	331.5	331.5	331.5	331.5	331.5	331.5	331.5	331.5	331.5	330.3	304.7	289.1	291.9	286.7	275.5	273.5	269.4	268.6	264	251.1	239.7	241.6	237.7	225.9	222.4	214.7	173.1	138.6	127.4	121.8	120.8	120.2	113.5	107.2	96.8	73.5	63.6	58.8	56.9	54.6	55	51.8	48.4	45.2	43	40.4	41.8	43	44.5	46.7	49.6	56.9	55.7	48.4	50.5	51.1	57.7	59.2	58.5	62.4	71.7	80.3	89	80.7	77.7	86.1	88.7	86.2	86.6	91.7	89.5	97.1	106.3	109.6	101.7	102.9	102.6	109.6	120.1	112.2	99.1	98.4	93.8	87.8	91.8	108.6	117.5	113	111	113.7	107.4	88.1	88.3	91.9	87.9	87	90.5	92.7	93.5	90	89	91.2	88	84	88.5	92.6	92.3	90.5	90.7	92.2	95.9	93.9	87.7	88.1	85.2	80.8	80.9	84	85.4	85.5	82.5	78.9	75.9	74.3	71.9	67.1	63.7	65.1	62.5	55.6	49.8	42.3	36.7	32.8	28.6	27.3	25.1	26.9	27.2	28	30.1	30.4	29.7	30.5	31.3	33.3	37.6	40	38.7	38.4	37.5	36.8	38.4	42.4	46.8	50.9	60.3	72.1	81.8	83.1	84.1	88.7	93.6	95.9	100.3	109.7	133.8	179	226.5	255.1	262.2	263.7	265.5	268.2	281.4	316.8	331.5	331.5	331.5	324.3	317.5	318.7	331.5	331.5	331.5	331.5	330.7	324.7	324.7	325.9
331.5	331.5	331.5	331.5	331.5	331.5	331.5	331.5	331.5	331.5	331.5	331.5	331.5	331.5	329.5	306.3	290.3	289.9	283.9	277.1	277.2	264.9	264	259.8	244	235.8	238.3	234.5	226.8	216.8	200	163.7	130.7	126	123	118.5	112.1	107.3	95	73.7	53.9	57	58.4	51.8	47.2	48	50.4	48.7	45.7	43.1	42.2	44	45.9	45.7	45	47.4	56.2	60.8	53.2	54.1	56.2	62.4	69.5	73.6	79.1	84.4	91.2	96.8	88.9	86.5	97.1	101.9	99.9	95.1	99.1	99.5	104.3	113.6	119.5	111.9	108.2	111.2	110.8	125.3	122.5	110.5	106.8	104	96.7	97.9	108	124.7	125	120.8	116.3	114.9	101.7	90.8	93.5	92.6	89.8	95.2	97.7	97.3	97.8	94	91.1	89.3	88.2	91.9	95.6	96.8	94.3	91.6	93	96.4	98.4	92.9	91.1	90.6	87.6	84.5	83.9	84	85	84.4	81.7	80.4	80.4	79.4	77.1	71.9	69.7	67.9	64.5	56.5	50.8	44.3	37.1	31.2	28.5	27.3	26.9	28.1	29.8	29.9	30.5	30.8	30.3	31.5	33.9	36.8	40.2	41.4	38.7	38.7	38.3	37.8	38.3	40.8	43.2	43	52	62.6	74.7	84.3	84.3	90	91.4	92.7	94.8	102.3	119.3	156.7	208.9	259.9	261.9	262.8	264.3	268.2	288.6	324.3	331.5	331.5	331.5	331.5	331.5	331.5	331.5	331.5	331.5	331.5	318.3	312.3	319.5
331.5	331.5	331.5	331.5	331.5	331.5	331.5	331.5	331.5	331.5	331.5	331.5	331.5	331.5	319.5	299.5	286.3	276.3	276.3	287.1	283.9	268	264.5	248	238.8	235.3	230.6	226.3	223.4	201.7	191.8	171.4	138.6	124.9	115.8	113	108.5	94.2	81.3	65.3	63.3	60.5	56.5	52.2	45.2	42	42.1	42.1	42.8	42.9	44.1	44.7	46.4	44.7	46	49.4	55.8	57.2	55.4	57	62.9	67.4	71.3	81.6	87.1	93.3	97.7	96.7	86.5	87.7	98.3	104.1	99.7	96.3	100.5	101.7	108.1	117.7	120.5	109.7	110.9	113.7	115.3	125.4	123.1	114.9	112.5	104.8	96.8	101.1	108.1	121	125.8	125.9	121.3	119.3	113.6	96.5	95	100.9	95.3	93	96.4	95.6	97.2	93.9	96.4	94.9	93.6	93.7	93.1	97.7	95.3	91.1	92.7	95.5	98.4	96.9	90.3	89.5	87.6	85.9	83.7	80.7	80.3	81.5	79.2	79.4	80	79.1	77.1	72.1	68.2	63.1	59.3	53.1	50.8	46.5	40.5	34.8	32.2	29.7	28.8	29.7	31.2	31.5	32.2	31.9	32.8	33.6	35	38.7	40.8	41.9	42.2	40.5	39.9	38.8	40.9	43.3	45.2	48.8	53.7	59.9	69	84.5	85.7	87.1	90.7	93.4	95.8	96.9	106.2	127.5	166.5	230.4	259.6	262.2	263.1	264.9	271.5	297.9	329.7	331.5	331.5	331.5	331.5	331.5	331.5	331.5	331.5	331.5	324.7	316.3	327.5
331.5	331.5	331.5	331.5	331.5	331.5	331.5	331.5	331.5	331.5	331.5	331.5	331.5	331.5	324.3	301.9	285.1	273.1	275.9	289.1	278.4	260.3	253.6	235.1	226.7	222.2	220.4	219.2	215.9	211.4	190	157.4	135.3	127.3	113.5	97.8	78.4	61.6	58.9	56.8	59.9	57.4	53	50.5	47.5	42.9	42	43.6	42.8	40.3	39.2	41	42.6	41.5	44.9	48.9	54.7	61.2	63.4	68	74.8	83.3	84.3	88.1	92.2	98.1	102.5	103.6	98.1	94.9	102.6	104.3	104.8	100.9	105.4	107.1	108.3	115.1	121.9	113.9	110.9	115.3	115.9	122.7	122.1	118.1	117.7	111.8	100.3	101.7	107	116	124.6	127.7	129.1	123.3	119.1	108.6	101.8	105.5	107.3	101.2	98.7	96.4	96.9	96.6	100.5	103.2	101.2	99.7	97.1	95.4	97.5	97.5	95.6	94.9	98.8	100.1	97.5	95.1	92.8	90.7	89.5	86.5	86.4	83.7	82.8	84.4	85.2	84.5	83.3	78.7	75.7	73.3	68.8	64.4	58.6	55.9	53.5	45.6	39.2	34.8	32.1	32.2	32.2	32.4	34.7	34.3	34	30.5	32.1	38.3	39.2	39.5	39.5	38.8	39.1	40.5	43.2	44.8	42	41.4	44.1	48.2	54.8	62.4	67.9	78.6	87.4	88.3	90.2	93.2	97.6	107	121.7	163.8	227.6	254	261.3	263.7	268.5	287.7	321	331.5	331.5	329.5	331.5	331.5	331.5	331.5	331.5	330.3	331.5	331.5	329.9
331.5	331.5	331.5	331.5	331.5	331.5	331.5	331.5	331.5	331.5	331.5	331.5	331.5	331.5	312.7	291.5	271.9	274.3	285.9	279.1	261.1	252.2	242.3	232.2	225.9	223.4	224.8	224.4	220.2	218	196.8	152	132.2	112.1	104.1	87	66.4	55.4	52.7	53.4	54.3	51	51.2	47.8	43.7	42.2	42.2	40.9	38.7	37	35.9	38.4	41.6	42	47.6	52.3	58.6	65.2	71.6	81.4	88.3	89.7	91.5	93.2	100.2	105.3	104.5	105.5	102.7	106.3	110.7	110.7	108.5	106.7	112.3	111.8	114.1	119.7	123.5	115.9	114.7	119.5	118.1	125.1	124.3	117.1	120.5	113.2	104.5	103.5	108	113.4	123.8	126.1	124.1	125.1	120.2	113.6	109.1	107.1	107.2	107	104.4	99.5	98.1	101.3	103.6	107.4	107.8	107.9	107.1	101.6	97.8	97.6	97.2	97	96	95.5	98.4	99.7	95.9	94.7	92.5	90.3	86	84.2	83.4	81.2	82.4	80.3	79.1	77.3	72.9	70.1	69.3	66.3	63.9	63.1	60.5	52.8	46.4	40.4	36.7	36	34.6	34.6	34.3	34.1	34.2	34.3	34.3	34.9	36	38.2	38.3	37.4	38.3	40.4	42.4	44.2	44	43.9	46.3	49.1	57.1	63.9	65	71.8	86.3	88.3	89	91.2	96.8	103.3	124.5	183.3	236.4	261.3	260.1	262.8	266.4	279.3	310.8	331.5	329.9	324.7	329.5	331.5	331.5	331.5	327.1	323.5	323.5	327.9	331.5
331.5	331.5	331.5	331.5	331.5	331.5	331.5	331.5	331.5	331.5	331.5	331.5	331.5	331.5	311.9	289.9	272.7	271.9	283.1	270.8	253.2	247.4	239.4	232.4	230.7	230.1	227.9	224.3	219.9	213.8	164.2	133.6	131	119.9	91.4	70.3	59.1	56.1	54.2	53.9	51.4	47	48.1	43.9	40.4	41	39.5	36	34.4	35.3	35.9	38.1	41.9	46.3	50.5	56.9	69.4	83.5	89.2	93.9	100.4	100.3	102.1	103.9	107.7	112.7	114.5	116.1	111.1	110.3	115.3	116.3	118	112.2	115.6	115.4	119.1	121.7	124.9	121.7	116.8	124.3	125.1	123.7	126.7	121.3	121.2	121.1	111.5	108.3	110.2	115.8	119.3	125.5	119.2	124.4	126.5	119.8	116.1	109.3	107.4	111	110.2	107.5	104.5	103.3	105.6	106.4	109.3	112.6	113.1	110.6	104.8	102	101.2	97.9	97.4	96.8	97.2	101.3	99.9	94.1	91.5	92.1	89.5	85.9	85.1	82.3	82.5	80.6	79.7	78.5	75.7	74	72.7	69.7	68.4	68.7	66	59.9	53.4	46.9	42.4	40.3	37.5	35.8	36.1	36.4	34.8	36	35.3	35.8	37	36.1	38.3	37.9	38.6	39.9	39.8	41.7	44	43.6	41.9	45.7	48.7	53.3	60.9	61.5	66.2	79	87.2	91.8	94.2	98.4	111.2	143	186.4	234	256.6	261.3	265.2	268.8	285.6	318.7	327.9	326.7	329.9	331.5	330.3	327.5	323.1	321.1	325.1	330.7	331.5
331.5	331.5	331.5	331.5	331.5	331.5	331.5	331.5	331.5	331.5	331.5	331.5	331.5	330.3	299.5	277.5	275.9	277.5	273.5	262.4	249.2	244.1	242	229.9	224	225.2	223.9	218	212.9	202.5	151.1	127.3	121.8	111.5	81.3	63.7	58	55.1	51.3	51.3	46.7	45.8	46.2	38.7	36.1	35.6	36.4	35.4	34.8	36.6	39	43.6	48.8	50.6	55.1	65.1	79.1	92.1	95	103.4	107.4	112.5	114.7	115.3	120.7	120.5	118.7	116.5	112.5	113.3	118.3	121.1	122.3	119.8	121.4	121	128.4	128.3	123.7	120.1	119	123.9	125	127.1	127.4	126.7	123.6	122.2	121.5	115	112.2	117.1	113.1	118.7	118.8	119.6	127.7	127.4	121.6	118.9	112.8	109.1	112	112.9	108.9	106.1	102.7	103	107.9	111.2	114.1	115.2	113.8	112.3	109.4	103.6	102.4	103.4	101.6	100.7	102.3	97.6	93.3	92.5	91.6	89.4	90.1	87.2	85	82.4	80.5	78.3	77.1	75.3	74.1	70.8	68.4	67.9	64.8	60.3	54.5	48.2	43.5	41.1	37.7	37.7	37.9	38	37.4	36.8	36.7	39	38.7	37.3	36.7	39.1	40.3	40.9	42.9	42.5	44.8	44.2	42.2	41	42.3	48.7	57.4	62.3	64.2	75.9	87.9	94.2	95	97.7	103.6	110.1	128.9	189.7	250.2	260.7	263.7	267.3	279.9	310.8	331.5	331.5	331.5	331.5	331.5	331.5	327.1	326.7	330.7	331.5	331.5
331.5	331.5	331.5	331.5	331.5	331.5	331.5	331.5	331.5	331.5	331.5	331.5	331.5	331.5	306.3	281.5	278.7	278.7	274.3	263.1	247	239.7	240.9	227	217	219.5	219.1	198	175.2	148.5	128.2	118.2	104.9	83.1	58.4	55.4	55.5	51.8	47.7	50.2	48.1	44.8	44.8	37.6	36.2	37.7	35.1	37.4	38.4	39.1	42.1	49.5	53.4	58	71.6	89.2	98.7	104	107.8	113.7	118.4	121.1	121.9	121.5	124.7	126.1	122.8	119.7	118.9	116.1	119.1	122.6	126	122.3	125.6	126.4	128.9	129.5	129.1	126	120.8	122.2	122.3	126.6	128.3	128.6	126.9	122.7	124.1	122.1	115.3	119	116.3	116.7	120.2	119.7	122.2	129.4	125.9	126.5	122.3	115.6	114.8	114.3	113.3	112.1	108.8	106.8	106.7	111.8	116.7	116.2	117.2	116.7	112.9	109.1	107.4	108.7	108.3	104.1	101.9	105.3	104.1	97.1	94.3	93	94	93.2	88.2	84.5	84.5	82.7	81.3	81.1	78.9	76.2	74.2	71.8	69.6	66.5	63.6	57.8	53.6	47.8	40.7	38.6	38.8	38.4	38.4	36.9	37	36.7	38.3	40.5	37.6	40.2	41	40.8	42.3	42.5	41.9	46.3	44.2	39.7	39.4	43.9	46.9	52.7	55.7	56.9	69.5	84.7	94	98	100.5	107.2	116	152.5	227.6	261.6	261.6	265.2	268.8	285.6	315	330	331.5	331.5	331.5	331.5	331.5	331.5	331.5	331.5	331.5
331.5	331.5	331.5	331.5	331.5	331.5	331.5	331.5	331.5	331.5	331.5	331.5	331.5	321.1	287.5	281.9	277.9	275.5	272.3	256.3	243.9	242.4	234.4	223	220.7	218.9	214.1	197.5	170.1	138.7	125.2	112	99.9	72.1	51	52.8	55	53.5	51.9	52.3	49.4	48.8	45.7	42	41.2	40	37.6	38.6	41	41.3	46.1	54.8	59.5	68.1	85.6	100.4	104.8	107.2	112.4	117.2	121.5	123.7	122.7	121.9	122.7	126.4	127.3	122.7	124.1	124	125.8	126.5	126.8	127.2	129.7	130.1	133.5	131.5	128.9	124.4	123.2	125.4	123.5	127.1	127.9	126.1	130	130.6	125	122.2	120.1	122.4	119.4	112.9	117.7	124.7	119.5	122.8	125	125.9	124.1	122.4	118.6	115.5	116.3	120.4	117.4	111.3	110	110.8	112.1	112.4	113.5	115.8	115.1	111.8	112.5	113.5	111.3	109.4	104.8	106.7	107.3	102.5	95.8	93.4	90.9	92.5	93.5	90	89.1	87.3	86.1	85.1	82.7	79.1	77.9	78.7	75.3	71.3	69.2	64.7	57.3	51	45.9	38.5	36.5	38.1	37.6	36.5	37.6	39.3	41	42.4	43.4	44.8	42.9	40.5	40.9	39.9	39.9	43	40.7	37	37.1	40.8	42.4	47.4	51.4	53.5	60.3	77.1	91.3	96.8	101.4	107.4	117.6	146.2	213.6	261.9	261.6	264	267	279	309	326.4	331.5	331.5	331.5	331.5	331.5	331.5	331.5	331.5	331.5
331.5	331.5	331.5	331.5	331.5	331.5	331.5	331.5	331.5	331.5	331.5	331.5	331.5	320.7	284.7	276.3	274.3	273.4	265.2	251.2	244.6	239.3	231.4	224.1	220	222	213.5	195.6	175.7	134	112.9	107.3	98.3	60.5	50.3	51.7	54.4	49.2	49.3	51.5	45.9	45.7	46.9	42.9	40.2	39.4	38.3	39.9	41.3	46.1	52.9	59.1	69.3	84.1	97.8	107.5	112	115	116.9	121.4	122.6	123.5	124.5	122.9	123.7	128.2	130	126.4	128.1	131	128.5	129	132.5	130.8	133.1	134.4	134.4	136.1	132.6	127.8	126.1	130	128.7	129.4	130.3	128.3	133.1	136.1	129.5	124.5	126.7	129.3	124.1	115.9	118.1	126.3	125.9	124.3	128.3	127.7	128.5	127.5	123.7	120.7	121.9	122.7	121.4	119.1	115.6	115.2	115.5	114.3	114	114	117.2	115.1	115.6	116.6	114.2	112.5	109.9	107.4	104.9	105.1	101.7	97	92.6	91.1	93.2	91.8	87.9	86.3	84.5	83.3	82.3	79.1	77.1	79	79.2	75.5	72.7	70.2	64.1	59	52.3	46.3	40.9	37.2	38.9	38.5	37.4	39.4	40.1	42.4	45.2	45.8	44.1	44	42.1	41.5	39.9	37.7	39.4	38.3	34.4	37.1	40.3	42.3	47	47.8	51.4	58.4	75.7	91.2	97.5	102.1	111.4	126.3	186.7	256.1	261	261.6	264.9	268.2	287.1	316.8	324.4	331.5	331.5	331.5	331.5	331.5	331.5	331.5	331.5
331.5	331.5	331.5	331.5	331.5	331.5	331.5	331.5	331.5	331.5	331.5	331.5	331.5	300.7	275.1	274.7	274.7	267.1	258	253.2	248.4	239.9	233.7	222	214.5	217.7	212.4	196.1	174.3	142.9	114.9	101.4	70.5	50.7	53.1	56.6	55.3	50.9	53.8	52.2	46	44.6	42	39.3	37.7	36.8	39.2	41.5	45.2	50.4	54.4	59	71.5	90.5	103.2	111.6	114.8	118.3	120.1	122.9	125.6	127.9	129.9	130.5	128.9	131.8	132.4	125	128.8	135.1	134.8	133.7	136.3	138	135.1	136.4	135.3	133.9	132.3	129.8	130.4	134.9	133.3	132.5	129.1	125.3	130.3	135.9	137.5	131.4	129.5	130.5	124.1	117.8	118	122.2	123.6	126.4	128.1	126.7	127.1	127.1	125	127	125.8	123.2	123.7	124.5	124	118.9	117.5	117	116.4	115.7	113.7	113.7	113.8	112.1	112.7	111.1	108.8	108	104.9	100.1	98.5	96.2	88.5	81.2	80.7	79.6	77.1	75.5	75.3	72.7	75.6	75.7	73.2	74.6	75.6	72.6	73.6	72.6	69.5	62.6	55.7	48.5	43	39.4	40.5	40.4	40.8	39.8	39.5	43	45.2	45.8	45.4	44.4	44.5	43.3	40.5	37.9	39	38.4	36.1	35.9	38.3	41.1	45.4	48.6	52.7	62.8	80	95.1	94.6	100.5	111.5	124.7	187.5	254.3	261	261.3	264.3	267.3	280.2	309.6	317.3	330.3	331.5	328.7	331.5	331.5	331.5	331.5	328.7
331.5	331.5	331.5	331.5	331.5	331.5	331.5	331.5	331.5	331.5	331.5	331.5	330.3	303.9	278.7	275.9	273.6	263.5	253.9	248.7	247.7	236.1	224.8	220.3	217	209.7	198.6	195.3	162.2	115.9	96.6	69	50.9	50.8	57.2	57.7	53.1	54	54.6	51.1	43.1	42.6	44	39.4	38.1	39.2	38.8	41.5	45.4	51.5	57.8	68.1	79.9	95.6	110.3	116.8	117.9	120.4	121.9	123.7	125	129.4	132.6	133.9	135.3	134.9	134.4	127.2	123.6	132.2	137.2	139.4	139.9	139.2	138.6	139.1	139.2	137.2	136.1	136.7	136.7	136.8	136.3	135.5	135.3	125.5	127.3	133.9	135.6	136.1	130.5	134.7	130.4	122.6	121.7	124.4	125.3	129.1	133.3	132.3	133.6	132.4	130.7	132.3	131.3	128.9	128.8	128.4	128.9	123.5	118.9	115.6	115.7	116.5	112.4	115.9	116.9	114	114	112.3	110.5	109.6	107.7	104.1	98.3	95.3	89	82.6	79.3	78.1	78.3	75.6	75.1	73.6	74	76	75.4	75.2	76.4	75.9	73.7	73	73.5	69.7	63.7	56.2	49.3	42.8	41.2	40	37.6	39.3	41.5	40	41.6	43.6	42.9	44.6	44.8	45.2	45.1	40	39.9	40.9	39.9	37.2	35.6	38	40	41.8	44.4	53.3	64.3	79.6	94.2	96.6	109.9	121.3	152.9	226.5	255.5	253.8	255.2	256.2	268.5	284.4	312	321.3	327.9	331.5	331.5	331.5	331.5	331.5	331.5
331.5	331.5	331.5	331.5	331.5	331.5	331.5	331.5	331.5	331.5	331.5	331.5	318.3	287.5	279.1	278.3	267.9	253.8	245.5	250.5	245.2	223	213.1	211.2	212.1	204.4	204.3	196	143.2	108.2	85.1	59.7	51	55.2	61.6	57.4	51.5	53.5	51.6	44.7	38	41.2	42.1	39.4	40	40.8	40.8	41.8	44.5	50.9	62.6	76.7	92.5	105.2	113.6	121.7	122.7	123.5	125.1	127.3	131.7	134.4	134	135	135.1	133.5	131.9	125.2	120.9	130.3	137.8	140.5	143.1	139.5	137.4	142.5	143.2	139.1	138.2	140.2	141	140	137.1	137.8	135.8	126.3	128.3	134	133.5	133.5	133.7	134.4	130.3	129.2	127.5	125.6	124.7	125.2	131.9	134.1	133	135.2	138.7	137.5	133.7	128	124.9	125	125.3	127.7	125.3	119.8	115.5	113.7	113.6	113.9	113.7	114.3	115.6	113.4	113.7	109.5	104.7	104.9	101.3	95.3	91.9	89.3	85.5	81.3	79.3	77.1	77.3	78.3	76.4	74.4	77.6	80.4	80.2	80	77.9	73	71.1	72.9	69.8	65.4	58	48.1	41.5	38.2	35.2	37.7	40.5	38.4	37.4	38.4	39.5	40.6	43.4	44.2	45.1	43.1	42.8	44.9	44.4	42.5	38.5	38.6	40.8	42.4	44.8	52.8	60.9	75	93.4	101.8	108.3	112.1	133.7	197.8	244.2	249.3	252.7	257.7	267	279.3	307.7	320.7	324.3	331.5	331.5	331.5	331.5	331.5	331.5
331.5	331.5	331.5	331.5	331.5	331.5	331.5	331.5	331.5	331.5	331.5	331.5	327.1	292.7	277.5	277.1	267.9	247.6	238.3	240.4	234.3	215.9	212	212	208.2	193.7	192.7	157.1	121.2	82.7	56.6	49.3	48.1	58	60.3	56.9	56.9	51.7	47.2	46.1	40	45	44.4	42.3	41	38.4	40	41.5	46.2	60.3	73.3	83.9	98	110.1	119.3	126.3	130.6	130.4	131.4	130.9	134.6	140	137.9	136.3	133	131.4	130.2	126.8	122.5	130.7	138.2	140	143.8	144.1	142.7	146.4	147.4	146.3	147.6	150.6	145.6	140.9	136.6	135	138.2	132.7	130.9	135.4	138.3	133.3	134.3	139.2	139.3	136.3	133.5	130.2	129.7	129.1	133.7	134.4	132.9	138.7	144.3	140.5	137.1	135.4	132.8	128.1	125.3	128.8	132.7	128.7	126.1	127.1	124.4	122.3	119.5	119.5	118.1	116	117	113.9	108.9	106.9	103.7	100.9	99.1	95.5	90.7	86.6	85.3	82.8	82.1	83.4	82.4	81.7	79.7	82.3	84	83.2	81.6	78.7	76	75.4	73.7	70.4	64.8	58.2	50.2	43.7	38.6	36.5	38.7	39.1	36.7	36.4	38.1	39	39.9	42.3	43.3	43.8	43.3	43.2	44.5	43.9	42.2	40.6	39.3	40.7	41	45.2	49.7	60.3	77.3	91.5	106.3	111.3	121.1	166.8	222.2	242.4	252	258.7	263.5	268.5	284.9	324.6	328.2	328.8	331.5	331.5	331.5	331.5	331.5
331.5	331.5	331.5	331.5	331.5	331.5	331.5	331.5	331.5	331.5	331.5	331.5	320.3	278.3	275.1	271.9	256.6	241.8	238.2	234.3	221.5	214.5	211.4	208.5	207.1	204.1	192.5	152.9	120.4	77.5	56.5	48.8	49	55.8	54.6	52.3	50.2	48.9	46.7	43.2	39.7	45.4	45.4	42.1	38.6	36.5	38.9	43.4	51.8	67.5	80.3	88.9	103.7	118.1	127.3	131.9	133.6	131.3	132.3	133.1	135.4	135.8	133.7	134.9	132.7	133.3	128.8	122.4	125.7	132.2	138.6	140.7	142	142.4	142.5	143.3	148.1	147.8	148.3	153.2	148.2	142.6	139.1	140.6	140.6	133.1	130.1	136.1	139.9	132.2	130.7	133.3	135.9	137.1	135.9	135.3	131.7	131.1	133.9	132.4	131.6	135.5	136.7	137.9	136.9	138.6	137	132.1	129.7	131.9	135.1	134.9	135.7	135.7	130.1	126.3	125.1	121.5	120.5	117.7	114.3	109.7	105.5	105.7	105.7	100.1	98.2	98.7	95.7	94.3	93.9	89.9	89.1	88.2	87	86.2	83.6	83.8	84.7	82.7	81.3	80.6	81.8	79.8	73.9	70.1	66.4	60.9	52.9	45.8	39.5	38.4	37.5	36.9	34.8	35.3	35.6	38.8	38.3	39.8	40.4	40.8	41.1	41.3	44.3	43.9	41.7	42.4	40.4	37.6	38.8	41.2	45.6	53.9	68.7	84.9	106.7	120.8	131	155.9	203.4	248.8	256.8	262.2	267	270.3	280.8	320.4	330.9	325.2	331.5	331.5	331.5	331.5	331.5
331.5	331.5	331.5	331.5	331.5	331.5	331.5	331.5	331.5	331.5	331.5	331.5	326.7	283.9	278.7	272	250.2	237.9	230.6	226.4	217.4	213.8	208.8	205.5	204.4	200.7	192.9	161.1	113.9	70.2	53.3	47.6	50.6	52.7	48.3	47.4	45.6	46	44.9	42.7	40.5	43.1	46.9	42.6	37.2	37.1	39.8	49.6	66.5	79.1	86.5	97	110.5	118.8	126.5	131.5	133.8	132.8	129.6	131.8	133.3	131.9	133.8	138.6	135.9	132	128.2	126	130.2	135.2	135.6	144	146.7	148.9	149.3	147.4	155.7	154.8	152.1	157.1	154.1	149.1	146.3	143.1	142.8	140.2	134.8	133.9	143.9	142.1	135.5	134.3	136.9	136.9	138.1	137.9	133.1	135.1	138.7	137.3	136.9	138.1	136.1	137.5	137.9	136.9	137.6	134.3	129.8	132.1	135.5	138.5	142.1	144.1	143.1	133.8	129.3	129	126.9	124.5	118	111.5	108.6	107.7	105.3	101.3	100.3	99.1	98.1	94.3	91.9	88.9	88.7	89	86.2	85.3	85.8	85.3	85.7	85.7	84.8	83.8	83.4	81.7	74.7	70.2	68.9	63.9	58.3	51.3	44.2	37.5	35.6	36.3	35.2	34.2	34.6	34.9	37	37.7	39.3	39.7	41.2	40.2	42.7	44.3	43.8	42.3	43	40.6	38.3	37.6	42.4	45.1	57	77.7	100.3	115.8	138.8	163.1	207.8	255.7	261.9	261	263.4	267.3	270	285	317.4	325.2	328.2	331.5	331.5	331.5	331.5
331.5	331.5	331.5	331.5	331.5	331.5	331.5	331.5	331.5	331.5	331.5	331.5	313.1	281.9	292.7	271.9	246.1	237.3	230.9	224.6	215.3	211.9	206.2	205.6	204.4	200.3	190.4	160.9	115	77.9	53	43.5	46.9	48.9	43.9	39.5	40.6	40.9	43	47	46.1	46	46.2	41.3	40.9	42.4	46.2	54.1	71.2	86.6	93.1	104.7	115	120.7	127.2	131.3	132.4	131.6	129.9	132.3	133.2	132.5	134.5	137.8	135.5	132.7	129.1	127.9	132.3	137.4	137.8	141.5	144.9	150.1	148.6	147.2	154.2	156.3	156.3	157.9	157.3	155.4	147.9	141.9	142	138.1	134.8	133.7	143.3	146.3	140.1	134.7	136.3	132.5	130.7	135.1	137.9	138.7	141.5	143.9	144.1	144.1	139.3	139.6	143.1	140.9	135.7	134.7	135.6	135.9	136.3	138.5	141.6	143.1	142.9	140.5	138.1	135.2	128.9	124.5	120.9	113.2	112.6	111.2	108.7	103	101.1	96.5	93.3	89.5	85.5	86.3	89.5	93.5	92.6	92.4	95.1	92.3	91.8	93.1	91.1	85.8	84.6	84.6	79.3	72.9	65.6	59.6	57.8	53.7	48.5	40.5	35.2	35.3	34.8	33	33.4	31.9	33.3	35.9	37.4	38.8	38.4	34.6	36.7	40.9	43.4	42.1	43.8	43.3	40.8	38.7	41.1	44.4	47.3	61.8	85.6	107.8	133.6	174	209.2	250.2	261.6	261	262.8	265.8	269.4	278.1	308.7	322.4	321	331.5	331.5	331.5	331.5
331.5	331.5	331.5	331.5	331.5	331.5	331.5	331.5	331.5	331.5	331.5	331.5	321.1	284.7	288.9	274.4	246	235	227.1	226.6	218.2	211.1	206.9	206.9	203.7	196.1	187.4	145.7	100.3	63.1	40.5	42.7	48	45.6	40.2	38.5	40.3	40.3	42.9	47.2	45.6	42.4	44.1	41.3	39.1	43.7	52	67.6	84.1	94.8	102.2	111.7	117.8	122.9	129.1	133.3	134.6	135.5	136.7	137.7	137.1	134.6	135.3	138.8	138.3	137.3	137.5	138.9	137.2	138.3	137.7	138.9	145.4	148.6	149.5	151	154.5	158.5	164.2	161.6	162.3	160.4	151.5	140.8	141.3	146.7	143.2	134.3	140.1	146.8	141.1	136.1	138.5	136	133.7	136.7	137.7	139.4	139.5	143.1	148	147.5	147	143.5	143.5	144.5	141.3	142.9	143.7	146.3	145.8	141.4	144.1	143.3	139.7	142.1	144.7	138.9	129.9	125.1	122.3	117.4	116.9	113.7	109	105.7	101.5	99.5	96.9	94.2	91.8	91.1	92.5	94.6	95.4	97.6	98.9	94.2	93	95.6	93.2	89.6	86.1	83	82.1	76.8	68.4	60.8	58.6	56.3	51	45.8	37.4	32.8	33.5	33.7	33.7	31.6	30.8	31.7	35.8	38.2	37.8	35.8	35.5	37.2	39.7	42.5	43.3	42.9	43.2	42.2	40.2	42.5	44.7	57.5	80.8	102.8	136.7	193.6	219.1	239.7	261.9	257.6	254.9	257	252.6	253.6	267	295.3	309.5	316.7	324.3	329.5	329.5
331.5	331.5	331.5	331.5	331.5	331.5	331.5	331.5	331.5	331.5	331.5	331.5	324.3	298.3	287	275.9	251.9	238.9	227.2	223.4	217.8	209.1	206	205.6	199.9	190.3	174.6	132.5	84.1	48.9	38.5	44.3	45.9	41.9	37	37.8	39.8	42.6	46.2	48.1	44.9	44.4	46.6	43.8	42	44	53.7	73.6	91.2	97.8	106.3	115.1	118.5	122.5	128.1	131.6	134.4	135.6	139.8	140.6	138.2	138	136.8	137.5	138	136	136.5	143.3	142.7	139.1	140.5	140.7	140.7	141.6	144.5	149.2	151.4	156.7	161.7	163.6	161.8	160.4	151.3	140.6	137.1	139.5	141.6	138.7	140.1	142.6	141.1	138.1	136.9	133.6	132	132.7	133.8	135.8	137.6	139.9	142.8	146	147.2	146.7	144.3	144.3	143.1	144.7	148.7	151.4	149.9	146.7	147.1	143.3	139.1	138.1	142.3	140	132.4	130.4	127.2	126.2	122.9	117.8	111.5	110.4	105.1	103.7	100.5	96.7	92.1	91.7	91.3	90.4	88.2	90.1	89.7	88.6	89.5	90.6	91.6	91.6	88	84.1	80.5	76.7	71.5	64	59.6	52.3	46.4	41.5	36	32	33.7	34.8	32.9	31.4	32	31.5	34.3	38.7	38.7	37.3	36.3	36.8	38.8	40.1	39.6	39.5	40	40.2	40.7	44.8	43.2	52.7	73.8	99.9	141.2	186.4	221.2	258	260.2	249.2	249.2	252.8	244.5	245.2	258.1	289.5	309.5	313.9	323.5	326.7	329.9
331.5	331.5	331.5	331.5	331.5	331.5	331.5	331.5	331.5	331.5	331.5	331.5	320.7	292.7	287	262.1	244.4	233.7	223.2	221.5	214.4	211.3	209.5	203.3	194.6	183.4	166.6	108.5	56.7	37	36.1	39.4	41.1	39.7	36.5	40.3	41.8	43.9	46	43.1	44.7	43.7	41	43.9	44	53.2	70	86.9	95.9	103.2	111.2	117.8	122.2	125.7	132.7	136	137.6	141.2	146.1	140.5	136.3	139.1	139.7	143.1	143.1	140.3	142.3	144.6	143.2	142.5	145.8	143.2	140.4	144.4	148.1	150.6	160.2	168.7	171.4	172.9	170.3	165.2	150.6	139.6	142.4	144.8	142.5	139.8	138.9	142.4	146.7	146.6	142.1	140.9	140.8	138.4	140.4	139.7	140.2	140.8	142.1	144.6	149.8	149.6	149.2	147.1	146.3	151.5	150.7	145.9	143.9	147.3	146.1	139.7	137.4	139.8	138.2	135.3	134.7	135.3	131.5	129.4	126.1	119.3	117.8	114.6	109.5	106.5	103.9	96.3	92.8	92.1	91.5	90.5	89.2	88.5	87.6	89	88.3	88.1	92.3	93.9	91.5	85.9	84.4	81.4	74	68.2	59.8	55.8	51.6	42.8	37.5	34	32.6	32.4	32.9	33.8	32.7	31.9	32.9	37.3	39.3	38.6	37	36.8	38.2	39.7	38.1	38.4	39.6	40.2	41.4	45	46.1	47.1	59.1	87.8	128.1	162.9	209.5	234.9	243.9	255.6	262.3	261.3	260.7	253.3	254.5	279.5	318.2	323.9	327.9	331.5	331.5
331.5	331.5	331.5	331.5	331.5	331.5	331.5	331.5	331.5	331.5	331.5	331.5	327.9	300.3	277.8	251.6	246.3	235.9	222.6	216	212.8	212.8	209.1	203.8	193.9	181.7	164.6	99.9	49.8	31.4	33.3	36.9	38.4	40.4	42.5	45.1	43.2	41.2	39.9	40.4	43.8	43.9	41.8	45.4	48.5	57.2	75.5	91.1	99.6	107.7	115.4	119.5	122.9	125.5	132.6	137.8	138.8	143.9	145.1	142.2	137.7	138.4	139.4	143.7	142.6	141.6	144.5	143.2	142.7	145.6	147.6	142.7	139.1	140.4	145.8	151.5	160	171.5	172.7	173.3	170.4	164	152.8	144.6	145.1	145.8	145.9	145.3	143.9	141.1	144.1	146.6	143.6	140.9	138.4	136.4	138.4	141.1	140.8	141.2	144	143.3	146.2	150.3	153.2	150.9	149.2	149.1	149.7	150.3	147.3	148.1	146.9	143.5	140.6	139.3	139.3	135.2	132.3	130.8	129.7	127.2	122	119	116	114.5	112.1	109.4	102.4	97.8	96	95	93.4	91.8	88.4	85	82.5	83.6	83.7	83.7	86.5	91.9	93	89.3	86.4	83.2	76.2	73.2	70	61	51.3	41.6	34.3	29.6	28.9	30.8	31	31	30.4	31.5	32.8	37.1	39.6	37.3	33.7	34.7	36.7	39.1	36.7	37.7	41.3	39.4	40.3	45	48.2	49.4	59.2	84.2	141.6	194.1	228.3	230.4	238.7	255.4	262.8	261	259.5	257.2	262.5	282.7	313.2	326.6	327.9	331.5	331.5
331.5	331.5	331.5	331.5	331.5	331.5	331.5	331.5	331.5	331.5	331.5	331.5	331.5	304.8	269.5	247.8	246.4	236.8	225.6	217.5	211.6	209.2	204	197.7	186.8	178.6	132.2	59	39.5	32.4	34.2	38.4	39.4	41.3	42	40.6	40.1	39.4	39.9	43.3	42.1	40.1	41.2	44.1	51.6	63.2	81.4	92.2	101.6	111.7	117.3	124.3	128.8	131.9	137.1	138.6	138.5	144.3	147.4	144	141.6	142.9	144.2	144.1	145.5	144.1	146.2	147	144	142.9	146	148.5	145.7	144.2	145	154.2	160.9	169.7	180.2	181.2	174.7	161.9	152.9	147	145.6	143.7	143.8	147.2	146.7	143.4	142.7	145.4	145	142.1	139.4	135.2	135	139.8	141.3	143.7	146.1	145.8	146.7	151.2	155	154.1	152.6	153.7	149.8	146.3	146.9	147.6	145	141.6	142.1	143.1	141.7	136.2	131.6	128.2	126.8	121.3	119.6	119.9	118.1	113.1	109	105.7	100.6	98.8	96.8	92.1	91	91.4	88.8	85.8	83	83	81.7	83.4	86.2	91.5	93.9	90.9	89.3	84.8	78.3	76.1	74.5	67.1	56.9	46.8	37.1	30.6	28.4	28	30.7	30	27.6	28.9	32.7	36.8	37.8	37.6	34.9	34.6	35.5	38.7	38.9	39.1	42.4	41.2	39.5	42	46.9	49	56.1	67.8	124.4	216.4	246.6	244.6	242.3	248.5	255.6	255.8	258.5	263.1	267.9	276	290.7	313.2	326.1	327.5	331.5
331.5	331.5	331.5	331.5	331.5	331.5	331.5	331.5	331.5	331.5	331.5	331.5	331.5	307.9	266.2	251.2	250.4	236.8	227.3	216.7	213	210.2	201.2	193	184.1	174.5	127	61.4	42.8	38.2	39.6	44.1	44	43	40.8	38.5	39.4	40.8	41.2	42.1	42.1	42	42.1	44.9	54.4	67.7	82.3	95.4	105.7	112.4	116.9	125.8	130.1	132.4	136.5	136	138	142.9	146.9	144.3	142.8	143.7	142.3	142.7	142.5	147.1	148.7	149.8	147.9	143.8	145.6	149.8	150.3	149.1	146.4	154.5	160.1	167.3	185.1	187	175.2	164.8	153.4	147.9	145	143.9	143.6	147.9	148.1	145.3	145.7	144.5	145.8	146.4	146.3	139.2	133.7	135.7	138.7	141.9	143.4	148	151.4	153.5	154.6	152.8	153.8	156.6	155.4	154.9	156.1	150.2	146.3	141.4	139.2	139.4	137	135.2	132.4	125.7	122.1	118.7	116.6	116.1	114.5	110.3	107.2	102.3	98.8	97.5	93.9	89.3	88.2	87.6	87.8	87.8	88	87.8	86.5	84.5	85.7	89.9	90.1	90.1	91.5	87.4	78.6	72.2	69.2	66.5	60.6	50.3	42.7	36.4	32.2	31.7	32.1	29.8	28.6	28	29.8	33.7	37.5	36.5	33.7	34.9	37.1	39	40.5	39.1	41	40.3	38.6	42	46.2	45.6	55.2	63.1	106.3	196.7	245.4	250.2	249.9	253.6	258	255.4	260	262.8	265.5	273.9	285.3	308.4	324.4	323.9	329.9
331.5	331.5	331.5	331.5	331.5	331.5	331.5	331.5	331.5	331.5	331.5	331.5	323.1	314.5	274.1	257.3	260.5	240.7	226.8	216.4	209.3	205.5	198.8	191.6	181.8	162.7	119.3	67.6	41.6	39.1	42	43.8	38.8	39	38.6	38.2	37.9	39.6	41	39.2	38.7	40.7	42.8	45.5	56.3	70.3	84.5	98.2	108.4	113.4	118.5	127.9	130.4	132.2	134.5	134.1	139.6	146.2	143.9	143.5	144.6	144.1	140.7	141	140.7	145.2	150.8	149.9	152.8	151	149.4	153.1	155.5	154.8	157	163.1	162.2	171.5	190.4	196.8	184.5	165.3	155.1	153	147.5	146.7	147.4	148.3	148.9	148.7	150.5	150.3	143.4	144.8	153	151.2	140.9	139.3	141.9	142.9	141.1	141.8	151.2	156	154.8	152	154.9	157.5	155.2	159.3	160.9	159.1	151.3	142.7	140.5	137.7	134.4	133.8	128.9	125.5	123.5	119.9	118.7	116.6	112.6	108	106	104.3	103.6	101.4	96.9	92.7	91.9	89.1	87.4	89	89.6	91.1	89.6	88.5	86.9	91.5	93	91	90.8	90.1	83.2	72.5	67.1	66.9	63.8	56.1	44.8	37.9	32	31.4	32.5	30.9	30	29.3	28.5	30.9	37.2	37.1	35.2	34.7	34.7	38.7	41.4	41.5	40.8	39.5	36	38.4	43	45.1	50.8	58.9	81.1	146.8	224.1	261	262.8	263.4	261.1	243.9	240	253.2	262.9	265	274.5	291.9	322.2	331.5	331.5
331.5	331.5	331.5	331.5	331.5	331.5	331.5	331.5	331.5	331.5	331.5	331.5	323.4	317.1	275.3	265.3	263.7	241	224.8	213.9	203.8	199.5	196.3	188.4	179.1	163	120.9	62.9	38.6	36.3	39.7	40.1	37.7	39.2	39.4	37.4	36.7	36.8	38.2	38.9	40.1	39.4	41.3	47.5	57.7	72.5	91.8	103.1	109.4	113.6	120.9	128.4	129.9	132	133.6	134.4	140.5	142.8	144.4	145.2	144.1	143.9	141.8	137.6	140.8	145.9	148.1	149.9	151.1	152.3	150	151.3	152.4	154.9	163.4	169	165	173	186.7	192.3	184.6	166.6	155	152.2	146.8	144.5	147.7	149.4	150	150.9	151.2	151.4	147.9	142.2	146	152.2	147.2	140.1	134.9	140.4	143.1	140.3	146.2	153.8	155.6	153.5	153.9	157	160.1	161.7	162.5	161.8	156.2	147.5	144.8	142.1	138.8	133	129.2	128.2	126	122	120.1	117.4	112.4	106	103.4	104.7	104.2	101.2	98.4	96.3	94.7	93.3	89.6	88.8	89.1	88.8	89.7	89.4	87.4	89.3	89.2	87.4	86.4	89.7	86.5	76.7	66.5	60.5	61.2	60.5	46.3	31.7	25.4	23.4	23.4	23.3	26	26.7	29.1	31.6	36.6	36.3	35.2	33.7	32.6	35.3	38	40.1	38.2	38.1	33.4	31.6	36.4	38.4	42.5	54	71.8	129.6	195.4	244.3	262.8	263.1	259.1	247.4	246.8	256	262.9	265.8	272.4	285.9	315	331.5	331.5
331.5	331.5	331.5	331.5	331.5	331.5	331.5	331.5	331.5	331.5	331.5	331.5	330.6	323.4	278.4	255.3	256.7	239.6	223.8	211.2	203.3	200.1	197.3	188	177.5	160.6	92.1	46.4	36.2	35.4	39.6	38.6	38.4	37.8	33.7	31.5	32.7	36.6	38	38	39.7	38.9	43.2	51.7	63.1	79.1	94.5	103.6	107.1	113.2	123.7	128	129.5	131	130.9	134.9	140.5	138.8	139.3	141.2	141.2	139.5	137.1	132.8	140.2	146.5	151.3	154.8	152.7	155.9	158.9	156.5	158.5	166.5	170.4	173.3	174	179.3	186.7	192.2	185.6	170.6	158.8	153.2	148.9	147	147.6	147.5	149.7	148.2	150.2	151.9	146.7	145.9	143.9	145.4	149.7	147.4	139.7	136.8	142.3	144.4	145.5	151	156.8	161	161	160.5	163.2	160.8	159.8	159	155.2	153.6	150	144.2	138.5	132.7	132.2	133.1	130.4	127.2	121.3	118.1	115.9	112.4	109.2	107.8	104.9	102.1	99.9	96.2	94.3	95.2	93	89.4	89.5	89.8	90.6	89.6	88.8	89.7	90.9	88.7	86.1	88.1	87.4	81.6	71.3	63.3	59.9	61	53	38.9	26.5	21.4	21	20.1	21.4	24.2	26.9	29.3	33.1	35.3	35.3	36.1	33.3	34.1	35.5	38.4	39.1	40.6	36.6	31.9	33.8	37.4	40.3	52	66.7	108.8	187.6	229.6	256.6	263.1	263.4	262.2	261.3	261.9	264	264.3	266.4	266.8	287.1	318.9	328.2
331.5	331.5	331.5	331.5	331.5	331.5	331.5	331.5	331.5	331.5	331.5	331.5	331.5	321.1	269.5	257.6	251.8	234.5	216.6	206.4	207.7	207.7	201.4	189.3	179.4	152.1	80.7	44.9	39	40	40.8	36.9	35.2	32.8	28.6	30.2	31.9	36.6	39.5	37.1	40	40.5	46.9	50.5	62.7	77.5	88.7	100.7	106.4	114	122	123.9	129	130.8	130.2	135.8	139.9	141.5	143.2	142.1	140.5	139.7	137.3	133.3	140.6	147.4	151.8	156	154.3	157.2	158.9	156.7	161.2	168.7	170.5	173.1	175.6	183.4	190.2	191.4	182.6	171.7	165.4	156.8	150.3	147.3	143.7	146.2	149.1	148.7	149.6	153.8	153.4	148.4	141.4	141.2	144	146.5	142.9	139	140.5	145.1	146	148.8	153.9	159.6	162.1	165.4	169.4	165.6	160.8	158.2	157.8	157.2	155.8	149.6	140.6	133.3	134.4	134.9	133.1	130.4	124.3	119.6	118.2	117.5	114.5	112.3	106	102.6	101.8	99.7	97.6	96.9	96.1	90.8	89.4	89.7	87.5	86.4	89.4	90.9	92.1	88.7	84.1	84.4	83.3	79.9	73.8	67.8	61.3	52.5	49.3	45.2	35.1	25.7	23	19.8	20.2	23.4	22.9	23.4	29.3	34.7	35.3	35.3	31.3	30.4	32.8	36.3	38.1	39.3	37.6	35.4	36.7	37.1	37.8	45	60.5	98	170.1	227.1	263.1	263.1	264	262.8	261.3	261.9	263.4	264.9	265.5	263.3	280.1	313.8	324.3
331.5	331.5	331.5	331.5	331.5	331.5	331.5	331.5	331.5	331.5	331.5	331.5	330.6	318	295.7	263.2	252.1	239.5	225.2	216.3	211.7	208.6	196.1	183.4	171.2	123.9	65.8	42	41.4	39.8	38.4	34.3	32.1	27.5	28.3	28.9	31.9	36.5	33.8	38.6	39.3	38.6	44.7	51.3	58.9	74.9	87	97.2	105.7	111.7	118.2	124.5	128.1	127	128.2	131.7	135.5	137.5	138.9	142.4	142.1	142.2	142.1	142.5	141.8	145.8	151.7	154.1	156.1	156.5	159.3	163	168.5	175.9	178.3	179.4	185.2	185.7	190.2	190	178.4	170.4	170.1	169.7	166.5	158	152.2	151.5	156.9	157.8	156	154.5	158.6	161.4	149.7	142.5	142.6	146.9	150.3	151.3	145	145.4	151.2	152.5	151.1	156.4	162.8	168.9	168.2	164.8	163.8	164.2	164.7	164.2	161.8	158.3	147.9	144.3	141.2	138.2	135.2	132.8	130.1	125.2	121.3	118	114.3	114.1	112.8	108.1	104.5	102.4	98.4	96.5	98.2	94.6	90.6	88.1	88	86.6	88.3	90.7	89.9	87	86.5	85.8	80.7	77.9	72.2	71.9	70.8	59	47.8	44.3	41	33.3	25.7	24.7	21.5	20.6	23.1	23.1	24.5	30	34.6	36.9	34.1	32	31	33.2	33.7	37.5	37.7	34.9	39.9	38.4	36.6	42.4	51	82.1	147.4	195	237.9	251.5	252.8	261.4	261	260.7	262.2	263.1	263.1	266.1	271.8	289.2	312.6
331.5	331.5	331.5	331.5	331.5	331.5	331.5	331.5	331.5	331.5	331.5	331.5	328.8	317.1	288.5	276.7	257.7	227.6	215.5	215.1	211.7	203.2	189.1	177.6	159.3	102.6	50.7	35.2	35.9	37.7	36.3	34.6	34.2	30.4	31.1	32.3	31.5	35.5	35.2	39.3	41.1	42.8	45.4	53.2	68.4	82.5	94.2	103	107.6	113.7	118.2	123.2	126.7	125.7	128	131.6	135.5	137.9	139.8	140	140.9	142.7	140.3	140.5	146	149.9	154.4	154.1	154	155.4	159.5	163.7	170	175.3	177	181.7	186.8	186.7	191.6	186	179.1	172.1	169.4	168.7	171.7	166.2	155.2	152	153.8	156.5	156.9	154.8	156.7	159.2	157.1	149.4	143.8	143.5	148.5	150.8	148.3	148.9	154.7	158	152.8	152	158.5	165.3	165	162.8	161.6	161.7	162.1	161.5	161.2	159.5	148.6	145.1	146.5	142.4	139.4	135.1	130.2	127.2	125	121.5	116.9	113.4	112.5	109	104.7	104.5	100.7	97.6	97.8	95.5	92	89	89.1	89.3	88	89.6	87.1	82.2	83.9	83.4	78.9	75.8	71.2	69.8	68.8	61.8	52.1	45.1	41.4	35.5	30.1	28.6	23.5	21.8	22.3	22.9	23.4	25.5	30.5	36	34.7	31.6	29.8	30.2	33.7	35.3	38.1	37.1	38	38.5	37	40.9	48.2	76.5	140.5	194.8	244.6	253	258	262.8	261.3	257	262.2	262.8	262.8	265.2	269.7	283.8	309.3
331.5	331.5	331.5	331.5	331.5	331.5	331.5	331.5	331.5	331.5	331.5	331.5	329.7	319.8	303.1	287.6	269.4	232.3	215.7	214.4	209	198.4	189	169.5	103.3	54.8	36.9	30.5	30.7	34.1	38.2	38.1	34.9	35.5	32.1	31.8	37.2	36.7	36	37.1	37.9	41.5	48.4	55.3	70.4	82.7	97	102.8	106	112.5	120.3	124.6	125.6	124.1	125.5	129.8	134.4	139	141.7	139.9	141.4	145.7	142.9	141.4	146.3	149.2	152.1	152.3	155.7	155.8	157.2	160.9	167.8	174.2	183.4	192.9	197.7	198.6	197.8	196.2	190.7	183.1	181.3	177.1	174.3	170.4	162.9	155.4	152.8	153.5	155.8	156.7	156.7	157.2	160.5	157.2	153	149.6	147.6	148.9	152.1	152.5	154.3	155.3	156.3	151.8	153.2	159.1	161.3	162.1	160	158.9	159.5	161.4	160.3	157.2	154.6	149.7	146.8	147.2	143.1	140.6	137.2	132.8	129.3	126.8	121.4	118.6	117.5	115.4	109.6	106.4	103.3	100.5	100.7	96.8	95.5	94.6	91.7	90.8	89	85.9	87.6	82.2	79.6	80.9	79.5	76.6	75.5	69.9	68	66.4	56.4	47	41.7	36.3	34.4	31.6	27.9	23.2	20.8	21.9	22.1	20.8	25.2	31.5	35.2	32.7	29.5	29.6	32.2	35.6	37.6	39	39.1	40.1	39.4	42.2	53.7	76.4	128	190.4	238.2	263.7	262.8	261.4	260	254	255	261.9	263.4	263.7	265.2	263.9	279
331.5	331.5	331.5	331.5	331.5	331.5	331.5	331.5	331.5	331.5	331.5	331.5	321.6	312.6	306.9	302.2	264.4	222	214.3	209.6	202.6	192.6	184	158.2	85.3	50.3	40	34.7	35.1	38.3	37.6	35.4	30.9	27.9	29.9	32	37.8	39	35.9	36.3	39.1	42.4	45.6	49.7	63	77.2	89.8	95.2	103.3	110.1	116.9	123.4	126.1	124.6	127.2	129.6	133.4	136.6	140.2	139.7	141.3	143.8	142.9	146.4	149.6	149	150.1	151.5	154.2	155.8	155.2	161.5	172.4	181.4	188.8	196.7	199.9	195.6	197.2	190.7	184	177.1	174.1	176.1	173.5	165.6	163	158.8	151.8	151.7	151.2	153.6	158	156.5	152	153	159.7	155.6	152.4	150.3	147.4	154.4	155.4	149.8	153.5	153.5	151.5	153	154.9	160.5	160.1	157.9	157.9	159	155	156	155.3	150.3	152.9	155	147.8	143.4	139.5	134.9	130	130.5	127.5	122.5	120	117.4	112.5	108.2	103.8	103.1	104.6	100.6	97.2	97	94.9	91.4	88.8	86.6	86.9	83.5	81.4	79	76.1	73	70.5	66.4	65.5	64.6	56.7	50.1	43.4	35.1	32	34.1	32	30.7	28.5	25.3	25.1	22.4	23.7	27.3	31.7	31.8	31	32.4	32.1	32.6	35.7	39.2	39.6	40.3	43.6	41.9	59.1	84	118.1	179.9	231.2	262.7	259.8	262.2	261.4	256.8	253.6	261	264	264.3	266.1	264.1	281.7
331.5	331.5	331.5	331.5	331.5	331.5	331.5	331.5	331.5	331.5	331.5	327.3	317.4	309.6	305.7	301.5	262.3	223.2	215.8	209.8	200.2	187.7	180.2	156.2	94.5	48.4	37.6	35.2	35.3	37.6	35.5	30.1	26	26.4	27	32.3	36.1	36.5	34.9	35.6	38	37.7	40	47.5	62.8	76.7	86.6	93.6	103	111	117.5	122	123.6	124.1	126.8	129.9	135.2	137.5	138.9	139.1	143.8	148.1	145.1	145	149.8	150.5	150.5	151	153.3	154.9	160.8	170.4	180.4	189.7	193.9	199.8	202.5	199.4	195.7	188.1	179.2	177.4	177	174.5	175.1	170.7	165.5	162.4	155.2	150.5	152.5	154.9	155	155.5	154.9	155.7	159	161	161.5	158	150	151.1	154.9	151.7	148.7	149.5	153.8	155.1	155.4	160	162.5	163.2	163.9	160.1	156.6	156.6	153.9	153.2	157.7	157.3	150.9	145.5	141.1	136.7	132.9	132.9	130.7	125.8	126	119.7	114.5	112.7	108.9	105.8	107.5	103.5	102.3	99.6	96.8	92.5	92	89.4	85.1	81.6	82.4	81.2	74.3	70.4	70.1	67.8	65.1	64.1	55.8	49.4	43.8	36.2	31.6	31.9	32.7	33.3	32.6	28.7	25.2	24.5	25.1	27.1	30.8	30.5	29.7	31.4	31.1	29.1	33.7	38	39.9	41.9	45	48.7	73.7	98.9	123.6	160.5	213.6	251.3	264	263.1	263.4	261.3	263.1	262.2	261.9	264	266.1	268.5	275.8
331.5	331.5	331.5	331.5	331.5	331.5	331.5	331.5	331.5	331.5	331.5	326.1	317.4	308.4	304.5	273.9	229.9	219.7	215.7	206.5	200.2	191.8	183.9	147.7	87.7	43.8	33.6	28.9	28.5	32.7	31.4	29.6	31.9	30	30.3	37.1	40.3	36.6	34	32.8	31.8	35.5	41.8	49.2	61.8	74.3	85	94.3	102.5	111.5	119.4	123.3	125	124.2	128.3	131.7	133.3	137.5	138.3	140.4	144.4	146	145.5	146.8	148.3	152.8	151.6	153.4	154.5	155.2	165.5	172.7	181.9	191.1	194.6	199.2	202.4	199	195.6	186.1	178.3	175.6	173.1	169.3	171.8	171.3	165.5	162.6	157	152.2	152.4	157.6	157.1	156.4	157	158.4	157.7	158.4	162.9	165.3	161.7	159.7	155.4	152.4	149.2	146.8	149.6	153.4	154.9	153.9	160.5	169.6	167.8	164.5	162.3	160.3	160.3	159.3	159.5	159.6	156.7	151.4	148.7	142.4	136.8	134.5	131.7	127.1	128.4	122.6	117.1	115.5	111.6	108.3	110	107.7	107.6	103.4	98.8	95.2	92.8	90.4	84.6	80.5	79.3	81	73.4	66.4	67.3	66.5	62.6	61.5	54	46.9	41.1	37.4	33.2	30.8	28.5	30.6	34.7	34.8	34	32.3	27.9	29.5	31.2	28.6	27.7	30.1	31.6	31.8	30.8	35	40.6	43.5	44.9	53.3	83.2	103.5	129.8	166	229.6	256.9	262.9	263.4	263.1	261	262.2	261.4	261.6	263.7	265.2	264.9	264.6
331.5	331.5	331.5	331.5	331.5	331.5	331.5	331.5	331.5	331.5	325.8	322.2	314.7	306.6	302.7	273.1	228.3	220.4	214.8	202.1	195.2	189.8	163	77.3	45	37.3	32.5	30.1	31	31.5	30.4	31.5	31.2	30.9	30.3	37.3	41.1	36.6	33.3	33.3	33	36.3	42.6	50.6	60	71.2	83.4	96.3	105.7	114.1	118.6	122.2	124.6	125.3	127.4	130.4	134.2	139.1	139.4	141.2	145.6	144.4	141.6	146.9	150.8	152.5	153.8	153	154.8	163.7	176.1	183.1	190.4	197.8	202.6	206.2	211.2	207.7	195.1	184	179	178.2	175.5	174.8	174	173.9	168.9	164.7	161.6	156.9	151.5	155.6	161.5	160.9	162.1	164.6	165.3	161.7	166.8	171.6	171.1	168.2	163.2	159.7	157.8	153.8	155.1	157	158.8	161	161.7	165.3	165.3	165.8	166	163.9	165.8	164.1	162.7	160	156.3	155.5	155.1	148.2	142.4	141.1	134.1	130.2	129.5	124.3	121.3	118.4	114.9	111.1	113.5	112.9	111.4	109.1	102.6	98.6	96.3	93.1	87	80.2	78	78.6	73.1	66.9	65.2	68.6	65	63.3	56.5	47.1	39.7	36.3	36.6	33	27.3	30.5	32.1	34.3	35.3	35.1	30.9	29.2	31.2	28.8	27.8	27.8	30.8	32.7	31.7	32	37.1	44.3	45.1	47.7	63.8	92.2	129.2	166.2	226.6	263.5	262.5	260.6	260.2	259.2	253.6	244.9	241.8	250.8	260	253.3	246.3
331.5	331.5	331.5	331.5	331.5	331.5	331.5	331.5	331.5	331.5	324.6	321	312.9	305.7	301.5	262.6	225.2	223.8	212.6	201.7	192.4	183.4	151.1	67.1	39.6	36.6	34.1	31.5	34.1	36.7	38.2	36.8	35.8	33.3	31	33.7	34.7	32.7	31.3	33.8	36	38.4	42.2	45	54.9	66.9	81.8	94.6	107.1	114.5	118.4	122.8	125.5	125.2	127.7	134.2	136.8	140.1	140.1	141	144.7	142.6	141.7	150.5	154.4	153.9	153.6	153.9	157.4	169.3	180.4	187.7	195	198.9	203.4	210.3	214.8	211.5	199.9	191.4	181.3	178.9	177.1	176.4	177.4	177	172.4	169.4	168	163.2	158.2	153.4	156.6	160	161.4	164.6	165.7	163.4	164.6	168.8	173.8	173.1	168	166.8	166.2	166.9	167.6	164.9	164.3	166.4	168.6	169.5	168.2	168.5	166	166.4	169.8	167.5	166.7	159.6	153	156	157.5	153.1	149.5	146.6	139.6	133.5	131.3	128.5	126.3	122.1	118.8	115.4	115.1	113.3	113.7	110.7	104.3	100.8	98.6	96.1	88.1	80.9	78.4	75.9	72.4	66.4	62.7	66.3	68	66	58	47.2	38.1	32.4	28.8	29.4	28.5	32.8	31.3	31.6	30.9	33	35.2	33.1	33.5	30.8	29.1	30	31.9	32.8	34.5	32.9	36.8	43.3	43	44.3	59.5	93.1	131.7	183	245.7	264	264	264	262.8	261.9	259	250.8	244.6	251.8	259.6	255.4	253.6
331.5	331.5	331.5	331.5	331.5	331.5	331.5	331.5	331.5	328.5	319.5	311.4	306.3	301.8	295.5	264.5	225.2	223.9	212.5	200.9	188.4	180.8	122.9	49.8	38	31.5	32.2	33.1	36	38.3	37.8	37.7	37	31.9	29.1	32.1	36.5	31	29	35.2	37.7	38.9	41.8	45.1	53	65.5	81.7	94.4	105.7	113.6	117.5	124.4	127.7	126.1	129.9	136.7	140.4	140.8	141.6	145.4	144.8	143.5	140.9	146.9	152.7	154.4	154.3	155.8	166.1	180.6	190.7	193	198.5	204.9	209.5	214.8	216.3	211.7	196.6	189.5	186.6	185.9	184.3	181.8	182.8	185.1	179.4	173.4	169.8	165.2	161.2	158.1	154.4	156.1	158	162.3	163.1	161.1	158.1	158.4	164.9	165.3	165.6	168.1	167.7	165.9	167.4	171.3	172.1	169.6	169.1	167.3	170.3	169.2	166.6	163.6	167.3	168.6	169.4	164.9	153.4	154.5	154.2	153.3	149.6	142.6	135.5	132.7	127.8	128.6	127.6	126.8	124.8	120.9	114.4	110.5	110.2	113	109.2	106	103.5	98	90.4	81.8	77.4	73.8	70.9	67.1	62.2	66.5	70.4	67	56.9	47.2	39.8	32.9	27.6	26	26.7	28	29.3	30.5	29.3	30.7	31.6	33.3	33.2	28.4	26.5	28	29.6	30.9	32.2	31.2	34.8	39.7	44.6	43.6	51.1	75.2	122.5	183.9	251.5	263.1	263.4	263.7	261.9	261	259.8	259.5	257.1	253.2	254.8	261.1	266.2
331.5	331.5	331.5	331.5	331.5	331.5	331.5	331.5	331.5	328.2	318.9	309.3	304.2	299.4	288.1	236.7	223.9	222	209.5	197.3	185	174.5	101.7	49.2	40	37	39.2	40.8	43.9	42.7	36.8	32.5	27.5	24.7	24.2	27.9	30.8	29.9	33.7	40.3	39.6	34.8	34.6	41.4	52.2	63.1	81.2	96.2	109.6	114.8	120.1	126.6	127.8	126.4	133.6	138.7	137.7	140.5	140.8	141	142.6	141.8	141.3	147.6	153.4	153.3	155.1	161.9	170.6	183	191.2	192.1	200.2	211	213.5	219.8	222.3	213.2	202.1	194.5	190.6	189.5	186.7	186.7	187.3	186.5	181.9	177.3	173.4	169.2	163.8	158.7	152.9	153.4	153.4	157.9	160.8	157.4	156.9	157.8	161.4	164.9	165.1	168.1	169.3	168.9	171.6	172.2	172.9	175	174.6	173	180	183.9	181.9	178	171.6	167.7	169	165	151.8	153.9	157	153	147.5	142.2	136.8	132.7	128.1	129.3	129.1	127.7	126.5	121.7	117.3	113.3	110	113	110.1	108.3	105	101.1	91.2	82.4	76.9	72.4	69.6	65.8	63.4	67.2	68.1	63.6	54.4	42.8	37.6	31.6	29.8	24.3	22.2	20.9	22.3	26.3	26.7	27.9	28.7	30.2	33.3	26.6	22	25.1	30	34.1	32.6	30.7	35.4	38.8	43	43.9	49.1	68.6	121	180.5	238.3	258.2	261	260.4	261.5	260	258.3	256.3	256.6	252.1	256.1	264.6	266.4
331.5	331.5	331.5	331.5	331.5	331.5	331.5	331.5	331.5	327.6	316.8	308.1	302.1	295.5	282.4	235.4	221.1	219.2	207	193.2	185.1	162.4	91.4	53.6	40.3	41.8	44.7	41.8	42	39	33.4	27.7	25.2	23.2	25.2	27.2	30.9	33.2	37.8	41.1	37.2	32.5	33.7	41.4	51.9	63.4	80.5	96.9	110.5	115.5	119.4	125.5	123.1	123.3	134	138.5	138.1	139.8	140.9	141.6	144.3	144.3	143.7	150.3	155.5	156.9	163.8	179.1	189.4	196.1	199.2	198	204.5	213.8	217.4	226.4	227.1	211.3	199.4	199.4	200.3	196.7	193.4	192.3	190.6	184.9	183.3	183.5	182.5	174.9	165.1	163.1	159.1	152.1	153.8	155	157.3	159.8	157.8	157.8	161.1	166.9	167.3	168.8	171.4	174	173.3	172.8	175	173.8	171.2	174.5	177.4	180.7	183.6	182.3	174	167.5	172	168.1	154.7	151.1	154.5	152.8	146.8	142.2	137.2	132	129.3	128.7	129.2	127	123.9	124.5	121.1	114.8	110.7	109.2	109.5	107.9	106.3	104.9	96.3	85.1	79.5	73.6	71.5	65.4	63.3	65.8	62.4	60.5	52	40.3	35.9	32.3	30.9	25.6	20.7	19.4	18.7	22.5	24.9	26.3	29.3	27.4	31.9	30	20.8	21.2	28.6	34.8	34.7	33.5	36.3	36.6	39.3	41.7	48.8	67.3	113.8	168.2	227.7	252	254.5	254.9	253.4	256.9	262.8	261	257.5	257.7	257.9	264.3	266.1
331.5	331.5	331.5	331.5	331.5	331.5	331.5	331.5	331.5	326.4	316.8	309	302.1	296.1	262.3	223.2	216.5	206.2	199.5	191.4	185	159.5	94.3	57.5	44.7	41.5	36.8	30.9	30.6	29.4	28.2	27.3	24.6	22.3	25.1	30.3	39.8	42.3	39.1	33.1	30.2	32.5	36.9	43.3	55.7	68.7	83.7	100.6	111.5	115.9	120.2	127.8	126.9	127.4	136.2	139.9	140	139.5	139.9	143	145.5	144.7	147.1	152.4	157.5	158.8	169.2	181.8	190.7	196.4	201.3	200.8	207.5	217.2	218.5	223.7	220.8	202.1	192.4	194.5	199	200.6	199.3	197.3	187.8	180.8	179.5	183.6	180.5	172.3	166.6	164.5	160.2	157.9	158	155.2	155.3	159.9	160.6	158.1	158.9	163.9	167.6	172.5	174.2	173.4	174.4	171.2	174.5	173.4	169	171.6	178.9	184.2	184.1	182.1	175.7	170.3	171.4	165	152.2	151	154.5	150.4	146.8	145.1	138.5	132.3	127.4	128.4	130.6	127.6	126.3	125.3	122.5	117.9	115.2	111.4	107.6	107.5	107.7	107.3	98.7	87.9	79.8	73.2	70	64.4	60.8	62.2	61.7	58.5	50.8	40.7	35.3	32.6	30	26.5	20.8	19.2	18.7	20	24	25.4	27.3	26.8	30.5	29.3	23.4	20.2	22.6	30.9	36	37.2	39.5	39	37.8	42.5	47.3	74.5	120.9	166.5	223.3	256	254.5	254	255	260.5	263.1	261.6	262.2	261.6	258	264	266.1
331.5	331.5	331.5	331.5	331.5	331.5	331.5	331.5	331.5	321.6	314.7	308.4	300.9	296.7	267.1	223.8	211.8	203.1	198.4	189.8	187.2	140	83.7	55.8	43	37.5	34.7	29.7	28.3	30.3	28.7	27.9	24.8	24.3	26.2	31.7	41.1	43.2	37.9	30.3	29.2	33.9	37.6	43.8	57.1	71.7	84.3	100.4	111.6	115.5	121.1	127.9	132.1	135.5	139	140.5	140.8	139.5	141.9	142.9	145.7	147	149.5	152.8	159.4	171.4	185.4	196.2	198.3	198.7	200.3	202	209.4	218.4	222.5	224.9	213.2	196.8	189.7	190.8	196.2	200.4	200.5	195.4	183.8	179.1	177.6	179.7	178.9	174.3	169.8	165.1	159.5	157.9	157.4	154.3	154.1	157.5	158.3	156.3	158.6	162.2	162.7	169.7	172	173.2	173	167.6	166.1	167.1	168.6	171.9	177.8	186.4	188	183.4	174.6	168.3	174.9	169.6	154.3	149.5	151.4	149.2	147	145.4	139.6	134.5	128.7	128.8	127.8	124	124.7	122.6	119.8	116.7	114.4	110.8	108.5	106.3	107.9	106.7	100.2	90.7	80.2	74.3	69.8	65.8	59.9	60.1	59.6	55.6	50.1	40.9	33.7	30	28	25.5	20	16.4	16.1	17.4	21.2	25.4	25.7	24.9	27.4	29.3	24.5	20.8	20.7	26.5	33.3	37.9	36.1	39.2	36.8	39	45.6	61.4	108.1	147.6	203.6	255.3	254.1	252.3	258.4	265.8	263.7	261.9	261.9	261.9	261	263.4	264
331.5	331.5	331.5	331.5	331.5	331.5	331.5	331.5	331.5	321.9	315.3	309.6	303	294.9	248.9	220.6	210.6	211.4	208.7	196.8	189.1	146.4	93.5	57.2	37.9	31.1	32.2	31.9	31.4	32.5	31.8	29.6	25.8	24.3	30.2	36.8	42.2	38.1	32.4	33.3	33.4	33	37.3	43.7	55.6	70.5	86.6	101.2	111.5	117.7	124.3	130	134.8	137.5	141.8	142.4	141	141.4	143.5	145.1	147.7	149	152.7	155.4	160.9	169.5	180.8	191	196.1	198.1	205.1	204.5	208.6	214.1	215.9	219.2	211.9	199	188.6	185.1	188.4	191.4	194	191.7	183.4	177.7	175.4	178	176.7	172.4	170.8	165.7	160.5	158.4	154.8	156.1	156.4	159.8	159.5	158.8	162.5	163.7	161.6	167.5	171.8	178.1	180.2	174.4	171.1	170.1	171.6	176.3	177.1	179.9	183.8	180.8	172.8	167.8	167.7	169.1	161.1	152.9	152.2	151.8	150.1	148.2	143.3	136.8	130.6	127.8	128.3	124.5	122.3	123	119.5	116.9	114.7	111.9	109.7	105.6	107	107.1	100.5	92.6	84.3	75.8	69.3	64.9	59.5	58.3	58	52.8	47.9	40.2	32.7	29.1	25.6	23.8	21.7	16.2	15.5	17	19	23.4	25.7	25.4	24.2	26.4	24.6	21.4	21	23.8	29.6	37.1	36.4	38.5	40.3	39.3	46	54.1	98.8	148.5	204.4	253	254.9	254.8	257.2	263.3	264.3	263.4	262.2	262.8	262.8	262.8	264
331.5	331.5	331.5	331.5	331.5	331.5	331.5	330	322.5	315.9	309.6	304.2	300.6	288.8	246	221.5	212.9	212.4	202	190.2	185.5	152.9	114	68.5	41.9	36.5	33.3	29.8	30.3	30.4	30.2	26.8	23.1	26.4	32.1	37.4	41.9	41.2	37.4	34.5	34.5	34.5	38.4	45.3	56.4	71.2	87	103.1	113.5	118.3	124.7	132.5	136.1	141.3	142.8	144.3	144.4	146.3	147.4	148.7	150.4	152.9	154.4	159.9	175.2	188.4	198.4	201.3	197.5	196.5	199.5	207.3	218.5	216.1	210.9	206.4	194.7	186.6	188.6	183.9	181.3	181.4	183.1	184.1	181.2	176	174.4	173.1	168.7	167.8	165.9	162.4	160.2	160.2	157	154.4	155.2	157.8	159	162.2	163.7	165.5	161.7	165.4	173.7	178.7	177.5	174.2	170.3	170.3	173.2	173.3	176.2	184.9	184.2	178.7	176.2	172.1	178.6	170.1	156.3	153.2	153	151.7	147.5	146.7	144.3	138.3	133.9	131.2	129	121.7	119	119.5	118.3	116.5	115.3	111.6	107.3	104.8	105.6	105.3	101.9	95.2	84.8	76.6	72.2	65.4	60.3	58.6	56.4	53.7	46.4	39.9	32.3	26.7	26.1	23.8	21.6	17.4	14.5	15.7	19.2	23.2	24.3	25.5	24.6	22.5	25	21.8	21.1	22.6	29.3	36.4	36.5	37.2	40.9	40.6	50.7	67.9	96.2	150.7	208.7	257.8	264.9	264.9	262.5	259.1	259.7	262.3	256.6	254.2	252	250.2	258.4
331.5	331.5	331.5	331.5	331.5	331.5	331.5	329.4	321.9	315	309	302.7	283.2	247.9	227.9	216.9	214.9	206.9	188.8	181.9	174.6	147.2	134	85	46.6	37.8	30.7	30	29.2	26.2	26.7	26.8	27.3	31.9	35.6	34.7	34.5	38.5	40.3	38.5	33.4	35.6	37.8	42.5	52.9	69.6	87.6	99.4	109.3	119	126.9	132.3	137.9	142.3	144.7	144.3	146.1	147.5	149.4	152.6	153.4	153.7	156.3	165.1	178.7	190	196.8	199.3	196.9	196.8	199.5	208.8	214.7	212.6	206.9	201.9	190.2	182.1	182.6	175.7	174.7	173	173.5	174.6	173.5	170.5	173	171.8	169.5	170.5	166.9	164.9	160.4	157.6	156.1	155.6	153.7	153.7	156	158.9	160.3	163.7	164.1	165	173	177.5	173.9	171.6	168.2	170.4	172.8	172.8	173.9	181.1	181.1	176.1	173.3	174.7	182.6	174.5	159	155.2	152.7	149.8	150.6	149.3	146	143	138.9	135	130.7	124.3	118.3	119.6	120.5	119.2	117.6	114.7	110.3	106.6	105.9	106.4	103.8	96.9	85.6	77.7	70.5	64.4	59.2	57.3	58.9	57.3	51.2	44.3	37.6	28.5	27.7	25.4	23.2	20.2	15	14.1	18.8	23.2	26	26.4	27.5	24.9	23.2	20.8	19.6	20.3	26	33.2	36.3	37.7	40.2	42.3	46.1	64.1	98.3	139.8	197.2	254	266.4	266.4	265.2	264.3	263.1	262.8	259.8	259	257.9	250.2	252.8
331.5	331.5	331.5	331.5	331.5	331.5	331.5	328.5	320.1	313.8	306.3	299.4	277.5	249.1	225.5	212.1	210.8	202	185.8	180.2	171.5	143.9	88.8	52.2	37.9	31.4	28.8	29	29.6	28.8	26.9	28.2	30.7	34.2	36.5	34.5	33.3	39.2	41.5	38.5	34.8	36.3	37.2	45.6	56.4	75.2	95.2	107.1	116.2	123.8	129.8	133.9	138.9	142.8	146	148.6	150.8	151.4	151.3	153.8	155.8	153.3	157.1	169.7	184.4	195.6	200.8	198.4	193.6	194.7	199.7	206.8	211	203.8	196.7	183.5	174.5	175.4	176.7	174.3	173.3	173.7	171.2	169.4	167.5	169.8	170.3	166.3	164.8	167.2	166.2	163	161.8	156.6	151.5	147.8	147.1	148.9	151.6	152.3	155.6	161.7	162.6	162.8	165.6	167.8	163.1	161.9	163.2	162.6	162.5	166.2	172.5	179.5	176.1	168.9	165.1	166.3	176.9	171.6	157.5	151.2	146.3	142.3	143.8	144.1	140.4	140.4	138.5	132.4	127.1	119.8	116.8	117.8	119.6	119	116.4	114.6	112.2	108	104.1	105.4	104	99.4	90.1	78.6	73.2	66.8	59.5	57.6	58.4	55.5	46.4	41.9	37.1	29.1	25	24.3	23.1	22.2	17.7	13.9	17.3	22.7	26.3	26.2	27.6	26.6	24.3	19.8	17.9	18.6	22.1	28.9	33.4	37.5	39.8	45	58.6	82.1	122.3	160.5	187.1	242.2	265.8	265.5	265.8	265.5	265.8	263.7	261.9	262.8	261.9	261.3	263.7
331.5	331.5	331.5	331.5	331.5	331.5	331.5	327.9	319.2	311.7	303.9	297.9	287.1	252.3	212.7	209.2	207.9	192.4	179.4	177.1	170.3	139.3	76.2	43.5	36	31.2	29.6	25.6	28.2	29.6	30.3	31.4	34.7	35.3	33.6	34.4	36.3	38.3	39.5	35.3	35	35	36	45.2	61.2	81	98.8	111	119.8	126.9	131.2	135	139.7	145.7	147.8	150.6	154	153	155.4	155.7	155.4	156.3	160.5	169.2	184.2	190.3	197	197.1	197.4	199.4	204.2	208.7	207	199.3	190.3	177	170.1	168.2	171.7	170.1	171.6	171.3	166.5	166.1	163.1	167.1	166.9	164.6	164.2	163.1	161.7	161.3	162.3	159.1	154.6	153	151.6	150.5	149.8	150.3	155.2	157.9	157.6	160.2	164.6	163.7	159.4	160.7	161.6	159.5	161.7	163.1	165.2	173.2	170.9	164.5	160.9	161.2	172.4	168.2	154.6	148	143.5	137.4	139.2	140	140.4	140.1	137	134.7	128.4	121	119	117.8	119.1	118.2	116	115.2	114	110.4	106.2	106.5	103	100.8	92.6	82.3	74.2	66	58.7	57.6	58.1	54.5	47.2	44	39.1	30.9	24.1	24.7	25.5	23.7	20.2	16.7	16.4	20	24	27	27.8	28.2	26	20.3	17.6	18.3	21	26.7	33.3	37.3	38.8	44.2	57.4	77.9	126.1	166.3	195.7	249.1	265.8	266.1	267.3	266.4	265.8	263.7	261.9	261.9	262.2	261.3	263.4
331.5	331.5	331.5	331.5	331.5	331.5	330.6	325.2	318.9	308.7	299.4	293.1	290.7	259.3	209.2	209.5	208.1	189.8	177.5	176.3	171.4	141.9	96.7	45.2	37.6	32.8	29.9	25.9	28.6	29.4	30	31.8	34.1	32.9	33.6	36.4	37.1	38.7	37.2	33.5	32.8	32.5	35.8	47.7	65.8	84	102.7	117.3	123.6	129.2	132.6	136.7	140.4	144.5	148.3	152.9	156.9	156.6	154.9	152.5	158.7	168.8	168.8	171.5	177.7	184.9	191.2	186.5	188.7	192.9	195.8	194.3	188.6	184.5	170.2	162.9	159.1	155.1	157.4	155.9	155.9	157.4	155.2	154.5	159.1	158.8	156.6	157.4	158.1	157.3	155.4	155.5	156.3	155.1	153.5	152.9	151.6	148.7	147.4	147	151.1	151.3	151.8	156.2	158.8	161.4	160.7	158.4	159.6	159.3	157.2	155.8	159.3	167.2	156.6	147.8	147	147.5	161.1	157.9	144.4	138.6	134.5	131.2	132.9	135.2	136.1	134.3	127.7	126.4	123.1	114.5	110.6	108.2	111.5	113.9	112.6	110.8	112.8	111	104.1	104.7	105.4	102.9	97.4	87.1	78	69	61.7	57.7	57.7	55.4	49	45.2	40	32.9	27.1	24.4	24.9	23.2	19.9	17.8	15.6	18.8	22.2	25.8	27.1	28.2	27.2	22.3	18.1	17.7	18.8	23.7	32.7	38.4	39.3	42.9	58.7	94.1	126.1	167.9	197.1	227.5	257.3	265.2	267.3	267.9	267.3	260.6	259.8	262.8	263.1	261.9	261.6
331.5	331.5	331.5	331.5	331.5	331.5	328.5	323.1	317.4	307.5	298.2	293.1	287.7	230.7	220.5	231.8	207.4	185	178.1	178	173.4	143.7	98.5	49.6	39.2	33.3	30.3	28.9	31.8	30.8	34	34.4	30.8	31.9	35.6	35.3	34.8	39.7	37.7	33.3	31.1	31.9	37.2	51.2	73.9	92.8	105.7	116.6	125.6	129.6	134.2	136.5	140.7	145.1	148.7	154.9	155.7	153.6	153.1	149.2	159.4	173.4	169.4	171.3	176.8	183.3	186.7	181.6	182.7	190.3	194.9	190.4	179.9	174.8	159.9	154.4	152.4	148.7	148	150.4	152.1	149.1	151	151.3	156.5	157.4	154.8	155.1	156.5	156.9	155.8	155.7	156.3	155.1	156.8	152.9	151.2	150.1	150.5	149.7	154.6	157.5	156.9	160.2	162.1	163.9	161.7	158.8	157.6	159.6	156.4	154	158.4	165.6	153	144.8	140.8	141.8	160.9	156.4	142.9	137.1	134.9	132.6	131.2	129.4	131.9	130.3	124.9	125	123.4	119.2	114.4	109.6	110.9	111.9	112.6	111.2	113.7	111.4	107.4	107.1	106.9	102.8	98.4	88.8	78.6	71.6	62.9	60.1	56.9	56.1	50	47.9	42.3	35.6	28.1	24	25.3	24.4	20.3	18.2	17.5	18.4	21.6	25.4	27.6	26.3	25.4	24.3	19.5	16.8	21.2	23.9	29.6	37.4	40.2	41.7	58.5	97.9	125.3	170.3	209.9	236.4	247.3	261.5	266.4	267.3	267.3	263.3	264	263.4	263.2	262.2	261.6
331.5	331.5	331.5	331.5	331.5	328.5	325.2	319.8	313.2	305.7	298.8	293.1	287.7	230.4	234.1	244.9	207.3	183.7	177.3	178.5	163.8	128.1	90.4	65.6	47.6	37.4	32.1	29.7	27.6	30.6	37	35.3	30.6	31.7	35.1	35.3	34	40.1	35.9	32.7	31.3	31.9	37.2	51.3	75.4	97	108.5	118	128	132.9	133.3	136.6	141.6	144.8	147.6	152.2	150	148	145.8	148.8	160.1	169.2	167.2	167.6	170.4	172.1	173	171.9	170.5	170.3	174.1	172.2	168.8	151.1	139.3	137.7	133.7	132.4	133.3	139.1	138.5	136.2	143.8	150.7	148.9	149.9	149.9	150.8	154.8	157.5	153.8	153.4	152.8	157.3	159.4	151.8	148.6	153.6	155	151.4	155.7	157.5	156.7	159.4	158.7	156.4	155.7	154.4	152.2	153.8	152.3	149.5	159.7	160	142.7	137.9	132.5	136.9	155	150.8	136.6	130.9	128.5	127.6	124	122	120.3	120	117.1	114.3	111.8	111.3	110.6	106.5	105.9	104.3	106.5	108.3	109.6	108.4	106.7	106.3	109.9	104.1	96.6	91.1	82.2	74.4	67.4	60.6	58.2	56.8	55	50.8	46.4	40.9	32.1	24.7	27.1	25.5	22.3	20.1	18.2	18.6	18.8	23.8	27.6	26.2	25.8	24.7	19.9	17.3	20.6	22.4	27.1	33.8	39.7	41.2	48.6	66.7	106.3	154.6	200.4	245.8	249.4	245.5	247.9	250.2	247.4	252.1	256	260.3	264.9	262.2	261.9
331.5	331.5	331.5	331.5	331.5	327.6	323.4	318	312.3	304.8	298.8	293.7	257.7	233.7	277.8	243.4	196.2	181.9	179.6	181	150.4	94.7	78.3	58.9	40.4	34.3	31.9	26.2	28.4	37.7	34.5	30.6	32.3	33	34	36.2	38.6	36.5	29.8	28.6	29.7	32.9	41.4	61.8	88.4	104.4	112.6	125.5	133.5	134.2	136.6	139.4	141.5	141.3	141.7	145.5	142.5	139.4	141.3	145.1	155	162.5	162.7	167.2	171.9	171.1	168.4	167.7	168.5	169.8	169.6	164.9	154.7	137.6	130.8	129.3	125.6	124.8	129.9	132.9	132.7	131	138	148.6	147.7	146.3	146.4	149.3	152.2	153.9	155.7	155.7	152	156.3	158.9	151.1	149.4	157.1	159	153.7	155.7	156.7	158.6	159.4	157.1	154.8	151.8	148.6	148.9	150.2	148.4	145.5	153.8	151.8	139.5	136.4	132.1	137.2	151.7	149.5	142.4	136.5	135	130.6	125.5	123.3	122.5	119.7	118.2	117.5	113.6	111.6	110.7	107.2	104.1	106	107.2	108.1	110.9	108	105.2	107.6	109.9	106.9	97.8	91	83.9	75.2	66.2	58.3	56.7	56.4	52.4	51	44.3	38.9	31.7	26.1	24.8	26	23.5	20.5	17.4	18.3	18.6	21.1	24.6	24.3	24.8	24.5	20.9	17.4	17.8	22.8	27.4	32.8	40.4	44.8	51.2	81.8	127.1	173.9	235.7	257.5	256.2	250.2	249.1	256.5	255.9	253.5	254.3	256.8	263.7	263.1	261.9
331.5	331.5	331.5	331.5	331.5	323.1	319.5	315	309	304.2	300	293.7	262.4	239	280.7	242.4	193.3	180.1	181.3	183.3	148.8	103.9	76.4	59.1	42.3	33.7	30.3	24.1	29.8	36.1	32.6	31.5	33.1	35	34.8	33.3	36	33.6	26.8	27.3	29	34.8	45.7	67.5	92.4	107.4	117.8	129.7	135.8	134.9	135.3	139.6	141	140.1	140.2	137.6	134.8	131.3	134.7	138.9	146.4	154.6	155.7	159.3	163.2	162.3	159	159.4	160.3	163.6	156.4	143.2	127.8	114	110.7	111.8	112.7	111.5	115.7	120.6	121.5	128.3	140.3	136.1	135.7	135.4	138.6	143.5	146.3	151	154	150.6	155.5	166	154.7	147.9	152	156.4	156.6	152.9	156.1	154.3	152	151.7	149.1	148.8	144	139.9	140.9	138.3	136.8	138.9	149.7	142.5	133.4	133.1	128.5	133.6	139	136.1	132.1	129.8	126.9	125.2	124	120.8	115.6	116	119.6	117.9	111.8	114.3	112.7	109.1	106.4	104.9	103.3	105.7	107.5	107.2	110	113.5	115.6	110.9	104.7	94.8	85.1	77.8	70.7	62.6	57.6	55.1	53.1	50.6	47.6	38.7	32.6	28.9	25.2	28.4	25.8	20.1	18.3	18	18.4	19.1	24.2	24.6	24.3	25.4	24.4	19.1	17.4	21.3	25.7	30.6	39.3	44.9	51	75	121.2	179.6	236	258.9	260.1	262.8	263.4	266.4	265.2	264.3	261.5	257.6	259.4	259.8	259.5
331.5	331.5	331.5	331.5	331.5	323.1	319.8	314.4	308.1	302.7	299.7	292.8	271.9	280.9	273.5	213.3	189	182	184.7	182.1	155.1	113	79	58.8	42.1	32.9	30.1	31.3	35.3	34.8	35	30.9	31	31.9	34.9	33.1	30.2	26.7	24.9	27.1	29.5	37.3	52.6	75.1	96.4	109	119.9	133.3	137	135.9	135	139	140.2	137.9	136.9	132.4	123.9	123.6	130.5	136.7	143.4	145.9	147.7	148.6	146.6	146.5	145.7	144.1	138.5	138.7	133.1	118.5	107.4	97.7	93.7	93.2	98	99.9	103.6	109	111.6	127.4	136.7	124.3	122.3	126.6	132.8	138.9	141.4	148.2	153.8	147.8	153	162.2	148.1	144.6	149.3	152.9	156	155.2	156.7	151.6	147.3	146.8	146.2	143.6	140.2	134.2	132.9	130.9	128.7	132.3	140.4	133.4	130.6	129.6	126	131	138	137.1	132.4	129.9	125.6	121	120.1	118.5	118.7	116.5	115.3	120.3	117.6	116	115.9	116.4	114.1	105.9	103.5	105.8	103.5	104.9	109.1	113.1	118.1	112.8	105.8	97.5	87.6	79.4	71.4	64.2	59.1	56.2	52.8	53.6	49.5	40.2	34.2	31.9	27.5	27.1	26.7	21.5	18.3	18.4	17.5	16.4	21.5	24.6	23.2	25	24.3	21.5	18.5	20.2	23.7	30.2	38.5	47.7	52.4	74	124.5	182.5	241.3	258.6	259.5	262.8	263.4	264.9	263.3	262.4	264.3	259.1	254.5	258.7	262.8
331.5	331.5	331.5	331.5	331.5	328.2	320.4	312.9	305.7	300.3	295.5	288.6	281.1	285	271.7	212.3	188.2	183.5	187.4	182.9	158.7	134.3	120.2	83.1	58.4	38.1	30.1	35	37.2	35.8	34.9	30.4	33.5	33.7	34	32	29.3	24.3	23.2	26.5	29.2	37.7	54.3	77.6	100.5	114	123.9	135.9	137.3	136.9	139.1	142.9	142.6	138.9	128.5	117	115.5	119.7	124.5	133.3	132.5	132.6	138	135.1	136.7	138.7	137	132.4	119.8	117.3	110.8	101.1	88.7	80.7	80	78.8	81.6	83.6	83.5	88.2	100	116	113.1	105	106.8	114.9	130.7	135.3	131.2	149	152.3	146.4	154.3	149.9	137.4	142	151.9	155.5	156.1	158.7	157.9	150.8	143.3	137.1	133.6	129.8	127.5	125.7	126.3	125.7	120.3	117.2	123.2	116.5	116	119.7	115.6	119.4	123.4	128.2	131	133.8	131.1	127.5	128.5	129.3	133	133.4	130.7	134	138.6	140.4	132.5	130.7	122.9	110.6	110.9	114	106.5	107.9	113.6	114.3	118.1	118.6	112.3	102.1	90.7	83.8	77.2	68.1	59.9	56.9	53.4	50.6	50.3	42.2	36.1	34.3	31.9	27.9	26.6	23.2	19.3	19.3	18.7	16.5	18.9	24	23.9	25.2	25.8	23	20.5	20.6	23.7	31.6	39.8	50.7	62.8	93.1	138.9	181	238.6	259.2	258.9	260.5	257.2	247.5	246.5	244.6	248.4	255.8	249.7	246.4	255.8
331.5	331.5	331.5	331.5	330.3	327.3	320.1	312.3	304.2	299.7	294.6	288.6	285	285	245.7	198.2	191	188	184.5	181	161.8	138.1	125.2	80.7	56.8	42	37.5	38.2	36.2	33.9	34.2	33.9	33.7	36	33.6	26.9	24.6	21.1	21.5	26.6	31.8	44.7	64.3	82.6	100.1	114.2	126.2	137.7	140.5	140.4	141	141.1	135.3	128.6	118.1	111.6	112.4	114.5	114.1	114.7	114.3	117.6	118.3	118.9	123	122.2	117.7	113.7	106.1	105.9	99.3	90	78.7	72	72.2	71	69.2	68.4	69.2	73.2	88.8	104.5	100.6	90.5	93.8	100.9	118.7	123.7	120	137.6	140	138.1	146.2	139	128.4	138.3	149.4	150.5	152	157.5	153.7	146.9	141.1	133.4	126.2	123.3	122.6	118.8	117.4	117.9	112.5	107.4	109.4	104	101.4	100.6	95.3	101.2	107.1	113	116.6	123.5	124.5	122.9	125.1	125.9	134.1	135.6	135.4	137.3	140.6	143.6	136	133.2	124.2	112.9	112.8	113.7	108.3	110.2	117.2	118.6	121.3	121	115.1	103.9	91.5	84.5	79.1	70.9	62.2	57.1	55.1	51.6	50.8	44.8	37.3	34.4	32.2	29.2	26	23.9	19.1	17.6	19.2	17.6	17.8	22.8	23.1	25.2	26.8	24.4	20.7	21.5	23.7	33.6	43.8	51.7	63.4	100.2	151.8	187.7	246.6	258.6	258.9	261	260.4	252.3	251.5	246.8	246.9	255.2	253.8	249.6	258.9
331.5	331.5	331.5	331.5	325.2	319.8	315.9	310.5	302.1	299.4	295.5	289.2	285.6	285.3	242.2	196.7	191.7	190.4	185.8	183.4	172.2	142.6	133.7	101.7	52.8	39.7	38.6	36.9	34.2	31.3	33.2	35.5	34.2	34.5	32	26	21.2	20	21.9	25.1	32.1	45.3	67.3	87.6	106.4	118.7	129.3	137.6	137.5	136.8	143.4	143.1	136	127.5	117.4	116.2	116.9	112.7	110.4	105.9	101.3	101.4	103.1	105.2	106.5	108.1	108.3	103.7	101.6	103.9	94.2	75.8	67.4	64.8	65.6	67.2	66.9	63.9	67.2	78.9	90.4	93.3	87.4	88.4	97.4	106.2	119.6	120.3	121.7	139.6	138.4	148.7	158.6	155.2	153.3	156.2	160	159.8	170.2	173.6	157.4	142.2	135.2	127.8	118.3	117.8	120.6	122.7	123.1	119.2	107.8	100.4	99.8	99.2	98.8	96.3	101.6	115	118.2	119.3	120.4	122.1	127.2	130.8	136	141.6	146.9	150	151.8	152	153.4	150.7	148.8	145.1	136.6	132	130	125.4	123.9	120.8	124.8	125.2	123.8	121.4	116.1	106.9	96.9	89	82.1	72.1	63.6	59.2	55.5	52.4	50.7	46.4	39.2	35.9	33.8	31.2	28	25.2	20.5	17.1	18.2	18.3	17.3	22	24.2	24.1	28.6	27.1	23.4	21.6	25.4	33.9	43.8	58.9	76.9	113.8	162.6	183.8	226.9	250	248.1	248.7	254.3	256.7	265.5	263.4	258.8	264.9	265.2	263.1	264.3
331.5	331.5	331.5	331.5	324.3	317.7	314.4	309	301.5	298.5	294.6	288	285.3	272	212.5	196.2	196.3	187.7	185.5	187.1	187.5	157.8	137.3	114.9	67	48.7	42.4	33.3	27.9	29.9	36.4	35.9	34.1	35.2	27.4	20.8	18.1	17.4	21.7	24.6	34.6	52.5	72.6	86.6	107.5	122.9	134.6	139.9	136	136.2	137.9	136.3	132.4	126.2	116.7	111.5	111.4	108.7	104	99.1	97.8	93.7	89.8	90.6	92.9	95.6	98.2	95.4	91.3	94.8	83.8	67.9	59.2	59	61.9	63.5	63.2	60.4	66.7	80.4	88	85.8	83.8	88.9	94.5	105.2	116.6	118.1	118.5	134	134.8	146.3	156.7	159.3	160	158.9	161.3	164.3	175.5	176	158.9	142.8	130.7	122	114.8	115.2	114.9	115.9	118.2	115.3	103.5	95.2	90.7	89.2	90.1	90.8	101.3	110.9	110.9	108.8	110.2	106.9	108.2	115	122.9	127.6	131.6	133.4	135.7	138.1	142.5	139.3	135.2	134.1	130.8	130	129.2	125.4	125.5	127.2	126.9	124.9	123.2	122.1	116.3	106.2	99.6	91.8	83.3	76.2	65.5	61	57.3	52.8	50.5	45.6	39.6	38.6	36.6	33.2	30.4	23.4	19.5	18.4	17.6	18.4	17.8	20.2	23.8	23.8	28.5	29	25.5	22.8	23.4	31.8	45.4	65.8	85.8	113.6	148.2	188.9	232.4	242.2	239.8	240.9	249.6	255.2	265.2	263.7	261.1	264.3	264.9	263.1	258.5
331.5	331.5	331.5	331.5	325.2	317.1	311.7	305.1	299.7	296.4	292.2	289.2	285.9	268.6	210.4	194.9	194.7	189.3	185.4	187.4	183.6	148.2	134.5	134.1	121.2	67.3	44.7	35.6	28.4	30.5	35.8	35	34.3	34.3	26.1	18.8	17	17.9	19.8	25.1	36.2	57.2	79	97.6	117.4	130.7	138	141.7	141.7	148.1	152.2	146.1	142.7	141.8	134.5	132.6	130.8	125.8	125	120.2	113.3	104.6	96.1	91.1	86.6	85.3	84.1	78.4	78.1	81.7	81.9	77.1	72.6	75.1	80.6	82.9	80.3	81.7	91.3	98.4	100.6	99.4	105.6	111.8	114.8	121.2	127.2	131.3	135.5	145.2	152.2	159.2	169	178.8	183.8	184.8	178.9	184.2	185.3	177.3	167.7	158.7	146.8	137.1	130.8	123.1	116.9	118	118.8	114.2	105.4	98.9	91.5	86.1	88.1	97.7	106.2	107.7	106.9	106.1	106	108.2	110.4	117.1	122	124.4	123.2	123.1	124.9	126.3	125.9	122.7	123.2	127	131.5	133.6	131.5	130.1	131.8	130.6	129.8	128.4	123	119.5	115.6	110	106.3	99.2	90.1	81	70.1	63.4	59.3	55.5	50.7	45.1	39.5	40.5	38	33.4	30.7	25.1	20.1	19.9	16.9	17.2	18.2	20.9	24.6	24.6	28.4	30.5	29.1	26.4	24.6	33.3	54.4	88.7	106.6	120.2	153.2	193.2	237.4	235.3	243.2	251.8	255.2	260.4	262.5	260.7	263.1	263.7	263.4	262.8	247.5
331.5	331.5	331.5	331.5	324.3	315.6	310.8	304.2	298.5	295.8	292.2	289.5	286.8	243.4	203.2	199.4	193.7	189.4	188.2	188.7	183.4	147	136.4	138.7	109.2	64	40.1	34.7	32.7	34.2	34.4	33.3	34.3	29.8	21.2	16.3	15.6	16.8	18.8	30.1	46.1	67.3	82.6	96.2	118.4	132.4	140.7	141.2	141.8	146.8	146	138.5	135.3	134.4	131.3	130.1	124.1	121	124.8	123.4	117.2	112	104.2	97.7	91.3	87	82.5	77.3	79.7	82.9	84.3	81.2	79.7	83.2	89.3	89.3	86.8	88.3	95.7	98.9	100.9	100.2	106.3	112	114.2	117.9	122.5	126.8	132.2	141.8	150	156	165.1	175.7	181.8	185.5	184.7	183.2	185.1	176.9	164.3	157	147.9	136.8	128.5	122.9	115.3	112.7	113	108.6	100.8	95.3	88.7	84.6	87.3	94.7	97.6	98.2	97.6	97.5	98.5	101	106.1	110.1	109.8	110.2	110.4	109.2	109.8	108.6	106.4	106.1	109.7	114.3	120.8	124.2	124.8	125.5	128.9	126.8	123	120.1	119.7	119.9	116.2	111	105.9	98.7	90.3	84.1	75.7	66.1	60.3	56.5	52	45.5	40.5	41.7	39.9	34.9	30.6	25.8	20.5	19.2	17.2	16.5	19	21.8	25	23.8	28.1	32.8	30.7	25.9	23.5	36.3	66.8	102	123.3	133.1	158.8	197.9	241	238.9	251.2	258	261	262.1	261.2	256.5	258.7	261.4	258.9	259.5	250.7
331.5	331.5	331.5	328.8	319.8	312.6	306.9	299.7	294.3	291.6	290.7	289.8	287.4	244	203.9	199	194.1	190.5	187.8	188.6	177.4	144.8	137.5	139.1	109.4	68.9	45.6	34.1	32.2	34.6	34	34.5	34.8	26.6	21.2	17.2	15.9	16.8	20	31.9	50.7	69.8	85.1	106.2	127.9	138	144.5	146	152.5	154.1	147	137.5	134.3	134.7	132	131.5	126.9	127.3	133	134.4	132.7	128.9	122.4	115.8	106.9	105.6	101.5	95.9	91.5	84.7	80.3	81.3	84.2	87.4	90.9	95.3	96.8	100.3	103.6	103.3	102.4	104.9	110.4	114.3	115.1	119	123.8	126.9	133.3	142.5	149.1	159.1	171	182	188	189.8	193.3	190.5	190.8	184	170.3	165.2	155.8	142.1	132	125.3	121.8	114.4	109.7	105.3	101.6	95.6	94.8	97.8	96.2	98.9	97.3	97.5	97	97.8	99.1	96.4	90.9	91.6	89.4	87.6	88.3	88.3	89.6	87.9	86.3	88.9	92.1	98.2	102.1	102.4	108.5	113.7	118.4	124.1	123.9	119.9	116.9	116.8	115.6	111.3	106.8	102.4	95.3	89.8	81.3	70.4	64.4	59.8	55.4	47.3	42.3	43.8	41.6	38.2	33.4	28.7	21	19.8	17.1	15.5	17.4	19.3	24.2	25.4	26.5	31.5	31.7	25.4	27.1	45.4	85.6	124.7	132.4	136.8	162.8	195.2	242.8	256.4	257.7	257.7	259.8	261.6	263.7	258.1	246.6	244.2	249.5	252.7	261.4
331.5	331.5	331.5	325.8	316.8	310.5	304.5	298.2	292.8	290.7	289.8	289.2	286.5	258.3	221.1	201.4	194.8	191.4	189.2	187.8	174.2	146.5	137.5	138.3	110.3	68.8	44.8	36.9	34.8	31.7	31.8	34.1	32.6	26.9	24.3	18.7	16.7	16.2	20.6	33.5	51.8	71	85.6	106.8	127.5	137.3	144.9	148.5	151.4	152.8	143.7	139.6	134.6	131.1	132.7	131.9	127.7	130.8	136.3	133.8	131.1	128.6	122.8	116.4	109.3	103.2	99.7	97.2	90.7	81.3	72.4	70.1	72.3	75.2	76.5	80.6	86.9	92	96.8	98.5	97.9	101.1	107.5	109	110.4	113	117.3	121.2	127.1	138.3	147.2	158.2	171.5	189.8	198.5	197	200.5	199.3	195	183.5	170.7	163.9	154.5	139.5	128.3	121.8	115.7	111.5	106.1	102.2	100	93	93.7	96	97.4	98.2	95.9	95.5	94.9	94.1	92.4	89.5	84.5	81.5	80.8	82.2	85.3	83.2	82.9	81.6	80.2	82.6	84.3	87.2	89.2	90.6	93.6	99.8	103.7	109.3	116	119.6	119.1	118	116.6	112.2	111.3	106.5	100.4	94.9	89.3	79	70	62.6	56.4	47	40.6	41.6	43.1	41.6	37.3	28.6	23.5	21.2	18.1	15.1	14.6	18.9	23.4	25	25.7	29.1	34.1	31.9	33.9	53.2	89.7	120.5	124.7	135.9	165.9	204	235.2	256.8	254.6	255.7	259.5	261.3	263.4	264	249.1	243.8	248.8	256	261.3
331.5	331.5	330.3	317.1	309.6	308.4	304.2	297.6	292.8	290.1	289.2	288	284.7	242.8	213	200.5	197.1	190.6	188.8	189.2	179.6	156	140.6	126.9	97.5	77.5	52	38.8	40.6	34	31.1	37.6	35.3	25.6	20.3	18.5	17.1	17.9	23	38.5	60.5	80.3	94.4	116.5	134.6	141.5	145.7	145.2	148.3	140.8	133.6	133.9	131.2	131.7	133	132.1	134.5	134.9	134.8	133.4	130.3	128.8	120.5	113.9	112	108.9	106	104.2	99.3	92.1	86.1	77	72	70.6	66.3	67.4	72.4	78.1	82.8	84.7	87.8	92.8	98.7	104.1	108	111.7	115.8	122.6	129.9	139	150.8	161.1	176.2	195.9	209.1	217.3	214	210.7	200.4	186.7	173.6	163.7	153.4	142.6	131.5	123.1	114.4	110.6	106.7	103	101.7	99.2	98.8	97.5	96.5	95.4	91.4	83.4	76.9	72.3	69.6	69.9	69.1	67.2	64.4	64.8	67.7	72.2	72.3	68.5	69.1	71.3	71.9	77.5	80.3	79.6	81.4	85.2	91.8	98.6	104.5	114.3	121.7	121.4	116.7	114	114.3	110.8	106.4	103.3	97	86	73	66.2	60.4	54.5	46.4	46.8	47.4	44	37.9	31.2	24.7	20.5	18.4	14.1	15.4	19.6	25.7	27.3	25.3	31.3	34.5	33.1	38.1	64.7	104	122.5	121	143.8	170.5	203.9	241.9	229.6	229.9	243.9	254.2	258.2	257.2	263.1	260	249.8	245.1	245.8	248.1
331.5	331.5	328.8	315.3	309.3	308.4	303.6	297.6	294	291	289.5	288.6	283.5	257.6	220.6	202.8	199.4	191.5	189.6	193.7	183.8	157.4	140.1	124.4	99.9	85.6	59.3	44.9	37.8	30.8	34.9	35.3	28.7	22.7	20.6	19.7	17.5	19.8	28.2	50.5	73.1	85.5	96.5	118.6	137.7	143.1	144.9	144.4	141.6	138.7	134.7	132.9	132.1	134.1	134.3	133.6	134	131	125.9	121.6	118.5	116.8	114.4	111.1	107.7	104.4	102.7	102.9	102.2	94.3	88.9	84.8	79.3	72.2	67.2	67.5	66.3	67.8	71.2	76.6	82.4	87.1	92.2	98.6	103.1	107.5	111.2	118.2	128.6	138.1	149.7	166.1	186.1	210.9	230.1	238.3	238.4	227.6	210.7	198.2	184.9	171.2	158.2	143.2	132.3	120.6	113.4	109.6	103	97.2	96.4	95.3	93.7	90.6	87.1	83.8	74.9	68.2	61.8	58.7	58	60.9	63.5	60.3	52.8	52.1	51.9	58	56.9	52.9	56.2	61	64.6	73.3	77.2	75	75.7	80.3	86.4	92.4	98.8	105.4	113.9	118.7	115.3	114.7	116.4	114.8	111.8	107	102.7	90.5	76.1	69.1	63	56.6	49.2	47.7	47.4	44.8	37.9	31.8	25.1	20.9	19.8	14.9	15	20.7	28.1	28.9	27.7	32.9	37.3	36.5	44.3	69.7	114.2	129.2	118.5	145.4	173.6	208.1	237.7	229.2	228.2	235.4	244.8	250.3	250.2	258.4	260.8	253.5	245.4	243.2	241.8
331.5	331.5	330.9	321.9	316.8	310.2	302.4	298.8	295.8	291.6	291	288	281.4	269	228.1	203.7	202.2	192.7	191.6	194	188	167.9	141.8	137.3	120.7	96.3	85.7	64.7	42.2	34.3	35.1	34.7	30.1	25.3	23.5	22.3	19.2	22.2	32.6	54.2	77.2	89	103.3	127.7	144.1	150.5	152.5	149.9	145.9	139.6	134.7	134	135.1	132.6	133.7	132.1	131.3	128.7	123.5	117.9	113.7	113.1	110.4	108.1	105.4	103.4	101.6	100.3	97.4	90	84.7	84.4	82.4	77.7	76.2	74.7	70.9	65.5	65.1	71.5	76.6	79.3	85.3	89.5	96.1	102.7	108.5	117.1	130.6	141.3	153.8	174.3	196.1	218	237.9	249.7	245.9	231.2	222.7	208.8	195.8	180.2	163.2	146.4	132.2	121.2	112.9	105.8	98	92.7	89.9	86.3	83.9	78.8	71	64.5	58.7	54.6	52.3	56.6	72.8	81.6	73.9	58.5	57.3	55.6	52.2	58.9	61.5	51	50.2	52.2	57.4	68	84.5	89	87.1	80.9	77.9	83	90	95.8	102.7	112.7	116	115.6	116.4	118.9	118.1	115.2	113	106.3	91.8	79.9	72.8	63.2	54.8	49.9	49.3	45.6	40.2	32.4	26.3	23.2	20.9	17.2	13.7	19.1	25.8	29	28.3	32	40.2	51.1	68.7	87	102	116.3	124.5	152.5	169.2	202.1	251.2	250.6	247.2	237	225.6	239.1	250.9	259.8	261.9	261.3	254.3	246.6	248.3
331.5	331.5	331.5	321.9	316.8	310.2	301.8	298.5	295.5	291.6	290.7	286.8	280.5	264.5	222.9	201.7	193.8	195.4	195.5	190	182.4	171.5	145.1	137	133.2	112.2	99.7	71.5	42.4	37.8	36.5	29.1	25	24.2	23.2	22.6	21.6	27.3	41	63.8	83.2	91.9	103.8	129.3	145	151.8	152.9	150.8	145	139	137.5	133.6	131.7	127	124.7	122	120.6	119.6	118.5	114.8	106.6	101.7	100.7	98	97.2	92.7	86	83.4	76.4	66.2	63.8	63.7	64.9	64.7	67.9	70.2	70.3	69	66.9	68.8	72.1	74.4	77.7	84.8	91.9	98.9	105.1	112.9	126.7	141	158.9	184.2	210.2	231	251.2	261.5	261.8	248	236.7	225.2	210.9	191.8	168.3	148.2	131.7	119.1	110.3	101.2	92	87.7	84.6	79.8	75.4	69.7	62.7	59.9	56.2	55.4	57	64.1	80.5	87.2	70.9	52.6	51.9	50.1	46.3	69.7	84.9	57.6	51	48.5	46.9	52.9	71	83.7	87.1	81.1	77.1	78.4	84.7	91	96.2	103.7	108.4	110.2	113.6	118.5	119.8	118.1	115.1	109.8	98	84.6	75.9	67.2	57.4	51.1	48.9	46	39.6	33.5	25	21.4	19.5	17.9	13.7	16.5	27.3	29.7	29	32.1	44.7	64.3	90.7	110.3	110.4	109.1	129.1	159.5	170.6	213.8	255.2	254.9	248.4	242.3	231.8	243.9	254.6	258.4	260	261	258.3	248.6	248.6
331.5	331.5	327.6	320.4	313.5	307.2	301.8	298.2	295.2	292.8	291	283.2	278.4	269.9	227	200.3	197.1	190.6	189.1	189.7	182.1	166.5	151.7	138.9	136.9	132.1	128.8	113.6	74.2	49.5	40.4	33.4	27.1	25.4	22.6	21.8	21.3	29.9	44.1	66.1	83.9	94.8	116.3	141.3	147.9	154.8	156.7	149.6	140.5	132.6	131.9	131.3	130.8	127	122.3	116.6	111.2	103.2	92	79.4	72.8	70.6	69.3	67.9	63.4	53.7	46.2	45.5	43.6	33.4	35.5	39.7	41.6	44.8	51.7	59.4	67.5	72.8	75.7	73	72.3	72.4	72.7	76	84.7	93.1	103.1	112.6	125	144.2	165.5	192.1	220.8	244.7	258	270.9	270.6	263.8	256.1	242.6	222.5	200.6	176.2	152.4	132.4	116.9	102.8	89.2	82.9	78.2	72.7	67.4	63	59.6	58.6	56.7	56.4	60.6	69.4	77	81.6	75	55.9	34.5	31.9	31.3	26.4	44.5	65.3	44.4	44.8	48.9	49.8	51.6	67.5	81.3	89.4	89.3	85.8	85.1	82.8	86.4	93.1	96.7	103.2	108.3	113.2	117.7	119.8	122	120.2	115.2	105.8	91.7	82.8	73.8	59.5	53	50.9	48.7	41.8	34.1	27.8	23.7	20.9	18.9	14.7	15.5	25.4	30.9	29.9	34.3	59.3	80.9	92.1	125.1	133.9	138.3	152.7	164.4	166.3	209	255.8	258	252.5	256.7	256.1	258.4	261.6	261.3	259.9	258.1	260.7	259.4	245.9
331.5	327.9	323.1	318.9	312.6	308.1	302.4	297.9	295.5	294	291	283.2	278.1	261.8	217.6	203.6	202.1	194.3	192	186	182.7	173	157.1	142.1	136.5	131.1	131.9	124.7	87.2	57.2	44	32.3	29.6	25.8	22.8	21.8	23.8	36.1	55	76.6	87.2	96.8	119	143.9	150.1	154.5	156.5	150.1	142	134.4	128.4	128	126.2	119.8	110.5	107.1	103.2	89.9	73.7	64.2	64.4	66.5	66.1	62.1	51.7	41.4	38.1	33.1	27	26.1	31.6	34.3	38.2	42.4	46.2	56.2	60.7	66.6	74.6	75.5	75	72.4	71.7	73.7	81.5	90.5	100.1	110.1	122.8	144.3	169.5	195.5	220.8	247.6	266.7	272.4	272.1	270	264.2	245.1	225	201.4	175.2	155.2	134.3	117.1	102.3	87.4	78.5	74	67.8	63.3	62	63.1	62.1	60.8	61.7	63.1	70.3	76.8	75.2	68.1	50.6	24.4	16.4	16.9	15.3	15.4	19	19.7	29.3	37.9	44.5	53.5	71.1	79	78.5	78.8	81.8	83.2	82.8	87.6	94.7	96.9	99.9	105.6	110.7	117.5	124	125.6	123.5	118.7	107.9	94.3	84.3	76.9	64.8	53.8	51.8	48.5	42.2	36.1	30.3	23.4	19	17.3	15.8	16.4	25.3	32.4	31	39.1	68.4	81.1	81.1	113.3	130.4	135.9	154.6	166.5	171.9	220.1	253.8	258.9	252.7	256	257.7	254.3	258	261.6	261.9	260.1	260.1	263.1	249.4
328.8	318.9	316.8	315.6	311.4	310.5	304.2	297.9	295.5	292.8	286.5	280.8	275	264.4	244.9	210.8	202.5	203.7	195.7	188.4	180.3	178.5	168.3	146.7	135.1	134.6	133.2	125.3	109.7	76.9	58.9	57.2	47.2	37.5	30	22.9	23.8	33.1	49.3	69.1	87.7	103.4	130.5	148.5	155.6	160.8	158	151.1	143	135	131.8	129.5	122.3	110.8	96	79.7	68.3	61.8	58.5	60.6	61.4	57.5	54.8	56.2	54.7	42.4	33.7	33.1	24.6	22.6	27.1	33.9	35.2	35.4	38.5	45.7	50	52	58.5	68	75.5	76.1	73.2	72.9	77.6	87.4	98.2	110.2	125.2	143.7	166.3	191.6	217.4	240.2	265.6	278.9	282.2	274.7	268	263.1	240.5	210.7	186.2	162.6	138.9	115.8	96.4	83.5	77.6	73.9	72.8	71.5	68.8	65.6	61.1	60.3	61	63.7	71.1	80.8	79.4	72.7	62.2	41.8	24.5	18.8	21.2	19.6	17.9	19.9	24.6	29.8	33.6	51.5	72	78.8	75	69.6	73.9	78.9	84	90.1	95.4	98	98.1	102	109	117.4	125.7	131.8	133.1	129.4	120.4	106.1	92.7	81.2	64.5	51.5	49.2	49.1	44.3	37.2	33.4	25.7	18.6	19	22.5	26.9	35.4	46.7	48.3	47.5	58.7	75	85.5	95.6	106.6	114.8	135.7	167.3	178.4	196.9	229.7	240.5	239.4	251.4	248.6	236.7	231.3	234.5	239.1	243	236.2	250.2	258.5
327.9	318.9	316.5	314.4	310.8	308.7	302.4	297.3	295.5	291.6	284.7	274.1	247.8	230.5	228.9	215.3	208.1	203.4	189.7	182.6	182.1	182.2	166.7	145.5	138	136.9	137.9	131	111.3	83	67.4	54.8	51.2	40.9	28.8	24.7	30.5	46.3	67	83.2	95	107.8	132.8	151.6	157.6	159	155.5	147.1	137.2	130.7	128.3	123.8	111	98.5	87.2	77.4	71.1	68.9	70.9	73.7	73.4	68.6	63.7	66.7	61.7	44.2	35.6	33.3	28.8	26.8	32.8	43.1	49.5	44.8	45	55	55.1	52.9	55.2	60.9	68.9	74.1	77.5	78.9	84.1	93	100.3	112.4	129.9	151.4	175	202.1	234.1	259.5	277.1	284.3	283.7	278.2	268.2	253.1	227.7	204.6	179.6	159.7	136.9	116.3	97.3	84.5	78.3	77	77.1	77.7	73.5	66.8	62.4	56.4	57.2	65.4	79.5	88.7	80.8	76	66.1	46.1	29	21.1	18.1	20.4	18.9	21	31.3	36.9	37.5	50	63.8	70.7	73.2	68.8	65.6	71.9	81	89.4	94.4	97.6	98.8	101	106.4	115.7	123.9	128.1	129.3	126.7	116.8	102.3	91.3	80.6	67.1	53.9	53	52.6	43	38.1	33.4	25.1	20	21	24.7	31	45.8	58.8	58.7	62.7	82.4	89	83.9	89.2	98.6	109.5	137.2	176.8	203.8	239	240.4	237.7	238.9	251.6	249.3	239.7	230.9	231.1	230.2	229.5	226	244.8	256.1
331.5	327.9	325.8	318.9	311.1	306.6	302.4	298.2	295.5	292.8	286.8	282.3	266.9	238.4	233.6	228.9	214.4	208.2	199.9	188.6	190.3	190.1	175	153.9	141.3	139.7	138.3	133.7	110.6	82.8	70.2	54.3	50.6	46.2	34.2	25.2	31.7	48.2	70.2	85.2	94.8	113.9	142.5	154.9	157.3	160.8	155.1	147.7	138.7	129	124.6	117	99.9	83.5	72.6	67.6	71.4	81.6	90.6	95.9	94.3	83.9	74.5	79.4	80.9	65.8	51.6	70.5	61.1	38.1	41.6	48.8	66.4	73.5	74.4	74.6	69.7	63.7	60.7	60.6	71.5	80.4	86.7	91.5	94.3	99.2	102.1	112.8	129.3	150.1	170.6	197.8	229.3	258.4	277.5	287	286.6	279.7	274.5	258.9	230.6	205.5	179.3	158.9	139.3	117.2	99.1	89.1	87.4	91.8	95.9	91.5	75	71.1	68.8	59.8	60.1	65.5	76.2	86.4	86.2	80.7	79.1	71.7	62.9	51.7	42.3	34.3	30.3	32.4	45.2	54.3	61.1	62.3	60.2	63.1	63.4	58.4	57.7	64.3	75.8	85.3	92.7	96.2	99	103	107.7	113.7	121.9	126.9	131	128.7	121.2	109.8	97.4	85.6	68.4	54.1	51.6	54.6	46.3	37.1	34.4	31.6	31.9	31.5	33.5	39.3	47.4	58.1	64.6	75.3	103.1	115.5	100.9	90.9	97	120.3	148.7	167.4	180.4	223.9	246.2	247.8	241.6	244.5	252.9	255.2	251.5	243.7	239	237.4	237.7	241.3	249.4
331.5	328.5	321.3	312.9	307.5	303	299.4	295.5	294	288.9	282.6	280.2	273.5	256	246.1	232.6	225.2	224.6	203.6	193.5	194.6	190.2	180.4	163.5	147.1	142.5	138.4	133.4	110.4	80	64.8	51.3	50.2	46.2	35.1	30.1	42.2	59.9	77.4	88.5	97.2	116	143.3	154.2	155.4	159.3	157.7	150.1	142.6	133.6	128	115.4	100.1	85.7	82.8	89	94	104.1	110.3	113	107.5	96.7	96.6	99.1	93.9	89.8	109.5	96.7	70.9	73.1	70.1	81.5	108.4	113.7	102.2	91.9	87	84.1	82.1	83.7	87.2	92	96.2	99	102.5	108.5	112.4	124.5	142.6	156.4	176.5	204.5	232	256.8	276.8	283.6	279.6	273.5	266.5	249.7	225.5	201.5	178.4	162.4	144.1	122.6	105.3	96.5	101.2	110.5	104.9	84.1	75.2	74	71.8	63.4	61.6	74.7	84.5	93.9	94.3	88.6	87	83.5	75	64.1	54.8	47.3	46.1	53.7	70.1	74.7	73.8	72.5	65.3	61.6	61.4	60.2	59.6	62.3	74.4	84.8	91.2	96.9	101.1	105.8	112.6	119.1	124.9	127.7	130.3	129.9	122.6	110.3	99	87.1	71.3	55.7	50.8	50.7	44.2	39.8	35.6	31.4	34.1	35.9	36.4	41.7	48.5	54.8	60.3	71.1	95.4	113.7	107.7	89.8	94.7	121.7	156.1	183.2	208.3	225.4	244.1	249	241.7	240.3	248.5	258	257.5	255.1	251.4	248.9	246.9	247.7	247.4
323.7	320.4	317.1	309.3	303.9	300	297.3	294.6	291	285.6	281.1	278.1	277.3	264.3	249.5	236.7	227.8	223.2	207.2	194.5	194.9	191.4	191	174.3	155.1	145.1	139.8	122.6	81	62	48.8	39.2	39.8	45.5	39.9	37.2	46.5	60.9	76.9	88.8	102	127.9	154.4	163	164.3	166.4	164.7	159	152.7	141.5	133.4	117.4	100.6	90.6	93.3	105.6	113.1	124.4	134.4	134.7	124.3	113.4	110.9	106.6	104.2	102	105.8	99.7	91.2	93.4	93.2	101.4	124.9	136.9	136	125.6	112.8	104.4	108.1	108.1	108.6	112.6	114.7	113.4	110.4	111.4	116.6	128	144.9	158.3	176.2	203.7	227.2	249.1	266.5	274.4	273.6	272.4	264.9	248.1	221	192.8	171	157.9	143.1	125.9	113.1	106.7	112.1	120.3	112.2	96.3	90.4	82.9	77.8	81.1	83.3	86.6	90.9	94.6	96.4	94.6	92.3	89.4	86.4	86.4	88.1	84.1	87.5	89.2	98.3	100.3	90.1	81.6	77.4	73.6	73.3	71.1	68.5	66.7	72.2	82.1	90.4	97.9	103.3	109.5	116.4	124.1	129	132.7	132.5	131.8	125.9	117	103.7	91.8	75.7	58	49.8	48.4	44.4	39	38	39.1	43.1	43.6	41.6	38.9	35.8	41.5	49.1	60.1	79.7	106	117.3	104.6	100.4	120.8	153.8	201.4	240.4	239.5	236.7	240.6	249	253.1	247.3	254.1	260.1	254.8	261.4	259.8	259.8	261	257.7
322.2	316.5	315.9	309.3	303.6	299.4	295.8	293.7	289.5	284.7	280.8	278.1	275.5	258.5	261.9	247.9	232.7	231.6	206.7	196.2	196.7	200.9	209.8	192.7	170.1	150.7	140.9	116.8	78.6	59.9	45.1	40.8	39.5	47.3	52	50.9	57.6	71.5	83.1	90.8	102.6	128.3	158.8	170.1	170.9	175.4	176.2	171.3	164.3	151.5	138	123.4	109.6	107.9	112.3	117.3	125.9	137	144.5	142.9	135.5	126.8	120.9	116.1	112.9	108.2	104.6	103	101.8	101.6	98.9	109.4	130.5	139.9	140.2	133.9	122.5	111	111.9	115.1	114.8	117.7	120.8	116.2	116.8	119.3	130.4	143.9	152	159.2	177	203.7	227.2	244.1	259.9	268	263.7	261.9	253.3	238	216.7	190.9	171.9	159.6	151.2	137.5	124.4	115.1	116.6	119.8	115.9	109.6	107.6	100.3	95.6	99.8	99.2	99.3	103	104.6	108.4	111.9	110.8	109.8	113.8	114.9	118.5	113.7	114.6	115.5	124.5	118.9	100.3	96	98.2	94.7	91.1	85.7	82.2	80.3	80.3	85.9	93	102	107.8	115	126.1	130.9	132.6	135.8	136.5	134.9	129.9	121.1	108.7	94.5	80	61.3	51.3	49.2	44.6	39.2	38.8	39.6	42.8	43.9	43.6	36.2	33.5	41.6	47.9	55.7	74.7	94.9	106.4	105.5	106.7	123	173.4	237.9	255.3	241.2	233.2	238.8	246.9	255.9	252.5	254.9	259.1	256.4	258.4	254.8	260.1	261.3	262.2
324.6	320.1	317.4	311.7	305.1	298.5	295.5	292.8	285.6	282.3	279.8	278.7	276.3	255.3	263.6	258.9	241.4	236.2	210.9	197.6	199.3	204.9	212.4	201.6	180.3	154.4	138.7	89.9	64.3	52.1	45.7	45	42.1	44.8	56.4	59.4	64.2	72.7	84.1	92.5	104	133.3	162.1	171.2	171.5	173.4	175.5	171.9	166.7	154.8	141.3	131.6	124.9	124.9	133.1	139.3	141.7	149.7	155.2	151.6	147.2	136	126.7	123	120.8	118.9	112.7	111.5	108.4	102.9	112.1	133.6	145.1	145.7	141.6	134.4	127.7	123	124.1	129.9	130.6	118.9	122.4	127.9	127.6	129.2	140	150.8	156.5	159.7	176.5	201.1	221.6	236.7	249	256.6	252.8	252.8	245.1	229.2	209.4	185.9	168.8	155.3	150.3	140.7	131.1	122.2	120.4	115.2	111.5	113.8	111.7	110.2	107.6	102.6	99	98.5	99.5	100.6	103.7	111.6	108.5	107.7	114.7	114.3	122.1	117.6	113.4	108.3	114.1	113.1	105.6	104	110.7	114.1	109.7	109.5	104.4	101.2	101.9	102.7	107.5	115.2	122.2	129.7	133.6	137.4	138.7	140.2	141.4	138.4	132.7	124.8	112.5	97.1	81	62.7	52.6	49.9	45.4	40.8	42.2	42.2	44.2	44.5	37.1	29.2	30.1	39.4	45.7	52.9	66.4	86.6	95.3	105.7	123	128.8	156.5	216.3	233.9	237.4	242	245.8	242	244.6	249.7	257.8	260.1	261.2	251.3	243	250.5	258	255.2
326.7	321.6	316.8	311.7	305.1	298.5	295.8	291.3	284.4	282.3	280.5	278.1	270.9	275.3	268.8	260.6	256.1	231.3	212.9	204.5	209.5	226.5	224.8	202.3	175.8	153.4	135.7	87.3	65.2	52.4	46	45.6	43.6	46.8	60.3	69.6	80.6	84.7	85.8	94	105.4	128.3	153.3	162.3	163.8	166.3	168.8	169.8	168.1	163.3	155.8	148.2	140.5	137.6	141.1	145.1	142.5	147.1	155.4	154.9	154	143.5	133.6	131.5	131.6	127.2	123.8	120.6	119.8	119.7	129.7	146.9	150.9	145.5	136.3	132.4	126	127.5	130.1	135.7	142.7	132.4	133	142.7	150.8	151.6	158.6	161	156.3	160.3	177.2	204.3	228.9	243.4	253.8	263.2	261.9	258.3	247.7	226	203	179	166.5	159.2	154	148.7	143	138.4	132.4	127.4	119.7	118.9	115.6	113.5	109.5	106.7	104.8	103.5	105.1	106.7	110.7	116.3	112.3	113.9	115.4	110	111.9	118.4	119	112.7	119.4	118	115.8	114.2	116.8	121.2	122.1	125.3	122.6	117.4	115.3	113.8	116.1	120.4	128.3	135.4	138.6	142.2	143.3	142.6	143.9	140.7	134.9	126	115.5	101.4	85.8	65.5	53	49.4	45.4	41.8	42	42.1	43.8	44.2	36.7	30.1	32.1	41	45.5	51.2	60.2	78.8	95.3	111.9	136.3	144.7	180.7	221.1	232.1	238	244.7	245.6	238	241.7	247.7	252.4	256.1	255.2	248.4	242.5	245.3	250.7	246.4
326.7	321.3	312.9	307.2	302.1	297.6	293.1	288.9	283.5	282.9	279.3	277.8	272.3	275.9	267	255.3	255.2	240.4	222.7	211.7	209.9	229.2	234.5	218.3	188.7	159.6	106.7	72.8	61.4	53.8	53.2	50.6	48.1	54.5	65.5	76.4	86.8	85.6	87.2	96.5	108.3	138.8	162.3	167.3	169.1	173.1	176.3	179.4	179	175.9	172	166	160.6	156.2	153.1	155.7	157.6	156.3	152.4	151.8	156.1	156.6	150.3	143.8	139.3	135.4	131.4	132.5	145.6	150.4	146.3	144.1	138.4	133.3	127.2	124.9	127.4	132.5	135.7	136.4	145.2	155.8	158.5	159.3	164.5	169.1	168.6	165.5	158.6	161.2	173.1	195.1	220.5	241.9	254.4	262.1	256.1	251	251	224.7	197.3	174.5	161.8	155.5	152.9	152.5	150.7	149.2	144.4	136.3	129.6	124.9	123	120.3	116.1	112.5	112.8	113.1	116.4	118.8	124.9	128.3	129.1	135.8	134.3	132.4	129	132.9	135.1	132.3	133.9	130.1	129	129	127.8	132.5	136.5	136.8	138.6	137.5	133.8	128.4	129.1	135.7	136.7	139.7	144.8	147.1	147.2	147.6	145.5	144.8	139.9	130.1	118.1	104.9	88	67.3	54.5	48.7	46.3	43.6	45	48.1	46.5	40.1	37.3	32.1	32.2	40.1	45.5	49.1	55.6	74.6	106	122.1	145.5	165	206.1	246.8	253.7	252.5	243.6	230.2	224.6	240.5	252.2	233.8	229.4	237.3	243	249.3	255.5	258.5	253
324	319.2	311.7	305.1	300.9	296.1	292.2	288	282.9	282.3	279.3	278.1	278.1	276	267	258.8	259.1	257.2	248.9	224.1	236.6	254.1	249.7	227	197.6	166.5	105.1	77.2	65.7	55.9	55.8	54.8	52.5	59.7	70.7	84	97	90.5	89.6	99.3	111.3	143.4	171.2	177	180.6	184.4	185	184.9	186.1	180.4	174.2	167.2	164.8	162.2	161.2	161.3	164.7	164.1	155.2	153.5	155.5	153.8	144.3	132.9	126.6	121.6	119.1	120.3	140.2	146.3	137	138.3	137.9	135	137.9	142	147.2	153.6	157.9	163.4	171.4	178.2	179.6	177.1	180.2	180	171.2	162.2	155.6	160.1	174.6	195.7	218.3	240.5	252.9	262.9	256.6	249.7	247.1	225.6	201.2	173.8	158.2	156.5	154.4	154	156.3	157.2	156.2	154.9	148.7	142	138.5	134.5	125.2	118.9	117.8	115.9	116.8	121.3	129.4	132.2	135.1	141.8	145.2	149.2	145.7	148.2	147.1	144.2	144.4	142.1	142.2	142.4	140.6	143	144	143.8	145.6	152.3	152.5	146.2	145	148	148.2	149.9	150.9	152.3	153	153	148.9	144	142	131.9	120.1	107	91.3	73.3	57.6	49.2	45.4	43.2	45.4	50.5	46.5	40.9	40.5	37.5	35.7	41	43.7	44.2	48.8	63.8	99.2	122.3	144.9	178.6	225.9	246	254	254.4	245.4	226.9	220.8	234.9	246.6	233.1	225.3	240	249.4	254.4	259.1	260.9	260.4
321.9	317.7	311.4	305.1	297.3	293.1	291.3	287.1	284.4	282.9	279.9	279.9	280.2	273.6	265.8	261.2	259.5	261.9	255.5	231.3	246.7	257.7	251.5	231.9	211.7	160.9	95.6	76.4	65.9	60.4	62.9	63.8	60.7	64.5	65.9	80.7	97	89.8	90.6	102.2	116.5	150.7	176.1	179.5	183.7	189.1	190.3	190.8	188.4	183.1	180.1	179.1	176.7	179.7	175.7	169.5	172.4	170.5	170.8	171.1	169.1	164.1	157	152.7	151	148.7	145.5	149.1	155.8	156.3	157.4	152.3	155.4	157.1	156.1	164	172.9	180.4	187.4	192	200.1	199.3	192.5	185.3	185.3	186.3	176.3	164.5	160.4	163.8	174.3	195.7	218.9	245.4	258	265	256.9	252.1	253.3	229.7	202	172.6	156	151.1	148.3	151	158.4	160.8	161.9	162.4	158.1	152.5	151.1	148	141.3	137.5	134.5	131.2	134	140.5	142.9	145.7	147.4	147.7	152.5	159.6	165.5	167.3	165.8	159.7	156.3	155.2	155.3	156	156	152.6	151.4	152.5	154.8	160.8	166.3	163.9	158.2	157.4	160.2	162.2	163.7	163.7	161.4	159.7	158.3	151.7	146.9	137.8	122.5	108.1	91	72.1	57.3	49.3	46.4	47.5	49.3	54.5	48.4	44.3	45.4	43.3	41.7	43.8	45.1	43.2	46.6	55.6	84.2	119.5	144.5	174.2	221.4	231.9	232.8	235.7	234.6	229.3	219.8	223.4	227.5	237.7	240.8	241.9	247.1	247.8	239.7	240.3	251.1
321.9	317.7	312.6	304.5	296.7	293.7	291	285.6	285	282.6	279.9	279.3	279	272.7	263.4	260.8	259.8	261.9	260.4	244.6	259.8	254.1	233.9	229.3	227.8	176.7	102	78.6	71	65.8	67.8	69.3	67.7	67	70.5	95.7	104.9	93.7	91.4	103.1	114.9	148.9	176.7	180.4	186.3	190.5	187.8	187.8	187.8	188	190.9	190.7	185.2	181.7	179.7	179.5	181	184.6	185.8	184.5	184.8	181.6	180.2	178.7	178.7	174.4	170.4	177.2	176.8	174.5	177.9	174.1	176.9	177.5	172.8	177.8	189.5	199.8	203.6	206.1	208.8	207.4	200.3	192.7	189.7	182.1	171.9	160.1	156.7	164	179.5	198.4	221.4	243.9	257.3	264.2	258.7	255.5	251.3	228.9	206	175.7	156.3	150.3	147.1	152.3	160.9	164.1	163.9	165.4	165.3	164.5	167.2	167	161.2	159.9	155.1	149.8	146.4	144.8	146.1	145.5	146	146.6	147.8	151.3	156.6	152.7	151.3	149.3	145.8	146.8	147.2	147.9	149.6	150.3	153.3	158.1	163.9	162.7	168.4	174.6	173	169.6	167.2	162.8	164.5	166.8	166.4	161.4	160.1	154.5	146.8	137	124.5	111.2	94.6	73.9	59.1	49.2	47.4	47.9	50.5	56	51.1	48.5	49.9	49.4	46.7	44.1	41.5	39.1	42	51.6	80.2	124.5	150.7	193.1	234.4	230.5	231.6	234.5	237	231.2	220.2	220.3	224.5	236.7	241.2	237.8	239.2	240.5	234.6	236.2	243.6
326.4	316.8	310.2	303.6	297.3	294	288.9	285.9	285.3	279.9	275.5	280.4	279	267.8	256.4	259	256.4	259.8	260.1	246.8	259.8	256.4	237.9	235.8	239.9	183.5	108.7	85.8	83	76.6	76.7	74.8	73.1	71.7	77.3	100.4	105.4	92.6	91	102.1	118.7	155.4	174.7	179.1	186.7	190.5	186.9	188.4	194.7	199.7	200.6	199.7	192.2	186.6	193.4	193	190.1	194.3	196.1	195.1	193.6	192.9	198.4	200.5	196.9	191.8	185.7	193.9	190.7	192.3	196	193.9	197.2	198.7	200.2	200.2	205.5	212.9	216.2	215.6	211.5	204	194.2	191.4	191.8	187.5	175.1	161.3	157.8	166.1	181.9	201.6	228.7	250.9	259.3	262.9	261.1	258.2	251.4	228.6	205	178.8	155.5	148.8	148.4	149.9	159.2	169.6	170.2	171.7	172.8	173	176.7	180.9	181.4	181.9	178.4	174.9	167.6	162.5	159.6	156.7	158.1	159.2	165.4	170.4	169.8	167.3	167	169.5	169.5	170.1	168	164.7	162.1	164.5	168.8	171.7	176.1	172.9	170.7	175.3	178.1	176.9	174.4	168.9	167.5	168.3	168.5	163.5	160.2	156.3	150	141.9	128.6	112.5	95.3	74.7	59.7	48.3	46.9	51.8	55.8	58.5	52.8	53	53.7	52.7	49	46.9	43.7	40.1	41.9	50.7	77.2	125.3	150.8	180.8	214.6	217.9	217.1	224.2	231.3	228.3	221.7	226.4	227.4	231.3	247.2	244.7	236.4	238.7	249.5	251.7	243.7
327.6	316.5	308.7	302.1	297.3	294	287.7	285.9	285.3	279.8	278	281.4	279	266.2	257.6	259.1	254.9	258.5	259.4	255.8	260.7	261.3	258.3	260.1	254.3	195.7	117.3	93.2	87.5	77	78.7	76.1	73.7	70.1	85.9	111.3	106.2	95.1	93.4	104	117.3	148.7	173.6	182.4	188.8	192.7	198.7	201.6	204.5	205.1	201.3	198.2	199.3	200.1	202.4	203.9	205.2	204	205.9	212.3	210.2	208.8	212.2	214.2	218.1	212	204.5	210.6	207.3	211.7	221.1	224	228.3	230.7	230.8	227.3	223.3	224.3	225.4	217.8	210.1	202.3	192.8	193.7	192	180.4	168.5	157.3	157.5	172.9	188.8	207.8	230	247.2	256.9	263.3	260.6	255.8	242.3	226.5	207.2	184.1	159.7	149.6	150.1	153.3	161.4	169	174	173.2	175.6	176	181.7	187.6	191.7	197.3	200.7	198.7	195.4	193.7	193.6	186.7	180.7	179.3	176.9	178.6	179.6	173.8	172.4	177.2	179.4	181.2	181.5	181.4	182.4	183.1	184.9	183.9	182	185.9	184	176.2	172.5	177.5	178.6	176.2	175.1	175.1	172.6	169.4	161.3	155.1	148.9	141.7	130.1	115.9	100.2	78.5	62.7	52.2	49.8	55.3	57.2	58.3	55.6	55.5	56.9	58.8	52	47.7	42.7	36.7	40.9	54.3	76.2	122.3	148.9	188.1	214.4	213.7	219.6	225.6	228.9	229.8	222.5	228.3	230.1	236.3	253.2	250.1	240.7	238.8	251.1	252.5	244.1
321.9	313.8	308.7	303.9	298.8	291.6	287.4	288	284.7	281.7	279.9	281.7	278.4	270.9	265.8	262.2	259.8	259.2	257.8	255	260.1	260.8	253.8	260.1	235.2	193.3	137.8	98.4	96.5	85.9	83.1	79.3	79.7	75.1	88.1	118.9	110.5	98.2	98.3	102.4	119.7	157.8	178.1	187	190.9	197.8	205.5	205.9	207	208.2	203.5	202.2	208.9	213.1	214	220	222.7	222.3	226.3	226.3	231.2	236	236.9	240.7	241.7	234.8	231.4	235.1	233.8	238.3	246.6	251.6	249.9	247.9	248.5	245.1	242	234.8	229	217	203.3	193.7	190.3	194.2	190.9	180.1	167.4	158.5	160.7	174.6	191.9	212.1	232.3	245.3	256.1	257.6	251.9	250.7	242.6	225	204.7	184.6	161.7	149.3	147.7	150.6	161.1	169.4	175.2	174.4	176.4	181.1	188	193.7	199	202.5	208.2	212	215.3	216.3	208.2	203.4	205.3	202.8	198.7	197.1	196.2	194.4	192.6	194.8	194.6	193.4	194.2	195.7	192	190.4	189.6	189.7	188.3	191	192.1	186.8	179.8	178.8	181.1	180.8	179.6	179.9	173.8	170.3	164.6	156.4	149.2	140.3	132	119.9	100.9	78.4	64.2	53.4	52.2	61.8	60.5	61.7	63.1	59.6	57.7	59	55.2	48.5	45.5	39.7	42.9	65.4	88.9	116.3	140.7	177	212.3	215.5	223	230.9	231.2	239	231.5	226.3	229.3	234.9	245.5	248.4	238	225.8	222.6	231.5	234.9
318	313.5	311.1	306.6	302.1	295.8	289.5	288	285.3	281.7	279.4	280	279.3	273	267.9	263.7	261.6	260.7	258.1	254.1	258.8	255.1	252	259.2	231.7	196	145.1	104.8	95.5	89.8	85.1	77.8	78	76.7	100.8	123.9	114.7	101.7	102.7	103.3	115.4	153.5	177	186.3	193	199.4	204.5	203.1	205.4	206.7	209.3	215.1	219	222	224.2	225.3	227.4	228.8	234.3	237.6	240.9	245.1	247.3	247.8	247.8	246.9	241.9	242.8	244.4	245.1	250.8	254.4	255.4	252.1	251.6	248.3	244.6	236.8	231.1	221.7	205.8	196.1	192.5	192.6	185.8	176.1	168.9	163.9	165.5	175.8	195.1	214.1	231.2	245.4	253.2	254.9	252.2	250.2	235.4	215.1	198.5	184.7	167.9	153.5	150.1	153.7	164.3	172.8	174	174	177	181	184.7	190.6	198.7	206.5	213.3	219.7	224.7	224.3	223.3	224.6	228.9	227.6	224.3	224	226.6	225.2	225.5	226.7	227.7	221	220.1	216.4	211	207.4	204.5	202.9	199.5	197.6	199.8	196	193	188.6	186.3	182.4	181.7	180	177.9	174.5	168.7	160.1	151.3	141.3	131.7	121.2	108.1	86	68.7	59	55.1	64.7	64.9	66.4	67.2	66.6	63	62.5	59.1	50.5	46.1	42.7	49.3	76.5	99.9	126.9	158.6	183.2	214.6	213	218.4	227.4	234.4	242.7	240.2	234.9	232.9	233.2	240.4	243.9	238.6	227.3	221.7	229.6	233.1
317.7	318	312.3	306.3	297.9	289.8	288.6	286.8	282.6	281.4	281.7	280.8	276	271.5	263.5	258.8	261.6	259.5	258.2	255.8	257.1	259	261.7	255.2	225.6	195.8	148.5	108.4	100.3	99.9	93.7	86.5	82.9	78.9	102.6	126.5	119.1	110.1	106.6	104.9	125.3	165.9	180	188.9	193.7	198.1	200.6	203.6	209.3	211.2	214	220.6	225.4	228.1	228.7	229.2	230.8	233.8	240.3	246.2	249.5	253.9	257.3	258	259.2	258	256.3	258.7	257.9	257.7	258.3	262.1	266.3	263.9	260.8	254.6	246.1	237.3	228.9	215.1	202	196.3	195.9	194.4	185.4	174.5	166.1	164.5	170.2	184	201.5	219.9	236	248.1	251.7	253	254.9	252.2	236.4	215	195.2	181.5	170.2	156.5	151.6	155.8	163.4	172.5	174.2	176.4	180.1	185.1	188.8	194.9	204	210.8	218.4	219.5	222.8	231.1	233.9	232.3	235.8	234	235.8	235.8	235.4	238.8	241.7	239.8	235.7	233.4	235.2	231.3	223.4	216.2	217.5	214.5	209.1	204.9	199.1	195.7	194.7	191.7	188.6	187.4	185.9	184.1	180.7	175.6	169.8	163.4	153.1	143.2	133.3	123.9	108.9	86	71.7	60.1	59.2	68.2	69.9	70.1	69.7	68.2	64.1	64.2	62.5	58	54.8	54.2	61.9	88.2	111.5	143.4	178.7	201.3	231	228.6	217.6	224.7	240	247.3	243.6	239.5	243.3	239.5	242.9	247.6	238.9	238.3	244.6	243.9	232.9
321.6	320.1	313.2	306.3	297.6	288.6	288.6	285.9	282.9	281.4	281.7	279.9	275.1	271.5	258.3	254.6	261.3	259.5	256.8	256.6	257.6	262	264	256	227.9	191.9	155.1	105.8	96.2	102.2	96.2	92.3	86	87.9	119.2	129.5	122.9	116.7	113	108.7	124.2	165.1	180.6	185.6	190.2	197.8	199.4	204.2	213.2	215.6	218.4	221	222.8	228.7	230.3	230.5	232.5	233.7	238.4	245	250	253.3	255.6	258.9	261.3	260.6	259.1	260.7	260.6	261.1	263.4	267.7	268.9	266	258.5	253.4	246.2	238.5	228.3	215.4	204.5	199	195.8	193.5	181.3	171.7	167.3	168.5	174.8	188.9	202.2	219.1	236.9	249.4	250.5	250.8	252.7	244.2	227.2	210.5	193.1	183.5	174.1	162.3	155.1	157.6	166.4	174.8	173.4	175	179.3	182	187.2	192.9	204.2	212.2	217.4	223.3	228.8	238.4	241.8	240.6	243.5	243.9	245.3	245.9	250.1	253.1	253.7	253	250.2	246.9	245.7	241.3	233.9	230.6	227.6	220.5	215.4	215.6	206.2	194.5	189.6	190.5	190	191.2	192.7	189.7	183	177.1	169.3	163.1	154.4	145.3	135.4	126.6	115.2	91.1	73	61.7	60.4	69.4	71.4	72.3	72.3	70.1	68.5	67.4	66.4	64.8	66	75	96.1	119.6	148.3	187.8	211.7	221.2	225.8	227	219.2	220.8	239.4	243.7	235.1	230.8	236.9	235.6	237.6	248.1	241.4	240.7	244.2	244.8	237.5
327.6	322.5	315.9	306	296.4	290.7	288	285.9	285	279.7	274.9	272.4	274.8	268.4	257.9	258.4	261.9	260.7	258.9	257.2	257	264.3	259.6	255.6	225.5	186.4	158.3	102.8	92	101.1	99.9	100.9	99.1	91.9	118.6	133.4	127.9	119.1	122.5	120.3	134.9	169.2	181.7	185	187.5	195.6	198.8	205.9	215.7	218.5	219.7	223.3	221.4	226.5	230.5	232.2	235.4	237.2	240	245.2	250.4	255	258.9	259.7	262.6	265	262.7	259	265.3	271	266.9	264.7	265	267	261.6	251.8	246.4	238.9	225.9	216.3	206.4	195.7	194.3	191	179.6	173.6	169.8	172.7	181.7	191.5	201.7	214	229.8	244.5	249.4	250.4	249.9	241.6	227.2	208.1	191.4	181.2	173.6	163.4	156.5	155.1	163.4	173.5	176	177.9	179.7	179.8	187.1	196.8	205.5	215.5	225.7	232.6	236.2	238.8	242.1	242.9	245.4	248.7	248.2	250.1	254.6	256.2	250.6	252.7	257.6	251.4	247.2	246.9	244.7	240.5	236.1	228.6	219.9	217.4	211.7	197.4	190.3	189.4	188.8	190.2	193.3	189.7	184.3	178.1	168.6	162.4	156.2	146.1	137.5	127.2	116	93.4	72.3	66.2	66.2	71.9	75.8	76.6	76.3	74	73.4	75.3	76.2	73.7	75	83	101.8	124.4	157.8	203	219.9	225	232.8	239.2	233.1	216.3	218.7	225.3	229.2	228.2	233.8	231.5	228.8	235.5	241.6	254.6	254.4	245.5	247.9
327.9	322.2	315.6	304.8	297.3	291	288.9	285.8	285.6	281.4	276.3	274.6	274.8	267.6	259.9	261	262.2	261	259.2	258.6	256.2	257.3	256	255.1	222.7	185.7	151.7	92	85	92.9	93.3	98.2	96.3	99.5	128.8	133.6	128.2	119	122.8	125.9	132.8	167	182.2	185.1	189.7	197.5	203.2	207.9	213.2	215.2	217.4	221.5	221.3	226	230.8	231.5	235.3	237.7	241	244.8	249.7	255.7	259.3	259.3	263.7	266.8	264.1	261.9	265.1	268.5	267	261.1	260.5	264.7	262.9	254.7	247.1	240.2	226.7	217.7	207.3	197	193.4	186.4	178.2	171.6	168.5	172.1	181.5	190.1	199.7	213.7	228	242.6	247.2	248.3	248.5	242.9	230.2	214.4	195.5	182.6	176.8	167.2	159.2	156.6	162.6	168.7	172.5	176.4	177.7	179.7	186.2	195.8	208.5	220.1	231	238.1	243.4	245.1	243.9	244.5	247.2	249	247.3	249.8	254.7	254.2	250.4	252.3	261.1	255.2	249.5	251.8	252.1	246.5	241.6	234.9	226.6	220.9	213.5	206.5	199.2	193.6	189.4	188.6	191.3	190.9	185.6	177.7	167.9	161.8	154	145	138.7	129.6	121.4	102.7	75.6	63.8	64.8	68.4	72.3	77.8	78.8	73.7	72.9	79.7	90.3	107.6	126	134.2	141.8	151	171	202.7	224.6	233.7	243.3	247.1	236.1	217.9	213.2	220	223.6	226.5	235.4	235.5	229.9	232.9	239.3	250.6	254	242.5	245.3
325.5	320.4	310.8	303.6	296.4	292.8	293.1	290.1	286.5	281.1	281.1	278.7	275.7	272.4	266.1	255.8	262.8	261.6	260.1	257.7	243	243.5	260.4	260.2	231	190	159.6	98.5	82.9	87	85.4	92	91.2	98.1	127.1	130	117.4	107.9	110.5	135.3	151.2	165.8	181	187.7	190.4	198.3	203	208.9	213.2	213.7	215.3	218.2	223.8	228.1	229.8	232.9	235	236.5	241.3	247.9	252.3	256.9	258.8	260.8	264.6	269.2	271.7	272.9	273.4	271.8	268.8	265.1	262	262.9	261.2	258.1	243.1	237.5	229	214.3	206.7	195.3	188	183.8	175.3	168.6	166.6	169.9	180.4	189.5	199.2	210.5	224.2	235.8	245.1	249.9	250.9	244	232.6	220.5	201.8	187.4	179.7	169.7	163.7	162	163.4	164	168.6	172.4	173.1	175.6	181.8	195	205.7	216.6	234.4	243.6	248.2	248.5	250.3	251.7	248.8	246.6	245.7	246.3	247	248.3	250.2	250.7	256.5	252.4	252.1	252.2	248	244.1	243.2	236.1	229.3	224.5	216.1	210.4	204.4	198.7	193.2	187.9	187.4	188.8	182.2	177.7	170	161.4	155.3	148.2	142.2	131.6	123.6	107.9	80.8	75.6	65.6	57.9	62.1	66.9	72.9	70.5	72.4	80.6	99.4	123.8	141	144	139.6	144.9	160.5	194.9	215	224.4	236.2	239.8	235.4	232.5	231.1	225.1	220.1	228.6	231	234.2	232.3	229	228	228.1	234.2	240.9	245.9
326.1	319.8	309.3	304.5	297.3	293.7	293.7	290.1	286.8	281.7	280.8	278.4	276	272.1	266.4	263.1	262.8	261.6	259.5	251.9	242	248.1	254.7	259	242.1	198.3	160	99.3	80.3	78.4	76.9	81	87.4	102.8	129	123.5	111.9	108.3	112.1	132.9	149.5	163.3	179.7	187.9	193.6	199.2	199.7	203	209.6	211.4	212.8	219	223.3	224.9	229.5	231.9	234.6	237	238.6	244.4	251.3	256.4	255.8	256.9	261.1	265.6	271.4	276.7	279.8	273.9	272.1	267.8	266.6	266.7	259.6	250.4	236.3	223.6	216.6	205.8	194	184.5	176.4	171.8	166.5	164	161.8	168.1	180.5	191.7	200.7	212.4	224.3	233.6	238.6	246	248.4	242.9	233	219.5	206.3	192.8	180.1	169.6	164.7	164.3	162.8	162.1	163.2	164.5	168	171.1	178.3	189.8	197.4	212.9	229.2	239.9	248.8	252.6	252.9	252.3	250.7	247.8	244.2	246.1	247.9	249.9	252.8	253.2	253.4	251.2	250.9	252	247.2	244.4	244.6	240.4	231.9	225.1	214.7	210.1	204.4	199.8	196.3	190.2	187.3	186.4	178.8	172.3	166	161.5	154.6	147.7	144.5	134.8	128	119.3	91.1	68.9	57.2	54.6	53.9	62.3	71.8	70.9	71.7	96.5	142.4	152.5	149.6	146.1	140	140.9	154.2	183.6	207.2	216.2	229.4	233.4	232.3	236.6	236.2	226.3	230.6	237.5	237.9	232.3	235.9	237.9	233.8	231.8	238	244.2	249.2
326.1	313.9	307.5	305.2	297.9	294.6	294	291.3	287.4	281.7	281.4	277.8	275.1	272.4	259	262.8	263.1	261.6	254.7	244.9	251.3	258.3	261.6	263.4	252.8	197.4	159.2	102.9	82.9	84.3	80.7	79.6	79.7	92.1	121.9	119.6	104.9	99.9	121.9	150.8	153	161.7	175.8	183.9	190.2	195.7	200.9	204.5	207.2	210.6	212	215.8	221.2	223.6	227.8	231.1	234.1	238.9	241.8	246.2	250.8	250.9	253.3	260.2	262.4	268.9	272.6	271	270.7	270.1	269.5	267.8	266.6	262.9	250.3	242.4	236.2	225.9	208.9	196.7	190	178	169.3	164.1	162	161.6	162.7	169.6	181.1	192.7	200.6	210.1	217.9	230.3	240.5	247.3	247.3	238.5	228.6	219.7	206.3	189.3	175.2	165.6	161.1	158.7	158.8	158.2	160.8	162.6	164.7	166.2	172	184.7	196.4	212.8	226.8	237.8	241.6	248.1	259.4	255.6	253.5	253.3	250.8	254.2	255.6	254.4	254	253.1	249.2	251.2	253.9	252.9	249.3	244.8	241.4	236.2	228.5	221	210.9	206.3	204.9	197.8	193.6	191.5	185.6	179.2	174.4	170.2	166.4	159.8	152.8	151	148.4	139.9	130.1	117	96.1	86.8	62.8	48.5	52.9	60.2	68.9	70.6	68.7	97.9	135.6	144.4	144.3	142.6	136.6	135.1	153.5	193.4	214.2	216.9	227	232.1	233	239.6	239.3	226.9	224.8	231.9	230.6	232.3	228.4	228.5	236.9	236.6	238.6	247.9	253.6
323.7	312.6	306.1	305.1	297.9	295.2	294.3	291.6	287.4	281.7	280.5	276.9	274.2	272.7	261.7	263.1	262.8	261.3	254.5	248.3	254.9	260.7	261	262.2	250.3	199.6	151.8	101.3	85	85.2	82.6	80.3	80.4	97.2	122.2	118.3	106.3	102.2	125	150.7	151.5	160.3	175.6	182.7	187.6	192.1	195.1	200.3	205.6	209.3	210.9	214.2	220.9	224.8	226.6	228.9	233.2	237.4	240.7	244.5	249	249.3	252.4	260.7	263.9	270.4	273.5	272.2	272.8	269.9	268.3	267.1	258	249.3	235.8	224	222.2	215.3	198.7	184.4	179.1	173.5	167.4	160.8	158.8	157.3	160.7	170.1	183.1	192.2	200.1	211.8	218.3	229.3	240.2	243.9	242.8	239.4	231.2	224.8	214.2	194.6	174.9	165.8	161.1	157.4	157.7	159.7	158.1	157.5	159.4	159.5	164	176.4	187.7	202.8	219.4	231.7	237	248.8	257	255.8	252.6	254.9	254.5	255.2	257.1	256.2	256.5	253.7	250.8	253.1	254.5	251.6	250.9	243.4	238.5	234.2	223.4	213.9	201.7	199.2	198.3	195	189.1	185.9	182	178	171.5	166.3	164.6	156.8	151.3	150.2	148.8	144.8	133.8	124.5	101.8	87.7	69	51.5	49.8	57.2	67.8	70.4	71.7	121.9	141.2	134	136.7	132.4	126	134.3	158.8	194.7	221.3	225	230.1	232.9	235	242.3	240.3	227	227	227.2	224.2	230	226.4	224.2	229.7	229.9	233.6	240.7	245.1
315.6	308.7	308.1	302.1	298.5	298.5	292.4	291.5	286.8	282.3	280.5	273.5	265.6	269	267.3	262.8	262.2	261	260.3	260.1	258.9	259.8	261.3	256.9	247.5	203.1	156.7	106.9	91.1	91.6	88.4	84.1	80.8	92.8	112.5	113.7	109.6	117.7	142.9	150.7	148.6	160.5	173.1	181.2	185.8	190.3	193.3	198.4	204.4	207.1	209	214.8	218.6	223.4	226.6	228.7	233.5	236.7	241.8	247.7	249.3	253.1	257.5	265.4	270.6	273.4	275.6	273.5	271.4	267.1	260	254.7	246.9	238.8	233.9	228	222.2	210.8	194.7	183.3	177.5	176.4	169.1	164.8	162.1	159.9	158.6	170.4	183.7	191.5	199.7	210.1	221	242.1	259.4	253.8	245.9	243.7	248.4	239.7	213.5	193.7	178.4	165.8	160.3	153.9	153.3	154.6	157.3	161.1	161.5	158.4	158.6	169.3	183.3	198.6	211.2	221	231.1	248.8	257.7	260.5	258	259	256.8	254	255.9	257.4	254.4	252.7	250.3	250.1	249.4	247.3	246.6	244	236.5	231.9	224.9	212.8	202.6	197.6	193	190.5	185.2	182.5	178.6	176.3	171.5	164.9	158.5	153.2	151.1	151.1	148.6	142.9	133.6	124.8	113.6	92.3	75.2	61.3	52.6	57.9	67	68.8	64.3	113.4	139.2	141.7	143.9	135.2	129.7	137	157.9	197.2	225.5	243.4	258.8	240.7	229.1	232.4	234.7	229.1	227.9	226.8	226.3	231.9	237.8	231.6	222.4	221.1	217	222.3	225.5
313.5	307.5	305.7	300.3	298.2	296.4	292.6	291.3	285.9	283.2	280.5	270.7	261.9	270.4	267.3	263.1	262.2	261.3	261.3	260.1	259.2	260.1	260.5	259	249.6	209.8	146.1	110.8	96.6	96	89.6	88.6	83.2	95.4	110.9	109.7	109.5	120.1	144.5	151.6	150.9	159.1	172.2	179.5	183.6	187.9	193.8	195.9	200.4	205.5	206.8	211.3	214.2	221.1	226.7	230.5	233.5	236.8	242.5	248.2	251.9	255.1	257.5	262.9	269.4	272.5	273.2	270	265.2	261.6	252.9	244.6	240	231.6	226.5	220.5	213.8	203.9	190.1	192	196.7	190.8	182	178.9	175	166	165.4	174.2	182.4	191.7	204.1	216.1	231.3	241.7	262.8	262.3	248.6	245.8	246	242.3	216.5	193.2	181.2	168.6	161.5	157.7	157.3	160.8	166.9	170	169.7	162.8	156.2	162	174.5	190.3	202.9	213.2	225.5	240.3	253.4	255.2	253.7	258.5	256.7	253.8	256.4	258.3	255	253	248	248	247.6	247.8	243.8	241.4	233.1	227.9	223.9	210.3	203.1	196.1	188.5	187	183.8	176.8	171.7	170.5	166.1	160.3	155.7	151.9	150.2	149.9	147.9	144.3	135.3	126.3	115	91	76.1	65.4	53	58.3	66.5	67.6	74.2	126.6	138.3	141.2	145.3	146	139.5	140.6	156.6	195.3	222.3	245.1	262.8	242.8	228.1	227	230.2	229.9	229.6	226.7	227.3	233	242.7	240.5	226	221	219.4	218.4	221.1
316.8	309	303.9	301.5	300.3	296.4	294.6	290.7	285	284.7	273.5	266.5	268.2	264.3	265	263.1	261.9	261.3	261.3	259.3	257.7	256.2	256.9	257.7	257	232.4	162.8	120.9	104.6	99.4	95.2	92	87.1	98.8	116.2	108.4	110.6	120.6	142.9	153.3	149.6	154.7	169.1	178.3	183.6	186.6	191.3	192.2	194.6	201.6	204.6	207.1	211.6	220.5	229.8	233.5	234.8	240	244.7	246.1	250.3	253	256	260.6	264.1	266.2	267.3	260.6	255.6	253.4	249.1	240.5	233.1	230.1	221	212.8	205.5	196.2	188.3	191.5	194.1	189.3	185.6	185.3	181.8	171.7	170.8	178.9	182.2	188.8	201.6	218.6	235.5	249.5	261.3	257.8	249.1	243.9	240	236.7	212.8	196.3	184.8	172.2	162.4	158.7	158.1	161.9	166.2	170.3	173	171.4	162.1	159.1	167.2	182.1	195.3	204.5	215.2	227.9	239.4	246.7	252.7	251.6	256.2	258.8	260.3	258	253.1	251.6	247.3	243.1	243.5	244.3	239.8	237.5	233.6	223	216.2	207.1	200.9	194.3	188.4	184.6	180.2	175.4	170.5	166.5	163.6	160	155.4	151.1	147.9	147.8	144.6	140.8	135.4	127	118	90.7	74.5	72.6	65.9	59.1	58.9	63.2	72.3	124.1	140.3	140	145	150.2	147.1	144.1	155.9	189.8	216.5	216.4	228.4	244.4	244.1	238.3	231.2	234.1	231.8	225.5	227.3	229	234.3	240.2	243	248.2	236.7	223.2	222
317.1	309.3	303.6	302.7	300.6	296.4	295.2	290.1	285	278.8	269.3	259.2	270.5	268.8	262.2	263.4	261.9	261.6	259.3	251.6	249.1	253.6	257	261.3	260.7	225	153.5	122.9	107.4	107.7	100.3	93.1	91.9	105.7	117.3	110.9	112.2	128.5	146.7	151.6	149	153.8	167.2	174.5	182.1	185.7	187.9	192.2	192.3	199.5	202	206.3	213.6	219.3	225.2	228.5	233.6	239.1	239.9	244.2	250	251.7	255.4	257.7	261.9	263.4	258.3	251	245.1	241.6	239.6	229.2	221.1	219.7	211.8	202.6	196.9	190.9	194.4	198.7	197.6	192.4	191.8	189.9	179	172.8	175.3	181.3	180.2	186	199	217.8	235.2	248.6	257	249.7	243.1	244.3	241.1	222.1	205.8	189.5	180.8	171.6	164.9	161.6	163.3	164.2	168.1	173.6	176.6	176.7	167.7	159.8	164.3	175.7	187.5	195.1	205.4	216	226.6	238.2	240.9	244.4	250.5	255.5	256.7	256.6	252.5	250.5	247	242.7	240.2	241.6	232.1	231.2	229.4	219.8	210.1	199.8	194	190.8	186.3	182.7	176	172.2	168.3	162.7	159.9	159.4	154.5	149.7	146.6	147.8	144.3	141.2	136.3	130	121.7	95.8	75.5	67.7	58.9	58.5	59.8	63.6	75.9	122.5	144.6	145.4	148.7	150.2	145.4	143.7	157.2	194.2	221.3	223.6	230.3	239	241	235.1	233	235.4	237	231.7	222.9	222.8	231.9	228.7	234.8	240.1	230.6	222	224.8
315.3	305.5	304.8	306.3	303	299.7	296.7	289.5	274.7	270.6	274.7	276.9	276.9	273.9	269.7	263.7	262.2	253.5	251.6	247.7	245.3	256.7	259.8	261	254.1	229.9	148.4	121.7	118.3	117.7	107.1	99.5	95	104.9	119.7	118.3	116.4	128.9	150.2	153.7	146	148.5	162.8	172.9	179.5	184.1	185.1	186.9	188.7	194.2	198	204.5	210.4	217.2	220.6	224.9	233.4	233.6	238.3	244.7	246.4	245.3	250.1	249.6	251.6	252.9	250.7	245.1	239.9	236.8	229.6	225.3	216.9	209.1	204.3	198.1	193.3	186	185.7	190.1	190.2	195.4	201.5	193.4	180.5	174.3	174.9	177.7	176	180.7	193.2	210.3	225.8	234.4	237.3	236.4	236.8	236.1	223.5	212.6	198.2	185.1	176.4	171.2	161.6	158.4	159.5	164.9	170.4	172.8	171.6	173.4	170.5	163.2	164.3	175	183.7	187	197.5	211.9	220.6	229.6	235	236.3	239.7	249.2	256.2	252.8	249.4	250.5	246.6	238.5	237.9	242.2	230.4	225.2	224	212.9	203.6	193.4	190.7	189.6	184.1	179.2	175.3	172.6	165.3	157.9	157.1	156.7	152.2	147.3	144.8	144.7	142	139.2	135.7	129	123.8	94.5	74.4	73.4	65.1	57.1	59.1	71.5	82.8	120.7	149.5	149.5	154.8	156	151.7	150.3	167.3	206.4	223.9	228.5	239.1	246.9	237.2	229.3	231.7	230.2	229	223.2	210.2	216.6	223.2	218.2	216.7	225	235.8	231.9	237.5
312.7	304.9	304.8	307.5	303.6	300	295.8	287.2	279.5	276	280	276.9	276.6	273.6	269.7	264.9	260.6	250.4	251.1	246.5	252.6	256.1	259.2	254.2	253.4	231.8	148.6	121.8	119.4	121.8	114.4	106	98.5	110	122.8	119.3	120.2	128.6	149.2	155.3	149.7	149.7	159.1	170.4	176.2	178.3	181.3	180.6	184	191.2	195.3	200.7	203.8	211.6	216.7	220.5	225.7	228.4	231.9	239.1	237.8	237.1	239.2	238.6	239.2	237	234	229.9	228.5	224.2	219.1	214.7	208.9	204	201.3	199.5	189.2	185.7	190.9	193.9	191.5	193	196.9	185.6	173.4	172.5	173.6	171.4	172.1	179.2	188.6	200	211.5	219.9	225.5	224.6	225.2	220.2	210.6	205.1	193.6	181.7	172.7	165.6	161.6	157.1	158.7	163.1	170.4	175.1	172.1	172.3	175	166.5	163.8	173.3	179.4	184.2	189.8	202.8	209.4	218.1	221.5	223.5	231	239.5	244.9	243.9	240.4	240	239	232.9	228.5	230.4	223.1	217.4	218.9	207.1	197.7	191.7	186.1	183.5	179.6	174.9	172.4	170	162.6	157.9	156.5	154.4	151.1	146	141.1	141.7	141	137.1	133.1	128.5	124.5	97.2	76	74.9	68.4	63.8	68.4	76.3	86.2	120.8	142.2	151.1	155.9	157.3	153.3	151.1	168.1	196.9	206.9	222.3	233.3	242.9	238.5	234	232.7	226.8	224.5	219.3	212.5	219.3	228.6	225.7	222.2	226.7	232.6	232	235.1
313.8	307.3	307.7	308.7	303.6	296.7	292	288.9	286.5	283.5	280.2	278.4	278.1	274.8	270.9	263.8	251.7	245.2	254.5	260.1	256.9	256.9	258.4	256	257.8	244.2	162.5	127	121.1	130.4	125.4	117.3	111.3	115.3	124.3	126	127	133.7	151.3	155.3	148.2	144.4	152.4	167	172.4	174.4	176.6	179.2	183.5	189	189.6	193.5	196.7	203.7	208.3	212	218.2	222.6	229.9	234.7	233.7	231.3	227.5	232.1	232.2	229.4	228.5	223.3	218.1	214.1	215	209.8	205.4	204.1	200	195.4	183.6	175.7	180.6	184.4	193.3	202.5	200	187.4	175.7	168.9	164.2	161.6	165.3	170.4	179.6	191.4	199	205.2	208.7	209.4	210.6	206	200.6	196.2	185.4	175.6	168.7	160.7	156.2	152.3	152.5	155.6	164.1	172.2	170.3	167.7	166.2	163.4	159	165.7	175.5	182.5	185.1	192.9	198.4	206.6	212.2	213.1	218.8	226.8	233.5	232.3	231.9	231.3	230.3	233.1	225.2	219.2	214.1	208.8	209.3	204.3	195.3	188.5	184.6	179.6	176	171.5	166.9	165	161	155.6	154.2	152.7	149.4	145.2	138.8	138.4	139.1	133.7	130.6	127.5	127.1	102.6	76.1	73.9	75.1	74.9	76.9	83.1	88.5	125.9	151.1	157	160.3	159.7	153.4	155.1	178.9	195.8	196	208.3	210.9	227.7	237.8	237.5	230.9	226.2	224.5	218.4	212.6	216.7	223.8	232.9	237.4	232.8	229.5	231.5	232.6
316.5	309.4	307.5	307.5	303.1	296.9	292.8	288.6	285	283.8	279.4	278.7	279.3	275.7	270.9	261.8	250.4	247	259.4	259.6	256.3	259.5	259.8	259.2	259.2	252.9	188.3	136.2	119	133.2	139.1	141.7	135.1	127.6	121.1	124.1	125.9	131.6	149.4	155.2	148.4	144.1	151.3	162.6	169	172.6	173.7	175.3	180.8	184.1	183.7	186.5	191.7	197.1	200.4	205.3	207.9	211.6	215.8	221.9	224.7	223.9	219.9	223.2	222.7	217.7	217.7	215	205.6	202.3	203.2	202.8	204	203.6	201.2	197.2	182.3	172.2	170	175.3	185.1	196.3	194.9	187.8	175.6	163.3	156	150.8	152.3	160	168.4	177	186.9	192.8	193.7	197.3	197.7	196.1	189.5	183.3	175.9	167.6	161.6	153.1	147.8	144.9	146.9	150.9	155.9	163.9	168	164	164	162.8	156.9	157.9	173.1	182.3	183	185.7	189.2	196	199.6	204.6	209.1	214.3	218.7	221.3	221.2	222.7	222.8	224.9	219.4	217.8	213.4	202.8	201.1	199.5	192.3	186.6	179.4	176.6	173.2	169	164.5	162.8	160	153.9	152.6	151.6	147.8	144.9	140.5	138.5	137	131.9	129.5	127.9	130	113.8	83.3	72.4	77.2	78.2	81.2	83.4	88.3	110.9	152.8	159.4	159.7	158.8	153.4	157.9	184.6	211	211.3	197.5	203.8	223.7	236.9	236.7	218.7	208.4	224	223.5	217.8	220	222.9	230.6	240.5	239	232.7	231.9	231.5
321.5	314.5	311.1	307.5	303.9	297.3	291.6	289.5	286.4	279.2	278.7	280.5	275.7	274.6	271.5	267.3	265.2	262.3	261.3	259.1	259.8	258.9	259.5	258.7	258.9	256.5	188.1	152.6	124.2	130.2	142.3	156.5	152.4	135.7	128.3	126.9	129.8	134.2	146.4	149.3	147	143.5	147.3	158.7	165.3	169.5	170.4	176.3	181.5	177.2	173.5	180.1	188.2	192	195	199.1	194.8	199.3	208.4	212.3	213.9	215.8	217.7	219.3	217.4	214	207.3	202.1	197.8	196	192.5	194.6	201.2	200.7	194.3	183.1	169	164.2	167.4	172.7	185	192.8	185.4	173.9	162.2	149.2	141	138.9	144.5	154.6	162.4	165.3	170.1	176.8	180.8	183.2	184.2	182.9	175.2	167.9	164.1	155.8	146.7	139.1	135	132.9	136.6	146	157.1	165.3	163.4	158.1	150.8	147	140.3	149.8	170.4	180.9	187	184.8	185.3	191.2	194.3	199.4	202.1	206.2	209.9	211.9	212.9	216	218.2	217.8	214.7	213.9	206.9	199.4	199.5	198.7	189.7	182.1	176.2	172.7	170.3	164.9	160.2	158.1	157	151.7	151.7	150.4	145.7	143.5	140.8	137.5	135	132.1	127.5	126	127.9	106.6	77.1	70.3	73.7	78.9	84.6	86.6	88.1	132.2	165.8	163.9	161.4	157.4	154.2	165	188.8	212.1	217	221.2	216.5	215.1	225	237.3	229	219.7	232.2	239.2	236.6	233.1	227.6	221.4	230.7	232.4	226.4	222.2	220.4
323.3	315	312.3	308.1	303	297.3	291.3	288.9	281.6	278	281.1	277.7	274.3	275.8	272.1	267.3	265.2	262.8	261.3	260.1	259.5	258.9	259.2	258.3	258.9	259	196.7	158.1	127.4	119.1	137	159.9	155.4	143.6	132.2	127.3	128.5	132.9	146	147.9	143	139.1	139.1	150.6	159.7	162.6	164.1	169	174.7	172	166.9	172.1	180.5	184	185.5	187	185.7	191.7	199.5	202.3	204	206.2	207.7	211	209.1	204.5	196.9	188.7	184.4	184.8	188.7	195	203.7	205	199.5	184.7	171.8	163.9	159.6	160.2	164.5	170.4	166	158.6	149.5	138.5	129.5	123.9	127.5	140.2	152	157.7	162.1	166	170.2	173.4	175	173.4	163.5	155.7	151.4	142.6	131	123.1	120.7	122.6	128.2	138.7	147.3	150.5	150.2	144.5	138.5	135	133.6	146.3	168	183.2	190.7	187.3	185.1	184.6	188	191.6	192.9	195.3	196.8	204.4	204.7	204.8	211.9	210.6	207.2	205.3	202.6	196.7	196	191	184.1	178.8	173.5	172.1	168.3	161.8	157.7	154.7	152.1	149.9	151.2	150.2	146.2	142.8	139	135.9	134.2	131.5	126	123.8	124.8	104	79.4	71.2	76.3	81.2	88.8	88.6	92.6	136.6	168	165.1	161.2	156.3	153.3	162.5	187	211.6	228.9	230.9	221	218.6	224.9	235.1	234.4	228.9	223.6	238.1	237.8	234.6	230.5	221.9	228.5	230.1	225.7	220.6	219.1
326.4	317.1	315.3	311.1	302.1	295.5	289.2	286.8	286.5	282.2	276.9	278.2	275.1	276.3	272.4	268.2	263.8	263.7	262.2	261	259.5	258.9	258.6	248.9	247.3	251.6	204.3	166.2	145.5	116.6	126.7	157.8	159.1	152.6	145.5	136.8	136.5	140.5	143.1	142.4	141	139.3	137.3	144.1	153.9	158.5	159.3	162.8	168	169.4	170.6	173.1	177.5	181.3	180.2	178.2	180.4	187.3	192.8	197.6	202.1	204.1	205.4	203.8	199.3	196.9	191.2	181.4	177.4	179.7	183.8	189.8	192.5	193.2	191.2	182.1	170.8	164.2	157.6	153.3	149.2	144.5	138.7	134.6	129.4	119.7	108.7	102.9	106.5	118.3	135	147.5	152.6	154.5	158.5	169	169.1	168.1	163.5	146.3	138.2	128.8	117.3	108	104.2	106	112.2	121	130.3	135.7	135.8	131.1	126.4	122.8	126.2	141.3	159.3	171.6	179.9	187.2	188.6	184.2	185.6	188.5	188.6	191.9	192.7	198.5	198.1	198.5	206.5	203.1	202.7	202.7	200.5	197.1	192.5	183.7	178	172.3	167	167	163	158.1	153.8	148.8	148	146.5	146.1	147	143.4	137.5	134	133.4	131.8	129.4	125.4	123.7	123	103	83.9	76.1	77.5	83.3	90.7	94	97.1	138.1	170.4	167.6	159.7	153	156.8	175.8	196.2	216.5	224.2	225.6	223.5	226.3	233	231.9	223.5	216	216.4	226	238.5	242.7	244.9	239.9	227	234.8	239.3	235.3	236.7
327.9	319.8	317.7	311.4	301.8	289.3	289.8	287.4	286.5	282.4	278.7	281.1	277.4	276	271.3	260.8	262.5	264	262.2	261.3	259.8	258.9	258	250.5	242.4	253.4	220.2	171	157.5	129.7	126.6	152.9	158.6	152.3	143.3	136	137.6	143.6	143.8	139.5	137	135	135.4	138.5	146.9	153.2	155	158.4	164.1	168.4	167	168.5	172.9	174.5	174.3	172.1	174.4	181.1	185.8	188.2	190.1	194.9	194.3	191.4	186.8	181.7	176.7	171.9	171.7	175.3	187.6	197.3	196.7	190.7	186.9	180.1	169.4	167.4	160.4	147.7	135.4	119.3	108.3	105.2	101.4	98.3	94.9	93.5	96.2	105.5	119.9	130.4	137.6	142	145.6	154.7	151.7	150.1	150.1	132.5	124.8	116.9	105.9	97.5	96.9	94.8	93.9	95.7	100	104	105.9	106.4	108.2	115.5	130.2	145	159.1	170.9	176.4	183	188.4	184.9	181.5	178	177.9	184.5	186.8	188.2	190.3	191.7	197.1	198.5	199.4	197.4	195	191.6	186.4	178	173.6	168.3	162.5	162.6	159.2	153.2	150.2	147.4	147.1	145.5	146.1	144.5	141.6	137.3	134.6	134.2	132.8	129	126.4	123.2	120.2	102.2	89.4	86.4	85	90.2	93	91.4	103.9	149.1	167.2	153	155	151.5	158.4	181.3	196.6	218.9	225.4	223.5	222.7	223.9	230.1	230.3	223.6	217.2	216.2	221.8	235.3	241.8	246.2	242.2	232	237.2	241.2	235.7	238.1
326.1	326.1	324.6	315.9	307.5	302.1	293.2	290.1	286.5	283.8	282.3	280.8	279.3	274.5	265.9	265.4	267.3	264.3	261.2	261.6	260.1	258.9	257.8	236.2	235.7	259.1	243.4	186.1	167.9	147.7	127.2	139.3	148.2	149	140.1	134.6	136.3	143.1	142.4	139	137.8	134.6	132.9	131.1	139.6	148.4	152.1	153.9	157.3	160.1	161.1	164.3	167.3	167.8	168.1	168.3	170.2	174.6	178.8	184.2	188	185.6	183	181.3	180.4	177.2	173.1	171.6	172.1	175.9	185.7	190.5	190.4	186.9	181.8	176.2	169.5	166.1	163.8	150	128.6	105.7	88.2	80.1	74.5	72	72.9	78.4	86.7	96.4	107.6	116.2	124.9	132.5	135.8	133.7	133.6	135.4	132.2	122.4	113.8	100.3	87.5	84.3	83.9	84	83.7	83.4	84.1	85.6	88.9	93.7	97.3	112	133.8	145.6	154.9	161.9	167.3	174.4	182.2	182.1	177.1	173.9	174.3	175.9	176.4	183.4	187.1	190.7	191	190.7	192.4	190.7	186.8	181.9	176.5	172.1	169.2	164.7	159	158.6	154.1	148.8	145.6	143.8	145.5	142.7	142.5	141.6	141.3	138.6	135.3	134.2	132.9	128.8	126	121.8	117.9	105.3	94.2	90	89.8	93.4	92	88.8	103.8	148.7	163.2	143.2	137.6	150.2	166	181.2	211	232.9	231.6	225.4	222.9	226.1	228.6	232.2	233	222.3	212.4	210.3	215.7	220.6	233	236	228.8	227.4	225.7	226.3	232.4
321.9	324.3	325.2	315.3	307.5	302.1	294.8	289.8	285.9	282.7	281.4	280.5	279.3	275.1	271.4	271.5	267.3	262.9	261.6	261.6	260.1	258.4	251.8	232.8	237.2	259.5	250.2	204.5	173.5	156.4	143.1	145.9	141.6	148.5	142	136.6	138.1	143.8	141.5	137.4	133.8	131.3	130.1	128.7	136.4	145	148.7	151	152.8	157	156.7	157.8	162.2	161.7	160.3	163.8	166.8	168.8	171.1	174.4	175.5	174	171.2	169.4	169.4	166.8	164.8	170.3	176.9	186.5	192	188.7	184.3	180.8	175	168.5	165	163.3	164.1	152.2	125.3	101.3	87.2	76.7	68.9	60.5	58.7	63.4	76.5	87.3	98.2	106.8	112.6	118.5	123.1	119.2	117.2	120	118.1	111.6	101.7	88.3	75.9	69.5	67.9	69.2	71	71.4	72.5	73.2	74.9	80.5	94.5	118.4	134.6	142.9	148.6	152	155.7	163.8	174.8	178.4	175.6	173.7	170.6	168.3	168.8	172.9	177.7	184.8	186.4	184.1	183.2	182.5	178.7	171.9	165.4	162.4	162.1	158	154.6	152.6	148.7	144.2	141.6	141.7	142.5	140.6	141.2	140.5	141.9	138.1	135.4	133.7	131.9	127.4	123.1	119.8	119.5	117.7	109	96.6	94.1	94.8	91.2	91.2	120.3	161.8	160.5	152.3	136.5	151.5	170.4	180.8	212.8	234.5	236.8	236.6	228.9	228.1	233.5	235.6	238.4	227.4	217.6	218.1	216	221.9	238.1	238.5	230.4	227.7	222.9	222.6	221.6
325.8	326.4	327.6	318.9	308.4	302.4	292.9	288.5	286.3	283.4	282.6	281.7	280.2	275.7	274.2	268.7	260.6	260.4	255	255.2	252.9	248.5	246.8	239.2	251.2	258.9	259.5	233.7	193.4	165.8	152.1	151.7	143.5	143	147.5	145	139.9	143	145.3	141.6	138.8	135.2	129.8	128.8	133.2	138.7	144.4	145.4	146.9	152.5	153.7	156	158.6	157.8	158.3	161.2	163.7	165.6	165.7	166.5	163.1	163.2	164.4	163.5	164	161.5	161.8	164.9	169.6	172.9	179.2	184.8	185.3	182	176.7	173.9	170.4	165.6	164.1	159.2	138	109.7	94.4	80.1	67.4	59.4	60.3	64.7	68.3	78.3	90.1	99.1	104.8	108.2	107.9	105.6	103.4	101.2	99.8	97.1	89.7	81.5	75	69	64.3	63.5	65.5	68.1	71.4	71.3	71.4	79.9	95.8	114	134.3	144.6	149.5	153.4	154.5	156.5	162.9	169.9	173.1	171.9	167.7	163.9	162.7	166.2	171.7	176.1	177	176.7	175.1	170.6	167.6	164.7	161.2	155.4	154.7	153	150	148.6	145.2	141.4	139.1	138.1	139.9	139.4	137.6	137.9	137.6	137.4	136.1	132.7	131.5	128	124.3	122.6	122.8	122.1	117.5	107.7	100.7	98.1	92.5	89.3	99.5	127	152.7	151.3	149.6	155.9	173.6	189	210.1	223.4	226.2	233.8	229	224	232	241.3	239.1	231.3	224	219.7	221.7	224.4	228.9	233.2	224.2	231.1	227.5	226.7	226.2
329.7	328.2	326.4	316.8	308.1	301.5	293.1	291	288.6	286.5	283.2	282.3	280.2	276	273.9	264.5	261.6	263.3	260.2	257.5	248	249.4	247.2	241.3	256.5	258.9	259.2	243.7	195.4	174.5	165.8	153.3	142.3	139.2	139.6	139.5	139.5	143.8	146	141.9	137.8	135.1	129.1	126.2	128.7	132.4	137.9	141.7	143.5	148.9	151.6	154.9	158	156.1	156.1	155.1	154.3	155.8	155.7	155.7	150.8	148.6	150.9	151.9	153.1	159.3	169.6	180	188.1	186.9	184.3	186	180.3	174.1	168.3	167.6	167	164.4	162.1	157.2	138.2	113.7	101.8	89.4	73.7	65.7	63.2	65.9	70.7	75.1	83.1	92.3	100.2	101.4	100.2	99.2	98.9	97.2	93.4	87.9	81.1	74.5	70.8	68.5	65.3	63.9	65	68.5	71.2	73.4	77	89.7	108.6	123.5	135.6	144.3	149.9	153.8	155.7	162.1	167.5	171.5	172.5	169.1	161.7	159.1	162.4	161.3	165.5	166.1	167.9	167.2	167.7	167	161.4	159.9	158.2	155	152.4	148.4	146	143.7	140.4	138.1	135.9	136.6	136.8	136.3	135.7	135	133.9	133	132.9	131.9	130.1	125.7	121.7	123	125.2	122.6	114.3	106.1	104.1	103.2	97.5	99.7	124.6	143.5	151.1	153	156.4	160.7	173.3	196.3	220.1	223.2	224.2	231.5	229.6	222.1	226.7	235.2	237.2	235	229.1	220.8	218.6	221.1	220.5	223.7	223.4	227.5	226	225.1	228.7
330.3	325.2	319.5	311.1	307.2	302.1	297.9	294.6	291.9	289.2	284.7	282.6	280.5	276.9	275.1	268.1	270	265.2	263.7	262.2	255.8	260.1	259.5	258.6	257.4	256.2	251.7	256.3	212.4	179.2	170.1	157.7	153	152.7	149.1	137.9	140.3	147.3	149	148.3	143.4	135.3	128.6	125.2	125.1	128.3	132.2	136.1	138.3	144.2	149.8	154.5	154.9	155.1	153.6	152	148.8	149.1	147.8	145.9	146.1	145.5	146.6	146.6	150.6	156.7	166.7	177.1	184.4	184.6	186.1	185.5	180.5	175.2	170.1	169.1	168.8	166.9	164.5	156.2	141	123.7	107.3	96.6	82.6	72.4	69.4	68.7	68.7	73.8	79.8	84.8	89.5	89.8	89.7	89.1	90.3	90.1	85.7	81.4	76.9	73.1	69.8	66.2	62.6	60.4	57.8	61	66.1	71.1	81.9	101.5	117	128.7	140.6	148.7	154.7	158.4	159.9	162.4	165.6	170.1	170.1	169.5	161.2	153.2	156	157.5	158.4	157.6	156.6	159.7	159.8	161.3	156.3	152.2	152.4	152.7	147.1	144.4	144.4	142	138.8	135.6	133.8	134.5	132.6	133.3	135.3	135.3	134	134.1	133.3	132.9	129.9	126.3	122.6	123.6	127.8	127.2	117.7	109.2	108.9	106.7	103.3	107.6	133.7	151.9	158.7	161.4	162.9	170.1	183.1	206.2	224.2	233.3	230.5	235.7	231.4	223.2	220.4	227.6	237.1	243.3	236.6	227.9	224.3	219.8	217.2	220.6	224.8	234.2	235.4	228.6	221.8
331.5	324	317.1	310.2	306.6	301.8	299.7	297.3	292.8	289.5	285	282.6	280.2	276.9	273.3	272.2	269.8	265.2	264	262.2	255.8	259.8	259.2	258	257.7	255.2	251.5	259.2	237.8	194.1	165.5	154.6	152.4	154.5	153.3	141	142.8	147.9	148	144.1	139.4	133.7	127.5	121	119.9	123.8	127.7	130.6	134.2	140.2	147.2	153.1	151.8	148.5	147.6	146.3	143.5	143.5	140	137.8	136	138	140.9	147.9	156.5	163.1	170.9	178.7	181.4	183.8	183.3	181.6	178.4	175.3	169.9	171.1	170.5	167.1	162.7	152.8	139.3	127.3	119.3	108.8	95.8	83	76.3	73.1	70.5	72.9	76.9	80.3	81.8	82	82.8	83.3	83.3	82.3	80.1	78.8	77.2	73.3	69.4	66.6	63	61.3	61.2	64.5	72.2	81.5	93	106.5	118.9	127.3	140.5	149.5	155.5	159.8	158.2	157.9	163.6	166.8	167.7	167.4	163.6	156.2	152.5	152.4	151.8	149.7	150.5	153.3	152.5	151.1	150.2	148	145.8	146	142.4	139.9	139.2	137.8	136.1	133	129.7	132.4	132.9	133.2	133.8	134.3	135.7	135.5	133.3	132.7	128.6	124.4	120.7	121.9	128.1	131.3	122.9	115.5	116.3	112.6	109.4	129.2	152.9	155.5	158.5	163.8	163.7	173.7	193.1	208.3	218.8	229.5	231.2	234	233.6	211.6	211.4	225.2	233.6	241.4	234	224.4	223.6	220.8	219.6	226.2	230.4	238.3	243.7	228.9	220.7
331.5	330.3	320.1	317.1	315.3	311.4	306.3	299.6	296.4	292.2	286.5	282.5	281.4	279.3	275.4	274.9	274.2	268.8	265.2	257.5	256.5	261	260.7	258.4	258	257.7	257.1	257.8	244.6	213	172.6	158.3	155.3	156	157.5	149.3	152.4	154.8	145.6	141.8	131.9	122.1	122.8	119.6	116.5	119.2	123	126.8	130.7	135.9	142.2	145.8	146.3	144.9	143.5	141.5	139.3	137.6	135.9	132.2	131.1	131.4	136.5	147.3	156.7	162.4	169	175.2	177.5	178.3	181.6	182.3	179.9	175	172.2	170.4	170.7	169.7	164.8	159.6	143	125.1	118.4	112	97.8	84.7	76.6	69.7	67.1	67.6	70.9	73.3	76.4	78.4	78	76	74.6	74.5	75.4	75.4	74.8	73.4	71.3	71	68.7	64.8	66	67.2	75.4	86.5	95.5	109.3	122.6	131.9	142.6	150.7	152.8	156.8	157.3	159.4	163	165.3	167.9	168.5	167.5	159.7	154.9	150.3	148.1	145.8	145.9	149	148.3	146.5	142.4	141.1	141.6	141.2	141.1	140.3	138	137.2	136.1	133.7	126.8	127.8	132.8	132.4	130.7	133	134.1	134.7	131.8	130.8	128.7	124.7	119.4	122.6	129.1	134.5	131.9	124.3	123.3	117.3	116.7	142.6	165.8	167.9	163.5	166.9	169.2	196.4	225.9	230.5	225.6	228	225.1	225.6	228.4	223.8	212.8	217.4	223.6	225.7	225.8	226.4	227	230.2	230.9	233.4	238.6	245.9	254.2	247.6	238.3
331.5	326.4	318	319.8	316.5	310.5	303.9	296.6	295.8	289.2	283.5	280.6	280.2	278.1	275.5	270.1	271.8	266.1	263.4	257.1	253.4	259.5	259	253.3	254.1	256.3	256	256.2	247.8	224.8	175.5	155.2	148.5	149	149.9	146.1	154.2	153.8	143.1	137.3	128.1	118.2	117.8	117.4	114.8	118.8	122.9	126.9	133.4	138.1	141.5	143.9	142.5	139.7	139.1	135.4	133.8	133.1	129.3	124.8	126.5	136.2	145.1	151.5	160.4	167.4	170.6	176.4	178.3	176.6	174.1	175.9	175.9	173.8	173.3	172.4	171.8	168.4	165	158.3	139.6	124.9	122.7	123.3	111.3	95.3	83.6	76.5	74.2	71	72.3	76	77.4	79	79	75.8	75.1	74.2	74	75.4	73.7	74.1	75.2	77.9	78.8	81.1	80.1	79.9	86.8	93.3	96.8	103.1	119.4	136.4	146.5	150.7	151.3	153.9	156.2	158.1	157.7	160.8	165.9	167.2	167.8	167.9	161.7	150.7	144.6	143.2	140.7	140.7	140.8	138.5	135.4	135.8	134.9	135.6	136	133.9	131	132.2	132.2	127.7	126.7	125.3	128.6	130	129.7	131.8	131.8	132.1	130.8	128.8	126.3	122	116.5	119.5	125.4	131.2	135.9	135	129.2	124.6	149.1	169.8	171.1	170.2	168.5	161.6	172.1	202.5	225.5	232.1	228.5	229.6	229.6	224.9	226.5	229	225.2	213.4	217.2	223.7	227	229.2	229.6	231.2	233.6	231.1	229.9	237.8	248.3	251.4	248
329.5	331.5	331.5	330	320.4	311	304.4	300	295.9	291	281.2	280.2	279	278.4	272	264.1	267.3	265.2	262.3	248.3	246.8	258.3	259.8	258.5	254.4	251.2	249.1	255.8	257.2	247.2	205	164.8	152.1	146.4	144.2	143.2	147.3	147.2	138.1	127.6	115.1	114.9	120.9	117	113.6	116.5	119.8	123.1	129.2	134.8	137.9	140.2	140.1	139.4	138.9	134.5	129.9	128.4	126.5	122.4	125.8	133	141.9	147	155.3	163.8	167.9	171.8	173.9	172.2	172.6	176.3	178.2	175.7	173.5	171.8	168.8	166.4	164.8	157.6	146.2	131.9	120.8	117.1	113.5	105.7	98.8	94.8	91.5	82.9	76.8	78.1	79.1	77.3	74.5	72.3	71.1	71.6	71.9	74.5	78.6	86	89.8	90.9	93.6	94	92.1	91.3	92.2	94.8	103.5	110.3	123.4	137.8	143.8	146.7	148.8	150.4	152.1	151	152.9	159.5	160.5	161.1	162.6	161.6	160	152.5	143.5	140.5	136.7	133	132.2	132.8	134.5	133.3	130.7	132.5	131.2	131.4	131.5	130.9	129.2	124.9	123	125.6	126.4	127.3	128.8	133.4	133.4	132.3	131.8	129.1	126.3	119.9	114.7	118.5	122.3	128.2	137.3	139.2	133.8	131	158.9	169.5	168.6	167.5	170.6	165.3	195.3	229.1	223.9	220.5	221.9	225.7	230.2	229.7	228.8	229.7	226.7	217.5	226	237.2	241.9	238.4	235.3	228.6	231.4	227	224.9	230.3	239.8	245.8	247.6
323.9	330.3	331.5	330.6	319.2	313.1	304.3	299.7	293.6	291.3	283.8	277.6	280.2	279.3	277.2	268.7	266.6	266.9	260.7	243.8	246.3	258.9	259.4	254.9	251	250.4	248	255.2	254.4	248.2	216	165.1	144.8	136.1	131.6	139.2	145.2	144.7	136.7	124.4	114.8	115.1	121.9	116	110.7	112.3	117.1	121.2	128	133.5	138.1	139.2	137.7	134.8	133.4	130.5	126.3	121.7	121.2	125.1	131.3	137.3	145.6	152.5	156.6	160.8	164.4	169.2	171.9	172.5	173.4	176.4	177.1	174	173.7	173.8	171.4	166.9	167.2	161.3	150.2	138.9	129.3	123.9	122.1	115.7	110	104.9	101.3	92.7	86	83	82.4	80.9	77.8	74.6	72.3	74.1	76.6	80.7	86.2	94.2	100.5	105	107.4	106.7	105.7	102.4	101.6	100.4	108.5	118.5	124.9	136.3	143	145.8	147.2	149.1	151.1	148.8	151.2	156	159.2	160.2	159.3	158.2	159	155.3	146.3	141.4	136.5	128.4	125.7	127.2	127.6	126.3	125.9	126.5	126.3	127.5	128.1	127.3	125	124.2	123.5	124.9	124.4	126.5	127.5	130.5	132.1	132.4	130	127.7	126.1	121.7	113.4	114.2	120.3	126.6	134.2	140.8	139.8	157.4	172.3	166.9	161.2	166	170.5	172	200.6	230.7	226.1	212.9	208.7	219.7	230.1	230.5	233.7	238.2	234.6	222.6	227.3	240	246.3	240.1	235.4	225.2	226.1	224.2	222.5	230.3	238	242.9	244.3
329.9	331.5	330.3	325.2	315.4	309	302.8	301	288.8	283.2	284.5	282	283.5	281.7	279	274.8	275.7	267	247.8	244.8	257.5	261.3	259.8	258	256.1	257.7	256.8	257.1	245.2	248.2	231.8	184.5	143.7	128.5	122.1	128.2	136.9	137	129.3	119.5	127.3	149.2	133	114.7	110.1	108.3	111.3	116.9	125.1	130.9	136.6	136.3	134.8	132.9	131.4	127.8	122.9	116.9	116.8	124.5	133	138.3	144.4	149.8	153.5	156.4	159.3	163	167.3	170.1	167.5	167.9	167.3	163.4	161.9	159.5	157.3	156.1	158	153.7	149.5	142.8	132.6	121.3	118.3	118.6	116.5	112.5	105.6	99.9	98	96.9	93.1	93	91.6	87.7	83.3	85.1	87.8	90.7	99	106.5	110.5	113.7	114.7	112.1	113	116.1	118.8	116.9	118.1	122.3	125.9	131.6	136.4	139.5	142.2	144.6	145.8	143.9	142	145.3	147.8	148.7	149.9	151.9	152.8	153.1	149.4	144.2	137.1	130.3	126.8	124	121.9	123.6	125.1	125.4	125.3	125.6	124.8	123.4	122.6	124.2	123.8	124.5	123.8	125.4	127.5	129.2	130	126.5	128.1	127.9	127.4	142.5	137.1	118.1	116.4	122.1	127.9	136.2	141.6	160.6	167.5	163	159.4	166.5	169.2	186.5	212.1	225.7	229.1	225.1	221.3	232.2	228.8	225.9	232.8	243.4	246.8	238.3	232.4	233.2	235.8	239.7	243.6	241.9	236.9	233.1	224.4	231	239.4	246.3	242.7
331.5	331.5	327.3	326.7	317.9	306.4	295.9	298.7	288.5	282.7	287.4	284.7	283.2	282.3	280.2	276.9	275.4	261.3	248.3	249.5	259.1	261.3	259.8	259.8	259.2	257.7	257.1	257.4	249.8	253.7	247.4	222.5	178.1	134.1	110.6	120.9	135.5	133.1	127.2	122.6	133.6	151.6	139	114.4	107.3	106.6	108.5	113.6	125.7	131.8	136.2	137.5	133.4	128.3	128	125	118.3	118.3	124.4	129.5	134.7	138.6	140.9	143.3	147.1	152.7	156	160.8	165.5	167.8	169.2	168.2	164.7	162.2	161.1	161	160.1	156.7	155.8	153.4	151.7	146.2	138.1	125.2	121.7	121.7	120.6	116.8	110.3	107	107.7	104.7	102	103.3	101.3	97.8	93.5	93	96.1	101.8	110.3	120	120.1	119.7	119.9	118.2	120.7	124.9	125.2	125	122.2	125.9	130.4	134.5	137.5	140	143	143.1	140.9	139.9	136.1	136.7	139.7	141.4	143.5	144.3	146.8	149.5	147.8	145.1	139.3	133.1	125.8	121.2	119.7	120.2	119.6	118.8	122.3	123.9	123.9	123.5	123.7	123.3	122.6	122.4	122.8	123.8	126	127.5	126.7	123.8	124.1	127.3	128.5	144.3	162.7	142.2	121.7	121.3	123.1	131.2	151.7	168.6	165.7	162	164.1	165.9	169.4	192.7	208.7	214.9	223.3	224.9	233.4	236.4	227.9	223	226.6	233.5	241.7	240.4	235.3	234.4	234.2	236.6	245	247.2	244.1	241.7	231.7	233.4	244.9	251.1	246.8
331.5	331.5	331.5	324.1	320.6	319.8	309.1	307.6	304.5	295.6	291.3	286.5	285.6	284.7	281.7	271.9	259.2	258.1	259	261.9	261.6	261.6	260.7	255	250.2	256.2	257.1	256.5	252.6	255.6	254.3	235	204	143.8	102.7	109.9	131.8	141.1	150.6	168.7	176	171.4	145.8	117.5	107.7	105.5	107	111.8	123.6	131	134.8	134.7	131.7	126.2	124.1	121.2	117.8	120.1	126.6	129.3	133.4	136.7	137.6	141.1	146.9	153.7	157.9	159.3	161	162.4	162.7	159.2	149.5	153.8	154.5	151.6	150.3	149.5	151.4	146.1	142.3	141.7	137.7	131.9	130.6	129.8	130.4	122.9	114	114.5	117.2	116.2	113.9	113.9	112.5	107.8	104.6	102.8	107.9	114.2	123.5	131.4	128.8	127	128.1	128.1	129	129.1	130.5	129.7	129.3	131.9	134.3	136.7	137.3	136.6	135.4	131	130	131	130.1	129.5	132.6	130.8	131.2	131.7	137	142.6	145.2	142.6	137.7	130.5	123.9	118.1	116.5	117.7	118.3	117.8	117.4	120.4	120.8	121.2	123.3	122.6	121.1	121.1	120.9	122.8	123.6	122.3	121.5	124.4	126.6	127.5	135.7	154.5	172.7	172.8	146.4	126.7	119.6	122.4	142.1	160.6	161.1	161.3	160.2	168.3	188.7	220.9	229.1	228.9	240.3	229	226.4	233.6	229.1	221.6	221.8	223.4	230.8	233.8	231.9	226.5	227.9	223	228.9	233.1	232.3	239.6	239.4	238.3	250.3	256.8	255.5
331.5	331.5	331.5	323.1	323.5	324	314.8	305.9	303.3	294.8	292.8	288	286.8	284.7	282.6	269.8	259.6	262.1	263.1	262.2	261.6	261.3	260.7	250.6	253.7	259.2	257.7	257.1	251.3	252.4	253.8	241.9	208.2	134	98.5	108.8	142.4	151.1	161.1	177.7	178.2	177.6	163.3	126.8	107.8	107.2	109.7	115.1	125.5	130.5	132	135	133.4	128.3	124.2	121.5	125	130.4	132.7	132.8	132.9	131.4	129.6	133.9	142.9	149.7	153.4	155.4	161	164.2	163.9	158.7	151.8	153.5	155.9	152.9	152.1	150.4	148.9	146.6	144.8	142.9	141.9	139.4	139.1	139.1	139.8	135.3	129.1	125.1	127.3	127.9	123.9	126.2	125.1	116.8	113.3	116	122.4	133.2	140	147.2	147.1	140.9	139.5	136.2	132.6	132.2	133.1	133.5	133.5	134.7	134.3	135.5	136.6	135	131.5	130.3	130.9	130.1	127.5	126.8	127.6	127.4	125.4	124.4	129	136.8	143.6	144	140	134.7	131.5	125.1	118.4	115.2	116.2	118.4	118.6	122.3	121.1	119.9	121.6	123.4	122.7	120.7	120.5	119.5	121.5	121.9	119.9	124	124.5	126.7	136.2	152.3	162.7	166.8	155	135.6	120.1	118.8	146.7	159.6	160.2	160.8	160.4	173.1	196.1	221.9	233.1	232.1	239.9	228.3	219	229.5	232.3	223.8	226.6	226.8	229.4	231.2	230.5	223.9	221.5	220.2	223.2	227.1	228.5	241	247.1	243.4	252.9	257.5	253.5
329.5	329.1	327.5	315.1	327.3	328.5	314	301.6	302.5	301.8	297.6	289.8	285.6	283.8	283.2	279.9	279	276.3	270.9	264.9	261.6	261.3	259	252.2	259.7	259.5	256.9	251	253.5	256.8	253.1	252.8	241.2	187.6	161.7	160.4	186.4	179.7	185.5	186.6	182.6	178.3	170.1	129.3	111.1	109.1	108.6	113.7	123.6	130.6	130.2	134.5	135.1	130.3	128.4	122.9	124.9	132.4	132.1	132.3	131.7	129.1	129.2	130.6	137.7	147.9	150.5	151.3	153.3	153.9	150.9	149.3	147.5	148.4	149.7	148.4	145.3	144.3	142.3	138.1	134.4	135.5	137.7	140.9	141.1	141.6	145.9	144.7	144.2	137.5	133.3	134.5	133.4	133.4	131.1	125.4	117.9	119.1	127.9	136.5	144.8	153.9	151.6	147.7	145	139.6	135.6	135.3	134.9	134.1	134	138.6	137.7	131.9	132.8	130.8	130.2	130.4	129	125.6	123.5	124.9	124.7	123.7	122.7	123.4	125.2	129.5	135.5	139.1	141.6	140.6	139.1	132.3	122.9	116.7	115	117.2	117.6	122.1	122.5	120.9	120.4	123.7	123.9	122.7	118.9	119.6	119.6	120.3	122.1	123.6	123.7	126.6	147.9	166.2	165.3	164.2	156	156.5	154.1	152.5	176.6	185.7	182	178.7	188.4	214.5	225.5	223.3	228.1	222.9	225.3	226.9	218.6	212.8	226.3	226.9	231.4	230.2	224.3	222.9	226.4	222.2	220	225.5	226	225.6	226	239.8	244.2	241.2	252.4	260.9	257.4
331.5	329.3	326.3	319.8	328.8	330	311.7	301.8	301.9	302.7	298.2	288.9	285.3	283.5	283.5	280.5	279	276.3	271.8	265.2	261.9	261.6	255.8	251.4	257	259.5	257.7	254.5	255.3	257.4	255.7	251.6	212.4	175.7	163.4	157.9	181.4	177.1	182.9	185.1	183.3	177.8	172.6	140	114.4	112.3	111.9	116.5	123.8	129	130.4	133.5	136.6	135.9	133.6	133.2	141	144.9	141.4	136.3	132.9	128.5	125.4	126.5	132	142.1	147.3	149.5	151.5	148.4	144.5	142.4	138.6	140.5	143.1	140.4	138.8	135	133.6	129.9	121.1	119.7	122.9	124.9	127.2	125.8	130.6	138.1	139.3	137	135.6	139.4	143.7	147.4	150.7	149	143.7	141.4	142.3	144.6	149.1	153.1	151.2	146.7	141.7	136.2	137.6	136.4	136.8	136.8	132.9	134.8	137.6	132.6	129.3	128	128.4	131.3	127.5	124	122.6	121.2	121.8	121.8	120.5	122.4	126	128.1	132.7	138.8	141.4	142.3	142.5	139.3	130.7	119.3	116.2	119.6	120.8	123.1	125.3	125	126.2	126.3	123.6	123.2	120.7	119.7	119.9	118.8	121	122.8	122.6	126.9	150.7	170.1	168.5	161.2	146.3	148.3	163.9	201	205	195.4	191.2	192.5	206.4	224.9	229.5	223.1	226.9	228.1	226.5	230.2	222.6	203	215.7	225.5	229.3	230	222.8	220.1	225.1	217	214.6	228	228.9	225.2	212.2	218.6	235.6	244.3	260	265.1	265.4
330.1	330.3	331.5	331.5	331.5	328.2	321.3	314.7	309.3	303.9	296.1	288.9	287.4	285.1	285.1	277.7	273.3	277.8	273.6	267	262.2	259.6	247.3	254.9	256	257.3	258	257.1	256.8	256.5	257.7	250.1	205.9	178	172.3	166.3	179.6	190.8	185.1	183.9	184.3	179	172.6	137.7	116	115.2	114.1	117.8	121.9	126	128.3	132.6	137.8	139.7	136.7	138	147.5	152.8	147.6	140.6	135.4	131.2	126.5	123.1	125.9	132.7	138.4	138.2	136.5	132.6	129.6	128.5	128.3	130.7	131.8	129.9	128.7	125.7	123.1	119.5	113.4	112.8	117.6	117.7	116.7	119.2	122.4	126.5	128.8	129.3	132.8	139.3	147.3	153.1	157.8	155.1	149.4	146.6	146.1	142.3	144.2	148.4	144.2	141.5	139	136.3	135.8	134.5	135.8	133.7	130.9	133	134.5	132.9	129.8	124.9	123.4	129.2	127	121.8	117	117.3	118.8	118	116.1	117.7	119	123.2	127.7	132.9	135.7	140.2	141	136.2	132.3	122.3	117.2	120.8	121.5	122.2	124	126.9	127.8	126.5	125.9	123.1	122.2	121.2	118.7	120.1	122.5	123.4	124	131	164.1	181.8	178.9	172.3	154.6	148.1	159.5	196.2	201.7	199.7	213.7	224.4	221.5	219.9	239.1	237.8	229.1	234.1	233.5	235.5	236.4	217.1	212.6	227.8	228	231.3	227.3	230.4	238.1	235.6	231	239.8	240	228.8	214.7	223.2	236.6	243.8	261	264.9	262.1
331.5	331.5	331.5	331.5	331.5	327.6	321.3	314.4	310.2	304.2	296.4	291	288.9	287.7	286.5	276.6	277.6	277.8	273.9	268.2	262.8	260.1	255.3	258.9	258.6	258	258.6	257.1	256.8	256.5	257.1	230.9	189.5	176	174.8	176.7	182.8	191.1	183.3	183.2	182.3	179.9	174.1	149.1	120.8	116.5	118.1	120.4	123	127.1	129	136.9	144.4	149.1	149.9	154.8	162	163.4	154.4	145.6	138	131.2	125	121.3	121.3	126.2	129	125.6	121.1	116.4	112	110.3	113.2	117.8	116.8	114.2	113.4	113.3	111.8	108.7	103.1	103	108	109.6	108	109.2	112	110.8	109.7	112.5	115.1	118	125.7	132.8	137.8	133.8	129.2	126.1	124	123.1	121.5	122.7	122.8	121.5	120.6	119.7	120.7	120.2	120.9	120.5	119.8	122.5	124.5	123.9	122.5	123.5	122.6	123.8	125.4	119.1	115.2	114.5	114.1	113.8	113	112.8	113.1	117	122.5	128.6	133.6	140.1	144.7	144	141.4	132.5	123.9	124.5	127.6	131	130.3	128.3	128.8	125.9	122.9	123.8	122	119.8	117.4	120.5	121.3	122.2	125.6	130.6	162.5	181.5	179	165.7	169.7	187.4	195.4	199.6	201.8	201.3	219	229.5	224.1	220.9	228.3	232.3	223.9	225.5	226.4	234.1	238.8	231.9	217	229	227.7	227.9	230.1	234.8	244.5	234.8	226.6	243.4	244.6	234.9	223.7	229.2	238.6	250.1	261.7	259.9	256.2
327.5	331.5	331.5	331.5	331.5	331.5	325.8	318.9	311.4	303.6	298.5	295.8	292.8	289.5	286.5	283.2	280.2	278.4	276.9	272.4	264.9	260.4	261.3	260.7	259.2	258.9	258.9	257.4	256.8	256.5	256.5	223.9	186.6	176	170	181.2	192.5	204.5	181.3	176.3	181.2	181.3	175.5	140.9	123	118.3	115.1	119.8	123.7	126.2	126.9	133.7	143.5	150.6	153.9	160	164.3	164.9	158.7	149.7	139.6	132.4	125.2	120.1	120.2	119.6	116.8	108.3	101.9	101.5	98.6	101	106.9	106.3	105.4	103.6	103.7	102.6	100.3	98.1	98.3	98.2	100.7	102.2	103	105.3	109.4	107.9	102.6	103.2	106	113.5	122.1	123.3	127.5	125.3	121.7	118.6	116.3	113.5	108.3	109.3	111.7	113.3	113.2	114.2	114.8	116.6	115.3	114.1	112.2	115.3	118.7	119.9	117.6	115	118.9	121.5	120.4	117	114.9	110.5	109	109.8	109.9	110	108.3	111.8	117.3	122.1	129.8	136.3	143.2	144.5	143.2	140.2	128.9	125.1	130.6	133.2	130.7	129.9	128	123.5	122.5	122.3	121.9	117.7	116.9	117.8	119.6	121.2	123.9	134.2	163.2	175.5	172.7	151.8	171	200.8	197.2	193.5	206.4	215.5	223.6	232.1	228.1	218.4	207.8	217.3	224.4	234.7	230	229.4	231.8	233.1	224	222	225.9	228	232	235.4	238.9	225	216.1	233.7	239.8	232.2	227.9	228.4	241.5	260.5	272.4	270.5	252.4
328.7	331.5	331.5	331.5	331.5	331.5	331.5	324.6	315.9	307.5	301.8	297.9	295.2	291.6	288.6	285	281.1	277.7	279.3	276.3	270	263.4	261.6	259.7	259.8	258.6	258.6	258.6	257.4	256.5	234.7	198.3	189	181.5	201.8	198.5	186.4	203.1	183.1	177.9	180.1	179.2	174.9	148.1	126.7	120.9	119.4	119	122.9	125.5	128.8	135.3	144.6	156.4	164	166	165	161.4	158.1	149.5	140.7	130.5	121.2	118	113.5	108	101.6	92.9	87	84.4	83.5	85.4	91.2	90.9	91.1	92	92	92.3	89.2	86.3	87.6	87.9	88.9	92.3	95.7	95.6	94.7	95.7	91.5	88.3	91.5	97.7	103.7	105.9	106.5	108.4	105.3	102.6	100.1	98.2	96.6	96.8	97	100.6	101.4	101.8	102.9	104.6	104.4	104.4	104.5	103.9	104.1	105.1	105	104.7	106.3	110	110.6	109.5	107.4	101.2	98.9	98.7	100.3	102.9	104.8	109.3	116.4	120.4	128.3	141.6	147.3	145.3	145.6	142.7	138.2	137.1	138.3	138.9	136	131.8	128	123.4	121.9	120.6	119.2	117	117.3	118.1	120.5	122.3	125	134.4	164.6	176.4	171.7	164.2	193.8	213.1	209.8	203.4	209	221.8	223.9	231.7	230.1	219.6	220.5	227.3	234.9	243.4	239	227.1	225.1	228.2	215.7	214.6	226.8	229.9	233.9	235.5	238.3	232.8	226.2	230.2	232.6	229.9	226.4	229.4	238.1	250.5	267.3	274.3	261.5
331.5	331.5	331.5	331.5	331.5	331.5	328.3	319.5	312	308.7	306	301.8	295.5	291.9	288.6	283.5	277.4	276.9	280.8	277.8	270	263.4	257.6	254.2	258.2	258.6	258.9	258	257.4	256.8	231.5	198.1	189.1	192.8	228.5	217.9	185.3	201.3	199.9	202.7	201.7	190.5	176.5	154.5	129.2	121.9	119.4	122.7	125	128.4	132	138.3	145.9	157.1	166.6	170.7	167.1	163.3	158.4	153	147.5	134	121.3	118.7	110.3	99	90.5	85.8	80.6	76.3	77.4	78.5	82.6	83.6	83.6	89	88.8	87	86.6	85	84.9	84.8	85.7	92.8	95.2	90.3	86.5	84.8	85.5	89.7	93	94.3	97.9	97.3	98.5	97.9	94.5	93.8	93	91.4	90.3	92.3	93.8	93.9	92.5	91.5	92	95.5	96.3	97.7	100.2	100	98.9	101	100.8	100.4	99.5	102	103	104.3	102.2	96.2	90.6	92.1	96.1	96.1	100.8	108.6	114.8	122.1	128.4	137.9	141.7	140.7	142.5	141	138.2	139.7	141.8	138.7	135.2	133.4	129.5	125.8	125.1	122.2	118	116.2	115.5	118.2	120.6	122.5	123.3	138.1	171.8	182.2	182.4	183.6	201.6	218.6	223.2	221.7	219.2	225	218.5	220.5	226.8	230	233.1	234.9	237.6	238.8	237.6	233	225.4	223.9	211.4	211	233.6	229.4	229.2	237.8	236.5	236.9	237.1	232.3	229.2	236.1	243.1	245.2	260.4	280.3	284.5	288.5	276.7
331.5	331.5	331.5	331.5	331.5	329.7	327.1	316.6	310.4	309.6	307.5	302.1	295.5	291	288.6	285.3	281.1	281.8	281.7	277.8	270.9	264	259.8	260	259.8	258.9	258.6	258	256.2	256.8	242.5	212.9	202.2	241.5	254.7	221.7	188.5	200.7	205.1	205.5	210.3	195.4	178.2	166.9	137.8	123.5	120.8	123.1	128.3	129.5	134	141.1	148.1	155	162.9	168.6	169.9	165.3	159.6	153.7	145.9	131.8	122	122.7	119.8	111.4	100.7	91.7	82.4	77.1	75.7	76.7	78.1	79.4	78.7	86.6	88.8	85.1	89.5	90.2	88.9	87.3	90.9	99.6	101.3	93.1	84.2	82	87.9	95.4	100	101.3	101.9	101.4	98.6	93.7	92.4	93.9	93.5	91.4	89.3	89.7	90.3	87.7	84.6	83.1	83.8	86.8	87.3	87.4	90.3	90.1	89.8	91.6	91.6	91.1	88	89.7	88.9	87	84.8	80.4	77.7	80	85.3	91.6	97.6	102.8	111	120.6	130	133.9	137.3	140.6	143.3	144.8	145.4	145.7	146.8	142.7	136.4	133.4	130	126.5	124.9	122.7	117.6	115.7	115.7	117.1	118.6	119.7	121	139.9	167	176	194.6	225.4	224.1	228.6	233.8	230	220.2	215.2	213.4	205.5	217.7	227.3	230.9	231.8	236.3	234.2	233.4	228.8	224.9	225.7	219.5	220.1	232.6	226.4	221.1	232	232.1	236.2	243.3	239.1	231.8	236.5	245.7	252.8	266	285.7	290	296.4	284.7
331.5	331.5	331.5	331.5	331.5	331.5	325.9	319.2	317.4	310.2	306.6	301.2	294.7	291.5	292.2	290.7	285.6	285	283.2	278.4	273	266.4	263.1	262.2	261	259.2	258.6	258.6	256.5	249.1	241.2	210.1	214.4	246	243.2	219.5	188.9	198.5	211.1	210.3	205.5	202.7	192.9	177.3	138.1	125.1	121.2	122.3	127.1	130.2	134.7	139.2	146.6	153	160.3	167.7	169	165	162.1	155.6	144.7	132.1	123.6	123.2	122.7	114.6	105.2	95.9	80.5	73.8	74	77.2	73.5	73.7	76	82.2	84.4	85.6	91	91.8	91.6	92.5	97.8	102.6	97.3	95.2	87.9	82.6	87.1	98.1	103.3	104.7	103.6	101.4	100	94.7	92.5	96.6	97.2	97.1	91.8	93.7	95.2	90.7	85.8	82.2	84.8	87	84.3	84.8	87.2	89.9	89.1	89	88.3	87	83.6	80.4	78	76	74.6	70.8	70.3	71.7	75.9	85.9	94.1	100.3	108.7	119.4	132	136.7	139.7	141.8	144.6	144.3	149.9	152.1	149.2	144.8	139.2	134.5	130.5	127.5	125.1	122.3	118.3	117	117	117.1	118.2	119.8	125.2	148.6	166.1	168	189	221.8	226.1	230.6	229.4	222.2	215.5	222.7	227.7	217.2	217.5	223.7	222.8	219.5	218.1	223.6	232	234.3	231.3	232.9	229.6	225.1	222.9	221.6	213.7	221.1	226.2	226.1	243.7	254.3	250.1	248.7	258.7	275.8	287	296.9	305.8	311.5	305.6
331.5	331.5	326.7	331.5	331.5	331.1	325.1	323.4	319.8	311.1	306.9	305.1	299.4	294	293.1	290.7	285.6	284.4	283.2	278.7	273.9	267.9	264	262.8	261.3	259.8	259.2	257.8	248.8	250.8	241.6	226.7	255.7	256.8	243.2	227.3	199.3	195.7	210.3	201.3	204.3	204.1	186.1	177.1	145.1	125.3	119.9	118.6	123.8	129.7	133.6	138.8	146.8	155	162.7	168.1	168.6	166	163.5	155.6	143.9	133.3	127.4	130	134.4	132.3	125.4	115	100.8	87.2	78	75.5	73.1	71.2	75.4	80	82	85.2	92	93.6	94.1	95.9	98.8	103.7	102.6	100.9	94.5	87.7	96.7	108.3	109.2	107.8	109.1	109.6	107.1	99.5	100.3	106	107.3	105.2	99.9	100.3	100.2	94	87.5	88.8	91.4	89.9	87.5	83.9	86.7	88.4	88.3	86.4	83	78.7	73	69.5	66.6	67.2	65.9	63	62.2	66	70.1	79.3	87	92.4	100.1	109.9	121.5	131.1	135.7	139.3	142.9	146.8	155.5	160	151.2	144.8	137.5	130.5	126.6	124.5	121.2	119.1	117.8	115.9	117.4	116.8	117.7	120.6	125.9	150.5	173.2	177.8	199.9	224.5	235.5	227.6	224.4	217.6	223.2	235.7	239	235.6	229.5	226	224.7	218.3	218.6	223.2	230.1	234.9	236.9	237.2	235.2	229.4	225.2	223.7	227.8	229.3	229.9	226.8	238.3	254.4	255	252.5	258.8	282.5	292.5	297.2	311.8	313.1	311.1
331.5	331.5	324.7	331.5	331.5	330.9	331.5	329.8	324.3	317.4	315	311.1	304.8	299.7	294.6	290.1	285.6	283.8	285.6	281.7	276.3	266.9	266.4	263.4	261.9	260.7	259.2	250.8	250.1	257.1	244.3	242.5	250.9	252.8	252.9	236	205.5	196.5	204.1	194.1	198	207.9	194.5	176.5	144.5	120.5	116.9	115.9	117.9	125.9	132.1	137.1	143.8	153.9	163.4	168.4	171	169.6	163.2	154.6	145.7	134.9	129	129.6	132.5	132.3	129.8	115.5	106	95.1	86.7	79.7	71.6	69.6	75.2	75.2	77.9	79.3	85.9	91.5	89.8	86.2	87.8	95	94.1	93.4	89.4	81.3	89.4	101.2	101.2	102.4	104.7	106.7	106	100.6	98.5	104.9	108.1	106.7	103.2	103.5	100.2	93.4	84.3	86.3	89.4	87.3	84.9	82.7	79.2	80	81.4	81.6	76.1	72.2	68.1	64	61.4	59.8	59.9	60	62.2	64.2	69.9	77.2	83	89.8	98.9	112.4	125.4	132.9	135.9	138	141	144.6	153.9	157.8	152.3	145	136.8	130.6	124.8	121.7	122.3	119.1	116.2	116.7	117.5	115.9	116.7	121.4	122.8	141.4	162.1	172.6	190.8	221.4	225	224.7	219.2	218.9	228.6	229.2	234.5	236.7	234.5	230.9	238	243.9	248.4	240.9	232.8	230.4	236	247.8	254.6	259.2	249.8	242.4	242.7	247.3	255.9	257	258.7	254.6	241.3	244.8	271.3	299.3	300.3	295.9	308.1	325.1	321.9
331.5	331.5	326.3	331.5	331.5	331.5	329.1	330.7	327.9	321.3	313.8	309	306.3	300.9	296.1	291.6	287.4	286.5	285.1	282.9	276.9	267	267.3	263.4	262.2	261	259.5	253.8	255.7	257.1	257.1	256.5	250	256.8	255.7	232.5	211.1	214.5	211.8	191.9	195.1	204.3	198.1	179.3	153.1	123.4	118.2	116.7	118.8	122.5	129.6	137.9	143.8	155	160	164.6	165.8	164.3	158.1	150.4	146.6	136.8	131.2	132.6	134.3	135.5	132.6	124.1	115.3	109.5	104	97.1	86.9	79.4	78.2	73.4	71	72.6	76.3	84.8	79.7	68.8	72.4	82	82.5	81	74.8	70.4	90.2	100.1	100	107.1	110.7	111.9	109.7	102.4	102.3	106.7	106.7	105.4	103.3	102.9	101.9	90.2	76.5	83	86.6	84.5	81.3	72.9	70.3	74.8	73.9	72.3	69.1	66.6	66.2	63.2	61.8	64.2	68.4	76.6	84.5	87.3	88.1	87.7	90.3	94.4	99	110.1	123.6	132.4	135.6	139.2	144.8	148.6	157	157.3	150.8	141.6	134	128.1	121.6	121.1	122.3	119.1	115.7	116.9	118.2	116.2	116.8	118.9	122.6	142.9	156.6	177.5	200.5	213	221.2	222.6	220.9	220.6	230.5	230.5	231.3	237.3	227.2	228.6	239	243.6	251.1	247.9	235.4	229.4	234.1	246.9	256.1	260.2	254.2	246.8	254.1	261.5	268.6	274.4	273.9	261.3	240.3	249.4	278.5	303.5	301.1	294.5	303.7	324.7	320.7
329.1	329.5	321.5	323.1	331.5	331.5	329.5	331.5	331.5	330	322.6	317.4	312.6	308.1	296.2	290.5	291.3	288.9	285.6	282.4	276.4	276.6	270.6	262.3	261.6	254.6	259.8	258.6	257.7	257.4	257.4	256.8	256.8	256.5	250	228.9	220.4	233.1	232.9	210.7	205.2	203.5	201.9	186.8	154.2	124.3	118.6	115	115.5	120.2	126.2	132.5	141.7	154.5	159.6	164.9	167.3	163.6	158.8	151.6	144.4	137	132.5	133.4	132.7	134.2	133.9	128.2	120.6	112.2	108.5	102.6	95	87.3	83	79.3	77.8	74.9	74.2	79.6	74.9	66	66	71.3	73.3	71	65.2	64.8	83.1	97.8	100.4	104.2	110.8	113.3	109.9	95.3	92.6	102.2	100	99.9	96.7	94	91.2	77	56.6	60.8	67.6	68.6	69.5	61.6	60.3	68.1	67.8	61.3	59.6	60.3	61.7	63	63.3	65.9	72.2	80.8	89.8	94.4	92.7	91.3	96.1	99.8	104.3	111.6	123.9	135.9	140.4	144.6	147.3	149.8	157.1	157.7	151.1	142.7	134.7	127.2	122	120.9	119.9	117.6	116.7	117.5	117.4	116.6	118.9	120	139.8	173.8	176	189.3	210.6	217.5	228.8	233.6	235.1	226.4	224.9	232.7	228.5	237.9	234.6	221	223.8	227.8	236.4	248	240.6	235.5	231.2	233.2	241	252.9	259.1	264.2	287.9	305.7	304	307.9	305.1	298.1	285.9	294.3	300.3	306.1	305.1	296.3	297.1	302.5	309.1
323.1	327.9	325.1	326.7	331.5	331.5	331.5	331.5	331.5	330.9	323.1	319.2	313.8	309	296.8	293.5	293.1	288	285.3	284.7	282.3	277.8	268.7	256.8	258.3	261.3	259.8	258.9	258	257.4	257.7	257.1	255.2	256.5	242.8	241.3	255.5	255.9	253.7	218.1	205.9	202.5	198.7	187.5	160.2	125.1	117.1	115.2	115.5	118.6	125.1	131.5	138.6	148.1	157.6	163.7	166.8	165.6	160	155.2	147.3	140.4	138.9	139.5	138.7	138.6	136.1	132.4	126	119.5	113.6	108.1	104.4	97.9	96.6	96	95.2	91.7	88.9	86.1	80.6	80.3	79.5	72.7	67.1	60.4	55.5	61.5	66.8	73.8	74.1	72.6	76.6	79.7	77.8	68.7	73.2	81	80.5	79	75.9	72.9	67.7	55.6	46.6	45.8	45.8	49.2	54.2	61.2	64.6	69.5	71.3	70.1	71.6	76.7	80.5	83.2	83.3	86.2	94.1	102.5	107.5	109.7	108.7	108.4	112	113.7	116.5	125.2	133.3	140.3	146.2	150.4	153.6	156.5	156.7	153.3	146	136.4	130.8	125.1	122.3	120.9	120.4	117.7	117	117.3	118.4	119.1	121.9	121.2	144.7	177.9	184.9	220.5	223	222.7	232.7	235	235	229.8	225.8	230.9	225.5	233.7	242.8	226.5	222.4	221.7	219	241.8	243.4	242.9	239	238.6	244.6	262.1	271.5	278.8	301.7	317.9	310.7	306.7	303.9	303.7	300.6	304.5	302.5	308.3	306.7	298.3	298.7	301.5	307.5
330.3	331.5	331.5	331.5	331.5	331.5	331.5	331.5	331.5	331.5	323.7	322.2	317.7	312.9	306	299.7	296.1	289.8	284.4	284.4	283.5	278.5	276	269.8	262.4	261.9	260.7	259.5	258.2	249.2	256.6	257.7	257.4	256.8	255.1	252	256.8	256.8	255.9	228.5	207.3	193.2	195.3	200.3	165.7	127.6	116.5	115.3	114.6	117.4	122.9	130	136.9	141.6	154.5	162.6	167	165.2	158.9	152.5	148.4	142.4	137.8	139.4	139.5	136.2	133.5	132.4	130.2	127.2	120.1	110.2	106.7	105.6	106.9	106.7	106.8	107.2	104.9	102.1	98.8	96.9	90	82.6	77.9	74.6	76.2	78.9	82.7	83.5	78.2	68.7	64.9	62	60.7	58.4	61.3	69.7	69.7	65.4	60.8	56.1	55.4	55.2	53.9	54.7	51.3	53.2	56.2	59.2	62.6	68.1	71.7	73	76	79.7	82.1	83.7	84.2	86.6	93.3	97.7	101.2	102.8	104.6	106.8	110.8	116.5	123.5	131.4	140.1	145	149.6	156.2	156.5	157.6	156.3	150.3	143	135.7	128.7	124.3	122.4	121.2	119.9	117.8	115.8	115.3	118.2	119.3	119.7	122.4	145.4	167.3	168.3	207.1	226.6	228.8	237.5	241	238.6	240.4	232.8	226.9	216.6	217.1	225	225.1	224.9	228.6	231.6	250.4	256.9	264.6	290.5	297.2	293	307	321.9	319.1	318.3	314.1	308.9	313.1	307.1	308.3	312.3	314.7	312.7	310.7	309.5	310.3	311.1	309.9	311.1
331.5	331.5	331.5	331.5	331.5	331.5	331.5	331.5	331.5	331.5	322.5	322.5	318	313.2	306.6	301.8	297.3	291.3	284.7	282.3	282.8	280.5	277.8	273	265.5	262.2	260.7	259.2	258.9	255.2	254	257.7	257.1	255.9	255.6	255.3	256.5	257.1	256.5	241.3	207.6	198.5	193.3	196.4	189.9	156.9	123.3	117.1	115	117	121.4	124.7	131.7	140.4	150.5	160.4	163.3	161.9	155.5	150.7	147.5	143.3	138.2	142.4	142.4	139.6	138.9	137.3	137.3	134.2	129.7	120.7	114.4	111.3	110.2	108.7	110.9	111	110.2	109	107.3	108.8	109	104.6	101.1	101.5	105.5	106.5	108.5	106.3	101.1	96.7	89.2	85.1	80.4	77.3	78.9	83.3	84.5	82.1	80.2	80.9	81.7	79.3	81.3	81.1	79.7	75.7	75.4	79.3	78.9	79	80.9	81.3	81.3	84.4	86.9	90	95.7	99.6	103.7	103.3	102.9	101.6	105.5	110.8	116	121.5	128.4	135.1	141.4	149.5	156	161.2	162.8	160.3	153	144.9	137.1	131	126.5	121.3	119.2	118.1	119.4	116.8	114.6	115.4	115.5	116.9	118.5	121.2	135.1	153.3	177.3	203	215.2	234.6	241.2	242.5	238.4	239	236.8	230.6	223.3	220.5	223.5	227.7	229.8	238.9	254.4	264.9	275.6	276.7	300.9	318	315.8	307.1	310.7	319.9	315.5	309.3	296.5	295.9	311.1	311.1	311.1	313.5	315.5	311.1	307.5	308.3	309.9	306.7	306.7
331.5	331.5	331.5	331.5	331.5	331.5	331.5	331.5	331.5	331.5	327.5	331.5	323.8	315.1	311.4	308.7	302.7	295.2	287.1	283.8	285.6	285.6	282.3	278.7	271.8	264	261	259.5	259.2	258.4	258.6	257.7	256.8	252.9	249.5	249.2	255.9	256.8	256.8	251.7	210.8	190.5	195.9	191.7	180.8	145.8	115.3	113	111.7	111.9	118	124.5	132.1	137.6	147.2	156.6	161.9	161.2	156.6	153.6	148.2	142.4	137.1	138.5	138.9	138.4	139.9	141.2	142.7	142	140.3	131	123.1	120.8	118.3	116.1	116.5	115.8	112.7	110.6	108	108.1	109.3	111	113.8	116.1	118.9	117	110.3	108.9	105.9	102.4	100.3	97.7	95.9	96	95.8	95.8	96.9	94.7	97.2	99.1	100.5	101.7	97.1	91.6	90.1	89.2	87.5	89.4	89.4	87.3	87.1	85	84.7	87.2	90.2	95.6	102.9	108.3	112.8	115.4	117.6	116.8	116.4	115.5	119.5	126.6	133.2	140.1	144.5	151.5	158.9	162.6	161	162.1	154.7	144.6	137.4	132.2	126.3	121.2	119.4	119.8	118.9	116.1	116	115.9	116.8	118.9	118.8	139.8	173.2	180.3	196.2	217.7	226.1	233.6	239.6	240.6	231.8	233.6	238.2	234	230.7	237.1	253.6	267.8	283.7	298.7	304.9	311.1	310.3	312.7	318.3	320.3	325.3	324.3	309.1	307.1	304.7	302.5	298.1	298.7	309.1	312.7	312.7	311.1	312.3	312.7	302.3	299.5	309.5	310.1	302.5
328.7	331.5	331.5	331.5	331.5	331.5	331.5	331.5	331.5	328.7	325.9	329.1	328.2	316.7	312.1	309	303	296.1	289.5	279.5	281.9	281.9	282.9	278.7	272.7	265.5	261.9	259.8	255.6	258.9	258.2	257.7	255.7	253.1	253.5	252.4	255.9	256.8	255.6	249.3	220.7	197.9	197.7	188.9	186.4	157.5	121.4	112.6	111	111.7	114.3	120.1	128.6	135.6	143.5	151.6	155.1	157.2	156.7	155.5	152.8	145.3	139.4	138.9	139.1	139.5	142	144.4	145.5	145.9	143	134.4	129.7	127.7	125	122.3	120.5	119.4	113.5	107.7	105.7	106	106.3	109.1	113.1	116.2	121.7	122.4	117.9	116.4	115.2	112.4	112.5	117	119.5	120.8	119.1	118	117.2	118.9	121	121	123.1	126.8	120.6	115	109	100.8	96.3	97.5	93.2	89.6	88.4	87.1	88.8	93.5	100.5	106.1	112.8	116.1	117.5	120.9	123.3	124.5	123.6	120.3	121.9	126.5	134.2	140.8	145.8	150.2	156.9	163.5	159.6	155.3	148.5	142	137.2	130.6	124.7	118.2	115.8	116.5	117.8	116.1	114.9	115.2	116.5	118.9	119.1	143.7	181.6	196.5	228.4	227.6	224.8	229.3	237.2	235.4	232	231.3	226.6	233.4	234.6	246.2	273.5	289.5	300	307.1	307.5	306.3	308.9	315.1	319.1	312.5	321.1	327.5	313.5	305.1	303.5	300.7	303.5	309.5	310.3	309.1	310.3	312.3	309.5	309.9	303.9	300.1	308.7	311.7	308.3
329.1	331.5	331.5	331.5	331.5	331.5	331.5	331.5	331.5	331.5	329.5	331.5	331.5	324.3	316.8	311.7	308.1	303.9	299.7	292.2	289.2	289.3	288	282.3	276.3	270.6	259.6	249	256.2	258	257.9	257.7	249.1	254.4	255.6	255.6	256.5	255.2	248.1	252.8	230	206.3	189.7	194.9	197.6	171.6	128.7	113	108.8	108.9	114.1	120.1	126.1	131.6	138.6	148.1	153.8	157.7	158.8	159.5	154.7	146.8	141.3	140.5	139.7	138.5	142.4	146.9	148.9	151.1	150.1	142.8	136.9	135.9	134	132.8	127.5	122.2	111.9	103.3	98.4	96	92.8	90	91.5	94.5	95.6	95	100.8	101.6	103	103.4	103.8	108.7	114.5	117.3	117.5	114.6	114.2	115.4	119.2	123.8	124.9	123.8	119.5	116.5	110.7	103.1	98.7	97.9	94.9	90.8	92.3	94.3	96.8	105.2	113.7	118.2	122.1	125.9	127.5	130.5	130.9	132.2	134.5	133.4	129.9	129.4	134	141.5	146.8	153.1	158.3	163.3	161.3	153.3	147.8	142.3	136.5	131.1	125.3	121	117.7	116.6	117.4	116.5	117.2	119.8	120.7	121.4	127.2	156.4	179.5	192.7	224.1	228	216.2	232.4	236	230.5	234.8	241.3	247.1	249.3	258.9	292.9	316.3	309.5	301.3	301.5	304.7	301.9	300.3	306.3	307.9	299.5	297.9	309.9	310.7	307.9	313.9	311.9	310.7	317.5	313.1	307.1	301.5	299.1	300.7	300.3	300.7	303.1	304.7	304.7	312.7
329.9	331.5	331.5	331.5	331.5	331.5	331.5	331.5	331.5	331.5	331.5	331.5	331.5	327.3	318.9	313.2	310.5	307.2	302.7	297.3	294.3	292.8	289.2	283.8	277.2	272.7	256.5	250.7	259.9	256.9	258.9	255.3	243	250.4	255.9	256.5	256.5	251.7	247.3	255.6	240.8	217.7	196.1	194.9	194.9	179.1	143.8	114.4	109.4	107.3	110.7	117.6	122.3	127.7	133.1	140.1	148.9	155.3	156.7	160	157.9	153.9	150.4	149	148.7	145	143.7	146.9	151.3	152.8	151.3	146.8	140.6	139.5	140.3	139.2	132.5	124.9	114.5	106.7	100.9	96.4	91.4	87.1	84.1	86.2	82.3	80.5	84.5	84.8	85.3	87	90.1	95	98.1	102.4	104.8	102.8	100.1	98.9	100.7	103.9	103	103.5	102.9	99.7	97.8	95.9	95.1	94.4	92.6	92.7	97	101.6	104.7	110.8	116.2	121.5	126.1	129	131	131.3	132.3	134.8	135.5	134.7	132.7	132	136.5	141.6	147.7	154.6	158.8	161.8	158.3	149.2	144.2	138	133.7	127.2	121.7	119.3	115.9	114.6	114.8	114.8	116.5	118.7	120.9	120.5	127.8	156.1	171.3	184.8	219.7	229.1	227.4	236.4	239.2	233.2	238.7	251.9	258.8	260.1	274.6	304.1	313.1	308.3	299.1	301.1	302.3	301.5	298.7	301.1	304.7	303.1	299.1	307.9	310.3	307.9	315.1	315.1	313.9	315.9	314.7	310.3	302.7	297.9	300.3	300.3	300.3	304.3	308.3	304.3	311.1
329.5	331.5	331.5	331.5	331.5	331.5	331.5	331.5	331.5	331.5	331.5	331.5	331.5	327.9	322.1	309.5	311.4	311.4	308.1	303.9	298.8	295.5	292.8	289.8	286.8	276.4	266.8	266.4	261.9	260.7	256.4	249.4	254.1	256.8	256.5	256.5	256.8	250.1	253.1	244.7	229.5	209.7	190.1	194	193.2	189.3	160.1	122.2	109.1	105.4	108.7	114.2	121	127.1	131.3	141	149.8	155.3	155.3	157	157	155.4	152.8	150.2	148.1	144.7	144.1	147.3	154.5	159.4	156.7	151.5	145.7	145.5	145.5	140	132.5	124.9	115.5	109.9	105.5	100.4	94	88.5	87.7	85.7	82.1	80	80.9	83.4	84.5	87.2	91.6	93.3	97	97.9	97.9	97.3	94.6	92.5	92.7	96.9	98.2	97.9	99.6	99.6	98.6	96.9	97.1	99.5	100.3	104.9	111.8	113.3	116.4	117.3	120.5	125.7	127.9	132.4	134.8	133.5	133.9	133.8	134.8	135.1	136.2	139.2	141.4	143.6	147.2	153.5	157.7	156.9	150.5	147.6	143.3	136.9	130.5	123	117.7	114.8	112.8	113.6	111.5	113.2	116.6	118.9	119.3	120.7	146	161.3	164.1	196.4	214.5	230.8	231.1	238.1	249.4	246.9	256.3	283.2	297.1	312.2	317.7	309.5	310.3	311.1	309.5	307.9	304.7	299.5	303.1	305.1	304.3	309.1	304.7	300.3	303.1	297.9	304.7	306.7	307.9	306.3	307.1	313.9	312.3	310.3	308.3	310.3	309.5	308.3	311.9	306.7	302.3
330.7	331.5	331.5	331.5	331.5	331.5	331.5	331.5	331.5	331.5	331.5	331.5	331.5	327.1	323	313.8	312.6	312.9	309.6	305.7	301.5	298.2	294	291	289.5	277.3	274	268.2	262.8	258.2	254.6	258.4	258	256.8	256.8	257.1	256.3	244	238.1	225.3	197.3	184.5	187.9	194	196.9	188.9	170	131.3	110.8	107.3	107.2	112.6	119.3	124.4	128.4	137.2	147.6	152.9	155.1	154.4	155.9	157.2	154.9	153.7	149.7	148.7	148.7	147.3	153.9	158.6	156.6	149.8	143.9	145.8	146.1	143	134.5	126.2	120.1	116.3	114.1	108.6	101.6	94.1	89	83.5	79.4	78.3	79.3	80	81.1	83.5	85.9	87.1	87.9	88.6	89	90.1	90	88.2	88.1	92.1	94.1	95.3	97.5	97.5	97.3	97.3	99.2	103.4	107.4	111.7	116.9	118.9	121	123.4	126.7	128.3	129.1	133.5	136	133.7	133.9	134	132	135.8	141.1	142.3	142	144	147	148.6	151.2	150.8	149	144.4	136.3	130.9	125.8	119	116.1	114.1	112.8	113.4	111.5	111.8	115.7	117.1	118.1	122	146.9	160.3	188.4	210.7	214.7	231.2	230.6	238.9	250.7	251.5	268.1	297.6	311.6	319.7	319.9	312.5	310.7	312.3	311.9	311.3	307.5	302.3	304.3	306.3	303.5	306.7	304.3	298.1	296.9	301.5	301.5	303.5	306.3	306.3	306.7	312.7	315.5	309.9	306.3	306.3	306.3	305.1	308.3	304.7	298.7
331.5	331.5	331.5	331.5	331.5	331.5	331.5	331.5	331.5	331.5	331.5	331.5	331.5	331.5	331.5	326.4	323.4	321.5	319.8	312.6	309.3	305.7	303	299	294.5	288.7	283	276.9	267	259.9	261.3	259.8	258	257.2	256.5	256.5	252.5	248.8	247.2	221.6	191.8	181.6	191.7	200.1	196.3	191.6	177.2	167.4	134.1	111.6	109.6	110.9	115.2	121.6	127.8	134.2	142.7	148.1	151.1	156.1	159.2	157.1	155.5	156.7	153.3	153.7	153	148.4	152.4	155	157.8	155.1	150	148.3	146.3	142.5	138	132.3	127.1	122.8	120.7	118.1	114.9	109.4	101.1	93.6	87.6	85	83.4	81.3	83.5	84.9	85	84.7	86.2	88.3	87.3	88.1	89.4	89.7	88.3	89.7	91.7	95.1	96.7	97.5	99.3	100.9	104.8	109.2	115.4	119.1	123	123.4	124.6	128.1	131.9	131.1	130.8	133.3	135.1	133.9	135.5	134.4	131.4	134.7	140.6	141.9	144.3	146.4	148.3	148.3	147.6	146.7	145.5	140	133.9	127.6	123.3	117.3	113.5	113.6	113.6	112.3	113.3	113.4	115.5	117.8	119.9	132.5	148	160.3	191.4	210.5	222.5	237.4	246	245	238.3	243.2	275.5	305.1	311.9	316.3	312.3	304.5	307.1	307.9	306.3	309.5	309.1	305.5	312.1	321.1	315.1	309.5	311.1	309.9	306.7	306.7	307.5	310.7	315.9	320.7	318.3	311.9	309.9	307.9	303.1	299.5	298.3	297.9	296.3	297.1	299.5
331.5	331.5	331.5	330.1	330.3	331.5	331.5	331.5	331.5	331.5	331.5	331.5	331.5	331.5	331.5	331.5	326.7	316.8	322.5	313.7	306.2	303.6	305.7	303	297.9	291.3	287.1	280.5	270.2	261.9	261.6	259.8	257.4	251.4	257.7	257.7	258	257.1	255.9	237.8	216	203.9	197.2	197.3	197.3	195.1	178.7	166.5	129.7	110.3	111	112.2	115.7	121.2	126.5	132.2	139.2	143.1	149.3	156.4	157	159.1	159.4	154.7	154.9	157.1	157.4	155.3	154.1	153	155.7	155.8	151.9	147.3	144.2	142.8	138.7	133	130.3	127.1	121.8	119	117.8	114.4	107.4	99.2	95	93.9	91.1	88	90.2	88.7	89.1	89.7	89.5	90.7	90.4	89.9	91.5	90.4	90.1	91.4	94.4	97.6	100.1	104.3	106.7	108.3	112.6	116.1	119.7	124.2	127.3	127.3	129.5	132.9	134.3	133.5	133.2	136.6	136.7	134.3	134.6	134.2	134.2	137.2	141.2	141.1	143.7	145.9	145.7	148.7	146.8	143.5	139.5	132.3	127	123	117.6	115.3	112.7	112.1	113.9	112.3	114.2	114.4	115.2	120.3	121.1	141.5	163.2	189.4	218.3	214.6	232.5	243.4	250.2	250.1	244	250.4	280.3	304.7	311.1	315.9	318.3	310.5	305.9	307.1	305.1	307.9	309.1	307.5	314.5	322.7	317.9	313.1	313.5	312.3	309.1	311.9	310.3	299.9	315.1	324.3	315.5	310.3	313.1	311.1	305.1	303.9	304.7	302.3	299.5	299.5	296.3
331.5	331.5	331.5	331.5	331.5	329.1	325.1	331.5	330.9	331.5	331.5	331.5	331.5	331.5	331.5	329.3	329.7	331.5	330.1	327.3	320.4	315.9	312.6	310.8	306.6	298.8	290.7	284.7	276.3	269.4	264.3	263.1	263.7	262.2	261.3	261	259.5	258.9	258.9	250.2	230.2	221.3	205.8	196.4	200.5	198.7	189.9	172.4	148.8	115.3	109.7	108.8	115.2	120.4	123.8	125.9	132.8	138.8	147.8	154.5	156.9	159.9	162	157.5	158.1	158.3	158.9	157.9	156.4	154.3	155.7	155.4	154.5	148.9	143.2	141.4	140.1	135.9	133.5	132.1	128.1	121.7	117	116.4	113.5	108	105.2	102.6	101.5	102.2	103	102.1	101.7	101.2	99.5	97.8	96.1	95.9	95.2	94.5	97.2	99.5	102.5	106.9	109.1	112.4	116.8	119.3	122.3	125.2	125.7	128.3	129.7	134.9	138.1	137.3	135.7	135	135	136.7	138.4	136.2	135.5	133.3	134.8	136.9	137.2	138	141.2	142.8	143.9	147.6	145.8	142.5	137.3	130.1	126.5	122.5	116.2	114.2	112.3	111.3	113.5	113.5	114.1	113.8	116.8	119.6	135.2	159.1	164.7	197.8	231.6	237.5	251.3	246.9	247.4	260.9	268.4	263.8	286.6	312.3	312.3	318.3	326.1	323.3	317.3	312.3	304.5	301.7	298.1	295.9	301.9	309.1	317.5	320.3	317.5	312.1	307.5	306.3	307.5	295.1	295.5	308.3	309.5	306.1	309.7	312.3	308.3	311.7	314.7	313.3	307.9	303.5	300.3
331.5	331.5	331.5	331.5	331.5	323.9	322.3	331.5	331.5	331.5	331.5	331.5	331.5	331.5	331.5	331.5	331.5	331.5	331.5	329.4	324	318.9	314.7	313.8	309.6	300.9	293.1	284.4	277.2	272.7	266.4	264	264.3	265.5	259.4	263.1	261	259.5	259.2	234.6	212.6	197.2	181.4	196.8	206.4	200	195.2	177.6	165.9	128.1	108.7	110.1	114.2	118.2	120.8	124.3	130.3	137.8	145.2	151.6	153.1	156.1	159.1	160	158.9	159.8	160.1	158.1	157.3	157.9	157.9	155.1	153.5	150.7	145.3	143.1	140.5	132.7	132.2	132.9	130.6	125.7	119	115.2	114.2	113.3	112	112	110.1	110.5	112.9	113.1	113.5	112.1	109.6	106.4	104.5	104.6	103.4	105	107.3	109.3	114.2	117.4	116.8	116	117.6	119.6	120.5	124.1	125.3	126.5	129.9	135.1	137.4	136.5	136.7	136	135.2	136.1	137.6	134.9	134.5	136.2	138	137.9	136.3	136.7	137.4	139.7	142.8	144.1	142.3	138	134	128.3	124.9	120.5	114.7	112.1	110	111.2	112.5	115.3	114.7	113.8	117.3	120.2	137.3	161	180	210.5	233.4	245.2	255.9	247.4	237.8	257	271.6	269.1	287.4	314	315.9	316.3	321.3	320.1	316.9	313.1	307.1	303.5	298.7	294.5	301.5	306.3	311.9	316.3	315.5	309.5	307.5	303.1	303.1	301.9	300.3	304.7	309.1	307.1	311.1	310.7	306.7	311.1	314.9	315.1	309.5	304.3	303.1
331.5	331.5	331.5	331.5	331.5	330.3	329.9	331.5	331.5	331.5	331.5	331.5	331.5	331.5	331.5	331.5	325.1	331.5	331.5	331.5	331.5	330	325.5	323.7	316.5	307.2	300.9	296.1	290.1	285.6	282.9	279	281.4	272.6	268	275.7	267.3	264.3	261.6	235.2	213.9	203	191.2	202.9	213.1	203	201.7	195.8	172.8	144.5	116.1	109.8	112.5	118.1	119.1	123.6	129.3	132.7	142	150	154.3	155.6	159.6	161.1	160.8	160.2	160.1	161.5	161.7	160.9	159.4	157.8	156.7	153.9	151.1	148.8	143.6	138	134.4	132.8	133.3	134.3	129.8	125.4	119	116.9	118.4	119.8	119.6	118.7	119.5	119.8	120.3	118.5	116.9	116	116	117.3	117.3	116.8	116.6	118.5	121.5	125.8	125.9	124.5	126.3	126.9	125.8	127.6	131.1	134.7	141.6	144.7	142.2	139.2	139.1	137.7	138	137	138.4	137.3	135.9	137.3	138.5	137.6	138.3	137	137.7	140.9	141.5	140.8	138.4	135.5	131.5	129.1	125.9	120.1	116.4	112.9	112	111.9	111.9	112.2	113	112.2	113.7	123.2	151.5	172.6	193.1	219	243.4	258.1	255.2	249.4	239.8	251.5	257.8	260.6	268.9	277.5	277.5	276.8	282.1	284.1	289.4	293.6	292.6	293	286.2	290.6	317.2	315.5	301.1	300.7	311.1	313.7	310.3	307.5	306.3	311.5	306.3	306.3	313.5	312.7	315.5	310.7	301.5	304.7	306.7	303.1	303.1	302.3	303.1
331.5	331.5	331.5	331.5	331.5	331.5	331.5	331.5	331.5	331.5	331.5	331.5	331.5	331.5	331.5	327.1	324.7	331.5	331.5	331.5	331.5	331.5	327.3	324	315.4	310.8	306.3	299.4	293.7	291	288	286.5	284.6	275.8	274.4	278.7	271.5	267	261.4	253.9	258.2	251.7	248	230	223.5	210.6	201.5	198.9	176.8	158.2	133.7	112.8	111	117.4	120.8	124.2	128.3	130.5	136.3	145.9	150.5	152.5	158.3	159.7	159.2	159.9	159.6	160.8	162.5	162.7	162.4	160.1	158.5	153.2	151.7	149.5	143.8	138.7	133.4	131.6	130.5	133.9	136.5	131.8	126.3	126	125.2	128.6	130.5	130.2	127.1	122.6	120.8	119.1	117.5	117.8	118.6	119.1	120.5	121.5	122.4	122.2	123.5	124.4	127.1	128.6	131	131.5	130.9	133.6	134.4	138.8	145.9	145.3	142.7	143.1	142.3	139.6	137.6	136.4	136.1	136.8	137.7	137.4	134.3	136	137.4	136.2	137.3	138.9	137.4	134.4	132.9	131.6	128.9	126	123	118.6	117.4	113.7	113.3	112.4	110.8	111.1	112.8	112.6	114.9	124.7	151.7	197.5	233.2	238.5	252	265.5	258.9	259.7	251.8	246.5	252.7	250.4	259.5	261.3	257.8	257.2	261.6	266.8	274.4	278.2	277.6	266.9	264.4	273.9	300.2	309.6	304.3	303.5	300.3	315.3	310.3	307.5	307.1	311.9	307.1	306.7	316.3	313.5	313.1	311.1	305.1	305.1	305.7	302.3	303.5	301.5	301.9
331.5	331.5	331.5	331.5	331.5	331.5	331.5	331.5	331.5	331.5	331.5	331.5	331.5	331.5	331.5	325.9	331.5	331.5	331.5	331.5	331.5	331.5	327.1	322.5	325.6	327.3	323.1	317.7	314.4	310.2	307.2	293.3	295.4	298.2	293.6	291.9	288.9	278.7	263.3	259.6	261.3	259.8	252	245.8	234.9	223.1	210.5	202.8	186.2	167.7	158.2	127	111.6	115.9	122.1	125.6	128.5	130.8	136.8	142.3	147.3	151.5	152.8	153.9	155	158.2	159.3	160.9	160.9	162.7	163.2	160	157.2	156	152.8	150.6	147	142.6	138.8	135.9	135.3	134.5	136.3	140.4	142.6	139.6	137.7	137.7	142.4	146.3	145.4	139.8	134.6	135.6	138.1	139.1	140.1	141.6	142.6	142.8	138.6	136.7	138.3	138.1	138.9	141.6	144.2	143.4	144.6	144.9	150.4	152.9	151.5	148.7	143	145.3	143.1	141.4	138.8	137.8	136.2	136.5	137.7	135.5	133.7	135.3	136.3	135.7	136.7	136.6	135.6	133.8	132.5	132.9	130.8	126.7	122.8	121	117.9	114	112.8	113.1	112.4	111	114.8	116.9	120.9	131.9	161.6	197.1	219	248.3	264.1	271.5	267.9	264	259.3	257.5	255	249.9	246.2	251.5	251	255.9	261.8	265.5	263.7	266.3	268.5	260.5	241.9	241.1	249	257.8	262.5	270.2	276.9	278.2	291.2	301.2	309.1	310.3	309.1	306.3	309.5	309.5	303.9	302.3	309.1	309.1	304.3	303.5	309.5	306.3	297.1
331.5	331.5	331.5	331.5	331.5	331.5	331.5	331.5	331.5	331.5	331.5	331.5	331.5	330.7	331.5	328.7	331.5	331.5	331.5	331.5	331.5	331.5	326.3	326.7	331.5	329.7	324.3	320.4	317.4	313.2	305.7	292.7	302.8	303.6	298.5	294.3	291.9	282.6	263.6	263	262.2	260.1	249.3	236.6	227.7	222.7	210.5	202.4	190.7	169.8	163	147.4	122.2	116.5	124.2	128.2	128.9	129.3	135.7	141.3	144.8	149.3	151.4	151.4	153.5	156.1	157.6	158.8	158.7	162.5	163.8	159.2	157.4	157.4	155.3	149.6	146.6	142.3	138.8	136.4	134	133.5	136.6	140.3	145.3	145.8	143.6	140.9	144.4	146.7	146.8	145	141.8	143.1	145.9	146.6	148.5	151.1	154.3	156.5	153.7	150	147.7	144	144.7	149.1	151.1	150	147.9	150.3	155.7	156.9	154.7	151	147.9	146.8	143.2	140.6	139.1	137.6	138.3	140.5	140.3	136.9	135.6	136.5	136.8	136	134	130.2	126.5	127.4	128.6	127.5	127	125.6	123.7	122.7	119.3	113.7	111.7	111.2	111.2	110.4	114.3	117.7	122.2	134.1	191.4	237.2	237.7	257.1	266.3	267.8	265.1	261.8	262.9	262.5	252.3	246.5	241.6	252	256.6	260.9	257	263.4	262.8	264.9	269.6	259.7	250.7	247.9	248	251	253.1	260.8	262.2	265.9	279.6	292	301.5	311.9	312.7	310.3	307.9	306.7	293.9	295.9	303.1	306.3	304.3	303.5	308.3	306.3	299.9
331.5	331.5	331.5	331.5	331.5	331.5	331.5	331.5	331.5	331.5	331.5	331.5	330.7	331.5	331.5	331.5	330.9	331.5	331.5	331.5	331.5	331.5	331.5	331.5	331.5	331.5	331.5	326.1	321.6	320.1	315.6	311.9	313.8	310.2	306.9	304.2	300.9	297.3	288.6	279	273	267.9	262.2	248	231.4	228.4	219.1	206.5	204.6	192	172.6	176.6	166	129.8	120.5	123.3	126.4	127.9	130.6	138.4	144.6	148.6	153.2	152.9	152	157.9	159.6	159.5	160.9	160.3	162	163	162.2	160.3	156.7	152.7	151.5	148.2	141	138.6	138.7	140.2	141.5	143.6	148.2	150.9	151.5	156	157.1	158.9	162.5	163.7	166.7	164.3	163.3	165	163.3	162.4	168.5	169.5	166.3	166.5	166.2	162.2	160.4	161.7	159.8	156.7	156.7	158.9	160.2	160.9	156.9	151.7	149.6	146	142.7	141.6	141.3	142.4	142.6	144.8	146.3	141	139.5	138.8	138.5	136.8	135.7	129.8	125.7	126.9	126.5	126.6	124.6	124.1	124.6	123.2	121	116.2	114	111.4	109.1	109.5	115.9	125.2	126.8	143.2	211.8	248.1	257.2	273.8	268.9	258.8	256.8	255.4	255.1	263.5	253.5	248.6	245.3	254.8	263.5	257.8	248.9	251.2	253.4	250.9	255.8	262.7	265.5	270.1	275	273.1	268.5	266.1	264.8	263.4	269.3	267.1	266.3	265.9	280	290.2	291.9	300.5	295.3	293.9	306.3	312.7	318.3	317.5	309.5	306.7	303.9
331.5	331.5	331.5	331.5	331.5	331.5	331.5	331.5	331.5	331.5	331.1	326.5	327.1	331.5	331.5	331.5	331.5	331.5	331.5	331.5	331.5	331.5	331.5	323.9	321.9	331.5	331.5	325.8	324.3	324.6	321	317.7	313.8	310.8	309.3	304.8	302.4	298.8	286.5	279.9	274.2	267.3	264	248.2	232.6	228.8	222.9	216.4	210.5	195.1	175.8	177.9	178.2	151	127.4	125	126	128.2	132.4	142.1	144.1	146.8	150.6	151.3	154.1	157.7	159.1	161.7	164.4	162.4	164.9	167.2	167.3	163.7	159.7	155.4	151	149.1	144.3	141.1	140.2	143.3	146.8	146.4	147.9	152	155.4	159.8	160.3	162.1	163.3	163.9	165.8	169	169.4	168.9	168.9	166.3	168.7	168.8	168.1	168.4	168.1	168.3	166.6	165.3	162.9	160.3	157.9	156.2	157.1	158.7	152.9	149.8	148.7	146	145.1	143.6	143.1	144.1	146	148.9	147.6	144.1	137.5	135.7	133.6	130	130.1	126.2	123.2	123.7	123.5	122.5	123.1	124	123.9	120.7	117.8	114.8	111.1	108.6	108.7	111.8	118.8	124.4	132.9	176.6	227.9	248.2	263.9	278.3	266.6	259.5	261.4	260.3	258.2	263.7	265.4	258.4	256.9	252.3	255	255	245.8	253.1	257.6	255.6	260.9	265.7	267.7	266.1	275.8	277.9	272.6	263.5	263	254.2	261.1	264.3	251	249.3	260.7	274.2	285.7	300.8	303.9	305.3	310.5	318.3	327.5	325.9	315.1	309.9	306.7
331.5	326.7	329.9	331.5	331.5	331.5	331.5	331.5	331.5	331.5	331.5	330.1	331.5	331.5	331.5	331.5	331.5	331.5	331.5	331.5	331.5	331.5	331.5	320.9	325.9	331.5	331.5	331.5	331.5	331.5	331.5	331.5	326.7	323.1	321.6	319.8	319.5	319.2	303	295.2	294.6	286.5	278.7	253.4	241.4	236.3	232.8	224	225.7	217.5	197	189.4	186.9	179.9	156	131.5	128.3	128.7	131.4	136.6	139.4	144.9	152.3	155.5	157.4	159.1	160.1	160.6	164	164.3	166.1	169.4	170.5	169.5	166	161.5	157.4	156.4	153.5	150.4	150.2	151.5	150.9	152.1	152.9	155.1	158.7	166.8	169.7	174.1	172.3	170.9	168.4	167.7	169.9	168.7	165.7	166.3	168.2	168.4	171.1	171.1	172.5	176.3	172.5	168.5	165.6	159.5	153.3	152.3	153.1	155.6	154.7	148.5	147.8	149.5	148.7	150.2	148.9	145.8	149.5	151.5	148.6	144.3	139.6	137	133.5	130.4	129.2	127.6	126.4	124.1	124.6	123.7	122.4	122.3	122.8	121.2	117.5	112.4	110.7	110.7	112.7	117.9	122.7	123.3	138.2	181.9	222.7	242.4	262.3	265.4	263.5	266.6	270.7	268.7	262.7	260.7	259.9	255.6	262.9	267	271.5	260.9	256.6	264.7	266.7	262.7	264.4	261.3	257.4	254.9	255.7	256.4	262.6	264.3	261.1	252.4	256.3	255.5	238.9	235.5	247.4	255.6	265.3	270	279.7	295.8	308.3	320.7	328.7	319.5	319.5	319.1	313.9
331.5	329.9	331.5	331.5	331.5	331.5	331.5	331.5	331.5	331.5	331.5	331.5	331.5	331.5	331.5	331.5	331.5	331.5	331.5	331.5	331.5	331.5	331.5	331.5	331.5	331.5	331.5	331.5	331.5	331.5	331.5	331.5	331.5	326.4	310.7	320.4	327.4	325.5	310.5	302.1	302.7	296.1	268.3	249.8	246.2	239	234.1	230.1	235.8	224.5	203.8	192.4	187	179.7	162.4	137.2	131.1	129.9	129.4	132	136.4	141.5	148.1	153.3	155.5	157.9	161.2	161.8	164.4	165.2	166.1	170	174.8	176.5	175.1	170.4	164.2	163.2	161.1	156.4	155.2	155.8	153.4	153.2	156.6	158.3	162	169.5	176.1	185.3	186.4	185.1	185.7	184.3	184.7	179.7	176.9	176.5	173.9	171.5	173.5	175.1	180.1	179.1	172	165	160.2	158.8	155.9	151.5	152.5	156.7	158.6	153.2	151.1	153.1	153.3	156.2	155.6	154.5	153.7	150.8	150.4	147.4	142.8	137.6	130	125.8	126	125.2	123.2	121.7	120.9	121.4	121.4	119.9	119.2	120	115.7	111.8	108	107.7	110.3	118.6	125.3	146.5	180.1	195.4	220.3	241.4	258.1	261.7	265.5	269.3	271.9	271.8	267.7	264.9	263.8	253.3	255.7	264.5	270.3	258.1	253.3	262.8	264.6	261.5	263.3	264.5	259.8	252.4	249.7	250	262	265.6	261	261.3	257.6	253.4	249.9	245.2	248	256.8	269.4	271.4	269.2	283.1	298.1	316.3	319.1	307.9	310.7	313.5	315.5
331.5	331.5	331.5	331.5	331.5	331.5	331.5	331.5	331.5	331.5	331.5	331.5	330.7	331.5	331.5	331.5	331.5	331.5	331.5	331.5	331.5	331.5	331.5	331.5	331.5	331.5	331.5	327.9	331.5	331.5	331.5	331.5	331.5	326.7	319.1	331.5	331.5	331.5	331.5	325.8	329.4	324.6	300	280.9	268.4	256.7	240.7	245.2	250.9	236.8	217	202	187.6	191.3	173.5	144.9	139.3	129.6	127.7	130	132.9	139.4	145.7	153.5	159.3	158.6	161	162.8	164.9	167.2	166	168.6	174.1	176.8	176.4	174.6	168.6	166.2	163.7	160.2	161	162.6	158.8	157.6	159.9	161.5	164.3	170.7	177.6	186.6	191.6	191.3	187.2	184	182.8	181.9	180	184.6	184.6	180.7	181.6	181.3	179.4	176.1	172.6	169.3	163.5	158.2	156.2	153.5	152.7	155.4	158.7	155.9	150.9	151.1	154.7	158.9	162.4	161.9	157.7	152.5	150.3	147.7	142.7	135.4	127.5	121.7	122.5	123.8	123.9	120.7	118.4	120.5	121.4	119	118	119.8	115.5	111.3	110.1	108.5	113.3	119.3	126.9	160.2	187.3	199	232	256.1	261	268.7	281.1	278.1	272.5	275.5	278	278.5	276.8	267.5	251.7	249.8	253.4	252.5	245.6	250	261.2	265.7	266.1	265	260	257.9	251.8	252.7	268	262.2	253.6	259	262.8	262	255.7	250.9	252.9	257.8	260.4	257.7	259.8	261.5	259.4	274.3	293.7	298.7	298.7	305.1	313.1
331.5	331.5	331.5	331.5	331.5	331.5	331.5	331.5	331.5	331.5	329.9	329.9	328.7	331.5	331.5	331.5	331.5	331.5	331.5	331.5	331.5	331.5	331.5	331.5	331.5	331.5	326.7	326.3	331.5	331.5	331.5	331.5	331.5	331.5	331.5	331.5	331.5	331.5	331.5	327.1	324.3	330	310.2	285	274.7	262.4	239.7	249.5	253.7	243.2	222.6	202.9	189.6	194.4	184.9	149.1	138.6	131	125.7	126.7	131.5	135.1	140.5	149.5	154.9	157.8	161.4	162	161.5	166.9	169.3	169.1	174.2	180.1	183	182.4	178.7	174.5	170.5	168.6	169.4	171.6	172.3	170.5	175.3	179	176.5	182.2	188.8	195.8	201.9	205.3	205.5	200.4	198.8	196.4	195.6	197.9	198	197.6	199.3	198.7	193.5	190.4	185	179.4	173.1	168.5	164.3	161.2	161.3	160.2	161.5	162.6	159.5	159.4	163.5	165.4	169.3	166.6	164.4	155.7	149.2	145.9	138.5	128.9	122.4	121.5	121.4	121.8	119.8	120.2	118.7	119	119.1	116.7	115.6	114.9	112.5	109.8	107.8	107.9	113.5	125.7	154.6	186	187.8	196.6	231.2	263.8	266	268.9	279	272.7	264.9	271.1	276	269.4	260.5	264.3	252	243.7	253.3	255.3	252.4	253.3	258.9	264.1	268.3	262	256.7	259.5	253.9	252.6	260.9	259.1	257.3	263.9	263.1	261.8	256	250.8	250.6	252.3	246.5	240.9	254.2	258.3	260.3	258	270.7	301.1	301.1	310.3	315.1
331.5	331.5	331.5	331.5	331.5	331.5	331.5	331.5	331.5	331.5	327.7	331.5	331.5	331.5	331.5	331.5	331.5	331.5	331.5	330.3	324.1	329.5	330.7	331.5	331.5	331.5	325.1	331.5	331.5	331.5	331.5	331.5	331.5	331.5	331.5	331.5	331.5	331.5	331.5	329.1	328.7	331.5	321.2	295.6	281.8	268	260.7	261.4	254.9	247.5	233.2	200.1	187.3	194.6	180.7	147	138.1	132.2	126	124	129.1	134.4	138.6	144.1	153.6	158.1	159.1	162.5	162.1	165.1	169.4	169.7	173.2	177.7	181.5	180.3	178.2	174.8	172.4	173.4	171.8	173.3	173	171	175.1	180	182.5	185.2	186.5	192	198.6	202.1	205.6	201.6	197.6	201.2	200.9	200.9	200.4	200	201.5	201.5	198.3	190.4	186.2	182.9	179.2	175.7	171.2	170.9	164.8	161	161.2	160.8	157	158.4	166.5	169.5	168.5	168.1	168.4	157.2	150.1	145.9	137.3	126.8	120.9	119.8	118.6	119.1	116.7	117.6	116.4	117.4	117.6	115.6	114.8	112.7	110.2	108.1	105.6	108	114.3	132.5	165	186.2	186.9	205.6	239.1	253.2	260	268.1	263.1	261.9	259.8	258.2	259.5	251.6	246.8	252.2	259.1	256.3	257.2	261.3	267.7	263.2	254.2	260.2	267.3	262.4	258.1	258.5	255.9	248.9	249.4	255.5	261.2	261.4	258.1	255.8	255	255.3	259.4	260.3	262	250.1	248.7	257.2	265	264.4	261	279.1	295.4	307.1	308.3
331.5	331.5	331.5	331.5	331.5	331.5	331.5	331.5	331.5	329.3	325.9	330.5	331.5	331.5	331.5	331.5	331.5	331.5	331.5	331.5	329.1	331.5	331.5	331.5	331.5	331.5	331.5	331.5	331.5	331.5	331.5	331.5	331.5	331.5	325.5	329.1	331.5	331.5	331.5	331.5	331.5	331.5	326	297.6	282.6	271.5	262.9	261.9	252.3	245.5	229.3	197.3	188.5	192.4	182.6	145.6	134.9	130.5	127.4	123	125.2	130.1	134	139.2	148.9	154.8	158.6	162.1	163.8	166.2	169.3	169.3	171.7	176.6	179.1	179.2	176.4	174.9	176.8	176.4	176.1	175.8	178	175.6	175.9	179.5	186.1	190.1	192.4	197.7	202.8	207.5	204.4	200.9	202.5	202.1	200.5	200.2	198.6	198.8	201.4	202.3	201.6	199.6	195.7	189.9	187.3	184.6	183.2	179.6	175.1	169.6	168.6	169	168.5	170.3	171.2	174.3	172	168.9	165.1	156.1	147.5	144.7	139.7	129.9	121.1	117.4	116.1	115.7	117.2	117	118.2	119	118.2	114.5	112.2	110.4	108.7	105.1	105	112.5	145.8	177.3	183.1	184.7	186.1	201.3	237.9	251.6	254.3	263.1	262.1	260.1	268.2	261.4	256.7	258.7	257.9	257.2	254.1	258.4	258.6	261.4	267.9	261.7	251.9	258.3	257.6	255.7	256.9	259.9	257.7	249.2	249.4	255.8	259.3	257.3	256.6	255.4	252.1	258.5	260.2	260.5	266.9	263.3	251	254.8	264.9	266.8	269.7	274.7	285.1	303.5	305.1
331.5	331.5	331.5	331.5	331.5	331.5	331.5	331.5	330.7	331.1	331.5	331.5	331.5	331.5	331.5	331.5	331.5	331.5	331.5	331.5	331.5	331.5	331.5	331.5	331.5	331.5	331.5	331.5	331.5	331.5	331.5	331.5	331.5	331.5	331.5	331.5	331.5	331.5	331.5	331.5	331.5	331.5	329.5	307.6	294	281.2	268.3	262.4	253.8	237	216.4	200.3	197.3	192.1	185.8	147.9	136.3	132.7	128	119.1	118.1	123.9	129.4	133.1	143.5	153.2	157.9	162.3	163.4	166	170.2	170.3	171.9	174.7	176.7	176.2	174.3	173.9	174.8	176.7	176.5	176.2	180	175.6	175.1	181.2	188.5	192.3	192.4	196.9	199.7	198.2	194.2	193.4	198.8	194.9	194.8	192.9	189.8	192.4	193.5	196.1	199.5	197.7	196.4	192.4	191.4	188.5	186.2	186.2	182.3	173.7	170.5	170.7	169.2	170	170.6	173.2	169.2	164.4	159.7	154.6	148	142.3	136.3	129.6	122.8	118.3	114.1	114.1	114.9	113.8	114.9	116.9	116.7	114.3	109.6	105.4	102.3	102.8	105.5	116.1	154.1	180.9	180.6	184.2	186.1	202.9	244.2	254.6	247.5	255.3	262	268	270.1	269.3	270.4	278.7	275.7	269.5	261.6	254.7	250.1	249.2	256.1	258.9	257.8	251.9	245.6	239.5	240.2	249.5	250.5	244.7	240.7	246.4	253.5	253.8	258.6	259.9	251.8	247.1	248	247.1	246.2	246.2	244.4	243.3	249.2	254.8	259.9	261.7	259.1	271.3	296.6
331.5	331.5	331.5	331.5	331.5	331.5	331.5	331.5	331.5	331.5	331.5	331.5	331.5	331.5	331.5	331.5	331.5	331.5	331.5	331.5	331.5	331.5	331.5	331.5	331.5	331.5	331.5	331.5	331.5	331.5	331.5	331.5	331.5	331.5	331.5	331.5	331.5	331.5	331.5	331.5	331.5	331.5	331.5	306.5	294.6	280.9	271.8	263.6	255.7	236.1	215.9	205.9	197.8	192.7	188.8	151.4	136.9	130.4	123.2	114.9	114.7	120.6	125.6	131	137.7	147.5	152.5	156.8	160.2	162.4	165.4	167.9	169.3	170.8	172	173.7	173.1	170.7	172.3	175	172.9	170.6	176.6	180.2	177.6	183.5	193.5	194.6	194.4	192.2	196.2	197.5	191.5	189.3	190.5	188.6	188.8	190.2	190.7	192.5	192.2	194.8	199.9	201.3	195.8	194.1	194.5	190.2	188.2	187.6	185.1	180	176	177	175.5	174.6	175.5	175.3	169.1	161.6	155.9	149	143.7	135.8	128	125.2	120.2	115.9	113.3	111.7	112.9	112.7	113.4	113.5	112.9	111.9	107.1	102.5	100.2	101.7	108.2	128.9	165.4	180.2	182	184.3	186.1	204.7	250.1	258.5	250.3	255.2	262.3	267.1	265.7	263.6	269.5	279.5	277.9	272.3	267.5	257.3	243.5	246	252.2	260.4	261.7	257.4	251.5	246.8	244.6	248	246.2	242.9	238.9	243.9	249.2	250.4	255.6	252.2	247.9	248.6	247.9	247.2	248	246.4	247.2	244.6	247.1	252.9	257.7	260.9	261.1	265.1	282
331.5	331.5	331.5	331.5	331.5	331.5	331.5	330.7	331.5	331.5	331.5	331.5	331.5	331.5	331.5	331.5	331.5	331.5	331.5	331.5	331.5	331.5	331.5	331.5	331.5	331.5	329.9	331.5	331.5	331.5	331.5	331.5	331.5	331.5	331.5	331.5	331.5	331.5	331.5	331.5	331.5	329.9	329.5	302	288	278.9	268.2	261.8	255.3	228.7	207.5	204.8	200.2	196.3	165.5	142.3	126.7	115.7	112.4	106.7	104.5	112.7	121.1	125.4	129.3	137.5	145.7	155.5	161.9	163.6	164.6	164.4	166.3	168.8	170.4	171.6	171.6	167	167.6	169.7	168.3	168.8	173.2	173.4	173.8	181.5	187.2	190.8	193.9	193.3	191.6	191.3	185.4	181.8	180.3	179	178.1	179	185.5	192.3	192.3	192.3	201	198.8	192.1	195.5	193.2	189.7	187.1	185.8	182.5	176.7	178.4	179.8	179	173	170.1	171	165.3	158.5	153.4	147.8	138.6	131.3	126.3	122.7	119.5	115.5	113.8	110.1	110.2	110.5	111.2	110.3	109.8	106.3	103.2	100.2	99.8	104.6	114.4	130.1	166.1	177.6	182.1	182.7	184.5	211.9	265.1	271	261	258.6	261.4	261.3	262.1	259.3	257.2	268.5	276	267.5	261.6	256.6	253.5	256.1	248.5	252.1	257.5	257.5	253.8	252.6	252	252.5	253	250.9	246.2	243.2	244.4	247.8	251.1	247.4	248.9	259.1	255.7	253.3	252.7	251.4	254.2	259.6	266.1	262.1	258.1	260.5	258.4	253.2	248.9
331.5	331.5	331.5	331.5	331.5	331.5	329.1	327.5	331.5	331.5	331.5	331.5	331.5	331.5	331.5	331.5	331.5	331.5	331.5	331.5	331.5	329.9	329.1	331.5	331.5	331.5	331.5	331.5	331.5	331.5	331.5	331.5	331.5	331.5	331.5	331.5	331.5	331.5	331.5	331.5	331.5	331.5	329.4	298.3	285.5	276.1	267.4	260.8	252.4	225	207	208.8	205.8	180.8	148.6	138.3	124.6	114.4	112	104	101.3	107.9	115.8	121.8	125.5	129.6	137.6	148.5	156.8	160.8	161.5	159.3	160.6	162.4	164.6	168.7	167.3	165.8	165.5	165.2	162.8	162.4	164.2	170.2	175.3	182.1	186.3	182.3	188.1	193.6	189.2	180.7	175	172.3	172.7	174.7	177.3	178.4	181.1	185.2	187.7	191.6	197.5	198.5	196.4	195.3	191.5	184.7	184	182.8	180.2	173.9	175.9	179.5	176.7	164.6	164.2	163.2	156	152.8	147.9	142.7	134.3	129.1	125	120.5	117.3	112.7	110.2	110	110.4	110.3	108.7	105.7	103.5	101.9	97.3	97.5	101.1	110.1	119.8	141.3	180.1	181.4	179.8	179.9	184	211.7	266.7	276.9	269	264	264.6	264.1	264.9	265.1	261.5	268.3	273.1	268.6	263	253.9	257.9	260.5	249.1	246.5	254.4	258.2	258.2	256.2	256.2	255.9	256.2	253.1	247.3	245	248.5	251.4	253.4	255.7	258	259	257.4	255	254.5	254.3	255.8	261.3	265.5	258.2	256.1	256.6	250.7	244.9	241.8
331.5	331.5	331.5	331.5	331.5	330.3	331.5	331.5	331.5	331.5	331.5	331.5	331.5	331.5	331.5	331.5	331.5	331.5	331.5	331.5	329.1	324.7	331.5	331.5	331.5	331.5	331.5	331.5	331.5	331.5	331.5	331.5	331.5	331.5	331.5	331.5	331.5	331.5	330.9	324.3	324.3	322.8	318.9	289.2	276.4	267.5	259.4	255.4	245.9	220.7	208.6	218.1	194.2	154.6	136.9	128.3	121.5	122.9	117.9	103.4	97	98.1	107.6	116.5	122	125.4	130.2	138.7	146.9	157.1	163.1	158.2	155.9	157.4	157.4	161.2	162.6	163.6	164.7	163.7	159.6	157	160.1	167.4	174	177.7	178.8	173.8	177.1	181.2	179.4	174.5	170.5	167.5	167.6	169.4	171.1	172.8	173.5	181.6	185.2	187.9	195.4	195.7	193.7	194.4	190.1	182.4	180.4	175.2	172.6	171.6	172.3	174.7	172.5	164.4	162.4	160.6	153.9	151.8	143.4	137.7	133.3	126	118.6	115.6	114.7	112	110.5	108	106.6	105	106.1	103	99.8	99.6	97.5	99.8	103.8	113.3	120.1	140.2	179	179.7	179.4	178.1	179.5	217.7	269.7	283.2	283.8	284.7	278.5	273.3	269.5	267.2	262.9	263.2	266.1	269	272.4	264.7	254.7	263.5	262.1	257.3	256.3	260.5	260.1	258.6	265	268.1	264.2	256.5	252.2	251.2	257.4	266.9	265.4	259.4	255.3	257.4	260.7	259.7	258	258.5	259.5	259.8	264.8	269.6	260.5	256.4	256.1	253.1	251.6
331.5	331.5	331.5	331.5	331.5	331.5	331.5	331.5	331.5	331.5	331.5	331.5	331.5	331.5	331.5	331.5	331.5	331.5	331.5	331.5	327.9	330.7	331.5	331.5	331.5	331.5	331.5	331.5	331.5	331.5	331.5	331.5	329.9	329.5	331.5	331.5	331.5	331.5	330	321.6	319.3	321.3	303.4	281.9	271.8	263.6	258.8	255	247	224.6	213.6	213.8	186.3	159.7	135.6	122.6	121.6	125	119	105	95.6	93.8	102.5	111.1	116.6	121.1	126.4	132.8	141.9	148.2	156	155.9	151.4	152.1	150.4	152.2	155.6	156.8	158.3	157.2	154	152.6	153.2	157.5	162.9	167.2	170.2	166.3	167	166.6	166.5	165.1	160	155.8	153.1	155.4	160.8	163.8	162.8	169.4	175.6	179.3	184.1	184.2	183.3	188.1	186.6	180.5	179.9	172.7	167.8	168.1	168.4	167.4	166.2	163.7	158.6	154	147.1	142.6	137	129.8	128.5	123.1	114.8	113.6	112.4	111	107.5	105.2	101.3	98.3	98.7	97	96.5	98.1	98.3	101.7	107.5	115.3	121.3	146.4	178.1	177.8	177	174.2	176.9	214.1	266.8	280.4	283.5	285	278.1	271.9	267.7	265.3	264	264.2	265.1	267.1	262.6	253.6	249.5	261.9	262.1	260.2	258	261.3	260.9	257.8	263	266.7	264	256.7	254.3	252.4	258.9	269	267.8	260.7	254.5	254.6	260.1	262.2	257.5	257	260.7	262.4	267.9	274.2	265.2	257.9	259.4	259.8	261
331.5	331.5	331.5	331.5	331.5	331.5	331.5	331.5	331.5	331.5	331.5	331.5	331.5	331.5	331.5	331.5	331.5	331.5	330.3	329.5	331.5	331.5	331.5	331.5	331.5	331.5	331.5	331.5	331.5	331.5	331.5	331.5	328.7	331.5	331.5	331.5	329.7	324.6	319.5	312.9	308.7	305.7	286.7	268	260.5	261.1	261.1	258.7	252.4	229.4	220.4	203.3	177.2	157.4	120.8	117.9	128.7	130.1	123.5	112.3	102.4	94.1	95.9	103.7	107.8	113.1	119.4	128.1	135.2	140.4	147	151.9	153.2	151.6	149.1	150.3	151.9	151.3	154.2	152.9	152	151.2	149.4	148.7	153.8	159.5	162.3	162	160.7	159.7	158	159.1	157.6	153.4	151.3	150.7	151.8	156	159.4	164.6	167.7	173.1	177.8	177.6	174.6	174	174	173.4	171.8	166.7	164.9	163.7	163.9	161.2	161.3	160.6	155.1	150.5	143	138.4	134.7	129.6	127.8	122.3	117.2	112.8	111.2	108.6	103.3	100.5	97.1	94.4	93.8	91.6	92	94.3	99.1	103.7	108	111.7	115.6	141	174.4	174.8	172.3	162.6	170.9	186.8	224.2	250.8	274.3	276.9	275.5	276.8	273.5	271.8	273.2	274.5	272.9	265.8	257.6	247.8	246.9	255.1	258.2	259.6	258.1	263.9	264.5	262.6	258.9	250.3	252.7	258.2	259.7	247.6	244.1	255.8	259.5	258.6	249.2	238.9	244.2	255.8	261.9	260.9	263.2	263.6	260.1	261.2	262.5	261.3	258.9	256.3	257.6
331.5	331.5	331.5	331.5	331.5	331.5	331.5	331.5	331.5	331.5	331.5	331.5	331.5	331.5	329.5	331.5	331.5	331.5	329.9	331.5	331.5	331.5	331.5	331.5	331.5	331.5	331.5	331.5	331.5	331.5	331.5	331.5	331.5	331.5	331.5	330	325.5	321.6	316.5	310.5	306.6	297.9	273	262.4	258.8	262.1	260.4	260.2	259.5	233.3	216.4	196.6	181.9	163.4	126	117.8	125.7	126.8	124.1	115.7	108.6	99.6	93.6	95.5	100.5	106.2	114.5	119.2	123.6	131.9	137.7	141.9	145.1	146.4	146.4	145.2	143.5	142.9	144.8	146.1	144.6	145	142.8	141.2	143.3	144.4	149.2	150.4	149.3	149.1	151.3	152.6	151.8	154.7	154.7	152	149.5	150.4	157.1	158.8	162.3	165.9	169.3	167.7	161.1	158.1	157.8	160.6	160.2	154.4	154.1	155.4	153.5	151.3	151.7	151.8	147.4	141.5	133.1	129.4	126.6	125.2	122.8	118.2	115.5	112	109.6	106.9	101.2	97	94.3	90.3	89.2	91.6	94.2	96.6	100	105	109.3	113.4	120.5	147.2	168.2	173.1	173	172.8	177.3	185.5	201.1	221.6	256.2	274.8	277.6	276.9	277.5	271.8	273.7	276.2	274.7	270.7	273.4	273.6	259.1	258.3	260.5	259.9	257	263.9	266.3	265.4	262.1	252.1	251.5	258.1	260.6	250.1	242.6	251.7	260.5	261.5	250.6	238.6	238.2	248.9	261	262.4	261.2	261.4	260.5	259.5	262.3	262.3	259.1	255.2	255.3
331.5	331.5	331.5	331.5	331.5	331.5	331.5	331.5	331.5	331.5	331.5	330.7	331.5	327.9	324.3	331.5	331.5	331.5	331.5	331.5	331.5	331.5	331.5	331.5	331.5	331.5	331.5	331.5	331.5	331.5	331.5	331.5	329.7	324.6	317.7	313.2	308	303.1	300	299.4	299.4	294	275.4	265.5	255.7	253	255.8	251.4	242.4	216.1	186.2	162.3	163.2	136.4	107.2	125.6	141.1	127.4	121	119.3	114.5	103.4	95.5	97.2	97.1	101.2	109.5	112.7	118.6	125.6	131.1	137	138.9	142	142	141.8	138	139.5	141.1	140.5	138.7	137.3	139	139.5	138.7	141.3	147.3	147.4	147.2	146.7	150.5	152.6	152.4	153.6	153.3	154.3	154.1	154.7	155.5	156.8	159	161.9	162.2	158.4	154	150.6	150.1	151.1	152.3	149.3	148.1	147.9	147.7	148	148.3	145.9	142.2	137.2	129.6	126.5	123.6	121.8	119.2	115.5	109.9	106.2	104.2	100.3	92.9	90.2	90.1	88.3	88.7	92.4	96.1	99.9	100	100.7	104.2	110.3	118.1	143.5	163.5	169.1	171.8	176.2	180.5	182.9	194.8	200.9	218.4	242.5	274.8	278.9	286.6	281.1	275.1	278.8	282.3	276.9	273.8	279.5	274.1	270.5	271.3	264.8	268.7	269.7	259.7	257.9	262.5	263.3	262.6	259.8	257.3	256.2	257.1	257.5	253.3	254.9	250.1	239.9	243	258	265.2	269.3	270.8	267.1	267.1	276.1	280.1	273.4	265.3	259.3	260.5
331.5	331.5	331.5	331.5	331.5	331.5	331.5	331.5	331.5	331.5	331.5	331.5	331.5	330.3	331.5	331.5	331.5	331.5	331.5	331.5	331.5	331.5	331.5	331.5	331.5	331.5	331.5	331.5	331.5	331.5	331.5	326.7	321.9	318.9	315.3	309.6	299.9	298.2	297.6	297.3	297.9	296.1	274.7	265.2	253.3	249.3	252.1	249.2	234.6	209.8	173.9	160.5	163.3	135.8	109	126.9	146.8	130.7	119.2	118	115.6	105.4	97.2	99.4	96.6	96.5	101.7	105	110.9	117.6	122.1	126.3	130.2	131.9	133.3	135.2	132.6	129	131.8	132.7	130.7	129	130.3	131.1	130.8	133.5	138.6	142.7	142.7	143.8	145.8	148.6	150.2	148.7	148.9	149.8	151.7	152	151.3	152.3	155.1	156.9	153.6	148.1	144.5	143.5	144.3	143.8	144.3	143.5	141	137.4	138.3	140.2	138.4	134	130.7	126.6	123.4	121.6	117.6	116.6	113.7	109.3	107.3	101.4	97.1	93.5	90.2	87.9	88.7	90.7	92	92.7	95.6	97	97.8	101.9	108.1	114.5	122.1	156.9	171.4	172.3	173.5	173.1	168.6	180.5	198.7	204.3	211.3	232	268.8	284.3	286.9	284.3	276.9	278.5	280	276.5	272.2	275.8	273.4	263.1	270.8	262	262.5	262.8	257.1	249.5	255.9	263.5	263.3	261	257.6	256.5	259.3	256.9	250.6	252	248.7	243	245.5	258.9	265.4	266	264.7	262.3	267.3	276.1	281.6	277.8	265.9	252.8	256.2
331.5	331.5	331.5	331.5	331.5	331.5	331.5	331.5	331.5	331.5	331.5	331.5	331.5	331.5	331.5	331.5	331.5	331.5	331.5	331.5	331.5	331.5	331.5	331.5	331.5	331.5	331.5	331.5	330	324	320.4	315.6	309.6	306.6	304.8	302.1	298.5	296.7	293.7	289.2	289.2	292.8	271.5	261.6	252.7	247.9	250.3	246.6	234.3	214.9	172.5	165.3	157.6	130.9	110.7	131.3	144.1	128.5	119.1	117.7	116.7	110.6	98.2	100.9	102	98.1	95.9	97.7	103.3	109	111.3	116.4	122.8	125.7	128.4	129.1	127.1	124.2	124.9	124.2	124.2	124.8	123.6	126.4	128.4	128.4	129	134.1	135.3	138.4	141.8	144.2	145.1	148.1	146.1	145.8	148.1	148.4	147	147.9	151.9	153	149.9	146	141.7	140.6	141.9	143.2	141.1	140.4	137.6	133.6	132.3	132.1	129.7	127.2	124.6	122.3	120.2	117.8	114.5	110.4	107.2	103.6	99.9	96.2	91.2	88.7	88.1	86.3	87.8	90.8	91.3	91.3	93	93.1	94.6	100.2	108.2	113.3	122.5	157.3	171.3	172.2	175.3	171.6	163.8	166.6	187.7	198.5	207.5	220.6	233.6	259.7	275.3	274.3	270	270.9	273.2	279.1	281.9	277.6	265.5	252.1	253.4	253.9	256.1	256.9	257.3	255.5	258.5	270.9	273.1	267	265.8	263.8	259	263.4	266.9	261.3	258.3	254.5	249.1	259.5	270.3	267	264.5	259.1	250.8	254.9	265.8	267.8	263.1	250.2	260.1
331.5	331.5	331.5	331.5	331.5	331.5	331.5	331.5	331.5	331.5	331.5	331.5	331.5	331.5	331.5	331.5	331.5	331.5	331.5	331.5	331.5	331.5	331.5	331.5	331.5	331.5	331.5	331.5	325.2	319.2	315.3	312.3	307.2	303.9	299.3	300	297.3	295.5	291.6	289.2	288.9	285.8	266.7	258.2	251.2	248.7	249.6	243.7	236.2	204.7	167.1	174.1	163.8	130.2	113.9	131.7	144.8	129.5	120.8	119.1	117.4	109.8	97.4	100.7	105.2	101.6	98.1	97.4	98.7	103.3	105.6	108.8	113.1	117.7	121.5	121.3	119.8	118.1	117	116.9	116.7	115.3	116.3	116.6	117.2	119.6	120.5	124.2	126.5	130.2	134.7	137.8	138.5	141.4	141.9	142.4	143.5	142.2	141.5	142.9	142.6	143.3	142	141.4	138.8	134.3	132.3	132.9	131.9	130.5	129	124.2	121.9	121.3	120	117.7	116.3	115.2	113.1	112.2	108.2	103.8	101.4	99	96.2	92.5	90.2	88.4	88.3	89.2	89.2	91.4	90	90.9	92.9	92.2	94.9	104.6	111.3	116.5	130.5	166.1	171.2	173.2	175.9	179	179.8	181.4	198.4	198.8	203.8	219.4	226.1	247	268.7	270.6	268.2	270.1	273.8	281.3	282.9	278.3	265.8	253.7	250.6	256.8	262.2	261.5	255.3	263.3	263.9	269.6	272.2	263.4	260.2	265.7	262.9	268.1	271.6	265.3	260.9	257.7	254.2	265.1	274.4	271.2	267.2	255	251.7	249.2	259.9	262.7	259.9	258.5	261.9
331.5	331.5	331.5	331.5	331.5	331.5	331.5	331.5	331.5	331.5	331.5	331.5	331.5	331.5	331.5	331.5	331.5	331.5	331.5	331.5	331.5	331.5	331.5	331.5	331.5	331.5	328.8	324.3	317.7	310.2	304.8	302.4	299.7	298.2	299.4	295.4	291	288.9	291.1	297.6	298.2	292.8	266.5	260.8	253.3	247.6	247.6	243.3	230.9	199.8	188.7	182.6	158	125.4	109.1	127.1	146.8	134.6	123.5	118.8	117.2	110.2	96.5	99	106.3	104.2	102.7	101.2	99.8	98.4	97.4	100.5	103.4	106.9	110.6	114.3	115.8	115	112.2	112.4	110.6	107.9	109	110.1	110.3	114.1	118.9	122.5	123.2	123.9	128.5	132.8	133.6	135.8	137.4	138.4	140.2	138.7	139.8	140.1	139.4	136.4	135.3	134.6	133	129.6	127.7	127.7	126	125	124.3	119.6	116.7	114.1	114.5	113.6	111.6	108.6	105.4	102.8	99.1	97.2	95	92.4	88.9	88.8	87.5	87.9	90.4	90.4	89.6	89.6	89.4	91.7	94.6	96	101.3	108.5	112.5	116.5	128.7	163.2	172.9	175.9	178.5	181	179.1	181.8	198	199.7	201.6	206.8	225.3	236.1	253	264.5	263.1	263.8	258	257.5	259.5	263.3	268	268.9	263.1	272.7	280.8	273.1	263.1	264.7	261.9	259.9	261.8	261.2	260.1	263.3	264.9	270.4	274.9	272.2	261.3	250.8	243.9	247.2	253.1	254.6	261	257.7	257.4	251	257.3	261.2	250.7	247.5	247.8
331.5	331.5	330.7	329.9	331.5	331.5	331.5	331.5	331.5	331.5	331.5	331.5	331.5	331.5	331.5	331.5	331.5	331.5	331.5	331.5	331.5	331.5	331.5	331.5	331.5	328.8	324.6	319.5	313.8	307.2	302.7	300.3	297.9	295.8	295.5	295.8	289.5	288.1	280.4	292.4	297.9	282.7	267.2	260.7	253.9	247.9	248.5	242.2	231.4	212.6	204.7	184.1	154.8	125.1	108.6	124.4	148.1	138.1	125.1	120.3	118.1	110.2	96.3	99	105.6	104.9	104.7	103.7	100.9	98.4	96	95.6	96.6	99	102.2	105.8	108.1	105.6	105	103.6	100.9	100.4	100.8	103.3	105.4	106.5	108.3	111.8	113.2	114.9	117.4	120.4	122.7	126.3	127.4	130	131.3	129.9	128.8	127.7	127.1	126.5	125.3	124.4	122.6	122.3	121.7	121.2	119.4	116	114.9	113.3	111.3	109.8	108.5	107.5	105.6	103.5	99	96.8	93.9	93.2	92.2	89.6	89.2	88.6	89.4	91.8	90.5	89.4	88.5	88.9	91.4	92.8	94.2	98.7	104.7	109.5	114.5	119.5	128.9	149.2	164.7	176.8	178.2	180.5	179.7	181.4	197.7	199.5	200.2	201.3	223.1	233	239.9	258.5	262.5	264.1	258.6	255.6	256.1	260.6	272	272.3	263.8	272.9	281.4	274.6	267.9	264.2	261.2	261.8	262.2	261.2	266.8	265.6	264.8	268.4	268.8	268.2	260.3	249.2	242.6	243.6	244.8	246.2	251.8	257.7	255.4	251.8	255.4	261.3	254.1	247.9	246.3
331.5	330.7	331.5	331.5	331.5	331.5	331.5	331.5	331.5	331.5	331.5	331.5	331.5	331.5	331.5	331.5	331.5	331.5	331.5	329.5	331.5	331.5	331.5	328.5	321.6	316.5	313.5	308.1	302.7	299.7	298.2	296.4	291.7	284.6	289.5	297.3	292.2	280.9	270.1	272.7	275	271.1	265.1	259.1	256.2	253	248.9	243.9	230.6	239.1	223.1	177.9	144.1	122.3	109.2	124.5	148.7	140.9	125.8	122	119.1	110.8	99.9	97.4	102.7	105.9	107.2	107.8	106.4	106.2	106	101.9	99.4	97.7	96.3	99.8	100.9	98.3	98.8	99	96.9	97	97.7	96.1	97.7	98.9	101.5	103.4	104.4	108.5	112.5	114.2	116.8	118.9	120	124.3	127.4	127.3	124.7	124.4	122.6	120.3	116.4	116.4	116.6	115.7	113.9	112.7	111.1	110.1	109.5	106.9	104.4	102.8	100.6	98.6	97.2	95.6	91.6	89.6	89.6	90.6	90.6	90.3	90.9	92.9	93.4	93.8	93.8	93.4	92.6	93	95.8	96.5	98.9	103.7	109.2	111.1	115.5	120.9	130.1	152.2	167.9	179	180.8	183.9	177.8	180.1	196.9	198.9	199.2	199.7	214.8	229.3	230.2	250	266	270.8	272.8	266.6	262.3	261.5	264.6	266.8	256.7	252.1	257.4	265.5	274.8	272	270.2	273	272.4	263.2	262.8	262	256.6	260.2	259.2	262.4	263.9	256.9	247.6	243.5	244.1	247.6	246.1	246.2	245.7	248.7	260	267.1	269.1	268.9	261.8
331.5	331.5	331.5	331.5	331.5	331.5	331.5	331.5	331.5	331.5	331.5	331.5	331.5	331.5	331.5	331.5	331.5	331.5	331.5	326.3	331.5	331.5	326.1	323.4	315.9	311.1	308.1	303.9	299.7	298.2	297.6	295.5	288.1	284.7	281.8	266.8	250	237.7	229.5	223.4	237.9	264.8	263.9	259.9	256.7	252.4	249.3	244.9	233.8	245.3	228.1	185.8	148.1	120.4	106.4	116.5	141.7	144.5	132.2	125.1	120.9	111.6	100.1	98.2	103.8	107.7	108.4	108.4	107.4	107.2	108.1	106.7	102.2	97.1	94.7	95.7	96.3	93.5	92.7	94.9	94.5	92	93.8	93.3	91.9	92.5	94.4	96.8	99.1	101.6	104.6	106.5	107.1	108.4	109.5	112.5	115	115.8	114.7	115.2	114.1	112.1	108.5	106.5	107.5	106.9	106	103.7	100.8	102.2	102	99.7	98.5	96.7	95.6	92	92.1	91.9	90.4	90.2	91.4	92.1	91.1	91.3	93	94.2	93.5	92.4	92.3	94	93.9	94.4	95.4	98.6	101.3	107.3	110.6	112.2	115.7	120.3	138.5	168.1	175	173.7	178.9	182.2	173.8	178	196.6	196.6	198.3	203.4	212.2	227.3	237.3	244.2	264.3	265.3	265.8	267.5	263.9	254	254.9	261.6	255.3	248.4	252.9	261.9	274	270.4	269.2	276.7	279.9	267	257.6	253.6	251.4	256.2	258	261.1	263	258.1	249.4	244.1	245.8	248.8	247.7	246.7	245.3	247.1	258.8	268.3	266.3	275	268.9
331.5	331.5	331.5	331.5	331.5	331.5	331.5	331.5	331.5	331.5	331.5	331.5	331.5	331.5	330.9	329.4	327.6	324.6	321.4	316.8	311.7	308.4	303.6	299.7	295.8	291.9	289.2	289.2	292.2	295.5	297.6	295.5	288	287.1	269.1	248.2	237.6	229.1	217.2	210.4	233.8	265.4	259.4	254.5	253.6	251.6	248.7	244.6	245.2	247.2	238.7	185.5	142.1	121	105.4	110.9	139.2	149.3	139.5	129.6	122.6	114.6	104	97.2	101.6	107.4	110.1	109.1	110.1	109.4	107.5	107.4	107.4	105.3	102.6	99	96.2	96.5	96.6	96.5	94.5	93.2	95.3	95.9	96.7	96.7	95.9	95.2	94.1	95.3	95.4	97.8	100.5	100.9	100.2	99.5	100.7	102.4	105.6	106.6	106	103.4	103.5	102.6	100	98.2	97.6	95.1	92.2	92.5	89.6	88.2	90.7	90.1	90.7	91.1	93.8	95.4	96	97.2	96.6	95.3	96.2	96.4	96.6	98.9	97.6	95.3	96.6	97.9	98.4	98.3	98.9	100.4	102.4	105.2	108.4	112.6	116.3	121.8	140.4	172.7	178	180.5	180.4	177.6	165.4	177.1	195.3	194.7	197.9	203.1	208.3	222.1	235.9	236.9	249	266.9	268.7	275.4	275.4	274.1	270.3	264.7	257.8	259.9	260.6	260	268.9	267.2	257.8	264.8	276.8	283	272.5	263.3	259.2	257.2	253	251.8	257.7	262.1	262.8	261.1	259.1	258.1	263.4	265.6	256.6	245.1	244.7	251.6	257.4	264.7	263.3
331.5	331.5	331.5	331.5	331.5	331.5	331.5	330.9	330.6	330	328.5	327.9	327.3	326.1	323.4	319.8	315.3	311.7	309.6	305.1	300.6	296.7	291.9	288.9	285.9	283.8	282.3	284.4	291.3	295.2	294.6	293.1	281.3	263	254.9	239.4	215.8	209.9	199.7	204.1	242.9	265.1	256.7	254.4	252.9	251.3	250.4	243.6	245.4	247.2	246	203.3	148.9	123.7	107.1	107.1	135.5	148.9	145.4	134.4	127.8	121	108.5	98.6	100.3	105.1	108.9	110.4	110.6	110.2	107.9	108.1	109.3	108.4	105.6	102.9	98.5	97.1	95.9	96.7	95.9	95.4	95.2	95.4	95.1	95.6	95.8	94.4	93	93.4	92.7	92.8	95.3	97.3	97.5	95.9	95.6	94.7	97.2	100.1	100.8	99.4	98.5	97.5	95.5	93	92.7	91	90.5	88.8	88.9	89.9	91.3	91.7	93.4	94.9	96.7	98.1	99.5	98.9	99.6	97.9	97	97	97.9	98.9	97.7	96.4	97.3	97.8	97.6	98.1	98.9	100.7	103.7	106.6	109.1	111.7	118.5	122.8	146.2	176.7	177.1	179.8	181.1	184	161.2	168.6	189.3	195.3	198.3	202.3	206.8	218.7	234.1	239.8	246.2	266.9	276.7	277.2	278.1	282	278.9	267.3	261	263.4	262.7	259.6	264.3	266.2	257.4	262	275.8	279.8	275.8	266.2	261.7	258	253.5	251.5	260	264.6	265.3	260.7	254.9	258.6	270.4	271	258.2	246.6	241.6	243.9	249.7	255.3	259.5
320.4	320.1	320.4	320.4	320.1	320.1	319.5	318.9	317.7	316.8	315	313.2	311.1	308.7	306	302.4	298.5	294.6	290.1	286.5	282.6	279	276	274.2	272.7	273.6	278.4	288.6	297.9	293.7	288.9	284.9	281.1	267.1	256.7	242.2	214.3	208.3	205.9	209.3	243.3	261.6	258.7	257.7	258.7	256.3	249.8	243.4	249.7	250	243.9	195.4	144.6	121.7	108.9	103.5	130.9	149.4	148	139.9	132.3	124.4	115.4	103.1	98.1	102.2	104.6	107.8	108.7	111.5	113	110.2	109.4	109	109.1	110	107.8	101.1	95.1	92.7	94.8	95.4	96.5	97.3	97.3	98.2	99.5	98.5	98.2	99.3	98.3	98.6	98.8	97.4	97.1	97.1	97.2	96.6	98.1	98.2	99	99.4	97.6	97.5	97.3	94.3	92.8	91.8	92.9	95.2	96.6	96.7	98.7	100.7	101.5	101.7	100.7	100.7	100.5	98.9	98.9	100	101.8	100.2	100.4	101.1	100.4	100.4	99.9	98.2	97.7	98.7	96.6	98.2	101.6	104.8	108.6	113.8	120.9	126.8	145.3	177.7	180.2	180.6	181.9	181.2	161.9	178.6	191.1	195.9	197.7	201.1	207.2	213.3	232.2	246.5	245	252.3	273.1	272.1	270.3	272.9	272.4	271.4	273.3	271.2	268.2	267.2	266.4	268.5	263.7	258.6	261.2	264.8	264.4	266	265.5	264.1	260.5	262.7	264.2	264.9	263.3	259.5	255.9	253.3	262.5	269.8	261.6	251	250.7	254	254.3	247.9	249.1
326.1	326.4	326.4	326.4	326.4	325.8	324.6	324.3	323.7	321.9	320.1	318	315.3	312.9	309	304.8	301.5	296.4	291.6	286.8	282.6	279	276.6	274.8	274.2	276.1	284.4	291.6	296.1	295.5	290.7	289.2	287.7	265.9	255.9	252.6	243.5	222.3	204.1	211.3	244.3	260.6	263.3	263.8	261	257.9	254.6	245.6	247.7	248.2	240.4	201	154.6	124.5	110.2	105.3	128.4	150.6	151.2	145.3	137.6	130.1	122.9	111.9	103.7	104.1	106.4	107.9	107	110.2	113.8	110.1	109.2	110	109.9	110.1	108.9	103.7	99.4	94.2	95.2	95.5	96.4	97.3	98.7	100.6	101.4	101.6	99.2	98.8	99.9	99.2	100.2	99.5	99.1	99.1	97.3	98.1	99.6	98.8	98.9	99.1	98.4	99.4	98.6	97.2	96.2	95	96.1	98.4	100.7	100	99.6	101.7	102.2	103	102.5	99.9	99.9	98.8	100	99.6	99.4	99.4	99.9	99.3	98.6	99.5	99.8	97.3	95.2	95.3	95	96.8	101.8	104.4	109.6	116	120.6	125.9	136.1	151.4	166	179	181.8	180.6	175.8	186.5	192.7	199.1	203	205.3	207.2	211.7	228.7	246.1	245	247.3	268.3	272.2	268.5	270.8	272.9	274.3	277.4	271.1	266.4	262.3	261.3	256.5	249	246.3	252.8	260.9	262.9	266.1	262.8	248.9	242.4	247.1	253.6	264	266.2	262.7	258.6	254	256.2	259.9	258.3	251.9	252.3	259.5	259.4	256.7	257.4
331.5	331.5	331.5	331.5	331.5	331.5	331.5	328.7	331.5	331.5	331.5	331.5	331.5	331.5	328.5	322.5	315	307.5	300.6	294.3	288.9	285.6	284.4	285.3	288	294	298.8	295.8	291.9	298.2	297.6	290.7	269.2	251.9	252.3	256.2	237	204.4	202.1	234.4	261.4	263.1	265.4	263	260.4	257.9	255.1	251.3	249.7	245.3	234.6	208.5	176.1	132.8	114.6	111.6	126.8	148.6	152.9	154	142.3	130.2	126.2	116.3	105	102.5	102.7	103.1	104.8	106.8	110.3	112.4	112.6	112.1	110.8	112.4	112.1	109.5	106.9	101.5	96.9	95.4	92.5	94.2	97.5	99.5	98.8	98.5	98.1	99.2	99.9	100.3	99	98.8	100	99.5	100	99.9	101.5	101.6	101	100.2	99.3	100.2	97.7	96	96.6	100.4	102.2	103.7	102.7	101.2	101.6	101.9	104.2	104	102.2	100.9	101.8	103	101.7	99.3	98.4	98.2	98.9	99	97.7	98.8	96.7	94.4	93.9	95.8	97.1	99	103.8	107.8	114.7	121.2	127.8	133.9	139.6	149.5	169.5	181.1	181.6	178.8	180.6	192.1	198.7	199.4	198.4	202.7	206.3	208.6	221.7	243.9	255.1	247.5	254.6	272.8	271.8	265.2	268.2	265.5	267	271.5	267.2	264.5	262.7	256.7	247	245.1	257.6	267.9	272.8	274.4	259.9	247.4	252.4	254.7	254	260.7	260.3	259.4	255	245.7	247.6	251.6	253	247.5	245	256.7	256.4	258.4	263.3
331.5	331.5	331.5	331.5	330.7	330.7	331.5	330.7	331.5	331.5	331.5	331.5	331.5	331.5	328.5	320.4	313.8	306.6	299.7	293.1	289.2	286.8	287.4	288.9	291.6	294	295.8	295.5	292.8	295.8	294.4	276.8	260.2	252.9	254	256.9	237.9	210.3	232	258.5	262.8	263.3	263.5	262.6	258.3	256.1	253.1	253.1	252.4	246	236	211.2	181.4	141.1	114.6	105.4	120	145.2	152	155.3	149.7	136.9	129.1	117.9	108.7	105.2	103.9	105	105.1	104.4	107.3	110.5	111.8	112.4	108.9	111.2	112.2	109.3	108	104.3	98.4	93.9	92.7	94.9	96.9	98.1	99.4	98.9	98.9	100.9	102.4	101.4	99.5	99.8	100	100.7	101.7	101.5	102.2	103.6	102.9	102	101.5	100.8	98.1	97.8	98.6	100.6	102.8	103.4	103.6	102.7	103.8	104.2	104.3	102.9	100.6	101.7	102.7	101.9	98.8	97.9	96.8	96.2	97.2	96.5	95.5	95.8	92.9	92.7	94.3	97.6	101	104.4	107.6	111	116	123.2	131.2	135.3	136	134.3	153.9	180.4	182.3	181.7	185	193.2	194.6	199.1	197.7	201.2	205.7	207.9	217.7	239.1	256.9	250.2	240.1	268.9	269.7	262.5	262.7	263.9	266.1	266.8	265.5	266.5	266.7	264.8	267	265.1	263.9	271.6	280	280	274.5	266.6	262.1	261.7	258.2	256.3	255.8	258.1	259.4	253.3	253.7	257.3	258	252.8	244.4	249.3	251.1	255.5	261.2
331.5	331.5	331.5	331.5	327	325.4	328.2	327.3	325.5	324	320.4	316.5	312.3	308.1	304.2	299.4	295.5	291.6	289.2	289.5	290.1	290.1	292.2	293.1	289.5	288	287.7	288	288.9	289.8	278.7	268.1	259.4	253	252.7	255	241.5	219.4	239.6	259.4	260.7	262.8	263.4	261.4	256.4	255.4	255.2	255	253.5	248.6	241.4	207.8	172.4	151.2	124.8	110	119.8	142.9	152.3	152.1	150.7	146.7	134.6	121	108.4	106.3	105.6	106.2	103.5	101.2	102.6	106.3	109.3	112.6	112.1	110.1	112.6	111.7	110.2	109.2	104.1	99.7	93.1	90.7	90.3	92.2	95.3	95.5	97.5	98.7	99.7	99.4	96.5	98.3	99.3	98.8	99.9	102.1	102.2	100.8	98.4	100.1	101.8	100.3	99.4	99.9	100	99.8	100	99	100.7	101.4	101.6	103.1	103	100.3	100.5	101.2	100.1	98.7	95	95.9	99	97.2	95.2	94	93.4	93.9	92.8	91	93.9	98.5	101.3	106.7	111.3	114.5	119.9	128.1	132.8	134.5	137.3	130.6	142	168.6	183.8	191.1	195.1	197.2	190.6	193.2	194.9	197.9	203	205.2	213.2	231.7	254.7	263.7	243.6	261.3	276.6	272.5	263.9	266.4	271.2	267.3	262.3	263	268	267.2	263.4	262.6	261.5	264	275.9	282.6	277.8	270.8	266.1	263	259.8	258.6	260.6	260.9	257	254.5	264.8	266	259.7	253.6	245.8	248.5	252.2	257.1	262.1
327.9	327.3	326.7	325	323.5	322.5	320.1	317.7	314.7	311.7	309	305.7	302.1	298.2	295.5	292.8	290.1	289.2	289.5	291	291.3	291.9	292.8	291.9	290.1	288.9	287.7	287.7	278.4	267.7	261	256.3	253.6	254.8	253.3	251.7	252.1	240.5	246.2	259.3	260.4	261.2	260.8	259.7	258.3	256.3	255.7	252.6	250.1	247.2	242	228.6	197.6	163.6	132.8	111.3	110.7	129.4	148.9	154.3	154.1	151.3	137.8	121.9	112.3	110.4	110.4	108.2	105.7	104.2	104.9	106.1	108.8	113.4	114.3	111.2	111.7	113.6	112.7	111.2	108	102.4	96.6	91.4	90.6	91.9	94.5	96.4	98.3	99.3	99.7	98.4	98.7	98.8	98.7	98.4	100.6	101.8	101.2	101.5	101.6	102.8	102.3	102.7	101.5	100.8	101.6	100.8	100.2	99.4	100.6	100.4	101.1	101.6	102.6	99.9	98.5	99	99.7	96.6	94.1	93.5	95	95.3	93.2	91.6	92.6	94.4	94.3	95.1	97.9	99.9	102.9	109.2	113.1	117.7	124.9	130.4	133.5	136.2	136.5	124.8	135.7	150.4	168.4	194	203.6	198	196.4	195.1	183.6	188.9	200.7	203.4	208.6	221.8	241.1	257.6	264.7	264.8	266.6	269.3	263.8	264.8	268.3	266.5	264.2	267.2	270.3	271.8	271	266.2	265.5	264.3	267	276.6	281.3	277.2	271.1	262.3	265.6	264	264	260.4	258.4	255	262.3	266.2	263.8	255.2	249.1	252.3	255.7	262.3	266
308.1	306.6	305.1	303.6	301.8	299.7	296.7	295.2	292.8	290.7	288.9	288.6	288	289.2	290.7	291.6	291.9	292.2	294.3	296.7	296.4	294.6	290.1	286.8	289.5	291.6	289.8	289.7	276.6	264.4	258.1	255.1	255.4	256.8	255	255.1	256.3	246.6	244.9	258	262.3	261.4	260.2	259.6	257.4	252.5	253.9	252.1	249.1	246.6	242.8	212.8	177.5	153.1	146	137	129.9	141.4	148.2	152.5	158.4	161.3	155.4	136.7	117.8	111.8	112.9	113.1	109	106.3	104.9	105.1	107.7	109.5	113	112.4	113.2	114.1	113.7	114.1	112.8	111.4	106.4	100.4	94.6	89.5	90.4	92.8	94.9	95.8	98.4	97.3	97.9	97.6	96.6	98.1	99.2	99.3	99.3	99.2	99.8	101.8	102.3	101.4	99.7	99.2	97.9	96.6	96.7	99	98.9	99.7	99.6	100	100.7	100.6	99.5	97.2	96.5	95	95.7	92	91.5	90.8	89.3	91.3	91.9	93.7	96.1	95.9	97.6	103.3	108.7	114.5	119.8	125.3	128.4	131.2	132.6	135.7	140	127.5	127.1	148.5	181.9	205	201.8	196.8	196.7	195.3	185.6	187	200.9	204.9	212	222.6	246.9	268.8	270.4	259.5	263.4	262.3	262.1	269.2	270.8	269.5	271.1	278.1	280.4	275.3	271.9	270.1	264.8	259.9	257.9	267.1	271.6	277.5	285.9	280.1	271.9	272.5	266.6	266.3	269.8	260.9	260.8	260.9	262.5	260.1	262.2	262.3	257.1	265.4	270.9
296.7	295.5	294.3	293.1	291.3	289.2	287.4	285.9	284.7	284.4	285	286.5	288	291	292.8	291.9	291.3	291.3	293.1	296.7	297.6	293.1	288	287.4	288.6	289.5	289.5	275.3	258.3	255	255	252	253.7	254.4	251.9	249.1	252.7	249.3	243	251.3	260.5	258.8	259	258.3	253.6	253.9	254.9	254.6	248.3	246.2	246.5	219.8	181.4	151.1	146.7	146.2	137.4	141.3	144.1	150.7	163.5	167.8	162.1	147.1	120.9	112.7	117.1	116.4	113.8	111.1	107.3	105	105.6	106.2	110.1	111.3	112.8	112.1	109.9	112.4	112.6	112.2	108.7	102.9	96.5	92.1	91.1	92.5	94.4	96.5	97	96.7	97.1	96.9	96	96.9	97.2	95.9	96.8	99.6	100.2	101.3	101	100.6	98.2	97.3	97.1	95.9	96.7	98.7	98.3	99.4	98.9	99.4	99.1	97.6	95	93	93.5	94.2	93.3	91.3	89.8	88.7	90	91.2	93.8	93.9	99	100	99.5	105.3	112.1	117.7	123.2	126.8	128.5	131.4	132.9	136.2	140.9	134.8	133.9	155.4	180.7	190.9	184.1	182	192.4	193.9	195.3	187.9	194.1	204.5	210.4	222.8	244.5	266	269.9	258.2	254.8	259	265.7	274.7	276.3	271.4	269.9	273.3	275.9	272.9	269.6	267	262.6	260.2	256.6	258.8	263.2	271.7	282	281.7	275.2	271.8	265.2	265.3	266.8	266.9	269.7	259.2	261.6	257.9	251.9	251.8	250.3	264.6	273.9
274.8	274.8	274.8	274.8	274.8	274.8	274.8	274.8	274.8	274.8	274.8	274.8	274.8	274.8	274.8	274.8	274.8	274.8	274.8	274.8	274.8	274.8	274.8	274.8	274.8	274.8	270	254.8	244	239.6	239.2	239.2	238.8	239.2	234.8	231.2	232.4	238	234.8	233.2	241.2	244.4	244.4	242.4	241.6	242	240.8	238.4	235.6	235.2	235.6	224.8	194	156	139.2	138.8	141	135	133.6	140.8	146.2	145.2	138.6	134	127.8	125.8	125.8	119.2	113.6	107.8	103.2	97.6	93.6	91	89.4	88.4	86.8	86.2	83.2	84.2	87.4	90.2	88.4	87.6	87.2	85.6	85.8	84.4	83.4	84.6	84.2	82.2	82.6	82.2	81.2	81.4	81.8	81	79.8	79.4	80.2	79.6	78.4	78.4	76.8	76	76	77.2	77.2	76.2	77.8	78.4	78.2	76.4	76.2	74.8	72.6	72.8	72.2	71	70.8	69.4	71	70.8	71.6	73.2	77.2	80.2	85	88	90.4	98	104.6	111	113.2	114	117	119.4	120.2	123.6	127.2	120	117	146.8	164	162	162.4	162.8	166.8	173.6	173.6	168.4	172.8	187.6	191.2	198.8	211.6	230.8	244.8	250.8	244.8	252.8	261.2	264.4	266.8	265.2	261.2	256.4	256.4	257.2	258.8	259.6	259.6	264.4	264	256.4	255.2	256	256	260.8	262.4	261.6	255.6	249.6	246.4	249.6	255.2	256.8	256.4	256	253.2	251.6	254.8	250	250.4
331.5	331.5	331.5	331.5	331.5	331.5	331.5	331.5	331.5	331.5	331.5	331.5	331.5	331.5	331.5	331.5	331.5	331.5	331.5	331.5	331.5	331.5	331.5	331.5	325.1	313.1	302.3	297.1	295.1	292.3	292.7	294.3	293.1	291.9	289.1	289.5	289.1	290.7	294.3	287.1	289.9	298.7	301.1	299.1	298.3	299.5	297.9	294.7	292.7	291.5	291.5	277.1	235.1	197.1	190.7	196.7	209.1	205.1	196.7	197.9	201.3	201.5	201.5	197.5	192.7	189.7	185.9	179.3	173.3	166.1	162.7	157.9	154.3	151.3	147.3	145.7	144.1	140.7	139.3	139.5	141.1	142.9	143.1	144.9	145.9	143.5	141.5	141.3	141.5	138.9	139.7	138.1	138.1	139.1	138.5	137.7	140.1	140.1	138.1	138.3	136.9	136.5	134.9	135.1	134.5	134.7	133.9	133.9	134.3	134.3	134.3	133.1	131.3	130.1	129.5	127.9	128.3	129.1	128.1	127.1	127.5	127.5	126.7	128.3	131.1	134.1	137.9	141.9	144.3	147.7	154.5	161.3	166.5	169.7	171.1	171.3	175.1	176.7	177.1	179.3	180.7	171.1	180.5	206.7	213.5	211.5	208.3	204.7	208.7	227.5	230.3	235.5	243.9	246.3	249.9	254.7	268.7	288.3	307.9	309.1	305.1	318.7	315.9	315.5	317.9	311.9	302.3	307.9	313.5	315.5	316.3	318.3	326.7	321.1	317.5	316.7	315.5	311.1	313.5	321.1	321.9	315.9	310.3	304.7	301.9	309.1	318.3	315.9	316.3	313.9	312.7	315.1	304.7	299.1	307.1
331.5	331.5	331.5	331.5	331.5	331.5	331.5	331.5	331.5	331.5	331.5	331.5	331.5	331.5	331.5	331.5	331.5	331.5	331.5	331.5	330.7	331.5	330.7	327.1	325.1	313.1	304.3	298.7	296.3	294.3	288.3	292.7	292.3	289.5	289.1	287.9	288.7	287.1	289.1	287.9	283.9	291.9	299.1	300.3	299.1	298.3	299.1	297.1	293.5	293.1	292.3	277.1	237.1	202.3	192.7	194.7	209.1	224.7	212.5	198.1	197.3	200.1	200.3	201.1	195.5	192.3	192.9	186.9	179.3	173.5	168.3	162.7	158.1	152.1	149.5	147.7	145.3	142.9	141.3	140.3	139.1	139.5	137.9	138.3	140.1	141.5	141.1	140.5	141.3	141.9	140.7	139.1	139.5	138.3	138.5	138.1	138.3	138.5	138.9	138.5	137.7	137.3	137.7	135.9	135.3	135.1	133.9	132.5	132.7	131.9	129.9	126.9	126.5	126.9	127.1	125.3	125.5	126.7	127.1	126.5	127.3	128.3	128.5	130.5	134.1	138.5	141.5	144.9	149.7	154.9	159.1	162.9	166.7	168.5	170.1	172.7	173.3	174.5	175.9	177.5	178.5	184.9	202.7	209.5	209.9	210.3	213.1	205.9	198.7	207.5	229.9	235.1	245.1	247.5	249.9	253.1	267.1	289.9	299.9	307.5	306.3	302.3	304.3	302.3	304.3	311.9	311.9	307.5	314.7	314.7	310.3	306.7	309.5	310.3	311.1	315.1	315.5	307.1	303.9	310.3	310.3	307.1	308.3	311.9	312.7	313.5	310.7	313.5	313.9	315.5	309.1	301.1	301.1	296.7	301.5
331.5	331.5	331.5	331.5	331.5	331.5	331.5	331.5	331.5	331.5	331.5	331.5	331.5	331.5	330.3	331.5	331.5	331.5	323.9	309.9	310.3	316.3	310.3	307.9	302.3	300.7	297.5	295.5	294.3	294.3	291.9	291.5	289.9	289.5	289.5	287.1	285.1	285.1	286.3	289.9	283.9	287.1	296.3	298.7	298.3	297.1	298.3	296.3	293.5	294.3	293.1	281.5	242.7	203.5	191.1	193.5	205.5	223.1	222.1	206.1	200.7	199.9	201.1	202.5	199.9	196.7	195.1	188.7	182.9	178.7	174.3	168.3	162.7	155.5	150.3	149.3	146.1	145.1	143.5	140.5	138.3	139.1	138.5	136.9	135.9	137.7	139.1	139.7	141.1	140.5	140.1	139.7	139.7	138.1	138.5	138.9	136.9	137.5	139.1	138.1	137.1	137.1	137.7	137.7	135.5	133.5	131.5	130.1	129.1	127.5	124.9	123.5	122.3	123.7	126.9	124.9	123.3	126.1	126.3	127.5	129.5	130.1	131.7	133.1	138.1	143.1	146.5	149.7	155.1	161.1	163.5	165.9	168.7	170.3	172.1	173.5	175.9	177.3	177.9	178.3	176.9	182.7	207.1	209.9	206.7	208.7	213.1	206.3	193.1	192.7	208.3	224.7	232.7	240.7	249.9	252.7	264.3	284.7	307.9	308.7	308.3	301.9	305.1	303.9	306.7	311.9	314.7	318.3	319.5	313.1	305.1	303.5	307.5	310.3	313.1	316.7	320.3	307.9	301.1	303.9	304.3	299.5	306.7	309.5	311.1	315.5	314.7	311.1	308.3	309.5	307.1	301.5	303.1	303.1	298.7
