637.5	637.5	637.5	637.5	637.5	637.5	637.5	637.5	637.5	637.5	637.5	637.5	637.5	637.5	637.5	637.5	637.5	637.5	637.5	637.5	637.5	637.5	637.5	637.5	637.5	637.5	637.5	637.5	637.5	637.5	637.5	637.5	637.5	637.5	637.5	637.5	637.5	637.5	637.5	637.5	637.5	637.5	637.5	637.5	637.5	637.5	637.5	637.5	637.5	637.5	637.5	637.5	637.5	637.5	637.5	637.5	637.5	637.5	637.5	637.5	637.5	637.5	637.5	637.5	637.5	637.5	637.5	637.5	637.5	637.5	637.5	637.5	637.5	633.6	621	613.5	605.4	594	587.7	588	562.8	528.2	517.5	502.8	489.1	488.9	481.3	460.5	453	471.6	476.6	469.4	468.4	490.9	491.2	481.8	504.6	510.8	505.4	499.9	489.2	473.9	475.7	460.8	417.4	401.8	441	450	438.7	417.6	394.1	390.9	390.3	391.6	400.9	404.7	411.1	412.9	415.4	412.7	412.2	410.6	418.5	440.6	454.2	457.4	462.9	456.5	457.8	481.2	491.8	502.5	512.7	506.7	523.7	573.5	607.9	637.5	637.5	637.5	637.5	637.5	637.5	637.5	637.5	637.5	637.5	637.5	637.5	637.5	637.5	637.5	637.5	637.5	637.5	637.5	637.5	637.5	637.5	637.5	637.5	637.5	637.5	637.5	637.5	637.5	637.5	637.5	637.5	637.5	637.5	637.5	637.5	637.5	637.5	637.5	637.5	637.5	637.5	637.5	637.5	637.5	637.5	637.5	637.5	637.5	637.5	637.5	637.5	637.5	637.5	637.5	637.5	637.5	637.5
637.5	637.5	637.5	637.5	637.5	637.5	637.5	637.5	637.5	637.5	637.5	637.5	637.5	637.5	637.5	637.5	637.5	637.5	637.5	637.5	637.5	637.5	637.5	637.5	637.5	637.5	637.5	637.5	637.5	637.5	637.5	637.5	637.5	637.5	637.5	637.5	637.5	637.5	637.5	637.5	637.5	637.5	637.5	637.5	637.5	637.5	637.5	637.5	637.5	637.5	637.5	637.5	637.5	637.5	637.5	637.5	637.5	637.5	637.5	637.5	637.5	637.5	637.5	637.5	637.5	637.5	637.5	637.5	637.5	637.5	637.5	637.5	626.1	618.9	601.9	564.8	542.4	523.4	519.5	488.8	452	435.9	435.8	422.5	407.8	389.1	367.7	353.4	338.9	333.9	337.5	341.6	341.4	345.7	359.9	376.4	405	417.4	409.8	409.5	413.6	416.4	419.3	408.2	371.8	372.6	396.9	373.4	348.5	346.5	346.3	349.4	348.6	341.6	344.4	376.3	399.1	392.6	394.1	399.8	397.4	397.6	403.1	410.4	419.6	422	426.3	427.7	425.3	447.9	462.3	463.9	463.9	468.8	466.9	481.9	501.5	540.7	580.7	609.5	637.5	637.5	637.5	637.5	637.5	637.5	637.5	637.5	637.5	637.5	637.5	637.5	637.5	637.5	637.5	637.5	637.5	637.5	637.5	637.5	637.5	637.5	637.5	637.5	637.5	637.5	637.5	637.5	637.5	632.7	629.1	630.7	623.5	627.5	637.5	637.5	637.5	637.5	637.5	637.5	637.5	637.5	637.5	637.5	637.5	637.5	637.5	637.5	637.5	637.5	637.5	637.5	637.5	637.5	637.5
637.5	637.5	637.5	637.5	637.5	637.5	637.5	637.5	637.5	637.5	637.5	637.5	637.5	637.5	637.5	637.5	637.5	637.5	637.5	637.5	637.5	637.5	637.5	637.5	637.5	637.5	637.5	637.5	637.5	637.5	637.5	637.5	637.5	637.5	637.5	637.5	637.5	637.5	637.5	637.5	637.5	637.5	637.5	637.5	637.5	637.5	637.5	637.5	637.5	637.5	637.5	637.5	637.5	637.5	637.5	637.5	637.5	637.5	637.5	637.5	637.5	637.5	637.5	637.5	637.5	637.5	637.5	637.5	633.3	614.1	595.2	581.4	575.7	564.8	545.4	524	510.3	502.8	474.5	444.6	422.7	403.1	388.8	393.4	381.1	358.6	340.4	331.2	331.8	328.9	328.1	333.2	333.3	339.5	339.7	333.6	357.2	378.6	377.4	376.6	390.2	386.2	392.9	385.6	361.6	361.6	358.8	341	330	324.3	330.7	344.9	353.2	352.8	340.2	334.8	353.7	366.3	373.2	363.6	379.7	386.1	384.5	384.1	391.1	395.8	388.6	399.2	407.3	425	440.3	450.9	456.5	461.5	466.3	466.6	466.7	480.9	512.3	559.1	597.6	626.9	637.5	637.5	637.5	637.5	637.5	637.5	637.5	637.5	637.5	637.5	637.5	637.5	637.5	637.5	637.5	637.5	637.5	637.5	637.5	637.5	637.5	637.5	637.5	637.5	637.5	637.5	637.5	637.5	625.1	626.7	633.5	626.7	631.1	637.5	637.5	637.5	637.5	637.5	637.5	637.5	637.5	637.5	637.5	631.1	630.7	633.1	633.9	637.5	637.5	637.5	637.5	637.5	637.5
637.5	637.5	637.5	637.5	637.5	637.5	637.5	637.5	637.5	637.5	637.5	637.5	637.5	637.5	637.5	637.5	637.5	637.5	637.5	637.5	637.5	637.5	637.5	637.5	637.5	637.5	637.5	637.5	637.5	637.5	637.5	637.5	637.5	637.5	637.5	637.5	637.5	637.5	637.5	637.5	637.5	637.5	637.5	637.5	637.5	637.5	637.5	637.5	637.5	637.5	637.5	637.5	637.5	637.5	637.5	637.5	637.5	637.5	637.5	637.5	637.5	637.5	637.5	637.5	637.5	637.5	637.5	635.7	617.1	585.2	566.1	537.1	506.7	489.2	465.3	445.2	433	397	365.8	351.6	334.2	321.6	319.5	318.1	318.5	314	321.4	329.9	325.1	331.2	335.1	325.5	329.2	322.5	324.2	325.7	317.3	315.4	316	326.2	337.3	361.5	363.8	338	333.6	344.5	353.1	328.1	317.9	315.1	309.6	327.9	333.4	321.7	326.8	311.4	308.5	331.1	348.1	348.4	343.4	365	378.8	380.7	377.9	375.2	377.8	389.1	391.8	400.4	422.2	432.8	437.7	441.1	448.9	444.2	423.6	414.5	428.8	455.1	485.5	525.5	573.3	630.3	637.5	637.5	637.5	637.5	637.5	637.5	637.5	637.5	637.5	637.5	637.5	637.5	637.5	637.5	637.5	637.5	637.5	637.5	637.5	637.5	637.5	637.5	637.5	637.5	637.5	637.5	637.5	637.5	637.5	637.5	637.5	637.5	637.5	637.5	637.5	637.5	637.5	637.5	637.5	633.9	631.9	629.1	626.7	631.1	637.5	637.5	637.5	637.5	637.5	637.5	637.5
637.5	637.5	637.5	637.5	637.5	637.5	637.5	637.5	637.5	637.5	637.5	637.5	637.5	637.5	637.5	637.5	637.5	637.5	637.5	637.5	637.5	637.5	637.5	637.5	637.5	637.5	637.5	637.5	637.5	637.5	637.5	637.5	637.5	637.5	637.5	637.5	637.5	637.5	637.5	637.5	637.5	637.5	637.5	637.5	637.5	637.5	637.5	637.5	637.5	637.5	637.5	637.5	637.5	637.5	637.5	637.5	637.5	637.5	637.5	637.5	637.5	637.5	637.5	637.5	637.5	631.5	607.5	583.9	568.5	564.8	545.6	513.6	492.8	479.8	441.5	411.6	377.8	349.5	334.8	332.8	325.1	317.9	312.4	305.5	298.2	307.5	320	311.4	291.3	294	300	310.2	316.1	310.1	301.1	298.8	279.6	277.7	293.8	297.8	300.4	333.5	345.3	326.6	329	333	341.2	322.9	308.1	310.5	313.7	319.9	318.6	303.6	299.9	298.8	301.8	322	341.3	342	336.3	357.6	378.3	385.8	382.9	377	377.9	379.3	383.6	385.2	389.2	390.8	393.8	396.7	398.1	400.7	404.4	409.3	412	446.9	474.7	495.9	530	584.4	629.1	636	637.5	637.5	637.5	637.5	637.5	637.5	637.5	637.5	637.5	637.5	637.5	637.5	637.5	637.5	637.5	637.5	637.5	637.5	637.5	637.5	637.5	637.5	637.5	637.5	637.5	637.5	637.5	637.5	637.5	637.5	637.5	637.5	637.5	637.5	636.3	637.5	637.5	635.1	630.3	635.1	633.9	637.5	637.5	637.5	637.5	637.5	637.5	637.5	637.5
637.5	637.5	637.5	637.5	637.5	637.5	637.5	637.5	637.5	637.5	637.5	637.5	637.5	637.5	637.5	637.5	637.5	637.5	637.5	637.5	637.5	637.5	637.5	637.5	637.5	637.5	637.5	637.5	637.5	637.5	637.5	637.5	637.5	637.5	637.5	637.5	637.5	637.5	637.5	637.5	637.5	637.5	637.5	637.5	637.5	637.5	637.5	637.5	637.5	637.5	637.5	637.5	637.5	637.5	637.5	637.5	637.5	637.5	637.5	637.5	637.5	637.5	637.5	637.5	627.9	588.6	549.2	520.6	499.5	479.3	461.6	441.4	426.5	414	396.4	362.4	341.2	321.8	310.5	314.1	317.5	329.1	321.5	295.7	287.2	290.4	287.5	281.8	272.2	272.2	293.1	295.5	295	299.3	287.6	280.3	279	284.7	294.7	289.1	291.2	298.1	296.7	303.9	317.2	323.6	308.6	295.6	303.5	305.4	302.5	298	307.6	304.9	293.2	292.2	297.4	299.1	316.4	319.5	327.6	339	326.5	337.2	360.9	380.9	383.4	382.9	382.7	381.1	381.5	381.2	384	383.3	383.6	387	390.8	398.5	412.9	440	461.5	463.9	468.7	481.8	516.4	575.1	624.7	637.5	637.5	637.5	637.5	637.5	637.5	637.5	637.5	637.5	637.5	637.5	637.5	637.5	637.5	637.5	637.5	637.5	637.5	637.5	637.5	637.5	637.5	637.5	637.5	637.5	637.5	637.5	637.5	637.5	637.5	637.5	637.5	637.5	637.5	637.5	637.5	637.5	637.5	637.5	637.5	637.5	637.5	637.5	637.5	637.5	637.5	637.5	637.5
637.5	637.5	637.5	637.5	637.5	637.5	637.5	637.5	637.5	637.5	637.5	637.5	637.5	637.5	637.5	637.5	637.5	637.5	637.5	637.5	637.5	637.5	637.5	637.5	637.5	637.5	637.5	637.5	637.5	637.5	637.5	637.5	637.5	637.5	637.5	637.5	637.5	637.5	637.5	637.5	637.5	637.5	637.5	637.5	637.5	637.5	637.5	637.5	637.5	637.5	637.5	637.5	637.5	637.5	637.5	637.5	637.5	637.5	637.5	630.3	637.5	637.5	637.5	629.6	578.1	540.8	520	502.4	465.8	450.6	443.1	420.5	396.5	385.6	369.3	336.2	316.8	297	285	300.8	306.4	317.1	312.6	297	295.7	295.9	292.1	300.4	306.6	309.2	313.3	321.5	318.4	322.5	310.1	299.2	291.8	274.1	281.5	287.1	262.1	236.1	247.2	260.6	260.3	260.6	255.9	262	283.4	285.8	277.8	289.1	291.7	295.1	296.4	290	280.8	292	312.5	328.2	334.2	315.1	318.9	335.3	362.9	379.5	380.5	379.1	379.1	378.2	379.6	379	372.2	379.1	389.6	378.9	370	385.1	405.2	426.5	444.3	454.9	454.7	468.7	495.1	540.7	598.3	637.5	637.5	637.5	637.5	637.5	637.5	637.5	637.5	637.5	637.5	637.5	637.5	637.5	637.5	637.5	637.5	637.5	637.5	637.5	637.5	637.5	637.5	637.5	637.5	637.5	637.5	637.5	637.5	637.5	637.5	637.5	637.5	637.5	637.5	637.5	637.5	637.5	637.5	637.5	637.5	637.5	637.5	637.5	637.5	637.5	637.5	637.5	637.5
637.5	637.5	637.5	637.5	637.5	637.5	637.5	637.5	637.5	637.5	637.5	637.5	637.5	637.5	637.5	637.5	637.5	637.5	637.5	637.5	637.5	637.5	637.5	637.5	637.5	637.5	637.5	637.5	637.5	637.5	637.5	637.5	637.5	637.5	637.5	637.5	637.5	637.5	637.5	637.5	637.5	637.5	637.5	637.5	637.5	637.5	637.5	637.5	637.5	637.5	637.5	637.5	637.5	637.5	637.5	637.5	637.5	637.5	633.5	619.1	627.1	630.3	612.7	569.1	534.2	500.5	474.3	451.3	405.9	373	370.6	366.8	360.6	353.2	349.2	324.5	303	283.9	291.6	298.2	310.2	316.1	308.6	307.1	298.5	293.5	299.7	312.8	312.7	313.2	314.3	300.8	294.5	302.4	295.6	280.9	262.7	260.3	255.5	251.5	255.1	239.2	229.5	233.2	246.8	248.5	240	235.4	248.2	268.4	269.4	274.3	279	260	255.6	276.7	288.2	294.7	291.4	285.5	311.5	312.6	302.2	307.3	320.1	345.5	359.3	353.2	351.9	350.9	357.8	355.8	373.8	370.9	355.8	357.3	361.6	382	399.7	402.4	422.1	436.8	445.8	460.7	463.1	468.7	490.3	542.3	595.9	630.3	637.5	637.5	637.5	637.5	637.5	637.5	637.5	637.5	637.5	637.5	637.5	637.5	637.5	637.5	637.5	635.9	637.5	637.5	633.9	633.9	637.5	637.5	637.5	637.5	637.5	637.5	637.5	637.5	637.5	637.5	637.5	637.5	637.5	637.5	637.5	637.5	637.5	637.5	637.5	637.5	635.9	633.1	627.5	624.3	635.9
637.5	637.5	637.5	637.5	637.5	637.5	637.5	637.5	637.5	637.5	637.5	637.5	637.5	637.5	637.5	637.5	637.5	637.5	637.5	637.5	637.5	637.5	637.5	637.5	637.5	637.5	637.5	637.5	637.5	637.5	637.5	637.5	637.5	637.5	637.5	637.5	637.5	637.5	637.5	637.5	637.5	637.5	637.5	637.5	637.5	637.5	637.5	637.5	637.5	637.5	637.5	637.5	637.5	637.5	637.5	637.5	637.5	637.5	627.9	613.5	607.6	591.8	551.7	520.6	502.9	478.9	457.7	430.7	376.9	344.4	348.1	345.6	340	329.6	314.8	297.4	304.2	320.3	316.4	310.5	318.6	311.5	303.5	308	300.3	290.6	289.9	295.5	272.2	257.1	259.9	254.7	246.4	248.4	239.9	234.4	232.8	239.1	233.2	230.7	243.1	239.5	228.5	223.8	232.9	236.4	229.7	218.7	219.1	222.5	221.4	218.4	218.8	209.6	207.8	221.2	223.4	227.9	232.5	233.9	259.5	282.5	288.6	303.3	305	323.8	338.7	341.8	338.4	348.7	367.5	360.5	371.9	372.4	354.7	346.4	349.6	373.2	385.4	377.7	396.4	410	419.3	426	442.6	456.8	471.9	506.3	555.1	604.7	637.5	637.5	637.5	637.5	637.5	637.5	637.5	637.5	637.5	637.5	637.5	637.5	637.5	637.5	637.5	635.1	637.5	637.5	637.5	637.5	637.5	637.5	637.5	637.5	637.5	637.5	637.5	637.5	637.5	637.5	637.5	637.5	637.5	637.5	637.5	637.5	637.5	637.5	637.5	637.5	637.5	636.3	630.7	628.3	637.5
637.5	637.5	637.5	637.5	637.5	637.5	637.5	637.5	637.5	637.5	637.5	637.5	637.5	637.5	637.5	637.5	637.5	637.5	637.5	637.5	637.5	637.5	637.5	637.5	637.5	637.5	637.5	637.5	637.5	637.5	637.5	637.5	637.5	637.5	637.5	637.5	637.5	637.5	637.5	637.5	637.5	637.5	637.5	637.5	637.5	637.5	637.5	637.5	637.5	637.5	637.5	637.5	637.5	637.5	637.5	637.5	631.9	612.7	592.3	577.4	555	527.9	503.9	479.5	451.5	429.7	416.9	405.6	391.6	372.7	339.7	325.9	313.7	296.3	288.9	300.3	324.4	316	306.2	307.9	311	316.7	317.9	322.1	309.9	295.1	277.7	263.6	263.2	243.4	245.2	259.9	252.3	232.8	228	240.8	231.8	220.2	228.8	220.8	220.6	230	220.2	207.3	211.2	216.8	212	208.1	211.5	211.2	210.3	209	212.6	207.8	195.6	197	197.8	197.3	202.3	209.4	217.9	229.9	250.3	260.1	269.8	286.6	293.9	304.8	314.6	339.6	346.5	346.1	360.9	351.6	334	337.7	343.1	340.1	347.3	361.4	389.5	411.8	425.5	428.3	434.3	445.6	455.3	461.5	474.3	507.1	565.5	632.7	637.5	637.5	637.5	637.5	637.5	637.5	637.5	637.5	637.5	637.5	637.5	637.5	637.5	637.5	637.5	637.5	637.5	637.5	637.5	637.5	637.5	637.5	637.5	637.5	637.5	637.5	637.5	637.5	637.5	637.5	637.5	637.5	637.5	637.5	637.5	637.5	637.5	637.5	637.5	637.5	637.5	637.5	637.5
637.5	637.5	637.5	637.5	637.5	637.5	637.5	637.5	637.5	637.5	637.5	637.5	637.5	637.5	637.5	637.5	637.5	637.5	637.5	637.5	637.5	637.5	637.5	637.5	637.5	637.5	637.5	637.5	637.5	637.5	637.5	637.5	637.5	637.5	637.5	637.5	637.5	637.5	637.5	637.5	637.5	637.5	637.5	637.5	637.5	637.5	637.5	637.5	637.5	637.5	637.5	637.5	637.5	637.5	637.5	635.9	622.3	588.8	561.9	548.7	520	498.7	486.1	458.6	437.3	424.4	414.9	397.4	383	375	331.7	309.9	301.5	305.6	307.8	316	318	309.4	303.3	299.7	299.8	292.4	290.6	284	276.8	267.2	239.9	231.2	238.3	227.3	226.3	236	235.7	216.1	216.5	225.1	212.7	208.6	214.9	212.3	210.4	212	201.6	198.6	198.3	200.6	200.8	202.2	206.2	207.6	206.2	203	206.9	205.5	195.1	198.1	197.2	194.2	198.2	196.6	190.3	191.4	192.1	197.1	201.1	210	221.2	236.9	269.1	303.6	335.9	348.1	361.4	351.2	326.3	329.4	334.7	318.7	323.1	349.6	371.9	398.2	421.2	446.9	461.5	455	443.7	452.3	465.1	479.9	515.1	563.9	601.5	637.5	637.5	637.5	637.5	637.5	637.5	637.5	637.5	637.5	637.5	637.5	637.5	637.5	637.5	637.5	637.5	637.5	637.5	637.5	637.5	637.5	637.5	637.5	637.5	637.5	637.5	637.5	637.5	637.5	637.5	637.5	637.5	637.5	637.5	637.5	637.5	637.5	637.5	637.5	637.5	634.7	635.5
637.5	637.5	637.5	637.5	636.3	637.5	637.5	637.5	637.5	637.5	637.5	637.5	637.5	637.5	637.5	637.5	637.5	637.5	637.5	637.5	637.5	637.5	637.5	637.5	637.5	637.5	637.5	637.5	637.5	637.5	637.5	637.5	637.5	637.5	637.5	637.5	637.5	637.5	637.5	637.5	637.5	637.5	637.5	637.5	637.5	637.5	637.5	637.5	637.5	637.5	637.5	637.5	637.5	621.5	604.7	595.1	588.3	559.2	532.2	504.3	470.8	440.9	408.2	394.2	392.2	384.9	364.7	342.2	336	329.4	307.4	311.8	314	312.7	311.2	312.4	297.4	298	300.5	293.5	281.8	266	256.6	253.3	244.4	242.1	236.8	215	214.5	225.3	222.9	219.9	223.3	209.1	205.9	209	205.4	199.3	203.1	210.1	225.1	215.9	199.4	199.4	199.6	198.6	202.3	205	205.2	205.6	207	199.1	198.6	200.2	198.6	202.5	201	196.2	199.2	199.8	195.2	192.9	187.3	187.3	191.1	192.2	199	209.6	221	241.4	278.9	309.7	323.3	320	313.6	316.6	316.2	301.4	299.6	327.5	335.3	338.5	376.9	418.6	452	461.5	454.4	452.6	458.3	460.7	466.3	485.5	541.5	621.5	637.5	637.5	637.5	637.5	637.5	637.5	637.5	637.5	637.5	637.5	637.5	637.5	637.5	637.5	637.5	637.5	637.5	637.5	637.5	637.5	637.5	637.5	637.5	637.5	637.5	637.5	637.5	636.3	637.5	637.5	637.5	637.5	637.5	637.5	637.5	637.5	637.5	637.5	630.3	620.7	617.1
637.5	637.5	637.5	637.5	637.5	637.5	637.5	637.5	637.5	637.5	637.5	637.5	637.5	637.5	637.5	637.5	637.5	637.5	637.5	637.5	637.5	637.5	637.5	637.5	637.5	637.5	637.5	637.5	637.5	637.5	637.5	637.5	637.5	637.5	637.5	637.5	637.5	637.5	637.5	637.5	637.5	637.5	637.5	637.5	637.5	637.5	637.5	637.5	637.5	637.5	637.5	637.5	637.5	615.1	595.9	586.3	566.3	535.2	501.2	471.1	448.8	421.8	381.2	375.5	377.9	366.2	350.2	326.9	312.4	284.8	277.2	302.4	296.7	281.2	264.4	251.5	237.6	239.7	244.5	236.5	233.9	234.6	235.9	237.5	229.8	226.9	223.2	209.4	207.5	212.5	203.9	199.7	200.3	191.6	192.8	195.5	193	186.7	195.6	207.4	217.7	209.7	198	198.8	205.4	206.9	207.2	210.4	213.9	212.1	206.1	204	199.8	199.7	194.8	197.9	198.3	201.6	201.1	197.8	198.1	205.7	199.9	192.3	188.2	186.4	188.3	199.3	211.2	214	226.3	248.3	282.1	307.7	305.9	306.9	306.1	294	293.7	308.7	316.1	314.8	337.9	372.8	409.8	435.6	447.1	447.9	451.7	437.2	446.1	472.7	503.1	583.9	637.5	637.5	637.5	637.5	637.5	637.5	637.5	637.5	637.5	637.5	637.5	637.5	637.5	637.5	637.5	637.5	637.5	637.5	637.5	637.5	637.5	637.5	637.5	637.5	637.5	637.5	637.5	636.3	637.5	637.5	637.5	637.5	637.5	637.5	637.5	637.5	637.5	637.5	637.5	630.7	624.3
637.5	637.5	637.5	637.5	637.5	637.5	637.5	637.5	637.5	637.5	637.5	637.5	637.5	637.5	637.5	637.5	637.5	637.5	637.5	637.5	637.5	637.5	637.5	637.5	637.5	637.5	637.5	637.5	637.5	637.5	637.5	637.5	637.5	637.5	637.5	637.5	637.5	637.5	637.5	637.5	637.5	637.5	637.5	637.5	637.5	637.5	637.5	637.5	637.5	637.5	637.5	637.5	619.1	590.3	565.4	551.6	534.2	502.5	462.8	430	397	363.6	340.4	330	322.5	319.2	313.2	306.2	293.3	259.4	249.7	268.8	262.8	253.9	246.3	239.1	227.8	223.6	225.6	225.2	223.8	223.1	226.6	230.9	233.7	233.8	231.5	220.1	208.7	197.3	189.3	188.7	188.2	181.7	185.6	184.6	182.8	182.2	186	203.6	204.7	192.3	190.5	193.6	199.9	200.4	202.6	205.2	206.4	206.8	207.9	209.2	202.2	198.7	194.2	194.9	198.4	202.1	195	189	189	196.1	194.9	193.9	196.3	190	186.4	187.9	200.2	208.9	216.1	221.5	239	281.2	285.3	284.6	288.9	293.6	290.2	294.7	307.6	305.8	305.3	320.4	347.3	390.1	430.1	438.8	437.7	426	435.2	463.1	466.3	482.3	536.3	615.1	637.5	637.5	637.5	637.5	637.5	637.5	637.5	637.5	637.5	637.5	637.5	637.5	637.5	637.5	637.5	637.5	637.5	637.5	637.5	637.5	637.5	637.5	637.5	637.5	637.5	637.5	637.5	637.5	637.5	637.5	637.5	637.5	637.5	635.5	635.5	635.9	637.5	637.5	637.5
637.5	637.5	637.5	637.5	637.5	637.5	637.5	637.5	637.5	637.5	637.5	637.5	637.5	637.5	637.5	637.5	637.5	637.5	637.5	637.5	637.5	637.5	637.5	637.5	637.5	637.5	637.5	637.5	637.5	637.5	637.5	637.5	637.5	637.5	637.5	637.5	637.5	637.5	637.5	637.5	637.5	637.5	637.5	637.5	637.5	637.5	637.5	637.5	637.5	637.5	637.5	626.3	600.7	570.5	539.3	524.2	497.5	468.9	435.4	404.9	375.4	345.5	326.4	315.5	309.7	309.2	306.3	270.2	250.5	237.7	243.3	251.6	248.6	242.6	239	220.4	216.7	216	210.7	211	209.7	209.5	205.1	207.7	214.3	225.6	233.2	237.1	231.1	224.2	220.1	216.9	207.9	196.8	197.7	190.9	188.6	189.8	189.3	197.2	196	191.1	188.3	188	190.6	193.7	194.3	193.8	192	193.5	200.8	209.8	210.5	209.9	208	206.8	209.2	206.2	203.5	199.4	200.7	199.1	198.4	198.8	193.8	185.3	186.7	193.7	200.1	204.4	206.6	210.7	218.5	248.4	287.9	283	287.1	291.8	289	288.1	299.2	301.5	298.3	307.6	325.2	356.7	389.3	400.5	405.5	405.1	412.7	442.6	458.2	469.5	498.3	571.1	637.5	637.5	637.5	637.5	637.5	637.5	637.5	637.5	637.5	637.5	637.5	637.5	637.5	637.5	637.5	637.5	637.5	637.5	637.5	637.5	637.5	637.5	637.5	637.5	637.5	637.5	637.5	637.5	637.5	637.5	637.5	637.5	637.5	633.9	637.5	637.5	637.5	637.5	637.5
637.5	637.5	637.5	637.5	637.5	637.5	637.5	637.5	637.5	637.5	637.5	637.5	637.5	637.5	637.5	637.5	637.5	637.5	637.5	637.5	637.5	637.5	637.5	637.5	637.5	637.5	637.5	637.5	637.5	637.5	637.5	637.5	637.5	637.5	637.5	637.5	637.5	637.5	637.5	637.5	637.5	637.5	637.5	637.5	637.5	637.5	637.5	637.5	630.3	613.5	592.7	576.7	571.9	549.5	519.6	490.6	451.9	407.7	365.7	338.7	322.5	309.6	304.6	302.8	297.3	298.7	290.1	248.4	227.4	220.7	229	240.9	236.5	228.7	230.5	215.2	205.9	200.7	193.9	195.1	195.9	194.4	192.4	191.6	198.1	205.6	210.2	221.3	225.1	226.9	225	229.9	222.5	207	202.1	200.8	196.8	190.3	187.5	192.4	188.9	184.1	182.2	180.3	182	183.6	186.8	184	179.4	181.3	188.1	196.7	202.2	204.9	206	210.4	214	212.6	208.8	203.4	204.5	203.2	197.8	197	196.7	188.2	183.8	185.1	192	195.2	202	206.7	209.4	220.1	267.8	278.6	281.7	283.2	287.1	286.9	287.3	290.7	295.3	296.2	309.3	344.9	377.4	391.3	396.6	398.9	400.7	428.4	448.9	460.9	466.3	473.5	520.7	607.1	637.5	637.5	637.5	637.5	637.5	637.5	637.5	637.5	637.5	637.5	637.5	637.5	637.5	637.5	637.5	637.5	636.7	634.7	636.3	635.1	637.5	637.5	637.5	637.5	637.5	637.5	637.5	637.5	637.5	637.5	637.5	637.5	637.5	637.5	637.5	637.5	637.5
637.5	637.5	637.5	637.5	637.5	637.5	637.5	637.5	637.5	637.5	637.5	637.5	637.5	637.5	637.5	637.5	637.5	637.5	637.5	637.5	637.5	637.5	637.5	637.5	637.5	637.5	637.5	637.5	637.5	637.5	637.5	637.5	637.5	637.5	637.5	637.5	637.5	637.5	637.5	637.5	637.5	637.5	637.5	637.5	637.5	637.5	634.8	622.5	614.5	603.3	578.9	544.6	526.5	508.9	480.8	451.8	428.3	401.3	364.9	332	324.5	310.1	303.6	301.3	295.9	263.7	227.7	215.6	219.1	220.5	217.5	214.6	207.5	204.5	204.8	198.3	192.8	186.7	180.9	179.5	174.8	174.1	176.2	179.4	189.1	191.6	191.9	198.9	198	204.9	212.1	221.3	226.7	231.1	232.9	227.5	221	211.2	200	203	204.1	204.8	202.7	196.7	189.6	194.3	200.8	195.8	190.6	190.2	191.7	192	193.2	193.9	197	203.1	207.8	216.1	215.8	207.7	205.8	206.8	199.8	197.5	197.7	198.5	192.1	183	185.9	188	189.2	191.4	199.9	208.4	232.4	261.8	274.7	280.5	283.7	286	285.4	287.4	290.1	291.4	298.2	316.4	344.8	373.4	388.6	392.1	393.3	399.2	412.4	429.1	457.4	469.5	490.3	569.5	633.1	637.5	637.5	637.5	637.5	637.5	637.5	637.5	637.5	637.5	637.5	637.5	637.5	637.5	637.5	637.5	636.7	632.3	635.1	637.5	637.5	637.5	637.5	637.5	637.5	637.5	637.5	637.5	637.5	637.5	637.5	637.5	637.5	637.5	637.5	637.5	637.5
637.5	637.5	637.5	637.5	637.5	637.5	637.5	637.5	637.5	637.5	637.5	637.5	637.5	637.5	637.5	637.5	637.5	637.5	637.5	637.5	637.5	637.5	637.5	637.5	637.5	637.5	637.5	637.5	637.5	637.5	637.5	637.5	637.5	637.5	637.5	637.5	637.5	637.5	637.5	637.5	637.5	637.5	637.5	637.5	637.5	635.3	610.9	590.8	566.5	555.2	539	515	491.4	467.4	437.2	396.4	380.5	368.9	336.8	314.1	306.9	301.9	298.5	293.2	290.2	247.5	220.1	213.5	211	213.1	212.7	211	207	199.8	194.5	188.5	189.2	188.6	181.9	177.3	175	174.4	174.7	174.6	178.9	181.6	188.4	192.6	190.3	191.9	197.7	205.8	216.1	227	233.2	229.1	220.8	215.1	208.2	202.8	195.3	200	203.3	204.3	202.9	205.3	206.5	203.9	200	199.2	200.1	196.4	195.8	197	197.9	196	200	209.7	213.4	209.8	205.7	206.4	204.5	198.5	194.6	197	193.7	190.3	190.5	187.7	188.9	192.3	192.4	197.8	208.8	233.7	259.3	269.1	278.9	283.3	284.2	287	289.8	289.8	289.5	291.6	298.2	312.8	331.9	367.9	383.6	376.8	392.9	421	446.6	467.9	469.5	475.9	528.7	611.9	637.5	637.5	637.5	637.5	637.5	637.5	637.5	637.5	637.5	637.5	637.5	637.5	637.5	637.5	637.5	637.5	637.5	637.5	637.5	637.5	637.5	637.5	637.5	637.5	637.5	637.5	637.5	637.5	637.5	637.5	637.5	637.5	637.5	637.5	637.5
637.5	637.5	637.5	637.5	637.5	637.5	637.5	637.5	637.5	637.5	637.5	637.5	637.5	637.5	637.5	637.5	637.5	637.5	637.5	637.5	637.5	637.5	637.5	637.5	637.5	637.5	637.5	637.5	637.5	637.5	637.5	637.5	637.5	637.5	637.5	637.5	637.5	637.5	637.5	637.5	637.5	637.5	637.5	631.2	613.2	596.3	591.7	573.5	561.8	548.6	517.5	500.5	475.6	442.9	410.4	373.2	346.1	308.3	274.7	264.6	261.7	268.6	282.4	274	234.9	218.2	211.1	203.3	208	213.9	214.6	204.4	195.8	190.7	188.3	183.9	182.9	181.1	184.4	187.3	185.7	186.1	189	195	193.2	190.2	185.4	180.4	171.7	170.3	174.8	180.1	188.8	195.9	209.3	220.1	226.3	229.7	221.1	205.7	189.1	185.4	189.7	191.9	196.2	196.8	197.6	198.4	195.9	197.4	200.8	201.4	201.3	198.6	193.1	189.1	190.8	195.8	197.6	197.5	201	200.2	200.7	194.8	186.9	188.6	186	184.9	187.5	185.1	186.7	196.6	203.6	199	200.4	205.4	214.5	221.5	235.3	260.7	283.1	285.8	286.9	285.9	287.1	294.5	296.3	311.6	333.6	362.8	389.5	384.3	387.9	399.8	413.5	428.6	453.5	468.7	492.7	570.3	637.5	637.5	637.5	637.5	637.5	637.5	637.5	637.5	637.5	637.5	637.5	637.5	637.5	637.5	637.5	637.5	637.5	637.5	637.5	637.5	637.5	637.5	637.5	637.5	634.7	633.5	637.5	637.5	637.5	637.5	637.5	637.5	637.5	637.5	637.5
637.5	637.5	637.5	637.5	637.5	637.5	637.5	637.5	637.5	637.5	637.5	637.5	637.5	637.5	637.5	637.5	637.5	637.5	637.5	637.5	637.5	637.5	637.5	637.5	637.5	637.5	637.5	637.5	637.5	637.5	637.5	637.5	637.5	637.5	637.5	637.5	637.5	637.5	637.5	637.5	637.5	637.5	637.5	609	577.5	570.7	567	557	553.2	528.5	494.8	471.6	440	403.9	369.3	337.1	314.4	272.4	235.9	254.1	252.5	241.8	259.5	252.7	223.8	219.6	212.4	201.6	209.6	216.7	207	194.4	187.8	184.6	183.8	182.6	178.9	180.5	184.8	189	186.8	182.2	185	190	195.1	196.9	191.8	185.4	178.9	172.1	169.2	168.1	175.1	181	186.6	199.8	216	226.2	232.6	223.2	209.1	199.3	192.9	189.8	194.8	196.8	194	191.1	187.4	187.7	190.7	196.2	196.2	195.4	190.7	186.2	187.4	188.2	190.4	186.8	187.8	189.6	189.8	188.3	180.1	184.5	186.6	187.1	187.7	184.8	186.4	191.8	197.1	201.3	208.3	208.5	214.4	220.9	225.9	237.8	256.4	276	284.1	288.9	289.4	295.1	300.6	306.4	322.2	332.7	370.4	389.6	386.5	387.8	399.8	415.3	434.5	460.6	466.3	477.5	525.5	607.1	637.5	637.5	637.5	637.5	637.5	637.5	637.5	637.5	637.5	637.5	637.5	637.5	637.5	637.5	637.5	637.5	637.5	637.5	637.5	637.5	637.5	637.5	637.5	635.9	637.5	637.5	637.5	637.5	637.5	637.5	637.5	637.5	637.5
637.5	637.5	637.5	637.5	637.5	637.5	637.5	637.5	637.5	637.5	637.5	637.5	637.5	637.5	637.5	637.5	637.5	637.5	637.5	637.5	637.5	637.5	637.5	637.5	637.5	637.5	637.5	637.5	637.5	637.5	637.5	637.5	637.5	637.5	637.5	637.5	637.5	637.5	637.5	637.5	637.5	637.5	614.7	595.3	591.3	576.3	563.1	546.3	534.5	500.1	471.8	448.4	418	378.9	350.4	311.1	258.4	234.5	240.2	247.3	226.1	234.3	219.8	211.5	213	208.2	207.9	209.8	212.3	202.4	191.8	187.2	184.9	180.9	180.4	179.1	181.6	181.1	180.7	181.6	183.2	179.6	178.5	179.9	180.6	184	192.8	204.4	209.7	204.5	191.6	179.4	170.3	163.9	161.2	166.3	171.8	185.8	208.4	223.2	232.4	230.7	219.8	205.8	204.2	203.9	198.5	194.2	196	196.2	192	187.3	191.4	190.4	186.8	188.4	190.8	190.1	188.5	184.5	181.3	180.8	177.6	181.8	182.1	179.8	184.2	187.9	185.1	186.7	193	196.4	191.2	187.9	195.7	204	205.5	210.6	217.3	220.5	230.6	247	259.4	267.1	274.2	287.2	295.4	301	311.5	324.3	358.1	389	385.8	387.1	395.4	400	399.1	408.5	435.4	469.5	489.1	559	637.5	637.5	637.5	637.5	637.5	637.5	637.5	637.5	637.5	637.5	637.5	637.5	637.5	637.5	637.5	637.5	637.5	636.7	632.7	635.1	637.5	637.5	637.5	637.5	637.5	637.5	637.5	637.5	637.5	637.5	637.5	637.5	637.5
637.5	637.5	637.5	637.5	637.5	637.5	637.5	637.5	637.5	637.5	637.5	637.5	637.5	637.5	637.5	637.5	637.5	637.5	637.5	637.5	637.5	637.5	637.5	637.5	637.5	637.5	637.5	637.5	637.5	637.5	637.5	637.5	637.5	637.5	637.5	637.5	637.5	637.5	637.5	637.5	633.5	615.9	578.8	569.4	564.1	551.7	539.1	519.8	500.9	470.9	440.4	404.8	363.6	337.7	321.2	284.9	238.8	221.7	235.5	237.7	214.3	223.6	215.5	205.8	206.1	203.1	207.1	205.5	198.9	190	185	186	182.2	178.3	177.5	178.9	179.6	179.3	177.9	172.5	175.5	180.1	178.2	175.6	174.7	178.5	182.1	190.9	200.7	209.3	207.1	195.5	188.2	177.4	161.5	158.4	159.9	163.1	173.6	192	214.1	228	227.7	219.2	208.8	206.8	204.3	199.5	197	196.9	197.8	194	193.6	190.4	185.8	187.3	193.1	191.3	186.7	182.3	182.7	180.7	175.8	178.9	181.5	175.9	182.5	184.3	179.1	184.3	191.3	189.8	191.8	192.1	195.2	197.6	195.7	200.2	201.1	210.4	222.4	234.6	252	267.8	275.7	286.7	295.6	303.6	316.2	307.3	324.5	359.5	387.4	387.6	387.3	392.4	397	400	423.8	457.9	467.9	483.9	544.7	623.9	637.5	637.5	637.5	637.5	637.5	637.5	637.5	637.5	637.5	637.5	637.5	637.5	637.5	637.5	637.5	633.1	624.7	635.1	637.5	637.5	637.5	637.5	637.5	637.5	637.5	637.5	637.5	637.5	637.5	637.5	637.5
637.5	637.5	637.5	637.5	637.5	637.5	637.5	637.5	637.5	637.5	637.5	637.5	637.5	637.5	637.5	637.5	637.5	637.5	637.5	637.5	637.5	637.5	637.5	637.5	637.5	637.5	637.5	637.5	637.5	637.5	637.5	637.5	637.5	637.5	637.5	637.5	637.5	637.5	637.5	637.5	623.9	599.2	574.4	577.5	556.2	532.6	514.7	504.5	490.4	451.3	414.8	392.9	349.8	289	255.6	229	210.4	210.7	234.1	220.5	213.1	202.4	205.2	207.2	199.5	199.9	198.7	193.2	186.6	182.4	181	178.2	174.2	173.2	174.8	172.9	171.7	169.9	168.9	162.9	162.6	163	163.6	161.4	163.9	168.4	171	174.7	173.7	186.5	195.9	208.1	217.9	212.1	200.8	184.3	170.3	159.2	154.8	158	165.3	184.3	203.4	216.6	221.6	225.3	217.6	207.8	202.3	203	202.4	205	205.6	205.2	202.9	200.2	199.9	199.2	196	186.9	185.7	184.4	179.8	187	189.2	187.9	187.6	186	181.7	182.7	178.8	179.1	186.4	190.8	196.4	199.5	198.2	196.2	197	197	199.9	202.1	215	242.2	271.3	296	294.8	305.6	317.4	304.9	328.3	355.7	383.2	388.9	385.2	388.6	396.1	398	400.2	413.5	447.4	475.9	511.9	594.3	637.5	637.5	637.5	637.5	635.1	637.5	637.5	637.5	637.5	637.5	637.5	637.5	637.5	637.5	637.5	636.7	629.5	637.5	637.5	637.5	637.5	637.5	637.5	637.5	637.5	637.5	637.5	637.5	637.5	637.5	636.3
637.5	637.5	637.5	637.5	637.5	637.5	637.5	637.5	637.5	637.5	637.5	637.5	637.5	637.5	637.5	637.5	637.5	637.5	637.5	637.5	637.5	637.5	637.5	637.5	637.5	637.5	637.5	637.5	637.5	637.5	637.5	637.5	637.5	637.5	637.5	637.5	637.5	637.5	634.3	618.3	605.5	584.3	565.2	567.1	543.6	515.2	494.7	474.6	452.4	388	346.9	334.1	288.4	275.2	254.9	219.5	206.5	202.5	224	217	205.2	199.1	204.3	209	198.7	191.8	189	186.8	181.8	179	174.2	172.5	173.3	171.9	172.3	170.8	166.9	164.9	164.3	160.9	154.5	142.1	133.8	129.4	124.9	124.6	118.4	109.4	117.8	130	137.5	144.9	156.7	160.5	152	144.8	131.4	114.4	94.3	83.8	82.3	88.9	104.4	134.8	158.2	178.9	189.6	191.4	194.3	194.6	190.9	187.2	201.7	207.6	209.8	208.6	208.7	208.8	206.6	198.1	194.5	193.6	186.5	187.5	191.4	189.1	188.9	186.5	186.1	186.5	183	181.6	185.6	187.3	191.9	196.4	201	202.3	198.7	195.2	198.3	202.1	204.5	214.6	241.8	276.4	299	307.2	299.8	298.1	314.7	345.5	373.9	373.7	376.7	384.1	389.7	397.2	398.5	405.5	432.5	464.2	474.3	499.9	575.1	637.5	637.5	637.5	634.7	635.9	637.5	637.5	637.5	637.5	637.5	637.5	637.5	637.5	633.9	633.5	637.5	637.5	637.5	637.5	637.5	637.5	637.5	637.5	637.5	637.5	637.5	637.5	637.5	637.5	637.5
637.5	637.5	637.5	637.5	637.5	637.5	637.5	637.5	637.5	637.5	637.5	637.5	637.5	637.5	637.5	637.5	637.5	637.5	637.5	637.5	637.5	637.5	637.5	637.5	637.5	637.5	637.5	637.5	637.5	637.5	637.5	637.5	637.5	637.5	637.5	637.5	637.5	637.5	623.9	605.5	593.5	583.1	573.5	543.7	517.6	480.7	450.4	430.6	386.7	353.5	318.9	265.3	240.3	238.3	209.9	200.3	199.9	207.2	220.3	209.9	201.2	205.8	205.3	200.7	195.9	186.1	177.9	176.9	173.3	170.2	171.4	168.6	168.9	166.6	163.9	160.7	154.2	150.3	147.6	141.9	112.7	99	97.5	96.9	86.9	74.8	66.8	72.3	75.2	79.4	84.3	86.6	94.9	106.2	110	115.5	120.4	117.2	104.9	92.2	80.8	68.2	63.4	69.6	81.8	105.8	129	152.6	169.4	177.4	180.8	187.7	198.3	210.7	206.2	200.9	201.7	206.6	209.1	209.9	214.1	212.7	208.6	204.1	199.3	197.8	198.8	203.8	200.4	199.6	201.4	201.5	201.7	197.5	200.2	199	200.9	205.7	208.8	210.3	210.7	209.3	208	209.1	223.2	237.2	262.7	282.7	278.5	282.4	304.8	345.5	373.9	369.7	378.3	386.2	388.6	397.5	399.2	399	403	421.7	453.6	480.7	534.3	622.3	637.5	637.5	637.5	635.1	635.5	637.5	637.5	637.5	637.5	637.5	635.1	631.9	635.1	637.5	637.5	637.5	637.5	637.5	632.3	637.5	637.5	637.5	637.5	637.5	637.5	637.5	637.5	637.5	637.5
637.5	637.5	637.5	637.5	637.5	637.5	637.5	637.5	637.5	637.5	637.5	637.5	637.5	637.5	637.5	637.5	637.5	637.5	637.5	637.5	637.5	637.5	637.5	637.5	637.5	637.5	637.5	637.5	637.5	637.5	637.5	637.5	636.3	637.5	637.5	637.5	633.5	615.1	588.7	573.5	570.3	568.7	555.9	516.9	484.4	443.7	393.8	392.8	374.5	334.7	294	248.7	235.3	213.4	192.9	189.3	195.6	204.4	219.1	209.6	200	204.5	204.9	194.6	191.1	185.1	173.2	170.3	166.5	168.8	170	166	165.4	163.5	158.3	143.2	110.9	84.4	72.8	68.2	57.2	44.9	44.4	41.9	42.6	40	39.1	44	44	47	53.3	60.5	72.1	82	95.5	104.4	106.2	107.7	108	102.6	93.6	76.1	60.5	56.5	55.8	56	63.4	75.3	90.4	105.2	120.8	135.8	145.1	173.8	189.3	187.4	191.9	197.8	201.1	204	213.5	213.1	208	206	205.9	203.1	203.1	209.9	209	208.6	207.6	205.8	205.1	200.5	200.8	199.9	197.2	199.7	204.9	204.8	203.5	200.7	201.1	207.4	217.3	230.4	243.9	266.8	269.2	266.9	286.1	314.3	363.1	379.6	383.3	385.4	385.1	389.1	396.7	398.9	399.7	401.9	420.8	455.8	470.3	504.7	576.7	637.5	637.5	637.5	636.3	637.5	635.1	633.9	636.7	636.3	633.1	636.7	637.5	637.5	637.5	637.5	637.5	637.5	633.5	627.9	624.7	624.7	624.7	635.5	637.5	637.5	637.5	637.5	637.5
637.5	637.5	637.5	637.5	637.5	637.5	637.5	637.5	637.5	637.5	637.5	637.5	637.5	637.5	637.5	637.5	637.5	637.5	637.5	637.5	637.5	637.5	637.5	637.5	637.5	637.5	637.5	637.5	637.5	637.5	637.5	637.5	637.5	637.5	637.5	637.5	627.9	607.1	583.1	565.5	563.1	548.4	481.6	420.4	405.6	392.7	338.2	314.8	295.7	259.4	231.9	222.2	213	202.8	195.6	193.7	194.3	205	211.8	198.8	199.7	201	195.1	189.3	181	171.2	166.9	162.8	160.5	163.3	162.1	158	156.6	146.4	127.7	121.9	105.9	77	60.5	58.7	55.7	46.2	43.2	41.2	37.8	36.3	34.8	36.4	33.4	33.4	36.8	42.6	45.6	50.3	62	73	84.3	92.1	100.4	106.8	111.9	107.2	100.8	89.7	75.9	63.2	58.6	57.9	60.1	63	70.2	82.6	98.2	118.5	137.8	155.5	177.4	187.2	188.7	194.9	206.6	208.8	210.2	210.4	207.2	206.9	211.6	212.2	207.4	203.7	198.8	194	192.6	192.8	192.8	192	189.2	188.5	187.5	187.3	183.1	178	182.9	190.3	197.5	205.6	214.4	234.8	239.6	234.2	236.6	257.3	303.5	337.3	380.9	385	384.2	385.9	393.9	398.6	395.8	393.5	395.7	410.3	435.7	461.3	513	601.7	633.9	637.5	637.5	637.5	635.5	630.3	637.5	637.5	637.5	637.5	637.5	637.5	637.5	637.5	637.5	637.5	637.5	632.3	620.7	620.7	627.1	637.5	637.5	637.5	637.5	637.5	637.5
637.5	637.5	637.5	637.5	637.5	637.5	637.5	637.5	637.5	637.5	637.5	637.5	637.5	637.5	637.5	637.5	637.5	637.5	637.5	637.5	637.5	637.5	637.5	637.5	637.5	637.5	637.5	637.5	637.5	637.5	637.5	637.5	637.5	637.5	637.5	637.5	615.1	587.9	565.5	549.3	544.3	517.7	432	381.7	380.6	340.3	294.8	277.1	243.1	215.2	214.1	215	210.3	204.6	196.9	193.2	193.1	202.4	209.6	202	199.7	198.3	191.9	188.4	176.2	167.5	166.5	163.3	161.5	156.1	126.5	109.5	98.6	80.6	66.5	61.7	58.2	51.1	46.9	47.3	47.4	44.9	38.1	35.4	36.5	38.6	35.8	31.8	31.2	31.2	33.6	39.6	43.6	37.4	39.6	51	65.2	78.9	86.8	97.1	102.8	102.2	108.1	108	96.2	82.8	71.8	60.6	58.5	56.9	60.6	66.9	78	89.8	99.9	106	115	136.9	146.2	157.2	178.1	196.3	205.4	203.4	204	208.2	211.2	204.2	200.8	196.7	186.8	180.9	178.9	178.8	181.1	176.3	181.8	185.5	186.5	180.7	177.4	174.1	175.9	179.1	188.2	195.7	198.6	208	218.4	219.5	225.8	226.8	259.3	305.5	352.5	383.8	389.4	387.3	385.9	395.5	397.9	395.3	393.9	401	419	429.1	448.3	500.3	598.6	637.5	637.5	637.5	637.5	637.5	637.5	637.5	637.5	637.5	637.5	637.5	637.5	637.5	637.5	637.5	637.5	637.5	637.5	637.5	637.5	637.5	637.5	637.5	637.5	637.5	637.5
637.5	637.5	637.5	637.5	637.5	637.5	637.5	637.5	637.5	637.5	637.5	637.5	637.5	637.5	637.5	637.5	637.5	637.5	637.5	637.5	637.5	637.5	637.5	637.5	637.5	637.5	637.5	637.5	637.5	637.5	637.5	637.5	637.5	637.5	637.5	627.9	607.1	581.5	558.8	529.1	505.9	426	392.4	441	396.5	294.2	296.2	267.8	209.7	203.5	208.9	211	211.4	211.4	211.1	209.4	208.7	211	203.5	197.1	196.8	195.6	187.5	178.5	169.2	164.9	163.1	154.6	141.6	121.1	100.5	85.2	73.2	62.1	61.4	59.5	54.2	52.3	49.9	46.8	45	46.1	40.3	39.6	37.6	39	39.4	34.3	31.3	32	33.7	37.1	40.6	39.8	33.8	35.4	38	39.8	45.6	51.9	57.5	64.5	74.4	86.9	100.6	103.7	97.7	91.5	87.1	83.2	78.6	74.2	74.7	78.8	88.5	98	102	110.8	119.2	134.3	151.1	176.4	189.9	189.9	193.4	199.8	197.9	198	197.7	187.9	177.4	169.2	161.8	157.5	155.9	153.5	156.5	162.8	165.2	165.9	163.1	164	165.8	166.2	169.5	174.6	176.3	179.1	182.3	180.8	185.2	190.6	211.4	254.5	283	310.9	364.3	385.9	383.7	395.3	398	393	389.5	393.2	402.2	408.8	426.5	464.5	547.5	627.3	637.5	637.5	637.5	637.5	637.5	637.5	637.5	637.5	637.5	637.5	637.5	637.5	637.5	637.5	637.5	637.5	637.5	637.5	637.5	637.5	637.5	637.5	637.5	637.5	635.1
637.5	637.5	637.5	637.5	637.5	637.5	637.5	637.5	637.5	637.5	637.5	637.5	637.5	637.5	637.5	637.5	637.5	637.5	637.5	637.5	637.5	637.5	637.5	637.5	637.5	637.5	637.5	637.5	637.5	637.5	637.5	637.5	628.7	621.5	611.9	597.5	582.3	570.3	549.3	518.7	429.9	407.9	426.7	367	289	258.7	264.2	240.4	219.4	209.5	209.2	207.6	211.7	211.8	212.2	215.7	217.5	212.3	195	190.1	194.5	195.7	185.8	172.8	159.9	146.7	132.3	103.7	80.7	67	62.8	60.1	55.8	53	56.5	51.9	51.4	53.7	49.3	45.7	46.9	43.9	42.6	41.3	39.6	44.5	40.8	34.7	33.2	35.4	38.2	37.5	41	42.5	38.3	36.7	35.9	37.5	34.3	38.9	44.1	52.9	63	76.8	86.8	93.5	97.5	96.7	97.7	90.2	80.5	76.3	75.9	78.6	85.7	95.2	98	92.2	98.6	112	123.1	145.7	166.9	176.9	197.6	197.5	194.6	194.5	190.5	182.2	173.8	164.9	159.8	155.8	156.1	155.2	155.2	158.3	159.9	158.1	158.9	162.2	160.1	160.9	163.1	163.4	165.3	170.9	172	170.8	169.5	176	185	192.8	211	244.2	303.6	329.6	349.5	381.7	394.2	397.1	396.2	390.4	394.4	403.7	413.5	427.5	463.6	551.6	633.9	637.5	637.5	637.5	637.5	637.5	637.5	637.5	637.5	637.5	637.5	637.5	635.1	636.3	636.7	637.5	637.5	637.5	637.5	637.5	637.5	637.5	637.5	637.5	637.5
637.5	637.5	637.5	637.5	637.5	637.5	637.5	637.5	637.5	637.5	637.5	637.5	637.5	637.5	637.5	637.5	637.5	637.5	637.5	637.5	637.5	637.5	637.5	637.5	637.5	637.5	637.5	637.5	637.5	637.5	637.5	637.5	623.1	612.7	603.9	587.1	571.1	558.5	502.4	414.8	389.6	393.9	342.3	284.6	252.9	242	223.4	211	208.5	202.5	203.2	205.8	209.7	213.2	214.3	218.2	221.2	201.5	187.4	184.1	189.6	187	175.3	154.6	138.1	125.1	106.8	80.8	64	60.5	58.2	54	50.2	52.3	51.9	49.2	51	54.3	51	44.3	47.3	46.9	44.8	44	41.2	40.7	40.2	38.1	36.9	37.4	37.6	38.7	40.7	40.7	40.3	38	39.7	41.3	39.2	38.9	40.9	45.7	47.6	51.9	56.2	60.1	68.9	77.4	86.4	87	81.5	79.4	79.5	80.2	85.1	91.2	93.3	95.3	96	100.5	117	126	144.5	164.3	188.2	188.4	186.7	185	186.9	184.1	179	174.4	176.8	172.6	164.1	156.6	153.1	152.5	154.4	152	152.3	152.6	153	153.1	153.5	157.7	160.2	166	169	170.4	171.8	172	172.5	177.5	190.3	206.8	225.5	267.2	314.8	355.7	391	394.5	395.4	392.4	393.1	407.5	415.1	420.5	441.6	528.6	620.7	637.5	637.5	637.5	637.5	637.5	637.5	637.5	637.5	637.5	637.5	637.5	637.5	637.5	636.7	633.5	637.5	637.5	637.5	637.5	637.5	637.5	637.5	637.5	637.5
637.5	637.5	637.5	637.5	637.5	637.5	637.5	637.5	637.5	637.5	637.5	637.5	637.5	637.5	637.5	637.5	637.5	637.5	637.5	637.5	637.5	637.5	637.5	637.5	637.5	637.5	637.5	637.5	637.5	637.5	637.5	637.5	611.1	594.3	581.5	561.5	547.1	535.5	458.9	386.3	366.1	343.8	308.2	265.4	233.4	222	226.6	216.4	206.9	204.7	195.4	200	203.9	203.1	211.4	213.2	211.3	193	174.9	176.7	183.1	162.8	120.2	85.9	73.6	66.3	61.5	62.5	60.6	56.3	54.7	50.7	47.7	47.4	47.3	48.9	49.1	52.2	54.6	48.9	44	49.1	44.1	44.3	45.7	43.8	40.2	39.4	39	37.6	39.5	40.1	42.7	40.6	36.7	38.1	40.9	43.2	40.4	42.5	38.9	42.7	44.3	46.7	51.4	54.1	59.9	70	77.7	83.2	81.7	78.8	79.5	79.2	77.3	78.6	84.2	86.1	87.6	90.7	100.2	108	116.1	132.3	152.8	175.7	185.4	183.8	182.4	179.6	175.1	172.6	176.2	176.2	172.3	167.4	161.4	157.2	156.1	157	155.7	151.4	152.2	154.6	156.4	161.1	162.7	163.6	168.8	169.9	168.1	169.4	166.7	167.1	180.9	203.3	226	244.5	279	312.6	330.4	359.6	380.8	386.4	387.2	398.8	416.4	423.9	430	468.8	524.7	604.7	637.5	637.5	637.5	637.5	637.5	637.5	637.5	637.5	637.5	637.5	637.5	637.5	637.5	637.5	637.5	637.5	637.5	637.5	637.5	637.5	637.5	637.5	637.5
637.5	637.5	637.5	637.5	637.5	637.5	637.5	637.5	637.5	637.5	637.5	637.5	637.5	637.5	637.5	637.5	637.5	637.5	637.5	637.5	637.5	637.5	637.5	637.5	637.5	637.5	637.5	637.5	637.5	637.5	637.5	637.5	601.5	582.3	570.3	533.9	509.7	447	387.3	378.6	360.2	334.9	302.2	265.7	241	228.6	229.9	228.4	223.5	220.1	210.9	206.7	199.5	192.7	195.3	197.3	193.3	187.7	173.3	171.1	163.9	132.3	96.1	73.6	65.7	61.4	59.9	60.9	62.1	58.5	47.8	46.2	46.9	46.3	45.9	46.4	42.7	45.5	51.3	47.4	43.9	47.9	44.7	42	44.6	48.6	43.3	40.3	38.6	41.2	44.5	43.1	41.7	41.1	35.4	35.7	35.4	40	40.4	35.3	31.7	36.1	38.2	38	39.7	40	43.7	46.4	54.3	70.2	79.5	80.5	77.6	71.4	70.2	71.2	69.9	67.4	71.2	71.7	83	100.4	119.5	128.6	137.6	158.6	174	174.6	170.2	166.7	161.9	160.2	161.7	164.6	169.8	174.3	172	168.2	163	162.4	161.4	159.5	159.9	162.3	164.5	163	159.2	159.8	162.3	161.6	158.6	159.5	155.5	159.6	176.8	193.2	212.6	233.6	251.3	289.8	317.2	327.5	358.1	378.3	388.1	394.2	403.8	419.8	424.6	432.8	483.5	567.1	637.5	637.5	637.5	637.5	637.5	637.5	637.5	637.5	637.5	637.5	637.5	637.5	637.5	637.5	637.5	637.5	637.5	637.5	637.5	637.5	637.5	637.5	637.5
637.5	637.5	637.5	637.5	637.5	637.5	637.5	637.5	637.5	637.5	637.5	637.5	637.5	637.5	637.5	637.5	637.5	637.5	637.5	637.5	637.5	637.5	637.5	637.5	637.5	637.5	637.5	637.5	637.5	637.5	634.3	613.5	584.7	566.3	539.3	510.7	484.5	436.3	388.3	368	342.2	310.5	274.5	257.6	253.4	235.3	227	226.5	222.1	219.3	219.2	211.3	201	197.4	188.3	182.4	178.6	166.5	147	123.3	104.3	85.1	70.2	65.3	62	62.3	60.3	54.7	53.9	53.6	49.4	43.4	43.5	43	41.7	45.9	42.3	43.4	50.6	51	44	47.3	46.9	46	42.5	42.4	45.4	43.7	41.4	43.7	48.1	46.7	44.8	42.3	34	37.4	39.5	39.3	40.6	37	34.3	36.9	40.1	39.1	39.7	39.8	44.9	44.3	44.5	56.1	70.7	79.7	77.3	76.6	76.5	72.6	72.2	73.1	74.1	75.1	80.2	86.1	97.6	109.2	119	138.4	169.2	175	164.2	165.6	164.2	163.6	161.2	158.3	159.1	163.7	166.4	167.2	165.5	161.2	158.8	159.6	157.1	157.4	159.7	159.1	155.3	154.1	155.1	159.9	158.9	156.7	157.4	159.3	165.4	172.7	183	207.1	221.9	258.9	300.8	307.3	318.1	353.6	379.1	392	394.6	402.8	413.8	418.9	450.8	501.5	575.9	637.5	637.5	637.5	637.5	637.5	637.5	637.5	637.5	637.5	637.5	637.5	637.5	637.5	637.5	637.5	637.5	637.5	637.5	637.5	637.5	637.5	637.5
637.5	637.5	637.5	637.5	637.5	637.5	637.5	637.5	637.5	637.5	637.5	637.5	637.5	637.5	637.5	637.5	637.5	637.5	637.5	637.5	637.5	637.5	637.5	637.5	637.5	637.5	637.5	637.5	637.5	632.7	621.5	603.9	575.1	518.1	481.7	480.5	467.3	436.7	389.9	362.2	345.9	317	286.4	273.4	263.7	246	237.2	238.5	236.1	234.6	230.5	222.4	217	214.5	200.4	177.9	163.3	140	121.8	102.2	85.5	73.4	64.4	59.6	60	59.7	55.1	51.4	51.4	49.6	49.2	45.7	46.7	42.8	42.1	46.7	41.4	43.4	51.8	53.5	48.2	46.8	49.4	49.9	43.9	39.4	47.6	51.2	49.3	51.9	53.8	51	47.2	42.9	37.3	41.6	45.6	50.9	44.7	41.1	43	43.9	42.3	43.3	49.1	55.2	59.3	61.7	61.1	59.7	65.7	71.1	76.8	81.2	80.2	73.6	73.8	74.9	79.1	78.8	81	84.6	95.7	113.1	127.3	147.3	181.2	191.1	174.5	179.4	176.4	173.9	169.4	165.2	163.8	162.2	158	157.4	158	157.7	156.9	157.6	154.7	152.9	152.5	152.7	150.9	149.1	149.3	156.5	159.6	159.5	158.7	158.9	162.3	168.4	180.3	192.2	201.4	209.9	236.9	286.9	313.4	342.8	371.9	388.3	390.4	389.6	394.8	407.3	427.7	462.5	529.6	632	637.5	637.5	637.5	637.5	637.5	637.5	637.5	637.5	637.5	637.5	637.5	637.5	637.5	637.5	637.5	637.5	637.5	637.5	637.5	637.5	637.5
637.5	637.5	637.5	637.5	637.5	637.5	637.5	637.5	637.5	637.5	637.5	637.5	637.5	637.5	637.5	637.5	637.5	637.5	637.5	637.5	637.5	637.5	637.5	637.5	637.5	637.5	634.5	632.1	609.1	599.1	595.9	581.5	547.7	497.1	479.3	481.1	460.1	402	353.2	304.5	280.8	267.7	273.3	271.3	252	242.3	234.7	233.8	236.5	232.6	227.2	225.9	217.4	207.5	185.1	141.9	116	95.8	80.5	83.3	75.9	68.5	65.3	57	52.8	53.7	51.6	48.5	45.5	47.7	48.7	48.7	48.8	43.2	41.8	47.9	46.9	43	49.8	54.9	53	44.8	51.2	55.1	47.8	39.5	43.8	52.6	54.7	55.6	57.4	53.9	51.5	48.9	42.4	47.1	57.2	61	56.7	49.5	48.7	46.2	49.5	53.7	57.6	64.7	69	71.8	71.7	68.5	70.9	74.3	76.8	79.5	81.7	78.7	76.1	75.5	77.2	78.7	75.4	75.5	81.7	88.3	104.2	126.8	155	181.5	186.9	191.3	182.7	166.6	155	150	147.4	146.7	143.3	136.8	125.7	119.5	135.6	147.9	153.7	154.5	153.2	153.1	153.1	151.7	150.7	151.2	154.8	158.2	159.2	158.7	159	165.1	173.2	182.3	191.2	200.9	220.4	260.4	314.8	330.7	357.7	377.1	390	391.4	391.6	400	416.5	436.8	477.1	555.1	637.5	637.5	637.5	637.5	637.5	637.5	637.5	637.5	637.5	637.5	637.5	637.5	637.5	637.5	637.5	635.5	636.7	637.5	637.5	637.5	637.5
637.5	637.5	637.5	637.5	637.5	637.5	637.5	637.5	637.5	637.5	637.5	637.5	637.5	637.5	637.5	637.5	637.5	637.5	637.5	637.5	637.5	637.5	630.3	617.7	613.5	609.9	608.1	600.3	571.3	555.7	543.3	514.7	488.7	483.1	478.1	468.3	430.6	381.5	341.9	290	261.3	251.8	255.9	249.5	242.8	235.5	229.6	223.5	223.4	224.3	221.7	217.6	214	204.8	164.1	126.3	107.9	87.2	84.2	81.5	72.1	69.5	62.5	56.2	59	56.2	54.5	51.4	49.3	48.6	46.2	47.4	46.3	41.1	43.1	51.6	46.7	44.4	50.9	55.2	56.8	49.1	52.9	56.5	50.5	44.9	47.8	53.8	59.9	63.1	65.9	63.7	62.2	54.3	46	47.6	56.5	62.1	56.9	52.3	52.8	53.2	60.8	70.1	73.5	76.1	75.4	76.2	73.8	73.1	72.6	71.5	72.8	77.8	82.3	85.9	88.6	91.5	88	82.1	75	71.4	72.9	76.9	87.9	102.6	131	168	178	186.3	178.4	163.4	152.8	147.6	132	127.7	124.6	109.9	109.3	113	125.6	131.8	137.5	148.1	146.5	148.8	148.4	146.5	146.5	147.8	151.3	157	159.1	158.8	160.8	164.1	167	176.3	185	190.4	214.2	236	276.3	330	348.7	363.2	380.4	389.5	390.7	395.7	403	412.6	445.8	528.5	619.1	637.5	637.5	637.5	637.5	637.5	637.5	637.5	637.5	637.5	637.5	637.5	637.5	637.5	635.9	632.7	637.5	637.5	637.5	633.5	637.5
637.5	637.5	637.5	637.5	637.5	637.5	637.5	637.5	637.5	637.5	637.5	637.5	637.5	637.5	637.5	637.5	637.5	637.5	637.5	637.5	637.5	631.5	621.3	637.5	630.3	613.5	601.5	594.9	584.1	558.5	527.7	501.5	486.3	477.1	469.9	462.1	413.8	366.5	329.6	293.2	267.2	260.4	248.1	238.9	232.7	228.7	227	229	226.9	222.5	217.4	196.2	171	143.5	125.6	103.5	95.2	89.9	86.1	85.2	77.6	67.6	63	55.6	57.6	62	58.8	57.4	56.3	51.7	49.5	44.7	46.6	46.6	45.5	48.5	50.8	45.6	47.6	54	58.4	60	54.5	53.8	60.1	58.5	53.1	54.4	61.1	68.4	69.8	70.9	70.9	69.3	58.6	50.3	53.5	59.5	65.9	61.7	58.1	63	63.8	67.5	71.3	75.3	71.6	68.7	71.7	72.3	68.4	68.6	70.3	70	75.7	82.7	88.2	93.9	95.6	87.4	76.3	71.8	72.7	75.3	82.4	86.2	108.7	136.1	133.1	134.6	125.1	121	118	108.6	103.4	96	80.7	72.8	74.4	73.9	74	87.8	111.4	131.4	139.5	138.9	134.6	137.3	147.1	148.8	149.8	148.6	154.3	159.5	160.8	161.5	161.9	171	182	190.2	195.9	201.6	215.2	261.9	321.7	326.4	349.3	372.4	388.3	388.3	380.9	391.1	419.2	473	523.9	581.5	626.3	637.5	637.5	637.5	637.5	637.5	637.5	637.5	637.5	637.5	637.5	637.5	637.5	637.5	637.5	637.5	637.5	637.5	637.5
637.5	637.5	637.5	637.5	637.5	637.5	637.5	637.5	637.5	637.5	637.5	637.5	637.5	637.5	637.5	637.5	637.5	637.5	637.5	637.5	623.1	603.9	623.1	621.9	608.1	603.9	612.9	609.7	570.7	521.5	498.1	490.5	481.5	463.2	442.8	420.1	378.8	346.4	316.7	294.7	271.9	262.6	255.1	252.2	249.9	244.3	239.8	240.1	237.3	223.3	201.4	169.2	134.7	106.1	91.6	90.5	93.4	83.5	87.4	81.1	72.4	64.6	61.7	63.1	66.9	63	60.8	61.6	52.4	49.6	49.4	47.6	48.1	45.6	46.6	55.6	52.7	49.9	57.9	63.4	65.1	58.3	58.1	58.1	61.5	59.6	57	55	61.2	73.8	75	72.1	72	68.2	57.1	49.3	56.5	68.1	65.7	63.7	61.9	64.6	68.4	67.7	72.7	73.2	69.3	65.6	66.4	65	60.4	61.9	64.6	64.3	64.8	70.8	75	81	94.1	92.8	83.3	74.3	70.1	69.5	72.8	77.1	97.9	114.2	112.3	110	100.6	90.4	84	78.7	74.8	67.6	61.5	58.9	59.4	60.6	66.5	79.8	93	112.4	125.5	138.3	130.1	134.5	145.9	151.2	148.8	150.2	155.9	161.7	161.1	159.7	163.4	168.2	173.9	183.3	191.4	198.7	206.4	226.8	266.8	303.2	339.3	372.4	389.1	386.3	380.1	393.7	411.2	452.6	520.7	595.1	637.5	637.5	637.5	637.5	637.5	637.5	637.5	637.5	637.5	637.5	637.5	637.5	637.5	637.5	635.9	633.9	637.5	637.5	637.5
637.5	637.5	637.5	637.5	637.5	637.5	637.5	637.5	637.5	637.5	637.5	637.5	637.5	637.5	637.5	637.5	637.5	637.5	637.5	637.5	623.1	621.9	620.7	605.1	603.3	605.1	610.9	580.7	538.3	500.1	484.7	478.5	457.9	436.2	417.4	396.3	355.1	333.6	320.4	298.6	266.7	252.9	241.8	246.2	251.3	248.8	248.8	242.4	218.1	164.9	132.2	121.4	108.2	91.2	85.6	85.7	94.4	86.1	85.3	83.8	76	68.1	61.7	62.6	65.3	66.9	62.6	59.4	53	51.4	51.7	50.5	52.2	49	43.7	53	57.6	53.6	59.6	67	70.9	69.7	64.5	64.8	69.9	71.2	69.2	63.3	62	72.4	82.6	78.2	77.5	75.1	67.1	62.7	62.7	72.3	71.7	70.5	74.2	69.1	67.4	69.9	77.9	80.2	77.3	74.8	69.4	68.9	67.6	67.2	65.7	67.9	63.6	64	69.4	73.6	84.4	92.2	84.9	76.6	72.6	70	71.2	70.2	72.1	72.2	69	66.1	74.2	70.2	60.5	61.6	59.7	56.8	54.8	52.6	53.7	51.9	51.7	52.8	55.9	58.5	62.4	75.1	96	125	139.2	138.6	149.9	149.1	151.3	157.5	162.6	165.1	169.6	166.4	162.9	171	175.7	184.5	197.3	213.2	233	264.2	292.8	346.1	375.2	385.1	392.1	396.1	404	428	476	512.7	592.7	637.5	637.5	637.5	637.5	637.5	637.5	637.5	637.5	637.5	626.7	628.3	627.9	626.7	631.1	633.1	636.3	637.5	637.5
637.5	637.5	637.5	637.5	637.5	637.5	637.5	637.5	637.5	637.5	637.5	637.5	637.5	637.5	637.5	637.5	637.5	637.5	617.7	605.7	625.5	633.3	623.1	614.7	605.1	590.7	558.7	515.5	485.7	474.9	474.1	450.4	422.4	391.3	380.4	366.5	346	328.4	307.3	290.4	271.8	252.6	236.3	236.3	244.9	254.2	248.2	231.6	183.3	137.3	116.9	113.8	102.8	92	87.5	86.4	93.8	94.6	91.5	83.4	79.9	69.1	60.6	61.2	65.2	67.9	66.1	59.3	56.2	58.1	57.9	55.2	54.6	51.5	47.1	55.2	64	64	65.7	72.8	77.4	80.7	72.6	69	72	74.7	76.7	67.2	67.6	79.9	87.1	85.8	85.9	82	74.2	70.7	68.8	75.6	73.2	73.1	78.3	72.8	69.9	71.5	72.9	74	76.9	76.5	72.5	73	74.5	71.5	71.7	74	72.8	66.6	67.4	64.5	71.7	80.3	78.3	78.6	77.1	71.8	67.7	66.8	70.1	70.5	68.3	63.2	64.2	62.5	57.4	57.4	60.7	58.6	59.6	58.1	57.1	55.5	53.2	52.6	54	54.7	55	60.6	76.7	105	120.7	129.7	146.8	153.2	154.1	161.3	171.4	174	168.2	163.1	161.5	167.6	169.5	175.1	184	195.4	205.2	214.5	230	283.3	347.3	386.4	393.1	395.5	402.2	411.3	446.2	497.5	570.3	637.5	637.5	637.5	637.5	637.5	633.1	636.3	637.5	637.5	631.1	630.3	633.1	633.5	637.5	637.5	635.9	635.5	637.5
637.5	637.5	637.5	637.5	637.5	637.5	637.5	637.5	637.5	637.5	637.5	637.5	637.5	637.5	637.5	637.5	637.5	637.5	612.3	605.1	618.9	630.3	626.1	612.3	590.7	567.7	534.9	495.5	471.3	464.3	462.7	444	405.6	374.8	366.3	348.5	324.3	305.1	290.5	281.4	274.5	251.5	236.6	231.2	241.8	250.8	213	160	128.5	115.7	108.4	102	97	91.2	87.7	87.1	90.2	92.9	90.8	83.7	78.5	72.6	65.3	65.2	65.3	65.3	64.5	62.9	60.5	63.1	61.1	58	56.5	55.9	54.8	61.6	72.3	71.4	72.4	74.8	86.6	91.9	83.7	76.7	76.1	77.1	78.4	75.7	70.2	79.9	96.5	93	93.9	91.5	80.3	72.1	75.8	77	78.1	75.8	73	77	81.2	77.1	76.3	79.4	76.5	75.7	77.7	78.1	75.9	71.7	70.3	75.2	78.1	75.1	72.7	69.7	72.1	75.9	83.4	86.4	85.3	78.6	72	68.9	69.8	69.7	70.6	66.9	63.5	63	61	57.8	56	57.5	57.2	55.7	55.1	55.1	54.4	51.6	51.8	55.4	53.5	53.2	62.1	66.8	67.9	76.3	97.7	121.7	144.1	154.8	164.6	171.7	169.1	166.5	165.6	163	167.1	174.3	180.4	188.7	203.8	205.6	218.1	249.5	303.4	377.4	388.8	395.2	402	408.9	429.1	477	515.9	597.5	636.3	637.5	637.5	630.7	629.5	637.5	637.5	637.5	637.5	637.5	637.5	637.5	637.5	637.5	637.5	637.5	637.5
637.5	637.5	637.5	637.5	637.5	637.5	637.5	637.5	637.5	637.5	637.5	637.5	637.5	637.5	637.5	637.5	637.5	624.9	602.1	590.7	596.1	593.1	576.3	569.1	563.1	540.3	515.5	491.9	470.1	463.7	461.3	442.6	391.4	368.8	357.6	336.2	307.9	296.7	280.9	276.6	262.4	243.1	234.2	235.5	242.4	223.8	171.6	135.2	126.5	114.4	102.5	94.6	89.1	83.9	87.5	89.7	92.1	102.7	94.5	80.2	78.7	73.2	67.7	71.7	72.1	68.3	69.9	66.7	69.2	69.3	61.9	62.3	60.6	59.5	64.2	66.3	72	80.8	81.1	74.7	89.2	96.7	89.1	83.1	83.3	76.8	81.6	84.6	78.1	89.7	104.1	97.2	93.7	92.6	85.3	76.6	78.9	82.5	79.2	72.1	68.7	72	77.6	73.3	73.8	74.3	72.2	69	70.8	74	69.9	69.3	70.2	73.9	79.8	79.4	81.2	79	80.4	80	77.2	76.6	80.2	81.6	78.8	74	68.5	63.9	67.5	68.5	63.1	63.5	64.1	58.7	56.9	54.7	50.7	48.6	48.5	49.7	50.5	54	54.4	58.4	58.1	56.1	58.6	60.4	61.7	67	84.4	111	134.4	146.7	157.2	164.4	168.2	166	166.4	169.4	173.2	171.9	177.1	187.9	197.5	201.9	211.5	225.8	267.5	329.2	367.7	392.9	396.1	407.9	428.4	464.1	503.9	575.9	637.5	637.5	637.5	636.3	635.9	637.5	637.5	637.5	637.5	637.5	637.5	637.5	637.5	637.5	637.5	637.5	637.5
637.5	637.5	637.5	637.5	637.5	637.5	637.5	637.5	637.5	637.5	637.5	637.5	637.5	637.5	637.5	637.5	637.5	637.5	608.7	583.5	586.5	587.7	576.3	563.7	546.7	521.5	507.3	482.3	467.7	465.3	451.3	420.2	373.9	359	323	296.6	298.6	278.7	272.5	252	234.3	229.4	226.6	234.7	213.4	160.6	133.1	124.4	119.3	113.1	101.3	95.7	90.1	85.1	86	84.5	85.7	101.7	104.5	87.9	80.6	76.1	68.8	70.6	73.7	70.2	71.1	73.9	75.1	76.9	71.1	69.2	71.7	69.8	72.4	75.2	77.2	89.6	93	86.6	88.3	104.1	107.3	100.4	96.2	88.6	89.6	96.4	87.1	96.7	116.1	111.2	100.5	101	95.3	81.1	76.4	90.6	94.8	82.9	79.5	74	75.3	74.3	76.7	82.3	78.2	78.2	77.8	73.5	73.9	74.3	74.1	80.7	85.3	86.8	89.4	84.8	87.9	86.9	80.7	78.6	80.1	84.7	85.6	80.8	76.2	73.1	76.7	78.3	70.1	62.3	65.5	63.1	60.4	57.2	52.1	52.6	49.6	49	49.6	51.7	55.2	56.4	60.2	55	54.6	55.4	56	58.4	64.2	72	81	97.7	125.7	159.7	167	165.6	163.7	164.6	166.5	170.2	175.5	179.9	185.5	192	201	214.1	236.3	289.3	339.3	385.6	390.6	405.3	417.2	446.9	479.9	519.9	591.9	637.5	637.5	637.5	637.5	637.5	637.5	637.5	637.5	637.5	637.5	637.5	637.5	637.5	637.5	637.5	631.9
637.5	637.5	637.5	637.5	637.5	637.5	637.5	637.5	637.5	637.5	637.5	637.5	637.5	637.5	637.5	637.5	637.5	626.1	593.1	576.3	584.7	576.3	567.3	566.7	539.9	518.5	489.9	465.3	460.1	449	420	391.5	362.8	339.4	307.8	284.7	271.7	257	247.5	232.6	220.5	221.5	227.8	223.8	173.4	135.4	124.5	113.3	106.7	102.7	97	94.8	91.6	83.2	79.3	78.3	86.2	104.1	98.2	85.8	81.5	77	69.8	73.8	74.1	73	73.4	76	81.4	75.1	70	79	81.3	73.7	75.3	79.2	86	99.4	98.5	83.4	89.8	111.1	111.1	108.8	105	95.9	91.3	93.2	95.7	107.2	122.7	117.7	105.6	104.1	98.4	89.4	86.9	93.4	101	91.3	86	80.7	83.3	82.5	82	92	95.1	92	90.3	84.4	79.3	80.1	80.4	77.2	78.8	81.5	86.7	86.8	83.3	85	85.6	88.7	89	90.3	89.5	88.1	86.7	82.3	82.3	84.1	79.9	71.7	70.8	68.8	63	59	56.2	54.9	51.7	48.9	48.4	48.8	49.5	52.2	55.8	54.2	52.4	53.5	56.1	59.2	61.7	67.5	73.7	87.3	113.4	141.5	170.5	171.6	163.3	160.6	158.2	161.8	167	169.1	173.4	182	185.3	198.3	212.7	237.9	273.4	324.3	364.8	395.6	411	448.4	474.3	507.1	569.5	637.5	637.5	637.5	637.5	637.5	637.5	637.5	637.5	637.5	637.5	637.5	637.5	637.5	637.5	637.5	636.3
637.5	637.5	637.5	637.5	637.5	637.5	637.5	637.5	637.5	637.5	637.5	637.5	637.5	637.5	637.5	637.5	637.5	620.7	593.1	587.1	582.9	566.1	562.5	565.1	520.3	496.1	474.3	453.1	446.1	436.2	403	372.1	349.1	305	270.3	250.8	228.5	219.5	215.7	214.4	203.8	195.9	177.4	141	122.7	116.9	110.5	104.9	96.5	91.4	93.8	93.7	93	80.6	73.3	80.6	89.2	102.8	98.2	87	81.7	77.3	73.7	78.8	75	76.7	80.2	86.1	92.5	85.4	81.2	91	98.5	84.8	86.8	93.9	96.6	109.2	118.2	109.5	97.8	117.9	124	123.4	116	105.9	104	100.9	101.1	109.6	122.8	115.4	103.9	110.4	113.5	101.8	99.3	102.2	107.8	99.9	98.4	97.7	93.5	100.1	102.8	102.7	102.6	102.3	98.7	94.7	90.2	88.3	92.8	95.4	90.7	88.5	88.6	89	89.6	86.4	91.6	96.8	99.7	104.2	102.7	94.5	91.5	88.1	86.3	86.8	83.4	76.6	71	71	66.4	58	59.1	58.6	54.3	51.3	50.1	49.6	48.6	51.4	52.8	52.9	50.5	50	54	57.1	57.9	61.1	66	72.5	76	83.9	108.2	134.9	149	160.7	158.1	158.1	162.4	164.4	166.5	173.1	179.9	189.3	202	211.8	253.2	293.4	339.6	376.7	406.1	446.6	463.9	474.3	510.3	591.9	637.5	637.5	637.5	637.5	637.5	637.5	637.5	637.5	623.5	623.9	630.3	637.5	637.5	637.5	637.5
637.5	637.5	637.5	637.5	637.5	637.5	637.5	637.5	637.5	637.5	637.5	637.5	637.5	637.5	637.5	637.5	612.3	587.1	600.9	582.9	551.7	549.9	549.9	532.5	505.5	483.1	465.9	455.7	448.1	412.2	382.7	359.4	333.6	283.4	259.5	240.3	216.4	210.7	209	208	190.4	170.3	149.2	122.6	116.2	107.5	94.3	94	92.7	91.9	91.2	84.9	80.5	74.7	71.7	83.1	97.8	96.9	86.6	86.5	82.3	77.2	83.2	85.5	80.7	84.9	88.6	99.8	95.1	86.2	91.8	102.1	100.6	92.3	98.4	98.7	107.7	123.3	126.4	111.3	110.1	127.2	134.6	134.6	122.1	110.3	109.5	100.3	98.1	117.8	133.4	121.4	116	117.1	124.4	110.9	100.8	102.7	109.9	110.3	110	102.3	97.5	105	109.4	109.5	108.5	107.5	110.3	105.2	99.7	100.1	107.2	110.9	106	105.5	98.7	95.7	91.1	89	93.4	91.8	90.5	96.9	104.7	96.2	91.9	93.6	92.1	90.5	83.4	77.4	73.7	74.5	68.7	60	57.1	55.8	51.9	49.2	46.5	47.2	48	48.5	48.2	52.5	51.8	52	52.5	58.1	59	58.7	65.7	70.1	72.3	77	92.1	108.1	144.7	155.8	154.3	152.4	156.6	157.5	161.3	169.3	176	182.7	196	197.6	235.4	284.3	322.6	374.7	405.7	444.2	463.1	471.9	501.5	580.7	637.5	637.5	637.5	637.5	637.5	637.5	637.5	637.5	629.1	629.9	633.1	637.5	637.5	637.5	637.5
637.5	637.5	632.7	633.9	637.5	637.5	637.5	637.5	637.5	637.5	637.5	637.5	637.5	637.5	637.5	637.5	606.3	582.9	599.1	578.7	549.9	548.1	531.1	515.9	499.3	474.3	456.5	453.9	439.5	403.7	376.3	341.7	286.5	242.9	238.8	228.2	221.4	210.5	199.6	200	167.8	130	118.7	116.7	114.4	105.6	96.5	89.7	91.5	91.3	90.5	82.4	75.2	73.4	74.2	76.5	87.6	93.4	82.9	84.1	86.1	84.3	85.7	92.3	92.9	97.2	97.8	112.2	112	96.4	102.3	110.1	114.8	108.5	113.6	112.6	114.6	129.5	137.8	129.4	121.8	128.3	142	152.4	139.8	118	116.2	111.4	104.4	113.3	138.3	142.3	129.9	127.8	136.9	128	106.9	102.7	113.9	117.2	114.7	109.4	106.4	107.1	109.6	112.9	114	113.7	114.1	118.6	116.3	114.4	114.6	119.5	123.1	120.1	113.5	108.1	105.9	101.1	103.8	105.6	102.6	100.6	109.4	109.8	102.9	101.5	100.1	94.9	88.7	83	83.7	79	72.4	66.4	57.7	52.8	53.1	50.4	48.4	45.7	46.7	46.9	48.4	51.8	52.2	54.5	53.2	54	57.2	61	64.8	67.9	68.5	68.6	68.7	76.5	93.5	102.2	117.1	131	152.2	157.2	160.3	160.5	173.2	181.2	188	190.5	206.5	252.1	309.9	369.2	402.5	433	458.3	463.1	473.5	519.9	613.5	637.5	637.5	637.5	632.7	624.3	627.5	637.5	637.5	637.5	637.5	637.5	637.5	637.5	637.5
637.5	637.5	632.3	636.3	637.5	637.5	637.5	637.5	637.5	637.5	637.5	637.5	637.5	637.5	635.7	597.3	573.9	578.1	570.3	553.5	550.5	543.3	536.5	520.5	493.1	468.3	464.5	452.7	430.1	396.8	360.5	305.9	252.8	238.3	232.1	224.7	222.7	210	201	185.1	140.4	117	107.3	106	100.5	101	94.9	88.1	84.2	79.7	74.6	74.4	75.5	77.8	83.1	84.4	94	92.7	81.8	84.6	84.2	91.9	93.2	91	94.8	104.5	113.2	123.5	109.8	106.1	118.8	120.9	115.9	115.6	122.4	118.6	131.2	143.8	147.6	132.6	132.4	130.7	139.7	155.9	142.7	124.7	123.7	115.6	106.8	113	138.7	151.8	144.7	141.6	146.5	138.5	111.1	110.1	116.1	110	108.6	112.3	114.7	116	112.2	111	114.7	111	107.3	114.5	119	116.6	113.1	114.8	118.7	124.5	122.1	114.5	117.1	113.1	107.3	107.7	111.2	113.8	114.8	111	106.2	102.9	101.7	100.6	95.6	92.2	94.1	90.5	82.1	76	65.9	59.4	56.1	50.6	49.2	46.2	48.6	49.9	51.1	55.1	55.2	54.2	55.2	56.4	60.2	67.6	72.4	71.7	70.9	69.3	67.8	71.6	80.6	91.1	98.4	116.9	140.1	158.7	160.7	161.2	171	181	186.4	190.2	198	226.3	275.3	339.1	389.8	418.8	454.6	461.5	468.7	503.9	598.3	637.5	637.5	637.5	630.3	623.5	624.7	637.5	637.5	637.5	637.5	636.7	630.7	630.7	631.9
637.5	637.5	637.5	637.5	637.5	637.5	637.5	637.5	637.5	637.5	637.5	637.5	637.5	637.5	634.5	599.7	575.7	575.1	566.1	555.9	554.3	528.5	521.9	507.9	475.1	455.1	454.3	443.7	428.3	395.2	344.5	288.2	237.6	229.8	226.9	223.1	213.2	202.9	180.2	141.2	101.7	106.1	109.7	97.9	89.1	89	91.1	88.5	83.8	78	74	77	80.6	80	78	79.8	93.2	101.1	89.7	89.7	90.5	97.8	105.3	107.1	110.5	114.9	124.2	131.3	119.9	116.6	131.3	136.4	133	125	129.6	130.2	137.4	150.6	158.6	145.4	137.6	140.2	139.4	159.9	155.9	139.1	132.3	128.7	118.1	119.5	134.5	158.9	159.8	153.8	148.5	146.9	126.5	110.7	115.1	114.9	110.1	116.9	120.2	121.2	122.6	118	115.3	113.4	111.4	117.1	121.1	122	118.4	115.4	119.2	124.3	127.4	120.8	120.5	118.4	113.1	109.8	111.4	111.5	112.1	111.7	107.9	106.2	107.4	107	104.8	99.7	99.2	96.7	93.1	84	76.9	68	60.6	53.4	50.2	48.9	49.1	50.6	53.7	53.9	54.8	55.2	54.6	56.8	61.4	66.6	72.4	75	70.3	70	70	69.2	71.2	78.5	84.3	82.3	100.2	121	143.8	161.9	160.9	175.1	180.4	182.3	185.2	193.2	211.6	258.6	328.5	407.6	436.6	454.3	458.3	468.7	523.1	618.3	637.5	637.5	637.5	637.5	637.5	637.5	637.5	637.5	637.5	637.5	624.3	618.3	625.5
637.5	637.5	637.5	637.5	637.5	637.5	637.5	637.5	637.5	637.5	637.5	637.5	637.5	637.5	619.5	589.5	569.7	554.7	554.7	570.9	566.1	534.9	522.3	490.9	468.7	456.1	444.5	433.5	425.3	382.9	339.2	298.6	250.6	226.8	217.3	214.3	207.3	179.2	152.6	120.9	116.9	112.1	105.6	100.1	86.1	78.5	77.8	76.1	77.7	76.5	77.9	78.8	81	78.6	79.6	84.3	93.1	95.1	92.6	94.1	100.9	105	106.8	116.6	121	128.9	133.9	131.8	117.7	119.2	133.5	140.3	132.1	125	130.2	132.5	141.4	155.2	158.6	142	142	144.8	146.8	161.2	157.9	146.7	142.7	130.2	118	125.1	135.1	153.7	160.3	160.9	154.9	153.7	143.5	119.5	117.9	126.5	118	114	119.2	119.1	123.7	121.7	124	121.1	118.9	119	119.2	124.3	121.4	118.2	123.3	125	128.8	128.5	120	117.8	114.5	112.9	111.1	107.2	105	106.6	104.8	104.9	106	106.5	104.7	99.5	96.1	89.8	85	77.7	75.7	69.9	62.9	58.4	55.6	52.8	52.1	53.5	55.7	56.2	57.2	57.2	58.1	59.4	62	68.6	72.2	73.9	73.8	71.9	72	70.4	75	80.6	85.5	91	100.3	112.8	131.6	162.6	164.4	168.9	178.3	183.7	187.3	185.8	198.1	225.1	271.5	357.2	397.8	436.2	455.1	459.9	477.5	547.9	632.7	637.5	637.5	637.5	637.5	637.5	637.5	637.5	637.5	637.5	630.7	622.3	633.5
637.5	637.5	637.5	637.5	637.5	637.5	637.5	637.5	637.5	637.5	637.5	637.5	637.5	637.5	626.7	593.1	567.9	549.9	554.1	573.9	550.5	513.9	496.5	459.3	438.3	427.7	424.3	418.3	410.9	386.1	329.6	266.8	236.5	226.5	213.3	188.3	147.5	115.2	111.4	106.8	113	108.2	98.8	93.2	85	76.9	78	80.5	77.9	72	71.3	74.1	75.9	71.4	77.3	83.7	91.8	99.9	102.1	107.6	113.4	121.7	119.7	122.5	125.8	133.2	138.3	139.9	131.3	125.9	136.1	138.2	136.8	130.4	136.6	139.2	139.9	149.9	159.2	146	140.9	148.1	148.3	157.8	158.1	151.6	149.2	139.8	124	124.8	131.7	144.5	157.3	162.5	164	155.5	150.6	135.9	125.8	130.7	132.6	123.4	121.2	120.5	122.9	124.1	127.7	132.1	129.6	126.9	122.7	120.2	124.3	126.6	127.9	124.5	129.2	133.8	129.8	124.9	120.7	118.7	117.8	112.1	111.8	108.3	107.2	109.6	111.3	111.9	111.4	104.5	101.2	99.4	94.6	90.4	83.8	79.9	77.6	70	62.4	58.6	55.7	56.1	57.3	57.4	61.2	60.2	60	54.4	56.8	66.7	68.7	70.3	70.2	68.1	69.2	71.5	75.9	80.7	79.8	76.3	78.3	88	101.7	119.3	131.3	152.2	172	174.8	178.4	181.5	190.6	203.1	224.5	283.7	361.6	417.1	450.3	456.7	469.5	520.7	609.5	637.5	637.5	635.5	637.5	637.5	637.5	637.5	637.5	636.3	637.5	637.5	635.9
637.5	637.5	637.5	637.5	637.5	637.5	637.5	637.5	637.5	637.5	637.5	637.5	637.5	637.5	609.3	577.5	548.1	551.7	569.1	557.5	520.7	497.9	475.7	452.5	435.7	429.5	430.9	426.1	416.3	408.2	348.7	267.8	237.8	213.3	204.1	168.5	126.3	106	103.3	101.8	105	98	94.5	88.5	79.8	77.3	78.5	76.9	70.5	67.2	66.2	70.1	73.4	73.6	82.3	88.5	96.5	104.4	112	123.5	128.4	126.9	126	126.6	135.7	143.4	142.3	143.3	136.2	140.6	147.2	146.6	142.6	141.1	148.6	146	148.3	156.5	161.5	149.2	147.1	154.8	152.1	161.8	162.1	150.8	155.5	144.6	132.6	130.4	133.5	141.1	155.7	159.5	157.8	160.8	153.7	143.7	136.8	133.3	134.6	134.9	130.8	126.2	126	131.6	134.1	139.7	140.3	140.4	140.6	132	128.3	131.2	132.2	128.9	126.8	127.8	134.3	137.2	128.7	125.8	121.6	118.7	112	109.2	108.2	105	108	105.8	104.2	102.6	98.2	95	95.4	93.2	92.6	91.8	88.8	81.3	73.2	66.6	62.1	61.6	60	60.2	60.9	60.6	60.2	58.8	59.5	61.6	64.5	68.4	68.5	66.8	68.4	71.9	75.1	80.8	81.9	79.7	81.5	87.8	105.6	121.4	126	139.4	170.2	174.8	177	179.2	190.5	203.9	232.6	310	368.3	399.3	433.9	454.3	463.9	498.3	582.3	637.5	635.9	630.7	635.5	637.5	637.5	637.5	633.1	629.5	629.5	633.9	637.5
637.5	637.5	637.5	637.5	637.5	637.5	637.5	637.5	637.5	637.5	637.5	637.5	637.5	637.5	608.1	575.1	549.3	548.1	564.9	537.7	501.5	486.5	467.5	450.7	444.3	441.3	434.5	424.9	414.1	400.3	314	252.7	241.6	225.5	175.9	133.2	112	109	103.8	101.9	95.6	89.2	90.1	81.8	75.9	78.7	76.7	70.8	65.8	65.4	66.1	70.5	76.2	82.4	86.8	93.7	108.9	126.9	131.2	133.2	138.9	136.5	136.7	138.8	145.8	153.2	154.7	156.1	147.4	145	151.9	153.2	156.9	148.9	152.7	151.4	155.6	159	162.4	156.7	150.1	161.7	162.4	160.3	165.3	155.9	155.3	155.7	141.9	135.4	135.8	141.9	148.1	157.9	149.5	157.9	161.3	152.7	146.2	137.7	136.6	141	139.3	136.6	134.2	133.1	137	137.3	140.6	146.3	148.6	145.1	138.3	137.4	137	131.6	129.4	128.6	131.5	140.2	136	125.6	120.4	121.6	118.7	112.6	111.1	107.2	107.2	104.4	104.4	103.6	100.5	99.6	98	94.7	95.4	98.6	95.5	87.7	80.5	73.5	68.6	65.8	62.6	61.8	63.5	66	62.1	62.2	60.3	62.1	66.3	65	68.6	69.3	69.1	71.9	71.9	75.4	81	80.1	75.9	80.9	87.2	97.2	115	117.9	129.5	157.4	172	179.5	185.2	198.1	217.4	259.5	315.2	366.5	419.9	450.3	460.7	470.3	515.1	604.7	633.9	632.7	635.9	637.5	636.3	633.5	629.1	627.1	631.1	636.7	637.5
637.5	637.5	637.5	637.5	637.5	637.5	637.5	637.5	637.5	637.5	637.5	637.5	637.5	635.7	589.5	556.5	554.1	556.5	550.5	522.3	494.1	481.9	470.7	445.9	433.9	432.9	428.5	415.1	402.9	382.3	303.7	240	228.7	211.9	156	120.6	109.5	105.8	98.2	95.3	87.7	85.7	85.5	73.3	69.7	71.1	71.5	68.6	66.2	67.8	71.1	79.3	87.7	88.5	93.3	106	123.2	138	137.4	145.6	149.2	153.9	154.9	155.9	164.1	163.1	159.8	156.9	149.6	149.3	155.9	160.1	163	159.4	161.2	160	170.1	168.9	162.7	157.4	154.7	162.9	163.4	166.7	168	164.9	159.1	156.5	153.4	143	139.4	145.5	140.6	149.8	150.4	151.6	163.6	164.6	157.1	153.7	145	141	144.8	146.8	142.6	138.7	132.8	134.5	141.6	148.5	154.3	155	155.7	157.2	154.3	145.7	142.3	142.2	140.3	141.2	141.8	133.2	125.4	123.1	121.9	119.6	119.9	115	111.6	107.5	105.8	103.5	102.3	101.1	100.4	97.8	95.5	96.6	92.4	85.8	80.3	73.2	67.8	66.4	61.8	63.8	66.7	68.3	67	64.6	61.6	66.8	69.4	67.4	67.2	69.9	71.5	74	76.8	74.9	80.8	80.8	75.1	73.3	77.2	89.1	106.7	118	122.8	149.1	170.6	182.5	185.1	191.4	204.1	216.4	236.6	305.8	394.3	446.6	456.7	466.3	499.9	582.3	637.5	637.5	637.5	637.5	637.5	637.5	633.1	632.7	636.7	637.5	637.5
637.5	637.5	637.5	637.5	637.5	637.5	637.5	637.5	637.5	637.5	637.5	637.5	637.5	637.5	599.7	562.5	558.3	558.3	551.7	526.5	491.5	472.5	465.9	439.1	419.9	423.3	419.9	391.7	360.1	319.1	279.4	231	205.1	163.6	111.4	105.2	105.9	100.1	90.6	94.4	92.4	83.9	81.5	72.3	71.5	74.1	67.9	69.8	73.5	72.3	77.5	92.1	95.6	99.2	115.6	136.7	145.5	149.1	151.9	157.2	161.8	164.2	163.6	164.8	169.7	170.4	164.9	159.2	158.4	153.6	159.4	164.5	168.5	161.5	166.6	167.3	171.5	172.1	169.9	167.1	160.8	163.5	161.1	167.6	169.2	167.8	163.4	157.1	157.6	153.7	142.2	149	146.4	147	152.7	152.5	157.2	168.9	164.4	165.1	158.7	150	150.6	151.1	150.6	147.7	142.9	141	142.6	150.7	159.5	157.8	162.6	164.9	161.3	155.2	150.7	152.4	153.1	146.8	143	145.9	143.4	132.1	126.7	124.7	125.5	123.4	116.5	111.8	111.8	110.1	108.4	108.8	106.9	104.4	102.6	100.5	98.2	92.4	89.8	83.7	79.7	73	64.7	64.2	66.7	67.4	67.8	65.2	64.1	63.2	66.5	70.6	66.9	71.9	73.6	73	77.5	76	75	85	80.3	71.8	72.5	81.4	86.8	100.6	107.6	109.7	135.7	165.4	184.4	191.8	199.9	216.6	222.7	263.6	369.3	446	451.1	460.7	470.3	515.1	593.5	633.5	637.5	637.5	637.5	637.5	637.5	637.5	637.5	637.5	637.5
637.5	637.5	637.5	637.5	637.5	637.5	637.5	637.5	637.5	637.5	637.5	637.5	637.5	621.9	571.5	563.1	557.1	553.5	548.7	514.9	485.1	474.1	455.1	431.7	425.1	421.7	410.3	388.7	352.7	306.5	258	216.2	198.6	143.9	98.9	102.1	105.8	102.2	97	98.4	93.9	89.2	82.3	77.8	77.6	74.6	68.5	71	75.9	75	84.8	100	104.2	115	136.8	152.6	152.8	153.8	159	163.7	166.4	168.6	165.7	164.7	167.1	173.3	173.1	164.9	167.1	166.9	169.8	171.7	170.7	170.8	175.2	173.8	178.6	175.6	171.8	166.7	166.3	170	165.1	167.7	168.5	164.5	168.6	168.7	160.5	155.5	152.4	156.2	152.3	142.3	149.7	162	154.7	161	165.5	167.9	164.8	163.8	158.5	155.1	157.4	161.7	157.2	151.6	151.2	153.4	159.4	160.7	164.1	168.9	170	163	161.3	164.3	161.4	158.3	152.5	154.8	154.1	144.4	132.6	128.2	123.4	124.4	125.4	121.7	120.9	118	116.7	115.2	111.9	108.2	108.7	110.5	106.5	100.6	97.9	92.4	83.7	76.7	71.9	62.8	61.3	65.1	66	63.7	64.5	66.3	68.7	72.4	74	77.8	75.2	71.6	74.6	72.8	72.2	80.8	75.8	67	68	75.6	80.5	91.6	99.5	104.2	118.1	150.3	179.2	189.6	196.4	208.9	222.2	257.7	352	443.5	451.1	457.5	465.5	497.5	577.5	623.9	637.5	637.5	637.5	637.5	637.5	637.5	637.5	637.5	637.5
637.5	637.5	637.5	637.5	637.5	637.5	637.5	637.5	637.5	637.5	637.5	637.5	637.5	621.3	567.3	554.7	551.7	547.9	529.3	499.9	482.3	467.7	448.5	433.1	425.9	423.9	408.7	384.9	350.9	295.4	241.8	212	192.2	118.4	97	102.2	107.2	94.3	94.2	97.4	85.3	83.3	85.5	79.7	74.7	72.8	69.5	72.4	74.8	85.5	98.7	102.6	114.7	131.7	144.8	153.8	159	161.6	161.8	166.9	166.5	166.4	167.3	166.1	167.9	174.7	176.7	172.5	174.7	178.3	174	173.9	178.3	175.3	178.8	181	181.3	183	177.7	172.5	170.7	176.4	173	170.7	170.7	167.8	174.3	177.7	167.9	160.5	161.9	166.5	159.9	147.1	150.7	163.5	163.4	162.3	169.7	170.2	172.7	172.2	167.9	163	164.7	167.1	165.5	164.9	161.2	162	163.4	164.5	165.3	166.4	174.1	171.1	168.1	169.7	167.3	165	161.7	159	153.5	151.1	143.9	135	127.5	125	126.4	124.5	119.5	117.7	114.8	111.7	110.4	107.1	106.6	110.6	111.5	105.7	101.8	98.8	91.7	85.9	78.3	71.2	65.5	62.4	66.6	66.8	65.1	67.3	67.5	71.8	77.6	78.9	76.4	75.5	74.6	75.3	72.4	69.2	75	72.2	63.8	68.9	76.9	80.7	88.6	91.7	100.4	113.9	148.1	178.4	189.9	197.7	212.3	231.1	313.6	434	449.5	451.1	459.9	468.7	519.1	598.3	619.9	637.5	637.5	637.5	637.5	637.5	637.5	637.5	637.5
637.5	637.5	637.5	637.5	637.5	637.5	637.5	637.5	637.5	637.5	637.5	637.5	637.5	591.3	552.9	552.3	552.3	533.9	515.7	501.5	485.9	467.3	450.9	429.5	416.1	415.7	408.1	387.5	348.7	301.3	234.6	200.1	137.4	97.8	103.2	110.8	107	96	101.5	97.7	85.3	80.7	77.3	75	71.2	68.1	71.1	73.8	80.6	91.7	99.3	101.2	116.5	138.8	151.5	161.3	163.6	165.6	165.5	168.6	171.8	172.7	176.7	179.2	177.5	180.1	181.8	172.1	177	185.7	183.9	182.8	184.6	187.4	184	185.3	183.9	180.5	179.5	177.2	177.7	185.1	182.2	178.3	173	165.6	172.9	180.6	182	173.4	169.7	172.5	163.8	152.3	152.9	158.9	161.8	167.2	172.6	172.5	174	175.9	172.2	173.3	172.4	170.2	172	176	175.8	169.9	169.9	170.4	172.7	174	172.2	171.7	169.7	164.3	165.8	164.1	160.6	160.4	156.9	148.1	141.9	136.2	125.2	113.7	110.5	108.8	105.5	102.8	102.4	99	102.3	101.4	100.4	103.7	105.5	101.9	103.3	102.3	99.9	91.9	82.6	73.8	69.1	65.8	69.3	69.9	70.4	67.9	66.2	71.7	76.4	78.3	78.6	76.9	77.5	77.5	73.8	69.7	75.5	74.2	68.5	68.5	73.3	78.3	86.2	92.3	101.7	122.1	154.6	185.4	183	191.3	207.9	230	311.4	409.6	449.5	450.3	458.3	466.3	500.7	579.1	610.3	634.3	637.5	634.7	637.5	637.5	637.5	637.5	634.7
637.5	637.5	637.5	637.5	637.5	637.5	637.5	637.5	637.5	637.5	637.5	637.5	635.7	596.1	558.3	554.1	548.9	527.1	507.1	490.9	480.3	454.5	430.9	423.1	415.7	405.1	390.5	377.3	326.9	272.8	204.4	137.3	100.3	100.5	116.3	114.7	101.2	102	101.5	95	80.7	79	84.7	75.8	71.2	71.9	71.2	76.2	81.8	89.7	95.3	105.6	118.4	138.8	160.3	168.2	166.4	167.7	168.2	170.1	170.9	175.3	180.1	184.3	188.7	186.9	186.7	175.2	167.6	180.4	188.2	191.9	191.4	190.7	189.7	189.2	188.6	185.3	184.1	189.1	189.3	189.3	187.6	182.1	181.4	168	170	179.6	182.4	183.5	175	180.8	173.9	160.7	159.7	163.2	164.9	172.5	180.9	181.7	183.8	185.6	182.1	183.1	180.9	177.4	179.1	182	183.6	176.7	174.3	172.9	175.9	179.5	174.7	178.6	175.9	169.6	169.4	167.7	164.2	163.3	161.5	154.4	144.6	137.7	125.8	115.9	110.9	108.2	107.4	102.8	103.8	101.8	101.2	103.4	103.1	105.2	107.2	106.2	102.8	103.3	105.2	100.7	92.8	82.9	74.4	68.4	69.1	68.5	65.1	68	70.2	67	70.6	73.9	73.8	77.6	77.4	78.6	80.1	72.8	74.9	80.4	78	71.9	68.5	72.3	75.7	78.7	84.3	103.6	121.5	152.9	183.4	183.9	203.3	223.6	267.5	370.6	439.3	442.3	446.7	454.7	471.5	511.9	589.5	610.3	627.9	637.5	637.5	637.5	637.5	637.5	637.5
637.5	637.5	637.5	637.5	637.5	637.5	637.5	637.5	637.5	637.5	637.5	637.5	617.7	571.5	558.9	557.7	542.1	512.9	491.7	490.1	474.1	431.7	410.9	407.7	407.3	396.7	394.5	373.5	302.9	245.6	169.6	117.5	99.4	109.5	125.8	114.1	99.2	102.3	96.9	84.3	71.4	77.3	81.1	74.9	74.4	74.6	76.8	78.3	80.4	88	100	115.5	136.2	154.3	166	174.4	172.7	172.4	173.1	174.3	180.5	183.6	184.1	187.5	188.1	185.7	181.8	172.1	164.3	179	191.2	195.5	197.6	192.3	191	196.6	195.2	189	190.4	197	196.5	195.4	190.2	187.8	185	172.3	176.8	183.5	182.7	183.1	182.8	184.8	177.5	173	170.2	167.4	167.5	171.9	183.3	187.6	187.2	191.2	194.8	191.7	186.3	180.8	180.5	181.8	182.3	188.9	190.4	185.4	180.6	179.5	179.4	181.2	177.9	174.6	173.5	170.2	171.2	164.5	158.2	157.9	150.2	139.4	132.5	128.1	121.6	114.5	110.7	106.5	107.6	109.7	106.6	102.4	107.3	113.2	113.7	113.2	109.2	103.1	101.7	105.4	102.9	97.2	87.6	75.3	68.6	65	60.7	65.4	69.7	66.6	66.6	69.1	70.4	72	77.8	79.5	80.9	78.5	78.6	84.7	83.6	78.2	71.2	73.7	76.1	78.3	84	100.2	115.8	142.6	178.2	188.7	199.1	208.5	238.9	326.9	421.3	438.3	442.7	454.7	469.5	498.3	578.7	610.7	618.3	637.5	637.5	637.5	637.5	637.5	637.5
637.5	637.5	637.5	637.5	637.5	637.5	637.5	637.5	637.5	637.5	637.5	637.5	630.9	579.3	556.5	555.9	542.1	498.7	473.9	466.9	449.7	415.1	407.5	407.5	401.1	384.9	377.5	324.9	278.5	193.8	114.8	99.1	93.7	114.4	122.5	112	109.2	100.6	91.3	87.9	76.5	86.1	84	78.4	74.9	71.1	75.1	75.2	79.6	94.1	107.6	121.5	143.3	161.3	172.3	180.1	186.2	184.3	182.3	181.5	187	194.8	192.6	189.2	184.9	181.7	181.7	176.2	168.2	182.4	195.8	195.3	198.9	199.9	197.7	201.3	201.5	199.6	203.2	212.6	207.3	199.9	192.5	186.3	190.6	182.6	180.5	187.1	191.2	183.8	185.7	193.4	192.5	185.4	180.8	175.2	177.8	179.4	187.6	190.8	189.4	198.2	204.5	199.5	193.8	191.5	192	188.4	185	192.6	204.1	201.4	197.3	197.9	193.9	192.1	186.6	184	179	176	176.5	171.8	164.1	161.3	154.5	149.7	144.3	138	130.2	123	120.7	115.4	115.4	117.9	115.5	114.2	110.3	115.9	119.9	117.7	115.9	111.4	108.6	109.4	108.4	104.5	95.9	87.2	79.4	72.3	64.8	62.5	66.9	67.6	65.6	66.8	67.9	69.6	72	76.8	78.8	80.7	79.2	78.9	83.2	81	77	76.4	73.4	75.6	77.4	86.4	95.2	112.5	143.9	170.9	198.4	208.1	222.4	288.2	390.6	431.9	441.5	450.7	463.5	473.5	517.9	619.1	628.7	630.3	637.5	637.5	637.5	637.5	637.5
637.5	637.5	637.5	637.5	637.5	637.5	637.5	637.5	637.5	637.5	637.5	637.5	620.7	557.7	552.9	548.1	521.3	486.5	471.3	456.7	427.7	412.3	407.3	401.9	399.1	394.7	374.1	316.7	276.9	173.7	109.5	97.1	95.2	109.1	110.2	102.4	97.7	94.9	89.3	82.8	76.1	86.2	85.3	78.2	72.5	68.8	72.4	76.7	86.6	103.3	118.7	131.4	154.3	176.1	186.3	191.3	193.4	184.7	183.6	185.6	191.1	191	185.3	187.3	184.8	187.2	182.9	173.7	175.8	187.7	197.7	197.9	199.4	201.3	199.8	199.7	205.7	204.8	207.6	219.9	212.9	206.4	200.5	198.6	198	188.3	182.8	191.5	197.2	184.3	181.6	185.7	189.1	190.7	188.1	187.5	185.9	188.6	194.5	194	194.6	200.1	200.6	201.9	200.8	205.3	203.9	199.9	199.7	206.2	215.3	216.7	217.8	216.7	208.6	204.8	203.7	195.2	190.8	184.1	176.7	168.1	160.9	159.2	158.1	149.2	144.1	144.4	139.7	136.9	135.5	127.6	125.8	125.4	123.5	122.6	118.3	119.8	122	119	117	115	117.7	115	108	104	98.1	91.7	82.7	75.3	66.8	65.4	66	65	61.9	64.2	62.6	68	67.6	71.6	73.4	74.8	74.6	74	81.9	82.2	77	76.9	74.3	70.4	73.9	79.9	87.1	99.8	128.1	158.9	197.9	219.1	233.7	268.5	353.3	438.3	446.3	452.7	465.5	474.3	502.3	607.9	635.9	620.7	637.5	637.5	637.5	637.5	637.5
637.5	637.5	637.5	637.5	637.5	637.5	637.5	637.5	637.5	637.5	637.5	637.5	630.3	566.1	558.3	543.7	501.9	474.7	454.3	438.9	419.1	412.3	402.7	396.7	394.7	385.3	363.1	317.5	258.3	154.8	103.3	91	100.3	103.3	95.4	93.4	88.5	87.5	82.6	79.1	76	78.4	85.2	81	70.6	68.8	71.5	83.5	102.7	117.1	128.9	145.6	167.3	176.7	183.3	190.1	191.7	185.6	179.9	184.2	187	184.6	187	195.1	191	186.8	183.7	180.9	185.5	192.7	192.8	202.4	207.4	210.5	210.1	206.7	217.6	216.2	219.4	232	227	222.1	213.4	203.5	202.2	200	191.5	189.9	204	198.9	190.6	188.3	192.2	193.9	194	194.9	191.4	196.9	204.9	204.7	205.4	207	203	204.3	205.6	206.5	207.6	205.7	205.4	212.4	218.8	225.3	230	231.4	229.5	218.7	213.8	210	203.1	196.4	184.8	172	165.6	161.6	156.9	151.4	148.1	145.3	144.8	137.5	133.4	128.2	126.7	128.5	124.7	122.5	122.4	121.5	124.3	124.9	123.2	120.8	120.1	118.8	110.2	104.8	103.3	94.5	87.3	80.3	72	63.7	61	63.4	61.7	60.3	60.8	61.1	65.2	66.9	72.4	73.4	75.5	72.1	77.9	82.3	80.7	76.4	78.4	75	72.6	72.4	81.6	84.2	105.2	146	186.1	209.3	242.9	273.3	338.9	432.3	451.9	449.5	455.9	466.3	473.5	513.5	599.9	620.7	628.7	637.5	637.5	637.5	637.5
637.5	637.5	637.5	637.5	637.5	637.5	637.5	637.5	637.5	637.5	637.5	637.5	609.9	563.1	579.3	541.1	494.7	473.1	452.3	434.1	416.3	410.5	398.1	396.5	394.7	383.3	356.9	315.1	255	163.6	107.8	86.9	94.1	97.5	88.6	81.3	80.8	77.8	78.4	85.3	84	82.6	86	78.2	74.9	75.5	79.9	89.1	109.6	129.7	140.1	157.6	174.1	178.3	184.6	190.2	190	186.4	183.7	186.1	186.4	186.6	189.6	196.2	193.1	190.3	187	184.8	191.7	198.8	197.9	202.4	207.3	214.8	212.8	210.2	219.6	225.3	234.1	241.1	238	236.5	219.6	205	204.2	198.6	192.5	191.2	204.9	208.4	199.7	192.9	196.9	191.8	188.3	196.5	201.9	204.7	210.6	216.1	217.7	219.5	212.4	212.8	217.4	219.1	214	215.6	222.1	228.6	230	233.4	238.9	238	236.5	234.9	231.1	225.2	212.5	202.7	194	177.9	173.7	168.4	163	154.4	149.9	142.7	139.1	131.9	125.1	125.6	129.8	135.9	134	134.8	137.1	132.4	134.2	136.8	132.8	124.9	122.2	123.3	117.2	108.6	97.8	88.6	87.3	82.6	77.6	66.8	59.7	60.9	59.3	57.6	58.9	56	59.6	64.2	68.3	71.3	70.4	63.4	67	76.2	80.2	76.3	80.5	79	73.8	72.9	79.8	85.1	87.1	114.9	158.7	195.9	226.3	275.2	315.8	374.2	421.7	449.5	454.3	462.3	471.9	495.1	576.7	619.9	623.5	637.5	637.5	637.5	637.5
637.5	637.5	637.5	637.5	637.5	637.5	637.5	637.5	637.5	637.5	637.5	637.5	621.9	567.3	572.9	543.1	492.1	466.5	444.5	437.1	421.7	409.3	399.5	400.9	393.3	372.1	347.5	300.3	237.1	143.9	90.6	90.3	98.2	92.7	81.9	76.7	76.5	72.3	75.6	82.9	80.9	76	83	77.8	70.1	76.5	85.8	103.6	127.1	142.8	155.1	168	174.9	179.8	187.4	193.9	195.7	195.4	196.8	199.1	197.2	193	195.2	201.1	199.1	198.5	198.8	203.1	201.4	200.4	199.9	200.2	208.9	214.7	215.9	217.2	223.4	235.7	253	253.7	256.7	250	228.7	206.9	206	211.8	206.2	195	204.5	214.7	206.8	200.3	202.5	199.3	195.9	202	204.9	209.3	210.9	216.9	225.6	225.8	223.8	218.8	219.4	224.3	224.5	230.2	235	245	245.7	241	241.9	241.9	237.9	239.6	240.9	233.5	219.4	208.3	199	184.8	180.8	174.3	165.7	158.7	152.2	148.9	144.9	141.4	136.3	133.1	135.4	138.8	139.7	143.7	145.1	137.4	136.1	142.4	138.5	133.4	126.2	120.4	122.7	116	101.3	90.2	87.6	85.9	79.2	73.3	61.8	55.5	57.5	58.1	59.9	56.2	55.4	56.6	64.7	70.3	69.3	65.3	65.3	68.7	75.2	78.5	79.2	78.9	78.3	77.2	76	82.9	84.4	106	149.8	187.8	224.4	288.3	321.6	354.9	408.1	442	443.9	449.5	449.1	457.1	493.5	576.3	615.5	622.7	630.3	635.5	635.5
637.5	637.5	637.5	637.5	637.5	637.5	637.5	637.5	637.5	637.5	637.5	637.5	626.7	587.7	568.3	544.3	498.5	469.9	442.9	432.3	421.1	406.3	398.5	399.3	386.9	361.3	330.3	283.9	212.1	154.3	114.2	101.3	98.5	87.6	75	74.7	75.3	75.9	80.9	84.5	79.9	79.4	86.1	80.1	74.2	76.9	89.4	114.2	139	148.3	162.2	175.2	179.1	181.9	187.5	193.4	197.9	198	202.8	205.4	201.5	200.8	200.3	202.2	201.7	198.9	201.3	212.9	210.7	203	204.6	204.8	204.5	207.2	211.9	218.6	225.3	240.6	255.5	262.7	262.7	252.5	229.7	209.1	202.8	206.6	208.5	202.8	204	210.1	210.1	206.5	204.6	198.8	197.8	199.6	202.5	208.3	210.5	212.3	219.2	226.9	229.7	229.2	226.9	229.5	229.9	235.5	242.9	250.5	250.7	245.7	246.9	241.8	237.1	234.8	237.7	234.7	226.4	220.5	209.9	201.4	192.8	181.3	170.5	167.1	158	154.5	149.6	144.4	137.5	135.9	135.2	133.6	130	133	131.5	129.8	131.9	136.9	138.1	138.1	130.2	123.5	121.2	115.2	104.8	93.6	87.7	79.1	71.7	65.4	58.8	53.5	56.4	59	56.7	53.7	55.4	54.7	61.3	71.1	70.5	66.4	65.5	67.6	72.2	74.9	73.8	73.6	73.7	73	73.8	83.1	79.8	97.6	136.7	180	230.1	279	322.8	377.9	386.8	398.7	427.3	444.3	439.5	446.7	479.1	561.5	615.5	619.9	629.5	632.7	635.9
637.5	637.5	637.5	637.5	637.5	637.5	637.5	637.5	637.5	637.5	637.5	637.5	621.3	579.3	566.9	517.3	479.9	456.5	435.5	429.1	418.1	413.1	408.3	395.5	373.7	344.3	318.1	242.7	166.1	137.9	132.4	120	98.3	85.9	74.9	77.8	74.7	75.1	79.7	75.6	79.1	80.1	74.2	78.5	77.1	89.5	109.4	131.2	143.9	154.4	166.1	174.9	183.1	186.4	198.1	204.6	205.8	211.9	221.1	210.8	199.3	205.6	207.6	212.4	215.6	212.3	216.1	217.2	213.1	209.3	213.3	209	205.5	212.9	219.7	222.7	241.6	262.8	272.2	280.7	278.8	263.2	230.4	210.6	210.4	214.4	212.1	207.2	205.7	213.6	218.5	218.8	213.8	212	210.3	207.4	213.1	215.1	214.6	216.6	220.2	226.3	236	236.5	236.1	234	235.6	245.9	248.8	247.3	246.2	249.2	250.1	241.6	236.5	237.1	235.1	230.9	229.5	231.1	221.4	212.7	202.7	188.4	184.1	174.7	167	160.6	156.6	145.4	139.7	138.4	136.3	135.5	134.1	132.8	130.8	131.7	129.9	132.6	143.2	145	138.5	128.7	128.8	124.7	110.4	100.7	88.7	84.1	77.9	66.2	60.6	56.6	55.3	55.6	57.5	58.2	56.5	55	58.4	69.5	74.3	70.7	65.3	65.9	69.8	74.3	71.1	72.8	73.7	72.8	75	83.5	86	85.9	107.4	156.5	218	258.2	320.8	354	366.7	392.7	420.4	432.9	452.7	450.3	461.5	519.5	610.7	629.9	633.9	637.5	637.5
637.5	637.5	637.5	637.5	637.5	637.5	637.5	637.5	637.5	637.5	637.5	637.5	632.1	590.7	550.3	497.7	481.7	460.5	435.3	421.9	415.7	415.7	407.7	394.5	369.5	340.7	316.3	226.3	152.9	129.3	123.5	98.9	89	86.4	82	82.2	75.6	73.2	70.6	69.1	76	79.6	76	80	83.8	96.5	118.6	138.6	150.5	161.9	175.2	180.8	184.6	187.6	199.7	208.6	209.8	217.8	222.4	217.9	205.9	207.9	210.2	217.3	216.5	216.8	220.5	216.7	213.9	215.2	218.1	211.2	208.5	212	220.6	227.6	245.4	270.3	276.8	284.4	278.4	260.9	236.1	218.3	216	217	216.9	216.7	215.6	213.3	217.3	221.6	220.9	215.8	210.8	211.6	214.3	217.7	217.2	219.6	225.4	229.1	234.9	238.4	244.1	243.1	244	247.3	249.6	251.6	247.9	247	245	240.8	235.9	230.9	231.5	225.5	220.5	219.1	215.1	206.6	195.8	188.3	181.5	175.3	169.5	164.4	154	148.1	145.6	142.5	139.9	137.7	134.7	128.7	124.6	125.2	124.2	126.9	136.5	143.6	141.8	134.3	132.6	127.9	114.2	108.6	104.3	91.9	77.1	63.7	55.3	49.3	48.6	54.2	53.7	53.5	52.1	54.7	56.8	68.6	74.8	68.6	59.8	62.3	66.7	71.9	68.2	70.6	76.2	70.3	72.6	83.4	89.7	92.1	109.7	152.3	241	302.8	347.8	349.7	361.2	388.5	413.2	443.8	449.5	452.7	467.5	510.7	588.7	629.1	633.9	637.5	637.5
637.5	637.5	637.5	637.5	637.5	637.5	637.5	637.5	637.5	637.5	637.5	637.5	637.5	592.9	527.7	485.7	480.1	461.5	440.5	424.5	413.9	407.5	394.1	378.7	352.9	331.5	264.1	168.5	141.5	131.1	134.5	104.5	88.4	87.1	80	72.6	70.3	70.2	69.5	73	73.8	73.9	75	76.5	87.9	101.9	125.5	139.3	151.5	170	178.8	189.4	196.1	200.3	211.8	213.2	208.8	219.8	227.3	221.1	216.1	220	222.1	222.2	224.8	223	223.1	222.9	216.5	214	217.5	222.5	220.6	221.6	224.6	240	257.1	272.4	298	306.6	291.7	259.8	239.9	226.3	220.3	218.1	219.3	225.8	225.3	221.5	220.9	225.1	228.4	223.3	217.5	214.2	214	217.5	220.6	225.8	231.1	233	236.7	241.9	247.9	247.4	248.1	251.3	248.2	244.8	245.5	247	244.3	239.5	237.7	236.7	234.4	226.9	221.6	216.3	211.3	201.9	194	190.8	185	174.9	167.2	161.4	152.8	149.6	147.4	140.4	137.7	139.1	136.2	131.3	127.7	126.6	123.2	125.4	134.7	145.9	146	138.9	137.3	131	119	114.5	112.3	101.4	85.9	70.3	57.7	49.9	48.1	49.1	52.9	50.1	45.7	50.9	57.6	67.5	72.8	71.7	64.2	63.2	64.9	72.2	74	73.5	80	75.1	70.5	77.6	87.6	89.8	104.9	123	203.6	328.3	366.6	365.5	367.4	386.3	412.3	438	447.5	455.1	467.9	489.5	528.7	588.7	627.1	633.5	637.5
637.5	637.5	637.5	637.5	637.5	637.5	637.5	637.5	637.5	637.5	637.5	637.5	637.5	592.3	518.9	490.1	484.7	461.5	442.7	420.5	413.9	408.3	388.5	369.9	347.1	322.7	249.3	167.9	147.1	140.5	142.1	111.5	94.8	89.6	78.6	71.8	70.1	70.7	71.7	72.9	76.5	77.5	74.4	76.6	90.5	107.4	126.4	144.1	158.2	172.7	179.6	194.7	202.9	205.6	212.2	209.8	210.9	222.5	230.1	224	220.5	223.8	220.9	221.4	221.7	228.1	227.7	227.1	222.9	217.2	220.4	229.3	233	232	229.4	245.1	260.4	275.5	312	320.2	297	266.9	242.1	228.9	222.5	221.8	220.9	227.3	230.1	227.2	229.6	228.2	231.4	234.3	234.1	224.4	215.4	218	222.7	228.1	232.2	237.5	244.8	249.5	249.6	248.6	251.7	256.2	256.9	256.6	258.4	247.7	240.1	233.5	229.2	228.5	225	221.9	218.7	210.9	204.5	197.6	189.8	184.6	180.3	171.1	166.4	158.4	152.2	150.6	144.7	137.2	134.1	134.6	136.1	134.9	135.7	134.3	131.2	128	134.3	143.1	141.8	138.6	141	135.6	120.2	109.4	104.5	99.7	90.2	75.8	64.9	57.2	53.3	54.6	55.3	49.9	47.1	48.6	52.5	62.1	71.1	70	63	63.9	67.6	73.3	77.2	74.2	77.7	75	69.2	75.5	86.6	81.9	99.9	112.9	172.6	297.1	367.7	375.9	386.4	422.8	449.5	443.9	449.5	454.3	461.5	483.9	514.3	575.9	625.9	629.9	635.9
637.5	637.5	637.5	637.5	637.5	637.5	637.5	637.5	637.5	637.5	637.5	637.5	615.1	594.5	532.5	504.5	502.3	466.3	440.9	418.3	403.1	396.7	383.5	365.7	340.5	298.7	231.5	174.5	144.3	142.9	149.9	111.9	85.1	80	73.9	71.4	67.4	68.4	71.1	69.1	70.1	72.4	73.6	76.7	91.8	108	125.7	145.2	162.4	171.5	180.8	199.2	205.7	205.3	205.2	203.5	213.7	228.8	226	223.7	225	223.5	216.2	219	220.1	229.5	237.1	231.5	234.5	231.4	231	240.7	244.1	244.8	252.3	268.1	269.5	289.6	329.6	337.7	310	269.7	244	236.4	230.7	230	229.6	231.8	236.1	236.5	241.2	240.3	231.8	234.6	246.5	243.8	227.7	225.8	229.9	233.6	233.4	232.6	246.4	255.5	253.7	250.5	257.2	262.7	262.7	269.2	268.2	260.7	247.3	237.3	233.6	229.4	222.8	221.7	216.9	212.8	208.5	200	194.1	186.9	178.9	170.4	166.7	163.9	161.1	157.8	151.1	144.9	142.2	137.7	136.2	139.1	139.3	140.4	137.3	136.3	134.7	146.2	148.8	142	142.4	142.3	130.2	112.2	102.5	101.3	95.9	84.6	66.4	57.7	51.9	54.2	55.7	52.3	49.5	50.2	50.7	56.8	70.8	70.8	66.6	64	63.3	71.4	77.8	77.1	77.9	76.1	65.4	68.6	79.8	80.8	90.1	102.7	131.8	222.2	334.6	388.7	402.1	439.4	453.1	433.9	429.5	444.7	455.9	463.5	485.5	531.9	612.7	637.5	637.5
637.5	637.5	637.5	637.5	637.5	637.5	637.5	637.5	637.5	637.5	637.5	637.5	615.9	599.1	535.7	516.5	505.7	465.7	436.5	413.5	394.5	387.7	380.1	359.5	334.7	298.1	233.9	168.5	138.7	139.3	147.8	105.3	81.7	81.1	75.6	69	63.7	62.8	65.6	68	71	69.6	71.2	81.1	94.9	112	136.4	153.1	164.1	172.6	186.1	200.5	205	205.7	205.3	206.8	217.9	225.6	228.3	227.1	222.6	221.9	216.9	213.3	220.6	232.1	235.2	236.1	236.8	239.1	235.7	241.8	242.2	248	265.1	279.9	275.2	294	325	332.2	310.8	272.9	246.7	238.7	231.6	229.9	234.5	236.9	238.2	241.9	248	248.5	244.5	236.8	242.1	250.4	241.6	230.3	224.7	233.5	237.8	234.5	242.1	254.9	257	254	256.2	261.9	266.7	268	267.6	260.2	249	239	238.2	233.8	227.5	218.8	215.4	215.5	210.3	199.3	193.2	186.7	178.4	168	164.9	165.9	162.6	158.6	155	152.1	149.4	146.5	141.4	140.4	139.8	137.3	140	139	137.9	144.4	144.5	137.9	136.5	144.8	138.2	120.9	102.9	92.3	92	90.3	69	47.7	40.9	41.9	41.7	41	42.8	45.7	52.6	57.3	70.3	70	66.9	63.7	60.6	66	72.2	76.3	74.7	75.4	63.4	58.7	69.8	70.7	76.1	94.4	117.4	198.7	297.2	367.5	427.9	455.1	451.1	437.9	436.3	447.5	455.9	462.3	479.9	515.9	593.5	637.5	637.5
637.5	637.5	637.5	637.5	637.5	637.5	637.5	637.5	637.5	637.5	637.5	637.5	635.1	615.9	537.9	491.7	484.7	457.3	430.1	406.3	394.1	389.3	379.5	354.7	328.1	292.9	201.1	148.1	134.9	138.5	148.8	102.7	80.1	77.1	65.3	59.8	58.1	63.6	65.8	67.2	71	67.8	74.3	87.3	100.3	119.3	139.5	152.6	158.6	168.6	189.6	198.6	200.9	202.5	201.5	208.5	220.3	218	217.2	216.9	215.2	211.4	208.5	203.7	218.5	229.5	239.3	243.6	240.2	248.6	256	254.6	258.1	277.3	287.2	289.7	293.6	310.6	328.5	337.3	315.2	279	254.7	242.3	236.5	237.3	240.3	239.6	243.2	242.8	249.1	252.1	246.2	243.2	238.4	241.7	247.3	241.2	230.4	227.4	237.4	241	241.3	251.2	259.7	264.1	265.9	267.4	272	269	266	259.3	251.6	251	246.9	237.6	229.8	219.8	220.6	222.9	217	207.7	194.1	188.4	184.7	177.9	173.7	171.6	165.9	162	159	154	150.8	152.1	149.3	142.9	141.4	141	141.2	139.4	140.5	145.7	150.2	143.4	136.7	143.8	142.3	129.9	109.5	96.1	90.7	92	79.2	58.4	42.9	37.7	38.3	36.4	36	41.6	48.5	53.6	64.2	68.1	65.8	69.4	62.9	64.9	66.6	73.9	73.8	78	70.4	60.8	66.2	70.4	72.4	91.1	109	163.8	279.5	346.6	422.3	455.1	455.9	452.7	450.3	451.9	457.5	458.3	463.9	474.3	527.1	603.9	628.7
637.5	637.5	637.5	637.5	637.5	637.5	637.5	637.5	637.5	637.5	637.5	637.5	637.5	612.1	522.1	492.7	476.3	447.9	416.5	399.1	402.1	400.7	383.9	353.5	329.9	280.7	189.5	146.5	139.9	146.1	152.3	142.3	116.7	80.1	62.4	60	59.4	64.7	68.7	66.6	72.9	71.5	80.3	84.8	99.6	116.8	130.7	148.8	157.7	171.4	188.8	194.1	201.9	203.6	202.2	211.6	219	221.8	222.8	217.1	213.5	211.5	207.7	205	220.8	231.3	241.2	246.9	243.9	251.9	257.6	254.6	262.9	281.2	289.2	291.3	295.4	317.2	335	336.7	312.1	281.5	264.3	250.5	243	240.1	235.5	239.5	245.2	246.1	247.7	254.3	256	248.1	238.6	239.8	243.8	244.4	237.8	231.3	233.4	240.7	241.1	246.2	254	261.8	266.3	272.9	277.9	271.2	264.8	261.9	259.1	255.8	251.5	242.6	231.1	221.4	225.9	226	220.3	212.8	198.9	190.5	188.1	184.7	181.4	180.4	170.3	165.2	164	160.4	156.2	156.1	155.6	147.5	145.6	144.5	139	136.2	142.3	147.6	153.7	145.7	135.9	138.4	138.4	130.2	116.2	105.2	94.6	80.9	74.3	68.4	55	44.3	41.9	36.4	34.8	40.5	42.2	44.1	56.9	67.3	66.4	68.2	60.3	59.1	63.1	70.5	72.4	75.3	71.7	67.8	71.6	71.3	69.8	77	98.8	150.6	253.5	342.4	417.6	450	457.5	454.3	450.3	451.9	455.9	459.9	461.5	468.3	511.1	590.3	618.3
637.5	637.5	637.5	637.5	637.5	637.5	637.5	637.5	637.5	637.5	637.5	637.5	635.1	601.5	557.9	501.1	478.5	453.3	428.7	415.7	409.5	401.7	370.7	340.1	312.7	237.3	170.5	142.5	143.7	145.9	146.5	134.4	114.1	80.3	62	56.8	57.9	64.7	61.4	69.4	70.1	67.8	75.3	84.1	91.5	111.8	126.9	142.3	155.6	167.1	179.6	193.6	202.2	198.2	197.3	202.9	207.7	209.6	210.7	215.8	215.2	214.1	215.2	218.7	219.3	226.6	236.3	241.7	247.9	250.6	257.5	264.2	277.8	294.4	302	307.7	322.2	328.5	338.9	332.2	302.5	278.7	274.4	274.2	268.5	256.8	247.1	246.5	255.6	258.1	257.7	256.6	264.1	268.5	252.3	242.1	241.7	246.3	251.5	252.3	240.4	241	251	252	249.4	257.6	266.7	276.9	276.4	270.3	267.5	266.7	266.2	264.1	258.8	254.2	241	234.9	233.8	232.5	226.4	219	209.4	200.3	194.4	189.7	185.8	185.5	182	173.6	168.3	164.6	158.2	156.6	160.5	155.8	150.7	144.2	140.6	138.4	139.9	147.6	148	141.8	142.6	141.1	133.7	126.5	113.3	111.4	109.9	91	72.4	67	64.1	55.2	46.8	46	37.7	36.4	41.8	43.3	48.6	59.9	65.8	70.7	65.2	61.5	60	63.7	65.8	71.5	72.1	69.9	78.5	74.9	69.6	76.1	87.3	128.6	228.3	302.4	398.9	441.5	444.3	451.9	449.5	450.7	452.7	455.1	455.1	463.1	478.3	524.7	587.1
637.5	637.5	637.5	637.5	637.5	637.5	637.5	637.5	637.5	637.5	637.5	637.5	630.3	599.1	547.1	523.1	486.9	435.1	414.5	415.3	410.9	392.9	359.5	330.7	290.9	209.7	151.1	132.7	135.9	143.7	142.9	135.7	134.5	104	71.6	62.2	59.7	64.3	63.7	70	71.2	73	76.3	88.1	106.4	123.2	138.7	151.5	160.3	171.6	183	194.4	200	196	198	203.5	207.8	208.7	212.8	213.6	212.9	215.2	213.8	217.3	226.6	233.3	240.5	242.2	244.7	248.8	256.3	265.8	281	294	301.1	313.8	327.5	331	341.7	327.7	304.6	282.5	274.3	272.8	277.5	270.6	253.2	249.4	252.8	259.7	263.5	261.4	264.6	266.9	264.3	253.2	244.3	242.7	248	251.9	247.8	249.8	257.2	261.3	252.5	250.5	258.8	268.8	268.2	264.5	262.7	262.7	263.2	263.2	259.5	258.2	242.7	237.5	242.7	237.3	231.7	223	211.9	204.6	199.8	194.8	189.9	185	182.7	176.9	170.3	169.9	164.5	160.8	162.6	159.3	154.1	147	145.9	146	143.1	147.9	144.4	136.4	141.1	138.7	132.7	125.9	113.4	109.3	106.7	95.3	79.1	67.9	63.5	59	53.4	52.2	41.4	38.4	40.9	42.9	46	51.7	59.2	69.7	65.8	60.3	58.7	60.3	68.2	70.3	74	73.1	77.9	78.3	70.9	74.3	82.3	118.1	217.2	304.9	404.7	443.5	449.5	454.3	450.3	447.5	452.7	454.3	454.3	460.7	472.7	510.3	578.3
637.5	637.5	637.5	637.5	637.5	637.5	637.5	637.5	637.5	637.5	637.5	637.5	632.7	606.3	571.1	541.9	508.3	445.3	416.9	415.3	406.5	384.3	359.7	315.5	216.7	155.1	135.7	128.1	128.3	135.9	143.1	142.3	135.5	112.1	73.6	63.7	70	66.9	64.4	65.4	65.8	70.7	80.7	89.5	107.4	121.3	141.7	150.1	155.9	168.4	185.5	196.4	196.2	193.6	195.4	201.6	206.4	210.9	217.8	214.4	214.5	219.9	217.9	215.9	225.4	231.8	238.2	238.3	243.8	247	250.8	259.4	277.1	295.4	312.9	332.3	346.1	350.1	348.3	344	325.1	303.9	295.4	289.4	285.4	278	267.5	256.1	252.6	256.4	261.9	263.8	266.1	268.1	272.6	267.3	259.8	252.9	250	251.9	256.6	255.9	257.7	259.3	259.7	250.2	251.6	259.7	263.1	263.9	261.9	260.6	261.4	264	260.8	256.7	254.3	247.7	243.2	245.7	240.5	235.6	226.2	216	210.3	207.5	199.8	195.6	194.8	191.2	180.5	175.4	171	165.2	167	163	160.3	157.7	151.6	148.9	146.4	140.1	143.5	134.8	132.4	137.6	134.7	129.3	126	113.3	107.8	105	88.3	72.2	65.3	61	61	57.1	49.1	40.9	38.9	40.6	41.6	41.6	51.4	61.5	68.5	64.3	57	57.6	62.5	71.2	74.4	76.7	79.1	82.7	77.9	77	90.5	117.3	188.9	291.4	383.8	455.2	454.3	451.9	449.5	443.5	445.5	451.9	455.9	456.7	460.7	467.9	511.5
637.5	637.5	637.5	637.5	637.5	637.5	637.5	637.5	637.5	637.5	637.5	637.5	611.1	587.1	571.9	560.3	495.9	426.7	414.1	408.1	395.5	369.3	344.5	290.9	192.1	152.5	140.1	134.5	135.7	145.1	141.7	136.3	128.3	88.4	71.2	69.5	74.3	71.8	65	64.1	67.3	72.2	76.5	80.6	96.1	114.4	132.7	139.6	153.8	169	183.7	193.8	197.7	194.2	199.1	201.3	204.6	209.8	218.5	216.1	215.3	219	220.3	227.1	232.3	233.7	236.8	238.6	241.5	246	246.9	264.2	291	313.8	327.3	346.3	353.1	346.1	350.2	330.6	310.7	293.1	288.4	291.7	288.4	276.1	272.3	265.2	254.1	256.9	255.3	261.1	270.4	269.1	259.9	261.1	270.8	263.7	259.6	256.1	249.5	258.4	258.2	250.8	257.6	255	250.6	253.3	256.6	265.4	263.6	261.3	261.2	262.8	255.9	256.9	256.8	249	256.7	260.6	248.5	240.1	229	220.1	211.4	214.6	210.4	202.5	201.8	196.7	186.8	181.9	173.2	171.2	174.6	169.8	162.6	161.6	158.1	151.9	147	143.3	143.5	136.4	136.5	136.3	131.6	125.3	119.7	108.4	106.5	102.4	87.8	77	67.7	61.1	59.1	60.5	53.9	52.8	51.2	46.6	46.8	44.3	47.8	56.2	63.1	59.9	59.9	62.8	63.3	66	70.7	78.7	81.9	83.2	84.9	77.2	95.4	124.7	174.7	278.9	377.5	451	450.3	452.7	451.9	446.3	445.1	451.5	457.5	458.3	463.1	475.1	530.7
637.5	637.5	637.5	637.5	637.5	637.5	637.5	637.5	637.5	637.5	637.5	626.3	599.9	579.1	568.7	557.5	491.7	428.5	416.7	406.3	386.3	355.3	335.3	283.7	199.7	150.5	138.5	136.3	137.5	142.5	137.5	128.5	118.7	88.1	68.2	71.6	71.8	68.9	63.7	63.8	66.6	65.4	68.1	77.4	96.1	112.1	126.3	137.4	154.2	171.1	185.9	193.1	193.8	194.2	198.4	201.3	210	215.2	217.9	214.2	220.3	227.1	225.5	225.5	233.1	236.7	237	236.8	239.4	244.2	260	284.3	309.5	332.3	339.5	353.6	355.8	350.6	346.6	326.4	303.8	296.3	294.7	292.2	293.9	287.9	279.5	276	263.4	258.1	264.9	272.1	272.2	271	267.7	269.8	275.8	277	278.5	272.8	260	261	264.2	259.3	256.4	254.7	260.2	259.5	259.4	267.6	270.7	273.9	274.6	265.3	259.5	261	257.7	259.4	270.8	267.5	254.6	242.3	233.6	225.8	219.7	222.7	218.2	210	213.1	201.9	191.3	189.5	182	176.2	182	175.7	172.3	167.9	162.2	154.5	152.6	148.3	138.9	132.8	137.4	140.5	128	118.2	119.9	114	108.3	106.1	87.6	77.4	69.9	62.5	58.6	58.1	55.5	57.4	58.2	52.7	46.8	46.8	49.8	54.8	62	56.9	56.1	62.7	61.8	59.4	68.6	75.5	82	87.4	87.6	87	111.2	141.3	172.9	244	363.8	442.4	457.5	455.1	455.9	450.3	455.1	452.7	451.9	457.5	463.1	469.5	492.3
637.5	637.5	637.5	637.5	637.5	637.5	637.5	637.5	637.5	637.5	637.5	623.1	599.9	575.9	565.5	516.1	441.7	422.9	415.5	398.9	382.1	358.3	339.1	274.3	193.3	145.5	132.9	127.5	127.5	135.3	130.3	126.3	127.1	97.7	80.7	80.8	78.8	69	64.7	61.4	58.5	62.5	71	80	95.1	110.2	126.3	141.2	156.9	175.2	189.6	194.8	195.4	194	201	205.4	209.2	217.9	217.4	216.7	222.9	226.1	228.2	230.2	232.6	242	240.3	241.2	243.9	250	275.7	296.1	319.4	340.3	350.1	362.8	362.6	357.5	349.7	324.4	306.1	299.8	291.2	288.8	293.5	290.3	282.6	279.3	271.4	261	264.9	276.9	275.7	274.2	272.6	276.5	277.9	278.1	286	286.2	279	277.7	269.4	263.7	259	249.7	252.9	259.6	260.2	260.6	267.8	284.3	283.4	274.5	270.4	268.5	268.9	270.3	276.8	272.6	264.6	254.6	249.2	238.3	230.2	226.2	221.7	215.1	217.2	206.9	197.2	194.1	186.1	180.9	185.9	182.9	182.3	173.8	164.3	157.7	154.4	150.5	139.9	133.8	134.3	140.2	125.6	112.6	116	113.7	107	104.5	86.4	74	66.9	64.5	60.5	56.4	48.5	53	61.6	61.5	60.6	58.1	52.5	57.7	62	53.5	50.5	58.9	62.7	63.9	64.5	70.5	82	90.3	87.8	95.3	124.6	143.9	180.4	256.7	393.1	451.9	457.9	455.9	455.1	449.5	452.7	451.9	451.1	456.7	460.7	463.9	473.1
637.5	637.5	637.5	637.5	637.5	637.5	637.5	637.5	637.5	637.5	622.3	612.7	592.7	571.1	560.7	510.7	437.9	425.7	413.1	386.7	366.9	351.1	312.3	193.1	149.3	138.7	133.9	129.1	132.1	133.7	128.7	128.3	124.9	103.7	86.5	80.7	79.6	69.9	64.2	62.5	60.6	63.8	71.4	82.1	94	107.6	125	145.3	162	180.2	189.1	192.8	194.6	196.3	200.8	206.7	214	221.3	218.5	218.9	225.6	225.8	223.6	232.5	239.8	241.7	243.6	242	247.3	269.4	298.7	320.6	339.7	355.3	366.6	373.3	380.5	374.6	347.5	319.5	307.3	307.7	301.4	300.5	300.6	298.4	294.1	289.5	282.5	273	270.3	276.7	284.7	284.2	283.7	289.8	292.2	285	292.8	300.3	295.5	290.7	282.3	276.2	273.1	261.9	263.6	269.3	271.3	273.7	278.9	288.5	284.5	282.7	281.6	278.3	282.6	282.2	282.5	273.4	263.6	263.6	264.6	253.6	244.9	240.5	227.2	223.1	221.3	209.8	204.2	201.1	194.7	187.4	194.6	192.6	189.9	187.5	172.5	164.5	163.1	158.7	146.4	133.5	132.4	134.5	123.4	112.4	110	118	112.5	111.6	95.1	75.6	65.2	63.4	67.4	60.9	48	54.2	57.9	60.9	62.8	62.3	56.9	55.4	59.9	54.3	49.7	51.5	59.9	65.8	66.6	67.5	75.8	90.9	90.8	87.7	106.3	137.7	183.8	251.8	382.5	456	457.5	453.1	450.7	448.7	443.1	437.9	432.3	442.3	453.5	450.3	450.3
637.5	637.5	637.5	637.5	637.5	637.5	637.5	637.5	637.5	637.5	619.1	609.5	587.9	568.7	557.5	492.5	432.9	430.1	409.1	384.7	361.3	340.1	295.9	178.7	141.9	136.7	135.9	132.1	136.9	141.3	140.5	135.7	123.1	85.9	70.1	69	68.2	66.2	62.7	64.6	67	67.8	71.4	74.2	87.4	103.1	124.8	147.6	171.1	185.7	192.1	194.8	197	197.5	201.5	213.5	218.6	223.1	220.9	221.7	226.6	224.9	225	238	245.4	244.8	244.6	245	254.6	283.2	311.1	333.4	349.7	361	373.8	383.9	391.5	385.3	357	332.4	316.7	313.7	308.9	307.5	309.6	308.4	300.7	296	289.5	281.9	276.5	269.2	274.9	278.6	280.8	287.4	291.9	289.7	291.8	299.4	305.4	301.5	293	292.3	291.3	291.6	293	289.8	288.7	290.2	294.2	297.1	294.3	292.4	285.5	286.1	293.6	289.9	288.5	274.7	258.7	266.3	273.4	263.7	256.9	249.2	235.4	227.3	225.6	216.6	212.5	208.2	200	193	196.4	195	194.7	191	176.5	171.1	168.7	164.7	150	136.2	134.8	131.3	124	112.1	106	115.8	118.9	117.1	100.4	78	63.1	56.8	55.8	56.1	49.7	57.8	56.8	57.7	56.5	60.1	64.2	61.1	63.7	57.3	51.8	54.1	60	65.3	72	69.6	74.7	86	85.5	81.3	102.3	141.5	191	283.1	409.5	444	452.7	457.5	454.3	451.9	447.5	442.3	435.1	442.3	453.1	451.9	455.1
637.5	637.5	637.5	637.5	637.5	637.5	637.5	637.5	637.5	629.5	605.5	583.9	570.3	558.3	541.5	490.1	431.5	427.1	406.5	380.7	351.1	334.1	250.9	152.5	138.7	129.9	134.9	136.5	140.7	143.1	139.3	135.7	126.2	84.1	66.7	66.2	70.1	64.3	59.7	67.1	69.4	68.5	69.8	73.8	86.1	102.6	126.3	149.1	171.2	185.8	189.8	195.8	199.9	199.3	207.5	219.8	224.7	223.4	223.3	228.7	226.7	226.5	224.5	232.5	241.6	245.2	245.6	250.6	278.1	314	340.5	347.1	356.5	372	385.7	396.8	399.1	384.7	352.5	333.4	324.8	321.9	320.1	319.2	325.3	326.2	316.2	304.4	296.6	289.7	283.7	280.1	272.4	275.6	278.2	286.2	288.2	283.8	281.1	284.4	293.2	293.1	293.7	296	295.8	293	297	302.6	303.1	297.7	296	290.4	296.7	295.2	289.3	283.2	291.6	292.9	296.3	286.4	258.9	259.2	262.6	261.4	252.1	236.6	224.9	221.8	216.4	216.5	216.4	216.8	213.2	203.6	192.3	188.2	188.4	193.3	186.5	181.8	179.8	172.5	156.2	138.7	131.3	125.7	120.2	112.9	104.2	116	126.1	120.1	100.1	79.9	68.6	58.4	52.8	50.3	48.3	51.7	53.6	55.3	53	55.6	56.8	59.6	62.6	53.5	47.5	49.1	54.3	62.3	65.4	64.6	71.9	79.5	88.3	83.4	91.8	120.9	185.8	295.3	419.6	439.8	452.9	456.7	451.9	449.5	446.3	447.5	447.1	442.7	448.3	457.1	464.7
637.5	637.5	637.5	637.5	637.5	637.5	637.5	637.5	637.5	628.7	603.9	578.3	564.7	551.9	528.3	447.7	428.5	423.9	401.3	373.9	345.3	326.1	223.5	151.9	141.7	138.1	145.3	147.7	152.9	148.5	137.1	127.7	116.4	79.1	61.6	61.9	62.2	60.1	67.2	78.3	74.5	63.4	60.5	71	88.8	104.9	133.5	158.8	180.8	188.6	193.5	200.2	202.3	201.4	211.9	222.5	222.3	224.4	225.2	225	225.2	226.4	226.7	235.9	245.1	245.5	249	265.5	294.3	327.3	348.1	348.6	360	385.5	396.4	410.1	414.2	391.5	365.9	347.9	337.2	336.6	332.6	332.9	338.5	337.7	325.8	316.2	310.9	303.5	296.5	290.6	277.9	277.9	277.9	287.7	291.9	282.5	280.6	285.3	291.4	296.6	298.6	302.9	303.4	303.5	310.6	311.3	310.2	311.2	311.8	306.6	313.7	321.5	318.3	305.9	300.1	295.3	296.8	286.5	258	258.8	265.3	259	245.7	234	224.7	217.8	214.3	218.1	218.6	217	215.9	206.3	198.3	191.9	189.1	194.6	188.8	185.8	182.8	178.6	159	142	132.8	125.6	120.1	113	107.5	120.1	125.2	117.5	98.3	76.5	67.2	58.3	57.5	48.8	42.5	40.5	43.8	49.5	49.2	50.5	53.7	56.1	63.2	53.2	42.6	44.9	54.5	67.1	67.7	63.3	72	77.8	86.6	84.4	89.3	114.8	187.2	292.8	393.3	443.8	453.5	453.9	453.5	449.5	446.3	444.3	447.1	441.1	449.1	461.1	463.9
637.5	637.5	637.5	637.5	637.5	637.5	637.5	637.5	637.5	627.1	598.3	575.1	559.1	541.5	517.3	446.1	424.3	419.7	396.5	363.9	343.7	306.3	204.5	160.5	142.7	146.3	153.9	149.1	150.5	142.5	131.3	120.1	115.7	78.9	62.1	60.6	62.7	65.2	73.9	79.5	69.6	58.6	59.4	71.5	88.3	106.6	134.2	160.9	182.1	188.2	192.5	200.4	199.1	201.7	216.4	223.1	222.1	222.9	223.9	224.8	230.2	231	231.1	240.1	247.4	251.1	269.7	307	338	359.8	363.8	359.1	371	394.4	404.4	422.5	421.4	384.2	356.9	353.8	353.5	350.3	344	344	341.7	329.8	323.4	321.8	320.3	308.2	294.3	295	287.4	273.9	275.5	275.9	276.9	284	280.9	281.8	289	301.4	301.1	305.9	311.3	316.1	314.6	309.4	312.8	304.8	300.1	305.8	308.4	314.3	316.5	308.8	300	293.8	305.2	295.5	263.5	254.7	259.9	255.7	242.6	232.5	222.6	214.1	213.8	216.5	216.8	213.1	209.8	212.6	205.4	194.3	188.4	186.2	188.4	185.7	185.8	184.8	167.6	147.4	138	126.3	123.3	112.5	108.9	116.1	113.4	112.3	96.7	75.7	68.3	62.4	62.1	50.9	41.2	39	38.1	43.5	45.5	47.6	54.5	51.4	59.1	58.2	42.2	40.4	51.4	65.4	68.6	67	73.3	70.9	76.2	78.8	89	110.9	175.5	274.1	377.3	432.8	449.5	449.9	449.9	449.9	454.3	449.5	447.5	446.7	447.9	458.3	463.1
637.5	637.5	637.5	637.5	637.5	637.5	637.5	637.5	637.5	623.9	598.3	577.5	559.1	543.1	488.9	428.5	416.7	399.5	383.5	359.1	342.5	301.7	209.7	167.9	149.7	147.3	142.7	133.5	132.7	127.9	123.1	119.1	115.5	81.7	61.2	70.1	80.3	79.6	76.7	66.9	59.4	60.2	66.8	75.4	96.9	121.3	145.8	173.2	186.2	188.4	194.2	205.3	207.9	210	219.5	225.2	225.2	223	223.9	230.2	234.2	233.6	237.7	246.8	252.8	258.1	283.3	318.9	348.3	364	372.6	370.1	385.6	404.3	410.1	423.7	414.4	372.5	347.5	348.8	357.7	359.7	357.5	355.6	340.2	324.8	319.9	324.9	321.4	307.6	298.5	299.7	291	283.2	284.4	276.5	273.6	284.8	286.6	284.7	291.6	298.3	302.7	311	316	317.8	315.6	305.8	311.7	307.7	298.3	303.2	310.9	317.3	316.3	308.7	301	299.3	306.3	293.8	263	256.3	259.3	249	243	238.4	226.6	215.9	213.5	216.7	220.2	213.3	213	214.9	208.8	199.2	194.6	188.2	184.8	186.2	188.9	189.1	170.5	150.2	138.5	127.3	123.2	112.9	107.8	113.8	114.1	112	99.1	79.8	70.9	66.1	62	53.7	42.7	39.8	37.9	40.7	44.9	46.8	51.1	49.5	56.5	56.1	45.7	38.9	43.1	58.3	67.5	70	76	73.1	70.8	76.7	84.2	115.5	177.6	261.3	366.5	432.5	438.1	449.5	453.5	455.5	455.1	451.1	452.7	451.1	447.5	457.5	463.1
637.5	637.5	637.5	637.5	637.5	637.5	637.5	637.5	637.5	611.1	592.7	575.9	555.9	544.7	497.5	428.7	406.5	390.3	375.9	352.5	343.7	274.1	198.1	164.9	145.1	140.9	141.3	131.1	127.7	128.5	122.7	120.7	115.7	85.7	63.9	73.4	82.8	79.9	73.6	61.2	57.3	62.6	66.6	75.2	98	126.2	148.7	173.6	186.8	187.6	193.3	203.8	213.5	220	223.9	226.2	226.7	225.6	227.7	229.5	236	237.9	242.4	248.2	260.3	289.4	324.9	354.7	370.6	371	369.6	376.6	397.1	412.9	418.7	424.9	395	355.1	342.2	342.7	351.4	354.9	355.6	347	327.4	319.9	315.8	319.1	317.9	308.1	303.1	297.1	286.8	281.8	281.2	274.1	274.2	281.3	281.3	281.7	290	293.8	295.6	307.6	310.9	316.6	313.3	298.9	297.5	296.6	297.1	302.3	309.3	319.5	318	307.8	297.4	291.9	310.9	302	265	253.6	253.4	245.4	240.5	238.9	229.2	219.5	214.5	217.5	214.3	206.1	207.8	205.5	200.4	194.4	189.9	183.9	183.8	182	187.3	187.1	175	156.2	138.2	129.2	123.2	116.2	105.9	108.2	109.6	106.4	100	84.1	70.7	61.6	59	52.7	42.1	36.3	34.2	35.2	40.2	46.3	47.7	45.7	49.8	54.7	46.5	40.7	39.3	49.9	61.5	69.1	66.4	70.5	66.2	68.6	79.2	97.3	155.9	224	329.1	424.1	435	442.7	453.9	462.3	456.7	451.9	451.9	451.9	449.5	455.9	457.5
637.5	637.5	637.5	637.5	637.5	637.5	637.5	637.5	637.5	611.9	594.3	579.1	561.5	544.1	472.3	425.3	406.1	403.1	394.5	366.5	346.9	278.1	203.9	164.5	138.1	130.3	136.1	135.1	132.7	132.5	129.3	124.1	117.9	94	75	81.6	82.3	71.1	64.9	68.2	66.6	62.5	65.8	76.3	100.2	131.3	157.7	177.2	188.9	192.5	198	206.6	216.6	222.1	229	230.9	228.4	228.8	230.7	232.6	239.8	243	249.1	253.9	265.2	285.8	318.1	348.7	370.3	375.5	381.3	378.8	391.8	408.5	412.4	415.4	397	364.4	340.7	337.8	343	345.4	347.6	344.4	327	319.9	316.6	318.1	315.3	309.1	310.2	303.1	291.6	284.8	278.6	278.5	278.1	286.2	287.6	290	298.2	296.6	294.8	307.1	312.3	325.8	328.7	313.1	306.4	303	303.4	308.9	310.4	311.3	314.3	309.5	298.7	289.1	296.3	305.4	283	260.4	256.4	252.5	248.5	243.6	235.5	225.2	217.4	215.5	216.1	209	204.8	205.3	198.6	193.6	189.6	185.7	183.5	178	183.8	188	176	162.6	146.4	131.4	121.4	116.2	106.8	106.4	109.5	104.2	98.2	86.3	72.3	64.3	56.1	50.7	46.1	36.8	36	36.6	38.7	44.7	48.2	47.3	45.3	49.3	47.2	42.3	41	46.3	56.8	69.5	68	69	69.8	68.5	79	90	152.5	229.3	329	410.1	429.4	450.3	452.7	458.3	458.3	455.9	452.7	454.3	454.3	454.3	457.5
637.5	637.5	637.5	637.5	637.5	637.5	637.5	633.5	613.5	595.9	579.1	564.7	555.1	535.3	466.9	423.5	407.1	402.5	374.3	348.9	340.3	276.5	221.5	171.1	141.1	140.3	136.9	129.3	129.5	127.5	125.1	118.3	111.9	103	80.4	86.6	84.4	76.1	73.1	69.8	68.8	65.7	67.9	78.5	101.8	133.5	159.6	180.3	190.6	192.7	199.5	212.8	218	228.2	230.8	231.8	232.5	234.8	235.6	240.8	245.4	248.7	252.7	266.7	303.1	335.6	363.5	376.5	374.4	368.4	373.5	391.6	414.6	413.6	399.7	383.8	355.4	335.9	338.9	332.4	332	331.9	331.1	328.5	322.8	315.8	315.9	312.3	304.8	303.3	302	298.2	289.9	284.6	280.9	278.7	280.2	284.1	284.4	294.2	297	297.6	295.5	298.1	314.7	326.7	317.2	306.3	301.9	301.8	304.2	305.1	310.2	323.9	317.9	306.9	304.1	300.2	323.5	310.8	271.8	260.5	258.5	252.7	245.2	241.1	236.6	227.8	223.9	222	216.7	203.3	198.7	198.8	197.2	192.2	190	185.4	178.6	176.2	181.7	183.8	178.4	166.6	146.1	132.2	128.3	116.4	107.1	106.5	105.7	105.2	96	87.3	75.1	62.2	58.8	50.7	45.9	39.1	33	33.8	38.1	43.8	45.7	47.7	46.8	43.9	47.2	41.8	40.4	44.6	57.5	69.7	67.2	65.7	69.2	69.3	82.9	104.5	154	251.7	348	417.8	441.2	461.9	457.5	455.1	454.7	454.3	447.1	446.7	441.5	440.7	451.9
637.5	637.5	637.5	637.5	637.5	637.5	637.5	631.9	611.9	593.5	577.5	560.7	528.3	472.9	437.3	414.5	408.7	391.1	351.7	336.1	321.7	267.7	241.5	186.1	145.1	141.3	131.7	129.1	127.7	121.1	119.5	117.5	117.1	110.8	84.6	82.8	81.3	79.6	78.8	76.4	66.3	66.6	68.9	77.7	102.5	137.8	164.8	177.2	185.5	194.8	204.7	214.8	223	231.2	236.4	234.7	237	239.2	242.9	249.8	252.1	252.4	257.4	281	314.5	345.1	367.4	376.9	371.2	370.3	376.3	396.1	409.5	406.2	393.7	372.3	343.3	324.9	323.3	313.5	315.8	314.3	313.4	310.1	310.4	309.9	313.2	308.9	308.6	311.4	306.5	305.3	294.4	286.7	285.9	284.1	281.9	281.9	284.2	292.4	294	299.5	301.8	300.3	315.3	323.2	311.4	304.6	297.4	297.4	298.7	300	301.7	315.4	312	299.8	295	304	330.7	315.7	279	267.5	259.9	253.2	254.3	250.7	245.1	240.2	233.9	229.3	220.5	207	196.2	198.3	201.6	198.5	193.9	190.1	183.8	178.6	181.5	185.8	182.8	169.7	148.2	135.4	126.3	115.5	107.5	105.9	110.4	111.6	103.7	94.9	85.2	67.4	62.7	54.1	47.6	41.7	32.5	30.9	37.4	44	47.7	48.4	50.3	47.6	45	40.6	39.1	41.9	56.3	70.7	70.4	67	68	71.9	77.1	102.8	172.5	272.3	363.3	445.3	463.9	463.9	460.7	460.3	457.1	454.3	450.3	451.5	447.9	440.7	446.3
637.5	637.5	637.5	637.5	637.5	637.5	637.5	629.5	607.1	590.3	570.3	551.9	515.9	470.5	430.9	404.5	400.1	378.5	343.7	333.9	316.5	261.7	195.1	153.3	139.1	133.9	129.7	127.1	128.3	125.3	120.9	120.9	124.3	108.5	84.7	81.8	81	81.9	81	75.7	68.3	68	67.9	81.6	106.5	145.9	174.9	186.3	195.8	203.7	210.3	218.6	226.8	232.9	237.2	241.3	243.6	245.3	248	252.8	253.4	253.8	271.4	302.6	338.7	367.2	379.3	378.4	368.7	368.6	378.1	396.3	404.1	389	372.9	338.6	314.7	311.5	309.9	308.8	310.5	310.1	305.1	303	301.6	309.9	311.9	304.2	301	303.8	302.6	297	294.4	286.9	281.2	276.4	273.9	277.9	282.2	282.9	286.6	296.7	294.4	295	302.3	302.3	291.7	287.8	288.1	286.5	284	287	297.6	318.7	308.9	289.8	285.6	294.3	326.8	314.8	279.9	262.6	248.8	243.1	245.4	242.3	236.2	237.3	233.7	222	213.2	199.4	193	194.5	198.4	196.5	190.9	189	186.6	181.4	178	185.1	185.1	176.9	159	139	130.6	119.4	108	106.7	110.4	110	97.6	95.7	89.9	73.9	60.8	52.2	49.1	45.3	36.9	31	35.3	43.7	48.8	47.5	49.8	49	46.2	39	36	40.4	51.4	67.1	70.6	68.7	68.4	74.5	88.5	117.5	202.4	298.9	347.1	426.9	462.3	461.5	462.3	461.5	462.3	456.7	451.9	454.3	451.9	450.3	456.7
637.5	637.5	637.5	637.5	637.5	637.5	637.5	627.9	604.7	584.7	563.9	547.9	528.9	473.9	411.7	400.5	394.7	362.7	334.1	328.9	314.5	255.3	180.1	143.1	137.5	134.1	130.7	121.1	125.9	126.9	127.1	125.7	130.1	122.6	111.2	96.9	88.5	89.3	80	67.9	67	65.6	63.7	79.9	115.1	156.3	181.4	193.8	203.3	210.5	216.2	222.4	228.9	237.1	241.4	246.1	250.7	250.4	255.3	254.4	251.7	258.2	276.5	304.7	342.6	359.1	374	377.2	376	375.8	385.8	399.7	399.1	379.1	356.5	322.1	303	297.4	298.7	298.7	302.5	301.5	295.4	297.5	295.1	302.6	302.3	298.7	296.5	295.2	295.7	293	294.6	294.3	286.4	285	281.9	279.2	279.5	281.5	287.5	289.8	282.4	287.6	297.2	293.4	281.7	281.2	282.6	278.3	279.1	280.1	284.6	306.7	299.7	282.1	277.7	288.2	322.5	312	276.9	256.4	247.1	236.3	240.9	240.8	240.6	241.3	234.3	227.6	217.4	204.1	198.2	195.8	198.4	197.2	192.5	189.1	187.8	184.2	182.7	188.4	184.2	180.7	164.2	143.8	131.4	119.1	106.8	106.9	110.3	108.6	99.1	100.3	95.1	79.6	60.4	54	54.3	48.8	40.1	34.4	33.6	39.8	44.6	48.7	50.6	51.4	48.2	40.9	38.8	44.7	53.2	67	79.4	82.5	73.4	73.1	88.2	113.7	210.4	308.5	358.1	433.9	461.4	463.1	466.3	463.9	462.3	456.7	451.9	451.9	452.7	450.3	455.9
637.5	637.5	637.5	637.5	637.5	637.5	635.1	620.7	603.9	576.7	551.9	535.1	528.7	480.9	403.3	399.9	391.5	355.3	329.5	326.3	316.9	259.7	200.3	145.1	141.3	135.9	130.1	120.1	125.9	129.5	127.9	126.1	129.1	125.6	124.6	108.9	91.5	90.8	77.9	66.5	64.2	61.5	64.2	84.6	123.1	161.7	187.7	203.6	209.6	215.1	219	225.4	231	235.3	241.2	248.2	255.6	255.5	252.5	248.5	261.5	290.6	302.6	320.4	340.4	354.2	364.6	358.4	364.8	368	378	379.3	365.7	351.5	312.9	288	279.6	272.9	275.7	272.1	275	277.6	274.5	278.4	289.4	290	282.9	282.6	285.7	286.8	284.8	284.9	287.1	288.3	287.2	286.3	280.8	275.3	278.7	278.1	283.6	280.5	274	281.8	284.9	285.6	280.9	277	281	276.9	270.2	268.3	278.5	299.6	273.2	255	252.8	261.7	306.2	300	262.6	241	230.9	226.6	229.8	233.2	235.8	234.1	219.2	214.5	208.6	194	188.5	183.2	186.8	190.7	187.2	183.4	187.1	185.6	177.1	181.9	185.8	181.2	172.8	152.2	136.9	123.7	110.6	106.3	109.2	109.7	103	103.6	98.8	85.3	67.6	54.4	53.7	48.8	40.8	36.6	31.8	36.7	41.8	46.7	48.9	51.4	51.7	44.9	41	44.3	48.6	58.2	74.6	84.7	78.8	73.1	91.4	130.7	196.8	299	356.7	402.3	450.2	460.7	466.3	467.9	466.3	457.1	452.3	454.3	455.1	451.9	451.1
637.5	637.5	637.5	637.5	637.5	637.5	629.5	615.1	599.9	573.5	548.7	535.1	523.5	437.3	419.9	433.7	390.1	346.7	329.7	329.9	322.7	263.5	201.9	149.9	144.3	136.9	130.5	124.9	130.7	131.7	133.1	129.3	123.7	126.9	122.5	96.3	80.7	84.6	78.9	70	61.3	59.6	67.9	91.2	137.4	176.2	191.9	202.4	214.4	218.1	222.1	225.5	234.2	240.6	244.5	252.5	251.6	245.5	241.8	235.3	260.1	295	300.2	315.2	333.7	347.3	351.6	343.8	352.3	363.9	375.8	368.7	349	334.5	292.9	272.8	263.5	258.2	257.5	258.4	261.3	257.6	261.7	264.6	275.4	279	272.9	270.4	274.7	277.6	278.3	279.6	283	281.1	285.7	280.9	274.9	273.6	278.9	277.6	284.6	284.5	278.7	283.5	284.6	284.9	278.4	272.7	273.3	273.9	264	259.7	276.2	296.7	264.7	248.6	242.5	249.4	304.6	294.6	254.8	236.4	228.9	227.7	227	222.9	226.5	224.3	211.7	210	204.5	197.7	194.4	186.8	188.5	190.2	188.7	186.4	190.5	186.5	181.1	186.1	188.5	181.6	174.4	156.5	138.6	126.4	112.7	110.2	107.6	110.1	104.3	107.2	102.2	90.2	70.4	54.5	54.4	50.9	40.4	35.9	34.2	35.9	40	45.3	49.6	49.7	50.6	51	46.9	43.4	48.8	51.7	60.6	76.5	87.9	83	94.5	138.7	190.2	279.6	359.9	424.1	440.3	455.5	463.9	466.3	466.3	460.3	457.5	455.9	456.7	452.7	451.1
637.5	637.5	637.5	637.5	637.5	629.5	620.7	606.3	588.7	568.7	550.3	535.1	523.5	436.5	440.3	450.9	386.1	342.3	328.5	331.7	318.3	261.5	194.3	166.5	152.5	140.7	134.7	127.3	124.1	130.7	138.3	133.7	124.7	127.1	114.2	94.8	81.5	83.8	74.3	69.2	61.5	59.6	68.9	92.5	139.3	182.6	197.1	206.6	219.9	223.5	220.8	227.9	236.6	240.3	244.9	250.4	241.6	234.8	234.1	245.9	276.4	304	309.3	315.2	328.9	335	337.7	336.4	338	340.7	349.5	343.4	334	289.3	255.4	245.9	235	232.7	232.6	239.2	238.8	237.1	254.6	271.3	265.8	262.4	261.6	262.9	268.8	275.5	273.4	276	274	285.7	290.5	274.1	269.1	279.9	285.8	276.8	284.3	284.4	277.7	279.2	276.1	272	268.3	264.2	262	260.8	258.6	255.9	286.1	289	248.9	240.8	231.8	244.4	291.1	281	247.2	230.5	222.4	222.9	216.3	213.8	214.1	212.8	203.9	197.8	191	190.6	191.7	186.8	186.9	184.5	184.6	185.8	187.7	185	181.6	184.1	195.2	185.5	169.8	159.9	144.2	132.2	121.6	111	108.4	108.7	109.9	109.6	107.4	99.7	77	57.1	60.2	54.1	44.8	39.9	35.8	36.5	36.7	43.3	49.6	49.5	51.4	52.1	47.6	42.6	47.5	49.1	55.9	68.8	85.3	85.1	84	106.8	166.1	255.6	346	429.5	439.9	437.5	443.9	450.7	443.9	449.1	451.5	454.3	459.9	454.7	451.9
637.5	637.5	637.5	637.5	637.5	627.1	615.9	601.5	586.3	566.3	550.3	536.7	478.5	441.1	505.5	446.9	367.7	338.9	332.3	335.1	296.1	210.3	180.5	160.3	145.9	137.1	134.5	121.9	124.7	140.5	134.3	126.1	127.9	114.4	97.2	96.1	96.9	86.3	64.9	59.7	58.7	61.2	75.4	108.4	159.5	192.7	203.3	218	227.7	226.1	228.4	235.5	237.4	232.6	229	226.9	216.8	211.6	219.4	237.4	268.5	292.5	296.9	307.8	322.2	325.5	322.4	326.1	328.5	332.9	337.7	326.6	305.3	262	239.7	231.2	219	216	221.9	227.2	226.3	225.1	245.3	264.8	256.5	252.1	251.3	256	259.9	266.2	270.5	273.5	268	280.2	284.5	268	265.2	278.1	280.1	268.7	272	272.3	272.2	273.2	268	262.7	256.8	250.1	250.3	251.1	248.3	249.2	275.8	271	240.4	234.6	227.4	244.6	281.6	273.9	251	233.2	224.8	216.7	208.7	207.6	211.3	204.3	198.7	196	186.9	184.6	185.6	182.7	182.1	183.1	183.5	186.8	191.4	187	183.8	188	196.9	193	173.8	161	147.2	133	118.8	106.9	106.6	108.2	106	111.1	105.3	98.5	77.8	60.4	57.7	56.4	46.5	40.3	34.3	35.1	35.8	39.2	45.4	47.8	51.5	53.1	47.2	40	42.8	50.1	57.1	64.5	80.1	94.9	94.1	119.6	196.2	304.7	410.7	443.5	444.7	440.7	443.1	455.5	451.9	449.5	450.3	450.3	456.7	455.1	451.9
637.5	637.5	637.5	637.5	637.5	615.1	605.5	593.5	577.5	564.7	553.5	536.7	483.1	447.3	506.7	441.9	360.9	332.7	334.5	338.9	285.5	213.5	176.7	162.5	146.1	135.7	130.3	117.3	127.1	139.1	133.1	127.1	128.3	107.7	92.6	90.8	94.8	86.2	62.7	57.4	57.4	64.8	82.6	116.9	165.7	197.1	211.3	226	232.6	228.6	228.5	236	233.9	227.2	223.8	217.8	211.1	209.4	225.2	244.7	266.7	286	292.7	305.4	316	318	316.1	322.2	320.4	330.1	320.5	290	253.3	219.5	209.6	207.8	207.2	201	205.3	213.2	211.6	231.5	264.4	247.9	236.3	233.5	240.5	249.9	253.3	260.9	269.9	264.3	277.8	305.1	277.3	259.9	267.9	276.3	273.2	266.5	274.9	270.3	265.8	265.5	260.1	256.1	247.2	241.2	242.7	237.6	234.1	242.5	271.1	256.7	237.9	238	227.9	240.9	255.9	246	236.1	231.2	218.9	212.6	211.6	209.7	205.8	203.5	206.1	203.3	192.7	198	195.4	190.9	190.1	185.7	183.9	191.5	195.5	195.4	202	207.4	216.2	206.7	191.8	169.7	150.6	138.9	127.2	114.8	108.5	105.8	107.9	110.2	110.6	96.2	78.5	66.7	60	63.8	52.9	40.4	36.7	35.5	36.2	36.6	45.5	49	51.7	55.8	52.6	42.5	41.6	47.8	53.5	60.9	75.6	92.4	97	116.1	198.8	324.3	410.9	443.9	447.1	454.3	455.9	463.9	460.7	458.3	457.5	453.1	451.9	450.3	451.5
637.5	637.5	637.5	637.5	637.5	615.1	606.3	591.9	575.1	560.7	552.7	534.3	496.3	509.1	494.5	396.5	352.7	334.5	340.3	337.1	287.5	222.3	180.5	162.3	145.1	133.7	129.3	128.3	135.3	137.5	136.3	126.3	122.1	83.4	76.6	83.8	86.5	80.3	68.7	60.2	57.5	68.8	92.7	130.5	174.5	200.6	215.2	232.2	235.2	232.3	228	226.8	218.3	209.2	206.3	202.9	193.7	200	223	243.1	260.7	269.1	277.9	285.8	287.3	291.8	294.5	293.5	280.4	284	273.3	241	210.9	183.6	174	172.1	181.2	185.9	188.7	193.8	193.9	228.5	255.3	223.8	211.2	215.3	226.2	240.1	242.8	258.4	269.5	255.5	271.9	297.1	259.1	247.2	260.9	268.6	269.5	267	272.6	261.8	254.3	251.9	249.2	243.8	236.7	230.3	228.9	223.8	217	225.8	254.4	240.5	229.8	230.3	219.8	227.2	240.9	237	229.5	225.4	212	203	202.3	201	202.5	199.7	198.1	206.9	202.9	204.4	201.6	200.6	197.3	181.4	179.7	188.9	186.7	191.4	203.5	210.1	223.4	212	195.5	177	156.1	143.1	129.7	118.5	110.8	107.4	106.6	115.6	112.9	97.4	82.9	73	64.1	62.7	55	42.5	36.8	36.6	35.4	33.4	42.5	51.7	52.7	57.9	58.3	49.7	44.6	47	51	60.1	71.8	92.4	104.8	121.1	210.5	337.3	421.1	443.1	445.5	454.3	455.9	459.9	458.3	455.9	460.3	455.1	447.5	450.7	454.3
637.5	637.5	637.5	637.5	637.5	628.7	607.9	587.9	568.7	554.3	541.5	523.1	507.3	513.5	489.7	394.3	350.1	337.1	346.1	339.7	295.5	243.1	222.7	187.7	161.7	138.7	127.5	133.1	138.1	138.7	136.7	126.1	124.2	84.5	71.3	78.2	82.5	74	67.2	62	57.7	69.1	94.3	131.9	178	205.2	220.3	237.3	239.6	237.7	236.7	233.6	225.8	219.1	206.4	193.6	195.4	209.1	222.5	243.1	246.3	249.6	264.5	263.6	273.1	281.9	281.1	274.7	251.9	251.8	236.5	208.9	176.3	157	157.3	154.8	158.5	165.8	163.9	168.1	190.3	228.4	219.1	192.1	190.4	202.6	231.6	242	232.1	272.5	274.5	255.5	277.9	272.4	240.3	248	269.9	272.8	271.5	282.6	282.8	265.2	250.4	237.7	231.9	229.2	229.6	226.4	226.7	223.8	212.4	213.9	233.9	220.5	220.2	227.5	214.1	218.4	226.4	239.5	246.4	252.2	244.6	234.8	236.3	238.4	248.4	250.4	244.8	251.7	259	265	248.6	243.4	223.7	197.9	202.1	211.4	198.9	203.6	218.6	221.9	232.4	232.8	217	192.2	164.6	150.2	139.4	125.7	112	108.5	108.4	109.7	113.9	101.3	87.2	79	72.3	64.9	58.1	46.6	38.2	36.8	37.2	33.1	39.1	50.1	53.4	58.4	62.9	54.3	48.7	47.6	50.7	61.7	72.4	93.5	115.3	146.5	231.9	332.9	413.9	444.7	443.9	449.5	448.7	437.5	438.7	437.1	441.9	452.3	442.7	437.9	448.3
637.5	637.5	637.5	637.5	634.3	626.3	607.1	586.3	564.7	552.7	539.1	523.1	513.5	513.5	450.7	373.5	354.3	344.9	342.1	337.9	299.5	248.1	227.9	185.3	160.1	143.7	138.7	137.9	136.7	135.7	134.7	130.7	114.9	81.6	69.7	61.4	68.2	65.5	66.4	66.2	61.9	79.8	109.9	140.6	180.2	206.2	223.4	242.3	247.9	244.1	238.1	230.4	218.1	208.5	194.1	187.9	194.5	203.3	207	215.2	220.2	231.4	236.9	240.3	252.9	256.9	253	244.5	227	229.6	212.6	184.2	153.8	138.2	140.6	138.4	134.5	133.7	134.4	140.8	172.7	209.5	195.4	167.3	169.1	179.4	216.2	223.8	213.1	253.3	250.8	242.3	265.3	252.1	227.7	246.5	265.7	261	264.1	280.2	273.8	257.2	243.2	227.3	215.7	214.7	218.5	212.8	210.7	207.7	196.6	194.9	205	192.1	190.8	191.9	178.7	189.6	202.2	215.1	222.9	237.3	236.3	230	237	240.1	257	260.9	258.8	264.7	270.5	277.2	260.2	253.5	228.5	202.2	205.6	210.5	200.2	206.4	220.6	224.7	235.2	238.1	226.2	199	166.6	151.7	142.4	129.6	116.2	109.5	109.5	110.1	113.8	106.1	90.6	80.2	73.6	68.2	57.4	47.1	37.7	34.2	37.2	35.3	39.9	50.3	54.4	63.8	69.1	62.3	52.9	52.3	52.5	65.2	79	92.3	113.9	159.5	248.3	343.1	426.5	443.1	443.9	449.5	451.9	441.9	442.7	438.3	439.9	450.7	446.3	441.1	451.9
637.5	637.5	637.5	637.5	620.7	606.3	595.9	581.5	559.1	551.9	541.5	524.7	515.1	514.3	443.7	369.5	354.3	349.9	345.1	341.5	318.7	255.7	238.5	207.1	153.9	140.5	138.9	136.7	133.7	129.5	134.5	137.3	112.5	76.4	67.8	58.9	58.1	60.9	65.8	63.2	62.3	79.7	113.4	147.6	188.4	212	226.7	240.6	243.3	241.7	248.1	245.7	234.1	220.3	205.9	203.7	205.1	201	198.5	194	192.3	198.5	205.2	211.4	218.5	228.5	233.3	224.9	218.7	220.9	197.2	155.1	135.1	132	135	137.3	136.5	131.6	139.3	169.7	196.5	197.8	179.4	177.7	192.5	212.2	240.6	237.1	235	271.3	259.1	279.2	307.4	305.7	297.8	296.9	298	293.4	319	326.8	287.9	257.3	241.5	228.5	212.6	215.2	226.1	231.2	233.1	226.6	205.1	191.2	188.9	188.7	193	190.8	203.6	236.1	242.3	244.1	244.7	246.5	256.5	266.5	279.8	290.6	302.1	308.3	311.5	314	316	310	304.4	294.6	270	258.4	257.1	246.1	240.7	238.8	248.2	244.9	243.7	242.8	234.7	213	185.7	164.8	149.5	133.1	120.3	113.3	111.5	111.7	115	110.3	94.5	83.2	76.4	71.9	62.7	50.7	40.9	34.7	35.1	37.1	40.5	50.1	56.6	63.1	72.2	66.2	57.3	53.2	55.9	66	78.2	98.8	126.5	173.1	256.1	327.3	397.3	433.5	433.1	434.7	444.3	448.7	461.5	455.9	448.3	459.9	460.7	455.1	458.3
637.5	637.5	637.5	637.5	618.3	600.7	591.9	577.5	557.5	549.5	539.1	521.5	514.3	493.3	398.1	367.7	360.5	345.5	344.3	346.7	347.5	286.1	245.9	221.5	170.9	152.7	143.9	130.7	123.9	127.7	139.5	137.9	105.6	74.9	61	51.7	48.2	50.7	63	60.4	65.8	90.7	121.3	147.7	191.5	218.7	236.5	243	237.1	238.9	242.7	241.1	235.7	225	211.4	205.2	205.1	200.4	193.8	186.8	186.5	183.7	179.6	184.5	195.8	206.6	213.1	207	195.2	202.3	175.5	138.7	118.7	116.8	124	127.9	126.2	119.5	136.1	170.6	189.3	180.6	171.6	180.6	191.8	214.3	239.5	238.4	235.5	266.9	260.4	283.6	308.9	317.3	319.5	309.5	306.1	306.7	332.2	330.9	287.4	253.4	231.8	217.6	203.2	205.3	210.3	214.7	219.7	214.5	193.6	176.8	168	167.3	174	179.4	205.3	231	231.6	229	231.5	225.2	228.8	242.6	259.5	272.3	280.8	284.8	288.4	292.9	300.8	294.5	284	276.2	264.3	260.7	259.7	249	245	248	249.7	243.9	242.4	242.4	233.7	214.5	195.6	173.6	151.8	138.8	123.6	116.5	112.9	109.9	112.5	108.3	95.7	89.6	83.4	75.1	67.1	49.4	40	37.5	35.8	38.6	42	49.5	57.9	61.9	70.7	68.9	61.5	56.7	54	65	79.3	102.8	129.8	169.9	242.1	336.3	405.7	423.9	424.3	425.9	439.1	446.7	460.7	456.7	451.1	458.3	459.9	455.1	451.5
637.5	637.5	637.5	637.5	620.7	599.1	584.7	567.1	552.7	543.9	532.7	524.7	515.9	486.1	393.9	363.3	355.3	347.9	343.1	347.5	338.1	265.9	239.7	240.5	225.3	172.1	144.5	134.1	124.7	126.9	137.9	136.7	107.7	74.6	59.4	47.6	45.8	51.8	58.6	61.3	69.4	97.7	131.3	162.2	204.2	230.2	244.7	252.3	255.9	273	288.3	280.1	275.4	277.7	268.6	265.1	260.5	253.5	255	244.6	229.2	210.1	190.1	180.4	172.2	171	170.9	159.5	160.7	169.8	169.4	159.2	150.3	158.2	174.6	180.6	172.1	173	199.3	217.9	223.9	219.5	232.6	245.9	250.4	262.3	275.4	279.7	286.8	309.7	319.6	330.5	350.1	366.1	377.7	377.3	358	364.1	363.2	344.3	320.2	302	284	267.9	252.4	238.8	227.1	229.5	231.4	223.2	205.1	190.6	177.7	168.8	178.3	203.5	224.2	229.7	229.3	228.9	231.2	236.8	241.9	256.1	265.7	271.4	270	267.8	268.5	268.6	263.7	255.1	253.3	259.4	268.2	271.3	266.1	263	264.3	258.4	256.3	250.6	240.7	238.7	234.2	224.9	217	197.4	170.8	148.6	131.1	120.9	116.7	112.8	112.1	107.6	97.7	95.3	87.6	76.8	70.2	55.7	41.7	40.1	35.2	38	43.3	51.2	60.1	62.3	70.4	71.7	66.4	60.7	54.6	67.3	91	126.7	149.9	183.1	262.4	349.7	417.7	418.3	426.7	436.3	444.7	453.9	459.5	454.7	455.1	456.7	456.3	454.3	439.5
637.5	637.5	637.5	637.5	618.3	595.1	582.3	564.7	549.5	542.3	532.7	525.5	518.3	448.3	381.7	368.3	353.1	347.7	347.3	349.1	338.1	263.3	242.9	247.5	214.3	167.5	137.1	132.3	130.3	131.9	135.5	134.5	108	69.4	54.9	45.4	45	48.9	55.4	70.9	85.5	114.1	137.1	161.2	206.8	233.4	248.2	253.2	261.6	278.8	285.8	272.4	269.6	274.8	272.3	270.8	258	252.7	261.8	257.3	240.6	226.5	208.3	193.2	180.9	173	163.3	152	157	165.6	169.9	163.1	161	171.2	189.6	192.6	185.6	189.4	209.7	218.4	222.6	220.4	234.1	245.6	248.6	255.7	264.1	271.1	281.5	303	316.8	327.2	343.6	359.6	370.2	374.4	368.5	360.6	358.4	339.7	314.3	302.8	286.8	268.1	253.4	241	224.4	220.5	220.5	212.5	196.2	184.5	171.8	167.3	176.7	199.3	209.5	213	213	213.4	217.9	224.9	235.5	244.4	245.1	245.4	243.9	239	237.9	234	225.5	221.6	228.3	236	247.6	254.1	256.1	259.3	264.1	257.6	247.4	237.2	232.7	234	230.8	223.5	213.6	196.3	173.6	156	139.9	125.2	119.3	114.9	111.1	106.6	100.1	98.3	90.8	78.8	70.4	57.4	43.1	39.3	35.9	37.4	48.4	56.1	62.8	61.1	67.7	74.7	69.5	60.4	55.6	71.7	105.2	140.4	165.6	197.8	280.3	354.3	422.9	421.9	434.7	441.5	449.5	455.1	456.7	449.5	450.7	453.9	451.9	451.5	442.7
637.5	637.5	637.5	630.3	606.3	587.1	571.9	552.7	538.3	531.1	528.7	526.3	519.9	447.1	380.3	366.3	353.7	349.5	345.3	347.9	325.1	258.3	243.5	248.1	213.7	169.1	141.9	130.3	127.7	132.1	135.7	136.5	124.8	82.5	59.7	49.8	46.7	49.2	57.4	77.1	97.9	120.9	141.3	169.1	211.2	241.9	257.2	268.3	289.5	304.9	299.5	282.2	274.3	277.9	277.5	279	268.6	268.7	282.6	282.8	274.3	265.3	252.1	237.1	217.1	214.4	207	194.5	182.1	165.8	154.3	157.5	166.5	175.9	186.1	197.7	203.9	214.6	223.2	223.9	223.2	229.2	241.8	249.8	250.2	258.6	268.1	273.3	284.2	302.2	314.8	335.2	354.2	370.7	384.9	387	388.4	378.3	378.4	363.6	333.4	326.8	310.7	283.5	266.1	255.8	249.9	233.4	219.9	211.1	205.6	193	193.6	201.8	202.3	209.4	206.9	208.7	209.7	213.3	216.2	209.1	195.1	194.6	188.6	182.4	181.4	181.1	183.6	179.2	174.8	179.5	184.7	193.7	201.1	202.3	214.8	226.9	236.7	247.9	247.8	238.6	229.8	228.9	228.4	223.6	216.9	208.2	190.9	174.5	154.1	134.7	126.6	119.9	117.5	110.2	106.4	107.6	99.4	89.2	77.9	63.4	46	40.9	36.3	34.8	43.5	52.9	60.7	62.7	65.1	72	71.4	60.9	58.7	80.8	126	163.2	172.1	199.7	271.4	350.2	422.3	437.9	440.7	440.7	446.3	451.1	456.7	451.1	437.1	434.7	441.5	444.7	451.9
637.5	637.5	637.5	622.3	598.3	581.5	565.5	548.7	534.3	528.7	526.3	524.7	517.5	467.5	406.1	369.9	355.1	350.7	346.7	345.3	316.5	259.7	243.5	246.1	214.1	168.1	140.7	134.5	131.5	127.5	131.3	136.3	115.3	71.4	63.4	53.7	50.8	51.5	65.5	79.4	94.6	121.1	142.5	177.4	222.4	243.9	259.9	273	287.4	297	290.6	283.5	272.7	273	281.9	283.4	273.6	275.6	286.1	280.1	269.8	264.3	254.6	241.1	227.3	217.2	212.7	207.6	191.6	169.1	149.3	142.9	149.1	157.1	161.2	171.6	185.9	198.3	211	214.8	214.1	221.7	234.1	237.8	241.4	245.8	252.7	261.6	273.7	293.7	310.1	331.4	353.8	383	398.3	395.7	399.6	391.5	382.2	359.2	331	319.5	305.1	277.6	257.8	247.7	238	228.5	215.8	208.1	204.7	191.6	194.4	202.4	207.8	210.1	206	207.5	208.5	208.3	205.1	197.7	183.4	175	171.6	173	180.5	177	174.2	170.4	166.8	171.6	173.6	178.6	181.1	183	188.7	201.3	210.1	222.3	234.8	238.9	235.4	231.1	230.5	226.7	227.4	219.6	204.6	187.3	169.9	150.5	136.1	124.1	118	109.6	104.2	102.5	98	92.9	83.6	64.5	52.3	44.6	38.3	37.2	41.1	49.4	56.1	60.1	63.4	68.7	76.4	71.6	69.8	90.2	128.1	159.5	169.9	210.6	297.7	361.5	408.7	438.7	434.3	436.7	445.5	450.3	455.9	457.5	439.1	434.3	440.3	447.5	450.3
637.5	637.5	634.3	599.1	579.1	575.9	564.7	547.1	534.3	527.1	524.7	521.5	512.7	442.5	392.9	366.1	357.5	349.5	346.1	346.7	326.1	278.3	249.1	233.3	201.5	175.3	146.9	134.9	137.5	129.5	127.9	139.5	120.9	71.5	58.5	54.9	53.3	56.8	69.6	87.1	108.8	134.9	153.9	188.1	231.2	249.5	262.1	271	284.3	280.6	275.1	275.3	270.9	275.7	282.7	283.9	287.7	287.6	283.2	274.7	267.1	264.9	252.2	241.8	240.8	237.9	233.1	229.7	220.6	205.6	190	167.3	156.3	152.7	143	146.1	156.9	168.4	177.4	181.8	188.8	199.3	212.9	224.3	233.2	240.8	246.7	261.2	275.5	289.9	311.1	331.2	356.8	388.3	412.7	431.3	425.6	413.9	386.5	355.6	332.4	316.3	301.7	286.2	268	252	236.2	229.1	222.4	216.8	215.3	212	212.6	211.2	208.4	206.1	198.2	181.3	167.1	156.8	151.6	153.3	151.1	144.6	136.5	135.5	141.8	150.5	146.5	137.6	139.5	143.4	143.2	153.8	157.8	154.5	159.1	167	179.5	192.3	203.2	223.2	239.4	238	230.8	227.8	232.8	231.7	224.2	214	194.2	170.9	147.5	134	124.9	123.2	118.1	115.8	107.6	97.6	85.6	70.2	56	45.3	39.3	34.7	39.7	48.2	57.7	61.5	61.4	71	77.3	71.4	73.3	102.2	142.1	161	168.3	224.5	300.1	356.5	419.5	406.7	408.3	425.5	436.3	446.7	448.7	457.1	451.5	440.3	435.1	436.3	437.1
637.5	637.5	630.3	594.3	578.3	575.9	563.1	547.1	537.5	529.5	525.5	523.1	509.5	464.7	404.3	368.5	359.9	350.5	347.3	353.1	332.5	282.3	247.9	230.3	204.5	182.9	154.9	141.9	132.1	124.3	132.7	135.3	112.6	69.9	61.1	57.5	56.3	64.9	79.9	105.6	129.8	144.2	156.7	194	237.4	252	260.1	270.4	274.2	275.7	273.6	273.1	271.6	275.3	278.1	280.3	281.8	275	264.9	255.2	245.9	243.4	240.5	237.4	233.9	229.5	225	224.8	221.9	206	194.8	185.4	173.1	157.4	146	148.3	149.2	152.2	158	168.3	179.7	189.5	201.7	214.2	223.1	233.2	239.2	252.3	271.7	288.7	309.5	336.8	370.2	412.5	449	461.6	458.2	435.4	397.8	370.2	346	323.8	305.4	282.3	266.4	247.8	234.4	228.1	218.3	208.5	209.1	209.7	207.9	203.2	196.8	190.3	171.8	157.1	143.2	136.4	136.9	143.2	148	138.4	118	115.5	113.6	127.1	123.5	111.4	116.7	125.1	130.3	148.6	156.3	148.5	147.9	157	169.5	181.2	192.4	208.1	227.3	235.8	227.9	228.1	236.7	237.4	232.9	222.5	206.9	181.1	154.7	140.1	129.1	125.8	123.4	118.8	109.6	101.5	86.1	72.8	57.9	46.4	40.1	33.2	35.1	45.3	57.8	59.4	59.6	69	80.4	78.5	83.8	111.3	157.6	173.3	168	243.1	310.1	365.5	415.9	407.9	407.9	414.7	424.3	438.3	440.7	451.9	452.3	443.5	435.9	434.7	430.3
637.5	637.5	635.9	611.9	598.3	580.7	559.9	550.3	542.3	531.1	529.5	521.5	503.9	479.7	415.9	369.5	364.1	352.3	350.3	352.5	340.7	302.5	250.7	241.7	224.3	194.1	181.9	159.9	135.3	126.7	130.1	131.9	118	77.1	65	62.1	59.7	70	85.8	112.7	138.3	150.3	166.2	205.9	247.7	265.7	276.5	279.7	278.9	272.9	266.8	268.7	272.5	269.1	274.1	274.7	272.6	266.8	257.4	247.4	241.3	243.8	241.1	236.6	230.1	223.8	218.2	213.9	206.6	190.5	181.6	182.3	180.1	171.2	168.6	166.2	158.6	147.9	149.1	161.6	171.2	174.1	186.3	195.5	207.7	221.3	232.5	248.2	273.6	293.8	313.7	347	384.6	420.9	456.1	478	472.9	438.5	417	388.2	363.5	334.9	307.6	283	262	245.8	232.8	220.9	207.9	200.3	198	192.7	188.8	178.7	160.8	146.8	135.1	126.6	121.7	133.9	176.5	199	174.9	133.2	127.5	120.2	109.4	128	135.1	108.1	107.8	112	119.7	140.8	179.4	189.1	180.3	160.1	149	159.6	174.1	185.8	202.4	223.2	230.3	229.6	234.2	243.8	244.9	240	233.2	217.6	190.3	166.9	152.3	139.9	136.2	125.9	114.3	104.4	92.9	74.9	61.1	52.4	43.4	36.4	33.3	42	54	58.6	57.9	65.9	81.1	93.8	108.8	129.2	145.1	164.9	187	268.8	313.1	362.5	434.7	433.1	427.1	414.3	396.7	419.1	437.5	449.5	451.9	450.3	444.3	437.1	436.3
637.5	637.5	637.5	611.9	598.3	580.7	558.3	549.5	541.5	531.1	528.7	518.3	501.5	473.3	408.1	366.5	351.5	356.7	355.1	346.5	332.3	309.3	256.1	240.9	236.3	209.1	195.5	166.7	134.9	131.3	131.5	122.9	117.6	84.1	67.8	64.2	64.4	79	95.3	124.7	146.2	155.3	168.6	210.6	248.7	267.7	277.3	282	277.1	269.7	268.2	264.3	264.2	258	255.2	252.1	249.7	251.1	254.6	248.1	233.2	225	223	214.9	209.5	200.8	189.3	184.3	172.8	152.5	147.1	149.3	151.2	151.5	155.3	157.9	158	154	149.8	155.2	163.2	166.2	173.2	186.5	199.9	213	225.9	239.8	266.3	291.3	321.9	362.4	404.3	438.9	478.3	496.7	495.5	462.1	437.2	411.6	384.4	349.7	312.7	282.7	259.7	239.1	225.7	211.5	196.6	191.4	187.5	179.9	171.3	158.1	142.7	135.3	126.4	124.1	126.9	146.4	190.7	208.1	164.8	116.9	115.1	107.8	93	151.7	189.2	116.4	101.5	100.9	100	114.6	158.6	185	187.2	165.6	150	151.1	162.3	175.9	190.2	206.8	217.1	220.6	228.8	241.7	247.9	244.8	236.6	224.3	200.3	176.5	158.9	147.2	141.6	129.9	115.4	105.6	93.6	78.6	58.6	50.1	42.3	37.6	32.8	36.6	53.8	57	56.4	63.4	83.8	107	130.9	150.7	156.3	161.4	208.6	296.6	317.3	380.7	438.7	436.7	427.5	420.7	403.1	421.5	437.1	445.1	448.3	449.5	448.3	441.1	437.1
637.5	637.5	627.1	607.9	589.5	572.7	558.3	548.7	540.7	534.3	529.5	508.7	495.9	480.7	413.9	363.7	357.5	345.7	342.3	345.7	331.5	298.9	268.7	244.1	239.3	229.9	224.9	211.1	168.5	142.9	134.7	127.3	121.5	93.4	71	64.4	65.4	83.7	99.3	125.6	146.6	159.5	185.9	226.9	255.7	276	286.3	280.4	268.6	257.8	260.9	262	263.9	256.7	246.1	234.9	224.8	213.7	198.2	172.5	154.2	142.7	134.6	128.8	120.8	108	97.6	99	98.5	80.4	86	97.7	101.1	109.9	123.3	138.4	155	166.4	173	166.5	163.8	162.4	162	168.2	185.2	200.6	219.8	238.8	261.3	295.7	330.1	372.5	418.8	457.2	487.4	508.8	501.6	487.4	463.5	434.5	398.4	361.3	321.7	285.5	255.7	231.1	209	187.3	178	169.8	160.3	150.2	141	136	135.6	129.2	125.8	136	158.8	183.9	199.3	184.6	134.4	79.5	73.7	69.9	53.7	98.1	148.5	89.3	86.2	97.1	100	108.2	152.9	187.8	201	193.5	179.8	171.6	160.6	167.4	183.4	193.2	206.1	216.6	227.8	238.7	246.4	250.8	245.6	235.1	215.1	189.8	173.7	162.1	146.8	136.2	121.1	110.1	98.6	81.9	65.6	55.2	45.9	40.5	34	34.5	49.2	57.6	56.3	64.1	97.8	124	131.5	164.7	178.3	194.2	243.1	303.4	311.7	373.7	440.3	441.5	429.9	438.7	439.1	444.3	451.1	450.3	447.5	443.1	448.7	451.9	435.9
637.5	627.9	615.1	603.9	587.1	575.1	559.9	547.9	541.5	537.5	529.5	508.7	495.1	468.9	400.5	368.3	365.7	353.5	348.5	339.1	331.7	309.3	279.3	250.5	238.3	228.5	229.7	222.9	181.7	151.3	138.3	124.5	124.7	119.2	89.1	69.5	70.8	90.8	116.3	143.6	155.1	165.4	192.3	226.6	249.7	273.5	286.7	280.2	267.6	260.8	256	259.2	259.3	247.7	228	218.1	207.5	182.6	155	134	126.8	127.7	129.9	125.6	110.3	97.6	91.7	81.7	67.2	65.4	79.1	86.7	94.4	104.6	111.9	132.1	147.1	160.2	172	172.8	170.2	162.3	159.1	162.3	178.1	195.9	214	233.1	255.8	292.2	337	380.7	420.6	463.1	502.2	513.1	506.6	498.4	481.9	442.6	403.7	363.5	320	287.6	254.9	228.3	204.3	182	167	159.7	149.2	140.8	139.8	142.9	139.6	134.4	135.7	143.1	163.7	183.9	188.2	170.5	124.8	61.8	42	40.8	35.3	36.1	43	42.9	61	78	88.7	108.3	155	178.7	178.7	174	175.4	173	166.2	173	186.8	192.4	199.9	211.6	223.5	236.9	250.7	255.8	249.5	240.2	220.3	194.2	177.3	167.7	155.8	140.4	129.2	114.6	100.9	87.2	70.7	55.7	47.3	40.8	36.6	35.7	48.1	58.4	56.6	67.8	106.6	124.9	123	153.6	173	188.8	244	295.9	319.5	390.3	438.3	443.9	430.7	437.5	440.7	440.3	447.5	451.1	451.9	447.5	447.1	455.1	439.9
630.3	603.9	598.3	595.1	583.9	581.5	564.7	547.9	541.5	534.3	517.5	502.3	490.1	474.9	442.5	377.7	367.7	370.9	353.7	342.1	325.7	320.9	300.3	258.5	236.1	234.3	232.9	222.7	203.9	169.7	150.7	149.9	141.5	121.9	85.6	68.6	71.6	87.6	105.1	131.2	153.6	173.5	207.2	238.5	269.6	287	289.9	280.3	265.5	256.9	258	257.2	242.4	216.6	185.3	153.8	134.7	122.8	118.8	125.5	128.4	120.4	116.1	119.5	116.6	95.9	75.7	69.3	51.9	50.3	65.8	82.6	84.1	83.3	88	105.1	121.2	126.5	137.7	155.8	169.8	170.3	162.3	156.2	163.5	183.8	206.5	230.2	257	290.1	331.7	372.2	413.4	452.4	499.5	526.7	526.6	504.5	485.3	468.2	426.2	376	334.7	295.4	258.4	221.8	190.9	170.7	163.3	160.3	161.9	161.8	158.2	149.5	137.7	134.5	139.7	150.4	169.9	194.7	195.8	181.2	157.5	105.7	60.2	46.1	47	43.5	40.5	45.8	53.6	62.2	68.4	108.4	156.4	173.3	169.4	159.8	163	167.3	172.5	181.1	190.6	196.9	197.2	204.6	219.5	237.7	254	264.3	264.4	257.8	241.9	215.1	193.1	175.8	153.5	135.9	124.7	114.3	103.1	87.6	76	61.9	48.8	43.7	43.4	45.7	55.2	71.6	75.7	78.7	99.6	120.3	126.1	134.2	152.3	169.8	231.3	304.9	323.3	355.7	408.1	425.5	417.1	429.1	427.9	422.3	417.9	421.5	427.1	431.5	417.9	440.7	451.5
627.9	603.9	597.5	591.9	582.3	576.7	559.9	546.3	541.5	531.1	512.7	491.9	448.1	423.7	417.1	383.5	375.7	368.7	342.5	331.9	326.7	326.5	297.5	256.9	241.3	237.9	240.5	227.7	204.7	177.5	158.5	144.7	145.9	133.7	94.6	73.3	85.4	109.5	132.2	152.2	165.8	182.1	211.5	244	275.2	286	285.7	274.1	257	250.1	251.8	248.3	224.2	196.1	169.2	150.6	140.8	142.8	155.2	167.7	164	142.1	127.6	134.8	128.1	100	83	70.2	57.2	55	69.8	94.9	105.5	94.6	97.2	122.3	128.4	125.3	130.1	141.1	156.6	165.8	169.1	166.3	172.4	193.1	211.8	233.9	263.8	302.8	346.1	393.2	447.8	492.2	529.2	543.2	535.9	517.8	492.8	459.3	410.6	366.7	321.7	287.7	251.5	218.6	188.2	170.7	165.9	168.7	172.3	174.6	166.1	152.5	143.6	131.6	136.4	155.9	186.1	210.8	202.5	191.6	169.7	123.2	76.2	55.8	49.8	49	45.6	49.2	65.8	74	79.4	112.9	145.2	157	160.6	150.9	143.9	152.2	166.8	181.4	192.9	200	201.7	205.6	216.7	236.2	252.2	258.6	258.6	253.1	235.3	210.3	191	175	157.2	139.6	132.6	119.8	100.2	89	79.3	64.9	54.3	50.5	47.7	50.2	68.4	86.3	89.9	102.1	128.3	132.5	120.5	127.5	142.6	174.7	254.7	319.1	358.9	417.3	423.9	422.7	419.1	429.5	426.7	424.7	417.9	419.1	418.7	417.5	408.3	436.3	449.1
637.5	627.9	622.3	603.9	583.1	571.1	559.9	548.7	541.5	534.3	518.3	506.3	479.7	435.9	423.9	407.1	382.1	374.9	362.9	342.3	343.1	342.1	313.7	273.3	246.5	243.1	240.5	232.3	205.9	178.3	161.9	141.1	139.5	136.9	101.9	72	85.4	110.6	137	155	165.4	187.6	221.3	248.4	275	287.2	283.5	276.5	262.9	247.5	241.9	232.4	200.8	165.2	142.1	133.7	144.4	173.5	202.6	214.9	201.8	162.8	138.4	152.6	158.3	129.4	103	151.8	125.6	67.1	77.7	95.2	136.1	160.6	162.3	160.7	152.7	140.8	136.9	137.2	155.2	168.2	173.7	179.2	183.2	193	205.9	226.9	254.2	292.5	333.3	384.9	441.8	492.5	529.5	550.4	542.8	521.5	505.5	470.6	416.4	370.2	323.5	289	257.5	222	191.6	178.6	184.6	200.9	212.5	203.2	169.2	167.5	164.9	145.4	143.7	150.8	172.7	196.3	202.5	195.1	194.4	181.9	159.8	129.1	105.1	82.2	68.9	71.7	94.3	113	134.9	143.6	138.8	142.2	139.3	126.3	126.4	139.8	163.1	182.8	197.2	203.8	208.1	213.5	219.8	230.8	245.5	253.7	259.4	255.9	243.4	224.6	204.3	186.4	163.1	142.1	132.6	126.6	106	88.3	85	79.7	75.1	67	60.8	60.9	68.6	84.8	97.6	116.7	149.3	159.1	138.6	129.3	140.3	195.1	278.6	312.7	333.3	397.7	428.7	432.3	425.1	427.5	435.9	438.7	437.5	430.7	427.5	425.9	424.7	429.5	440.3
637.5	629.5	610.3	587.9	573.5	561.5	551.9	541.5	537.5	523.9	507.1	500.7	488.9	462.3	437.5	408.1	399.3	401.9	365.5	347.9	348.5	341.9	323.3	288.9	255.3	246.7	239.7	230.9	206.9	174.5	154.7	139.5	141.3	135.7	114	81.4	99.8	128	149.7	162.7	172.2	195.7	227.3	249	272.8	287.7	291.6	283.4	268.8	253.9	250.9	228.3	194.1	166	161.2	174.7	192.5	223.1	239.2	241.6	214.1	174.1	175.3	185.6	166.6	158.6	222.3	195.5	130.6	137.7	136.5	163.3	229	243.7	216.9	189.8	178.5	175.7	175	179.1	182.9	186	188.7	188.8	193.9	208.3	223.7	248.3	278	306.5	348.3	401	451.7	497.8	535.8	549.1	535.6	512.2	493.7	456.5	409.4	361.8	318.5	288.9	258.7	226.3	202.3	194.6	213.7	241.8	230.1	183.2	167.1	171	169.6	150.3	143.2	171.7	191	210.7	215.8	209.4	208.8	202.9	183.3	154.7	127.7	108.9	106.7	119.9	149	161.6	163.1	162.8	149.2	139.6	137.2	133.9	133.6	142	169.4	190.1	200.8	210.3	214.8	220.1	231.1	241.2	251.4	256.5	258.9	257.3	245.3	224.7	207.2	187.4	165.1	143.8	132.3	120.9	102.3	96.4	93.7	84	82.6	78.4	70	65.8	71.7	84.5	98.7	118.2	141.5	155	146.4	130.6	141.4	213	290.1	339.1	378.3	400.3	427.1	433.5	424.7	422.3	431.5	441.5	441.5	443.1	439.9	435.9	433.9	436.3	435.1
616.7	607.9	599.1	578.3	563.9	553.5	546.3	539.1	529.5	515.1	503.1	495.1	495.3	476.5	444.5	414.1	402.5	397.7	369.5	348.7	349.3	343.7	343.1	309.3	270.3	251.3	241.5	220.3	176.1	155.9	139.7	129.5	129.3	133.1	121	90.3	100.7	126.1	149.1	164.2	179.8	211.4	241.9	261.8	285.7	300.3	305	298	287.3	268.1	255.3	223.7	189.1	171.6	182.6	210.3	226.6	251.8	269.5	265.3	232.8	197.8	193.3	187.3	181.6	176.6	193.2	183.5	164.4	172.5	175.3	201.1	264.1	294.3	294.1	270	236.6	216.2	225.9	224.4	226	232	230.5	218.9	206.3	209.3	222.9	245.4	276.1	305.7	346.3	399	442.4	481.8	512.9	528.4	521.2	509	488.1	448.3	398.3	346.9	304.7	279.9	256.7	232.3	214.8	213.7	232.7	256.7	240.6	203.9	192.1	177.4	167.8	175.1	181.8	189.2	195.9	201.6	205.2	205.2	202.5	198.6	196	196	197.8	190.5	201.1	201.4	214.7	217.7	193.6	173.2	164.4	156.2	157.1	153.4	152.3	154.4	167.5	185.9	199.5	211.9	219.7	229.4	240.5	249.8	256.6	262.3	260.7	258.4	250.2	236	215	197.3	175.2	149.7	131	118.8	101.9	95	100.5	95.5	95.3	90.3	78.9	65.3	59.5	71.7	90.1	108.7	126.5	148.2	156.1	146	150.2	215.3	281.7	355.5	414.9	415.1	417.1	425.1	431.5	435.1	430.3	439.1	447.5	437.5	451.1	447.1	446.3	449.5	443.5
612.7	597.5	595.9	578.3	563.1	551.9	542.3	536.7	525.5	512.7	502.3	495.1	493.3	468.5	463.1	430.9	409.5	410.3	369.1	350.9	351.3	358.3	371.3	338.3	295.3	260.3	242.9	215.3	174.9	153.3	135.5	131.5	129.3	136.1	142.1	112.6	113.4	140.9	160.9	170	183.7	215.1	250.6	274.2	297.4	313.7	323.6	318.3	306.6	282.7	260.7	230.5	202.3	200.3	215.9	230.3	246.8	270.2	283.8	275.3	249.2	219	207.9	200.4	195.4	187.2	181.9	179.7	177.6	180.3	179.9	212.8	271.5	296.9	299.8	284.2	253.9	225.5	225.2	231.4	233	239.6	243.6	229.3	219.8	221.9	243.7	269.2	287.8	311.7	352.5	405.2	449	478.4	501.2	516.1	508	497.1	473.8	435.5	389.7	343.3	308.2	284.2	269.6	250.6	231.7	225	238.7	250.6	242.3	226.3	221.3	206.5	198	206.7	207	207.1	212.2	214.8	221.6	229.1	227.3	224.1	231.2	231.7	236.8	230.7	235.8	238.8	262.2	249.2	207.4	194.9	198.7	191.1	187.4	180.4	178.7	179	183.4	195.7	206.6	219.9	228.8	240	258.2	262	262.7	268.1	268.6	264.8	257.2	242.4	223.3	201.6	181.2	155.2	133.9	120.3	103.5	100.5	104.1	95.6	91.5	89.4	81.6	63.5	60.2	77.9	94.7	104.3	119.8	133.9	143.8	146.5	160.8	225.2	311.7	409.7	436.3	416.7	409.1	422.3	429.9	437.9	435.5	439.9	445.1	440.7	446.7	440.7	447.1	450.3	453.1
619.1	607.1	599.9	584.7	567.1	549.5	541.5	534.3	515.1	506.3	500.3	496.7	495.9	463.5	463.9	446.7	420.1	415.5	374.7	352.3	355.9	364.3	372.7	352.7	312.7	266.1	241.7	187.7	160.5	145.1	137.1	137.9	131.5	132.3	148.1	122.1	117.3	139.5	162	174.3	187.6	222.4	255.6	276.2	300	314.8	326	321.5	310.6	289.1	260.6	238.3	226.1	226.3	246.9	262.5	267.2	285.6	298.3	291	277.9	244.5	219.1	212.2	209	205.4	196.3	194.7	190.1	181.6	209.1	268.3	303.9	307.9	298.2	282.6	263.1	249.2	249.4	259.9	262.6	233	240	250.8	243.3	237.9	255	276.2	291.4	306.6	343.9	393.4	433.2	462.2	481.5	490.3	482.4	478.2	457.4	421.4	378.9	334.5	302.4	277.6	271.5	258.3	241.8	230.6	234.4	230.7	227.8	233.9	233.3	229.6	222.8	213.2	206.1	201.8	203.1	204.6	209.5	225.7	216.8	215.2	228.8	221.1	235.1	234	230.4	217	230.4	231.4	215.3	208.1	222.2	230.8	223	224.9	217.3	213.4	217.7	220.7	228	240.1	248.9	259.3	267.1	272.7	271.5	273.1	276.1	271.6	262.8	248	229.6	206.7	183	158.3	139	124	107	103.1	110.4	101	94.8	90.9	75	57.9	58.1	77.7	93	101.4	110	125	132.5	147.1	182.2	234.8	292.5	386.3	413.9	418.3	420.3	425.5	421.9	427.1	432.7	442.3	447.1	450.3	440.7	429.1	436.3	447.5	444.7
624.7	611.1	598.3	584.7	567.1	549.5	542.3	530.3	511.9	506.3	501.5	495.1	487.1	491.7	470.3	448.7	440.1	405.5	377.7	362.3	370.5	396.7	390.5	352.9	304.7	264.9	239.3	186.5	161.9	146.5	137.9	138.9	133.3	134.9	153.7	140.7	139.6	154.5	166.3	182.1	196.3	219.1	245.5	264.3	287.6	304	316.1	319.6	314.4	301.1	282.5	266.2	252.2	248.5	260.3	272.1	270.6	279.9	299	298.3	290.7	259.5	229.4	220.5	218.9	210.8	205.9	201.5	201.3	204.6	236.8	287.9	307.9	300.5	279.5	268.2	253.7	255.1	258.2	269.3	284.3	252.3	253.8	273.7	280.8	273.7	286.2	295.4	295.7	314.4	350	401.4	448.6	476.5	491.9	503.1	496.5	483.8	457.8	413.2	369.3	326	301.5	287.4	281.9	274	264.3	256.1	251.1	247.2	238.6	242.6	239.9	236.2	227.1	220.3	214.1	209.3	211.1	213.8	221.4	233	222.4	225.9	229.5	214.9	222	238	239.6	224	236.8	237.5	233.7	228	233.2	243.6	245.5	252.2	247.1	238.3	237.8	235.9	241.2	249.9	260.9	268.9	274.2	279.7	280.7	278.2	279.6	275.9	266.4	249.6	234.3	211.7	188.7	161.4	139.3	122.9	106.4	102.4	108.2	100.5	91.2	88.3	77.6	70.3	73.4	88.1	92.6	95.4	101.4	118.7	134.2	156.5	202.7	258.2	325.9	391.1	409.5	417.9	425.9	424.3	413.9	421.1	430.7	435.9	443.1	444.7	437.5	429.1	431.5	440.7	434.7
624.7	610.3	587.9	572.7	559.1	547.1	535.1	523.9	509.5	507.9	498.3	494.3	487.9	489.5	465.5	438.3	437.1	419.3	391.7	372.9	369.1	397.7	405.3	379.9	326.1	279.1	213.5	173.1	159.9	149.5	149.7	145.1	137.1	143.3	158.5	150.5	147.3	155	168	188.2	201.8	235.2	260.2	272.1	297	317.6	330.2	337.9	334.5	322.6	311.9	298.7	289.3	282.1	277.2	285.2	292.7	294.6	290.8	291.1	298.8	295.9	277.7	255.6	240	229.4	222.6	229.4	267.1	284.8	279.7	278.7	267.1	254.8	241.5	233.8	236.2	248.2	256.4	258.2	273.2	291.7	298.1	294.3	297.8	300.7	300.6	299.9	295.3	310.7	339.7	381.8	431.9	468.2	484.8	497.5	486.2	469	458.6	407.7	358.1	318.3	296.6	284.6	283.1	285.4	280.9	274.6	267.3	256.9	250.5	246.2	244.9	243.4	236.4	228.7	229.6	230.6	235.2	239.6	254.8	261.7	263.5	279.5	275.8	271.5	263.8	270.4	273.8	265.9	267.9	261.9	259.8	258.1	255.1	264.7	273.4	275.1	276.5	273.7	267.4	258.5	260.1	272	274.4	277.8	285.7	289.2	287.1	285	281.6	281.2	272.8	256.2	238.6	218.4	193.9	165.2	142.6	121.9	107.3	103.1	111	107.7	96.1	85.1	82	75.6	75.6	86.3	92.4	93.5	97.7	116.1	148.1	171	220.3	288.8	358.9	418.7	431.9	430.3	425.1	414.3	399.9	415.5	435.1	417.9	417.9	430.3	433.5	438.3	443.5	447.5	441.1
617.5	604.7	584.7	567.1	555.9	543.1	532.7	521.5	507.9	506.3	498.3	495.1	496.3	489.5	465.5	445.5	445.1	444.5	430.3	390.3	408.9	434.7	428.9	392.7	342.5	291.7	212.9	179.9	166.1	152.3	152.7	149.5	142.7	150.3	165.7	160.7	164.6	159.9	167.6	189.5	210.3	254.7	281	288.7	315.7	335.9	344.3	347	345.3	331.8	316.2	303.1	299.1	295.1	292.4	294.9	305	307	294	292.3	296.9	293.8	273.9	248.7	231.5	217.7	211.8	218.1	270.4	287.3	262.3	263.9	259.7	252.3	255	259.4	268	280.6	288.9	301.8	318.6	333.1	337.5	327.8	326.3	322.5	309.6	300.3	295.2	313.2	344	383.1	430.8	467.6	481.7	496.9	485.4	466.7	449.6	405.8	362.6	315.3	291.6	289.4	289.9	295.2	296.7	294	291.8	290.8	282.1	271.3	267.1	263.9	250	240.8	241	238.1	239.3	244.5	261.2	268.7	273.7	290.9	296.7	301.6	294	296.5	293.4	285.4	283.4	281.1	283.6	282.4	279.1	284.5	290.1	290.4	292.5	299.8	299.6	288.1	286.2	291.9	293.4	296.1	296.9	297.1	296.4	294.4	287.7	278.3	274.2	260.1	241.3	220.5	197.7	173.3	146.2	121.4	106.4	102.9	106.7	104.5	96.3	89.5	91.4	89.1	83.1	88	89.2	87.4	91.8	105.8	144	177.7	231.9	321.3	392.5	421.1	435.5	435.9	429.1	411.9	399.5	410.3	427.1	415.5	411.5	433.5	439.9	443.9	447.1	449.5	448.3
611.9	600.7	583.9	567.1	546.3	535.1	530.3	519.1	511.9	507.9	499.9	499.9	500.7	483.1	462.3	450.3	445.5	451.9	441.1	402.5	426.3	442.3	431.9	401.7	367.5	293.5	206.5	182.1	167.7	158.7	159.3	157.7	152.3	155.3	159.3	157.9	165.6	160.4	168.6	194	217.7	265.8	289.2	295.2	323.4	345.6	354.2	359.2	352.8	338.3	330.3	327.4	322.3	328.5	320.6	308	312.8	312.4	312.3	311	305.6	296.9	287.7	279.9	272.9	264.7	258.1	265	280.8	280.3	278.2	269	280	284	277.3	291.9	314.5	328.7	340.1	353.2	368.2	364.1	350	332	330.3	331.9	319.2	303.5	300.8	313.4	337.6	380.2	429.2	473.8	487.8	498.3	485.5	469.3	457.4	410.2	364.2	315.4	290.6	283.6	282.2	290.5	302.8	304.7	305.2	305.7	294.8	281.3	279.2	277.1	267.5	266.2	265.3	262.8	273.4	286.2	289	292.6	297	298.8	306.8	321.4	332.7	334.4	330.6	317.1	308.8	309.5	310.5	311.3	311.6	306.1	305	306.4	308.6	315	324.9	320.9	312.1	310.9	314.4	316.3	318.5	315.9	309.6	305.2	303.3	291.6	282.5	270.3	246.7	222.7	195.9	170.8	146.2	122.9	110.1	108.7	108	107.6	98	92.3	97.2	97.1	91.2	91.4	91.5	86.4	89.6	98.6	132.3	184.9	241.1	320.5	393.7	411.1	414.3	418.7	418.3	414.3	404.3	404.7	405.9	421.9	432.3	437.9	439.1	436.3	426.7	428.3	433.5
611.9	600.7	587.1	565.5	544.7	536.7	529.5	515.1	513.5	507.1	499.9	498.3	497.5	480.7	457.5	449.5	446.3	451.9	449.3	422.1	446.3	437.5	405.3	398.9	394.3	322.3	218.1	186.1	175.7	165.7	164.7	164.5	161.9	158.9	166.3	182.8	178.5	169.2	170.4	193.4	219.3	271.3	294.1	296.7	328.3	347.1	349.7	353.8	351.2	345.9	349.1	347.5	338.1	333.7	329.9	327	327.9	334	334.6	329.6	327.3	322.5	320.1	316.1	312.5	302.4	293.7	306.7	306.4	301.9	307.8	301.1	314.5	318.5	304.8	316.7	341.4	359.3	365.8	376.1	387.2	383.3	366.9	346.5	340.7	329.9	314.9	299.1	296.9	312.3	343.1	385.4	436.5	474.9	491.5	500.8	487.9	474.4	456	408.7	369.1	319.7	291.3	283.6	282.1	294.8	310.7	316.8	318.6	320.2	316.4	308.6	309.2	306.7	299.3	302.1	297.1	292.9	293	293.9	297.1	295.3	299.2	300.8	301.2	309.2	323	315.1	310.8	307.8	301.2	303.5	303.7	304.3	307.8	307.8	313	317.3	324.4	322	331.5	340.3	336.9	330.3	325	316.4	318.8	321.7	318	307.4	305.8	295.7	284.4	268.8	247.9	226.8	200.3	170.8	146.6	119.6	110.2	107.6	107.2	110.2	105.1	103.3	104.8	105.5	98.8	92.3	86.3	81.6	83.6	94.2	130.3	196.4	253.7	347.9	412.5	408.3	413.1	417.5	421.5	416.7	404.7	401.9	403.5	420.7	432.7	434.3	430.7	429.5	421.1	424.7	425.9
623.9	598.3	580.7	563.1	546.3	537.5	523.9	515.9	514.3	501.5	491.5	501.5	497.5	470.3	443.1	445.9	439.5	446.3	447.1	424.7	446.3	443.3	414.5	410.3	419.5	346.9	233.3	203.1	195.7	178.9	175.1	172.3	169.7	164.9	172.3	188.7	181	168.3	170.6	192.1	226.2	279.3	291.9	296.6	329.6	347.5	347.3	353.4	361.5	366.3	367.7	364.7	352.3	344.6	353.8	350.8	345.6	350.2	351.4	347	341.8	338.5	345.3	345.4	339.5	325.8	311.6	332.5	323.4	326.1	337.4	337.7	344.7	347.3	352.9	358.1	365.6	374	380.3	385.5	384.2	371	350.4	343.3	347	344.3	325.1	301.3	295.8	313.5	347.9	391.1	446.7	484.1	496.8	502.8	496.3	483.7	460.8	414.5	373.4	329.9	291.2	282.9	285.3	291.6	308.5	329.6	332.5	334.1	332.9	326.3	324.7	327.4	327.9	332.7	332.6	331.6	321.7	317.6	316.4	313.8	318	324.2	335.7	343.3	344.3	340.1	338.9	346.1	347.5	347.8	343.1	335.3	326.3	329.3	335.5	336.9	341.9	339.4	336	340.7	343.9	342.2	339.1	327.2	323	324.7	324.4	313.5	307.1	300.1	289.6	277.3	254.6	227.5	201.2	172.9	146	117.6	107.6	110.2	112.9	114.6	108	109.1	107.9	106.7	100.5	95.3	89.9	84.7	86.7	97.2	132.8	202.6	262.2	338.3	386.5	392.7	392.3	403.5	416.3	414.3	406.7	407.5	405.1	409.9	438.3	435.5	418.7	421.1	435.5	438.7	430.7
627.1	597.5	576.7	559.1	546.3	537.5	520.7	515.9	514.3	501.5	496.3	503.9	497.5	467.1	445.5	445.9	436.7	443.5	445.5	437.5	448.7	450.3	445.1	447.1	442.3	365.5	248.1	216.5	203.5	179.7	178.1	174.1	170.1	161.9	184.7	208.4	184.8	170.4	173.5	198.1	226.7	270.2	289.3	300.8	333	350.3	362.5	370.6	374.9	375.5	368.3	361.1	363.9	365.1	369	370.4	369.9	367.6	368.9	377.4	371.9	367.2	370.3	371.4	374.9	360.8	346.4	363.1	356	363.4	381.9	387.8	396.5	400.4	403.2	401.9	393.8	395.3	401.3	396.4	389.1	369.3	348.1	349.5	351.3	336.5	319	299.3	299.2	327.5	362.4	403	442.8	474.1	490.9	501	492.2	477.2	445.3	410.7	375.7	336.9	298	285.8	290.7	298.3	311.9	330.6	343.7	343	345	342.5	345.3	349.9	352.1	359.6	370	370.2	366.6	365.9	369	363.8	357.3	357.4	356.2	362.2	366.6	359.5	357.4	365.6	369.2	371.1	370.7	367.1	363.2	360.5	359	355	351.4	359.8	357.5	343.4	336.2	345.6	346.4	339.1	334.9	335	329.9	320.2	307	297.7	287.9	276.3	256.4	232.1	208.4	177.8	149.2	121.6	112.4	116.2	119.3	121.3	118.5	116.7	110.6	113.5	107.6	99.5	92.5	89.2	96.6	115.1	143.5	210.1	269.5	354.5	390.3	387.5	393.9	403.1	410.7	416.3	407.5	412.7	409.9	417.1	444.3	440.7	422.7	420.3	437.1	439.5	431.1
611.9	590.3	576.7	563.9	550.3	531.1	519.9	521.5	512.7	504.7	499.9	504.7	495.9	475.9	462.3	452.7	447.1	444.7	441.9	436.3	447.1	449.5	435.5	447.5	421.5	370.7	286.5	227.3	218.5	194.3	185.9	178.9	178.1	168.1	186.1	221.1	192	175.6	181.7	198.2	227.6	278.5	294.3	308.4	337.4	358.4	373.6	376.7	379.3	382.2	373.6	369.1	382.1	389.3	388.4	398.2	402.2	401.1	408.2	406.8	413.5	418.2	418.2	423.7	424.2	406.4	400.9	414.1	413.4	421.7	438.2	447.4	443.1	439.9	438.3	429.6	426	416.5	411.7	396.2	373.9	353.2	346.2	355.3	352	335.3	314.9	299.9	303	329.4	367.4	408.6	445.5	469.4	487.3	489.4	478	470	446.4	409.4	371.6	338	304.8	288.3	288.9	293.9	311.7	331.1	345	345.5	346.8	353	362.7	368.4	370.9	371.7	378.6	386.1	398.2	404.6	391.5	385.6	393.1	389.5	386.6	387.2	390.2	392.8	392.7	399.3	398.1	392.5	390.4	389.5	376.5	370.7	365	363.3	363	369.8	372	362.6	351.7	349	349.2	346.6	343.6	344.2	332.9	322.8	312	297.5	286.5	272.3	259.4	239.7	210.7	179.5	154.2	125.4	113.9	122.3	122	123.3	126.5	119.6	111.4	112.6	111.8	101.5	96.8	93.9	102.7	139.6	175.6	209.3	258.5	335.9	388.3	396.3	405.5	411.9	410.3	424.3	417.5	412.3	418.3	423.9	437.5	441.9	422.3	405.5	402.3	417.1	421.9
601.5	589.5	583.1	571.1	559.1	542.3	525.5	521.5	514.3	504.7	499.1	500.7	498.3	481.5	467.9	456.7	451.1	448.7	442.7	434.3	444.3	437.5	431.9	446.3	417.5	375.1	298.9	235.7	216.7	201.5	189.9	177.7	175.3	170.7	205.9	236	206.6	187.3	195	203.7	219	261.5	285	302.7	336.2	358.9	372	371.1	375.3	378.8	381.4	389.3	395.1	402.6	406.1	406.1	409.1	412.3	420.7	426.2	430.8	436.8	439.4	439.9	439.3	432.9	421.1	427.6	435.6	437.9	448.6	454.2	456.2	451.8	450.1	445.1	443.2	436.5	428.6	410.8	382.1	360.9	353.3	354	343.9	330.4	319.4	309.7	309.8	329.5	369.6	409.4	446.6	471.7	485.8	488.6	475.8	465.5	434	393.9	362.4	338.1	315.1	297.1	292.9	298.7	317.9	334.3	341.1	344.8	349	355.3	363.3	371.3	379.7	389.8	396.9	408.2	419.9	420.2	416.1	420	429.1	428.4	429	430.1	435.6	440.5	444.9	451.3	458.4	441.7	434.5	424.5	409.6	399.3	389.3	383.6	379.7	381.4	385.8	378.7	371.8	363.8	357.6	347.3	347.3	345.3	339.7	331	319.6	304	289.3	272.5	256	239.6	220.6	189	158.8	134.1	118.7	125.4	128.8	132.3	132.2	130	120.5	116.7	116.8	110.1	100.4	98.2	114.2	159.6	198.6	232.8	295.4	342.7	389.1	391.1	401.9	409.9	416.7	428.7	426.7	421.9	421.9	422.7	431.9	435.9	425.1	408.3	400.7	413.5	419.9
600.7	601.5	586.3	570.3	547.9	526.3	523.1	518.3	507.1	503.9	504.7	502.3	489.5	477.5	457.5	445.9	451.1	445.5	442.3	437.1	440.7	446.7	452.7	444.7	415.1	375.1	299.9	239.5	223.5	218.1	206.7	192.9	184.1	176.7	209.7	243.5	215.2	197	200	206.5	231.9	282.6	296.6	311.7	339.8	358	364.7	372	382.6	386.3	389.2	398.2	408.1	412.9	413.9	414.5	418.5	424.5	435.5	445.9	452.8	458.6	462.9	464.8	465.3	461	459.8	467.1	468.1	467.2	465.2	471.1	477.3	474.9	470.6	463.6	453.1	441	424.4	397.4	374.2	361.6	361.9	361	346.4	328.4	313.5	308.8	319.5	347.6	382.6	419	457	477	484.7	488.1	479.8	467.1	434	394.5	360.8	335.3	319.3	300.4	292.8	301.8	316.7	331.3	336.5	346.2	355.4	364.3	372.7	381.5	395.8	406.2	411.9	409.7	415.9	432.6	436.4	434.1	440.3	436.7	443.7	448.8	451.9	462.2	470.4	469.3	462.9	456.8	456.1	446.9	426.6	411.8	413.8	405.5	398.5	395.1	385.8	378.6	375.8	368.4	360.4	355.7	354.2	352.3	344.8	334.2	320.6	309.5	293.3	275.4	256.7	242	220.7	187.4	163.3	133.6	119.1	127.8	132.2	133.4	133.9	131.2	121.6	120.9	123.2	123.3	119.2	120.5	138.7	182.5	220.4	263.4	325.9	366.3	411.9	410.3	392.7	404.3	425.5	436.3	435.1	429.5	436.3	431.5	433.9	438.3	425.5	422.7	432.3	432.7	414.3
611.1	607.1	588.7	570.3	547.1	523.9	523.1	515.9	507.9	503.9	504.7	499.9	487.1	477.5	446.7	437.1	450.3	445.5	439.5	439.1	441.9	452.7	457.5	447.5	417.1	366.7	307.1	234.1	216.9	221.1	210.7	202.3	188.5	189.7	234.3	243.9	216.8	202.8	205.1	211.1	232.5	284.6	300.3	304.9	329.4	355.4	361.8	370.2	386.5	391.2	395.9	399.1	402.3	409.4	412.4	412.6	418.7	423	432.7	444.5	455.2	461.2	464.1	470.3	474	470.6	469.9	474.1	477.9	480.7	482.1	489.5	490.2	489.8	481.3	473.4	460.3	445.6	424.4	396.1	376	365.9	359.6	358.2	340.6	322.9	314.5	314.2	327	354.9	382.4	418.2	462.2	485.3	485.7	486.4	476.7	452.6	420.4	388.7	357.4	338.8	324.5	306.5	297.4	305.4	321.6	335.5	333	339.6	350.9	357.5	368.1	377.3	397.3	413.3	419.3	422.7	430.8	449.2	453.9	451.8	456.5	455.9	460.1	466.2	479.1	488.3	491.2	491.4	484.2	477.9	475.7	466.3	445.3	434.9	431.2	417.5	409.1	410.5	394.2	375.2	367.2	365.3	360.1	361.6	366.4	361.8	348.3	337.7	320.5	307.4	292.3	276.7	259.5	244.2	226.2	191.9	160.8	134.1	121.6	129.7	132.8	135.8	136.7	130.9	127.4	125.8	125.5	128.2	137.5	156.3	193.5	232.1	275.2	331.3	376.6	394.7	403.3	407.1	393.9	396.7	423.1	432.7	425.1	420.3	429.9	427.1	425.5	435.5	426.7	426.7	432.7	434.3	418.3
627.1	613.5	595.9	569.5	543.9	528.7	521.5	515.9	513.5	500.7	490.7	483.9	486.3	471.9	446.3	444.7	451.9	448.7	443.9	440.3	440.7	458.3	455.1	449.1	408.7	352.7	307.5	225.1	205.5	214.9	214.9	214.9	209.7	197.1	236.3	246.4	222.6	207	214.7	221.5	242.8	289.6	305.1	303.6	322.6	350.9	362.2	372.5	389.6	398.8	401.4	405.7	398.5	405.8	414.6	418.6	427.3	430.2	437.7	448.2	458.6	468.9	475.8	476.2	479.8	482.8	478.5	470.6	483	496	490.5	488.9	490.4	494.3	487.3	471.2	458	440.4	415.9	397.3	381	361.4	358.5	355.7	337.8	326	317.2	318.7	334.5	357.1	380.8	409.3	448.7	478.4	486.1	485.6	474.1	452.5	424.8	390.4	360.6	340.4	325.7	309.3	299.3	300.6	316.3	334.6	339.7	344.7	351.9	354.8	368.9	385.3	400.6	421.8	437.6	444	448.6	451.7	455.2	455.2	459.2	467.4	463.2	465.9	480.7	491.7	482	485.7	496.8	485	475.8	473	466.1	456.2	446.4	432.4	419.8	414.6	404.1	377.6	365.5	362.6	358	358.6	367.2	363	352.7	339.9	318.3	305.5	294.9	277.7	263.6	245.5	226.6	194.4	158.6	137.1	126.2	130.3	137.4	142.6	142.4	137.5	137.1	140.3	141	142.1	150.4	169.3	202.9	235.2	287.1	353.7	391.8	404.5	413.3	422.3	416.7	395.9	399.1	408.3	415.9	417.9	426.3	421.5	420.3	427.1	428.3	443.1	443.9	435.5	435.9
627.9	612.7	595.1	566.3	546.3	529.5	523.9	518.3	515.1	503.9	493.5	488.3	486.3	470.3	450.3	449.9	452.7	449.5	444.7	443.1	439.1	450.3	451.5	449.1	403.1	348.7	295.9	207.5	194.3	201.9	203.9	210.7	206.1	208.7	252.9	237.4	219.7	204.7	212.2	225.7	237.9	285.3	303.6	302.6	323.7	351.6	367.7	375.2	384.1	390.7	397.3	402.6	396.8	404.3	413.6	418.9	428.1	430.8	439.6	447.4	456	469.4	478	478.8	484.6	490.2	483.7	480	489.3	498.3	498.9	490	490.7	498.2	493.9	477.1	459.3	441.9	417	400	380.4	360.7	355.5	346.4	333.5	322.4	315.6	318.6	336.1	358.4	382.4	414.6	451.6	478.9	491.2	489.3	473.7	455.3	427.2	397.6	368	345.2	330.7	313.5	301.2	299.5	312.1	323.8	332.2	339.6	345.2	352.3	364.9	381.6	405.9	429.2	449.7	460.6	468.3	469.2	465.1	466.4	472.9	475	467.4	470	481.3	486.8	483	488.5	505.3	491.8	478.8	480.3	478.5	467.4	457	444.7	432	421	407.3	391.1	378.5	368.1	356.5	353.5	361.8	363.8	354	337.2	316	305.9	292.5	275	263.4	245.9	230.5	201.6	159.9	131.8	123.7	129.1	136.7	145.9	146.1	136.7	137.5	148.9	164.9	194.8	228.8	246	261.6	271.6	302	354.1	404.9	419.5	429.5	432.3	419.5	399.1	393.9	401.1	407.1	415.3	427.1	425.5	421.9	427.9	428.3	439.1	443.5	431.5	432.3
621.5	607.9	582.3	563.1	543.9	534.3	535.1	527.1	517.5	503.1	503.1	496.7	488.7	479.9	463.1	446.3	454.3	451.1	447.1	442.7	423.9	429.9	455.9	453.5	412.3	355.9	307.3	216.1	190.9	192.3	187.7	196.9	197.1	209.3	254	236.1	210	195.1	197.4	230.4	253.5	280.5	299.2	305.8	323.4	354.3	367.8	377.2	385.9	390	395	400.7	406.8	410.5	413.3	423	431.2	434.8	441.3	451.9	458.8	467.6	473.3	481.4	488.5	495.6	499.5	505.2	508.3	505.5	504.3	498.6	491.3	493.2	489.7	481.8	450	438.4	424.8	397.5	381.4	360.7	347.3	342.9	330.3	317.9	310.9	315.2	336.6	357.9	381.5	410.6	448.5	468.7	483.2	491.6	480	456.3	429.6	406.1	375.6	351.3	335.5	320.5	311	310.1	313.6	315.5	325.3	333.7	337.2	344.8	357.5	379.9	400.8	420.7	456.3	473.3	481.1	482.8	484	484	481.9	478.1	471.2	468.2	466	472.7	480.9	484.1	489.6	479.5	482.7	482.5	472.6	467	465.3	449.8	439.9	430	413	399.9	388.1	376.5	364.3	354.3	355.9	360.1	348.8	338.3	321.5	306.3	296.4	281.7	268.3	249.3	231.8	207.4	167.1	148.7	126.6	118.7	127.5	133.6	142.2	136.1	139.8	152.2	180.3	219.5	249.8	257.2	251.7	256	281.2	334.3	388.9	410.3	425.9	429.1	419.9	415.9	417.9	411.5	399.9	415.9	420.7	422.7	424.3	425.5	417.5	417.1	424.7	427.9	431.9
623.1	606.3	578.3	565.5	546.3	536.7	536.7	527.1	518.3	504.7	502.3	495.9	489.5	479.1	463.9	455.1	454.3	451.1	446.3	429.9	417.1	435.1	448.7	449.5	419.1	357.1	303.3	214.1	187.7	182.3	175.5	181.7	192.3	217.1	254.9	222.7	199.2	193.4	200.8	229.1	249.9	274.6	293.5	303.8	325.4	352.1	360.4	366.7	380.4	386.2	388.9	401	404.9	403.4	412.3	421.1	427.7	432.3	436.7	446.3	458.3	469.5	470.2	473.1	480.9	490.8	503.5	517.6	526.2	513.8	512.7	507.2	505.9	505.1	488	469.1	436.7	413.6	401.8	378.9	354.3	337.4	326.7	322	315.9	313.5	308.1	318.1	341.1	365.1	389	423.5	454.3	468.4	478.5	486.7	480.4	458.3	430.3	402.7	378.2	354.8	334.5	319.2	310.8	310	307.5	308.3	313.8	318.6	325.9	333.9	350.3	373.3	388.6	419.3	451.5	467	482.3	491.3	494.5	493.3	487	481.3	474	475.9	476	479	488.3	491.3	487.4	478.9	482.1	484.1	472.6	467.5	467	457.3	443.5	430.2	408.9	399.2	386.3	377.3	368.2	357.5	355.1	354	340.8	329.1	317.6	307.5	294	281.2	271.4	250.2	234.9	216.8	173.6	136	112	113.3	121.9	132.1	146.9	143.7	144.4	180.9	248	262	256.8	251.1	242.4	246.8	275.3	345.3	387.1	399.9	422.3	426.3	417.1	422.3	423.1	408.7	417.1	427.7	427.9	420.3	427.9	433.9	422.3	418.7	429.5	430.7	434.7
623.1	591.9	574.3	567.9	547.9	539.1	537.5	530.3	519.9	504.7	503.9	494.3	487.1	479.9	457.5	454.3	455.1	451.1	438.3	419.1	428.7	443.5	451.1	455.9	436.7	360.3	306.3	221.7	192.3	189.3	180.9	179.9	180.5	202.9	248.4	223.1	193.5	185.8	212.9	248.5	251.8	268.7	285.9	298.3	319.8	345.8	361.7	368.2	375.2	382.4	386.1	396.2	399.9	401.8	409.8	417.9	425.3	435.1	440.7	448.4	459.7	464.4	469.7	481.1	485.3	498.6	511.6	515.1	516.8	512.4	510.8	507.7	504.9	498.1	469.7	450.5	439.4	422.7	393.7	367.5	349.1	329.4	319.8	314	311.3	311.3	310.2	320.7	341.8	365.5	387.6	418	442.1	461.8	477.5	485.9	473.5	447.6	421.9	398.7	375.6	348.5	326.3	311.6	303.2	300.6	302.9	304.5	311.5	315.7	322.2	324.1	335.4	361.1	384	415.4	442.6	464.2	470.7	485.4	507.9	502.5	495.7	494.1	489.5	496	497.3	495.1	492.3	489.2	480.2	483.9	488	482.7	476.1	471	463.2	452.8	441.7	426	404.6	395.8	391.4	379.2	367.4	360.5	350.6	339.8	332.4	324.2	317.6	306.7	293	287.4	277.9	257.8	237.3	214.3	179.6	154.3	117.2	103.9	118.2	132	146.8	146.8	141	181.5	235.1	245.7	245.3	243.3	236.6	234.2	274.7	359.9	397.5	408.7	427.5	429.1	423.5	430.3	432.3	417.1	414.3	421.1	413.1	419.1	419.9	421.5	423.1	418.7	421.9	430.3	439.1
616.7	587.1	571.9	567.5	547.9	540.7	538.3	531.1	519.9	504.7	501.5	491.9	485.1	480.7	459.9	455.1	454.3	450.3	438.7	425.1	435.9	448.7	449.5	452.7	431.1	364.3	295.9	218.7	195.1	191.3	184.1	181.1	182.3	210.1	251.3	230.7	196.5	189	216.7	248.1	247.9	265.5	285.6	296.3	313.7	337.6	353	362.9	373.2	379.3	385.1	390.8	398.5	404.6	407.6	413.2	424.1	433.6	439.2	445.9	456.7	462	468.5	483.6	491.8	507	515.7	519	522.4	512.8	507.6	506.1	489.6	472.8	444.3	422.4	418.2	403.9	372.5	343.8	330.6	320.6	315.3	309.7	307.9	307.6	312.4	326.5	347.7	364.5	384.6	422	440.3	459.1	473.7	473.9	463.4	451.8	428.1	407.5	386.7	355.4	325.9	311.8	302.8	298.6	301	307	305.9	307.6	312.8	312	322.2	347.8	369.2	397.4	428.8	451.7	463.4	484.8	499.6	499.2	494.3	499.7	502.5	498.8	498.6	498.5	500	494.7	487.1	488.6	488.9	482.5	481	469	460.1	451.3	433.1	415.4	391.7	383.8	378.9	372.7	358.9	351.1	343.9	335.5	323.2	314.2	312.1	299.1	288.9	283.9	274.5	261.5	239.8	222.6	184.9	153.5	121.9	103	110.7	128.5	145.9	148.7	146	214.6	239.3	225.7	228.9	225.2	221.4	247.6	310.9	365.5	408.7	421.5	431.1	429.9	425.5	434.3	434.3	419.5	419.9	416.3	404.3	415.1	417.9	416.7	416.7	414.7	416.7	423.9	430.7
595.1	576.7	575.1	559.1	549.5	549.5	535.1	531.1	518.3	506.7	501.5	484.7	475.5	475.5	466.3	454.3	452.7	449.5	448.3	447.1	443.9	446.3	450.3	441.1	423.9	369.5	304.9	228.9	204.3	200.5	194.5	191.7	188.7	206.5	237.1	229.7	204.6	206.5	236.7	248.3	243	265.6	282.9	294.1	310.6	332.9	349.2	359.8	371.6	378.2	381.7	390.4	394.9	402.8	409.4	415.5	428.2	435.8	445.8	452.2	455.9	467.7	477.6	492.7	504.1	511.1	519.3	517.4	514.4	505.5	489	477.3	462.8	448.1	439.6	432.6	423.3	400.2	367.5	341.8	328.4	326	316.6	313.3	311	309.4	307.8	326.7	348.6	361.6	378.3	411.5	440.7	468.5	488.8	482.1	467.3	458.1	450.8	425	386.1	356	331.9	311.8	302.3	292.9	290.8	296.1	303	311.2	314.2	311.6	314	334.3	361.5	389.9	412.3	431.3	452.2	482.7	500.4	511.8	506.3	507.6	504.2	493.6	497.4	501.9	495.8	492.4	483.6	482.4	480.2	473.6	472.2	468.1	454.2	450.7	437.3	411.1	393.2	382.4	369.3	362.6	351.2	345.6	338.2	333.5	323.6	311.6	300.2	291.1	286.7	284.1	273.4	257.3	238.3	218.9	195.6	155.7	125.8	113.8	114.1	129.1	144.5	144.3	131.4	198.9	234.8	235.9	238.6	229.3	230.5	261	310.7	362.3	408.3	436.7	462.3	440.7	421.1	427.9	430.7	423.1	421.9	418.3	413.5	418.3	428.3	421.1	407.9	411.1	401.5	408.3	411.5
589.5	573.5	568.7	554.3	548.7	544.7	535.5	530.3	515.9	508.7	501.5	479.1	472.3	477.9	466.3	455.1	452.7	450.3	450.3	447.1	444.7	447.1	449.5	445.5	427.5	377.5	289.9	235.9	212.9	208.5	196.3	198.1	192.3	211.7	235.3	235.5	221.9	212	239.6	249.5	247.5	265.3	283.3	291.5	305.2	325.5	346.8	356.9	365.7	372.6	377	383.2	385.8	399.7	411.4	420.4	428.6	436.3	448	457.6	464.1	472.4	480.7	493.1	508.2	513.8	515.9	510.4	500.3	492.5	473.8	456.9	448.1	433	424	418.4	408.6	386.7	357.3	352.9	355.3	346.4	340	338.8	332.2	318.6	318.4	333.2	346	362.9	388.4	422.2	454.8	469.8	492.5	488.8	467.8	457.2	445.6	431	388	354.6	337	315.8	305	297.5	295.2	304.2	316.1	322.2	322.8	314.3	307.2	319.8	344.7	374.5	397.6	416.6	439.6	466.9	491.8	500.1	501.2	504.7	496.7	491	496.7	503.2	495.4	490.2	478.4	479	476.7	475.3	469.1	462	448.1	445.9	436.1	405	391.1	379	363.6	357.5	348.1	334.1	326.8	323.3	314.1	305.1	295.3	288.2	284	278.7	268.3	257	238.1	218.9	196.3	152.3	124.4	115.7	108.3	122.2	134.6	131.8	136.5	212.3	228.9	231.8	240.5	258.8	277.6	284.7	309.1	361.1	403.5	437.1	464.3	440.3	421.1	423.5	426.7	423.9	423.1	416.7	414.3	419.5	432.7	429.5	411.5	411.5	407.9	401.9	407.1
598.3	577.5	563.9	557.5	554.3	543.9	539.1	528.7	513.5	512.7	489.5	477.5	482.7	468.7	462.7	455.1	451.9	450.3	450.3	447.9	442.3	442.7	445.9	446.7	443.1	406.7	309.9	252.5	225.9	216.9	208.7	206.3	202.1	220.3	246.7	235.9	233.4	222.7	241.4	252.9	246	256.4	277.9	289.7	304.3	319.9	340.6	348.8	353.9	364.4	370.7	375.7	383.4	402	420.4	428.3	431.7	443.6	454	458.5	466.9	468.9	480.6	495.5	502.9	506.6	507.1	492.7	479.1	473.9	468.4	453.3	438.8	436.9	422	408	396.2	376.3	354.8	350.7	348.6	343.5	343.9	346.4	339.3	324.5	326.7	340.5	344.2	356.8	386.8	427.7	462.1	484.1	496.2	491.5	475.2	457.8	442.3	428.4	387.7	360.5	342.1	321.6	305.5	297.2	295.6	303.4	310.7	316.7	320.9	323	316.5	317.9	332.4	360.8	385.8	400.5	423.1	447.6	468.8	482.2	492.8	489.6	499.3	506	509.3	500.3	490.3	489.3	480.7	471	468.9	473	465.1	458.8	453.3	433.5	419.9	397	383.8	373.4	361.6	353.8	342.4	331.1	325.2	316.9	310	304	293.8	285.1	277.4	270.8	260.6	248.9	235.8	218.3	199.6	151.4	124.3	124.7	123.4	120.8	119.2	120.4	132	208.6	233.3	233.7	249.1	276.7	291.1	289.9	309.5	357.5	394.7	395.5	417.1	438.7	437.5	431.5	419.5	427.1	420.7	405.5	411.5	415.5	424.3	428.7	423.1	435.5	423.9	401.9	401.1
599.1	578.3	563.1	560.7	555.1	543.9	540.7	527.1	513.5	508.3	487.9	470.7	485.5	473.5	457.1	455.9	451.9	451.1	448.3	441.1	429.9	438.7	445.5	450.3	448.7	404.7	308.3	259.9	230.9	227.3	217.5	210.3	211.3	233.7	251.1	241.7	242.5	259.9	266.5	256.3	245	249.9	270	284.4	302	316.9	332	342.9	343.5	357.5	363	373.1	385.9	400.4	413.5	422.5	430.8	443.7	448.1	457.8	468.4	469.8	480.8	493	500.3	502.6	494.1	478.6	464	455.2	452.5	435.6	420.9	419.5	405.6	389	379.7	364.5	362.7	360.9	359	360.7	363.8	356.5	336.7	326.7	333.3	342.4	339.4	354.9	385.1	432.1	465.5	482.6	493.2	488.4	469.6	458.7	443.4	406.8	378	351.3	335.4	319.6	309.7	304.8	309.4	312.7	319	328.1	329.1	328.2	322.6	318.6	328	348.2	370.7	384	404.4	424.9	445.8	464.7	467.6	473.6	487.5	496.3	499.7	497.4	487.7	487.2	480.4	470.6	463.4	468.4	452	449.6	448.5	428.4	408.4	386.7	371.7	365	357.1	349.5	335.3	326.8	321.8	312.7	304	300.6	291.2	280.9	270.6	267.9	258.1	247.9	235.6	223.4	205.6	160.3	131	137.7	148.2	147.7	138.1	137.1	156.6	235.1	271.4	280.8	291.9	293.5	289.5	289.5	308.7	355.1	395.1	403.1	414.7	428.3	433.1	426.3	419.1	425.1	427.5	415.1	403.5	404.3	421.9	413.5	415.1	423.9	410.7	397.1	403.9
595.5	569.9	566.3	570.3	561.5	552.7	544.7	525.5	502.7	498.7	496.7	491.9	491.9	483.9	472.7	456.7	452.7	445.1	441.1	436.1	428.5	442.7	446.3	449.5	443.1	415.3	294.1	256.9	251.1	243.3	230.5	223.9	218.5	233.7	256.9	255.5	249.5	259.5	287.2	274.7	245.8	239.5	260.2	282.3	297.2	312.1	325.7	333.2	337.5	350.4	358.4	371.6	382.1	395.8	406.8	419.9	433.2	433.9	443.8	458.9	462.5	460.4	471.6	476	482.1	481.9	477.3	466.1	456.6	447.9	436.2	430.6	418.4	408.2	396.3	383.4	373.9	357.4	349	349.6	351.7	368.2	380.6	364.9	342.6	332.4	335.2	338.7	337.6	350.9	381.4	425.6	459.3	472.9	480.3	480.2	467.9	453.7	424.6	398.6	370.9	347.6	330.2	319.1	307.4	305.1	308.8	316.7	323.9	327.7	320.7	317.1	322.2	323.5	330.9	351.9	366.7	370.5	387.8	415.3	431.9	450	459.7	463	472.4	487.3	500.6	493.8	485.4	486.4	479.4	462.3	459.7	469.3	448.6	441.1	439.8	415.8	398.2	375.5	364.8	361.2	352	341.4	334.1	327.7	315.6	303.7	297.1	295.1	286.4	275.2	267.7	262	252.5	243.6	234.7	220.2	206	156.5	128.4	155.6	167.4	149.2	149.8	165.5	181	241.5	290.5	297.9	302.7	305.5	303.1	301.5	327.9	384.5	401.1	403.5	418.3	435.9	425.9	417.9	421.9	418.3	417.5	402.7	386.3	402.1	409.5	398.7	399.9	411.9	422.3	416.1	423.5
589.1	567.5	566.3	573.5	563.1	553.5	542.3	520.7	507.5	503.5	501.5	491.9	491.1	483.1	472.7	459.9	451.1	441.9	441.1	432.7	438.1	440.7	445.1	439.5	441.9	415.9	293.7	255.7	253.1	251.1	241.7	233.7	223.7	240.5	260.1	255.9	253.9	259.3	289.5	298.5	288.7	276.1	275.5	282.6	292.7	300.9	315.6	320.2	327.2	342	354.3	365	374.3	389.1	398.8	410.3	421.2	426.4	434.6	449.3	448.7	448.7	453.8	457.5	460.3	453.4	447.7	439.2	434.5	423.9	417.5	412.1	402.1	396.3	391.9	385.5	366.3	355.8	356.6	356.9	362.3	371.2	375.5	353.2	332.1	330.4	332.5	331	332.6	346.9	371	401.2	427.7	443.5	455.1	455.2	448.8	430.9	408.4	390.8	366.7	344.7	328.1	315.4	312.7	308.3	312.1	320	327.6	332.1	323.8	315.4	325.7	327.8	331.4	349.3	360.7	365.8	372.5	398.4	411.9	430.9	437	437.6	451.4	467.6	479.7	476.2	469.4	465.7	462.2	451.1	442.1	447.5	436.7	429.3	430	405.3	388.3	372.5	356.9	351.2	342.6	331.8	327.7	322.6	308.5	300.6	294.3	289.4	282.9	270.9	259.1	256	249.6	238.6	230.1	219.6	206.2	160.2	137.6	179.4	185.9	178.5	186.5	195.3	206.7	258.5	290.7	301.5	305.9	308.3	305.9	303.1	331.5	374.3	380.3	397.3	411.1	428.3	426.9	425.1	424.7	414.7	411.5	397.5	388.7	404.3	417.5	409.1	407.9	416.7	419.1	417.5	421.1
590.3	573.5	574.3	576.7	563.9	547.5	534.3	523.9	517.5	509.5	500.7	495.9	495.1	486.3	475.9	460.3	444.7	436.7	443.5	449.1	441.1	440.3	443.5	438.3	441.9	428.3	320.1	265.3	256.3	266.9	260.3	251.1	242.7	246.9	259.7	263.3	260.5	264.3	292.7	300.5	287.3	281.9	274.4	278.1	285.9	293.7	305.2	316.1	325.2	337.1	342.7	351.8	361.2	376.5	385.6	395.7	408.9	422.2	436.3	442.7	442.8	440.4	436.2	447.9	448.1	439.1	436.4	427.3	418.1	410.7	414.3	405.5	397.6	395.4	389.5	382.4	359.5	339.6	339.5	344.7	369.6	389	380.4	356.6	336.9	327.9	321.7	319	325.2	337.7	361.4	389.7	408.6	420.3	427.9	434.7	432.3	415.3	401.5	385.1	361.4	341.8	328	315.6	309.1	303.3	306.4	310.6	318.9	324.6	318.1	305	305.9	318.7	322.4	337.1	354.6	366.6	368.7	384.7	395.6	410.2	420.1	419.6	426.3	441.4	455.4	453.4	451.3	450.9	449	453.9	436.5	427.1	424.9	417.3	416.6	401.6	383.7	367	354.6	345.4	336.1	326.2	317.1	313.5	304.7	295	291.2	286.4	279.8	268.3	252.7	248.5	244.4	231.6	225.8	215.9	210.4	169.1	140.3	174.6	191.1	194.9	199.3	204.5	208.9	265.7	305.9	311.9	314.3	314.7	306.3	309.5	350.9	373.5	370.3	390.3	389.5	413.9	426.3	427.5	419.5	412.3	409.9	397.5	385.1	394.3	408.3	417.1	425.5	423.5	417.5	417.5	419.1
597.5	579.5	574.3	573.5	562.7	547.5	535.1	523.5	514.7	510.3	499.1	496.7	498.3	488.7	475.9	458.3	443.9	437.5	447.9	446.7	439.5	445.5	446.3	444.7	444.7	440.3	360.5	280.3	253.1	271.1	281.1	287.7	278.3	265.7	254.5	260.5	259.1	260.9	291.1	301.5	289.1	281.7	275.4	273.3	279.6	289.6	297.5	308.2	319	328.1	333.3	337.5	349.8	363.9	374.5	386.5	391.3	404	415	425.2	431.2	427.8	421.8	431.6	432.3	419.7	413.9	409.7	395.7	390.1	393	392.2	393.1	393.7	389.7	382.7	357.2	336.9	325.2	335.1	361.8	379	370.6	357.1	336.8	318.9	307	298.6	304.3	323	341.5	362.1	382.4	392.1	394.8	403.4	402	395.2	381.5	366.4	345.8	329.8	319.6	305.3	296.9	293.1	298.7	303.3	305.8	312	313.5	300.9	300.8	313.2	318.5	325.4	350.3	363.7	364.8	372	380.8	393.2	397.5	403.9	408.6	418.6	426.7	433.2	431.5	433.5	434.6	437.6	422.3	420.3	419.6	403.6	397.3	390.2	373.4	358.9	343.3	336.2	327.7	319.9	309.7	307.4	302.4	290.8	286.8	280.6	274.6	264.7	252	246.2	239.4	228.3	223.9	217.8	215.9	187.4	152.1	172.5	193.3	198.1	204.7	204.9	208.5	243.1	309.1	315.1	313.1	313.5	306.3	314.3	360.7	395.5	391.1	373.9	380.1	408.3	425.5	425.1	399.3	385.1	407.3	404.3	392.7	397.5	405.5	413.1	429.5	431.5	420.3	417.5	417.1
612.3	592.7	583.1	573.5	563.9	546.3	531.1	525.5	519.9	506.7	500.7	501.5	491.9	487.1	477.5	466.3	460.7	454.3	450.3	445.1	446.3	443.9	445.5	443.9	443.9	443.5	361.5	311.1	263.7	269.1	287.1	308.5	303.5	278.3	262.7	261.5	265.1	265.7	286.9	294.1	288.9	281.1	278	277.8	279.2	281.5	287.3	304.9	320.6	320.5	317	328.1	343.8	351.3	360.7	369.8	368.3	382	403.3	410.7	412.2	415.4	416.9	422.3	420.9	414.7	401.2	387.9	380.9	380.4	377.4	383.3	391	388.4	377.3	359.1	335.9	325.4	325.7	334.9	361.9	374.4	355.8	335.3	316.6	296.5	284.6	282	296.1	321.3	339.2	343.2	352.4	365.2	377.4	384.5	386.6	381.6	363.8	343.9	332.6	315.8	299.3	284.7	278	276.9	283.9	296.7	310.6	317.9	308.1	293.6	278.6	279.7	284.1	308	344.2	362.3	375.3	371.7	372.1	384.2	387.4	396.4	396.2	403.9	412	415.5	419.4	424.3	426.9	425.1	417.3	415.5	407.2	393.2	389.6	388.6	369.5	353.6	340.6	330.2	324.8	312.8	302	297.7	296.1	287	282.4	277.2	268.7	262.5	254.2	244.6	237	228.9	220.5	214.9	213.2	179.4	136.4	146.2	183.7	198.1	207.3	208.3	207.5	277.5	331.5	324.7	319.1	313.5	309.1	326.7	366.7	394.7	395.5	402.5	395.5	391.5	405.5	423.1	412.1	399.9	416.7	422.7	421.1	419.1	411.5	401.5	417.1	421.9	411.9	404.3	402.7
615.9	593.5	586.3	575.1	561.5	546.3	530.3	523.9	515.1	505.5	503.1	495.9	489.1	489.5	479.1	466.3	460.7	454.3	450.3	447.1	445.5	443.9	444.7	443.9	443.9	445.5	372.3	320.3	269.7	253.1	280.7	314.1	306.5	290.7	268.1	259.7	262.5	264.7	287.1	292.5	283.1	274.3	249.9	243.8	263.2	271.1	278.2	293.7	309	310.5	304.5	314.9	329.4	339.8	345	349.1	352.7	368.9	388.3	394.2	396.1	400.3	402.1	409.3	408.1	399.7	384.6	366.8	361.7	365.1	370.3	382.1	394.4	392.4	382.9	360.3	340.9	326.7	315	318.3	333	337.4	321.3	305.8	290.7	274.6	260.2	253.4	265.6	296.7	319.7	326.7	333.9	342.2	354.3	363.9	367.2	363	338.1	316.1	307.3	290.4	269.4	255.1	253.5	259.2	269.6	283.1	292.6	292.6	286	271.4	259.6	262.7	274.7	305.1	340.6	366.7	380.6	375.2	372.2	371.1	374.8	382.2	379	383.2	388.2	403.8	407.1	405.3	414.5	409.4	401.6	400.4	397.8	385.2	380.8	371.5	359.2	347.2	334.1	328.7	319.2	304.5	296.7	291.1	286.5	280.7	277.2	274.6	268.7	259.4	247.7	238.9	234.4	227.5	216.8	211.6	208.6	177.6	146.2	159.6	193.7	201.5	212.9	210.7	214.7	285.5	335.1	327.9	319.9	313.1	308.3	323.3	363.9	395.1	413.9	416.3	401.5	396.3	406.3	418.7	416.7	413.9	404.5	421.1	422.3	421.1	417.1	403.5	415.1	417.1	410.7	401.5	399.1
623.9	599.1	594.3	583.1	559.1	541.5	524.7	518.3	517.5	506.7	494.7	496.7	490.7	490.3	479.9	468.7	460.3	456.7	452.7	449.5	445.5	443.9	443.1	433.9	431.1	437.1	382.7	332.9	300.5	252.7	266.1	312.7	309.1	296.3	284.7	268.5	266.9	273.9	283.3	284.1	280.3	273.1	245	229.4	251.2	262.4	270.3	283.7	298.2	304	308.3	315.6	325.7	336.3	335.2	331.3	340.5	358.1	373.9	384.5	393	396.2	397.9	396.4	391.9	389.7	378.5	359	352.7	356.1	362.8	373.2	375.8	371.8	370.5	359	339.7	331.1	321.3	316.2	311.3	296.1	277.3	268.7	260.6	249.4	235	228.6	240.6	268.5	300.7	316.1	323.4	327.4	341.9	373.5	373.3	370	356	310.3	291.5	272.3	251.5	239.1	237.6	241.6	251.4	262.1	273.5	276.9	269.9	255.9	244.8	244.9	264.2	295.7	326	344.5	357.9	374.5	379	370.8	371.9	373.2	371.2	377.6	378.7	390.5	390.9	390	404.6	396.3	395.9	394.7	392.9	385.6	374.7	357	347.4	332.4	319.3	319.2	309.2	295.8	288.1	277.4	276.8	272.7	268	268.5	262.2	248.1	238.6	235.6	232	224.1	215	211.2	207.3	178.2	156.3	166.5	194.9	203.1	212.7	214.7	218.1	286.5	340.7	335.1	321.5	310.3	314.3	348.5	378.7	399.5	408.7	411.1	409.5	412.3	419.5	417.1	400.7	391.5	397.3	409.5	423.5	428.7	431.9	425.9	407.5	417.9	424.3	417.7	419.5
627.9	606.3	600.7	583.9	558.3	536.3	526.3	519.9	517.5	507.5	499.1	503.1	495.5	489.5	478.3	461.9	459.5	457.5	452.7	450.3	446.3	443.9	441.5	435.5	421.9	439.9	404.5	339.3	320.5	271.9	265.9	304.7	308.1	294.9	282.5	268.1	267.7	279.3	284.5	279.7	275.7	268.1	244.1	220.7	239	253.9	262.4	273.8	287.8	299.5	301.4	306.1	318.5	325.2	326.3	323.8	330.7	347.3	361	369.2	373.3	380.5	380.3	377.4	370.7	363.6	354	344.6	344.9	348.3	367.1	381.2	379.6	367.3	367.5	360.3	338.8	337	329.2	309.9	285	248.6	222.5	215.6	209.3	205.4	202.4	206.6	220.7	243.9	272.2	286.5	293.4	303	315.8	342.7	337.7	334	332.5	282.4	263.1	246.4	226.6	217.8	223.7	224.4	221.9	221.6	226.6	228.3	223.1	221.4	228	240.6	273.8	305	328.6	345.9	353.7	365.4	374.5	369.6	366.2	358.8	355.1	367.1	368.9	372.1	378.2	379.7	389	387.8	389.3	385.4	381.9	372.9	361	345.7	336.3	323.7	310.7	309.9	303.8	289.5	279.1	273.8	272.8	269.1	268.3	264.2	257	246.7	236.9	234.9	231.8	223.1	216.4	210.3	204.4	179.1	168.2	181.2	200.4	212.7	215.5	209.9	227.3	303.3	336.3	313.5	314.7	308.7	317.5	357.5	379.1	401.9	409.3	408.1	407.9	409.9	417.1	415.5	403.9	393.9	395.7	405.1	420.3	428.3	434.7	428.7	412.7	419.1	426.7	418.1	422.5
629.1	623.1	619.1	595.9	573.5	559.1	536.7	527.1	517.5	510.3	506.3	502.3	498.3	487.5	475.9	469.9	466.3	458.3	450.7	451.1	447.1	443.9	442.3	414.7	411.1	444.7	429.9	357.3	334.1	300.5	266.7	285.7	293.1	287.3	276.5	268.5	267.5	281.5	282.1	277.7	276.7	268.7	237.9	205.1	223.5	243.1	255.1	264.6	272.9	283.6	288.8	296.3	307.1	311.7	314.7	317.8	324.7	335.8	345.4	362.9	370	363.8	362	360.5	360	356.5	348	344.8	345.5	350.4	366.3	371.9	367.8	362.7	358.8	354.3	345	338.3	337.2	314.2	270.7	220.3	189.1	178.1	170.2	164.9	164.3	177.4	199.4	223.3	247.8	264.9	277.8	290.3	299.9	298.8	302.9	308.9	295.2	266.6	245.5	222.5	201.1	197.9	201.8	205.9	205.5	203.7	202.9	202.2	200.1	205.8	215.4	238.6	277.5	303.5	319.7	328.6	333.6	344	358.8	362.7	357.9	353.4	352.7	352.5	350.9	362.9	370.4	379.1	378.2	375.7	378.2	374.2	367.7	358.5	345.6	336.1	328.6	318.2	306.6	302.4	293.9	283.2	271.9	267.2	269.6	262.9	262	257.9	256.5	249.3	239	235.1	231.3	222.7	215.6	208.6	201.8	185.3	178.7	188.3	210.6	218.9	214.9	205.9	227.3	304.7	330.7	298.5	289.5	305.5	328.7	355.9	393.5	415.9	415.1	406.9	405.3	411.1	412.7	414.3	412.7	399.1	390.1	388.3	397.5	406.3	421.5	421.5	412.3	411.5	410.7	412.3	421.9
619.5	618.3	620.7	594.3	573.5	559.1	540.3	526.3	515.9	508.7	503.9	501.5	498.3	487.1	479.9	477.5	466.3	455.9	451.9	451.1	447.1	443.1	433.5	409.9	414.7	445.5	436.7	383.1	341.5	313.3	289.9	295.7	284.1	286.9	276.9	270.3	271.5	284.3	281.1	275.1	270.9	264.1	240.2	212	219.3	238.7	248.8	254.8	262.6	276.8	280.1	284.9	295.8	297.4	298.7	310.4	321.1	327.5	334.7	345.7	348.7	343	339.2	338.4	340.4	336.9	333	339.9	348.1	362	373	367.2	357.7	352.8	346.3	340.6	336.2	331.6	333.9	314.5	263	209.9	181.2	165	151.5	135.8	131.1	142.5	170.4	195.5	221.4	240.7	252.3	262.2	271.5	265.9	265.6	274	263.7	243.1	218.3	193.9	174.2	165.5	166.1	170.7	176	175.5	176.8	175.1	174.3	188.8	213.7	250.6	280.3	298.9	310.7	316.9	323.4	335.2	348.7	351.6	348.6	346.5	340.9	337.4	338.2	344.5	352.1	365.3	366	361.6	361.5	359	352.3	340	327	319	315.9	305.6	298.2	293.1	284.4	274.8	266.6	263.8	264.9	259.2	259	254.3	254.3	246.9	239.4	234.8	230	220.1	211.5	205.1	205	205.2	203	201.6	220.8	222.7	214.7	210.5	252.5	323.9	326.3	313.3	288.1	306.1	335.9	354.5	394.3	417.5	422.3	423.1	413.9	412.7	417.5	415.9	417.9	403.9	397.1	399.5	396.7	407.5	427.1	423.5	413.9	412.7	407.1	407.9	406.7
622.3	623.9	627.1	603.9	575.9	559.9	541.9	527.5	518.3	511.9	507.1	504.7	500.7	488.7	484.7	473.5	453.9	450.3	439.9	443.5	441.5	433.5	432.3	422.7	434.7	443.9	445.5	418.7	368.9	324.7	300.3	302.3	286.9	280.5	282.9	280.5	274.9	282.1	287.5	278.9	274.9	268.4	227	196.4	208.6	224.9	239.8	245.2	251.8	268.5	275.3	281.4	290.1	292.8	298.6	310.2	319.5	324.6	325	329.3	324.2	323.3	327.8	327.7	329.1	327.1	329.3	331.8	336.1	344.2	351.7	359.8	360.6	356.1	351.5	348	342	334.2	334	322	274	213.4	182.9	164.6	146.6	130.5	130.3	141.8	153.3	176.2	198.6	217.9	231.9	239.5	239.3	237.2	235.1	229	222	213.1	196.4	181.3	168.8	159.2	153.1	155.1	161.9	165.4	170.5	170.2	177.2	196	213.5	237.3	274.9	298.1	311.5	320.9	318.8	318.8	325.4	331.1	337.9	339.6	333.4	329.1	329.4	334.2	342.5	349.3	349.8	348.3	346.7	338.4	333.3	328.9	319.7	305.1	301.4	297.6	291.3	286.2	278.8	269.1	260.7	257.4	258.2	256	250.5	248	246.2	245.1	239.4	233.3	228.3	220.4	212.9	208	209.2	218.3	229.5	241.8	237.1	228.9	217.5	208.9	224.7	273.3	315.1	311.1	303.5	309.5	340.7	363.9	385.1	402.7	407.9	418.7	413.5	409.5	417.9	425.5	421.1	411.1	407.1	404.7	406.7	411.9	413.1	415.9	402.1	416.5	413.5	414.7	414.7
632.7	628.7	623.9	598.3	575.1	557.5	541.1	529.5	523.1	517.5	508.7	506.3	500.7	489.5	483.9	465.1	456.3	456.3	449.1	447.5	437.5	435.9	432.7	424.3	439.5	443.9	444.7	428.7	370.1	335.7	319.3	302.7	286.1	275.9	271.7	272.5	274.7	282.5	287.5	279.7	272.1	269.7	238.4	199.9	201.2	214.3	228.8	238.7	246.2	261.3	269.7	279.1	287.9	288.6	293.1	296.6	299.7	306.7	308.2	308.3	300	298.7	304.7	306.7	309.8	320.6	336.3	350.8	361	358.1	353.2	353.9	347.5	339.8	328.7	328.9	327.8	326.3	324.2	308	263	214	189.1	170.5	151.1	138.6	134.2	141.2	152.2	163.8	179.7	199.4	216.9	222.1	220	220.3	221.6	216.9	207.6	195	181	167.7	157.7	151.5	145.9	145.5	150.6	158.4	162.5	170.8	186.2	206.1	226.8	245.7	270.5	290.7	306.2	314.1	313.4	324.9	333.4	335.5	335.9	329.6	317.4	315.9	325.2	322.3	329.2	329.6	334.1	332.8	333.1	333.1	322.5	318.9	312.9	301.9	296	288.2	283.4	277.1	268.3	262.8	252.3	251.9	251	248.7	245.4	243.6	239.5	235.9	233.7	230.9	226.3	216.8	209.9	209.1	215	220.9	231.6	249.1	243.3	236.9	224.5	224.9	263.1	298.7	311.5	311.5	311.9	317.1	339.1	371.5	397.9	400.7	405.5	415.5	413.5	407.1	411.9	418.7	420.7	415.9	412.3	404.3	403.1	409.1	404.3	404.3	402.9	411.7	411.5	413.1	418.7
634.3	620.7	605.5	583.1	572.7	559.1	547.9	539.1	531.9	524.7	512.7	507.1	501.5	491.9	487.1	473.5	473.9	460.7	456.7	452.7	444.3	447.1	445.5	443.1	439.9	437.9	429.9	439.7	388.7	339.7	321.9	304.3	298.9	294.9	285.5	268.9	274.1	284.9	288.1	287.1	277.3	267.9	243	201.2	193.5	205.4	217.2	227.8	235.7	251.2	267.3	279.9	283.1	286.2	286.8	289	288.9	293	292.8	288.2	290.3	294.8	298.5	297.7	304.1	313.7	329.2	345.7	356.2	354.5	356.4	355	346.2	339.5	330.1	327.9	331.2	331	324.6	300.7	260	226	197.5	182.3	165.1	151	146.7	145.7	147.6	157.7	169.2	182.9	196.4	198.8	199.3	200.4	203.5	200.8	191.4	181.6	170.8	161.9	152.1	143.4	134.9	131.1	127.7	135.4	147.2	163.9	188.1	214.4	231	251	278.3	298.7	312.8	320.9	322	323.9	325.8	329.2	327.9	325.8	313.9	304.3	312.2	315.5	316.2	313.4	313.2	319.4	320.2	321.8	313	306.1	301.3	299.8	289.6	280.5	280.1	273.8	265.7	257	247.1	247.5	243.5	243.4	245	242.5	239	238.5	234.4	232.7	224.4	217	210.6	210.2	219.7	227.9	237.3	252.3	250.7	241.7	231.9	234.9	277.3	307.9	318.3	319.5	317.5	331.5	349.1	375.9	402.3	416.3	415.5	420.7	411.5	403.5	400.3	407.9	418.3	423.5	411.9	404.3	408.3	406.3	400.7	402.3	407.1	420.3	421.9	417.1	411.1
637.5	617.5	599.1	580.7	571.1	558.3	552.7	546.3	534.3	525.5	513.5	507.1	500.7	491.9	483.5	481.9	474.3	460.7	457.5	452.7	444.3	446.3	444.7	441.5	440.7	435.9	429.1	444.7	420.3	360.7	314.9	298.5	296.3	298.7	293.9	274.1	277.7	285.7	285.1	280.1	269.7	264.3	248.7	204.5	185.9	197.1	209.4	216.7	227.3	244	261.9	277.7	276	272.3	275.7	278.4	276.5	279.1	275.3	269.4	268.2	278.8	285.6	297.8	309.8	318.5	330.4	342.7	345.8	348.2	347.4	341.4	335.4	332.6	324.7	326.2	327.6	322.8	312.7	287.4	249.8	221.6	208.6	197.4	181.1	163.8	156.4	152.1	149.1	155.1	163.6	172.7	179.3	180.6	183.4	186.1	187.2	184.9	179.1	174.4	167.9	158.3	147.7	138.4	129.2	126.8	128	135.9	152.8	174.1	193.9	213.4	226.5	240.3	272.2	295.2	307.4	317.5	312.4	305.6	311.3	314.9	317.1	317.9	315.1	306.5	302.2	304.4	304.7	301.3	301.3	306.8	304.1	301.5	299.2	294.8	288.5	286.3	279.2	272	270.3	266.5	261.6	250.4	240.5	242.8	242.5	242.7	243.5	240.9	242	240.5	233.6	231.9	222.1	213.8	209	211	225.8	243	260.5	261.5	260.3	249.3	240.7	266.1	303.9	311.1	315.9	321.5	317.5	336.7	363.5	378.3	394.3	409.1	414.7	417.5	415.3	385.5	385.7	403.9	411.9	421.1	408.7	395.9	403.9	405.3	403.1	409.5	412.7	421.9	430.7	414.3	408.3
637.5	634.3	607.1	599.1	594.3	583.9	570.3	553.9	545.1	532.7	517.5	507.1	503.9	498.3	488.7	487.9	484.7	470.3	460.7	448.7	445.5	449.5	448.7	443.9	441.5	440.7	439.5	441.5	421.5	387.1	326.5	299.5	293.1	294.7	299.1	286.7	291.3	296.9	282.7	275.3	261.5	249.7	243.6	211.3	178.9	184.3	197.8	207.7	217.9	232.8	250.6	262.3	266.4	266	265.3	266.2	266.4	268	266.2	257.9	256.1	264	277.3	294.4	306.7	313.8	323.1	334.4	338.6	337.6	341.9	340.5	336.1	330.4	327.8	322.9	323.5	323.3	315.1	300.9	262	219.6	205	197.9	183.5	167.2	153.4	139.2	133.1	135.7	145.7	154.4	162.7	168.4	170.2	168.6	166.3	166.2	166.6	165	160.8	154.6	146.5	145.2	140.7	133.7	135.3	136.5	152	174.1	189.4	208.7	229.6	248	270.8	291.5	296.9	305.7	307.2	306.6	308.9	309.6	315.2	318.1	317.9	309.5	306.3	301.8	299	296.6	295.8	299.1	295	292	285.4	281.4	281.8	279.4	277.3	274.5	268.1	265.1	261	253.8	237.6	236.3	243.8	241.9	238	240	239.3	238.5	231.6	229.4	223.9	216.6	208.2	212.7	229.5	250.9	275.1	274.1	272.1	259.5	253.9	288.3	322.7	327.9	319.9	323.5	327.1	369.9	405.5	406.3	403.5	408.3	404.7	409.1	411.9	405.1	388.7	397.1	406.7	407.9	403.1	401.1	405.9	414.7	415.9	417.9	425.1	433.9	442.7	436.5	429.5
637.5	623.9	601.5	606.3	597.5	581.5	565.9	546.3	542.3	524.7	509.5	503.1	500.7	495.1	489.1	480.3	478.3	463.1	455.9	447.1	441.9	447.5	445.5	438.3	437.1	438.3	437.1	437.9	424.7	403.1	331.7	294.7	282.5	282.9	286.7	280.5	294.1	295.5	278.5	270.3	257.3	245.3	240.5	208.6	179.8	188.6	198.9	208.4	223.8	238.2	249.6	258	260.6	258.9	259.7	256.2	255.6	258.3	253.8	247.9	253.8	271	286.2	297.1	308.8	318.2	321.6	331.9	335.6	328.4	324.5	328.4	329.5	328.5	325.6	320.5	321	315.2	305.6	289.2	244.3	212.8	210.2	213.5	202	182.3	163.1	147.8	144.6	141	146.4	157.8	164.1	167.5	168.5	164.8	163.9	161.5	161.7	162.6	155.8	152.5	151.6	156.3	158.7	163.2	159.2	158.5	173.1	182	187.8	196.2	221.8	253.3	274.4	284.2	286.7	292.5	297.7	299	293.2	296.4	309	313.7	318	322.7	314.5	299.2	288.3	288.1	283.6	282	281.8	277.4	271.6	272.4	268.5	266.7	266	260.4	255	256	252	239.1	234.6	231	234.7	236	234.9	237.5	234.1	232.5	228.8	224.4	218.9	211.5	204	208.8	225	242.9	272.8	289.1	279.9	268.9	300.5	329.1	331.1	329.1	325.5	313.3	331.1	378.7	405.1	410.3	409.5	413.1	412.3	407.9	409.5	413.5	408.3	392.1	398.7	406.7	407.9	407.5	412.3	414.7	417.1	416.7	417.1	426.3	437.9	443.5	445.1
635.5	637.5	637.5	633.5	607.9	587.5	566.7	553.5	545.9	529.5	505.1	504.3	501.5	495.9	484.9	469.5	469.9	461.9	453.5	440.3	436.3	446.3	446.3	443.5	434.3	427.5	423.1	437.1	440.7	429.1	372.9	310.7	288.7	280.7	277.7	276.7	285.1	286.9	274.1	259.3	244.1	242.5	241.3	203.7	178.3	181.5	193	201.6	214.2	230.3	240.6	250.3	254.1	256.9	259.4	253.7	248.5	249.4	249.2	246.5	251.8	261.3	277.5	286	297.4	309.4	315	321.2	321.8	317.9	320.7	328.5	333.3	329.7	324	319.6	315.6	310.9	306.5	291.6	265.3	232.7	215.2	215.4	216.7	207.3	193	184.6	183.5	167.4	156.1	158	160.7	159.1	157.3	154.4	152.8	152.5	153.8	158.1	165	178.5	185.2	187.1	190.5	189.3	183.4	180.7	182.1	184.6	198.4	214.3	238.6	259.3	270	276.7	279.6	284.1	289.6	285.7	283.3	291.8	297.7	303.3	307.5	307	308	299.5	284.8	280.7	277.3	270.9	267	266.6	269.7	266.1	257.3	260.4	258.1	256.6	254.7	253.6	247.5	235.6	230	231.3	231.9	231.3	234	242.1	239	233.4	231	225.5	220.1	212.4	204.6	210.9	221.8	241.8	276.7	296.1	286.5	278.1	316.1	327.5	325.5	322.3	325.1	318.1	363.1	409.1	403.9	401.5	403.9	408.7	412.7	412.7	411.5	412.7	408.7	397.3	409.5	418.7	423.9	421.9	420.3	407.9	413.9	413.5	413.9	417.5	429.5	442.3	447.9
629.9	636.3	637.5	635.1	604.7	588.7	565.9	552.7	543.1	530.3	511.1	503.1	504.7	498.3	492.7	474.3	468.7	465.9	451.9	436.3	435.9	445.9	445.5	436.3	427.9	425.9	420.7	435.9	437.9	430.7	387.9	311.1	277.7	265.5	259.1	271.5	282.1	283.1	272.3	254.5	244.1	242.9	247.9	215.3	180.6	177.2	187.8	196.4	212.4	227.8	240	247.2	248.8	248.9	249.1	247.1	242.9	241.1	242	248	256.7	264.4	278.8	291.5	297.6	302.1	305.6	309.5	313	316.5	320.8	327.9	328.1	322.1	321.6	322.7	319.8	313	310.7	297.6	273.9	245.9	229.9	228.7	230.6	224.2	214.1	204	203	187.9	176.2	169.8	166.9	165.5	162.6	158	154.2	156.6	162.2	170.9	181.6	197.5	206.1	210.4	211.8	208.5	203.8	197.5	195.5	194	208.8	228.9	244.5	260.8	269	274.8	276.1	279.2	283.4	278.9	278.9	285.1	292.7	298.3	298	297.5	303.6	301.1	287.5	280.4	274	261.1	255.3	256.4	257.1	256.4	250.2	248.9	248.8	247.5	246.4	242.7	237.3	233.9	230.8	229.7	228.1	230.9	231.3	235.4	236.3	232.5	227	223.5	219.6	213	203.9	208.8	221.2	252.4	291.5	298.5	294.7	317.3	335.1	322.3	312.7	319.5	324.3	327.1	370.7	410.7	407.1	390.1	384.3	400.1	413.1	413.5	416.7	420.7	414.3	399.9	410.3	421.5	428.3	423.1	419.9	403.1	406.3	409.5	410.1	419.7	428.7	441.1	446.3
635.9	637.5	635.1	623.9	595.5	577.5	564.3	559.5	542.3	528.7	515.5	509.5	509.5	504.7	497.5	487.1	488.7	471.5	440.3	434.3	447.5	450.3	446.3	442.7	438.3	440.7	438.3	439.1	428.7	430.7	410.5	348.9	281.3	257.1	248.7	259.5	273.3	274.9	265.5	251.3	256.5	275.9	256.5	220.5	184.3	168.3	177.8	189.4	205.6	222	235.9	239.6	242.5	242.9	243.1	241.8	236	230.6	234	247.4	258.9	268.8	279.3	286.9	290.7	293.7	295.4	298.7	305.8	310.9	312.4	314.4	313.8	309.5	306.2	304.5	301.7	298.3	300.6	291.8	282.3	270.6	250	228	224.2	227.9	224.3	216.8	209.7	204.9	201.9	199.3	194	195.6	194.1	187	176.6	179.6	187.3	196.2	213.2	225.9	227.6	226.7	222.8	216.8	218.2	227	232.8	232.6	237.4	245.3	252.8	260.8	264.1	268.3	270	275	278.3	275.3	268	270	273.9	276.9	282.6	289.1	293.3	295.9	292.7	283.2	273.4	261.1	254.8	251.4	248.2	250.7	251.8	248	246	244.3	239.8	235.1	232.9	234.4	232.2	229.1	227.7	228.8	230.3	231.1	230	222.5	223.6	223.2	220.4	234.8	228	211.4	218.2	252.4	284.1	292.3	296.7	323.1	328.3	316.7	311.1	321.5	324.7	350.1	386.7	401.9	406.3	401.5	394.5	413.9	410.3	407.9	414.7	425.9	427.9	414.3	411.5	414.7	417.3	424.7	429.1	427.1	419.5	419.3	411.3	421.5	437.9	456.3	451.1
637.5	637.5	629.1	627.5	601.9	573.9	557.9	560.7	543.5	528.7	519.9	512.7	508.7	506.3	500.7	491.9	489.9	468.3	442.3	439.5	449.1	450.3	446.3	446.3	444.7	440.7	439.1	439.9	433.7	436.7	429.9	405.5	335.1	266.5	232.3	249.1	271.7	269.7	262.7	255.1	262.5	278.7	262.7	227.4	184.5	167.1	173.6	184.7	206	219.8	233	239.1	237.2	231.8	237	236.1	228.5	230.1	241.9	250.6	258.7	266.4	273	277.1	278.4	285.7	289	293.8	301.4	306.1	311.6	313.8	309.3	308.7	308.4	309.3	308.8	300.7	299	293.2	288	280.6	262.7	237.5	231.6	231.1	228.5	221.6	215.1	214.7	218.3	211.6	210.5	215.5	211.8	205.2	197.4	195.8	202.1	214.9	232.9	248.3	243.5	237.3	233.1	228.2	234.8	244.6	246.7	248.3	247.9	254	262.7	268	267.7	270.8	275	274.4	270.3	267.5	259.9	259	261.2	262.9	270	275.4	281.2	284.8	282.3	280.9	273.3	264.2	253.1	244.3	242.1	243	242.8	237.8	240.1	243.1	239.4	234.3	231.1	229.4	228.3	226.1	225.2	226.6	229.6	227.7	223.8	217.7	217.7	221.6	221.7	236.2	254	236.3	238.4	273.7	278.5	286.3	312.3	335.5	324.7	315.9	318.7	321.1	327.5	362.3	381.1	385.3	394.9	399.7	409.5	417.1	409.9	405.5	409.1	415.5	423.5	418.3	413.5	415.9	416.7	421.1	429.5	431.9	429.1	429.9	421.1	425.9	447.9	463.1	453.9
637.5	637.5	637.5	629.5	616.3	606.3	586.5	577.1	565.5	543.1	530.3	517.5	515.1	512.7	504.7	489.9	476.7	471.1	457.5	451.9	451.1	451.1	448.7	441.5	436.7	440.7	439.1	437.5	435.1	439.1	436.3	417.5	378.3	286.7	223.7	235.3	267.9	278.7	285.1	301.1	304.3	297.5	268.5	236.1	188.3	164.8	169.6	180.8	201.8	216.5	227.3	233.2	231.5	224.5	226.8	227.8	225.3	230.1	241.6	246.4	254.2	260.8	264.4	270.3	276.3	285.1	289	291.4	296.9	303.3	308.2	306.8	292.3	299.4	301.6	296.9	296	291.4	292	282.9	279.5	282.8	273.6	260.7	256	250.6	247.7	233.5	221.7	225.8	231.5	232.9	231.4	235.1	236.7	228.8	221	214.7	222.7	236.7	257.4	268.8	259.1	251.2	252.2	252.1	254.3	255.6	260.1	261.9	263.5	267.8	270.9	274	270.1	268.7	265.5	257.4	255	254.1	251.6	249.5	252.2	248.6	249	252.2	260.8	271	278.4	277.2	270.5	258.9	247.5	237	234.2	236.1	237.2	234.6	230	234.6	232.8	228.4	228.3	227.8	224	220.8	222.3	224.9	224.7	220.2	214	216.8	220.3	222.6	228.9	247.2	264.6	268	269.2	285.2	274.5	274.3	300.5	325.1	319.5	317.5	314.3	327.9	360.7	397.3	403.5	401.5	415.5	407.7	402.7	409.9	408.3	401.9	404.3	405.9	414.3	412.7	406.7	399.1	409.5	407.5	413.9	419.1	416.7	425.9	428.3	434.3	460.3	470.3	461.1
637.5	637.5	637.5	624.3	619.5	617.5	594.3	573.9	562.7	541.5	534.3	521.5	518.3	512.7	507.1	488.3	477.1	475.1	463.1	452.7	451.1	450.3	448.7	437.1	440.7	444.7	440.7	439.1	434.3	435.9	436.3	423.9	377.7	269.9	216.3	231.3	278.5	288.3	295.1	309.5	306.5	304.3	287.1	245.9	206.7	183.8	177.1	185.9	204.2	214.3	222.5	234.3	233.9	227.5	224.6	225.1	233.5	243	248.9	250.8	252.9	251.6	250.3	256.6	267.2	277.8	281.2	283.9	297.8	307.4	310.7	305.9	296.4	298.3	302.3	297.5	296.2	291.2	289.2	286.1	284.9	285.8	282.2	275.7	271.5	268.9	268.3	258.4	249.6	245.4	251.2	256.4	253.4	263.5	268.6	257.3	246.2	241.8	249.7	268.5	283.9	295.1	288.3	274.5	272.3	269	264.7	263.4	266.9	270.8	273	273.1	271.6	273.6	270.5	266	258.7	256.5	256	254.1	248.9	245.5	244.8	243.7	239.9	239.5	248.3	259.5	274.4	277	272.1	264.2	257.9	247.3	236.8	231.7	233	235.4	232.9	235.3	230.9	224.5	225.9	228.2	225.2	219.8	218.8	217.1	220.6	219.2	212.2	216.6	217.1	220.6	230.4	245.5	256.1	269.9	288.5	290.5	270.7	268.9	308.9	324.3	318.7	317.9	315.9	337.5	371.5	398.3	409.5	407.7	416.5	408.3	396.9	407.7	413.5	403.5	409.1	410.3	413.9	410.3	405.9	395.1	398.3	404.7	408.7	413.1	415.1	427.9	437.1	440.9	464.9	471.5	460.7
635.5	635.1	629.5	601.1	626.3	629.5	597.5	573.1	563.5	558.3	547.1	526.3	515.1	510.3	508.7	499.9	497.5	490.3	475.9	459.9	451.1	450.3	447.5	438.7	446.3	445.5	439.9	429.1	433.1	438.7	431.5	430.3	414.9	332.5	288.7	283.5	321.3	316.3	318.1	319.3	313.1	305.3	294.5	249.5	219.7	192.2	176.4	183.5	200.8	213.6	217.6	231.3	234.7	229.1	228.8	221.8	227.5	243.9	246.8	249.8	250.5	246.6	247.9	246.9	257.7	276.4	280.1	280.2	287.6	295.9	295.5	295.6	291.8	290.1	293.7	291.6	284	281.3	279.8	276.8	272.9	273.6	276.9	283	280.7	280.4	285.9	284.5	283.9	272.9	267.6	270.2	273.1	279.5	283.2	278.2	258.3	251.9	263.4	278.7	294.3	307.7	298.7	290	285.4	274.7	269.8	269.4	271.2	273.9	273.5	278	277.9	269.3	264.9	259.4	257.8	259.3	256.9	249.9	247	247.4	246.3	244.5	241	240.5	242.2	244.7	255.5	264.2	272	274.8	274.2	261.5	245.8	236	234.3	237	233.7	235.6	233.2	226.4	224.8	228.4	226.6	222.6	216.7	218.3	217.6	216.3	217.4	218.8	216.2	219.6	242.6	261.7	262	269.6	288.2	309.5	301.7	302.1	342.5	352.7	340.3	337.5	355.1	392.7	405.5	404.3	409.1	402.1	405.7	407.7	396.5	387.3	407.9	405.5	411.9	414.7	406.3	403.9	407.9	400.7	396.3	409.1	411.5	411.1	411.5	428.3	434.3	438.9	464.3	481.9	473.9
637.5	633.9	629.1	615.5	630.3	633.5	596.7	572.3	561.9	560.7	548.7	523.9	514.3	509.5	509.5	501.5	497.5	490.3	478.3	460.7	451.9	451.1	444.3	437.9	440.7	445.5	440.7	433.9	435.1	439.9	436.7	430.1	371.7	315.3	294.3	280.7	313.9	312.3	313.3	316.7	313.9	304.3	296.1	260.5	232.7	209.6	188.3	188.8	200.9	211.2	217.5	228	236	238.2	236.1	237.6	251.5	261.3	259.3	254.7	252	245.3	239.8	240.5	251.7	268.4	274.5	277	283.7	285	285.7	282.5	277	278.6	283.7	278.7	275.6	269.9	269.1	264	250.9	249.5	255.1	260.7	262.6	259.3	265.8	277.1	279.4	274	273.6	281.7	293	304.1	315.5	313.3	297.3	285.9	286.8	293.6	303.7	309.7	301.4	291.4	282.1	271.6	273.9	272.5	277.1	277.9	270.7	275	279	272.1	263.2	257.4	257.3	259.3	253.2	246.3	243.8	241.2	242.4	242.7	239.6	239.5	242.1	243.3	249.4	259.8	269.5	274.7	277.4	272.4	258.7	241.9	237.2	240.8	239	239.1	238.4	233.5	233.7	232	225.1	223.8	219.4	217.8	216.3	214.4	216.6	217.5	215.2	221.1	246.1	265.7	268.3	284.6	290.9	297.7	311.7	364.3	378.3	362.3	349.1	356.3	379.1	402.7	409.5	403.1	407.9	409.1	407.5	412.7	401.1	371.3	392.5	405.1	410.3	413.5	404.3	401.1	407.1	394.9	389.3	410.3	413.9	410.7	391.7	399.5	425.3	447.9	481.5	491.1	485.9
634.7	635.1	637.5	637.5	637.5	628.7	610.3	592.7	578.3	563.9	543.1	524.3	519.9	517.1	515.1	500.7	490.7	494.3	483.1	465.5	452.7	449.1	434.3	438.7	438.7	441.1	441.5	439.1	438.3	437.5	440.7	429.3	362.3	320.1	311.9	298.7	312.9	327.3	316.7	313.9	315.1	306.5	296.5	258.5	235.5	217.1	195.9	191.3	197.2	204.8	213.4	224.3	236.7	242.4	239.2	243.1	260	271	264.6	257.7	255.1	250.1	240	234.7	240.7	252	262.9	265.5	268.6	267.1	266.4	265	262.7	266.3	267.3	259.4	259.2	256.7	255.4	250.4	239.7	238.1	246.1	246	245.7	250.5	255.5	262.3	264.2	264	272.6	286.1	303	316.6	330.5	324	305.6	297	296.7	291	296.3	305	294.8	286.3	281	274.2	273.5	273.1	278.3	275	268.9	271.7	275.9	273.8	266.3	255.4	250.6	258.7	256.1	247.4	239.9	238.8	239.5	238.5	234.7	235.6	235.2	238.3	240.3	248.3	256.1	268.2	272.8	265.4	258.2	244.2	238	242	238.7	235.8	235.8	237.1	235.7	233.4	230.6	224.9	225.1	222.7	216.5	217.6	219.1	218.2	217.6	225.6	260.4	276.8	280.5	305.2	304.1	294.9	308.3	363.7	373.9	365.5	380.7	399.9	397.5	391.9	417.5	418.3	404.7	410.3	412.3	417.5	417.3	391.1	388.1	409.1	405.9	412.7	408.3	411.9	421.1	417.1	411.9	423.5	423.5	413.7	396.9	409.3	433.1	462.3	501.5	501.9	487.1
637.5	637.5	637.5	637.5	637.5	627.1	610.3	591.9	580.7	564.7	543.9	529.5	523.9	520.7	517.5	499.1	495.1	494.3	483.9	468.7	454.3	449.1	441.1	444.7	443.5	442.3	443.1	439.1	438.3	437.5	439.1	400.5	337.7	317.1	315.1	315.9	319.9	327.3	313.1	312.1	311.1	307.5	297.7	269.9	241.9	237.7	226.3	201.8	201	207.5	212.7	229.6	246.2	255.6	257.8	266.9	280.1	285.1	272.4	263.1	259.1	251.2	241.5	233.9	232.2	240.2	247.8	245.1	242.3	240.9	237.3	236.2	238.4	244.6	242.8	233.1	233.1	234.4	234	231.7	223.5	223.9	232.8	233.9	231.8	235.5	239.8	239.1	236.5	238	244.9	252.5	267.3	281.8	293.8	284.2	270.1	264.7	263.1	261.3	259.6	264.3	263.3	257.7	254.5	250.5	251.3	251.8	253.5	252.6	251.2	254.4	259.3	256.1	251.8	251.5	247.9	250.4	252.9	242.6	236.1	235.8	233.7	232.2	229.3	228.7	226.9	229.9	235	242.7	250.6	268	277.3	277.5	273.8	260.2	247.6	247.4	248.3	248.7	244.4	239.1	236.5	232.6	227.8	226.9	224.3	220.4	214.9	217.3	216	216.7	220.7	225.5	260.2	284.3	308.1	318.9	325.1	349.9	360.7	367.9	373.1	368.7	392.7	408.3	401.9	393.5	400.3	410.3	397.9	395.9	399.5	414.7	420.3	411.7	394.1	411.5	402.3	404.3	411.1	416.3	427.5	412.9	403.3	427.1	427.5	419.9	410.7	419.9	437.1	475.1	508.7	499.9	483.9
633.5	637.5	637.5	637.5	637.5	637.5	622.3	603.9	583.9	563.1	549.5	542.3	534.3	525.5	517.5	508.7	500.7	495.9	491.9	479.9	459.9	448.7	450.3	448.7	444.7	443.9	443.9	439.9	438.3	437.5	437.5	389.3	333.7	317.1	304.3	323.5	341.5	355.3	318.3	306.9	309.1	309.5	300.1	262.3	245.5	239.9	229.9	205.4	204.2	207.6	208.1	220.1	243	257.2	261.7	272	279.4	282.8	277.6	269.7	258.6	251.4	240.5	232.1	233.1	229.9	229	222.3	216.2	218.5	216.4	220	226.8	226.4	222.8	216.1	217.3	215.5	213.2	212.5	215.3	217.2	222.1	223.3	224.5	229.4	235.1	231.8	222.9	223.1	228.1	241.6	257.7	262.9	274.1	268.1	260.2	256	253.2	246.3	235.3	238.7	241.7	243.4	242.6	244.1	244.9	245.7	244.2	242.8	239	242.5	248.9	249.1	242.4	236.7	241.6	246.3	244.4	240.3	238	230.4	226.2	228	229.2	227	221.9	225.4	228.3	233.1	242.8	258.2	273.1	277.2	276	270.1	251.7	246.9	252.8	252.9	245.4	242.3	237.1	230	226.3	224.1	224.5	216.3	213.2	212.7	213.5	215.6	218.2	229.1	261.3	283.6	312.4	304.7	327.7	366.1	360.1	356.9	375.1	392.3	405.1	413.1	409.1	399.9	381.7	394.1	403.5	414.7	408.7	411.9	413.5	412.3	405.7	405.5	404.7	404.7	413.5	417.9	421.9	403.3	393.3	415.9	424.3	414.3	411.5	419.9	451.5	499.5	529.9	525.5	491.9
634.7	637.5	637.5	637.5	637.5	637.5	637.5	619.1	595.9	573.5	558.3	547.9	540.7	531.1	523.1	513.5	503.1	496.7	498.3	490.3	473.5	455.9	451.1	448.7	446.3	443.1	443.1	443.1	439.9	437.5	404.1	350.9	337.3	325.7	353.3	351.3	334.5	356.7	324.9	310.3	308.5	306.1	299.9	270.9	249.5	242.9	244.5	229.3	217.8	210.3	211.4	221.6	239.2	263.8	277.4	279.7	280.6	275.1	273.6	266.8	257.7	247	233.9	227.3	220	211.7	204.1	196.2	191.9	192	194.1	196.8	204	201.9	201.5	201.7	199.5	198.8	194.9	191.5	195.6	198	201.2	207.7	213.9	212.6	210.5	210	203.1	197.2	200.9	211.3	225.8	233.9	236.9	242.1	235.6	230.8	225.2	220.7	217.6	216	216.2	222	221.8	222.5	224.8	226.6	224.6	225.1	225.9	223.2	222.1	224	223.2	222.8	221.8	229	231.4	228.4	225.3	216.2	212.2	210.6	215.9	220.5	219	223.5	230.9	232.7	242.8	264.3	277.9	277.5	277.4	271.4	263.1	261	261.3	259.7	252.9	243.6	235.9	228.8	225.7	220.7	218.4	215.2	212.8	212	215.7	216.6	218.6	229.1	271.7	317.7	331.9	323.5	364.9	386.3	381.1	374.1	381.1	401.5	405.9	412.7	411.1	401.1	401.5	408.3	415.9	424.3	421.5	409.1	407.1	409.1	392.3	392.9	407.5	407.5	415.9	417.5	420.3	416.3	410.7	414.1	416.5	412.3	407.5	418.7	442.3	475.9	518.3	536.3	517.5
637.5	637.5	637.5	637.5	637.5	637.5	630.3	611.5	587.5	576.7	569.5	558.3	541.5	531.9	523.1	509.5	499.9	499.9	502.3	494.3	473.5	455.9	448.3	444.7	444.7	443.1	443.9	441.5	439.9	438.3	399.3	349.9	337.1	342.3	395.5	379.5	332.5	357.3	357.9	359.1	351.3	328.9	303.7	279.7	253.5	244.5	245.9	249.9	235.7	220.5	217.1	227.7	239.8	262.5	279.2	285.7	282.4	277.3	272.4	271.5	266.1	250.2	231	227.8	214.9	197.6	189.6	185.5	182.1	180.4	182.5	183.6	188.2	188	187.5	194.8	196.2	193.1	190.9	188.7	190.1	191.3	193.8	208.6	211.8	202.6	194.4	189.6	191.6	198.2	202.3	207.4	215.9	217.6	221.6	219.7	216	217.9	215.8	208.5	205.2	208.9	212.2	210.7	206.6	202.5	203.9	209.5	210.5	213.1	218	217.9	214.4	217.1	213.3	214.1	210.2	215.8	218.5	220.3	216.3	208.3	198.2	201	208.7	207.8	214.4	225.3	232	238.4	244.6	259.6	268.1	268.3	270.6	267.8	261.2	263.4	265.3	258.2	248.3	243.8	237.1	231	229	224.1	216.2	211.1	209.2	212.6	216.5	216	214.6	231.8	284.5	332.9	343.5	348.5	378.9	403.5	409.5	400.3	388.3	393.9	390.7	397.5	405.9	409.1	412.3	413.9	417.9	417.5	415.5	414.7	407.9	405.9	386.1	380.7	412.3	404.3	405.1	420.3	416.7	418.7	422.7	418.3	414.7	425.1	439.1	452.3	493.9	545.9	561.5	569.5	544.7
637.5	637.5	637.5	637.5	637.5	633.9	628.3	609.1	585.9	579.1	573.5	559.1	541.5	529.5	523.1	514.3	507.1	508.3	504.7	494.3	475.9	457.5	449.1	450.7	446.3	443.9	443.1	441.5	438.1	438.3	416.5	372.1	357.1	415.7	435.5	385.7	336.7	354.3	362.9	362.3	367.5	338.5	305.3	292.5	262.5	246.7	246.5	258.7	271.1	238.5	223.8	232	241.7	258.4	272.7	280.3	285.5	280	272.9	270.4	262.5	243.5	230.8	233.2	227.2	213.9	202.6	192.7	182.4	179.3	179	181.3	181.5	180.7	180.1	194	199	194.1	199.7	200.3	200.4	200.2	206.6	224.3	227.7	214.1	198.8	194.6	204.2	214.3	221.4	223.8	225.2	229.1	227.1	216.1	213.8	220.3	221.4	215.5	208.7	210.3	212.6	210.9	204.9	201.1	202.8	206.9	204.4	205	209.9	207.6	205.1	205.5	203.5	202.5	196.3	197.9	198.1	195.3	188.8	183.4	177.8	182.6	191.9	199.9	209.4	216.9	227.4	238.3	248.8	254	260	265	269.3	272.4	272.3	271	271.6	261.8	249.5	243.8	238	231.6	228.1	224.6	215.2	209.8	209.3	211.4	212.9	211.3	212	238.5	305.9	338.9	363.7	410.9	413.9	422.3	427.9	412.3	391.5	380.5	381.7	373.9	392.5	405.9	407.5	408.7	417.1	414.7	412.3	407.1	404.7	406.7	399.5	397.1	412.3	401.1	395.1	414.7	412.3	417.5	430.3	427.1	418.3	425.5	442.7	466.3	507.1	560.3	574.1	583.1	560.3
637.5	637.5	637.5	637.5	637.5	637.5	631.9	616.7	599.9	580.7	571.1	557.1	540.3	531.1	532.7	528.7	515.1	513.5	508.7	495.9	481.9	463.9	455.1	452.7	449.5	444.7	443.1	443.1	438.7	423.1	412.5	369.1	374.7	422.1	421.5	382.7	336.1	350.5	368.7	367.5	357.9	352.9	333.9	306.9	263.9	250.3	247.5	254.7	269.8	248	228.1	229.5	240.6	253.1	267.4	278.8	281.6	276.9	274.6	268.8	258.1	242.8	232.2	234.7	233.4	221.3	209.7	197.8	179	172.1	175.4	182	173.7	172.4	177.6	189	193.3	195.6	203.2	203	203.4	209.2	220.9	229.9	220.6	217.1	204.2	196	203.9	221.5	231.7	233.1	229	232	231.2	219.5	214	226	230	226.5	214.6	217.9	222.9	220.3	210.3	202.4	208.1	209	201.4	201.4	203	205.1	201.8	199.3	196.9	193.1	187.2	180	175.4	175	171.8	164.6	163.8	166.2	173.4	191.2	202.4	211.5	224.2	238	252.7	259.8	263.4	266.1	271.1	269.7	277.3	278.7	271.5	262.7	252.6	245.1	238	233.6	230.1	223.5	215.3	212.4	212.3	212	211.1	210.7	217.7	251.3	310.5	330.3	357.7	403.9	413.5	426.3	419.9	401.5	386.9	395.3	403.9	390.7	392.5	404.7	404.3	398.3	393.5	402.7	413.5	414.3	410.3	413.9	411.1	406.3	404.7	402.3	390.7	405.1	414.3	413.5	437.9	450.3	443.1	442.7	468.7	520.3	557.5	581.9	606.1	615.5	606.7
637.5	637.5	632.7	637.5	637.5	636.7	631.1	623.9	606.3	583.1	571.9	567.1	551.9	537.5	535.1	528.7	515.1	511.9	508.7	496.7	483.9	467.9	457.5	454.3	450.3	446.3	444.7	441.5	423.1	426.7	415.5	392.1	436.3	438.3	421.9	394.3	351.7	346.3	367.5	350.3	356.9	355.7	320.3	303.3	269.1	249.9	244.7	248.7	263.5	261.4	235.6	231.9	242.1	255.9	270.4	279.8	279.4	277.2	276	266.3	254.1	242.8	238.7	244.4	248.4	246.9	239.3	225.3	207.7	191.5	181.3	179.3	174	169.4	178.1	186.4	190.9	196.9	206.7	210.5	212.5	219.5	228.2	235.5	233.9	231.7	222.5	213.3	227.5	248.2	255	254	255.6	265.2	260.9	244.5	242.7	256.7	264	257.6	243.1	243.5	245.2	236.1	222.5	218.4	221.4	217	210.1	202.2	204.8	205	202.2	199.4	192.2	181.6	171.6	164.5	158.4	160.7	158.5	152.2	150.5	157.5	164.8	181.5	190.5	198.4	211.5	226.5	242.6	252.2	256.9	261.9	266	270.9	284.2	288.9	272.9	261.4	250	238.6	232.6	228.7	221.7	217.4	214.3	210.1	212.6	211	210.2	213	223.2	270.1	331.2	342.3	373.7	409.9	433.1	421.1	411.9	393.1	398.3	415.5	421.5	417.1	409.5	407.5	406.7	393.9	395.1	402.3	411.1	415.9	417.9	418.7	416.7	409.1	405.9	404.7	414.3	418.3	421.9	419.5	437.5	457.9	451.5	449.5	474.3	539.5	573.5	582.7	616.3	619.1	617.1
637.5	637.5	630.7	637.5	637.5	636.3	637.5	634.3	618.3	599.9	593.5	583.1	566.3	552.7	539.1	527.1	515.1	510.3	515.1	504.7	490.3	471.9	463.9	455.9	451.9	448.7	444.7	434.3	433.1	439.1	419.9	416.5	431.9	434.3	433.9	407.1	360.3	347.5	356.5	339.7	348.5	363.9	339.3	305.1	269.7	244.7	241.5	242.9	251.3	256.9	237.6	230.7	237.6	254.8	271.4	280.1	283.4	281.8	274.1	263.7	254.7	242.3	238	241.9	244.8	246.6	245.7	227.4	217.1	204.6	194.3	183.8	170.2	167.5	177.8	179.2	184.2	185.8	196.7	206.7	204.4	203.3	212.2	224.6	220.4	219	213.6	202.4	220.2	240.8	244.5	250.3	253.5	263.9	261.8	252	244.3	256.5	264.7	261.5	252	252	248.4	237.5	219.6	218.4	220.2	214.6	208	201.8	193.6	191.8	191.2	190.2	178.6	170.4	162.2	153.3	149.6	146.4	147.1	147.3	148.6	150.8	161.8	176.1	182.9	193	206.9	226.5	248.2	257.1	260.5	260.9	262.4	266.6	281.6	285.6	273.5	261.6	248.4	236.4	226.1	221.7	224.1	217.5	212.5	211.2	212.5	210	208.3	212.5	220.7	262.2	310.4	325.5	350.3	396.3	405.9	409.1	399.5	395.9	409.9	408.3	415.5	416.7	415.5	411.1	417.9	421.1	427.9	421.9	414.3	411.9	416.3	429.9	437.1	444.7	434.7	426.7	437.5	455.9	475.9	485.5	504.7	497.9	455.5	458.7	524.3	598.3	606.3	595.5	609.1	631.1	627.9
637.5	637.5	632.3	637.5	637.5	637.5	635.1	636.7	627.9	610.3	594.5	581.7	570.3	555.9	543.1	531.1	519.9	517.5	517.1	507.9	491.9	473.5	466.3	455.9	452.7	449.5	445.5	438.3	438.7	439.1	439.1	437.5	431.5	438.3	436.7	402.1	368.7	374.5	366.7	338.7	347.1	358.5	346.9	308.3	277.1	247.9	243.1	244.3	251.1	263.9	270.2	247.4	240.2	258.1	267.8	275.5	275.5	272.4	265.6	255.5	254.2	244.1	238.5	243.7	246.3	249.1	247.8	238.9	231.5	227.1	221.1	209.3	192.1	182.1	182.6	176.4	174.3	177	182.9	195.9	187.2	174.2	187	202.3	202.1	198.8	190.2	186.4	221.2	240.3	243.7	260.5	270.2	274.3	273.1	260.9	255.6	262.4	262.8	258.4	252.6	252.5	249.6	230	203.4	209.4	213.4	208.8	200.9	186.8	179.9	182.5	178.5	173.7	167.2	161.6	159.2	152.7	150.8	154.8	159.5	172.6	183.5	186.1	188	189.9	194.1	199.8	207.1	223.4	244.1	257.3	259.1	261.2	267	270.3	284.9	284.4	271.6	258.1	242.9	231.8	221.6	220.6	223.8	217.5	211.5	213	213.8	209.9	209.8	215.2	244.4	293.1	306.5	334.1	365.7	383.9	398.1	401.5	397.9	396.7	410.3	408.7	410.3	418.3	404.5	410.1	419.1	419.5	429.5	429.9	417.9	411.9	417.1	429.9	441.1	448.7	445.9	438.7	462.7	489.5	505.1	525.9	544.3	518.3	461.5	479.5	548.3	609.5	607.1	596.7	602.7	630.7	626.7
635.1	635.5	627.5	629.1	637.5	637.5	635.5	637.5	637.5	633.5	614.7	599.9	587.1	575.1	552.7	539.5	534.3	523.9	515.1	507.9	497.9	491.1	475.1	456.3	451.1	439.9	446.3	443.1	440.7	439.9	439.9	438.3	438.3	437.5	429.5	398.5	383.7	401.7	400.9	368.1	359.5	357.3	354.3	322.7	278.9	248.1	243.3	240.1	244.7	257.9	270.9	248.3	236.7	256.9	265.1	273.7	278.7	273.7	265.1	256.9	250.7	243	237.8	241.9	242.5	245.6	248.5	246.6	241.3	231.1	228.2	217.4	205.3	194.8	190.8	185.8	183.7	178.3	176.2	185.1	175.9	162.3	166.7	176.8	180.9	175.4	166.5	169.7	202.1	230.1	237.9	248.9	264.5	270.4	265.8	241.9	235.1	252.8	247.6	244.2	237.2	229.9	219.3	191.8	153.5	155.4	166.8	169.6	171.6	160.3	157.7	167	163.1	149.6	147.2	149	149.8	151.8	149.4	152.1	161.2	173	185.9	192.5	191	190.9	200	205.2	210.9	224.6	245.3	263.4	269.9	271.7	271.4	273.4	285.2	286.7	274.1	258.7	244	230.7	222.2	219.3	218.7	214.6	212.8	214.3	213.6	211.6	214.2	221.5	272.7	331.1	329.3	346.5	377.5	389.1	404.7	410.9	410.3	399.1	396.7	408.7	405.9	419.9	412.1	400.3	404.9	407.5	414.7	433.5	426.7	423.5	420.7	426.7	441.5	463.9	479.1	490.7	545.9	596.7	603.5	613.9	611.1	596.5	565.9	589.5	603.1	611.1	611.1	602.3	603.1	607.5	615.1
629.1	633.9	631.1	632.7	637.5	637.5	637.5	637.5	637.5	635.9	615.1	604.7	590.3	577.5	554.3	543.5	537.1	521.5	514.3	512.7	506.3	494.3	474.7	452.3	447.9	450.3	446.3	443.9	441.5	439.9	440.7	439.1	436.7	437.5	419.1	416.7	437.5	435.9	433.3	379.9	360.9	357.7	352.3	325.3	284.7	246.9	240.9	240.1	243.9	255.1	270.1	267	243.8	248.9	262.3	270.6	278	275.8	267.1	262.1	253.6	246.1	245.6	248.9	248.1	249.7	250.3	251.1	247.5	243	236.3	226.5	220.2	211	211	210.9	209.6	201.6	194.8	189.6	177.9	175.7	176.7	168.5	161.8	150.1	140.1	152.8	164.4	178.4	182	184.3	194.3	201.4	199.4	183.4	190.4	205.6	204.2	199.3	192.1	184.3	168.7	142.1	122.3	118.9	120.5	127.1	135.5	147.3	153.8	160.6	160.8	156.3	159.9	168.9	175.7	178.1	177.3	182.1	192.8	202.6	209.5	213.8	213.6	215.2	223.2	226.3	229.2	245	260.2	269.8	277.4	279.7	279.7	281.9	283	279.2	266.1	247.7	237.6	228.4	222.4	219.7	219.7	214.4	213.1	213.4	213.8	215.3	220.6	235.2	298.4	335.7	339.9	387.1	392.3	397.1	409.5	412.7	411.1	403.5	397.9	405.5	403.5	416.7	426.3	409.5	405.9	400.7	393.3	427.9	433.9	435.9	435.5	443.1	461.1	493.1	509.5	528.3	582.7	623.9	616.7	612.7	609.9	608.7	597.1	608.3	605.9	614.3	612.7	604.3	604.7	606.7	613.5
636.3	637.5	637.5	637.5	637.5	637.5	637.5	637.5	637.5	637.5	616.7	612.7	600.7	587.9	569.5	552.7	543.1	526.3	511.9	511.9	509.5	497.1	489.5	474.3	455.1	451.9	448.7	445.5	442.3	429.1	439.5	440.7	439.9	438.3	434.7	430.7	438.3	438.3	435.9	395.5	363.7	349.7	349.9	350.9	296.3	249.7	238.7	239.7	240.9	250.1	264.5	263.7	244.8	241	257.2	270.5	279.2	277.2	266.9	260.1	256.1	249.5	242.6	246.7	248.7	244.5	243.6	247.8	251.7	252.8	243.6	227	219.9	219.8	223.3	223.1	220.5	219.2	213	204.3	197.5	193.4	183.8	174.4	168.4	160.5	161.8	165.6	172.9	174	165.5	152.9	147.6	142.4	140.5	137.8	145	162.7	162.5	152.5	141.3	130.2	123.2	120.5	117.1	116.4	111.7	113	116.7	121.2	127.7	137.2	143.1	145.4	151.7	157.2	161.3	163.6	164	171.3	179.9	184.1	189.3	192.3	197.9	205.1	215.5	226.1	238.6	253	269.1	278.1	285.7	293.5	289.1	286.4	283.8	273.1	260.4	246.9	235.1	226.1	222.5	220.5	219.7	216.4	210.9	208.4	212.2	215	218.4	243.8	300.8	326.5	322.3	368.5	397.1	407.9	417.9	423.5	421.1	421.5	409.9	402.3	389.9	395.9	409.5	411.1	413.9	426.5	436.9	461.7	482.3	498.7	550.3	572.7	579.5	607.5	627.9	625.1	624.3	615.1	607.5	619.1	613.1	614.3	618.3	620.7	618.7	616.7	615.5	616.3	617.1	615.9	617.1
637.5	637.5	637.5	637.5	637.5	637.5	637.5	637.5	637.5	637.5	615.5	613.5	601.5	588.7	571.1	558.3	546.3	530.3	512.7	506.7	507.9	501.5	494.3	481.5	461.5	452.7	448.7	444.7	443.9	436.3	434.7	440.7	439.1	435.9	435.1	434.3	437.5	439.1	437.5	414.7	364.5	353.9	347.7	348.9	331.5	285.3	245.1	241.1	239.9	247.9	261.7	259.6	252.1	250	259.4	269.4	274.3	273.6	262.6	257	254.9	248.2	240.5	249.1	252.3	249.3	249.7	252.5	259.3	260.1	255.6	239.9	229.9	227.9	229.5	228.8	227.4	224.5	219.5	213.4	208.4	207.3	207.3	199.8	194.4	192.6	197	196.6	197.7	192.1	182.9	174.8	163.1	156.9	149.8	145.8	149.4	160.4	162.4	155.9	151.2	149.4	148.2	144.4	145.4	144.1	143.2	137.9	137.7	143.8	144.7	145.7	149.3	151.6	153.5	157.3	161.3	167.4	176.9	186.4	193.7	192.6	192	190.6	198.4	210.6	221.6	232.4	245.4	257.6	269	284.2	294.3	299.4	298.7	291.4	278.6	264.1	250.6	239.8	230.5	220.3	216.6	216.1	218.2	212.9	209.1	209.1	209.4	211.7	221.6	266.7	294.7	311.5	336.9	366.9	379.9	410.7	421.5	422.7	419.9	421.5	417.5	409.9	399.1	397.1	405.5	416.7	426.3	453.9	485.1	499.1	525.1	535.1	587.1	615.5	620.3	613.1	615.7	625.3	620.5	611.1	590.1	588.7	615.1	617.1	617.1	619.5	621.5	617.1	613.5	614.3	615.9	610.5	611.5
637.5	637.5	637.5	637.5	637.5	637.5	637.5	637.5	637.5	637.5	633.5	637.5	617.9	594.3	583.9	576.7	560.7	540.7	519.1	510.3	515.1	515.1	506.3	496.7	478.3	457.5	449.5	445.5	444.7	443.9	443.1	440.7	438.3	433.9	429.5	428.7	435.9	438.3	438.3	430.3	371.9	345.1	349.1	342.3	317.5	269.5	235.9	235.3	236.1	239.5	254.7	264.3	261.7	254.7	256.4	265.5	274	273.1	266.2	262.6	255.9	247.4	239.9	243	246.7	247.3	253.6	260.6	267.1	269.9	269.1	251	237.7	235.7	235.2	233.3	229.8	223.3	214.1	207.7	200.4	198.2	200.6	204.2	206.8	204.6	203.4	195.9	183.1	181.2	175.8	171.6	168.7	166.9	163.8	162	162.4	162.8	164.9	163.5	167.1	170.6	172.6	174.3	167.6	159.9	161	160.7	157.9	163.1	162.4	158.5	157.9	155.1	155.3	157.7	163.5	173.4	187.1	201.2	210.5	217.8	221.5	219.1	216.4	212.8	219.8	234.4	249.9	264.5	273.7	286.3	300.4	305	298.7	295.5	280.1	263.7	249.9	240.4	229.3	218.7	215.4	217	216.2	211.7	209.7	209.6	212.2	216.6	225	283.8	335.3	340.9	361.1	393.9	411.1	417.1	417.1	417.1	412.3	416.7	422.7	415.5	412.7	428.7	469.9	514.3	561.1	594.7	605.9	617.1	616.3	615.9	624.3	626.3	629.9	630.3	615.1	613.1	610.7	607.9	598.5	598.1	612.7	618.7	618.7	617.1	618.3	618.7	607.1	603.5	615.5	614.3	602.9
634.7	637.5	637.5	637.5	637.5	637.5	637.5	637.5	637.5	634.7	630.1	633.9	628.7	598.7	586.3	577.5	561.5	543.1	525.5	506.3	511.3	511.3	507.9	496.7	480.7	461.5	451.9	446.3	441.1	443.9	442.3	440.7	436.7	431.9	433.5	431.5	435.9	438.3	437.1	426.7	383.1	351.1	349.5	336.9	326.5	281.7	241.9	234.5	234.1	239.1	248.5	260.2	275.1	268.1	259.9	266.4	266.3	267.9	267.3	265.1	261.8	249.6	242.2	244.4	246.2	248	256.5	264.3	270.8	275.9	272.6	254.8	244.4	243.1	242.1	238.5	233.1	227.2	214.5	200	193.2	192.2	192.5	199.5	201.8	199.5	201.5	198.5	189.4	189.6	185.8	182.6	184.2	191.8	196	196	193.4	192.2	192.7	197.4	200.4	202.6	205.8	212.5	204.7	197.5	190.4	182	173.6	177	170.6	165.9	161.5	158.4	161.4	166.8	180.4	191.2	204.2	213.7	218	224.3	228.7	230.2	227.4	219.8	222.6	233.4	249.8	264	275.2	282.5	296.6	306.9	297.1	285.5	270.4	258.6	249.5	237.8	227.1	213.8	210.6	212.2	212.6	211.3	207.5	208.7	214.2	220.4	236.8	295.9	343.5	360.7	405.3	408.3	409.9	411.5	418.3	411.9	412.3	413.1	404.9	413.1	419.9	447.9	516.3	565.9	600.7	613.1	613.5	612.3	614.3	617.1	624.7	617.9	627.1	633.5	619.5	611.1	609.5	606.7	609.5	615.5	616.3	615.1	616.3	618.3	615.5	615.9	609.9	603.9	613.9	616.7	610.7
635.1	637.5	637.5	637.5	637.5	637.5	637.5	637.5	637.5	637.5	634.5	637.5	637.5	618.3	598.3	584.7	575.1	563.9	552.7	535.5	528.9	527.3	521.5	506.3	490.3	475.1	453.1	437.5	442.7	442.3	441.9	440.7	431.1	435.9	435.1	435.1	437.5	436.7	429.1	430.9	396.7	361.5	339.7	346.1	349.5	305.1	249.5	233.5	228.5	232.5	246.9	261.3	273.3	270.6	262.4	264.2	264	269	271	272.9	265.7	254.7	246.6	247.1	246.7	247.5	258.3	270.4	278.4	285.8	283.2	265.7	253.4	252	250.3	250.4	240.1	226.1	203.4	183.6	172.9	167.6	160	155.8	155.1	157.8	156.1	155.7	171.9	176.7	177.4	180.8	182.6	192	201	204.2	206.6	204.4	205.2	208.2	214	224.7	224.3	222.1	217.1	213	203.8	192.5	184.5	181.6	177.4	170.7	171.2	172.1	177.1	192.7	209.6	217.2	225.8	235.3	236.9	238.8	237.5	241.1	247.5	245.6	237.2	236.5	246	261.2	274.5	288.7	298.6	305.8	300.3	284.3	271.6	260.6	250.1	239.3	228.7	219.8	214.4	211.7	213.2	212	213.5	219.2	221.5	226.5	250.4	313.2	337.7	349.1	387.7	394.9	388.5	411.3	416.5	411.3	415.3	424.9	433.1	437.9	471.9	563.9	622.3	615.5	605.5	607.5	610.7	607.9	606.3	612.3	613.9	605.5	603.9	615.9	616.7	613.9	619.9	617.9	616.7	623.5	619.1	613.1	607.5	605.1	606.7	606.3	606.7	609.1	610.7	610.7	618.7
635.9	637.5	637.5	637.5	637.5	637.5	637.5	637.5	637.5	637.5	637.5	637.5	637.5	626.3	603.9	588.7	581.5	572.7	560.7	546.3	538.3	534.3	524.7	510.3	492.7	480.7	453.5	440.7	447.9	440.3	443.9	438.3	424.9	431.9	435.9	437.5	437.5	432.7	428.3	435.1	412.9	380.3	352.5	345.7	345.7	313.1	264.7	234.3	228.7	228.9	239.7	256.1	268.3	279.9	279.9	273.2	267.1	267.6	266.8	272.4	270	265.3	260.4	258.5	259.2	256.9	259.6	269.1	280.9	286.7	282.6	270.1	258.3	258	260.7	259.5	245.1	226.2	202.7	183.8	173.9	165	155.1	147.2	141.5	146.4	138.7	137.8	151.2	152.7	154.8	159.9	166.1	176.1	180.4	187.1	193.3	192.6	189.9	189	192.3	201.1	198.5	199.5	198.4	190.6	186.6	184.4	182.9	177.3	173.1	173.6	180	186.5	191.1	203.1	215.5	223.1	231.4	236.7	240.9	240.3	240.7	243.6	248	248.7	242.6	240.8	250	260.5	274.7	289.9	298.9	301.3	294.6	277.6	266.9	255	245.2	232.4	222.5	217.6	211.8	209.2	209.4	209.1	212.9	218.6	222.7	226.5	260.6	317.9	326.1	337.3	380.1	396.7	403.7	417.9	420.7	416.3	423.5	443.1	453.1	461.1	511.1	596.3	619.1	614.3	599.9	607.1	608.3	607.5	604.7	607.1	610.7	609.1	605.1	613.9	616.3	613.9	621.1	621.1	619.9	619.5	620.7	616.3	608.3	603.9	606.3	606.3	606.3	610.3	614.3	610.3	617.1
635.5	637.5	637.5	637.5	637.5	637.5	637.5	637.5	637.5	637.5	637.5	637.5	637.5	633.9	615.1	585.5	583.9	583.9	575.1	563.9	550.3	541.5	534.3	526.3	518.3	497.9	476.3	463.9	451.9	448.7	441.3	432.5	437.1	438.3	437.5	437.5	438.3	431.1	433.1	419.1	396.3	369.9	341.7	345.5	344.1	330.7	284.5	242.5	228.1	226.3	234.5	249.1	265.1	278.1	288.1	292.8	280.4	274.3	268.8	269.1	267.8	268.2	263.9	260	259.9	259.1	261.5	270	286.1	296.7	292.5	279.7	266.7	268.4	267.4	256.1	240.4	220.8	199.7	190.2	183.2	173.9	163.2	154.6	155	152.7	147	146.2	150.9	156.3	159.8	168.1	179.3	184	191.4	193.8	195.2	196.6	192.8	189	188.3	197.3	198.9	198.8	201.9	199.6	196.1	192.1	192.2	196.8	196.6	203.2	213.8	213.1	217.2	218.3	225.4	233.5	235.8	245.6	248.8	245.2	245.5	244	247.7	250.3	253.8	257.6	259.4	263.2	273	286.7	296	294.1	283.5	277.2	267.3	254.5	241.8	226.2	215.3	210.1	205.3	207.7	204.7	206	211.8	216.9	218.8	223.6	264.5	305.1	316.1	353.9	373.9	399.5	407.1	423.1	439.9	440.7	465.1	529.1	561.9	600.7	617.1	606.3	615.9	617.1	610.3	610.7	610.7	605.5	609.1	611.1	610.3	615.1	610.7	606.3	608.3	601.1	610.7	612.7	613.9	612.3	613.1	619.9	616.5	616.3	614.3	616.3	615.5	614.3	617.9	612.7	608.3
636.7	637.5	637.5	637.5	637.5	637.5	637.5	637.5	637.5	637.5	637.5	637.5	637.5	633.1	617.5	590.3	587.1	587.9	579.1	568.7	557.5	548.7	537.5	529.5	525.5	502.3	485.5	468.7	454.3	445.3	438.5	443.9	441.5	438.3	438.3	439.1	437.9	421.5	411.3	390.7	349.7	332.9	337.9	345.1	347.3	330.1	293.7	250.9	230.7	228.1	231.9	246.7	263.1	273.3	283.1	296.5	275.7	267.5	268.6	265.8	267.4	269.9	266.1	264.9	261.4	263.4	268.4	270.8	285.8	296.8	293.8	278.3	265.2	268.5	267.3	259	241.4	221.4	206.9	201.4	197.8	188.2	177.7	165.1	159.7	151.9	145.1	145.9	150	153.4	158.2	167.4	175	178.8	181.2	184.6	187.2	192.3	191.9	187.2	185.2	192.6	196.2	197.1	199.8	197.9	196.2	197.5	199	205.3	211.9	217.4	223.6	223.1	226.2	230.3	237.1	238.4	238.2	246.3	249.7	244.5	244.8	244.6	243	250.6	261.2	263.4	260.4	264.6	273.3	280.2	286.7	285.1	280.4	272.3	256.3	245.2	235	220.5	214	209.3	205.2	206.3	204.1	204.6	212.3	216.7	222.2	232.6	288.2	319.3	354.1	376.3	377.1	404.7	409.5	427.9	446.7	453.1	494.3	569.1	605.5	623.5	621.9	609.5	614.7	618.3	613.9	615.9	613.5	608.3	610.3	612.3	609.5	612.7	610.3	603.5	599.5	607.1	607.5	609.5	612.3	612.3	612.7	618.7	621.5	615.9	612.3	612.3	612.3	611.1	614.3	610.7	602.9
637.5	637.5	637.5	637.5	637.5	637.5	637.5	637.5	637.5	637.5	637.5	637.5	637.5	637.5	637.5	623.9	615.9	613.5	606.3	588.3	578.3	568.7	561.5	553.5	541.5	524.7	509.1	491.9	466.3	448.7	450.3	446.3	441.5	440.7	439.5	438.9	432.9	426.3	423.9	385.5	340.5	325.1	340.3	352.9	345.3	336.1	307.3	287.3	254.3	233.3	232.5	241.1	255.3	269.1	280.3	291.4	269.5	260.9	263.4	269.6	273.5	270.7	267.7	270.1	266	271	275.8	272.8	284	292.9	298.9	292.4	279.5	275.9	270.8	262.4	253	237.1	225.3	216.8	211.8	208.2	204.6	195.5	184	174.6	165.7	163.7	164.1	162.8	168.5	174.8	176.5	177.1	181.7	186.6	186.8	191.2	193.9	192.8	189.4	191.4	194.2	198.4	199.6	200.4	203.2	207.2	213.5	217.9	228.4	233.6	238.6	235	235.2	242.8	250.2	247	243.1	245.9	248.9	246.4	249.7	248.9	242.4	246.8	259.2	262	264.8	270.6	276.4	277.6	279.4	277.8	275.1	264.5	252.4	240.4	230.6	216.8	209	207.8	208.7	206.6	208.5	207.1	212.2	219.5	227.4	244.5	288.5	323.7	364.7	388.3	407.9	433.5	445.9	451.5	450.3	463.9	539.5	611.1	617.9	622.3	617.5	603.9	607.5	613.9	612.3	615.5	615.1	609.1	615.1	627.1	621.1	615.5	617.1	615.9	612.7	612.7	613.5	616.7	621.9	626.7	624.3	617.9	615.9	613.9	609.1	605.5	604.3	603.9	602.3	603.1	604.7
637.5	637.5	637.5	634.7	635.1	637.5	637.5	637.5	637.5	637.5	637.5	637.5	637.5	637.5	637.5	637.5	624.7	612.3	614.3	592.7	577.5	569.1	568.7	561.5	547.9	530.3	519.1	501.5	474.3	453.5	451.1	446.3	441.9	435.9	440.7	440.7	441.5	439.1	437.3	410.5	376.9	359.1	348.7	348.1	347.1	343.7	311.5	286.5	250.3	231.1	233.3	242.7	255.5	268.3	278.7	289.4	268.7	260.4	264.2	270.4	270.3	273.3	274.7	268.1	268.6	275.2	282.2	283.9	287.1	290.2	296.4	295.5	284.4	276.1	268.9	263.9	255.1	242.2	234.2	225.7	215.6	211	209.7	206.2	197.6	185.2	179.2	180.7	179.6	178.5	183.8	183.7	187.7	191.2	193	195.8	196.3	199.4	203.8	198	194.8	197.5	200.3	201.6	203.6	210.8	215.1	218.8	225.5	230.1	235.1	241.1	244.6	242	243.8	251.2	254.2	251	247.4	251	251.8	247.5	249.8	250.5	248.9	251.4	258.4	259.4	264	270.2	273	277.7	275.9	272.1	264.8	252.3	242.2	233.9	220.9	213.5	207.8	205.8	209.6	207.2	210.9	210.2	211.7	223.6	229.5	253.4	294.7	353.1	405.5	398.3	429.9	449.1	457.9	461.1	459.5	475.9	548.3	610.7	617.1	621.9	624.3	611.5	605.9	613.1	611.1	613.9	615.1	611.5	616.3	627.9	623.9	619.1	619.5	618.3	615.1	617.9	614.7	599.3	618.5	630.3	620.7	615.9	619.1	617.1	611.1	609.9	610.7	608.3	605.5	605.5	600.3
637.5	637.5	637.5	637.5	637.5	635.1	631.1	637.5	636.3	637.5	637.5	637.5	637.5	637.5	637.5	633.1	633.9	637.5	634.7	626.3	607.9	595.9	587.1	582.3	571.1	550.3	528.7	512.7	490.3	471.9	458.3	455.1	456.7	452.7	450.3	449.5	445.5	443.9	443.9	430.5	399.1	386.1	362.5	347.1	353.5	350.1	334.1	299.3	269.3	234.9	230.5	234.3	251.5	265.5	274.9	277.4	256.9	257.6	264.8	270.1	271.4	275.3	279.5	272.1	272.1	273.6	282	286	288.9	290.2	297	298.3	294.7	282	270.1	266.9	265.8	255.3	245.6	236.7	229.3	219.5	212.3	213.5	209.9	203.9	201.4	200.1	201.9	208.1	210.2	212.8	215.9	216.1	212.8	208.2	206.6	209	209.5	204.6	207.4	212.7	216	220.3	223.4	226.1	233.6	238	241.5	244.2	244.2	247.7	248.6	257	262.2	260.2	257.6	255.2	253.1	253.2	255.3	252.5	251	247.6	248.1	248.2	249.6	252.1	258.3	264	268.3	274.2	271.7	268.1	260.4	248.3	240.5	232.4	218.9	213.5	207.9	204	206.5	208.2	210.3	210.1	215.5	222	241.6	269.9	298.9	371.5	425.5	439.1	470.3	465.7	461.9	477.1	489.9	487.9	547.1	618.3	618.3	624.3	630.7	625.9	619.9	615.5	606.7	604.3	599.9	599.5	607.9	615.1	623.5	626.3	623.1	617.5	613.5	612.3	613.5	596.9	597.5	614.3	614.7	609.9	614.3	617.9	613.5	614.3	617.1	617.1	613.9	609.5	605.9
637.5	637.5	637.5	637.5	637.5	629.9	628.3	637.5	637.5	637.5	637.5	637.5	637.5	637.5	637.5	637.5	637.5	637.5	637.5	631.9	617.5	603.9	592.7	590.3	579.1	555.9	535.1	511.9	492.7	480.7	463.9	457.5	458.3	461.5	455.9	455.1	449.5	445.5	444.7	407.1	372.7	350.3	325.9	348.3	362.7	353.1	343.5	309.1	286.5	247.1	228.7	234.7	249.7	262.7	270.7	278.9	258.9	257.6	264.8	269.2	268.5	272.5	275.9	275	273.8	277.7	283.6	286.4	289.7	295.8	299.3	297.9	293.5	284.6	274	271.6	266.7	251.6	245	239.1	234.3	227.3	216.2	211.2	211	212.7	212.6	215.4	218	222	229.5	238	241	239.9	236.2	228.4	224.7	227.3	227.4	226.6	230.7	233.6	239	244.7	242.2	237.2	239.5	240.3	240.6	244.8	245.4	245.2	249.2	258.3	261.5	257.3	257	256.8	253	253.3	253.8	248.8	248.2	250.3	252.4	250.2	246.8	249	252.3	257.9	265.4	268.8	265.8	259.4	255.3	245.9	238	228.6	215.8	209.5	203.8	203.4	205.8	210.7	210.2	210.1	217	223.9	245.7	274	329.9	397.7	428.9	450.7	475.9	465.3	448.5	472.7	493.1	490.7	543.1	613.5	621.9	622.3	626.3	622.7	619.5	616.3	610.3	608.3	601.9	596.3	607.5	612.3	617.9	622.3	620.3	613.1	613.5	609.1	608.3	607.9	606.3	610.7	615.1	613.1	617.1	616.7	612.7	614.3	619.5	621.1	615.5	610.3	609.1
637.5	637.5	637.5	637.5	637.5	636.3	635.9	637.5	637.5	637.5	637.5	637.5	637.5	637.5	637.5	637.5	631.1	637.5	637.5	637.5	637.5	633.5	621.5	616.7	597.5	572.7	555.9	543.1	527.1	515.1	507.9	497.5	503.9	501.1	493.5	488.7	466.3	458.3	451.1	409.1	375.9	359.7	341.3	357.3	373.1	358.3	356.7	345.7	299.5	264.9	237.5	233.1	243.9	262.7	269.5	279.3	256.9	250.5	261.4	267.7	270.8	270.7	277	277.5	278.3	278.5	282.3	289.8	296.1	299.3	300.4	300.4	299.1	291.2	286.8	281.7	270.6	260.4	248.5	241.1	241.8	243.4	236.2	229.5	219.8	218.7	222.5	227.7	235.3	236.6	241.2	250.1	255.8	255.2	255.4	252.2	250.8	255.6	256.6	251.3	251.1	251.5	254.2	261.4	261.6	254.8	255.6	252.7	247.7	248.3	252.4	258.7	271.2	275.9	270.9	265.5	264.5	261.7	260.2	256.2	256.1	252.9	250.3	251.5	253.1	249.4	250.2	248.8	252.4	259.1	261.7	262	258.4	255.4	250.4	246.3	239.1	227.8	219.2	210.5	206.2	204.9	204	204.5	207.8	207.3	208.5	225.9	261.5	285.6	345.4	408.5	444.7	472.3	471.5	466.1	453.3	469.9	477.1	477.1	499.9	521.5	525.5	530.3	543.1	551.1	557.9	563.1	561.7	567.5	562.7	572.3	619.9	621.5	607.1	606.7	617.1	617.9	616.3	613.5	609.5	617.1	612.3	612.3	619.5	618.7	621.5	616.7	607.5	610.7	612.3	609.1	609.1	608.3	609.1
637.5	637.5	637.5	637.5	637.5	637.5	637.5	637.5	637.5	637.5	637.5	637.5	637.5	637.5	637.5	633.1	630.7	637.5	637.5	637.5	637.5	637.5	626.3	617.5	597.9	582.3	570.3	551.9	536.7	529.5	521.5	517.5	519.1	510.3	505.9	496.7	477.5	465.5	453.9	438.3	442.7	433.1	426.9	396.1	388.7	369.7	355.7	351.3	306.9	279.9	255.9	236.9	240.7	260.3	272.3	280.9	270.8	257.4	259.3	269.7	271.1	268.5	276.3	276.3	275.9	279.6	283	289.4	297.1	301.3	303.5	302.3	300.6	289.5	287.4	282.2	270	258.5	245.1	238.7	237.5	244.5	248.2	239.8	231.5	232.2	233	242.7	251.3	255.2	253	250.5	256.2	255.3	255	258.4	259.1	258.1	256.8	256.8	258	257.4	257.2	258.1	263	263.1	262	259.7	256.8	257.7	259.4	268.7	280.6	278.2	270.9	270.7	268.8	263	260.2	255.7	253.3	252.9	252.5	251.1	244.6	246.1	249.6	248.2	252.4	256.4	255	249.9	248.4	248.6	245.1	240.8	234.3	225.2	220.5	211.1	207.8	205.2	202.8	202.8	207.7	208.7	212.4	228.4	261.7	326.3	402	436.4	460.9	482.1	473.7	479.9	469.9	463.1	472.3	464.7	481.5	486.3	482.3	484.7	493.1	506.3	519.9	522.7	522.7	511.7	512.1	527.1	571.9	599.1	604.3	609.5	600.9	619.7	616.3	613.5	611.1	617.9	613.1	612.7	622.3	619.5	619.1	617.1	611.1	611.1	611.1	608.3	609.5	607.5	607.9
637.5	637.5	637.5	637.5	637.5	637.5	637.5	637.5	637.5	637.5	637.5	637.5	637.5	637.5	637.5	631.9	637.5	637.5	637.5	637.5	637.5	637.5	633.1	627.5	622.3	626.3	615.1	600.7	591.9	580.7	572.7	554.3	551.9	552.7	541.1	531.9	523.9	496.7	468.3	455.1	450.3	446.3	432.3	420.9	406.5	388.1	369.9	358.7	327.9	292.7	281.7	251.3	239.5	254.7	272.9	278.7	252.8	248.8	257.1	261.3	264.1	266.4	266	268.4	271.4	278.1	280.1	285.1	290.2	297.6	302.6	299.5	297.5	296.9	289.9	284.7	276.4	263.7	253.1	246.8	244.5	242.5	247.1	254.5	259.4	256	254.2	259.9	271.2	277.6	279.4	273	270	272.1	275.6	281.7	279.5	278.3	278.2	276.8	269.6	266.4	272.5	273.7	274.2	277.5	279.7	276.7	278.9	277.5	289.3	293.8	289.1	280.7	271	276.5	272.4	267.6	261.7	260	254.8	252.2	252.1	245.8	242.4	245.8	246.5	247.6	251.8	251.6	250.4	248.8	247.8	250.6	248	242.6	235.1	229.9	222.7	211.4	206.4	205.3	203.2	203	214.8	221.3	224.4	239.3	277	331.5	398.5	459.9	489.5	494.3	484.7	482.3	477.1	475.5	473.7	463.5	455.5	463.1	467.5	479.9	486.3	487.5	482.7	486.3	486.7	473.5	446.5	452.9	467.5	478.3	487.5	510.7	533.9	541.3	568.3	596.7	615.1	616.3	615.1	612.3	615.5	615.5	609.9	608.3	615.1	615.1	610.3	609.5	615.5	612.3	601.1
637.5	637.5	637.5	637.5	637.5	637.5	637.5	637.5	637.5	637.5	637.5	637.5	637.5	635.9	637.5	634.7	637.5	637.5	637.5	637.5	637.5	637.5	632.3	632.7	637.5	632.7	618.3	607.9	599.9	588.7	574.7	556.7	564.3	563.1	549.5	538.3	531.9	507.1	473.1	460.9	452.7	447.1	428.3	408.9	395.7	387.5	369.9	358.1	337.7	297.3	285.7	271.3	250.7	254.7	275.1	277.3	249.6	246.7	254.8	260.5	261.6	264	263.3	264.8	267.6	272	276.5	280.1	285.4	295.3	302.3	297.1	296.2	298.8	294.3	282.8	275	263.6	254.5	246.3	240.4	239.2	245.5	252	262.7	267.3	265.7	264	272.1	281.1	284.7	279.5	276.2	279.8	283.7	286.2	290.4	291.3	293.2	293.7	286.6	283.6	285.1	281	280.4	286.9	290.1	286.6	283.5	287.4	294.8	295.7	290.5	281.3	276.2	277.1	273.3	266.7	262.3	259.1	256.1	258.2	256.9	248.4	244.8	246.6	247.7	248	246.4	241.7	235.9	237.7	241.6	242	242.2	240.4	236.3	232.6	223.8	210.8	205.1	203	202.6	204.9	216.8	225.5	229.3	245.6	323.2	392.3	428.8	475.1	494.3	492.3	485.9	482.3	484.3	484.3	470.5	459.9	447.9	463.9	479.1	489.9	478.3	483.5	480.3	485.9	490.7	470.7	460.7	464.7	467.1	467.5	467.1	486.3	494.7	503.9	536.7	567.5	591.5	617.9	618.7	616.3	613.9	612.7	596.1	600.9	609.1	612.3	610.3	609.5	614.3	612.3	605.1
637.5	637.5	637.5	637.5	637.5	637.5	637.5	637.5	637.5	637.5	637.5	637.5	636.7	637.5	637.5	637.5	636.3	637.5	637.5	637.5	637.5	637.5	637.5	637.5	637.5	637.5	637.5	623.1	611.1	607.1	599.1	591.9	590.3	580.7	571.9	564.7	555.9	546.3	523.1	497.5	481.5	467.9	454.1	430.7	405.1	401.3	386.3	366.7	364.9	341.1	305.9	308.9	298.7	267.1	265.1	265	244	243.3	244.4	254	263	265.4	268.7	269.2	265.5	273.4	277.1	278.5	283.4	287.1	292.9	296.1	297.5	297.2	294.6	289.1	283.1	273.5	259.2	253.4	250.2	248.1	251.5	256	264.1	271.9	276	285.2	290.3	297.9	305.7	305.9	309.7	309.6	308	311	311.8	306.7	311.9	309.8	304.4	307.5	309.1	303.3	300.8	303.5	301.2	295.4	295.5	296.3	295.1	296.8	292.9	283.7	279.8	275.1	271.9	269.9	267.5	267.3	262.9	264	266.6	257.5	253.7	250.8	249	247.1	246.5	239.1	233.7	235.5	236.6	238.8	237	237	238.2	234	227	217.1	211.1	205.2	202.5	206	220.7	236.9	238.9	259.8	350.8	405.1	457.5	498.7	496.3	481.9	478.3	475.5	475.7	486.1	471.1	465.7	459.7	473.7	491.5	482.3	465.9	462.7	461.9	463.9	474.3	484.7	495.5	505.1	503.5	497.1	491.5	495.1	494.3	485.1	494.3	495.1	494.3	501.9	537.5	562.7	573.9	595.9	593.3	595.3	612.3	618.7	624.3	623.5	615.5	612.7	609.9
637.5	637.5	637.5	637.5	637.5	637.5	637.5	637.5	637.5	637.5	636.7	631.1	633.1	637.5	637.5	637.5	637.5	637.5	637.5	637.5	637.5	637.5	637.5	626.1	623.1	637.5	637.5	622.3	618.3	619.1	609.5	600.7	590.3	582.3	578.3	566.3	559.9	550.3	517.5	499.9	484.7	466.3	457.5	431.7	409.7	403.3	392.7	384.7	379.7	353.7	315.7	314.1	315.7	293.5	275.7	262.5	241.7	244.1	250.2	265.9	265.5	266.7	269	266.1	269.3	275	277.7	282.5	290.4	291	296.9	302.5	304.9	301.5	296.8	290.4	280.9	274.4	263.5	255.8	251.3	253.5	258.9	258.6	261.9	271.4	280.6	291.8	297.2	302.5	304.8	306.2	309.5	313.9	315.7	314.4	316.8	310.1	309.1	307	306.5	310.4	310.3	311.5	307.9	305.8	300.6	298.2	294.5	292.7	289.1	291.1	284.2	280.7	277.6	272.9	274.7	272.2	269.5	267.9	268.7	271.9	267.8	261	249.4	245.8	241.7	236.4	236.9	232.3	228.6	230.9	232.8	232.6	235.7	237.8	235.8	228.9	221.3	214.1	206.9	202.4	205.2	214.5	229.2	237.6	248.6	311.3	375.9	400.8	457.9	501.1	487.9	478.2	481.9	482.3	480.7	486.7	487.9	479.9	477.9	470.3	475.5	473.5	456.3	461.1	465.1	469.1	485.9	493.1	502.7	494.7	500.3	505.9	501.1	490.5	489.5	475.5	481.9	488.3	466.3	464.5	490.7	528.7	560.7	596.3	607.1	609.1	614.7	624.3	633.5	631.9	621.1	615.9	612.7
637.5	632.7	635.9	637.5	637.5	637.5	637.5	637.5	637.5	637.5	637.5	634.7	637.5	637.5	637.5	637.5	637.5	637.5	637.5	637.5	637.5	637.5	637.5	621.3	629.1	637.5	637.5	637.5	637.5	637.5	637.5	637.5	624.7	615.1	611.1	606.3	607.1	604.7	561.5	540.7	539.1	517.5	496.7	452.3	432.7	423.3	418.1	410.9	416.5	406.9	368.1	345.5	342.1	336.7	314.3	272.6	244.6	242.8	247	256.4	259.1	264.1	273.9	275.4	274.4	275.5	278	278.7	287.5	291.1	295.2	302.1	305.6	305.8	302.2	296.4	285.7	281.6	274.6	267.2	266.3	267.1	265.1	267.9	270.2	274.4	280.2	297.4	308.4	317.2	317	317.9	314.9	315.5	320.9	317.6	313.2	313.3	312.1	309.1	314.1	316.2	315.8	323.3	317.9	309	303.7	295.2	286	284.5	281.3	285.7	286.6	278.1	276.7	279.7	278.6	279	276.8	270.8	275.6	277.3	269.4	261.2	253.6	247.9	242.5	237.3	234.3	234.1	233.8	230.4	233.9	235.2	233.9	233.3	233.5	229.3	219.9	208.9	205.5	207.2	212.5	224.6	234.7	234.3	256	316.4	367.7	398.6	458.4	483.9	481.5	482.9	492.7	492.7	486.7	484.7	483.9	476.3	485.9	486.1	493.3	483.9	477.1	482.3	478.7	471.9	481.1	479.5	481.1	479.9	478.3	477.1	484.3	486.3	489.1	483.1	481.9	474.3	449.3	442.5	456.3	467.1	486.3	503.5	536.7	582.3	613.5	626.7	634.7	625.5	625.5	625.1	619.9
637.5	635.9	637.5	637.5	637.5	637.5	637.5	637.5	637.5	637.5	637.5	637.5	637.5	637.5	637.5	637.5	637.5	637.5	637.5	637.5	637.5	637.5	637.5	637.5	637.5	637.5	637.5	637.5	637.5	637.5	637.5	637.5	637.5	623.9	597.9	612.1	627.1	621.5	581.5	559.1	560.7	543.1	490.9	452.5	445.5	430.5	422.5	425.1	435.5	419.9	382.9	355.1	347.5	332.9	298.8	261.1	247.3	245.7	246	249.6	256.4	261.7	270.6	276.9	274.7	275.4	282	281.7	286.7	290.2	293.1	300.4	310.5	315	313.7	306.9	294.4	290.5	284.1	275.2	272.9	273.3	268.7	268.8	276.6	279.2	285.5	301	313.4	329.4	335.7	337.3	337.4	336.6	339.6	331.3	325.5	326.6	321.6	314.6	317.2	320.9	326.1	325.2	314.4	303.6	296	292.5	288.6	279.6	279.1	285.7	290.9	282.5	278.8	283.7	283.4	287.1	286.5	284.5	282.2	275.7	271.3	264.1	256.3	248.1	236.9	229.7	231.2	231.7	229.7	228.1	228.6	231.4	231.9	228.1	227.5	227.8	218	209.6	203.6	204.2	211.8	228.4	241	271.6	319.7	337.6	365.1	401.3	444.6	479.6	484.3	489.1	493.9	496.3	492.7	489.9	488.3	472.3	474.3	483.5	490.3	479.1	474.3	484.3	481.5	472.7	477.5	484.3	485.9	477.5	471.5	467.5	481.9	487.1	486.9	496.3	487.1	474.3	469.9	464.3	461.9	468.3	487.9	495.9	502.7	547.1	593.5	622.3	625.1	613.9	616.7	619.5	621.5
637.5	637.5	637.5	637.5	637.5	637.5	637.5	637.5	637.5	637.5	637.5	637.5	636.7	637.5	637.5	637.5	637.5	637.5	637.5	637.5	637.5	637.5	637.5	637.5	637.5	637.5	637.5	633.9	637.5	637.5	637.5	637.5	637.5	630.3	618.9	637.5	637.5	637.5	637.5	622.3	631.9	619.1	571.3	531.5	504.7	477.7	448.5	465.1	472.5	448.3	410.7	379.7	358.5	341.1	302.1	268.4	258.8	243	241.2	244.6	249.1	259.6	268.8	279.8	285	278.2	281.5	284.6	287	290.6	289.6	295.9	306.8	311.8	311.4	309	298.2	292.1	287	280.7	281.4	281.7	276.3	276.2	281	284.8	291.6	302.5	313.6	328.3	338.8	339.9	338.3	335.5	333.2	331.8	330.2	339.1	341.9	335.8	334.1	335.7	332.2	327	319.4	312.4	303.1	295	292	283.5	278.9	283.3	287.8	281.7	274.9	276.7	283.4	291.2	297.6	295.6	287	276.9	269.5	264.5	257.1	244.4	232.4	222.8	225	228.5	231.7	227.9	225.2	228.4	230.6	226.8	224.3	227.1	218.3	209.2	206.9	206.6	218.7	232	242.4	290.3	329.5	342.3	383.2	427.3	443.9	481.6	503.1	501.1	497.5	501.5	503.5	503.5	502.3	493.5	469.1	465.5	466.7	465.5	457.1	465.5	482.7	486.7	490.7	491.5	487.5	487.9	477.5	475.1	495.9	482.7	468.1	484.1	494.3	491.5	484.7	479.9	477.9	478.3	477.9	472.7	476.3	483.5	493.9	536.3	586.7	604.7	604.7	611.1	619.1
637.5	637.5	637.5	637.5	637.5	637.5	637.5	637.5	637.5	637.5	635.9	635.9	634.7	637.5	637.5	637.5	637.5	637.5	637.5	637.5	637.5	637.5	637.5	637.5	637.5	637.5	632.7	632.3	637.5	637.5	637.5	637.5	637.5	637.5	637.5	637.5	637.5	637.5	637.5	630.9	626.7	633.5	591.9	543.7	521.5	494.3	455.5	475.7	479.5	460.7	421.3	376.8	330.7	306.9	291.7	268.2	257.5	245.1	239	240.7	247.1	255.8	266.4	280	284.9	283.5	283.3	283.7	284.1	291.3	295	297.7	307.3	316.5	320.8	319.9	312.5	303.7	296.4	293.5	293.8	294.3	296.1	295.5	303.3	310.6	310.5	321.1	331.2	339.5	350.6	356	359.5	354.8	353.1	350.3	350.1	355.9	361.4	361.3	363.7	362	353.3	348.8	338	328.8	317.9	312.1	306.4	295.9	290.8	289.6	292.4	292.4	286.4	288.8	295.5	299.9	308.2	302.2	296.8	281.7	266.5	260.9	250.4	234.7	224.4	223.4	224.2	225.7	224.5	227.4	225.2	226.4	227	224.3	222.7	220.2	215.6	210.3	207	208.5	222.6	243.6	283.9	330	331.5	340.3	383.7	438.7	440.7	454	482.3	480.9	482.4	496.5	501.5	492.1	479.7	488.7	469.9	457.1	467.1	468.3	463.9	466.3	475.9	480.9	490.7	483.5	476.7	485.5	479.9	477.1	485.9	479.1	474.3	491.9	495.1	490.3	481.5	478.3	474.1	473.7	460.3	450.5	468.7	476.3	488.3	497.7	537.1	607.1	607.1	616.3	621.1
637.5	637.5	637.5	637.5	637.5	637.5	637.5	637.5	637.5	637.5	632.7	637.5	637.5	637.5	637.5	637.5	637.5	637.5	637.5	636.3	629.1	635.5	636.7	637.5	637.5	637.5	631.1	637.5	637.5	637.5	637.5	637.5	637.5	637.5	637.5	637.5	637.5	637.5	637.5	633.9	633.3	637.5	617.5	567.9	540.9	516.5	498.1	496.3	482.7	468.1	441.9	368.6	316.3	302.7	284.7	267.5	261.2	250.3	240.2	236.8	243.2	253	261.6	270.6	285.6	289.5	283.5	286.5	285.2	288.3	294.3	296.5	301.5	310.1	317	315.3	311.5	303.4	297.3	297.5	296.1	296.6	296.6	296.9	305.2	313.7	320.9	325.6	328.2	333.5	343.2	349.9	357.5	353.9	349.5	357.5	359	361.5	365.5	363.2	365.7	364.6	358.7	348.2	342.8	337.8	330.3	324.7	317.6	314.3	302.3	292.8	290.4	291.6	285.7	287.5	302	306.6	303.5	302	302.3	284.3	268.6	260.5	247.8	232.1	222.9	218.9	216.5	220.7	217.9	221.5	219.9	221.7	223.3	220.2	220.1	216.5	211.8	208.7	205.2	211.1	224.7	251.2	298.1	328.2	330.7	351.6	394.4	423.3	431.4	450.2	455.8	457.7	460.9	468.3	477.1	471.8	466.5	474.9	483.1	475.5	474.7	476.3	480.7	472.7	460.7	462.1	472.3	471.9	465.1	465.5	465.9	461.9	463.9	473.5	482.7	485.9	483.1	482.3	479.5	479.5	485.5	489.7	487.7	458.1	455.3	470.7	485.5	490.9	489.3	533.1	589.9	613.1	614.3
637.5	637.5	637.5	637.5	637.5	637.5	637.5	637.5	637.5	633.1	628.3	635.5	637.5	637.5	637.5	637.5	637.5	637.5	637.5	637.5	635.1	637.5	637.5	637.5	637.5	637.5	637.5	637.5	637.5	637.5	637.5	637.5	637.5	637.5	629.5	635.1	637.5	637.5	637.5	637.5	637.5	637.5	627.5	573.7	543.5	519.5	500.3	498.1	478.1	463.7	415.1	336	301	292.1	294	268	255	247.3	242.4	235.1	240	249.3	256.2	264.8	280.8	287.3	286.9	289.4	289.9	291.4	294.5	296.9	300.1	307.5	312.8	312.9	307.8	302.9	303.2	302.5	302.5	301.7	303	302.2	305.4	312.4	325.4	331.7	335.6	342.4	348.4	355.8	355.3	350.9	355	358.1	357.3	358.5	358.7	357.6	365.2	365.6	362.3	360.1	355.4	347.6	343.1	337.2	333.1	327.3	318.8	306.5	301.8	303.7	302.2	304.3	307	313.6	308.8	302	296.6	281.7	266.8	259.4	250.8	235.5	222.9	216.8	213	213	219	221.4	223.1	224.7	225.2	220.8	217.7	213.8	211.2	206.5	207	221.4	273.7	317.5	323.8	326.2	330.5	348	394.8	421.8	425.2	439.8	438.8	423.4	427.3	423.1	423	432.8	437.8	451	459	474.3	477.1	477.9	481.9	472.7	459.9	464.3	459.9	460.7	461.9	463.9	462.7	456.7	459.9	472.3	480.3	476.3	477.1	479.9	475.1	483.1	483.5	489.5	495.9	478.3	459.5	468.3	485.1	494.3	500.7	516.7	561.1	609.5	611.1
637.5	637.5	637.5	637.5	637.5	637.5	637.5	637.5	635.9	636.7	637.5	637.5	637.5	637.5	637.5	637.5	637.5	637.5	637.5	637.5	637.5	637.5	637.5	637.5	637.5	637.5	637.5	637.5	637.5	637.5	637.5	637.5	637.5	637.5	637.5	637.5	637.5	637.5	637.5	637.5	637.5	637.5	634.5	597.1	572.5	544.9	514.7	499.9	482.1	446.3	378.9	330.9	307.5	293	299.8	269.2	255.1	250	242.7	227.4	227.4	238.8	248.9	254	270	285.6	290.2	294.2	291.4	292.4	295.6	296	297.5	301.5	307.5	308.2	304.5	302.9	300.8	304.8	304.4	300.8	305.2	301.9	304.3	314.5	328.2	336.2	336.8	341.9	345.3	344.4	340.4	338	348.1	346.1	348.9	347.8	345.7	350.9	352.8	357.2	359.8	359.3	361.1	354.1	354.9	350	345.1	346.5	338	320.2	310.6	307.8	303.8	303.9	304.8	310.2	303.6	294.6	287.4	278.2	266.5	256.6	246.6	236.2	226.4	218.2	210.2	209.4	212.3	213.6	216.1	219.8	221.2	218.8	212.9	206.4	201.1	203.2	208.4	227.4	283.6	321.3	319.3	325.2	329.5	348.3	401.6	420.8	415	434.1	443.4	441.4	427.5	426.9	432.5	449.3	455.4	453.7	456.1	458.5	462.9	463.5	471.1	473.9	472.3	463.9	453.7	441.7	439.1	448.7	449.5	444.7	440.7	449.9	461.5	464.3	473.1	481.9	476.3	469.1	469.5	469.1	468.7	460.7	451.9	454.3	466.7	478.7	487.9	490.7	488.7	521.5	591.1
637.5	637.5	637.5	637.5	637.5	637.5	637.5	637.5	637.5	637.5	637.5	637.5	637.5	637.5	637.5	637.5	637.5	637.5	637.5	637.5	637.5	637.5	637.5	637.5	637.5	637.5	637.5	637.5	637.5	637.5	637.5	637.5	637.5	637.5	637.5	637.5	637.5	637.5	637.5	637.5	637.5	637.5	637.5	596.5	575.5	546.1	521.7	503.1	483.8	421.3	363.2	331.7	304.9	305.9	312.7	273.5	256	244.2	230.4	217.4	221.1	233.8	244.6	253.7	264.4	278.8	285.2	288.3	289.5	289	289.9	293.3	295.3	295.5	300.6	304.1	302.8	298.2	298	302.2	297.7	292.3	300.4	308	306.9	317.6	334.4	338.5	338.9	335.9	340.1	342	334.5	331.9	334.1	335.6	340.3	343.5	346.8	350.1	349.4	353.4	360.7	365.4	360.5	359.3	359.8	351.8	351.5	351.1	345.3	333	321.4	317.8	312.4	310	311.2	313	302.2	290	281.8	268.8	259.9	246.8	234.2	229.6	222.2	215.2	209.6	206.4	211.1	212.9	216.2	216.5	216.9	216.8	210.6	204.1	199.6	203.7	215.4	247.9	301.7	321.6	322.6	326.1	330	350.9	407.9	421.3	414.5	430.7	443	451	439.3	421.6	426.1	444.4	452.4	452.9	451.2	436.4	419.2	432.9	458.6	475.9	476.7	471.9	463.5	455.3	447.7	449.5	446.7	441.9	435.9	443.9	452.7	457.9	467.1	469.5	469.5	471.1	469.9	468.7	469.5	459.9	454.7	455.1	467.1	477.9	482.7	489.9	491.1	505.9	559.5
637.5	637.5	637.5	637.5	637.5	637.5	637.5	636.7	637.5	637.5	637.5	637.5	637.5	637.5	637.5	637.5	637.5	637.5	637.5	637.5	637.5	637.5	637.5	637.5	637.5	637.5	635.9	637.5	637.5	637.5	637.5	637.5	637.5	637.5	637.5	637.5	637.5	637.5	637.5	637.5	637.5	635.9	635.5	587.1	558.3	536.9	513.5	498.3	474.1	402.6	344.5	326.1	310.6	318.9	299	264.4	230.8	207.7	202	193.6	193	215.7	235.4	244.4	249.8	262.8	275.3	288.5	297.5	295	291.2	288.5	291.2	293.6	298	299.8	299.5	294.2	293.4	296.4	292.8	291.8	299.4	300.6	302.4	313.9	326	334.6	339.9	339.1	334.8	335.7	327.9	323.4	321.9	324.7	325.2	329.2	341	351.2	353.1	354.1	369.8	366.2	354	360.2	355.9	354.5	354.7	351.8	343.9	329.8	328.8	327.8	322.7	307.5	302.2	306.6	297.4	286.8	278.2	268.2	252.7	240.2	232	226	222	215.4	209.9	203.7	205.8	207.4	210.6	210.5	211.7	208.3	204.7	199.6	197.1	208.3	228.4	250.4	300.8	316.8	321.1	322.5	324.2	355.4	426.1	438.1	429.8	432.6	443.9	446.2	444.3	423.8	413	431.7	448.7	446.5	443.1	438.5	432.2	435.4	439.6	466.4	475.5	475.5	466.7	463.9	465.5	463.5	459.5	453.9	446.7	440.7	441.1	446.3	455.1	454.1	457.3	477.1	476.7	474.3	472.7	467.9	468.7	477.1	491.1	483.1	481.1	489.5	483.9	474.7	477.9
637.5	637.5	637.5	637.5	637.5	637.5	635.1	633.5	637.5	637.5	637.5	637.5	637.5	637.5	637.5	637.5	637.5	637.5	637.5	637.5	637.5	635.9	635.1	637.5	637.5	637.5	637.5	637.5	637.5	637.5	637.5	637.5	637.5	637.5	637.5	637.5	637.5	627.9	619.5	616.5	615.3	616.2	613.3	560.2	527.2	505.1	486.4	468.9	449.3	386	338.6	328	324.6	313.2	283.5	260.3	225.2	203.7	199.9	185.2	181.3	204	227.2	238.6	244.5	252.8	265.2	280.3	292	293.8	288.4	282.5	283.9	286	289.4	295.3	293.2	292.6	290.6	289.6	285.2	283.1	285.5	295.1	304.2	314.9	322.4	320.4	330.9	338.6	331.3	318.6	311	308.6	311.2	316.1	323.1	327	334	340.3	346.2	353	365	366	361.2	358.2	351.4	345.8	349	346.6	338.6	324.5	324.6	326.8	319.4	297	295.8	294.8	282.8	277.8	269.5	260.2	246.6	237.4	229.6	221.2	219.4	211.7	205.8	205	207.5	208.6	207.2	204.5	203.2	203	196.6	196.9	201.2	218.3	236.7	266.6	322.6	322.8	318.2	317.8	323.9	355.2	429.6	448.4	440.2	439.1	447.5	448.7	450.1	448.2	435.1	432.2	438	444	443	434.6	438.8	436.4	418.5	418.3	442.8	464.1	474.7	469.5	470.7	467.9	463.5	459.1	450.3	442.5	444.8	449.9	453.9	460.7	467.5	473.5	475.9	475.5	473.5	472.3	474.3	480.3	489.5	477.3	477.1	482.7	471.3	459.3	460.7
637.5	637.5	637.5	637.5	637.5	636.3	637.5	637.5	637.5	637.5	637.5	637.5	637.5	637.5	637.5	637.5	637.5	637.5	637.5	637.5	635.1	630.7	637.5	637.5	637.5	637.5	637.5	637.5	637.5	637.5	637.5	637.5	637.5	637.5	637.5	628.5	619.5	616.2	610.1	582.9	579.2	577.4	566.1	516.4	492.3	473.3	456.5	450.3	432	375.7	343.6	351.3	326.7	294.7	270	241.2	218.4	224.9	215.7	184.4	170.7	176.6	205.4	226.4	237.2	242.9	251.1	265.1	277.6	292.2	297.8	286.4	279.4	280.6	280.3	285.1	287	288.2	289.3	287	278.6	275.1	279.7	292.7	303.4	309.4	313.5	309	315.2	321.4	318.4	310.9	305.6	303.9	306	309.2	313.8	321.4	326	340.7	348.2	350.4	361.1	362.2	355.2	356.8	350.2	342.2	344.2	331.9	325.1	321.7	320.9	322.4	316.2	303	297.8	292.1	281.2	277.8	263	253.9	245.4	232.4	217.3	213.1	213.7	211.3	207.7	202.6	199.9	198.7	202.9	200	197.1	198.7	195.9	199.2	207.2	224.7	233.7	260.8	318.4	317.9	315.1	313.3	314.4	360.4	436.3	456.2	459.9	464.4	461.6	459.6	457.4	454.3	444.9	431.6	431.1	442.9	453.4	447.2	434	442.4	434.8	428.8	433.2	454	462.6	461.5	469.7	474.6	469.4	458.1	448	436.5	440.6	454	453.3	454.9	455.9	461.9	470.7	472.7	471.5	477.5	485.5	488.3	494.3	499.1	483.5	477.9	479.7	472.3	469.3
637.5	637.5	637.5	637.5	637.5	637.5	637.5	637.5	637.5	637.5	637.5	637.5	637.5	637.5	637.5	637.5	637.5	637.5	637.5	637.5	633.9	636.7	637.5	637.5	637.5	637.5	637.5	637.5	637.5	637.5	637.5	637.5	622.4	602.5	594	591.3	592.2	594.3	589.1	562.5	561.4	571.3	538.4	500.8	479	459.2	449.2	445.8	430.3	380.8	349.8	343.3	326.3	305.3	263.6	230.2	220.3	230	218.5	187.7	169.2	168	194.4	217.6	229.8	238.4	246.4	257.1	271.7	280.8	290.9	286.1	274.8	273.9	271.5	274.1	278.4	279.4	280.2	276.8	271	268.6	268.3	276.9	287.2	295.6	301.6	297.4	300.3	299.1	298.4	295.5	288.6	285.2	283.6	289	299.6	307.9	309	322.4	333.1	337.7	342.8	343.5	338.8	345.9	345.5	339.3	341.9	326.9	316.6	316.4	314.2	309.9	305.6	301.3	290.7	282.3	270.9	263.7	253.9	242.3	239.9	228.7	213.5	212.4	212	210.9	203.9	199.5	192.9	189.2	192.6	191.7	193.1	196.8	197.4	202.9	213.5	227.7	234.7	269.5	315.4	314.1	311.9	306.6	309.1	356.9	435.3	453.4	458.5	464	459.4	456	454	451	450.1	441.2	431.5	439.2	436.9	428.7	424.1	439.6	434.5	430.9	430.5	435.9	435.5	431.9	435.9	439.1	433.6	424.8	421.6	414.2	412.5	418.9	417.8	410.6	416.3	435.8	454.8	472.7	469.5	475.5	488.7	497.9	503.9	510.7	492.7	477.9	483.9	482.3	480.9
637.5	637.5	637.5	637.5	637.5	637.5	637.5	637.5	637.5	637.5	637.5	637.5	637.5	637.5	637.5	637.5	637.5	637.5	636.3	635.5	637.5	637.5	637.5	637.5	637.5	637.5	637.5	637.5	637.5	637.5	637.5	631.8	610.7	596.4	592.2	594.9	591	578	560.2	537.5	532.6	529.4	498.8	468.7	453.7	450.7	452.7	452.6	442.2	390.9	367.9	341.9	316.6	295.4	233.5	216.5	240.1	247	230.5	205.1	185	167.8	177.6	199.8	210.6	222.5	233.2	247.2	258.9	268.3	279.6	285.8	281.7	274.4	267.2	269.2	271.4	269.8	273.7	270.5	267.5	265.8	262.5	263.3	273.5	283.5	289.3	289.8	290	290.4	288.5	289.9	288.1	284.2	283.6	285.6	289.6	298	303.9	310.7	316.8	325.7	332.2	331.7	325	326	328.2	327.2	323.8	313.6	309.4	305.6	305.2	299.6	298.4	296.1	284.7	276.4	263.5	256	248.4	240.7	239.5	229.8	220.9	213.3	211.1	207.5	196.8	190.9	184	181.5	183.6	181.8	183.2	189.5	197.8	206.6	213.5	218.2	222.4	258.2	306.2	306.5	301.1	287.1	300.7	331.1	395.5	425.8	451	456.4	457.8	462.1	459.6	460.4	461	452.9	441.2	434.8	429.3	419.2	420.8	431.6	431.2	429.3	430	439.2	439.1	438.7	434.3	423.5	424.7	428.7	429.3	409.7	398.4	411.7	414.1	413.8	402.9	400.7	424.5	458.2	479.9	485.9	494.7	495.1	491.1	494.7	493.5	484.3	483.9	478.3	475.1
637.5	637.5	637.5	637.5	637.5	637.5	637.5	637.5	637.5	637.5	637.5	637.5	637.5	637.5	634.5	637.5	637.5	637.5	635.9	637.5	637.5	637.5	637.5	637.5	637.5	637.5	637.5	637.5	637.5	632.1	614.1	600.6	599.4	597.9	597.9	593.6	579.8	565.2	544.4	531.7	528.8	512.4	474.6	455.8	448.2	450.7	449.7	453.8	454.5	397.8	356.3	331.6	320.3	299.7	241.2	213.8	228.8	240	232.4	213.4	198.1	179.9	171.2	180.8	194.9	208.2	224.3	234.5	242.4	255.2	265.6	273	273.3	270.1	267.5	263.1	257.6	257.5	261.1	262.2	258	257	253.3	251.8	256.8	258.8	268	271.2	271.4	273.1	278.2	281.4	279.8	285.6	287.4	286.6	285.2	288.5	300.4	302.6	308.8	314.3	319.2	315.8	304.1	301	303.4	307.4	306	294.8	292.2	293	288.6	284.7	284.7	282.8	274.3	263.6	249.5	243.1	237.4	235.3	233.1	226.4	222.2	214.7	211	206.7	195.2	187.5	181.6	175.8	175.5	182.3	186.6	192.8	200.2	208.4	216	221.6	229.1	267.3	297.5	303.2	301.7	301.4	309.9	333.2	369.7	392.2	431.3	454.2	458.5	457.8	462.1	456.6	460.1	456.4	445.8	444	452.5	454.1	434.2	433.9	434.2	429.5	426.8	437.2	440.4	439.1	435.1	424.5	420.8	426.7	429.3	415.1	402.4	410.4	421.4	423.8	408.8	392.5	389.8	409.2	447.4	469.6	479.7	484.3	489.1	489.5	494.3	490.3	485.1	480.3	474.3
637.5	637.5	637.5	637.5	637.5	637.5	637.5	637.5	637.5	637.5	637.5	636.3	637.5	632.1	626.7	637.5	637.5	637.5	637.5	637.5	637.5	637.5	637.5	637.5	637.5	637.5	637.5	637.5	637.5	624	607.5	600.3	593.7	578.9	560.5	547	534	516.5	499.2	503.6	509.6	498.3	469.5	450.5	430.4	426.3	435.6	430.5	408.7	349.3	293.4	262.8	266.5	234.4	200.7	238.1	268.1	239.5	222	218.8	209.7	185.5	171.6	184.7	188.9	197.2	212.7	221.6	233.6	244.8	253.6	262.9	265.5	267.7	261.1	256.6	249.8	251.4	253.5	251.5	247.9	244.2	247.4	250	249	254.8	266.2	267.3	269	271.6	279	284	284.2	286.9	288.5	293.8	295.4	297.5	298.8	300.5	303	306.6	307	300.3	294.2	289.8	288	288	289.9	284.1	281.2	278.5	279.8	280.1	277.5	272.2	266	255.6	241.3	235.4	231.4	230	227	222.6	213.4	206	201.6	192.6	178.7	173.3	174.5	173.6	175.1	183.6	191.7	199.4	198.3	198.1	202.7	210	219.2	256.2	285.7	292.9	298.4	308.4	319	336.3	369.6	376.2	397.2	423.7	457.7	457.7	472.3	469.4	459.8	457.7	453.7	453.3	454.6	461.6	448.9	443.8	443	433.9	442	444.4	434.8	433.1	437.2	437.4	435	432.8	429.7	428.6	425.8	420.8	417.3	418.2	410.6	393.4	406.1	437.5	454.1	474.4	482.2	481.2	485.4	502.7	513.1	505.9	496.3	483.7	485.5
637.5	637.5	637.5	637.5	637.5	637.5	637.5	637.5	637.5	637.5	637.5	637.5	637.5	635.7	637.5	637.5	637.5	637.5	637.5	637.5	637.5	637.5	637.5	637.5	637.5	631.2	624	614.7	602.1	598.2	595.5	581.5	568.7	560.4	551.1	535.9	518	502.2	492.5	499.8	504.1	499.3	463.4	448.2	423.6	417.1	426.1	421.6	387.7	331.6	271	254.2	258.3	228.4	208.2	247.7	283.4	247.2	219.5	218.4	213.3	191.3	175	187.4	189.4	190.4	200.7	209	222.1	234.3	241.7	248	254.3	256	253.7	249.4	242.6	235.4	239.7	240.6	237.2	233.1	235.7	239.1	238.2	244	254.7	260.8	262.6	267.6	273	278.9	281.1	279.1	282.3	287.2	291.5	292.9	291.4	293.1	296.1	299.1	294.4	285.6	279.9	278.9	278	276.1	276.2	274.5	270.7	263.3	265.2	266.8	262.8	254.7	247.8	239	232.4	229.8	224	224.8	219.8	212.6	209.3	198.2	189.5	181.3	175.4	171.9	174.3	179.4	184.1	186.9	192.5	195.5	195.6	200.8	208.3	214.7	225.3	275.9	297.6	298.6	302.9	306.1	303.6	335.7	377.4	383.9	392.5	414	451.7	465.7	472.5	472	460.9	456.3	452.1	455.3	454.5	458.7	450.2	432.7	442.4	428.2	433.9	437.7	432.6	421.5	428.8	437.7	436.5	434	430.5	429.5	430.8	420.7	413.7	416	409	397.6	409.9	442.3	452	449.6	444.5	440.9	450.1	459.4	471.1	474.5	466.4	450.4	457.5
637.5	637.5	637.5	637.5	637.5	637.5	637.5	637.5	637.5	637.5	637.5	637.5	637.5	637.5	637.5	637.5	637.5	634.8	629.4	630.3	636	637.5	637.5	635.7	625.5	623.1	612.9	600.3	592.4	573.7	563.8	551	535	527.3	523.1	515.3	503	491.3	481.5	477.3	480	489.9	454.3	438	421.7	413.7	420.4	413.3	386	348.4	281.7	259.7	251.1	232.8	220.7	258.9	273.2	238.9	218.2	218.9	217.7	202.9	176.4	187.1	196.2	192.4	190	193.5	204.1	214.4	220.7	228.7	238.9	243.5	247.2	244.7	237.5	229.6	226.5	224.6	225.3	225.4	225.4	231.1	234.7	235.7	237.6	247	249.7	257	264.4	270	273.2	279.9	277.3	278.8	283.3	284.3	281.9	282.8	288.7	290.4	286.3	279.5	272	272.1	273.3	275.1	269.4	267.5	263.6	256.9	252.7	251.8	246.8	241.6	235.9	231.1	225.5	223.3	218.9	212.4	209.1	202.9	195.6	186.2	176.7	171.7	171	169.1	174.1	181.9	183.8	182.5	184.5	185.1	187.4	194.3	205.7	212.5	225.3	276.2	296.4	298.2	307.8	305.2	298	313.5	357.2	378.5	389.7	403.3	416.5	446.7	464.3	460.8	453.1	447.8	445.6	456.6	461.9	458.6	444.7	426.8	424.5	421.2	427.6	431.3	431.6	430.1	432.4	445.8	446.4	441.1	440.8	437.4	431.1	431	433.6	427.6	424	411	404.5	430.5	447.7	449	448.6	439.3	427.7	434.3	450.9	452.3	446.5	428.1	443.7
581.1	581.1	581.1	581.1	581.1	581.1	581.1	581.1	581.1	581.1	581.1	581.1	581.1	581.1	581.1	581.1	581.1	581.1	581.1	581.1	581.1	581.1	581.1	581.1	581.1	581.1	581.1	581.1	564.3	548.3	537.9	529.9	516.3	507.5	498.5	497.1	489.9	485.1	474.7	468.3	467.5	463.9	436.3	419.7	405.7	402.3	406.1	392.7	375.5	321.7	256.7	266.1	268.1	232.1	215.7	249.3	263.9	231.1	212.9	213.9	213.3	195.9	169.5	180.9	196.1	193.9	189.7	189.3	193.3	202.7	209.7	217.1	225.1	235.1	242.9	242.7	238.3	232.3	226.7	225.3	225.5	224.9	227.5	230.9	233.7	239.1	241.7	248.9	254.7	263.3	271.9	278.1	280.9	287.9	290.3	291.5	295.3	293.3	291.9	294.1	293.7	294.5	292.3	291.7	288.5	281.7	277.7	278.5	274.7	271.5	269.5	260.9	254.5	252.5	250.9	244.9	241.3	236.7	231.5	229.7	223.5	216.7	212.5	208.9	202.5	192.5	187.7	183.1	182.5	184.1	185.3	189.7	186.9	186.5	188.5	185.7	188.7	202.1	211.7	218.9	238.3	289.7	295.9	301.1	308.3	315.1	319.5	334.7	373.5	373.9	379.1	395.5	402.7	427.1	450.3	450.7	446.3	446.7	449.9	455.9	455.5	449.9	435.9	420.9	410.9	414.7	425.3	426.7	419.7	431.9	433.5	438.7	440.3	430.1	426.1	432.3	429.5	434.7	436.7	427.9	419.5	406.3	401.1	427.7	445.5	446.3	443.5	426.9	423.9	420.1	435.5	436.3	429.5	425.1	425.5
637.5	637.5	637.5	637.5	637.5	637.5	637.5	637.5	637.5	637.5	637.5	637.5	637.5	637.5	637.5	637.5	637.5	637.5	637.5	637.5	637.5	637.5	637.5	637.5	637.5	637.5	630.3	618.3	600.7	580.7	566.3	559.9	552.7	548.7	551.9	544.5	529.5	523.9	532.1	547.1	548.7	537.1	491.7	482.1	467.7	455.3	458.1	447.1	423.3	380.3	348.5	343.7	328.3	289.1	267.3	300.1	328.5	299.3	274.1	269.9	268.5	254.3	222.5	231.5	254.5	255.3	255.5	254.1	253.1	251.3	249.5	254.7	260.7	268.1	275.9	282.1	285.9	284.5	279.1	276.9	271.7	266.7	268.3	272.5	275.1	282.9	292.5	301.3	304.5	306.9	316.7	324.1	326.5	331.5	335.7	338.1	342.5	340.7	343.3	343.3	341.5	336.3	334.1	333.1	331.9	326.5	323.1	322.1	317.7	315.3	313.3	306.1	299.5	293.9	294.1	291.1	287.5	282.3	275.9	270.7	264.5	260.1	255.5	249.1	241.5	240.7	238.5	239.3	244.1	243.7	242.9	242.5	242.3	244.7	247.9	249.1	256.9	266.9	271.7	275.5	291.7	342.3	357.5	364.7	371.5	375.9	377.1	395.1	431.1	434.7	437.1	439.7	462.3	475.1	489.5	496.7	497.1	498.3	491.5	489.5	489.5	492.3	495.5	493.9	482.5	490.3	502.3	497.1	487.3	490.7	487.9	485.9	488.3	486.7	483.3	487.9	489.9	495.9	499.9	494.7	480.3	462.3	447.9	458.7	473.1	479.1	489.5	483.9	481.9	473.5	488.3	490.7	468.7	467.5	468.3
637.5	637.5	636.7	635.9	637.5	637.5	637.5	637.5	637.5	637.5	637.5	637.5	637.5	637.5	637.5	637.5	637.5	637.5	637.5	637.5	637.5	637.5	637.5	637.5	637.5	630.3	619.1	605.5	590.3	572.7	560.7	554.3	547.9	542.3	541.5	542.3	525.5	522.7	517.1	537.9	547.9	523.7	495.9	483.7	469.3	456.1	459.1	445.1	425.1	401.3	375.5	347.9	324.9	289.9	266.5	296.3	327.9	303.1	276.3	271.9	269.3	251.5	220.9	231.1	251.7	255.3	258.5	258.7	255.5	252.5	247.9	247.3	248.7	254.1	260.7	267.1	272.3	269.1	267.9	265.1	258.9	256.7	256.1	259.9	265.5	269.5	274.7	283.1	288.1	293.5	299.1	304.5	309.3	317.5	319.9	324.7	327.1	325.3	324.9	323.1	321.3	320.5	318.3	316.9	314.1	313.3	312.5	310.1	305.9	300.7	298.3	294.9	290.1	287.3	284.5	281.1	276.7	272.9	265.3	260.3	254.9	252.5	249.3	242.9	241.5	240.7	241.9	246.9	245.3	243.5	242.1	242.7	245.5	247.5	249.3	254.3	261.7	268.5	273.5	278.3	290.7	321.3	346.7	366.7	370.7	375.9	379.1	394.7	431.9	435.5	434.7	433.5	461.1	471.5	475.9	490.7	495.5	499.1	493.1	487.1	485.1	489.1	499.5	498.3	484.3	491.9	503.9	499.1	493.9	490.7	486.7	488.3	488.7	486.7	492.3	491.1	490.3	493.9	493.7	490.7	480.3	462.7	447.1	453.1	460.3	464.7	472.3	480.7	475.9	472.3	483.9	492.3	475.1	467.9	467.9
637.5	636.7	637.5	637.5	637.5	637.5	637.5	637.5	637.5	637.5	637.5	637.5	637.5	637.5	637.5	637.5	637.5	637.5	637.5	635.5	637.5	637.5	637.5	629.5	611.1	597.5	589.5	575.1	560.7	552.7	548.7	543.9	534.7	519.1	525.5	546.3	536.7	513.3	498.5	500.3	502.7	499.3	491.7	479.9	474.5	468.3	459.7	448.7	434.5	445.7	412.3	348.7	316.3	289.7	267.1	290.5	321.1	306.3	278.3	272.7	269.1	250.7	224.9	225.5	243.9	255.1	262.3	266.7	265.1	268.5	269.7	262.1	255.7	250.1	247.5	252.3	253.9	251.7	253.5	253.9	251.7	252.5	252.9	249.3	251.5	253.3	259.1	264.9	270.1	279.3	288.3	291.9	297.3	300.7	302.9	309.3	314.5	316.5	313.1	312.7	310.5	306.1	300.9	300.7	300.1	298.1	295.3	292.7	287.5	285.9	284.9	279.9	275.5	272.1	269.1	264.7	260.7	257.3	248.7	244.3	244.1	245.5	244.9	245.7	247.3	251.9	252.9	254.1	253.9	252.3	251.7	252.1	255.1	255.3	258.5	264.1	269.3	269.5	272.7	279.7	292.7	328.9	355.3	372.3	375.5	382.7	381.5	397.9	432.3	435.9	434.7	434.9	453.9	467.7	464.9	485.5	497.7	502.3	506.3	499.1	492.3	491.5	493.1	492.3	476.7	473.1	481.9	491.5	502.3	498.3	496.7	499.5	499.9	490.7	490.3	489.5	485.1	488.7	486.7	487.9	487.9	475.9	459.1	449.5	455.1	465.1	461.1	460.7	458.7	462.7	481.5	493.1	497.1	491.9	484.3
637.5	637.5	637.5	637.5	637.5	637.5	637.5	637.5	637.5	637.5	637.5	637.5	637.5	637.5	637.5	637.5	637.5	637.5	637.5	632.3	637.5	637.5	623.1	615.9	595.9	583.1	575.1	563.9	552.7	548.7	547.1	541.5	525.1	514.7	517.1	502.3	475.7	448.5	435.5	425.3	448.1	492.3	491.3	483.9	476.3	466.7	460.3	450.9	440.7	456.3	422.3	360.7	320.9	286.7	261.3	278.3	309.9	309.5	287.7	276.1	270.3	250.5	225.7	225.1	244.7	256.7	263.1	267.9	267.1	269.1	274.1	271.9	261.5	251.3	244.7	244.9	245.5	243.1	242.9	247.1	247.1	244.7	247.5	245.9	243.5	244.1	246.9	252.9	258.3	265.5	272.7	277.5	281.1	283.5	284.9	290.5	294.9	296.1	295.5	296.5	294.5	291.9	287.1	283.9	284.7	283.5	281.7	276.7	269.3	270.9	270.5	267.1	265.1	260.9	258.3	251.5	251.3	249.5	246.1	245.9	247.9	248.7	246.9	248.7	252.3	255.5	254.3	253.3	252.7	253.5	254.5	254.7	254.7	258.5	262.1	268.3	270.3	270.3	272.5	278.5	306.3	353.3	366.5	365.3	373.7	380.1	375.3	395.1	433.1	433.1	434.3	441.9	452.7	466.3	474.3	480.7	498.5	493.5	496.3	499.5	493.9	480.3	481.9	487.1	476.3	469.9	477.9	487.9	501.5	495.5	495.9	504.7	507.9	493.5	485.1	479.7	479.1	484.1	485.5	487.1	487.5	479.1	463.9	451.1	456.3	466.3	462.7	458.7	456.3	459.1	476.3	490.3	488.5	496.5	491.9
637.5	637.5	637.5	637.5	637.5	637.5	637.5	637.5	637.5	637.5	637.5	637.5	637.5	637.5	635.9	631.9	627.1	619.1	611.9	598.3	584.7	575.9	563.1	552.7	542.3	531.9	524.7	524.7	532.7	541.5	547.1	541.5	521.5	519.1	497.7	466.7	452.9	436.3	412.5	403.7	445.1	495.3	479.3	469.5	467.1	462.7	458.7	454.1	455.7	457.5	441.1	365.3	315.9	293.3	261.9	267.5	305.3	316.3	297.9	281.3	271.5	256.7	236.3	222.5	237.5	254.7	263.5	266.7	273.1	273.1	273.5	276.5	276.1	272.5	264.1	253.7	246.7	246.7	247.9	248.3	246.9	246.5	250.9	252.1	253.9	254.5	252.1	250.7	248.9	250.9	251.9	257.1	262.1	264.1	262.9	262.7	265.5	268.3	274.5	276.7	277.3	273.1	272.3	270.1	265.7	262.7	261.1	255.7	251.3	251.1	246.5	244.5	248.9	247.5	249.7	250.5	256.5	260.9	262.5	264.5	262.7	259.1	261.3	262.7	263.7	267.5	264.3	260.7	263.5	265.9	265.1	262.7	260.5	261.3	262.7	263.5	265.3	269.9	274.9	283.7	313.3	364.1	373.9	377.9	377.3	375.3	365.7	397.7	432.3	430.7	437.9	445.1	448.3	461.1	473.9	473.9	485.5	501.5	501.3	509.9	507.9	504.1	498.9	490.7	478.3	483.9	487.1	487.5	497.9	495.9	486.3	491.9	500.7	511.5	501.5	492.3	488.7	486.7	481.5	478.3	482.7	485.1	484.3	478.3	469.1	465.1	477.9	483.1	467.1	453.1	452.7	463.1	474.7	486.3	486.3
637.5	637.5	637.5	637.5	637.5	637.5	637.5	635.9	635.1	633.5	629.5	627.9	626.3	623.1	615.9	606.3	594.3	584.7	579.1	567.1	555.1	544.7	531.9	523.9	515.9	510.3	506.3	511.9	530.3	540.7	539.1	535.1	515.3	486.1	474.3	449.3	416.7	408.9	387.3	393.9	457.7	490.3	472.1	468.3	465.7	463.3	462.3	452.7	453.5	456.1	455.7	402.3	328.1	295.3	263.9	262.3	300.5	315.5	308.7	288.9	278.9	267.9	244.7	223.9	233.1	250.5	260.9	266.7	272.1	274.9	273.3	277.1	279.3	277.5	270.7	262.5	251.5	247.5	246.5	248.7	248.7	250.1	250.7	252.1	251.3	253.3	253.7	251.1	249.1	249.7	247.9	248.1	252.3	256.3	257.5	254.9	254.7	253.5	258.9	264.9	266.9	264.5	261.3	258.9	256.5	252.9	251.5	247.9	247.5	244.9	245.7	247.7	250.1	251.5	255.9	259.1	263.9	267.3	269.9	268.5	268.9	264.3	263.5	264.1	266.3	268.1	265.5	262.3	264.7	267.5	263.7	262.3	260.5	261.1	263.5	265.3	266.3	268.7	278.3	285.3	322.7	369.9	371.1	376.3	379.1	384.7	358.5	380.7	419.1	432.3	440.3	444.3	446.3	456.7	471.1	476.3	482.7	503.9	513.1	512.7	511.1	513.5	509.9	492.3	481.5	487.9	488.7	487.1	492.3	494.7	485.9	489.5	502.3	507.1	504.3	494.7	490.7	487.5	481.5	477.5	485.5	489.1	488.3	477.9	462.5	460.9	483.9	489.5	468.7	455.1	449.1	453.9	466.7	474.9	481.1
607.9	607.1	607.9	607.9	607.1	607.1	605.5	603.9	600.7	598.3	593.5	588.7	583.1	576.7	569.5	559.9	549.5	539.1	527.1	517.5	507.1	497.5	489.5	484.7	480.7	483.1	495.9	523.1	547.9	536.7	523.9	517.9	515.7	498.9	480.5	453.5	409.9	407.9	405.7	405.9	454.1	480.5	476.5	477.1	480.7	475.7	460.7	450.9	463.7	464.5	456.5	395.1	322.7	294.7	270.3	255.5	293.1	317.3	315.1	300.7	287.1	274.5	256.7	230.9	225.3	241.5	252.5	262.7	267.5	277.9	282.7	278.7	279.1	280.3	281.7	281.7	274.1	259.9	247.9	242.1	246.3	249.3	253.3	256.9	259.1	260.9	262.7	262.1	261.7	263.5	261.7	261.9	261.7	259.7	259.5	260.3	260.5	260.5	263.9	263.7	264.9	265.9	263.1	263.3	263.7	259.3	258.3	257.5	258.9	263.1	266.5	266.9	271.5	275.7	277.7	277.7	275.1	274.5	273.5	269.7	269.5	270.3	274.5	271.3	270.1	273.7	273.1	272.7	271.5	266.7	262.5	261.1	254.9	254.9	256.7	260.3	265.5	272.3	284.1	294.9	324.1	373.1	377.9	379.9	381.5	381.9	366.1	404.1	425.7	437.1	441.9	441.9	446.7	452.3	470.7	483.5	481.5	490.3	511.1	509.1	506.3	505.9	501.9	495.9	496.3	496.7	493.5	493.9	495.9	497.5	492.7	487.1	488.7	494.3	493.9	495.5	495.5	495.1	488.1	490.7	490.7	489.9	488.3	481.7	471.3	455.7	470.9	488.3	473.1	458.9	460.7	465.5	471.9	467.9	468.9
623.1	623.9	623.9	623.9	623.9	622.3	619.1	618.3	616.7	611.9	607.1	601.5	594.3	587.9	577.5	566.3	557.5	543.9	531.1	518.3	507.1	497.5	491.1	486.3	484.7	491.1	511.9	531.1	543.1	541.5	528.7	524.7	523.5	495.5	479.3	473.3	459.3	428.9	402.3	408.9	454.9	479.7	486.9	490.1	485.9	479.5	472.1	457.9	460.7	461.1	449.5	405.1	341.9	302.9	275.1	261.1	291.1	319.5	321.9	312.1	296.1	282.5	268.1	244.1	231.5	241.9	253.7	261.1	263.3	273.3	284.1	279.3	277.9	281.3	282.7	282.7	277.9	266.3	255.5	244.1	245.5	248.1	252.7	256.3	261.1	265.1	266.3	267.5	263.7	263.1	264.7	263.3	265.7	264.7	264.9	266.7	263.9	265.5	268.9	266.9	266.7	267.3	266.7	269.1	268.9	267.3	266.9	266.1	268.3	271.3	275.5	274.3	274.1	278.7	279.7	279.9	278.3	273.1	272.3	270.3	271.1	269.5	270.9	270.7	271.5	270.9	270.3	271.5	270.5	263.5	257.3	255.1	251.5	250.7	256.7	259.1	266.1	275.5	284.5	293.7	309.9	333.9	357.1	377.7	381.5	381.1	389.1	417.7	429.9	443.7	449.5	448.3	446.7	450.7	466.7	483.1	481.5	484.3	506.3	510.7	505.5	506.3	503.9	500.3	501.9	495.9	491.1	485.3	485.7	479.3	470.5	468.9	476.9	489.9	491.9	495.1	491.1	472.1	460.1	466.9	476.1	488.3	490.7	486.7	479.1	461.5	466.7	477.9	470.3	461.9	462.3	473.5	477.9	478.3	481.1
637.5	637.5	637.5	637.5	637.5	637.5	637.5	634.7	637.5	637.5	637.5	637.5	637.5	637.5	629.5	613.5	593.5	573.5	555.1	538.3	523.9	515.1	511.9	514.3	521.5	537.5	550.3	542.3	531.9	548.7	547.1	528.7	498.3	470.3	469.7	475.9	448.5	397.5	392.3	441.1	482.3	485.9	492.5	488.9	484.3	479.5	475.3	468.9	463.7	454.3	442.5	419.1	386.9	322.7	288.1	277.5	289.9	317.7	329.9	335.7	311.3	284.9	274.1	251.9	231.3	234.5	242.3	248.7	256.7	263.5	274.7	283.1	285.5	284.5	281.9	285.5	286.7	282.5	273.5	261.5	250.5	245.9	242.7	248.5	256.7	262.1	262.7	263.3	263.3	264.5	265.9	266.9	265.3	265.7	268.9	269.7	270.9	269.5	272.9	274.1	274.7	274.5	273.5	276.5	273.9	272.5	273.5	278.9	281.9	284.5	282.1	278.3	279.9	281.1	284.5	283.3	279.1	276.3	277.5	279.1	276.1	270.5	269.1	269.1	270.1	270.7	268.9	268.3	261.9	255.3	252.5	252.7	250.7	250.5	256.9	263.5	274.7	285.7	297.1	306.3	315.1	331.5	362.5	379.9	381.1	383.9	403.9	431.1	444.7	445.9	441.9	442.7	444.3	447.1	458.7	479.9	491.1	483.7	493.1	512.3	510.3	500.7	496.7	487.5	491.5	497.5	493.7	489.9	488.7	481.5	465.5	463.5	482.3	495.9	502.3	503.9	482.5	467.5	477.7	481.3	481.1	488.7	486.3	483.9	473.5	452.7	459.1	469.1	467.5	457.5	455.5	474.7	477.9	483.9	492.3
637.5	637.5	637.5	637.5	636.3	636.3	637.5	636.7	637.5	637.5	637.5	637.5	637.5	637.5	629.5	609.3	590.3	571.1	552.7	535.1	524.7	518.3	519.9	523.9	531.1	537.5	542.3	541.5	534.3	542.3	540.9	508.9	484.5	469.9	471.9	475.9	445.3	403.9	437.5	476.9	483.7	485.5	487.9	486.9	478.7	476.1	470.9	470.9	469.5	455.7	440.7	420.1	397.1	340.3	288.7	269.1	281.3	312.9	328.3	338.9	325.3	295.9	277.9	254.3	236.9	237.5	243.3	250.5	254.9	259.3	267.7	278.3	284.5	284.7	279.7	284.9	287.1	281.3	277.1	268.5	255.3	243.7	241.3	247.9	253.9	258.5	262.9	264.3	264.3	267.3	270.5	268.5	265.7	266.7	267.9	270.7	273.7	272.9	274.5	277.7	277.7	276.5	276.1	276.7	273.3	274.1	275.9	278.9	281.9	283.5	283.7	281.3	282.9	284.9	284.1	280.3	275.9	277.3	277.7	276.1	270.9	268.1	265.5	264.9	265.7	265.5	263.9	262.3	254.7	251.7	252.5	253.9	254.9	258.3	263.5	268.3	276.5	288.5	302.5	308.7	309.5	307.5	337.9	378.3	381.9	389.5	413.1	434.7	439.3	445.1	440.7	440.7	442.7	445.9	454.7	475.1	493.9	486.5	472.7	507.9	506.7	497.5	490.7	487.9	491.1	491.9	493.5	495.5	496.7	494.3	495.5	493.1	491.9	499.1	509.5	509.5	503.5	495.1	491.1	490.7	486.7	484.3	482.3	483.1	477.9	460.3	466.7	476.3	473.5	464.3	455.9	468.3	473.1	481.5	490.7
637.5	637.5	637.5	637.5	629.7	625.9	628.7	626.3	621.5	617.5	607.9	597.5	586.3	575.1	564.7	551.9	541.5	531.1	524.7	525.5	527.1	527.1	532.7	535.1	525.5	521.5	520.7	521.5	523.9	526.3	509.3	494.1	480.7	469.7	467.5	471.3	453.5	420.7	450.3	477.9	479.5	485.1	486.7	483.7	475.5	474.7	476.5	475.5	472.9	463.1	448.1	412.5	383.3	359.7	310.7	281.5	283.1	307.9	325.5	327.1	327.5	319.7	290.3	260.1	236.1	236.7	241.3	247.9	250.3	250.5	256.1	265.3	276.5	287.5	285.9	280.3	285.1	284.9	282.9	280.3	270.9	259.7	244.3	237.9	238.3	244.7	252.1	254.7	259.7	263.5	265.5	265.7	261.3	263.9	265.3	265.9	268.5	273.1	274.7	272.9	269.5	273.5	276.7	275.5	275.5	276.9	275.9	275.9	276.7	275.9	278.7	277.9	278.3	282.1	281.5	275.7	273.9	275.1	272.3	269.3	263.5	263.7	268.7	264.5	260.9	258.9	255.5	253.9	250.1	244.7	246.9	251.9	254.5	261.5	268.7	274.9	283.9	297.3	305.1	307.1	310.7	301.1	319.1	361.3	386.7	411.5	437.1	444.7	433.3	433.3	433.9	435.9	439.5	440.7	448.7	468.7	492.7	502.1	475.3	497.5	513.1	503.5	487.9	491.9	496.7	492.3	488.3	491.5	497.5	496.7	491.9	491.1	489.5	489.5	501.9	511.1	506.3	500.3	497.1	491.5	486.3	485.1	487.1	485.9	473.5	461.5	482.3	487.5	478.7	469.1	460.3	469.5	470.7	483.1	491.1
627.9	626.3	624.7	621.1	617.1	613.5	607.1	600.7	592.7	584.7	577.5	568.7	559.1	548.7	541.5	534.3	527.1	524.7	525.5	529.5	530.3	531.9	534.3	531.9	527.1	523.9	520.7	520.7	508.5	493.5	484.5	477.1	471.3	471.7	467.7	466.7	470.1	452.7	459.5	478.1	480.1	482.7	482.1	480.1	480.1	477.1	475.5	470.5	465.7	458.9	449.7	435.3	409.7	371.5	322.7	285.5	276.3	294.1	321.9	330.3	332.7	332.5	301.7	263.3	242.5	242.3	248.1	250.5	251.3	252.3	257.3	263.3	271.9	286.9	289.5	282.7	283.3	287.9	288.3	284.7	277.7	265.1	251.3	239.7	237.9	241.9	249.3	254.1	259.5	263.9	265.5	264.3	264.9	264.5	264.9	265.9	269.9	272.3	272.9	273.5	274.7	277.9	277.7	279.3	279.1	278.3	278.7	276.9	276.1	276.3	278.1	276.9	277.3	279.7	281.1	275.3	271.3	271.1	271.1	265.3	260.7	262.1	263.9	261.9	258.1	254.1	253.9	253.5	251.9	250.9	252.7	254.7	258.1	266.5	271.7	279.5	291.9	301.7	306.7	310.7	310.9	292.5	309.9	333.5	365.7	417.9	448.3	445.5	441.9	437.1	417.5	424.3	438.7	439.9	445.1	460.3	481.1	497.1	504.7	504.3	503.1	498.3	488.3	492.3	494.3	491.5	490.7	496.7	500.3	500.3	499.5	494.7	493.5	490.3	493.5	505.1	510.3	506.7	501.1	487.1	492.7	491.5	491.5	484.9	473.9	463.5	482.3	488.7	484.3	470.7	463.1	472.3	472.7	488.3	497.5
575.1	571.1	567.1	563.1	558.3	552.7	544.7	540.7	534.3	528.7	523.9	523.1	521.5	524.7	528.7	531.1	531.9	532.7	538.3	544.7	543.9	539.1	527.1	518.3	525.5	531.1	526.3	527.9	509.3	490.3	479.1	473.9	474.7	476.1	472.7	476.7	478.5	462.9	457.9	477.9	486.1	483.7	480.5	480.3	476.3	466.5	472.1	468.7	462.1	455.9	449.5	421.5	390.3	365.5	355.1	338.9	308.1	308.1	316.3	324.5	342.9	357.1	347.3	302.9	257.5	243.7	250.3	255.9	253.9	254.9	255.5	258.7	266.3	274.1	286.5	288.1	287.1	288.1	289.9	291.7	288.5	286.1	275.5	261.5	248.3	237.7	238.3	245.1	250.7	254.3	261.1	260.9	262.7	262.7	260.7	263.1	265.9	267.5	268.1	268.7	272.5	276.1	276.1	276.1	274.1	274.1	273.5	271.1	270.7	274.5	274.9	275.9	274.5	274.7	275.1	275.3	272.1	266.5	264.9	262.9	264.9	257.5	254.9	252.9	249.3	251.3	250.3	250.3	251.7	250.9	251.9	259.7	267.7	276.1	284.1	293.3	298.9	302.9	305.1	310.3	316.7	299.3	299.1	335.3	399.1	450.1	454.3	446.3	442.7	438.3	423.9	421.9	439.5	443.9	451.5	461.7	489.9	512.3	513.9	501.5	499.9	490.3	490.3	500.7	500.3	497.5	499.1	509.1	511.9	506.3	501.9	499.1	494.3	487.9	485.9	497.1	501.1	507.5	515.9	509.7	499.5	501.5	495.1	489.9	484.9	478.9	494.3	491.1	487.5	479.7	482.7	482.3	471.1	487.9	505.9
544.7	541.5	538.3	535.1	530.3	524.7	519.9	515.9	512.7	511.9	513.5	517.5	521.5	529.5	534.3	531.9	530.3	530.3	535.1	544.7	547.1	535.1	521.5	519.9	523.1	525.5	525.5	506.3	480.1	475.5	472.7	464.7	469.7	471.1	470.5	467.7	473.1	465.9	454.7	468.9	484.1	479.1	480.1	478.7	468.5	469.3	474.3	474.9	460.9	455.3	456.1	429.1	394.5	361.1	356.3	356.1	324.3	309.9	308.9	320.3	349.1	364.1	360.1	326.3	265.9	245.3	256.7	259.9	260.1	260.1	258.5	257.5	261.1	267.1	278.9	285.3	287.5	284.9	282.5	287.7	288.9	289.1	280.9	267.3	252.9	242.3	239.1	242.7	247.7	254.1	257.3	258.5	259.9	260.5	259.1	260.1	260.5	259.1	262.5	268.1	270.5	273.5	273.1	272.7	269.1	268.7	270.7	268.7	269.5	273.3	273.3	274.3	272.3	272.1	271.1	268.7	263.3	258.5	259.1	260.5	259.3	254.7	250.3	248.5	249.9	250.9	252.7	250.1	256.1	257.5	255.1	263.7	273.1	280.1	289.5	296.3	299.3	302.1	305.1	310.5	317.5	309.7	309.5	349.3	404.1	430.7	426.1	424.1	436.7	435.9	438.3	423.3	429.3	443.5	449.9	464.3	487.5	509.5	510.1	496.7	487.1	485.3	496.7	506.7	506.3	499.9	497.9	502.3	505.9	503.9	499.1	495.5	491.1	488.7	485.1	488.3	492.7	500.7	511.5	512.7	504.7	500.3	492.7	490.3	482.3	491.9	512.7	491.5	487.1	477.5	468.5	465.7	461.9	489.1	509.9
486.3	486.3	486.3	486.3	486.3	486.3	486.3	486.3	486.3	486.3	486.3	486.3	486.3	486.3	486.3	486.3	486.3	486.3	486.3	486.3	486.3	486.3	486.3	486.3	486.3	486.3	479.1	456.3	440.1	433.5	432.9	432.9	432.3	432.9	426.3	420.9	422.7	431.1	426.3	423.9	435.9	440.7	440.7	437.7	436.5	437.1	435.3	431.7	427.5	426.9	427.5	416.7	385.7	347.1	330.3	329.9	326.9	300.5	287.3	296.3	303.7	303.1	293.3	286.5	278.5	275.7	274.9	265.3	256.7	247.7	240.9	233.1	226.7	222.3	220.5	219.5	218.1	217.7	214.5	217.1	223.1	228.9	228.1	227.3	226.5	224.1	224.1	222.3	221.3	222.7	222.3	219.5	220.3	219.5	218.1	218.3	218.7	217.3	215.5	215.5	217.1	215.9	213.9	213.7	212.1	211.5	211.9	213.7	213.5	212.9	214.7	214.9	214.3	211.1	210.7	208.5	204.5	204.5	202.5	199.7	198.5	196.5	198.5	198.1	199.1	200.9	206.5	211.3	218.7	224.5	228.9	238.9	247.9	257.1	261.1	262.9	267.5	270.7	272.3	277.1	281.9	270.7	270.3	326.1	357.9	356.9	361.7	366.3	374.9	385.1	385.1	376.1	379.7	399.1	402.7	410.3	423.1	442.3	453.7	461.9	452.9	462.3	472.7	475.9	478.3	476.7	472.7	467.9	467.9	468.7	470.3	471.1	470.1	474.5	475.5	467.9	466.7	467.5	467.5	472.3	473.9	473.1	467.1	461.1	457.9	461.1	466.7	468.3	467.9	467.5	461.9	458.5	465.3	461.5	461.9
637.5	637.5	637.5	637.5	637.5	637.5	637.5	637.5	637.5	637.5	637.5	637.5	637.5	637.5	637.5	637.5	637.5	637.5	637.5	637.5	637.5	637.5	637.5	637.5	627.9	609.9	593.7	585.9	582.9	578.7	579.3	581.7	579.9	578.1	573.9	574.5	573.9	576.3	581.7	570.9	575.1	588.3	591.9	588.9	587.7	589.5	587.1	582.3	579.3	577.5	577.5	563.5	521.7	482.3	474.3	482.1	495.1	472.1	448.3	447.9	453.1	453.5	453.7	448.5	441.5	437.7	432.3	422.1	412.7	401.7	396.7	389.5	384.1	379.5	373.7	371.5	369.3	365.5	363.9	364.7	368.5	372.7	375.3	378.5	379.9	377.1	374.3	373.9	374.3	370.7	371.3	369.7	369.7	371.1	370.3	368.7	371.9	371.9	369.5	370.3	368.3	367.5	365.5	365.3	364.7	365.3	364.3	364.5	365.5	365.5	365.3	363.1	359.9	357.7	356.5	353.7	353.1	353.5	351.1	348.9	349.7	349.3	348.3	350.5	353.9	358.3	363.7	370.1	374.7	380.7	390.1	399.3	406.7	412.1	414.3	415.3	420.9	423.3	423.9	426.5	427.9	413.3	434.7	484.7	499.1	498.3	497.9	497.1	504.1	532.1	536.3	541.5	549.9	552.3	555.9	560.3	572.7	590.5	611.3	615.1	611.1	624.7	621.9	621.5	623.3	614.5	601.5	610.3	619.5	621.5	622.3	624.3	632.7	625.7	623.5	622.7	621.5	617.1	619.5	627.1	627.9	621.9	616.3	610.7	607.9	614.3	624.3	621.9	622.3	619.9	618.7	621.1	610.7	604.5	613.1
637.5	637.5	637.5	637.5	637.5	637.5	637.5	637.5	637.5	637.5	637.5	637.5	637.5	637.5	637.5	637.5	637.5	637.5	637.5	637.5	636.3	637.5	636.3	630.9	627.9	609.9	596.7	588.3	584.7	581.7	574.5	579.3	578.7	574.5	573.9	572.1	573.3	570.9	573.9	572.1	566.1	578.1	588.9	590.7	588.9	587.7	588.9	585.9	580.5	579.9	578.7	562.7	523.5	488.5	476.9	478.7	495.1	511.1	480.7	450.5	447.3	451.3	451.5	453.1	445.7	441.3	441.5	433.5	422.9	414.7	406.3	398.1	390.9	382.3	378.1	375.1	371.5	368.1	365.7	364.7	363.1	364.1	363.7	365.7	369.3	371.9	372.5	372.3	373.5	374.5	373.1	371.5	371.9	369.9	370.3	369.1	369.3	369.7	370.5	370.1	369.1	368.7	369.5	367.1	366.3	366.3	364.5	362.7	362.9	361.7	358.9	354.5	352.7	351.9	350.9	347.7	346.9	348.3	348.9	347.9	348.9	349.9	350.5	353.3	358.1	364.5	368.7	374.1	381.7	389.7	396.3	402.5	408.3	411.1	413.7	418.1	418.3	419.9	421.9	423.3	424.5	439.1	476.5	491.9	494.5	496.3	500.9	495.1	488.5	502.3	535.9	541.1	551.1	553.5	555.9	559.1	573.1	595.9	600.9	609.7	612.3	608.3	610.3	608.3	610.3	617.9	616.1	608.3	618.7	620.7	616.3	612.7	615.5	616.3	617.1	621.1	621.5	613.1	609.9	616.3	616.3	613.1	614.3	617.9	618.7	619.5	614.7	619.5	619.9	621.5	615.1	607.1	607.1	600.1	607.5
637.5	637.5	637.5	637.5	637.5	637.5	637.5	637.5	637.5	637.5	637.5	637.5	637.5	637.5	635.7	637.5	637.5	637.5	626.1	605.1	605.7	614.7	605.7	602.1	593.7	591.3	586.5	583.5	581.7	581.7	578.7	577.5	575.1	574.5	574.5	570.9	567.9	567.9	569.7	575.1	566.1	570.9	584.7	588.3	587.7	585.9	587.7	584.7	580.5	581.7	579.9	567.5	528.3	488.1	474.5	477.1	490.5	509.7	499.5	464.5	452.5	451.3	452.5	455.1	451.7	447.9	445.5	436.1	428.3	422.7	415.3	406.3	398.1	387.7	379.7	377.7	372.7	371.1	368.5	364.7	362.5	363.3	362.9	361.9	361.7	365.1	368.1	369.9	372.7	372.3	372.3	371.7	371.9	369.5	369.9	369.3	366.3	367.9	370.5	369.1	367.7	367.9	368.9	368.9	366.3	363.9	360.7	358.3	356.9	354.7	350.7	348.5	345.7	345.9	348.9	345.7	343.9	347.5	347.7	349.3	352.1	352.9	355.5	357.3	364.5	371.7	377.1	381.7	389.5	398.7	403.3	407.1	411.3	413.7	416.7	418.7	421.5	423.3	423.9	423.7	422.7	438.9	485.5	492.5	489.9	493.7	499.7	493.3	478.7	480.1	503.5	526.1	532.7	543.1	555.9	558.7	570.3	590.7	613.9	610.1	614.3	607.9	611.1	609.9	612.7	617.9	620.7	624.3	625.5	619.1	611.1	609.5	613.1	616.3	619.1	622.7	626.3	611.7	605.9	609.5	609.9	603.5	612.7	615.5	617.1	621.5	620.7	617.1	614.3	615.5	613.1	607.5	609.1	609.1	604.7
