331.5	331.5	331.5	331.5	331.5	331.5	331.5	331.5	331.5	331.5	331.5	331.5	331.5	331.5	331.5	331.5	331.5	331.5	331.5	331.5	331.5	331.5	331.5	331.5	331.5	331.5	331.5	331.5	331.5	331.5	331.5	331.5	331.5	331.5	331.5	331.5	331.5	331.5	331.5	331.5	331.5	331.5	331.5	331.5	331.5	331.5	331.5	331.5	331.5	331.5	331.5	331.5	331.5	331.5	331.5	331.5	331.5	331.5	331.5	331.5	331.5	331.5	331.5	331.5	331.5	331.5	331.5	331.5	331.5	331.5	331.5	331.5	331.5	331.5	331.5	331.5	331.5	331.5	331.5	331.5	325.5	318.2	316.5	312.6	309.1	309.2	307.9	303.6	300.6	303.3	303.2	299.3	298.3	303.1	306.1	306.6	310.5	311.9	311.6	310.9	309.8	306.5	306.5	303.6	292.9	287.8	293.7	297	296.8	291.3	286.4	285.6	284.4	284.2	285.7	285.3	285.7	285.7	286.1	286.7	287.1	286.7	287.7	289.7	290.7	290.9	290.7	290.3	293.7	296.1	295.3	297.9	300.3	300.3	305.9	315.5	324.1	331.5	331.5	331.5	331.5	331.5	331.5	331.5	331.5	331.5	331.5	331.5	331.5	331.5	331.5	331.5	331.5	331.5	331.5	331.5	331.5	331.5	331.5	331.5	331.5	331.5	331.5	331.5	331.5	331.5	331.5	331.5	331.5	331.5	331.5	331.5	331.5	331.5	331.5	331.5	331.5	331.5	331.5	331.5	331.5	331.5	331.5	331.5	331.5	331.5	331.5	331.5	331.5	331.5	331.5	331.5	331.5	331.5	331.5
331.5	331.5	331.5	331.5	331.5	331.5	331.5	331.5	331.5	331.5	331.5	331.5	331.5	331.5	331.5	331.5	331.5	331.5	331.5	331.5	331.5	331.5	331.5	331.5	331.5	331.5	331.5	331.5	331.5	331.5	331.5	331.5	331.5	331.5	331.5	331.5	331.5	331.5	331.5	331.5	331.5	331.5	331.5	331.5	331.5	331.5	331.5	331.5	331.5	331.5	331.5	331.5	331.5	331.5	331.5	331.5	331.5	331.5	331.5	331.5	331.5	331.5	331.5	331.5	331.5	331.5	331.5	331.5	331.5	331.5	331.5	331.5	331.5	331.5	330.1	324.5	320.7	317.9	317.3	308.5	299.6	297	296.9	292.9	289.3	284.7	280.1	277.2	273.2	271.5	271.8	272	271.2	271.9	276.5	281.9	288	291.1	289.8	289.8	291.2	291.9	292.7	290.6	281.5	280.2	281.1	276.5	274.1	273.9	274.9	275.3	273.9	272	272.7	279.7	283.9	282.5	282.5	283.7	283.7	283.9	284.3	284.7	284.9	283.7	285	286.7	286.7	286.5	287.7	288.1	288.1	290.3	291.7	293.5	297.5	307.3	317.3	324.5	331.5	331.5	331.5	331.5	331.5	331.5	331.5	331.5	331.5	331.5	331.5	331.5	331.5	331.5	331.5	331.5	331.5	331.5	331.5	331.5	331.5	331.5	331.5	331.5	331.5	331.5	331.5	331.5	331.5	330.3	329.4	329.8	328	329	331.5	331.5	331.5	331.5	331.5	331.5	331.5	331.5	331.5	331.5	331.5	331.5	331.5	331.5	331.5	331.5	331.5	331.5	331.5	331.5	331.5
331.5	331.5	331.5	331.5	331.5	331.5	331.5	331.5	331.5	331.5	331.5	331.5	331.5	331.5	331.5	331.5	331.5	331.5	331.5	331.5	331.5	331.5	331.5	331.5	331.5	331.5	331.5	331.5	331.5	331.5	331.5	331.5	331.5	331.5	331.5	331.5	331.5	331.5	331.5	331.5	331.5	331.5	331.5	331.5	331.5	331.5	331.5	331.5	331.5	331.5	331.5	331.5	331.5	331.5	331.5	331.5	331.5	331.5	331.5	331.5	331.5	331.5	331.5	331.5	331.5	331.5	331.5	331.5	331.5	331.5	330.9	331.5	331.5	329.3	324.9	319.1	315.9	314.7	307.7	300.3	294.6	289.7	285.9	286.3	282.7	277.6	273.5	270.9	270.9	270.4	270.5	271.7	271.5	273.2	273.4	271.2	276.2	281.7	282	282.1	285.2	284.2	286.4	284.8	278.8	277.9	275.7	272.3	270.9	269.4	271	272.6	272.5	271.8	268.8	270	276.6	279.9	281.1	278.4	281.9	283.5	283.7	283.9	284.3	284.2	283	285.8	286.7	286.7	286.7	287.1	287.3	287.5	288.7	291.7	295.1	298.2	305.3	316.1	324.9	331.1	331.5	331.5	331.5	331.5	331.5	331.5	331.5	331.5	331.5	331.5	331.5	331.5	331.5	331.5	331.5	331.5	331.5	331.5	331.5	331.5	331.5	331.5	331.5	331.5	331.5	331.5	331.5	331.5	328.4	328.8	330.5	328.8	329.9	331.5	331.5	331.5	331.5	331.5	331.5	331.5	331.5	331.5	331.5	329.9	329.8	330.4	330.6	331.5	331.5	331.5	331.5	331.5	331.5
331.5	331.5	331.5	331.5	331.5	331.5	331.5	331.5	331.5	331.5	331.5	331.5	331.5	331.5	331.5	331.5	331.5	331.5	331.5	331.5	331.5	331.5	331.5	331.5	331.5	331.5	331.5	331.5	331.5	331.5	331.5	331.5	331.5	331.5	331.5	331.5	331.5	331.5	331.5	331.5	331.5	331.5	331.5	331.5	331.5	331.5	331.5	331.5	331.5	331.5	331.5	331.5	331.5	331.5	331.5	331.5	331.5	331.5	331.5	331.5	331.5	331.5	331.5	331.5	331.5	331.5	331.5	331.5	331.5	329	327.9	322.3	315.3	311	304.8	298.8	295.9	287.8	280.3	276.9	272.7	269.4	268.8	267.7	267.2	266.6	268.9	270.8	269.6	271.2	272.1	269.7	270.7	269.1	269.6	269.3	266.3	265.9	266.8	269.5	271.9	277.8	278.9	272.9	271.8	274	275.7	269.9	267.8	267.1	265.5	268.5	268.3	264.4	265	264.6	265.6	271.1	274.9	274.6	273.2	278.6	282.2	283.2	282.5	281.3	281.5	283.8	284.7	284.9	285.7	286.1	286.5	286.3	286.3	287.3	287.1	285.2	287.5	292.5	297.7	307.7	319.5	329.7	331.5	331.5	331.5	331.5	331.5	331.5	331.5	331.5	331.5	331.5	331.5	331.5	331.5	331.5	331.5	331.5	331.5	331.5	331.5	331.5	331.5	331.5	331.5	331.5	331.5	331.5	331.5	331.5	331.5	331.5	331.5	331.5	331.5	331.5	331.5	331.5	331.5	331.5	331.5	330.6	330.1	329.4	328.8	329.9	331.5	331.5	331.5	331.5	331.5	331.5	331.5
331.5	331.5	331.5	331.5	331.5	331.5	331.5	331.5	331.5	331.5	331.5	331.5	331.5	331.5	331.5	331.5	331.5	331.5	331.5	331.5	331.5	331.5	331.5	331.5	331.5	331.5	331.5	331.5	331.5	331.5	331.5	331.5	331.5	331.5	331.5	331.5	331.5	331.5	331.5	331.5	331.5	331.5	331.5	331.5	331.5	331.5	331.5	331.5	331.5	331.5	331.5	331.5	331.5	331.5	331.5	331.5	331.5	331.5	331.5	331.5	331.5	331.5	331.5	331.5	331.5	331.5	331.5	330.7	329.1	328.7	323.9	315	308.9	304.9	295.7	289.8	282.4	276	272.4	271.6	269.6	267.8	266.2	264.4	258	259.8	261.6	258.5	251.2	250.7	253.6	259.5	260.2	257.7	254.7	251.6	242.4	240.8	247.8	252.8	256	267.2	273.9	270.2	270.8	271.8	274	267.6	262.4	265.5	266	267.1	267.3	264	263.6	263.4	264	268.9	272.3	272.4	270.3	275.1	280.5	283.5	283.9	281.9	281.9	282.7	284.3	284.7	285.7	286.1	286.1	286.3	285.9	286.1	286.5	286.3	285.4	289.7	292.9	299.1	308.3	320.7	330.3	331.5	331.5	331.5	331.5	331.5	331.5	331.5	331.5	331.5	331.5	331.5	331.5	331.5	331.5	331.5	331.5	331.5	331.5	331.5	331.5	331.5	331.5	331.5	331.5	331.5	331.5	331.5	331.5	331.5	331.5	331.5	331.5	331.5	331.5	331.5	331.2	331.5	331.5	330.9	329.7	330.9	330.6	331.5	331.5	331.5	331.5	331.5	331.5	331.5	331.5
331.5	331.5	331.5	331.5	331.5	331.5	331.5	331.5	331.5	331.5	331.5	331.5	331.5	331.5	331.5	331.5	331.5	331.5	331.5	331.5	331.5	331.5	331.5	331.5	331.5	331.5	331.5	331.5	331.5	331.5	331.5	331.5	331.5	331.5	331.5	331.5	331.5	331.5	331.5	331.5	331.5	331.5	331.5	331.5	331.5	331.5	331.5	331.5	331.5	331.5	331.5	331.5	331.5	331.5	331.5	331.5	331.5	331.5	331.5	331.5	331.5	331.5	331.5	331.5	329.1	323.7	320.3	316.3	312	307.1	302	295.6	291.8	288.6	284.8	278.1	273.4	269	266.1	265.6	266.8	270.3	268.4	256.2	249.4	250.7	246.7	242.1	238.1	239.9	251.7	254.8	254.5	255.5	247.5	242.8	241.9	239.9	241.4	240.8	244.1	250.9	253.9	257.1	263.1	269.6	266	260.1	264.5	265.2	261.9	261.3	265	264.7	262	261.9	262.9	262.8	264.5	266.4	268.2	269.7	268	271.8	278.4	283.1	283.5	283.9	284.3	283.9	284.3	284	284.1	283.7	283.4	283.8	283.7	283.6	285.1	286.7	287.5	288.1	289.3	293.4	302.8	315.9	328.3	331.5	331.5	331.5	331.5	331.5	331.5	331.5	331.5	331.5	331.5	331.5	331.5	331.5	331.5	331.5	331.5	331.5	331.5	331.5	331.5	331.5	331.5	331.5	331.5	331.5	331.5	331.5	331.5	331.5	331.5	331.5	331.5	331.5	331.5	331.5	331.5	331.5	331.5	331.5	331.5	331.5	331.5	331.5	331.5	331.5	331.5	331.5	331.5
331.5	331.5	331.5	331.5	331.5	331.5	331.5	331.5	331.5	331.5	331.5	331.5	331.5	331.5	331.5	331.5	331.5	331.5	331.5	331.5	331.5	331.5	331.5	331.5	331.5	331.5	331.5	331.5	331.5	331.5	331.5	331.5	331.5	331.5	331.5	331.5	331.5	331.5	331.5	331.5	331.5	331.5	331.5	331.5	331.5	331.5	331.5	331.5	331.5	331.5	331.5	331.5	331.5	331.5	331.5	331.5	331.5	331.5	331.5	329.7	331.5	331.5	331.5	331.1	325.5	321.5	316.9	312.5	303.2	299.4	297	292.1	286.7	284.5	279.9	268.8	262.6	253.4	247.8	257.6	258.5	264.7	266.2	259.8	257.9	258.8	255	257.3	262.6	265.7	266.8	269	268.3	269.7	266.6	260	245.7	234.4	239.2	239.6	228.6	219.3	221.7	226.4	227.7	231.1	232.4	238.8	249.9	252.4	249.5	255.5	258.9	262.7	263.1	259.6	254.3	257	263.3	269.1	270.9	265.9	267.6	272	279.2	282.9	283.3	283.7	283.7	283.7	283.9	283.3	281.6	283.1	285.8	282.9	280.3	283.4	286.1	286.7	287.1	286.6	285.8	289.3	295.9	307.3	321.7	331.5	331.5	331.5	331.5	331.5	331.5	331.5	331.5	331.5	331.5	331.5	331.5	331.5	331.5	331.5	331.5	331.5	331.5	331.5	331.5	331.5	331.5	331.5	331.5	331.5	331.5	331.5	331.5	331.5	331.5	331.5	331.5	331.5	331.5	331.5	331.5	331.5	331.5	331.5	331.5	331.5	331.5	331.5	331.5	331.5	331.5	331.5	331.5
331.5	331.5	331.5	331.5	331.5	331.5	331.5	331.5	331.5	331.5	331.5	331.5	331.5	331.5	331.5	331.5	331.5	331.5	331.5	331.5	331.5	331.5	331.5	331.5	331.5	331.5	331.5	331.5	331.5	331.5	331.5	331.5	331.5	331.5	331.5	331.5	331.5	331.5	331.5	331.5	331.5	331.5	331.5	331.5	331.5	331.5	331.5	331.5	331.5	331.5	331.5	331.5	331.5	331.5	331.5	331.5	331.5	331.5	330.5	326.9	328.9	329.7	325.3	319.5	317.3	312.1	305.7	300.1	288.9	280.9	280.3	279.5	278.1	276.7	275.1	265.3	255	245.4	250.3	256.4	262.9	267.2	265.7	265.4	263.1	260.7	262.4	266.9	267.1	266.7	264.5	257	254	256.1	255.4	249.4	234.8	227	226.4	226.5	226.2	221	218.5	219.7	223.3	225	223.7	223.4	231.7	240.4	242.4	246.8	249.7	241	239.4	250.6	259.8	261.1	258.1	254.2	264.8	265.5	263.5	265	268.5	274.7	278.3	277.3	276.9	276.8	278.3	277.5	282	281.2	277.5	277.8	278.5	283.3	286.3	284.2	284.4	285	286.5	287.3	287.9	289.3	294.7	307.7	321.1	329.7	331.5	331.5	331.5	331.5	331.5	331.5	331.5	331.5	331.5	331.5	331.5	331.5	331.5	331.5	331.5	331.1	331.5	331.5	330.6	330.6	331.5	331.5	331.5	331.5	331.5	331.5	331.5	331.5	331.5	331.5	331.5	331.5	331.5	331.5	331.5	331.5	331.5	331.5	331.5	331.5	331.1	330.4	329	328.2	331.1
331.5	331.5	331.5	331.5	331.5	331.5	331.5	331.5	331.5	331.5	331.5	331.5	331.5	331.5	331.5	331.5	331.5	331.5	331.5	331.5	331.5	331.5	331.5	331.5	331.5	331.5	331.5	331.5	331.5	331.5	331.5	331.5	331.5	331.5	331.5	331.5	331.5	331.5	331.5	331.5	331.5	331.5	331.5	331.5	331.5	331.5	331.5	331.5	331.5	331.5	331.5	331.5	331.5	331.5	331.5	331.5	331.5	331.5	329.1	325.5	325.9	325.1	320.7	316.9	313.3	307.3	302.3	296.6	283.3	275.1	275.5	274.5	273.1	267.2	257.8	251.7	258.6	268.1	267.5	266.1	268.2	266.5	264.5	265.4	263.1	258.5	256	255.6	241.3	231.2	227.4	226	224.2	223.7	219.9	218	215.9	216.6	214.7	213.3	217.4	217.8	215.8	214.4	217.4	219	217.9	214.3	212.8	212	211.5	210.3	210.4	208.4	208.8	214.5	217.5	222.6	224.3	222.7	232.5	246	254.2	263.7	264.8	269.8	273.6	274.3	273.6	276.1	280.2	278.6	281.6	281.5	277	274.7	275.8	281.4	283.7	281.7	285.1	286.1	286.7	287.1	287.5	287.9	290.1	298.7	310.9	323.3	331.5	331.5	331.5	331.5	331.5	331.5	331.5	331.5	331.5	331.5	331.5	331.5	331.5	331.5	331.5	330.9	331.5	331.5	331.5	331.5	331.5	331.5	331.5	331.5	331.5	331.5	331.5	331.5	331.5	331.5	331.5	331.5	331.5	331.5	331.5	331.5	331.5	331.5	331.5	331.5	331.5	331.2	329.8	329.2	331.5
331.5	331.5	331.5	331.5	331.5	331.5	331.5	331.5	331.5	331.5	331.5	331.5	331.5	331.5	331.5	331.5	331.5	331.5	331.5	331.5	331.5	331.5	331.5	331.5	331.5	331.5	331.5	331.5	331.5	331.5	331.5	331.5	331.5	331.5	331.5	331.5	331.5	331.5	331.5	331.5	331.5	331.5	331.5	331.5	331.5	331.5	331.5	331.5	331.5	331.5	331.5	331.5	331.5	331.5	331.5	331.5	330.1	325.3	321.7	319.1	315.9	312.5	310.7	307.3	300.9	295.3	292.1	290.1	286.9	282.1	273.4	269.5	265.2	254.9	251.5	255.6	268.9	267.4	265.1	264.7	266.3	267.8	268.1	268.7	261	256.7	248.1	236.7	233.8	224.5	223.4	229.1	225.5	217.4	214.7	219.2	215.3	209.6	211.1	208.5	208.7	211.7	209	205.7	206.9	209	208.4	207.9	207.7	206.1	206.9	206.1	206.7	204.9	200.5	201.2	202.1	203.6	205.9	209.2	213.7	220.5	231.9	238.6	246.1	257.6	262.4	265.2	267.8	273.6	274.8	274.7	278.7	276.3	271.9	272.9	274.4	273.2	274.4	277.4	283.6	287.3	287.5	286.7	286.7	287.5	287.3	287.5	290.7	298.9	313.5	330.3	331.5	331.5	331.5	331.5	331.5	331.5	331.5	331.5	331.5	331.5	331.5	331.5	331.5	331.5	331.5	331.5	331.5	331.5	331.5	331.5	331.5	331.5	331.5	331.5	331.5	331.5	331.5	331.5	331.5	331.5	331.5	331.5	331.5	331.5	331.5	331.5	331.5	331.5	331.5	331.5	331.5	331.5	331.5
331.5	331.5	331.5	331.5	331.5	331.5	331.5	331.5	331.5	331.5	331.5	331.5	331.5	331.5	331.5	331.5	331.5	331.5	331.5	331.5	331.5	331.5	331.5	331.5	331.5	331.5	331.5	331.5	331.5	331.5	331.5	331.5	331.5	331.5	331.5	331.5	331.5	331.5	331.5	331.5	331.5	331.5	331.5	331.5	331.5	331.5	331.5	331.5	331.5	331.5	331.5	331.5	331.5	331.5	331.5	331.1	327.7	323.9	320.1	318.3	314.5	311.5	309.1	302.3	297.5	294.5	291.9	287.9	284.6	282.6	267.3	256.3	255.4	263.2	264.6	266.8	268.2	266.2	263.3	260.4	261.4	255.2	250.1	243.8	239	235.1	223.1	217.8	217.6	213.2	216.1	218.7	216	209.2	207.5	208	203.3	201.1	203.4	204	203.3	203.1	200.9	200.5	200.5	202.4	203.4	203.7	203.9	204.2	204.9	203.8	204.3	203.2	198.8	200.3	200.7	200	201.6	201.6	198	196	195.8	199.8	202.5	209.1	217.7	226	240.6	252.8	268.6	274.6	278	275.6	270.5	271.8	272.6	268.3	269.1	275.2	280.1	284.2	285.9	286.1	287.5	287.3	286.5	287.3	288.4	292.1	300.9	313.1	322.5	331.5	331.5	331.5	331.5	331.5	331.5	331.5	331.5	331.5	331.5	331.5	331.5	331.5	331.5	331.5	331.5	331.5	331.5	331.5	331.5	331.5	331.5	331.5	331.5	331.5	331.5	331.5	331.5	331.5	331.5	331.5	331.5	331.5	331.5	331.5	331.5	331.5	331.5	331.5	331.5	330.8	331
331.5	331.5	331.5	331.5	329.7	331.5	331.5	331.5	331.5	331.5	331.5	331.5	331.5	331.5	331.5	331.5	331.5	331.5	331.5	331.5	331.5	331.5	331.5	331.5	331.5	331.5	331.5	331.5	331.5	331.5	331.5	331.5	331.5	331.5	331.5	331.5	331.5	331.5	331.5	331.5	331.5	331.5	331.5	331.5	331.5	331.5	331.5	331.5	331.5	331.5	331.5	331.5	331.5	327.5	323.3	320.9	319.5	316.5	313.5	308.7	303.1	297.5	289.7	286.2	286	284.4	279.5	274.1	272.7	271.2	259.8	258.1	261.7	263.3	263.2	266.2	262.6	262.6	263.6	261.5	254.2	244	236.4	233	228.7	225.4	221.4	212	210.4	212.6	213.6	212.1	211.4	206.2	203.6	203.3	200.8	199	201.1	203.6	208.2	204.9	201.6	202.2	202.1	202.9	205.5	205.9	204.4	204.2	205.7	203.5	202.8	203.2	202	203	203.1	201.1	202.6	204	201	198.2	195.4	196.4	199	200.3	205.2	211.6	218	228	247.1	261.6	268.4	267.8	267.1	268.3	267.9	263.9	263.3	269.9	271.4	270.4	277.3	282.1	285.5	287.5	287.3	286.7	286.7	287.3	288.7	293.5	307.5	327.5	331.5	331.5	331.5	331.5	331.5	331.5	331.5	331.5	331.5	331.5	331.5	331.5	331.5	331.5	331.5	331.5	331.5	331.5	331.5	331.5	331.5	331.5	331.5	331.5	331.5	331.5	331.5	331.2	331.5	331.5	331.5	331.5	331.5	331.5	331.5	331.5	331.5	331.5	329.7	327.3	326.4
331.5	331.5	331.5	331.5	331.5	331.5	331.5	331.5	331.5	331.5	331.5	331.5	331.5	331.5	331.5	331.5	331.5	331.5	331.5	331.5	331.5	331.5	331.5	331.5	331.5	331.5	331.5	331.5	331.5	331.5	331.5	331.5	331.5	331.5	331.5	331.5	331.5	331.5	331.5	331.5	331.5	331.5	331.5	331.5	331.5	331.5	331.5	331.5	331.5	331.5	331.5	331.5	331.5	325.9	321.1	318.7	317.9	315.9	310.7	304.9	299.7	293.4	283.4	281.9	282.5	279.2	275.5	269.9	264.4	247.8	244.8	256.3	251.7	244.1	236.3	232.7	225.6	226.5	229.8	225.2	224	225	226.4	226.3	221.4	218.2	214.7	208.5	206.6	206.9	203.6	199.1	198	195.4	195.7	196.2	194.9	193.4	197.6	202.3	205.3	203	201.1	202	205.4	208.1	209	209.8	210.7	210.1	208.6	207.7	205.7	205.1	202.7	203.4	202.8	205.2	205.7	203.3	202.9	205.9	203.6	201.5	199.2	197.8	199.5	205.2	211.4	211.3	215.6	228.1	248.6	264.8	265.7	266.1	265.6	261.9	261.9	265.8	267.5	266.5	271.3	277.7	282.6	286.5	287.5	286.5	287.3	287.5	287.7	290.3	297.9	318.1	331.5	331.5	331.5	331.5	331.5	331.5	331.5	331.5	331.5	331.5	331.5	331.5	331.5	331.5	331.5	331.5	331.5	331.5	331.5	331.5	331.5	331.5	331.5	331.5	331.5	331.5	331.5	331.2	331.5	331.5	331.5	331.5	331.5	331.5	331.5	331.5	331.5	331.5	331.5	329.8	328.2
331.5	331.5	331.5	331.5	331.5	331.5	331.5	331.5	331.5	331.5	331.5	331.5	331.5	331.5	331.5	331.5	331.5	331.5	331.5	331.5	331.5	331.5	331.5	331.5	331.5	331.5	331.5	331.5	331.5	331.5	331.5	331.5	331.5	331.5	331.5	331.5	331.5	331.5	331.5	331.5	331.5	331.5	331.5	331.5	331.5	331.5	331.5	331.5	331.5	331.5	331.5	331.5	326.9	319.7	314.9	313.1	312.5	309.3	302.3	295	286.9	279	273.2	270.6	268.8	267.6	266.1	264.5	256.9	237.7	231.1	242.9	238.3	232.1	228.1	227	220.4	217.3	218.3	217.7	218.8	219.2	222.3	226.2	226.1	225.3	222.1	215.6	210	203.7	198.7	196.1	194.9	192.5	193.3	192.8	192.4	192.5	194.2	200.1	201.3	198.7	198.7	200.1	202.7	204.9	206.6	207.6	207.9	209	211.1	211.9	208.7	205.5	203.2	203.8	205.3	206.9	203	199.5	199.1	201.9	201.6	202.4	204.8	201.6	199.1	200	206.3	209.6	212.1	216.2	227.4	256.4	260.7	260.6	261.3	261.8	261.1	262.3	265.3	264.4	262.9	267	271.7	279.4	286.1	287.3	287.1	287.7	287.9	287.9	288.7	292.7	306.2	325.9	331.5	331.5	331.5	331.5	331.5	331.5	331.5	331.5	331.5	331.5	331.5	331.5	331.5	331.5	331.5	331.5	331.5	331.5	331.5	331.5	331.5	331.5	331.5	331.5	331.5	331.5	331.5	331.5	331.5	331.5	331.5	331.5	331.5	331	331	331.1	331.5	331.5	331.5
331.5	331.5	331.5	331.5	331.5	331.5	331.5	331.5	331.5	331.5	331.5	331.5	331.5	331.5	331.5	331.5	331.5	331.5	331.5	331.5	331.5	331.5	331.5	331.5	331.5	331.5	331.5	331.5	331.5	331.5	331.5	331.5	331.5	331.5	331.5	331.5	331.5	331.5	331.5	331.5	331.5	331.5	331.5	331.5	331.5	331.5	331.5	331.5	331.5	331.5	331.5	328.7	322.3	316.7	313.7	311.5	309.1	304.5	296.5	289.1	281.8	274.7	270	267.2	265.9	265.4	263.7	240.5	226.9	219.6	224.8	231.3	229.6	226.1	225.8	215.7	212.7	212.7	209	209	210.3	210.4	209	211.8	215.3	220.4	223.9	227	226	223	219.9	216.2	208.8	202.1	200	196.3	194.4	194.4	194.2	196.5	197.5	197.6	197	196.7	198.2	199.5	199.8	199.9	199.9	202	208.4	213.9	214.1	214.2	214.1	213.4	214.2	210.8	208.7	207.8	207.4	206.1	205.6	205.3	203.9	199.3	200.4	204.2	207	209	209.8	211.5	215.6	236.3	261.5	260.2	260.7	261.5	261.1	261.1	263.8	264	262.9	265	269.4	277.2	284.9	287.1	287.3	287.5	287.9	288.1	288.7	289.5	296.7	314.9	331.5	331.5	331.5	331.5	331.5	331.5	331.5	331.5	331.5	331.5	331.5	331.5	331.5	331.5	331.5	331.5	331.5	331.5	331.5	331.5	331.5	331.5	331.5	331.5	331.5	331.5	331.5	331.5	331.5	331.5	331.5	331.5	331.5	330.6	331.5	331.5	331.5	331.5	331.5
331.5	331.5	331.5	331.5	331.5	331.5	331.5	331.5	331.5	331.5	331.5	331.5	331.5	331.5	331.5	331.5	331.5	331.5	331.5	331.5	331.5	331.5	331.5	331.5	331.5	331.5	331.5	331.5	331.5	331.5	331.5	331.5	331.5	331.5	331.5	331.5	331.5	331.5	331.5	331.5	331.5	331.5	331.5	331.5	331.5	331.5	331.5	331.5	329.7	325.5	320.3	316.3	315.1	312.5	308.7	303.7	298.3	289.5	279.3	272.7	268.5	265.8	264.7	264.1	262.8	263	256.3	229.7	216.7	213.6	219.9	227.8	224.4	218.7	220.6	213.5	208	205.2	201.3	202.2	203.2	202.8	202.1	203.2	207.5	211.4	213.9	220.2	224	226.6	225.7	226.7	221.7	211.4	205.7	203.8	200.9	197.2	195	195.8	195.4	194.7	194.3	193	194.1	194.7	195.5	194.6	194	196.6	201.3	206.7	211	213.2	214.2	216.3	217.9	215.4	212.7	211.3	211.5	210.2	206.6	206	205.8	201.7	199.5	199.7	203.7	205.5	209.7	211.8	213.8	220.8	251.8	259.1	259.5	259.5	260.7	261.1	261.2	261.6	262.3	262.6	265.8	274.4	282.3	285.7	286.5	286.7	286.7	287.7	288.7	288.1	288.7	290.5	302.3	323.9	331.5	331.5	331.5	331.5	331.5	331.5	331.5	331.5	331.5	331.5	331.5	331.5	331.5	331.5	331.5	331.5	331.3	330.8	331.2	330.9	331.5	331.5	331.5	331.5	331.5	331.5	331.5	331.5	331.5	331.5	331.5	331.5	331.5	331.5	331.5	331.5	331.5
331.5	331.5	331.5	331.5	331.5	331.5	331.5	331.5	331.5	331.5	331.5	331.5	331.5	331.5	331.5	331.5	331.5	331.5	331.5	331.5	331.5	331.5	331.5	331.5	331.5	331.5	331.5	331.5	331.5	331.5	331.5	331.5	331.5	331.5	331.5	331.5	331.5	331.5	331.5	331.5	331.5	331.5	331.5	331.5	331.5	331.5	331.5	330.3	327.7	323.1	317.3	313.9	313.5	310.3	305.3	300.3	295.1	288.5	279.4	271.4	269.3	266	264.6	263.8	262.6	241.4	217	209	211.7	213.8	212.3	211.2	206.5	202.7	202.6	202.4	200.2	197.5	194.3	193.2	191.8	190.8	191.9	194.6	199.7	201.9	202.9	206.5	208.1	212.5	216.4	221.8	225.9	228	227.2	222.7	218.1	211.8	205.4	206	206.7	209.6	209.3	205	201.3	203	205.7	204.4	202.5	202.4	203.6	202.7	204	205.3	207.5	210.2	212.4	216.5	216.4	213.9	213.4	212.6	208.1	208.3	207.3	207.8	204.9	198.8	200.7	201.9	202.7	203.1	208.4	214.1	229.2	248.3	256.3	259.5	260.6	261.4	261.1	261	261.6	262	263.4	267.8	274.9	282.2	286	286.5	286.5	287.3	288.5	288.1	288.5	289.5	294.7	314.5	330.4	331.5	331.5	331.5	331.5	331.5	331.5	331.5	331.5	331.5	331.5	331.5	331.5	331.5	331.5	331.5	331.3	330.2	330.9	331.5	331.5	331.5	331.5	331.5	331.5	331.5	331.5	331.5	331.5	331.5	331.5	331.5	331.5	331.5	331.5	331.5	331.5
331.5	331.5	331.5	331.5	331.5	331.5	331.5	331.5	331.5	331.5	331.5	331.5	331.5	331.5	331.5	331.5	331.5	331.5	331.5	331.5	331.5	331.5	331.5	331.5	331.5	331.5	331.5	331.5	331.5	331.5	331.5	331.5	331.5	331.5	331.5	331.5	331.5	331.5	331.5	331.5	331.5	331.5	331.5	331.5	331.5	331.1	327.7	323.5	319.3	316.1	313.1	310.7	307.5	302.1	295.9	287.2	283.6	280.7	272.6	267	265.2	263.8	263.1	261.7	260.5	231.6	212.6	208.7	208.1	210.2	210	208.3	205.7	201.5	199.6	199.2	199.8	199	195.4	192.9	192.6	192.2	192.6	192.9	195.4	197.8	201.1	204	204	204.4	207.7	212.9	219	225.4	230	226.4	219.7	216.1	211.3	208.2	204.9	208.4	211.2	211.3	210.2	210.9	211.7	211.5	209.6	208.4	209.7	207.8	206.1	207	208.3	207	208.3	213	215.5	215.2	213.3	212.5	210.8	208.9	205.5	206.6	205.8	202.2	202.1	201.9	202.7	204.8	205	208.1	214.7	229.6	245.6	252.7	259.7	260.8	260.8	261.2	261.6	261.6	261.3	261.6	263.4	266.9	271.9	280.6	284.3	282.6	285.2	288.7	289.1	289.1	289.5	291.1	304.3	325.1	331.5	331.5	331.5	331.5	331.5	331.5	331.5	331.5	331.5	331.5	331.5	331.5	331.5	331.5	331.5	331.5	331.5	331.5	331.5	331.5	331.5	331.5	331.5	331.5	331.5	331.5	331.5	331.5	331.5	331.5	331.5	331.5	331.5	331.5	331.5
331.5	331.5	331.5	331.5	331.5	331.5	331.5	331.5	331.5	331.5	331.5	331.5	331.5	331.5	331.5	331.5	331.5	331.5	331.5	331.5	331.5	331.5	331.5	331.5	331.5	331.5	331.5	331.5	331.5	331.5	331.5	331.5	331.5	331.5	331.5	331.5	331.5	331.5	331.5	331.5	331.5	331.5	331.5	331.5	331.5	328.7	324.7	319.7	316.7	314.3	310.5	307.9	304.3	298.6	291	282	270.7	253.3	238.4	237.7	238.8	243.2	253.4	248.3	223.1	211.7	207.1	202.8	206.9	211.2	209.8	203.4	200.3	198.5	197.2	196.4	196.6	195.6	196.8	197.8	198.5	200.3	203.1	207.1	205.9	203.8	201	197.2	192.1	190.5	192.8	196.3	202.3	206.1	213.4	219.6	223.5	225.1	220.1	211.4	203.2	200.6	203.1	205.4	207.3	207.3	208.1	209.1	207.4	207.7	210.3	210.5	208.5	207.1	205.1	201.4	201.3	203.8	204.1	206.5	209	207.9	207.8	205.1	200.9	201.1	199.9	199.4	200.5	199.9	201.3	208.2	213.1	210.7	210.8	212.4	217.6	222.4	231.6	246.4	260	261.2	261.4	261	260.7	262.1	263	266.9	272.1	279.4	286	285	285.9	288.5	289.3	288.5	289.1	289.3	295.3	314.7	331.5	331.5	331.5	331.5	331.5	331.5	331.5	331.5	331.5	331.5	331.5	331.5	331.5	331.5	331.5	331.5	331.5	331.5	331.5	331.5	331.5	331.5	331.5	331.5	330.8	330.5	331.5	331.5	331.5	331.5	331.5	331.5	331.5	331.5	331.5
331.5	331.5	331.5	331.5	331.5	331.5	331.5	331.5	331.5	331.5	331.5	331.5	331.5	331.5	331.5	331.5	331.5	331.5	331.5	331.5	331.5	331.5	331.5	331.5	331.5	331.5	331.5	331.5	331.5	331.5	331.5	331.5	331.5	331.5	331.5	331.5	331.5	331.5	331.5	331.5	331.5	331.5	331.5	327.9	323.7	320.5	316.5	313.7	312.3	308.3	304.3	300.3	295.4	289	280.8	273.2	263.6	237.5	217.2	229.4	231	227	239.5	235.3	216.8	212.2	207.5	202.2	206.8	211.4	206.8	200.4	197.8	197.3	196.7	195.6	195.1	196	197.7	198.9	198.9	198.5	200.6	204.1	207.7	209.4	206.6	201.2	196.9	192.7	190	189.3	193.3	196.7	199.4	206.8	217.1	224.8	228.4	223.3	215.8	210.5	206.4	204.2	207.1	207.8	206.7	205.2	202.7	201.7	203.7	206.2	205.8	204.7	203.5	200	198.7	199.4	199.8	199.5	201.2	201.5	200.9	200.4	196.7	198.4	200	202.7	201.8	199.4	199.8	204.4	209.3	212.1	216.1	215	217.9	222.4	224.5	233	246.4	257	260.2	261.9	261.5	262.4	264	265.6	269.4	271.8	281.3	286.1	285.7	286.1	287.9	288.7	288.7	288.1	288.7	291.5	303.5	323.9	331.5	331.5	331.5	331.5	331.5	331.5	331.5	331.5	331.5	331.5	331.5	331.5	331.5	331.5	331.5	331.5	331.5	331.5	331.5	331.5	331.5	331.5	331.5	331.1	331.5	331.5	331.5	331.5	331.5	331.5	331.5	331.5	331.5
331.5	331.5	331.5	331.5	331.5	331.5	331.5	331.5	331.5	331.5	331.5	331.5	331.5	331.5	331.5	331.5	331.5	331.5	331.5	331.5	331.5	331.5	331.5	331.5	331.5	331.5	331.5	331.5	331.5	331.5	331.5	331.5	331.5	331.5	331.5	331.5	331.5	331.5	331.5	331.5	331.5	331.5	330.3	325.9	320.7	314.7	312.9	311.1	310.1	305.7	301.7	297.5	292	283.2	276.3	260.2	229.3	213.7	220.2	227	215.7	222.7	213.9	208.3	209.4	206.7	206.1	206.5	207.7	202.8	197.5	197.4	196.8	195.2	195	194.6	196.3	196.1	195.9	196.3	196.2	195.2	196	197.9	199.7	202.3	207.2	213.3	216.8	213	204.3	196	189.4	184.8	183.2	184.2	188.8	198.7	212.7	223.5	230.3	229.6	223.9	215.3	213.7	212.9	210.8	208.7	208.6	207.9	204.7	201.7	203	203	201.1	201.3	202.5	201.1	199.8	198.3	197	197.1	195.9	197.8	198.2	197	198.9	203.1	201.3	202.1	206	208.1	206.3	204.3	208.6	212.8	213.9	216.4	219.6	222.8	229.1	237.9	245.1	248.2	251.5	259	262.4	264.1	266.5	269.4	278	286.1	285.3	285.7	287.7	288.7	288.1	288.5	288.7	289.5	294.7	313.3	331.5	331.5	331.5	331.5	331.5	331.5	331.5	331.5	331.5	331.5	331.5	331.5	331.5	331.5	331.5	331.5	331.5	331.3	330.3	330.9	331.5	331.5	331.5	331.5	331.5	331.5	331.5	331.5	331.5	331.5	331.5	331.5	331.5
331.5	331.5	331.5	331.5	331.5	331.5	331.5	331.5	331.5	331.5	331.5	331.5	331.5	331.5	331.5	331.5	331.5	331.5	331.5	331.5	331.5	331.5	331.5	331.5	331.5	331.5	331.5	331.5	331.5	331.5	331.5	331.5	331.5	331.5	331.5	331.5	331.5	331.5	331.5	331.5	330.5	326.1	322.3	318.3	314.5	310.5	308.7	306.5	302.9	299.3	294.9	287.5	279	272.9	269	249.9	222.3	210.9	219.6	223.6	209.4	216.1	210.5	205.8	207.1	205.4	206.2	205	202.6	198.2	195.7	196.7	194.8	192.8	193.1	194.7	195.3	193.9	193.3	192.1	192	194.1	195.2	196	196.4	198	200	205.4	211.8	215.8	214.1	207.2	201.3	193.6	184.1	180.3	180.6	183.7	191.1	203.3	218.4	228.1	229.4	224.4	217.7	215.8	214.5	212.1	209.6	209.9	209.3	206.6	205.1	203.3	200.9	201	203.4	201.8	198.5	197.5	198	196.9	194.7	196.4	197.8	195.5	198.3	200.3	198.2	201.1	206	205.7	207.1	207.1	208	209.2	208.6	210.8	211.2	215.6	221.8	228.9	239.6	249.8	253.2	258.1	262.3	264.6	267.6	265	269.3	278.5	285.7	285.9	285.9	287.1	288.1	288.1	288.5	288.1	289.1	293.1	308.3	328.1	331.5	331.5	331.5	331.5	331.5	331.5	331.5	331.5	331.5	331.5	331.5	331.5	331.5	331.5	331.5	330.4	328.3	330.9	331.5	331.5	331.5	331.5	331.5	331.5	331.5	331.5	331.5	331.5	331.5	331.5	331.5
331.5	331.5	331.5	331.5	331.5	331.5	331.5	331.5	331.5	331.5	331.5	331.5	331.5	331.5	331.5	331.5	331.5	331.5	331.5	331.5	331.5	331.5	331.5	331.5	331.5	331.5	331.5	331.5	331.5	331.5	331.5	331.5	331.5	331.5	331.5	331.5	331.5	331.5	331.5	331.5	328.1	323.5	319.7	316.5	313.5	310.3	307.7	304.7	301.1	295.6	290.3	286.1	269	242.7	228.4	212.9	203.2	204.3	219.9	213.3	210.5	204	204.5	206.9	202.3	202.3	201.9	198.8	195.6	194.2	193.2	191.6	189.9	191	192.9	191.6	190.3	189.6	188.3	185.3	184.4	183.7	184.1	185	187.6	189.8	191.2	194.2	190.8	201.1	207.6	215.6	221.4	217.2	209.3	198.2	187.7	181.4	179.7	182	185.9	201.1	214.6	223.4	226.9	228.5	224.3	217.2	214	214.5	213.6	215	214.9	214.7	212.9	211	210.2	208.9	206.2	201.6	201.2	200.6	198.1	202.5	204.6	204	203.2	201.8	200.1	200.6	198.7	199.6	203.6	206.2	209.8	211	210.3	208.5	207.8	206.4	205.5	206	214.4	230.8	248.5	262.4	261.8	264.8	267.9	264.7	270.4	277.4	284.2	285.7	285.3	286.3	288.1	287.9	287.7	288.1	288.7	291.1	300.1	320.7	331.5	331.5	331.5	331.5	330.9	331.5	331.5	331.5	331.5	331.5	331.5	331.5	331.5	331.5	331.5	331.3	329.5	331.5	331.5	331.5	331.5	331.5	331.5	331.5	331.5	331.5	331.5	331.5	331.5	331.5	331.2
331.5	331.5	331.5	331.5	331.5	331.5	331.5	331.5	331.5	331.5	331.5	331.5	331.5	331.5	331.5	331.5	331.5	331.5	331.5	331.5	331.5	331.5	331.5	331.5	331.5	331.5	331.5	331.5	331.5	331.5	331.5	331.5	331.5	331.5	331.5	331.5	331.5	331.5	330.7	326.7	323.5	319.1	315.9	313.9	311.1	307.9	304.5	299.7	294.3	281.2	273.7	271.7	247.4	239.4	228.8	207.1	201.8	200	215.2	213.2	206.7	202.5	205	207.1	202	199.6	198.4	196.7	194.3	192.6	189.9	189	189.2	190.2	191.6	190.4	188.1	187.6	186.8	183.8	176.7	159.2	148.9	142.6	134.7	130.8	119.5	104.8	113.9	127.2	132.4	137.7	141	137.8	126.1	117.9	111.8	99.2	82.9	73.1	71.8	79.5	92.5	122.6	145.2	162.9	179.8	190	195.5	195	193.4	189.3	211.1	216.9	217.8	216.1	216.2	215.2	214	209.9	207.9	207.9	203.1	202.8	206.4	206.2	205.1	203.5	203.3	203.8	201.5	200.9	203.4	203.5	206	209.3	211.2	211.7	208.9	206.3	206.2	205.6	206.8	214.4	229.8	247.5	260.1	265.2	263.5	263	267	274.7	281.8	281.6	282.8	285.1	286.5	287.7	287.5	287.9	288.5	288.7	290.7	297.1	315.9	331.5	331.5	331.5	330.8	331.1	331.5	331.5	331.5	331.5	331.5	331.5	331.5	331.5	330.6	330.5	331.5	331.5	331.5	331.5	331.5	331.5	331.5	331.5	331.5	331.5	331.5	331.5	331.5	331.5	331.5
331.5	331.5	331.5	331.5	331.5	331.5	331.5	331.5	331.5	331.5	331.5	331.5	331.5	331.5	331.5	331.5	331.5	331.5	331.5	331.5	331.5	331.5	331.5	331.5	331.5	331.5	331.5	331.5	331.5	331.5	331.5	331.5	331.5	331.5	331.5	331.5	331.5	331.5	328.1	323.5	320.5	317.9	315.5	313.3	310.3	297.1	292.1	286.9	276.7	275.8	261.4	232.5	219.5	218.4	201.6	196.3	198.4	203.9	214.5	208.1	202.4	206.6	205.9	202.1	201.3	196.9	192.1	191.3	188.9	186.9	187.8	186.5	186.1	186	184.8	183.3	180	177.7	177.1	166	130.2	113.7	109.6	105.8	88.8	71.6	61.1	63.2	65.5	67.3	68.2	69.1	71	76	76.5	77.1	80.8	79.7	72.6	65.5	59.3	53.8	49.6	57.4	72.2	99.1	123.3	148.2	162.1	168.1	170.7	179.1	201.3	218.1	214.9	211.9	212.1	215.1	217.3	218.4	220.7	220.6	217.8	214.2	212.3	211.4	212.4	215.4	212.8	211.6	212.3	213.4	214.1	210.8	211	210.3	211.1	213.9	215.3	215.2	214.4	212.2	209.9	210.6	216.9	223	236.4	247.9	248.7	252	262.1	274.7	281.8	280.6	282.9	285.1	285.7	287.7	287.9	287.7	288.1	288.5	290.1	292.3	305.7	327.7	331.5	331.5	331.5	330.9	331	331.5	331.5	331.5	331.5	331.5	330.9	330.1	330.9	331.5	331.5	331.5	331.5	331.5	330.2	331.5	331.5	331.5	331.5	331.5	331.5	331.5	331.5	331.5	331.5
331.5	331.5	331.5	331.5	331.5	331.5	331.5	331.5	331.5	331.5	331.5	331.5	331.5	331.5	331.5	331.5	331.5	331.5	331.5	331.5	331.5	331.5	331.5	331.5	331.5	331.5	331.5	331.5	331.5	331.5	331.5	331.5	329.7	331.5	331.5	331.5	330.5	325.9	319.3	315.5	314.7	314.3	312.3	308.7	298.5	284.7	272.2	270.7	263.7	255.8	246.3	225.6	216.4	203.5	193.2	192.2	196.4	202.8	213.7	208.5	202.2	206.2	206.3	200.9	200.1	196.4	190	188.3	186.1	186.7	187.1	184.6	184.3	183.5	178.5	160.7	119	82.8	66.4	55	43	33	29.8	27.2	27.3	26.4	26	29.2	29.7	30.7	34.2	38.9	45.3	52.7	61.2	66.3	66.9	69.4	70.2	66.6	61.4	51	40.6	38.1	37.2	37.5	44.4	52.7	62.5	74.7	91.1	105.7	119	162.2	188	192.6	197.9	202.4	203.8	209	220.3	220.2	217.9	216.4	216.7	215.4	215.4	219.6	219.2	218.1	216.6	215.4	215.7	213.3	211.9	210.6	210	210.9	212.4	211.4	211	208.8	208	210.1	215	221.3	229.1	240.3	239.1	238.7	250.1	262	278.8	283.3	284.3	284.9	284.9	285.9	287.5	287.9	287.5	286.7	286.7	288.1	289.7	298.3	316.3	331.5	331.5	331.5	331.2	331.5	330.9	330.6	331.3	331.2	330.4	331.3	331.5	331.5	331.5	331.5	331.5	331.5	330.5	329.1	328.3	328.3	328.3	331	331.5	331.5	331.5	331.5	331.5
331.5	331.5	331.5	331.5	331.5	331.5	331.5	331.5	331.5	331.5	331.5	331.5	331.5	331.5	331.5	331.5	331.5	331.5	331.5	331.5	331.5	331.5	331.5	331.5	331.5	331.5	331.5	331.5	331.5	331.5	331.5	331.5	331.5	331.5	331.5	331.5	329.1	323.9	317.9	313.5	312.9	312.9	286.9	261.5	259.3	263.6	244.5	230.3	220.9	213.5	208.9	207.5	203.5	199.1	195.8	194.5	195.4	203.1	207.9	200.9	202.6	204.4	201.5	198.9	193.4	188	186.5	183.9	182.4	184.1	183.8	181.4	180.4	162.9	138.1	131.3	111.2	74.6	50.5	43.9	38.9	31	28.4	27.4	25.3	23.6	22.3	23.2	22.2	22.1	24.6	27.9	28	31.5	40	47	54	60.2	66	70.6	73.7	71.6	67	59.4	50.2	43	39.6	39.6	41.4	42.8	48.6	60.7	74.1	96.1	122.6	147.3	178.1	188.8	191.9	200.2	214.9	217.6	219.2	218.6	217.2	217.6	221.1	220.6	217.4	214.8	210.9	207.2	206.1	206.9	207.4	206.2	204	203.5	202.1	201.3	199.4	196.3	197.9	200.6	202.8	206.1	210.3	218.9	219.6	216.5	217.7	226.4	240.8	255.3	283.1	285.1	284.9	285.1	287.1	288.5	287.5	286.7	286.5	287.9	288.7	291.5	304.2	326	331.5	331.5	331.5	331.5	331	329.7	331.5	331.5	331.5	331.5	331.5	331.5	331.5	331.5	331.5	331.5	331.5	330.2	327.3	327.3	328.9	331.5	331.5	331.5	331.5	331.5	331.5
331.5	331.5	331.5	331.5	331.5	331.5	331.5	331.5	331.5	331.5	331.5	331.5	331.5	331.5	331.5	331.5	331.5	331.5	331.5	331.5	331.5	331.5	331.5	331.5	331.5	331.5	331.5	331.5	331.5	331.5	331.5	331.5	331.5	331.5	331.5	331.5	325.9	319.1	313.5	310.5	309.7	301.1	266.7	246.7	255.5	244.9	230.4	220.2	207.4	201.6	202.7	205.2	204	200.9	198.3	195.8	195.7	201.8	206.1	201.2	202.6	203.9	200.2	197.6	190.8	186.5	185.5	183.7	182.5	174.9	133	109.6	93.3	66.5	49.3	43	38.2	33.8	30	29.7	29.8	27.6	23.8	21.7	23.3	23.5	21.2	19.7	20.3	20.7	21.8	24.3	25.5	22.6	24.8	32.8	40.7	49.9	57.1	65	69	68.5	71.9	71.8	63.1	54.9	48.4	41.6	39.5	39.2	42.2	47.1	55.8	64.1	71.9	79	95.4	124.4	137.2	153.1	184	207.3	215	213.5	214.8	218	220	215.6	212.5	209.4	204	200.1	198.1	197.9	199.8	194.1	199.4	201	201.1	198.3	196.3	194.4	194.2	195.2	197.8	200.3	202.1	206.7	209.9	209	211	213.6	224.5	239.7	265.1	284.5	285.9	285.3	285.1	287.5	288.1	287.3	286.5	287.3	288.5	288.1	290.5	301.7	323.5	331.5	331.5	331.5	331.5	331.5	331.5	331.5	331.5	331.5	331.5	331.5	331.5	331.5	331.5	331.5	331.5	331.5	331.5	331.5	331.5	331.5	331.5	331.5	331.5	331.5	331.5
331.5	331.5	331.5	331.5	331.5	331.5	331.5	331.5	331.5	331.5	331.5	331.5	331.5	331.5	331.5	331.5	331.5	331.5	331.5	331.5	331.5	331.5	331.5	331.5	331.5	331.5	331.5	331.5	331.5	331.5	331.5	331.5	331.5	331.5	331.5	329.1	323.9	317.5	313.1	310.7	301.9	254.1	247.9	291.9	273.5	221.9	231	220.6	196.6	196.6	200.3	202.7	204.7	204.8	205.9	206.2	207.1	208	202.7	199.2	200.9	201.1	197.7	192.1	186.7	184.2	183.3	174.5	156.1	126.9	96.1	75.2	59.2	45.4	41.5	38.2	33.8	32.4	31.5	29.6	28.4	28.7	25	24.5	24.4	24.5	24.6	23.3	21.3	20.4	21.4	23	26.2	26	22	23.3	24.2	25.4	30.1	35	39.4	43	49.3	57.1	66.6	68.2	65.2	61.9	58.8	57	54.2	51.1	51.8	54.5	60.8	69	77.4	94	108.6	125.7	150.4	188.4	205.6	203.1	208.3	212.4	211.6	211.3	210.4	203.7	197.4	192.1	187	184	183	182.3	183.8	186.4	188	188.9	187.2	186.7	187.5	186.9	186.7	187.9	188.9	189.7	190.2	189.8	190.4	192.2	199.9	215	228.1	241.6	269.5	284.8	284.4	287.3	287.9	287.1	286.3	286.7	287.9	287.9	289.1	296.5	316.5	331.5	331.5	331.5	331.5	331.5	331.5	331.5	331.5	331.5	331.5	331.5	331.5	331.5	331.5	331.5	331.5	331.5	331.5	331.5	331.5	331.5	331.5	331.5	331.5	331.5	330.9
331.5	331.5	331.5	331.5	331.5	331.5	331.5	331.5	331.5	331.5	331.5	331.5	331.5	331.5	331.5	331.5	331.5	331.5	331.5	331.5	331.5	331.5	331.5	331.5	331.5	331.5	331.5	331.5	331.5	331.5	331.5	331.5	329.3	327.5	325.1	321.5	317.7	314.7	311.7	303.7	257.1	253.7	275.4	255.9	220	212.2	224	209.2	198.2	198.1	202.5	202.8	205.6	207.2	207.4	210.3	211.8	207	198.9	197.6	200.8	200.3	194.4	188.2	176.1	156.9	136.3	98.7	68.1	49.1	43.4	39	35.6	32.9	34.1	31.7	30.6	30.6	28.4	28.2	30.7	28.7	28.3	27.5	25.5	27.8	26.1	23.4	23.1	24	25.7	24.6	25.8	27	24.2	21.8	21	22.4	21.6	24.5	28.8	34.5	40.7	49.5	56.4	61.4	64.4	63.2	64.8	61	54	50.2	49.6	52.2	56.9	62.8	66.4	64.1	74.2	90.8	105.4	134.3	167.1	183.1	210.1	211.4	209.6	209	206.6	201.1	195.5	189.7	186	183.5	182.9	182	182	183.7	184.5	184.2	184	185	184.4	183.9	183.5	183.5	183.4	185.8	185.6	184.4	184.8	188.1	192.7	196.4	205.1	223.5	258.3	270.5	275.7	283.9	287.1	287.9	287.9	286.3	286.7	287.9	288.1	289.5	296.5	316.1	331.5	331.5	331.5	331.5	331.5	331.5	331.5	331.5	331.5	331.5	331.5	331.5	330.9	331.2	331.3	331.5	331.5	331.5	331.5	331.5	331.5	331.5	331.5	331.5	331.5
331.5	331.5	331.5	331.5	331.5	331.5	331.5	331.5	331.5	331.5	331.5	331.5	331.5	331.5	331.5	331.5	331.5	331.5	331.5	331.5	331.5	331.5	331.5	331.5	331.5	331.5	331.5	331.5	331.5	331.5	331.5	331.5	327.9	325.3	323.1	318.9	314.9	311.9	297.7	250.7	241.1	255.3	232.3	212.1	205.6	201.3	197.4	195.6	195.2	195.3	198.3	202.1	204.9	207.3	209.9	212.8	214.3	202.2	195.5	195	197.8	195.6	188.5	166.9	144.5	127.9	104.4	68.3	48.5	43.1	38.8	34.6	31.4	30.7	30.2	29.2	29	31.4	29.4	27.3	29.3	29.2	28.4	29.1	26.7	25.4	26.6	26.4	26.1	26.3	26.1	25.2	26.2	25.7	25.6	23.7	24.2	25	25.3	25.4	26.5	29.7	30.1	32.6	36	39.7	45.4	51.3	57.8	58.2	54	52.8	52.5	52.7	55.2	61.7	63.8	66.2	68.2	77	95.8	109.8	140.5	169.2	203.6	204.4	203.8	202.4	202.9	201.2	198	196	197.1	194.7	188	181.8	179.2	178.8	179.5	178.8	179.2	179.1	178.8	178.7	178.8	179.9	180.3	182.5	184	186	186.7	186.6	186.3	187.8	194.5	203.9	215.5	240.1	264.1	277.1	286.3	287.7	287.7	286.5	286.3	287.5	287.9	289.1	292.5	306.9	327.3	331.5	331.5	331.5	331.5	331.5	331.5	331.5	331.5	331.5	331.5	331.5	331.5	331.5	331.3	330.5	331.5	331.5	331.5	331.5	331.5	331.5	331.5	331.5	331.5
331.5	331.5	331.5	331.5	331.5	331.5	331.5	331.5	331.5	331.5	331.5	331.5	331.5	331.5	331.5	331.5	331.5	331.5	331.5	331.5	331.5	331.5	331.5	331.5	331.5	331.5	331.5	331.5	331.5	331.5	331.5	331.5	324.9	320.7	317.5	312.5	308.9	306.3	276.7	240.3	234.7	232.7	221.7	210.8	203.3	200.6	201.7	199.6	198.6	199.1	195.7	198.5	201.2	201.6	206.6	209.2	210.4	200.9	183.7	188.3	194.9	163.7	105.8	63.8	49.8	43.7	39.5	40.4	38.9	35.8	34.4	30.6	28.1	27.8	27.2	27.7	27.6	31.2	32.8	29.2	25.4	27.6	26	26.2	27.6	27.2	26.6	26.9	26.3	24.6	24.9	25.8	26.7	25.6	23.7	24.2	24.5	26.3	25.6	26.8	24.9	26.2	27.2	28.3	30.8	33.8	39	46.7	51.2	53	52.8	51.4	53	52.2	51	53.8	57.2	57.4	58.6	61.8	70.1	87.8	103.9	131.2	161	187.4	200	200.8	199.6	197.9	195.2	193.9	196.3	196.7	193.8	189	184.5	181.8	181.5	181.3	180.8	178.8	178.6	179.3	179.7	181.1	181.6	181.5	183.7	185.3	185.1	185.7	183.6	183.2	189.4	200	210.2	222.1	245.8	266.7	271.3	278.9	283.9	285	284.9	286.3	287.1	287.7	288.7	292.1	303.3	323.3	331.5	331.5	331.5	331.5	331.5	331.5	331.5	331.5	331.5	331.5	331.5	331.5	331.5	331.5	331.5	331.5	331.5	331.5	331.5	331.5	331.5	331.5	331.5
331.5	331.5	331.5	331.5	331.5	331.5	331.5	331.5	331.5	331.5	331.5	331.5	331.5	331.5	331.5	331.5	331.5	331.5	331.5	331.5	331.5	331.5	331.5	331.5	331.5	331.5	331.5	331.5	331.5	331.5	331.5	331.5	322.5	317.7	314.7	297.1	285.3	255.7	238.1	238.5	236.5	231.1	223.2	216.8	211.4	207.9	209.4	209.6	210.4	210.5	207.2	203.9	199.5	195.7	196.7	200.7	200.7	197.9	182.7	180.9	170.7	124.5	74.7	50.1	42.7	38.7	38	37.6	38	35.9	30.1	27.8	27.9	27.6	27.6	27.2	26.7	27.1	30.8	28.8	25.2	27.8	26.8	25.2	27.5	30.9	28.8	27.7	25.6	26.5	28.4	28.2	26.6	27.1	24	24	22.1	23.9	25.5	22.8	19.5	21.4	23	24	24.6	25.5	28.2	30.3	35.6	45.5	51.9	53	51.2	46.6	46.4	49.2	48.2	44.8	46.5	47.8	57.3	79.9	107	123.6	142.2	168.8	190.6	194	192.2	189.9	187.7	186.6	187.4	189.3	192.5	194.7	192.8	190.1	186.8	185.9	184.9	184.1	183.4	183.1	183.2	182.1	179.9	179.3	179.9	179.5	178.9	179.3	176.8	179.4	186.8	194.3	200.1	208.2	220.5	244.2	266.9	270.5	278	282.9	284.9	286.5	287.1	287.5	288.1	290.3	297.5	313.9	331.5	331.5	331.5	331.5	331.5	331.5	331.5	331.5	331.5	331.5	331.5	331.5	331.5	331.5	331.5	331.5	331.5	331.5	331.5	331.5	331.5	331.5	331.5
331.5	331.5	331.5	331.5	331.5	331.5	331.5	331.5	331.5	331.5	331.5	331.5	331.5	331.5	331.5	331.5	331.5	331.5	331.5	331.5	331.5	331.5	331.5	331.5	331.5	331.5	331.5	331.5	331.5	331.5	330.7	325.5	318.3	313.7	300.7	284.3	267.5	251.1	241.9	239.7	234.1	226.9	218.2	216.8	219.2	213.7	211.6	213.3	212.9	212.7	213.5	209.6	203.2	200.3	196.1	194.3	185.1	163.5	137.7	104.8	78.4	55.7	42.9	39.3	36.2	36.6	35.5	32.7	32.2	31.3	29.2	25.6	25.8	25.6	24.3	27.5	25.5	25.3	29.8	32.2	27.7	29.3	29.5	27.6	24.8	25.1	28.4	26.8	25.3	27.2	30.3	30.1	28.2	26.9	20.9	22	22.7	21.9	24.3	21.9	20.4	21.1	23.3	24.6	25.6	27.7	29.9	29.1	29.9	37.7	46.7	52.3	51.8	51.4	49.8	48.4	49.6	51.8	51.3	51.4	56.6	60.4	74.6	86.5	102.8	136	181.9	194.1	183.8	189.4	188.3	188.3	186.7	185.3	185.5	188.8	189.9	189.6	187.6	184.7	183.1	182.3	181.2	180.8	181	180.6	178.5	177.7	178.5	179.4	178.8	177.6	177.7	179.5	182.8	187.6	190.7	199.9	207.9	227.3	252.4	265.3	268	276.8	282.8	286.1	286.3	286.1	287.5	288.7	291.5	297.5	316.1	331.5	331.5	331.5	331.5	331.5	331.5	331.5	331.5	331.5	331.5	331.5	331.5	331.5	331.5	331.5	331.5	331.5	331.5	331.5	331.5	331.5	331.5
331.5	331.5	331.5	331.5	331.5	331.5	331.5	331.5	331.5	331.5	331.5	331.5	331.5	331.5	331.5	331.5	331.5	331.5	331.5	331.5	331.5	331.5	331.5	331.5	331.5	331.5	331.5	331.5	331.5	330.3	327.5	323.1	312.9	282.9	264.3	264.5	256.7	250.9	247.1	242.7	240.7	236.3	229.7	228	226.5	221.9	219.7	222	222.2	221.4	220.5	217.2	214.6	212.9	204.8	185.2	161.1	127.6	102.3	75.9	57.9	46.7	39.2	35.5	35.1	35.7	32.7	31.1	31.6	29	28	26.7	27.3	26.3	25.3	28.7	25.7	26.7	32.4	34.9	31.7	29.7	32	30.2	25.2	22.9	28.7	31.5	30.1	32.5	34.2	32.5	29.8	26.3	22.4	25.3	26.4	29.3	26.5	24.1	26	26	26.4	27.9	32.6	37.3	38.5	39.7	40.8	40.1	42.7	46.8	51.4	54.6	53.6	49.2	50.4	51.9	54.3	54.4	56.2	58.1	71.1	86.7	103.2	134.7	188.6	203.5	184.6	197.1	196.6	194.9	192.5	188.7	188.2	186.8	183.9	182.6	181.6	179.6	180.5	180.1	178.7	177.6	176.7	176.9	176.3	176.8	175.8	177.3	179.3	178.8	179.1	179.4	181.5	185.2	190.5	195.4	199.8	203.6	214.4	246.9	267.2	274.7	281.6	285.7	286.3	286.1	287.1	289.1	290.9	295.1	309.1	330.5	331.5	331.5	331.5	331.5	331.5	331.5	331.5	331.5	331.5	331.5	331.5	331.5	331.5	331.5	331.5	331.5	331.5	331.5	331.5	331.5	331.5
331.5	331.5	331.5	331.5	331.5	331.5	331.5	331.5	331.5	331.5	331.5	331.5	331.5	331.5	331.5	331.5	331.5	331.5	331.5	331.5	331.5	331.5	331.5	331.5	331.5	331.5	329.5	327.9	321.9	321.9	321.1	317.5	301.3	271.9	261.7	262.9	257.1	247.7	239.3	228	222.8	222.2	227.9	229.5	224.9	221.5	218	219.4	222.2	220.8	219	218.9	212.7	206.9	178.5	122.2	85.2	64.3	51.3	51.5	45.9	41.3	39.5	35	31.2	31.1	30.4	29.6	28.1	28.1	28.8	29.4	29.9	26.9	25.3	29	29	26.7	30.8	34.4	32.9	27.5	31.1	31.5	27	22.5	25.9	32.6	33.7	34.9	36.6	33.8	31.2	29.8	26	28.6	31.8	35	34	29.7	29.1	28.3	29.7	32.5	35.9	39.7	42.7	44.9	45.7	44.3	44.9	48.6	50.4	51	52.3	50.3	49.8	49.4	48.5	49.8	49.9	50.4	55.7	62.6	76	104.5	150.3	186	194.2	206	200.6	179.4	165.9	163	161.6	162.6	160.5	153.3	136.2	126.4	148.6	170.1	175.8	177.2	176.7	176.5	176.9	176.7	176	176.2	176.7	177.4	178.3	179	180	183.7	188	192.2	195.5	198.7	207	229.8	266.7	271.6	277.9	282.9	286.5	286.7	286.3	287.5	289.3	290.7	294.7	310.9	331.5	331.5	331.5	331.5	331.5	331.5	331.5	331.5	331.5	331.5	331.5	331.5	331.5	331.5	331.5	331	331.3	331.5	331.5	331.5	331.5
331.5	331.5	331.5	331.5	331.5	331.5	331.5	331.5	331.5	331.5	331.5	331.5	331.5	331.5	331.5	331.5	331.5	331.5	331.5	331.5	331.5	331.5	326.7	318.3	315.5	313.1	311.9	306.7	297.7	294.3	288.7	275.3	263.3	261.9	260.9	255.7	252.7	247.5	239.2	227.7	220.6	217.8	220.8	221.1	219.6	217.8	215.8	213	212.7	214.4	215.3	214.5	214.6	201.3	146.3	96.8	73.1	54.5	51.4	49.3	42.7	41.3	36.8	33.8	34.5	32.7	33.1	31.9	30.7	30.2	30.1	30.1	28.1	25.3	26.3	31.5	29.1	27.7	31	33.8	35	28.9	31.5	33.9	29.9	26.5	29.7	33.7	37.3	39.6	40.4	39.1	38.3	32.9	28	27.9	30.9	36.2	32.9	30	30.7	31.8	36.7	42.2	44.3	46.3	46.3	47	45.4	45.8	46.9	46.3	46.9	50.4	53.6	55.1	57.2	58.5	54.3	51	48.3	46.8	48	52.5	62.6	84.7	130.8	177.8	189.8	203.3	192	169.5	157.2	156.9	138.6	135.2	134	115.9	115.6	120.6	138	151.8	159.4	172.4	173.5	174.1	173.5	172.2	172.7	173.7	175	177	177.6	178.7	181.2	183.1	184.6	188.7	192.7	193.8	203.4	217	244.9	271.2	275.8	279.5	284.1	286.3	286.3	287.1	288.1	289.3	292.5	304.7	326.9	331.5	331.5	331.5	331.5	331.5	331.5	331.5	331.5	331.5	331.5	331.5	331.5	331.5	331.1	330.3	331.5	331.5	331.5	330.5	331.5
331.5	331.5	331.5	331.5	331.5	331.5	331.5	331.5	331.5	331.5	331.5	331.5	331.5	331.5	331.5	331.5	331.5	331.5	331.5	331.5	331.5	327.5	320.7	331.5	326.7	315.5	307.5	303.1	298.9	291.5	280.3	268.5	261.7	257.9	256.1	254.9	250.1	244.3	237.2	231	225.2	223.5	219.5	218.2	216.5	214.6	214.4	216.2	214.4	211.3	211.1	185.5	151.1	108.9	81.6	64.9	58.5	54.1	50.5	49.5	45.5	40.5	37.6	33	33.5	37.1	36.7	36.5	35.8	33.4	33	30.3	30.9	29.5	26.8	28.8	31.2	26.9	27.3	30.9	34.9	36.2	32.9	33.7	36.7	34.9	31.7	32.1	35.6	41	42.7	42.4	41.8	40.4	33.4	27.5	27.4	30.8	34.9	32.7	31.2	33.5	35.2	37.9	40.1	42.1	40.6	39.7	41.7	43.1	43.1	43.4	43.7	44.7	49.7	53.9	58.1	61.6	61.2	54.9	47.7	45.9	46.7	49.6	54.4	63.6	100.4	139	129	127.2	117.5	108.4	102.4	92.3	87.2	81.7	67.2	59.3	62.2	64.5	68.1	87.8	123.7	152.8	164.6	160.3	151.4	156.4	171.6	173.8	174.8	174.4	176.9	178.8	179.2	180.7	181.4	185.2	189.7	193.9	196.9	200.4	209.3	235.6	268.9	270.3	276.4	282.1	285.7	285.4	282.8	284.6	288.1	292.1	303.1	317.5	328.7	331.5	331.5	331.5	331.5	331.5	331.5	331.5	331.5	331.5	331.5	331.5	331.5	331.5	331.5	331.5	331.5	331.5	331.5
331.5	331.5	331.5	331.5	331.5	331.5	331.5	331.5	331.5	331.5	331.5	331.5	331.5	331.5	331.5	331.5	331.5	331.5	331.5	331.5	321.9	309.1	321.9	321.1	311.9	309.1	315.1	314.3	297.3	274.5	265.9	264.5	261.5	258.9	252.9	249.3	245.9	242.5	237.6	232.2	226.8	225.8	226	227.2	227.4	223.9	220.6	221.9	221	214	194.1	147.2	102.8	70.3	58.1	56.4	57.5	50.6	51.6	47.8	42.8	38.1	37.3	37	39.1	38.1	38.1	37.8	32.4	33.2	33.9	32.6	32.4	28.7	28.2	34.2	31.6	28.4	33.7	37.4	39.4	34.5	34.2	36.1	38.2	35.9	33.5	31.9	35.2	44.1	44.9	42.1	41.5	38.3	30.7	26	28.8	36.2	34.7	33.7	32.4	33.9	36.1	37.1	39.7	40.3	38.9	36.9	37.6	39	37.1	37.4	39.1	40.7	41.5	44.6	47.5	52.8	59.4	57.5	52.2	47.7	44.5	44.1	47.1	54.2	85.4	110.8	107	99.4	88.7	78.9	69.9	62.6	56.8	49.1	43.5	41.5	41.8	44.5	52.9	71.4	93.7	122.8	141	156.3	148.4	152.5	163.3	174.9	175.2	176.2	178.2	179.9	180.4	180.4	182.2	184.4	186.6	190.8	194.7	198.6	203.7	214.1	236	256.9	273.9	282.1	285.9	284.9	282.9	285.4	288.5	292.1	302.3	320.9	331.5	331.5	331.5	331.5	331.5	331.5	331.5	331.5	331.5	331.5	331.5	331.5	331.5	331.5	331.1	330.6	331.5	331.5	331.5
331.5	331.5	331.5	331.5	331.5	331.5	331.5	331.5	331.5	331.5	331.5	331.5	331.5	331.5	331.5	331.5	331.5	331.5	331.5	331.5	321.9	321.1	320.3	309.9	308.7	309.9	315.1	305.3	287.7	267.9	261.3	259.5	257.9	255.7	250.1	245.5	240.9	239.3	238	233	224.1	221.3	221	225.1	228.9	228.1	226.5	223.3	206.2	137.9	91.3	75.1	65.7	56.5	51.6	50.7	56.6	51.5	51.8	51.2	46.6	41.8	36.7	36.6	39.2	40	36.9	36.5	34.3	34.4	33.9	32	33	29.7	25.8	31.8	34.3	30.5	34.8	40.3	42.6	40.2	36.8	38.2	42.3	43.2	40.7	36.8	34.4	41	47.8	45.2	44.2	41.1	35.1	31.6	31.1	37.5	36.6	33.4	35	33.7	33.6	35.4	39.5	41.8	41.4	40.7	38.6	39.9	40.4	40.3	39.7	41.6	38.2	38.4	40.6	44.2	50.8	55.1	51.2	48.7	46.3	43.5	44.3	43.3	49.2	52.3	48.9	44.5	47.6	45.1	39.1	37.9	37.1	35.3	33.8	32.5	33.2	32	31.2	32.4	35	39.4	44.8	60.5	96.2	138.2	158.2	159.4	174.8	176	177.2	179	181.1	183	185.5	184.1	183.1	185.9	188.5	192.3	198.2	206.1	217.2	237.4	254.2	275.6	282.5	284.6	285.9	286.3	287.3	288.5	292.1	300.3	320.3	331.5	331.5	331.5	331.5	331.5	331.5	331.5	331.5	331.5	328.8	329.2	329.1	328.8	329.9	330.4	331.2	331.5	331.5
331.5	331.5	331.5	331.5	331.5	331.5	331.5	331.5	331.5	331.5	331.5	331.5	331.5	331.5	331.5	331.5	331.5	331.5	318.3	310.3	323.5	328.7	321.9	316.3	309.9	300.3	284.3	266.5	256.3	254.1	254.9	250.9	249.7	245.7	246.5	245.1	242.1	239.4	235	230	225.1	220.3	216.4	218.3	225.2	231.1	226.9	218.1	162	99.9	73.9	68.8	61.7	55.9	51.5	49.8	56.3	56.5	56.3	51.6	49.9	42.2	36	36.4	39.4	40	39.3	37	36.7	37.7	35.9	33.8	33.3	31.1	27.9	33.1	37.9	37.5	38.1	42.6	45.4	46.2	41.9	40	42.9	45.4	44.9	38.1	37.7	46.2	51	49	48.7	45.9	39.2	36.4	35.1	39.4	37.3	35.2	37	34.7	34.4	34.9	35	36.5	39.4	40.4	39.8	40.7	42.9	41.8	42.7	43.7	42.5	39.1	38.4	37.5	40.9	45.5	46	48.9	47.7	44.3	41.6	41	45.4	46.5	45.2	40.6	39.6	39	35.9	35.4	37.4	36.4	36.9	35.7	34.8	33.4	32	31.1	32.2	33.3	36.2	43.1	63.3	102.9	130	144.4	167.8	178.9	179.8	182.6	186.8	187.9	185.7	183	181.7	183.9	184.3	186.7	190.6	195.2	200.2	205.7	213.9	237.4	266.5	285	286.3	286.3	286.7	287.7	290.5	296.5	314.7	331.5	331.5	331.5	331.5	331.5	330.4	331.2	331.5	331.5	329.9	329.7	330.4	330.5	331.5	331.5	331.1	331	331.5
331.5	331.5	331.5	331.5	331.5	331.5	331.5	331.5	331.5	331.5	331.5	331.5	331.5	331.5	331.5	331.5	331.5	331.5	314.7	309.9	319.1	326.7	323.9	314.7	300.3	288.3	276.1	260.5	252.7	250.7	250.3	246.7	241.5	240.5	242.3	240.5	236.7	233.7	232.7	229.9	226.5	220.5	216.3	214.2	221.5	223.9	182.1	120.6	82.8	71	65.6	60.6	56.1	54.2	51.9	50.9	54.4	58.4	57.8	52.2	47.8	43.5	39.5	38.9	39.5	40.5	39.9	38.6	38.4	39.2	36.2	33.1	31.8	32.4	31.1	35.7	41.8	40	39.7	42.6	48.2	51.5	47.1	43.5	43.1	43.1	44	41.4	38.6	46.2	56.1	52.8	51.7	50.2	41.9	35.6	36.1	38.4	37.6	35.2	35	37	39.3	36.2	34.5	37.1	36.8	37.7	40.1	41.8	40.5	38.2	39	41.5	42.4	40.9	40.8	40.3	42	43.9	48.2	51.7	53.5	48.9	43	40.7	42.4	42.2	43.1	41.1	38.5	37.7	36.7	35.5	34.8	35.1	35.2	34.1	32.8	32.8	31.8	30.1	29.9	31.3	31.9	33	38	43.1	48.3	61.8	90.7	125.7	164.3	177.4	184.6	186.8	186	184.7	183.9	182.5	183.7	186.9	189.6	192.1	199.1	201.3	207	221.2	244.1	279.9	285.3	286.3	286.5	287.1	288.1	291.9	301.1	321.5	331.2	331.5	331.5	329.8	329.5	331.5	331.5	331.5	331.5	331.5	331.5	331.5	331.5	331.5	331.5	331.5	331.5
331.5	331.5	331.5	331.5	331.5	331.5	331.5	331.5	331.5	331.5	331.5	331.5	331.5	331.5	331.5	331.5	331.5	323.1	307.9	300.3	303.9	301.9	290.7	285.9	281.9	273.7	267.5	260.1	252.9	251.3	250.7	246.1	241.1	239.3	240.3	238.8	234	232.1	228.3	227.8	223.4	217.9	215.1	217.1	221.4	194.9	134.3	90.2	77.2	69	63	56.1	52.4	50.1	51.5	52.4	55.5	63.4	57.2	47.8	46.1	42.8	39.4	41.4	42.9	41.7	43.6	41.4	42.2	41.7	36.1	34.7	35	33.8	36.3	37.8	40.3	45.5	46	42.8	49.5	54.7	50.7	46.7	45.9	41.7	44.9	46.3	42	50.9	60.5	54.1	50.9	50.8	44.4	36.8	36.8	40.7	37.8	33.1	33	34.5	35.9	32.6	32.4	32.6	32	32.7	33.4	36.2	35.9	36	37.8	40.5	43.4	43.8	45.1	45.8	47.6	47.9	45.1	46.3	49.2	50.7	47.5	43.7	40.9	37.4	40.3	41.9	39.7	39.3	39.8	36.7	35.6	33.9	31.4	29.8	28.8	29.2	29.4	32.1	32.7	34.2	33.8	34.8	36.1	38.8	42.3	49.2	69.7	107.1	144.2	165.7	180	182	183.4	183.5	184.1	186.1	187.7	187.1	189	193.3	196.2	199.3	202.2	208.1	224	249.5	272.5	286.1	286.3	286.7	287.7	290.7	298.1	316.1	331.5	331.5	331.5	331.2	331.1	331.5	331.5	331.5	331.5	331.5	331.5	331.5	331.5	331.5	331.5	331.5	331.5
331.5	331.5	331.5	331.5	331.5	331.5	331.5	331.5	331.5	331.5	331.5	331.5	331.5	331.5	331.5	331.5	331.5	331.5	312.3	295.5	297.5	298.3	290.7	282.3	277.3	269.5	267.7	257.7	252.3	253.7	247.7	240.7	236.7	236.3	229.8	226.4	230.6	227	225.6	219.9	215.9	214.4	213.2	217.3	183.3	118	84.5	75.3	72.3	69	61.3	58.2	54.3	50.3	50.2	50.1	50.9	61.3	62.7	51.4	46.9	44.6	39.6	41.3	45.3	43.5	44.3	44.6	43	43.6	39.4	38.5	39.1	36.2	37.1	38.7	39.1	48.7	51.8	47.1	46.6	57.3	60	54.1	50.3	45.4	45.4	50	44	49.9	62.5	59.1	52.6	51.4	47.4	37.6	34.6	42.4	44.2	37.8	35.7	33.5	33	32.5	34.1	36.1	35	35	33.9	32	34.5	36	37.2	41.2	43.6	44.9	47.4	47.1	49.4	50.7	45.8	43.1	43.5	47.4	49.2	46.4	43.5	41.8	44.6	48.5	44.2	39.5	41.8	40.3	38.8	37.6	32.5	32.3	30.4	30.1	30	30.7	32.4	33.2	34.4	32.6	33.1	33.3	35.6	39.7	44.8	51	65.1	89.2	130.2	178.4	182.5	182.8	183	183.9	185.1	186.5	189.1	191.2	193.1	196	199.5	203.6	213.8	231.7	254	283.1	285.3	287.1	286.7	287.3	292.1	302.1	320.1	331.5	331.5	331.5	331.5	331.5	331.5	331.5	331.5	331.5	331.5	331.5	331.5	331.5	331.5	331.5	330.1
331.5	331.5	331.5	331.5	331.5	331.5	331.5	331.5	331.5	331.5	331.5	331.5	331.5	331.5	331.5	331.5	331.5	323.9	301.9	290.7	296.3	290.7	284.7	284.3	273.1	268.5	258.1	248.7	248.9	246.3	243.3	240.5	237.7	233.1	224.2	218.6	217.3	216.3	215.5	212.7	209.6	209.7	213.5	202.2	139	90	76.1	67.7	64.7	62.7	59.2	57.4	55	47.9	46.5	47	51.9	63.8	60	52.3	49.8	46.6	41.8	45.3	46.7	46.9	46.9	46.3	49.4	45	40.5	45.1	44.6	37.2	37.5	40.3	43.5	54.9	56	44.9	46.9	61.7	62.2	58.7	54.5	49.3	46.4	47.7	47.9	56.1	65.9	61.4	54.7	54	49	41.5	40.3	45.1	50	43.4	39.5	37.1	38.5	38.8	38.2	41.8	43.4	41.8	40.2	36.8	35.2	36.9	38.3	37	37.4	40	43.9	43.8	43.1	46.9	47.1	48.7	49.7	52.6	51.9	50.8	50.2	47.1	48	50.3	48.5	44.2	44.4	43.9	40.7	38.3	36.1	34.2	32.9	31.2	30.5	29.7	29.8	30.8	32.2	32.4	32.2	32.4	34.8	38.5	41.7	45.4	52.7	75.6	112.8	151	185.6	185.9	182.5	181.3	181	181.9	184.7	185.8	187.3	190.4	191.8	196.3	200.6	209.6	221.4	244.5	267.6	285.8	287.1	287.3	290.7	298.9	314.5	331.5	331.5	331.5	331.5	331.5	331.5	331.5	331.5	331.5	331.5	331.5	331.5	331.5	331.5	331.5	331.2
331.5	331.5	331.5	331.5	331.5	331.5	331.5	331.5	331.5	331.5	331.5	331.5	331.5	331.5	331.5	331.5	331.5	320.3	301.9	297.9	295.1	283.9	281.5	283.9	265.7	259.9	252.7	244.9	243.9	243.1	240.7	238.3	235.5	225.8	216.5	210.6	204.9	204.1	205.3	206.4	191.5	175.7	139.9	91.1	73	68.7	65.6	63.2	58.4	56.2	56.8	54.7	53.1	47	44	49	54.4	63.8	60.9	53.6	49.6	46.5	45.6	49.7	46.4	46.4	48.1	51.4	54.5	48.4	43.7	47.5	49.4	39.4	41.2	46.2	47.4	56.8	62.6	55.6	48	61.5	67	64.1	58.5	52.3	50.5	48.3	47.5	54.3	65.1	60.4	52.7	54.5	55.1	47.6	45.9	48.3	53.2	48.8	44.6	43.6	42.4	45.8	45.4	44.8	45.6	44.2	42.4	43.3	43	41.2	43.4	44.3	41.8	41.5	41.7	42.4	43.5	43.5	46.2	50.9	53.8	58	59.1	54.4	51.9	48.2	48	49.9	48.8	43.1	41.7	44.2	41.8	37.8	39	37.7	34.3	32.3	31.5	30.4	29.4	31.6	31.7	30.9	29.4	30.2	32.2	34.8	37	38.8	43.6	50.4	58.2	68	99.2	132.4	158	181.4	180.8	181.2	182.7	184.2	184.9	186.4	188.6	192.3	196	200.3	213.6	228.2	254.3	274.4	286.1	287.3	288.1	290.7	299.7	320.1	331.5	331.5	331.5	331.5	331.5	331.5	331.5	331.5	328	328.1	329.7	331.5	331.5	331.5	331.5
331.5	331.5	331.5	331.5	331.5	331.5	331.5	331.5	331.5	331.5	331.5	331.5	331.5	331.5	331.5	331.5	314.7	297.9	307.1	295.1	274.3	273.1	273.1	265.5	258.5	252.9	248.1	247.3	246.9	242.9	241.1	240.1	235.2	220.4	214.6	209.6	202.4	199.8	200.2	202.1	178.2	138.5	102.8	73.5	66.9	61.8	55.9	55	55.4	55.2	53	47.5	45.4	44.7	43.2	49.8	59.9	59.5	52.6	52.9	49.5	47.7	53.2	54.6	49.8	51.5	53.1	58.9	54.4	47.1	48.5	53	51.2	45.3	49	48.9	53.9	64.8	66.9	56.2	54.9	65.6	71.1	70.4	61.1	53.4	53.2	47.9	45.1	57.6	69	61.5	56.9	57.1	60.6	52.8	46.7	49.6	54.4	53.6	50.2	45.1	43.4	46.7	47.8	47.6	48.1	48	50.3	50.2	47.9	48	51.5	53.6	51.3	51.1	47.9	46.1	43.7	43.4	46.4	46.4	46.8	51	56.8	53.5	50.5	50.1	50.2	51.9	47.8	42.8	42.3	45.5	42.3	38.3	36.5	36	33.2	30.6	29.6	30.2	29.4	29.6	30.2	30.3	30.8	32.1	32.3	35.2	38.5	38.1	42.6	47.2	50.6	60.2	78	100.4	155.2	176.8	179	178.5	179.4	179.4	181.3	184.3	186.2	188.4	192.5	195.1	207.5	223.2	241.4	273.5	285.7	287.3	287.9	290.1	297.5	317.3	331.5	331.5	331.5	331.5	331.5	331.5	331.5	331.5	329.4	329.6	330.4	331.5	331.5	331.5	331.5
331.5	331.5	330.3	330.6	331.5	331.5	331.5	331.5	331.5	331.5	331.5	331.5	331.5	331.5	331.5	331.5	310.7	295.1	305.9	292.3	273.1	271.9	264.9	262.1	259.7	250.7	245.5	249.1	246.7	240.5	239.1	234.8	223.9	211.5	209.5	207.5	204.9	200.5	196.6	198	139.2	85	70.5	66.6	66.2	62	55.8	52.6	53.2	50.8	49	45.8	44.5	44.3	43.5	45	53.6	56.8	49	49.7	52.2	53.3	52.9	56.3	55.6	56	54.9	62	60.7	48.4	50.3	55	59.5	54.6	56.4	55.4	57.2	67	71.4	64.8	58.4	62.2	70.7	77.6	69.2	55.5	54.8	51.1	44.6	50.9	68.4	71.9	63.8	62.2	67.3	62	49	47.1	52.9	53.5	50.3	46.8	45.3	44.4	45.7	48.7	49.5	50.9	53.5	55.8	53.8	52	52.6	56.5	60	57.5	54.6	50.2	49	48.7	52.1	52.7	50.6	50.1	56.3	56.9	53.4	52.9	52.2	52	49.2	44.7	45.8	45.2	41.8	40.3	36.8	32.5	34	31	30	28.4	28.9	28.7	29.1	31.7	31.8	33.8	33.3	33.9	36.2	40.9	41.7	42.4	43.9	46.1	48.3	56.4	76.8	92.9	120.2	143.5	175.4	179.4	179.8	180.9	185.5	187.2	189.5	191	197.8	212.9	235.4	269.1	284.9	285.7	286.7	287.9	290.5	302.1	325.5	331.5	331.5	331.5	330.3	328.2	329	331.5	331.5	331.5	331.5	331.5	331.5	331.5	331.5
331.5	331.5	330.2	331.2	331.5	331.5	331.5	331.5	331.5	331.5	331.5	331.5	331.5	331.5	330.3	304.7	289.1	291.9	286.7	275.5	273.5	269.7	270.5	268.5	257.9	248.7	252.5	250.3	239.9	237.3	235.1	222.6	211.3	209.9	207.6	206.7	205.9	202.2	198.1	176.2	103.6	71.5	61	58.6	57.8	58.6	55.4	52.6	48.2	42.8	39.6	41.8	44.4	46.3	48.8	51.2	57.6	55.2	47.8	50.5	52.3	58.2	57.6	55.3	56.1	59.6	62.6	68	57.5	53	60.1	62.7	59.7	59.3	61.6	58.4	65.3	73.6	75.3	65.2	64.3	63.2	68.6	78.5	70.1	58.6	58.1	51.4	45.7	50.5	67.6	77.7	72.5	70.4	72.3	67.3	51.7	49.7	51.3	47.7	46.2	48.7	49.8	48.9	46.3	46.9	49.1	48.5	47	51.3	54	52.3	50	51.2	54.1	57.8	56.7	53.3	54.8	55.2	53.8	53.4	55.6	58	59.9	57.2	54	52.4	51.7	53.6	51.6	51	53.3	50.9	47.2	45.2	41.1	37.4	35	30.8	30.3	28.3	29.9	30.4	31.2	33.2	34.2	34.2	34.8	35.6	38.3	44.9	46.7	44.7	45	46.5	46.7	50.9	58.4	74.2	92.2	121	155.8	180.1	181.4	182.6	186	188.7	189.7	190.6	194.1	204.1	223.6	250.3	278.3	285.3	286.3	287.5	289.3	298.1	321.7	331.5	331.5	331.5	329.7	328	328.3	331.5	331.5	331.5	331.5	331.3	329.8	329.8	330.1
331.5	331.5	331.5	331.5	331.5	331.5	331.5	331.5	331.5	331.5	331.5	331.5	331.5	331.5	329.5	306.3	290.3	289.9	283.9	277.1	277.7	267.5	268.1	266.1	252.9	246.9	250.7	248.3	241.7	237.2	231.7	218.6	204.7	204.7	205.8	205.3	203.2	200.1	164.8	101.8	56.1	58.1	59	54.9	50.2	52	54.2	50.2	44.6	42.2	41.6	44.6	46.1	46.7	46.2	47.3	54.9	59.8	52.7	54.7	54.3	58.1	62.3	60.5	58.6	60.2	65.6	67.8	59.7	57.4	66.5	70	66.5	60.5	63.8	63.2	65.1	74.4	79.9	71	65.2	66	65.3	78.9	75.9	64.2	60.5	58.6	50.3	51.8	62.8	79.4	80.2	76.2	71.3	70.5	57.8	46.6	49.2	50	45.4	49.1	50.6	50.8	52.4	51	51	49.7	47.2	48.8	53.2	55	53	50.2	52	56.1	59.2	55.8	55	55.7	53.5	52	54.4	56.1	55.9	55.8	54.1	53	55.3	56.2	54.4	52.8	54	51.3	50.9	47.2	45.1	41.3	36.8	32	30.3	29.4	30.2	31.9	33.6	32.4	33.6	35.2	34.4	36.7	40.1	41.9	46.2	47.6	44.5	45	45.4	46.7	48.3	50.8	59.1	67.6	95.4	128	157	182.6	182.7	187.3	188.2	188.7	190.4	194.9	204.3	223.9	253	284.6	285.1	285.7	286.7	289.3	302.9	326.7	331.5	331.5	331.5	331.5	331.5	331.5	331.5	331.5	331.5	331.5	328.2	326.7	328.5
331.5	331.5	331.5	331.5	331.5	331.5	331.5	331.5	331.5	331.5	331.5	331.5	331.5	331.5	319.5	299.5	286.3	276.3	276.3	287.1	283.9	270.1	268.7	254.1	247.3	245.9	242.5	239.5	237.7	229.9	226	218.4	206.2	201.5	200.6	202.3	200.2	167.8	126.8	75.8	63.3	60.7	57.9	54.6	47.6	45.1	44.6	41.9	40.7	40.9	43	44.9	46.7	45.6	45.6	48.6	55.3	56.8	55.5	57.3	60	61.6	61.2	63.8	64	67.4	68.4	66.7	58.1	59.4	67.9	70.5	64.7	59.9	64.1	64.1	69	77.7	80.2	68.3	67.8	68.5	69.5	78.6	76.1	68.3	65.3	58.5	50.2	54.3	62.3	74.7	79	78.9	75.4	73.2	66.4	51.5	50.1	54.9	50.2	46.8	49.7	49.2	53.3	53.8	56.1	53.8	51.5	51.6	50.5	54.1	53.3	49.9	52	55.1	58.6	58.3	53.1	52.6	52	51.1	51.3	50.3	50.3	50.7	50.6	51.2	52.8	54.1	51.9	50.1	49	47	44.8	42.8	43.3	40.6	37.7	34.1	32.9	31.8	31.7	33.8	34.6	34.8	35.7	35.7	37.5	38.6	41.5	44.9	46.7	48.2	47	46.7	46.4	46.5	50.5	53	56.8	69	91.3	112	140.2	180.2	183.6	185.1	187.9	189.3	190.8	192	198.1	210.8	228.4	267.2	284.4	285.3	285.9	287.1	291.5	309.1	330.3	331.5	331.5	331.5	331.5	331.5	331.5	331.5	331.5	331.5	329.8	327.7	330.5
331.5	331.5	331.5	331.5	331.5	331.5	331.5	331.5	331.5	331.5	331.5	331.5	331.5	331.5	324.3	301.9	285.1	273.1	275.9	289.1	280.5	265.1	260.5	244.7	238.7	235.3	233.7	233.7	231.1	227.3	219.7	207.3	200.6	199.4	197.4	173.8	121	71.3	58.6	57.2	60.9	58.3	53.3	50.8	47.4	41.7	39.9	41.2	40.7	39.7	39.2	40.9	42.6	41.2	44	47.1	53.3	59.5	59.3	60.1	62.3	67.2	64.2	63.9	64.3	66.9	69	71.9	65.5	61.4	67.7	68.3	67.1	63	65.7	65.2	66.2	72.7	80.1	71.2	66.6	70.4	69.7	76	76.4	71.2	69.1	63	53.3	53.9	58.7	67.3	75.5	76.8	77.5	72.3	70.1	59.2	53	56.7	57.1	50.9	51.2	51.3	52.1	54	58.1	59.8	58.1	55.5	52.2	50.5	53.3	54.1	53.1	53.1	58.3	59.4	57.3	55.8	54.8	54.3	53.4	51.2	52.7	50.8	50.2	51.8	53.8	55.2	54	50.6	50.1	48.9	46.7	44.9	45	43.6	42.7	39.4	35	33.9	33.6	33.2	36	36.6	38.2	37.2	37	36	38.1	43.4	45.4	45.3	45.6	43	43.2	46.6	50.7	52.4	50.2	49.8	55.7	70.8	93.8	116.8	136.5	166	184.9	185.9	187.4	190	194.1	201.9	213.9	241.9	276.4	283	284.7	286.3	289.5	302.3	324.5	331.5	331.5	331	331.5	331.5	331.5	331.5	331.5	331.2	331.5	331.5	331.1
331.5	331.5	331.5	331.5	331.5	331.5	331.5	331.5	331.5	331.5	331.5	331.5	331.5	331.5	312.7	291.5	271.9	274.3	285.9	279.5	264.3	258.1	250.3	242.5	238.3	236.5	238.1	238.9	235.7	234.1	225.5	209.4	204.1	197.7	193.7	149.6	94.2	59.1	53.5	54.2	55.9	51.9	51.1	49.2	44.7	40.8	39	38.8	37.5	37	36	38.8	41.2	42	46	50.3	56.8	61.7	63.1	68.8	71.1	67.9	65.6	64.5	68.7	72.3	72.6	74.5	68.7	69.3	73.8	72.4	70.8	69.2	72.4	69.9	71.3	77.1	81.6	73.1	70	74.5	73	78.1	76.7	68.7	72.8	66	58.5	57	59	64.3	72.7	72.9	72.4	74.5	71.4	64.9	60	57.7	58.4	58.5	55.4	52.2	52.1	55.6	59.6	63.5	63.4	63	61	56.2	53.4	55.1	55.3	55.8	56.4	55.6	59.2	61.1	56.9	57.1	56.6	54.3	52.1	50.8	49.8	48.4	51	49.7	49.2	49.3	47.2	45.4	46.1	45.3	48.9	50.2	48.7	45.5	42.2	38.9	37.2	37.4	38.4	38.7	38.7	37.8	37.7	38.5	39.6	40.2	42.5	43.9	44.1	43.2	43	46.2	50	52.6	50.2	51.8	57	64	87.4	110.2	120.6	147.8	184.2	185.9	186.8	188.6	192.7	198.1	215.8	256.8	278.6	284.7	283.9	285.7	288.1	296.7	317.7	331.5	331.1	329.8	331	331.5	331.5	331.5	330.4	329.5	329.5	330.6	331.5
331.5	331.5	331.5	331.5	331.5	331.5	331.5	331.5	331.5	331.5	331.5	331.5	331.5	331.5	311.9	289.9	272.7	271.9	283.1	273.3	258.5	254.5	248.5	243.3	242.7	242.7	241.5	239.1	235.9	232.2	215.8	206.6	207.2	203.2	152	97.7	66.7	58.1	55.3	54.9	51.4	47.7	50	45.6	39.8	39	38.4	35.7	34.6	35.3	36.3	37.4	40.4	44.2	48.3	53.1	59.9	69.4	68.9	70.4	72.4	69.3	68.1	68.3	71.9	77.5	78.7	79.7	73.6	70.5	73.9	74.9	77.9	71.4	73.6	72.1	74.3	77.9	80	75.9	70	75.9	75.6	76	77.1	69.5	71.6	71.7	61	57.6	59	62	65.8	72.5	67.5	72.7	75.8	70.9	65.6	61.4	61.5	62.7	59.8	57.4	54.5	55.4	59.2	59.5	61.9	66.4	67.5	64.9	60.4	58.5	59.4	57	56.5	55.8	57.4	62.7	60.6	55.6	54	55.3	54.3	52	50.7	48.8	48.8	47.6	48.1	49.8	47.6	45.9	46.9	45.9	48	51.9	50.8	46.6	42.8	39.3	39.4	39.6	38.3	39.6	40.6	41	39.5	39.6	38.8	40.4	41.7	41.3	43.3	44.5	44	43.7	45.7	48	49.4	49	50.2	55.2	59.3	71.4	97.6	104.6	121.2	156.2	179.3	189.1	191.5	194.9	205.6	232.5	259.2	278	283.4	284.7	287.3	289.7	300.9	323.3	330.6	330.3	331.1	331.5	331.2	330.5	329.4	328.9	329.9	331.3	331.5
331.5	331.5	331.5	331.5	331.5	331.5	331.5	331.5	331.5	331.5	331.5	331.5	331.5	330.3	299.5	277.5	275.9	277.5	273.5	265.7	254.9	251.1	251.3	241.1	236.1	238.1	237.5	232.9	229.1	223.7	207.7	202.1	201.6	187.5	127.2	83.2	59	55.8	51.8	50.9	46.9	46.3	48	38.8	35	34.7	35.2	35.3	34.7	36.9	39.3	42.2	46.7	47.3	52.1	58.7	66	73.7	73.2	77.5	77.5	79	78.5	78.1	83.8	84.2	82.7	79	74	72.5	76.4	80.7	80.1	76.7	78.4	77.1	82.8	83.5	79.7	74.3	71.7	75.5	75.8	77	76.5	74.7	74.3	72.8	69	63.3	61.9	64.1	59.8	66.6	67.1	67.9	75.5	76.1	71.9	70.8	64.9	62.1	62.9	62.6	59.5	57.6	55.1	56.2	60	65.4	69.1	70.7	70.6	70.3	67.7	62.2	61.3	61.9	61.1	61.6	62.7	59.9	56.8	56.6	56.8	56.3	56.1	53.2	51.1	48.4	48.3	48.3	47.5	46.7	46.7	46.3	46.8	49.9	49	44.1	41.5	38.3	38.1	39.5	38.1	40.6	42.6	43.5	42.5	41.3	40.7	43.1	43.5	42.5	42.3	45.7	46.6	44	46.2	47.7	50.5	50	48.5	49.8	51.3	60.7	80.7	95.9	104.2	138.2	173	191	192.6	194.9	197.4	198.9	211.1	248.8	281.8	284.3	286.3	288.7	297.1	317.7	331.5	331.5	331.5	331.5	331.5	331.5	330.4	330.3	331.3	331.5	331.5
331.5	331.5	331.5	331.5	331.5	331.5	331.5	331.5	331.5	331.5	331.5	331.5	331.5	331.5	306.3	281.5	278.7	278.7	274.3	265.5	252.5	247.5	251.1	238.9	230.1	232.7	233.1	225.3	216.4	206.4	200.4	198.8	188.1	135.4	69.2	53.6	52.6	50.4	45.9	48.5	47.5	46.1	45	37.3	35.1	35.6	34.2	36.4	38	38.2	40.4	44.8	48.1	52.5	59.1	67.3	72.1	77.5	77.1	79.5	82.4	83	82.1	83.1	86.8	88.2	83.4	79.4	77.7	75.4	80.1	82.3	82.4	77.9	81.5	81.6	85	84.4	81.6	78.5	72.1	72.6	72.9	76.9	79.2	77.9	75.7	71.7	72.3	69.9	61.2	65	62.6	63	69.1	68.8	72	80.2	77	77.1	72.1	66.7	68.2	67.6	67	64.7	61.9	60.7	63.1	69.8	72.7	72.2	75.3	75.6	71	67.7	66.2	67.6	68.6	65.2	63.8	69.1	69	64.2	61.5	60	60.1	59.3	55.4	51.4	51.4	49.8	49.7	50.8	50	49.7	50	49.3	48.8	46.5	44.2	41.6	41.1	39.9	37.9	38.7	41.6	43.1	43.6	41.7	42.5	41.2	42.1	44.2	42.7	46.2	47.8	46.9	45.1	44.3	46.3	51.8	49.8	45.2	46.8	52.2	54.4	66.3	78.9	82	116.6	167.8	192	195.4	196.5	198.6	203.5	232.9	275.8	284.9	284.9	287.3	289.7	300.9	320.5	330.5	331.5	331.5	331.5	331.5	331.5	331.5	331.5	331.5	331.5
331.5	331.5	331.5	331.5	331.5	331.5	331.5	331.5	331.5	331.5	331.5	331.5	331.5	321.1	287.5	281.9	277.9	275.5	272.3	259.1	249.9	250.9	244.9	235.3	233.9	232.3	228.7	223.3	214.8	203.5	197.6	194.6	185.9	114.8	56.4	50	51.4	50.4	50	51	49.2	49.7	45.8	41.4	40.5	38.4	36.1	37.5	40.4	39.7	42.9	50.1	54.5	59.9	70.3	76.5	78.3	77.9	79.6	82.1	84	84.3	82.9	83.8	85.4	89.3	87.5	81.7	83.4	83.1	84.9	85.3	82.4	83.1	86.2	85.1	88.9	86.4	81.3	75.8	73.7	76.1	74.7	78	78.2	75.2	77.3	76.5	72.6	69	66	68.2	65.2	60.2	65.4	73.5	70.1	73.7	76.6	76.9	74.4	73.1	69.7	68.1	70.1	72.5	70.8	67.7	67.7	69.1	70.5	71.7	72.7	74.1	73	70.6	72.1	73.2	72.3	71.1	69.8	72.5	73.5	70.5	63.5	61.2	58.8	59.6	60.5	58	57.3	55.4	55.3	54.5	52.5	51.5	52.9	54.5	52.5	50.1	48	45.3	42.2	40.1	40.4	37.1	38.8	42	42.8	41.8	43.5	44.2	44.8	46.4	47.8	49	49.1	46.7	44.2	42.5	44.2	49.1	46.6	41.5	43	48.4	49.6	56.4	68.7	76.8	96.7	150.5	189.1	194.5	197.5	201.1	208.4	231.2	269.6	285.1	284.9	286.5	288.5	296.5	316.5	328.1	331.5	331.5	331.5	331.5	331.5	331.5	331.5	331.5	331.5
331.5	331.5	331.5	331.5	331.5	331.5	331.5	331.5	331.5	331.5	331.5	331.5	331.5	320.7	284.7	276.3	274.3	274.1	267.7	256.1	251.7	248.3	242.5	237.9	236.6	236.1	230.8	223.1	215.1	202.2	197.4	196.6	173.4	79	49.9	49.5	51.5	48.5	48.8	52.5	46.4	45.4	45.1	40.2	37.6	37.1	37	39.4	39.6	42.8	46.7	50.6	57.8	65	71.9	77.9	81.1	79.1	79.3	82.4	82.1	82.8	85.1	83.8	86	89.3	89.3	85.6	86.9	89.8	85.9	84.2	86.3	84.8	87.6	89.5	89.5	88.7	83.3	77.6	74.3	78.3	77.6	78.1	77.1	73.9	79.5	82.1	75.9	70.8	71.4	73.7	70.2	64	66	74.3	74.2	73.7	78.5	78	78.5	77.9	75.5	72.6	75.2	78.8	79.8	80.7	77.8	76.8	73.7	74.1	74	72.9	76.4	75.6	78	79.9	77.7	78.7	79.2	78.6	76	75.8	72.6	67.1	62.1	60.2	62.1	61.2	57.7	55	53.1	50.8	50.8	49.9	48.8	51.8	52.1	50.8	49.9	47.4	42.8	41.5	40	39.7	38.6	39.4	42.2	43.5	43.4	45.7	45	46	49.2	50.2	48.4	49	48.2	45.7	43.4	41.6	43.9	43.2	39.1	42.4	45.1	47	53.3	59.5	71.1	91.9	141.9	178	194.6	198.2	204.8	216.8	252	283.4	284.5	284.9	287.1	289.3	301.9	321.7	327.1	331.5	331.5	331.5	331.5	331.5	331.5	331.5	331.5
331.5	331.5	331.5	331.5	331.5	331.5	331.5	331.5	331.5	331.5	331.5	331.5	331.5	300.7	275.1	274.7	274.7	269.1	261.3	258.5	256.1	250.7	245.1	237	231.9	232.3	231.9	227	217.3	206.4	199.4	175.8	94.7	51	51.9	54.5	53.6	51	54.7	52.1	45.5	43.8	39.6	37.1	35.3	35	38	40	43.2	46.4	47	50	57.7	68.9	77.5	82.3	81.2	81.1	81.3	82.4	85.2	86.9	89.4	91.3	90.3	91.5	91.6	85.1	87.5	92.6	90.4	89.3	90	91.7	91.6	91.2	89.7	86.2	82.8	79.9	77.5	80.2	79.9	79.1	76.7	71.6	77	82	82.1	76.8	74.7	77.2	71.6	65.8	67.2	71.2	73.6	76.9	79.4	78.4	79.4	79.6	79.9	80.9	82.5	81.8	85	87.8	86.1	79.7	75.6	74.6	74.9	75.7	76	77.4	79	77	77.1	78.4	80.5	80.8	76.7	72.5	69.7	66.3	58.2	51.8	50.7	50	47.5	45.4	44.2	42.1	44.4	45.5	44.1	46.5	49	47.2	48.8	47.8	48.2	44.2	41.1	39.3	39.2	41.1	44.3	46.2	46.9	46.1	44	45.7	49.3	50.2	49.8	50.2	50.5	46	43	41.4	43.8	43.9	41.9	41	43.2	47.2	52	59.1	72.9	100.2	149	191.7	191.3	196	205	217.6	256.7	282.7	284.5	284.7	286.7	288.7	297.3	316.9	324.7	330.7	331.5	330.8	331.5	331.5	331.5	331.5	330.8
331.5	331.5	331.5	331.5	331.5	331.5	331.5	331.5	331.5	331.5	331.5	331.5	330.3	303.9	278.7	275.9	274.1	265.9	257.9	255.1	256.7	247.5	238.1	233.9	231.3	228.9	224	220.2	209.1	197.3	168.4	94.8	52.5	50.7	55.7	54.9	51	51.5	50.7	48.1	42	41.2	42.2	36.8	35.2	37.6	37.1	39.1	42	44.9	46	51.1	57.5	68.8	78.3	82.2	81.9	81.8	80.9	83.7	84.3	87.7	91.4	92.4	93.5	93.7	94.9	87.8	81.9	89.1	93.8	94.9	93.8	93.8	93.8	92.6	90.3	86.9	84.6	84.2	82	80.1	81.1	80.9	80	72.4	74.9	82.7	84.5	84.7	79.9	82.9	79	74	73.5	76.7	79.3	82	86	86.4	89.7	92.2	90.8	93.1	91.7	88.6	87.9	91	92	84.9	79.9	77.8	80	81.6	81.5	85.1	84.5	82.2	81.6	84.4	85	86.1	83.5	79.1	74	69.7	61.5	54.6	51.5	50.7	49.4	46.9	46.9	44.4	44.8	46.5	46.1	46.8	49.2	48.7	47.1	48.3	49.2	47.9	45.4	42.5	40.6	40.5	43.5	44.6	43.5	45.8	47	43.7	44.1	46.6	47.6	48.4	49.4	49.2	46.5	40.2	41	43.2	44.7	43.1	40.4	43	45.2	48.7	53.7	69.8	101.7	144.8	188.3	192.2	201.9	212.8	236.9	274.6	283	282.7	283.8	285.8	290	300.1	319.5	324.7	329.1	331.5	331.5	331.5	331.5	331.5	331.5
331.5	331.5	331.5	331.5	331.5	331.5	331.5	331.5	331.5	331.5	331.5	331.5	318.3	287.5	279.1	278.3	267.9	256.1	250.3	257.9	254.9	235.3	227.1	225.3	226.7	224.8	223.5	218	200.6	193.4	138.9	75.2	52.5	54.7	59.1	53.7	49.1	49.9	46.7	41.7	36.7	39	39.2	35.9	37.5	39.2	38.7	39	40.5	43	49.6	57	67.9	76.3	81.9	86.9	85.8	84.8	85.2	85.9	89.7	92.8	92.6	93.6	94	92.4	92.1	85.2	79	88.1	94.5	96.5	98.2	95.8	93.6	95.1	92.5	87.7	86	86	83.2	81.1	80.3	81.8	80.8	73.4	77.3	83.7	82.5	81.8	82.7	85.5	81.9	81.4	80.1	80.3	80.2	81.3	87.7	90.7	92.8	98.2	100.5	99.2	95.1	90.7	88.7	90.3	89.2	89.7	87.1	82.6	79.5	80.3	81.3	84	84	83.4	84.1	86.3	90.2	87.5	81.7	80.1	76.7	69.6	64.9	61.7	57.8	54.4	51.1	49.1	48.3	49.5	47.7	45.2	49	52.8	52.5	52.8	50.8	47.1	46.5	49.6	49.8	48.7	47.1	43	42.3	41.8	40.8	43.9	46.4	42.4	39.5	40.9	43.8	44.2	47.9	48.9	45.9	42.9	44	46.1	47.5	47.8	43.7	42.1	45.2	47.6	51.7	63.5	91.1	129.9	178.7	198.3	201.2	203	218.9	255.2	280.3	281.7	282.8	285.8	289.5	296.7	316.8	324.8	326.7	331.5	331.5	331.5	331.5	331.5	331.5
331.5	331.5	331.5	331.5	331.5	331.5	331.5	331.5	331.5	331.5	331.5	331.5	327.1	292.7	277.5	277.1	267.9	251.3	245.1	250.1	246.3	229.9	226.5	226.5	222.9	218.6	217.5	205.6	194	130.4	66.5	52.7	46.7	54.5	56	52.6	54	47.8	43.8	43.1	37.4	41.2	40	39.1	38.7	37.5	37.7	38.3	39.4	45.2	52	59.5	69.7	77.9	83.9	89	91.6	88.7	88.4	88.1	92.4	96.7	95.4	94.7	92.3	91	91.5	86.9	80.5	88.8	94.5	95.7	99.1	99.8	95.7	96.2	95.5	91.8	90.3	91.9	87.9	83.9	81.9	83.2	87.3	81.5	80	86.4	90.4	86.3	88.2	95	96	93.6	91.1	88.6	89.8	90.2	94.2	98.2	98.7	105.3	110.1	106.1	101.6	97.9	96.7	93.7	91.6	93	97.9	96	93.4	93.1	91.7	90.5	89.8	89.8	91.7	93.2	97.1	95.4	88.9	84.7	80.3	76.3	73.8	70.1	65.7	62.2	61.1	57	55.5	56.3	54.1	53.5	52.5	55.4	55.4	55.6	54.4	52.1	50.4	51.1	50.6	50.2	49.1	46.9	45.6	44.8	42	41.1	44.2	43.8	39.5	38.9	41.5	42.6	43.2	47.4	46.8	43.1	42.9	44.9	45.8	45.9	45.9	43.5	42.5	46	47.8	52.3	59.2	90.7	131.1	173.2	202.2	204.3	209.1	238.7	272.1	280.1	282.5	284.8	288	290.5	301.6	326.9	329.3	329.7	331.5	331.5	331.5	331.5	331.5
331.5	331.5	331.5	331.5	331.5	331.5	331.5	331.5	331.5	331.5	331.5	331.5	320.3	278.3	275.1	271.9	257.7	246.5	245.7	244.3	234.3	228.7	225.7	223.1	221.9	220.3	216.4	202.3	192.6	120.8	66.8	51.1	47.9	52.7	50.7	47.9	46.9	45.1	42.7	39.9	36.3	41.3	42	39.3	36.3	35.2	37.6	39.9	44.4	50.6	56.8	63.7	73.9	84.3	91.5	94.4	94	89.1	89.4	90.5	93.4	93.2	91.4	93.4	91.7	92.5	90.7	84	83.6	89	94.5	96.9	98.3	98.4	96.2	94.6	95.8	92.5	90.2	92.7	88.7	86.6	84.5	87.4	90.1	84.7	80.9	88.8	94.7	89.2	87	92.5	96.1	96	96	95.2	93.1	96.1	99.3	98.4	100.4	105.9	107.1	107.4	105	103.4	102.4	99.3	95.6	97.8	101.5	103	103.6	103.7	99.1	96.6	96.3	93.4	94.2	96.2	96.4	92.2	86.7	84	81.3	75.8	72.8	74	71.3	70.4	70	64.5	62.6	62.5	60.2	58.3	56.8	56.5	55.7	55.2	54.6	53.6	55.1	54	50	49	48.6	47.4	44.7	43.5	42.1	42	42.4	41.4	37.4	37.3	37.8	41.9	40.8	42.9	43.5	40.6	40.3	41.8	45.2	46.2	45.4	44.6	43.2	43	45.5	49.6	54.9	78.8	116.7	157.6	202.3	213.7	216.2	223.5	249.1	281.7	283.7	285.3	288.5	290.7	297.7	324.1	331.1	327.3	331.5	331.5	331.5	331.5	331.5
331.5	331.5	331.5	331.5	331.5	331.5	331.5	331.5	331.5	331.5	331.5	331.5	326.7	283.9	278.7	273.3	254.1	244.3	239.7	238.1	230.9	227.7	223.3	220.3	219.3	216.7	211.9	202	160.7	89.9	60.7	47.8	48.9	48.9	43.7	44.7	42.1	41.5	41.5	38.3	35.1	38.5	43.2	39.5	34.8	35.1	36.6	42.6	49.1	54.3	60.2	67.1	77.4	83.7	89.5	93.1	91.9	89.4	87.4	90.6	91.3	90	91.5	94.7	93.6	92	90	87.4	88.2	90	90.8	99.2	101.5	101.8	100.7	97.7	100.8	98.2	95.1	98	98	95.4	93.1	92.4	95	93.9	90	91.9	102.5	100.2	96.2	98.1	101.4	102.5	102.5	103.6	102	104.2	109.6	108.7	110.4	114.5	112.4	110.8	110.5	107.8	106.2	103.8	100.7	102.2	105.6	110.4	113.5	114.4	113.5	109.8	108.2	107.9	106.9	106	102.8	97.1	89.3	85.6	82	79	76.3	75.9	76	72.8	71.4	68.9	66	66.3	64.1	61.2	61	59.6	58.2	58.1	57.5	56.8	57.7	57.7	51.8	48.7	50.9	48.1	45.6	44	43.4	40.4	39.8	40.9	39.4	35.8	37	37.5	39.2	39.7	41.6	40.6	40.1	39.4	43.1	44.3	44.9	43.9	43.9	42.4	43	44.3	49.6	54.4	86.3	140.2	193	208.3	221.5	225.3	242.7	279.1	285.1	284.5	286.1	288.7	290.5	300.5	322.1	327.3	329.3	331.5	331.5	331.5	331.5
331.5	331.5	331.5	331.5	331.5	331.5	331.5	331.5	331.5	331.5	331.5	331.5	313.1	281.9	292.7	273.9	250.3	243.9	240.7	236.9	228.7	225.5	220.9	220.5	219.3	216.7	210.1	199.9	175.1	120.9	66.3	47	44.7	44.7	40.9	36.4	36.9	36.7	39.1	42.5	41.5	40.9	42.5	38.1	38.6	40.5	43.6	46	52.5	60.8	64.6	73.1	81.2	85.1	90.5	91.4	90.9	88.5	87.1	90.5	90.2	89.5	91.5	95.1	93.5	92	90.2	87.4	89.8	92.6	92.8	98.1	100.1	103.5	101.2	97.6	99.9	99.8	97.7	99.7	99.5	99.8	95.1	93.6	97.8	96.3	93	92.2	102.3	105.5	100.8	99.6	102.2	100.4	98.2	103.3	107.4	109.3	113.4	116.9	118	119.9	116.6	114.8	114.6	112.7	108	107.5	107.6	105.4	104.9	107.7	112.5	114.1	115.1	116.2	116.1	114.8	111	109.3	105.9	101.3	97.1	89.5	86.2	81.5	78.1	74.2	73.1	69.6	66.1	66.7	68.4	71	70.1	69.8	69.7	67	65.7	65	64	59.6	59.4	60	55.3	50.4	45.2	43.4	44.3	43.5	44.4	41.5	38.8	40	39.5	35.1	34.6	33.8	35.2	37.2	39.3	40.7	37.8	33.8	36.2	41.1	43.6	43.8	44.6	43.8	42.5	43.4	46.4	50.5	57.4	95	157.2	199.1	211.2	230.2	246	273.7	284.9	284.5	285.7	287.7	290.1	295.9	316.3	327.1	328	331.5	331.5	331.5	331.5
331.5	331.5	331.5	331.5	331.5	331.5	331.5	331.5	331.5	331.5	331.5	331.5	321.1	284.7	289.1	276.9	250.9	242.5	237.5	238.9	231.3	224.7	221.5	221.1	218.7	213.9	208.5	196.7	146.3	71	39	41.9	43.9	39.5	36.8	34.9	34.9	36	37.4	41.9	41.4	38.5	40.9	38	36.9	41	44.5	49.8	57.8	65.1	70.7	77.1	82.8	85.4	88.8	91	91.1	93.2	93.8	94.4	93.4	91.2	91.6	96.1	95.7	93.4	94.4	95.4	92.5	93.1	94.9	96.4	100.6	104	102.6	101.3	103.3	106.6	108.9	109.5	112.8	111.3	104.9	98.6	102.2	106.7	103.8	97.7	105	114.6	112.2	108.5	109.3	108.8	107.7	110.7	114.1	119.2	120.8	122.6	126.9	126.4	122.9	119.5	119.6	118.6	116	117.8	118.6	119.7	117.4	114.5	117.3	119.1	118.1	120	123	121.5	117.7	115	109.8	104	102.4	96.4	88.9	85.1	82.6	79.6	79.3	77.4	74	72.1	72.5	75	76.2	77.7	76.3	70.7	68.7	70	67.6	64.4	60.6	57.7	58.1	53.5	47.9	43.3	42.8	42.5	42.3	43.3	39.4	36.4	38.4	36.3	35.1	33.5	32.4	32.2	37.2	39.7	37.7	34.7	34.7	37.2	41	43.5	44.6	43.7	44.8	44.8	45.6	48.2	52	81.1	143.3	192.4	206.8	229.2	243.5	263.1	285.1	283.9	283.1	284.5	284.4	286.4	295.5	316.2	326	327.8	329.7	331	331
331.5	331.5	331.5	331.5	331.5	331.5	331.5	331.5	331.5	331.5	331.5	331.5	324.3	298.3	287.7	278.7	257.5	247.1	238.1	235.7	230.9	222.7	220.5	219.7	215.1	208.7	201.2	188.6	116.4	50.2	37.3	43.1	40.3	35.5	33.7	33.7	34.7	38	41.9	42.9	40	41.1	43.5	41	39.6	40.7	45.6	54	63.9	68.5	74.6	80.4	82.6	85	86.8	89.4	91.5	94.2	96.6	96.4	94.7	93.3	94.1	94.7	94.5	92.8	94	99.4	98.2	95.6	98.5	99.5	97.7	98.6	99.5	100.9	103.3	109.4	112.4	116.3	117.2	114.7	107.5	101.6	101.7	104.9	106.7	104.5	104.8	110.1	113.6	114.1	112.8	110.3	110.4	111.8	114.7	119.1	120.5	120.2	123.9	126.5	124.6	123.5	122.1	120.5	120.1	123.3	125.5	125.1	124	120.9	121.8	120.5	120.7	120.1	121.7	121.9	120.6	120.9	116.5	113.8	111.2	102.5	94.1	90.8	85.9	83.9	82.8	79.9	74.5	73	72.9	70.9	69.8	70.7	67.9	65.9	66.1	66	66.2	65.7	63.2	59.5	57	53.8	50.6	45.3	43.3	37.3	36.6	37.9	36.4	34.8	37.6	37	33.5	33.5	33.6	31.6	35	40.2	38.3	36.1	35.8	37.4	39.8	41.4	41.4	40.1	41.3	42.8	44.5	49.5	49.2	68.6	121.7	178.1	209.2	227.4	247.8	281.3	284.8	282.3	281.8	283.2	282	283.8	291.9	312.5	326	327.1	329.5	330.3	331.1
331.5	331.5	331.5	331.5	331.5	331.5	331.5	331.5	331.5	331.5	331.5	331.5	320.7	292.7	288.1	266.7	252.1	243.5	234.5	233.9	226.9	223.9	222.7	217.5	211.3	203.7	195.4	137.3	59.9	35.1	34.2	34.9	33.6	33.7	32.3	35.4	37.2	39.2	41.1	39.1	40.8	40.7	38.6	41.6	41	45.6	53	60.9	66.7	73.1	77.9	82.8	85.1	85.2	89.8	92.9	96.4	99	101.6	97.1	93.5	95.6	95.7	97.4	98.4	97	99.7	100.4	98.3	98.6	103.1	101.8	99.2	103.1	104.7	105	113.2	120.2	123.5	124.3	124.5	122.5	112.6	107	107.7	111.2	110.8	109.8	110.9	116.9	122.2	124.1	122.6	121.9	122.2	121.8	125.1	127.3	126.6	125.7	127.4	129.4	131.5	130.1	129.4	125.6	127	134.3	133.7	129.8	128.2	128.5	127.3	125.3	123.7	124.8	127.1	126	123.7	124.8	121.9	119.4	115.7	109.5	105.7	98.7	91.6	87.8	87	80.5	76.4	74.4	75.1	74.3	74.1	72.1	69	69.8	67.6	66.6	69.5	69.2	67.3	63	62	60.1	53.6	49.5	42.9	39.9	37	34.3	35.2	35.1	35	35.4	33.7	33.8	34.2	31.4	32.1	37.8	40	37.6	35.9	35.8	37.2	39	39.2	39.4	39.7	41.4	44.3	47.6	50	51.5	72.8	134.5	206.7	224.4	259.7	278.1	280.6	284.4	285.7	284.7	285.3	284.7	287.5	302	324.8	329.6	330.6	331.5	331.5
331.5	331.5	331.5	331.5	331.5	331.5	331.5	331.5	331.5	331.5	331.5	331.5	327.9	300.3	279.7	257.3	254.3	245.5	233.7	228.1	225.3	225.3	222.3	218.5	211.5	202.3	194.7	112.2	45.6	30.2	31.8	32.3	31.3	34.9	37.7	40.3	38.5	37.2	35.6	36.5	39.8	41.3	39.4	43.4	45.6	49.3	57.5	64.6	71.3	77.1	82.4	84.5	84.9	85.7	89.9	94.5	98.7	102.1	100.5	98.8	95.8	94.9	95.4	98	96.8	97	100	98.8	99.1	102.1	106.1	102.9	99.8	100.4	103.7	106.9	113.8	124.8	127.5	127.9	126.3	122.1	117	112.7	112.7	112.8	114.1	117.3	118.1	119.6	124.1	128	128.2	126.4	126.2	126.4	127.9	131.3	127.8	127.2	128.3	128.3	129.9	132.1	134.2	132.6	131.6	133.6	134.7	134.5	132.7	130.1	130	128.2	126.5	126	129.2	127.5	122.7	122.7	123.2	118.4	112.7	108.9	104.3	99.6	95.1	90.4	86.5	83.6	80.4	77.6	76.6	76.2	74.7	70.1	65.4	66.2	63.7	62.8	64.7	67.7	68.4	66.5	64.2	61.1	55.9	54.9	52.9	44.2	35.8	31.6	30.8	30.1	30.4	34.3	31.9	31.6	32	31	31.2	36.4	40.2	36.8	32.6	33.4	35.5	38.3	36.2	38.4	40.8	39.5	42.2	46.5	50.2	53.2	67.4	117.5	213.3	252.3	276.7	277.1	279.3	284.1	285.7	284.5	284.5	285.3	289	299.8	319.3	329.4	330.6	331.5	331.5
331.5	331.5	331.5	331.5	331.5	331.5	331.5	331.5	331.5	331.5	331.5	331.5	331.5	306.1	274.3	255.3	254.9	246.5	236.5	229.5	224.1	222.5	218.9	214.3	206.1	200.5	138.9	59.5	36	31.4	31.8	31.9	32.2	36.1	37.2	36	36.2	36.2	35.4	39.4	39.6	38	39.1	41.3	45.9	49.9	58.8	64.7	71.8	78.8	82.3	86.4	87.2	88.8	94.3	97.7	98.8	102.7	103.5	100.7	98.2	99.1	99.8	100.4	102.3	100.8	100.8	102.5	101.5	102.8	106.7	108	106.5	106.5	106.9	113.6	119.3	129.4	139	140.4	136.9	129.5	126.9	123.9	120.7	120.9	123.8	129.7	131.3	131.6	132.7	135.5	138.2	137.9	134.1	130.5	132.1	134.1	132.5	131.2	132.5	132.1	134	137.7	141.2	140.3	138.9	139.5	136.2	136.2	136.4	136.7	135.7	133.9	131.4	129.7	131.8	129.9	127.3	122.8	120.8	117.4	112.5	111.3	106.7	100.2	94.8	89.4	85.7	84.3	82.1	76.6	75.9	77.9	76.9	73	68.6	68.4	65.2	65	67	68.8	68.8	68.5	69.9	64.8	58.7	58.3	58.4	50	41.1	35	30.4	28.6	29.2	29.6	32.2	30	27.9	30.3	32.4	34.8	37.7	38.5	34.2	33.2	33.8	37.3	37.5	38.7	42.5	40.7	40	43.8	47.5	50.7	58.8	75.1	153.8	260.2	281.4	280.9	280.7	282.5	283.9	283.2	284	285.9	289.1	294.5	304.3	319.3	328.9	330.5	331.5
331.5	331.5	331.5	331.5	331.5	331.5	331.5	331.5	331.5	331.5	331.5	331.5	331.5	310.7	272.1	258.9	259.3	246.5	238.3	229.5	226.1	223.7	216.5	210.1	203.9	193.3	113.7	51.1	38.9	36.5	36.5	37.2	37.3	38.5	36.4	34.8	35.1	37.8	36.8	38.5	39.6	39.6	39.6	41.8	48.1	53.6	59.2	69	75.4	79.5	81.7	87.3	88.5	89.9	95.3	96.5	99.1	101.4	103.1	100.9	99.6	99.5	99.1	99.4	100.3	103.8	102.7	104.9	106.1	104.2	106.5	111.2	113.3	112.5	109.8	114.5	119.7	129.1	146.4	149.2	141.4	136.5	130.8	127.4	123.3	123.4	126.4	131	135.8	137	139.3	139.1	139.6	143.6	142.9	135.9	131.3	132.2	130.9	131.3	131.3	134	138.8	141.6	142.5	141.8	143.3	143.9	143.2	145.8	148.5	142.6	139.7	135.8	132.7	129.7	128.7	129.3	126.9	119.4	116.5	115.7	111.5	107.9	103.7	98	94.8	87.2	83.7	82.9	79.4	74.9	73.6	75.3	77.4	75	74.2	74	70.8	66.6	67	68.6	67.1	68.2	71.6	67.8	59.1	54.7	53.7	49.9	44	37.8	34.2	32.5	32	31.9	33.4	30.2	28.5	28.8	29.2	32.1	36.6	37.5	33	32.8	34.8	38.4	40.8	38.8	41.6	40.2	39	43	45.9	46.9	57.3	68.9	130.8	234	279.6	282.3	282.6	283.9	284.5	283.1	284.5	285.7	287.5	293.1	300.7	316.1	328.6	329.6	331.1
331.5	331.5	331.5	331.5	331.5	331.5	331.5	331.5	331.5	331.5	331.5	331.5	325.9	319.5	279.5	263.5	268.7	250.7	238.1	229.7	223.9	220.3	214.5	209.3	202.5	162.3	81	48	38.7	36.6	36.5	36.5	33.8	34.2	34.6	35.9	36.1	35.8	36.4	37.3	36.8	37.7	39.4	41.4	47	53.5	60.2	70.2	76.3	79.3	82.7	88.2	88.9	92	95.7	97.1	100.9	104	101.5	100.9	101.4	101.1	99.1	101.3	102.9	105	107.9	109.1	114.6	112.7	112.6	118.9	120.9	119.3	120.7	125.6	126.1	135.8	154.4	159.5	153.8	145.2	136.1	134.7	130.4	129.5	133.7	135.9	142.5	147.7	152	149.9	142.4	146.2	154.1	151.6	139.9	135.1	135.9	135.3	133.8	133.9	142.2	148.1	146	143.4	147.9	150.4	151.7	159.1	160.1	157.2	150.2	141.5	136.5	133	129.7	128.4	125.6	120.7	117.9	116.8	115.1	110.3	104.9	98.5	95.8	91.5	89.2	87.8	83.7	81.2	80.4	78	77.1	77.9	76.2	77.7	75	72.6	69.6	72.3	70.7	69.9	71.8	71.9	66.7	55	50.2	49.8	47	41.5	32.5	29.8	29.9	30.8	32	30.8	29.1	28.7	28.4	29.2	34.7	36.2	35.4	33	31.4	36	41.2	41.7	41	39.9	36.3	38.7	43.7	45.7	50.9	58.5	86.4	166.4	254.3	285.5	285.7	286.1	285.4	280.6	279.5	283.3	286.1	288	293.5	305.1	325.3	331.5	331.5
331.5	331.5	331.5	331.5	331.5	331.5	331.5	331.5	331.5	331.5	331.5	331.5	326.1	321.9	280.3	271.5	272.3	251.3	236.5	227.5	218.5	214.3	211.9	206.5	200.3	162.9	80.1	44.5	35.3	33.2	33.4	32.5	32.5	34.1	36.3	35.7	34.3	32.7	34.4	36.5	37.5	36.4	38.3	43.7	48.9	56.1	67.3	75.2	77.5	79.7	84.9	90.2	90.9	93.4	95.3	97.6	101.2	101.1	101.8	103.3	101.8	101.7	102.1	101.6	105.2	107.6	107.9	112.4	114.7	116	114.6	118.5	120.7	121.6	127.9	132.3	130.5	138.8	152.9	157.2	157	148.2	139	135.5	132.3	133	137.4	139.9	145.3	151.2	154	151.8	147	143.9	148.7	153.1	147.3	139.1	133.9	136	137.6	136.1	140.5	149.4	148.2	147.1	150.2	154.4	158.6	161.5	163.1	162.4	158.9	148.4	143.3	138.2	132.4	128.1	127.8	124.9	121.3	117.8	115.8	110.8	105.1	97.9	93.9	92.7	90.5	88.6	86.7	86.3	85.1	83.1	80.2	78.1	75.6	75.2	76.8	73.8	70.6	70.2	67.8	65.3	66.2	70.5	68.4	59.8	50.1	43.4	44.2	45	33	22.3	21.4	22.8	22.5	22.4	24.5	25.4	28.8	30.4	34	36	36.8	34.1	30.4	33.4	37.8	41	37.8	38.4	33	31.9	37.3	39.1	42.7	53	71.5	146.5	231.7	269.8	285.7	285.9	284.9	281.6	281.2	284	286.1	287.7	292.1	301.1	320.5	331.5	331.5
331.5	331.5	331.5	331.5	331.5	331.5	331.5	331.5	331.5	331.5	331.5	331.5	330.9	326.1	284.1	264.3	268.3	251.7	236.9	225.7	217.9	214.7	213.5	207.3	199.9	154.1	64.4	36.9	31.1	30	32.7	31.6	32.1	34.1	31.9	30	29.5	32	35.2	36.7	36.5	36.2	39.5	45.6	50.5	59.5	69	73.5	74.8	79.7	86.7	91	93.5	95.2	96.2	98.7	100.9	99.2	100.7	102.5	102.2	102.4	106.5	104.2	106.1	108.7	113.2	118.2	118.4	121.8	125.2	124.3	127.1	134.1	137.5	140.4	141	146.7	155.7	164.5	165.3	155	146.2	140.4	140.1	143.5	148.2	151.1	154.5	155.6	156.7	155.9	151.1	146.6	141.7	147.5	152.3	147.4	136.5	133.7	139.8	142.8	142.2	151.5	156.9	159	159.6	159.6	164	162.5	163.1	164	162.4	157	150.3	141.8	134.9	129.1	129.4	128.2	124.6	120.8	114.5	111.7	108.6	102.3	98.1	95.8	93	91.7	90.2	89.1	89.2	88.5	84.7	78.5	77.1	77.3	77.1	74.4	72.9	72.2	70.9	68.6	67	69.6	71.1	65.3	54.5	46.7	43.3	45.1	38.3	27.9	21.5	20	20.4	19.5	19.8	22.2	25.6	28.8	31.3	34.6	35.6	36.6	32.9	31.4	33.4	39	39.4	39.3	36.1	31.6	32.9	36.7	39.2	48.6	58.6	100.4	205.8	254.3	279.3	285.9	286.1	285.3	284.7	285.1	286.5	286.7	288.1	290.7	303.9	323.1	329.3
331.5	331.5	331.5	331.5	331.5	331.5	331.5	331.5	331.5	331.5	331.5	331.5	331.5	323.9	275.9	267.3	263.7	247.1	230.5	220.9	221.9	222.3	218.1	209.5	202.1	136.8	57	36.5	33.6	34.4	34.2	30.2	29.5	29	26.9	29.2	29.3	32.3	36.7	34.9	37	38.4	43.5	44.7	50.4	58.8	63.4	71.3	75	81.1	86.8	89.3	94.3	95.7	96.2	99.7	100.5	102.1	104.8	103.8	102.2	105.6	108.8	105.3	108.2	111.1	115.8	120	120.6	124.8	127.1	125.8	129.3	136.8	140.1	141.3	142.9	150.5	159.4	165.5	164.7	158.9	154.5	147.9	145.7	146.3	148.3	152.5	155.9	156.9	155.9	159.9	157.3	148.6	140	141.9	147.3	146.8	141.8	136.5	137.7	144.1	145.1	149.8	154.6	158.5	162.3	166.4	169.8	166.5	164.4	163.4	164.4	160.1	154.1	147.2	137.9	131.3	131.5	130.7	127.8	123.7	117.6	112.3	109.7	105.5	103.1	101.1	95.9	94.2	93.4	93.3	91.9	90.7	87.9	80.3	78	77.6	74.6	71.8	73.4	73.7	72.3	68.8	66.1	66.2	66.6	63.1	56.4	52.1	43.9	35.7	34.5	33.5	28.2	23	21.8	19	18.6	21.1	21.6	23	27.7	33.9	35.6	35.8	31.5	28.3	30.8	35.4	38.8	37.7	36.9	35.3	36.1	36.7	36.9	39.2	50.4	83.6	175.8	252.1	285.9	285.9	286.5	285.7	284.7	285.1	286.1	287.1	287.5	289.2	299.9	319.7	326.7
331.5	331.5	331.5	331.5	331.5	331.5	331.5	331.5	331.5	331.5	331.5	331.5	330.9	322.5	303.1	272.9	263.5	252.7	239.3	230.3	225.5	223.3	214.3	204.9	180.3	87.2	45	35	34.3	32.6	30.5	27	26.5	25.8	26.5	26.8	29.3	33.8	32.7	36	36.8	35.4	40.3	44	45.3	54.9	60.8	67.2	73.1	78.9	84.8	94.9	97.6	94.2	93.2	95.4	98.4	100.1	104.4	107.7	107.7	114.5	117.2	116	111.1	112.4	118.6	121.7	125.2	128.9	132	133.3	136.3	145.2	148.8	148.1	154.8	158.6	164.3	169.5	165.2	162.6	164.3	167	164.4	158.7	155.9	154.3	158.3	158.7	158.3	157.2	160	159.8	149	143.4	143.3	146.9	150.1	151.2	142.8	145.6	153.2	153.2	153.2	158	163.8	169.2	171.8	170.4	168.1	166.2	164.8	162	158.4	155.8	145.5	137.8	133.5	132.8	130.3	125.9	125.2	118.5	113.7	109.6	106.3	104.3	101	96.9	97.3	96	92.8	91.9	91.3	87.3	83.2	78.8	77.5	75.2	74.8	75.3	73.3	69.5	69.2	68.3	64.5	62	55.9	55.8	54.8	43.2	33.6	31.8	33.3	30.3	24.1	24.4	19.4	18.4	22	22.8	23.3	28.8	34.7	36.5	35.3	31.9	30.2	31.8	33.4	37	36.5	34	39.6	37.8	35.6	38.9	43.2	65.7	156.4	228	267.1	282.5	283.2	285.1	284.5	284.8	285.3	285.9	285.9	287.9	291.7	303.3	318.9
331.5	331.5	331.5	331.5	331.5	331.5	331.5	331.5	331.5	331.5	331.5	331.5	329.7	321.9	295.9	285.9	269.1	240.9	229.5	228.7	225.1	218.1	207.5	199.3	154.1	66.3	35.9	28.8	28.6	29.8	28.1	27.3	29	29.1	28.8	29.5	28.9	32.4	33.1	36.4	38.8	40	41.8	46.2	54.7	62.5	68.6	73.2	76.9	81.5	87	96	96.9	93.4	92.9	95.6	98.8	101.7	106.7	106.7	109.3	117.2	116.3	113.7	114.8	117.6	122.5	123	125.8	129.2	132.7	134.1	139	145.6	148.8	150.7	154.9	160	166.1	167.2	168.6	165.9	165.2	165.5	169.1	164.9	157.4	154	156.7	157.9	156.7	157.4	158.1	158	155.6	150.5	145.5	144.5	148.6	151.9	148.9	151.5	158	158.8	153.5	152.8	158.2	165.6	166.2	164.6	165.7	163.6	162.3	161.3	159.5	156.5	143.6	138.3	137	134.4	132.2	128.5	125.3	121.5	117.3	112.3	108.9	104.5	102.1	99.4	98.4	97.8	95.2	92.6	90.9	87.9	85.5	81.7	80.4	78.5	75	75.1	71.7	66.7	66.6	65.9	62.3	60.9	55.8	53.3	52.5	45.7	37.2	32.6	32.8	32	28.5	28.2	22	19.9	21.2	22.2	21.8	24.9	31.7	35.5	35.2	32.1	29.3	29.3	32.8	35	36.6	35.7	36.3	37.7	35.7	37.1	41.3	58.6	144.7	231.2	276.7	283	284.5	285.7	284.7	284	285.3	285.7	285.7	287.3	290.3	299.7	316.7
331.5	331.5	331.5	331.5	331.5	331.5	331.5	331.5	331.5	331.5	331.5	331.5	330.3	323.7	309.9	296.1	279.7	244.7	229.1	227.7	222.5	213.7	207.3	168.5	82.3	38.4	27.3	24.9	24.7	25.6	28.9	31.2	31.5	33.2	29.4	29.5	33.6	33.9	33.7	33.6	35.6	38.9	44.4	47.8	55.2	61.1	71	73.1	75.3	81.7	91.8	97.7	97.2	92.8	93	97.4	100.9	107.1	113.4	111	116.2	124.3	121.1	114.1	115.1	120.4	124.2	124.8	129.6	130.2	132	136	142.8	147.4	151.7	158.9	165.8	169.7	171.7	176.9	179	176.7	177	175.2	173.3	169.2	163.5	157.5	155.3	155.4	155.1	155.5	157.4	159.4	163.1	161	156.6	151.7	149.7	151.9	155.9	156.9	158.5	159	159.1	152.7	152.3	157.8	162.8	163	163.5	161.9	159.2	158.2	155.7	152.9	147.8	142.3	140.7	139.7	135.2	132.1	130.2	127.2	123.7	119.5	113.4	111	109.4	107	103.3	100.6	98	94.3	94	90	87.9	86.4	83	79.9	78	73.8	74.4	68.8	65.2	65.8	64.4	62.1	59.8	54.9	53.3	50.7	41.5	34.6	32.6	33	32.9	31	26	21.2	20.7	21.2	21.2	19.7	25.5	32.2	34.7	32.6	29.7	30.1	31.6	33.8	35.7	37.2	37	37.8	36.8	38.1	43	50.8	107.4	214.1	263.9	286.3	285.7	285.1	284.5	283	283.5	285.1	286.1	286.3	287.3	289.1	300
331.5	331.5	331.5	331.5	331.5	331.5	331.5	331.5	331.5	331.5	331.5	331.5	324.9	318.9	315.1	311.7	276.1	235.3	227.9	222.9	216.5	209.7	204.5	150.1	66.9	37.5	30.4	29	28.8	28.9	28.8	28.7	28.7	25.6	27.1	29.5	34	35.5	33.2	33.7	36.8	39.6	41.6	41.9	48.3	56	63.8	66.1	73.5	80.7	90.5	97.7	97.5	92.9	95.3	97.9	101.1	107.2	114.2	112.3	118.8	123.9	121	118.8	119.8	122.5	123.3	125.1	129.3	131.6	131.1	137.8	146.5	153	156.3	163.8	171	169.9	173.8	175.5	177.8	174	174.6	176.3	173.8	167.9	166.3	162.5	156.2	155.4	154.1	154.4	159.1	161.1	158.5	157.7	162.8	159.1	155.3	153.4	150.8	158	159.5	154.2	157.2	154.3	150	151.9	157.4	161.6	161.3	160.7	159.5	157.4	153	151.4	146.7	143.3	148.6	147.7	141.2	134.9	132.5	130	123.3	121.7	117.9	113.6	111.3	108.7	105.7	102.2	98.6	96.1	96.5	93.2	88.8	88.8	87	82	78.5	74.3	74.1	69.9	66.5	64.6	62	58.8	55.6	51.8	50.6	49	42.3	37.9	33.8	30.2	30.1	32.7	30.3	28.6	28.1	25.2	24	21.3	23.6	27.2	31.6	32.4	31.1	32	30.8	30.4	33.7	36.9	36.9	37.6	40.9	37.9	43.2	52.5	90.3	198.7	257.9	286.3	284.7	285.3	285.1	283.7	283.4	285	286.5	286.7	287.9	290.9	304.8
331.5	331.5	331.5	331.5	331.5	331.5	331.5	331.5	331.5	331.5	331.5	328.7	322.1	316.9	314.3	311.5	274.3	236.5	229.3	223.7	215.7	206.7	201.7	139.3	58.8	35.5	30.5	30.2	29.5	29	27	24.5	21.8	24.1	25.3	29.3	32.2	34.1	31.8	32.8	35.8	34.4	36	40.1	48.8	56	60.2	65.9	74.3	84.9	94.8	96.8	94.3	93.5	96.3	100.9	108.8	114.4	117.8	116	125	131.7	125.4	122	124.6	125.6	126.6	129.4	133.2	136	139.8	147.1	155.4	162.9	166.7	172.9	177.2	176.7	178.6	179	177.6	177.4	177.5	175.6	175.7	172.8	167.8	165.6	156.5	154.4	159.4	161.3	162.3	162.4	161.7	162.3	165.4	166.1	165.7	163	155.3	157.7	159.1	156.9	154.2	153	157	155.7	156.5	161.3	164.5	167.3	164.8	161.1	156.9	155	152.4	149.9	152.4	151.2	146.5	138.6	134.3	131.5	125.8	123.9	119.7	116.5	117.8	112.5	107.9	105.1	100.8	98	100.7	97.1	94.9	91.3	88.7	83	81.8	78.3	74.2	71	69.4	67.4	61.6	57.2	56.6	53.9	51.4	50.1	42	38.6	35.6	31.8	29.9	31.1	31.7	31	31.1	28.4	24.5	23.5	24.6	28.6	30.9	30.8	29.8	31.3	30.5	28.5	31.4	35.5	37.2	37.9	41	40.6	46	56.8	76.3	150.6	253.5	283.7	286.5	285.9	286.1	284.7	285.9	285.3	285.1	286.5	287.9	289.5	295.2
331.5	331.5	331.5	331.5	331.5	331.5	331.5	331.5	331.5	331.5	331.5	327.9	322.1	316.1	313.5	283.9	242.3	233.1	229.5	221.1	216.9	211.7	205.9	133.7	56.7	34.5	27.1	24	22.5	25.2	23.2	23.7	28.4	27.7	27.8	34.9	36.8	32.9	30.3	30	30.3	32.6	37.4	42.5	48.9	53.4	58.6	67.1	74.9	87.1	96.6	97.9	94.7	93.7	98.3	104.2	108.3	116.2	117.6	118.9	128.2	129	126.3	124.5	123.7	128.9	129.4	133.7	135.5	136.5	145.2	150.2	158	165.7	171.7	177	180.5	178.6	179.1	179	177.9	176.1	172.6	172.4	174.5	172.6	167.7	164.4	159.5	154.7	157.3	164.5	164.7	165.3	166.1	166	165.3	164.2	167.5	168.5	165.7	166	161.1	157.5	154.7	151.6	154.3	155.6	156.4	156.1	160.2	170	168.8	165.7	162.5	159.6	156.6	154.1	154.8	154.2	151.6	146.7	141.8	136.4	130.1	126.4	121.8	119	119.1	114.6	111.5	107	102.5	99.6	102.4	101.9	99.5	94.6	88.7	84.2	82.6	80.3	74.5	70.8	67	67.1	61	54.5	54.4	53.6	48.7	47	40.3	36	33.2	32.4	30.7	29.5	27.6	28.4	33.3	34.6	33.3	31.5	28.1	30	31.4	29.6	28.2	30	31.4	31.4	29.3	32.4	36.7	39.8	40.8	45.6	53.6	58.9	78.2	144.7	262.4	285.1	286.6	286.1	285.9	284.5	285.3	285.1	284.9	286.3	287.3	288.1	290.4
331.5	331.5	331.5	331.5	331.5	331.5	331.5	331.5	331.5	331.5	327.7	325.3	320.3	314.9	312.3	284.3	241.1	233.3	228.9	218.3	214.1	210.9	192.7	86.4	38.7	31.3	26.6	24.9	24.4	23.8	23.3	26.2	27.1	28.5	28.3	33.7	35.5	32.3	29.7	30.2	30	33.1	38.5	43.7	48.9	52.7	58.4	68.9	80.1	91.8	95.5	94.5	95.5	98.6	101.5	107.2	114.1	121.8	123.8	124.3	131.8	130.2	125.1	127.1	131.1	134	136.4	137.5	140.7	146.6	153.7	158.6	165.3	175.5	180.5	183.8	188.3	187.6	180.7	177.5	175.7	177.1	175.5	175.7	176.8	177.8	172.6	166.3	164.7	161.6	159.2	165.1	172.5	172.7	172.3	173.6	171.9	168.6	171.3	175.4	175.5	174.5	169.9	163.7	159.4	157.6	161	161.3	161.3	161.6	162.4	168.7	166.7	165.8	168.5	167.9	164.3	161.5	158.3	155.5	154.3	152.6	150.6	142.5	134.5	131.7	126.6	124	121.7	116.9	114.5	112.1	107.9	104.4	106	105.4	103.4	100.7	94.6	88.9	87.2	85.2	78.3	71.4	68.2	66.6	61.2	55.7	54.4	55.6	51.5	50.3	44.5	36.8	33.6	32.8	34.1	31.7	26.9	29.2	30.3	33.2	34.1	34.3	30.7	30.5	31.2	29.3	29	28.4	30.7	31.8	30.6	30.5	34.2	39.1	41.3	44.2	51.5	58.5	84.6	133.6	228.4	286.5	286.5	285.4	284.8	284.3	282.9	281.6	280.2	282.7	285.5	284.7	284.7
331.5	331.5	331.5	331.5	331.5	331.5	331.5	331.5	331.5	331.5	326.9	324.5	319.1	314.3	311.5	274.5	238.1	236.9	226.9	218.3	211.7	204.9	181.1	74.3	34.1	29.8	27.6	26.4	27.1	28.7	31.5	31.3	31.6	31.7	28.4	29.6	29.1	28.2	27.7	30.5	33.4	35.3	38.1	39	44.2	48.8	58	68.6	83.8	94.2	95	94.7	97.3	98.7	103.1	112.1	118.5	125.5	126.1	127.3	131.1	129.1	126.4	130.4	136.1	136.4	137.7	139.3	144.5	152.1	158.7	164.2	171.3	177.3	182.3	187.9	193	191.6	186.1	183	178	179.3	176.6	176.2	179.4	179	174.2	170.5	169	165.9	163.1	161.7	168.4	172.2	171.6	173.2	174.3	170.9	170.1	174.1	178.6	178.2	174.1	171.6	168.1	170.7	173.2	170.3	168.7	169.9	171.9	171.7	169	169.9	168.8	169.6	168.7	163.4	161.5	156.7	152.4	152.8	152.9	147.6	140.2	137.3	131.9	127.4	125.4	121.2	119	116.4	113.6	108.5	108.1	107.1	106.1	102.5	97.2	92.6	89.4	88.8	79.9	71.7	68.6	64.7	60	55.4	52.5	54	55.3	53.7	45.8	37.2	32	28.4	26.7	28.1	28.4	31.1	29.2	30	29.7	32.1	35.2	34.1	34	31.9	30.7	30.8	31.8	32	33.4	32.4	34.8	38.2	38.9	40.5	51.5	65.2	97.3	162.3	252.9	286.5	286.5	286.5	285.7	285.1	284	282.7	280.9	282.7	285.4	285.1	285.9
331.5	331.5	331.5	331.5	331.5	331.5	331.5	331.5	331.5	329.5	323.5	318.1	314.7	311.7	307.5	277.9	238.5	237.9	227.5	218.3	208.9	202.9	134.1	43.5	32.8	26.1	26.6	28.5	30.3	30.9	31.7	33.8	32.5	29.5	26.4	28.7	30.4	26.4	25.7	31.4	34.6	35.9	38.3	39.4	42.9	48.7	58.9	71.6	86.1	93.5	92.1	96.2	102.1	102.4	108.3	118.7	124.7	127.5	130.8	133.9	131.8	130.1	126.2	127.7	133.5	136.1	136.4	139.9	149.5	160.2	167.1	171.3	177.5	186.2	191.7	196	199.6	198.2	187.5	182.1	177.8	176.6	176.6	177.6	180.4	181.6	180.4	174.4	169.5	169	166.8	165.8	165.8	168.8	170.8	174.2	174.4	173.6	170.6	170.3	172.9	172.3	175.4	176	172.3	172.1	176.8	176.5	176.4	174.8	173.4	168.9	171.3	170.3	167.2	166.4	167.7	166.4	165.3	164.2	154.5	151.8	152.3	149.4	142.2	135.7	129.3	127.2	124.1	122	120.3	120.2	119	115.3	109.9	107.9	105.1	104.9	100.7	97.1	97.1	92.7	84.2	75.4	69.8	65.8	61.2	56.6	52.9	54.9	57.7	55.8	46.4	39.1	33.9	29.8	26.2	24.4	26.4	27.5	28.4	29.9	28.5	29.4	30.6	34.3	34.4	29.2	28.2	29.2	29.8	30.5	31.3	30.8	33.2	35.9	39.5	39.1	46.7	60.1	110.3	203.4	275.7	285.9	286.1	286.3	285.1	284.5	283.7	284	283.9	282.8	284.2	286.4	288.3
331.5	331.5	331.5	331.5	331.5	331.5	331.5	331.5	331.5	329.3	323.1	316.7	313.3	310.1	300.7	250.3	237.5	236.1	224.7	215.1	205.7	199.4	113.5	41.1	34.3	30.4	33.2	36.3	37.6	35	31.4	28.3	23.6	22	22.5	24.7	24.2	25.7	30.9	36.7	36.1	32	31.1	36.2	42.1	48	60	74.3	90.7	93.9	95.1	99.9	103.9	104.6	113.7	122.6	123.8	127.3	130.5	131.6	129.8	128.3	125.8	128.7	134.2	135.4	138.4	145.3	152.5	161.9	168.6	170.6	178.4	191.4	197.6	202.7	206.2	201.2	192.7	187.1	183.4	181.8	181.1	182.2	182.6	184.7	184	178.3	173.4	174.1	171	168.1	164	165.1	166.1	170.3	173.9	171.1	168	168.4	167.8	170.2	175.7	178.3	175.9	175.2	179	177.7	178.5	178	177.6	175.6	179.7	181.5	180.5	178.1	171.2	166.5	165.6	164.8	154.3	152.7	154.4	149.8	142.5	137.7	131.3	127.4	124.2	123.8	122.8	121.2	120.6	117.7	113.7	110.1	105.9	105.5	102.2	100.1	98.8	95.1	84.2	76.2	69.8	65.4	60.4	56.6	54.6	55.4	55.7	52.8	44.6	35	31.5	27.8	27.9	23.2	21.2	20.2	21.2	25.2	26.3	27.2	27.6	30.7	34.3	27.5	23.6	26.5	30.5	33.7	32.5	31.4	34.2	35.8	38.5	39.6	45	56.6	111.9	212.7	268.5	284.8	285.5	285.6	285.5	284.5	283.7	283.2	283.9	282.4	284.4	287.4	288.1
331.5	331.5	331.5	331.5	331.5	331.5	331.5	331.5	331.5	328.9	321.7	315.9	311.9	307.5	295.7	248.9	234.7	233.3	222.5	212.1	206.3	178.2	82	44.5	35.3	35.2	38.6	36.9	35.5	32.5	28.2	22.4	20.8	20.3	23	23.8	24.1	27.9	33.8	36.9	33.8	29.8	31.5	37	42.4	47.9	60.8	78	91.1	93.7	95.6	102.8	105.7	109.6	119.6	124.5	124.5	128.1	129.6	130.4	131.5	130.3	127.6	131.2	136.3	140.5	148.6	161.3	169.1	174.3	178.8	180.6	186.8	197.5	203.4	210.5	212.2	202.8	193.8	194.3	193.7	189.2	187	186	184.4	182.9	183.4	185.1	182.4	181.2	175	171.2	171.7	166.3	165.6	167.2	170.3	174.1	169.9	171.3	172.9	175.9	177.9	179.4	178.5	178.5	178.1	175.7	176.3	173	172.1	176.4	176.5	179.9	183.1	183.3	176	169.3	170.5	168.4	158.6	156.7	157.4	155	149.9	144.5	137.1	130.8	127.9	125.9	123.1	122	120.1	120.7	118.4	113.2	108.3	104.4	102.6	100	99.9	98.9	90.1	80.4	74.7	67.5	64.8	57.4	54.4	56	53.2	51.6	45.3	35.4	31.3	29	28.4	23.4	19.8	18	17.7	22.7	24.7	25.4	28.4	28.3	33.2	31	22.6	22.9	29.3	34.5	33.6	32.7	36.1	34.9	36.8	39.7	45	54.1	98.8	194.7	260.5	284	284.5	284.6	284.6	284.6	285.7	284.5	284	283.8	284.1	286.7	287.9
331.5	331.5	331.5	331.5	331.5	331.5	331.5	331.5	331.5	328.1	321.7	316.5	311.9	307.9	275.1	236.5	230.3	220.5	215.5	210.9	206.5	171.3	80.3	49.6	40.3	35.2	31.3	26.5	24.3	22.6	22.4	21.9	20.5	19.6	23.1	26.8	32.2	36.6	35.1	28.9	27.5	29.5	34.9	39.9	47.7	54.4	65.7	84.8	93.1	94.4	98.6	105.8	111.2	116.2	123.6	127.1	127.8	126.5	129.3	133.3	133.8	132.4	132.7	136.6	140.7	144.4	154.8	164.5	172	176.9	183.3	186	192.7	203.2	207.8	211.4	207.7	195.5	189.1	191.3	195.4	195.5	195.5	193.1	184.5	182.1	182.7	184.1	183.3	179.5	176.7	175.7	174.1	171.7	171.4	168.8	168	173.1	174.3	171.3	171.7	174.5	177.2	180.7	180.8	178.5	175.7	170.4	172.5	173.1	170.3	173.4	178.4	182.8	183.7	185.1	177.9	171.7	170.8	166.8	157.7	156	157.7	153.8	151.3	148.3	140.9	132.3	127.7	126.8	125.4	123.9	123.9	122.3	121.6	117.1	113.1	107.4	101.8	99.4	101.1	100.9	93.3	83.4	75.5	68.2	63.9	56.8	52.6	54.1	52.9	50	44.1	35.1	30.2	29.4	27.4	24.3	20.2	17.9	17.4	20.1	23.4	24.7	26.7	27.9	32.3	30.7	24.8	21.2	23	30.7	35	35.8	39.3	38.5	35.5	40.3	44.6	55.3	94.5	188.6	254.3	285.5	284.5	284.5	285.5	286	285.9	284.9	285.3	284.9	284	286.5	287.9
331.5	331.5	331.5	331.5	331.5	331.5	331.5	331.5	331.5	324.9	320.3	316.1	311.1	308.3	279.5	237.3	226.5	218.7	216.1	210.5	209.3	144.9	68.4	46.6	37.4	31.1	28.7	24.4	21.8	23.5	21.3	22.3	21.8	22.5	22.5	27	33.6	36.1	33.3	26.7	27.3	32.1	35.5	41.6	48.9	57	68.8	85.5	92.7	94.3	99.6	107.4	116.1	122.8	126.8	129.3	129.2	129.1	131.6	134.3	136.6	137	140.3	144.2	150.1	161	172.9	179.7	182	182.9	185.2	190.8	198.5	207.1	212.5	213.2	202.6	191.6	188.6	190.1	197.5	200.1	199.9	197.3	186.9	184.6	185.6	187.2	187.8	185.5	183	180.9	174.8	172.1	172.9	168.6	166.9	171.7	173.9	170.9	172.9	176.9	174.8	181.2	183.5	181.6	176.1	170	170.3	172.9	175.5	177.2	181.3	187	184.6	183.3	177.2	169.6	175.1	171.5	158.7	156.1	158	155.6	153.1	152.7	148.4	140.2	131.8	130.2	128.7	125.6	126.1	123.7	120.5	116.5	112.6	109.4	104.9	100.6	101.5	99.7	94.6	87.4	79.5	73	65.5	59.9	53.4	53.8	52.9	49.8	45.8	37.3	30.6	28.8	26	23.4	19.4	16.2	15	17	21	25	25.2	26.1	29.7	31.1	26.4	21.9	21.8	27.6	33.3	36.7	35.8	38.5	36	36.6	41.6	50	76.4	134.6	230.2	284.5	284.4	283.7	285.6	287.7	286.3	285.1	285.1	285.1	284.5	286.1	286.5
331.5	331.5	331.5	331.5	331.5	331.5	331.5	331.5	331.5	325.1	320.7	316.9	312.5	305.9	260.7	233.7	224.9	226.9	225.5	216.5	211.1	137.9	64.6	44.5	30.9	25.2	26.9	26.4	24.8	25.5	24.7	22.9	22.6	22.8	26.5	32.3	34.9	30.2	27.3	28.9	31.5	32	36.1	42.8	48.9	57.2	72.6	87.7	94.5	96.9	103.6	110.1	118.6	125.3	129.6	132	130.4	131.5	133.2	136	139.5	141.8	145.1	148	154.8	161.8	170	177.1	181.8	184.4	191	193.5	197.8	204.6	207.2	205.8	201.2	195.7	187.5	185.8	190	191.5	194.6	194.7	187.4	184	185.9	188.6	186.6	184.6	183.8	181.9	177.6	175.5	171.7	170.1	167.6	173.5	173.3	174.7	179.1	178.8	175.7	180.8	183.2	185.7	184.3	179.5	178	177.2	180.6	184.2	184.3	184	184.4	182.1	174.9	169.6	170.4	172.8	167.2	161.7	161	159.1	156.6	155.4	152.1	143	134.3	130.4	128.7	125.8	124.4	123.6	119.3	118	114.1	110.3	106	99.6	101.3	102.1	95.1	89.6	82.3	73.8	64.4	58.6	53.5	51.4	52.1	47.6	43.3	36.5	29.7	27.5	24	21.9	20.4	15	13.9	16.3	18.9	23.3	25.5	26.1	26.5	28.5	26	22.3	21.4	24.5	30.3	36.3	35.4	38.2	39.2	37.4	42.3	47.7	74.5	134.7	237	285	285.1	284.7	285.3	286.7	286.7	286.1	285.3	285.7	285.7	285.7	286.5
331.5	331.5	331.5	331.5	331.5	331.5	331.5	330.5	325.5	321.1	316.9	313.3	310.9	299.7	258.1	235.5	227.9	228.5	221.7	212.1	205.7	116.5	60	43.9	33.4	30.2	27.6	24.7	24.5	25	24.4	22.2	19.6	23.7	27.4	32.5	35.2	32.1	29.6	30.3	32.4	33.3	38.7	45.1	50.4	61.6	76.5	89.9	96.1	99.2	106.4	115.5	121.8	129.5	130.4	132.4	132.1	134.5	137.1	140.5	144.4	146	148.7	155.3	167.2	175.6	181.1	184.8	185.7	187.2	191.7	201.7	210.4	210.9	207.8	204.7	196.7	192.7	193.2	186.2	186.9	189.7	187	189.4	188.2	183.4	184.7	187.1	186.2	187.4	184.2	180.3	175.9	173	173.4	171.2	168.6	171.5	172.5	176.1	178.4	180.3	177.3	177.8	182.9	186.6	184	178.3	174.7	175.5	180.9	181.6	186.1	194.1	191.8	188.2	185.3	179.6	185.1	180.5	167.6	165.8	167.6	162.9	159.1	156.7	153.8	147.5	139.2	135.7	131.6	124.4	121.3	119.4	118.8	117.5	117.2	112.4	106.6	101.5	101.3	101	97.2	93.6	84.9	75.5	69.4	62	55.4	53.6	52.9	51.1	46.7	40.8	32.4	26.6	25.6	21.9	20.6	17	13.4	15.6	19	23.5	24.3	26.3	26.9	25	27	23	21.6	23.6	29.4	36.2	36.7	37.1	40.3	38.5	41.7	50.6	80.9	149.5	234.6	279.3	287.6	287.6	286.5	285.9	285.8	285.7	283.9	283.8	282.5	282.3	285.1
331.5	331.5	331.5	331.5	331.5	331.5	331.5	330.1	325.1	320.5	316.5	312.3	293.7	259.1	240.7	231.5	230.3	223.9	209.3	203.9	190.3	105.3	63.5	46.9	32.9	29.7	25.3	25.4	23.8	21.9	22	22	23.4	28.3	30.6	29.9	28.9	30.4	31.4	32.5	31.1	34.5	39.4	44.7	50.6	64.7	81	89.8	95.4	101.9	110.4	116.9	125	130.3	133.3	132.7	134.2	137.5	139.7	144	146.4	147.4	149.9	159	168.9	176.1	180.8	183.4	183.1	187	191.7	202.9	209.6	207.6	205.4	200.7	192.2	188.1	189.7	181.6	182	181.5	179.4	180.7	181.4	180.7	184.4	186.4	186.5	189.8	186.8	183.9	177.8	172.4	172.5	172	169.1	169.2	170.8	173.3	176.1	179.3	179.4	177.5	180.7	183.5	179.6	176.1	172.8	175.3	180.4	181.2	184.4	189.6	187.7	186	184.4	183.6	189.5	181.9	170.3	170.3	168	161.2	161	161.4	157	152	143.7	137.1	133.1	127	119	118.2	119.7	119.9	117.8	114.6	109.2	103.3	101.6	102.5	100.1	95.4	85.7	77.6	68.6	60.4	54.4	52.5	54.2	52.6	48.2	42.2	36.2	27	26.3	23.2	21.6	18.7	14	13.7	18.9	23.8	25.8	27.3	29.6	27.1	24.8	22.8	20.8	20.8	26.4	32.8	36.7	38.3	40	40.9	40	47.6	86.6	144.9	224.7	275.7	288.1	288.1	287.3	287.2	286.4	285.7	284.7	285	284.1	282.3	283.7
331.5	331.5	331.5	331.5	331.5	331.5	331.5	329.5	323.9	319.7	314.7	310.1	289.1	261.5	239.1	227.5	226.9	220.5	207.3	202.1	183.5	96.3	48.9	36.7	29.9	26.6	24.3	24.9	24.2	23.7	22.6	24.1	26.2	29.3	31.5	29.8	27.7	31.8	33.1	32.8	31.5	35.1	38.9	47.5	54	71.4	88.2	93.5	98.6	106.9	113.4	119.7	127.4	132	135	137.3	139.2	139.8	139.5	141.7	143.9	144	148.4	157.8	168.3	176.5	180.9	182.8	180	182.5	188.4	194.8	201.1	197.2	193.9	187	180	178.8	179.9	179.1	177.9	174.2	172.4	173.3	173.8	179.2	181.8	180.4	180.6	182.3	181.9	179.6	180.5	175.1	170.4	167.1	164.7	164.6	165.2	166.1	170	175.1	174	170.5	173	173	168	169.3	170.4	168.9	168.8	170.4	176.5	184	181.3	177.3	175.7	177.1	181.3	173.6	165.7	159.7	152.1	145.4	146.9	147.4	143.8	141.8	136.6	127.8	123.8	118.7	114.7	114.5	116.4	114.9	111.8	111	110	107.1	102.4	102	100.1	97.2	91.4	81.6	74.5	65.2	55.2	55.2	57.2	55.2	47.6	44	41.4	31.5	25.1	23.4	21.4	20	16.6	13.3	16.3	22.9	26.5	26.5	29.9	29.2	26.1	21.4	19.1	18.8	22.4	29	34.4	37.4	39.3	42.4	45.1	49.1	99.6	161.4	214.4	264.1	287.7	287.5	287.7	287.5	287.7	286.3	285.1	285.7	285.1	284.7	286.3
331.5	331.5	331.5	331.5	331.5	331.5	331.5	329.1	323.3	318.3	313.1	309.1	299.1	265.1	226.3	224.5	224.3	211.3	200.9	199.1	178.5	90.7	43.4	32.4	28	25.9	24.8	21.4	22.1	25.1	26.4	26.8	29.9	30.6	29.4	29.9	30.8	31.7	32	30.2	32.3	34.9	38.3	48.8	59.6	79.2	94	98.9	103.5	110.4	116.3	122.1	129.6	135.8	138	140.7	143.6	141.8	142.6	143.4	144	145.6	149.1	156.2	166.9	170.5	176.9	181.1	181.5	183.8	187.7	190.3	191	185.8	182.7	176.8	170.5	169.7	171.2	171.5	173.6	171.5	168.3	170.4	170.4	175.6	176.2	176.8	176.9	174.7	176.7	179.3	180.3	178.3	173.8	171.2	168.4	165.4	162.6	163.2	168.1	172	170.1	170.6	173.2	170.2	165.3	167.6	170	169.7	170.1	168.4	170.8	176.8	173.8	168.7	165.8	168.2	171.2	165.3	156.6	146.7	138.4	132.7	135.3	138.5	139.3	136.7	131.2	128.3	121.7	117.8	114.4	111.3	113.2	112.9	110.7	108.3	108.2	107.4	103.8	102.3	99.4	98.2	93.9	84.7	75.6	64.4	55	54.6	56.7	55.2	48.9	46.6	43	34.5	24.7	23.2	24.3	21.4	18.9	15.9	16.2	19.2	23.2	27.8	29.7	30.9	27.7	22	18.9	18.6	20.8	27	34.6	38	38.5	41.4	44.3	46.7	101	173	222.9	271.1	287.7	287.9	288.7	288.1	287.7	286.3	285.1	285.1	285.3	284.7	286.1
331.5	331.5	331.5	331.5	331.5	331.5	330.9	327.3	323.1	316.3	310.1	305.9	304.3	273.1	223.7	225.1	225.5	209.7	199.5	198.7	178.1	86.3	48.7	32.9	29.2	26.6	23.9	21.4	23.6	25.5	26.1	26.9	28.9	27.7	29	31.2	31.8	32.3	31.6	30.3	31.2	33.2	39	52.3	67.6	84.3	98.1	104.1	108.8	115.3	120.5	127.6	132.4	135.8	138.2	141.7	143.5	140.4	138.1	137.2	140.4	145.6	147.3	151.3	156	160.4	165.5	163.7	163.7	166	172.1	170.9	161.3	155.9	148.3	145.4	143.7	141.9	145.7	145.8	148.5	153.7	154.7	157.6	161.9	164.8	162.5	163.5	166	168.9	169	171.6	172	171.7	171.9	169.6	167	164	161.7	160.1	163.6	163.9	161.1	163.9	164.9	166.6	165.3	163.3	166.2	167.5	160.5	157.4	158.4	159.5	148.4	137	136	133	142.7	142.3	129.2	120.1	116.1	115.8	119.6	122.8	124.8	122.1	117.9	116.8	112.4	103.8	99.7	97.1	98.9	101.2	101.3	101.4	103.8	104.1	98.9	99	100.7	99.8	96.8	89.3	80.8	70.2	59.1	55.6	59.1	57.5	54.3	51.6	47.2	39.7	30.1	24.8	24.4	21.9	18	17.7	15.5	18.3	21	25.8	29.1	30.9	28.6	23.2	18.9	17.6	18.8	24.2	33.8	40.4	38.5	41.2	47.6	51.7	83.3	165.3	224.7	260.2	285.2	287.3	288.7	289.1	288.7	286.4	285.2	285.7	285.9	285.1	284.9
331.5	331.5	331.5	331.5	331.5	331.5	329.5	325.9	322.1	315.5	309.3	305.9	301.5	244.7	235.1	247.3	224.9	205.3	200.3	200.1	185.3	92.5	48.6	34.6	32.2	28.1	25.5	25.1	26.8	27.3	30.4	29.7	25.3	27.1	31	29.9	29.8	33.7	32.2	29.6	30.2	34.1	42.1	57.4	76.8	92.4	102.3	105.8	112.8	118.5	123.7	128.4	132.7	136.8	139.5	142.4	140.7	136.6	134.3	131.4	139.1	147.2	146.1	149.4	153.6	156.8	159.2	154.6	154.8	161	166.2	162.6	152.1	147	138	134.3	130	129.3	130.9	136.5	142.3	144	148.4	150.4	155.7	159.5	160.4	159.8	164	167.6	170.4	172.1	172.5	172.1	175	170.9	167.7	165.7	167	166.4	168.9	166.9	163.9	166.9	168.1	168.4	164.1	161.1	162.5	165.1	155.5	150.7	155	154.7	140.2	130.5	125.9	122	138.1	134.5	123.2	117.2	114.7	116.8	117.8	116.9	119.6	118	113.9	115.4	114.6	110.5	104.9	100.2	99.7	100.2	99.5	99.4	102.8	102.6	100.9	101.4	101.9	100.6	98.8	92.4	82.4	72.6	62.2	59	57.2	58.1	55.4	55	49.4	42.3	31.5	24.1	24.5	23.1	19.3	17.6	17.6	17.6	20.2	25.1	29.7	29.1	27.3	24.9	20.4	17.2	21.4	24	30.8	39	40.9	40	47.3	53.8	78.7	161.4	239.8	275.9	282.2	286	288.1	288.7	288.7	287.2	286.5	286.1	286.3	285.3	284.9
331.5	331.5	331.5	331.5	331.5	329.5	327.3	323.7	319.3	314.3	309.7	305.9	301.5	244.5	248.7	261.1	225.9	204.7	199.5	200.3	196.7	126	52.7	38.5	34	29.3	27.3	26.7	24.9	27.3	33.2	30.8	25.8	27.9	30.7	30.7	30.7	34.7	30.9	28.3	28.5	32.6	42.6	58.6	79.9	98	107.2	111.1	117.2	122.2	123.3	127.7	133.9	136.3	137.7	140.1	132.7	128.3	128.1	130.9	138.6	145.2	144.4	145.5	147.6	148.6	150.2	147.6	145.4	146.6	149.4	146.3	142.9	130	120.7	116.9	111.5	110.2	111.7	118.4	125.7	127.4	135.4	139.7	138.3	143.3	148.6	153.4	157.7	162.7	163.4	166.7	166.3	170.4	173.6	168.9	166.1	166	168.2	167.2	168.5	166.7	163.7	165.4	161	158.7	154.6	150.1	149.6	150.5	148.3	142	147.8	144.6	126.8	120.1	113.5	115.1	128.9	124.7	116.2	113.2	114.6	117.9	113.4	110.3	110.2	113.4	111.5	109.3	109.6	111	107.5	102.5	103.3	101.7	98.9	97.6	97.7	96	96.2	97.4	101	98.9	96.3	93.5	87.8	79.4	70.1	61.2	57.4	58.4	60.2	58.6	56.7	50.1	40.1	29.6	27.8	25.4	21.4	20.1	19	19.1	18.3	23.2	28.3	27.9	26.6	25.6	19.5	16.4	20.4	22.6	27.7	34.6	39.9	39.8	43.9	47	64.9	125.6	210.7	276	282.1	281.5	283.1	284.8	283.1	284.4	285	285.7	287.1	285.8	285.1
331.5	331.5	331.5	331.5	331.5	328.9	326.1	322.5	318.7	313.7	309.7	306.3	271.5	247.9	292.5	260.1	215.3	203.1	201.7	202.9	167.9	66.7	44	36.2	31.1	28.4	27	23.1	26.3	34	30.7	26.9	30.1	29.9	29.7	32.2	34.2	31.7	25.3	25.5	28.5	35.9	49.3	70	92.5	104.2	109.7	117.4	123.3	124.1	128	131.6	133.2	132.2	128.2	127.3	125	122.9	124	126.6	134.8	142.3	142.5	146	149.4	149.3	145.6	144.6	146.7	147.8	146.9	141.9	132.7	118.3	113.2	109.9	106.1	105.5	112.1	117.6	121.3	124.5	130	135.5	134.4	140.9	146.7	150.8	155.5	161.9	166.5	168.9	165.8	168.6	171.6	167.5	164.9	169.6	172.8	169	167	164.7	163.6	161.1	158.4	154.7	149.3	141.1	142	146.5	139.2	137.7	142.9	133.5	120.5	116	112.6	118.4	127.1	127.8	123.4	122	125.2	121.5	117.8	117.6	117.9	116.6	116.1	115.6	113.6	115	113.7	110.3	107.5	105.3	103.5	102.3	99.3	96.1	95.8	99	100.7	101.7	99.3	96.6	89.8	80	68.2	58	57.7	59.1	57.3	58.4	54.7	48.5	39	29.2	24.2	24.5	22	20.2	17.7	18.9	18	20.6	26	26.1	26.1	23.9	20.6	16.6	18.8	23.3	27.7	33.2	40.5	43.2	43	54.7	93.6	173.5	260.3	283	283.3	282.3	282.9	286	285.1	284.5	284.7	284.7	286.3	285.9	285.1
331.5	331.5	331.5	331.5	331.5	325.9	323.5	320.5	316.5	313.3	310.5	306.3	276.9	253.7	296.3	260.1	213.1	202.3	203.5	205.1	137.5	58	41.8	36.5	30.9	28.8	27.2	22.2	28.4	33.9	28.9	27.9	29.2	29.8	29.9	29.7	31.9	29.9	23.9	24.2	29.6	39.8	55.5	76.3	95.5	106.9	113.4	121.1	126.7	126.6	128.3	130.8	128.5	124	124.5	125	125.2	124	126	127.8	136.8	144.3	144.5	147.1	150.1	147.4	142	142.8	144.1	146.1	139.1	128.5	117.2	105.6	104.1	107.3	108.2	104.2	105.4	113.5	117.5	123.3	133.2	127.3	125.7	128.7	136.4	144	149.4	155.4	159.6	160.3	164.7	171.6	165.3	159.8	160.5	162.6	164.2	163	164.6	161.8	159.7	157.9	154.5	149.7	138.8	134	135.4	136	132.6	132.3	136.4	126.7	120.1	119	117.1	120.6	126.4	129.1	128	128.5	127.3	126.7	128.6	127.1	121.5	121.8	125.3	124.8	121.5	123.8	122	119.1	116.5	113.8	109.8	107.1	106.4	103.8	103.7	103.1	104.1	100.2	99.8	98	92.3	84.8	74.8	63.4	58.6	57.5	57.8	59.6	60.1	51.6	42.2	33.8	26.7	27.1	24.6	20.3	18.8	17.5	17.6	19.7	25.3	26	25.5	25.1	24.2	18.9	17.6	21.9	24.9	30.9	39.4	42.3	43.5	56.3	112.6	204.5	261.6	283.1	283.9	285.7	286.1	288.1	287.3	286.7	286.5	285.4	285.1	284.7	285
331.5	331.5	331.5	331.5	331.5	325.9	323.7	320.1	315.9	312.3	310.3	305.7	286.7	295.9	289.5	231.5	209.3	204.5	206.7	203.9	128.5	59.7	46	37.2	30.9	27.8	27.2	30.2	34.7	32.5	30.7	27.7	28.7	27.9	31.2	29.7	26	21.9	22.4	24.4	30.7	44.3	62.7	85	99.7	108.4	115.8	124.4	128.2	128	127.5	127	125.2	123.3	123.9	119.7	115.1	117.6	124.1	129.6	136	137.1	136.9	137.1	136.3	134.8	132.2	129.4	123.6	122.9	117.6	107.4	102.1	95.3	93.1	93.1	97.2	98.4	98.2	103.8	109.2	120.3	128.6	120.1	116.9	121.8	130.3	137.9	142.6	152.2	157.4	156.4	160	166.7	158.2	155.9	158.1	160.7	163.5	163.1	163.8	160.1	155.5	153.2	149.5	142.8	135	129.8	129	128.5	123.9	124.7	127.7	122.4	121.2	120.2	118.1	121.9	128.6	132.9	130.4	129.6	127.4	128.4	129.1	125.6	125.9	125.7	126.3	132	129.9	127.5	128.3	129.2	126.5	119.5	114.2	112.4	109.3	106.7	106.9	105.4	105.3	99.6	97.4	97.7	92.8	85.8	75.7	66	61	58.9	56.9	61.9	62.1	53.9	44.6	37.4	28.9	26.6	25.8	21	18.5	18.2	16.9	16.6	23	26	24.5	24.7	23.2	21.3	18.9	20.9	23.2	30.2	37.8	45.6	43.7	53.1	120.7	217.7	270.9	282.9	283.5	285.7	286.1	287.1	286.7	286.1	287.2	285.9	284	284.8	285.7
331.5	331.5	331.5	331.5	331.5	329.3	324.1	319.1	314.3	310.7	307.5	302.9	296.7	300.5	288.3	230.7	208.9	205.9	208.9	204.3	136.5	66.9	58.3	44.8	36.8	30.8	27	33.9	35.9	32.8	31.3	27.4	29.5	29.7	29.8	28.7	24.7	20.8	21	24.5	31.6	45.8	66.1	88.1	103.4	111.6	117.9	126.1	128	127.6	128.3	130.6	130	128.1	122.8	116.5	117.2	121.6	127.2	135.7	133.5	132	138.3	136.7	136.9	136.3	131.4	126.5	117.6	115.8	113.1	106.4	96.8	91.2	92.9	90.7	91.6	95.2	94.1	96.9	108.6	119.5	115	108.2	109.8	116.4	127.5	131.9	133.5	148.3	153.3	151.7	157.8	156	148.9	149.5	154.3	156.3	158.3	161.8	161.6	156.1	148.8	141.1	135.2	132	130	127.5	125.3	123.7	120.3	118.1	121.5	120	122.9	123.6	120.7	124.7	126.4	129.4	134	137.9	139.5	142.3	142.9	144.4	150.5	152.6	150.2	153.6	156.4	155.8	150.9	148	138.5	128.6	127.5	127.6	119.5	116.3	117.9	114.7	112.7	111.3	102.1	93	88.1	87	82.8	70.8	61.8	60.1	59.2	61.1	64.2	58.9	50.2	41.6	34.8	28.4	26	22.7	19.6	20	18.6	16.2	20	25.6	25.1	25.6	25.4	22.9	20.3	20.4	22.3	29.7	38.2	46.4	46.9	66.2	140	213.1	264.1	283.3	283.1	284.5	284.3	276.5	277.3	281.4	282.6	285.2	282.8	281.6	284.2
331.5	331.5	331.5	331.5	330.7	328.7	323.9	318.7	313.3	310.3	306.9	302.9	300.5	300.5	262.3	216.5	211.7	210.1	205.9	202.1	135.5	70.9	59.6	44.2	36.4	32.3	34.3	37.1	35.3	31.3	29.3	29.3	28.9	30.8	29.7	24	20.1	19.1	20.1	25.5	35.4	54.3	77.5	93.8	103.6	111.7	119	127.5	129.4	129.2	129.2	129.7	124.9	118.6	111.2	113	117.8	118.5	119.1	119	116.3	120.7	124.6	125	127.3	123.9	119.6	114.8	109.2	109.3	104.5	99.1	90.2	84.2	86	85.7	82.8	82.9	83.8	86.6	99.4	110.6	105.1	98.2	100.5	106.6	120	123.2	123.5	138	141.9	141.7	149.2	146.9	140.7	145.5	151.3	150.7	154.3	159.8	156.1	150.3	145.6	137	127.4	125.7	124.6	121.8	117	115.1	112.8	108.9	111.1	110.6	110.1	109.2	105.7	110.3	113.9	117.1	121.1	130.2	136.2	139.7	144.2	145.4	155.4	157.4	156.8	158.2	158.9	160	154	151.9	144.1	133.7	130.3	130.3	123	123.4	125.5	121.5	120.3	117.9	109.5	96.7	87.4	86.2	83.8	74.1	65.6	61.2	60.3	60.7	62.7	59.8	51.1	42.6	35.3	29.4	24.9	22.4	18.4	17.6	18.6	16.6	18.7	24.7	24.9	25.6	26.6	23.9	20.6	21.9	22.3	31.1	42.1	47.2	46.2	71.6	158.2	222.2	273	282.9	283.1	284.5	285.1	276.6	275.8	281.7	282.1	284.8	283.7	282.4	285.1
331.5	331.5	331.5	331.5	327.3	323.7	321.1	317.5	311.9	310.1	307.5	303.3	300.9	300.7	259.3	215.5	212.7	212.1	206.9	204.5	163.3	86.3	63.5	50.9	34.1	32	35.1	36.3	32.8	29	29	30.7	29.2	29.8	28.5	23	17.9	17.1	21	26.4	37	56.7	82.8	100.3	106.9	112.4	119.3	125.9	126.9	125.6	130.3	134.6	130.5	123.9	119.4	122.7	124.7	123.6	123.3	119.1	113.4	113.4	119.2	121.7	123.7	129.2	129.5	126.8	124.6	122.5	115.6	101.1	93.3	91.4	91.1	91.6	91.4	87.4	89.2	96	103.7	105.1	101.3	102	108.4	115.1	125.4	125.8	126.5	138.3	139.5	147.8	155.7	155.6	153.7	153.5	153.2	154.2	163.5	168	157.9	147.6	142.3	135.1	126.4	123.5	127	127.4	123.5	119	112.5	109.8	110.5	111.5	112.8	110.5	114.6	125.7	130.3	132.4	137.1	143.3	151.3	158.8	165.8	171	176.9	179.9	181.2	180.6	179.1	175.1	170.3	163.6	155.9	153	149	143	140.4	135.4	136.6	132.3	126.8	122.7	117.2	106.7	95.7	90.4	87.9	78.4	69.3	64.4	62.3	62.1	64	63.7	55.6	46.2	39	32.4	26.4	23.3	20.2	16.4	17.5	16.9	17.8	23.6	25.4	25.2	28.8	26.8	22.3	20.3	22.5	29.8	40.9	49.3	50.4	76.1	159.5	198.6	248.7	280.5	280.4	280.8	283.2	284.3	287.5	286.1	284.2	287.1	287.3	285.9	286.7
331.5	331.5	331.5	331.5	326.7	322.3	320.1	316.5	311.5	309.5	306.9	302.5	300.7	287.7	229.9	215.3	217.5	209.5	206.7	208.3	206.5	131.9	75.1	57	42.6	39.3	38.1	31.3	26.6	28.3	32.5	31.1	29.4	30.2	24.3	17.8	15.2	15.8	20.4	25.9	38.8	62.3	86.3	97.3	107.3	116	123.8	127.8	125.5	125.3	126	126.1	125.4	121.8	117.5	116.9	118.6	118.8	115.8	112.8	112.8	109.6	106.8	108.6	113.5	119.5	124.1	123.9	122	124.1	113.5	102.4	93.4	90.1	91	90.4	88.9	86.5	88.6	97.5	101.2	99.9	97.8	100.7	105.7	113.6	121.7	122.9	123.4	132.4	134.3	144.3	152.9	155.6	156.4	152.9	153.1	155.5	164.2	165.9	154.4	145.1	136.1	130.6	123	120.6	120.7	120.5	118.7	116.7	109.7	104.8	102.4	103.2	104.2	106.3	116.6	124.2	126.6	127.2	130	130	133.9	143.6	152.1	157.4	163.7	164.2	165.6	169.4	174.2	166.3	159.2	156.9	152.5	150.6	149.6	145	143.5	143.1	139.5	134.8	129.7	125.3	119.8	110.9	100.6	92.1	88.2	83.3	72.2	66.2	63.3	60.2	62.7	64.2	59	52.5	45.2	36.2	30	22.4	19.9	17.8	17.3	17.9	17.8	21.1	24.7	23.9	28.4	28.4	23.9	20.9	21.4	28.5	39.1	50	51.6	66.8	127.4	203.4	251.8	273.6	278.2	278.6	281.9	283.8	287.3	286.3	284.9	286.7	287.1	285.9	285
331.5	331.5	331.5	331.5	327.3	321.9	318.3	313.9	310.3	308.1	305.3	303.3	301.1	284.9	228.1	214.7	216.7	211.1	206.9	208.5	198.9	105.1	64.3	60.5	56.2	43.4	36	31.4	26.3	28.6	32.1	31.3	29.7	29.8	22.9	16.2	14.5	17.1	20.6	28.6	44.7	72.2	97.3	108.4	113.8	120.7	127.1	130.4	129.7	133.5	138.3	134	131.8	134.3	133.3	134.1	134.9	133.2	134.3	133.6	129.9	125.2	120	118.4	118.4	121.9	123.1	119.4	120.1	124.1	124.5	119.8	113	113.4	115.5	112.1	105.9	103.4	107.9	112.4	112.7	111	114.5	118.8	121.6	127.6	131.2	133	136.5	143.8	149	157.1	166.6	171.7	172.7	171.6	164.8	168.3	172.9	169.2	161.9	154.3	145.1	138.2	132.5	127.6	124.1	123.9	121.4	118.9	114.1	110.1	107.7	105.3	107.5	117.3	127.3	132.1	136.5	138.9	139.9	143.3	146.5	154.4	158.3	162	164.5	163.7	165.7	165.4	162	157.6	153.9	153.6	156.3	155.9	150.6	148.5	148	144.1	144	141.3	133.6	128.8	124.2	118.2	111.6	103.3	94.7	85.9	75.4	68.2	66	63.5	62.1	62.7	57.6	54.2	46.1	36.8	30.7	23.4	19.4	19.2	17	17.6	17.4	20.8	25.2	24.4	27.9	29.8	26.3	22.4	21.4	28.6	43.7	57.3	58	84.7	158.3	225.8	273.8	276.7	278.8	281.2	283.3	285.6	287	285.8	285.9	286.3	284.7	285.7	282
331.5	331.5	331.5	331.5	326.7	320.9	317.7	313.3	309.5	307.7	305.3	303.5	301.7	259.7	221.3	219.7	215.9	211.3	209.7	209.9	196.9	103.7	66.1	65.5	54.2	41	31.9	29.2	30.2	32.1	30	29.5	29.7	25.8	19	13.6	13.6	16.1	20.1	34.7	55.5	83.4	102	108.1	114.4	122.4	129.6	130.5	129	133.1	133.3	127.6	126.1	128.3	129.4	130.8	128.1	127.8	133.2	134.7	131.3	129.9	126.5	123.7	121.6	124.5	122.7	119.5	123.3	126.1	128	124.3	120.7	121.5	122.6	118.1	113.1	110.9	113.9	114.1	114.1	112.5	114.4	118.5	121.7	125	128.3	130.3	134.4	142.2	148.7	154.6	163.9	169.6	172.1	171.8	169.8	169.4	172.1	166.4	159.6	152.6	143.3	135.4	129.6	126.6	122.4	119.2	116.9	115.8	111.7	108	105.4	103.6	106.6	116	121.8	126.2	128.7	132.3	136.6	139.7	143.8	147.8	148.4	150.8	153.2	154	152.4	149.2	144.5	142.1	143.7	144.8	147.8	147.6	144.1	142.5	143.7	141.3	137.9	135.1	133	130.8	127.1	121.8	112.4	103.3	96.4	89.7	80.6	71.6	66.5	62.9	60.6	60.7	58.9	55.9	49	38.8	30.5	24	19.2	19.2	16.7	16.4	18.2	21.8	25.6	23.6	27.1	30.8	27.7	22.2	20.4	30	47.7	60.5	62.9	91.4	159.6	223.2	277.1	277.6	280.8	282.5	284.5	285.9	286.3	284.5	284.8	285.6	285.1	285	282.8
331.5	331.5	331.5	329.7	323.7	318.9	315.1	310.3	306.7	304.9	304.3	303.7	302.1	260.9	222.7	219.7	216.3	211.5	209.7	210.1	183.9	97.7	67.5	65.9	54.3	41.9	32.6	27.7	29.8	33.4	29.8	29.5	29.9	23.8	17.8	14.5	13.8	16.1	22	37.1	62.5	89.4	106.3	114.2	121.9	129.3	133.6	135.2	140	144.5	140.1	131.8	128.4	131	129.9	132.5	130.5	131.8	137.4	141.3	142.2	142.9	140.9	138.8	134.7	136.9	139	142.1	142.8	132.7	124.7	122.9	124.4	127.5	130.3	130.7	128.9	127.6	126	121.7	117.8	118	121.7	123.4	123.2	126.6	131.1	131.1	134.9	143	149.3	159.2	169	176	181	183.2	182.7	177.7	178.4	174.3	163.2	158	151.5	140.9	132.7	128.4	127.7	123.8	119.6	118.3	116	112.9	113.7	117.9	120	125.6	127.4	130.6	132.1	133.5	137	138	134.2	134.1	131.8	131.5	132.5	133.7	138.2	134.2	128.1	125.2	127	132	133.3	131.6	132.4	135	137.2	141.4	139.1	134.8	129.8	128.6	127.2	124.4	117.9	110	101.8	95.4	88.3	77.8	70.4	66.9	63.8	62.1	61.1	60.1	53.6	43.8	33.9	27	20.5	19	16.8	15.2	18.3	20.4	24.8	25.4	26.1	30.7	29.2	23.7	21.6	31	50.3	66.2	68.1	105.7	172.4	221.9	272.7	279.1	282.3	282.3	283.7	284.9	286.3	284.9	281.4	280.8	282.5	283.3	285.1
331.5	331.5	331.5	327.7	321.7	317.5	313.5	309.3	305.7	304.3	303.7	303.3	301.5	275.5	239.9	222.1	216.9	210.3	211.3	209.7	171.5	96.3	67.5	64.9	54.4	40.9	31.8	30.5	32.5	30.5	28.2	29.7	28.4	23.7	20.7	15.6	15.4	16.3	23.3	40.1	65.8	91.9	107.1	115.7	123.1	128.3	133.3	137.3	141.9	142.1	135.6	132.4	129	129.6	131.4	132.1	131.9	134.4	139.2	140.3	139	141	140.3	137.8	135	134.4	136.6	143.3	141.7	128.7	117.3	113	114.2	118.5	119.1	119.6	121.6	122.7	121.9	118.1	114.2	114.7	117.4	119.6	119.8	121.6	125	126.6	129.8	139.8	148.9	159.4	172.2	184.5	191.1	190.8	191.6	188.1	185.7	176.2	163.9	157.8	150.1	138.7	129.8	124.4	121.6	120.1	116.4	114.8	115.6	110.8	112.9	117.9	122.5	126	126.4	130.3	131.4	130.3	131.7	132.4	128.7	125.1	123.6	126.8	128.3	128.3	132.6	128.4	122.1	118.8	117.8	119.8	119.5	118.3	118.3	122.6	124.2	127	131.1	133.1	131.5	128.7	128.1	124.9	123	117.2	108	102.1	96.6	86.7	76.2	68.8	64	59.7	59.7	58.5	55.8	47.5	37.4	26.8	21.8	20.8	17.9	15.4	15.5	19.7	23.4	24.2	25	28.3	31.9	29.4	26.6	32.9	49.4	61.6	67.3	109.3	175.6	229	261.8	280.3	273.7	276.3	283.5	284.7	286.1	286.5	281.9	280.7	282.2	284	284.7
331.5	331.5	330.7	321.9	316.9	316.1	313.3	308.9	305.7	303.9	303.3	302.5	300.3	260.5	232.1	221.9	219.5	212.5	210.9	211.3	188.9	121.7	75.9	62.7	52	42.7	31.6	30.6	35	30	26.1	32	29.4	21	17.9	16.9	16.3	18.5	26.2	47.4	76.3	103.1	114.7	121.1	128.7	132.7	137.6	139.6	141.5	135.9	130.3	129.5	128.8	131.5	132.9	133.2	137.5	139.4	139.7	138.5	135.3	133.8	129.2	126.9	127.8	128.4	131.1	139	140.7	130.6	121.5	113.8	110.1	110.6	107	106	109.2	113	114.1	111.7	111.3	110.6	112.1	114.8	117.3	119.5	122.9	126.9	131.3	138.8	150.7	161	174.3	190.4	203.5	208.6	205.5	202.6	194.5	182.7	169.9	160.9	150.8	143	135.1	128.3	121.9	120.4	118.8	117.4	118.5	117.9	118.3	120.3	122.6	124.2	122.9	118.7	115.1	111.3	109.7	111.6	113.4	110.2	107.3	107.3	111	116.7	117.1	109.4	106	105.2	104.3	108.2	109.3	107.7	108.1	109.8	115.9	119.1	123.3	129.7	133.5	132	128	123.5	124.1	120.4	115.4	109.7	102.6	91.3	78.8	71.7	66.3	65.5	64.6	64.1	60.8	51.6	40	29.9	23.4	20.4	18.4	14	16	20.6	25	25.5	24.3	30.1	32.3	27.7	25.9	37.5	55	61.9	70.5	127.3	168.8	211.5	263.5	260.3	265.2	275	275.2	283.8	284.3	286.4	285	282.2	280.9	281.2	281.4
331.5	331.5	329.7	320.7	316.7	316.1	312.9	308.9	306.5	304.5	303.5	302.9	299.5	275.3	239.7	224.5	222.1	213.5	211.7	215.9	196.5	130.7	78.1	62.2	53.5	44.6	35.6	34.1	31.9	26.2	29.8	30.7	22.7	17.5	18.1	17.5	16.7	20	32.5	60.7	90.6	108.8	116.9	124.3	132.2	134.8	135.8	138.5	135.2	133.4	131.9	129.6	129.7	133.3	134.5	133.9	135.4	134.1	130.4	126.5	123.7	122.3	122.3	123.6	125.8	126.2	127.9	132.6	135.6	127.7	120.9	119.3	116.8	109.2	103.1	103.5	101.9	101	102.2	104.2	106.8	107	106.4	110.2	112.5	115.8	118	123.8	130.8	138.4	150.1	165.6	183.3	202.7	221.8	229.5	227.7	219.7	206.3	194.3	180.5	166.8	154	141.7	133.7	124.2	120	119.4	115.8	111.5	111.5	113.5	113.3	112.3	113.2	112.5	106.8	102.9	98.7	97.7	97.6	100.7	105.5	102.2	95.6	94	95.7	102.6	101.2	93.5	93.5	95.1	96.4	102	104.2	102.5	101.5	105.1	108.7	111.6	117.2	122.7	128	130.8	127	123.9	125.9	125.2	121.7	113.9	107.1	95	81.1	74.2	68	64.4	65.2	65.8	61.6	52.8	39.4	30.1	22.9	21	19.4	14.8	15	21	27.9	27.1	25.3	30.5	34.8	31.2	30.1	39.7	57.9	64.2	70.6	135.1	179.4	221.5	264.1	264.6	267.1	267.8	268.2	281.7	282.3	285.1	285.2	283	281.1	280.8	279.7
331.5	331.5	331.1	325.1	321.7	317.3	312.1	309.7	307.7	304.9	304.5	302.5	298.1	287.3	247.1	225.5	224.9	214.7	213.7	216.5	211.3	166.5	85.3	67.3	60.2	48.9	43.1	37.1	30.7	25.3	29.4	30.1	23.9	21.2	19.5	18.9	18.4	22.8	36.7	66.3	98.4	113	120.7	129.5	137.5	141.7	144.2	143.3	140.2	135.1	129.1	128	132	133.2	135.5	133.1	131.2	129.3	123.8	118.2	116.4	119	119.7	121.3	122.9	123.4	123.4	122.9	119.9	112.1	106.8	106.3	105	100.2	98.4	96.8	93.9	90.9	91.3	97.1	100.5	100.4	102.7	104	108.4	114.4	118.3	122.6	132.1	140.5	151.8	170.2	189.7	210.6	231.1	241.6	240.3	230.3	221.6	207.8	192.2	174.9	159.2	145.2	134.5	126.7	123.1	120.1	114.6	110.3	107.9	105	105.2	102.1	97.2	94.7	90.2	85.5	83.8	86.2	96.8	103.7	101.1	92.2	93.2	92.8	94.7	100.6	102.8	92.8	88.5	86.8	88.9	95.1	104.2	106.8	105.1	101.8	100	102.7	108.3	113.7	119.1	126.9	127.7	125.5	125.9	127.8	126.2	121.6	115.1	106.7	93.4	82.9	76	71.1	71.8	70	65.2	55.2	42.8	31.3	23.7	23	20.8	17	14.2	19.4	26.6	28.7	25.5	30.1	35.7	35.2	37.1	46.1	56.2	69.7	104.3	173.5	199.9	234	280.8	277.9	272.4	260.2	237.8	259.4	275.5	282.5	285.1	284.7	283.2	281.4	281.2
331.5	331.5	331.5	325.1	321.7	317.3	311.7	309.5	307.5	304.9	304.3	301.7	297.5	282.7	241.9	223.5	216.5	217.3	217.9	212.5	205.7	175.7	91.9	67.1	63.2	51.9	46	38.8	28.1	27.2	29.5	24.6	19.3	20.2	18.7	18.8	20.2	27	45.3	76.4	104.6	116.5	122.4	131.4	138.5	142.2	145.4	144.8	139.9	134.2	131.9	127.9	127.7	126.8	125.7	121.9	119.5	118.3	117.7	117.6	113.9	113.5	115.7	113.9	113.1	111	107.1	105.4	97.4	84.9	82.1	81.9	82.3	82.3	88	91.4	92.2	91.8	90.5	92.1	94.1	95.2	95.9	100.9	107.5	111.7	115.7	120.7	130.4	142	159	182.2	206.5	227.7	245.6	256.2	257.7	247.2	237.4	221.5	204.1	184.6	162.8	144.6	133	124	119.3	114.4	108.5	104.8	101.6	99.2	97.8	93.8	89.1	88	84.6	83.7	84.4	88.8	99.3	103.9	94.1	81.3	80.2	80.3	81.1	101.6	114.3	96.1	89.3	83.6	80.4	83.5	93.8	102.1	104.1	99.8	97.9	98.4	103.4	108.1	111.8	118.3	119.9	119.9	123.1	128	130.1	124.8	118.1	110.6	98.7	87.3	78	72.8	72.6	70.7	65.6	56.2	42.6	31.9	22.3	21	19.2	17.3	14.7	17	27.4	29.3	25.8	29.4	36.4	38.5	43.2	53	57.4	70.6	123	192.6	206.7	247.8	281.8	278.3	270.5	265.8	239.9	251.5	263.9	273.9	278.7	284.5	284.2	282.4	281.4
331.5	331.5	328.9	324.1	319.5	315.3	311.7	309.3	307.3	305.7	304.5	299.3	296.1	288.3	246.1	222.3	219.5	200.3	201.7	212.3	205.5	159.1	109.3	74.9	65.7	58.1	53.1	51.4	38	31.1	30.3	26.7	20	20.7	19.3	18.3	19.3	31	50.1	81	107.2	119.3	129.8	139.6	142	146.7	151	146.7	137.6	130.7	128.4	128.4	130.2	128.4	122.1	114	108.6	104.9	100.8	95	92.6	88.8	83	76.2	66.7	54.1	43.7	40.5	37.8	28.1	28.5	31.6	34.2	38.5	48.9	62.1	76.2	88.4	93.3	90.5	89.9	89.9	90	92.4	99.4	107	116.9	124.6	131.8	144.1	163.3	188.9	214.3	240.2	257.9	270.5	269	263.4	254.4	236.9	216.2	194	169.3	147.8	132.4	121.9	114.2	105.6	101.6	95.9	92.2	89	85.1	82.5	81.9	79.8	78.1	79.9	82.6	80.9	77.5	68.5	52.2	34.4	30.8	29.7	27.9	41.9	60.6	52.8	59.2	67.6	72	78	90.9	99.6	103.1	102.6	100.6	99.2	98.5	102.5	107	109.9	115.9	119.9	124.1	127.8	128.8	128.3	124.6	117.8	104.8	93	84.1	78.7	75	73.3	69.3	61.5	46.2	33.4	24.8	22.2	20.6	18.6	15	15.8	25.9	29.6	27	29.3	40.9	45	43.6	56.4	62.9	85	155	198.9	204.3	243.3	282.2	282.5	268.1	279.3	281.9	281.7	284.9	284.7	280.5	277.9	284.3	285.1	281.1
331.5	329.1	325.9	323.1	318.9	315.9	312.1	309.1	307.5	306.5	304.5	299.3	295.9	280.1	236.5	225.7	224.3	211.5	213.5	208.9	206.3	169.7	124.7	84.5	66.7	57.5	55.3	54.6	41.8	34.7	31.7	23	21.3	20.2	18.5	18.3	21.5	36.7	61.6	92.6	111.9	121.5	133.4	143.7	143.4	146.1	150.2	145.4	136.1	129.1	123.8	126.1	126.3	120.4	108.4	104.8	104	95.7	88.7	84.8	84.9	81.6	74.4	67	54.4	41.4	34.1	28.4	21.6	18.8	23.2	24.9	28	32.9	38.2	51.5	64	78.2	90.5	92.5	93.1	90.3	88.9	90.3	96.7	106.9	115.6	123.3	131.6	145.9	168.5	192.8	215.3	240.6	264.6	271.2	270.4	270.2	262.6	239.5	215.3	190.7	166.4	148.4	132.1	121.6	112.5	104.5	96.9	90.9	85.7	83.6	83.1	83.2	81.7	80.9	81.3	78.9	76.2	73.4	65.2	53.7	39.7	20.7	14.5	14.7	14.4	14.2	18.2	23.6	37.5	49.1	59.2	72.6	89.7	96.2	95.4	94.8	96	97.8	97.2	101.3	108.2	109.6	112.6	117.3	121.6	127	131.5	132.5	127.7	121.5	108.4	94.6	86.8	80.7	77.2	73.1	70.4	61.9	46.2	35	27	21.1	18.8	17	15.1	15.6	23.7	28.7	27.7	31.1	43.9	46.2	42.9	52.9	59.5	79.3	150.4	200	209	253.7	281.7	283.1	267.3	276.5	282.3	282.2	284	284.9	285.1	282.5	283.9	285.9	282.1
329.7	323.1	321.7	320.9	318.1	317.5	313.3	309.1	307.5	305.7	301.5	297.7	292.9	282.1	263.5	233.3	224.3	225.1	217.3	208.9	194.3	187.1	155.7	96.5	64.9	61.7	57.1	55.3	50.6	39.8	34.8	32.6	27	24	21.5	18.2	20.9	33.2	57.4	86.1	111.6	125.8	138.2	144.9	148.8	153.7	151.9	144.4	137.6	130.9	128.5	129.9	124.8	113.6	99.3	87.7	82.7	79.4	74.1	67.3	60.3	54	52.5	57.6	59.3	44.2	30.7	29.1	19.7	17.3	19.9	24.1	25.8	26.5	28.8	39.7	46.7	49.5	62.7	82.6	93.5	94.3	89.8	87.2	91.3	102.8	113.4	121	130	142.6	162.1	184.4	210.9	236.6	264.6	277.1	280.7	275.7	268.3	257.3	229.9	201.8	178.3	158	141.3	124.3	113.4	103.4	95.3	88.8	88.2	87	83.7	80.6	77.3	76.4	70.2	62.8	62.4	70.9	65	55.2	46.8	31.6	19.8	15.6	18.4	17.2	15.8	17.9	26.2	32.7	34	47.5	66.1	78.6	84	84.9	89.7	93.1	95.5	100.2	105.9	108.6	109.2	113	118.8	125.9	132.6	135.4	135.7	131	120.9	106.2	93.8	85.9	77.6	71.6	68.3	63.1	48.4	35.4	29.9	23.2	17.8	16.9	17.8	18.1	22.8	31.1	33.1	32.9	39.2	44.7	46.2	47.5	54.3	72.2	122.7	189.1	207.2	230.8	265.9	278.5	264.4	267.4	268.6	276.7	275.6	275	278.9	280	264.6	282.3	285
329.1	323.1	321.5	320.1	317.7	316.3	312.1	308.7	307.5	304.9	300.3	291.1	263.9	248.3	247.9	235.5	228.3	222.3	202.5	197.1	192.3	192.5	152.5	93.1	66.7	63.1	62.5	56.3	49.8	43	36.5	27.8	29.1	24.3	19.5	20.1	28.1	47.3	75.2	101.7	119.5	130.7	141.6	149.1	152.3	152.8	148.5	140.4	131.4	125.8	125.4	125.4	115	102.5	93.2	87.4	86.5	83.7	77.2	70.4	65	61.2	60.3	66.3	64.9	44	30.5	27.1	22	18.5	22.8	29.9	34.6	31.7	33.8	48.3	51	45.4	52.5	70.3	86.4	92.7	94.7	93.5	97.3	108.1	116.7	124.3	136.2	154.1	173.4	198.1	228.5	258.7	278.8	284.3	281.5	277.5	270.3	249.9	216.3	191.8	169.3	154.7	138.8	124.4	112.7	104.4	95.7	90.9	91.2	90.2	87	81.1	78.7	69.2	59.4	58.4	69.7	80.7	67.8	57.6	49.8	32.8	22.3	17.2	15.4	17.7	17	19.8	34.7	42.4	38.9	44.6	55.5	65.8	76	80.6	83.3	89.1	95.3	99.9	103.1	107.6	110.9	113	116.4	124.4	130.1	130.8	131.5	128.4	117.4	102.6	92.8	84.8	77.4	71.4	72.4	66	47.1	36.1	29.9	21.9	17.3	17.4	18.6	19	28.7	37.3	36	37.6	46.8	48.2	42.9	45	50.2	77	132.7	197.9	228.1	271.2	278.1	277.8	269.9	268	264.8	275.8	276.6	276.9	276.8	276.5	263.7	281.2	284.4
331.5	329.1	327.7	323.1	317.9	314.9	312.1	309.3	307.5	305.7	301.7	298.7	284.3	256.1	244.1	243.9	235.9	226.1	221.1	211.7	213.9	213.9	177.3	116.7	72.5	66.9	63.5	59.7	50.6	43.2	38.1	27.4	26	25.6	20.4	19.9	28.8	48.6	78	104.2	121.7	134.6	145.3	150	151.5	153.1	148.1	140.7	130.5	124.5	123.2	118.7	105	92.8	82.7	74.4	75.5	75.8	75.2	76.2	76.3	72	68.9	77.2	83.3	68.7	47	52.6	44	26.3	28.2	33.3	46	52.9	60.6	70.8	68.6	58.3	50.1	50.9	74.2	94.2	100.9	103.3	105.7	113.1	118.6	127.4	138.3	154	169.2	193.9	225.3	257	278.7	288.7	286.2	280.2	278.3	257.2	221.2	196.2	172	154.7	141.8	128.5	116.3	110.3	105.8	103.1	104	99.1	88.2	86.3	76.4	54.7	50.7	58.4	71.8	85.8	82.6	63.7	56.2	49.2	42.6	34.5	28.7	25	23.8	31.3	50.8	59.2	58.9	55.4	50.6	51.1	52.5	52.2	60	73.4	88.2	95.7	101.2	104.5	108.7	113	117.6	122.3	128.1	129	130.3	128.8	121.1	109.1	98.3	90.4	80.8	73.3	71.5	68.8	49.8	34.7	30.4	25.5	22.5	20.6	21	22.6	27	36.1	38.2	41.3	50.9	55.5	50	47.3	51.8	100.1	165.4	202.8	214.7	256.8	279.3	280.2	278.4	279	281.1	281.8	281.5	279.8	279	278.6	278.3	277.5	280.7
331.5	329.5	324.7	319.1	315.5	312.5	310.1	307.5	306.5	303.1	298.9	297.3	291.1	273.7	258.5	254.9	247.7	246.1	226.5	217.1	218.5	214.1	188.7	134.1	81.7	70.3	64.3	60.1	52.6	43.5	36.8	27.5	26.7	26.3	21.5	24.1	38.9	59.8	86.2	108.8	123.7	137.9	147.8	148.4	149.6	151.3	148	141.2	134.3	128.7	126	116.9	106.5	95.5	90.1	90.3	89.2	90.2	91.8	92.6	92.3	88.4	91	96.4	96.8	93.8	96.5	78.5	58.8	60.7	58.1	65.3	87.4	95.7	94.4	93.9	89.7	81.4	75.1	72.6	84.8	104.4	109.3	110.9	114.9	120.9	125.2	139.3	153.7	161.3	174.7	200.7	230.1	254.5	274.2	287.1	282.4	276.1	270.6	247.5	218.6	193.3	169.6	155.6	144.7	133.2	122.3	114.6	113.6	117.8	111.4	93.2	88.6	86.4	71.4	56.2	57.2	72.1	85.1	95.7	92.9	75.4	65.2	60	52.6	45.2	38.3	33.6	33.9	48.9	70.5	72.3	67.7	63.1	55.1	50.1	50.1	50.8	55.6	64.6	81.6	94	99.9	104.9	109.2	115.2	121.9	126.7	131.2	131.5	130.6	130.3	123	111.2	100.7	91	82.3	73.5	69.9	64.5	48.3	37.6	31.4	25.5	22.6	21.8	21.6	24.4	29.8	36.9	38.2	41.5	49.2	55.1	52.3	44.7	50.1	98.3	169.9	224.9	248.7	255.7	278.9	280.5	278.3	277.7	280	282.5	277.5	282.9	282.1	281.1	280.6	280.2	273.9
326.3	324.1	321.9	316.7	313.1	310.5	308.7	306.9	304.5	300.9	297.9	295.9	294.7	281.5	269.5	259.9	250.5	245.3	230.5	218.3	218.7	215.3	214.9	158.7	101.7	75.7	67.5	59.7	45.4	39.6	34.3	27	24.7	26.9	25.1	27	40.3	60.5	88	111.8	130.8	146.2	154.7	156.5	156.3	158.1	156.1	150.6	143.7	136.7	130.7	118.5	104	90.5	89.2	95.9	98.5	105.9	113.8	115.5	111	109.7	111.6	111	113.3	114.3	116.9	108.4	100.7	103.1	100.6	105.3	126	137.6	139	133.5	125.1	115.4	116.2	115.7	107.6	112.7	124.3	125.3	125	128.4	130	143.5	158.9	165.2	175.4	196	219.9	244.7	266.6	278.2	274.5	272.2	264.8	241.8	215.6	186.7	163.6	153.2	144.8	138.4	128.2	120.8	122.2	125.8	119.3	108.3	103.1	87.1	81.3	95.9	102.1	105.9	110.6	113.2	112.2	104.8	97.4	90.2	84.8	82.8	84	79.6	84.1	90.9	100.1	101	91.6	81.4	74.2	66.9	65.9	62.4	59	57.5	64.5	77.9	90	100.8	108.1	116.2	123	129.6	134.5	135.2	133.3	131.9	126.3	118.2	104.9	95.9	87.5	76.3	69	62	49.2	37.1	33.3	29.8	26.7	24.9	23.4	23.9	26.1	32.8	37.1	39.9	45.7	53	55	48.4	60.4	102	151.8	224.5	267.1	259.9	269.9	278.4	280	280.9	279.7	281.9	282.5	264.5	282.9	280.9	283.7	284.5	272.5
325.3	321.5	321.1	316.7	312.9	310.1	307.7	306.3	303.5	300.3	297.7	295.9	292.7	275.5	281.9	271.1	255.5	253.7	229.9	220.1	220.7	224.7	233.7	182.7	126.7	83.7	69.1	59.7	46.6	38.7	32	28	25.7	29.4	33.7	37.3	49.6	70.7	93.7	114	132.6	148.1	160	162.9	163.5	166.6	167.1	161.9	155	145.2	133.9	122.3	109.4	103.8	103.2	103.3	110.6	120.5	126.7	124.7	123	121.8	121.2	121.2	121.2	117.8	119.2	113.3	109.5	111.3	109.7	116.1	131.1	138.5	139.2	136	128.3	119.5	119.9	123.2	116.7	117.7	128.3	126.8	132.5	136.4	144.8	160.4	167.4	167.2	176.7	197.5	221.5	242.3	260.8	272.2	269.1	265.1	252.6	232.6	208.4	181.6	162.4	153.7	151.6	147.2	136.8	126	125.5	125.3	122.3	121.2	116.7	101.1	101.5	117.3	118.9	118.7	122	122.5	124.3	124.1	119.5	116.7	117.9	118.1	121.6	114.5	115.7	117.6	123.7	118.2	103.1	96.9	96.1	89.8	83.7	76.4	71.1	70.2	71.5	79	89.5	102.6	112.5	121.4	132.9	137.1	139.7	139.6	138.9	135.8	130	122.3	110.8	97.9	89	78.1	70.3	62.7	49.2	36.5	32.6	29.8	26.8	25.7	25.4	23.4	25.7	33.6	38.3	40.6	45.3	47.4	48.2	48.7	67.2	104.9	171.8	259.8	281.2	261.3	257.9	277.7	279.6	281.6	281	282.1	280.9	269.3	278.3	275.8	283.9	284.7	283.9
326.9	323.9	322.1	318.3	313.9	309.5	307.5	305.7	300.9	298.7	294.7	296.3	293.1	271.5	284.1	282.3	264.9	257.5	234.3	221.7	223.1	228.7	226.3	194.3	145.3	89.9	70.3	52.3	43.5	37.9	32.4	30.1	27	28.7	35.4	38.5	49.8	71	94.8	118.1	134.8	149.7	159.7	164.8	165.7	163.3	164.9	162.4	157.6	149.4	135.9	124	115.1	110.8	114.7	120.1	126.2	135.3	140	139.7	138.3	133.5	130.9	128.3	127.9	126.1	121.8	117.8	112.3	106.4	113.1	128.3	134.6	132.9	128.2	122.5	116.5	112.9	116.6	127.9	132.5	125.2	132.3	142	144.8	146.5	157.8	170	173.6	169.3	176.1	194.9	215.9	236.2	252.6	262.2	261.7	262.2	251	227.6	203.4	178	159.5	152.1	154.6	150.9	144.5	137.4	132	125	122.1	124.1	119.8	117.8	115.7	107.9	102	102.1	104.2	107.6	110.5	116.3	115	112.7	117.5	118.4	124.4	119.8	116.4	111.9	116.1	115.7	109.5	108.2	112.4	110.5	102.6	100.7	95	89.8	88.5	89.6	95.6	107.4	119.7	129.9	136.3	141.2	142.4	143.5	142.8	138.2	133	125.2	115.3	102	90.7	81.8	72.6	62.9	49.1	36.9	35.6	33.5	28.2	27.2	24.7	21.6	23.9	32.7	38.3	41.1	43.4	45.4	45.8	52.1	83.3	115.9	160.5	247.7	275.6	275.2	266.7	266.5	268.6	278.9	280.3	282.7	283.9	283.7	280.8	273.4	278.2	284	283.3
328.3	324.9	321.7	318.3	313.9	309.5	307.7	304.7	300.1	298.7	297.5	295.9	287.9	290.3	289.7	283.3	272.9	246.5	236.3	228.7	233.5	250.3	235.5	193.1	137.3	90.1	70.7	53.5	45.1	37.5	32.6	31.1	28.7	30.1	39.8	47.6	63.2	80.3	97.1	121.7	137.4	146.4	152.4	154.7	155.1	155.1	157.9	160.1	159.9	157.3	149.8	138.8	128.2	122.6	123.7	127.2	128.9	134.7	140.7	141.9	143	139.2	135	134.7	136.5	133.7	130.8	125.7	120.9	119.7	126.4	136.5	135.8	128.6	120	115.4	110.6	112.7	121.4	135.2	145.2	139.8	143.6	157.6	167.5	167.6	177.2	179.7	173.6	173.2	179.2	200.5	224.8	243.1	256.2	267.6	269.7	268.7	254.5	222.2	196.1	171.7	157.4	154.7	159.1	160.1	159.4	156.6	146.9	140	132	129.1	124.4	124.3	120.7	111.7	102.6	100.5	104.8	107	112	118.9	116	116.3	117.2	113.9	114.6	119.3	119.7	116.4	121.6	120.9	118.6	118.1	118.1	117.4	114.1	115.4	112.4	104.8	100.7	98.1	102.6	111.3	124	134.1	139.6	143.9	145.5	145.8	147	142.7	136.5	127.6	118.4	105	94.2	83.1	72.2	61.8	47.7	36.6	34.2	32.3	28.4	27.8	25.5	22.6	25.9	34.6	38.6	41.9	42.1	42.8	44.3	56.5	92.8	127.6	178.6	242.4	265.5	270.1	274.1	266.2	256.6	268.4	279.8	281.1	282.9	283.3	278	273.4	275.5	282.3	277.8
328.3	324.7	319.1	315.3	311.9	308.9	305.9	303.1	299.5	299.1	296.7	295.7	287.1	293.5	288.5	266.7	269.9	263.7	246.3	235.1	225.9	242.3	244.7	221.1	159.9	107.4	69.5	50.9	45.6	40.5	37.8	34.4	31.4	34.2	42.5	51.6	66.8	81	100	126.9	137.5	149	159.2	159.8	160.1	163	166.1	170.1	170.1	168.6	163	154.6	148	143.2	141.2	144	145.1	144.9	141.5	139.5	142.8	143.9	140.6	137.4	135.1	132.5	129.2	127.3	131.8	131.8	125.6	122	115	108.5	106	107.9	116.5	127.5	134.9	141.6	151.1	159.9	165.1	170.7	179.8	187.4	188	183.2	176.8	174.9	177.3	191.1	216.5	241.2	254.3	267	263.4	260	259.7	225.1	193.5	168.9	155.3	154.3	160.6	164	167.6	170.2	162.5	153.2	145	140.1	136.1	133.7	131.3	123.3	116.8	112	108	106.3	111.2	115.1	117.8	124.8	125.3	126.9	125.5	129.5	132.1	129.2	131.1	127.5	125.3	125.4	124	124.2	126.5	126.3	128.5	128	122.6	116	116.5	124	129.9	136	143.9	147.8	148.7	152	150.5	147.6	141.5	132.5	120.9	110.6	99	86.6	75.2	60.3	46.9	37.9	36.6	34.9	31.2	26.6	25.6	23.1	24.6	33.3	39.7	41.5	42.6	44	50.8	69.8	117.7	162.3	207.1	250.3	273.1	266.7	273.4	274.7	251.6	256	279.4	275.6	274.1	279.7	280.5	281.7	283	284	281.4
326.5	323.3	318.3	313.9	311.1	307.9	305.3	302.5	299.1	298.7	296.7	295.9	291.7	294.5	288.5	276.5	280.9	280.5	272.7	242.7	253.1	267.3	263.1	233.3	179.5	122.8	70.6	56.1	50.4	42.7	40.3	36.5	34.3	38.2	46.8	59.2	76.2	85	103.7	131.3	142.1	156.4	169.1	169.6	172.3	175.1	177.2	177.2	177.3	173.6	166	157.8	153.9	152.4	153.3	152.9	154	153.3	144.9	141.5	141	138.5	130.1	120.1	115.5	110.4	106.8	104.6	114.9	118.2	110.6	112.5	113.7	114.6	121.1	129.7	141.1	150.5	155.9	165.8	175.6	182.1	188.7	191.3	197.1	198.5	190.4	180.5	174.5	175.9	179.7	192.9	216.8	240.6	254.1	266.7	260.4	259	255.4	224.1	194.1	163.8	150.7	155.1	160.8	165.8	173.3	177	175	172.7	166.2	157.6	151.7	147.4	138.6	129.8	126.2	118.9	111.7	108.5	110.7	114	117.5	125.3	131	136.3	135	139.2	139.4	137	136.6	134.4	136	135.9	133.7	134.5	134.2	134.8	138.1	145.6	144.8	136.5	133.8	137.6	141.6	147.7	149.9	153.2	155.7	157.1	154.2	149.1	146.5	136.1	124.5	112.7	101.6	91.2	77	59.5	45.2	38.1	35.9	36.1	31.5	27.7	27.3	25.1	26.9	34	37.8	37.5	37.3	38.9	50	79.1	134.4	191.5	238.5	258.9	281	278.6	277.4	275.1	260	255.7	270.4	269.5	265.5	280.5	282.1	283.1	283.9	283.5	282.7
325.1	322.3	318.1	313.9	308.7	305.9	304.7	301.9	300.1	299.1	297.1	297.1	297.3	292.9	287.7	283.7	283.5	285.1	276.9	255.5	270.7	276.7	266.1	240.3	210.5	141	76.5	60.9	53.3	46.3	43.2	40.3	37.2	39.7	43.2	58.1	76.8	83.9	107	136.9	146.2	157.5	169.4	171.5	177.3	183.1	184.5	185.9	182.5	176.9	174.7	174.3	172.1	175.1	171.3	166.6	168.2	165.9	166.4	164.6	159.6	153.6	145.4	137.5	132.7	129	124.9	127.6	132.2	133.9	137.6	138.8	145.3	150.3	151.2	161	169.4	176.2	182.8	191	200.6	201.4	198.5	195.4	200.9	201.4	191	181.5	178.5	174.8	177	191.5	214.9	242.5	256.9	267.4	261.2	261	262.1	229	197	166.1	152.3	152.6	155.5	163	174.4	177.5	177.7	178.4	173.8	170.4	167	158.8	148.4	145.5	142.7	139	142	143.2	140.4	138.3	135.3	133.1	133.6	138.9	142.5	144.5	144.3	141.2	140.8	141.6	143.5	147	147.1	146.1	148.2	149.4	150.8	157.4	161.8	158.3	153.3	152.7	158.1	160.5	163.9	165.9	163.4	161.4	162.6	157.7	154.1	143.9	127.1	114.9	103.7	92.9	79	59.3	45.4	40.8	36.5	37.7	33.1	28.9	28.7	27.4	29.2	34.7	38.4	38	37	38.2	54.5	105.9	159.8	199	251.8	265.4	275.7	276.8	274.7	275.7	273.2	267.8	257.1	275.6	280.2	281.6	281.9	281.2	278.8	279.2	266.5
325.1	322.3	318.9	313.5	308.3	306.3	304.5	300.9	300.5	298.9	297.1	296.7	296.5	292.3	280.5	282.5	283.7	285.1	283.7	268.9	283.7	272.5	247.7	245.1	235.7	169.2	88.4	64.9	58.8	50.3	45.8	44	42.6	41.1	46.7	71.9	83.4	86.7	108.8	139.2	146.6	158.4	170.4	172.7	180.1	185.6	183.6	184.1	182.5	183.7	186.9	187	182.1	178.6	177.9	178.9	179	181.5	183.6	180.2	177.9	174.4	171.4	168.6	165.9	160.5	155.7	160	162.9	162.1	164	165.8	170.8	171.8	168.7	175.6	186.6	196.9	201.2	205.5	209.9	210.9	205.8	201.5	200.8	194.6	184	176	173.2	173.6	180.5	194.9	219.7	243.9	259.3	268	264.1	267.3	261.4	226.8	199.7	169	151.6	150.9	153.8	164	175.5	179.3	180.7	181.2	180.1	181	183.6	180.4	168.6	166.8	160.9	155.2	152.4	148.2	146.8	143.1	140.1	137.6	135.2	134.2	137.5	135.4	135.1	134.4	131.8	134	136.4	139.3	143.2	147.9	153.8	158.7	162.8	161.3	166.1	170.8	169.3	167.9	166.5	162.6	165.3	169.2	167.1	163.7	165.3	161.2	153.5	141.2	128.3	117.9	107.2	93.7	79.8	57	44.9	40.4	37.4	38.3	34.9	33.1	30.9	31.5	32.8	34.3	34.2	33	34	37.6	58.1	122.7	173.8	215.5	261.5	261.2	275.4	276.5	277.5	276.3	273.3	269.1	258	274.8	280.3	280.7	279.8	279.5	277.4	278.3	263.1
328.1	321.7	317.3	312.9	308.7	306.5	303.1	301.1	300.7	291.5	282.5	296.5	296.5	279.7	260.9	277.1	273.5	283.7	283.9	268.3	283.7	279.7	261.5	259.7	266.5	211.1	109.2	93.4	82.3	57.6	51.4	48.7	46.3	41.6	46.2	73.8	86.2	86	107.3	138.3	149.7	162.7	169.6	175.8	183.8	186.1	182.3	185	190.5	196.4	197.9	196.4	189.4	185	190.3	189.2	187.3	190.4	194.4	193.9	191.3	191.5	196.3	196.1	193.1	188.8	185.2	190.4	189.5	191	191	188.4	188.8	190.1	193.5	196.8	206	214.5	217	216.9	215.5	211.5	204.7	201.9	202.5	197.9	184.6	173	168.7	172.9	185.2	199.4	224.9	247.5	262.2	268	263.7	265.7	259.1	228	205.1	177.8	153.5	152.6	156.2	161.4	170.9	182.3	184.4	187	188	188.6	193.8	195.4	189.3	187.4	183.7	179.3	171.5	165.5	163.1	161.1	161	162.4	166.2	169.1	167.8	165.2	166.2	168.9	169.2	170.8	169.4	167.7	164.3	167.4	171.7	173.8	176.2	172.6	169.5	176.1	180.9	178.3	174.7	171.4	170.6	172.2	173.2	169.8	167.7	163.3	156.3	146.5	132.3	118.8	108.5	97.3	82.2	56.9	43.5	40.2	38.6	38.8	35.5	33.6	31.9	32.5	32.9	34.4	35.3	34.9	35.5	43.3	72.4	139.6	197.5	221.1	242	244.8	253.2	265	276.2	275.7	273.8	268	253.9	256.1	278.2	275.5	261.3	265.9	281	281.8	279.8
328.9	321.5	316.3	311.9	308.7	306.5	302.3	301.1	300.7	290.5	290.7	298.1	296.5	274.9	264.5	278.1	268.3	280.5	282.5	274.5	284.3	284.7	281.9	283.9	282.7	223	124.9	109.5	93	59.3	53.4	50.4	45.9	39.1	53.8	83.1	86.4	86.2	108.7	139.8	149.4	158.5	169.3	178.8	186.2	188.5	193.7	197.9	199.4	202.2	198.2	193.8	195.7	198.6	200.2	200.8	201.9	200.9	203	209.9	207.4	206.9	208.7	208.7	212.8	210	204.6	208.9	207.2	210.3	214	214.6	218.4	222.2	224.3	224.8	225.1	227.2	225.9	219.1	216.9	211.6	201.7	204.4	204	189.7	177.5	169.6	169.7	180.2	192.9	209	228.8	247	261.9	267.8	261.5	262.9	249.5	224.6	203.9	181	157.1	151.4	156.5	164.4	172.2	182.2	190.4	190.3	192.4	192.7	199.5	202.3	200.5	202.8	204.1	201.8	199.4	196.4	195.7	189.1	184.4	182.6	180.4	181.2	180.1	173.6	172.1	176.1	179.6	182.5	184.1	186.3	184.5	183.7	187.2	184.6	181.7	183.8	182.4	179.3	176.5	180.7	179.3	177.8	178.4	179.5	177.4	175.6	169.3	161.6	154.7	147.3	134.8	122.2	111.9	100.5	85.3	60.2	46.2	42.4	39.6	38.6	37.4	36.7	35.1	37.4	34.6	34.3	33.6	31.3	37.1	53.2	82.2	146.4	201.7	239	250.7	241	250.1	260.4	266.8	276.2	274	273.8	259.1	260.9	277.2	276.3	262.8	264.7	281.4	282	279.9
325.1	319.7	316.3	313.1	309.7	304.9	302.1	302.5	300.3	298.3	297.1	298.3	296.1	291.1	287.7	285.3	280.9	283.3	279.1	270.7	283.9	282.5	261.5	282.5	272	238.3	175	127.7	108	75.7	62.1	55.6	51.9	41.4	52.9	86.1	88.4	86.3	110.9	138.8	147.2	161.1	173	184	189.1	195.1	202.3	202.9	202.4	204.7	200.1	198.8	204.9	208.9	210.7	218.4	220.4	219.7	222.7	221.2	225	227.5	227.3	233.3	236.4	230	226.6	229.2	229	231.4	236.5	241.6	241.4	243.5	244.6	241.5	239.3	234	231.2	221.8	212.7	205.5	204	208.7	201.7	185.5	173.9	168	170	178.6	193.4	213.1	231	243.2	256.5	261.4	257.1	259.6	252	228.1	200.8	184.2	162.9	150.8	153	158.9	172	184.5	192.9	193	197.6	200.3	206.7	213.1	212.8	213.9	216.4	217	220.5	219.1	212.2	208	207.4	204.5	201.4	199.6	197.4	194.4	192.9	196.4	195.1	194.3	194.8	196	195.5	193.2	193.3	193.6	191.1	192.9	195.2	190.7	183.9	184.8	188.9	186.9	185.4	186.3	181.3	178.4	173.7	164.2	155.9	146.8	138.9	128	113.7	101.5	88.8	63.5	45.4	44.5	40.7	38.7	39.5	36.6	35.3	36.9	35.5	33.6	34.7	36.4	45.5	85.3	126.8	151.2	183.6	225.1	255.2	260.7	273.5	272.6	261.2	275.2	276.5	275.2	276.7	278.1	281.5	282.6	264.7	256.5	255.7	267.9	277.6
322.5	319.5	317.9	314.9	311.9	307.7	303.5	302.5	300.7	298.3	294.9	295.3	296.7	292.5	289.1	286.3	284.9	284.3	279.3	268.7	280.7	267.5	256.1	277.7	273.5	247.4	184.6	130.8	106.3	83.5	68.1	56.8	51.2	43.8	66.6	90.4	89.4	88.1	113.7	138.9	145.5	159.3	172.8	184.2	192	196.8	202.6	202	203.7	203.9	206.6	213	216.8	218.6	221.9	224.6	227.2	227.5	231.4	232.8	235.1	236.9	238.5	241.5	242.3	241.5	239	240	241.3	239.6	243.5	247.4	250.4	250.3	249	244	241.4	236.8	233.4	224.8	212.1	205.5	206.5	205.5	193.7	180.5	174.1	173.9	175.1	180.3	198.7	216.7	232.7	245.3	255.9	259.8	258.2	258	244	218.9	194.8	182.8	169	155.8	153.7	160.8	176.6	189.3	191.9	192.9	196.3	199	204.5	212.9	215.8	219.3	224.5	227	231	231.1	226.9	228.1	231.8	230.4	228.7	226.7	229.1	228.1	227.5	229.3	229	222.4	222.1	218.4	215.3	213.3	209.5	206.7	202.9	202	203.5	199.9	198.1	196.9	195.9	192.1	190.7	188.4	185.3	183.1	178	168.7	158.9	146.3	138.7	129.2	118.5	106.9	92.2	67.3	47.4	47.4	44.4	42.8	41.5	41.6	39.5	39.7	38.3	34.9	33.7	40.2	56.7	103.1	144.5	160.7	192.7	224.3	251.9	253.9	272.6	274.6	273.3	279.3	278.8	277.6	277.6	277.8	280.1	281.1	268.4	256.7	254.8	264	274.1
322.3	322.5	318.7	314.7	309.1	303.7	302.9	301.7	298.9	298.1	298.3	297.7	294.5	291.5	281.5	275.1	284.9	283.5	281.7	275.9	276.3	274.3	280.3	283.3	275.9	242.9	175.6	127.5	113	104.4	91.8	77.6	64.9	54.8	73.3	95.5	92.2	88.8	112.3	138.7	149.9	168.6	178.3	188.2	193.8	196.5	199.1	203.2	208	208.6	210.8	218.7	222.7	225.4	230	230	231.2	232.7	237.1	240.5	243.3	250.7	252.3	252	252	249.8	250.3	253.5	255.7	253.7	252.5	255.9	260.8	261.9	258.3	253	249	242.1	231.9	220.9	211.9	208.1	208.9	207.4	191.5	179.5	177.1	175.5	178.3	188.5	203.7	220.5	235.7	248.6	258.7	261.1	261.2	258.2	240.9	218.8	195.5	182.6	174.8	162.8	157.1	162.5	173.3	184.7	188.8	193.8	197.4	203.3	209.9	217.2	224.1	226.8	231	232.6	236.4	239.8	238.7	238.8	239.2	237.5	242.4	243.9	242.2	243.9	245.8	244.8	240.8	237.6	239.5	237.2	231.9	224	224.9	220.1	216.1	214	205.5	201.8	203.1	201.3	200.1	199	196.8	194.2	189.4	184.9	179.9	171.5	162	150.2	137.7	129.6	120	108.8	98.3	70	47.5	47.6	47.4	45.9	46.5	44.8	42.2	47.4	50.2	53.2	57.2	67.8	89.9	131.4	170.1	194.7	214.7	239.7	270.6	265.2	249.3	264.7	278.5	281.2	280.9	279.5	281.2	280	275.6	274.7	270	271.3	278.2	277.3	261.7
324.9	323.9	319.3	314.7	308.9	300.1	302.9	301.1	299.1	298.1	298.3	297.1	293.9	291.5	267.3	263.9	284.7	283.5	277.5	276.9	277.1	283.3	286.5	284	274.4	228.3	173.9	122.9	109.1	107.9	97.3	88.2	73	66.3	90.2	98.9	93.2	90.8	113.8	140.7	151.5	169	179.3	185.1	190.4	196.3	197.1	203.1	211.9	212.2	215.7	219.9	221.6	227.5	232.6	234.3	235.3	235	238.7	241.3	247.4	252.7	252.8	254.5	257	254.8	254.5	256.2	257.3	257.5	257.7	261.9	261.7	261.7	256	251.5	248.6	243.8	233	217.7	212	210.4	206.6	205	187.8	177.2	178.5	179.5	183.5	193.1	204.4	219	236.7	250.5	256.2	259.1	259.8	250.1	232.1	214.6	195.3	185.4	177.1	167.7	160.5	164.1	177.2	186	185.2	191.8	197.6	201.6	210.6	216.2	225.3	229.4	232.1	238.1	245.1	249.2	248.3	248.2	249.5	249.7	254.5	255.9	259	261	259.5	259.4	256	253.9	252.3	248.7	244.2	238.7	234.5	227.2	222.1	225.1	214.6	201.5	198.1	201.5	202.3	203	203.8	199.9	192.6	185.7	178.7	172.2	162.7	152.4	140.5	131.7	124.7	112.6	99.5	72	49.3	48.5	48.3	48.5	52.5	49.4	48.6	54.6	59.9	66.9	78	94.1	130.4	171.8	212	245.8	248.4	255.8	264.2	264.4	248.6	252.3	273.4	280.3	278.4	277.2	279.6	278.9	267	267	268.3	273.8	280.3	280.7	261.2
328.9	325.5	321.1	314.5	308.1	304.3	302.5	301.1	300.5	292.3	279.3	278.1	293.7	280.1	264.7	275.3	285.1	284.3	283.1	278.7	275.3	286.7	285.9	284.4	249.8	194.8	157.5	100.9	87	96.1	100.1	98.6	93.8	77.9	96.7	105.5	97.1	91.6	114.7	142.2	153.4	169.5	182.1	184.6	187	192.9	196.7	202.6	211.4	215.2	218.5	221.3	221.3	228.1	232.3	235.3	239.6	240.6	242.6	249.3	254.9	258.4	263	259.6	263.5	264.9	260.9	258.8	260.9	264.5	263.4	263.7	261.7	262.5	257.6	252.2	249.4	243	232.1	219.4	212.4	205	206.3	201.7	184.7	180.3	179	179.7	186.8	195.4	203	212.7	229.5	247.8	255.5	256.6	257.2	249.7	234.3	216.8	201.2	188.3	178.9	170.9	165.2	163.8	174.3	185.6	185.7	192.9	200.5	202.9	212.2	219.3	225.3	237.3	242.7	246.3	249.7	251.8	254.9	257	257.3	257	258	258.6	263.5	267.4	262.3	262.3	263.8	259.2	256	255.8	256.1	252.4	246.8	239.4	230.6	228.3	224	207	201.9	205.5	206.1	204.4	206.5	202.2	194.7	188.5	179.9	172.2	165.5	153.4	144.2	135.1	126.1	115.7	100.1	73.9	51.1	49.9	50.3	53.9	61	60.7	63.1	71	76.7	81.7	93.5	107.9	133.1	163.9	213.7	258.6	260.4	261	266.2	272.2	272.8	255.1	247.9	256.7	266.6	274.6	278.7	277.5	277.2	272.9	274.7	282.9	283.1	281	281.1
329.1	325.3	320.9	313.7	308.7	304.5	303.1	301.7	300.9	298.1	283.5	284.7	293.7	277.7	270.7	283.1	285.3	284.5	283.3	282.9	272.9	284.7	285	284.4	241.4	186.8	144.1	85.5	76.2	82.1	89.6	95.8	91.9	87.8	110.6	107.7	96.7	91.7	115.5	145.6	152.2	169.2	183.4	185.3	188.2	196.1	200.8	204.6	209.5	212.6	216.1	220.9	221.4	228.1	232.5	233.3	238.3	242.2	246.1	251.4	255.7	260.9	263.9	262.8	266.1	266.7	263.5	263	263.9	265.2	263.6	258.5	258.6	262.9	262.3	257.1	251.6	245.1	232.3	222.7	212.7	206	206.4	195	182	178.8	177.1	179.6	187.4	195.7	203.4	214.6	230.3	246.6	253.5	254	253.2	248.8	235.4	217.7	202.7	190.7	182.9	173.1	167.7	165.7	172.6	180	183.4	191.6	197.2	205.1	214.6	219.4	229.3	242.9	249.7	253.5	259.2	258.1	256.5	256.1	258.5	259.7	259.2	258.8	262.2	266.5	263.2	263.4	266.8	261	259.6	263.3	264.3	258.5	253.3	248.5	239.5	232.5	225.9	214.8	210.3	210.1	206.5	204.2	205.1	202.2	195.5	188.1	178.1	170.8	163.4	152.7	146.5	137.8	131	121.8	102.6	71.3	49.3	49.4	49.3	57.9	66.3	63.2	65.7	77.2	91	115.6	143.1	156.6	170.5	181.8	216.2	255.8	264.4	271.5	277.5	273.2	270.5	259.9	248.6	248.9	257.4	270.7	277.4	278.5	277.6	279.1	279.2	281.9	283	280	280.2
327.5	324.1	317.7	312.9	308.1	305.7	305.9	303.9	301.5	297.9	297.9	296.3	294.3	292.1	287.9	283.7	285.7	284.9	283.9	282.8	269.1	273.1	286.1	277.5	237.2	192.1	148.7	87.4	69.6	67.7	65.8	74.6	79.4	91.7	122.6	121.5	102.6	92.1	102.7	135	156.3	168.4	182.6	187.5	187.4	196	199.9	203	208.2	210	212.3	216.2	224.5	230.3	232.5	234.4	236.3	238.7	244.6	253.1	256.9	264.6	266.8	265.8	266.7	266.4	263.8	266.5	271.7	271.4	269	265.5	257.8	261.2	263.8	261.9	248.8	243.4	235	223.3	215.5	205.9	200.5	198.2	185.6	176.5	173.5	175.1	184.4	193.1	202.2	212.5	226.5	239.1	244.6	248.8	250.2	244.6	233.1	221.5	205.1	192.5	184.6	176.1	171.3	173	175.2	176.9	180	183.6	186	194.2	202.4	214.2	223.6	232.5	248.5	257.9	262.4	264.5	263.3	264	261.8	261	259.6	258.1	259	259.6	260.8	262.1	263	259.6	263.9	263.6	263	262.4	262.3	255.7	249.8	243.9	233.8	223.4	216.2	214.1	208.2	202.4	201.1	199.6	193.2	187.8	177.8	170.3	165.2	157	149.5	139.8	132.8	125.5	108.9	89.6	62.2	48.9	48.5	55.4	67.6	69.3	73.7	80.9	101.7	130.8	152.3	154.9	151.4	156.2	174	208.4	238.6	263.2	274.1	273.9	267.1	264.6	268.6	258.5	248.6	269.6	276.3	277.8	278.2	278.5	276.5	276.4	278.3	279.1	280.1
327.9	323.7	316.7	313.5	308.7	306.3	306.3	303.9	301.7	298.3	297.7	296.1	294.5	291.9	288.1	285.9	285.7	284.9	280.7	262.1	255.4	280.9	284.3	269.5	226.9	173.4	137.7	82.4	67.8	61.7	56.5	64.8	77.7	97.4	125.6	114.3	94.5	91.7	115.4	146.5	157.1	169.5	181	184.8	189.4	194.7	196.3	198.4	204.9	207.8	211.2	219.4	225.8	229.7	233.4	233.3	235.1	240.1	244.9	251.8	260.5	266.5	263.3	262.3	261.6	262.2	265.2	271.2	277.6	271.2	269.4	263.8	262.4	265.4	261.7	253.9	241.1	226.6	217.5	210.4	197.6	189.3	189.2	181.2	172.5	172.3	169.9	175.2	186.4	195.8	205	216.8	230.4	239.5	243.5	245.6	249	242.8	230.7	216.3	201.7	188.9	180.2	173.6	171.3	172	173	174.2	175.4	176.5	183	188.3	198.1	210.1	215.3	232	248.7	257.6	264.4	266.4	266.6	264	264	263.5	259.9	261.6	260.7	260.6	264.3	262.4	261.1	260.3	260.4	262.7	259.7	258.8	260	258.1	252.8	244.1	230.5	223.8	216.2	213.1	210.4	203.6	198.6	195.2	188.1	181	174.2	169	161.8	157	153.3	141.9	136.3	132.5	109.8	74.1	46.2	44.8	48.5	62.2	75.5	76.4	77.6	101.3	147.6	156.2	150.4	145.5	143	151.8	169.9	215.3	244.9	252.6	276.2	277.2	265.9	270.7	268.9	250.3	263.9	276.8	279.1	277.2	279.1	280.6	277.7	270.3	279.5	279.8	280.8
327.9	320.1	312.7	312.1	309.1	306.9	306.5	304.7	302.1	298.3	298.1	295.7	293.9	292.1	286.5	285.7	285.9	284.9	268.2	247.4	260.3	278.5	284.9	286.1	247.3	175.7	141.7	88.3	70.2	64.7	59.1	61.6	64	84.6	124.4	123.9	100.2	91.8	120	154.4	156.7	163	174.1	180.5	185.8	190	194.6	197.5	200.4	203.8	208.2	216.1	222.6	227.2	232	232.3	236.8	242.6	246.2	248.9	253.5	255.8	253.6	259.8	261.7	265	269.5	270.7	271.6	270.2	268.2	267.7	265.5	264	256.3	252.4	245.1	229.1	210.1	199.6	193.2	182.6	179.3	172.2	167.2	167.8	168.3	174.3	185.1	194.9	202.7	212.7	225.7	237.3	244	245.1	242.3	238.4	226.3	213	202.4	189.4	177.8	169.1	166.3	166.2	170.6	173.5	177.4	181	186.8	187.4	189.1	201.6	212.2	229.5	242.7	254.8	258.3	260.4	269.3	266.5	265.1	263.7	262.7	267.1	267.2	264.1	261.5	259.8	258.5	259.1	260.9	262.2	258	254.1	254.4	254.4	250.2	240.4	224.5	220.2	221.8	212.9	208.3	205.5	196.3	188.2	184.8	179	173.2	168.4	161.3	158.7	156.4	147.1	138.2	132.2	114.3	81.5	49.5	42.6	51.9	69.7	81.5	81.3	77.1	102.5	131.6	134.5	134.9	136.5	134.7	131.8	150.7	200.3	248.5	263.8	279	279.4	278	277.7	280.2	271.9	265.7	267.9	257.9	273.9	277.1	277.5	275.9	258.3	257.1	270.7	281.9
326.3	318.9	307.1	312.5	309.1	307.3	306.7	304.9	302.1	298.3	297.5	295.1	291.9	292.3	285.1	285.9	285.7	284.7	269.8	255.4	271.1	284.3	284.5	285.3	241.9	178.7	134.6	86.3	72.4	66.2	61.4	62.4	65.7	86.4	122.2	123.3	103.3	93.6	123.1	154.2	155	161	173.2	178.4	182.8	186.7	188.5	191.9	198	202.4	207.1	214	221.2	227.5	230.6	231.5	237	243.5	246.9	247.5	250.6	250.7	251.3	258.4	263	268.2	269	269.3	272.2	268.5	264.6	264.5	257.5	252.9	244.4	233.9	228.5	216.8	197.5	185.2	181.4	177.2	176.4	168.4	163.5	162.8	166.9	175.8	187.4	195	204	213.6	223.7	236.9	243	241.2	238.3	237.3	225.8	214.4	205.1	193	176.4	168.5	165.7	163.7	168.2	173.1	174.7	177.1	181.4	180.2	182.8	194.9	205.6	220.5	235.6	248.7	252.6	261.5	268.7	268.5	263.9	263.5	265.6	267.3	266.5	264.7	263.5	261.8	260.2	261.4	259.5	259.2	258.4	252.6	249.2	249	242.7	232.3	218.1	214.3	215.7	209.3	201.3	199.5	193.2	188	181.4	175	172.4	164.5	159.3	158	157.7	152	142.6	138.9	116.6	81.6	51.9	42.8	51.1	70.4	82.7	84.3	82	123.7	134.7	122.8	126.5	124.5	122.6	130.7	155.1	200.5	260.3	277.5	279.9	279.6	278.5	280.7	280.7	277	275.6	267.7	249.7	267.4	276.6	276.3	276.3	262.8	255.3	271.1	278.8
320.9	316.3	315.9	311.9	309.5	309.5	298.9	303.9	301.7	297.3	297.5	286.3	289.5	291	288.7	285.7	285.3	284.5	281.7	283.9	283.1	283.7	284.7	272.9	239.1	188	140.6	93.1	79.2	72	67.5	76.3	79.8	89	107.4	115.8	113.6	102.3	129.1	153.6	152.2	162.2	170.7	175.1	180	182.9	184.7	190.2	198.5	202.3	205.1	211.9	216.3	224.6	229.7	230	236.3	243.4	246.9	248.5	248.9	251.9	254	262.1	265.5	265.3	267.4	267.9	268.7	267.6	255.1	250.7	250.2	243.1	238.1	231.5	223.1	212.2	193.8	182.5	176.4	179.2	174.4	165.9	160.2	160.5	164.1	176.3	188.4	194.2	201.2	212	224.8	237.7	244	244.5	242.1	238.8	234	218.3	203.4	194	182.9	171.1	165	159.1	160.2	164.6	168.3	172.9	178.8	179.4	176.4	183.5	196.9	213.5	224.7	233.1	242.7	259.1	270.6	274.2	269.2	267	265.7	261	263.7	265.2	261.8	261.3	258.9	256.9	257.1	255.4	253.4	252.4	247.5	245.7	241.5	230.3	219.3	212.8	206.8	203.1	198.3	195.8	191.2	188.5	182	173	164.9	160.9	159.3	157.3	155.5	152.1	143.3	136.8	122.1	84.3	53.7	49.9	58.9	75	86.2	82.3	67.8	112.3	133.2	130.4	131.4	125.5	125.7	132.8	151.8	194.2	248.7	270.8	287.7	282.3	277.4	279.1	279.8	277.9	277.6	276.7	273.5	275.2	279.2	277.4	274.1	274.9	257.5	274.2	275
319.5	315.5	314.3	310.7	309.3	305.3	299.5	304.7	301.1	299.3	297.5	277.9	288.7	291.6	288.7	285.9	285.3	284.7	284.7	283.9	283.3	283.9	284.5	278.5	247.5	194.5	131.1	97.6	85.1	76.5	68.7	81.9	84.7	95.3	106.7	109.5	114	105.9	131.4	154.8	154.6	161.1	169.6	172.8	176.6	180.6	185	189.3	195.1	199.9	201.7	206.3	211.7	222.3	227.7	232.3	237.4	241.6	246.6	250.9	252.5	255.7	257.6	261.6	265.7	266.3	267.4	267.7	263.3	261.2	247.8	240.5	241.6	234.3	226.8	222	215.5	203.6	187.3	189.5	193.5	191.8	185.3	177.3	170.3	165	169.7	179.7	187.4	194.8	204.9	217	232	238.1	244	246.2	242.9	238.9	231.3	222.3	204.2	192	184.3	173.1	165.6	160.5	160.3	167.4	173.1	177.9	183.8	181	173	177.4	190.5	207.3	217	226.9	239.2	253	269.1	267.5	266.3	268.1	266.4	262.6	262.6	265.3	261.7	259.9	256.6	255.7	257.8	257.6	251.4	249.3	244.9	241.7	238.4	225.1	217.4	211.2	201	199.5	197.1	188.9	184.1	182.1	175.2	168.3	161	159	158.1	156.8	153.9	152.8	145.1	138	122.1	81.7	52.1	50.6	59.7	76.8	84.8	77.4	75	127.7	135.3	131.5	133.2	135.1	135.8	137.3	151.9	196.9	246	268.9	285.7	282.2	277.4	278	278.8	278.1	277.9	276.3	275.7	277	280.3	279.5	275	275	269.1	267.6	273.9
321.7	316.5	313.1	311.5	310.7	308.1	306.9	304.3	300.5	300.3	279.5	276.5	292.8	275.3	278.3	285.9	285.1	284.7	284.7	283.1	276.7	282.8	283.6	283.8	276.9	228.3	145.1	108.5	95.1	87.1	80.3	90.2	94.9	106.2	120.8	110.6	112.4	112.2	135.2	156	152	156.8	167.1	171.1	175.2	177.3	182.5	185.4	187.8	195.9	198.3	200.8	209	221.7	230.1	233.2	235.6	241.2	246.8	249.9	253.4	255.1	258.2	261.9	264.8	266	265.9	260.8	256.3	254.5	247.5	239.4	236.5	232.4	221.7	210.8	201.3	193.5	185	186.7	189.9	184.7	177.6	175.3	171.5	167.9	172.2	183.6	187.2	192	202.1	214.8	229.9	241.3	246.7	250.3	251.6	245.7	236.4	228.9	207.1	194.3	186.9	178.8	168.3	160.5	156.9	161.9	162.9	167.5	175	178.4	174.9	174.4	180.8	195.6	205.1	213	227.4	241.6	253	260.3	270.6	263.4	267.6	268	270.4	266.8	262.8	260.9	258.4	255.5	254.5	256.3	250.9	249.1	246.4	232.7	223.2	217	215.4	208.3	203.4	197.5	190.6	183.8	181.2	176.6	172.4	167	161.6	157.7	153.6	154.6	152.2	148.6	146.6	139.6	126.5	85.3	54.2	59.2	72.1	75.8	66.8	64.8	76	132.4	145.7	136.4	135.7	140	139.9	141.6	158.5	209.5	246.3	240	254.4	276.3	280	275.5	264	278.9	270.8	253.5	268	276	278.2	279.3	264.4	270.5	271.1	255.6	256.4
321.9	316.7	312.9	312.3	310.9	308.1	307.3	303.9	300.5	299.2	285.6	277.3	293.5	278.5	269.9	286.1	285.1	284.9	284.2	282.4	264.1	278.3	283.5	284.7	284.3	251.3	172.7	121.1	100.6	94.2	88	91.7	101.2	117.8	128.4	119.3	118	117.6	129.3	148.3	153.8	158.1	165	167.8	175.3	177.5	178.9	183.1	185.1	193.6	196.2	201	210.6	218.3	225.2	228.2	232.5	239.2	241	247.4	252.1	251.3	256.1	257.9	260.7	262.8	257	250.2	244.3	240.9	238.8	228.4	221.3	220.9	213	201.1	193.3	188.1	193.5	198.2	196.6	189.8	183.9	176.3	169	170.3	177.1	185.2	185.2	192.1	201.1	213.7	228	239.8	247.1	248	251.7	252.9	242.6	220.3	204.7	191.8	186.1	180.7	174.2	166.8	165.1	166.3	166.4	169.9	173.6	177.1	175.3	170.9	176.1	184.4	193.6	200	211.5	224.6	237.5	249.8	255.8	255.7	259.9	264	269.5	271.2	266.2	263.2	259.5	254.5	249.7	249.9	242.5	244.5	240.6	229.8	219.6	211.2	206.3	204	201	196.5	186.9	180.9	178.6	172.9	168.4	166.5	160.7	156.2	152.9	154.4	151.2	149.9	147.1	142.7	129.6	95.3	62.4	56.4	66.4	74.8	66.9	62.7	77.7	130.5	153.5	146.8	140.6	140	141	142	154.3	192.9	239.4	245.4	244.3	261.7	276.9	271.7	258.4	271.4	279	266.9	257	260.7	277.6	265	260.4	262.6	254.8	249.9	257.1
316.5	308.1	313.7	314.7	312.5	310.3	308.3	303.5	297.8	293.3	296.3	295.1	295.1	293.1	290.3	286.3	285.3	282.4	282.4	280.4	274.5	282.8	283.7	284.5	282.9	269.2	162.4	120.1	114.4	109.7	100	102.1	104	115.8	131.6	131	124.5	118.5	141	156.1	150.9	151.5	159.3	167.7	172.1	175.1	178.1	179.3	181.6	189	194	201.8	209.4	216.8	222.6	226.3	232.6	233.6	238.2	244.6	245.7	243.3	245.8	245.2	248.7	249.5	247.7	239.5	233.7	231.4	225.3	216.3	210	206	199.5	193.6	189.9	185.4	183.5	186.8	185.4	187.5	194.4	193.6	185	181.8	184.4	188.7	187.9	189	197	208.7	225.7	246	255.2	252.9	254.4	254.9	235.3	218.4	202.5	190.2	184.7	183	175.1	170.2	169.6	172.1	174.5	171.1	165.5	165.5	168.1	168.6	171.8	181.4	190.5	195.1	206.9	219.9	228.4	242.1	243.9	239.8	246.9	259.5	271.7	264.3	252.4	251.5	249.4	243	249	252.5	238.6	234.5	233.4	225.8	215.3	200.4	201	201.3	194.4	187.2	183.5	180.7	173.1	165.3	163.8	162.6	156.4	152.6	150.2	149.6	149.7	149.4	147.2	141.4	130.7	89.2	61.4	70.3	65.7	57.1	61.2	78.8	94.8	136.6	162.8	152.6	151.3	156	156.4	155.5	188.1	252.5	256.9	238	242.2	271.1	269.6	263.1	270.6	273.2	276.5	255.3	242.7	271.4	266.5	256.8	260.1	268.6	277.7	273.9	278
312.9	310.5	313.7	315.5	312.9	310.5	307.7	302.3	299	298	297.5	295.1	294.9	292.9	290.3	287.1	284.9	282.6	282.4	276.8	280.4	278.8	281.9	279	282.6	265.1	163.3	122.8	117.4	114.9	107.8	108.8	106.8	118.5	131.4	129.6	126.6	120.2	141.5	156.5	151.3	152.2	155.8	165.3	169.4	170.4	173.4	172.9	177.4	185	190.8	197.4	202.2	212.1	219.4	221.4	226.4	229.8	231.9	237.2	237.1	235.8	233.6	231.2	234.6	232.4	229.5	225.1	223.8	219.3	213.7	206.4	201.1	197.4	195.7	195	185.8	182.5	187.4	186.8	183.4	187.8	195.3	189.5	182.2	184.3	185.3	184.3	184	188.5	193.1	202.1	214	233.6	244.3	240.4	240	237.5	225.7	212.1	198.6	188.7	183.9	179.5	174.8	170.3	172.7	174.4	179	178.3	168.6	162.2	166.8	169.2	171.6	180.8	187.7	193.6	198.4	210.1	219.2	232.4	233.1	228.1	236.9	247.8	256.1	254.4	243.3	241.7	243.2	237.5	238.6	239.4	231	226.7	227.4	219.5	209.4	198.6	195	194.8	188.6	181.9	179.7	178	169.6	164.7	162.8	159.4	155.5	151.3	147.5	146.4	148.1	146.8	146.3	142	132.5	92.3	64.8	69.7	63.1	61.5	73	87.2	99.8	135.5	155.8	156	156.1	159.2	160.1	157.9	197	252.2	248.2	238.2	236.9	262.7	271.6	272.4	278.3	274.3	272.5	252	244.8	270.7	275	265.4	267.1	276.3	276.9	276.5	277.4
319.7	313.5	314.7	316.3	310.1	298.5	297.7	303.1	301.5	299.5	297.3	296.1	295.9	293.7	291.1	287.2	283.3	281.3	283	284.4	272.9	275.7	279.5	273.7	279.1	264.2	190.4	141.2	127.2	126.1	121.2	120.4	116.3	118.1	125.8	124.7	120.5	119.2	145.3	156.5	147.7	146.1	151.1	161.5	164.8	165.6	167.7	170.7	175.8	182	184.9	190.1	193.9	204.1	210.6	213.5	220.4	223.6	227.5	230.2	227.3	223.9	221.2	224.3	226.1	219.9	218.5	215.6	211.1	205.9	204.2	199.8	196.6	194.7	191.9	191.9	182.2	172.1	173.8	175.2	187.7	205	205.9	198	190.3	186.6	184.7	180.3	177.8	181.1	187.2	197	205.1	217.1	222.6	219	220	218.2	213.5	205.6	193.8	184.9	180.8	176	172.6	171.9	174.9	175	179.1	185	179.6	164.9	156.1	158.1	160.6	170.1	181.1	188.2	192.1	203.3	210.5	217.8	219.7	218.9	224.4	231.3	234.9	235.4	231.8	230.2	234.4	242.6	237.5	227.7	223.4	217.7	220.8	218.3	208.9	198.3	193.3	189.4	184.6	179.4	173.2	171.8	168.8	164.1	161.3	157.5	154.7	150.9	145.2	143	144.8	141.8	141.4	139.9	135.8	101.6	64.7	59	61.9	75.1	86.7	95.5	100.6	138.8	164.6	163.6	163.2	165.8	164.7	170.5	226.6	257	250.7	257.7	243.5	271.1	278.7	279	276	274.2	273.1	255.5	238.4	249.7	261.7	269.4	277.5	276	276.5	276.5	276.9
321.5	313.5	312.7	315.5	309.3	300.5	302.9	301.5	296.3	299.7	294.9	296.3	296.7	294.3	291.1	286.7	283.1	281.5	284.1	280.3	272.5	283.5	283.7	283.3	283.3	275.7	226	157.2	128.4	131.4	135.4	144.8	139.7	129.3	121	121	116.4	117.1	147.4	158	149.9	145.8	149.8	157.2	160.2	162.3	163.7	165.6	172.6	177.6	178.6	182.6	189.7	196.9	202.6	208.4	211	212.5	215.2	219.4	219.8	216.7	212	215.7	215.9	208.9	207.1	203.8	197	194.1	190	192	196.5	195.4	191.8	190.7	177	165.1	160.6	165	181.9	201.7	203.8	200.6	190.8	180.6	175.9	168	164.6	169.9	175.4	184.8	195.2	203.1	203.7	204.3	205.1	203.9	197.4	190.9	181.9	174.8	173	167.7	164.3	166.6	171.3	172.3	173.7	179.4	179.1	167.1	156.1	155.3	158.4	163.1	178	186	188.8	195.4	198.9	206.3	207.8	211.2	214.4	217.6	219.1	222.7	220.3	221.1	227.4	232.8	228.2	224.7	221.5	212.3	214.1	213.5	205.4	195.2	186.7	184.4	179.4	175.6	171.5	168.7	166.4	162.2	159.5	155.5	151.2	150.2	147.3	143.7	143.6	139.7	139	140.9	138.8	113.3	69.2	54.1	63.2	76.4	88.3	94.6	100	123.9	165.9	166.4	163.9	166	164.7	176.7	238.8	271	263.4	249.1	239.9	265.7	278	276.9	259.2	255.4	271.2	262.7	246.3	251.5	257.5	265.4	279.5	280	276.2	275.5	272.9
319.7	318.3	317.9	315.5	313.1	308.7	304.9	303.5	302.1	298.8	297.3	297.5	283.1	288.9	291.5	288.7	287.3	285.7	284.7	280.9	283.7	283.1	283.5	281.1	283.1	283	243	202.4	145.3	136.9	143.4	162	155.5	135.2	123.3	116.5	113.9	120.3	148.1	153.9	149.6	145.4	144.8	153.5	156.1	157.5	160	166.4	172.5	172.9	172.4	176	183.2	190.6	196.3	199.7	197.8	202.8	211.1	211.8	208.9	208.5	208.2	209	207.9	203.1	195.3	190.5	187.6	186.5	185	184.8	193.4	193.4	185.8	175.9	163	152.9	153.6	165.8	186.2	197.7	195.6	188.7	181.2	169.7	161.5	156.4	156	160.1	165	169.9	176.5	184.1	186.6	186.9	187.9	184.7	176.3	168.6	163.3	157.2	152	150.1	153.6	159.2	164.8	172.5	181.8	183.5	177.7	169.7	152.8	141.8	138.5	148.8	170.8	183.9	192.3	193.1	194	198.5	201.9	207.4	206.1	208.9	210.9	214	217	215.5	220.6	221.4	218.6	220.1	215.6	210.7	212.6	213.3	204.1	194.9	186.1	182.4	179.6	172.5	167	163.5	161.8	157.3	156.5	154.4	149.2	147.9	145.8	143	141.7	139.7	137.9	137.2	138.7	114.7	68.6	50.2	57.9	70.9	83.7	91.2	97.5	146	180.5	170.3	164.9	167	170.4	194.3	249.8	270.3	263.5	264.5	251	241	253.5	272.4	270.9	266.1	276.3	277.8	277.4	276.9	268.5	256.5	269.9	277.6	275.1	264.7	262.3
325.1	320.5	318.7	315.9	312.5	308.7	304.7	303.1	300.9	298.5	297.9	289.1	278.9	292.5	291.9	288.7	287.3	285.7	284.7	283.9	283.5	283.1	283.3	282.1	283.1	283.5	249.7	213.7	153.3	129.4	142.3	166.9	159.5	140.3	123.9	115.3	111.5	120.3	149.9	153.5	145.9	140.2	136.7	145.1	151	150.9	153.5	159.1	164.9	167.1	166.3	169.8	173.9	181.6	186.8	187.6	188.5	194.8	201.2	200.7	198.2	199.1	198.3	200.8	198	193.3	185.8	177.4	174.2	178	180.6	186.7	194.4	196.6	191.9	177.7	163.7	151.8	144.9	155	168	177.2	176.8	174.7	170.8	159.2	147.7	139.8	137.2	145.4	154	160.8	167	171.3	173.6	174.5	174.2	170.7	161.1	153.3	147.6	141.1	133.6	132.3	139.2	148.5	156.9	166	172.9	171.2	166.8	159.8	143.3	130.9	130.9	145.3	167	186	195.7	194.6	193.3	188.8	192.9	200	198.7	198.7	196.2	206.2	207.9	203.2	213	214.9	211.6	211.1	212.1	209.2	209.9	204.6	199.9	191.6	183.6	181.6	177.3	169.5	164.4	161.4	157.2	153.9	155.1	152.7	148.6	146.4	142.5	140.1	141	139.8	136.3	135.3	135.8	114.2	77.1	54.6	60.8	73	86.6	92.3	102.8	150	182.4	173.6	165.1	167.4	171.7	194.7	246.6	270.9	275.6	274.7	257.5	249.2	257.2	268.3	268.3	275.6	270	277.4	277.7	277.4	275.4	259.5	269.9	276.4	274.8	261	256.9
328.1	321.9	320.7	317.9	311.9	307.5	303.3	301.7	301.5	296.3	285.3	291.3	281.3	294.7	292.1	289.3	287.2	286.3	285.3	284.5	283.5	283.1	282.9	280.6	276.9	281.4	258.3	230.6	193.5	137.8	139.4	168.3	160.4	140.2	127.3	117	113.1	128.6	150.2	149.9	143.2	136.9	134.1	139.6	146	146.7	148	153.6	158.1	163.1	166.5	166.9	170.7	176.7	178.9	176.3	178.1	185.1	190.5	194	196.5	198.3	198.4	194.8	188.2	187.3	183.1	175.2	168.7	169.3	176.7	182.2	185.4	185.7	183.3	174.2	160.4	148.5	145.5	150.3	153.2	154.6	155	156.2	154.6	145.8	132.4	122.7	121.2	128.4	139.9	148.5	152.8	153.6	156.5	161.9	160.4	158.7	153.5	138.7	132	124.6	117.9	119	126.6	135.8	143.8	150.3	157.1	160	158	149.1	136.8	125.8	124.4	138.9	157.2	170.3	180.6	188.5	188.8	185.3	188.5	192.4	193.9	197.1	196.4	205.7	204.9	203.2	211.6	210	210.5	211	211.7	211.2	206.1	195.2	189.7	180.9	174.8	176.3	170.3	164.3	160.9	157.2	154.5	149.8	149.2	150	145.8	140.3	138.3	136.5	138.9	139.2	135.1	135.2	134.9	118	96.1	68.9	61.5	70.4	80.3	89.8	99.9	145	182.8	178.4	169.5	171.7	183.2	234	266.8	272	274.3	274.9	274.5	275.2	277	274.4	252.8	247.5	267.2	274.5	278	279.3	280.1	278.6	259	273.1	278.2	273.3	269
329.1	323.7	322.3	318.1	311.7	306.2	303.7	302.1	301.5	295.5	287.9	297.9	287.5	294.5	291.7	286.6	287	286.5	285.3	284.7	283.7	283.1	282.5	281	262.6	282.1	270.5	234.2	214	154.1	142.6	164.8	159.4	140.1	125.5	116.4	114.3	134.2	153	146.8	141.8	134.4	132	134.1	138.7	140.9	143	148.4	152.4	158	159.6	160.9	164.9	168.9	172.9	169.6	171.3	179	183.7	184.3	184.7	188	187.7	183.6	176.6	172.8	169.4	167.3	164.2	165.6	181.3	190.3	189.7	183	177.5	171.3	159.6	152.3	148.2	142.6	138.6	129.4	124.4	124.1	123.5	121.7	116.7	112	111.5	117.9	128	134.5	137.2	138.2	139.3	145	141.4	138.7	137.8	123.4	117.4	111.1	106.5	106.9	118.4	123.9	124.7	124.6	127.4	129.9	128.2	124.5	120	119.3	127.9	142	156.8	169.5	177.6	184.2	189.2	185.1	182.3	181.3	183.6	189.7	190.5	193.8	195.7	196.9	202.4	204.1	206.8	206.2	204.4	201.2	197	187.4	183	177	171.1	172	165.8	158.1	156.1	154.6	153.6	150.1	149.2	147.5	143.7	140.1	137.9	136.7	138.4	137.7	135.7	134.4	132.7	117.6	102.9	78.9	67	73.8	80.5	84.6	103.2	155.2	180.2	165.5	167.8	172.3	188	244.5	266.9	272.6	273.7	272.4	273.1	274.6	276.4	274	260.1	251.1	261.8	271.9	277.2	279.2	280.8	279.3	263.3	270.4	278.8	273.4	273
329.4	327.9	326.9	321.1	315.5	311.9	301.3	303.9	301.5	299.7	298.7	297.7	296.7	294	291.1	289.6	288.7	286.7	282.3	284.9	283.9	283.1	282.7	260.8	250.9	282.3	279.6	244.2	230.9	187	146.8	158.3	151.9	135.7	123.5	118.5	121	140.5	152.4	146.3	142.3	134.8	129.9	127.4	133	138.2	142	143	143.8	148	151	155.7	158	160.2	162.9	163.5	164.4	167.8	173.7	179.3	181.2	178.9	177.7	175.5	171.8	168.1	162.8	161.4	163.4	169.1	181.1	185.8	182.9	178.1	172	165.5	157.6	149.7	151.1	144.6	130	113.3	102.7	97.3	93.4	87.9	78.4	77.4	83.5	96.1	110.9	119.6	124.4	125.6	125.5	123.6	123.2	123.7	120.9	112.8	106.5	93.9	81.9	82.2	89.7	99.7	104.7	105.8	108.9	109.8	109.9	111.1	110.8	118.6	130.3	140.3	151.7	159.7	166.7	173.7	181.6	180.5	176.6	177.6	180	181.6	180.3	185.3	186.8	193	193.5	193.7	198	194.4	191.9	186.5	181.9	179.4	175.8	169.7	165	165.2	159.5	154.8	151.4	149.2	151.2	148.1	146.7	145.9	144.9	141.9	138.5	138.4	138.6	137.1	134.5	132.4	132.3	122.4	109.9	86.5	74	79.6	81.1	82.1	101.7	157.8	182.3	161.5	157.5	174	202.8	241.6	270.5	276.1	273.4	267.6	270.2	274.9	271.8	269.7	265.8	256.4	254.4	253.2	263.5	271.7	277.5	277.5	275.2	274	274.8	275.2	277.6
326	326.7	327.3	320.7	315.5	311.9	304.7	303.7	301.1	299.3	298.1	297.5	296.7	293.9	292.1	291.5	288.7	284.1	282.1	284.9	283.9	280.9	276	256.1	255.8	283.5	281.3	259.9	235	197.7	163.1	165.3	145.9	136.6	125.6	120.7	125	143.2	149.4	144.4	138.6	131.4	127.4	125	129.9	135.3	138.2	138.7	139	144.1	145.8	148.4	153.1	154.2	155.4	158.6	160.4	161.3	165.1	168.7	168.9	167.7	165.3	161.8	159.8	155	152.8	159	168.1	180	187.8	184.6	177.1	170.4	164	155.8	149.7	144.4	148.7	145.3	125.3	105.7	94.8	88	78.6	63.6	52.7	52.4	64.6	78.2	94.4	105.5	110.5	110.8	111.2	107.3	107.8	110.8	108.2	101.5	90	74.8	63.9	59.3	63.1	74.2	84.8	88.5	92.8	94.7	94.8	97.9	108.4	123.3	129.7	137.4	144.4	148.8	154.5	163.6	174.9	178.5	176.8	174.8	174.4	173.5	170.4	171.9	176.4	185.6	190.6	188	187.9	186.5	181.3	175.8	170.8	169.1	167.6	160.4	158.7	157.9	153.2	150.1	147.7	146.3	146.8	144.6	145.1	143.3	143.7	141.1	138.7	137.6	137.2	136.2	131.9	129.6	132.7	134.4	124.7	96.3	82.6	83.8	82.8	85	118	169.6	180.7	173.7	158.4	174.4	211.1	239.5	268.2	276.5	277.7	277.9	275.6	274.3	271.5	268.1	266.6	255.6	258.9	260.5	259.3	268	278.9	278	275.6	275.3	271.9	271.1	266.8
327.7	328.1	328.9	323.1	316.1	312.1	307.6	304	301.7	300.1	298.9	298.3	297.3	294.3	293.3	277.5	265.1	275.7	268.1	277.5	281.5	278	280.2	277.8	280.8	283.1	283.5	276.8	253.1	207.8	169.7	169.7	151.6	137	131.6	128.5	130.6	145.4	153	147.1	139.6	134.5	127.9	125.1	127.1	130.3	134.6	134.3	136.3	140.8	142.7	146.5	151	151.3	152.9	156.1	157.6	158.4	159	158.1	155.6	156.7	157.3	153	152.4	150.6	151	155.2	161.5	167.9	176.1	180.3	177.6	172.2	164.7	158	150.7	143.4	144.9	144.5	129.6	106	91.3	79.6	62.1	46.1	42.1	45	49.1	59.5	73.5	85.6	93.6	98.5	97.7	95.5	95.7	94.4	91.1	83.5	74.3	64.7	56.6	49.5	44.1	47.4	60.8	72.4	80.5	83.2	83.9	91.2	100.6	109.6	123.9	135	142	147.4	150.9	154.7	162.3	170.4	175.5	171.1	164	162.4	163	166.8	172.7	177.9	179.6	180.3	180.5	176.5	173.8	172.6	168.6	161.5	157.6	153.3	151.7	152.2	149.1	146.8	144.6	143.1	145	143.2	140.7	139.6	139.5	140.9	139.1	136.3	136.6	136.7	132.6	130.1	133.1	136.7	132.3	119.9	104.9	96.6	91	89.1	102.8	140.2	176.9	179.4	172	179.5	218.8	247.1	254.4	264.8	267.1	275.3	275.5	274.5	275.1	276.5	274.9	266.9	270.4	273.3	273.8	272.6	268.4	274.1	260.9	275.5	275.5	275.8	273.3
330.3	329.3	328.1	321.7	315.9	311.5	307.4	304.5	302.9	301.5	299.3	298.7	297.3	294.5	293.1	264.9	266.7	283.7	277.9	284	281.5	281.1	280.3	278.2	282	283.1	283.3	279.3	252.4	212.3	182.2	169.3	151.4	135.6	126.3	124.5	131.3	146.5	152.5	146.3	136.4	132.8	127.5	123.5	123.5	124.8	127.6	129.5	131.4	137.2	140.5	145.4	149.9	149.2	148.8	148.9	148.5	149.9	149.3	147.7	141	141.4	143.5	141.8	141.9	147.8	156.8	169.1	178.9	180.2	180.3	178.4	171.3	165.3	155.9	152.1	146.9	143.5	143.2	139.6	126.2	105.3	92.6	80.1	63.2	51.3	47.5	49.6	54.5	60.5	69.2	77.6	86.5	90	89.4	88.8	89.1	88.9	83.3	74.3	67.3	60.4	54.7	49.9	46.9	46.5	55.4	70.2	77.4	82	87.1	99.9	112.5	116.3	123.2	133.5	141.4	147	150.3	158.7	165.7	171.5	174.9	171.4	159.1	157.2	162.4	160.7	166.7	167.9	169.2	171.2	172.2	171.4	167	165.4	164.1	159.9	154.8	148.9	148.6	148.5	145.6	143.2	140.1	141.4	140.4	140	138.4	137	135.8	135.8	135.4	134.7	135.7	135.4	130.8	129.9	132.8	134.1	128.2	121.4	113.2	104.6	98	101.1	130.4	158.8	176	180	177.6	186.4	216.4	248.5	261.6	259.8	265.5	273.5	274	273.9	273.1	274.3	277.3	269.6	270.7	273.2	272.9	274.4	267.7	267.7	263.6	272.8	275	275.4	276.8
330.7	327.3	323.5	317.9	315.3	311.9	309.1	306.9	305.1	303.3	300.3	298.9	297.5	295.1	293.9	271.5	289.1	287.3	286.3	285.3	283.2	283.9	283.5	282.9	282.1	277.1	260.1	276.3	258.3	211.3	185.1	167.7	162.6	154.6	141	126.6	130.4	145.6	151.4	147.9	139.2	131.1	127.1	122.4	119.5	119.5	121.2	124.1	128	132.4	138.4	144.1	146.2	146.4	145.5	146	143	142.5	141.9	139.7	135.2	133.9	136	135.5	137.1	144.1	154	164.8	173.9	177	178.3	176.1	168.8	162.9	154.7	150.7	149.3	148.9	146.8	134.7	120.9	106.6	91.6	81.7	70.6	62.8	61.2	61.7	63	67.6	71	73.9	77.9	79.2	79.5	78.7	79.8	79.6	74.9	70.6	66.9	63.5	60.7	57.1	53.3	51.1	51.6	59.8	69.7	76	84.5	97.5	105.5	113.1	126.2	136.3	145.8	149.7	151.5	155.5	160.2	165.4	166.4	167.1	157.7	150.6	154.3	157.9	158.5	158	159.8	165	166.7	166.3	159.2	157.2	155.7	155.2	150.2	146.2	147.1	144.6	142.7	138.9	137.6	139.1	136.6	136.5	137.7	137.8	136	135.1	135.8	136.3	134.3	134.2	130.9	129.1	132.5	137.2	129.9	123.2	120.8	112.3	105.1	110.1	142.7	167.1	180.7	183.5	180.5	203.5	221.9	236.6	264.2	276.2	276	277.3	269.5	262.5	258.2	263.6	272.2	266	249.6	256.7	271.7	273.7	272.3	265.7	263.4	276.2	277.6	276.4	269.4
331.5	326.5	321.9	317.3	314.9	311.7	310.3	308.7	305.7	303.5	300.5	298.9	297.3	295.1	288.5	283.1	290.7	287.3	286.5	285.3	283.2	283.7	283.3	282.5	282.3	274.1	260.9	283.3	274.7	224.8	181.6	163	160.7	161.8	153.6	133.9	134.8	146.8	149.9	143.9	132.8	128.7	126.3	118.9	113.8	113.6	117	118.8	123.7	128.6	135.2	142.3	141.8	140.1	139.5	139.4	137.7	136.4	133.8	131.1	125.3	125.2	129.6	136.8	145.1	152.1	160.5	166.6	170.6	174.4	175.5	170.9	164.4	160	153.8	151.2	149.8	149.2	146	133	117.1	108.1	99.9	90.6	81.3	73.3	71.1	70.2	69.2	70.2	71	71.7	72.6	72.6	73	72.1	71.8	71.3	70	69.4	68	65.6	62.7	59.7	57.9	57.4	58.4	64.9	75	84.2	94.5	102	105.9	112.9	129.3	139.3	146.6	152	150.3	150.3	158.3	160.8	161.4	161.9	159.1	152.8	148.1	150.7	150.9	149.6	152.6	157.3	158	154.8	152.9	152.1	148.5	148.9	146.2	142.8	141.7	140	138.9	135.8	133.6	135.9	136	136.3	136	136.4	138	136.6	135	136	133.8	131.9	128.6	128.2	133.6	140	132.9	127	126.2	117.7	111.8	130.4	159.1	169.4	178.6	183	181	211.3	236.5	239.2	255.7	265.9	275.8	276.5	273.7	250	245.8	261.1	264.6	265.4	249.8	243.6	262.6	272.2	272.9	271.5	264.8	271.6	279.8	271.2	267.7
331.5	330.7	323.9	321.9	320.7	318.1	314.7	305.1	303.9	305.3	301.5	297.9	298.1	296.7	291.3	294.1	293.3	289.7	287.3	283.3	283.5	284.5	284.3	283.1	282.5	282.3	280.5	280.5	258.5	246.9	197	160	151.9	154.3	159.9	149.3	153.2	158.6	149.8	142.7	130.5	123.3	122.5	117.1	113.1	112.4	114.1	116.8	120	126.2	132.2	137.1	135.3	133.7	133.7	131.9	132	130.6	128.4	124.1	121	120.1	125.1	136.1	142.3	148.3	157.3	163.5	164.7	165.3	169.3	167.8	161.8	155	150.8	150	151	149.8	147.7	142.8	122.3	102.6	95.8	90.8	84.4	79.4	77.2	73.4	72.2	72.6	74.1	74.7	74.6	74.7	74	71.3	69.8	71	73.1	73.7	72.8	71.5	69.3	68.9	68.6	66.2	65.8	66.3	72.3	81.4	87.7	95.3	107.4	122.4	135.8	143.6	146.2	150.8	149.1	149.9	155.2	158	161.8	162.1	162.1	156.5	149.9	145	145.6	142.8	143.2	147.7	147.8	146.3	144.4	143.2	142.1	142.9	143.1	142.5	140.8	139.3	136.4	135.4	130.7	130.5	134.4	134.4	130.6	132.5	135.3	135	133	134.2	132.5	132.1	127.8	128.2	133.8	140.7	140	134.9	137.4	125	121.6	149.2	176.3	184.1	180.6	182	192.4	244.6	270	260.7	264	268.7	264.8	274.4	275.1	269.4	254.3	264.9	272.8	272.1	259.9	252.9	262.1	275.8	276.1	276.6	278.4	280.6	282.8	277.5	276
331.5	328.1	322.5	323.7	321.5	317.5	313.6	301.7	307.7	303.3	299.5	297.9	297.3	295.9	293.9	288.7	291.7	287.9	286.1	283.9	282.6	284	283.5	281.7	281.4	281.7	277.9	277.1	264.3	262.9	204.8	157.3	144.5	143.6	148.3	146.5	156.4	158	147	140.7	129.7	122.7	119.4	114.2	110.7	112.8	114.5	117.7	123.3	128.7	131.5	134.4	130.6	128.6	128.2	125.2	124.8	123.9	120.8	116.3	116.5	124.8	133.3	139.5	146.8	153.8	157.9	163.6	164.3	161.7	160.2	159.9	157.4	152	150.3	150.5	151.9	149.7	148.8	144.3	125.2	106.2	101.2	100.9	97.1	92.1	87	83.9	82.2	79.8	80.2	81.7	80.7	78.8	76.3	73.8	73.5	74.3	75.6	78	77.4	77.4	76.5	77.1	77.6	79.9	78.6	78.8	83.4	87.2	89.6	96	112.6	130.1	139.5	143.3	145.9	148.5	148.8	149.2	149.5	154.2	158.9	161.6	164.1	163.6	156.2	146.7	142.4	139.8	138.3	139	138.7	137.6	136.8	135.9	136.3	137.5	137.4	135.5	134.4	133.9	132.1	130	129.4	126.9	129.1	130.4	129.2	131.6	132.3	131.8	132.8	131.2	130.5	130.5	126.4	127.3	130.2	136.9	143.3	146.9	145.6	135.1	156.5	181.4	184.9	185.4	183.5	175.7	199.9	254.8	269.9	267.7	272	275.4	273.2	274.1	274.5	275.5	273.7	265.4	269.3	273.8	272.6	263.5	270.7	275.8	276.4	275.3	274.4	278.7	280.6	279.5	282.4
331	331.5	331.5	330.5	324.1	319	308.3	310.5	308.6	304.5	291.9	297.2	297.5	296.1	290.1	275.5	276.1	283.1	283.5	282.2	281.2	283.7	283.7	280.5	271.7	263.5	257.9	275.9	282.3	277.9	242.6	180.8	152.8	145.8	141.3	142.8	153.4	155.6	147.4	138.7	128.9	125	121.7	114.6	109.3	110.2	112.7	115	120.4	125.9	128.5	130.4	131.3	131.5	129.7	124.2	120	119.5	116.4	110.9	113	120.4	128.5	135	142.5	148.4	153.8	158.6	158.1	156.2	155.5	156.1	157	152.2	148.2	151	151.3	150.7	151.6	148.7	143.5	130	119.7	118.3	117.7	114.6	109.9	106.8	105.2	98.5	94.8	95.1	94.6	90.2	85.5	82.2	81.3	83.3	86.3	90.3	94.3	98.6	99.5	99.3	99.8	98	95.8	95	94.8	99.4	108.8	119.5	131.1	137	140.6	142.8	144.1	144.2	146	144.6	145.9	151.6	152.3	154.3	158.2	158.4	154.9	147.5	138	135.5	135.6	132.1	129.9	131.9	136.4	134.9	132.5	133.5	132.1	132.2	133.2	132.6	130.9	125.7	125	126.3	126.3	127.4	129.4	134.5	133.7	132.6	133.6	131.4	129.4	129.5	127.3	128.4	129.3	133.6	145.3	152.9	150	145.4	170.9	181.5	179.5	177.2	180.9	180.9	229.9	274.4	273.1	272.5	273.1	274.3	275.3	275.3	274	275.3	274.3	265.2	274.5	276.8	278.1	277.6	277.2	263.6	270.6	275.5	275.6	272	277.5	280.2	278.6
329.6	331.2	331.5	330.9	323.3	318.3	310.1	310.3	307.9	304.7	296.9	297.9	298.3	296.7	295.3	274.7	273.3	286.1	283.1	281.2	280.1	281.1	282.5	269.7	260.1	261.1	255.3	274.1	281.6	279.8	254.1	184.9	146.8	138	131.4	140.5	151.9	153.9	146.7	135	128.4	125.6	121.6	114.2	105.5	105.6	108.9	113.5	120.7	126.1	128.1	129.6	130.6	128	124.1	120.7	117.5	113.2	110.9	112.5	117.7	125	131.5	138.5	144.5	146.8	151.3	156.5	157.1	157.1	155.8	155.9	154.6	149.4	149.4	152.1	153.7	152.5	154.9	153.6	149.4	139.4	131.9	131	131.2	127.7	124.7	119.5	116.2	109.9	105.7	104	101.5	97.8	93.5	90.7	88.9	90.5	94.6	99.7	104.3	109.4	113.3	118	118.9	116.9	114.4	112.1	112.1	112.8	122.1	132	137.6	141	142.7	145	144	144.3	144.8	142.8	145	148.2	150.4	152.8	155.2	154.5	154.5	149.5	140.8	136.7	134.4	126.1	124	127.7	128.7	128.4	126.9	126.6	126.9	128.8	129.8	128.6	126.2	125.1	125.2	124.8	124.1	126.9	128.3	130.8	132.1	132.8	132	129.8	129	128.7	125.3	126.5	129.4	133.5	142.5	153.5	155.8	172.2	182.9	176.2	168.3	174.5	180.2	187.9	241.3	274.8	273.9	264.9	260.2	268.9	275.4	275.5	276.3	277.3	271.2	259.6	274.7	277.5	279.2	277.9	277.1	258.9	261.7	273	272.9	276.3	277.3	277.9	278.7
331.1	331.5	327.9	316.1	317.5	316.5	313.2	312	307.7	304.3	301	299.5	299.5	298.3	296.5	290.9	294.3	290	282.2	280.7	284	284.7	283.7	278.3	274.7	282.3	281.7	281.9	279.3	279.8	270	233.1	162.2	137.9	130.8	137.5	150.2	154.6	147	136.2	132	132.6	122	111.8	105.4	100.8	104.4	110	118.5	123.4	126.4	127.5	127.6	126.4	122.1	118.3	114.2	107.9	106.9	113.6	119.9	123.2	128.9	135.1	140.2	143.7	144.9	148.2	152.8	154.7	154.2	153	149.4	146.8	146.3	147.4	149.7	150.5	153.3	152	152.6	150.1	146.7	139.5	137.7	138.3	135.5	128.7	123.7	122	120.8	121.3	118.2	119.5	118.2	115.7	112.5	113.5	114.3	115.7	120.7	126	129.1	132.1	132.5	131.4	131.5	134.8	138	134.7	136	139.6	141.1	142	142.3	142.3	142.3	143.9	143	140.8	138.1	140	143.1	145.1	147.5	149.3	151	149.6	143.4	136.7	128.8	122.9	122.5	121.5	121.2	123.6	126.2	125.2	125.2	126.5	127.3	125.1	123.9	125.3	125.3	124.4	122.5	124.2	125.8	127.3	129.6	126.8	127.8	128.7	129.1	135.3	131.9	126.3	128.8	134.4	141.9	150.7	157.3	172.4	176.2	171.8	170.9	182.5	188.3	219.9	260.3	266.1	265.7	263.5	253	274.1	274.7	274.1	274.3	278.6	275.6	258.2	269	275.8	275.2	278.3	279.4	276.9	268.5	274.2	271.7	277.5	281.6	286.2	278.4
331.5	331.5	318.9	318.5	320.1	315.6	311.6	312.3	308	304.3	302.1	300.3	299.3	298.7	297.3	295.1	294.6	289.2	282.7	282	284.4	284.7	283.7	283.7	283.3	282.3	281.9	282.1	279.8	281.3	279.6	273.5	203.9	145	121.7	132.4	149.8	152.8	146.3	137.4	134	132.8	122.8	109.2	101.5	98.8	99.8	106.6	119.6	124.8	126.7	128.5	125.3	120.7	119.2	115.5	108.3	107.3	112.3	118.8	121.8	121.9	125.3	128.9	132.5	139.6	142.6	145.6	150.1	152.3	155.1	155.3	150.8	148.6	148.8	151.2	153.6	153.1	152	152.6	154.8	153.4	150.3	142	141.2	143.7	142.3	134.9	129.2	130.7	134.6	130.9	129.2	131.6	129.9	128	124.9	123	124.5	129.7	136.3	142.5	141.9	140.6	139.3	137.7	140.6	143.8	144.4	142.8	141.4	144.2	146.9	147.8	145.2	144.2	145.1	143.7	140	136.1	134.2	134.9	136.8	139.6	143.3	144.5	144.9	147.4	144.2	139.1	132	126.9	122.8	119.9	120	120.1	120.6	118.9	120.7	123.8	124.9	125.3	125.3	124.7	123.6	122.9	121.7	122.9	125	126.2	124.7	123.9	124.4	126.9	130.4	134.8	138.9	134	131.8	135.3	140	148.7	165.7	179.5	175.8	174.6	180.8	185.4	195.5	239.2	257.9	255.2	256.1	260.8	258.5	271.9	274.6	273.5	274.4	276	275	265.2	268.5	276.1	276.3	277.4	279.5	278.1	274.4	277.6	275.9	278.6	284.1	287.9	282.1
331.5	331.5	331.5	328	324.2	323.7	318	316.4	313.5	302.9	304.7	301.5	300.9	300.3	298.3	294.6	291.3	289.9	286.5	285.1	284.9	284.9	284.3	282.5	281.3	282.3	281.9	281.5	280.9	281.9	281.2	276.5	246.2	171.8	123.3	129.2	151.6	157.3	151.4	149.9	143.2	137.5	124.5	110.8	102	97.2	96.4	102.3	116.2	125.8	127.1	126	124.1	119.1	116.4	111.1	105.4	108.2	114.1	116.4	119.6	121.4	121.3	124.1	128.7	137.5	142.4	145.5	148.9	150.6	153	152.3	145.8	148.1	148.1	149.5	150.7	150.6	151.9	147.7	149.1	152.2	149.7	147.4	148.8	150.9	151.6	145.3	141.6	144.4	147	145.6	144.8	144.7	143.5	139.6	136.4	135	139	146	156.6	160.2	155.7	152.8	153.5	153.8	151	148.9	149.1	149.3	148.9	150.4	152.1	151.8	148.2	145.9	143.8	138.2	136.5	132.5	132.2	132.6	133.3	133.1	135.2	136.6	138.5	140.9	142.3	138.5	131.7	125.9	121.4	118.4	117.1	117.2	117.2	117.1	116.4	119.3	120.5	122.5	123.6	122.8	121.6	120.9	120.9	122.4	123.6	122.9	120.9	123	126.3	128.9	132.2	138.8	141.4	142.2	138.3	137.4	139.5	147.2	161	176.4	181	184.5	183.2	200.6	239.8	263.7	266	262	266.5	267.8	257.3	261.6	267.2	264.6	273.2	273.6	275.7	268.8	258.3	248.4	271	274	275.6	276.9	269.8	270.6	277.7	280.7	287.2	289.7	286.9
331.5	331.5	331.5	323.7	324.5	326.5	320.7	315.6	311.3	300.5	305.7	302.5	301.7	300.3	298.9	294.2	291.4	290.9	287.9	285.3	284.9	284.7	284.3	281.4	282.3	283.3	282.3	281.9	280.7	281.1	281.2	275.6	240.3	163.1	118.2	126.7	155.5	159.2	154.4	151.5	142.5	138.7	129.9	112.1	100.8	97.6	96.6	103.7	116.9	123	124.4	126.8	126.1	121.6	116.4	111.7	114.3	118.7	121.4	120.4	119.5	116.8	114.8	118.5	125	131.8	137.6	140.7	148.3	152.7	154.2	151	148.1	149.2	150.8	152.6	152.7	151.7	152.3	148.9	150.5	151.8	152.3	153.4	155.1	160	161.7	158.9	158.4	156.7	158	159	156.2	156.3	154.4	148.1	145.5	149.3	155.4	165.3	173.7	176.9	174.6	168.5	167.3	164.6	157.3	153.5	153.7	154.2	154.5	153.5	152.7	152.9	149.5	145.7	141.8	138.8	136.4	134.4	130.6	130.9	130.9	129.7	128.9	128.9	132.6	136.3	140	138.9	134.6	129	127.1	123	117.5	114.4	114.6	116.8	118.7	120	119.9	120	121	121.9	122.3	120.3	119.4	118.9	121.1	121.9	119.3	122.2	123	127.8	133.5	136.9	138.9	139.4	136.5	133.5	133.8	143.6	167.1	178.7	182.3	185.6	186.1	215	253.5	260.7	266.5	267.3	267.5	269.2	262.1	266.8	273.5	263.5	274.4	274.7	275.6	268.7	259.6	243.9	256.2	273.3	274.3	275.4	272.4	272.6	281.4	281.1	287.1	290	286.3
331	330.9	319.5	312.4	328.7	329.5	321.5	315.4	313	311.7	308.9	303.7	300.9	299.7	299.3	297.1	296.5	294.7	291.1	287.1	284.9	284.7	284	281.8	282.7	283.5	282.1	270.9	276.9	280.3	268.5	269.7	266.1	204.5	160.3	144.5	165.7	164.7	158.9	156.7	148.9	140.7	133	113.5	102.4	98.1	96.1	102.3	114.3	122.3	123.5	127.8	127.4	122.6	119.7	112.2	113.7	121.4	123.1	123.3	119.2	114.7	114.1	115.8	122.2	130.7	133.5	137.1	141.4	146.4	147.4	147.6	144.7	144.8	148.8	151.7	149.8	149.3	147.3	144.6	143.1	148.1	154.5	158	159.4	162.4	168.2	169.8	174.4	170	165.3	166.3	165	162.2	160.3	155.7	150.1	152.4	161.3	172.3	180	184.4	181.8	178.8	176.6	170.2	161.9	160.5	159.8	160	159.9	159.4	156.7	152	150.2	145.8	141.9	140.8	137.7	132.6	128.2	129.1	129.6	127.9	128.5	128.9	129.5	130.1	133	135.4	135.8	132.9	133.2	129.4	122.5	116.3	114.5	116.7	117	120.5	120.8	120.3	119.3	122.1	122.9	120.5	118.7	119.6	118.5	119.5	120.6	122	121.7	124.8	134.9	141.3	139.8	136.8	134.7	138.5	140.3	151.9	185.5	195.3	191.7	198.5	223.9	263.3	273.5	273.2	274.4	270.4	272.8	271.8	264.5	257.2	273.6	265	270.1	275.8	273.7	273.1	274.1	260.8	250.7	270.9	275	274.9	272.5	279.2	279.7	270.6	277.7	292.6	290.6
331.5	327.1	321.4	324	329.7	330.5	321.3	315.2	312.6	312.3	309.3	303.1	300.7	299.5	299.5	297.5	296.5	294.7	291.7	287.3	285.1	284.9	283.2	281.6	275.3	283.5	282.3	274.1	277.9	282.1	276.3	274.9	237.3	193.7	172.7	147.3	161.1	161.2	154.2	155.3	150.1	140.7	132.4	117.5	106.3	101.9	99.2	106	115	120.8	123.3	127.6	128.7	128.8	126.1	123.3	129.6	134.4	132.2	127	120.4	113.7	111.1	112.5	117.3	125.1	129.5	133.7	137.4	139.9	141.7	141.6	137.2	138.9	143.2	143.8	144.4	140.6	139.6	135.5	128.3	130.7	138.1	142.9	147.1	148.6	155.9	165.4	170	168	169.1	173.9	177.3	178.3	179.5	177.3	174.1	173.5	177.1	181.6	186	184.8	182.2	178.7	174.3	168.6	165.5	162.4	163	162.6	158.7	157.2	156.2	151.8	146.8	143	141.7	141.5	136.3	131	125.9	125.8	127.5	127.5	127.9	128.7	128.7	130.1	131.3	134.5	135.5	134.4	135.9	135.4	129.7	119.4	114.6	118	119.6	122.5	124.7	123.1	124.7	125.5	122.5	120.7	119.7	119.8	118.5	118.1	119.8	120.6	119.8	124.7	135.3	141	138.6	132.7	126.1	132.8	143.3	183.7	206.2	201.2	195.4	215.7	244.9	264.8	274.5	272.9	274.1	274.4	274	275.3	266.4	243.7	262.5	267.4	269.7	275.5	273.2	272.4	273.9	261.1	252.7	269.2	275.6	274.8	258.3	262.5	276.2	280.6	290	294.9	293.6
327.3	327.9	331.5	331.5	331.5	329.3	324.7	320.3	316.7	313.1	307.9	301.7	302.1	301.4	300.9	297.3	293.3	295.7	292.9	288.5	285.3	284.4	276.7	273.8	272.3	276.9	282.5	281.9	281.7	281.5	282.3	274.7	230.7	202.9	197.1	174.3	166.1	166.2	155.3	153.1	152.9	143.5	133.5	119	109.5	107.3	103.5	105.5	112.5	118.7	122.7	126	129.7	132.5	130.2	130	136.9	142	138.2	130.6	122.2	116.4	110.9	108.8	112.8	118.5	123	126	130.9	131.5	131.6	131.2	129.2	133.1	136.6	135.3	134.8	132.3	133	131	123	122.6	130.1	134.9	138.8	144	149.6	156.3	159.7	164	169.5	173.5	179.2	184.4	189.1	184.9	180.9	183.1	183.4	178.2	178.9	180.9	175.4	171.1	169.2	167	164.4	162.8	163.3	158.7	153	153.7	153.6	150.9	146.5	140.1	137.7	141.1	137.6	132.1	123.1	120.7	122.6	124.6	124	126.8	126.3	128.1	129	130.2	131.3	133.6	133.9	130	128.5	119.4	114.4	118.4	118.7	120.1	121.3	124	125.7	126.2	124.9	121.9	121.8	120.2	117.8	119.3	120	120.2	120.9	126.4	139.2	143.2	140.9	137	128.8	128.1	140.2	184.3	203.6	208	229.8	257.1	259	250.1	270	274.2	259.8	262.7	267.2	276.5	275.7	259.9	260.4	268.9	259.6	273.8	274.2	275.1	277.4	273.9	270.6	276	278	274.8	262.6	268.2	280.4	287.7	297.5	297.6	293.9
331.5	331.5	331.5	331.5	331.5	328.9	324.7	320.1	317.3	313.3	308.1	304.5	303.1	302.3	301.5	296.9	295.9	295.7	293.1	289.3	285.7	284.4	274.4	280.3	281.5	279.7	282.9	281.9	281.7	281.5	281.9	255.5	214.3	200.9	195.9	188.1	178.1	167.7	152.9	150.9	149.9	144.5	134.3	122.1	113.1	109.3	109.2	108.8	113.6	119.5	123.1	130	136.5	142.6	143.4	146.6	153.3	153.9	145.7	135.6	125.3	117.4	111.1	107.3	108.4	113.1	114.9	113.9	116	114.4	113	113.3	115.1	119.9	122.2	120.6	119.3	119.4	121.4	119.6	113	114.3	122.1	126.1	129.9	134.6	138.6	140.5	142.7	147.4	150.3	150.3	156	163.9	168.5	163.5	161.2	163.1	161.1	155.9	151.8	151.9	152.3	150.8	150.5	150	148.6	148.3	148.3	145.8	142.3	142.1	142	140	139.4	139.4	136.9	136	135.2	129.3	123.1	119.6	118.9	120.6	121.3	122.4	123.7	124.8	127	128.7	129.9	135.3	138.6	138.7	138.6	130	122.2	122	125.2	128.3	127.6	126.6	126.9	124.6	122.4	122.5	122	119.2	116.9	118.8	116.9	118.2	122.2	125.4	137.3	142.7	141.7	131.4	141.4	161.1	172.8	187.1	202.4	217.8	250.8	268.7	267.1	252	256.7	270.2	257.6	244.6	248.5	272.3	277.2	272.3	263.9	270	251.7	259.2	274.9	276.2	279	267.6	263.2	277.9	277.5	277.1	274.8	275.1	281.4	290.9	299.3	297.1	288.6
330.5	331.5	331.5	331.5	331.5	331.5	327.7	323.1	318.1	312.9	309.5	307.7	305.7	303.5	301.5	299.3	297.3	296.1	295.1	292.1	287.1	281.3	284.7	284.3	283.3	283.1	283.1	282.1	281.7	281.5	281.5	248.7	211.3	200.9	179.7	199.5	217.5	212.7	169.2	150.6	148.9	148.5	136.9	121.7	117	112.1	111.4	113.5	116.7	120.3	121.7	127.7	137.2	143.9	147.2	152.7	156.7	156.4	148.9	138.4	126.5	119.3	111.3	106.7	107.8	107.1	106.7	104.1	102.8	104.7	103.6	104.5	108.2	110.1	111.2	110.6	110.4	110.3	110.5	109.6	112.1	112.2	116.5	121.2	127	131.8	134.9	133.9	127.6	124	123	128.8	137	144.3	151.2	151.6	149.7	146.9	142.2	133.8	123.7	122.5	125.3	129.8	134.6	139.8	140.5	142.1	140.8	138.1	135.4	135.6	136.7	135.4	130.6	129.5	133.8	133.3	131.5	126.9	124.4	119.9	116.6	118.3	118.7	119.9	118.8	120.6	122.4	124.8	129.1	135.1	138.8	140.7	139.4	136.3	125.7	123.1	129.4	132.6	130.6	130.4	127.8	123.7	122.6	121.7	121.8	118	115.3	114.9	116.1	118.5	121	126.3	136.5	142.8	142.2	128.3	147.3	169.4	169.9	182.1	216.4	254.7	273.4	275.4	274.4	272.1	257.3	265.4	270	270.8	264.8	275.1	273.5	265.7	271.3	273.5	265.3	261.3	275.5	276.6	277.6	265.7	260.7	272.6	278.2	267.2	261.5	267.1	285	297	304.6	303.5	295.1
330.8	331.5	331.5	331.5	331.5	331.5	331.5	326.9	321.1	315.5	311.7	309.1	307.3	304.9	302.9	300.5	297.9	296.3	296.7	294.7	290.5	286.1	284.9	284.3	283.7	282.9	282.9	282.9	282.1	281.5	259.9	223.1	213.7	206.3	216.7	221.7	214	222.3	183.1	157.2	147.5	146.9	139.6	125.6	119	114.6	114.9	114.5	116.9	120.6	123.3	130	139.9	149.9	157.3	159.6	158.5	154.3	148.3	138.5	129.1	118.7	109.4	105.5	101.1	96.2	91.7	89.3	87.3	88	88.8	89.2	93	94.3	96.7	98.6	97.9	98.7	97.8	97.8	102.1	103.4	105.9	114.2	121.4	121.8	118.1	114.8	107.5	100.7	100.7	105.8	113.3	119.6	123.6	130	128.1	124.9	118.4	112.6	109.4	107.5	107.2	110.9	115	122	126	129.1	128.6	127.3	126.5	124.5	123.7	122	117.7	118.6	120.6	122	122.1	119.5	116.8	110.6	107.6	107.7	109.5	112	113	116.9	122.5	125.7	130.7	140.8	143.8	140.8	140.4	138.9	134.7	135.6	138	138	135.2	131.6	127.9	123.2	122.1	119.9	118.4	116.2	115.1	114.3	116.4	119.7	122.8	124.4	136.5	142	138.6	141.5	171.6	182.7	185.4	197.4	221.9	255.5	273.6	275.3	274.9	272.4	272.5	274.2	276.1	276.7	277.5	274.4	273.9	267.9	260.7	265.1	273	265.5	276.1	276.5	277.2	276.2	274.8	274.9	275.5	268.7	255.5	266.3	280.7	289.6	301.7	306.2	301.5
331.5	331.5	331.5	331.5	331.5	331.5	324.7	325	319	316.3	314.5	311.7	307.5	305.1	302.9	299.5	297.1	297.1	297.7	295.7	290.5	286.1	282.2	280.8	283.3	282.9	283.1	282.5	282.1	281.7	256.7	223.1	213.9	217.7	253.5	244	213	230.2	234.1	231.4	210.7	180.1	145.8	132.3	122	116.5	117.1	120	120.3	123.1	126.9	133.2	141.8	152	159.5	163.6	160.7	156.1	150.5	144.1	136.6	123.5	111.4	109.3	101.5	92.6	87.4	86.2	83.1	82.6	82.8	82.4	86.8	88.9	90.7	93.4	94.1	94.3	94.9	96.2	99.9	101.3	103.6	112.4	113.6	104.2	96.4	91.7	91.8	94.3	95.8	97	98.4	98.5	101.5	104.2	103.6	102.4	101.7	100.1	99.2	100.7	101.1	99.4	97.2	97.6	101.2	108	115.5	118.4	119.2	118.1	115.8	114.8	112.9	113.6	112.3	113.4	113.4	112.4	110.3	105.3	99.1	99.8	103.6	105	109.6	117	123.7	129.3	132.4	138.7	141.1	139.5	140.2	137.1	134.3	138.6	141.4	139.2	135.2	131.9	128.7	123.5	123.5	122	117.6	115	114.1	114.7	117.6	120.3	119.8	125.4	140.5	144.9	146	156.5	192.6	223	235.5	237.2	235.7	236.6	247.8	261.5	267.6	268.4	270.7	270.6	273.6	267	264.5	273.8	274.1	273.6	257.9	244.8	269.2	254.2	256.9	277.2	264.3	266.3	276.8	276.7	275.8	278.4	281.9	281.7	295.6	307.6	310	314.5	308.3
331.5	331.5	331.5	331.5	331.5	326.1	319.7	324.4	318.6	316.9	315.5	311.9	307.5	304.5	302.9	300.7	298.9	299.2	298.3	295.7	291.1	286.5	278.9	282.8	283.7	283.1	282.9	282.5	280.9	281.7	267.5	237.9	226.9	266.3	279.5	247.3	215.3	227.7	235.1	233.7	235.5	195.5	147.7	136.5	125	118.3	117.5	120.8	123.6	123.8	128.6	135.2	143.1	150.3	156.6	161.8	162.8	157.6	151.1	145.3	135.6	121.5	112.4	112.8	110.7	104.9	97.3	90.4	84	82.9	81.9	81.9	83.2	84.5	85.7	91.9	94.7	93.4	97.9	100.8	102.2	103.6	108.8	115.1	113.3	101.4	90.5	86.8	92.3	99.4	102.5	102.8	101.1	100.1	99.2	95.5	95.3	98.7	98.9	98.1	96.5	95.9	96.5	92.3	88	86	87.8	94.6	100.4	104.7	108.9	107.2	106.2	106.4	104.8	102.9	99.6	99.9	99	96	92.1	88.9	85.9	87.1	93.2	100.4	106.1	112	120.9	128.8	135.8	137.6	138.2	139.8	140.6	141	142	144.4	146.3	142.4	137.3	133.3	128	123.8	122	121.7	116.6	113.5	112.7	113.4	115.6	116.7	117.6	125.8	136.7	141.6	160.8	200.6	222.6	250.7	263.1	249.7	245.5	235.5	237.8	243.6	259	267.6	265.5	262.8	273.4	270.8	266.2	263.4	267.8	273.8	272	258.9	268.2	252.9	249.4	274.3	263.2	263.5	279.7	278.9	276.7	278.5	282.8	288.7	297.9	311.2	309.9	316.9	311.7
331.5	331.5	331.5	331.5	331.5	331.5	330.1	326.3	322.1	317.3	314.9	309.9	303.7	303.9	305.3	304.3	300.9	300.5	299.3	296.1	291.1	288.1	285.9	285.3	284.5	283.3	282.9	282.9	280.3	257.9	256.5	236.9	239.3	270.9	273.5	246.8	213.9	223.5	236.3	235.5	221.1	215.1	188.1	152.6	129.6	124.2	121.5	121.8	124.3	126.7	130.6	134	140.9	148.8	154.6	160.6	159.5	155.4	152.1	145.3	134.9	123.3	114.9	114.1	115	111	104.5	96.6	85.5	81.6	82	83	81	81.6	82.1	88	91.8	92.9	97.9	101.1	103.5	107.5	111.3	106.1	98.8	95.6	87.8	83	87	95.5	98.8	99	98	95.8	93.3	87.4	86.2	92	93.3	93.6	89.8	90.3	91.5	86.5	82.5	81.3	84	85.4	83.9	87.7	93	98.8	100	99.8	98.1	96.9	92.5	88.1	85.5	84.2	82.7	79.8	79.5	79	84.4	95.3	103.1	110.4	117	124.4	134.2	137.4	138.8	140.4	142.2	141.4	146	149.9	148	143.2	138.9	133.7	128	124.8	122.5	119	114.7	113.4	114.2	115.3	116.4	116.3	121.1	127.8	135	138.7	160.3	199.6	234	276.7	277.1	259.5	247.1	254.2	262.6	259.8	264	273.3	273.2	263.7	254	264.3	275.5	275.7	272.2	275.6	274.9	271.7	270.3	263.2	253.3	270.9	272.2	264	279.6	284.7	282.9	282.8	289.3	302.2	311.5	317.6	320.9	326	323.3
331.5	331.5	330.3	331.5	331.5	330.3	329.9	328.1	323.7	317.9	315.1	313.9	310.1	306.5	305.9	304.3	300.9	300.1	299.3	296.3	293.1	289.1	286.5	285.7	284.7	283.7	283.3	280.5	254.9	262.3	266.5	251.9	280.7	281.7	274.1	253.2	224.3	220.7	235.5	211.7	220.1	219.3	167.7	141.7	128.9	122.1	119.3	117.8	120.5	127.3	129.9	133.6	142.2	150.4	156.5	159.7	160	157.1	154.5	145.6	133.6	123.8	117.8	120.1	123.5	126.5	124	116	106	95.2	86.4	82	79.2	78.3	83	86.2	90.3	93.1	98.5	104.7	107.7	106	102.3	101	100.3	100.1	92.7	85.1	93.1	103.5	102.3	100.4	101.1	100.9	99.1	90.9	91.7	97.8	99.6	98.5	94.9	94.9	94.5	88.6	83.3	85.8	88.5	86.5	84.7	83.8	91.1	97.3	98.2	95.7	91.1	84.1	79.9	76.1	72.7	74.4	73.9	72.8	70.7	73.6	79.6	88.9	96.2	102.1	109	116.3	126.5	133.1	135.9	138.4	140.2	143.4	152.2	156	148.4	142.1	136.5	130.3	125.9	121.4	116.3	114.8	114.6	112.4	113.2	112.8	115.6	118.5	121.7	129	138.9	145.2	171.8	213.1	271.9	277.4	270.1	247.9	253.2	270.5	277.5	276.4	274.5	274	273.8	254.6	255.9	266.7	274.9	276.1	276.6	276.8	276.3	267.4	264.1	260.8	275.7	276.7	275.1	270	277	286.6	285	284.5	290.7	307	315.5	317.8	326.2	326.9	326.4
331.5	331.5	329.8	331.5	331.5	329.7	331.5	330.7	326.7	322.1	320.5	317.9	313.7	310.3	306.9	303.9	300.9	299.7	300.9	298.3	294.7	290.1	288.1	286.1	285.1	284.3	283.3	280.7	280.4	281.9	269.1	267.5	280.1	280.7	280.6	260.9	230.7	221.5	219.5	200.3	217	233.1	199.7	148.4	130.3	120.8	120	117.1	117.7	125.4	129.4	133.6	140	148.7	156.5	161.5	163.4	161.5	155.2	145.7	136.5	124.2	118.7	121.3	126.1	131.1	132.1	121.6	114.1	103.9	94.5	85.4	77.5	77	82.6	82.4	87.7	89.3	94	103	100.6	88.3	86.4	93.8	94.1	94.2	89.5	79.9	86.5	96.7	93.9	97.9	101.1	102	101.5	94.9	92.3	96	100.1	100.3	97.6	96.3	92.4	87.3	79	82.3	86.2	83.5	81.1	79.2	78.4	82.6	89.3	91.9	85.2	78.8	75.3	72.8	71.5	70.5	70.9	71.6	70.9	72.6	79.2	86.4	92.4	99.5	108.1	117.3	127.5	132	135.2	136.4	138.7	142.3	151.8	154.1	150.3	143.9	137.1	130	123	119.4	118.9	115.9	113.9	114.5	115	113.8	114.8	118.8	119.8	125.4	133.2	142	164.7	214.7	247.1	267.9	261.5	256.1	271.6	268.2	276	276.3	276	270.4	270.1	265.4	274.1	277.6	275.7	275.1	273.2	278.6	281.4	283.3	271.8	263.3	271	282.6	291.1	293.5	293.3	291.1	279	275.3	303.2	321.7	323.7	307.5	311.9	329.9	329.1
331.5	331.5	330.2	331.5	331.5	331.5	330.9	331.3	329.1	324.7	318.5	315.3	314.7	311.1	307.9	304.9	302.1	301.5	301.4	299.1	295.1	290.5	288.7	286.1	285.3	284.5	283.5	281.7	281.8	281.9	281.9	281.5	280	281.7	281.3	258.4	236.3	239.5	220.3	203.3	220.4	229.5	211.1	153.7	132.4	121.6	119.9	118.7	118.4	122.6	126.9	132.9	140	149.9	154.3	158.1	159	156.4	149.9	140.9	135.8	126.9	121.7	124.2	127.2	133.2	135.6	130.3	122.3	116.8	111.3	101.6	91.8	86.4	85.8	81.6	82.2	83.6	86.2	96.5	87.9	70.3	70.5	79.7	82.6	80.8	73.2	67.4	86	92.2	89.8	102.5	108.9	109.7	108.1	100	98.1	98	101.4	102	99.8	98.4	96.7	84	68.6	77.3	83.1	80.9	78.5	70.5	69.1	76.3	79.5	82.4	79.5	75.3	74.9	73.1	72.3	75.3	79.1	87.6	94.3	97.1	98.5	98.5	99.8	104.2	109.8	116.6	126.5	131.7	132.9	135.9	141	145.2	154	153.2	148.8	141.2	133.7	128	120.7	118.7	118.9	115.8	113.3	114.2	115	113.2	114.3	116	117.6	125.2	130.5	150.9	178.3	213.1	244.4	255	256.6	255.3	269.2	267.3	269.7	276.7	268	273.4	270.9	260.5	270.5	279.6	276.6	275.1	276.4	279.6	282.4	284.3	281.6	272.8	281.8	294.5	298.4	303.6	301.7	292.2	275.5	276	306.2	324.5	323.9	311.8	305.3	329.8	328.8
330.9	331	329	329.4	331.5	331.5	331	331.5	331.5	330.5	325.3	322.1	318.9	315.9	310.3	307	305.7	303.1	300.9	299.1	296.6	294.9	290.9	286.2	284.9	278.1	283.7	282.9	282.3	282.1	282.1	281.7	281.7	281.5	279.5	257.5	245.3	258.3	256.1	235.9	230.5	228.7	224.7	175.3	135.6	123.9	120.2	117.9	118.3	120.6	123.9	129.3	138.3	148.8	152.8	158.9	160.3	155.9	150.5	142.9	136.5	129.1	124.1	124.9	125.5	131.9	136.7	136.4	129.6	119.8	116.5	108.3	101.7	96	92.2	88.3	86.8	84	82.6	85.1	75.3	62.3	60.8	66.3	67.7	60.5	49.5	45.2	61.2	73.1	77.2	88.8	101.6	103.5	97.8	83.2	81.2	86	85.3	87.4	85.1	82.2	79.3	64.4	41.5	47.5	56.9	61.3	64.8	57.7	58.6	67.3	67.7	64.6	68.9	72.4	72.8	75.3	75.2	78.4	84.3	92.2	101.9	105.7	104.5	103	104.7	107.8	111.5	115	124.2	132.2	134.6	139.6	142	145.8	153.4	154.1	149.5	141.9	134.3	127.3	121.1	118.7	117.2	115.9	114.7	114.6	114.2	114.4	116	116.9	123.4	134.9	137.2	156.5	192	229.4	257.3	263.1	257.7	249.9	248.3	261.8	264.6	277.1	268.9	268.2	271.6	270.5	262.8	280.5	278.3	278	277.3	278.8	282.5	288.1	291.9	294.8	308.6	321.3	323	325.6	324.9	320.5	313.6	310	314.9	322.4	324.9	322.7	322.9	321.5	325.9
329.4	330.6	329.9	330.3	331.5	331.5	331.5	331.5	331.5	331.1	325.9	323.3	319.7	316.5	310.7	308	306.4	302.5	300.7	300.3	298.7	295.7	290.8	285.2	283.6	284.7	283.7	283.1	282.5	282.1	282.3	281.9	281.3	281.5	272.9	269.3	281.5	281.1	278.7	243.1	231.1	229.3	224.7	180.7	137.8	121.1	118.1	118.4	117.6	118.4	122.9	128.7	134.9	142.2	151.6	157.7	160.3	158.5	152	146.2	138.6	132.4	130.5	131.1	131.2	134.6	136.4	138.1	133.8	126.8	121.8	114.6	111.2	106.5	106.1	104.7	103.8	99.3	95.2	87.5	77.1	72.4	69.6	64	55.8	43.4	34	36.2	38.4	43.2	45.5	50.9	60.1	62.6	59.6	50.4	54.9	60.1	58.4	59.3	58.4	56.5	51.1	38.4	28.8	29	31.7	37.4	45.8	54.3	60	66.6	69.6	70.7	77.7	85.6	90.2	93.7	94.1	98.6	106.4	114.1	119.3	121.2	120.9	119.8	120	121.1	123	128.4	133.9	137.1	141.1	144.4	148.1	153.2	153.3	150.6	144	134.3	129.6	124.3	121.3	119.2	117.1	114.6	113.8	114.3	114.5	116	118.5	117.5	126.1	136.3	143.1	180.9	204.7	239.9	259	265.8	261.4	253.5	248.1	255	263	276.3	278.7	274.5	273.6	267.3	250.7	273.1	280.6	281.1	281	282.9	287.4	295.4	299.5	304.2	317.8	328.1	326.3	325.3	324.6	324.3	321.4	318.7	317.1	325.7	325.3	323.2	323.3	321.8	325.5
331.2	331.5	331.5	331.5	331.5	331.5	331.5	331.5	331.5	331.5	326.3	325.3	322.3	319.1	314.5	310.3	307.9	303.7	300.1	300.1	299.5	292.9	294.5	290.7	284.9	285.1	284.3	283.5	281.7	270.4	280.5	282.3	282.1	281.7	280.3	278.8	281.7	281.7	281.1	253.5	232.3	228.3	226.6	219.1	154.7	123.3	119.3	118.8	117.6	119.9	123	128.1	133.8	137.7	148	157.1	160.6	158.1	152.2	146.2	141.3	135	130.5	132.8	134.6	134.3	133.9	135.6	134.6	132.5	126.3	116.5	112.7	112.1	112.1	110.6	109.6	107.7	102	93.9	84.8	77.7	70.8	61.4	52.2	45	43	42.9	44	43	39.6	35.5	33.8	32.2	32.3	30.7	33.5	40	39.7	37.5	35.1	31.4	30.3	29.9	28.6	30.3	29.5	31.4	34.8	41.8	48.1	57.3	64	68.3	74.9	81	88	92.4	93.2	98.5	106.6	110.9	114.1	115.6	116.9	118.2	118.9	121.7	127.1	135.3	140.7	142	145.5	151.1	152.2	152.9	153	148.9	140.9	133.1	127.8	123.3	120.9	119.4	117.6	116.1	113.5	113.3	113.6	116.6	118.8	117.8	125.3	135.5	139.7	177	223.9	260.6	270.1	278	277.4	274	261.1	253.7	241.6	255.6	274.5	274.9	275.6	275.5	271.1	271.8	278.7	280.8	306.7	315.3	317	324	329.1	328.4	328.2	313.4	308.5	326.9	325.4	325.7	326.7	327.3	326.8	326.3	326	326.2	326.4	326.1	326.4
331.5	331.5	331.5	331.5	331.5	331.5	331.5	331.5	331.5	331.5	326	325.5	322.5	319.3	314.9	311.7	308.7	304.7	300.3	297.3	298.1	297.5	295.7	292.5	287.5	285.3	284.3	283.3	283.1	272.7	273.8	282.3	281.9	281.1	280.9	280.7	281.5	281.9	281.5	266.3	232.5	228.6	225.8	225.6	192.5	147.7	120.9	119.4	117.1	118.6	122.3	123.7	128.7	136.1	144.6	154.7	156.8	155.2	149.2	144	140.9	136.3	131	134.8	136.2	135.2	135.5	136.2	138.5	136.3	134.1	126.1	119.2	115.9	115.3	113.3	114.1	112	108	101.5	94.6	89.7	86.5	79.1	72.1	72.3	73	71.5	70.2	67.4	63.3	60.2	56.2	52.4	49.3	46.3	47.2	51.3	52.2	50.9	51.3	53	54.5	52.7	52.6	53.5	54.1	53.2	53.1	56.8	59.8	62.7	66	71	75.1	81.6	88.5	95.7	103.1	107.8	113.9	114.4	114.3	114.1	118.8	122.6	125.4	128.1	133.3	140.1	142.7	148.3	153.6	157.1	158.9	156.8	149.6	142.3	134.6	129.4	124.9	120.5	118.4	116.7	116.8	115.3	113.7	113.5	113	114.3	115.7	117.2	122.3	130	151.6	183.1	207.6	253.8	272	273.3	277.1	277.5	272	264.1	248.9	250.4	263.5	276.3	278.7	285.6	292.4	284.9	293.4	296.9	316.9	326	327.2	325.4	324.8	327.7	326	317.9	298.4	297.8	323.4	326.4	326.4	327	327.5	326.4	325.5	325.7	326.1	322	323.5
331.5	331.5	331.5	331.5	331.5	331.5	331.5	331.5	331.5	331.5	330.5	331.5	323.1	318.7	318.1	316.3	312.3	307.3	301.9	299.7	300.9	300.9	298.7	296.3	291.7	286.5	284.5	283.5	283.3	283.1	282.9	282.3	281.7	280.6	279.5	279.3	281.1	281.7	281.7	276.7	239.6	225.4	225.9	218.2	178	133.5	118.6	115.7	115.9	117	119.8	123.3	129.4	134.3	141.6	150.5	155.4	153.9	150.1	146.9	141.9	136	130.6	133.2	134.4	132.8	135.9	139.9	141.2	139.9	139.3	132.7	125.4	122.6	119.4	115.9	113.7	108.2	99.9	91.9	82	76.5	76.4	78.2	81.1	82.7	84.8	82.6	76.5	75.2	73.6	71.4	69.1	67.4	64.3	62.1	61.7	61.8	63.4	62.8	66.2	68.9	70.7	71.2	67.1	63	63.7	63.3	62.2	63.7	63.8	61.4	62.4	64.7	72.2	81.6	88.8	96.7	106.3	113.4	117.5	120.2	123.5	124.2	124.8	125.4	127.7	133.6	138.5	142.4	144.7	149.3	155.2	159	157.4	157.5	149.8	140.7	134.5	130.3	125.5	120.1	117.6	117	116.3	114.5	113.6	113.2	113.7	116.6	116.1	122.8	134.7	140.1	160.9	203.6	257.4	276.4	266.4	263.9	270.2	275.3	277.8	266	262.8	270.8	279.1	283.2	305.9	320.8	323.6	326.4	326.2	319.1	328.2	328.7	326.1	329.7	325.9	325.4	324.8	322.6	312	313.4	322.3	326.8	326.8	326.4	326.7	326.8	320.9	318	326	322.2	311.6
330.8	331.5	331.5	331.5	331.5	331.5	331.5	331.5	331.5	330.8	327.4	329.1	329.3	319.3	316.7	316.5	312.5	307.9	303.5	294.7	296.7	296.7	299.1	296.3	292.3	287.5	285.1	283.7	282.4	283.1	281.7	282.3	281.3	277.1	280.5	279.5	281.1	281.7	281.4	274.3	245.9	226.4	223	211.1	189	139.3	119.1	115.5	114.4	116.9	117.5	120.1	125.2	131.7	138.3	146.1	148.6	150.2	150.8	149	146	138.1	131.5	133.4	134.5	135.2	138.9	142.4	142.7	143	140.1	133.9	129.9	128.2	124.9	121.1	116.4	110	98.7	87.6	77.2	72.3	72.6	76.9	81.7	84.4	89.8	90.4	87.1	86.3	85.5	84.7	85.1	88.9	90.2	89.2	86.8	85.5	85.2	87.8	90.3	91.7	94.5	96.7	91.3	86	80.3	74.3	70.2	71.3	66.9	63.1	62.3	63.5	71.6	85	96.6	104.8	113.3	118.4	120.1	123.7	127.7	129.8	130.6	129.7	130.9	134.6	139.6	144	147	148.3	152.7	158.2	154.4	149.9	143.1	137.9	133.3	130.2	124.2	116.7	114.9	114.8	114.8	113.9	112.3	112.8	114.3	115.9	116	124.2	136.5	149.8	185.7	217.2	264.6	274	275.7	263.1	269.7	273.9	265.6	261.4	269.1	279.6	293.2	302.1	317.8	325.4	325.5	325.2	324.2	316.4	327.3	325.1	328.9	330.5	327	324.9	324.5	323.8	324.5	326	326.2	325.9	326.2	326.7	326	326.1	324.6	317.6	323.6	323.8	315.8
330.9	331.5	331.5	331.5	331.5	331.5	331.5	331.5	331.5	331.5	329.5	331.5	331.5	326.7	321.7	318.3	315.9	313.1	310.3	304.5	302.1	302.7	302.5	298.7	294.7	290.9	285.4	281.5	282.8	279.7	280.1	282.3	279.9	281.1	280.9	280.9	281.5	281.3	279.4	278.1	255.3	231.5	216.8	223.9	225	167.9	123	116.5	112.5	114	118.6	121.2	125.5	130.1	135.5	144.3	147.9	151	151.4	151.7	146.4	140.3	136.1	136.4	136.7	136.8	141.4	145	145.1	145.9	143.1	138.3	135.4	132.6	129.6	126.3	118.4	108	94.1	79	68.2	64.9	63.4	62.9	65.7	69.4	72.7	73.2	78.9	80	82.4	83.5	84.7	89.8	93.2	93	92.6	91.3	90	92	95.3	98.9	100.3	98.2	94.9	91.8	85.9	78.1	73.6	73.2	69.5	65.3	65.9	67	70.5	85.4	101.9	110.2	117.7	125.3	127.9	131.9	133.3	135.7	138.3	138.4	135.8	135.8	139.4	145.3	147.9	151.1	153.6	156.5	154.7	148.1	142.9	137.4	132.3	129.5	125.1	120.7	117.6	116.1	115.8	114	114.3	116	117.3	117.7	120	128	135.3	147.4	183.3	219.6	252.5	271.7	275	271.7	268.7	274.1	275.4	265.6	285.1	313.1	327.7	326	319	324	324.8	324.1	323.7	325.2	325.6	323.5	323.1	326.1	326.3	325.6	327.1	326.6	326.3	328	326.9	325.4	324	323.4	323.8	323.7	323.8	324.4	324.8	324.8	326.8
331.1	331.5	331.5	331.5	331.5	331.5	331.5	331.5	331.5	331.5	331.5	331.5	331.5	328.7	323.1	319.3	317.5	315.3	312.3	308.7	306.7	305.7	303.3	299.7	295.3	292.3	285.5	282.3	284.1	275.7	283.1	281.7	277.6	280.1	281.1	281.5	281.5	280.3	279.2	280.9	266.1	244.2	229.5	223.3	223.3	173.4	126.8	116.2	112.3	112.1	115.8	119.9	122.7	127.1	131.5	137	144.3	148.3	149.6	152.4	150.2	147.6	145.3	144.3	145.2	142.7	142.7	145	146.2	147	144.4	142.2	138.3	136.7	134.8	131.5	120.8	108.9	95.2	79.5	70.2	66.4	62.7	60.7	60	62.3	60.7	59.9	64	65.5	67.1	68.7	72.5	77.6	80	82	82.4	80.3	78.2	77.9	78.9	81.2	80.9	80.6	79	76.6	74.6	72.6	71.9	69.8	68	67.9	70.9	74.1	76.4	87.5	101.3	111.5	120.5	127.4	130.7	132.7	134.7	136.9	138	138.5	137.3	137.6	142.8	146.1	149.5	152.9	154.5	154.5	150.9	143.9	139.9	133.5	130.3	125.1	120.7	118.9	115.7	113.3	113.1	113.1	114.5	116.7	116.8	117	120.1	128.1	131.9	146.2	185.9	228.3	260.8	276.6	277.3	272.7	272.5	278.4	277.4	269.9	287.4	319.2	326.9	325.7	309.1	323.9	324.2	324	323.3	323.9	324.8	324.4	323.4	325.6	326.2	325.6	327.4	327.4	327.1	321	327.3	326.2	323.7	323.1	323.7	323.7	323.7	324.7	325.7	324.7	326.4
331	331.5	331.5	331.5	331.5	331.5	331.5	331.5	331.5	331.5	331.5	331.5	331.5	330.6	325.9	318.5	318.1	318.1	315.9	313.1	309.7	307.5	305.7	303.7	301.7	296.6	291.2	288.1	285.1	284.3	281.7	278.5	281.4	281.7	281.5	281.5	281.7	279.9	280.4	269.9	254.7	238.6	220.3	223.5	222.4	196.3	141.5	121	112.9	110.7	113.5	116.9	121.4	126.4	130.9	138.6	146	149	149.6	152.5	151.9	151.5	147.9	147	147.3	144	144.1	145.3	149.5	151.4	148.7	145.1	142.2	140.6	137.8	129.3	117.7	107.8	92.6	79.7	74.1	70.2	65.8	62.8	62.8	62.3	61.7	61.5	63.1	66	67.7	70.6	76.4	79	81.1	79.7	79.8	78.9	76.7	76	75.5	79	79.5	79	80.2	79.2	77.9	76	75.3	76.1	75.2	77.6	82.1	82.5	84.6	89.2	101.6	113.3	119.2	127.3	133.6	134.7	136.5	135.5	136.5	137.9	140.2	144.8	146.4	148.6	150.4	152	153	150.2	144.8	142.8	138.5	133.8	130.2	122.8	117.4	115.6	112.9	112.5	111	112.5	114.7	115.1	115.8	115.3	124.1	127.8	131.4	167.6	199.1	237.5	256.4	277.9	282.1	274.3	280.4	302.9	304.6	309.8	309.9	300.7	325.1	326.4	311.7	316.8	324.8	323.5	324.4	324.9	324.7	325.9	324.8	323.7	322.2	318.9	324.8	325.3	325.6	325.2	325.4	327.1	324	326.2	325.7	326.2	326	325.7	326.6	325.3	324.2
331.3	331.5	331.5	331.5	331.5	331.5	331.5	331.5	331.5	331.5	331.5	331.5	331.5	330.4	326.5	319.7	318.9	319.1	316.9	314.3	311.5	309.3	306.5	304.5	303.5	297.7	293.5	289.3	285.7	281.7	278.5	283.1	282.5	281.7	281.7	281.9	281.1	272.5	265.2	250.3	223.8	214.6	218.6	222.9	223.2	195.9	144.3	121.6	114.8	111.9	112.1	115.3	121.9	124.7	127.4	134.6	144.1	148.3	148.9	149.8	151.4	153.4	151.5	149.8	147.5	148.4	147.4	145.5	149	151.1	148.7	143.6	140.5	141.1	138	131.9	120.4	110.4	96.7	85.9	81.5	77.2	72.6	67.9	64.3	60.7	58.9	59.2	61.9	62.9	64.6	68.1	70.5	72.7	73.1	72.7	72.7	73.6	73.5	72.8	72.7	74.7	76.6	77	78.5	78.6	76.7	75.9	77.5	79.7	81.7	84.5	88.2	88.9	90.2	96.3	110.2	117.5	121.1	128.6	134.3	134.5	135.9	134.9	132.8	138.2	145.6	147.9	147.3	149.2	150.9	148.8	148.2	144.6	143	139.9	132.9	127.8	125	119.7	117.4	115.8	113.2	111.9	110.1	110.9	113.7	113.2	113.7	115.4	123.9	126.7	156.4	182.7	207.4	245.8	258	279.1	283.8	279.4	291.2	314.4	322	322.5	317.6	302	320.8	326.7	315.6	322.6	325.5	324.2	324.7	325.2	324.5	325.3	324.7	321.5	313.5	322.9	324	324.5	325.2	325.2	325.3	326.8	327.5	326.1	325.2	325.2	325.2	324.9	325.7	324.8	320.6
331.5	331.5	331.5	331.5	331.5	331.5	331.5	331.5	331.5	331.5	331.5	331.5	331.5	331.5	331.5	328.1	326.1	325.5	323.7	314.7	316.7	314.3	312.5	310.5	307.5	303.3	298.9	295.1	285.7	276.3	284.7	283.7	282.5	282.3	282	281.1	277.1	273.7	272.1	246.5	215.5	204.9	216.7	225.1	216.7	204.9	161.7	130.7	120.7	114.2	112.5	112.9	117.2	122.9	126.7	132.8	139.3	144.1	146.7	150.6	152.6	152.6	152.5	154.6	151.9	152.9	153	148	149.4	149.3	149.4	147.3	145	143.2	138.3	134.1	129.8	119.9	108.8	97	89.5	85.3	83	79.1	73.9	69.4	66.9	66.9	67.2	67.2	70.1	72.3	72.9	74.3	76.1	77.8	75.9	76.3	77.3	77.9	76.7	77.6	79.2	81	81.2	80.9	81.2	82	83.8	85.6	88.9	91.8	93.4	92.8	95.7	107.7	119.9	123.9	124.9	129.4	134.5	134.8	137.6	135.4	132.9	138.4	145.1	147.3	149.4	150.2	151	148.9	145.3	141.2	140	135.7	130	124.6	120.9	116.1	112.9	113.6	115	111.4	110.7	110.7	113.1	115.4	115.2	118.9	123.7	128.3	161.8	193.7	237.6	274.5	277.1	285	284.7	286.1	307	324.9	326.6	327.7	325.5	306.6	310	325.6	325.2	326	325.9	318.4	318.9	328.9	327.4	326	326.4	326.1	325.3	325.3	325.5	326.3	327.6	328.8	328.2	326.6	326.1	325.6	324.4	323.5	323.2	323.1	322.7	322.9	322.3
331.5	331.5	331.5	327.3	327.9	331.5	331.5	331.5	331.5	331.5	331.5	331.5	331.5	331.5	331.5	331.5	328.3	325.2	322.7	310.3	313.5	314.4	314.3	312.5	309.1	304.7	301.9	297.5	289.7	279.5	284.9	283.7	282.6	281.1	282.3	282.3	282.5	281.9	280.7	262.5	237.1	227.9	221.3	219.9	218.9	213.3	169.5	130.5	119.2	113.4	113.2	114.3	117.5	122.2	125.3	130.5	135.9	139	144.4	150.8	151.7	153.5	156.6	153.2	153.8	157	156.6	154.7	152	146.2	146.6	146.9	145.8	142.5	136.9	134.2	130.9	123.1	115.3	105.4	94.3	87	85.6	84.5	80.3	76	74.8	76.1	76.6	75.2	77.8	78.8	79.1	80.5	81.7	82.9	81.9	81.6	82.8	81.6	81.4	83	84.4	86.5	87.4	89.7	90.7	90.3	92.8	93	93.9	96.5	97.9	97.4	104	117.8	124.4	125.9	127.8	133	135.7	134.8	134.9	134.4	135.3	140.4	145.3	146.3	148.7	149	147.4	148.4	144.3	138.6	134	128.8	123.7	119.9	115.8	114.1	112.1	113.1	114.4	110.8	111.9	111.5	112.8	117.5	116.3	122.6	129.8	153.9	189	202.2	255.6	283.4	284.6	287.4	287	291.1	309.2	324.8	326.4	327.6	328.2	312.5	308.6	325.4	324.9	325.6	325.9	320	315.7	327.1	328.1	326.9	327	326.7	325.9	326.6	322.8	313.7	323.5	329.7	325.3	325.1	326.9	326.4	324.9	324.6	324.8	324.2	323.5	323.5	319.7
331.5	331.5	331.5	331.5	331.5	330.9	329.9	331.5	329.7	331.5	331.5	331.5	331.5	331.5	331.5	324.9	326.1	331.5	327.3	328.7	324.1	321.1	318.9	317.7	314.9	309.7	304.3	300.3	294.7	290.1	286.7	285.9	286.3	285.3	284.7	284.5	283.5	283.1	283.1	274.5	254.9	245.9	230.5	218.9	225.5	223.9	200.9	147.7	123.2	114.6	113	112.7	116.5	119.5	123.6	126.2	132	137.6	144.5	149.9	150.9	154	157.8	156.2	157.5	156.6	157.3	154.8	151.2	147.6	147.4	145.5	146.2	143.3	138	133.6	134	131.8	128.4	122.4	112.8	99.3	88.5	87	87.2	85	84.6	85.7	87.1	89.7	92	93.8	96.7	98	96.1	93.7	92.5	91.1	89.7	90.8	93	93.9	96.1	98.1	99.3	100.2	102	101.1	100.8	100.6	99.5	100.4	100.9	110.4	124.1	130.3	129.9	129.7	132.4	135.3	136.5	135.9	134.7	132.1	134.1	139.5	138.6	139.3	142.6	144.8	145.3	146.1	141.9	137	132.4	126.3	122.6	119.6	114.3	113.6	111.7	110.4	110.7	110.3	111.5	110.7	113.4	115.5	119.7	126.8	129.5	163.1	197.8	225.9	279.7	285.8	282.6	289.4	294.6	290.6	308.9	326.7	326.7	328.2	326.3	320.1	318.6	319	314.3	314.7	311.6	316	324.1	325.9	328	328.7	326.9	325	325.5	325.2	325.5	316.1	316.5	325.7	323.8	319.1	322.2	325.6	323.5	317.2	317.4	320.9	325.6	324.5	323.1
331.5	331.5	331.5	331.5	331.5	329.6	329.2	331.5	331.5	331.5	331.5	331.5	331.5	331.5	331.5	331.5	331.5	331.5	331.5	330.1	326.5	323.1	320.3	319.7	316.9	311.1	305.9	300.1	295.3	292.3	288.1	286.5	286.7	287.5	286.1	285.9	284.5	283.5	283.3	258.9	237.3	221.7	206.1	221.7	231.3	224.9	210.5	160.9	128.5	116.4	111.3	113.3	115.8	117.8	120.8	124.6	129.4	136.4	142.1	146.1	147.5	150.3	153.1	157	158.6	158	158.2	155.4	151.4	150.6	148.9	145.8	146.7	144.6	139.2	136.1	134.9	130.3	130.4	126	120	108.6	93.4	86.5	87.4	89.3	91.5	94.2	95.6	99.2	102.5	105.3	109	110.2	106.4	101.4	99.3	98.7	96.2	99.4	102.2	102.6	106.3	109.3	108.1	103.8	102.3	102.3	99.6	100.3	99.6	99.2	103.2	116.8	128.4	129.6	130.7	131	132.2	134.6	135.7	135.1	134.7	135.9	137	138.1	136.9	137.2	137.6	141	144.3	143	138.5	132.8	128.8	124.7	121.3	116.8	112.6	110.7	109.1	109.5	109.6	112.5	112.3	110.7	114.2	116.5	121.2	126.8	142.4	173.3	200.1	237.3	281.1	285.2	271.5	283.3	295.4	288.8	306.9	325.5	327.6	327.7	326.2	319.3	318.5	319.2	317.7	321.2	315.6	310.7	324	325.2	326.6	327.7	324.2	319.4	325.5	324.4	322.2	324.1	323.7	324.8	325.9	325.4	326.4	326.3	325.3	318.7	323.5	327.4	326	324.7	324.4
331.5	331.5	331.5	331.5	331.5	331.2	331.1	331.5	331.5	331.5	331.5	331.5	331.5	331.5	331.5	331.5	329.9	331.5	331.5	331.5	331.5	330.5	327.5	326.3	321.5	315.3	311.1	307.9	303.9	300.9	299.1	296.5	298.1	297.4	295.5	294.3	288.7	286.7	284.9	256.9	236.1	227.3	215.7	222.7	237.9	227.7	226.3	213.3	146.5	122.1	114.5	113.4	115.1	118.3	118	123.1	128.2	131.8	139.2	144.5	148.6	149.2	152.8	156.2	159.4	158.7	156.3	156.1	154.1	150.4	148.1	148	147.6	145	141.9	139.3	136.7	134.5	133.1	131.5	130.4	129.8	120.4	106	94.6	93.8	96.8	101.3	104.3	105.2	108.7	111	115.2	114.9	111.6	107.6	106.2	107.2	107	107.9	107	109	112.6	115.5	115.2	108.8	106.5	104.9	101.2	101.5	103.7	112.6	128.8	138.2	136	132.9	134.5	134.9	135.5	135.3	136.1	135.7	135.3	136.6	137.5	136.4	136.5	135.4	135.8	139.3	140.7	139.7	135.4	130.9	126.9	124.3	121.5	115.6	113.7	111.7	110.7	109.8	108.9	109.1	111.2	110.1	111.5	115.3	124.7	130.3	149.9	176.5	221.3	263.7	276	283.9	276.2	284.6	288.4	281.4	297.1	302.5	303.5	304.7	307.9	309.9	311.6	310.4	307.3	314	312.8	305.7	325.1	327.5	323.9	323.8	326.4	322.1	326.2	325.5	317.5	325.4	325.2	325.2	327	326.8	327.5	326.3	324	324.8	324.2	324.4	324.4	324.2	324.4
331.5	331.5	331.5	331.5	331.5	331.5	331.5	331.5	331.5	331.5	331.5	331.5	331.5	331.5	331.5	330.4	329.8	331.5	331.5	331.5	331.5	331.5	328.7	326.5	321.6	317.7	314.7	310.1	306.3	304.5	302.5	301.5	301.9	299.7	298.6	296.3	291.5	288.5	285.6	275.2	280.3	275.9	271.1	243.9	248.3	235.3	226.3	221.7	156.1	127.1	120.6	114.1	114.3	117.7	120.2	124.1	127.1	129.8	135	141.2	145.8	146.8	152.1	154.7	156.4	157.6	156.7	156.1	154.6	152.4	152.1	150.3	149.3	143.8	142.3	141	136.7	134.8	131.3	129.4	129.3	133.5	134	121.3	106.9	103.9	103.2	108.5	113.5	115.1	113.7	112.7	114.1	112.3	110.1	108.1	107.5	108	110.1	111.1	111.8	113.1	113.5	113.2	113.9	111.4	110.5	107.5	104.9	107.6	111.8	123.8	139.5	141.3	135.6	136.7	137.9	136.7	135.1	134.6	133.9	134.2	136.1	136.5	133.6	134.8	134.6	134	135.9	137.3	135.2	131.5	129.8	127.1	123.3	121	118.3	114.7	115.1	112	112.1	111.2	107.6	108.1	111.1	109.9	111.8	116.7	124.3	155	190.3	201.9	241.6	272.4	270.8	291.1	286.6	280.9	289.2	277.8	292.5	293.7	292.7	293.3	295.4	298.7	302.1	302.8	300.3	292.3	295.4	296.9	313.1	321.9	323.2	324.5	315.6	324.3	326.2	325.5	319.9	326.6	325.4	325.3	327.7	327	326.9	326.4	324.9	324.9	323.4	324.2	324.5	324	324.1
331.5	331.5	331.5	331.5	331.5	331.5	331.5	331.5	331.5	331.5	331.5	331.5	331.5	331.5	331.5	330.1	331.5	331.5	331.5	331.5	331.5	331.5	330.4	329	325.7	328.7	325.9	322.3	320.1	317.3	315.3	310.7	310.1	310.3	307.4	305.1	303.1	296.3	289.2	285.9	284.7	283.7	269.7	261.1	259.5	247.9	235.1	227.3	187.6	137.8	128.8	118.2	114.5	116.8	121.1	123.6	125.8	127	132.6	137.8	142.6	145	146.5	150.4	151.3	154.9	156.3	156.6	153.7	153.2	153.2	151.6	148.2	146.4	144	143.3	141.3	137	133.7	130.2	129.4	132.8	138.7	144.3	140.7	129.6	123.5	121.8	125.3	128.7	127.2	121.4	115.6	115.7	115.6	114.8	115.3	116.4	116.6	117.8	116.4	116.7	120.4	120.2	121.1	121	122.5	123.8	125.5	128.3	142.2	150.4	146.7	140.9	135.5	141.3	141.8	140.6	136.7	137	135.6	135.1	135.5	134.5	133.2	134.4	133.9	133.1	134	134.1	133.3	130.9	129.9	128.2	125.7	122.7	118	116.7	115.9	111.4	109	109.3	108.1	107.9	111	112.6	115.1	121.6	130.4	156.7	180.4	233.6	288	291.2	280.3	287.2	283.4	281.5	286.3	272	265.5	281.9	289	292.1	293.7	294	292.8	293.7	291.8	290.5	279.5	282.1	282	291.7	294	299.8	305.6	300.7	310.7	321.3	325.9	326.2	325.9	325.2	326	326	324.6	324.2	325.9	325.9	324.7	324.5	326	325.2	317.4
331.5	331.5	331.5	331.5	331.5	331.5	331.5	331.5	331.5	331.5	331.5	331.5	331.5	329.1	331.5	330.8	331.5	331.5	331.5	331.5	331.5	331.5	330.2	330.3	331.5	330.3	326.7	324.1	322.1	319.3	315.8	311.3	313.2	312.9	309.5	306.7	305.1	298.9	290.4	286.6	285.3	283.9	268.7	256.1	252.3	247.5	235.1	226.9	201.8	144.2	128.8	124.7	118.3	117.3	122.4	126.6	125.4	125.9	131.1	136.7	140.1	141.5	144.1	146.7	149.9	151.5	152.9	154	152.4	152.8	154.4	151	148.7	147.7	146.2	142.5	141.2	137.9	135.4	130.8	127.5	129.1	136.1	142.4	146.1	142.2	135.5	131.3	131.7	130.4	129.4	128.6	124.8	123.5	123.9	123.2	125.1	128.2	131.1	132.1	130.7	130.2	131.6	127.9	128.2	130.3	132.1	133.6	134.9	141.7	150.6	152.9	148	139.5	137.3	142.8	141.7	139.2	138.5	136.7	137.5	139.6	138.2	135.5	134.5	135.1	134.7	132.7	130.9	127.5	122.7	123.7	125.5	123.3	122.1	121.4	119.8	118.8	117	111.5	108	106.4	106.9	106.6	109.8	113.3	116.9	123.9	160.9	197.1	201.8	255.9	295.7	295.2	290.6	292.7	291.7	290.2	285	274.6	259.1	279.1	291.9	294.6	284.2	292	292.2	293.6	293.8	289.8	287.3	285.3	280.4	289	288.9	293.7	295.8	295.6	305.3	314	320	326.6	326.8	326.2	325.6	325.3	316.4	321.1	324.4	325.2	324.7	324.5	325.7	325.2	321.4
331.5	331.5	331.5	331.5	331.5	331.5	331.5	331.5	331.5	331.5	331.5	331.5	331.3	331.5	331.5	331.5	329.7	331.5	331.5	331.5	331.5	331.5	331.5	331.5	331.5	331.5	331.5	327.9	324.9	323.9	321.9	320.1	319.7	317.3	315.1	313.3	311.1	308.7	302.9	296.5	292.5	289.1	284.9	271.3	254.9	251.7	242.7	230.3	228.1	186.9	138.1	135.1	130.3	121.4	120.4	122.6	125	125.9	126.6	134.5	140.9	142.3	144.8	147.4	146.9	152.6	153.7	154.1	154.9	152.5	152.3	152	149.6	148.3	148.6	146.4	144.8	142.3	137	134.5	131.2	127.9	130.5	135.8	141.7	145.2	147.9	149.9	147.5	147.6	150.2	150.1	149.3	144.7	144.8	148	147	144.1	148.4	147.6	145.4	148.5	149.9	147.2	146.2	148	147.7	145.3	146.4	151	148	146	141.1	136.2	138.7	141.2	140.6	140.5	139.8	140.9	141.2	142.8	144.2	139.1	137.2	136.4	136.2	133.8	130.9	126.5	122.4	123.4	123.5	122.4	119.8	119.8	120.7	119.9	117.3	112.5	110.1	107.3	107.3	107.9	112.9	118.6	118.5	131.2	176.2	201.3	227.4	280.3	294.7	289.1	291.7	290.5	289.3	291.9	281.9	281.8	278.8	287.3	295	292.7	288.6	287.8	287.6	288.1	290.7	293.3	296	298.4	298	296.4	295	295.9	295.7	292.4	295.7	295.9	295.7	297.6	306.5	312.8	315.6	319.6	305.2	315.2	325.2	326.8	328.2	328	326	325.3	324.6
331.5	331.5	331.5	331.5	331.5	331.5	331.5	331.5	331.5	331.5	330.3	326.4	330.4	331.5	331.5	331.5	331.5	331.5	331.5	331.5	331.5	331.5	331.5	323.9	321.9	331.5	331.5	327.7	326.7	326.9	324.5	322.3	319.7	317.7	316.7	313.7	312.1	309.7	301.5	297.1	293.3	288.7	286.5	271.3	255.3	251.7	246.3	239.3	232.3	200.8	145.3	135.9	133.3	128.5	123.3	122.2	122.6	125	127.6	136.6	139.7	140.3	142.2	143.8	147.3	150.8	152.2	155.2	156.5	153.5	155.3	156.1	153.8	151.3	151.2	149.6	144.9	143.4	140.1	138	134.7	130.9	132.1	134.7	137.4	142.8	150.6	155.3	153.5	155.7	155.6	155.1	151.8	150.7	152.7	155.4	154.8	148.4	149.9	148.6	148.3	151.8	155.5	159.2	156.1	153.2	151.8	148.9	146.4	144.4	139	139.3	135.1	134.9	139.1	140.4	141.8	142	142.7	143.7	145.9	147.2	144.5	141.2	135.9	134	131.2	126.7	125.9	122.1	118.2	120	120.4	118.6	118.9	119	119.6	117.8	113.4	109.7	107	104.8	106.3	109	114.5	117	124.7	165.8	194.6	202.9	237.8	281.9	283.6	285.9	292.6	292.7	292.3	293.8	294.1	292.1	291.6	282.2	283.5	290.5	286.2	287.4	288.4	289.4	293.6	293.9	297.8	295.3	297.2	298.6	297.4	293.5	294.5	284.5	288.6	294.2	284.7	286	294.8	304.3	312.3	321.2	316.9	318.9	321.3	328.2	330.5	330.1	327.4	326.1	325.3
331.5	330.3	331.1	331.5	331.5	331.5	331.5	331.5	331.5	331.5	331.5	327.3	331.5	331.5	331.5	331.5	331.5	331.5	331.5	331.5	331.5	331.5	331.5	319.7	325.9	331.5	331.5	331.5	331.5	331.5	331.5	331.5	328.3	325.9	324.9	323.7	317.9	323.3	312.5	307.3	306.9	301.5	296.3	270.7	261.3	256.7	253.9	249.1	243.5	238.1	186.4	145.5	142.9	139.3	133.2	124.7	123.9	124	125.8	131.5	134.4	139.1	144.6	147.8	151	152	153.7	154.6	157.7	156.6	157.7	158	156.8	155.2	154.8	153.1	147.6	147.2	146.2	142	141.6	139.3	133.4	133.1	135.7	137.7	141.4	150.2	156.8	169	167.7	165.6	159.3	157.4	165.4	163.6	156.2	154.7	155.9	155.2	158.6	161	165.2	171.3	165.1	156.4	147.4	139.3	133.6	132.6	129.8	131.7	135.2	135	140.7	144.2	142.2	143.2	145.6	144.6	147.8	147.8	143.9	140.1	136.2	133.5	128.9	125.6	125	123.3	121.5	119.3	120	120	119.2	118.3	118.1	116.4	111.9	107	106.4	107.1	108.9	112.8	115.9	116.1	132	170.1	193.4	215.5	256.4	270.6	277.5	288.1	295.3	295.3	293.8	293.3	293.1	281.7	293.6	291.9	292.7	293.1	291.4	291.7	291.8	288.6	290.4	280	285.4	292.1	285.7	281.9	291.2	293.7	294.4	289.4	292.1	280.2	269.2	267	279.7	288.9	293.7	298	306.3	317.7	323.5	328.8	330.8	328.5	328.5	328.4	327.1
331.5	331.1	331.5	331.5	331.5	331.5	331.5	331.5	331.5	331.5	331.5	331.5	331.5	331.5	331.5	331.5	331.5	331.5	331.5	331.5	331.5	331.5	331.5	331.5	331.5	331.5	331.5	331.5	331.5	331.5	331.5	331.5	331.5	328.1	313.1	322.9	326.9	327.5	317.5	311.9	312.3	307.9	283.1	262.5	264.5	258.5	254.5	253.4	252.5	242.6	196.1	147.9	144.5	137.3	133.4	127.2	124.8	124.5	124.1	126	130.7	135.9	141.5	146.6	148.9	150.2	153.5	154.4	157.6	157.7	157	158.9	162.6	162.4	161.5	159.8	155	154.3	153.2	148.8	145.9	144.1	138.2	133.9	136.4	139.4	142.8	149.4	159.2	176.2	177.5	176.1	174.7	173.5	179	172.3	164.1	165.3	163.1	159.3	161.5	166.1	170.8	167.4	158.5	149.2	139.3	133.1	130.9	129.7	129.2	133	139.8	139.3	142.7	146.1	146.6	149.6	150.7	151.6	150.1	147.2	146.1	142.3	136.6	132.8	125.5	121.2	122	121.4	118	115.5	115.2	117.9	118.2	115.5	114.7	114.2	109.7	106.7	103.5	103.5	106.2	112.5	118.3	139	173.9	184.2	193.9	227.9	266.1	275.9	282.7	288.9	295.6	296.2	295.3	294.6	294.2	278.7	283.7	293	294.7	291.9	290.7	293.2	291	288.3	289.5	285.2	285.1	288	279.5	269	286.1	293.9	293.1	296.2	293.9	276.7	279.6	282.2	281.1	289.2	294.1	296.1	297.8	308.9	319	327.7	328.4	325.6	326.3	327	327.5
331.5	331.5	331.5	331.5	331.5	331.5	331.5	331.5	331.5	331.5	331.5	331.5	331.3	331.5	331.5	331.5	331.5	331.5	331.5	331.5	331.5	331.5	331.5	331.5	331.5	331.5	331.5	330.6	331.5	331.5	331.5	331.5	331.5	326.7	319.1	331.5	331.5	331.5	331.5	327.7	330.1	326.9	303.7	289.5	279.3	270.3	261.5	263.9	263.5	244.7	199.3	159.3	146.5	145.5	138	130.1	128.9	124.8	123.3	123.6	127.2	133.8	138.6	145.1	151	151	154.3	156.3	158.2	159.4	157.8	159.2	161.6	162.6	161.5	160.4	157.2	156.2	155.5	151	150.6	149.7	145.5	141.5	139.5	140.3	142	146	151.9	162	169.1	172.8	170.9	168.7	169.2	166.5	163.5	170.7	172.4	168.6	167.8	164.7	157.9	153	149	143.4	136	129.9	129.5	130	131.3	135.8	141.1	141.6	140.4	142.5	148	152.2	154.9	154.8	152.2	147.5	144.9	140.9	135.8	131.7	124.8	118.9	118.7	119.1	117.5	115.2	113.6	115.4	117.7	114.6	111.9	112.7	110.7	107.2	105	104.3	108.3	113.6	120.6	153.7	181.7	187.3	210.7	268.9	279.7	284.6	297.9	297.4	296.5	297.5	298	298	297.7	295.5	277.9	284	289.1	288.5	286.4	288.5	292.8	293.8	293.8	295	294	294.1	289.5	281.9	294.6	292.8	287.9	291.4	295.7	295	293.3	292.1	291.6	291.7	291.6	290.3	291.2	293	295.6	306.2	318.8	323.3	323.3	324.9	326.9
331.5	331.5	331.5	331.5	331.5	331.5	331.5	331.5	331.5	331.5	331.1	331.1	330.8	331.5	331.5	331.5	331.5	331.5	331.5	331.5	331.5	331.5	331.5	331.5	331.5	331.5	330.3	330.2	331.5	331.5	331.5	331.5	331.5	331.5	331.5	331.5	331.5	331.5	331.5	327.1	324.3	330.5	314.1	293.3	283.5	273.7	262	266.3	265.5	247.3	207.7	161.5	147.1	145.5	141.7	131.9	127.3	123.9	121.6	122.3	124.9	128.2	132.9	140.8	147.1	150	153.2	154.1	155.5	161.1	162	161	162.4	166.6	168	167.2	166.2	163.6	160.6	159.7	159.1	158.9	157.7	155.8	156.7	157.3	155.3	159.4	163.3	168.1	175.8	180.4	181.2	180.6	180.5	176.7	175.3	181.2	183.7	184.1	183.7	179.9	171.2	165	157.8	151	144.2	141	139.5	138.5	140.5	142.6	145.9	147.6	147.1	150.1	155.2	157.8	160.2	158.6	159.3	152.2	144.3	138.4	131.2	125.2	121.3	118.8	117.6	117.4	115.1	115.1	112.7	113.5	114.5	111.1	109.8	108.7	107.1	106.4	103.7	104.6	110.5	120.8	150	180.9	183.9	187.8	219.2	283.9	283.1	280.8	294.2	293.3	291	295.5	297.5	292.9	281.3	291.8	278.1	272.4	289.2	289.2	288.1	288.7	291.1	289.6	293.3	293	291.3	293.5	292.1	288.9	293.6	291.9	290.7	295.1	295.9	294.7	292.5	291.7	289.4	287.3	280.7	278	289.3	291.2	294.2	291.8	299.4	323.9	323.9	326.2	327.4
331.5	331.5	331.5	331.5	331.5	331.5	331.5	331.5	331.5	331.5	327.8	331.5	331.5	331.5	331.5	331.5	331.5	331.5	331.5	331.2	326.9	331	331.3	331.5	331.5	331.5	329.9	331.5	331.5	331.5	331.5	331.5	331.5	331.5	331.5	331.5	331.5	331.5	331.5	329.1	328.7	331.5	322.5	300.1	288.1	280	273.4	271.7	266.3	259.9	234.1	167.7	148	146.3	140.3	131.4	127.9	123.7	122.3	121	122.7	127.1	130.3	136.4	145.4	148.8	151.7	155.4	156.2	158.7	162	161.3	161.2	165	167.7	166.8	166.7	165.1	161.4	163.1	161	161.3	159.9	158.4	162	162.9	161	163.1	162.7	163.9	169	172.1	175.1	174.7	173	174.9	174.5	174.1	175.3	176.4	177.2	175.8	171.3	162.1	157.9	155.4	151.7	148.3	147.2	148.1	145.8	146.4	147.3	147.8	147.5	149.2	156	160.8	160.1	160.8	162.1	153.6	145.5	137.8	129.8	122.8	121	118	115.9	116.9	114.2	114.2	112.3	113.5	113.5	111	111	107.9	105.6	106.1	105.1	106.1	110.7	127.2	160.4	181.3	185.2	194.7	235.7	280.7	283.4	289.7	278.8	280.3	288.9	292.1	293.5	287.5	276	286.1	292.9	286.5	290.8	291.2	292.3	290.3	287.3	284.4	290.2	290.1	288.4	288.5	288.6	287.6	288.1	290.5	292.8	293.6	292.9	292.7	292	287.5	290	293.8	289.3	277.9	284.2	289.8	293.5	293.6	289.2	305.4	319.6	325.4	325.7
331.5	331.5	331.5	331.5	331.5	331.5	331.5	331.5	331.5	324.9	320.2	328.5	331.5	331.5	331.5	331.5	331.5	331.5	331.5	331.5	330.9	331.5	331.5	331.5	331.5	331.5	331.5	331.5	331.5	331.5	331.5	331.5	331.5	331.5	324.5	330.9	331.5	331.5	331.5	331.5	331.5	331.5	326.5	301.3	288.5	279.5	272.7	271.9	263.9	258.3	226.8	167.4	146.9	143.7	138.7	127.4	123.6	120.8	121.2	119.6	119.8	123	126	131.5	140.6	144.9	149.8	154.3	157.6	158.6	161	160.6	161.2	164.6	166.5	165.2	164.6	164.8	165.2	165.1	164.6	164.4	163.8	162.2	163.1	163.8	166.9	168.9	169.9	171.4	174.4	177.2	173.2	172.9	175.5	174.5	173.1	172	170.9	172.7	174.4	174.8	173.1	170.2	167.6	163.4	161.2	159.8	161.2	160.6	158.5	155.4	155.4	156.4	157.7	157.9	159.4	164.7	164.4	161.7	157.1	150.2	143.8	137.2	131.8	125.9	121	116.5	112.8	113.3	115.4	114.1	114.8	114.8	113.7	110.3	107.8	104.6	105	104.7	104.3	111.1	143.5	173.3	179	180.8	185	196	239.9	280.4	283.5	293.4	286.5	274.7	290.3	294.1	292.8	293.3	285.9	291.8	288.3	290	291.4	291.6	292.6	290.3	287.1	288.2	285.6	287.3	287.6	288.1	287.8	286.3	287.1	290.2	292.2	291.2	291.4	292.1	290.9	291.9	285	294.5	296.1	291.7	287	289.2	291.4	295.7	297.3	301.3	312.4	324.5	324.9
331.5	331.5	331.5	331.5	331.5	331.5	331.5	331.5	329.1	330.3	331.5	331.5	331.5	331.5	331.5	331.5	331.5	331.5	331.5	331.5	331.5	331.5	331.5	331.5	331.5	331.5	331.5	331.5	331.5	331.5	331.5	331.5	331.5	331.5	331.5	331.5	331.5	331.5	331.5	331.5	331.5	331.5	329.5	308.9	296.5	286.1	276.3	272.1	264.9	231.5	183.1	159.2	151.7	144.3	140.1	129.8	124.2	121.3	120.2	115.5	114.9	119.3	125.2	127.9	136.5	144.5	149	155.1	155	156.7	160.2	159.2	160.8	163.6	165.1	164.2	163.1	164.8	165.1	166.5	165.9	161	163.1	163.2	164.4	167.3	171	172.1	171.1	170.6	171.2	171.1	166.8	165.9	171.5	167.5	166.5	164.4	162.3	166.1	167.1	169.2	171.2	170.8	170.1	166.1	165.9	165.5	166.2	167.3	165.8	161.5	159.6	160.5	160.1	159.7	160.5	163.6	161.2	158.2	153.8	149.4	142.8	135	130	125.9	121.8	117	112.6	112.4	114.8	113.4	112.8	114	113.3	110.3	104.7	102.6	101	102.9	104	113.7	151	177.6	178.3	181.4	185.6	199.5	249.1	274.3	271.6	292.2	294	294.1	284	292.6	296.6	299.3	298.8	296.5	290.8	285.8	285.5	285	289.9	290.6	290.2	288.1	283.8	277.8	277.4	283.3	284.5	283.3	282.3	284.6	287.5	288.2	290.4	292.6	291.2	289.4	289.5	289.4	289.3	287.3	285.1	285.7	288.8	290.3	294.1	294.8	285.8	293	317.4
331.5	331.5	331.5	331.5	331.5	331.5	331.5	331.5	331.5	331.5	331.5	331.5	331.5	331.5	331.5	331.5	331.5	331.5	331.5	331.5	331.5	331.5	331.5	331.5	331.5	331.5	331.5	331.5	331.5	331.5	331.5	331.5	331.5	331.5	331.5	331.5	331.5	331.5	331.5	331.5	331.5	331.5	331.5	307.5	296.5	286.4	279.3	272.9	266.7	223.9	175.9	160.5	151.7	146.1	141.9	130.8	125.1	119.1	115.7	111	112	117.5	123.1	126.9	132.1	140.2	145.4	149.6	152.5	153.9	156	157.3	158.7	160.7	161.4	162.6	161.6	160.7	163.3	166.1	163.2	157.6	162.3	167.3	166.7	169.8	176.1	174.9	173.4	168.5	170.2	170.2	166	163	162.3	161.1	161	162.2	164.2	166.1	166.6	168.1	172.4	173.4	169.6	170.9	171.2	168.1	166	168.6	170.1	168.8	167.3	168.4	166.3	165.2	166.5	166.3	161.5	156.2	150.4	145.3	138.9	127.8	121.5	122.1	119.5	116	113.2	112	112.8	112.2	111.4	109.4	109.2	107.7	103.1	100.6	98.6	101.1	106.9	125.7	162.4	177.8	178.9	182.4	187	203	252.1	270.5	265.7	283.5	294.2	295.9	286.2	286.1	296.5	299.5	299.1	297.2	295.5	287.5	276.8	279.8	288.8	291.1	291.3	290.1	288	284.7	282.3	284.5	283.8	282.6	281.1	283.1	285.3	286.6	288.9	285.5	286.5	289.9	289.6	289.3	289.5	287.1	285.8	285.9	288.9	291.6	292.8	294.6	294.9	295.6	312
331.5	331.5	331.5	331.5	331.5	331.5	331.5	331.3	331.5	331.5	331.5	331.5	331.5	331.5	331.5	331.5	331.5	331.5	331.5	331.5	331.5	331.5	331.5	331.5	331.5	331.5	331.1	331.5	331.5	331.5	331.5	331.5	331.5	331.5	331.5	331.5	331.5	331.5	331.5	331.5	331.5	331.1	331	305.9	292.7	285.1	276.5	271.7	265.3	204.1	154.5	155.3	153.5	147.1	137.9	128.1	119.3	111.9	108.1	106.3	106.9	113.4	120.8	125	128.7	135.2	140.6	149	154.1	155	155	154.6	156.5	158.4	159	161.1	161.1	158.7	160.4	162.9	160.9	160.4	166.3	166.1	165.4	170.2	172.9	174.4	174.8	172.7	168.2	167.7	162	156.6	153.4	152.2	152.3	154.2	160.9	165.2	165.6	167.6	174	173.1	167.8	172.2	173.8	172.1	169.7	170.6	170	167.5	169.4	171.4	171.2	166.9	164	163.6	158.8	153.5	149.5	144.9	134.6	125.9	121.7	120.7	119.2	115.9	113.2	110.5	110.4	109.5	109	107.5	107.5	105.5	102.8	100.5	99.4	103.1	113.4	128	162.6	175.6	181.6	184	186.7	208.2	273	286.7	275.6	280.2	293.5	294.7	294.9	284.3	287.4	294.5	299	294.9	289.2	286.6	286.8	287.4	284.1	288.5	291	291	279.8	280.1	288.5	288	287	285.6	283.8	282.3	280.4	283.7	285.9	280.9	280.7	291.4	291.3	290.7	290.3	289.1	289.3	291.4	294.9	292.9	292.4	294.5	293.1	290.8	291.6
331.5	331.5	331.5	331.5	331.5	331.5	330.9	330.5	331.5	331.5	331.5	331.5	331.5	331.5	331.5	331.5	331.5	331.5	331.5	331.5	331.5	331.1	330.9	331.5	331.5	331.5	331.5	331.5	331.5	331.5	331.5	331.5	331.5	331.5	331.5	331.5	331.5	331.5	331.5	331.5	331.5	331.5	330.1	301.1	290.7	283.5	276.5	271.3	260.1	196.7	150.5	157.9	158.7	145.1	133.1	126.5	118.5	110.9	106.5	102.7	103.7	107.7	116.1	121.5	124	129.2	134.3	144	150.2	152	151.6	151	151.9	153.8	153.8	158.5	157.8	158.8	158.7	158.7	157	156.3	159.9	165.3	167.5	171.7	172.3	166.4	169.7	172.3	165.4	156.4	150.5	147.3	146.8	148.1	151	152.7	156.2	159.1	162.1	167.3	172.7	173.7	173.6	174.6	173.9	168.5	169.9	170.1	169.1	165.4	167.5	170.4	167.8	158.7	159.5	157.4	150.9	148	144.4	139.9	130.1	125.3	122.1	118.5	117.5	114.1	110.9	109.8	110.8	110	106.5	103.7	102.5	100.9	98	99.6	101.3	108.7	118.9	139.8	177.4	179.3	179.9	181.5	185.9	209	277.8	295.7	284.2	285.4	295.4	295.4	295.6	294	295	297.2	297.9	296.4	291.2	284.7	292.1	291.5	284	284.8	290.1	291.3	288.3	281.5	289.8	289.1	288.3	286.9	284.7	283.5	284	284.6	285.6	287.3	289	290.5	291.1	291	290.5	290.2	290.7	292.2	294.5	289.7	291.4	292.3	285.7	281.2	282.8
331.5	331.5	331.5	331.5	331.5	331.2	331.5	331.5	331.5	331.5	331.5	331.5	331.5	331.5	331.5	331.5	331.5	331.5	331.5	331.5	330.9	329.8	331.5	331.5	331.5	331.5	331.5	331.5	331.5	331.5	331.5	331.5	331.5	331.5	331.5	331.5	331.5	331.5	331.1	326.7	323.9	321.5	323.1	295.3	284.5	277.9	271.3	267.7	247.1	181.5	143.9	162.3	160	140.9	131.3	122.3	116.3	116.7	112.2	102.5	100.3	102.1	110.8	117.7	121.7	124.9	128.3	136.3	144.7	150.2	155.9	152.6	151.3	153.3	150.7	153.8	155	157.2	158.8	158.3	154.1	152.3	156.2	163.2	168.8	170.8	169.9	163.7	165.1	166.4	161	153.3	148.8	146.2	144.4	145.7	147.9	150.8	152.7	159.7	163	167.3	174.8	175.5	175.5	179	177	171	169.6	165.5	165.3	165.2	164.5	167.4	166	159.7	158.5	157.3	150.5	148.5	140.6	135.5	129.8	124.4	118.6	115.5	115	112.1	110.8	108.8	107.4	106.7	107.6	103.5	100.9	100.5	99	102.1	104.3	112.8	118.4	138.1	178.2	180.5	179.8	179.8	181.2	213.3	286.2	299.3	299.7	300.3	299	298.2	297.5	296.8	296.1	296.3	296.4	296.5	297.1	291.5	281.9	293	291.4	290.2	290.7	292	291.9	291.4	293	293.4	291.8	289.5	287.8	286.8	287.6	289.6	288.6	286.6	285.1	287.6	289.8	290.3	290	291.5	293.5	294.2	295.7	296.9	293	291.6	290.3	286.7	284.7
331.5	331.5	331.5	331.5	331.5	331.5	331.5	331.5	331.5	331.5	331.5	331.5	331.5	331.5	331.5	331.5	331.5	331.5	331.5	331.5	330.6	331.3	331.5	331.5	331.5	331.5	331.5	331.5	331.5	331.5	331.5	331.5	331.1	331	331.5	331.5	331.5	331.5	330.5	324.9	317.3	324.7	309.3	289.5	281.3	274.9	270.9	267.3	248.9	182.7	146.7	160.6	162.3	148.3	131.1	119.2	116.6	117.8	111.9	102.4	97.5	97.7	105.7	112.6	117.4	121	125	130.6	140.6	144	149.5	149.6	145.8	147.6	145.9	145.3	148.5	150.3	152.3	152.1	149.3	147.6	149.6	153.5	158.9	161.6	164	158.7	158.1	154.8	150.3	146.9	141.1	135.6	132.7	134.8	140.1	143	144.1	151.7	157.7	163.1	167.3	167.9	168.3	174.4	174.9	170.6	170.5	164.5	161.5	162.7	161.9	161	160.5	159.1	155.2	150.6	144	139.7	134.5	128.6	126.7	122	115.3	113.8	112.2	110.6	107.7	106.3	103	100.2	100.5	97.4	95.7	98.9	101	103.9	107.9	115.4	120	144.2	177.6	179.4	178.7	175.8	179.2	214.5	287.8	298.6	299.5	300.5	298.9	297.6	296.8	296.2	296.5	296.3	295.9	295.3	288.1	282.9	278.3	292.6	291.4	290.8	290.1	292.2	292.1	291.2	292.5	293.3	292	289.8	288.7	287.6	288.6	290.5	289.7	287.3	285.5	286.4	288.9	290.3	289.5	291	294.3	296.6	298.1	299.8	295.3	291.6	293.1	292.7	291.6
331.5	331.5	331.5	331.5	331.5	331.5	331.5	331.5	331.5	331.5	331.5	331.5	331.5	331.5	331.5	331.5	331.5	331.5	331.2	331	331.5	331.5	331.5	331.5	331.5	331.5	331.5	331.5	331.5	331.5	331.5	331.5	330.8	331.5	331.5	331.5	330.3	326.9	323.5	319.1	316.3	314.3	298.2	281.6	275	273.5	273.1	270.3	256.5	183.5	147.3	157.1	159.7	147.3	126.4	116.6	119.2	121.3	116.9	108	101.7	97.8	102.5	108.4	110	114.1	120.3	127.4	136	140.4	144.7	147.3	146.3	145.5	144.5	144	145.1	145.4	148.6	149.2	148.1	147.4	146.4	146.6	152.4	156.9	158.6	158.8	157.1	155.2	153.4	153.5	150.3	144.6	142.2	141.7	142.6	146.6	150.5	155.7	159.8	165.1	169.9	169.2	166.6	167.1	166.9	166.9	166.3	161.5	159.7	159.5	159.9	157.5	157.7	156.8	152.2	146.7	139.4	136.1	133.2	128.2	127.1	122.2	116	113.2	111.9	109.5	105.6	103.4	98.7	96.7	95.6	93.6	93.4	97.5	102.1	104.9	107.9	112.1	116.6	142.3	175.3	175.9	174.9	166.5	173.1	208.8	282	291.7	297.7	298.6	298.5	299.2	298.5	298.7	299.3	299	298.1	286	281.6	275.1	278.7	288.9	290.8	290.4	290.3	293.1	293	292.9	292.1	289.7	290.3	291.3	291.3	273.9	273.5	288.7	289	288.4	285.3	281.6	283.8	288.7	292.1	293.6	295.8	295.9	294.9	295.8	295.5	293.2	293.1	291.7	290.9
331.5	331.5	331.5	331.5	331.5	331.5	331.5	331.5	331.5	331.5	331.5	331.5	331.5	331.5	329.5	331.5	331.5	331.5	331.1	331.5	331.5	331.5	331.5	331.5	331.5	331.5	331.5	331.5	331.5	331.5	331.5	331.5	331.5	331.5	331.5	330.5	327.5	324.9	321.5	317.5	314.9	307.5	289.7	279.4	274.1	273.9	272.1	270.9	264.3	190.1	144.9	154.5	162.6	151.8	132.6	119	117.7	118.7	117.2	111.5	105.9	99.9	98.4	101.4	104.4	109.2	116.7	120.4	125.9	133.2	137	140.4	140.5	139.4	140.3	139.5	136.5	136.8	140	143	141.5	141.4	140.3	140.4	142.4	142.8	147.6	148.9	148.7	148.2	150.4	152.2	150.3	152	151.7	149.1	147	149.4	155.7	157.5	160.3	163	165	162.9	156.3	154.1	153.2	155.7	157.1	150.8	150.4	151.6	150.5	147.7	148.7	148.3	144.1	137.6	130.4	127.8	124.8	123.8	122.2	117.9	115.7	111.9	110.5	108.6	102.9	98.6	95.9	92.9	91.6	93.6	97.2	101.2	103.3	105.7	109.3	113.9	119.8	147.2	169.5	173.1	174.8	177	180.4	215	272	276.9	289.7	298.2	298.9	295.5	299.5	298.2	299.3	299.8	298.8	294	295.4	296.2	285	288.5	292	290.6	289.1	292.6	293.7	293.6	292.9	290.4	290	291.4	291.9	278.9	275.9	288.3	290	290	286.4	282.4	281.8	285.6	292	294.1	294.3	294.1	293.4	294.5	295.7	294.7	293.4	291.7	290.7
331.5	331.5	331.5	331.5	331.5	331.5	331.5	331.5	331.5	331.5	331.5	330.7	331.5	327.9	324.3	331.5	331.5	331.5	331.5	331.5	331.5	331.5	331.5	331.5	331.5	331.5	331.5	331.5	331.5	331.5	331.5	331.5	330.3	326.9	322.3	319.3	316.5	313.4	310.5	310.1	310.1	305.7	289.5	278.3	270.3	267.7	269.3	264.9	258.1	188.3	129.7	132.1	149.4	137.6	124.7	126.5	127.7	116.5	112.6	112.6	109.3	102.8	98	101.3	102.4	105.2	112.4	115.6	121.9	127.3	131.7	137.4	137.5	138.4	137.7	137.8	134.9	134.7	135.8	137.1	137.5	135.8	137.5	140.3	141.2	143.4	150.4	152.5	152.1	153	157.6	159.6	158.9	162	161.4	164	165.8	166.4	166.3	166.9	167.6	167.5	167.2	163.6	158.4	153.8	153.1	154.1	153	148.8	147.4	147.3	147.8	146.3	146.4	144.4	140.7	135.2	128.6	127.3	124.4	122.4	119.7	116.3	111.5	108	106.4	103.5	96.7	93.7	93.8	92.7	93.6	96.6	100.5	103.7	101.7	102.4	107	112.1	119.4	144.9	164.7	169.5	172.9	178.6	184.1	218.2	274.9	276	284.1	290.5	298.7	286.9	296.9	301.4	295.8	300.2	300.7	299.1	297.7	299	284.5	286.4	294.2	291.7	293.8	293.7	292.3	292.1	293.5	293.7	293.4	292.7	291.7	290.7	289.6	289.9	289.2	288.6	286.4	282.1	285.5	293.5	296.3	297.7	297.7	296.4	289	289.3	300.4	298.6	296.2	292.3	293.5
331.5	331.5	331.5	331.5	331.5	331.5	331.5	331.5	331.5	331.5	331.5	331.5	331.5	330.3	331.5	331.5	331.5	331.5	331.5	331.5	331.5	331.5	331.5	331.5	331.5	331.5	331.5	331.5	331.5	331.5	331.5	328.3	325.1	323.1	320.7	316.9	313.1	310.8	308.9	308.7	309.1	307.9	287.5	278.1	268.3	264.7	266.3	263.7	252.1	189.5	124.8	128.3	147.7	137.7	126.5	129	133.4	120.3	110.5	111.2	110.4	103.8	98.9	102.4	102.3	102.7	106.1	108.9	115.5	120.1	123.9	127.5	130.1	131.8	133	133.2	129.9	126	126.8	130	129.8	127	128.3	132.7	134.2	136.4	142.4	148.4	148.6	151.1	155.7	158	159.3	159.3	160.6	163	166.4	167.5	165.2	163.8	163.8	164.3	159.3	154.6	151	149	148.6	146.8	145.4	144.3	140.7	137.6	139.4	139.8	137.4	133.7	130.5	125.4	124	123.2	118.8	118.1	114.6	109.9	108	103.9	99.9	97.2	93.6	89.6	92	94.8	96.6	97.4	99.9	100.6	100.4	104.3	110.6	116.2	124.7	158.6	171.7	171.8	174	174.9	172.8	216.6	279.3	280.7	282.7	288	297.2	294.9	297.1	302.2	296.8	300	300	299	297.3	298.2	288.3	276.6	293.3	290.5	292	292.1	291.9	285.2	287.9	294	293.7	293	291.9	291.5	292.2	291.1	288.9	288.5	286.3	283	286	294.1	296.6	296	294.8	294.2	296.2	294.8	300.4	300.2	296.6	286.3	289.7
331.5	331.5	331.5	331.5	331.5	331.5	331.5	331.5	331.5	331.5	331.5	331.5	331.5	331.5	331.5	331.5	331.5	331.5	331.5	331.5	331.5	331.5	331.5	331.5	331.5	331.5	331.5	331.5	330.5	326.5	324.1	320.9	316.9	314.9	313.7	311.9	309.5	308.3	306.3	303.3	303.3	305.7	285.1	275.7	267.9	263.5	265.1	262.1	251.9	231.1	161.9	124.8	134.8	138.6	130.1	134.2	133.5	120.3	109.6	108.5	111	108.2	99.4	101.9	104.5	104.7	103.6	103.7	108.5	112.3	116.6	120.2	124.7	127.2	129.4	130.3	129.3	124.4	122.1	122.1	124	125	125.5	129.9	132.6	134.5	136.3	140.9	143.4	147.8	151.9	155.2	157.5	161	159.6	160.4	163.1	163.6	161.5	161.3	162.7	161.7	157.6	153.9	150.6	147.8	147.6	147.3	144.2	142.8	140	137	134.7	134.4	132.4	129.7	125.7	124.1	123.2	121.1	116.7	113	110.7	108.4	104	99.9	96.2	93.9	93	90.9	92.2	94.6	94.6	94.3	96.9	98	99.2	103.6	110.3	114.5	124.2	157.1	169.9	169.7	173.8	170.5	166.4	192.8	250.4	279.5	282	285.4	288.4	295.8	300.2	299.7	298	298.1	298.3	299.4	299.6	298.4	295	285.7	287.4	287.9	289.4	289.4	290.7	289.9	288.7	296.1	296.4	295	294.7	293.7	292.5	293.6	294.1	289.2	290.2	286.5	281.8	287.8	295.1	295.1	295.4	293.3	288.7	291.6	296.7	297.2	294.8	283.9	290.3
331.5	331.5	331.5	331.5	331.5	331.5	331.5	331.5	331.5	331.5	331.5	331.5	331.5	331.5	331.5	331.5	331.5	331.5	331.5	331.5	331.5	331.5	331.5	331.5	331.5	331.5	331.5	331.5	327.3	323.3	320.7	318.7	315.3	313.1	309.1	310.5	308.7	307.5	304.9	303.3	303.1	299.7	280.3	272.9	266.9	264.3	264.5	259.9	254.1	208.4	131.9	128.5	147.5	139	133.4	136.8	134.2	119.5	110.2	109.7	111.8	105.7	98.6	103.2	107.5	106.2	104.9	104.3	105.8	108.9	112.9	114.5	116	121	124.7	124.4	121.8	118.3	114.9	115.3	116.1	116.2	120.1	121.7	122.9	126	128.4	133.7	137.4	142.8	147.7	150	149.7	154.2	155.8	156.6	157.3	156.8	156.2	156	155.4	152.6	149.3	149.4	147.6	140.9	136.4	137.6	136.9	134.1	132.1	127.2	124.1	122.6	122.7	121.2	118.3	117.4	117.6	116.4	111.1	106.9	104.1	103.2	100.6	96.6	95.4	94	93.1	94	95.3	96.4	95.2	95.6	97.6	97.4	100.9	108.5	113.9	118.2	130.8	165.9	169.2	171	175.3	180	185.1	220.4	279.6	279.7	280	285.1	286.9	293	298.8	298.9	297.8	297.9	298.7	300.2	300.1	298.7	295.2	289.7	286.7	288.4	291.3	289.9	285.9	294.2	294.6	295.9	296.3	292	290	294.3	293.6	294.9	295.4	293.2	291.1	287.8	285	291.9	297.6	297.8	296.1	287.7	289.2	288.5	295.1	295.3	293.6	292.5	292.6
331.5	331.5	331.5	331.5	331.5	331.5	331.5	331.5	331.5	331.5	331.5	331.5	331.5	331.5	331.5	331.5	331.5	331.5	331.5	331.5	331.5	331.5	331.5	331.5	331.5	331.5	329.7	326.7	322.3	317.3	313.7	312.1	310.3	309.3	310.1	306.5	304.5	303.1	303.9	308.9	309.3	304.9	280.3	274.9	268.3	263.7	262.9	259.9	252.2	218.2	148.5	130.3	144.7	138.9	131.7	136.4	138	126.2	113.9	107.6	106.5	105.2	98	100	106	105.2	106	105.4	106.4	104.7	104.5	108.8	110.8	112.9	115.6	118.9	119.1	117	114.4	113.1	110.8	111.3	114.2	116.5	117.9	121.1	126.5	133.2	136	137.1	141.8	145.9	145	147.5	149.3	150.9	153.5	153.8	154.2	152.2	151	145.7	143.9	141.9	138.6	136	134.4	134.4	132.8	131.7	129.7	124.4	120.5	116.6	117.9	118.4	117	115.7	113.6	111.3	106.5	103.4	101.5	97.9	95	94.3	93	93.7	95.9	94.8	95.1	94	94.7	96.3	98.1	99.9	104.6	110.6	113.3	116.5	126.3	158.7	168	172.8	177.5	182.1	186.4	222.9	278.9	280.8	281.4	281.3	287.7	290.9	294.5	287.3	293.9	296.7	295	294.5	294.5	295.2	296	295.6	292	294.2	297.7	296.4	291.7	294.8	294.1	293.6	294.2	293.8	290.7	293.6	294.6	296.1	297.1	295.8	292.2	287.7	284.1	286.8	290.4	291.9	294.5	289.6	292.6	290.5	294.2	294.8	289.3	289	289.2
331.5	331.5	331.3	331.1	331.5	331.5	331.5	331.5	331.5	331.5	331.5	331.5	331.5	331.5	331.5	331.5	331.5	331.5	331.5	331.5	331.5	331.5	331.5	331.5	331.5	329.7	326.9	323.5	319.7	315.3	312.3	310.7	309.1	307.7	307.5	307.7	303.5	302.3	292.9	304.1	309.1	294.3	280.1	274.3	268.7	263.9	263.9	258.9	252.4	229.7	163.5	130.1	139.6	138.1	131.5	137.2	142.1	128.9	114.7	109.1	106.7	104.5	96.6	98.9	104.3	104.7	106.5	107.3	106.5	104	103.1	104.7	105.3	106.4	108.3	111.4	113.2	109.9	108.1	106.4	103.1	104.8	107.4	110.1	113.5	115	117.3	122.4	124.9	129	131.4	132.5	134.7	139.5	139.1	142.8	144.9	143.7	143.6	140.4	138.7	136.5	134.2	131.6	128.9	128.7	129	127.9	126.1	123.8	121.7	119.1	115.9	113.2	113	113.4	112.3	111.1	108.7	105.7	102.1	101	99.7	96.1	95.5	94.8	95.6	97.6	95.7	95	92.9	93.3	96	97.5	98.7	102.7	107.3	111	114.5	117.2	124.8	144.7	161.3	174.8	177.3	182.1	187.9	222.8	278.1	281	280.8	279.5	287.4	290	291.1	287.8	293.5	296.9	295.4	293.9	293.4	294.4	297	296.7	293.2	295.1	298.1	296.9	295.6	294.8	293.8	294.2	294.3	293.8	295.2	294.9	294.7	295.6	294.8	294.8	292.2	287.8	283.9	285.4	287.2	288.3	290.2	292.3	291.1	290.2	293.1	295.2	290.9	289.1	288.6
331.5	331.3	331.5	331.5	331.5	331.5	331.5	331.5	331.5	331.5	331.5	331.5	331.5	331.5	331.5	331.5	331.5	331.5	331.5	331	331.5	331.5	331.5	329.5	324.9	321.5	319.5	315.9	312.3	310.3	309.3	308.1	305.8	301.9	303.5	308.7	306.3	294.7	283.5	286.7	289.3	284.7	278.3	273.1	270.5	267.7	264.3	260.3	255	256.8	196.2	132.3	131.7	134.8	131.4	136.5	140.9	131.7	116.2	109.8	106.9	100.3	93.6	95.5	99.6	104.4	106.7	107.8	107.4	108	107.8	106.4	105.8	105.4	104	106.7	107.1	105.8	105.5	103.6	101.8	102.5	105.6	105.2	109	110.7	112.9	115.6	119.4	125.2	129.7	130.6	130.7	132.3	133.6	135.2	138	140	139.4	135.8	133.5	129.9	127.6	127.3	125.9	123.9	123.2	121.8	119.5	118.6	117.6	115.1	110.5	107.9	107.4	107.8	107.8	107.7	102.8	100.2	99.4	98.5	96.6	95.8	96.2	98.1	98.1	97.9	97.6	97.2	95.3	95.4	98.9	98.7	101	104.4	107.7	109.5	111.8	114.3	122.3	146.1	164.7	177.2	179	184.8	190.5	226.1	278.7	281.1	280.8	278.6	285.1	288.3	286.1	293.5	291.8	292.7	298.7	296.9	295.2	295	295.4	295.2	291.3	290.4	292.6	295	297.7	295.2	296.3	297	297.1	294.8	294.7	294.5	293.4	294.3	293.8	294.1	294.1	291.1	286.9	284.5	285.9	288.4	287.4	287.3	286.8	287.8	292.5	295.4	296.4	295.1	293.2
331.5	331.5	331.5	331.5	331.5	331.5	331.5	331.5	331.5	331.5	331.5	331.5	331.5	331.5	331.5	331.5	331.5	331.5	331.5	330.2	331.5	331.5	327.9	326.1	321.1	317.9	315.9	313.1	310.3	309.3	308.9	307.5	303.4	300.8	294.9	277.7	263.8	251.5	243.5	237.7	251.9	277.7	276.7	273.1	270.7	267.3	264.7	261.1	257.8	261.2	206.7	140.3	132.6	131.8	125.2	130.2	136.6	134.5	122.3	112.9	109.2	101	92.3	94.4	99.8	104.3	106.4	107.6	107.9	108.9	109.9	110.1	107.5	104.2	101.8	102.1	102.5	101.4	100.6	100.9	99.4	98.3	101.5	102.6	104.5	104.9	106.6	109.6	112.2	117	121.3	123.5	124.4	123.5	123.1	125	126.6	127.9	127.5	127.5	124.5	121.1	119.9	119.1	118.8	117.5	118.3	114.3	110.7	111.1	110.5	107.9	105.4	103.1	102.2	100.5	103.2	103.5	101.4	100.6	100.1	99.3	96.6	96.3	97.7	98.5	96.2	95.2	95.8	97	96	96.8	98.8	100.5	103.4	107.2	108.2	109.2	110	113	131.7	162.7	172	172.2	178.8	184.4	186.2	224.9	280.4	280.4	280.7	282.6	285.3	288.7	290.7	292.3	294.5	287	291.2	297	295.6	288.2	290.1	293.9	291.2	289.6	291.6	294.1	297.5	293	295.1	298.3	299.1	295.5	293.4	290.3	290.9	292.4	293.5	293.9	294	291.9	288.1	284.9	286.2	288.7	287.8	286.8	286.2	286.9	291.2	294.7	289.5	295	295.1
331.5	331.5	331.5	331.5	331.5	331.5	331.5	331.5	331.5	331.5	331.5	331.5	331.5	331.5	331.1	330.1	328.9	326.9	325.1	321.7	318.3	316.1	312.9	310.3	307.7	305.1	303.3	303.3	305.3	307.5	308.9	307.5	302.5	301.9	282.3	261.3	250.1	242.7	232.5	225.3	246.9	277.7	273.7	269.5	268.9	267.3	264.3	261.9	262.3	262.5	240.9	162.7	128.1	130.2	124.1	126.5	135.7	137.2	126.6	117.7	111.5	102.8	94.2	89.5	95	100.8	104.5	105.8	108.9	109.4	109.5	109.5	109.4	109	106.9	104.3	102.3	103.3	103.1	100.7	99.6	98.5	101.1	103.4	106.6	108	108.4	107.8	107.1	109.1	110.1	113.9	116.9	116.4	113.6	113.3	115	116.7	120.5	121.3	119.7	115.9	114.7	114.9	112.3	111.8	111.4	106.8	103.7	102.9	101	99	100.6	100.5	99.8	99	102.5	102.6	102.5	104	102.8	99.9	99.7	100.3	100.3	101	99.7	97.3	98.5	100.1	100.4	100.3	99.5	100.7	102.8	103	102.7	104.6	108.1	114.8	135.2	169.4	176.6	180.1	181.2	179.7	181.8	230.8	280.2	279.8	281.6	283.4	284.2	287.4	290.6	290.6	293.5	294.5	293.2	299.6	299.1	296.9	295.1	294.8	291.7	293.1	293.9	294	296.6	295.1	293.7	294.1	288.3	300	297.5	295.2	294.3	293.8	292.5	291.7	292.8	293.4	293.2	290.7	289.4	288.4	291.6	292.9	288.9	285.4	285.3	287.9	289.3	293.2	293.7
331.5	331.5	331.5	331.5	331.5	331.5	331.5	331.1	330.9	330.5	329.5	329.1	328.7	327.9	326.1	323.7	320.7	318.3	316.9	313.9	310.9	308.3	305.1	303.1	301.1	299.7	298.7	300.1	304.7	307.3	306.9	305.9	294.7	276.9	268.7	253.7	229.3	223.1	214.7	219.1	256.3	278.7	271.9	269.7	268.3	266.7	265.7	262.3	262.5	262.9	261.3	213.7	144.4	126.7	124.1	125.7	134	138	133.3	122.6	116.1	110.1	98.8	89.1	89.9	97	101.1	103.8	106.4	108.1	108.2	110.4	111.2	110	109.3	107.5	103.5	103.5	102.5	101.8	101.3	100.4	100.3	101.4	102.2	105.2	107.8	106.9	104.9	105.3	106.1	107.9	111.7	112.7	113	110.1	109.3	109	111.1	116.1	116.1	113	110.7	109.1	108	106.1	104.5	103.1	101.5	99.6	99.8	99.8	99.9	100	101.1	102.4	103.6	104.2	104.6	104.5	104.6	102.2	101	100.4	100.7	100.9	99.5	97.7	98.8	99.5	99.3	99.7	99.5	99.9	102	103.2	103.7	104.3	110.7	115.7	140.3	172.6	174.9	178.7	181.9	183.8	175	210.8	261.4	280.2	282.2	283.2	283.7	286.3	289.9	291.2	292.8	298.1	298.9	300.3	299.9	300.5	299.6	295.2	292.5	294.1	294.3	293.9	295.2	295.8	293.6	294.5	297.7	295.9	298.2	295.8	294.8	294	292.5	291.5	293.5	294.4	294.2	288.1	281	284.6	293.1	294.5	289.3	285.9	284.4	285.6	288.8	289.1	291.9
324.1	323.9	324.1	324.1	323.9	323.9	323.5	323.1	322.3	321.7	320.5	319.3	317.9	316.3	314.5	312.1	309.5	306.9	303.9	301.5	298.9	296.5	294.5	293.3	292.3	292.9	296.1	302.9	309.1	306.3	303.1	299.1	294.3	279.1	269.5	256.5	229.1	221.1	218.3	223.1	257.9	276.5	273.5	271.9	272.3	270.3	265.3	261.1	264.3	264.5	262	221.9	148.8	127.3	125.7	122.5	132.4	136.7	133.9	128.3	121.9	113.5	104.3	92.1	85.7	90	95	99.8	102.5	106.6	109.8	110.8	111.4	111.2	111.8	113.3	110.9	107.6	103.1	98.4	98.7	98.2	98.2	101.1	102.9	104.6	107.3	108.4	106.8	107.5	107.8	108.6	109.8	110.3	112	112.2	111	110	111.6	111.8	112.6	111.6	109.4	109.2	108.3	104.2	104.7	102.5	101.6	103.4	104	103.1	105	106.3	106.8	106.3	103.9	104	104	102.8	102	102.2	104	102.2	101.4	103.3	102.4	101.8	101	98.8	97	96.9	93.1	92.6	93.8	95.7	99	105.2	113.4	122.1	141.9	176.4	179.6	181.6	184	183.1	192.4	251.9	274.3	277.9	279.1	281.1	283.8	285.2	289.8	293	292.5	294.7	299.9	299.4	298.7	298.6	297.6	296.1	296.2	296.3	294	294.6	296.1	296.5	295.3	293.9	294.3	295.7	295.6	296	296	295.9	292.4	294.8	294.8	294.6	294.2	290.3	284.2	280.3	286.6	294.2	290.4	286.1	287.3	288.5	289.6	284.1	284.1
327.9	328.1	328.1	328.1	328.1	327.7	326.9	326.7	326.3	325.1	323.9	322.5	320.7	319.1	316.5	313.7	311.5	308.1	304.9	301.7	298.9	296.5	294.9	293.7	293.3	294.9	300.1	304.9	307.9	307.5	304.3	303.3	301.5	280.5	268.7	265.7	256.7	235.1	216.7	225.1	259.1	275.3	277.1	276.9	274.1	271.5	268.9	262.6	262.3	262.9	259	237.9	169.1	131.1	124.4	124.4	132.9	138.5	136.1	132.4	126.9	119	111.9	100.4	90.5	90.1	94.8	98.4	99.2	103.7	108.9	109.2	111.1	111.2	111.8	113.8	112.1	108.7	106	100.4	99.5	97.9	99.3	101.2	103.9	106.4	107.7	110.5	106.8	106.4	109.3	108.7	109.8	110.3	111.6	111.8	109.1	109	110.6	109.6	109.8	108.7	107.3	108.9	105.6	104.7	106.1	104.4	103.7	104.2	106	105.7	105.9	106.8	106.8	107.1	105.2	102.4	102.7	101.7	102.4	101.5	101.1	100.8	101	101.1	100.2	100	100	96	92.7	91.4	89.5	89.3	92.8	95.4	99.9	108	114.5	120.8	132.6	150.1	166.4	180.3	183	182.4	211.4	264.3	276.1	281.3	284.5	284.2	283.8	284.8	288.8	292.9	292.5	293.2	298.7	299.8	298.5	298.7	298.1	297.2	297.6	294.6	291.4	287.2	287.8	284.2	281	282.6	287.1	294.6	295.1	295.9	293.4	280.4	270.9	278.6	284.9	292.7	294.8	293.8	291.9	287.5	288.8	291.6	289.7	287.6	287.7	290.5	291.6	291.2	291.4
331.5	331.5	331.5	331.5	331.5	331.5	331.5	330.8	331.5	331.5	331.5	331.5	331.5	331.5	329.5	325.5	320.5	315.5	310.9	306.7	303.1	300.9	300.1	300.7	302.5	306.5	309.7	307.7	305.1	309.3	308.9	304.3	288.7	267.7	266.3	270.1	250.5	218.5	216.7	248.9	275.7	277.1	278.5	276.1	273.7	271.5	268.7	265.1	264.3	260.7	257	251.4	230.6	161.8	128.9	128	131.1	137.8	138.6	136.8	128.7	119.6	115.4	107.1	95.2	88.5	86.2	87.3	91.8	95.5	101.3	104.9	108.5	111	111.1	112	114.8	113	110.5	106	102	99.6	97.3	98.5	101.3	104.4	104.3	105.7	104.7	104	105.1	106.1	106.2	105.8	106.6	106.3	107.1	107.5	110.1	109.4	107.8	106.5	105	107	102.6	102	103	105.1	106.1	105.5	103.9	103.2	104.1	104.9	106.5	106.2	104.4	103.7	103.5	104.4	102.9	99	98.9	99.9	99.9	100.3	97.6	94.2	90.6	86.7	85.5	85.8	84.8	86.5	91.6	98	106.3	114.3	121.9	128.7	136.4	148.5	169.5	181.6	179.9	192.1	242.6	279.9	283.3	283.6	282.6	282.8	283.2	283.9	286.8	292.1	294.9	290.8	295.4	300.2	299.7	297.3	296.3	294	295	296.5	294.3	290.1	289.3	286	276	276	289.2	296.1	297.7	298.1	286	278.5	286.3	288.2	289.4	294.3	293.7	293.1	290.5	285.3	286.9	289.4	289	286.5	286	290.8	291.6	293.1	295.2
331.5	331.5	331.5	331.5	330.7	330.7	331.5	331.3	331.5	331.5	331.5	331.5	331.5	331.5	329.5	323.7	319.7	314.9	310.3	305.9	303.3	301.7	302.1	303.1	304.9	306.5	307.7	307.5	305.7	307.7	306.1	290.1	275.5	267.1	268.1	271.1	252.7	225.1	246.5	273.1	277.3	277.5	277.1	276.1	272.3	269.9	267.1	267.1	266.5	261.3	256.3	251.4	244.9	185.7	133.8	122.9	127.7	135.6	139.2	138.1	134.7	126.1	118.1	108.7	100.6	92.5	87.2	87	89.1	90.7	95.3	100.7	105.5	109.3	108.8	111.1	114.4	112.2	110.9	108	102.7	98.3	97.7	100.1	102.1	102.5	103.1	104.7	104.2	104.7	106	105.5	104.3	105.3	105.6	105.3	108.3	109.1	110.5	110.8	108.8	106	105.4	105.3	101.7	103.4	103.1	103.6	104.1	104	104.3	103.7	105.6	107.1	106.4	104.7	102.6	104.2	104.8	102.9	98.6	96.9	96.5	96.6	96.8	95	90.6	88.2	83.3	82.3	83.5	85.1	87.1	91.2	96	101.7	108.5	116.5	124.5	130.8	132	132.5	153.1	180.2	179.1	199	254.4	280.8	279.7	283.4	282.3	282.3	282.8	283.6	285.8	290.9	295.6	291	282.3	299.1	298.8	296.5	294.8	294.1	294.9	294.6	295.5	296	296.3	295.7	296	295.4	295.1	296.9	299.5	299.5	298	295.9	294.9	294.8	293.8	293.2	292.7	292.9	291.6	287.2	288.8	291.2	290.5	288.2	286.1	289.2	290.4	292.5	294.8
331.5	331.5	331.5	331.5	327.3	326.1	329.3	328.7	327.5	326.5	324.1	321.5	318.7	315.9	313.3	310.1	307.5	304.9	303.3	303.5	303.9	303.9	305.3	305.9	303.5	302.5	302.3	302.5	303.1	303.7	292.7	281.9	273.3	267.3	267.5	269.7	255.5	233.3	253.7	274.1	275.5	276.9	277.3	275.3	270.5	269.3	268.5	268.5	267.1	262.9	256.9	248	242.2	235.3	176.3	132.5	125.9	132.6	138	137.4	136	132.8	122.2	112.4	102.9	98.3	92.7	88.1	84.7	83.5	85.9	90.7	96	101.5	105.1	107.2	110.4	111.1	111.1	111.7	107.6	102.8	97.2	95.6	96.2	98.3	99.9	99.3	100.3	102	102.5	102.8	99.7	102.1	103.2	102.6	103	105.4	106.3	104.6	101.5	102	102.8	102	100.5	99.1	99.6	100.1	99.3	99.6	101.3	100.6	101.2	103.9	104	101.8	100.6	102.9	101.7	97.2	93	95.3	97.3	93	86.6	82.1	79	78.6	76.9	75.8	78.6	83.1	86.5	93	99.8	105.6	113.1	121.7	127.9	131.4	133.3	126.9	140.4	167.2	187.3	236	281.4	283.3	275.7	278.7	280.6	281.1	282	282.3	284.3	289.3	295.3	296.9	281.2	293	300.4	298	294.1	295.1	296.3	295.2	294.2	295	296.5	296.3	295.1	294.9	294.5	294.5	297.6	299.9	298.7	297.2	296.4	295	293.7	293.4	293.9	293.6	290.5	287.5	292.7	294	291.8	289.4	287.2	289.5	289.8	292.9	294.9
329.1	328.7	328.3	326.9	325.9	325.5	323.9	322.3	320.3	318.3	316.5	314.3	311.9	309.3	307.5	305.7	303.9	303.3	303.5	304.5	304.7	305.1	305.7	305.1	303.9	303.1	302.3	302.3	292.5	281.5	274.5	269.9	267.7	269.3	268.3	266.3	265.9	254.3	260.5	273.9	274.9	275.3	274.9	273.9	271.9	269.9	269.5	266.5	264.3	262.1	257.3	253.7	250.3	240.5	199.3	140	123.7	129.4	137.6	140.7	140.3	135.5	124.3	112.7	106	102.7	97.9	92	86.2	82.7	84.2	87.7	91.1	98.1	102	104.8	108.7	112.6	112.7	111.3	109.8	104.4	98.7	95.3	95.1	97.1	98.7	98.4	99.5	101.1	102	101.2	101.1	101	101.1	101.1	101.6	102.7	103.6	103	102.3	103.1	102.8	103.2	100.9	99.2	100.3	100.1	99.4	99.2	100.4	100.1	100.7	102.3	103.9	101.7	99.2	98.4	97.4	93.7	91.8	92.9	92.1	87.1	81.4	77.4	78.1	78.5	77.6	78.6	81.8	85.3	90.4	97.5	102.8	109	118.1	125.3	128.8	132.8	133.6	121.5	134.1	148	180.3	246.6	283.2	283.5	282.6	281.4	269.5	273.7	281.8	282.1	283.4	287.2	292.4	296.4	298.3	298.2	297.9	296.7	294.2	295.2	295.7	295	294.8	296.3	297.2	297.2	297	295.8	295.5	294.7	295.5	298.4	299.7	298.8	297.4	289.9	294.8	295	295	292.1	290.6	288	292.7	294.3	293.2	289.8	287.9	290.2	290.3	294.2	296.5
315.9	314.9	313.9	312.9	311.7	310.3	308.3	307.3	305.7	304.3	303.1	302.9	302.5	303.3	304.3	304.9	305.1	305.3	306.7	308.3	308.1	306.9	303.9	301.7	303.5	304.9	303.7	303.1	289.7	277.7	271.9	269.1	269.3	270.9	269.3	268.3	269.5	260.1	259.1	272.1	275.9	275.3	274.5	273.7	271.7	267.5	267.9	266.3	263.9	262.1	258.5	251.5	245.7	239	235.4	199.1	143.4	130.9	135.2	138	142.6	145.9	141.2	126.6	111.5	104.8	103.2	99.6	93.1	87.1	83	82.3	84.2	86.9	91.5	94.4	99.4	105.9	109.6	111.8	112.5	111.9	108	102.5	98.7	94.3	94.7	97.4	98.3	97.7	99.9	98.6	99.3	98.8	96.3	97.9	99.1	99.5	98.9	99.8	101	100.4	100.4	101.4	98.9	98.9	99	96.9	96.8	99.5	99.6	100.1	100.5	100.3	100.9	100.2	96.4	93	91.6	91.6	91.6	83	78.1	75.1	73.2	73.7	73.7	74.7	76.3	78.6	83.6	89.8	97.3	104.4	110.9	119.2	124.1	126.6	127.9	132.2	135.8	123.7	121.4	154.2	225.9	277.9	285.7	283.7	282.8	281.7	271.6	270.6	281.5	283.1	285	285.8	294.6	300.2	300.6	297.5	297.1	294.7	290.2	297.3	297.2	296.5	296.9	299.4	300.1	298.7	297.6	296.9	295.7	294.1	293.6	296.4	297.4	299	301.1	297.8	294	297.5	295.9	291.6	291.6	290.6	293.2	293.9	294	290.3	292.8	292.7	289.9	294.1	298.6
308.3	307.5	306.7	305.9	304.7	303.3	302.1	301.1	300.3	300.1	300.5	301.5	302.5	304.5	305.7	305.1	304.7	304.7	305.9	308.3	308.9	305.9	302.5	302.1	302.9	303.5	303.5	288.7	271.9	268.5	269.3	267.3	268.3	268.9	265.5	262.3	265.9	263.1	257.3	265.1	273.9	272.9	272.9	272.3	268.5	268.7	268.7	268.1	263.1	261.7	261.9	255.4	246.5	237.4	235.7	220.4	164.2	134.6	132.6	137.7	148.4	151.9	146.4	135.7	115.6	107.2	107.8	104.1	98.4	92.4	86.5	82	81.4	82.9	87.1	90.7	94	98.1	102.5	108.8	111.1	112.4	110.6	105.7	100.1	96.7	95.4	96.8	97.3	98.4	98.2	98.5	98.6	98.5	95.9	97.4	96.5	94.9	96	99.4	99	100	98.9	98.8	97.4	97.3	98.3	97.8	97.5	100.2	98.7	100.2	99.7	99.4	98.9	95.8	91.2	88	88.9	89.5	85.2	78.3	73.7	72.5	73.6	73.1	75.3	75.4	80.4	85	87.4	94.8	101.9	108.4	116	121.7	125.2	125.9	127.9	132	136	130.8	128.5	170.2	234.9	263.3	267.4	268.9	279.8	281.1	281.7	272.2	274.7	283	284.6	288.2	294	299.5	297.4	293.8	289.9	290.7	296.3	298.8	298.7	297.1	296.6	297.7	298.6	298.1	296.9	296	294.9	294.3	293.4	294.2	295.3	297.3	300	300.3	298.3	297.2	295.3	294.7	292.7	295.1	300.3	293.5	293.9	288.5	280	280.3	284.6	294.4	299.6
293.7	293.7	293.7	293.7	293.7	293.7	293.7	293.7	293.7	293.7	293.7	293.7	293.7	293.7	293.7	293.7	293.7	293.7	293.7	293.7	293.7	293.7	293.7	293.7	293.7	293.7	288.9	273.7	262.9	258.5	258.1	258.1	257.7	258.1	253.7	250.1	251.3	256.9	253.7	252.1	260.1	263.3	263.3	261.3	260.5	260.9	259.7	257.3	254.5	254.1	254.5	251.8	243.8	233.4	229.2	229.1	215.6	158.5	126.7	130.7	135.3	136.4	130.7	126.5	123	120.8	118.6	110.7	103.3	94.8	88.6	82.4	76.3	71.7	71	70.5	70.4	71.3	71	75.9	83.9	92.1	94.9	95.2	94.5	91.9	90.9	89.7	89.7	90.3	90.7	88.5	89.2	88.5	87.4	87.2	87.3	85.7	84	85	86.4	84.6	82.6	82.3	81.9	82	83.1	84.3	83.5	84.6	85.3	84.1	83.2	79.9	79.3	77.5	73	72	68	63.3	60.5	59	60	58.9	59.4	60.6	64.5	68.7	74.8	81.5	86.6	93.6	100.1	107.9	112.4	114.1	117.5	119.3	120.7	124.4	126.6	116.8	128.7	200.4	239.6	240.6	247.3	253.7	261.6	268.4	268.4	261.4	261.3	271.9	272.8	274.7	277.9	282.7	282.3	287.1	281.1	285.2	290.3	291.1	291.7	291.3	290.3	289.1	289.1	289.3	289.7	289.9	288.4	289	291	289.1	288.8	289	289	290.2	290.6	290.4	288.9	287.4	286.6	287.4	288.8	289.2	289.1	289	284.1	281	287.2	287.5	287.6
331.5	331.5	331.5	331.5	331.5	331.5	331.5	331.5	331.5	331.5	331.5	331.5	331.5	331.5	331.5	331.5	331.5	331.5	331.5	331.5	331.5	331.5	331.5	331.5	325.1	313.1	302.3	297.1	295.1	292.3	292.7	294.3	293.1	291.9	289.1	289.5	289.1	290.7	294.3	287.1	289.9	298.7	301.1	299.1	298.3	299.5	297.9	294.7	292.7	291.5	291.5	288.5	278.3	266.7	262.7	266.9	270.9	218.9	174.7	168.6	172.4	173	173.8	171.5	167.5	165.8	162.2	153.4	145.3	135.8	131.3	124	119.4	115	110.3	108.5	107.2	106	105.6	107.8	113.5	120.3	126.7	131	132.6	131.4	128.7	128.1	128.7	126.3	126.2	125.8	125.8	126.9	126.2	123.8	126.1	126.1	125	126.2	124.2	123	122	121.2	120.3	121.2	120.7	121	122.5	122.5	122.2	119.9	116.1	113.8	112	109.3	106.4	104.5	100.4	97.1	97.8	96.7	96.2	97.5	99.1	102.7	106.8	112.4	117.3	123.8	130.9	137.7	144.3	149.9	151.7	153.2	157.1	158.7	159.1	160	159.6	148.7	184.3	251.8	271.4	272.7	276.1	279.4	284.9	303.4	306.2	307.5	309.6	310.2	311.1	311.7	312.8	315	321.7	325.9	324.9	328.3	327.6	327.5	327.2	321.5	314	320.2	327	327.5	327.7	328.2	330.3	326.8	328	327.8	327.5	326.4	327	328.9	329.1	327.6	326.2	324.8	324.1	324.7	328.2	327.6	327.7	327.1	326.8	327.4	324.8	322.5	325.4
331.5	331.5	331.5	331.5	331.5	331.5	331.5	331.5	331.5	331.5	331.5	331.5	331.5	331.5	331.5	331.5	331.5	331.5	331.5	331.5	330.7	331.5	330.7	327.1	325.1	313.1	304.3	298.7	296.3	294.3	291	292.7	292.3	289.5	289.1	287.9	288.7	287.1	289.1	287.9	283.9	291.9	299.1	300.3	299.1	298.3	299.1	297.1	293.5	293.1	292.3	287.3	278.5	269.5	264.1	264.3	270.9	275.4	223.8	177	168.7	170.7	170.5	172.4	168.8	167.2	167	163	156.6	150.8	142.7	134.4	127.1	120.2	115.9	112.9	109.5	106.9	104.8	104.8	103.9	105.4	108.3	112.8	117.7	121.6	125	126.2	127.5	128.5	127.9	127.5	127.6	125.6	125.7	123.4	123.2	123.8	125	124.9	124.9	124.3	125	123.4	122.7	123.2	121	119.3	119.1	117.8	115.6	112	108.3	105.6	102.6	98.3	95.6	96.2	96.6	95.6	96.1	96.1	97	99.7	102.9	108	111.3	116.4	123.3	130.8	137.2	143.5	148.2	150.4	152.3	156.4	155.2	155.6	156.6	155.7	156	181.9	240.5	265.6	269	271.2	274.6	274.9	274	283.7	306.1	307.4	309.9	310.5	311.1	311.9	315.4	321.1	316.1	319.8	325.2	324.2	324.7	324.2	324.7	326.6	323.9	317.7	324.3	327.3	326.2	325.3	326	326.2	326.4	327.4	327.5	325.4	324.6	326.2	326.2	325.4	325.7	326.6	326.8	327	323.3	327	327.1	327.5	325.9	323.9	323.9	318.9	324
331.5	331.5	331.5	331.5	331.5	331.5	331.5	331.5	331.5	331.5	331.5	331.5	331.5	331.5	330.3	331.5	331.5	331.5	323.9	309.9	310.3	316.3	310.3	307.9	302.3	300.7	297.5	295.5	294.3	294.3	292.8	291.5	289.9	289.5	289.5	287.1	285.1	285.1	286.3	289.9	283.9	287.1	296.3	298.7	298.3	297.1	298.3	296.3	293.5	294.3	293.1	289	278.7	267.4	262.5	263.4	268.5	275.3	250	193.5	173	171.2	171	173.4	172.3	171.1	170	164.4	160.7	156.8	149.7	141.2	133.4	125.3	118.3	115.3	110.3	108.9	106.5	104.3	104	104.2	104.6	106.1	108.3	112.9	117.9	121.1	125.3	125.7	126.7	126.3	126.6	125	124.6	121.7	118.7	121.6	124.5	123.4	122.8	123.1	123.6	123.6	122.2	120.6	117.3	114.7	113.1	111.3	107.3	105	100.8	98.1	97.6	94.3	93.6	95.5	95.3	96.2	97.9	98.6	101.5	102.7	108.5	113.8	118.9	122.8	129	137.3	143.2	146.9	150.2	151.8	154.3	155.8	156.5	157.2	157.1	154.3	157.3	192.1	254.5	266	266.1	269.3	272.8	271.7	266.3	268.9	284.5	297.9	297.8	303.4	311.1	311.8	314.7	319.8	325.6	318.9	325.7	324.1	324.9	324.6	325.3	326.6	327.3	328.2	328.5	326.9	324.9	324.5	324.9	326.2	326.9	327.8	328.7	322.3	322.1	324	324.1	320.5	325.3	326	326.4	327.5	327.3	326.4	325.7	326	325.4	324	324.4	324.4	323.3
