280.5	280.5	280.5	280.5	280.5	280.5	280.5	280.5	280.5	280.5	280.5	280.5	280.5	280.5	280.5	280.5	280.5	280.5	280.5	280.5	280.5	280.5	280.5	280.5	280.5	280.5	280.5	280.5	280.5	280.5	280.5	280.5	280.5	280.5	280.5	280.5	280.5	280.5	280.5	280.5	280.5	280.5	280.5	280.5	280.5	280.5	280.5	280.5	280.5	280.5	280.5	280.5	280.5	280.5	280.5	280.5	280.5	280.5	280.5	280.5	280.5	280.5	280.5	280.5	280.5	280.5	280.5	280.5	280.5	280.5	280.5	280.5	280.5	272.7	247.5	232.5	216.3	193.5	180.9	181.5	173.1	154.3	142.8	140.1	141.5	144.4	140.3	128.7	135.6	156.6	166	175.3	182.3	196.1	176.3	154.5	172.2	174.1	163.6	157.4	144.7	134.8	133.9	127.5	122.6	129.8	164.7	156.9	136.1	137.7	127.3	128.1	135.3	140.6	150.8	161.4	171.2	174.8	176.8	166.9	162.9	162.7	171	200.2	219.9	224.8	237.3	227.5	204.6	233.4	260.6	262.5	264.9	252.9	244.9	272.5	276.8	280.5	280.5	280.5	280.5	280.5	280.5	280.5	280.5	280.5	280.5	280.5	280.5	280.5	280.5	280.5	280.5	280.5	280.5	280.5	280.5	280.5	280.5	280.5	280.5	280.5	280.5	280.5	280.5	280.5	280.5	280.5	280.5	280.5	280.5	280.5	280.5	280.5	280.5	280.5	280.5	280.5	280.5	280.5	280.5	280.5	280.5	280.5	280.5	280.5	280.5	280.5	280.5	280.5	280.5	280.5	280.5	280.5	280.5
280.5	280.5	280.5	280.5	280.5	280.5	280.5	280.5	280.5	280.5	280.5	280.5	280.5	280.5	280.5	280.5	280.5	280.5	280.5	280.5	280.5	280.5	280.5	280.5	280.5	280.5	280.5	280.5	280.5	280.5	280.5	280.5	280.5	280.5	280.5	280.5	280.5	280.5	280.5	280.5	280.5	280.5	280.5	280.5	280.5	280.5	280.5	280.5	280.5	280.5	280.5	280.5	280.5	280.5	280.5	280.5	280.5	280.5	280.5	280.5	280.5	280.5	280.5	280.5	280.5	280.5	280.5	280.5	280.5	280.5	280.5	280.5	257.7	243.3	219.8	187.6	171.3	154.3	151	147.8	137.2	126.6	128.5	128.6	126.5	117.9	105.1	99.9	98.2	99.3	105	112.9	117.6	121.7	118.9	117.4	132.9	133.1	123.9	121.5	120.7	123	122.8	117.1	110.9	121.5	161.7	145	112	112.8	108.2	112.3	119.7	117.1	118.5	139.7	160.7	156.4	159.4	163.6	158.8	157.7	165.7	177.3	194.2	206.2	204.9	196.9	192.1	238.8	258.6	258.8	258.8	252.1	237.8	254.3	263.5	268.4	273.4	277	280.5	280.5	280.5	280.5	280.5	280.5	280.5	280.5	280.5	280.5	280.5	280.5	280.5	280.5	280.5	280.5	280.5	280.5	280.5	280.5	280.5	280.5	280.5	280.5	280.5	280.5	280.5	280.5	280.5	278.1	276.3	277.1	273.5	275.5	280.5	280.5	280.5	280.5	280.5	280.5	280.5	280.5	280.5	280.5	280.5	280.5	280.5	280.5	280.5	280.5	280.5	280.5	280.5	280.5	280.5
280.5	280.5	280.5	280.5	280.5	280.5	280.5	280.5	280.5	280.5	280.5	280.5	280.5	280.5	280.5	280.5	280.5	280.5	280.5	280.5	280.5	280.5	280.5	280.5	280.5	280.5	280.5	280.5	280.5	280.5	280.5	280.5	280.5	280.5	280.5	280.5	280.5	280.5	280.5	280.5	280.5	280.5	280.5	280.5	280.5	280.5	280.5	280.5	280.5	280.5	280.5	280.5	280.5	280.5	280.5	280.5	280.5	280.5	280.5	280.5	280.5	280.5	280.5	280.5	280.5	280.5	280.5	280.5	272.1	233.7	200.4	168.3	156.9	151.6	145.8	145.9	143.1	137.1	133	123.6	116.4	112.3	110.4	118.7	119	109.1	100.6	99.6	101.4	99.8	97.9	100.6	102	103.9	102.2	102.3	117.1	123	116.1	110.6	115.3	111.8	113.2	112.4	109.1	116	122.4	108.7	97.8	97.5	100.7	120.1	137.6	140.1	132.9	115.5	114.3	119.4	125.1	122.7	134.8	137.7	133	130.7	141.7	151.4	143.6	146.2	156.1	191.5	222.1	240.3	250	258.5	259.1	237.2	211.9	216.3	225.1	239.2	250.2	262.3	280.5	280.5	280.5	280.5	280.5	280.5	280.5	280.5	280.5	280.5	280.5	280.5	280.5	280.5	280.5	280.5	280.5	280.5	280.5	280.5	280.5	280.5	280.5	280.5	280.5	280.5	280.5	280.5	274.3	275.1	278.5	275.1	277.3	280.5	280.5	280.5	280.5	280.5	280.5	280.5	280.5	280.5	280.5	277.3	277.1	278.3	278.7	280.5	280.5	280.5	280.5	280.5	280.5
280.5	280.5	280.5	280.5	280.5	280.5	280.5	280.5	280.5	280.5	280.5	280.5	280.5	280.5	280.5	280.5	280.5	280.5	280.5	280.5	280.5	280.5	280.5	280.5	280.5	280.5	280.5	280.5	280.5	280.5	280.5	280.5	280.5	280.5	280.5	280.5	280.5	280.5	280.5	280.5	280.5	280.5	280.5	280.5	280.5	280.5	280.5	280.5	280.5	280.5	280.5	280.5	280.5	280.5	280.5	280.5	280.5	280.5	280.5	280.5	280.5	280.5	280.5	280.5	280.5	280.5	280.5	276.9	239.7	192.1	164.7	148.7	140.4	135.7	129.3	132.3	130.7	114.5	103.7	99.6	93.3	89.7	90.6	95.9	100.3	95.2	96.5	102.1	99.7	102	104.4	99.3	101	97.5	97.6	102.1	103	101.6	96.5	99.2	104.9	112.2	110.8	100.9	100.8	110.9	118.5	103.6	96.1	95	94.2	112.8	125	125	130.7	102.3	90.2	103	113.9	116.3	114.7	125.5	131.2	128.4	126.1	127.9	131.9	140.4	140.1	155.8	193.4	211.6	218.4	226.7	242.3	225.4	185.4	177.7	189.2	208.2	230	235	242.1	279.6	280.5	280.5	280.5	280.5	280.5	280.5	280.5	280.5	280.5	280.5	280.5	280.5	280.5	280.5	280.5	280.5	280.5	280.5	280.5	280.5	280.5	280.5	280.5	280.5	280.5	280.5	280.5	280.5	280.5	280.5	280.5	280.5	280.5	280.5	280.5	280.5	280.5	280.5	280.5	278.7	277.7	276.3	275.1	277.3	280.5	280.5	280.5	280.5	280.5	280.5	280.5
280.5	280.5	280.5	280.5	280.5	280.5	280.5	280.5	280.5	280.5	280.5	280.5	280.5	280.5	280.5	280.5	280.5	280.5	280.5	280.5	280.5	280.5	280.5	280.5	280.5	280.5	280.5	280.5	280.5	280.5	280.5	280.5	280.5	280.5	280.5	280.5	280.5	280.5	280.5	280.5	280.5	280.5	280.5	280.5	280.5	280.5	280.5	280.5	280.5	280.5	280.5	280.5	280.5	280.5	280.5	280.5	280.5	280.5	280.5	280.5	280.5	280.5	280.5	280.5	280.5	268.5	220.5	179.3	160.5	156.1	153.7	155.7	157.9	160.4	146.8	127.8	111.5	99.6	95.4	98.3	96.7	94	93.5	91.4	90.6	93.9	100.8	95.2	85.1	86.5	87.8	92.4	94.4	92.1	87.6	90.4	87.6	89.2	94.5	89.5	87.5	100.3	104.7	96.4	98.5	101.7	105.2	97.5	91	91.8	99.7	105.5	102	91.2	85.6	84.6	87	98	116.8	117	117.9	132	140.7	137.1	128.3	128.5	129.7	127.4	126.4	126.9	127.4	127.6	133.6	137.9	143.7	147.4	151.8	162.8	172.1	212.8	244.4	240.3	239.5	255.3	272.7	277.5	280.5	280.5	280.5	280.5	280.5	280.5	280.5	280.5	280.5	280.5	280.5	280.5	280.5	280.5	280.5	280.5	280.5	280.5	280.5	280.5	280.5	280.5	280.5	280.5	280.5	280.5	280.5	280.5	280.5	280.5	280.5	280.5	280.5	280.5	279.9	280.5	280.5	279.3	276.9	279.3	278.7	280.5	280.5	280.5	280.5	280.5	280.5	280.5	280.5
280.5	280.5	280.5	280.5	280.5	280.5	280.5	280.5	280.5	280.5	280.5	280.5	280.5	280.5	280.5	280.5	280.5	280.5	280.5	280.5	280.5	280.5	280.5	280.5	280.5	280.5	280.5	280.5	280.5	280.5	280.5	280.5	280.5	280.5	280.5	280.5	280.5	280.5	280.5	280.5	280.5	280.5	280.5	280.5	280.5	280.5	280.5	280.5	280.5	280.5	280.5	280.5	280.5	280.5	280.5	280.5	280.5	280.5	280.5	280.5	280.5	280.5	280.5	280.5	279.3	241.2	187.6	160.1	147.9	140.2	144.4	150.2	148.9	149.4	140.6	116.1	104.6	94.6	90.6	98.6	101	103.5	99.7	88.2	85.7	87.1	85.7	84.3	80.5	78.1	84.6	84.8	84.2	86.8	83.1	82.4	86.3	94.6	100.3	92.2	88.6	89.6	88.1	90	96	96.4	89.2	84.9	88.3	88.2	92.4	91.2	93.8	89.9	82.7	81.3	85.4	89.4	114.1	108.9	114.3	127.2	111.8	110.7	118.5	130.3	132.3	128.3	124.9	124.7	122.5	123.1	127.5	126.7	128.8	133.2	141.4	158.3	177.5	221.5	258.5	258.8	259.4	254.1	253.1	272.7	278.9	280.5	280.5	280.5	280.5	280.5	280.5	280.5	280.5	280.5	280.5	280.5	280.5	280.5	280.5	280.5	280.5	280.5	280.5	280.5	280.5	280.5	280.5	280.5	280.5	280.5	280.5	280.5	280.5	280.5	280.5	280.5	280.5	280.5	280.5	280.5	280.5	280.5	280.5	280.5	280.5	280.5	280.5	280.5	280.5	280.5	280.5	280.5	280.5
280.5	280.5	280.5	280.5	280.5	280.5	280.5	280.5	280.5	280.5	280.5	280.5	280.5	280.5	280.5	280.5	280.5	280.5	280.5	280.5	280.5	280.5	280.5	280.5	280.5	280.5	280.5	280.5	280.5	280.5	280.5	280.5	280.5	280.5	280.5	280.5	280.5	280.5	280.5	280.5	280.5	280.5	280.5	280.5	280.5	280.5	280.5	280.5	280.5	280.5	280.5	280.5	280.5	280.5	280.5	280.5	280.5	280.5	280.5	279.6	280.5	280.5	280.5	267.7	206.7	162.1	155	152.8	142	138	144.6	135.4	125.8	121.4	119.4	107.1	98.9	92.5	87.3	93.4	96.7	97.7	91.7	84.9	85.3	86.5	85.8	88.9	90.5	92.5	93.2	96.4	95	94.2	88	85.6	93.6	89.9	90.2	90.4	75.6	61.2	68.4	74.8	75.9	74	70	74.4	82.8	82.4	79.6	84.7	84.9	82.9	82.8	81.2	77.8	95.2	113.8	110.1	111.3	102.8	99.6	106	118	129	128	122.2	122.2	120.4	121.7	123.2	119.5	122.8	126.1	121.2	120.2	132.7	156.4	194.5	227.1	250.1	253.6	258.8	262.7	268.4	275.6	280.5	280.5	280.5	280.5	280.5	280.5	280.5	280.5	280.5	280.5	280.5	280.5	280.5	280.5	280.5	280.5	280.5	280.5	280.5	280.5	280.5	280.5	280.5	280.5	280.5	280.5	280.5	280.5	280.5	280.5	280.5	280.5	280.5	280.5	280.5	280.5	280.5	280.5	280.5	280.5	280.5	280.5	280.5	280.5	280.5	280.5	280.5	280.5
280.5	280.5	280.5	280.5	280.5	280.5	280.5	280.5	280.5	280.5	280.5	280.5	280.5	280.5	280.5	280.5	280.5	280.5	280.5	280.5	280.5	280.5	280.5	280.5	280.5	280.5	280.5	280.5	280.5	280.5	280.5	280.5	280.5	280.5	280.5	280.5	280.5	280.5	280.5	280.5	280.5	280.5	280.5	280.5	280.5	280.5	280.5	280.5	280.5	280.5	280.5	280.5	280.5	280.5	280.5	280.5	280.5	280.5	280	278.2	279.2	279.6	277.4	233.7	180.4	152	147.3	141.2	125.1	112.1	115.4	116.8	115.5	111.2	114.3	105.8	96.6	89.7	90.5	89.8	94.1	95.2	90.1	90.1	86.7	85.5	87.4	92.2	90.2	94.2	97	89.8	85.9	87.1	83.3	77.9	79	83.2	78.1	72.9	72.9	61.6	57.8	60.8	69.5	71.1	66.4	64.6	70.1	77.6	77.4	79.3	79.4	69.8	68.1	76.7	79.8	92	94.7	87.5	100	100.5	91.7	93.5	97.5	110.8	115.9	109.4	108.9	107.5	112	112.8	121.5	119.6	111.6	112.2	114.5	125.9	143.3	161.3	200.4	225.3	233.1	258.4	258.7	259.4	262.1	268.6	275.3	279.6	280.5	280.5	280.5	280.5	280.5	280.5	280.5	280.5	280.5	280.5	280.5	280.5	280.5	280.5	280.5	279.7	280.5	280.5	278.7	278.7	280.5	280.5	280.5	280.5	280.5	280.5	280.5	280.5	280.5	280.5	280.5	280.5	280.5	280.5	280.5	280.5	280.5	280.5	280.5	280.5	279.7	278.3	275.5	273.9	279.7
280.5	280.5	280.5	280.5	280.5	280.5	280.5	280.5	280.5	280.5	280.5	280.5	280.5	280.5	280.5	280.5	280.5	280.5	280.5	280.5	280.5	280.5	280.5	280.5	280.5	280.5	280.5	280.5	280.5	280.5	280.5	280.5	280.5	280.5	280.5	280.5	280.5	280.5	280.5	280.5	280.5	280.5	280.5	280.5	280.5	280.5	280.5	280.5	280.5	280.5	280.5	280.5	280.5	280.5	280.5	280.5	280.5	280.5	279.3	277.5	262.7	237.1	189.9	156.2	147.8	144.8	139.9	127.3	105.8	94.5	102.8	106.8	105.8	105.1	103.4	95.4	94.2	98.2	94.3	91.8	94.8	91.1	88.3	92.2	90.6	85.9	86.6	87	76.4	71.8	79.2	76.1	68	68.8	65.1	62.5	64	70.2	67	65.4	70.9	66	60.8	60.1	63.4	67.5	63.5	58.1	62.3	65.5	62.1	58.8	59	52.6	52.8	59.4	57	56.4	60.7	64.4	79.5	87.3	88.4	93.3	90.1	97.4	103.8	105.2	101.7	107	120.3	115.6	120.4	121.1	112.4	109.6	108.5	120.3	130.3	127.5	144.2	165.4	180.1	190.5	220.7	246.1	259.8	264.1	270.2	276.4	280.5	280.5	280.5	280.5	280.5	280.5	280.5	280.5	280.5	280.5	280.5	280.5	280.5	280.5	280.5	279.3	280.5	280.5	280.5	280.5	280.5	280.5	280.5	280.5	280.5	280.5	280.5	280.5	280.5	280.5	280.5	280.5	280.5	280.5	280.5	280.5	280.5	280.5	280.5	280.5	280.5	279.9	277.1	275.9	280.5
280.5	280.5	280.5	280.5	280.5	280.5	280.5	280.5	280.5	280.5	280.5	280.5	280.5	280.5	280.5	280.5	280.5	280.5	280.5	280.5	280.5	280.5	280.5	280.5	280.5	280.5	280.5	280.5	280.5	280.5	280.5	280.5	280.5	280.5	280.5	280.5	280.5	280.5	280.5	280.5	280.5	280.5	280.5	280.5	280.5	280.5	280.5	280.5	280.5	280.5	280.5	280.5	280.5	280.5	280.5	280.5	279.8	277.4	263.6	253.3	232.5	203.8	169.3	146	138	136.4	134.8	127.2	120.8	115.4	103.7	101	96	92.2	90.8	95.7	101.6	94.1	88.9	90.8	92.2	94.6	95.2	99.1	96	88.6	82.2	75.6	74	65.3	68.2	75.4	70.3	64.3	63.1	66.4	63.4	60.4	64.6	60.3	61	64.6	60.1	54.7	55.6	59.5	57.7	54.9	58.4	61.8	58	54.6	57.9	54.3	48.2	49.9	46.9	44.5	49.4	53.6	59	65.7	75.3	78.5	76.7	80.5	81.7	86.4	90.4	104.7	111	109.9	114.9	110.7	102.5	103.3	105.1	105.1	112	121.6	139.7	160.6	186.5	198.1	210.1	226.7	247.6	258.5	260.1	264.2	271.5	279.9	280.5	280.5	280.5	280.5	280.5	280.5	280.5	280.5	280.5	280.5	280.5	280.5	280.5	280.5	280.5	280.5	280.5	280.5	280.5	280.5	280.5	280.5	280.5	280.5	280.5	280.5	280.5	280.5	280.5	280.5	280.5	280.5	280.5	280.5	280.5	280.5	280.5	280.5	280.5	280.5	280.5	280.5	280.5
280.5	280.5	280.5	280.5	280.5	280.5	280.5	280.5	280.5	280.5	280.5	280.5	280.5	280.5	280.5	280.5	280.5	280.5	280.5	280.5	280.5	280.5	280.5	280.5	280.5	280.5	280.5	280.5	280.5	280.5	280.5	280.5	280.5	280.5	280.5	280.5	280.5	280.5	280.5	280.5	280.5	280.5	280.5	280.5	280.5	280.5	280.5	280.5	280.5	280.5	280.5	280.5	280.5	280.5	280.5	280.3	278.6	240.1	214.8	201.9	173	152.9	145.7	141.7	135.1	131.8	132.3	124.9	119.2	117.6	100.5	95.3	92.9	93.5	94.8	97.1	93	88.7	88	87.6	86.6	83.8	85.6	84.4	82	78.7	67	61.2	62.6	58.9	56	60.6	64.2	56.6	59.8	65	57.4	55.4	57	54.9	56.2	56.4	50.8	50.3	50	50.2	51.9	54.3	58.3	60.7	57.9	53.9	57	56.3	53.8	54.7	51.9	48.7	51.3	49.5	46.2	50.6	52.9	54.3	52.5	53.1	54.7	59	75	94	109.4	115.7	120.7	114.7	95.5	93.9	99.7	93.5	96.9	112.7	126.4	153.2	189.9	239.8	258.5	247	230.4	241.6	258.5	260.8	265.2	271.3	276	280.5	280.5	280.5	280.5	280.5	280.5	280.5	280.5	280.5	280.5	280.5	280.5	280.5	280.5	280.5	280.5	280.5	280.5	280.5	280.5	280.5	280.5	280.5	280.5	280.5	280.5	280.5	280.5	280.5	280.5	280.5	280.5	280.5	280.5	280.5	280.5	280.5	280.5	280.5	280.5	279.1	279.5
280.5	280.5	280.5	280.5	280.5	280.5	280.5	280.5	280.5	280.5	280.5	280.5	280.5	280.5	280.5	280.5	280.5	280.5	280.5	280.5	280.5	280.5	280.5	280.5	280.5	280.5	280.5	280.5	280.5	280.5	280.5	280.5	280.5	280.5	280.5	280.5	280.5	280.5	280.5	280.5	280.5	280.5	280.5	280.5	280.5	280.5	280.5	280.5	280.5	280.5	280.5	280.5	280.5	278.5	276.4	275.2	272.1	236.4	204.9	185.1	160.1	142.3	129.7	126.3	125.9	123.3	114.7	104.5	101.1	97.8	90.3	95	96.2	95.2	96.5	94.1	81.8	83.3	86.8	82.6	75.8	70.7	69	69.1	66.5	67.7	65.4	54.1	51.2	56.8	56.1	55.5	59.8	54.5	54.7	56.5	53.6	50.3	50.9	53.8	61.2	57.9	49.5	50.7	51.7	48.8	50.4	55.7	58.1	60.1	58.9	52.1	52.5	53	53.9	57.4	54.9	50.3	51.2	50.7	48.6	49.9	49.1	48.7	48.8	45.7	44.7	48.5	55.3	66.9	84.7	99.9	103.6	100	90.8	89.3	92.1	86.5	85.6	100.6	107.2	119.6	154.4	208.4	252.7	258.5	245.8	246.7	258.1	258.4	259.1	261.5	268.5	278.5	280.5	280.5	280.5	280.5	280.5	280.5	280.5	280.5	280.5	280.5	280.5	280.5	280.5	280.5	280.5	280.5	280.5	280.5	280.5	280.5	280.5	280.5	280.5	280.5	280.5	280.5	280.5	279.9	280.5	280.5	280.5	280.5	280.5	280.5	280.5	280.5	280.5	280.5	276.9	272.1	270.3
280.5	280.5	280.5	280.5	280.5	280.5	280.5	280.5	280.5	280.5	280.5	280.5	280.5	280.5	280.5	280.5	280.5	280.5	280.5	280.5	280.5	280.5	280.5	280.5	280.5	280.5	280.5	280.5	280.5	280.5	280.5	280.5	280.5	280.5	280.5	280.5	280.5	280.5	280.5	280.5	280.5	280.5	280.5	280.5	280.5	280.5	280.5	280.5	280.5	280.5	280.5	280.5	280.5	277.7	275.3	274.1	240.1	192.9	163.9	147.2	141.6	133.5	117.1	115.9	120.4	118.9	110.6	99.4	91.7	80.7	76.2	87.5	89.4	84.4	78.1	65.8	58.5	61.8	63.9	60.1	55.9	55.8	56.8	58.1	57	57.8	57.1	51.3	50.5	51.7	49.3	51.4	51.9	47.6	47.9	48.3	46	43.3	45.7	50	55.4	54.1	49.4	51.8	54.7	54.1	53.5	55.1	58.7	58.7	55.7	52.1	48.7	49	46.6	48.6	51.6	52.2	49.3	48.1	49.7	54.5	51.1	46	43.2	40.4	39.6	45.3	52.9	56.3	64.9	73.1	83.2	89.5	84.1	83.4	85.7	84.6	82.8	88.5	92.2	95.6	112.7	144.1	186.9	212.7	229.7	238.8	240.4	209.9	226.2	259.9	263.7	273.8	280.5	280.5	280.5	280.5	280.5	280.5	280.5	280.5	280.5	280.5	280.5	280.5	280.5	280.5	280.5	280.5	280.5	280.5	280.5	280.5	280.5	280.5	280.5	280.5	280.5	280.5	280.5	279.9	280.5	280.5	280.5	280.5	280.5	280.5	280.5	280.5	280.5	280.5	280.5	277.1	273.9
280.5	280.5	280.5	280.5	280.5	280.5	280.5	280.5	280.5	280.5	280.5	280.5	280.5	280.5	280.5	280.5	280.5	280.5	280.5	280.5	280.5	280.5	280.5	280.5	280.5	280.5	280.5	280.5	280.5	280.5	280.5	280.5	280.5	280.5	280.5	280.5	280.5	280.5	280.5	280.5	280.5	280.5	280.5	280.5	280.5	280.5	280.5	280.5	280.5	280.5	280.5	280.5	278.2	274.6	260.8	246.7	216.4	177	150.1	137.9	125.9	109.5	99.7	97.2	95.1	96.9	94.8	91.6	85.1	69.5	65.6	74.2	75.8	73.9	70.7	60.1	54.4	54.8	55.6	55.9	53	52.6	52.2	53.1	56.5	57.6	59.6	55.6	51	45.6	43.1	46	46.3	41.8	43.1	42.4	39.2	39.7	41.3	49.5	50.4	44.3	44.9	48.6	52.6	51.9	51.7	54.3	55.2	55	54.1	52.7	48.7	47.7	45.5	46.1	49.7	51.4	46.6	44.4	45.4	49.5	48.6	46	44.8	40.5	38.5	40.3	48.1	53.8	58.2	59.8	65.4	76.6	74.4	73	76.8	82.6	80.9	83	90.2	91.1	92.9	103.8	129.4	167.6	205.3	214.6	213.9	186	202.9	258.7	259.1	260.8	267.4	277.7	280.5	280.5	280.5	280.5	280.5	280.5	280.5	280.5	280.5	280.5	280.5	280.5	280.5	280.5	280.5	280.5	280.5	280.5	280.5	280.5	280.5	280.5	280.5	280.5	280.5	280.5	280.5	280.5	280.5	280.5	280.5	280.5	280.5	279.5	279.5	279.7	280.5	280.5	280.5
280.5	280.5	280.5	280.5	280.5	280.5	280.5	280.5	280.5	280.5	280.5	280.5	280.5	280.5	280.5	280.5	280.5	280.5	280.5	280.5	280.5	280.5	280.5	280.5	280.5	280.5	280.5	280.5	280.5	280.5	280.5	280.5	280.5	280.5	280.5	280.5	280.5	280.5	280.5	280.5	280.5	280.5	280.5	280.5	280.5	280.5	280.5	280.5	280.5	280.5	280.5	279.1	275.9	257.5	217.6	203.9	168.5	145.8	137.3	127.3	115.4	100.3	92.4	89.5	87.2	90.7	91.2	78.7	72.5	67.2	67.1	69.9	71.3	69.7	64.3	50.7	49.8	50.1	51.1	52.6	49.8	49.4	44.8	44.1	47.2	53.2	57.5	60.1	57.5	53.9	53.1	52.9	51	46	48.1	45.2	44.4	47.7	47.9	51	48.8	46	45.1	46.6	48.7	51	50.4	49.1	46.4	45.2	46.3	48.9	50.5	50.1	46.9	47.3	50.1	50.2	49	44.8	46.7	47.4	47.3	47.9	42.1	35.9	36.9	42.1	46.2	48.4	49.4	51	52.6	61.6	74.8	72.8	76.8	80.5	77.6	77	82.7	85.2	85.1	90.5	99.9	114.9	131.8	139.5	148	145.7	157.9	216.2	242.9	259.5	263.1	272.2	280.5	280.5	280.5	280.5	280.5	280.5	280.5	280.5	280.5	280.5	280.5	280.5	280.5	280.5	280.5	280.5	280.5	280.5	280.5	280.5	280.5	280.5	280.5	280.5	280.5	280.5	280.5	280.5	280.5	280.5	280.5	280.5	280.5	278.7	280.5	280.5	280.5	280.5	280.5
280.5	280.5	280.5	280.5	280.5	280.5	280.5	280.5	280.5	280.5	280.5	280.5	280.5	280.5	280.5	280.5	280.5	280.5	280.5	280.5	280.5	280.5	280.5	280.5	280.5	280.5	280.5	280.5	280.5	280.5	280.5	280.5	280.5	280.5	280.5	280.5	280.5	280.5	280.5	280.5	280.5	280.5	280.5	280.5	280.5	280.5	280.5	280.5	279.6	277.5	274.9	272.9	272.3	247	215.7	195.2	158.3	130.2	111.3	98.4	93.6	86.1	83.6	84.2	82.8	84.1	83	69.1	62.6	59.4	60.6	65.6	66.3	63	59.6	48.7	45.8	45	45.6	47.7	46.1	43.8	41.2	38.3	41.2	45.4	48	53.4	55.3	54.5	53.3	56.2	54.9	49.3	49.6	49.4	49	47.9	46.8	49	46.4	44.1	42.7	42.2	43.2	45.9	47.2	44.5	40.9	38.9	41.4	44.1	46.1	48.4	47.1	48.3	51.2	51.9	51	45.8	46.8	47.8	46	46.6	43.5	37.1	34.8	38.2	42	42.9	45.3	47.4	47.5	50.4	65.6	70.6	74.4	77.4	76.5	73.4	73.9	78.6	83.3	82.7	89.1	108.7	125.4	131.6	136.2	139.3	142.9	190.8	224.3	252.8	259.1	260	265.9	276.7	280.5	280.5	280.5	280.5	280.5	280.5	280.5	280.5	280.5	280.5	280.5	280.5	280.5	280.5	280.5	280.5	280.1	279.1	279.9	279.3	280.5	280.5	280.5	280.5	280.5	280.5	280.5	280.5	280.5	280.5	280.5	280.5	280.5	280.5	280.5	280.5	280.5
280.5	280.5	280.5	280.5	280.5	280.5	280.5	280.5	280.5	280.5	280.5	280.5	280.5	280.5	280.5	280.5	280.5	280.5	280.5	280.5	280.5	280.5	280.5	280.5	280.5	280.5	280.5	280.5	280.5	280.5	280.5	280.5	280.5	280.5	280.5	280.5	280.5	280.5	280.5	280.5	280.5	280.5	280.5	280.5	280.5	280.5	275.1	259.5	263	275.1	269.8	226.7	193.5	182.3	163.6	143.1	135.1	125.5	109.7	94.3	94	86.2	82.8	84.2	80.9	70.9	59.9	57.7	58.3	59.2	58.6	54.9	51.8	52.3	51.8	45.7	45.2	43.1	41.2	40.8	35.9	36	36.4	36.4	40.3	40.8	41.3	44.9	43.9	46.1	49.4	53.6	55.2	56.7	57.8	56.6	55.8	52.2	47.2	49.6	51.3	49.3	46.9	46.7	44.1	46.9	49	44.3	41.1	40.9	40.9	42.7	42.9	45.5	46.9	49.3	52.2	56.5	55.1	48.6	46.7	49	46.6	42.2	44.1	42.1	36.9	34.6	36.3	37.5	37.9	39.6	43	45.1	54	64	70.1	72	70.6	70.1	70.4	75.3	77.4	77	81.9	91.9	105.2	116.8	123.2	127.2	129.6	135.4	152.8	189.2	242.8	259.5	262.1	272	278.3	280.5	280.5	280.5	280.5	280.5	280.5	280.5	280.5	280.5	280.5	280.5	280.5	280.5	280.5	280.5	280.1	277.9	279.3	280.5	280.5	280.5	280.5	280.5	280.5	280.5	280.5	280.5	280.5	280.5	280.5	280.5	280.5	280.5	280.5	280.5	280.5
280.5	280.5	280.5	280.5	280.5	280.5	280.5	280.5	280.5	280.5	280.5	280.5	280.5	280.5	280.5	280.5	280.5	280.5	280.5	280.5	280.5	280.5	280.5	280.5	280.5	280.5	280.5	280.5	280.5	280.5	280.5	280.5	280.5	280.5	280.5	280.5	280.5	280.5	280.5	280.5	280.5	280.5	280.5	280.5	280.5	279.1	255.8	247.1	230	231.4	221.5	191.5	168.3	160.8	144.5	121.1	114.8	111.4	98.2	87.9	85.8	85.1	81.6	80.9	77.6	64.8	56.8	54.7	55.9	56.5	55.2	52.7	50.5	49.6	48.8	43.5	44.4	45.2	42.2	39.6	35.1	34.9	34.5	34.2	36.2	35.9	39.5	42.3	40.5	40.4	43.4	46.9	51.3	55.1	55.3	54.7	54.5	52.4	50.9	49.2	46.5	47.5	46.5	47.6	47.5	49.5	49.9	45.6	43.9	43.9	43.5	43.9	45.9	47.1	46.7	46.5	50.9	55.5	56.3	50.6	46.8	48.8	49.6	43.4	41.4	42.1	37.5	36	37	36.9	37.6	38.5	38.9	40.6	45.1	53.6	62.8	65.6	67.6	68.6	70.1	73.6	76.8	76.5	77.4	80.1	82.2	89.5	96.2	114.2	123.1	120.6	136.6	168.5	216.7	259.3	259.5	260.3	266.9	277.3	280.5	280.5	280.5	280.5	280.5	280.5	280.5	280.5	280.5	280.5	280.5	280.5	280.5	280.5	280.5	280.5	280.5	280.5	280.5	280.5	280.5	280.5	280.5	280.5	280.5	280.5	280.5	280.5	280.5	280.5	280.5	280.5	280.5	280.5	280.5
280.5	280.5	280.5	280.5	280.5	280.5	280.5	280.5	280.5	280.5	280.5	280.5	280.5	280.5	280.5	280.5	280.5	280.5	280.5	280.5	280.5	280.5	280.5	280.5	280.5	280.5	280.5	280.5	280.5	280.5	280.5	280.5	280.5	280.5	280.5	280.5	280.5	280.5	280.5	280.5	280.5	280.5	280.5	267.9	231.9	219.1	239.9	241	240.1	231.7	198	183.5	160.7	137	124.8	108.6	98.6	88.4	75.7	70.7	69.6	71.8	76	73.3	59.5	55.6	53.9	50.4	52.9	54.6	54.8	50.4	46.3	43.3	46.1	43	39.8	41.1	44.7	46.7	42.1	39.4	39.9	41.9	41.3	39.5	37.5	37.7	34.1	33	35.2	37.7	39.8	43.2	49.7	53.7	57.3	58.4	54.7	48.7	40.1	38.5	39.9	40.9	41.7	43.5	44.5	42.3	41.9	43.1	44.1	47.5	48.9	49.7	45.1	46.7	50.7	52.1	53.9	49.1	47.5	48.6	49.9	44.5	38.5	40.4	36.5	32.2	35	34.7	35.7	39.6	40.7	39.2	39.4	42	45.2	45.5	50.4	61.4	69.1	71.2	71.9	72	76.5	83.2	81.1	87.7	99.3	111.8	124.7	121.2	123	127.6	149	185.2	230.5	259.4	262.4	272.1	280.5	280.5	280.5	280.5	280.5	280.5	280.5	280.5	280.5	280.5	280.5	280.5	280.5	280.5	280.5	280.5	280.5	280.5	280.5	280.5	280.5	280.5	280.5	280.5	279.1	278.5	280.5	280.5	280.5	280.5	280.5	280.5	280.5	280.5	280.5
280.5	280.5	280.5	280.5	280.5	280.5	280.5	280.5	280.5	280.5	280.5	280.5	280.5	280.5	280.5	280.5	280.5	280.5	280.5	280.5	280.5	280.5	280.5	280.5	280.5	280.5	280.5	280.5	280.5	280.5	280.5	280.5	280.5	280.5	280.5	280.5	280.5	280.5	280.5	280.5	280.5	280.5	280.5	250.5	219	229.4	252	253	255.9	236.5	199.1	182.7	154.9	125.9	111	94.9	86.5	76	62.1	66.7	65.7	62.2	67.7	65.6	54.7	55.4	54.4	50.4	53	54.4	51.5	48	44	41.5	42.4	43.8	38	38.6	42.3	47.4	45	38.5	38.5	40.1	41.3	42.3	39.1	38.5	35.6	33.5	34.1	33.3	35.6	37.9	42.7	48.5	54.4	56.6	59	55.7	47.3	43.6	41.4	39.7	40.1	42.7	43.2	40.8	39.7	40.1	41.1	45.5	46.5	47.3	44.3	45.4	49.7	49.9	51.3	45.9	43.3	44.8	45.7	42.6	36.1	38.6	39.1	33.4	35.5	34	34.2	36.5	37.9	39.3	41.9	43.3	45.5	44.3	47	52.6	59	67.3	70.7	72.6	75.7	82	84.6	86	94.5	100.5	116.8	125.2	122	121.6	132.1	157.1	195.5	252.2	259.1	260.5	266.5	276.7	280.5	280.5	280.5	280.5	280.5	280.5	280.5	280.5	280.5	280.5	280.5	280.5	280.5	280.5	280.5	280.5	280.5	280.5	280.5	280.5	280.5	280.5	280.5	279.7	280.5	280.5	280.5	280.5	280.5	280.5	280.5	280.5	280.5
280.5	280.5	280.5	280.5	280.5	280.5	280.5	280.5	280.5	280.5	280.5	280.5	280.5	280.5	280.5	280.5	280.5	280.5	280.5	280.5	280.5	280.5	280.5	280.5	280.5	280.5	280.5	280.5	280.5	280.5	280.5	280.5	280.5	280.5	280.5	280.5	280.5	280.5	280.5	280.5	280.5	280.5	243.9	238.1	269.1	273	271.2	251.1	235	199.2	172.6	157.3	135.2	114	101.7	85.7	68.6	63.2	63.3	61.3	54.3	59.3	54.3	50.3	49.5	47.7	51.9	52.7	52.4	48.6	47	44.1	42	40	40.2	40.3	40.4	40.6	39.3	40.1	45.9	43.9	37.7	36.1	34.3	35.3	40.3	45.9	48.1	46.2	43.5	39.5	37.1	34.8	33.4	38.7	39.5	43.1	51.6	57.9	60.7	59	51.8	46	43.1	44.5	43	40.3	42.5	42.3	41.9	41.3	43.9	43.9	42.5	45.9	48	49.1	49.5	42.6	41.5	39.9	34.8	37.1	36.7	33.7	38.4	35.7	33.6	33.1	34.6	35.8	34.3	32.7	36.8	41.9	40.8	40.4	43.8	43.9	49	56.7	61.8	65.3	69.2	78.5	83.5	84.5	90.8	98.7	112.6	124	123.6	123.2	124.8	126.5	129.2	145	197.3	259.5	259.7	260	280.5	280.5	280.5	280.5	280.5	280.5	280.5	280.5	280.5	280.5	280.5	280.5	280.5	280.5	280.5	280.5	280.5	280.1	278.1	279.3	280.5	280.5	280.5	280.5	280.5	280.5	280.5	280.5	280.5	280.5	280.5	280.5	280.5
280.5	280.5	280.5	280.5	280.5	280.5	280.5	280.5	280.5	280.5	280.5	280.5	280.5	280.5	280.5	280.5	280.5	280.5	280.5	280.5	280.5	280.5	280.5	280.5	280.5	280.5	280.5	280.5	280.5	280.5	280.5	280.5	280.5	280.5	280.5	280.5	280.5	280.5	280.5	280.5	280	277.8	232.1	243.3	261.2	266.4	254.7	232.6	221.8	188.8	160.2	138.2	111	98.2	89.5	75	59.4	55.5	59.7	57.5	49.2	55.4	52.9	48.3	47	43.9	48.2	49.7	48.2	45.4	44.3	44.8	41.9	39.1	38.5	39	39.6	39.8	39.5	37.1	41.7	45.3	39.1	35.3	32.5	32.4	34.3	39.7	45.3	48.8	49	45.1	43.2	39.8	33.1	35.7	36.9	35.9	41.1	48.1	54.9	58.1	55.6	50.1	45.7	46.1	44.7	41.4	43	42.4	42.7	41.5	42.7	41.5	39.7	44.1	47.7	48.1	47.5	41.9	41.1	39.5	34.2	35.8	36.5	30.7	36.9	35.5	30.7	33.5	34.6	33.4	32.9	34.1	37.4	39.2	36.5	37.3	38.1	40.3	45.8	53.4	60.7	65.8	69.6	77.3	83.9	86.4	93.9	91.7	99.7	113	123.8	122.7	122.1	123.3	125	131	175.6	246.8	259.3	261.3	268.9	278.8	280.5	280.5	280.5	280.5	280.5	280.5	280.5	280.5	280.5	280.5	280.5	280.5	280.5	280.5	280.5	278.3	274.1	279.3	280.5	280.5	280.5	280.5	280.5	280.5	280.5	280.5	280.5	280.5	280.5	280.5	280.5
280.5	280.5	280.5	280.5	280.5	280.5	280.5	280.5	280.5	280.5	280.5	280.5	280.5	280.5	280.5	280.5	280.5	280.5	280.5	280.5	280.5	280.5	280.5	280.5	280.5	280.5	280.5	280.5	280.5	280.5	280.5	280.5	280.5	280.5	280.5	280.5	280.5	280.5	280.5	280.5	278.8	263.9	242.8	273	252.9	229.7	213.4	215.5	214.3	175.7	139.9	124.6	105.1	80.7	65.6	54.7	49.7	50.7	57.9	51.9	48.1	45	48.7	48.7	45.5	44.3	43.2	43.3	44.1	42.2	42.9	43.3	39.9	35.5	36	35.8	35	34.8	36.7	34.9	34.9	37.1	37.3	33.7	32.9	33.4	34.1	35.3	37.5	41.3	43.2	49.3	53.7	51.9	48.7	45.1	40.3	34.9	32.7	33.7	36.4	39.2	44	48.4	50.3	51.7	47.8	45.6	44.3	43.8	43.5	44.5	44.9	43.3	43.9	44.9	46.3	48.5	48.5	40.5	39.1	37.3	34.7	38.1	36.9	34.8	36.2	35.5	31.5	31.9	30.2	29.6	31.9	33.8	38	39.5	36.6	37.8	39.1	40.2	43.2	46	51.1	61.1	72.2	84.7	85.3	89.2	94.5	88.7	101.3	113.2	125.3	126.8	122.4	121.7	123.2	128.5	134.4	158	221.3	260.3	264.8	275.1	280.5	280.5	280.5	280.5	279.3	280.5	280.5	280.5	280.5	280.5	280.5	280.5	280.5	280.5	280.5	280.1	276.5	280.5	280.5	280.5	280.5	280.5	280.5	280.5	280.5	280.5	280.5	280.5	280.5	280.5	279.9
280.5	280.5	280.5	280.5	280.5	280.5	280.5	280.5	280.5	280.5	280.5	280.5	280.5	280.5	280.5	280.5	280.5	280.5	280.5	280.5	280.5	280.5	280.5	280.5	280.5	280.5	280.5	280.5	280.5	280.5	280.5	280.5	280.5	280.5	280.5	280.5	280.5	280.5	280.1	278.1	276.5	267.1	252.9	271.7	245.7	212.9	197.4	193.2	188.4	143	108.8	95.8	78.7	72.6	62.8	49.7	47.5	47.5	53.9	52.6	45.6	42.9	46.7	48.2	44	42.2	41.6	42.1	42.1	41.1	39.6	40.5	40.6	36.3	34.6	34.3	33.6	32.9	33.7	33.7	32.4	33.1	34.1	31.7	30	31.8	33.5	32.9	34.3	35.7	37.7	42.3	48.3	52.7	53.3	52.5	47.5	41.5	34.7	32.2	31.4	30.9	32.6	38.8	43.8	50.1	48.8	45.8	46.3	47.4	45.4	44.1	44.5	45.3	47.1	47.3	46.9	50.3	50.9	44.5	42.3	40.5	36.3	38.7	37.2	34.1	36.1	35.3	34	32.9	31.3	31	32.1	32.9	35.5	37.9	39.6	40.3	40.1	40.9	44.6	47.3	48.8	51.7	62.4	78.6	88.8	89.7	85.1	84.7	94.2	109.9	123.2	122.5	120.7	121.7	122.4	128.4	132.5	143.5	193	254.9	260.1	263.3	272.7	280.5	280.5	280.5	279.1	279.7	280.5	280.5	280.5	280.5	280.5	280.5	280.5	280.5	278.7	278.5	280.5	280.5	280.5	280.5	280.5	280.5	280.5	280.5	280.5	280.5	280.5	280.5	280.5	280.5	280.5
280.5	280.5	280.5	280.5	280.5	280.5	280.5	280.5	280.5	280.5	280.5	280.5	280.5	280.5	280.5	280.5	280.5	280.5	280.5	280.5	280.5	280.5	280.5	280.5	280.5	280.5	280.5	280.5	280.5	280.5	280.5	280.5	280.5	280.5	280.5	280.5	280.5	280.5	278.8	276.5	275	273.7	272.5	229.4	199.7	176.9	149.8	147.2	129.2	107.6	90.5	67.8	59.5	57.3	45	43.1	44.9	47.2	51.6	50.5	46	45.7	45.8	44.8	43.2	38.6	36.2	38.8	37.9	38.7	40.2	37.9	39.2	37.2	34.8	31.5	28.8	27.8	26.9	26.9	23.7	23.1	24.5	26.2	26.4	25.9	26.5	27.7	28.1	29.9	33.2	33.8	37.3	42.5	47.1	53.1	53.3	49.3	43.5	38.6	33.4	27.5	26	26.6	28	30.8	34.2	38.4	44.3	47.3	48.3	48.9	44.7	46.5	45.5	43.1	43.5	46.5	47.3	46.5	47.5	47.3	44.1	44.1	40.3	38.5	38.7	40.5	39.2	38.6	39.1	38.9	38.2	36.7	38.6	39.6	40	42.3	46	48.2	49.6	48.2	48.4	49.2	56.4	63.2	74.4	81.5	79.5	79.8	88.9	109.6	123.5	121.1	123.9	125.9	126.2	129	130.9	132	137	171.4	223.2	260.9	267.6	278.6	280.5	280.5	280.5	279.3	279.5	280.5	280.5	280.5	280.5	280.5	279.3	277.7	279.3	280.5	280.5	280.5	280.5	280.5	277.9	280.5	280.5	280.5	280.5	280.5	280.5	280.5	280.5	280.5	280.5
280.5	280.5	280.5	280.5	280.5	280.5	280.5	280.5	280.5	280.5	280.5	280.5	280.5	280.5	280.5	280.5	280.5	280.5	280.5	280.5	280.5	280.5	280.5	280.5	280.5	280.5	280.5	280.5	280.5	280.5	280.5	280.5	280.5	280.5	280.5	280.5	280	277.7	274.4	272.5	272.1	271.9	261.3	210.3	187.8	159.6	129.2	139.1	129	104.5	82.5	62.7	56	47.6	40.8	37.9	42.4	47.7	50.9	48.6	46.5	45.5	46	44.2	42.9	38.8	35	35.8	34.4	36.5	38.2	37.1	38	37.9	34.8	31.6	27.1	26.1	25.7	27.2	25.4	21.9	22.7	23.8	24.6	24.3	23.5	23.3	24	25.1	28.2	29.5	33.3	37.6	44.1	49.5	48.9	47.3	45.9	44.4	39.4	31.8	26.9	25.5	26.4	26.4	26.7	29.8	35.9	39.9	43	47	45.1	46.3	45.4	42.9	43.3	46.3	47.3	45.7	47.3	47.1	43.7	43.1	42.5	40.5	40.5	42.9	42.1	42	41.4	40.5	39	37.8	39.2	39	37.8	40.2	44.4	46	46.1	45.3	46.1	48.8	52.9	60.1	65.5	73.5	76.5	75.7	83.2	95.3	119.9	126.2	126.1	125.8	125.2	125.7	128.9	130.3	134.9	145.3	183.1	242.6	259.6	263.9	272.9	280.5	280.5	280.5	279.9	280.5	279.3	278.7	280.1	279.9	278.3	280.1	280.5	280.5	280.5	280.5	280.5	280.5	278.5	275.7	274.1	274.1	274.1	279.5	280.5	280.5	280.5	280.5	280.5
280.5	280.5	280.5	280.5	280.5	280.5	280.5	280.5	280.5	280.5	280.5	280.5	280.5	280.5	280.5	280.5	280.5	280.5	280.5	280.5	280.5	280.5	280.5	280.5	280.5	280.5	280.5	280.5	280.5	280.5	280.5	280.5	280.5	280.5	280.5	280.5	279.3	276.7	273.7	271.5	271.2	241.8	183.2	145.3	138.2	123.4	103.5	103	99.2	74.2	58.4	54.4	48.5	43.9	41.8	41.3	41.6	46.5	49.8	46	44.9	44	42.1	42.3	39.4	34	32.5	31.5	30	31	30.7	32.2	32.9	36	32.6	31	28.9	24.1	24.8	27.2	27.4	23.6	22	21.2	20.9	21.1	20.3	20.3	19.5	18.7	18.9	21.9	23.9	25.5	29	32.5	36.3	39.1	40.5	42.8	44.2	41.8	39.8	36.6	31.7	26	24.6	24.6	24.9	25.9	27.9	31.4	35.1	38.3	39.7	41.7	42.1	43.7	42.1	42.5	44.6	44	44.5	45.7	43.2	41.6	42.9	44.3	42.7	41.1	38.7	36.7	36	36.4	36.5	35.9	34.8	35.3	36.4	36.3	34.3	33.2	37.3	40	45.9	50.7	54.3	63.4	66.3	64.3	65.5	74.2	97.3	111.6	124.3	123.5	123.4	125.3	126.3	125.2	127.1	128.5	134.4	153.1	197.9	228.1	234.9	249.1	273.3	280.5	280.5	280.5	279.5	276.9	280.5	280.5	280.5	280.5	280.5	280.5	280.5	280.5	280.5	280.5	280.5	277.9	272.1	272.1	275.3	280.5	280.5	280.5	280.5	280.5	280.5
280.5	280.5	280.5	280.5	280.5	280.5	280.5	280.5	280.5	280.5	280.5	280.5	280.5	280.5	280.5	280.5	280.5	280.5	280.5	280.5	280.5	280.5	280.5	280.5	280.5	280.5	280.5	280.5	280.5	280.5	280.5	280.5	280.5	280.5	280.5	280.5	277.7	274.3	271.5	261.6	257.6	232.9	163.5	128.9	126.7	109.1	88.8	86.7	75.5	53.7	49.3	51	47.7	45.1	42.3	41.5	42.2	47.2	49.5	46.9	45.5	44.8	41.9	42.7	39.3	33.7	33.2	32	31.7	31.8	31.4	31.7	31.8	33.4	31.7	30.2	29.3	25	24	25.2	25.1	24.9	22.1	20.9	20.8	21.5	19.6	18.7	18.4	17.4	18.1	20.7	23.7	20.9	20.8	23.6	28.9	34.7	36.2	39.1	40.5	39.5	41.8	42.5	38.6	33	29.3	25.3	25	25.3	25.3	26.7	30.6	34.9	39.1	38.9	36.9	40.3	38.9	38	38.9	40.5	42.4	42.1	41.7	41.8	42.8	41.5	40.4	39.6	35.7	33	32	31.3	31.8	31.5	32.5	34.2	35.6	33	31.4	31.2	32.9	35.8	42.8	47.2	48.1	51.9	58.6	59.2	62.3	62.4	77.9	98.7	116.5	125.6	126.3	126.6	125.3	126.5	126.8	127.6	130.8	139	166	189.2	209.6	229.6	262.7	280.5	280.5	280.5	280.5	280.5	280.5	280.5	280.5	280.5	280.5	280.5	280.5	280.5	280.5	280.5	280.5	280.5	280.5	280.5	280.5	280.5	280.5	280.5	280.5	280.5	280.5
280.5	280.5	280.5	280.5	280.5	280.5	280.5	280.5	280.5	280.5	280.5	280.5	280.5	280.5	280.5	280.5	280.5	280.5	280.5	280.5	280.5	280.5	280.5	280.5	280.5	280.5	280.5	280.5	280.5	280.5	280.5	280.5	280.5	280.5	280.5	279.3	276.7	273.5	261.1	219.7	203.3	174	137.3	142.5	125.5	89.8	90.3	76.1	50.3	44.6	46.3	49.3	48.2	49.3	50	48.2	48.2	47.9	44.5	43.8	46.9	46.7	41.7	38	35.9	33.9	30.6	29.2	30.2	30.3	31.7	31.3	30.5	27.8	29.9	30.2	29.5	28.8	25.2	22	21.7	23.5	22.1	22.3	20.6	20.5	20.4	17.8	17.1	18	17.9	19.3	19.7	19.3	17.9	17.2	17.5	18.1	20.3	22	23.9	27.2	30.2	35.3	39	39.5	37.7	35	33.3	32.4	31.3	29.9	29.8	31.3	36.7	37.8	36	34.7	33.9	34.8	35	35.7	35.9	36.9	37.1	39	38.9	39.2	39.8	36.6	32.7	29.6	26.9	24.8	23.1	21.7	22.6	26	27.1	25.9	24.9	27.2	28.8	32.1	36.5	38	37.9	40.4	43.8	42.4	44.8	48.4	57.2	76.3	87.8	99.8	121.1	126.8	125.1	127.6	128.5	124.5	123.5	127.9	136.9	150.1	176.5	197	213	260.1	280.5	280.5	280.5	280.5	280.5	280.5	280.5	280.5	280.5	280.5	280.5	280.5	280.5	280.5	280.5	280.5	280.5	280.5	280.5	280.5	280.5	280.5	280.5	280.5	279.3
280.5	280.5	280.5	280.5	280.5	280.5	280.5	280.5	280.5	280.5	280.5	280.5	280.5	280.5	280.5	280.5	280.5	280.5	280.5	280.5	280.5	280.5	280.5	280.5	280.5	280.5	280.5	280.5	280.5	280.5	280.5	280.5	279.4	278.5	277.3	275.5	273.6	272.1	252.6	229.4	183.3	158.8	157.2	126.3	92.6	74.9	75.1	66.8	52.9	44.9	43.5	45	47.6	47.5	48.8	51.9	50.4	48.6	42.3	42.1	44.9	47.2	43.8	38	33	33.6	33.2	30	27.9	28	28.9	29.7	28.9	28.3	28.9	28	29.7	31.5	28.9	24.3	21.5	20.5	20.9	22	21.3	22.3	20.1	18	17.1	18.6	19.3	19.2	20.1	20.1	19	18.7	16.8	16.9	16.5	18.1	19.8	22.8	26.8	32.4	34.5	36.1	37.6	37.6	38.1	34.7	32.4	31.4	31.1	32.4	35.2	38.9	38	34.9	35.3	36.1	36.5	38.2	38.1	37.1	38	37.9	37.3	37.6	37.3	34.1	31.3	28.7	26.4	25	24.4	23.5	23.8	25.4	24.6	23.4	24.8	26.5	26.8	29.7	33.1	33.7	34.1	35.9	38.2	38.8	37.2	40.2	44.3	46.9	53.2	66.9	90.6	102.1	109.2	123.8	126.9	126.7	124.9	125.3	130.3	139.9	158	175.5	195.2	224.2	273.3	280.5	280.5	280.5	280.5	280.5	280.5	280.5	280.5	280.5	280.5	280.5	279.3	279.9	280.1	280.5	280.5	280.5	280.5	280.5	280.5	280.5	280.5	280.5	280.5
280.5	280.5	280.5	280.5	280.5	280.5	280.5	280.5	280.5	280.5	280.5	280.5	280.5	280.5	280.5	280.5	280.5	280.5	280.5	280.5	280.5	280.5	280.5	280.5	280.5	280.5	280.5	280.5	280.5	280.5	280.5	280.5	278.7	277.4	276.3	274.2	272.2	269.5	207.8	165.1	150.7	136.8	112.1	88.5	71.9	66.3	58.2	50.4	46	44.4	44.1	44.5	44.7	47.4	48.1	50	50.6	44.1	40.3	39.6	41.9	43.2	38.9	35	32.8	31.4	29.7	28.3	25.9	24.4	25.7	25.4	24.7	26.9	28	28.1	30.1	30.7	29.1	26.1	27.1	26.9	24.7	23.4	20.1	19.3	19.3	18.3	17.7	17.2	17.4	18	18.5	18.7	18.8	18.6	18.1	17.3	16.7	17.5	19.1	20.7	21.8	23.5	24.3	24.2	27.5	31.5	33.7	33.9	33.3	31.8	32.1	34	36.9	36.7	36.1	35.2	34.7	34.9	37.1	36.6	35.3	35.4	35.8	36.2	35.3	36.1	38	37.3	34.8	32.3	33	30.6	28	25.8	26.6	26.7	25.4	23.7	23.6	23.1	24.6	27.4	27	31.3	33.6	35	36.2	35.7	37.4	39	38.4	40.2	44.9	52.3	59.6	74.6	92.9	113.2	126.5	123	124.8	127.8	130.7	150.5	162.7	164.5	181.2	247.2	278.4	280.5	280.5	280.5	280.5	280.5	280.5	280.5	280.5	280.5	280.5	280.5	280.5	280.5	280.1	278.5	280.5	280.5	280.5	280.5	280.5	280.5	280.5	280.5	280.5
280.5	280.5	280.5	280.5	280.5	280.5	280.5	280.5	280.5	280.5	280.5	280.5	280.5	280.5	280.5	280.5	280.5	280.5	280.5	280.5	280.5	280.5	280.5	280.5	280.5	280.5	280.5	280.5	280.5	280.5	280.5	280.5	277.2	275.1	273.5	271	269.2	265.5	200.3	152.1	139.7	126.1	106.8	82	61	55	57.5	48.8	42.9	45.7	43.1	43.3	43	44.1	46.9	47	48.2	42.7	38.9	37	37.9	40.6	38.2	34.3	33	30.4	29.5	28.3	26.2	24.2	23.8	24.6	23.8	25.3	26.5	28.1	28.8	29.1	29.9	27.5	27.1	29.1	26.5	25.7	23.4	22	19.6	19.3	19	18	18.3	18.6	19.5	19.4	17.7	16.9	18.7	17.5	17.3	18.5	17.7	20	21.4	22.1	22.9	23.5	25.2	28.9	31	33.1	33.3	32	31.9	32.7	33.9	32.3	33.7	33.2	32.9	34.5	37.3	35.5	32.9	31.7	32.5	35.2	37	37.7	36.2	34.9	34	32.6	33.8	32.8	30.9	29.4	27.6	27.6	25.8	24.8	23.8	22.5	23.9	26.2	29.1	33.7	35	35.1	35.3	35.5	35.4	37.8	36.6	37	41.9	50.8	60.7	68.9	79.7	90	96.8	106.6	118.1	123.6	127.3	142.1	171.3	181.8	186.5	238.6	266.4	276.4	280.5	280.5	280.5	280.5	280.5	280.5	280.5	280.5	280.5	280.5	280.5	280.5	280.5	280.5	280.5	280.5	280.5	280.5	280.5	280.5	280.5	280.5	280.5
280.5	280.5	280.5	280.5	280.5	280.5	280.5	280.5	280.5	280.5	280.5	280.5	280.5	280.5	280.5	280.5	280.5	280.5	280.5	280.5	280.5	280.5	280.5	280.5	280.5	280.5	280.5	280.5	280.5	280.5	280.5	280.5	276	273.6	272.1	263.3	257.4	218	154.6	142.2	130.4	122.3	103.5	80.2	64.6	54.3	54	52	47.3	49	45.7	43.9	40.5	37.1	38.5	40.5	40.5	40.3	37.2	36.3	37.2	38.7	36.9	30.6	29	27.9	28	29.3	30.7	27.7	22.1	22.9	23.7	24.6	25.5	24.7	23.7	26.9	28.9	26.1	26.7	29.2	26	24.3	23.5	23.7	21.3	19.4	18.5	19.7	19.9	18.6	18.1	16.7	14.4	15	15.7	16	16.5	14.4	14.4	19.1	19.3	16.8	17.7	17.4	19.8	21.3	23.5	28.9	31.5	33.1	31.9	31.7	32.2	29.7	28.9	26.9	27.9	29.3	32.1	34.1	33.7	31.8	31.5	33.1	35	34.6	31	29.1	27.7	26.4	27.4	29.1	29.5	30.3	30.1	29.2	27.7	27.1	26.6	26.8	29.3	31.1	35.2	36	34.3	34	32.8	34.1	32.6	34	32.9	33.9	41.2	46.9	57.3	67.2	71.4	83.1	90.1	93.1	108.4	120	128.5	131.4	146.1	175.1	180.2	180.1	227.5	271.7	280.5	280.5	280.5	280.5	280.5	280.5	280.5	280.5	280.5	280.5	280.5	280.5	280.5	280.5	280.5	280.5	280.5	280.5	280.5	280.5	280.5	280.5	280.5
280.5	280.5	280.5	280.5	280.5	280.5	280.5	280.5	280.5	280.5	280.5	280.5	280.5	280.5	280.5	280.5	280.5	280.5	280.5	280.5	280.5	280.5	280.5	280.5	280.5	280.5	280.5	280.5	280.5	280.5	280.1	277.5	273.9	271.6	265.1	256.9	248.5	203.1	148.1	138	130.4	113	89.9	74.8	67.3	57.2	53	52.5	48.4	47.1	46.3	43.6	41	39.7	37	36.7	38.1	39.3	37.2	38.3	39.2	37.9	35.4	31.2	28.9	28.8	27.8	27.6	29.3	29.6	25.1	22.4	23.1	23.3	24.3	24.7	22.5	24.5	29.3	27.2	24.8	27.1	25.7	24.3	22.9	23.2	22.6	21.2	20	20.2	21.6	20.3	18.9	17.8	15.1	16.1	16.9	16.8	17.1	16.2	15.6	19.7	19.3	16.5	17.6	16.7	18.7	19.5	19.9	22.3	28.3	32.3	32.2	32.9	33.3	31.7	29.3	27.7	27.6	29	31.6	32.9	33.7	35	34.9	34.7	35.9	34.2	31.6	30.5	29.8	28.6	27.8	26.5	26.6	27.2	28.5	28.8	28.7	28	27.2	26.8	27.9	29.5	32.9	32.4	32.7	32.3	30	33	31.5	32.4	33.2	34.1	37.7	38.9	43.9	53.9	57.3	71.5	87.5	86.9	90.8	107.5	124	130	133.7	151.6	163.1	164.3	207.1	263.5	272.8	280.5	280.5	280.5	280.5	280.5	280.5	280.5	280.5	280.5	280.5	280.5	280.5	280.5	280.5	280.5	280.5	280.5	280.5	280.5	280.5	280.5	280.5
280.5	280.5	280.5	280.5	280.5	280.5	280.5	280.5	280.5	280.5	280.5	280.5	280.5	280.5	280.5	280.5	280.5	280.5	280.5	280.5	280.5	280.5	280.5	280.5	280.5	280.5	280.5	280.5	280.5	279.9	278.5	276.3	271.2	256.2	246.9	247	243.1	205.4	142.3	129.9	128.3	110.2	93.7	79.2	68.7	61.9	59.6	58.5	55.6	54.3	50.7	46.8	45.5	45.4	41.8	38.9	37.5	36.2	35.4	35.7	33.9	31	29.2	27.2	27.6	28.5	27	25	24.8	25.6	26.3	24.9	26.1	22.9	23.3	25.3	22.9	23.7	27.3	27.5	22.9	24	24.1	23.2	21.6	20.6	23.8	23.7	22.4	23.3	21.9	21.2	20	18.4	16.9	17.6	20.1	21.1	19.1	17.9	19	20.8	18	18	19.3	21.8	23.9	25.7	25.5	23.8	26.9	28.8	30.8	32.7	32.5	30.6	29.1	27.3	29.1	29.6	31.1	32.5	32.7	36.3	39.3	39.3	38.2	37.7	35.9	35.7	33.8	33.7	30.7	29.7	29.9	29.2	26.7	27.7	28.7	28.6	29.2	29.6	28	28.8	30.6	29.5	30.1	26.6	28.5	31.8	31	33	33.6	33.9	35.1	37.7	41.1	45.8	49.5	54.1	67.6	83.4	86.5	98.2	116.8	125.3	125.3	125.2	128.1	138.1	165.4	203.5	232.7	277	280.5	280.5	280.5	280.5	280.5	280.5	280.5	280.5	280.5	280.5	280.5	280.5	280.5	280.5	280.5	280.5	280.5	280.5	280.5	280.5	280.5
280.5	280.5	280.5	280.5	280.5	280.5	280.5	280.5	280.5	280.5	280.5	280.5	280.5	280.5	280.5	280.5	280.5	280.5	280.5	280.5	280.5	280.5	280.5	280.5	280.5	280.5	279.5	278.7	275.7	275.7	275.3	273.5	265.4	250.7	245.6	246.2	227.7	160	121.6	103.5	96.4	85.3	79	73.5	64.9	62.9	59.2	56.6	54.7	53.1	49.5	47.5	47.7	46.3	46.2	41.6	39.6	36.5	33	34.6	32.4	29.8	28.6	26.2	25.8	27.1	25.7	22.9	21.7	24.4	26.4	27	25.6	22.9	22.7	25.3	24.7	24.3	25.9	27.4	25.3	22	24.1	25.8	23.1	20.4	21.8	24.1	23.9	23	23.7	22.3	21.3	20.3	18.1	20.3	24.3	25.3	23.3	20.7	21.3	20.3	21	22.4	23.8	27.5	29.6	30.1	29.6	27.7	27.7	29.7	30.9	32.7	33.5	32.5	30.6	30.1	31	31.8	31.7	29.7	30.7	32.5	35.9	39.2	38.7	39	39.2	39.7	36.7	34.8	32.4	31.7	30.7	30.3	29.1	28.2	28.2	28.1	29	29.1	29.4	31	30.3	29.6	28.9	27.3	30.1	29.6	30.9	32.6	32	31.9	33	35.6	40	43.3	46.3	51.8	59.7	71.7	87.6	94.4	109.7	120.6	123	124.3	127.7	135.5	155	185.1	235.7	270.2	280.5	280.5	280.5	280.5	280.5	280.5	280.5	280.5	280.5	280.5	280.5	280.5	280.5	280.5	280.5	279.5	280.1	280.5	280.5	280.5	280.5
280.5	280.5	280.5	280.5	280.5	280.5	280.5	280.5	280.5	280.5	280.5	280.5	280.5	280.5	280.5	280.5	280.5	280.5	280.5	280.5	280.5	280.5	278.1	273.9	272.5	271.3	270.7	268.1	263.6	261.9	259.1	252.4	246.4	245.7	245.2	242.6	187.7	130.5	112.1	86.4	73.7	68.4	66.6	63	61.8	60.6	56.9	53.4	51.3	50.2	48.1	45.6	45.5	45.9	43.3	42.1	40.9	36.4	35.6	34.4	31.4	30.1	28	26.5	28.2	26.7	25.1	23.3	21.8	21.7	20.9	23.3	24.7	23.3	24.1	26.1	23.7	24.2	27.2	27.4	26.2	23.3	23.7	24.3	22.9	21.2	20.7	22.4	23.9	25.2	27.1	26.6	25.3	22.3	20.3	21.3	25.5	26.5	24.7	23.1	22.7	23.1	25.4	29.2	30.1	31.7	32	31.9	31.4	30.7	28.1	28.1	30.2	31.8	32.5	34.9	36.4	36.9	35.7	33.9	31.8	29.4	28.5	29.7	32.5	32.9	32.1	34.9	35.5	35.5	36.3	36	35.4	32.7	31.5	30.4	28.6	26.6	26.9	26.1	26.4	25.2	26	27.4	26.6	28.7	28.4	28.5	28.6	29.7	30.8	31.2	30.9	32.2	33.6	34.4	37.1	41.4	43.7	46.2	54.9	60.5	72.8	96	104.6	113.5	119.4	123.5	125.9	129.9	137	147.2	189.6	263.5	278.2	280.5	280.5	280.5	280.5	280.5	280.5	280.5	280.5	280.5	280.5	280.5	280.5	280.5	279.7	278.1	280.5	280.5	280.5	278.5	280.5
280.5	280.5	280.5	280.5	280.5	280.5	280.5	280.5	280.5	280.5	280.5	280.5	280.5	280.5	280.5	280.5	280.5	280.5	280.5	280.5	280.5	278.5	275.1	280.5	278.1	272.5	268.5	266.3	264.2	260.5	254.9	249	245.6	243.7	242.8	242.2	181.6	126.5	109.9	87	72.4	67.5	61.9	59.6	58.9	58.7	56.2	54.1	51.4	49.7	48.7	45.8	44.2	44.4	45.6	41.3	40.2	39.2	38.6	36.9	34	31.2	29.9	27.9	28.9	30.1	27.5	25.6	24.5	23	21.3	20.1	23.4	24.5	23.9	25.5	25.8	24.4	24.6	26.7	27.2	26.8	24.4	22.1	25.1	26	23.5	23.4	25.3	27.4	28.4	29.3	28.7	28.3	25.4	23.5	25.7	26.5	29.3	28.5	26.1	28	28.1	30.2	31.6	33.2	32.3	30.2	31.2	31	27.7	27.4	30.1	29.4	30.4	34.6	35.8	37.4	38.1	35.1	31.5	30	29.8	30.2	32.9	32.1	31.3	31.7	33.9	34.5	33.4	35	35.9	34	34.6	33.5	29.7	27.7	27.2	26.4	24.3	24.4	23.9	25.1	26.5	28.4	29.8	29	28.8	30.5	31	29.6	30.4	32.7	32.6	32.9	34.9	39.8	44	45.2	46.1	47.4	51.4	70.7	92.9	93.9	104	116	125.6	126.5	126.7	135.7	169.4	247	266.3	273.5	279.1	280.5	280.5	280.5	280.5	280.5	280.5	280.5	280.5	280.5	280.5	280.5	280.5	280.5	280.5	280.5	280.5	280.5	280.5
280.5	280.5	280.5	280.5	280.5	280.5	280.5	280.5	280.5	280.5	280.5	280.5	280.5	280.5	280.5	280.5	280.5	280.5	280.5	280.5	275.7	269.3	275.7	275.3	270.7	269.3	272.3	271.9	263.4	252	247.7	247	245.5	224.4	210.6	190.2	141.1	117.8	102	87.6	74.1	68.2	65.9	65.3	65.4	62.3	59.6	57.7	54.7	51.2	48	46.6	41.8	38.3	37	37.5	36.4	32.8	35.7	35.6	33.4	31.2	30.8	32.6	33.2	30	26.7	27	23.4	22.3	21.9	20.5	21.3	21.1	21.9	25.5	27.2	26.5	27.5	28.9	29	24.9	24.3	22.7	24.8	25.3	24.4	22.7	25.1	29.4	29.5	28.7	29.9	28.9	26	23.2	25.5	30.1	30.4	29.3	27.9	28.8	29.9	29.8	32.3	31.1	29.2	27.9	28.1	27.3	25	25.3	27.5	27.7	28.4	31.3	33.5	33.6	36.9	37	33.9	31.2	30.8	30.3	30.9	31.9	31.9	31.1	31.9	31.4	29.2	27.9	28.2	29.2	29.6	29.5	28.5	26.6	27.2	25.7	25.7	26.4	25.7	25.7	26.4	28.8	26.8	27.5	30.8	31.2	29.7	29.3	29.7	30.7	30.2	31.4	35.9	37.6	36.3	40.2	44.4	46.2	48.9	59.2	71.8	82.7	99	116	125.1	125.2	125.1	135.5	150.4	206.2	265.9	275.2	280.5	280.5	280.5	280.5	280.5	280.5	280.5	280.5	280.5	280.5	280.5	280.5	280.5	280.5	279.7	278.7	280.5	280.5	280.5
280.5	280.5	280.5	280.5	280.5	280.5	280.5	280.5	280.5	280.5	280.5	280.5	280.5	280.5	280.5	280.5	280.5	280.5	280.5	280.5	275.7	275.3	274.9	269.7	269.1	269.7	272.3	267.4	258.6	248.7	245.4	244.5	217.3	196.4	188.8	175.1	133.2	115.6	103.7	88.6	73.2	67.3	61.3	61.7	64.8	62.9	60.6	57.5	52.4	49.9	47.6	47.6	43.8	37.7	36.3	36.3	37.6	33.7	33.7	34.6	33.5	31.7	30.2	31.2	32.2	31.1	28.5	26.8	23.3	22.9	23.7	22.3	22.5	21.9	21.3	25.2	27.8	28.3	28.5	30.2	31.2	29.4	26.8	26.9	27.9	28.5	28	25.6	26.2	30.1	33.2	31.3	31.7	31.5	29.1	28.7	28.3	32.1	32.4	33.5	35.8	32.3	30.6	31.8	35.5	34.7	33.3	32.2	29.5	29.7	28.3	27.8	28.1	29.5	28.7	29.7	32.9	32.6	34.7	37.3	35.5	32.6	32.3	32.4	32.8	31.7	31.5	29.9	28.5	28.1	29.5	28.4	26.9	28.4	28	27.7	27.1	26.3	26.8	26.5	26.1	26.4	26.2	26.3	26.9	29.5	26.8	27.1	29.3	29	29.2	28.6	28	28.9	29.5	32.4	37.1	35.8	32.3	35.5	37.1	40.8	47.2	53.4	59.1	67.7	78.5	102.4	118.6	125.8	131.7	136.7	145	184	253	264.9	274.9	280.5	280.5	280.5	280.5	280.5	280.5	280.5	280.5	280.5	275.1	275.9	275.7	275.1	277.3	278.3	279.9	280.5	280.5
280.5	280.5	280.5	280.5	280.5	280.5	280.5	280.5	280.5	280.5	280.5	280.5	280.5	280.5	280.5	280.5	280.5	280.5	273.9	269.9	276.5	279.1	275.7	272.9	269.7	264.9	256.9	248	242.9	241.8	242.2	210.8	171.8	141.6	131.8	124.5	120	112.5	93.8	82.9	75.2	67.1	60.8	58.9	61.6	63.2	58.4	54.9	50.1	47.4	47	47.3	43.9	40.1	37.6	37.2	38.5	39.2	37.6	34.8	34.4	31.3	29.4	29.6	30.2	31.7	31.2	28.1	25.7	27.7	27.7	26.2	25.5	24.7	22.8	26	29.9	30.9	32.1	33.3	34.1	33	29.5	28.7	28.5	29.3	30.1	27.3	27.4	31.8	34.2	32.9	33.5	33.3	31.3	29.9	28.8	32.9	32.6	33.8	35.9	33.4	32.2	33.8	34.3	33.4	34.4	34.6	31.3	33.1	32.7	30.2	30.5	31.9	32.5	29.6	30.3	29.4	32.9	36.4	35.6	35.7	35.4	34	32.2	28.9	28.7	28.5	28.3	27.5	27.3	26.1	25.3	25.2	26.5	27.5	27.6	27.9	28.5	27.8	27.4	26.8	26.6	27.3	26.5	26.8	28.5	30.6	29.6	28.4	26.6	27.2	28.1	29.5	32.2	35.3	34.5	33.3	33.7	35.4	35.9	37.7	41.3	45.4	47	49.6	55.5	80.3	107.9	126	130.7	135.5	145.9	156.6	205.4	263	272.1	280.5	280.5	280.5	280.5	280.5	278.3	279.9	280.5	280.5	277.3	276.9	278.3	278.5	280.5	280.5	279.7	279.5	280.5
280.5	280.5	280.5	280.5	280.5	280.5	280.5	280.5	280.5	280.5	280.5	280.5	280.5	280.5	280.5	280.5	280.5	280.5	272.1	269.7	274.3	278.1	276.7	272.1	264.9	258.9	252.8	245	241.1	240.1	239.9	219.5	179.7	139.6	129.1	121	109.5	96.3	82.6	78.2	76.8	66.9	60.3	57	58.4	61.4	57.9	53.4	49.8	46.3	45.7	44.7	43.5	40.3	39.3	37.6	37.4	38.8	38.5	36.9	34.4	33	29.8	29.8	29.5	30	30.9	31.3	29.7	29.5	29.5	29.3	28.5	28.5	27.1	28.8	32.9	33.8	36.2	34.8	37.6	38.2	35.1	31.8	31.6	31.9	32.2	31.5	28.6	31.8	37.8	36.6	37.1	37.7	34.3	32.2	32.9	33.3	34.7	34.1	33.4	35.3	36.6	35.8	36	36.4	35.2	35.5	34.6	35	34.2	32.9	30.6	33.5	35.3	34.1	32.1	31.1	32.7	35.3	37.3	38.9	38	35.7	33.8	31.6	29.9	29.5	30.1	29.1	28.1	26.5	25.7	25.7	24.9	25.8	26	27.1	28.1	28.1	28.2	26.9	26.8	27.8	26.6	26.7	30.4	31.9	30.6	29.4	28.1	28.5	28	29.6	30.8	32.8	33.6	34.3	34.8	34.4	35.6	36.3	38.7	42.5	46.3	47.4	50.1	65	90.1	123.3	129.6	134.9	147	156.3	189.2	256.5	265.3	275.5	279.9	280.5	280.5	277.1	276.5	280.5	280.5	280.5	280.5	280.5	280.5	280.5	280.5	280.5	280.5	280.5	280.5
280.5	280.5	280.5	280.5	280.5	280.5	280.5	280.5	280.5	280.5	280.5	280.5	280.5	280.5	280.5	280.5	280.5	276.3	268.7	264.9	266.7	265.7	260.1	257.7	255.7	251.6	248.5	244.8	241.2	240.4	240.1	225.2	160.3	136.6	122.7	109.8	95.7	87.1	79.2	77.6	71.8	63.2	58.2	57.7	58.2	56.8	52	49.6	49.1	46.2	41.1	38.7	37.9	36.9	37.9	39.4	40.8	45.5	43.6	39.2	39.4	37.3	33.8	34.8	34.2	33	33.5	33.9	34.9	33.9	32.3	32.5	30.7	30.1	31.5	31.2	32.9	36.4	37.1	33.7	37.8	39.8	36.9	35.2	34.8	33.3	34.3	35	32.4	35.8	40.6	38.6	38.2	38	36.3	33.7	34.9	36.1	36	33.2	31.5	33.3	35.8	36.1	36.6	36.4	35.8	33.9	34.1	35.2	31.9	31.5	30.6	33	35.5	35.1	35.9	34.9	37	34.9	32.3	33.5	35.4	35.1	34.4	32.2	29.6	27.1	27.5	28.3	25.7	25.2	25.9	24.5	24.7	24.6	23.2	23.3	24.9	26.3	26.7	27	27	27.6	28.3	27.6	28.1	28.1	28.2	27.6	28.1	28.8	28.6	28.7	28.8	31.9	35.3	34.3	34.9	36.8	36.4	34	36.3	40.7	44.1	46.7	49.5	55.3	74.8	106	121.4	131.8	136.7	157.3	190.8	239.7	263.8	272.8	280.5	280.5	280.5	279.9	279.7	280.5	280.5	280.5	280.5	280.5	280.5	280.5	280.5	280.5	280.5	280.5	280.5
280.5	280.5	280.5	280.5	280.5	280.5	280.5	280.5	280.5	280.5	280.5	280.5	280.5	280.5	280.5	280.5	280.5	280.5	270.9	262.5	263.5	263.9	260.1	255.9	253.4	249.5	248.6	243.6	240.9	241.6	238.6	212.9	150.3	131.2	110.4	95.5	90.7	79.6	75.6	68.1	61.6	57.1	54.7	55.4	56.1	53.6	49.3	46.5	47.1	45.6	42.8	39.6	37.8	35.8	36.8	39	40	44.3	47.1	42.5	39.5	37.3	34.5	35.2	34.8	33.3	33.1	35.5	37.4	37.7	36.5	35.3	35.3	34.9	36.4	36.3	35.9	40.1	41.2	38.1	38	44.1	44.1	42.2	41.2	38.6	39.2	40.6	37	40.1	47	44.7	41.3	41.9	41.4	36.5	35.3	40.7	42.5	37.8	36.3	34.6	36	35.6	36.4	39.5	38.2	38.5	38.1	36.7	35.7	34.5	33.6	36.8	37.7	38.5	39.9	38.7	40.9	38.4	34.9	33.4	36.3	38.4	37.8	35.2	33.3	31.7	31	30.4	27.2	25.3	24.8	24.8	24.8	24.5	23.6	24.1	24.5	25.1	25.5	26.9	27.3	27.4	27.7	26.8	27.8	27.6	25.6	25.4	26	27.3	27.9	29	29.1	31.3	33.8	32.9	33.6	34.8	33.6	32.8	35.9	37.7	39.4	42.8	46.5	49.3	59.2	88.7	112	129.7	133.2	149.1	175.9	230.8	260.8	265.8	274.8	280.5	280.5	280.5	280.5	280.5	280.5	280.5	280.5	280.5	280.5	280.5	280.5	280.5	280.5	280.5	277.7
280.5	280.5	280.5	280.5	280.5	280.5	280.5	280.5	280.5	280.5	280.5	280.5	280.5	280.5	280.5	280.5	280.5	276.7	265.7	260.1	262.9	260.1	257.1	256.9	251.3	249	243.8	239.1	239.2	232.5	195	163	128.6	111.3	99.2	91	79.7	70.5	64.1	59.1	55	55.2	55	52.5	48.8	48.6	47.2	43.6	41.2	40.2	40.4	40.4	37.7	34.9	33.9	34.3	37.5	43.6	42.3	37.4	35.4	34.1	32	33.6	33.1	31.1	30.2	32	34	33.3	33.6	37.7	39.7	38.1	38.1	38.9	41.1	43.8	42.4	37.9	39.5	45.7	46.1	45.4	44.8	41	39.4	39.6	40.3	43.8	49.6	48.4	43.1	42.9	42.2	38.9	38.3	41.9	44.2	40.6	39.4	37.9	38.6	37.7	39.2	44.6	45.1	44.6	43.5	40.9	39.5	39.3	38.5	36.8	37.3	38.3	40.7	42.9	41.5	39.2	36.6	36.8	37.6	38	38.1	37.4	36.5	34.5	33.3	34	32.2	29.9	28.8	27.2	25.9	25.3	24.2	24.6	23.5	22.5	22.9	24	24.8	25	25.4	26.1	26	26.4	26.7	27.2	27	28.1	28.3	28.8	30	30.8	33.4	35.5	34.4	32	29.6	30.2	31.6	32.3	34.1	38.5	39.2	42.5	51.1	67	84	107.1	123.9	138.7	160.5	233.8	260.1	264.2	272	280.5	280.5	280.5	280.5	280.5	280.5	280.5	280.5	280.5	280.5	280.5	280.5	280.5	280.5	280.5	279.9
280.5	280.5	280.5	280.5	280.5	280.5	280.5	280.5	280.5	280.5	280.5	280.5	280.5	280.5	280.5	280.5	280.5	274.9	265.7	263.7	262.3	256.7	255.5	256.7	247.6	244.7	241.1	237.2	236.7	230.9	180.5	145.7	120	96.7	83.5	70.5	59.7	53.3	52.7	53.1	51.5	51.7	53.3	51.1	46.7	44.7	44.2	42.7	38.5	37.4	38.6	38.9	37.8	34.3	32.2	35	37.1	41.8	40.8	37.3	35.6	34.5	32.7	34.3	33.1	33.1	34.1	35.9	39.1	38	38.2	43.1	48.1	44.3	43.1	44.1	46.5	50.6	51.7	49.1	45.3	50.7	51.5	51.7	49.8	45.8	45.5	44.4	43.7	46.5	50.4	47	43.9	46.9	47.5	43.9	44.4	45.9	47	43.9	44.8	45.2	44	46.3	48.8	49.1	48.6	49.4	48.8	44.9	42.5	42.5	43.9	44.8	43.1	41.9	42.3	43.1	44.1	41.4	42.3	42.1	42.8	43.4	41.7	40.1	39	36.7	35.7	36.5	34.9	33.1	30.3	28.4	26.6	25.5	25.5	24.7	24.2	23.5	22.8	24.2	24	24.5	24.7	25.2	25.8	26.2	26.9	26.4	26.6	27.2	27.2	28.8	29.4	29.2	32.5	35.9	34	31.3	28.6	27.6	29.1	30	31.4	33.8	35.2	39.3	44.9	53.5	75.3	95.5	114.1	132.4	158.2	230.2	258.8	260.1	264.6	274.8	280.5	280.5	280.5	280.5	280.5	280.5	280.5	280.5	273.5	273.7	276.9	280.5	280.5	280.5	280.5
280.5	280.5	280.5	280.5	280.5	280.5	280.5	280.5	280.5	280.5	280.5	280.5	280.5	280.5	280.5	280.5	272.1	263.7	268.3	262.3	251.9	251.3	251.3	247.5	244	241.2	238.8	238.4	238.2	186.4	142.9	119.6	102.9	88.9	79.4	63.1	52	49.8	50.9	49	46.5	47.5	49	48.6	47.1	44.1	40.1	41	40	40.2	38.8	35.9	34.1	33	32.4	35.7	40.9	40.4	38.3	38	36	32.7	34.4	35.1	33.3	34	36.3	41.3	41	39.3	41.5	46.6	46	43.5	46.1	46.2	48.7	54.3	54.3	49.1	49.5	55.9	57.9	56.2	52	48	47.6	44.2	43.7	50.4	55.2	51	49.6	50.6	53.1	47.4	45.1	46.1	48.2	49.9	51.2	48.5	46.3	49.6	51.8	53.2	52.4	51	52.3	50	47.5	48	49.3	51.1	49.2	49.1	46.6	46.9	45.4	43	43.3	41.5	38.7	41.4	44.9	41.6	39.8	41.1	38.3	37.5	35.3	33.7	32.7	30.7	28.2	25.9	25.3	24	23.2	22.5	22.3	22.3	22.8	22.3	22.3	25.2	25.6	25.8	25	26	25.4	25.8	27.3	27.8	29.2	29.2	31.5	30.4	29.3	27.8	26.2	24	26.1	28.2	31.7	33.5	33.1	37.2	42.4	47.9	67.3	92.4	111.4	133.9	160.4	225.4	258.7	259.8	263.5	273.4	280.5	280.5	280.5	280.5	280.5	280.5	280.5	280.5	276.3	276.7	278.3	280.5	280.5	280.5	280.5
280.5	280.5	278.1	278.7	280.5	280.5	280.5	280.5	280.5	280.5	280.5	280.5	280.5	280.5	280.5	280.5	270.1	262.3	267.7	260.9	251.3	250.7	247.2	245.8	244.6	240.1	237.5	239.3	233	183.4	143.1	110.2	84.8	69.6	67.7	60.4	54	50.3	46.4	43.5	44.7	45.5	46.2	47.1	47.2	44.8	42	41	40.1	39.5	38.6	36.1	34.4	33.4	32.7	34.5	38.8	41	37.4	36.7	36.9	34.3	35.6	37.9	37.7	40.3	42	47.5	47.9	44.6	47.5	50.3	51.2	49.8	53.4	52.9	51.1	55.4	58.5	56.1	54.7	57.8	62.2	63.7	59.8	52.2	51.1	50	48.4	50.8	58.8	59.8	55.6	55.4	57.5	54.1	48.5	46.5	50.3	53.9	54.1	52.2	51.6	52.5	53.3	54.5	56.4	54.4	53.6	54.9	54.5	55.1	53.3	55.1	56.4	55.3	52.8	52.7	52.7	49.4	48.4	48.1	46.3	45.6	47.5	47.5	44.1	44.3	42.3	40.7	38.1	36.3	36.4	34.3	30.5	27.5	25.3	23.9	23.6	23.6	23.1	21.7	21.8	21.7	23.7	24.4	24	25.6	24.9	24	24.4	24.8	26.7	27.8	28.7	28.9	29.4	28.5	27.9	27.7	26.8	25.7	26.8	27	30.5	28.8	32	36.3	39.7	44.8	56.9	78.4	108.1	135.9	160	215	258.1	258.7	260	265.8	277.5	280.5	280.5	280.5	278.1	273.9	275.5	280.5	280.5	280.5	280.5	280.5	280.5	280.5	280.5
280.5	280.5	277.9	279.9	280.5	280.5	280.5	280.5	280.5	280.5	280.5	280.5	280.5	280.5	279.9	267.1	259.3	260.7	258.1	252.5	251.5	249.6	250	249	243.7	239.1	241	239.9	234.7	183.6	129.1	95.7	72.2	65.2	62.4	58.8	54.8	50.1	45.8	42.8	42.5	44	44	43.7	42.4	43.4	41.8	39.2	37	34.6	33	33.8	33.6	33.5	34.9	36.4	40.5	40.5	36.2	37.1	35.9	37.5	37.8	37.1	40.2	44.5	48.7	52.6	49.3	48.7	53.3	53.7	52.2	52.6	56.3	55.3	58.9	62.3	64.2	59.3	58.7	58	60.4	66.7	61.6	55.1	55	52.4	49.4	51.2	60.2	63.9	61	60.4	62.1	59	49.7	49.9	53.1	51.9	52.8	53.9	54.9	57.3	56.6	54.8	57.4	55	53.8	56.1	57.6	56.3	54.7	56.5	57.8	59.5	58.5	55.3	56.5	54	49.4	49.5	50.6	51.2	49.9	48.7	47.1	43.9	44.3	43.3	41.1	39.3	39.1	37.9	33.2	31.6	28.5	26.5	25	23.8	24.3	23.3	24.1	24.8	25.2	25.9	24	23.7	25.5	25.9	26.5	28	30.4	30.3	30	27.9	26.8	26.8	27.4	27.2	26.9	27.5	27.5	27.2	25.3	25.3	29.7	34.2	40.1	44.9	53.7	66.2	89	124.7	150.1	189.6	253.7	258.5	259.4	263.8	275.6	280.5	280.5	280.5	276.9	273.5	274.1	280.5	280.5	280.5	280.5	280.1	277.1	277.1	277.7
280.5	280.5	280.5	280.5	280.5	280.5	280.5	280.5	280.5	280.5	280.5	280.5	280.5	280.5	279.5	267.9	259.9	259.7	256.7	253.3	253.6	248.5	248.8	247.8	241.2	238.2	240.1	238.9	235.6	190.6	123.2	92.5	71.3	65.6	63.6	57.5	51.5	47.7	44	43.1	41.1	41.8	42.4	40.8	39.2	39.2	41.2	39.5	37.9	34.3	32.8	33.4	35.5	35.5	35.4	35.8	40.2	42.8	38.8	38.9	39	40.6	43.3	45.4	48.5	51.4	54.4	58.2	54.3	54.5	60.1	60.5	60.7	58.3	58.9	58.9	62.7	67.2	70.1	65.5	62.6	63	62.8	68.1	66.9	60.9	59.2	57.8	55.3	54.7	59.6	67.9	67.4	65.4	63.7	64.5	57.1	51.8	53.1	53.8	53.6	56.2	58.3	60.5	60.4	58.2	57.3	57.1	56.6	58.9	59.6	59.6	57.1	58.4	60.2	61.2	61.4	58.5	59.3	57.4	53	50.9	50.3	51	50.6	50.4	49.1	47.8	47.6	47	46.1	44.1	42.3	42.3	40.3	35.3	32.6	30.1	27.7	25	24.9	24.9	24.7	24.5	25.8	26.1	24.3	24.2	25.3	25.7	26.5	28	30.6	31	29.3	28.5	26.9	26.2	27.3	28.4	29.4	27.8	27	25.6	24.5	24.7	26.1	32	38	40.5	46	49.9	56.1	82.1	116.9	171.7	226.7	257.6	258.1	259.4	266.2	278.1	280.5	280.5	280.5	280.5	280.5	280.5	280.5	280.5	280.5	280.5	273.9	270.9	274.5
280.5	280.5	280.5	280.5	280.5	280.5	280.5	280.5	280.5	280.5	280.5	280.5	280.5	280.5	274.5	264.5	257.9	252.9	252.9	258.3	256.7	249.8	249.1	241.8	238.4	237.7	236	234.5	233.6	190.7	128	98.4	74.6	62.5	56.2	51.2	47.9	42.8	42.1	43.3	44.7	44.9	42.3	39.6	37	34.4	35.5	34.3	33.4	33.5	34.1	34.9	35.8	35.1	36	37.2	40.4	41	39	40.2	43.5	45.2	45.9	50.2	54.5	58.3	60.9	59.9	55.3	56.1	61.7	63.3	61.3	57.7	58.3	59.5	63.3	68.1	68.3	63.1	63.9	65.3	66.1	71.4	69.7	65.5	64.3	60	56	57.3	60.7	67.2	68.6	68.7	66.5	66.9	64.4	57.1	56.4	57.9	55.7	55.8	58.6	60	62.8	61.1	60.6	60.5	59.8	59.1	59.9	61.7	61.3	64.1	70.1	66.1	65	65.9	63.3	60.5	57.8	56.9	54.3	51.1	48.7	49.5	49.6	49	48.6	48.5	47.7	45.3	43.4	40.3	38.3	34.3	32.6	30.5	28.9	28	26.8	26.7	25.6	25.9	26.6	26.1	25.2	24.9	24.6	26.8	27.2	28.9	28.6	28.3	28	27.7	27.7	27	28.7	30.7	30.2	29.4	26.3	25.1	24.8	25.9	28.5	32.1	35.9	40.8	43.2	43.5	50	63.1	88.7	129.4	153.6	224.4	257.7	258.3	260.5	269.3	279.9	280.5	280.5	280.5	280.5	280.5	280.5	280.5	280.5	280.5	277.1	272.9	278.5
280.5	280.5	280.5	280.5	280.5	280.5	280.5	280.5	280.5	280.5	280.5	280.5	280.5	280.5	276.9	265.7	257.3	251.3	252.7	259.3	255	247.3	245	237.1	234.1	232.4	231.6	231.6	230.3	197.2	135.2	94.2	74.5	61.9	52.5	47.6	45.8	42.4	43.1	42.4	42.3	42.8	42.4	40.1	38.1	35.7	36	37.4	35.8	32.9	32.8	33.8	34.8	32.9	33.7	35.7	39.1	42.8	43.6	46.4	50.2	53.7	54.3	56.7	58.4	61.5	63.3	63.4	60.5	58.9	62.8	63.1	62.2	59.7	60.6	62.9	63.1	66.5	69.3	64.1	63.3	65.5	65.9	70.1	69.1	67.7	67.7	64.8	58.9	58.3	60.4	63.8	68.2	69.9	70.1	68.1	67.9	64.4	60.4	60.3	61.7	59.8	59.5	60	62.5	63.6	61.9	64.4	64	62.7	61.5	61.4	64.3	68.3	73.8	68.7	66.2	69.3	66.9	63.9	60.4	59.1	57.9	54.7	53.8	50.9	51.2	52	51.8	51.3	51.3	48.7	46.5	45.3	43	40.6	37.2	35.3	34.7	32	29.2	28.2	27.3	27.4	27	26.4	26.3	26.1	27.2	24.3	24.9	27.1	27.2	27.3	26.7	27.2	27.9	27.5	28.2	28.6	29	27	26.5	26.4	25	26	27.9	30.2	33.8	37.9	40	41	48.6	54	66.3	95.6	129.2	200.6	257.1	257.9	259.5	265.9	277	280.5	280.5	279.5	280.5	280.5	280.5	280.5	280.5	279.9	280.5	280.5	279.7
280.5	280.5	280.5	280.5	280.5	280.5	280.5	280.5	280.5	280.5	280.5	280.5	280.5	280.5	271.1	260.5	250.7	251.9	257.7	254.5	246.9	243.8	239.9	236	233.9	233	233.8	234.2	232.6	226.4	164.8	105	73.4	55.5	49.3	46	43.8	42	40.7	40.6	39.5	38.4	38.6	38.4	37.5	35.4	34.2	35.9	32.7	31.4	30.9	31.4	32.6	33	35	37.3	40.4	44.2	47	51.2	54.3	55.7	57.7	58.8	63	66.3	65.1	64.1	60.9	62.7	66.3	66.5	63.9	64.3	66.5	65.4	66.1	68.7	70.5	66.1	66.5	68.3	68.3	72.5	73.9	69.9	72.1	69	64.5	61.5	62.2	63.8	69.2	70.5	70.1	71.9	70.2	66.8	63.9	62.3	65.2	66.6	65.8	65.7	67.3	70.1	68.2	70	70.4	69.9	71.9	70.4	71.4	75.4	77.6	70.8	67.2	69.5	75.2	76.3	69.1	62.9	59.5	59.1	55	53	52.8	50.6	52.2	51.1	49.5	48.5	46.1	44.9	45.7	44.1	42.3	41.9	40.7	37.6	32.8	31	29.7	28.6	26.4	26.4	25.5	26.1	26.2	25.1	25.5	24.9	24.4	26	26.7	28.2	27.5	27.6	28	29	28.4	27.1	27.9	28.7	31.1	31.7	30	29.8	33.3	37.9	39.4	40.6	51.2	64.1	76.7	104.7	129.4	155.1	230.3	257.6	258.8	263.1	273.6	280.5	279.7	277.1	279.5	280.5	280.5	280.5	278.3	276.5	276.5	278.7	280.5
280.5	280.5	280.5	280.5	280.5	280.5	280.5	280.5	280.5	280.5	280.5	280.5	280.5	280.5	270.7	259.7	251.1	250.7	256.3	251.4	244	242	239	236.4	236.1	236.1	235.5	234.3	232.7	230.4	165.8	100	71.2	61.7	52	47.5	44.3	42.7	42.2	41.7	40.4	37.2	37.3	36.3	35.8	36	33.9	34.2	32.6	30.7	30.3	31.3	32.5	34.7	36.9	39.3	45.4	52.1	55.6	58.3	61.4	61.5	62.7	64.3	67.3	69.5	69.5	69.1	66.5	66.3	69.5	70.3	70	67.2	69.2	68.6	69.1	70.3	72.1	69.9	67.4	71.1	73.5	73.7	76.5	73.9	73.6	73.5	68.9	65.7	64	65.2	67.1	70.3	68.4	72.2	73.3	69.8	67.3	64.3	66	69	70.4	70.7	71.5	71.5	72.2	71	71.9	72.8	74.7	75.2	74.6	78.6	78	72.9	70.4	70.2	73.4	78.3	74.1	66.5	61.5	61.7	58.5	55.1	54.3	52.3	52.3	51.4	50.9	48.9	46.9	48	46.1	44.1	43.8	44.7	44	41.3	38.2	35.1	32	29.7	28.3	27	26.3	28	25.6	25.8	26.3	25	25.2	25.3	27.5	28.7	26.8	27.7	27.2	28.5	29.2	28.4	27.5	29.1	31.9	33.3	32.3	33.1	34.8	37	40	41.6	47	61.6	71	84	107.4	129.4	204.4	257.1	258.4	259.6	265.2	276.1	278.7	278.1	279.7	280.5	279.9	278.5	276.3	275.3	277.3	280.1	280.5
280.5	280.5	280.5	280.5	280.5	280.5	280.5	280.5	280.5	280.5	280.5	280.5	280.5	279.9	264.5	253.5	252.7	253.5	251.5	247.6	242.2	240.3	240.4	235.3	232.8	233.8	233.5	231.2	229.3	225.1	175.7	85.3	63.6	62.1	51.3	44.9	45.4	42.3	39.7	39.7	36.5	35	35.4	33.5	33.7	34.6	33.8	32.8	32.8	31.2	31.8	35.2	36.4	36.4	39.7	45.1	51.9	58.3	58.8	63.2	66.8	68.9	70.3	71.9	73.1	71.5	69.7	70.7	68.5	68.5	70.9	71.7	72.9	71.8	72.8	72.6	76.8	76.7	74.5	73.3	72	74.5	76	80.5	81	78.9	74.8	73	71.1	66.6	65	68.5	67.1	69.9	71.2	71.6	76.9	77.8	75.4	73.5	72.2	72.9	75.4	78.1	78.5	76.5	73.3	74	78.3	80.4	81.5	82.6	86	90.5	92.2	88.4	84.2	81.8	81.4	82.7	80.1	73	65.9	62.5	62	60.4	59.1	57.2	56	54.2	52.5	50.7	50.3	49.3	49.3	47.6	45.6	44.3	41.6	39.9	38.9	35.2	31.5	30.1	28.5	28.1	29.7	29.4	28.6	27.4	26.5	28.6	27.9	27.1	27.9	26.9	27.5	30.1	30.9	28.5	28.4	28	28	27	29.1	31.7	34.2	37.3	38	38.5	39.7	41.8	44.4	49.9	64.2	80.1	82.3	99.5	162.8	252.7	257.9	259.1	263.3	273.6	280.5	280.5	280.5	280.5	280.5	280.5	278.3	278.1	280.1	280.5	280.5
280.5	280.5	280.5	280.5	280.5	280.5	280.5	280.5	280.5	280.5	280.5	280.5	280.5	280.5	267.9	255.5	254.1	254.1	251.9	247.5	241	238.5	240.3	234.2	229.8	231.1	231.3	221.4	210.8	198.9	166.2	83.2	55.5	53.9	47.8	45.4	44.9	43.2	38.7	38.8	37.7	34.6	35.4	33.2	32.4	34.3	32.1	31.4	32.2	32.9	33.1	36.5	39.2	41.4	48	57.2	63.5	66.2	67.2	69.9	72.4	73.9	74.5	76.5	76.1	74.7	72.6	72.1	71.7	68.9	69.9	72.2	75.4	73.9	74.8	75.6	77.9	78.5	78.3	77.8	75.8	76.2	75.3	80.6	80.1	77.8	76.1	73.5	72.3	70.5	68.1	71.2	69.7	69.9	72.2	71.9	75	80	78.7	79.5	78.5	77	77.6	79.1	80.3	80.5	77.6	78.2	77.9	80.8	85.7	86.2	91.2	95.1	97.3	93.7	89.8	88.7	87.7	86.3	82.9	77.9	72.9	65.1	62.7	62.4	62	59.8	56.8	55.7	55.7	54.3	52.9	52.7	52.3	50.2	49	47	45.4	42.9	42.8	40.6	38.4	33.6	29.3	28.8	30.4	29.2	27.8	27.3	26.8	27.5	27.5	27.5	26.6	27.6	28.4	28.4	28.7	28.3	27.5	28.9	28.8	28.9	28.8	30.9	33.5	36.9	37.5	37.1	39.1	40.1	43.2	48.8	61.5	83.4	78.8	79.7	145.4	247	257.2	258.4	259.6	265.2	275	280	280.5	280.5	280.5	280.5	280.5	280.5	280.5	280.5	280.5
280.5	280.5	280.5	280.5	280.5	280.5	280.5	280.5	280.5	280.5	280.5	280.5	280.5	275.3	258.5	255.7	253.7	252.5	250.9	244.3	239.7	240.2	237.2	232.4	231.7	230.9	229.1	221.3	208.5	194.3	132.4	68.2	53.5	50.5	45	44.8	44	42.3	40.9	39.9	37.8	38.8	37.3	33.6	31.8	30	27.2	29.4	31	33.5	35.7	38.4	42.1	48.7	59.6	67.2	69.6	72.4	74	76	76.5	77.7	76.7	74.9	75.1	77.8	78.7	76.7	75.9	75.6	75.6	76.7	78.4	79.2	80.3	80.5	83.3	82.5	82.5	82	81.4	80.8	79.5	80.1	80.5	79.9	81.4	82.2	78	75.6	76.5	77.6	74	70.9	74.7	79.5	77.5	80.8	83.6	86.3	87.3	88.6	87.2	85.5	86.5	88	87	87.1	87.4	89	94.5	97.8	103.1	106.8	109.7	103.4	98.3	99.9	98.1	96.6	92.8	90.7	85.5	77.7	71.2	67.8	64.5	63.1	62.5	61.4	60.9	59.5	56.9	55.9	54.3	52.9	53.9	52.9	51.3	48.9	47.4	45.9	41.5	37	34.3	28.9	26.9	27.3	26.2	25.1	25.8	26.9	27.8	28.6	29	29.6	28.3	27.1	27.5	27.1	28.1	28.6	27.5	27.8	27.5	28.4	33.2	36.6	36	36.3	37.1	36.7	40.7	47	53	66.2	69.4	78.4	135.4	240.5	257.2	258	259	263	273	278.8	280.5	280.5	280.5	280.5	280.5	280.5	280.5	280.5	280.5
280.5	280.5	280.5	280.5	280.5	280.5	280.5	280.5	280.5	280.5	280.5	280.5	280.5	275.1	257.1	252.9	251.9	251.8	248.6	242.8	240.6	238.9	236	233.1	231.4	232.8	229.1	220.6	212.1	190.8	115.5	63.5	56.7	50.9	44.3	42.3	43.6	40	39.7	39.3	37.9	38.3	37.7	33.3	30.8	28.6	26.3	27.5	29.7	33.7	37.9	42.1	47.5	57.1	67.6	72.7	73.4	76.6	76.7	78.4	76.6	75.3	75.1	74.3	74.5	77.8	79	78.2	78.7	80	79.7	79.6	81.1	80.2	81.9	83.6	84.2	87.1	86.2	85	82.9	84	82.3	82.4	83.1	83.9	84.3	85.9	82.5	80.1	81.3	81.1	77.1	73.1	75.3	80.5	80.9	81.7	85.9	88.5	91.9	93.1	91.3	89.1	90.1	90.1	88.2	90.3	90.2	93.6	97.9	100.5	103	106.2	113.2	108.3	101.4	101.6	99	97.7	95.7	93.6	88.1	81.1	74.7	71.2	66.6	64.3	63	61.8	59.9	59.3	57.9	55.7	54.5	53.3	54.1	55	54.4	51.5	49.7	48.6	46.3	42.2	37.7	32.9	29.5	26.6	27.1	26.7	25.6	26.6	27.3	29	30	30.8	29.3	28.4	27.7	26.9	27.1	25.9	27.2	26.7	25.4	28.1	31.7	34.9	35.8	35.6	36	36.8	39.9	44	49.3	56.5	63.4	68.5	116.1	232.3	257	257.2	258.3	259.4	265.7	275.6	278	280.5	280.5	280.5	280.5	280.5	280.5	280.5	280.5
280.5	280.5	280.5	280.5	280.5	280.5	280.5	280.5	280.5	280.5	280.5	280.5	280.5	265.1	252.3	252.1	252.1	249.3	245.4	244	242.8	239.5	237.3	232.2	228.9	230.9	228.6	220.9	211.7	187.5	96.1	64.8	55.9	49.5	48.3	46	43.3	40.5	41	41.8	39.4	35.4	33	30.7	28.9	26.8	28	28.7	30.6	33.4	37.6	41.8	50.9	63.7	71	76.4	77.8	78.5	77.7	78.7	79.8	79.3	80.1	82.1	81.9	81	81.8	78.4	80.8	84.7	84.8	84.7	86.1	86.8	85.1	87.6	88.5	89.3	89.7	89	87.2	90.5	90.5	91.3	90.1	88.3	90.1	92.3	93.1	91.2	89.7	87.5	83.5	80	79.8	81.8	83	86.6	91.9	92.9	96.1	100.1	96.8	95.8	94.2	94	94.1	97.9	99	102.1	106.5	109.6	113.8	117.5	116.3	111.9	107	101.5	99.9	97.1	93.8	94.4	94.9	86.5	80.3	75.6	71.1	65.8	62.1	59.8	58.1	56.9	55.7	54.5	54	53.5	53.4	53.4	51.2	51.2	52	51.8	49.9	46.4	41.1	36.3	32.8	28.8	28.3	28.2	27.8	26.8	26.5	27.8	29	29.6	31.2	29.6	28.1	28.1	27.5	26.7	28.8	29	28.9	30.1	30.9	31.7	32.6	32.4	34.5	37.8	39.4	39.9	42.4	48.5	55.1	67.1	104.5	188.3	257	257.1	258.1	259.1	263.4	273.2	274.7	280.1	280.5	279.1	280.5	280.5	280.5	280.5	279.1
280.5	280.5	280.5	280.5	280.5	280.5	280.5	280.5	280.5	280.5	280.5	280.5	279.9	266.7	254.1	252.7	251.8	247.7	243.7	242.3	243.1	238.5	233.8	231.7	230.4	227.1	221.8	221.1	206.4	175.9	89	58.2	52.5	51.6	51.4	47.1	44.1	41.8	42	42.5	36.9	33.8	33.4	31	28.1	26.6	27.4	28.7	30.6	34.3	39.8	46.7	55.3	65.6	75.9	79.8	79.5	80.2	79.3	79.5	79.2	78.8	80.2	83.1	83.5	82.1	81.8	80.2	78.6	82.8	85	86.6	88.9	89.2	88.6	89.5	91.2	91	90.3	91.3	91.1	92.4	92.9	93.7	95.5	90.5	91.3	93.1	95.2	95.9	92.3	91.7	89	82.6	81.9	82.6	83.3	88.7	95.5	96.9	99	101.6	98.5	96.5	94.9	95.9	99	101.6	103.3	104.1	109.1	113.6	115.9	118.5	117.4	115.9	109.9	104.4	100.8	97.7	94.7	93.6	94.1	89.5	82.3	76.1	69.6	66	63.1	59.7	58.9	56.6	56.3	55.8	53.6	53.4	53.8	54	53.4	53.3	52.5	51.6	52.5	49.9	44.9	40.6	35.3	30.6	28.8	28	27	27.1	27.1	26.8	27.6	29	30.1	32	29.2	29.4	30.3	30	31.3	30.3	30.9	30.4	28.6	28.4	30.4	30.8	32.4	36.1	37.5	38.2	41.2	44.2	51.9	62.9	81.7	155.3	245.9	253.4	253.8	253.6	259.3	264.8	273.6	277.1	279.3	280.5	280.5	280.5	280.5	280.5	280.5
280.5	280.5	280.5	280.5	280.5	280.5	280.5	280.5	280.5	280.5	280.5	280.5	273.9	258.5	254.3	253.9	248.7	242.8	239.9	243.7	242.2	232.4	228.3	227.4	228.1	224.6	224.7	221.8	197.2	134.8	60.3	51.7	51	53.6	55.2	49.8	44.5	40.7	39.4	35.1	30.2	31.2	31.3	30.4	28.8	28	30.6	31.8	31.5	35.9	42.8	51.9	64.1	73.4	78	81.1	81.3	81.1	80.1	80.3	82.5	83	83.2	82.2	82.1	81.3	81.3	79.8	77.9	82.9	87.6	89.5	91.7	90.5	92.4	96.3	96.8	94.7	96.4	98.2	98	98	96.7	98.8	100.4	97.3	99.7	100.8	100.5	102.7	100.9	98.4	94.5	90.8	88.5	86.2	88.7	94.8	101.3	102.5	104	103.4	103.5	100.9	99.3	101	105.1	106.8	109.1	117.9	124.7	128	126.9	124.9	126.6	126.3	119.7	112.5	105.2	99.4	97.9	94.3	94.1	92.7	87.1	80.1	74.9	72.7	69.1	64.1	62.3	58.9	59.7	60.9	58.2	55	56	56.4	55.8	56.4	55.7	52.8	51.9	53.3	51	48.2	42	35.3	29.7	26.6	24.6	26.3	28.3	29.6	30.4	32.6	32.1	32.6	33.4	33	32.7	33.3	32.2	31.9	32	29.9	27.1	29	29.8	31.6	32.6	34.6	36.7	39	39.4	39.6	46.3	56.5	70.9	124.6	225.8	251.1	252.7	254.5	258.6	263.1	272.1	276.7	278.1	280.5	280.5	280.5	280.5	280.5	280.5
280.5	280.5	280.5	280.5	280.5	280.5	280.5	280.5	280.5	280.5	280.5	280.5	278.3	261.1	253.5	253.3	248.7	240.4	237.3	239.8	237.9	229.7	228	228	226.2	219.1	219.3	203.3	186.4	122.5	55.6	51.1	46.9	47.8	52.9	50.3	45.3	39.5	37.2	35.5	31.6	32.6	32	31.1	28.8	27.6	31	31.3	33.8	41.5	48.5	55.7	68.6	76.9	81.7	84.1	85.4	85	82	80.5	82.8	86.6	85.5	83.5	82.6	81.8	81	81.4	80.3	83.7	88.8	89.4	91.4	93.7	95.7	98.8	99.2	100.5	102	102.8	99.6	98.5	97.8	98.6	102	101.5	102.1	104.4	103.7	100.9	101.7	100.6	98.7	93.9	91.3	88.4	91.7	97.3	101.7	104	104.1	105.3	105.9	103.9	103.3	105.8	111.2	113.9	112.7	120.6	130.1	135.9	134.9	132.5	132.4	131.5	124.7	117.5	109.3	101.8	97.6	94.5	93.5	92.9	89.5	85.1	80.1	75.7	71.1	66.8	64.3	61.8	61.5	62.8	61.4	59.3	56.7	57.7	58.6	58.4	57.8	55.9	54.6	54.2	53.5	51.2	46	41	35.4	29.9	27	26.7	27.5	28.5	30.1	31	31.1	31.8	32.1	32.7	32.1	32.2	32.7	31.6	31.3	29.7	28.8	28.2	27.7	30.5	31.4	32.6	36.5	37.7	37.5	39.5	45.9	54.9	63.9	103.6	201	247.6	252.4	255.5	257.1	259.1	264.5	278.2	279.4	279.6	280.5	280.5	280.5	280.5	280.5
280.5	280.5	280.5	280.5	280.5	280.5	280.5	280.5	280.5	280.5	280.5	280.5	274.9	253.9	252.3	250.7	243.6	238	237.6	236.9	231.9	229.1	227.6	226.3	225.7	224.3	219.5	201.5	186	97.9	46.3	50	46.6	42.4	46.2	44.5	38	36.5	35.9	33.6	31.5	32.2	33	30.9	30	28.7	29.9	30.6	36.6	46.3	53.9	62.3	73.7	83.1	86.7	87.7	87.8	83.1	83.1	84.7	87.2	86.8	82.9	83.3	82.9	85.7	85.4	83.4	84.1	87.4	90.6	93.3	95.8	99	99.7	100.7	105.5	105.8	105.7	108	105.4	104.2	105.7	110	111.2	109.1	106.9	107.7	107.5	101.6	98.7	97.7	98.9	99.3	97.5	98.3	100.1	104.9	110.1	113.4	113.8	111.9	111.9	110.7	113.7	122.8	123.2	125.7	132.1	138.3	146.3	151.1	150.5	147.1	145.1	145.5	143.1	133.7	125.7	112.3	101.9	96.5	92.7	91.5	91.5	87.7	83.2	80.5	77.5	74.5	70.7	67.5	64.9	64.4	64.6	63.8	62	61.4	60.7	59.7	57.9	58	58	56.4	53.5	51.5	49.2	45.3	38.7	33.6	28.7	28.2	27.5	27.3	28.6	28.1	27	28	27.9	29.4	28.2	29	29.3	28.1	29.5	29.7	28.7	27.4	26.4	26.6	29.8	31.4	33	31.9	32.7	37.1	44.3	52.4	64.6	96.3	179	250.8	254.8	257.4	259	260.1	263.6	276.8	280.3	278.4	280.5	280.5	280.5	280.5	280.5
280.5	280.5	280.5	280.5	280.5	280.5	280.5	280.5	280.5	280.5	280.5	280.5	278.1	256.7	254.1	251.4	241.8	236.9	234.6	233.8	230.2	228.6	226.4	224.9	224.4	223.1	220.7	206.3	188.5	98.8	47.9	48.2	45	39.9	40.3	39.6	36.2	35.6	33.5	33.1	31.5	30.5	32.1	31	27.6	27.9	28.8	33.6	44.5	51.9	57.7	67	76.5	83.4	86.3	87.5	87.8	83.4	82.4	86.4	86.9	83.7	83.4	86.2	85.5	86.2	86.4	86	86.4	88.8	91	95.2	100.1	103.1	103.3	103.6	110.7	110	108.9	110.5	108.7	108.9	110.9	111.9	112.6	113.4	108.6	105.5	109.3	106.5	102.1	99.3	99.9	100.3	99.1	101.9	101.1	107.3	113.3	117.5	118.5	114.7	112.9	113.3	116.9	122.3	126	129.9	137.8	144.7	149.7	157.5	159.5	157.7	156.5	151.8	146.5	139	130.1	118.7	106	97.3	94.6	92.3	91.1	86.3	83.3	80.7	78.5	73.9	69.9	66.1	64.5	66	64.6	63.3	63.2	62.5	61.5	61.3	60.4	59	58.4	56.9	53.5	51.2	49.9	46.7	41.7	36.7	31	27.1	25.6	25.7	26	26	25.4	26.1	27.4	26.9	28.9	29.3	28.6	27.2	27.7	29.5	29.2	28.1	28.4	28.4	29.3	29.8	31.4	31.1	31	35.3	40.7	47.6	68.6	95.1	153.6	235.1	257.3	257	257.8	259.1	260	265	275.8	278.4	279.4	280.5	280.5	280.5	280.5
280.5	280.5	280.5	280.5	280.5	280.5	280.5	280.5	280.5	280.5	280.5	280.5	271.3	255.7	261.1	251.7	239.9	236.7	235.1	233.2	229.1	227.5	225.2	225	224.4	223.1	219.8	206.3	166	82.5	56.4	43.3	38.1	38.1	36.5	34.1	31.8	29.9	31.4	34	32.9	33.2	32.8	27.9	27.7	28.8	30.8	35.9	47.4	56.8	62.3	70.9	80.2	84.7	87.4	89.5	87.6	87.6	88.7	87.1	84.4	83.9	84.9	88.8	88.3	89.5	89.5	88.7	91.1	95.2	96.2	98.7	102.1	106.5	108.2	111.2	117	121.9	123.1	122.9	121.9	121	119.7	116.1	115.2	111.9	108	109.1	114.3	114.7	109.5	106.5	108.1	104.5	104.3	109.7	110.7	113.3	117.3	121.3	123.5	125.5	121.3	122.8	129.9	135.7	138.9	145.7	156.4	169.1	174.1	177.3	178.8	172.7	169.3	167.9	161.7	154.6	142.5	128.3	116.7	101.8	97.6	96.2	92.9	86.8	84.5	81.5	77.5	73.5	68.3	67.1	67.5	69.1	68.2	68.2	69.5	66.5	66	65.5	64.7	61.6	59.4	58.8	55.7	52.5	49	46	43.6	38.7	34.5	28.1	24.8	23.3	22	23.4	24.2	24.1	24.5	26.7	26.4	25.6	25.2	23.8	24.7	27.3	28.4	28.5	29.2	28.5	27.4	28.9	31.3	34.4	34.1	34	36	42.4	55.2	77	99.6	133.4	198.4	257	257.6	258.6	259.8	262.7	272.9	276.8	275.6	280.5	280.5	280.5	280.5
280.5	280.5	280.5	280.5	280.5	280.5	280.5	280.5	280.5	280.5	280.5	280.5	275.3	257.1	259.3	253.2	240.2	236	233.5	234.2	230.4	227.1	225.5	225.3	224.1	221.7	219	198.7	175.9	109.3	66.3	46.9	39.2	37	34.6	32.9	31.7	30.9	31.9	34.6	33.6	31.4	30.5	28.3	27.3	29.5	34.4	43.2	54.1	62.4	67.6	72.9	80.4	86.5	89.7	91.1	90.4	91.3	91.9	87.7	85.7	85.8	87.5	90.8	92.1	92.9	93.1	93.9	95	97.1	97.1	98.3	103.4	107.2	111.3	115	118.7	124.1	129.6	127.8	125.1	124.8	121.9	116.2	115.9	115.9	114	111.7	114.9	115.2	111.3	109.3	110.3	106.6	105.3	110.7	111.5	111.8	114.1	119.5	124.8	127.1	127	126.5	129.1	137.9	143.5	153.1	160.7	174.9	182.6	182.2	176.7	173.7	171.7	170.7	166.5	158.7	146.3	131.3	121.5	107.8	100.7	97.1	94.4	89.5	84.5	83.3	78.5	75.6	71.8	70.7	70.9	70.8	69.6	70.8	71.9	69.4	68.4	67.4	65.6	63.4	62.1	58.4	57.1	54.2	49.6	46.4	44.2	40.3	36	31.4	25.4	22.4	22.5	23.1	24.3	22.6	23.4	23.9	23.4	25.4	25.6	25	24.7	24	25.3	27.3	28.3	28.9	29	30.2	30	33.7	35.3	33.5	35.2	39.8	56.3	85.2	102.1	120.3	169.7	245	253.9	254.6	252	251.8	256.2	264.9	269.5	273.1	276.9	279.5	279.5
280.5	280.5	280.5	280.5	280.5	280.5	280.5	280.5	280.5	280.5	280.5	280.5	276.9	263.9	258.6	254.1	243.5	238.3	233.8	232.6	230.2	226.1	225	224.6	222.3	219.1	212.8	192.1	178.5	171.5	118.1	61.9	43.7	37.1	30.2	30.2	32.8	33.4	34	36.3	34.7	32.4	31.2	30.4	29.4	31	37.5	49.8	60.6	65.6	72.7	80.7	86.9	91.7	93.5	91.8	91.2	92.4	90.6	89.6	90.4	92.4	92.2	95.5	96.6	95.6	96.5	99.5	100.7	98.5	98.9	101.5	103.3	107.8	113.5	119.6	124.4	127.9	130.9	131.8	128.8	126.2	122.9	118	116.7	117.7	118	114.5	115.1	117.6	116.5	113.3	113.1	107.8	108	110.5	111.2	114	116.2	117.7	123	131.2	137	138.7	138.3	144.7	149.9	153.9	163.1	172.8	179.3	176.7	177.9	174.1	168.5	166.1	165.1	160.4	152.4	141	128	116.6	106.9	100	95.5	92.8	87.5	84.1	79.5	76.7	74.3	73.1	72.3	71	67.6	67.3	67.1	67.6	68.9	67.8	67	67.2	64	60.5	57.9	53.9	50.5	46.8	42.8	38.3	34.2	28.7	24.8	21	20.9	21.8	20.5	19.6	20.4	20.9	21.7	23.1	23.5	22.7	22.7	22	22.6	23.7	25.2	25.3	26.2	26.8	26.9	28.8	30	34.3	35.8	39.7	57.2	77.4	97.2	119.8	128.6	166.8	228.2	252.6	248.1	247.8	252.3	262.9	269.5	271.7	276.5	278.1	279.7
280.5	280.5	280.5	280.5	280.5	280.5	280.5	280.5	280.5	280.5	280.5	280.5	275.1	261.1	258.8	248.1	240.8	236.5	232	231.7	228.2	226.7	226.1	223.5	220.4	216.6	209	187.9	174.1	168	153.9	104.6	54.9	38.9	33.1	32.1	33	33.1	34.2	34.7	34.5	32.5	28.6	30.7	31	35.4	44.2	54.9	62.3	67.6	74.8	80.4	88.6	92.7	96.5	95.8	92.6	93.6	93.1	90.1	90.7	93.7	95.1	96.7	98.7	97.7	98.3	100.6	100.6	100.3	101.8	102.2	102.4	107.8	114.3	118.8	126.8	132.1	134.8	134.9	133.5	130.4	122	118	119.4	120.4	119.9	116.4	113.5	116.8	118.1	116.8	114.1	113.3	111.2	109.2	112.8	114.5	115.8	117.6	121.9	127.4	137	141.4	140	143.5	148.7	154.9	160.9	168.7	174.5	173.9	178.7	172.3	165.8	163.2	159.4	154.5	152.3	149.1	137.3	125.4	115.9	104.1	99.8	94.2	91.7	88.3	83.1	77.3	75.4	74.7	72.5	70.9	69	68.3	67.2	67.6	67.7	66.9	68.5	69.7	67.1	63.3	60.4	56	52.6	49.2	43.8	40.8	38	32	26.9	24	21.4	20.4	20.3	21.4	20.1	19.3	20.7	22.5	23.3	23.6	22	21.8	22.8	23.7	22.9	24.8	24.8	25.8	27.4	29.2	31.3	33.7	37.3	43.4	52.5	68.1	90.1	104.1	113.9	141	189.5	222.3	256.5	252.3	251.9	261.1	275.2	276.7	278.7	280.5	280.5
280.5	280.5	280.5	280.5	280.5	280.5	280.5	280.5	280.5	280.5	280.5	280.5	278.7	264.9	254.6	243.4	241.9	237.5	231.6	228.8	227.4	227.4	225.9	224	220.5	215.9	208.2	188.1	172.8	165.4	139.5	67.9	43.4	38.6	33.1	32.3	33.2	36	33.1	29.2	29.8	30.7	30.2	32.2	33.9	39.8	49.3	58.1	66.4	72.9	80.8	85.3	89.7	94.9	98.8	97.8	96.6	97.7	98.1	97.4	95.9	97.4	98.4	99.7	98.8	101	101.9	101.6	101.3	103.4	106	105.3	108.7	113.2	120.4	125.3	131	137.1	135.9	134.9	132	130.2	126.6	121.6	121.3	123	122.3	121.5	119.5	117.1	118.3	118.6	119.6	116.3	112	116.6	117.2	115.9	119.4	123.6	130	135.1	141.6	143.3	145.4	149.1	155.8	161.9	163.5	167.3	169.1	166.9	164.9	163.1	157.6	150.9	147.7	143.4	138.9	133.2	126.7	119.8	112	104.4	98.8	93.9	89.7	88.4	81.2	78.4	78.6	76.6	74.6	72.6	70.8	68.2	66.9	66.4	67.1	67.7	68.5	69.7	69.6	66.1	61.2	59.2	54.8	52.2	50	44.6	37.7	32	25.9	21.2	19.1	19.4	18.2	18.2	17.8	19.7	21	22.1	22.8	21.1	19.9	20.9	21.5	22.3	20.5	21.9	23.7	23.8	27.1	30	34.4	39.8	46.6	54.4	67.8	83.7	99.5	101.2	110.7	135	175.4	245.6	256.1	254.4	256.1	263.9	274.4	278.4	278.7	280.5	280.5
280.5	280.5	280.5	280.5	280.5	280.5	280.5	280.5	280.5	280.5	280.5	280.5	280.5	267.8	251.9	242.4	242.2	238	233	229.5	226.8	226	224.2	221.9	217.8	215	201	175.4	168.9	166	158.4	77.6	48.2	41.3	33	31.8	33.7	35.2	32.7	31.1	30.3	32.5	32.6	33.7	37.2	42.8	51.6	59.2	67.4	75.1	81.5	87.3	92.8	98.1	103.1	101.2	97.7	98.9	100.8	99.4	98.6	99.5	100.6	99.7	99.9	101.7	101.4	101.8	101.6	101.5	104.8	109.5	111.9	116.4	121.4	126.4	129.1	134.3	140	139.2	134.3	128.5	127.5	123.6	120.8	119.7	120.4	123.2	120.7	118.6	118.1	119.2	121.6	118.3	115.8	117.6	116	115.8	120.1	126.5	132.1	135.2	139.9	141	142.6	146.5	152.4	156.3	158.4	157.5	159.7	160.6	159.8	156.8	153.9	152.3	145.7	141	137	129.2	122.8	116.9	110.4	105.9	100.9	95.1	89.4	86.1	80.2	78	78.4	76.7	74.4	73	69.8	68	67	66.6	65.3	66.4	68	70.7	70.7	67.7	63.9	60	56.5	53.9	51.7	48.1	41.7	34.6	27.5	23	19.4	17.8	17.9	18	16.8	18.3	20.7	22.8	22	21.2	20.1	20.2	21.1	22.7	22.5	21.9	23.8	24.4	26.3	28.8	33.5	39.6	47.7	53.6	70	96.8	108.6	109.4	113.5	139.9	184.4	241.8	255.7	257.7	259.3	262	266.9	274.4	278.3	278.5	280.5
280.5	280.5	280.5	280.5	280.5	280.5	280.5	280.5	280.5	280.5	280.5	280.5	280.5	270.1	250.8	244.2	244.4	238	233.9	229.5	227.8	226.6	223	219.8	216.7	214.1	202.8	178.4	170.8	169	158.8	78.3	50.6	44	36.2	36.9	36	34.2	34.6	33.5	35.7	36	32.1	32.3	36.2	44.5	52.7	61.8	70.1	77.4	83.9	93.6	100.5	106	107.5	104.8	105.2	105.9	105.1	103.7	102.6	102.1	100.7	101.3	100.1	101.1	102.5	104.2	103.3	102.8	109.8	115.6	121.9	123.3	124.2	129.1	133.5	139.1	146.1	146	140.6	133.2	128.4	124.9	123.6	124.7	122	123.7	124.3	123.1	125.3	123.1	126.2	128.2	129.5	126.6	122.5	123.7	127.7	133.3	138.4	137.8	143.8	147.9	145.2	148	152.8	158.2	160.4	160.5	160.5	153.2	145.3	143.2	140.6	141.8	137.4	133.2	130.8	124.5	119.3	112.3	106	102.7	99.7	93.7	90.6	87.7	84	84.5	81.1	76.3	74	72.6	70.8	70.2	70.4	69.4	68.7	69.3	68.9	69.7	69.7	68.9	66.7	62.4	57.6	52.4	49.2	47.3	43	36.9	30.3	25.4	21.4	20.3	19.7	17.8	17.4	17.4	18.8	20.1	21.3	21.3	20.7	20.9	21.3	22.2	23.1	22.7	23.8	25.5	25.2	27.2	31.8	32.6	41.4	45.1	56.7	89.7	114.6	121.8	140.1	204.2	255.2	254.2	256.4	257.6	258.5	261.3	265.1	272.8	277.4	276.7	279.7
280.5	280.5	280.5	280.5	280.5	280.5	280.5	280.5	280.5	280.5	280.5	280.5	277.7	274.5	254.5	246.5	249.1	240.1	233.8	229.6	226.7	224.9	222	219.4	216	213.3	204.3	182.4	170.4	169.5	163.6	80.8	49	43.8	38.6	39.4	35.9	33.2	34.4	32	31.9	32.5	32.6	32.1	36.7	46.1	54.7	64.2	72.8	79.4	87.1	96.3	102.8	106	105.3	104.5	107	109	104.3	102.5	103.8	102.9	100.7	100	98.7	100.8	103.6	104.5	105.6	107.8	113	116.9	122.7	126.4	128.6	132.7	136.4	139.9	148	150.4	142.9	132.3	127.9	127.2	127.3	128.5	125.8	124.5	125.7	125.9	129.1	126.1	126.4	128	132.4	132.2	127.1	127.1	130.5	135.9	138.9	137	142.8	148	149.2	150.6	156.9	160.7	162.4	165.5	160.3	151.5	142.9	142.9	143.1	139.7	133.4	131.4	127.9	123.5	118.5	112.7	108.1	101.8	95.8	92.6	90.2	88.5	87.2	86.8	84.3	79.9	76.5	73.5	70.8	71.2	72	71.1	70.2	71.1	69.3	70.5	71.8	70.2	67.4	63.7	60.2	53.3	47.9	47.1	43.6	39.5	32	26.9	21.4	20.2	19.9	18.1	18	18.1	16.9	19.7	22	21.7	21	21.3	21.1	21.9	23.6	24.3	25	25.5	24	26.4	30.4	31.7	37.6	43.5	48.3	70	103.9	127	153.2	224.8	256.7	248.3	246.4	252.8	257.5	258	261.5	267.3	277.4	280.5	280.5
280.5	280.5	280.5	280.5	280.5	280.5	280.5	280.5	280.5	280.5	280.5	280.5	277.8	275.7	254.9	250.5	250.9	240.4	233	228.5	224	221.9	220.7	218	214.9	213.6	205.5	180.5	169	168.1	163.1	77.9	46.1	47.2	40.8	37.8	32.3	29.4	29.8	30.1	30.9	30.8	31.9	35.5	40.5	48.3	59	68.5	75.2	82.6	91.5	97	102.9	109.4	110.2	111.2	113.3	112.2	108.8	107	103.7	102.9	100.4	96.4	99.4	103.3	106.3	108.7	112.1	117.1	118.2	120.9	122.6	125.9	131	135	135.6	139	144.7	147.3	142.4	135	131.6	130.6	127.2	128.3	129.3	128.6	127.4	131.1	138.8	139.8	140.7	137.2	137.2	140	136.8	130.3	130.1	138.2	141.7	139.9	143	148.8	152.4	150.5	153.7	156.4	157.3	157.1	153.7	140	128.8	131.5	137.8	136.9	131.6	126	121.2	120.2	116	108.4	103.5	99.8	95	91.4	92.4	90.9	88	87.8	86.4	84.7	82.3	80.1	75.2	74	73.5	71.8	72.9	73.2	71.6	70.5	70.2	68.8	68.2	67.5	63.9	58.1	51.3	45.1	42.8	41.1	33.9	23.9	18.2	15.6	15.6	15.1	15.4	16.3	17.7	19.4	22.4	21.3	20.2	21.1	20.6	20.3	22.2	23.5	25.2	25.5	25.2	23.6	28.4	29	31.1	40.6	47.6	66.8	95	125.9	204.8	257.7	255.7	250	249.8	254.2	257.5	258.6	260.8	265.3	275	280.5	280.5
280.5	280.5	280.5	280.5	280.5	280.5	280.5	280.5	280.5	280.5	280.5	280.5	280.2	277.8	256.8	246.9	248.9	240.6	233.2	227.6	223.7	222.1	221.5	218.4	214.7	214	192.7	172.8	168.4	168	166.8	83.6	46.8	46.6	38.9	36.3	31.7	30.4	29.6	28.4	30.7	30.7	33.4	38.7	43.1	50.9	60.9	69.6	74.9	82.6	93.3	98.6	105.7	110	109.9	111.9	114.5	110.8	107.5	105.4	102.4	100.1	97.5	93.8	99.4	103.7	109.1	111	113.5	118.5	122.9	123.5	124.9	129.9	131.6	134.7	137.4	140.7	144.3	147.2	144	138.4	135.2	130.2	126.3	126.8	128.4	127.3	128.1	129.4	138.2	141.7	139.9	139.9	137.3	136	136.9	132.8	132.9	134.2	138.3	140.4	140.7	142.2	147	149.4	154.2	156.9	157.6	156.4	151	137.8	129.2	135.2	139.2	136.6	132.1	125.9	120.2	118.7	114.8	109.6	102.7	98.3	96.9	94.8	94.8	92.6	88.5	87.7	86.5	83.4	81.5	80.4	78.2	76	74.7	72.4	73.2	73.2	70.8	70.9	70.7	69.1	67.7	67.5	64.2	59.8	53.5	47.5	42.5	41.6	37	27.9	19.9	14.8	14.4	13.5	13.2	14.4	16.1	17.7	20.3	20.3	19.9	21.3	21.1	21.7	21.5	24	25.1	27	27.8	24.5	27.4	29	30.7	40.2	49.1	66.4	96	122.8	207.6	257.7	257.8	257.4	257.1	257.3	258	258.1	258.8	258	264.9	276.3	279.4
280.5	280.5	280.5	280.5	280.5	280.5	280.5	280.5	280.5	280.5	280.5	280.5	280.5	276.7	252.7	248.4	246.6	238.3	230	225.2	225.7	225.9	223.8	219.5	215.8	212.7	188.1	172.3	169.8	170.2	170.4	169.3	129.2	67	46.6	40.4	35.5	32.2	32.3	29.3	32.6	33.3	35.1	36.3	42.3	50.7	59.3	67.9	75	85.4	96.2	103.3	108.8	114	115	116.6	114.9	114.5	111.8	105.9	102.7	100.5	97.3	95.7	101.2	106.4	112.2	115.8	116.1	119.4	122.5	123.5	126	128.7	132.3	134.1	134	140.8	144.8	145	142.8	140.5	136.8	133.8	130.3	127.3	123.5	126.8	132.1	133.5	135.4	138.6	143	143	142	142.8	142.8	139.7	136.9	134.4	135.9	137.3	136.6	138.2	142.1	147.8	149.7	153.4	153.6	148.8	146.4	143.2	139.2	135.4	134.8	131.8	127.6	123.7	123.2	117.7	113.1	108.2	102.9	98.6	98.2	97.3	96.7	95.7	92.2	90	89.6	86.1	84.2	83.3	82.5	81.4	81.6	78.7	75.1	74	74.8	73.3	72.9	71.9	70.1	68.2	66.3	62.9	58.8	52.6	46.1	40.5	35.7	32.2	24.9	18.1	15.4	13.4	13.8	14.6	13.5	14.2	16.7	20.1	21.1	20.9	20.1	21.2	22	23.1	24.5	25.9	26.4	28.6	29.9	30.5	30.6	34	47.1	68.8	96.3	122.9	182.7	247.5	258	257.6	257.1	257.3	257.8	258.3	258.5	256.5	262.3	274.6	278.1
280.5	280.5	280.5	280.5	280.5	280.5	280.5	280.5	280.5	280.5	280.5	280.5	280.2	276	266.3	251.2	246.5	241.1	234.4	229.9	227.5	226.4	221.9	217.2	215.4	206.5	182.4	171.4	171.2	170.2	169.6	164.1	132.5	82.5	49.1	38.9	32.5	31.9	28.8	28.8	32.5	33	31.7	34.9	41.1	50.7	59.8	68.4	78.1	87.3	98.2	107.3	112.1	113.4	112.6	111.9	111.3	110.5	106.5	103.8	102.3	100.6	100.3	100.9	103.4	109.6	113.9	114.7	117.5	118.9	122.7	127.4	130.1	132.3	135.3	138.4	139.2	142.3	144.4	141	139.6	138	139.9	139.3	136.5	129.6	129.4	132.5	139.3	141.6	143.2	143.1	146	150.4	144.7	143.7	143.8	142.3	142.7	141.9	138.6	137	140.8	141.7	139.9	142.6	147.6	151.5	149.2	144.6	143	141	139.7	138	135.6	131.9	127.5	125.9	122.4	117.4	111.8	107.8	103.1	100.8	99.9	98	97.1	96.7	95.8	93.9	89.9	85.8	83	82.1	83.6	82.8	81.8	79.3	74.6	74.2	73.7	74.1	72.5	71.8	71.5	69.4	64.5	61.3	56	53.1	49.6	41.4	34.2	30.3	27	21.3	16.1	15.5	13.9	12.8	13.7	14.1	15.1	18	20.8	21.1	20.5	21.8	22	23.4	22.7	25.1	26.5	28.7	33.3	33.6	29.8	33.4	43.2	63.3	91.4	111.6	203.3	252.1	252.6	257	257	256.7	257.4	257.7	257.7	258.7	260.6	266.4	274.2
280.5	280.5	280.5	280.5	280.5	280.5	280.5	280.5	280.5	280.5	280.5	280.5	279.6	275.7	262.7	257.7	249.3	235.2	229.5	229.1	227.3	223.8	218.5	214.4	213.1	198	175.3	168	168.5	169.1	168.7	168.6	168.4	123	61.5	41.9	37.1	33.9	29	29.3	31.7	32.6	32	38.4	46.4	54.5	64.6	73.8	81.8	92.5	105	111	112.5	112.7	114.4	115.6	114.5	110.1	108.4	106	101.9	100.9	101.5	103.5	108.4	113.1	116	114.9	114.8	118	122.9	126.3	129.2	131.9	132.6	138.5	141.2	143.9	145.6	144.2	142.5	139.5	139.6	139.9	141.1	139.6	135.4	137	138.8	144.5	152.3	149.2	149.1	150.4	149.5	146.2	141.6	140.5	138.5	138.8	139.7	140.7	142.3	146	142.6	140	142.7	144.3	144	142.6	139.4	138.5	138.3	138.1	135.4	134.5	128.8	127.5	126.7	118.2	113.2	109.7	107.2	102	101.4	100.1	97.5	95.6	95.9	94.4	90.9	90.9	89.3	87.4	88.8	87.3	84.6	81.8	80.1	79.9	78	77.6	74.7	72.8	71.7	70.6	67.3	63.6	58.2	53.8	48.6	43.4	36.9	30.1	26	22.3	18.3	17.4	15.5	13.4	13.9	14.1	13.6	14.7	17.5	20.6	20.9	21.6	22	23.2	26.3	27.7	29.7	28.5	33.6	37.3	31.8	31.3	37	56.9	88.7	110.8	193.4	252.8	255.2	257.6	257.1	254.8	257.4	257.6	257.6	258.4	259.9	264.6	273.1
280.5	280.5	280.5	280.5	280.5	280.5	280.5	280.5	280.5	280.5	280.5	280.5	279.9	276.6	269.7	262.8	254.6	237.1	229.3	228.6	226	221.6	218.4	215.5	195.5	177	168.9	165.9	166.1	167.9	170	170.1	168.9	124.9	63.3	44.6	42.6	35.7	30.2	29.7	28.9	30.1	33.6	39.5	47.4	54.1	64.6	73.6	81	91.7	105.9	113.8	112.2	112.1	113.1	116.2	116	111	110.7	106.5	101	101.9	103.9	104	109.9	113	116.1	115.5	117.3	120.6	122.4	124.7	129.6	133.4	137.8	142.3	145.3	149.2	150.8	151	148.3	145.5	145.5	146.1	145.9	144	140.7	138	137.2	142.5	149.4	150.5	149.5	149.6	150.7	147.4	143.4	141.4	138.6	137.3	138.1	138.9	138.5	140.7	141.5	138	139	140.1	139.3	139.7	138.6	136.3	138.1	140.6	138.3	135.4	134.8	131.9	126	122.8	118.3	114.2	109.2	105	104.3	103.4	100.8	98.4	99.1	98.2	93.8	92	90.7	89.9	89.9	88.2	87.3	85.8	81.7	81.2	78.6	74.7	75.6	72.8	71.6	69.5	68.5	64.8	60.5	54.3	49.6	44.4	38.6	31.4	27.1	22.5	20.2	18.2	16.9	14.8	13.2	13.3	13.3	12.4	15	18.5	20.2	21.7	21.3	21.2	24.2	27.4	29.4	30.6	32.9	38.1	34	31.2	38.3	56.6	84	106	172.6	254.9	257.6	257	256.4	253.4	253.8	257.3	257.8	257.9	258.4	256.9	261.6
280.5	280.5	280.5	280.5	280.5	280.5	280.5	280.5	280.5	280.5	280.5	280.5	277.2	274.2	272.3	270.6	252.8	232.4	228.7	226.2	223	219.6	217	213.2	188.7	174.9	170.6	168.1	168.3	169.7	169.8	169	166.9	103.1	65.9	54.2	48.2	39.8	31.3	29.9	28.9	30	32.2	36.1	44.4	54.4	64.6	72.8	83.7	97.5	108.7	112	113.1	115	116.8	115.4	114	112.4	112.6	109.1	105.3	106.2	107.3	111	115.4	115.4	117.3	119.1	118.2	119.2	120.6	125.3	135.2	142.2	145.8	147.9	147.9	150.2	153.2	151.5	150.4	149.1	149.1	153.1	151.1	148	147.8	143.8	138.4	144.3	145.6	148	152.6	150.9	145.4	145	148.9	146.6	143.2	140.3	136.6	137.8	136	137.4	143.1	143.9	140.7	139.4	140.5	142.9	141.7	138.7	138.1	139	137.4	137.2	137.1	132.7	130.1	128	120.4	116.2	111.7	107.9	104.4	105.7	104.7	103.3	105	104.6	100.7	97	94.6	94.7	92.8	89.8	87.6	87.6	86.1	82.4	79.6	77.2	77.7	75.9	74.2	71.6	69.7	65.4	61.1	55.6	51.1	45.8	39.3	34.1	29.2	22.3	19.4	20.7	20.4	19.1	16.3	14.7	14.7	13.8	14.5	15.7	18.5	20.4	22.6	23.8	24.1	24.8	29.3	33	35.4	38.9	37.4	31.1	39.3	61.8	83.7	107.3	174.4	245.9	256.2	257.4	257	254.8	253	256.8	258	258.1	258.7	256.3	261.3
280.5	280.5	280.5	280.5	280.5	280.5	280.5	280.5	280.5	280.5	280.5	279.1	275.8	273.2	271.9	270.5	251.9	233	229.4	226.6	222.6	218.1	215.6	214.4	195.3	174.2	169.6	168.4	168.5	169.6	168.9	166.3	164.8	107.6	66.8	55.9	46.7	37.9	31.5	30.2	29	27.7	29.4	34.9	44.2	53.5	63.4	73	85.6	97.8	108.3	113.2	114.2	115.9	117	115.1	115	112.7	111.1	108.7	107.8	108.9	108.9	110.8	116	117.1	117.3	118.4	117.9	119.3	122.4	129.8	139.2	146.1	147.7	149.6	150.1	151.8	154.1	153.1	149.4	149.6	149.2	152.3	153.1	152.1	151.1	150	144.4	145.9	149.9	151.9	150	149.3	146.1	145.5	148.4	148.6	146.9	143.6	140.2	139.3	142.7	143.1	143.7	143.1	141.8	139.5	139	140.8	142.7	142.6	142.7	138.3	137.4	136	133.5	133	133.5	130.5	123.5	116.1	111.1	107.9	106.1	107.1	107.1	106.4	107.8	105.3	100.9	98.9	96.9	94.6	94.9	91.3	89.9	89	87.4	84.1	79.6	78	76.7	74.8	75.2	72.4	68.9	65.2	63.1	58	51.5	45.3	38.4	34.6	29.2	22.8	19.6	19.3	20.5	20.3	18.4	16.9	14.8	14.3	15.3	15.5	17.4	18.7	20.9	22.4	22.9	23.1	26.5	31.4	37.5	39.5	38.8	34.7	47.9	67.7	85.4	107.7	173.4	243.7	258	257.7	257.8	257.1	257.7	257.4	257.3	258	258.7	259.5	261.6
280.5	280.5	280.5	280.5	280.5	280.5	280.5	280.5	280.5	280.5	280.5	278.7	275.8	272.8	271.5	256.7	235.9	231.3	229.5	225.3	223.2	220.6	217.7	211.3	192.3	172.2	167.6	165.3	165.3	167.1	167	166.2	167.5	117.8	83.5	61.7	49.9	40	37.2	32.4	27.6	27.1	31	35.8	45	55.5	67.4	79.3	91.9	104.3	112.2	114.5	115	116	118.9	117.5	116.1	115.1	111.3	110.6	111.2	111.6	113.1	117	119.3	122.2	122	121.6	124.9	129	134.1	141.1	148.3	155.9	160.4	164.4	163	164	164.4	157.9	158.7	159.6	151.7	154.3	155.8	154.7	153.9	154.2	151	146.2	148.4	152.6	152.7	150.6	147.4	148.4	150.3	152.6	154.1	151.9	150.5	152.3	151.2	149.4	145	136.4	136.4	141.4	140.9	141.5	142.5	146.8	148	143.9	142.9	141.9	141.3	139.9	138.9	135.6	133.7	126.6	121.9	118.6	114.4	110.9	111.9	111.1	111	108	105.1	100.3	98.8	96.3	94.4	93.1	93.4	90.2	86.8	84.4	81.2	80.8	80	77.7	76.7	74.2	68.6	65.8	63.5	58.9	53	47.5	38.6	33.3	28.9	24.6	20	18.2	17.1	19	20.7	20	20.4	18.9	16.3	17.7	17.8	16.6	17.7	20.7	23.8	26.2	25.6	28.8	38	40.9	38.7	37.5	52.6	66.5	90.4	131	200.2	254.3	257.3	257.8	257.7	257	257.4	257	257.2	257.9	258.4	257.9	256.8
280.5	280.5	280.5	280.5	280.5	280.5	280.5	280.5	280.5	280.5	278.6	277.4	274.9	272.2	270.9	256.9	235.3	231.4	229.2	223.9	221.8	220.2	209	181.5	172.2	169.1	166.9	165.9	166.4	166.7	166.6	167.3	167.6	128.1	92.9	61.1	50.3	40.6	38.7	33.1	28.8	28.1	31.4	37	45.6	56.2	69.4	81.7	93.3	107.1	113.6	115.8	114.8	115.3	117.8	116.6	116.6	114.9	111.4	111.2	111.8	112.2	113.4	118.3	120.6	121.9	122.8	122	125.4	131.5	137.9	146.5	155.4	161.4	163.6	167.8	172	171.5	169.1	161.8	159.4	162.2	159.3	159.4	158	155.5	156.5	155.9	153	146.5	144.7	149.6	150.9	150.1	149.3	152.2	155.1	153.9	156.6	157	154.5	155.8	153.8	151.9	149.6	141.8	139.9	143.8	145	148.6	148.7	148.7	149.5	148	146.2	143.5	144.4	141.5	139.3	137	135.5	132.7	126.3	122.4	120.8	117.9	113.1	111.8	110.5	108.1	106.9	102.4	99.7	97.5	95.9	94.7	94.6	92.5	89	85.4	82.9	82.5	81	78	76.4	73.8	68.7	66.1	62.6	60.2	54.4	49.3	40.7	31.9	27.3	24.5	22	18.4	16.9	18.5	20.1	19.9	21.1	20.3	17.9	17.2	17.4	16.6	17.8	20.2	23.6	27.3	27.9	28.6	33.9	40.1	38.5	34.7	41.2	59.4	86.4	135.2	219.8	254.7	257.1	256.4	256.4	256	253.2	248.5	247.2	251.6	256	252.3	248.1
280.5	280.5	280.5	280.5	280.5	280.5	280.5	280.5	280.5	280.5	278.2	277	274.3	271.9	270.5	252	233.8	233.2	228.2	223.9	220.6	217.2	204.1	177.7	169.6	168.8	167.7	166.5	167.9	169.3	170.4	170	154.4	85.9	59.8	46.9	43.5	44.1	40.7	35.2	33.8	31.6	32.4	36	45.5	58.3	73.4	89.8	106.1	114.9	119.8	118.6	117.5	118.8	118.3	120.4	117.6	115.1	113.9	114.2	114.9	114.2	115.7	120.7	123.4	125.5	126	125.9	130.6	137.1	144	152.9	163.2	170.7	175.6	178.1	182	184.9	179.3	173.4	169.1	171.1	170.5	166.4	166.8	165.4	160.6	157.4	153.8	148.8	143.2	141	143.6	142.2	144.6	148.4	153.3	157.6	159	162.2	164.6	164.1	164	164.4	164.6	166.5	165.2	162.7	163.1	163.4	158.4	158.3	158	155.3	151.6	150.8	150.8	147.1	143.3	139.4	133.2	134.6	134.5	129.9	126.5	121	115.6	114.7	114.3	111.3	109.9	105.9	98.2	95.8	95.3	95.7	95.5	93.7	90.9	89.8	87.6	84.9	83.9	81.3	80.2	77.5	73.2	67.6	62.7	61.5	57.8	52.2	45.4	35.4	27.1	22.6	18	17.8	16.9	19.6	20.3	19.8	19.5	20.4	20.6	19.9	19.7	18.8	19.1	21.4	23.7	26.8	31.7	32.1	30.6	32.9	32.2	32.1	39.1	59.9	85.1	144	221.7	231	248.4	258	257.6	257.3	256	251.6	248.6	252.2	255.8	253.4	252
280.5	280.5	280.5	280.5	280.5	280.5	280.5	280.5	280.5	279.5	276.5	273.8	272.1	270.6	268.5	253.7	234	233.7	228.5	223.9	219.2	216.2	197.1	173.4	168.8	166.5	166.6	167.1	168.6	170.1	170.2	170.5	158	85.1	53.7	43.3	43.7	43.8	39.4	37.6	35.9	32.5	33.4	35.9	46.2	59.3	74.9	92.2	106.5	116.2	120.3	119.2	117.5	118.7	120.9	122.5	119.2	115.8	115.2	116.6	115.4	115.9	115.9	119.5	123.9	127	129.1	129.2	136.7	145.8	150.9	154.8	163.9	171.1	177.9	182	184.1	184.9	180	174.3	174.4	175.9	177.1	173.4	174.8	173.9	168.8	162.8	159	154.4	149.4	145.9	144.4	147.7	150.2	150.7	153.5	156.7	156.1	159.4	161.9	163.1	165.4	168.7	170.3	169.3	165.8	165.5	167.7	166.6	162.3	161.1	161.7	158.2	154.4	151.6	149.7	147.4	145.2	140.3	130.8	129.9	128.2	126.9	123	117.2	116.1	115.5	113.2	110.8	109.8	106.6	101.8	96.5	94.4	94.3	93.2	94	92.8	91	89.5	87.6	84.4	80.6	79	76.4	71.1	67.9	63.8	62.7	59.6	53.4	45.1	35.6	29.4	22.7	17.6	16.4	17.1	17.8	19.3	19.3	19.5	20.1	19.2	19.7	20.2	17.6	17.1	19.4	23.6	25.9	28.4	30.4	31	30.7	31.6	30.8	34.3	48.8	75.7	128.1	210.3	227.1	251.8	257.9	257.3	257	256.6	256.3	254.9	253	253.4	256.3	258.6
280.5	280.5	280.5	280.5	280.5	280.5	280.5	280.5	280.5	279.4	276.3	273.1	271.4	269.8	265.1	239.9	233.5	232.8	227.1	222.3	217.6	213.1	188.9	173.4	170	169.4	170.2	171	172.7	172.3	169.6	167.9	162.7	93.5	54	46.7	43	38.5	41.1	46.1	41	33.4	32.8	40	53.6	68.1	90	106.6	116.6	119.4	120.9	121.2	119.6	119.2	120	121.3	120.1	119.3	118.8	117.4	117.4	119.2	119.9	124.8	129.8	130.7	134.3	138.5	146.6	155.2	157.8	160.9	166.6	179.4	183.7	193	198.5	195.4	196.1	192.1	188.6	191.7	193.3	188.3	187.9	190.9	184.7	179.3	178.2	173	168.6	164.9	161.5	162.8	163	165.1	170.2	166.4	163.5	168.2	173.6	176.9	176.5	179.9	179.3	180.9	183.4	179.6	179.7	181.4	183.6	180.8	177.6	180.9	177.7	166.6	161.2	153.3	145.8	139.4	131.6	129.3	130	126.8	120.9	115.8	114.4	112.3	110.7	109.9	106.7	103.5	103.5	101.3	99.3	97.5	96	95.8	93.7	91.9	92.6	92.1	88.6	85.2	81.7	78.6	74.6	71.2	67.2	67	62.5	56.4	48.4	39.4	30.6	23.8	20.4	16.1	14.8	14.3	15.7	17.1	18.1	18.1	19.5	20	20.3	19.6	17.8	19.1	22.6	27.5	31.4	30.7	29.4	29.6	31.4	30.9	33.9	47.2	75	119.1	182.7	241.4	256.6	256.2	256.9	256.4	255.7	254.7	254.6	252.5	254.1	258	258.8
280.5	280.5	280.5	280.5	280.5	280.5	280.5	280.5	280.5	279.2	275.6	272.7	270.7	268.5	262.6	239.2	232.1	231.4	226	220.8	217.9	210.6	189.2	175.4	170.5	171.8	172.9	171.6	171.8	170.6	168	165.7	164.6	94	51.4	47	44.9	40.8	41.2	45.3	40.6	32.3	32.7	40.4	53.9	72.4	92.5	107.1	116.5	118.7	120.4	121.3	118.1	117.5	121	120.9	120.3	119.4	119.7	119.2	120.5	121.7	123.5	128.3	132.5	134.3	138.8	147.1	153.4	161.1	162	165.6	172.3	182.6	188.4	197.8	202.7	195.3	196.2	198.4	196.9	198.7	200	198.9	196	191.5	185.9	180.9	180.9	176.1	173.3	173.5	169.7	164.9	164.4	165.2	168.1	170.6	169.4	169.8	175.1	182.9	182.7	187.2	189	187.8	185.5	184.6	185.8	182.8	184	182.1	180.2	182.5	176.6	167.1	161.8	153.5	150.2	141.5	132.7	128.9	129.7	128.2	120.4	115.6	113.4	111	110.3	109.3	107	105.4	104.3	103.1	101.5	98	95.7	94.2	93.3	92.3	94.5	93.7	90.5	87.3	83.7	79.8	76.5	71.6	69.5	67.6	62.6	56.1	48	38.7	31.1	24.1	21.7	17.4	14.7	14.4	14.7	15.1	16.7	18.1	21.1	20.6	20.5	21.2	18.2	18.8	21.4	26.4	29.7	29.1	29.3	28.4	28.9	29.9	33	44.9	72.8	109.8	164.9	222.4	253.1	253.3	252.4	254.5	257.6	257	255.1	255.3	255.3	258.1	258.7
280.5	280.5	280.5	280.5	280.5	280.5	280.5	280.5	280.5	278.8	275.6	273	270.7	268.7	252.3	233	229.9	225	222.5	220.2	218	210.9	192.1	177.5	172.7	171.5	168.8	166.1	166.2	165.8	165.4	165.3	164	100.7	50.7	57.5	57.8	46.5	42.9	40.1	37	35.9	37.7	41.7	60.3	86.3	105.9	118.6	121.1	117.7	119.8	124	123.1	120.8	120	120.7	123	122.5	121.5	123.2	124.5	124.1	127.1	132.8	136.5	139.4	144	151.4	158.3	164.2	171.9	177	184.7	187.4	192.1	202.9	205.4	199.9	197.6	201.7	206.6	208.6	211.3	209.5	205.2	198	190.5	191.2	188.7	183.5	178.8	179.5	176.6	173.3	171.8	167.8	168.9	174.3	174.6	177.9	184.7	184.3	187.6	190.7	193	192.6	187.6	186	190.5	191.4	187.6	186	183.1	183.2	175.7	165.9	161.1	156.5	151.4	145.2	135.4	133.8	132.1	125.2	123.8	122.3	117.1	114.3	112	110.2	109.8	106.8	105.3	105.1	103.1	100.1	97.8	95.4	93.8	94.1	95.7	95.3	89.7	86.1	84.4	81.8	78.6	74.6	72.2	72.2	70.1	65.5	55.8	45.3	36.7	28.2	23	20.1	16.4	16.6	14.7	15	17.4	17.6	18.9	19.8	19.9	19.1	19	19	20.2	22.7	25	26	26.7	27.2	26	27.5	30.1	46.1	71.7	93.1	156.7	211.6	230.3	252.8	253	256.1	257.7	257.2	257.4	257.2	255.4	258	258.7
280.5	280.5	280.5	280.5	280.5	280.5	280.5	280.5	280.5	277.2	274.9	272.8	270.3	268.9	254.5	233.4	228	224.1	222.8	220	219.4	205.8	188.7	177.2	172	169.3	167.5	165.5	165.1	166.1	165.9	165.5	164.2	106.5	55.8	61.5	60.3	47.6	40.5	36.9	36	36.3	36.8	41.8	61.5	90.3	108.5	119.4	123.6	118.7	118.5	122.1	125.1	125.3	122.2	123.3	125.2	124.7	123.7	123.7	125.3	126.4	127.9	131.8	137.6	144.4	150.8	155.4	160.3	163.9	169.7	177	184.6	186.8	190.7	202.9	202.4	200.8	201.7	205	211.4	211.8	214.7	209.8	204.6	201.5	196	192.3	190.5	187.1	184.8	180.9	176.5	173.5	175.4	172.5	174.5	177.5	174.1	178.3	185.6	184.6	187.9	189.9	189.4	191	191.4	190	187.9	187.7	186.6	187.3	185.6	182.6	176	167.4	163	155.9	151.3	145.6	136.5	134.9	132.4	127	124.4	123.6	118	114.5	113.3	112.2	109.8	104.8	104.3	104	102.4	101.3	98.6	94.6	95.5	93.5	93.5	92.9	90.8	86.9	83.4	80.9	79.4	76.6	73.5	72.5	72.2	66.6	59.5	47.9	38.1	28.8	23.2	20.7	17.2	15.6	15.3	16	18	18.2	19.5	17.7	18	19.3	18.3	19.2	19.3	20.7	21.3	23.3	24.5	26.6	24.6	25.8	29.8	40	67.3	91.6	137	194.3	224.7	244.9	255	258.6	257.9	257.3	257.3	257.3	257	257.8	258
280.5	280.5	280.5	280.5	280.5	280.5	280.5	280.5	280.5	277.3	275.1	273.2	271	267.7	245.1	231.6	227.2	228.2	227.5	223	220.3	210.4	194.3	177.8	169.5	166.5	166.6	166.5	166.6	167.1	167	166.4	164.6	122.7	68	64	55.4	42.7	38.4	40.7	40.8	36.4	34.1	42.1	69	102.1	118.8	123.2	125.1	122.7	119.3	123	124.4	124.3	125.4	126	127	126.8	125.7	125.3	128.7	128.8	132.1	135.8	141.9	145.7	152.2	157.4	161.7	165.7	174.1	176.7	181.4	185.7	189.1	198.6	202.3	202.4	202.8	208.7	215	215.6	214	211.5	205.6	205.7	202	196	191.7	193.4	199	193.1	183.9	178.2	176.6	177.9	179.8	183.8	186.1	189.2	191.7	187.5	188.2	192.7	196.6	203.1	201.8	195.2	194.3	191.5	189.6	189.9	188.9	182.9	177.4	174.6	171	158	150.9	147.3	138.5	134.7	132.4	132.2	131.7	126.6	122.7	118.6	116.2	114.4	113.7	109.1	106.9	106.8	102.7	97.7	98.3	97.9	97.1	93.6	94	93.5	90.9	88.6	85.1	81.6	80.5	78.5	76.1	75.5	75.4	72.4	67.1	58.6	45.9	36.1	26.4	19.8	17.7	16.2	17.3	18.2	18.6	19.6	20.1	19.2	17	18	19	19.4	20	23.2	26.4	29.1	27	25.7	24.1	25.3	30	38.1	77	105.9	129.6	169.2	208.1	253.2	254.4	257.5	258.1	257.8	257.4	257.6	257.6	257.6	258
280.5	280.5	280.5	280.5	280.5	280.5	280.5	280	277.5	275.3	273.2	271.4	270.2	264.6	243.8	232.5	228.7	229	225.6	220.8	219.1	217.1	205.8	184.1	171.5	168.7	167.1	165.8	166.3	166.4	166.4	165	163.7	134.4	72.5	72.8	56.9	42.6	40.6	41.1	42.3	36.9	33.6	42.5	70.2	102.8	118.8	124.3	126.5	122.5	119.5	124.5	125.7	126.1	127	127.7	129.2	128.9	127.8	128.9	129.2	132.1	134.8	137.5	146.6	153.2	158.2	160.5	164.7	164.1	169.5	176.3	182.9	187.5	188.5	190.4	193.9	194	201	208.3	210.3	209.6	211.1	209.3	206	206	206.2	196.3	192.1	190.6	192.9	195	188.6	183.4	180.6	180.4	183	184.6	186	192	193.9	188.7	188.7	192.4	198.7	203.7	200.3	195.8	194.3	193.5	192	190.1	189.2	185.7	176	172.7	169	156.7	152.4	147.7	138.7	133.6	131.2	131.7	129.5	126.5	123.7	120.1	119.1	116	113.8	109.9	106.4	106.5	103.5	99.1	98.5	98.2	95.3	94.4	95.2	95.5	91.5	89.4	85.8	82	83	79.6	75.7	76	74.6	72.5	68.2	61.5	51.3	37.9	26.9	19.8	17.8	17.2	16.9	17.7	18.8	20	20.1	20.5	19	17.3	19.2	19	21.3	24.4	26.7	29.8	26.9	23.2	24.5	24.8	33.3	46.9	82	136.7	168.3	186.6	216.7	258.1	257.1	255.3	255.7	257.3	254.6	253.2	252.4	251.4	255.2
280.5	280.5	280.5	280.5	280.5	280.5	280.5	279.8	277.3	275	273	270.9	261.6	244.3	235.1	230.5	229.9	226.7	219.4	216.7	215	215.4	215.8	192.2	173.8	169.2	166.1	166	165.8	164.4	164.9	165.2	165.9	136.1	73.2	72.7	69.5	53.9	45.1	46.7	41.2	35.4	35.6	44.7	76.3	109.6	121.2	123.2	123.9	123.4	122.7	129.1	128.5	130.1	133.7	133.1	134.3	134.3	136.6	136.8	136.2	136.7	137.5	142.5	149.1	156.6	161.2	165.5	167.3	170	173.1	176	178.9	183.6	187.9	185.7	188.2	185.1	185	189.5	193.9	196.2	200.1	197.6	199.9	205.1	202.6	194.6	199.9	201.1	197.5	201.3	196.6	191.2	193.5	189.2	187.3	188.7	191.6	195.1	194.7	195.7	197.7	197.2	203.6	205.3	202.3	198.6	191.4	186.2	182.6	180.6	176.5	174.9	171.7	164.7	158.5	155.1	155.2	151.1	145	140.2	134.7	137.6	140.2	137.1	135.8	133	127.5	123.6	118.3	111.5	105.7	107.4	108.3	106	103	101.7	100.5	98	96.7	95.8	95.8	92.1	88	85.9	84.7	82.4	80	78.9	78.7	79.1	76	69.7	61.6	45.9	31.9	23	18	16.4	15.4	16.3	18	20	21	20.4	19.9	19.1	19.6	19.8	22.4	26.3	34.8	41.6	35.3	26.5	24.2	25.7	31.1	51.7	111.7	197.4	225	252.6	258.8	258.8	258.4	257.9	257.5	257.6	256.2	255.6	255.3	251.4	252.4
280.5	280.5	280.5	280.5	280.5	280.5	280.5	279.5	276.7	274.6	272.1	269.8	259.3	245.5	234.3	228.5	228.2	225	218.4	215.8	214.3	215.1	193.8	176	169.3	166	165	165.6	166	165.6	164.9	165.8	167.3	124.6	70.5	71.3	71.9	53.4	44.3	44.9	40.8	35.7	35.2	45.2	76.2	112.2	124.8	127.3	130	126.8	124.8	130.5	130.9	132	134.4	137.2	137.4	138	139.5	140.6	139	137.1	137.5	143.1	152.4	161.6	166.2	167	168	170.3	173.7	177.2	179.6	179.6	181.1	176.9	178.5	180.6	181.3	183.9	192.3	198.1	199.6	199	199.1	204.8	206.1	199.7	198.6	199.6	197.6	197.2	193.6	189.4	191.1	187.8	185.7	191.5	194.8	193.3	193	195.1	194.4	196.4	198.4	194.2	191.7	187.1	183.6	182.4	178.3	175.2	173.9	173.9	166.7	159.9	154.3	152.3	155.3	151.6	145.7	143	137.1	140.5	142	137.9	137	135.4	131.3	126	120.1	112	105.8	107.2	108.6	106.8	103.6	103.2	103	99.6	96.5	96	96.4	93	89.5	87	84.8	82.4	80.7	78.6	77.8	77.7	74.2	69.1	62.1	48.3	32.2	23.1	18.5	16	16.7	15.5	17.9	20.3	21.5	21.2	20.8	20	20.1	19.4	21.1	28.6	37.3	46.9	44.8	33.1	26.4	28.4	37.4	60.7	129.9	213.3	220.9	246.8	258.6	258.5	258.6	258.5	258.6	257.9	257.3	257.6	257.3	257.1	257.9
280.5	280.5	280.5	280.5	280.5	280.5	280.5	279.3	276.4	273.9	271.3	269.3	264.3	247.3	227.9	227	226.9	220.4	215.2	214.3	214.5	213.5	187.6	171.9	168.2	165.8	165.4	164	165.4	166	166.5	167.6	169.3	150.9	130.8	100.6	77.5	68.5	48.1	38.5	37.6	33.8	31	43	80.8	117	126.8	130.6	133.2	131.7	131.8	133.2	131.7	133.3	137.4	140.4	142	143.2	143.6	139.5	135	132.5	133.5	139.6	149	155.3	164.2	168.1	171	173.2	179.8	184.1	184	178.7	172.5	170	172.1	172.6	175.3	177.7	182.8	187.9	191.1	195.9	195.3	196.1	196.7	195.2	193.6	196.1	197.7	192.7	194.1	197.9	194	193	190.4	190.7	193.8	195.3	196.4	190.7	181.8	185.8	190.4	187.1	181.8	177.1	175	169.9	167.7	166.1	162.2	162.8	162.5	158.3	153.1	154	158.8	156	150.6	147.6	148.7	146.6	149.4	147.4	149	147.1	140	135.1	128.8	119.8	112.4	112.2	112.7	112.4	109.8	106.2	103.6	102.6	102	101.1	98	97.4	93	87.5	84	83.8	81.5	79.8	79.5	78.3	75	72.2	66.5	54.3	34.1	24.5	20.7	18.5	18	17.1	16.8	21	20.6	21.4	22.2	22.2	22.4	22.7	28.2	38.7	45.2	53.7	62.9	61.9	40.4	29.4	38.8	62.5	142.3	216.7	224.7	244.3	256.8	258.7	259.1	258.8	258.6	257.9	257.3	257.3	257.4	257.1	257.8
280.5	280.5	280.5	280.5	280.5	280.5	280.2	278.4	276.3	272.9	269.8	267.7	266.9	251.3	226.6	227.3	227.5	219.6	214.5	214.1	215.2	215.5	197.9	172.6	168.8	166.6	165.7	164.3	165.4	165.6	166.2	167.8	169.1	163.1	154.6	117	77.7	66.7	50	39.9	37.8	31.9	30	43.1	81.8	117.6	129.9	132.9	132.4	132.2	131.8	133.1	133.4	135.1	137.5	139.7	144.5	145.2	140.9	134.9	133.5	137	138	141.5	145.5	150.7	159.4	163.3	169.3	171.5	173.2	176.5	178.6	176.5	168.8	165.7	168.9	170.1	172	171.3	174.9	178.4	178.6	184.1	189.1	188.6	186.4	186	190.1	191.7	191.6	190.5	191.9	196.1	192.9	193.1	188.2	183.7	190.2	194.2	193.1	187.1	181.8	185	184.6	182	179.1	176.6	175.8	169.1	163.8	160.6	158.1	160.6	157.6	154	151.4	153.5	156.7	154.1	150.4	147.2	147.9	148.2	148.3	150.2	151.5	149.1	135.9	128.6	126.7	120.9	114.8	112	112.3	112.7	110.2	106.8	105.6	105	102.1	100.5	98.2	96.7	95.2	89.5	84.8	83.4	81.3	78.5	79.5	80.2	75.6	72.6	68	56.3	35.9	23.8	20.3	18	18.3	17.4	16.6	17.4	19.8	21	21.3	22.2	24.8	26.3	30.9	39.7	43	45.1	55.3	63.4	51.5	32.3	39.1	70.7	135.7	207.3	224.1	227.9	250.3	258.4	259.1	259.3	259.1	256	256	257.6	257.7	257.3	257.2
280.5	280.5	280.5	280.5	280.5	280.5	279.5	277.7	275.8	272.5	269.4	267.7	265.5	237.1	232.3	238.4	227.2	217.4	214.9	214.8	214.6	215.3	198.9	174.8	169.4	166.9	165.9	165.7	167	166.2	168.2	169.2	167.6	167.9	145.4	93.7	60.8	51.5	51.5	46.3	34.9	28.3	30.8	47	88.5	126	129.9	132.4	136.8	134.4	132.8	134.7	139.7	141.9	141.9	144.1	140.7	134.6	125.5	115.8	119.2	127	125.4	128.7	135.6	141.7	148.9	154.4	159.9	166.9	172.5	171	167.7	168	161.7	159.4	161	162.3	163.4	160.8	160.1	161.1	164.2	165.5	168.3	173.2	172.6	168.7	171.7	174.1	175.8	178.3	182.1	180.7	180.8	180.1	177	175.7	179.5	183.7	186.6	184.7	181.7	180.8	176.3	175.7	174.9	168.6	167.8	165.2	156.2	151.4	152.8	155.2	152	148.8	148	145.6	148.7	146	141.1	141.1	143.9	147.2	146.8	143.2	141.7	137.3	126.7	121	113.4	113	115	115.2	115.1	114.9	116.2	113.6	111.1	107.4	104	102.9	100.9	99.2	96.8	91.8	85.6	82.8	80.9	79.9	79.3	80.5	77.8	73.7	70.3	60.6	38.7	25.4	21.1	19.2	17.3	17.2	17.5	17.2	18.2	19.6	22.2	24.3	28.2	33.9	39.3	38.6	35.6	33.9	35.8	49.8	66.8	55.1	45.7	79.7	127.7	170.1	197.9	244.6	249.7	256.7	258.8	259.1	259.1	257.3	258	257.8	257.6	257.4	257.2
280.5	280.5	280.5	280.5	280.5	279.5	278.4	276.6	274.4	271.9	269.6	267.7	265.5	237	239.1	245.3	227.7	217.1	214.5	214.9	207.4	200.7	193.6	182.6	173.6	169	166.5	165.9	165	166.2	169.6	169.3	167.4	167.7	128.9	88.1	62.6	48.1	45.9	44.9	35.1	28.3	30.6	43.7	86	127.6	131.9	132.2	139	136.7	132.9	137.2	141.2	141.2	142.8	141	132.8	124	114.6	110	113.1	118.2	119.6	122.4	129.6	134.3	141.4	145.5	149.5	157.3	159.9	160	161	156.5	153.5	153.1	151.3	152.6	154.7	154.3	151.5	152.8	158	163.3	167.1	168.7	167.9	165.8	166.6	172.7	174.4	172	173	174.9	175	170.4	171.4	176	180.4	179	181.9	184.3	179.5	174.2	171.7	169.2	169.1	165.2	161.8	159.4	154.1	150.5	153.7	153.6	146.5	144.5	141.5	139.3	142	140.2	137.6	136.7	136.5	142.2	139.8	134.8	133.1	128.4	120.7	112.7	105.2	104.7	108.8	111.1	112.1	111.3	113.5	113.3	110.8	108.6	105.1	103.3	103.3	99.7	95.4	93.1	86.8	84.4	82.6	79.8	80	79.6	78.4	74.6	71.4	62.7	42.1	25.9	22.3	19.3	17.9	17.7	17.6	18.4	17.4	20	23.6	25.8	29.8	34.7	40.5	37.9	34.8	33.2	34.1	44	65.7	62.8	45.2	64.9	118.1	176.2	213.2	249.6	251	248.9	249.7	250.4	249.4	251.7	253.8	256.1	258.3	257.2	257.3
280.5	280.5	280.5	280.5	280.5	279.2	277.8	276	274.1	271.6	269.6	267.9	250.5	238.7	261	244.8	222.4	216.3	215.6	216.2	205.6	193.1	188.5	179.5	170.2	167.5	166.5	164.4	165.4	169.7	168.5	167.2	167.9	139	98.4	89	81.6	61.3	42.8	36	30.3	27.1	31.4	48.8	95	131	136	137.9	140.1	137.2	137.8	144.4	142.5	133.3	127.1	114.5	99.7	94.6	93.5	95.1	98.6	100.7	101.7	105.4	110.7	115.3	119.6	124.5	131.1	137.8	142	141.9	140.9	141.8	144.2	143.9	136.6	134.8	139.9	141.3	140.9	139.2	143.6	151	155.7	155.5	154.8	156.1	155	160.3	162.3	160.5	160.6	161.7	162.9	161.3	161.8	163.1	160.2	155.9	157.9	162.3	164.6	165.6	159.9	156.4	155.2	153.2	148.7	146.6	145.8	146.1	146	144	139.3	134.8	131.9	133	134.5	130.5	128	123.7	120.8	118.8	114.1	111.9	114.3	109.9	102	95.9	89.8	86.6	88.5	92.2	97.7	102.6	104.4	108.9	111.9	109.4	107.6	106.8	105.1	101.1	95.4	91.8	87.5	83.8	80	78.5	79.1	78.6	76.8	75.4	72.5	64.3	44.7	28.7	23.2	21.4	19.1	17.9	16.8	17.1	18	19.3	22	27.9	33.6	38.5	37.3	33.2	32.8	35.8	36.8	38.2	52.8	72.6	63.8	65.6	125.1	205.7	244.9	255.5	254.6	251.4	250.5	253.7	253.7	252.5	252.9	254.4	257.9	257.7	257.3
280.5	280.5	280.5	280.5	280.5	277.7	276.5	275	273	271.4	270	267.9	253.2	241.6	262.9	244.8	221.3	215.9	216.5	217.3	210.2	199.7	188	179.5	171.3	167.1	165.7	163.5	166	168.9	167.6	167.7	168.5	121.4	88	87.3	84.8	70	46	37.3	30.4	27.4	31.5	51.5	99.2	133.4	140.4	141.7	141.2	140.1	138.7	144	137.6	126.5	115.8	102.4	92	88.1	86.1	87.3	89.4	93	94.9	96.5	99.2	102.5	106.4	114	121.1	127.8	129.4	126.2	123.4	126	129.3	128.8	126.7	124.1	129.5	134	132.7	133.5	137.7	141.5	146.1	148.2	151	152.1	150.3	153	156	155.6	158.7	161.4	155.7	154.3	158.4	160.2	157.4	154.1	155.5	156.5	158	160.1	155.7	153	151.6	146.5	142.7	138.5	136.8	138.9	139.3	136.1	134	130.9	125.9	127.8	126.8	119.9	115.3	112.4	109.1	107	104.8	101.2	102	99.6	96.4	91.5	83.4	82.3	82.9	85.5	91.4	95.9	97.5	103.5	108.1	108.6	109.6	108.7	106.2	102.3	98.5	91.6	86.5	83.8	81.5	80.6	80	78.1	78.7	75.4	72.8	64.5	46.6	31.3	23.4	21.8	19.8	16.9	16.9	17	17.8	18.1	23.6	29.2	34.5	40.6	38.8	34.5	34	35.7	37.5	38.4	47.9	71.1	71.4	65.8	119.6	209.8	244.8	256.3	256.7	257.6	257.8	258.8	258.4	258.1	256.5	254.6	255.8	256.2	255.9
280.5	280.5	280.5	280.5	280.5	277.7	276.6	274.8	272.7	270.9	269.9	267.6	258.1	262.7	259.5	230.5	219.4	217	218.1	216.7	214.7	204.6	189.2	179.4	171.3	166.9	165.7	166.9	168.7	168.2	168.8	167.3	158.8	78.3	55.5	75.3	82.6	77.1	63.1	43.1	29.9	28.3	35.4	58.7	107	137	141.9	143.5	143	144.7	138	126.2	108.8	92.7	85.5	82.2	80.5	80.4	82.3	81.9	84.2	84.9	86.3	84	81.8	84.5	88.3	89.9	92.1	96.7	97.5	95.1	95.6	94.3	95.3	99.8	107.4	116.1	119.6	121.2	118.8	120.6	124.3	123.5	126.1	130.8	134.6	139.3	141.8	146	148.6	146	147.2	148.6	137.3	136.6	146.1	148.3	149.4	147.4	145.5	143.8	144.5	142.6	141.2	139.8	137.4	133.6	130.5	125.3	120.3	117.1	121	119.4	117	113.2	107.8	106.4	104.8	99.9	94.6	91.5	89.2	87	83.3	82.3	82.9	81.9	81.3	83.1	80.4	77.4	77.5	76.6	78.7	79.7	81.7	87.4	88.7	93.7	101.9	104.9	105.9	102.6	100	96.1	90.8	87	83.6	81.6	79.7	78.2	79	78.8	74.1	65.2	50.8	34.3	25.1	22.9	20.7	18.3	17.5	17.8	17.3	19.4	24.7	34.6	40	45.8	50.3	42.9	38.1	37.6	37.1	38.2	42.9	63.9	83.8	81	132.5	218.5	247.5	256.2	256.5	257.6	257.8	258.3	257.5	257.2	257.9	255.3	253.3	255.5	257.6
280.5	280.5	280.5	280.5	280.5	279.4	276.8	274.3	271.9	270.1	268.5	266.2	263.1	265	258.9	230.1	219.2	217.7	219.2	216.9	215.1	215.1	209.6	191.3	179.2	169.3	165.9	168.6	169.6	168.8	168.5	167	155.9	74.7	50	67.6	78.5	74.3	66.6	47.5	30.8	28.9	35.9	59.8	108.1	136.8	143.1	145.1	145.3	145.1	136.9	120.5	104	91.5	83.3	76.4	75.1	74.3	75.9	80.3	79.5	79.8	80.4	75.1	74.3	77.3	80.4	80.8	79.2	81.9	82.2	81.7	81.7	83.1	85.6	86	92	100.4	103.9	106.2	109.2	111.8	110.3	110.8	114	120.9	128.1	133.3	136.8	145.4	146.7	143.2	145.5	142.5	132.2	134.6	143.9	147.9	147.7	146.3	145.9	142.4	138.9	135.5	132.4	129	126.5	123.3	121.9	118.7	113.1	106	106.8	105.3	103	101.7	96.8	92.8	90.8	90.8	88.6	85.6	84.3	82.7	81.5	79.7	81.4	82.6	81.7	83.4	83.6	83	82.5	80.9	79.3	78.4	79.5	82.4	80.9	84.7	94.2	98.9	103.3	103.2	101.3	98.7	93.7	90	86.4	83.1	80.1	79.1	80	77.8	75.3	67.4	52.7	37.3	27.9	22.9	20.8	19.6	17.9	18.1	17.7	20.1	24.7	34.4	40.9	47.6	54.4	45.8	42.1	39	37.7	40.2	43.4	61.3	88.4	94.9	139.3	218	246.2	256.4	256.3	256.7	254.8	250.9	250.1	248.4	250.2	253.6	250.9	249.4	254
280.5	280.5	280.5	280.5	280.1	279.1	276.7	274.1	271.4	269.9	268.2	266.2	265	265	245.9	223	220.6	219.8	217.7	215.8	217.6	217.1	212.2	190.1	178.4	171.4	169.7	170.2	169	167.9	168.4	168.7	136.1	63.4	47.4	47.1	62.4	67.3	69.3	55.8	31.8	31.5	40.7	64	112.7	138.2	143.8	150.9	152.3	146.8	129.4	112.1	98.9	90.8	82.3	73.6	71.8	72.3	72.3	72.7	75.7	77.6	72.5	69.7	69.2	69.6	67.9	66.1	65.1	67.1	67.1	66.8	66.1	68.8	71.2	70.6	69.6	72.8	77.6	82	87.2	93.1	94.4	94.1	97.2	101.9	110.7	116.5	119.2	127.8	130.8	130.7	132.8	129.4	124.2	129.3	134	134.9	134.6	134.5	131.9	131.1	127.1	121.6	116.8	113.1	108.8	103.8	101.4	97.3	93.3	86.4	81.2	77.2	75	73.8	69.5	68.8	67.3	68	67	69.3	69.3	67.9	68.5	69.1	73.5	76	76.6	77.9	79.6	81.8	79.4	77.6	71	67.9	68	70.1	69.9	71.6	78.2	83.4	90.9	99.6	102.9	98.9	91.7	89.9	87.5	83.7	80.8	80.1	80.1	78.2	77.4	71	56.9	39.6	28.6	24	19.8	19.3	18.5	17.2	18	21.8	30.2	37.4	44.1	58.4	65.8	58.6	48.1	44.7	41.3	43	45.2	56.9	87.6	108.4	138.2	218.5	250.2	256.2	256.3	257	256.4	253.5	253.1	249.6	249.5	253.4	253	251	255.5
280.5	280.5	280.5	280.5	278.4	276.6	275.3	273.5	270.7	269.8	268.5	266.4	265.2	265.1	244.4	222.5	221.1	220.8	218.2	217	218.6	217	216.1	200.5	176.8	170.5	170.4	169.5	168.2	166.9	167.8	169.1	129.2	60.5	48.6	43.6	54.4	66	66.9	53.7	31.7	32.1	42.3	65.6	115.4	140.5	143.5	150.4	149.7	145	131	110.5	98.4	89.7	79.8	73.8	72.7	71.1	69	66.9	68.7	70.8	67.1	63.4	61.1	60.1	60.7	57.1	57.8	60.5	59	54.6	54.6	56.8	59.8	61.4	61.3	64.7	69.2	75.9	80.2	81.5	83.8	87.6	93.8	98.8	106.2	108.5	113.5	124.8	124.8	130.3	134.4	131.8	130.7	134.2	137.2	136.2	138.6	137.4	128.6	124.2	120.8	116	107.9	104.2	100.4	97.9	94.9	90.4	82.8	75	70.4	67.6	64.8	63.5	64.2	67.2	65.6	64.7	62.4	62.5	63.8	64.4	66.4	68.4	72.1	76	76.8	78.6	79.8	79.3	80.8	80.3	74.2	72.6	71.2	70	69.9	72.8	81.8	84.6	88	96	101.5	98.5	94.5	92	87.9	84.5	81.6	80.8	79.9	78	76.7	72.2	59	41.1	28.8	24	21	19.6	19.1	17.5	18.2	23.3	32.3	39.4	47.2	59.7	67.2	60.5	50.6	45.4	43.2	43.1	45.2	58.7	92.1	116.2	139	215.4	243.3	252	250.9	251.1	253.5	254.5	258.5	257.8	255.8	258.3	258.4	257.7	258.1
280.5	280.5	280.5	280.5	278.1	275.9	274.8	273	270.5	269.5	268.2	266	265.1	258.6	229.7	222.4	223.5	219.5	218.1	218.9	219.5	217	215.9	206.7	183.6	174.9	172.2	167.9	165.1	166.1	169.4	169.3	117.9	56.8	46.2	42.2	42.7	52.6	62.1	50	33.8	37.3	47.2	69.8	118.9	142.9	149.8	149.1	141.8	137.2	125.1	111.5	102	92.4	82.9	76.3	74	69.3	65.4	62.7	61.2	58.7	54.6	53.4	52.1	49.4	47.8	45.6	41.5	42.4	40.4	35.9	33.2	34.4	37.1	38.9	39.8	41	46.1	52.8	57.8	60.6	65.4	72.7	77.3	83.2	91	96.1	100.7	111.8	114.4	120.9	126.1	127.9	128	128.5	127.7	129.5	133.1	129	120.1	110.2	104.5	98.6	90	83.4	77.9	74.5	71.8	68.1	61.3	55.4	50.9	48	47.3	47	49.9	53.7	53.1	51.6	52.4	49.7	49.4	51.4	56.1	58.6	60.4	61.4	62.7	64.3	65.5	65.9	67	66.3	65.6	66	65.8	64.4	65.3	67.8	72.3	77.9	85.4	92.5	96.5	97	95.6	93	86.7	84.4	81.7	81.4	79.5	76	75.9	71.4	59.8	43.8	31.6	24.4	21.6	19	19.1	20.6	20.8	26.2	35.6	43.4	51.2	59.8	65.5	62.2	55.3	50.2	45.2	44.4	47	58.6	87.6	118	160	222.3	247.4	249	246.8	247.3	251.2	253.8	258.4	257.9	256.9	258.1	258.3	257.7	255.3
280.5	280.5	280.5	280.5	278.4	275.7	273.9	271.7	269.9	268.8	267.4	266.4	265.3	257.2	228.8	222.1	223.1	220.3	218.2	219	219	216.8	216.5	216.7	210.8	184.3	173.7	169	165.4	166.7	169.2	168.8	119.7	56.9	45.5	42	41	48.3	58.6	47.9	33.6	37	48.8	72.2	122.6	145.7	150.4	150.7	143.3	141.3	133.8	118.3	108.5	101.8	93.5	86.4	81.4	76.2	73	69.2	65.1	60.8	54.9	51.7	46.6	42.5	39.5	36	34.1	33.1	33.3	32.9	32.2	33.9	36	39.1	39.9	43.3	47.5	51.4	56.2	61.2	68.2	75	77	81.2	89	95.3	101.1	110	117.4	122.8	127.4	132.8	136	136.8	131.3	132	131.9	124.5	119.5	112.7	105.4	98.5	91	81.5	73.3	70.2	66.4	62	56.6	50.7	46.5	43.5	43.1	45.9	47.6	47.9	46.5	45.3	45.2	45.4	46.4	49.9	52	54.6	54.8	55.3	55.7	57.5	57.9	57.5	58.8	61.8	63.9	64.6	64.5	65.1	67.4	67.4	67.8	72	78.2	85.1	91.2	94.2	95.7	94.4	88.9	85.4	83.3	81.2	80.1	76.3	75.9	71.7	60.9	46.3	33.4	25	22.1	20.1	18.7	21.3	21.7	26.8	37.8	45.5	54	59	64.8	65.3	57.7	52	47	46.7	51.4	69.3	95	119.6	168.4	223.6	245.8	244.7	248.6	252.8	254	256.2	256.9	256.3	257.7	257.9	258	257.6	249.9
280.5	280.5	280.5	280.5	278.1	275.2	273.6	271.4	269.5	268.6	267.4	266.5	265.6	244.6	225.4	224.6	222.7	220.4	219.6	219.7	219.2	216.4	217.4	218.9	205	182.8	171.5	168.5	167.5	168.6	168.6	167.9	120.3	58.2	47	43.1	44	46	55.8	52.3	39.9	42.9	50.4	74	125.6	145.2	148.5	147	145.8	144.4	132.8	115.7	110.3	107.8	103.7	98.1	89.1	82.8	80.4	76.2	69.4	64.2	59.8	55.1	50.3	44.4	39.3	34.1	32.1	31.7	31.3	30.2	30.5	31.8	34.3	34.9	34.8	37.3	40.9	44.3	47.9	50.4	57.5	64.2	67.6	70.9	75.1	83	91.2	101.4	108.4	114.2	119.9	127.1	131.2	132.1	130.5	123.4	118.3	113.5	105.9	100	93.1	84.2	77.7	70.5	63.9	58.7	55.6	52.2	47	42.9	39.5	36.8	35.9	37.3	37.2	38.2	37.2	36.3	36.5	38.2	42.5	45.7	46	45.4	47.2	48.8	50.4	52.4	53.2	53.5	56.1	59.5	64	66.6	67.4	69.3	71.7	69.6	67	66.5	68.9	73.5	79	84.6	88.3	89.9	88.7	89.1	85.9	81.7	81.7	79.9	76.8	71.9	63.5	49.1	35.3	25.7	22	21	21.3	23.4	23.8	28.9	46	53.8	58.4	58.6	61.7	66.4	61.7	54.9	52.5	51.9	60	77.8	101.5	127.3	195	227.7	247.6	246.5	252.6	256	257	257.1	256.4	254.3	255.5	256.8	255.5	255.9	251.5
280.5	280.5	280.5	279.6	276.6	274.2	272.3	269.9	268.1	267.2	266.9	266.6	265.8	245.2	226.1	224.6	222.9	221.1	219.6	219.8	218.4	216.4	218.1	219.1	205.2	185.5	174.4	168.5	167.6	168.8	168.2	168.5	150.4	90.8	54.2	47	45.9	46.6	54.8	60.1	52.1	46.8	50.9	69.4	110.3	142.8	149.9	149.2	150.7	148.3	134.4	119.9	111.9	107.5	105.6	102.7	95.7	91.1	89.4	84.6	79.5	73.7	68.2	64	59.1	54.8	48.5	43.3	38.7	35.3	31.3	30.7	31.6	32.4	33.5	35.5	35.2	38.9	40.8	43.3	45.4	49.1	55	59.3	62.5	67.8	72.6	76.5	84.7	95.5	102.7	109.9	118.4	126.4	131	132.4	133.5	128.9	123.4	115.8	107.1	101.2	93	84.1	78.8	71.7	65.8	61	54.1	50.9	48.4	43.4	41.4	40.8	37.2	36.7	36.1	35.3	34.4	34.2	36.1	36.6	37.1	39.6	41.6	41	41.5	43.3	46.6	47.9	48.3	50.9	52.7	55.8	60.5	61	64.7	66.3	68.6	70.1	68.5	67.1	69.1	71.2	75	77.5	82.2	88.6	89.3	90	86.3	82.4	82.6	81	79	72.3	66.7	58.4	43.6	31.2	24.6	21.9	20.6	22.4	23.7	24.7	38.4	51.3	56.2	58	59.7	65.3	64.1	57.6	54.9	60.8	74.2	88.9	99	114.2	160.6	223.6	248.4	255.8	255.9	255.9	256.6	257.2	257.9	255.1	249.6	248.4	250.9	252.5	257
280.5	280.5	280.5	278.6	275.6	273.5	271.5	269.4	267.6	266.9	266.6	266.4	265.5	252.5	234.7	225.8	223.2	222	220.4	219.6	219.4	218.1	218.1	218.9	205.7	185.6	174	169.9	168.8	167.5	167.4	168.3	134.2	67.5	53.7	50.7	51.5	55.4	68.8	61.3	43.4	43.4	51	82	132.5	148.3	151.7	150.7	144	134.8	125.1	116.6	105.6	104.7	110.1	108.5	100.3	95.4	91.5	85	79.7	75	70	63.8	59.1	56.4	53.3	49	44.9	39.3	34.2	31.3	30.7	28.8	28.5	29.2	32.9	35.4	39.8	41.5	43.9	46.7	50.9	53.2	57.8	61.4	63.7	68.4	77.5	87.9	97.4	108.2	116.1	124.2	129.9	130.8	132.1	128.1	120.6	109.7	98.9	91.5	86.3	78.5	71.5	65.8	59.9	55.1	51.3	49	46.4	41.6	40.1	40.2	39.8	40.2	39.5	40.1	40.5	42.5	43.8	46.1	47.7	47.1	48.6	50.2	54.7	56.8	56.1	56.4	58.2	60	61.3	62.6	63.2	63.8	65	66.4	66.9	69.5	70.8	71.2	73.7	75.6	78.6	82.4	88.5	91.3	93	91.7	90.9	88.8	85.8	83.6	78.8	72	64.2	51.6	35.7	28.4	25.9	23.6	25.9	26	25.3	31.7	40.6	45.7	49.8	54.4	58.7	64.7	67.7	62.7	62.5	68.2	75.7	92.3	106.7	134.3	206.9	229.4	244.6	255.8	255.8	255.9	256.5	257.1	257.8	258	250.9	248.2	250.6	254.2	257.1
280.5	280.5	280.1	275.7	273.2	272.8	271.4	269.2	267.6	266.7	266.4	266	264.9	245	230.8	225.7	224.5	221	220.2	220.4	219.4	218.8	218.4	213.3	199.1	190.1	177.8	171	172	168.6	167.1	170.2	136.5	68.4	52.3	50.3	53.3	58.9	72.8	66.3	49.7	47.5	54.8	84.7	134.4	149.9	151.3	145.4	138.7	127.8	119.6	112.3	103.4	102.5	107.4	106.5	101.9	96.1	88.6	82.6	77.7	74.4	69.7	63.9	61.2	58.5	55.2	53	48.3	44.9	41.1	36.2	31.8	29.8	27.7	26.6	28.8	31.9	35.6	37.1	40.2	43.6	47.5	51.1	54.6	59.9	62.2	67.8	76.3	85	96.8	108.7	120	126.7	131.9	137.9	136.2	130.7	120.8	110.1	98.6	89.9	83.2	77.8	71.9	64.9	59	53	50.7	48.8	45.9	42.6	42.2	42.3	41.5	41.4	40	38.2	37.9	38.1	39.4	43.5	44.1	44.6	47.2	47.8	51.9	55.2	54.5	55.9	59.9	59.5	58.9	61.3	64.1	62.4	63.2	63	63.8	67.2	68.1	71.3	74.7	76.2	78.1	83.2	90.1	93.2	94	94.3	93.6	90.8	86.2	85.2	79.8	73.7	66.8	55	38.2	29.4	26.9	25	26.7	26.1	25.4	29.5	36.2	42.4	47.3	51.9	56.1	64.1	68.5	64.7	65.3	75.3	84.2	94.1	105	137	211.9	233.7	250.7	244.6	243.9	249.7	255.2	255.6	254.8	257.5	256.2	251.2	248.9	249.2	250.5
280.5	280.5	279.6	275.1	273.1	272.8	271.2	269.2	268	267	266.5	266.2	264.5	252.4	234.6	227	225.8	221.5	220.6	222.7	220.8	217.6	217.7	212	200.3	194.2	181.3	174.1	170.6	167	169.1	169.1	136.3	71.9	56	53.3	58.3	70	79.4	72.5	59.1	52.9	55.9	89.6	138.1	148.7	147.1	142	133.6	124.9	118.3	110.7	101.9	96.5	95.9	96.2	92.6	83.4	73.9	67.6	62.3	59.8	56.8	54.3	51.5	49.6	47.9	47.1	44.4	40.9	39.3	37.6	34.7	31.8	30.4	29.7	29.5	31.6	33.4	36.8	39.6	42.1	46	49.4	50.7	54.3	58.4	62.8	72	83.3	94.1	107.7	123.9	140.5	146.3	147.3	145.2	137	124.3	112	100.3	89.4	81.2	72.8	66.1	60	55.8	52.2	50.4	46.6	47.2	47.3	46.3	45.2	43.1	42	38.7	37.8	37.2	38.5	39.8	42.7	44.5	45.1	43	44.9	45.3	49.2	49.1	48.1	50.8	53.4	55.4	60.9	64.4	64	63.5	64.7	65.6	66.6	67	69	72.7	75.9	75.5	83.1	90.4	92	93.4	95.2	95.1	91.3	87.5	84.5	79.6	74.8	69.8	57.5	41.6	33.6	28.7	29	28.7	25.5	23.8	24.5	28.8	33.9	39.3	43.7	47.9	57.7	68.1	70.5	73.7	84.5	97.2	107.4	109.7	165.2	219	235.1	248.3	243.6	242.6	246.4	251.4	251.7	251.4	255.2	256.6	253.1	249	247.8	247.4
280.5	280.5	280.3	277.3	275.6	273.4	270.8	269.6	268.6	267.2	267	266	263.8	258.4	238.3	227.5	227.2	222.1	221.6	223	220.4	216.9	217.4	218.3	210.7	199.5	194.5	184.3	173	169.1	169.5	169.1	144.1	77.5	57.9	54.3	60.2	72.6	79.4	73.2	60.6	54.4	59.3	91.9	139.1	149.9	147.1	142.3	134.9	124.4	118.1	112	102.9	92.4	89.5	90.7	86.9	76.5	69.1	65.7	62.1	59.5	55.2	52.1	48.4	46.4	44	42.7	41.2	37	35.7	35	34.2	33.3	34.2	33.7	32.1	30.3	31.1	34.3	36.6	39.1	41.9	43.9	47.9	51.5	55.1	61.9	72.2	83.9	94.8	109.1	125.9	141	151.7	152.3	148.5	137.8	129.1	116.2	104.2	93	82.6	73.8	65	60.2	55.1	50	46.8	45.7	45.1	44.1	43.3	41.6	37.8	34.9	33.1	32.4	33.5	36.2	44.2	49	47.1	43.7	43.9	44	43.6	45.5	46.9	44	46.2	47.6	51.2	56.4	65.3	67.8	67.7	65.9	63.5	63.2	64.2	64.8	67.5	72.9	76.6	81.2	87.4	93.9	96.1	97.4	99.4	96.7	92	88.1	85.4	77.4	69.8	58.1	42.5	34.2	31.6	29.6	29.1	26.2	23.3	24.4	26.9	31.3	37	41.2	45.3	54.2	67.8	78.5	85.9	93.4	91.4	100.7	109.3	172.1	212.6	228.3	252.6	252.8	252	248.6	246.4	249.7	253.1	256.6	257.3	257.1	253.5	249.6	250.7
280.5	280.5	280.5	277.3	275.6	273.4	270.6	269.5	268.5	267.2	266.9	265.6	263.5	256.1	235.7	226.5	223	223.4	223.7	221	217.6	217.3	218.3	218.2	217	207.6	201.5	187.7	173.2	170.8	170.3	166.5	159.8	95	63.8	57.4	64.4	77.7	75.6	73	61.6	55.7	60.6	96.9	139.6	150.6	147.1	143.2	133.4	123.2	115.9	105.8	97.3	86.8	80.1	76.4	71.6	73.4	80.9	75	61	50.9	46.3	43.6	40.8	37.5	32.4	29	29.8	25.8	22.6	22.5	23.9	24.5	25.7	26.8	28.7	29.4	28.3	28.8	30.1	32.6	36.7	40.4	43.1	46.7	51.1	56.3	67.3	80.6	95.7	112.4	129.2	141.6	153.4	158.1	156	145.8	136.1	125.6	112.1	98.6	84.7	73.2	64.1	57.5	52.3	47	42.4	41.9	42.4	40	37.8	33.1	29.1	28.1	26.4	27	27.8	32.1	38.1	40.4	36.7	31.2	32.3	32.5	31.1	37.9	42.3	33.2	31.6	33.1	34.5	39.5	50.2	58.1	62.7	62.5	61.7	60.6	59.5	59.6	64.6	68.9	73	77.2	83.6	91.9	95.2	98.7	99.1	96.4	92.4	90	87.9	82	73.2	60.7	45.1	36.8	34.2	30.5	26.6	24.6	23.1	24.7	23.7	26.5	32.9	35.5	40.2	48.9	65.9	85.1	96.3	100.9	100.4	103.7	129.9	201.3	212.4	234	254.6	255.1	253	250.5	249.4	253.7	257.2	257.4	257.4	257	255.5	250.4	250.8
280.5	280.5	279.2	276.8	274.5	272.4	270.6	269.4	268.4	267.6	267	264.4	262.8	258.9	237.8	225.9	224.5	224.2	223.1	220.9	217.5	217.7	218.9	217.9	218.7	217.3	216	208.4	188.8	176.5	172.2	168.6	165.1	108	66.8	59.4	65.3	77.9	74.1	70.5	61.7	56.8	65.5	98.9	140.3	151.8	149.3	139.8	130.9	118.6	112.5	103.5	95.4	87	80.1	73.8	68.4	70.6	73.8	59.2	44.8	37.8	36.7	36.3	35.6	32.9	26.2	22.5	28.8	23.8	18.3	20.3	21	23	22.5	25.2	29.7	31.6	32.1	30.4	29.5	31	33.9	36.6	40.1	43.3	48.1	54.2	65	81.8	98.3	115.9	134	147.7	157	162.7	161.2	154.8	144.9	133.6	118.3	102.4	88.4	75.4	63.8	55.7	49	42.6	39.1	38.8	37.1	34	31	28.2	27.6	27.3	26.6	28.4	32	37	39.2	38	32.1	25.9	26.5	27.9	26.4	31.3	39.3	31.8	32	32.9	33	34.8	44.1	53.7	60.4	64.5	64.4	63.7	60.8	59.8	62.5	66.5	71	76.3	83.2	89.1	95	100.6	101	98.2	94.4	89.7	89	84.8	74.7	62.6	47.1	38.1	36	31.1	27.4	26.1	23.5	24.3	24.3	25.3	30.8	34.9	38.7	48.1	73.1	93.3	97.1	107.1	112.3	119.3	139.9	204	210.3	231.6	254.8	256	255.7	255.9	255.1	256.2	257.2	257.1	257.1	256.7	256.9	255.8	249.3
280.5	279.3	277.7	276.3	274.2	272.7	270.8	269.3	268.5	268	267	264.4	262.7	254.8	233	227.6	226.9	224.1	222.4	219.2	217.9	220	219.1	217.9	218.3	216.7	217.7	213.9	195.2	180.4	173.8	168.1	166.2	159.8	103.6	69.6	67.6	75.5	79.4	76.6	68.4	61.8	66.4	88.5	122.1	147.3	150.1	139.9	131.8	124.4	113.8	106.4	99	89.6	80.3	76.1	70	59.1	50.5	41.8	35.4	42.3	56.1	62.3	56.3	52.2	45.7	28.3	19.2	24.1	24.2	22.5	24.8	27.4	26.6	29.8	35.9	37	34.6	32.3	32	31.8	30.5	32.7	38.3	41.3	45.5	50.1	58.6	76.7	98.5	118.9	137.8	156	167.1	172.8	172.7	167.2	161.6	146.3	127.6	107.8	89.8	76	63.5	54.5	47.1	39.8	35.1	33	31	28.9	28.2	28.1	27.5	27.4	27.3	27.9	30.3	32.2	29.6	28.5	23.6	14.4	11.6	12.3	11.1	12.2	15.4	15.7	21.9	25.9	28.7	30.9	36.3	37.6	39.9	46.8	56.4	62.4	64.2	65.2	64.3	65.3	69.5	73.8	81.5	88.1	94.4	98.8	99.7	100.5	98.9	91.1	86.9	87.3	79.4	68.8	58.6	45.5	36.6	33.7	29.1	27.8	29.8	28.9	27.2	25.8	30.3	34.6	36.2	47.5	75.2	91.5	92.1	103.1	111.2	117.5	142.4	185.5	213.1	237.1	253.8	256.3	255.9	256	255.9	253.9	255.4	257.2	257.3	256.9	256.7	257.7	251
279.6	276.3	275.6	275.2	273.8	273.5	271.4	269.3	268.5	267.6	265.5	263.6	261.2	255.8	246.5	231.4	226.9	227.3	224.3	221	219.1	219.7	219.9	218.5	217.7	218.2	218	214.1	206.5	190.3	181.5	180.4	175.2	150.9	86.2	67.3	70	77.5	71.3	67.5	61.5	60.2	70.9	100.5	142.8	153.8	149.6	139.1	128.2	120.8	111.8	104.7	96.3	85.6	75.6	64.7	55.3	47.2	42.3	39.8	37.2	45.9	63.6	70.2	69.7	63.8	46.1	27.3	20.2	19	24.5	26.9	27	26	24.3	29.3	40.6	39	32.7	31.4	32.5	33.5	32.6	33.7	37.4	41.2	45.6	51.2	61.4	80.9	103.7	121.6	141	158.8	172.8	180.7	179.8	173.1	164	153.1	133.1	110.5	93.2	78.4	65.1	53.6	44.4	36.7	34.6	33.3	32.4	30.9	31.2	29.8	27.1	25.9	27	29.9	31.5	32	31	30.3	28.2	21.2	14.7	12	12.8	12.8	13.3	15.7	18.2	21.6	23.6	30.5	38.6	41.4	40.8	41.4	50.1	58.7	62.6	62.7	64.2	68.4	70.5	74.8	83.4	90.4	96.9	104	106.1	106.6	105.6	99.3	94.3	89.6	77.5	64.3	52.6	41.3	36.5	31.8	29.8	32.3	32.6	30.2	30.5	31.1	34.8	42.7	47.9	57.1	79.9	93.6	90.3	90.8	103.2	112	165.3	212.9	216.4	225.5	241.7	247.1	249.2	255.2	253.4	245.3	242.5	244.3	246.1	248	247.2	251.4	255.3
279.3	276.3	275.5	274.8	273.6	272.9	270.8	269.1	268.5	267.2	264.9	260.3	248.2	238.9	238.7	234.3	230.1	228	223.5	219.6	221.1	221.2	219.5	218.3	219.2	219.5	220.1	217	207.3	193.4	185.8	179.2	177	171.9	109.8	72.3	79.3	87.1	82	75.6	66.2	62.2	71.4	101.4	144.4	153.8	147.3	134.7	126	119.9	112.5	106.2	97.4	88.3	79	70.4	65.3	66.9	73.1	74.5	65.2	59.4	62.1	71.7	76.7	72.4	63.4	41.9	26.6	23.2	26.4	29.5	29.9	27.4	29.8	43.2	48.9	42.5	34.8	32.3	32.1	34.5	37.3	38.5	42.5	48.2	50.7	55.4	63.9	83.8	110.4	134.9	160.9	184.7	197.9	200.5	196.7	190.8	178.8	159.3	136.5	113	90.2	73.9	62.5	52.9	43.3	36.9	34.5	34.2	32.7	33.7	32.7	30.2	27.8	26.2	28.2	35.8	41.3	42.9	40.2	41.4	38.1	34.1	28.4	25.7	26.9	22.2	20.5	19.8	23.5	24.5	23.5	27.4	31.8	35.3	38.6	37	37.6	45.3	53.2	59.4	67	72.4	76	80.2	85.8	92.5	98.5	101.7	104.3	104.7	102.8	98.7	95.3	90.4	81.9	68.7	57.2	45	36.6	33.5	36.4	40.5	42.4	40.8	35.7	35	41.2	50.6	60.3	77.9	98.4	97	84.9	88.2	98.6	125.5	199.4	217.6	229.4	246.6	247.2	245.7	247.9	255.2	254.5	247.1	242.1	242.1	241.6	241.3	241.8	248.6	254.1
280.5	279.3	278.6	276.3	273.7	272.2	270.8	269.4	268.5	267.6	265.6	264.1	256.9	242.8	242.8	241.5	233.6	230.8	225.9	220.6	221.7	221.7	219.6	218.7	220.3	220.5	220.3	218.1	206.8	193.2	187.2	179.3	177.4	174.8	124.2	75.8	82.5	90	84.6	80	69.4	66.7	76.1	100.5	144.3	155	146.5	137.7	129.9	120.6	113.2	106	95.1	85.1	76	72.6	75.4	82	88.6	91.5	82.1	69.3	65.5	72.8	79.3	76.2	70.6	64.1	44.5	30.7	31.8	32.4	36.8	40.1	41.4	48	49.3	41.9	36.9	34.6	34.1	36	38.9	43.7	49.7	53.4	55.1	56.8	63.9	82.1	109.2	136.4	162.3	188.2	203.7	208.4	201.6	192.9	186.1	165.5	140	114.9	89.9	74.5	63.7	53	43.9	39.1	38.2	38.2	39.7	38.9	33.6	33.1	33.4	33.2	35.1	37.9	42.2	46.2	45.2	47.3	47.9	47.7	45.3	41.1	40.3	33.5	29.3	26.6	32	34.1	34.7	34.3	32.8	33.5	37.2	37.2	36.9	42.1	50.4	59.7	67.7	74	78.2	82.6	86.7	91.9	98.7	102.3	107	108.5	105.4	102.4	98.2	92	82.4	70.1	57.2	46.4	38.1	34.9	42.2	48	53.7	51.1	42.9	39.5	42	50.9	65	87.7	109.9	108.9	92.5	90.1	98.2	133.3	203.9	211.8	219.4	240.9	250.2	250.8	247.8	249.3	253.5	254.6	252.5	248.5	246	245.2	245.5	247.5	251.2
280.5	279.5	277.1	274.3	272.5	271	269.8	268.5	268	266.3	264.2	263.4	260.3	251.6	249.7	242.8	238.6	237.8	228	223.3	224	221.8	220.8	221.7	222.5	221.9	220.4	218	206.6	192	184.6	177.7	177	175	148.3	85.7	88	97.1	96.2	88.3	74	68.8	75.7	100	142	153.5	150.5	140.5	131.2	124.2	118.2	110.2	103.5	93.5	90.8	94.2	99.2	104.5	106.5	110.2	102.1	87.7	84.2	83.3	80.5	79	87.7	86.5	79.5	76.7	77.5	75.1	78.2	75.9	69.4	60.3	55.2	53.3	49.7	48.9	49	48	48.2	49.6	55.5	62.1	65	65.9	72.2	88.6	118.1	147.3	175.2	200.6	216.6	217.2	210.8	200.9	188.7	167.1	142.3	115.7	91.4	77.8	68.3	59.4	52.3	45.9	46	49.9	49.7	43.9	40.4	39	41.4	43.4	44.8	50.9	54.7	58.5	58.9	59	62	62.7	59.6	55.9	54.4	51.9	52.5	50.7	56.1	56.7	52	49.7	45.7	43.8	45.6	47	48.8	53.3	61.8	69.8	76.8	82.3	84.9	87.6	93.2	98.3	103.1	106.1	107.3	107.9	106.8	102.1	99.4	94.1	83.9	72.9	61.2	47.7	37.8	45.2	60.4	60.6	71.3	72.7	60	46.1	44.3	52.2	73.1	97.1	106.2	105.1	97.1	94.8	104.7	168.7	211.1	218.8	233.1	243.2	249.1	251.4	247.9	247.3	251.3	256	256.5	254.1	252.2	251.1	250.1	250.5	251.4
277.9	276.8	275.7	273.1	271.3	270	269.1	268.2	267	265.2	263.7	262.7	262.1	255.5	249.5	244.7	240	237.4	230	223.9	224.1	222.4	222.2	223.5	223.5	222.5	220.8	212.4	192.2	183	176.6	171.6	171.8	174.7	157.9	96	91.1	98.5	98.3	91	78	77.3	80.8	102.4	144.3	155.4	153.5	144.6	137.7	130.3	122.8	112.8	105.4	98.8	96.5	104.2	109.7	115.2	117.2	117.3	110.7	97	90.9	87	83.8	82.8	85.6	83.9	80.2	77.2	80.6	82.8	86.1	87.1	82.4	73.8	65.4	61.6	59.9	57.1	58.6	61	58.7	57.4	58	63	67.4	68.6	73.9	90.7	120.4	151.1	177	200.5	216.1	216.2	211.8	206	190.3	168.9	143.2	116	91.4	77.5	69.7	63.5	58.1	51.1	51.5	55.7	54.4	48.9	46.6	46.1	45.6	46.9	49.1	52.8	56.5	59	61.2	62	63.7	65.2	64	64.2	65.1	64.1	65.9	64.2	65.5	65.5	58.7	54.8	53.6	52.8	54.7	54.9	57.1	60.1	66	73.3	78.6	83.7	86.9	89.9	94.8	100.5	105.2	108.7	108.5	108.4	107.7	105.6	101.5	96.4	85.9	72.8	61.2	48.4	37.8	46	63.6	64.7	75.9	79.2	67.8	47.5	39	46.7	70.9	93.3	98.3	102.4	103.7	103.4	107	170.4	213	228.8	247.4	250.1	246.7	247.2	251.6	253.7	250.7	253.9	256.9	257.2	257.4	257	256.6	257	257.3
277.4	275.5	275.3	273.1	271.2	269.8	268.6	267.9	266.5	264.9	263.6	262.7	261.1	252.5	255.7	250.3	242.5	241.6	229.7	224.8	225.1	227.1	231.6	231.3	228.5	224.7	221.3	209.4	191	182.1	174.7	172.4	171.7	175.5	175.4	113.3	93.8	103.9	107.3	97.8	83.4	81.7	86	109.5	149.1	158.6	160.2	154.9	147.7	136.5	126.8	117.4	111.4	110.7	112.5	114.5	118.9	120.4	120.5	117.1	114.3	106.8	98.1	92.1	90.3	86.8	82.4	80.8	78.6	74.4	72.7	76.2	81.9	82.3	80.4	74.3	67.3	60.8	59.5	60.7	62.4	64.7	65.8	63.4	63.4	67.9	75.4	78.7	82.8	103.4	133.2	166.1	191.6	206.5	209.9	212.6	211.5	210.1	194.1	170	144.1	119.3	98.9	85.4	79.4	73.9	67.2	59.1	57.8	58	55.9	52.2	52.2	52.5	51.8	54.6	56	58.3	62.2	64.4	67.4	69.7	71	71.4	74.4	74.5	74.3	72.7	73	71.7	74.9	72.9	67.3	67.2	68.6	68.9	72.9	73.3	75	75.9	77.9	80.3	84.8	90	92.4	96.4	103.5	105.9	107.2	112.4	113.1	113.5	112.1	107.5	103.1	98.3	88	74.9	61.1	48	39	53.8	68.8	63.2	67.4	75.1	68.2	48.6	44.5	58.8	79.9	88.7	91.5	95.1	100	104.3	114.3	184	223	247.5	254.9	250.8	247	246.4	250.5	255.1	253.3	254.3	256.7	257.2	256.6	255.2	256.7	257.1	257.6
278.2	276.7	275.8	273.9	271.7	269.5	268.5	267.6	265.2	264.1	263.6	262.9	261.3	251.1	256.8	255.9	247.2	244.4	231.9	225.6	226.3	229.1	235.4	235	231.5	226	220.1	196.1	183.9	178.1	174.9	174.2	173.1	174.4	180	123.2	95.4	103.3	107.1	99.7	87.8	85.5	89.9	108.2	146.3	158	162.1	157.1	149.3	138.6	130.5	122	118.9	118.7	121.7	123.5	124.3	126.9	124.6	118.6	114	108	98.3	93.4	90.8	91.1	86.1	84.7	82.4	78.1	80.1	85.6	87.7	85.5	82.4	75.8	70.7	66.2	64.9	66.5	66.4	63.5	65.4	66.5	67.6	73.4	79.8	82.6	88.3	106.7	137.1	166.9	191.2	206.3	210	211.2	207.2	205.2	190.3	167.8	143.4	118.7	101.8	87.3	80.3	77.1	70.9	62.4	59.4	57.4	54.9	53.8	54.5	55	55.6	55.6	58.2	59.3	61.7	64	65.9	68.8	68.3	69.7	71.5	71.5	75.1	72.8	70.2	69.9	73.5	73.9	70.2	70	73.3	77.3	79.5	82.3	82.6	83.6	87.3	88.9	91.9	96.6	100.2	104.1	107.6	109	109.9	113	117	117.4	114.5	109.4	105.5	98.7	88.4	75.7	63	49.9	41.2	54.6	70.6	65.2	67.2	72.1	61.1	46.2	46.9	62.4	79.3	85.5	85	89	94.9	103.9	120.4	186.2	215.7	238.9	244.3	246.2	250.2	252.2	249.8	249.4	251.9	255.8	256.7	257.2	252.3	249.2	252.5	255.4	254
278.9	277.2	275.6	273.9	271.7	269.5	268.6	267.1	264.8	264.1	263.5	262.7	258.7	261.7	259.6	257	256.3	243.7	232.9	229.1	231.5	239.9	242.4	235.9	230.2	225.2	218.5	194.9	184.4	178.2	175	174.4	173.8	175.4	181.9	136.6	103	106.9	112	110.8	100.8	90.9	89.7	106.9	142.8	154.5	156.8	156.4	150.9	141.5	138.2	135.4	131.9	130.6	130.1	128.1	124.9	124.5	126	122.7	116.8	107.1	97.2	90.9	87	83.2	81	79.8	79.8	77.7	79.1	83.7	81.7	78.1	73.5	70.6	67.6	67.9	68.5	70.9	72.9	71.4	71.8	76.7	84.2	89.2	95.8	98.4	100.9	121.1	149	175.7	204.5	221.6	225	223.2	216.3	209.5	190.7	165.4	141.4	120.8	109.9	100	92.6	88.3	83.6	75	69.4	65.8	60.9	61.7	58.6	56.9	56.3	59.3	63	64.5	66.5	69.1	71.9	73.7	72.1	73.3	73.6	73	74.1	79	79.2	78.3	81.2	76.8	74.6	74.8	78.4	83	88.1	92.5	93.4	92.6	93.7	96.6	98.1	101.4	106.7	110.4	111.8	113.8	115.5	115.8	117.3	118.9	116.7	110	107.5	100.8	90	78.9	65.2	50.4	41.4	52.2	69.6	66.1	62.2	65.8	65.7	69.5	72.5	78.8	78.1	76	77	89.2	100.3	110.3	135.5	200.9	228.5	243.3	245.1	247.4	250.3	252.2	249.8	249.7	250.9	253.2	254.7	254	251.2	248.9	250.1	251.7	250.2
278.9	277.1	274.3	272.4	270.7	269.2	267.7	266.3	264.5	264.3	263.1	262.6	260.1	262.1	259	257.1	256.6	246.6	237.9	232.9	233.7	244	247.3	240.9	234.3	225.6	202.9	187.6	182.4	178.8	178.2	176.8	175.9	179.1	184.3	143.4	106.6	106.8	110.6	111.9	106.7	101.8	96.7	108.1	144.1	157.1	160.3	160.8	156	147.3	146	143	141.2	139.4	135.7	133.5	131.8	129.9	125.2	119.4	118.5	112.6	104.5	96	89.9	86.2	83.2	82.1	86	86.6	84.1	81.7	78.2	75.7	72.2	70.3	70.4	71.1	72.7	72	75.4	81	82.7	86.7	94.1	99.7	102.4	103.9	105.8	124.8	147.9	172.5	204.7	222.3	223	220.5	216.3	207.4	193	167.3	141.9	122.1	110.8	101.9	94.1	93.1	90.1	83.6	78.4	71.5	66.8	65.1	64	60.7	60.1	60.3	63.8	67.7	72	76.4	79.9	81.7	81.7	84	83.5	82.8	83	85.9	86.9	85.3	84.9	81.9	80.8	82.8	83.6	89.7	94.3	97.2	99.2	100.9	100	101.2	103.1	107.9	111.3	112.1	114.4	117.1	118	117.4	117.7	120	117.7	111.7	109.5	102.7	90.6	76.9	66.1	50.1	40.1	50	67.2	66.5	62.7	64.9	71.9	77.1	77.4	77.1	76.7	74.3	75	88	107	114.1	136.1	203.4	236.9	255.8	255.5	255.9	249.8	242.2	243.4	251.3	253.4	244	241.6	244.7	247.8	251.1	254.3	255.7	253.2
278	276.4	273.9	271.7	270.3	268.7	267.4	266	264.3	264.1	263.1	262.7	263.3	262	259	257.2	256.7	255	251.1	240.3	247	256.5	254.1	244.6	236	227.3	202.1	189.6	184.5	179.9	179.6	179.2	178.1	181.7	186.9	144.8	117	104.9	103	106.3	112.3	123.8	115.6	117.8	151.4	164.2	163.6	162.7	159.3	151.6	147.2	144	144.6	143.4	142.2	139.9	140.3	137.1	127.8	122.5	118.5	113.8	103.3	96.5	90.6	84	80.1	78.7	84	85.5	81.4	81.9	81.9	80.4	80.5	81.8	83	85	85.9	88	92	97.8	103.8	111.1	114	115.6	114.4	110.2	114.4	133.1	154.2	177.3	208.9	225.3	221.7	222.3	219.6	206.3	187.7	166.2	148.2	127.2	114.2	109.5	106.8	106.6	104.5	102	99.2	94.3	85.5	77.6	75.1	73.1	69.6	67.3	68.2	68.9	71	74.5	80.4	82.2	83.5	85.6	86.8	87.8	87.3	87.6	85.3	85.6	87.2	89.1	93.2	96	98.2	101.6	105.2	106.4	108.8	112.7	112.9	109.8	111.6	116.2	118.8	119.3	119.5	120.1	121.2	119.8	119.7	117.6	117.2	115.3	110.7	103	90.7	78.9	66.4	50	41.8	49.8	58.6	55.7	62.7	71.3	86.7	94.9	85.9	79.4	74.7	73.8	78.2	86.8	107.8	115.9	143.1	219.2	244.5	253.8	254.2	254.8	250	240.3	239.8	248.3	251.6	244.7	240.9	246	251	253.6	256.1	257.1	257
277.3	275.9	273.8	271.7	269.1	267.7	267.1	265.7	264.8	264.3	263.3	263.3	263.4	261.2	258.6	257.2	256.5	257.3	254.7	242.5	250.1	256.7	254.7	246.3	238.9	222.3	196.2	188.4	184.3	182	183.3	183.8	182.1	184.1	184.5	144.1	118.2	106.6	100.6	105.2	114.5	132.9	124.3	120.7	151.5	164.9	164.7	163	158.6	152.5	148.7	147.9	146.5	150.1	149.1	142.7	142.6	138.9	134.8	130.9	125.1	117.3	109	104.9	101	95.7	92.3	91.7	92.8	92.3	91	88.3	88.4	88.5	87.9	89.8	93.1	96.2	99.2	100.6	104.5	109.7	116.5	119.3	120.1	122.3	119.5	113.7	117.6	136.6	153.3	176.9	209.3	228.8	225.8	224.6	221.5	208.5	190.3	165.5	148.6	128.2	113.8	109.3	107.3	108.2	110.6	109	109.1	108.4	97.1	86.1	82.3	80.6	78.1	76.5	75.1	74	75.8	79.1	81.3	83.7	84	85.9	88.7	90.6	95.1	95.5	94.8	94.3	93.5	95.4	100.1	103.8	105.2	106.2	108	109.5	112	115	118.1	117.1	117	119.4	122.4	124.2	125.9	124.5	123.4	124.5	123.9	122.5	120.7	117.4	111.7	102.3	88	77.5	65.9	50.5	44	51.9	56.5	57.1	64.4	73.1	91.6	101.3	90.5	82	77.1	73	77	83.6	99.4	109.5	139.3	218	239.6	244.9	243.6	244.9	244.6	241.5	236.8	239.8	243.9	246.1	246.6	246.7	249.7	250.4	246.5	246.7	254.9
277.3	275.9	274.2	271.5	268.9	267.9	267	265.2	265	264.2	263.3	263.1	263	260.9	258.6	257.2	256.6	257.3	256.6	249.2	256.6	254.9	246.1	243.3	244.6	228.3	198.4	189.2	186.6	184.6	185.8	186.7	185.7	185.4	186.7	156.7	125.1	115.5	101.8	101.7	119.5	145.5	132.3	120.4	151.7	162.1	161.4	158.8	156.8	153.2	153.3	153.5	153.6	152.9	152.1	150.5	148	147.6	144.6	139.3	135	129.8	124.4	120.3	117.3	112.8	108	108.2	105.6	103.7	105.7	101.5	100.1	100.3	98.6	101	105.3	108.8	110.8	114.9	124	133.8	137.7	133.3	132.5	129.1	122.9	118.9	122.9	136.6	153.1	179.2	214.4	230.7	229.1	228.2	219.5	204.9	187.7	165.9	148.6	128.9	116.9	112.5	112.3	115.3	120.9	124.3	126.5	128.4	123.5	112.1	103.2	98	93.6	92.1	91.1	89.6	87.6	85.8	83.9	84.3	87	89.2	90.4	92.3	95.6	97.1	98.3	101.1	103.4	106.6	107.8	107.9	110	112.5	114.7	116.7	119.5	120.1	123.4	126.8	127.4	125.8	125.4	123.6	125.7	127.2	127.2	125.2	123.9	121.7	121	118	111.7	102	88.4	76.1	63.3	46.8	43	49.3	52.3	60.4	73.7	83.3	97.5	104.4	95.3	85.1	76.5	73.5	74.6	81.2	97.6	110.1	142.1	226.7	246.4	244.9	243	244.3	245.4	242.4	237	237.9	242.1	245.7	246.8	244.6	245.8	246.7	244	244.6	251.4
278.8	275.6	273.4	271.2	269.1	268	266.3	265.3	265.1	264.1	263.5	263.6	263	260.6	258.4	257.2	256.6	256.6	256.7	251	256.6	254.6	245.5	244.6	246.5	226.3	199.5	188	189.2	189.6	190.1	189.2	188.3	187.9	190.5	159.6	125.6	116.8	104.2	101.7	123.9	152	131.3	116.1	148.3	160.7	158.5	159.4	160.5	159.1	158.2	157.9	155.6	154.6	158	157	154.1	152.5	149.1	143.3	139	134.3	131.6	128.5	124.9	120.2	113.9	114.7	110.5	110.5	112.6	110.7	111.2	111.1	111.6	111	112.3	114.3	116	122.4	132.5	139.2	137	135	136.2	133.3	127.7	122.5	126.2	137.9	153.5	179.2	216.1	231.3	228.9	227.3	220.5	205.6	188.2	165.6	146.8	129.4	117.1	114.4	113.8	116.7	122.8	130	133	136.1	134.2	122.2	112.5	109.1	105.6	103.9	101	100.3	97.6	96.7	93.4	90.3	91.9	93.2	96.6	98.8	101	102.7	106.2	111.9	114.3	116.3	117.4	116.1	117.1	119.7	122	124.1	125.9	126.5	125.7	128.7	129.9	128.9	128.6	127.1	126.7	127.5	127.1	124.5	123	122.3	122.4	120.5	112.8	101.1	88.3	75.5	60.9	45.1	42.9	50.4	56.8	66.5	77.6	89.4	97.7	102.5	97	87.7	79.9	76.7	78.5	82.1	93.8	108.5	137	219	239.2	240.9	239.1	240.8	242.5	240.9	237.7	241.4	244.4	246.1	250.4	249.5	247.8	248.3	251.5	252.5	248.5
279.2	275.5	272.9	270.7	269.1	268	265.9	265.3	265.1	264.2	263.4	263.8	263	260.6	258.4	257.1	256.7	256.5	256.6	256.2	256.9	257.1	255.7	256.7	253.7	232.7	202.1	189.6	189.9	189.4	191.1	189.9	188.7	187.1	194.9	174.3	132	118.7	105.8	108.6	128.7	148.1	125.6	114	146.8	158.3	159.7	161.2	163.3	161.7	157.3	154.8	157.7	159.3	163.4	164.3	163.2	161.8	157.9	156.1	152	145.6	142.6	142	142.1	138	131.1	129.8	127.9	129.9	133.7	132.2	131.1	131.5	130	127.1	124.1	128.3	136.8	145.4	150.3	146.3	142.4	144.5	142.2	135.8	130.9	127.7	130.9	144.7	162	184.6	201.4	217.4	222.3	221.5	214	198.2	180.1	162.7	146.2	134.3	123.7	120.4	123.1	123.9	126.6	134.6	142.6	147.8	150.2	144.8	135.9	131.6	127.1	123.9	121.1	118.9	117.4	117.1	118.4	116.9	114.1	113.5	113.3	117	120.8	120.4	121.6	126	128.2	129.8	132.7	134.4	136.8	134.9	132.9	131.9	131.8	133.9	133.8	130.6	128.9	132.5	132.4	131.2	129.7	128.9	128.6	124.4	120.5	120.7	121.3	117.9	110.9	102.5	91.8	75.3	59.9	44.8	44.4	54.5	68.4	81.7	92.8	98.9	95.1	101.8	105.2	95.3	90.3	94.7	98.5	101.3	106.8	118.5	150.5	222.1	238	239.3	241	242.4	242.9	241.6	238.1	241.3	244.9	247.9	253.8	252.3	249.9	248.6	252.3	252.9	248.7
277.3	274.6	272.9	271.3	269.6	267.2	265.8	266	264.9	263.9	263.3	263.9	262.8	260.3	258.6	257.4	257	256.4	256.4	256.4	256.7	257.2	257.2	256.9	245.2	228.5	205.4	189.4	192.3	191.3	191.7	190.7	191.1	189.3	196.1	183.3	136.3	124	112.9	112	129.7	148.2	123.7	113	145.1	159.8	161.9	161.3	163	162.2	157.5	156.4	160.5	164.9	167	169.2	170.5	169.7	169.1	164.3	163.2	158.6	156.7	154.9	153.3	148.6	145.4	143.7	141.2	142.7	144.2	143.6	139.9	137.5	137.9	135.9	136.6	138.6	146.2	150.8	149.1	143.7	142.5	145	143.9	137.9	131.8	128.7	133.9	146.6	163.3	182.3	197.7	213.7	222.9	219.8	209.1	196.1	178.2	161	146.3	135	125.1	121.9	124.5	124.6	127.7	135	143.4	147.2	149.8	150.7	145.2	139.1	135.8	130.5	128.6	128.6	127.5	127.7	127.4	126.8	128.9	127.6	128.3	130.7	133.2	133.2	133.8	135.4	135.8	137.2	140	142.1	141.4	140.4	136.4	134.9	133.5	136.2	136.9	136	133.2	132	130.9	130.2	130.2	130.5	127.4	123.1	120.6	120.2	119.2	117.5	112.8	102.7	90.3	74.6	60	46	45.2	57.2	70.9	84.9	97.9	102	95.5	100.2	108.2	99.3	93.1	95.9	100.9	105.8	111.1	120.3	153.9	216.8	235.3	236.7	238.6	243.1	245.2	246.8	242.5	239.9	241.1	243.9	248.9	250.2	248	243	241.4	243.9	244.1
276	274.5	273.7	272.2	270.7	268.6	266.5	266	265.1	263.9	263.4	263.6	263.1	261	259.3	257.9	257.2	256.9	256.5	256.3	256.6	256.9	257.2	257.2	243.1	228.4	208.1	193.2	191.9	192.2	191.7	189.2	190	189.9	202.2	203.3	157.5	140.5	131.1	122.7	124.2	131.1	114.6	110.1	142.8	160.2	163.7	160.1	159.6	159.1	157.9	161.1	164.2	166	167.2	169.9	171.8	172.4	172.1	169.2	169.3	168.7	165.9	162.6	158.8	156.3	150.7	147.6	145.4	144.1	144.4	145.6	145.6	143.9	147	151.7	158.8	166.4	168.9	166.1	157.8	150.3	147.5	147.6	143.8	140.5	137.9	133.3	135.1	148.2	164.9	182.3	203.8	215.2	223.2	225.9	208	192	170	150.7	140.9	134.3	129.5	127.1	128.3	128.7	132.7	136.8	141.4	146.4	149	153.8	154.3	148.6	150.5	152.7	150.5	154.3	155.7	151.1	144.5	143	145.3	146.4	149.3	153.4	155.8	156.2	159.5	161.9	162.5	159.8	160.1	156.6	151.6	150	146.3	143.1	142.1	141.2	141.2	140.6	140	135.2	131.7	126.2	127.3	129.6	126.7	123.5	121.1	118.7	117.7	114.7	105.5	101.8	93.3	74	56.3	45.8	44.1	55.5	72.9	88	99.2	104.2	98.8	97.7	107.5	110.9	100.7	95.1	102.3	113.5	123.7	141.1	191.6	221.2	237.4	236.6	236.2	240.8	244.8	248.1	246.8	244.1	242.9	243	246.4	248.1	247.6	243.7	241.1	243.6	243.7
275.9	276	274.1	272.1	269.3	266.6	266.2	265.6	264.2	263.8	263.9	263.6	262	260.5	258.5	257.4	257.2	256.5	256.2	256	256.5	257.6	257.9	254	239.2	229	212.9	196.2	193.3	194.1	192.3	190.3	190.1	189.1	201.8	208.1	164.3	146.7	134.6	124.7	129.1	137.7	116	110.3	141.3	159.9	161.2	158	158.9	160.4	160	161.4	165.2	166.1	166.9	168.4	171.4	172.6	173.9	173.8	174.3	171.7	168.9	167.4	165	161.8	158.3	155.7	151.1	149.5	147.7	149.7	152.3	153.3	156.6	162.2	167.1	172.5	171.9	166.1	158	150.7	148.7	146.6	144.2	139.7	134.3	132.9	138.8	151.4	167.1	183.3	210.4	220.3	221.3	225.2	208.9	190.6	170.4	150.8	140.2	132.7	130	128.5	129.4	130	132.4	136.3	140	145.2	150.3	152.5	152.8	149.7	153	157.8	157.8	157.7	159	160.7	152.5	146.1	149	151	156	159.6	161	165	166.7	167.4	166.9	165.6	166.4	165.1	157.8	152.8	152.5	147.7	145.1	142.7	140.1	140.5	140.1	136.5	132.6	125.6	125.7	128.3	127.1	123.8	120.4	121	119.7	116.2	106.5	101.1	92.1	71.8	55.3	45.5	46.4	58.6	74.1	89.1	99.3	103.4	99.7	96	104.9	111.8	104.8	98.4	102.7	114.6	125.1	145.8	202.3	228.3	242.4	243	240	241.1	246.8	250.1	248	246.1	247.7	245.9	248.5	251.2	247.5	247.1	249.2	248.9	245.9
277.2	276.7	274.4	272.1	269.2	266.6	266.2	265.3	264.3	263.8	263.9	263.3	261.7	260.5	258.3	257.2	257.1	256.5	256.2	256.2	256.6	257.6	258	254.2	240.7	229.5	217.9	195.4	191.2	194.8	192.8	191.7	190.4	192.9	209.8	201.1	161.5	147.7	135.8	127.5	130.8	142.1	121.6	103.8	130	156.2	159	153.6	155.6	159.8	160.2	159.6	158.8	158.3	159.5	158.1	163.1	166.7	170.2	171.8	173.8	172.1	170.2	170.3	170.5	169.4	165.5	164.7	163	163.1	165.6	168.3	172.1	177.8	181.1	183.2	182.8	182.5	178.9	170.2	158.5	150.2	145	143.9	141.9	137.5	133.5	133.7	140.2	155.5	167.6	185.7	219.3	232.2	227.1	224.8	204.9	182.8	167.2	148.7	137.7	134.1	131.9	128.1	131.1	133.2	134.2	137.4	135.8	137.6	142.9	144.6	147	146.5	152.4	163.6	169	171.1	171.6	176.2	172.6	166.4	164.5	166.1	166.1	168.9	173.3	176.7	178.5	179.2	177.2	173.9	176.1	174.3	165.3	160	157	151.1	149	147.8	143.6	137.5	136.4	133.9	129.2	129.4	131.3	130.1	127.2	125.1	119.5	119.1	117.2	114.3	108.8	100.2	88.6	68.9	49.6	43.5	47.6	59.8	75	90.1	97.5	98.5	97.5	94.8	96.4	99.6	106.2	114.4	121.9	128.2	138.7	164	220.5	238.6	239.8	241.4	241	241.2	247.4	248.3	243.9	241.8	244.5	244	247.2	252.9	249.2	247.9	248.6	248.8	248.5
279.2	277.5	275.3	272	268.8	266.9	266	265.3	265	263.9	263.7	262.8	261.6	260.8	258.5	257.2	257.3	256.9	256.3	256.2	256.6	258.1	255.6	253.8	243.7	232.4	223.5	198.2	192.6	196.1	194.5	194.5	193.9	192.7	207.8	194.2	159.7	148.7	140.9	132.3	135.5	144	122.7	102.8	126.5	153.6	158.8	155.3	154.9	161.9	160.7	160.3	157	157.1	158.3	158.6	162.4	165	169	169.8	171.4	173.6	171.7	172.7	173.6	173.4	172.3	167.8	170.5	173.8	173.7	174.9	178.4	184.8	190	188.8	186.2	183.3	176.5	169.7	158.4	147.5	142.3	142.4	142.6	137.4	134.2	135.3	144.1	156.5	167.5	184.2	217.2	231.9	229	227.6	207.5	184.4	168	148.9	137.2	132.4	131.6	128.2	129.1	130.5	133.2	135.7	136.2	138.3	141.5	141.2	145.1	149.4	153.9	165.9	173.1	177	179	180.2	180.1	175.3	173.8	174.1	171.6	173.1	176.6	181.4	178.4	178.7	179	177.6	177.2	177.1	171.7	166.1	159.7	151.8	149.5	148.8	145.9	137.4	134.7	133.2	127.2	127.4	131.3	129.9	127.5	125.3	119.2	117	116.8	115.1	110.5	99.8	86.6	68.2	48.1	44.6	49.4	61.1	78.4	94	97.7	97.4	96.8	97.9	99.4	101.3	104.8	114.4	126.4	132.8	143	167.4	219.9	240.6	243.8	246.8	244.1	238.1	240.5	242.5	242.8	240.8	243	242.1	240.6	244.9	248.2	253.8	253.6	249.1	250.5
279.3	277.4	275.2	271.6	269.1	267	266.3	265	265.2	263.8	263.7	262.8	261.6	260.8	258.5	257.2	257.4	257	256.4	256.2	256.6	254.7	253.8	253.5	243.7	233.5	221.3	193.8	190.2	193.3	192.1	193.4	192.5	196.3	212.2	172.2	153.2	143.2	135.6	130.1	130.4	138.6	117.2	99.1	122.3	150.1	159.2	155.7	152	154.6	156.2	155.9	152.7	153.8	154.8	159.1	162.5	161.3	164.6	166.8	167.3	170.5	172.9	175.5	178.5	182.4	182.3	181.9	182.5	187.5	193	193.9	194.1	196.1	199.7	196.5	189.7	188.4	177.5	166.7	155.1	142.6	136.8	137.4	139	135	133.7	135.7	146.5	160.1	172.5	195.5	227.8	237.6	244.2	243.1	214.5	190.1	169.6	153.4	144.1	135.4	133	129	126	125.6	128	128.7	127.7	129.4	131.3	133.9	137	144.8	155.9	168.1	179.6	188.7	193.2	195.5	195.9	198.1	200.8	196	188.1	185.8	186.9	186.2	183.2	183.3	183.5	180.6	179.3	179.8	176.1	172.3	163.4	155.9	153.2	151.5	147.9	142.5	138	133.4	123.2	119.8	126.7	128.1	126.4	120.9	114.7	116.6	115.6	112.8	106.1	96.2	83.8	64.5	44.4	41.8	48.2	62.8	83.3	94.8	95.4	93.1	95.7	103.1	111.5	122	136.2	142.2	144.8	145.8	148	169.3	232.4	244.5	248.7	251.5	246.1	238.1	237.4	241	240.6	239.9	244	244.1	241.1	242.3	246.1	251.8	253.4	247.7	249.3
278.5	276.8	273.6	271.2	268.8	267.6	267.7	266.7	265.5	263.7	263.7	262.9	261.9	260.8	258.7	254.2	257.6	257.2	256.7	255.7	250.2	249.5	256	257.4	248.8	234.8	225.4	197.3	189.9	192.4	191.6	193.6	191.8	194.5	207.1	165	145.8	134.7	130.1	135.3	136.2	137	114.4	99.3	118.6	148.7	158.6	154.9	151.8	153.3	157.3	156.4	154.4	153.1	153.6	158.9	160.6	160.9	164.3	167.5	168.5	169.5	171.8	177	181.8	184.8	187.1	188.9	188.8	193	196.6	195.9	198.8	199.3	202.4	200.7	190.1	187.7	177.8	162.5	151.7	140.3	133.4	134.8	135.7	133.4	132.8	136.3	149.2	162.1	174.6	199.1	230.4	238.8	245.9	248.9	222.9	195.2	172.8	157.1	147.4	139.6	134.3	129.9	126.3	125.8	126	124.6	125.4	126.6	128.1	131.6	135.4	143.4	154.7	166.2	180.2	188.8	194.8	195.7	196.9	200.1	204.4	202.2	195.5	190.1	186.8	187.7	186.8	186.7	185.5	180.8	179.5	179.8	175	170.5	163.4	156.5	152.5	150.3	146.3	142	140.2	135.1	125.4	119.5	123.2	126.8	124.8	121.5	115	115	115.3	110.6	103.4	96	83.2	67.1	46.2	44.2	47	58.5	78.1	88.9	94.1	90.3	94.6	106	117	132	146.8	149	144.4	144.7	149.7	177.1	234.2	240.8	245.2	247.2	246.2	245.1	243.5	241.9	239.5	240.4	241.8	243.6	242.3	240.2	240.4	240.5	243.4	247.1	249.7
278.7	276.6	273.1	271.5	269.1	267.9	267.9	266.7	265.6	263.9	263.6	262.8	262	260.7	258.8	257.7	257.6	257.2	256.9	256.3	252.2	250.7	253.3	258.2	256.7	242.7	227.4	198.1	188.7	188.2	187.7	188.4	189.6	196.6	203.8	155.1	139.5	130.9	123.7	125.3	131.5	128.7	107.3	97.5	114.2	143.4	151.1	147.8	149.4	152.2	150.6	153.2	149.5	145.9	152.1	155.5	155.2	156.8	159.2	161	165.5	169.4	172.6	175.1	178.5	183.6	191.4	197.1	203.6	204.3	207.9	208.4	208.6	210.7	207.2	197.6	183.7	174.2	166.2	152.6	137.8	128.1	122.8	128.4	132.3	135.8	137.6	144.3	158.3	174.1	187.7	217	238.5	242	248.2	249.4	230.4	203.3	180	162.3	152.9	145	136.3	129.4	124.5	122.9	119.2	118.9	118.6	117.5	118.8	123.1	127.7	138.2	151	164.9	175.8	182.5	191	199.2	204.1	206.7	205.5	204.8	201.8	200.7	201.3	201.1	198.6	200.2	195.2	187.6	184.5	182.2	177.4	173.2	166.6	160.4	154.9	149.5	144.5	141.3	136.6	133.4	125.3	119.8	119.7	122.8	122.4	119.3	116.2	113.9	111.8	107.3	99.9	88.8	77.6	65.5	47.7	43.5	43.8	57.2	78.1	85.7	96.4	97.9	99.7	117.7	142.2	148.9	148.4	143.1	134.8	135.9	149.6	204.4	234.8	238.2	241	243	244.7	246.2	246.2	244.1	244	244.9	245.3	242.7	244.1	244.7	243.4	243.6	245.2	248.8	251.4
278.7	274.5	272.9	272	269.3	268.2	268	267.1	265.8	263.9	263.8	262.6	261.7	260.8	255	257.6	257.7	257.2	256.5	255.1	256.3	256.7	257.2	257.8	258.8	241.6	226.4	199.7	189.9	190.9	189.3	188	187.7	192.9	200.5	151.2	131.7	126.3	127.5	131.2	130.4	127.1	106.4	95.5	110.6	139.1	150.1	146.9	146.4	149	147	150.8	146.4	144.2	149.6	152.9	152.3	154.9	158.2	161.8	165	167.5	173.3	177	179	185.9	192.8	197	200.9	203.5	208.5	209.6	209.4	210.3	203.9	192.8	181.8	172.3	159.5	146.3	134.4	122.8	119.5	125.1	131.6	138.8	141.3	147.6	160.5	174.7	191.8	218.7	237.5	243.3	249.5	252.9	232.9	204.1	181.4	165.9	154.3	142.7	133	127	122.3	118.5	117.4	116.6	116	113.6	114.1	118	123.8	134.1	148.4	163.2	173.4	180.2	185.4	195.3	208	210.2	207.1	207.3	205	207.8	210.4	206.6	202	201.3	196	191.2	187.9	184.5	179.7	174.6	166.8	159	154.5	149	142.7	139.5	134.9	131.2	125	119.1	119	117.8	118.2	116.8	116.6	114.2	110.8	107.4	99.8	88.7	76.3	64	50.1	51.4	46.2	53.1	76.5	84.8	95.5	100.2	99.3	116.5	139.6	145.4	145.3	139.2	133.2	134.3	160.1	225.4	237.8	236.3	238.8	241.7	242.8	246.4	245.7	240.5	240.4	243.9	245.2	243.3	240.4	240.3	245.5	248.4	249.6	252.5	253.6
277.9	274.2	273.1	271.9	269.3	268.4	268.1	267.2	265.8	263.9	263.5	262.3	261.6	260.9	256.7	257.7	257.6	257.1	256.1	255.5	256.3	256.9	257	257.4	258.5	242.2	222.4	198.7	191	191.2	190	188.1	187.8	196.2	206.6	168.3	133.1	127.2	127.4	129.9	125.5	124.3	107	93.7	105.2	131.3	146.9	149.5	147	145.3	145.1	144.2	142.7	146	148	148.9	151.8	155.8	156.9	159.3	165.8	167.5	173.2	181.7	186.1	193.2	197.5	200.8	204.2	206.1	210.9	211.9	204.8	201.9	193	179.8	171.4	159.7	145.1	130.4	122.5	118.3	117	125.6	135	143.5	149.9	157.5	166.9	175.8	189.3	224.4	240.7	244.9	246	240.9	227	212.4	191.8	177.4	165.4	148.4	135.3	128.2	122.3	118	116.5	115.5	110.9	107.9	107.8	108.1	113.6	127	139.1	152.4	165.2	173.1	180	189.4	199	203.4	205.6	212.9	217.1	208.2	203.3	201.2	202.1	204.1	200.6	194.9	191.7	187.8	187.1	180	171.1	162.6	151.2	143.3	137.1	131	127.5	125.8	120.3	117.9	117	114.4	109.9	109.1	109	107	105.9	101.8	92.8	83.2	74	64.5	51.4	49.5	47.4	49.3	68	82	95.2	101.4	99.5	124.1	135	132.2	132.1	130.2	130.6	161.5	218.4	235.7	239.5	238.2	240.3	242.1	243.8	247.3	246.1	239.6	239.8	241.4	243.2	243.2	239.4	238.2	241.5	243.9	247.2	248.5	249.5
275.2	272.9	272.7	270.7	269.5	269.5	268.4	267.3	265.6	264.3	263.5	262.1	257.4	259.2	259.1	257.6	257.4	257	257.1	256.7	256.3	256.6	257.1	256.9	257.7	242.5	223.9	200.9	193.5	193.8	192	187.7	185.4	193	203.7	179.1	134.8	133.5	136.1	131.1	125	124.9	106.5	93.4	102.6	127.9	145.3	148.2	145	144.5	145.6	144.8	142.2	143.2	146.8	149.5	153.7	156.5	158.4	161.3	166.3	171.1	175.9	184	189.6	194.6	198.8	201.9	204.4	205.5	207.2	207.1	199.5	195.2	189.7	179.2	170.8	156.8	140.7	127.7	120.3	119	119.9	130.2	138.3	145.5	150.6	160	168.9	176.3	185.5	219.7	242	248.3	254.6	246	227.7	215.1	202.2	187.3	168.3	149.5	136.6	129.2	122.7	116.3	113.1	112.6	111.3	109.7	107.1	105	110.4	123.1	136.1	148	160.8	169.8	176.7	186.4	195.3	201.9	204.8	210	212.8	208.8	203.1	200.4	202.6	203.1	200.1	197.9	191.4	187.1	188.2	182.6	172.5	162.9	152.1	142.6	136.8	131.6	126.2	123.9	119.4	117.1	116	113.3	109.9	107.5	105.1	104.6	103.5	102.5	92.6	81.3	73.6	64.8	57	50.7	49.8	52.1	64.4	77.7	89	96.2	94.5	117.2	131.4	133.9	134.1	129.8	137.7	181	224.7	238.4	243.9	249.4	254.4	245.7	240.7	242	243.1	240.5	239.9	239.6	240.1	242.9	245.2	242.2	238	236.9	237.8	237.9	239.5
274.5	272.5	271.9	270.1	269.4	269.2	268.4	267.1	265.3	264.4	263.5	262.1	255.5	259.8	259.1	257.7	257.4	257.1	257.1	256.7	256.4	256.7	256.7	257	257.4	245	218.1	202.4	196	195.6	192.6	189.6	186.2	193.6	202.9	201.9	170.1	138.3	135.9	130.2	127.7	128.7	110	93.9	98.2	118.5	138.4	146.1	142.4	137.9	140.6	139.9	134.8	140.1	146.7	149.3	153.5	156.2	157.5	164.6	170.5	174.5	180.7	187.5	195.4	199.3	198.8	197.6	199	198.4	197.7	194.8	189.2	183.6	175.5	167.1	159.8	149.5	136.7	130.6	126.9	126.8	136.6	145.5	148.6	151.2	156.4	163.8	167.2	178.1	194.1	221.9	241.7	247.3	255.8	246.1	223.6	209.6	196.8	188.7	169.3	150.6	141.2	130.8	123.9	118.5	115.7	118.2	119.1	115.2	106.9	102.2	101.2	109.4	123.3	136.5	148.7	158	166.7	177.5	185.4	191.8	199.3	202.9	200.1	202.4	203	202.7	203	202.4	199.4	195.8	189.8	188.8	188.4	182.4	171.5	163.3	154.3	141.5	134.5	131.1	127.5	123	118.2	113.2	112.9	109.5	107.1	105.9	103.3	103.5	101.4	97.3	87.3	77.9	69.7	62.1	57.6	50.6	50.5	52	52.2	61.5	70.3	76.8	82.8	109	117.9	124.4	134.1	163.4	207.7	218.2	224	236.9	242.7	250.7	257	247	240.1	239.2	240.8	240.9	240.8	239.7	240.3	243.2	247.7	246.7	239.8	236.8	237	237	237.3
275.6	273	271.3	270.5	270.1	268.8	268.2	266.9	265	264.9	262.9	259.9	258	259.3	259.6	257.7	257.3	257.1	257.1	256.3	256.7	254.8	254.9	255.3	256.2	251.4	224.8	205.9	198.6	195.8	193.6	190	186.5	193.2	203.2	200.8	190.6	152.4	135.7	132.3	129.4	127.9	110.1	93.5	97.8	113.4	134.9	141.6	139.2	133.8	134.4	135.5	132.4	138.9	146.4	151.1	155	159.6	160.9	165.3	171.7	175.4	182.8	188.4	193.3	196	198.5	195.8	192.8	191.6	192.9	189.9	184.1	178.9	171	163	156.3	147	135.7	131.3	126.3	130.9	145.8	151.1	153.4	154.9	159.6	165.3	167.4	175.2	194.2	224.4	243.5	253.7	256.1	243.2	223.3	206.1	193.2	185.1	165.2	151.3	142.2	132	123.6	118.5	116.7	122.5	126	122.3	111.8	106	103.5	106.1	117.4	131.7	143.5	152.1	162	172.7	179	184.3	191.1	193.2	196.8	202.4	202.1	200.6	198.9	199.6	196.7	190.9	187.1	188.9	186.2	181.1	173.6	163.6	154.2	140.3	133.5	130.7	126	122.6	117.8	112	112.5	109.3	104.2	104.2	101.2	101.5	99.9	92.6	84.2	76.4	69.4	62.6	58.6	49.7	52.3	55.4	53.9	57.1	64.3	70.8	78.5	103.1	114.7	123.4	146.6	189.4	221.3	219.3	222.5	231.8	239.7	240.6	244.2	249	248.3	245.9	244.2	243.1	243.4	243.3	241.7	241.2	243.5	246.6	251	252.4	246.1	241.8	241
275.7	273.1	271.2	270.9	270.2	268.8	268.4	266.7	265	261.8	259.5	255.8	259.1	261.2	259.6	257.8	257.3	257.2	256.1	252.2	254.3	254.2	255	257.1	256.9	242.2	213.1	204.7	199.4	199.5	195.5	190.9	188.9	195.7	202.5	200.5	201.8	210.9	186.3	147.2	126.4	115.8	100.2	93.5	97.7	109.3	124.7	130.4	125.1	127.7	126.6	129.9	131.4	138.7	143.8	151.3	157.8	163.7	166.1	171.4	177.2	179.5	184	190.3	196.5	198.6	195.7	192	189.5	185.4	183.6	178.4	174.1	169.1	159	149.6	143.3	136.5	134.4	130.9	135.2	154	166.2	163.9	156.8	156.4	161.9	163.7	162.8	173	193.4	233.6	249.6	250.4	252.4	249.1	219.9	197.1	186.7	168.5	156.8	145.1	137	130.4	125.5	124.2	130.7	134.6	139.3	140	124.6	109.1	104.3	106.6	114.9	125.5	136.1	145.3	154.2	162.4	167.2	171.4	174.1	181.4	188.3	189.3	187.7	189.6	189.5	191.9	190.8	185.9	185.6	188.4	179.9	174	170.4	159	146.7	138.6	131.8	127.2	123.3	120.9	115.2	111	111.5	108.5	102.5	99	100.9	98.5	93.4	88.6	81.3	74.2	67.7	63.4	61.5	52.6	59.1	91.5	118.1	112.7	103.8	105.6	120.3	160.5	177.4	199.4	222.1	223	220.2	218.9	224	237	243.3	243.6	247.1	248.6	247.2	244.9	246.2	245.2	244.8	244.3	241.3	240.6	242.3	242.9	247.2	249.5	245.6	241.2	242.4
275.7	272.7	271.6	272.1	271	269.9	268.9	266.5	259.9	258.4	260.5	262.3	262.3	261.3	259.9	257.9	257.4	253.1	252.2	250.3	249.3	255.1	256.6	257	253.5	241.7	212.6	204.5	203.3	202.9	197.3	192.5	190	195.3	202.9	202.3	202.8	210.9	211.8	173.3	136.2	114.3	99	93.3	96.7	106.3	118.9	124.9	123.5	126	127	129.1	129.6	136.6	141	149.3	157.4	163	167.7	172.7	175.8	178.5	182.9	185.6	190.2	192.1	192.1	191.3	188.1	183.2	179.4	176.7	172.5	165.7	156.3	146.9	139.5	133.8	132.1	129.1	136.2	161.4	173.1	165.2	156.7	154.5	159.7	161.7	158.6	168.9	190	226.3	243.2	237.6	238.9	243	218.4	191.5	176.3	162	152.4	142.5	133.6	130.8	128.2	127.4	132.5	137.5	142	143	130	110.8	106.7	107.4	113.5	124.6	132.9	139.4	148.3	157.5	162.2	165.6	171.6	178.7	185.7	186	184.6	188.4	191.6	193.7	191	185.1	182.7	185.2	176	169	166.8	154.9	143.8	136.8	131.7	127.2	123.9	118.8	114.1	110.6	108.3	105.9	98.7	96.3	99.2	97.3	94.6	88.3	79.2	72.6	66.7	63.2	62.8	54.5	57.4	104.6	145.5	133.7	131.1	136.9	144.6	169.1	198.1	220.3	223.4	223.2	220.7	220.1	223.5	232	240.5	247.7	252.5	251.5	246.4	243.3	243.3	242.2	241	241.8	237	235	239.6	238.8	237.3	240.2	244.6	242.7	245.5
275.1	272.1	271.6	272.5	271.2	270	268.6	265.6	262.3	260.6	263.2	262.3	262.2	261.2	259.9	258.3	256.6	251.4	251.9	249.7	253	255.5	256.6	254.4	253.2	242.8	212	204.2	203.6	204.6	200.6	195.4	191.7	198	204.6	203.1	204.6	210.4	217.6	218.5	217.1	184.7	140.3	100.2	95.8	98.7	110.7	117.2	118.4	119.8	125.1	127.5	132.6	138	136.7	141.3	151.3	159.6	164.7	170.5	173	174.9	178	178	180	181	181.2	177.5	173.7	170.4	167.9	163.5	157.1	154.8	152.3	144.3	135.2	134.3	135.1	138.1	156.5	169.2	170.1	160	152	152.9	158.2	160.4	158.3	162.2	178	196.6	208.1	208.3	213.5	219.2	210	187.6	171.8	162.9	154.8	144.9	135.9	134.6	137.2	136.3	139.3	146.3	146.8	144.5	135.3	114.1	109.2	111.3	114	121.3	127	132.2	138.2	147.8	154.6	159.7	162.3	166.1	170.2	174.3	177.7	178.5	180	179.8	176.2	173.5	172.1	175.2	169.5	164.2	161.1	151.9	140.7	132.3	128.1	124.7	119.8	112.1	110.4	108.8	102.8	100.5	94.9	93.8	97.1	92.6	89.5	84.9	76	70.7	65.5	62.9	63.1	56.2	70.8	149.9	179.6	178.2	179.6	182.5	187	203.8	214.4	220.5	223.1	223.3	220.9	220.1	222.1	226.3	231.5	243.9	250.3	250.9	246.5	244.2	242.5	240.2	239.3	240.3	237.9	236.9	241	241.3	239	239.7	243	242.8	244.3
274.6	272.7	272.7	272.9	271.6	270.3	268.4	266.3	265.5	264.5	263.4	262.8	262.7	261.6	260.3	257.6	251.9	248.8	253.7	256.5	256.9	256.5	256.6	256.4	256.4	250.6	214.9	203.8	203.1	207.8	204.6	199.7	197.5	201.1	206.3	207.4	209.2	213.5	218.3	218.5	216.8	215.4	161.2	104.6	95.6	97.2	108	116.4	117.3	117.4	123.2	124.9	128.3	133.7	133.5	137.8	147.4	158	164.3	167.9	172.9	173.9	173.3	175.3	175	178.2	179.3	173.5	168.7	165.5	164.2	159	152.6	150.9	149.8	143.2	134	129.1	132.2	136.8	160.3	170.9	167	158.4	150.5	150.9	154	155.4	154.3	157	167.4	182.2	193.6	194.2	196.5	205.8	201.8	183.8	169.6	159.2	152.4	142.4	134.5	134.5	137	134.7	138.3	144.2	144.9	141.4	133.3	115.3	107	112.8	113.6	120.3	126.7	130.7	134.9	139.9	146.2	154.8	158.6	159.1	161.4	168	172.5	172.3	173.5	173.3	172.7	171.1	167.8	169.8	166.9	161.2	156.9	148.9	138.5	129.9	124.4	120.8	115.4	109.5	107.3	106.6	101.2	97.2	95.8	94.5	94.6	92.4	86.4	82	75.7	69.7	65.6	62.3	64.3	57.4	75.1	151.3	183.5	181.7	181.5	184.7	187.7	205.9	217.9	222.2	224.1	223.3	220.2	220.1	222.5	224.8	224.8	232.5	237.1	241.3	245.4	245.1	242.1	240	239.3	239.2	239.2	239.3	240.8	244.5	245.4	243	241.3	242.5	243
275.5	273.6	272.9	272.5	271.5	270.1	268	266.4	265.6	264.6	263.4	262.9	263.1	261.9	260.3	256.6	251.2	249.8	256.2	257	256.7	256.5	256.6	256.4	256.4	254.1	224.9	206.4	201.6	208.8	211.1	211.3	208.9	207	205.1	206.9	209.1	212.6	216.8	218.2	216.4	215.1	169.1	107.4	92.4	94.8	101.5	111.9	111.2	110.1	118.1	115.3	118.7	127.1	131.6	136.9	142.7	149.6	153.2	160.7	166.9	166.7	168.7	169.2	170.5	167.9	160.7	159.2	157	155.1	156.2	151.8	147.6	147.8	146	142.6	137.1	134.6	130.4	140.7	160.1	163.7	159.5	156.4	152.4	148.5	147.2	142.2	144.1	150.2	150.4	159.6	168.7	168.6	169.5	173.7	172.9	166.3	158.1	151.7	142.1	137.8	134.8	132.9	133	130.7	134.7	138.5	137.7	134.7	130.8	117	107.6	112.6	114.9	117.7	124.1	126.9	128.6	132.5	137.4	143.8	146.8	147	151.3	156.5	157.1	156.5	159.2	163.5	164.4	163.5	160	159.6	155	148	144.1	138.1	130.9	124	114.2	111.4	107.4	104.6	99.1	100.4	101.8	95.5	92.8	90.8	91.8	88.9	83.1	77.7	72.4	67.3	64.7	64.3	68.8	65.8	82.9	154.4	184.6	183.4	183.8	185	187.7	198.3	218.4	223	223.7	222.8	220.2	220.5	223.8	232.4	232.5	226.7	233.2	240.1	244.9	245.1	237.3	231.2	238.8	240.7	240.6	240.8	241.1	244	246.7	245.6	243.1	242.9	243.1
277.9	275.1	273.7	272.5	271.3	269.1	267.2	266.5	265.2	262.2	262.5	263.5	263.5	262.2	260.5	259.1	258.4	257.3	257.1	256.7	256.6	256.3	256.5	256.5	256.3	254.9	220.5	206.8	201.2	206	211.5	217.5	216.8	210.7	209.1	209.3	211.6	213.6	215.2	215.7	215.8	214.9	193.3	136.9	103.1	92.1	95.6	103.3	111.3	109.4	104.5	112.9	118	120.8	128.6	133.3	135.2	141.9	149.2	152.1	157.7	162	162.3	165.1	163.8	162.6	159.3	152.7	151.4	151.6	149.5	150	147.4	146.5	145.1	139.1	131.6	133	133.2	133.9	148.6	160.8	155.4	147.9	142.8	139	137.6	134.9	137.1	145	148.8	148.7	154.1	155.2	159	162	160.4	157.9	152.8	146.1	140.9	132.6	129.1	125.3	123	123.7	126.2	130.8	135.9	138.1	131	120.1	107	103.6	105.7	113.4	123.8	126.9	127.2	128.2	132.1	139	141.9	144.2	146.7	152	152.1	151.1	152.9	156.8	159.8	159.6	157.3	153.1	148.9	146.6	144.1	140.1	130.1	123.1	117.8	109.5	106.3	103.5	98.2	96.9	99.2	98.9	94.3	90.4	89.3	88.5	85.8	79.9	74	68.5	63.7	65.6	67.1	59.6	60.1	106.7	173.1	185.3	187.2	187.8	188.1	208	223.6	224.5	224.2	221.8	219.6	221.2	224.2	233.1	235.4	238	238.9	239.9	243	246.3	241.2	236.7	243	246.6	245.2	243.3	241.8	240.6	243.1	242.6	240	239.6	239
277.9	275	274.1	272.7	271	269.1	267.1	266.3	262.8	261.6	263.7	263.5	263.5	262.2	260.7	259.1	258.4	257.6	257.1	256.7	256.5	256.3	256.4	256.1	256.3	256.2	224.9	208.1	201.6	200.3	208.4	218.9	218.2	214.6	211.2	209.9	211.3	212.7	214.6	214.9	213.8	212.9	160.3	92.8	87.5	88.8	94.3	99.8	105.7	103.2	97.1	104.1	112.3	120.2	124.9	127.4	132.5	140.3	146.5	149.7	152.8	154.6	155.1	158.6	157.5	154.1	152.9	146.9	143.8	145.4	144.9	146.6	147.9	145.4	144.1	140.3	136	132.3	127.2	128.2	140.1	143.8	139.4	131.6	124.1	120.1	118.1	113.7	116.9	128.8	135.2	135.3	135.7	135	138.4	139.6	137.2	134.4	128.1	122.1	120.6	114.8	109.4	107.1	108.3	111	117	120.5	120.5	120.7	115.2	105.7	100.9	105.2	108.8	116.3	124.6	128.4	128.9	126.7	127.7	129.8	132	133	134.9	139.1	140.4	144.2	147.3	148.4	150.9	150.8	148.4	144.7	141.6	139.1	136.6	130.2	124.1	119.2	113.7	108.5	100.5	95.4	95.1	92.7	94.5	92.7	87	87	88.4	84	78.6	75.3	70.2	64.5	62.6	65.4	65.8	60.4	69.6	128.4	185.5	186.8	189.4	188.8	190	210	224.4	224.5	224	221.1	218.9	219.3	223.8	232.8	241.3	242.5	240.2	240.4	242.3	245.9	245.6	241.3	238.8	246.1	245.8	244	242.1	240.3	241.9	241.7	239.7	239.4	239.3
278.8	275.7	275.1	273.7	270.7	268.5	266.4	265.6	265.5	264.4	263.7	263.4	263.5	262.1	260.8	259.4	257.6	257.9	257.4	257	256.5	256.3	256.2	251.3	251.1	252.6	228.9	209.8	204.9	197.6	202.9	217.2	220.3	219.8	217.7	214.8	215.7	215.5	213.1	212.8	213.2	213.5	162.9	91.7	85.3	85.5	90.5	97.2	102	99.4	99	105.5	108.9	117.3	120.8	123.4	130	139.5	143.4	146.2	150.9	151.5	152.6	153.8	153.5	150.5	149	142.8	140.6	141.5	141	143	142.5	141.6	141.6	139.3	136.6	134.4	127.2	123.3	130	130.7	123.7	116.8	108.8	104.7	103.1	99.9	101.7	110.7	120.2	126.3	126.8	125.1	127.9	131.2	129.1	125.7	121.9	113.3	110.4	105.2	99.9	97	97.8	100	106.4	110.4	111.1	111.5	106	99.9	97.2	100.4	109	117.3	122.7	126.4	125.7	127.4	128	129.4	130.4	131.3	131.6	134.7	137.5	140.5	141.9	144.5	147.5	144.3	145.3	142.7	139.9	137.7	133.5	126.1	122.6	117.9	110.8	106	98.8	92.5	92.6	88.8	91.2	90.5	83.9	85.2	87	80.5	76.2	72.6	69	63.6	62.6	65.5	65.8	58.4	67.1	121.9	185.1	188.5	191.5	192.2	192.9	211.1	225.2	224.8	222.3	218.6	218.8	219.6	225.2	235.3	239	239.6	238.5	239.9	243.2	243.1	242.5	239.4	235.6	240	246.1	248.1	249.1	246.7	243.2	245	246.5	244.5	246.7
279.3	276.6	275.9	273.8	270.6	265.3	266.6	265.8	265.5	264.6	264.1	263.7	263.6	262	260.3	255.8	256.9	258	257.4	257.1	256.6	256.3	256	252.1	251	253.4	236.8	212.2	208.1	203.5	203	215.3	220.4	219.9	216.5	214.2	216	216.2	213	211.7	211	211.2	165	89.7	82.1	82.6	86.8	91	93.3	95.2	97.2	100.7	106.9	112.5	116.3	121.1	126	131.5	134.6	138.8	142.3	144.1	143.5	145.2	143.8	138.9	136.3	133.9	133.7	133.5	138.8	142.1	140.3	141.9	142.3	140.1	136.8	135.4	132.6	123.5	109.2	101.3	92.5	85.6	76	69.7	69.3	75.5	80.8	85.5	93.1	98.6	100.4	103.6	103.4	104.3	101.9	99.5	97.7	89.3	86	79.7	75.9	78.5	84.1	87.6	87.7	86.9	86.2	87.6	84.5	90	105	108.1	118.4	127.4	131.5	133.5	127.8	124.2	124	125.1	126.7	126.2	124.5	128.9	132	132.6	136.7	136.7	139.3	140.3	140	135.8	134	130.6	124.6	119.8	114.6	111.9	104.9	99.8	98.2	93.6	87.8	86	86.1	86.3	84.5	83.5	82.8	79.5	72.4	70	67.4	63.6	63.2	66	66.2	61.2	75	126	179.6	192	192.8	191.4	196.5	216.5	223.6	217.6	219.8	217.7	218.8	221.1	225.4	236.5	239.6	238.5	238.1	238.7	241.7	242.3	241.2	239.4	236.8	237.8	244.5	247.6	249.6	247.8	245.2	246.8	247.4	244.7	246.3
278.1	278.7	278.2	275.3	272.5	270.7	268.4	266.7	265.5	264.6	264.1	263.6	263.1	261.3	257.3	257.6	259.1	258.1	257.4	257.2	256.7	256.3	255.8	248	249.5	256.5	248.4	219.9	210.7	208.1	203.6	209.5	216.2	219.2	215.5	213	214.1	214.7	212.4	211.6	211.4	210.8	160.5	89.5	80	80.8	85.1	88.3	88.1	90.5	92.9	99.3	107.5	111	113.1	118.5	126	130.4	131.4	136.6	141	140	138.2	137.7	137.8	136.4	133.9	132	131.5	131.5	138.1	139.1	137.2	140.5	141.2	141.4	139.1	134.1	133	125.4	105.2	88.9	77.6	68.9	59.9	53.4	55.1	63	73.7	79.4	83.2	86.8	90.1	93.1	94.4	90.3	89.2	89.6	85.8	80.4	75.6	69.3	65.7	71.1	77.1	79.4	79.5	76.6	74.1	74.4	73.7	84.5	102.5	110	118.4	128.8	133.3	131.9	127.9	123	122	121.9	122.5	123.3	122.7	122.9	125.4	128.8	133.9	136.7	135	134.5	135.6	134.1	129.4	126.7	121.7	116.7	111.6	110.5	104.4	98.2	97.3	93.6	87.4	84.8	84.3	82.9	82.5	80.6	81.9	78.6	72.1	68.6	66.9	63.6	63.2	66.2	65.1	62.7	80	126.2	183.4	192.8	192.2	190.6	196.8	216.3	221.8	213.2	211.2	216.6	220.2	221.6	232.6	243.5	242.6	239.4	238.3	239.9	241.8	244.2	245.4	241.3	235.8	234.3	236.3	237.4	243	244.8	241.4	240.8	239.7	239.9	242.6
276.7	278.1	278.4	275.1	272.5	270.7	268.6	266.6	265.3	264.1	263.8	263.5	263.1	261.7	260.2	260.5	259.1	257.7	257.6	257.2	256.7	256.4	253.8	247	249.4	256.5	251.8	229.1	213.5	211.2	211.3	212.7	213.2	218.9	216.4	213.8	214.3	214.4	212.1	210.8	209.4	209.1	171.7	109.3	81	81.6	79.3	80	81.8	86.6	89.1	94	99.8	101.7	103.5	112.6	122.8	127	127.1	128.6	131.1	128.4	124.2	125.6	125.2	123.4	124.4	125.1	125.9	131.1	137.4	136.7	132.5	133.2	134.8	136.1	135	130.1	127.9	123.8	108.7	87.5	71.4	54.5	44.1	36.9	33.7	37.6	47.3	56.5	63.4	67.6	71	73.1	74.5	73	71	70.4	68.5	63.2	56.7	50.9	47.7	49.9	52.7	53.6	54.4	53.4	51.5	51.4	56.7	82.1	103.1	115.8	121.4	127.5	132.8	135	135.3	131	124.2	116.4	111.8	112.3	110.6	113.9	117.6	120.9	124.5	125.8	125.6	124.9	125	123.1	119.9	116.7	114.2	110.8	106.9	103	100.2	97.4	94.3	90.2	88.4	86.5	85.1	82.8	80.8	78.1	77.7	76.1	73.4	70.3	67.1	63	62.5	64.8	67.1	70.5	91.6	133.2	188.3	192.8	191.4	191.6	205.1	223.4	220.7	217.5	210.3	217.1	221.2	221.6	234	244.3	245.2	245	241.3	241.1	244.5	246.4	248.2	244.2	238.2	238.1	237.2	238.7	245.5	246.1	242.2	240.7	238.7	238.6	237.8
278.6	278.8	279.2	276.3	272.8	270.8	266.9	265.7	265.3	264.2	264.2	263.9	263.4	261.9	261.4	261.3	259.6	258	256.6	255	253.1	251.5	250.2	246.6	252.6	256.3	256.5	243.7	223.6	214.6	214.9	214.9	213.5	215.8	219.1	217.4	214.1	213.4	213.3	212.6	212	206.6	144.8	85.8	77.2	75.5	76.6	77.8	79.1	86.3	88.9	91.4	97.4	99.8	104.5	114.8	122.3	124.8	124.5	126.3	120.1	119	123.2	120.9	118.2	119.1	120.2	121.1	122	126.7	129	132.6	134.7	131.4	134.1	133.9	129.2	126.6	129.3	128.2	114.6	88.1	63.8	48.5	38.4	32.8	31.7	35.1	40.3	50.9	60.3	64.7	66	66.8	66.7	65	61.8	59.2	55.6	52.7	48.7	46.3	46	47.4	48.3	50.7	51.7	49.1	48.8	50.3	71.2	94.5	104.6	111.8	119.7	126.6	132.5	137	132.9	124.9	117.9	109.5	108.9	108.5	109.3	111.5	112.7	115.8	117.7	119.7	119.8	119.1	119.5	117.2	115.4	112.7	109.2	105.2	101.3	100.2	97	92	90.6	86	84.3	83.7	80.9	81.2	78	74.3	75.6	76	72.7	69.5	66.5	64	64.5	68.2	70	86.5	123.9	175.3	192.1	192.3	190.7	189.9	194.5	206.6	217.3	216.3	216.2	218.3	221.6	224.2	234.3	240.4	241.4	244	241.4	238.8	243	247.9	247.1	244.3	239.6	236.7	237.7	239.2	242.5	244	240.4	242.3	240.5	239.9	239.4
279.9	279.4	278.8	275.6	272.7	270.5	267.1	267	266.2	265.5	264.4	264.1	263.4	262	261.3	261.3	259.8	258.1	257.6	255.1	250.4	251.4	250.4	247.7	255.3	256.3	256.4	248.7	224.6	219.7	221.6	215.9	212.5	213.6	214.8	214.5	213.7	213.8	213.8	212.5	211.6	210.7	168.3	98.2	75.1	71.4	73.7	75.7	77.7	80.9	84.2	88.9	93.4	95.3	99.3	102.5	107.1	112	113.5	110.3	105	107.6	109.1	106.9	106.5	111.7	116.2	121.6	125.9	121.3	119.1	121	118.5	116.1	111.1	109.8	109.6	113	116.3	111.2	98.8	83.7	62.2	43.8	34.3	30.3	27.2	29.3	29.5	31.9	39.1	46.9	51.2	53.4	53.4	52.2	50.1	47.6	44.8	42.1	39.5	37.7	34.4	34.1	31.7	33.3	35.2	35.7	36.6	51.2	77	88.5	99	106.3	107.2	109.5	118.7	123	122.1	126.3	125.3	116.5	107.7	98.9	95.9	98.7	102.8	104.5	108.1	109.9	111.3	110.2	111.3	113.6	111.4	108.5	104.4	101.4	97.8	94.4	92	89.1	85.4	82.7	78.3	77.6	76.2	76.9	75.5	73	72.1	70.6	69.5	69.3	67.1	64.1	65.7	70.2	77.2	93	137.3	192.1	192.5	194.2	192.7	194.7	206.8	214.7	216.7	217.2	219.6	220.1	221.9	228.5	239.1	241.2	240.6	243.1	242	237.9	240.5	245	245.6	245.8	242.3	237.4	236.2	237.1	238.1	239.9	239.8	240.5	239.8	239.1	240.7
280.1	278.4	276.5	273.7	272.4	270.7	269.3	268.2	267.3	266.4	264.9	264.2	263.5	262.3	261.7	261.9	260.2	258.4	257.9	257.4	254.4	256.7	256.5	256.2	255.8	256	256.5	255.9	233.4	223.4	223.5	218.7	216.6	217.7	217.5	213.3	214.3	215.9	215.8	215.7	214.2	210.9	176.2	103.2	74.3	70.7	72	73.3	73.9	77.6	83.6	88.7	92.3	92.7	94.2	95.2	101.2	105.3	106.8	102.1	100.3	104.9	105.2	101.2	103.2	107.3	113.9	119.3	121	117	116.9	115.5	112.3	111.6	108.7	106.1	107.8	111.5	110.9	106.2	98.4	87.5	64.7	46.4	36.8	30.8	27.6	27.1	26.1	27.2	31.6	38	42.7	45	45.3	45.5	45.3	43.7	40.9	38	36.3	34.3	32	30.2	28.6	27.8	27.6	29.6	32.9	49.7	75.1	91.5	101.2	107.7	106.6	108.5	114.3	118.8	121.5	124.4	124.2	115.1	108.1	99.3	94.6	94.2	99.2	101.3	102.8	105.4	106	105.9	106	109.7	109.3	105.6	102.6	100.1	95.5	90.8	90.8	89.4	85	81	75.4	74.5	74	75.3	74.1	72.5	71.6	70.1	67.9	68.3	66.7	64.7	66.8	71	80.2	96.2	140.7	193.6	193.9	194.9	194.9	198	210.7	218.7	220.1	221.2	222.7	222.5	226.3	236.2	241	243.7	242.1	244.7	243.2	240.6	239.8	242.8	246.5	250.9	250.2	244.3	239.5	236.6	235.6	238.6	241.2	244	244.4	240.8	238.2
280.5	278	275.7	273.4	272.2	270.6	269.9	269.1	267.6	266.5	265	264.2	263.4	262.3	261.7	262	259.8	258.4	258	257.4	254.4	256.6	256.4	256	255.9	256	256.3	256.4	246.4	230.9	220.7	217.4	216.4	217.1	217.5	213.8	215	215.9	215.2	213.7	212.8	210.3	189.3	119.6	74.3	69.4	69.9	69	69.8	76	81.4	88.1	88	84.3	87	90.1	90.3	93.7	93	87.6	86.8	93.2	96.3	98.1	99.7	102.3	106.5	112.1	111.4	108.8	105.9	98.2	97.2	99.5	99.1	95.7	95.3	94.7	92.5	89.6	86.3	73.1	60.9	49.8	39.6	33.2	28.5	27.3	25.9	26.7	28.9	30.9	31.2	31.8	34.4	35.3	35.9	34.9	32.9	32	29.8	28.3	27	25.8	24.6	25.1	27.4	29.9	35.4	48.1	60.6	76.5	86.1	86.9	90.9	99.5	101.5	106	105	101.7	103.6	100.2	98.1	95.2	91.4	88.4	89.5	92.6	95.4	98.5	99.1	99.5	96.1	98.7	99.4	96	93.6	90.2	88.4	86.7	86	85.6	81.9	77.8	72.5	72	73.1	73.4	74	72.1	72.3	70.7	66.9	67.1	65.4	64	67.3	74.9	91.7	118.3	176.1	197.3	198.1	198.2	197.8	208.6	220.1	220.3	220.1	222.6	223.1	223.1	229.1	236.9	239.6	243.5	242.6	244	243.8	234.8	236	242	246	250	248.8	244.8	240.8	237.2	236.8	240.6	244	247.1	248.5	240.9	236.9
280.5	280.1	276.7	275.7	275.1	273.8	272.1	270.6	269.4	267.4	265.5	264.3	263.8	263.1	262.2	261.5	261.4	259.6	258.4	254.9	254.7	257	256.9	256	256	255.9	255.9	256.2	253	237.6	221.8	220.1	219.5	219.2	218.7	215.5	217	217.6	213.8	212.8	209.1	204.9	191.6	137	76.5	67.6	68	67.4	67.5	73.3	79	84	84.9	84.1	83.5	86.5	88.5	89.6	88.5	82.6	83.3	92	94.5	97.3	98.9	99.8	103.4	109.2	108.9	104.7	100.4	95.9	96.5	97.6	98.8	92.4	87.5	88.1	88.4	85.8	79.6	66.9	59.6	52	41	33.7	29.6	26.5	24.7	24.6	25.5	26.7	27.4	28.8	29.8	31.6	30.4	28.3	28.6	28.6	27.4	27.2	26.1	26.8	25.3	25	28.4	31.8	38.4	48.5	56.9	71.5	79.8	80.7	86.2	91.9	92.6	98.8	99.9	97.6	97.4	95.5	95.3	94.7	91.1	86.5	86.5	88.7	91.1	94.2	95.9	98	94.9	94.3	92.6	89.9	88	86.6	84.9	86.1	84.2	84.2	81.1	77.9	70.6	68.4	72.6	70.8	71.3	71.2	69.9	69.3	66.2	65.6	65.5	64.1	65.4	74.6	93.9	123.9	182.5	201.1	200.1	199.3	200.3	213.2	224.2	224.5	222.3	224.5	224	229.4	240.9	245.1	241.8	242.2	241.3	239.8	241.2	238.8	235	236.4	239	240.3	242.6	244.2	242.8	242	242.3	243.6	246	249.5	253.6	250.2	245.1
280.5	278.8	276	276.6	275.5	273.5	271.1	269.8	268.6	266.4	264.5	263.4	263.4	262.7	261.7	259.1	260.6	258.7	257.8	254.9	253.2	256.3	256.2	253.5	254.1	255.3	255.8	256	253.8	241.4	221.5	218	216.1	216.4	215.9	214.1	217.4	217	212.7	210.3	206.9	202.8	195.6	137.8	78.6	66	64.3	65.3	67.8	72.9	76.1	80.1	83.3	82.3	80.3	81.2	79.8	79.5	79.3	81.4	86.3	90.6	91.1	92.1	93.2	95.2	96.8	102.2	98.5	88.2	84.9	90.3	94.9	95.2	90.9	82.6	77.6	76.2	75	74.1	65.6	58.5	56.9	53.9	46.9	39.3	36	30.7	30.6	28.8	26.3	26	27	28	28.4	27.6	27.9	26.2	25.8	27	27.9	27.9	28.2	30.3	29.8	31.7	34.5	37.9	43.2	45.7	49.6	55.5	63.8	66.4	72.9	75.7	73.7	79.5	87	87.5	81.5	81.6	87.1	89.2	89.4	88.1	84.1	84.3	82	84	86.1	87.5	87.8	87.1	84.6	84	80.9	80	79.8	79.3	78	78.8	75.8	71.3	67.1	65.7	69.2	68.2	67.9	68.8	66.6	65.9	65.8	65	64.5	63.6	62.9	72.5	94.2	119	169.9	206.2	202.4	202.4	216.1	226	226.1	225.6	225.1	222.4	224.3	230.9	240.7	244.7	241.9	241.8	242.2	239.5	240.3	241.4	239.6	233.8	235.6	238.9	241	243.8	242.6	242.6	243.8	242.5	241.9	245.4	250.7	252.4	249.8
279.5	280.5	280.5	280	276.8	273.2	272.2	270	268.3	267	264.6	263.2	262.6	262.8	259.8	257.9	260.9	259	257.7	250.3	249.8	255.7	256.6	256.5	256	255.8	255.7	256	255.6	251	231.4	218.8	216.5	214.2	213.6	213	214.1	214	209.9	205.4	199.9	200.5	192.1	128.4	82.4	65.9	63.4	63.5	66.2	72.4	74.9	79.6	81.7	80.6	79.1	77.7	76.5	77	78.3	83.2	86.8	86	87.5	86.4	89.1	92.2	93.7	95.2	91.5	83.8	84.8	91.7	95	95.3	89.1	80.6	76.4	74.6	74	70.6	63.2	57.5	52.8	48.5	45.5	41.1	41	39	37.3	32.9	27	26.7	26.3	25.9	24.9	24.9	24.3	23.8	24.1	25.5	29	32.8	32.8	33.3	34	35.2	37.1	40.3	43.2	42.2	47.5	53.3	60	64.6	67.6	70.5	71	76	83.5	82.8	76.7	79.1	83.5	84.5	86	84.6	83.6	84.1	80.7	81.1	81.3	81.2	83.4	85	83.5	82.3	79.3	78.3	78.8	77.2	75.3	75.9	75.2	69.9	65.8	65.4	67.2	67.9	68	69.2	67.6	65.1	66.2	65.7	65.9	64.3	61.7	71.1	91.5	122	172.1	208	204.6	204.4	219.7	225.9	225.8	225.7	226.8	223.5	231.5	241.9	239.3	237.5	238.1	239.9	242.2	241.9	241.4	241.9	240.5	236.7	240	245.8	248.1	246.2	244.5	243.4	243.6	240.2	238.9	242.5	246.6	249	250
276.7	279.9	280.5	280.2	276.4	274.5	271.9	269.9	267.2	267.1	265	261.6	263	263.1	262.4	261.7	261	259.3	256.9	248	249.7	256.5	256.6	256.5	256.2	255.8	255.6	256	254.2	251.2	235.8	217.7	212.6	208.5	207	210.8	213.2	212.7	209.1	204	199.8	200.5	204.5	154	96.1	68.1	62.1	60.2	65.6	71.3	75.3	77.4	77.3	78.4	74.8	74.3	73.3	75.5	79.6	83.1	82.1	81.7	84.2	86.5	86.2	89	87.2	81.4	81.1	84.1	87.2	88	87.5	84	80.7	81	78.8	76.7	75.2	71.1	64.8	61.3	57.7	53.5	50.3	48.1	47.2	44.3	44.3	38.3	33.2	30.4	28.4	26.7	26.2	26	23.9	24.7	27.8	29.9	32.8	39.4	42.7	42.2	41.6	41.5	42.5	43	42.4	40.8	44.7	51.3	55.9	60.3	62.2	64.4	66	68.7	72.1	74.4	72.2	73.2	78.2	78.2	75.5	75.6	79.8	80.9	79.1	77.2	78.3	75.8	76.1	77.2	76.8	79.5	77.7	74.1	73.5	72.5	68.5	66.7	68.8	69	65.9	63.9	66.4	68.7	66.7	66.3	66.5	65.8	64.2	63.7	63.9	62.7	61.6	71.8	90.5	145.2	206.4	209.2	208.4	217.8	226.9	225.5	223.2	225.4	226.9	226.4	232.4	242.7	240.3	233.7	231.5	236.9	242.1	242.3	243.9	246.2	245.4	240.8	240.7	247.2	250.3	247.1	244.6	242.4	242.3	238.8	237.7	241.5	245.6	247.7	248.1
279.7	280.5	280.5	280	275.6	273	270.6	270	264.4	262.4	264.5	263.6	264.5	263.9	263	262	261.9	258.4	250	248.8	255.1	257.1	256.6	256.6	256.3	255.9	255.6	255.7	249.6	251.2	243	220.5	208.9	204.1	201.3	204.8	208.9	208.4	204.9	201.3	206.1	217.8	210.4	169.3	106.1	67.5	59.7	58.3	64.5	70.7	74.6	74.1	75.8	76.7	74.4	74	72.7	73.3	78.2	82.9	81.4	83.5	85.6	85.4	85.7	87	84.3	78	79.1	83.5	84.9	82.5	80.1	76.4	75.1	75.5	74.1	72.1	71.4	68.5	64.9	62.6	58.2	51.3	48.9	49.2	49.3	47.1	45.2	41.5	37.6	35.3	31.5	29.6	28.2	28.3	25.5	26.3	30.6	32.5	36.2	42.9	46.1	46.7	45.1	42.9	43.4	45.5	46.2	45.3	46.7	51.5	56.3	57.8	58.4	62.3	63.2	65.2	67.6	70.7	67.4	67.9	72	72.1	70.3	71.5	76.4	78.7	78	76.6	77.3	75.1	74	73.8	72.9	75.6	75.7	72.8	73.1	71.8	66.2	64.2	65.4	68.2	65.8	63.7	66.2	67.8	67.1	65.6	65.4	63.7	62.7	62.1	63.2	71.7	72.7	72.9	87.2	147.3	203.1	207.2	210.2	220.6	225.5	224.2	221.8	224.3	224.8	228.3	234.1	240.9	243.1	241.1	240.5	243.4	241.6	240.1	243.8	248.8	251.2	249.7	244.6	243.8	245	246.7	248.6	248.1	246.9	243.3	238.6	241.8	245.2	247.5	246.9
280.5	280.5	280.5	280.3	276.3	271.8	267.1	268.5	264.1	262.1	265.8	264.9	264.4	264.1	263.4	262.3	261.6	255.3	250.1	251.1	255.9	257.1	256.6	256.6	256.4	255.9	255.7	255.8	251.8	253.9	250.8	238.3	224.5	206.9	195.4	200.9	208.1	206.3	203.8	202.8	209.2	218.8	213.2	187.8	114.5	70.4	61.3	59	64.9	67.8	70.4	71.9	71.2	68.3	69.8	69.6	68.7	70.3	77	78.3	78.9	81.8	82.3	82.3	79.9	77.9	74	74	77.3	80.2	81	79	74.5	75.8	77.1	77.4	78.3	72.5	71.8	68.2	67.5	67.4	60.9	56	55.3	51.9	51.2	49	46.3	44.8	43.9	40.7	38.2	36.7	33.9	32.2	31.7	31.8	33.9	36.2	41.3	47.4	49.5	50.5	51.5	48	48.7	50.3	49.4	49.2	50	53.5	57.4	58.9	59.1	64.6	67	66.9	65.5	63.1	61.7	62.5	65.1	62.6	63.7	64.9	68.4	70.7	70.6	75.7	77.1	74.7	71.6	67	65.1	68.6	72	69.8	70.1	72.1	68.3	63.1	61.3	60.7	61.2	62.8	65.2	67	69.4	64.9	63.1	60	60.1	63.3	61.9	71.3	85.5	83.2	116.3	188.1	200.5	204.4	215.9	225.2	224.7	223.2	223.3	223.5	223.6	227.9	231.7	234.7	240.1	241.1	247	246.2	241.1	238.6	240.4	243.9	248.5	249.6	246.3	244.4	244.2	245.2	249.4	250.8	249.7	247.7	242.5	242.8	247.5	249.7	248.6
280.5	280.5	280.5	277.1	276.4	276.6	272.1	272.2	271.5	269.2	267.1	265.5	265.2	264.9	263.9	259.5	253.2	253.1	255	257.3	257.2	257.2	256.9	254.2	251.8	255	255.7	255.5	253.4	254.8	254.3	244.6	233.2	208.6	190.5	194.5	205.4	209.9	215.8	225.7	230.6	228.8	216.6	202.1	124.5	74.7	62.6	59.4	63.2	66.8	69.4	69.3	69.1	66	68.7	69.2	68	70.3	75.2	77.7	79.6	79.9	80	80.5	78.3	76.1	72.7	73.5	75.8	77.4	77.7	74.8	67.5	71.2	73.9	71.6	71.3	68.7	68.6	65.9	63.9	64.7	60.9	59.3	58.2	54	54.8	51.5	46.8	47.9	49.2	48.2	45.7	43.1	40.7	38	37	37.2	39.5	41.8	45.9	50.4	51	50.6	54.1	53.5	53	52.7	52.5	51.7	53.9	55.7	57.3	59.1	57.3	60.8	62.6	61.6	60	59.2	58.3	58.5	62	57.4	57.4	58.7	61	64.6	69.2	74.2	75.3	73.3	71.5	65.5	63.5	67.3	72.1	69.8	66.6	68.2	67.6	63.2	61.5	60.8	60.5	62.1	65.1	67.2	67.8	61.9	59.7	60	61.2	63.1	65.5	76.3	91.7	100.2	138	200.7	198.6	199.6	210.7	220.8	221.3	221.1	220.6	222.1	226.1	239.1	241.9	241.7	248.3	242.8	243.4	246.6	243.1	239.4	238	238.8	242.4	245.4	246.3	245.1	241.7	238.4	241.3	243.3	244.1	247.8	246.4	244.9	249.5	252.4	252.5
280.5	280.5	280.5	277.5	277.9	278	274.8	271.5	271.3	269.2	267.6	266	265.6	264.9	264.2	258.4	253.4	255.1	256.9	257.4	257.2	257.1	256.9	252	253.5	256.4	255.9	255.7	252.7	253.2	254	248.5	235.2	202	188.1	193.4	210.2	214.9	220.9	230.1	231.6	231.8	225.3	208	163.2	110.6	75.9	64.3	65.5	66.9	68.2	71.2	68.6	67.1	66.6	65.3	66.6	71.2	76.3	78.2	77.3	73.4	71.8	70.5	69.7	71.3	69.4	71.4	76.4	77.4	77.7	75.5	70.6	68.3	70.3	68.5	68.7	68.2	68.5	71	68.8	66.9	65.5	62.6	62.7	59.9	61.2	59.5	58.5	57.5	59.5	61.5	61.3	67.2	71.5	69.4	62.7	57.4	57.6	58.2	58.2	61	60.9	60.1	60.7	62.2	62.6	58.6	58.1	59.7	59.7	58.9	57.9	60.7	59	58	57.1	60.7	59.5	57.3	56.3	54.8	56	55.4	53.2	53.8	55.8	58.4	65.2	71.4	76.6	77.7	76.9	71.1	64.6	63.8	67.8	70.4	66.4	65.1	64.9	60.9	60.8	61.4	60.1	60.9	62.1	62.3	62.5	61.7	60.1	59.6	60.3	61.5	66	77.3	89.7	113.2	169.2	207	198.9	197.8	212.7	220	220.6	220.6	220.4	222.1	227.7	240.3	244.7	243.3	248.5	242.3	238	242.9	243.7	240.8	240.4	240.4	241.6	244	245.3	244.5	240.9	237	238.4	240.3	241.5	248.2	249.9	247.2	250.5	252.7	251.3
279.5	279.3	280.5	275.9	279.1	279.5	274	269	270.5	270.6	269.2	266.6	265.2	264.6	264.4	263.3	263	262.1	260.3	258.3	257.2	257.1	256	252.8	256.7	256.5	255.5	254.4	254.7	255.8	255.9	255.6	247.8	223	214.7	217.6	231.8	229.5	233.5	234.2	233	231.9	228.5	209.3	184.1	128.7	82.4	66.3	64.8	65.2	67	71.1	70.9	69.7	69	66.3	66.3	70.6	74.3	76.5	74.3	71.3	70.4	67.2	66.5	70.3	68.7	68.7	71.9	72.3	71.9	71.7	68.9	65.2	66.3	65.8	64.7	64.9	66.9	68.7	65.4	64.9	64.5	63.7	62.3	62	64.3	65.7	64.4	62.5	63.9	65.3	68.4	75.4	80.3	82.2	70.1	64.5	64.3	61.7	62.4	64.9	63.6	62.7	64	63.8	62.8	59.1	60.1	61.1	61.2	60.8	59.9	59.5	58	55.8	55.8	57.8	57.6	55.2	53.9	52.1	53.7	53.3	50.9	53.2	55	55.9	61.1	66.5	76	80.4	81.9	75.5	66.5	63.7	66.4	69.6	67.2	65.5	64.9	60.9	59.8	60.3	60.7	61.9	60.7	61	60.6	60.5	60.9	59.2	60.7	61.8	73.3	85.2	91.5	116.4	171.6	217.3	216.1	214.7	226.4	231.9	231	228.1	228.8	235.9	240.1	238.9	241.3	238.7	239.9	240.9	236.8	234.8	240.3	242.3	243.8	242	239.3	238.7	240.4	240.2	241	240.3	239.8	239.6	240.2	246.4	248.6	247.2	251.2	253.7	252.4
280.5	280.1	279.5	276	279.6	280	272.7	269.2	270.3	270.9	269.4	266.3	265.1	264.5	264.5	263.5	263	262.1	260.6	258.4	257.3	257.2	254.4	252.4	256.6	256.5	255.9	255.7	255.5	255.8	255.9	253.4	233.4	216.7	212.8	215.1	229.2	228.5	232.5	233.5	233.3	231.6	230	214.6	202.4	156.7	99.1	70.7	65.6	65.8	66.6	67.7	70.2	73.1	71	70.2	73.2	75.9	77.2	76.7	74.3	70.5	64.4	62.7	64.8	66.3	66.1	66.7	69.3	68	68.9	64.2	60.8	59.1	61.7	61.4	63.8	65.2	66.8	66.1	61.9	60.7	61.1	59.9	59	57.8	60.4	64.1	66.1	66.6	68.2	71.2	78.3	84.2	92.9	93.6	83.3	77	73.7	71	69.3	69.3	67.4	65.5	63.9	62.4	62.8	62.6	65	63.6	60.9	62.4	64	61.2	58.1	56.8	55.4	54.7	52.7	52	53.8	50.6	49.2	49.8	49.7	50.4	54	56.5	59.5	63.2	69.4	77.1	82.5	80.9	74.9	68.1	70.2	72.2	70.6	68.9	67.3	65	63.4	61.7	59	60.8	60.9	60.5	60.3	59.2	59	59.4	61.4	63.7	76.5	89.7	103.5	155.6	200.9	213.1	220.9	239	240.2	236.2	235.4	232.5	234.8	241.3	242.1	238.9	240.7	241.3	240.5	242.2	238.8	230.6	235.5	241.1	242.7	242	238.6	237.3	239.7	236.6	236.6	242	241.3	239.4	234	235.8	244	247.7	253.6	255.3	256
280.5	280.5	280.5	280.5	280.5	279.4	277.1	274.9	273.1	271.3	268.7	266.5	265.8	264.7	264.9	261.9	260.5	262.6	261.2	259	257.4	256.2	250.7	255.7	256.6	256.5	256	255.7	255.6	255.5	255.9	252.1	230.1	216.2	213.3	214.5	226.6	235.2	233.5	233.3	233.5	231.8	229.8	213.1	202.8	165.4	110.7	74.8	65.7	64.6	66.3	67.2	70.4	73.9	72.3	72.2	77.3	80.6	81.4	80.6	77.6	71.4	64.9	61.3	62.1	62.1	60.6	61.8	63.5	59.6	59.8	55.7	55.3	55.9	56	56.1	59.3	60.9	61.1	59.5	58.2	58	59.2	57.7	54.7	55.2	57.4	59.1	60.8	61.9	64.2	70.1	77.9	84.1	90.2	90.5	84	77.6	73.7	69.9	67.4	68.4	64.6	63.5	63	61.9	61.2	60.7	63.8	61.5	60.3	61.4	63.3	62.1	59	56.7	54	53.6	51.4	50	51.8	49.1	47.8	47	47.3	47.5	49.8	54	55.5	60.3	66.1	75.8	81.2	81.8	77.3	71.1	72.2	74.2	72.1	69.8	67.4	65.9	64.2	63.1	61.7	61.1	61.8	61.6	59.5	58.3	59.1	60.4	61.8	65	82.5	96.2	114.7	177.7	215.6	213.9	220.1	237.2	238.9	237.5	241.5	242.4	240.5	241.3	248.1	246.6	244.5	246.7	245.5	244.9	245.4	235.7	233.4	242	243.8	243.1	240.9	242.4	246.1	244.8	242.4	247.2	247	241.2	235.1	238.2	244	245.4	251.8	254.1	253.9
280.5	280.5	280.5	280.5	280.5	279.2	277.1	274.8	273.4	271.4	268.8	267	266.3	265.9	265.5	261.4	262.4	262.6	261.3	259.4	257.6	256.5	255.7	256.7	256.4	256.4	256.2	255.7	255.6	255.5	255.7	242.5	221.9	215.2	215.4	218.7	226	234.9	232.9	233.4	232.9	232.3	230.5	218.7	205.2	203.3	161.7	88.6	71.2	68.3	66.2	70.1	74.4	76.1	76.5	79.6	81.6	82.8	82.6	82.2	80.2	75.8	69.2	62.5	58.1	56.4	56.4	55.6	50.5	48.2	46	44.5	46	47.8	47	45.6	47.8	49.5	49.6	49.9	50.5	52.8	53.4	51.8	49.8	51.4	52.8	51.2	51.7	52.1	53.7	56.4	59.7	64.4	67.6	65.4	62	60.1	57.6	57.7	56.7	57.5	56.2	54.7	54.4	54.3	53.9	53	52.7	51.3	53	54.7	56.3	54.1	51.7	51.7	50.6	49.4	49.6	47.7	47	46.3	45.5	44.4	44.6	44.4	44.9	48.6	52.1	57	63.6	75.9	82.5	86	84	77.3	74.3	76.3	76.4	72.4	69.5	68.1	64.8	64.1	62.7	62.6	60.4	60.2	58.6	57.9	59.5	63	64.4	66.6	86.5	111.1	167.6	220.5	224.3	234	238.8	239.2	239.2	236.7	240.6	243.1	240.5	241.5	243.1	243.7	241.9	245.3	245	244.9	246.6	243.1	235.6	242.4	245.1	243.9	242.3	244.6	249.3	244.8	240.2	248.6	249.6	244.3	238.5	241.2	244.8	247.9	251.5	251.3	251.4
278.5	280.5	280.5	280.5	280.5	280.5	278.6	276.3	273.8	271.2	269.5	268.6	267.6	266.5	265.5	264.4	263.4	262.8	262.3	260.8	258.3	257.2	257.1	256.9	256.4	256.3	256.3	255.8	255.6	255.5	255.5	239.1	220.4	215.2	216	219.6	223.5	233.7	228.9	229.5	232.4	232.5	230.9	214.3	205.8	204.1	175.7	97.4	74.7	69.6	65.5	68.5	74.3	76	78.1	81.6	82.1	83.3	83.9	83.3	80.8	77.8	72	63.1	57.8	52.8	50.8	45.9	40.9	39.9	39.2	40.4	43.3	42.9	42.4	41.2	41.1	41.8	42.5	43.1	46.3	49.2	49.1	48	47.6	47.3	49.6	48.5	47.6	50	51.6	55.1	58.9	58.5	60.9	58.7	56.7	55.6	54.9	54.3	52.1	55.1	53.5	52.9	52	51	51.2	50.8	49.7	48.5	48.2	49.5	51.1	50.9	47.6	46	47.1	47.9	48.2	47.4	45.7	42.7	42.4	42.2	43.3	43.6	44.1	46.8	49.5	54.3	60.8	74.3	82	85.5	85	80.6	75.3	74.9	77	73.2	69.5	68.5	64.2	62.9	61.9	60.7	60.3	58.7	58.1	57	58.2	61.8	64.1	68.4	87.6	115.5	182.7	215.8	225	241	239.6	235.5	238.4	237.9	239	243.3	241.3	236.4	231.4	235.9	239.4	245.5	244	241.8	243.4	245.5	239	238	241.7	243.6	243.2	244.8	246.5	239.8	234.9	243.7	246.8	244.6	243.1	242	245.1	251.7	255.8	255.1	247.6
279.1	280.5	280.5	280.5	280.5	280.5	280.5	278.2	275.3	272.5	270.6	269.3	268.4	267.2	266.2	265	263.7	262.3	263.1	262.1	260	257.8	257.2	256.3	256.6	256.2	256.2	256.2	255.8	255.5	244.7	226.3	221.6	217.9	230.6	227.7	220.4	230.7	227.3	228.9	231.7	231.4	230.3	217.9	207.7	205.5	203.4	159.4	108.1	78.3	68.4	70.1	74	80.2	83.6	82.8	82.4	81.2	82.7	82.9	80.9	76.9	70	62.2	54.3	46	41.8	36.7	33	32	33.3	32.6	35.4	34.7	34.7	36.4	38	36.3	34.2	33.9	35.6	37.9	40.5	41.5	40.9	39	38.5	39.1	38.9	39.1	40.3	42.7	47.5	49.3	48.9	50	47.1	46.4	45.1	44.6	43.6	44	42.8	44.2	42.8	41.2	41.7	41	41.2	41	41.5	42.3	40.7	40.9	40.4	40.1	41.1	44.2	44.4	43.1	41.6	38.2	37.3	36.9	41.7	44.3	43	47.5	51.2	53.4	61.3	78.2	88.1	88.1	85.2	77.7	72.6	72.9	72.9	72.3	70	66.4	63.2	60.4	60.3	57.4	56.2	56.6	57.1	56.7	58.5	58.5	60.8	70	105	182.6	225.9	221.8	236.4	246.9	244.8	238.8	238	241	239.1	243.1	242.3	237	237.5	240.9	244.7	249.2	246.6	240.7	239.7	242.4	235.5	234.4	240.6	243.9	244.1	244.9	246.3	243.4	240	242	243.2	243.1	243.4	242.8	244.3	248.3	253.9	256.3	250.5
280.5	280.5	280.5	280.5	280.5	280.5	280.1	275.9	273.8	272.9	272	270.6	268.5	267.3	266.2	264.5	261.8	261.5	263.6	262.6	260	257.8	255.4	253.8	255.8	256.2	256.3	256	255.8	255.6	243.1	226.3	221.7	223.6	241.5	236.3	219.9	227.9	227.3	229.1	232.1	231.5	230.1	220.5	208.6	205.7	204.2	185.7	133.2	87.8	70.2	71.7	74.5	81.1	85	85.1	83.5	82.1	82.6	84.8	82.7	78.4	68.3	62.9	53.3	42.4	35.9	32.6	30	28.1	29.4	29.5	31.4	30.8	31.4	37.4	38.2	35.6	34.4	34.6	35.1	35.8	36.5	40	40	37.7	37.1	37	38.7	41.9	41.6	42.5	45.9	46.1	46.1	46.1	43.7	42.8	42	40	40.3	40.3	40.2	41.3	40.5	40.7	40.4	39.9	39.3	39.7	40.4	41.2	40.5	41.2	39.2	38.8	39.5	43.2	43.2	41.5	39.4	36.6	33.8	34.3	38.9	42.3	41	45.6	50.6	54.3	61.4	76.1	85.7	86.1	83.9	78.6	72.4	72.9	73.4	71.7	68.8	67.6	63.9	61.6	61.3	58	55.8	56	55.1	56.6	58.2	58.5	60.5	71.1	117.8	204.6	230.8	230.8	237.6	243.2	243.6	242.5	241.6	246.4	240.9	239.5	241.8	243.4	244.7	245.7	246.6	248.4	248.2	244	239.8	239.1	233.8	235.8	245	245.6	245	246	247.5	247.3	245.5	242.9	241.4	244.5	247.3	247.8	252.2	259.1	260.3	261.5	256.9
280.5	280.5	280.5	280.5	280.5	280.5	280.3	274.4	273	273.2	272.5	270.7	268.5	267	266.2	265.1	263.3	263.6	263.9	262.6	260.3	258	257.2	256.6	256.6	256.3	256.2	256	255.2	255.6	248.5	233.7	228.2	247.9	254.5	238.1	221.5	227.7	229.9	230.1	232.5	231.4	230.6	226.5	212.8	206.3	205	205.3	197.1	120.7	79	73.9	75.3	79.8	81.3	81.8	84.7	82.7	81.4	83.3	80.7	72	66.4	63.9	55.2	47.2	40.1	34.7	30.6	28.1	26.7	27.9	28.7	29.8	30.7	38.6	43	41.9	45.5	45.6	47.5	48.5	51.1	58	60.7	57.9	55	55.4	59.5	62.6	64	60.7	57.3	58.6	58	53.3	49.6	51.9	52.3	52.2	52.9	52.9	54.7	57.7	59	61.3	64.6	60.8	54.7	52.8	51.9	49.1	46.2	42.4	41.6	42.9	42	41.7	38.7	34.2	31.8	28.4	26.3	27.2	31.3	37	39.4	44	49.8	55.4	63.4	71.5	80.5	83.4	82.9	80.4	76.4	74.9	75.4	71.5	67	66.2	63.4	60.7	59.5	57.7	55.6	55.1	54.7	56.1	56	56.7	61.8	82.1	170.8	228	237	251.2	246.9	244.6	245.4	246.2	240.2	239.4	239.2	232.5	237.5	242.1	244.5	245.4	245.9	245.2	245.6	243.6	240.7	240.1	237.1	239.7	244.8	244.2	241.7	243.2	245.3	247.4	248.3	246.1	242.6	244.7	248.5	250.4	254.4	260.9	262.2	264.8	260.1
280.5	280.5	280.5	280.5	280.5	280.5	277.7	275.2	275.8	273.4	272.2	270.6	268.7	267.3	267.4	266.9	265.2	265	264.4	262.8	261.2	258.8	257.7	257.4	257	256.4	256.2	256.2	255.5	255.7	250.2	232.3	234.4	250.2	248.8	237.1	221.7	226.5	232.9	232.5	232.5	231.9	231.3	229.3	212.1	206.1	204.6	204.9	204.5	140.6	85.7	73.6	74.2	78.6	79.7	82.1	85.6	82.8	82.5	83.6	79.3	70.5	66	65	56.9	49.2	43.4	38.1	31.5	27	26	28.6	26.7	27.9	31.6	38	43.2	45.4	49.4	49.8	52.8	55.7	61.2	68.8	69.5	69.4	66.7	64	68.1	74.9	77.3	72.9	68.2	70.4	72	65.3	58.7	64	67.8	68.7	67.4	68.7	71.4	73.7	71.4	72	75	70.6	61.9	59	58.2	54.5	49.7	44.2	42.9	42.6	41	38.8	35.4	31.6	28.6	25.8	24.3	23.9	26.9	33.7	37.9	42.9	47.7	55.6	65	74.1	81.7	83.4	82.2	79.7	78.7	77.5	75.2	72.2	67.8	66.1	63.7	60.9	59.3	57.1	55.7	55.8	55	55.7	55.8	56.8	62.8	96	187.5	224	234.2	249.8	246.3	241.4	241	240.6	238.3	240.5	242.3	235.8	236.1	239.1	238.6	238.5	239.5	240.6	243.2	244.5	243.5	243.7	242	240.1	239.1	239.6	236.3	237.3	240.2	241.5	248.1	252.9	251.1	250.3	253.7	258.8	261.8	265.3	268	270.7	268
280.5	280.5	278.1	280.5	280.5	280.5	277.3	277	276.6	273.7	272.3	271.7	269.8	268	267.7	266.9	265.2	264.8	264.4	262.9	261.3	259.3	258	257.6	257.1	256.6	256.4	256.2	256	255.8	248	240.7	255.1	255.6	248.8	240.9	226.9	225.1	232.5	231.7	231.7	231.9	231.3	230.9	216.1	206.7	204.1	203.2	205	170.3	103.8	79.4	74.4	78.2	79.9	83.9	83	80.2	80.7	78.2	75.5	71.5	70	68	63.4	59.5	54.8	49.6	41	33.8	28.8	28.7	29.7	29.4	32.8	38	43.2	48.2	54.2	60.6	66.3	70.7	76.2	82.9	85.4	85.9	87.9	87.1	94.1	104.1	111.6	112	110.1	120.8	115.1	104.1	98.5	108.6	113.1	112.4	106.1	104.9	105	98.6	90.7	87.6	85.2	79.7	73.1	64.1	63.1	62	56.9	52.2	47.2	44.9	39.8	36.7	32.6	29.4	26.3	23.2	22.6	23	25.1	32.3	34	37.4	44.3	52.9	64.9	72.1	77.7	79.7	77.3	77.4	79.7	79.2	74.2	70.6	66.9	62.3	61.6	58.9	56.8	55.3	54	54.7	56	55.8	56.3	60	73.3	132.9	219	228.6	239.5	248.9	244.7	239.8	239.6	240.2	242.4	246.1	246.6	245	242.1	240.2	239.5	239.5	239.4	240	242.3	244.7	245.7	245.8	244.8	243.2	241.4	241.1	240.6	241.1	241.5	240.6	245.3	252.2	253.2	251.9	253.2	260.9	263.5	265.4	270.8	271.3	270.3
280.5	280.5	277.1	280.5	280.5	280.5	280.5	279.8	278.1	275.8	275	273.7	271.6	269.9	268.2	266.7	265.2	264.6	265.2	263.9	262.1	258.3	258.8	257.8	257.3	256.9	256.4	252.4	252.1	255.7	249.3	248.5	252.7	253.6	253.7	245.2	230.1	225.5	231.7	229.9	228.8	231.3	229.9	229.3	215.3	204.1	202.5	202.1	202.7	179.1	115.1	82.1	73.6	76.9	80.2	81.8	82.6	81.8	81.2	77.8	76.5	74.7	70.6	67.4	62.3	59.7	56.6	49.1	43.4	38.3	34.5	33.1	29.6	29.2	33.2	35.8	40.7	43.9	51.5	59.9	66.2	69.8	73.8	81.4	82.9	85.2	88.4	86.9	95.6	105.2	113.4	116.6	116.1	126.3	121.4	113.6	106.3	114.9	119.5	118.7	111.8	108.3	106.8	100.2	90.5	86.9	84.8	80.3	73.1	64.5	62.6	61.4	56.2	50.6	44.7	42.4	38.1	34.6	30.2	27	25.1	23.8	23.6	23.4	26.7	33	33.6	36.4	43.7	54	67.8	73.5	76.3	79	75.2	74.6	78.9	79	74.7	70.6	66.6	62.6	59.4	57.9	56.9	54.5	53.2	54.1	55.1	55.1	56.5	61.2	82.4	144	214.5	227	235.8	247.6	244	240.3	238.6	239.5	242	243	244.5	245.7	244.5	243.5	247.4	251.5	252.4	247.7	243.6	242.4	245.8	251.2	254.4	256.4	253.2	250.6	248.9	248.7	251.3	251	250.9	249.2	245.7	248.2	255.7	265.1	264.9	265.5	271.3	277.3	275.7
280.5	280.5	277.9	280.5	280.5	280.5	279.3	280.1	279.3	277.1	274	272.4	272.1	270.3	268.7	267.2	265.8	265.5	264.7	264.3	262.3	258.2	259.1	257.8	257.4	257	256.5	253.8	254.9	255.7	255.7	255.5	252.2	255.6	255.1	243.5	232.9	234.5	237.2	228.1	226.3	229.5	229.3	229.7	219.5	205.4	203.2	202.3	203.2	204.1	187.2	115.5	80.8	80.2	80.6	79.8	79.2	79.1	78.1	76	77.8	75.6	68.8	65.4	61.5	59.7	56.4	52.7	49.3	47.3	44.4	41.5	36.9	34.2	34.8	33.6	35.4	40.6	45.5	53.2	57.3	57.8	65.4	73.6	76.7	78.2	79.2	82	96.4	108.5	114.8	122.5	127.5	129.7	130.7	123.2	118.5	124.3	120.9	116.4	109.3	105.9	101.3	92.4	80.5	80.2	79.2	74.5	66.1	57.3	55.7	55.4	50.7	43.9	40.5	36	32.2	30.4	30.6	31.8	31	33	35.3	35.5	35.9	37.1	38.5	38.6	42.6	52.3	62.8	72	73.8	74.4	76.2	75	77.6	77.5	72	69.4	63.4	60.1	57.2	57.1	56.3	53.1	51.7	54.1	56	56	59.4	73.9	139.8	210.5	219.6	229.5	240.5	242	241.6	241.2	240.5	240.6	243.5	243.9	243.9	245.9	240.8	241.4	247.8	252.2	254.5	251.1	244.8	241.8	244.1	250.5	254.9	256.6	253.6	251	252.5	253.3	256	257.4	256.3	251.7	245.3	249.6	258.1	266.5	265.3	263.9	270.1	277.1	275.1
279.3	279.5	275.5	276.3	280.5	280.5	279.5	280.5	280.5	280	277.4	275.8	274.2	272.7	267.8	265.7	266.7	266.3	265.2	264	261.4	262.2	260.2	257.1	257.2	253.8	256.6	256.2	255.9	255.8	255.8	255.6	255.6	255.5	252.4	241.7	237.4	243.9	244.3	232.7	230	229.1	228.9	230	219.6	205.5	203.2	201.6	201.5	203.4	203.4	137.7	86.7	82.5	81.2	79.9	79.7	79	76.6	75.2	76.2	74	69.1	65	61.1	58.6	57.7	55	52.8	48.8	47.3	45	42	38.7	38.6	37.7	38.6	41.1	44	49	54.3	55.6	60.4	67.5	72.1	73	75.6	80.2	93.9	106	111.8	119.4	125.8	127.5	128.7	118.7	114.4	122.8	116.6	112.7	107.5	100.8	93.8	86.2	72.2	70.4	70.6	66.2	59.1	53	49.7	50.3	47.2	39.5	36.4	33.5	30.7	31.2	31.9	35.3	35.4	36.2	38.8	39.8	38.9	39.5	42.3	41.6	45.7	54.8	62.1	72.1	76	75.8	76.1	75	77.3	76.9	71.3	67.5	63.1	59	57.4	56.5	54.7	51.8	51.5	53.7	55.6	57.8	61.3	79.6	158	227.8	228.8	235.3	244.8	242.5	244	246	248.1	244.8	244.3	246.1	243.3	246.1	244.4	237.6	239	241	247.8	250.8	247	244.3	242	242.6	245.8	250.7	252.9	254.8	263.5	269.1	267.4	268.7	267.3	264.5	260.3	264.5	266.5	268.3	267.3	262.9	263.3	266.5	269.3
276.3	278.7	277.3	278.1	280.5	280.5	280.5	280.5	280.5	280.3	277.7	276.4	274.6	273	268	267.1	267.5	266	265.1	264.9	264.1	262.6	259.1	254.2	255.5	257.1	256.6	256.3	256	255.8	255.9	255.7	254.8	255.5	248.8	247.9	254.9	255.3	254.1	236.3	230.3	228.5	227.1	229.1	222.2	205.9	202.3	201.4	201.3	202.6	205.3	177.3	108.4	84.3	80	78.7	80	79.4	77.2	77	74.7	71.6	68.7	64.5	61.7	61.6	58.9	56.6	54.6	54.1	51.6	49.5	48.4	46.5	46.6	49.2	49.2	47.7	47.9	48.7	49.2	50.9	53.1	52.7	54.9	55	55.1	59.5	65.4	72	76.9	80.8	84.2	90.1	89.2	82.5	85.2	87.8	86.5	82.6	79.9	76.1	68.3	60	51.6	49	46	44.2	43	43.2	43.8	44.7	41.7	39.1	40.2	40.7	40.9	41	42.7	47.8	48.7	47.3	48.1	48.3	47.1	46.4	50.4	50.5	52.5	58.8	64.7	71.7	75.8	76.4	74.8	73.9	73.5	71.7	69	63.4	60	57.5	56.3	55.1	53.6	51.9	53.6	54.3	56.2	59.5	67.5	104.8	197.9	229.7	233.1	251.1	250.4	244.3	246.5	246.6	247.4	246	244.8	246.3	241.9	243.9	248.4	240.3	238.2	237.9	238.6	248.6	248	247.5	245.2	244.2	246	253.3	257.3	259.8	268.1	273.7	270.1	268.1	266.7	266.7	266	268.1	267.3	268.9	268.1	263.9	264.1	265.9	268.5
279.9	280.5	280.5	280.5	280.5	280.5	280.5	280.5	280.5	280.5	277.9	277.4	275.9	274.3	272	269.9	268.7	266.6	264.8	264.8	264.5	263.3	262	259.8	257.2	257.3	256.9	256.5	256.2	253.4	255.6	255.9	255.8	255.6	254.9	253.4	255.6	255.6	255.3	241.5	230.9	223.8	224.9	229.1	222.1	207	201.7	201.3	201	202	204.3	174.6	111.9	85.2	79.1	78.4	80	79.2	76.7	75.5	74.4	72.6	68.4	64.6	61.9	60.4	58.7	56.4	56.8	58	55.5	52.4	49.3	49	52.3	55.9	54.8	55.8	56.7	56.1	56.8	57.3	54.6	54.4	56.7	57.6	59	62.7	66.1	70.7	72.6	71.9	73.3	74.6	73.3	71.6	72.7	75.5	75.5	71.4	68.4	66.1	58.8	54.4	51.5	48.9	44.3	44.8	44.4	42.2	44	45.3	44.3	42.4	44.8	44.1	42.5	42.3	45.4	50.6	50.3	46.9	47.6	48.2	47.2	47.4	50	51.1	55.9	60	66.9	72.8	76.2	78.4	75.5	73.6	72.9	69.5	67	63.1	58.5	56.7	55.8	55.2	53.1	51.6	53	53.5	56.2	60.1	67.5	122.2	205.6	223.9	224.5	244.5	249.2	244	247.1	247.6	246.4	248	246.2	244.3	240.8	238.5	239.4	239.3	238.9	239.6	239.8	251.4	253.5	256.8	265.1	266.4	263.2	268.8	275.7	274.3	273.9	274.3	271.7	271.3	268.3	268.9	270.9	272.1	271.1	270.1	269.5	269.9	270.3	269.7	270.3
280.5	280.5	280.5	280.5	280.5	280.5	280.5	280.5	280.5	280.5	277.3	277.5	276	274.4	272.2	270.6	269.1	267.1	264.9	264.3	264.4	263.5	262.6	261	258.5	257.4	256.9	256.4	256.3	256.2	255.4	255.9	255.7	255.3	255.2	255.1	255.5	255.7	255.5	247.9	231	226.5	223.9	225.6	228.1	218.3	204.9	201.9	201.2	201.8	203.2	181.1	138.9	107.2	92.7	80.2	78.7	77.3	74.3	74.1	72.7	70.1	64.6	65	66	64.6	60.7	59.7	60.1	59.6	57.9	54.5	53	53.9	59	64.9	58.7	56	56.4	59	60.5	59.4	57.8	55	55.7	54.9	58.1	59.9	61.5	61.9	62.1	60.7	57.8	55.9	54.2	52.7	53.3	56.1	55.5	54.1	52.8	52.3	50.5	48.1	47.9	46.1	44.9	43.7	46.2	48.5	49.7	48	47.1	46.9	49.1	47.4	46.5	48	52.3	59.6	57.1	52.7	50.1	48.2	49.5	51.4	51	53.1	58.4	60.9	63.4	70.7	75.6	76.6	76	73.3	70	65.9	63.1	60.2	57.5	54.1	52.6	52.5	52.4	50.6	51	55.4	55.9	60.9	80.5	170.2	208.3	217.1	229.7	243.2	246	248.4	248.8	249.3	246.4	246.6	246.4	244.4	243.1	241.3	240.5	240.3	240.6	243.3	249.4	255.7	259.8	259.3	267.5	274.6	272.8	268.3	270.1	274.7	272.5	270.1	265.3	264.7	270.3	270.3	270.3	271.5	272.5	270.3	268.5	268.9	269.7	268.1	268.1
280.5	280.5	280.5	280.5	280.5	280.5	280.5	280.5	280.5	280.5	278.5	280.5	278.4	275.3	273.8	272.9	270.9	268.4	265.7	264.6	265.2	265.2	264.1	262.9	260.6	258	257	256.5	256.4	256	256.2	255.9	255.6	253.7	252.1	252	255.3	255.6	255.6	253.1	232.6	222.5	225.3	224.3	225.8	214.8	200.9	200.2	199.7	199.5	201.8	193.5	160.7	125.8	97.2	80.2	78.3	76.2	74.6	75.4	73.2	68.6	64.1	63.9	65.7	65.8	61.5	61.4	62.5	62	62.3	59	57.3	58.6	63.9	67.1	62.1	59.8	59.7	61.4	62.6	61.5	60.1	59.8	61.4	61.9	62.5	62.6	60.9	60.7	59.3	58.8	58.1	56.5	56.3	56.4	56.2	56.4	56.3	55.1	56.2	56.5	54.7	54.5	51.7	48.6	48.5	48.6	49.1	52.4	54.4	52.9	51.3	49.6	50.5	48	48.6	51.2	54.5	62.1	59.8	57.4	55	52.2	54	53.7	52.9	55.4	59.8	62.5	64.1	69.7	76.1	76.8	74.8	74.7	70.7	66	62.6	60.8	56.3	54.2	52.8	52.8	52.3	50.5	52	55.1	56.4	60.7	84	172.4	226.8	230.1	238.4	247.3	242.7	243.8	249	250	244	244	246	245.8	244.5	246.1	252.2	257.4	260.5	265.1	267.7	270.3	269.9	272.5	273.9	274.9	278.1	276.9	269.3	268.3	267.1	266.3	264.9	264.1	269.3	271.1	271.1	270.3	270.9	271.1	266.5	265.5	269.5	270.3	267.7
279.1	280.5	280.5	280.5	280.5	280.5	280.5	280.5	280.5	279.1	277.7	279.3	279.4	275.9	274.3	273	271	268.7	266.5	262.1	263.1	263.1	264.3	262.9	260.9	258.5	257.3	256.6	254.6	256.3	256.2	255.9	255.1	254.5	254.1	253.6	255.3	255.6	255	251.9	237.7	226.3	226.7	223.9	226.8	220.1	204	199.8	199.4	199.3	199.9	196.7	197.6	158.4	112.5	92.4	77.9	75.4	75.1	74.5	72.4	67.7	65	65.5	64.1	64.3	64.2	62.2	63.1	64.9	64.2	60.8	60.3	62.3	63.2	63.1	61.5	61.6	63.3	57.9	56.3	58.8	57.3	62.3	62.9	60.8	62.9	65	61.1	58.6	57	55.4	55.3	56	57.1	57.8	56.9	56.4	55.2	56.5	57.6	58.6	59.7	63.2	63.8	61	57.4	54.4	52.5	52.9	53.4	54.8	52	49.3	50.2	48.5	53.1	55.1	57.4	62.5	59.9	56.9	56.5	55.3	54.8	53.3	53.9	55.3	57.2	61.2	65.4	65.6	71.7	75.5	73	70.3	65.7	62.8	61.4	57.6	55.5	52.2	51	51.1	50.8	50.5	51.5	54	57.3	68.3	104.5	189.3	231	238.1	254.4	250.2	240	241.7	246	247.2	244.2	242.7	240.2	246.2	245.4	249	259.1	264.3	266	268.3	268.5	267.9	269.5	274.3	274.5	271.3	275.3	278.5	271.5	267.3	266.5	265.1	266.5	269.5	269.9	269.3	269.9	270.9	269.5	269.7	266.7	265.9	269.5	271.1	270.7
279.3	280.5	280.5	280.5	280.5	280.5	280.5	280.5	280.5	280.5	279.5	280.5	280.5	278.1	275.6	273.9	272.7	271.3	269.9	267	265.8	266.1	266	264.1	262.1	260.2	255.8	251	254.8	256.4	256.3	255.9	251.7	254.4	255.2	255.2	255.5	254.8	251.3	253.8	242.4	230.5	223.3	224.9	226.2	222.4	207.3	200	198.6	198.3	199.7	201.9	202.1	176.2	133.6	102.9	80.4	77.3	76.6	76.3	74.1	68.8	65.5	65.5	63.7	61.5	61.4	62.3	64.3	67.7	68.7	65.4	63.5	66.9	66.6	66.6	65.5	66	64.9	58.1	54.2	55.4	53	55.6	54.9	52.1	51.2	52.2	52.8	51.4	50.2	50	50	52.1	53.5	54.9	54.7	53	52.8	53.2	56.2	58.6	59.3	61.4	61.7	60.9	56.9	55.1	53.3	52.5	52.3	55	54.1	52.1	52.8	55	58.9	59	61.1	66.1	62.9	60.1	58.7	59	59.7	58.4	57.1	57.4	57.4	61.7	65.4	66.7	71.1	75.1	73.9	69.1	65	62.7	62.1	58.3	55.5	53	51.3	51.6	51.6	51.3	52.2	55	59.7	71	115.2	205.6	230.1	236.9	252.9	250.2	236.8	243.4	245.2	242.5	245.2	247.3	249.9	253.7	254.3	264.7	272.9	269.5	266.3	265.5	267.1	265.7	264.9	267.9	268.7	264.5	263.7	269.7	270.1	268.7	271.7	270.7	270.1	273.5	271.3	268.3	265.5	264.3	265.1	264.9	265.1	266.3	267.1	267.1	271.1
279.7	280.5	280.5	280.5	280.5	280.5	280.5	280.5	280.5	280.5	280.5	280.5	280.5	279.1	276.3	274.4	273.5	272.4	270.9	269.1	268.1	267.6	266.4	264.6	262.4	260.9	253.9	251.7	256.5	256.5	256.3	254.7	248.6	252.4	255.3	255.5	255.5	253.1	250.9	255.2	247.8	236.1	225.3	224.9	224.9	225.3	214.6	200.6	198.8	197.5	198.3	200.8	202.5	204.7	181.7	143.5	98.7	80.9	75.7	76.2	73.9	71.1	69.8	67.2	65.1	62.2	60.1	61.7	63.5	65.4	65.9	64.8	66	69.7	70.7	70.4	67.3	65.1	62.9	57.3	56.1	54.8	54.6	50.9	47.7	47.8	45.5	45.1	46.1	42.8	42.1	42	43.3	46.6	47.5	48.8	50.8	49	46.9	46.9	48.3	50.5	51.4	54.1	54.5	50.9	50.2	53.1	53.5	51.4	50.8	52.7	53.6	55.2	55.3	58	61	60.1	61.9	61.6	62.2	61.1	60.3	59.6	59.7	58.3	57.1	56.8	57.3	60	63.5	67.6	70.8	71.4	69.3	65.2	63.8	60.6	58.7	55.8	52.7	52.1	50.5	50.2	50.4	49.8	52.9	55.5	62.3	74.1	137	218.1	226.3	233.6	250.9	249.9	243.2	245.4	246.8	244.2	247.1	252.9	256.6	258.1	261	268.5	271.3	268.9	266.9	265.3	265.9	265.5	264.1	265.3	267.1	266.3	264.3	268.7	269.9	268.7	272.3	272.3	271.7	273.9	272.1	269.9	266.1	263.7	264.9	264.9	264.9	266.9	268.9	266.9	270.3
279.5	280.5	280.5	280.5	280.5	280.5	280.5	280.5	280.5	280.5	280.5	280.5	280.5	278.7	277.1	272.5	273.8	273.8	272.7	271.3	269.6	268.5	267.6	266.6	265.6	261.4	257.8	258.8	257.3	256.9	255	251.6	254.1	255.6	255.5	255.5	255.6	252.3	253.9	249.7	242.1	232.1	223.1	224.4	224	226.7	220.9	204.2	198.5	196.8	197.9	199.6	202	204.5	206.3	182.4	126.4	94.9	81.1	75.2	73.4	72	69	67.2	65.1	61.5	60.5	61.1	64.7	67	67.3	66.7	65.7	69.7	72.5	70.2	67.7	65.9	63.1	60.1	57.3	55.8	54.8	50.9	49.1	47.5	45.1	43.8	44.3	42.6	42.1	42.2	43.6	44.9	46.4	46.9	46.5	45.9	44.8	43.7	44.5	46.1	48	49.7	51.2	51	50.2	50.9	53.1	52.9	52.3	54.7	59.2	59.7	60.6	59.9	62.5	64.3	64.1	63.8	64.4	63.9	62.1	59.2	58.8	58.3	59	59.2	59.4	60.2	62.6	66.1	68.7	69.1	66.1	64.2	63.1	60.3	56.7	53.6	50.9	49.4	48.8	49.2	48.3	49.8	51.2	55.3	59.7	70.1	118	189.9	223.5	240.4	247.3	249.4	246.1	245.9	251	250.7	253.9	262.6	268.7	274.6	276.9	274.1	270.1	270.3	272.1	270.3	267.1	264.5	266.3	267.3	266.9	269.3	267.1	264.9	266.7	263.7	267.1	268.1	268.7	267.9	268.3	271.7	270.9	269.9	268.9	269.9	269.5	268.9	270.7	268.1	265.9
280.1	280.5	280.5	280.5	280.5	280.5	280.5	280.5	280.5	280.5	280.5	280.5	280.5	278.3	277.4	274.6	274.2	274.3	273.2	271.9	270.5	269.4	268	267	266.5	261.5	261.2	259.4	257.6	255.6	254	256	256	255.6	255.6	255.7	255.3	249.2	246.3	239.9	225.9	219.5	221.5	224.4	225.9	226.5	225.6	208.7	199	197.7	197.2	198.8	200.9	203.2	205	197.8	120.8	87.5	82.1	77	73.9	71	67.5	68.3	65.5	63.1	62.3	60.9	63.7	67	67.6	67	65.3	68	71.1	68.8	65.3	63	62.9	61.7	61.3	60.2	58.8	51.5	48.8	47.3	44	44.3	44.9	43.6	43.7	46.5	47.1	47.3	45.1	45.2	46.4	49.7	49.8	47.2	46.1	46.5	47.3	48.7	49.3	48.9	51.1	54.3	53.6	52.6	56	58.9	60.3	61.1	64	63.6	65.3	63.1	61.9	61.3	63.4	62.3	61.5	59.2	55.6	56.8	58.7	59.1	58.2	60.2	63	64.2	67.2	64.8	63.4	62	58.5	56.7	54.4	51	49.1	47.7	48.2	49.2	48.3	49	53.7	59.3	68.7	83.8	163.5	220.7	235.4	247.5	245.9	248	245.4	245.9	251.1	251.9	257.5	267	272	275.7	276.7	275.5	271.1	270.9	272.7	271.1	268.5	265.9	266.9	267.9	266.5	268.1	266.9	264.1	264.9	265.7	265.5	266.5	267.9	267.9	268.1	271.1	272.5	269.7	267.9	267.9	267.9	267.3	268.9	267.1	264.1
280.5	280.5	280.5	280.5	280.5	280.5	280.5	280.5	280.5	280.5	280.5	280.5	280.5	280.5	280.5	278.8	277.8	276.9	276.6	274.8	273.1	271.9	271	269.4	267.9	266.1	264.2	262.3	259.4	257.7	257.1	256.6	256	255.6	255.3	255.3	253.3	251.6	250.8	238	223.4	218.4	223.1	227.3	226.7	226.2	226.2	226.6	210.5	199.6	198.6	198.5	199.6	202	204.8	200.8	124.7	87.5	81.3	78.9	76	70.9	68.9	69.5	67.1	66.7	64.2	61.4	64.2	65.8	68.4	69.3	68	68.9	71.7	69.3	65.2	63.7	64.3	63.2	63.5	65.3	64.9	59.2	55.7	53	48	46.2	47.4	45.3	43.9	47.1	47.4	46.9	46	44.9	48.3	52.1	52	49.3	47.5	46.9	46.5	48.3	48.1	48.7	51.1	55.7	56	54.8	58.4	61.5	65	63.2	64.8	65.7	66.7	63.3	61.4	59.9	61.7	61.7	60.1	59.6	55.2	55.1	58.6	59.1	59.1	61	62.9	64.1	66.2	63.7	61.3	60.2	56.9	55.4	53.7	50.1	48.5	48.4	48.8	49.1	48.9	50.4	54.3	59.2	71.7	90.5	162.2	220.3	236	244.9	243.9	245.4	249.4	247.2	243.3	245.2	256.7	267.3	270.7	272.9	270.9	270.3	271.1	268.7	267.9	269.5	269.3	268.7	272.1	275.3	272.3	269.5	270.3	269.7	268.1	268.1	268.5	270.1	272.7	275.1	273.9	270.7	269.7	268.7	266.3	264.5	263.9	263.7	262.9	263.3	264.5
280.5	280.5	280.5	280.5	280.5	280.5	280.5	280.5	280.5	280.5	280.5	280.5	280.5	280.5	280.5	280.5	278.9	274.2	277.9	275.9	271.8	270.6	271.9	271	269.3	267.1	265.7	263.5	260.2	258.1	257.2	256.6	255.6	252.6	255.9	255.9	256	255.7	255.1	246	236	229.3	226	226.5	226.9	226.5	225.3	225.9	208.1	198.9	199.4	199.2	199.9	201.8	204.1	202.2	132.6	98.9	86.3	79	73.6	72.1	72	69.7	67.9	65.9	66.6	65.5	64.3	64.4	66.7	68.8	68.1	68.1	69.8	67.4	64.7	63.8	66.5	64.7	64.4	65.4	65.6	65.8	64.6	57.8	53	52.3	52.1	53.2	49.4	49.9	53.5	55.1	54.5	55.1	58.2	64.5	66.3	60	55.1	56.2	54.2	51.8	52.1	54.3	56.3	57.9	59.6	59.1	59.7	63.4	67.1	66.1	64.9	66.7	67.3	64.3	61.8	60.8	60.5	59.9	61.6	60.6	58.2	57.6	57.8	57.7	58.9	59.5	61.7	62.5	63	61.5	57.7	55.1	53.6	53.8	50.4	48.5	48.1	47.7	49.7	49.1	50.4	52.6	53.4	59.5	71.5	93.1	149.2	210.6	249.3	245.4	245.7	246.4	250	249.3	245.8	248	258.7	267.1	270.3	272.7	273.9	272.5	270.7	268.3	267.3	268.7	269.3	269.5	274.1	276.5	273.7	271.3	271.5	270.9	269.3	270.7	270.3	264.7	272.3	276.9	272.9	270.1	271.3	270.3	267.3	266.7	267.1	265.9	264.5	264.5	262.9
280.5	280.5	280.5	280.5	280.5	279.3	277.3	280.5	280.5	280.5	280.5	280.5	280.5	280.5	280.5	280.5	280.5	280.5	280.5	279.1	276.8	275.3	274.2	273.6	272.2	269.6	266.9	264.9	262.1	259.8	258.1	257.7	257.9	257.4	257.1	257	256.5	256.3	256.3	252	242.2	237.7	230	226	227.5	226.7	225.7	225.8	217.6	201.3	198.7	197.8	200	201.8	202.8	195.7	127.2	100	87.4	78.1	74.1	72.5	73.2	70.9	68.7	66.9	67.7	66.9	66	63.9	65.3	67.2	68.3	67.9	66.6	65	64.9	64.1	65.7	64.5	63.9	65.1	64.2	66.6	66.1	60.2	56.4	55	56.3	59.4	55	58.9	61.1	60.4	60.5	60.2	61.7	67.9	72	64.9	60	60.3	58.7	55.5	57.3	57.6	60.6	62.1	63.3	62	61.3	64.9	67.7	67.5	65.5	66.5	65.7	64.4	62.6	60.3	61.8	61.8	62.1	61.1	58.8	56.7	57	56.6	57.8	59.8	60.5	61.8	61.8	60.1	56.9	54.3	52.9	52.9	49.8	47.8	47.3	47.7	49.5	49.9	50.5	50.4	52.8	58.2	75.6	101.5	154.9	221.2	252.2	252.9	250.7	246.7	248.4	254.5	257.4	255.4	262.6	270.9	270.9	273.9	278.5	278.1	275.1	272.3	268.9	267.3	265.9	263.9	265.7	269.3	273.5	274.9	273.7	271.1	268.5	267.9	268.5	262.3	262.5	268.9	269.9	268.9	270.3	271.1	269.3	272.3	273.9	272.5	268.7	266.5	264.9
280.5	280.5	280.5	280.5	280.5	276.7	275.9	280.5	280.5	280.5	280.5	280.5	280.5	280.5	280.5	280.5	280.5	280.5	280.5	279.8	278	276.3	274.9	274.6	273.2	270.3	267.7	264.8	262.4	260.9	258.8	258	258.1	258.5	255.4	257.7	257	256.5	256.4	244.2	233.4	225.6	217.8	225.6	230.4	227.2	227.2	226.4	226.1	207.9	198.3	198.7	199.8	200.8	201.4	202.7	136.7	103	93.4	83.4	77.5	76.5	74.3	71.6	69.7	70.6	68.3	66.9	66.7	66.9	67.1	65.7	65.1	67.5	65.7	64.9	65.5	62.9	63.4	64.5	66.6	66.9	65	65	66.8	63.7	60.6	60	64.3	64.9	66.1	78.3	80.3	77.3	79.6	75	73.5	79.8	83.8	77	73.3	68.7	66.2	66.8	67.4	64.2	66	64.8	63.9	64.7	64.5	64.3	65.7	65.3	61.8	61.5	62.5	63.4	62.2	61.9	60.8	58.1	57.9	59.4	59.8	58.7	56.9	56.9	56.2	56.7	58.2	60.1	59.5	56.2	56	53.5	51.5	50.9	48.5	48.3	47.2	48	48.5	50.1	50.3	50.4	53.5	60.2	80.7	106.6	179.2	244.3	254.4	255	252.9	247	244.2	253.4	259	258.7	263.4	272.4	272.7	272.9	275.9	276.5	274.9	272.7	269.7	267.1	265.5	264.1	265.5	267.9	270.7	272.9	273.1	270.7	268.5	266.3	266.7	265.7	264.9	267.1	269.3	268.3	270.3	270.1	268.1	271.7	272.9	272.3	269.5	266.9	266.3
280.5	280.5	280.5	280.5	280.5	279.9	279.7	280.5	280.5	280.5	280.5	280.5	280.5	280.5	280.5	280.5	277.3	280.5	280.5	280.5	280.5	280	278.5	277.9	275.5	272.4	270.3	268.7	266.7	265.2	264.3	263	263.8	258.8	256.8	261.9	259.1	258.1	257.2	245	234.3	228.4	222.6	229.7	233.7	228.6	227.9	226.8	226.4	215.7	201.7	198.6	199.3	200.9	200.9	201.2	133.7	101.3	94.2	84.4	79.7	77.6	75.2	71.5	71	70.8	69.3	70.1	70.3	69.5	68.8	66.2	66.3	68.9	68.1	68	66.4	65	63.4	63.2	67.9	68.5	66.2	68	68	64.9	62.8	65.2	71.2	69.7	70.7	81.6	82.5	82.5	86.7	84.4	81	85.1	88.9	80.8	79.6	73.1	68.9	72	70.5	68.5	69.9	67.9	65.6	65.6	67.9	67.7	68	66.1	62.6	61.8	63.5	64.3	62.8	60	60.4	58.7	57.9	58.7	59.3	58.6	57.9	57.2	57.1	57.5	57.3	57.4	57.8	56.3	54.3	53.9	52.5	50.9	49.2	48.5	48	48.9	48.3	47.8	49.6	51	52.9	65.6	91.3	113.6	182.5	248	254.8	256.5	253.2	248	243.4	249.7	252.8	255.6	256.7	259.7	259.3	258.4	260.3	260.7	263.2	265.6	265.4	264.4	260.8	264	274	272.5	265.3	265.1	270.3	272.5	269.9	268.5	269.3	270.7	267.9	267.9	271.5	271.1	272.5	270.1	265.5	267.1	268.3	266.3	266.3	265.9	266.3
280.5	280.5	280.5	280.5	280.5	280.5	280.5	280.5	280.5	280.5	280.5	280.5	280.5	280.5	280.5	278.3	277.1	280.5	280.5	280.5	280.5	280.5	279.1	278	274.8	273.6	272.1	269.8	267.9	267	266	265.5	264.2	259.8	259.4	262.9	260.5	259	256.8	254.9	256.4	252.7	251.2	244.8	238.9	232.4	227.9	227.1	227	222.4	210.3	200	198.6	200.6	201.4	202.6	163.9	120.1	102.9	96.7	86.7	80.9	78.9	74.5	71.6	73.7	73.4	71	70.7	70.5	68.4	66.9	66.7	66.8	68.3	67.5	65.2	61.1	60.4	62.6	64.5	68.1	69.1	67.4	67.1	66.8	67.8	71.8	79.1	81.4	78.3	78.4	86.6	86.3	88.5	93.8	92.6	86.7	81.9	82.7	82	78	74.9	73.4	72.7	72.2	71	71.3	68.5	68.2	69.4	70	69.3	67.5	64.5	63.7	64.3	63.4	63.8	60.4	59.3	58.4	58.9	58.8	55.7	56	57.4	56.8	57.9	57.1	56.2	54.2	54.1	53.2	51.3	51.8	51.2	50	49	47.9	48.7	48.4	47.8	47.9	50	53.6	58.9	68.1	95.3	133.9	196.4	251.7	257	259.5	256.3	253.1	249.2	247.1	249.9	250.8	252.9	253.5	251.8	251.2	253	254.8	258	260	259.8	253.7	252.4	258.1	268.6	271.2	267.5	266.5	264.9	272.7	269.9	268.5	269.3	270.7	268.3	268.1	272.9	271.5	271.3	270.3	267.3	267.3	267.9	265.9	266.5	265.5	265.7
280.5	280.5	280.5	280.5	280.5	280.5	280.5	280.5	280.5	280.5	280.5	280.5	280.5	280.5	280.5	277.7	280.5	280.5	280.5	280.5	280.5	280.5	278.3	276.1	278.8	279.1	277.7	275.9	274.8	273.4	272.4	265.9	267.4	269	267.4	267.3	266.3	262.9	256.5	255.6	257.1	256.6	255	252.2	244.5	238.7	232.3	228.4	226.4	225.5	222.2	207	199	200.3	202.3	195	130.7	110	102	91.1	82.7	78.5	74.6	72.5	71.6	73.4	72.9	71.1	70.1	69.1	68.8	67.4	67.2	67.8	67.8	68.2	66	61.6	61.6	66.3	68.3	66.1	65.9	67.2	69.6	69.6	70.9	80.1	88.6	87.9	91.2	92.2	98	97.6	100.7	107.5	99.5	93	91.6	89.2	86.4	80.7	81.5	81.1	76.9	77.6	75.2	72.4	71.6	70.3	73.2	72.5	70.5	67.9	61.6	62.7	63.7	63.4	62.2	59.8	58.2	57.5	58.9	57.5	54.3	56.1	56.3	56.5	57.7	56.4	56	54.8	53.7	55.1	52.8	51.9	51.2	50.4	49.1	47.6	48.8	48.5	47.6	47.8	54	58.7	64.9	77.9	107.8	143.9	222.8	256.9	255.9	259.3	259.7	256.4	254.5	253.7	251	251.5	250.8	250.9	249.2	250.9	253.8	255.9	255.3	256.5	258.1	254.3	245.5	244.7	249	252.2	254.1	256.4	258.1	258.2	263.8	266.4	269.3	269.9	269.3	267.9	269.5	269.5	266.7	265.9	269.3	269.3	266.9	266.5	269.5	267.9	264.3
280.5	280.5	280.5	280.5	280.5	280.5	280.5	280.5	280.5	280.5	280.5	280.5	280.5	280.5	280.5	279.1	280.5	280.5	280.5	280.5	280.5	280.5	277.9	278.1	280.5	279.9	278.1	276.8	275.8	274.4	271.3	265.3	270.6	271.2	269.5	268.1	267.3	264.2	256.2	257	257.4	256.7	252.7	246.4	240.9	238.5	232.3	228.2	226.3	225.4	224.6	217	204.2	200.7	203.4	185.4	123.9	109.9	101.1	91.9	84.6	78.7	75.8	73.8	68.5	69.9	72.4	69.2	68.1	70.1	71.2	67.4	67	68	70.1	68.4	65.8	61.9	62.6	64.8	64.8	62.9	64	65.5	69.3	72.6	74.8	78.1	82.8	92.5	99.8	92.8	93	97.3	99.3	100	101.7	93.5	89.7	88.1	84.1	82.2	82.3	80	76.7	76.7	77.3	73.4	71.5	71.3	70.5	70.3	68.9	66	64.3	64.8	64.4	62.4	60.7	60.4	58.7	59.3	60.1	59.5	57.8	56.9	56.4	56.6	56.6	56.4	53.7	51.2	50.6	52.5	52.2	51.4	51.5	51.9	49.5	47.5	47.7	48.4	49.4	51.8	57.3	63.7	70.6	83.1	125	166.2	237.1	257.7	255.7	256.8	256.3	254.2	254.9	254.9	249.3	248.3	248.8	251.6	251.4	252.9	252.8	255.2	255	255.7	258.2	254.1	249.7	248.1	248.8	249.2	250.5	253.2	253.2	254.9	259.6	263.8	267.1	270.7	271.1	269.9	268.7	268.1	261.7	262.7	266.3	267.9	266.9	266.5	268.9	267.9	265.1
280.5	280.5	280.5	280.5	280.5	280.5	280.5	280.5	280.5	280.5	280.5	280.5	280.1	280.5	280.5	280.5	280.5	280.5	280.5	280.5	280.5	280.5	280.5	280.5	280.5	280.5	280.5	278.7	277.2	276.7	274.8	273.3	274.6	273.4	272.3	271.4	270.3	269.1	266.2	263	261	259.3	257.2	250.4	242.2	240.6	236.1	229.9	228.8	229.2	227.6	230.6	225.8	207.4	202.1	183.1	122.8	110.5	100.2	91.4	86.8	80.6	77.8	75.5	70	70.9	72.2	69.7	69.5	69.5	71.2	70	69.4	70.1	70.1	68.7	67.3	65	64	65.6	66.5	66.2	66.3	67	71.6	75.9	75.9	80.2	86.5	95.7	102.1	97.7	99.1	104.9	104.5	101	103.5	94.4	91.3	90.3	87.7	86.7	86.2	84.4	80.6	77.9	78.8	74.9	74.1	73.7	72.8	73.3	71.3	68.1	65	63.4	64.3	62.6	61.5	61	60.4	61.2	61.9	60.4	57.5	58	57.9	56.4	55.7	55	53.1	50.9	49.9	51	51.2	50.9	52.4	52	50.4	49.2	49.8	49.6	48.7	52.9	60.5	69.2	75	87.2	133.4	171.3	243.6	262.4	257.3	253	251.6	251	250.7	254.7	249.7	247.4	245.9	250.6	254.3	251.8	248.1	249.8	251.2	249.5	251.4	254.5	255.1	256.9	260	259.5	257.3	255.5	254.8	254.8	257.5	256.1	255.7	254.7	259.6	263.2	263.1	266.3	264.5	261.7	267.9	271.1	273.9	273.5	269.5	268.1	266.7
280.5	280.5	280.5	280.5	280.5	280.5	280.5	280.5	280.5	280.5	280.5	278.7	278.3	280.5	280.5	280.5	280.5	280.5	280.5	280.5	280.5	280.5	280.5	276.7	275.7	280.5	280.5	278.6	278.1	278.2	277	275.9	274.6	273.6	273.1	271.6	270.8	269.6	265.5	263.3	261.4	259.1	258	250.4	242.4	240.6	237.9	234.4	230.9	227.9	227.6	230.7	231.2	217.4	205.2	170	117.4	109.6	104.6	101.9	93.1	86.2	81.6	75.5	73.5	74.5	73.1	71.9	72.4	72.4	72.7	72.2	73.3	72.5	69.3	67	66	68.7	67.5	65.7	65.4	66.5	69.2	69	72.3	75	75	81.4	88.9	92.1	91.9	90.9	95.4	101	98.4	93.3	96.9	92.5	87.7	86	85.1	86.4	83.9	82.3	79.4	76.3	74.1	75.5	75.3	77	72.5	71.3	70.7	69.4	66.7	63.6	65.5	64.4	61.3	60.9	62	63.7	62.8	60.1	58.5	57.7	54.8	52.4	51.7	51	51.6	49.5	49.7	49.1	50.9	50.8	52.3	51.7	51	51.4	51.1	50.6	53.9	57.8	65.8	73.2	79.9	108.4	144.7	165.8	231.1	264.7	258.2	252.3	254	253.3	252.2	254.9	255.8	252.4	251.7	249.1	250.2	251	247.2	251.1	253.4	251.8	253.3	255.7	255.7	255.5	260.8	261.5	258.8	254.3	254.2	249.8	253.5	255.1	249	248.3	252.7	257	260.7	266.2	268.1	268.5	270.9	273.9	278.5	277.7	272.3	269.7	268.1
280.5	278.1	279.7	280.5	280.5	280.5	280.5	280.5	280.5	280.5	280.5	280.5	280.5	280.5	280.5	280.5	280.5	280.5	280.5	280.5	280.5	280.5	280.5	275.5	277.7	280.5	280.5	280.5	280.5	280.5	280.5	280.5	278.9	277.7	277.2	276.6	277.3	276.4	271	268.4	268.2	265.5	262.9	251.6	245.4	243.1	241.4	236.6	236.5	232.3	230.6	234	233.3	230.3	218.4	171.1	117.9	109.7	104.6	101.6	94.8	87.7	82.5	77.5	75.2	74.5	74.3	72.8	73	72.9	72.7	73.6	74.5	74.9	72.6	70.1	69.6	72.4	71.3	69.2	68.4	69.5	71.5	72.1	73.7	76.5	77.3	86.2	93.7	93.5	92.1	92.1	94.2	96.7	95.3	90.5	92.5	91.3	86.2	84.2	84.1	86.5	84.1	83.7	81.5	76.7	75.8	75.5	74.3	77.1	72.1	70.8	71.5	68.7	65.4	66.1	68.1	68	63.5	62.4	64.3	64.9	63.4	61.5	59.4	56.4	54.7	53.2	51.4	51.6	52.8	50.5	49.8	49.5	50.6	50.9	51.4	52.2	52.5	52	51.1	52.5	57.3	62.1	69.5	73.5	85.2	113.1	143.5	159.2	219.1	259.8	257.7	251.6	258.5	257.3	254.3	253.3	252.9	252.6	254.5	256.8	258.7	253.5	251.6	256.1	257.5	255.9	256.2	256.1	252.8	250.3	251.9	253	254.8	255.3	253.1	248.2	250.9	252.9	244.7	243.9	249.2	252	255.9	257	259.5	264.6	269.3	275.1	279.1	274.5	274.5	274.3	271.7
280.5	279.7	280.5	280.5	280.5	280.5	280.5	280.5	280.5	280.5	280.5	280.5	280.5	280.5	280.5	280.5	280.5	280.5	280.5	280.5	280.5	280.5	280.5	280.5	280.5	280.5	280.5	280.5	280.5	280.5	280.5	280.5	280.5	278.8	271.3	276.2	279.4	278.5	273.5	270.7	270.9	268.7	256.3	249.6	247	244	241.7	238.9	241	235.3	232	234.6	232.6	220.3	172.6	134.4	117.3	111.9	107.2	102	97.6	90.9	84.7	82.9	79.7	78.1	78.4	77.2	74.6	73	72.5	73.6	76.2	77.3	76.7	74.2	71.2	72.8	72.1	69.6	69.8	71.6	71.2	72.2	77.2	78.7	79.2	86.1	90.7	92.9	97	98.7	98.9	98.3	97.3	92.3	92.1	92.1	88.3	83.7	82.1	82.9	83.9	83.1	78.2	74.6	73.4	74.2	74.9	70.7	68.5	68.9	69	67.4	65.5	66.9	66.7	67.6	67.4	65.9	65.3	62.2	62.4	61.4	59.6	56.8	53	51	51.4	52.6	53	51.3	50.1	49.8	50.4	50.1	51.2	52.6	53.5	53.2	55.2	56.1	60.3	68.4	76.1	90.5	110.5	123.6	140.9	154.6	189.9	253.9	257.9	258.9	259.1	258.8	256.7	255.3	254.8	251.1	252.1	255.7	258.5	252.3	249.9	254.6	256.2	255.3	255.9	256.9	254	249.6	249.7	251.8	255.4	256	253.2	252.5	251.2	252.2	249.9	247	249	252.6	258.2	258.6	256.6	260.5	265.1	272.9	274.3	268.7	270.1	271.5	272.5
280.5	280.5	280.5	280.5	280.5	280.5	280.5	280.5	280.5	280.5	280.5	280.5	280.1	280.5	280.5	280.5	280.5	280.5	280.5	280.5	280.5	280.5	280.5	280.5	280.5	280.5	280.5	278.7	280.5	280.5	280.5	280.5	280.5	278.1	274.3	280.5	280.5	280.5	280.5	278.6	279.8	278.2	267.8	259.5	254.4	249.9	243.1	244	246.5	241	237.8	237	231.8	199.5	149.1	124.9	118.9	109.8	105.3	102.6	95.7	90.6	87.3	84.7	82.7	79.4	78.8	78	76.7	75.2	73.2	73.6	76.9	78	77.6	76.6	73.8	74.8	73.1	71	72	75	72	73.6	78.9	81.1	82.1	86.5	92.6	96.6	102.4	102.3	100	98	96.6	95.1	93	92.4	91.6	87.9	85.4	85.5	84.8	82.5	80.2	78.3	76.7	75	75.4	71.3	67.3	67	68.9	69.3	66.9	65.7	66.5	68.3	71	69.9	65.9	63.1	62.7	61.9	59.5	55.2	52.5	49.7	49.9	52.2	53.5	50.7	49	49.9	50	50.4	51	53.2	53.7	53.9	56.7	58.9	64.5	70.9	79.5	99.2	115.3	125.6	146	155.3	179	246.7	263.7	262.1	259.1	260.5	261.8	262.1	261.2	256.5	251.3	249.4	248.2	250.3	247	248.8	253.8	256.1	256.1	255.2	252.6	251.3	249	250.9	256.8	254.4	250.6	252.2	253.6	253.4	250.3	247.9	249.3	252.2	253.8	252.7	253.6	253.9	251.6	256.3	262.9	264.1	264.1	267.3	271.3
280.5	280.5	280.5	280.5	280.5	280.5	280.5	280.5	280.5	280.5	279.7	279.7	279.1	280.5	280.5	280.5	280.5	280.5	280.5	280.5	280.5	280.5	280.5	280.5	280.5	280.5	278.1	277.9	280.5	280.5	280.5	280.5	280.5	280.5	280.5	280.5	280.5	280.5	280.5	278.3	276.9	280	271.8	260.8	256.5	251.6	241.7	245.5	247.5	244.4	239.6	225.5	170	126.6	110.3	115.9	116.6	109.8	105.5	101.5	97.7	95.9	95.7	93.5	89.3	85.2	81.4	79.6	76.7	76.5	75.9	75.1	77.6	79.1	79.8	80	79.5	79.1	76.7	75.2	75.2	77.2	78.7	77.9	83.3	87.2	87.7	92.6	98.6	99.8	102.3	103.7	104.1	100.2	98.8	96.6	95	91.5	93.8	94	94.7	91.9	88.3	87.6	85.8	83.6	81.7	79.5	77.7	73.6	69.5	67.4	68.9	72	70.7	69.2	71.9	72.6	73.5	71.2	67.8	64.7	61.2	59.9	56.9	52.7	50	49.5	50.4	51.2	50.2	52	50.5	50.6	51.7	52.7	53.4	55.1	57.9	59.8	62.2	63.7	68.3	77.5	95.4	114	117.6	124.2	140.8	155.6	165.4	194.7	227.2	231.7	245.1	258.3	260.8	257.6	253.9	255.1	251.4	248.1	248.1	251.7	250.4	250.7	253.1	255.5	257.5	254.2	251.7	252.5	249.7	249.6	253.3	252.9	252.3	254.5	253.7	253.4	250.8	248	248.2	249.1	246.7	244.3	251	252.7	252.7	250	253.5	265.3	265.3	269.9	272.3
280.5	280.5	280.5	280.5	280.5	280.5	280.5	280.5	280.5	280.5	279.1	280.5	280.5	280.5	280.5	280.5	280.5	280.5	280.5	279.9	277.3	279.5	280.1	280.5	280.5	280.5	277.3	280.5	280.5	280.5	280.5	280.5	280.5	280.5	280.5	280.5	280.5	280.5	280.5	279.3	279.1	280.5	276	264.8	258.8	252.8	250.1	250.6	247.9	244.7	240.8	204.9	144.5	115.6	103.3	115.2	116.3	110	104.2	101	98.7	97	96.2	93.7	91.6	88.5	82.3	80.7	77.5	77.1	76.8	76.9	77.6	78.3	78.3	79.5	79.6	78.8	77.4	76.6	76	77.5	78.6	78	81.9	86.4	91.3	93.4	96.5	96.2	99.8	102.1	104.8	102.2	98.8	99	96.7	94.7	96.2	96.6	97.9	95.1	92.1	89	86	84.3	83.2	81.5	79.6	77.5	70.8	67.2	67.8	70	68.8	69.8	74.1	74.1	73.3	72.3	70.4	65.4	62.1	59.9	56.5	51.8	48.5	48.2	47.6	49.9	48.7	50.2	50	50.6	51.8	52.8	54	57.1	59.4	60.1	62	64.6	69.3	81.3	101.8	115.4	116.9	127.2	141.7	149.2	159.4	181.9	207.5	208.1	208.2	220.6	235.7	243.2	247.2	248.8	252.5	252.3	252.2	254.5	257.9	256	251.8	255	258.5	255.6	253.7	253.9	252.3	248.5	248.6	251.3	253.8	253.6	251.9	250.6	250.4	251.3	253	252.5	253.4	248.9	248.9	252.6	255.8	254.8	252.6	259.5	263.6	268.3	268.9
280.5	280.5	280.5	280.5	280.5	280.5	280.5	280.5	280.5	280.5	279.5	280.5	280.5	280.5	280.5	280.5	280.5	280.5	280.5	280.5	279.3	280.5	280.5	280.5	280.5	280.5	280.5	280.5	280.5	280.5	280.5	280.5	280.5	280.5	278.5	279.3	280.5	280.5	280.5	280.5	280.5	280.5	278	265.4	259	254.5	251.1	250.7	246.7	243.9	203.1	144.9	113.5	100.2	121.4	123.4	114.9	110.5	106.2	102.4	101.6	100.5	97.8	95	94.3	91.8	87.8	86.9	82.4	80.8	79.3	79.1	77.9	77.8	78.3	79	78.4	78.5	79	78.2	78.1	78	78.6	78.4	79.9	84.3	88.7	91.5	94.4	94.7	97.4	102.1	103.4	98.9	98.7	96.1	92.7	93.8	94	93.4	98	96.1	93	90.8	88.3	85.3	84.5	82.6	82.4	81.8	74.9	70.8	71.4	73.4	73.9	76.1	75.8	75.3	73.2	71.7	69.7	64.9	60.5	59.9	57.5	52.9	48.5	48.8	48.3	48.1	49.6	50.6	53.2	55	56.4	57.1	57.8	59.2	62.1	63.3	67.6	73.1	88.4	105.7	111.7	114.7	117.7	127.1	141.7	148	155.1	164.1	165.9	146.5	127	123.8	131.7	148.3	162.3	185.8	214.5	244	252.8	254.4	257.9	255.1	250.5	253.9	253.8	252.7	253.3	254.9	253.7	249.2	249	251.6	252.9	252.1	251.6	250.6	249.1	252.3	254.4	252.7	255.9	255.5	250	251.4	256.1	256	257.1	258.5	260.3	266.5	267.3
280.5	280.5	280.5	280.5	280.5	280.5	280.5	280.5	280.5	280.5	280.5	280.5	280.5	280.5	280.5	280.5	280.5	280.5	280.5	280.5	280.5	280.5	280.5	280.5	280.5	280.5	280.5	280.5	280.5	280.5	280.5	280.5	280.5	280.5	280.5	280.5	280.5	280.5	280.5	280.5	280.5	280.5	279.5	269.2	263	257.8	252.9	250.8	247.2	241.6	187.4	141.7	112.3	102.9	131.4	125.5	114.9	110.9	107.2	100.5	98.7	98.5	97.4	93.5	93.3	92.8	90.1	87.3	83.8	81.8	80.4	79.3	78.3	77.3	77.9	78.2	76.9	77.9	78.2	77.7	77.7	78.4	80.2	78	78.9	83.2	88.5	91.9	93.2	93.7	95.5	98	98.4	94.2	95.8	93.5	90.6	90.3	89.4	90.4	92.7	93.9	90.7	87.5	87.6	85.6	85.8	83.5	82.8	82.6	77.5	72.5	71.7	73.5	74.2	74.6	74.4	75.2	73.4	71	67.3	63.6	60	58.5	55.7	52	49.8	47.7	47.3	47.5	48.1	49.2	51.9	54.9	57.1	57.1	58.2	58.2	61.3	64.2	69.1	75.9	94.7	108.9	111.2	115.6	118.9	128.1	143.6	149.6	152.3	158.1	165.6	152	127.9	119.9	127	142.9	157.5	169.7	192.2	217.9	241.3	249	251.9	253.3	252.8	250.1	247.2	244.5	245.2	250.1	250.7	247.7	245.7	248.2	251.3	251.2	253.2	253.1	248.8	246.7	247.2	246.7	246.2	247	246.8	245.9	248.2	250.6	252.5	253.3	253.3	257.5	264.6
280.5	280.5	280.5	280.5	280.5	280.5	280.5	280.5	280.5	280.5	280.5	280.5	280.5	280.5	280.5	280.5	280.5	280.5	280.5	280.5	280.5	280.5	280.5	280.5	280.5	280.5	280.5	280.5	280.5	280.5	280.5	280.5	280.5	280.5	280.5	280.5	280.5	280.5	280.5	280.5	280.5	280.5	280.5	268.5	263	257.5	254.4	251.2	245.1	199.7	163.1	134.1	105.4	126.3	150	127.8	115.5	109.8	104.8	98.7	97.7	99.4	99.8	97.8	96.5	94.7	91.9	88.6	86	83.4	82.2	79.7	79.5	76.6	77.4	77.7	76.9	75.7	75.5	76.6	74.1	74	77.4	79.6	79	82.5	88.5	91.2	90	90.4	91.4	94.1	91.7	89.3	89.7	88.8	86.8	86.2	86.9	87.1	87.2	88.4	88.9	88.5	86	85.9	86.5	83	86	81.6	76.5	76.6	74.2	75.2	74.9	74.8	75.3	76.1	71.9	68.2	65.3	60.8	57.9	55.2	52.8	51	48.2	46.3	46.7	47.3	50.7	53.1	56.6	57.7	59.7	60.9	61.3	62.3	64.6	69.3	75.2	85.5	103.4	111.4	113.6	117.3	120.5	129.7	146.9	151.9	153.1	158.4	163.3	167.9	155.1	123.4	114.5	131.9	150.3	163.9	171.9	169.7	170.5	196.6	233.8	254	254.7	252.6	249.9	247.8	247.2	249.2	248.4	246.9	245.1	247.3	249.6	249.8	252	249.4	246.9	247.4	247.1	246.8	247.2	247.2	248.2	246.6	246.9	249.3	251.7	252.9	252.9	254.3	258.6
280.5	280.5	280.5	280.5	280.5	280.5	280.5	280.1	280.5	280.5	280.5	280.5	280.5	280.5	280.5	280.5	280.5	280.5	280.5	280.5	280.5	280.5	280.5	280.5	280.5	280.5	279.7	280.5	280.5	280.5	280.5	280.5	280.5	280.5	280.5	280.5	280.5	280.5	280.5	280.5	280.5	279.7	279.5	266.8	260.8	257.3	253	250.6	229.1	190.1	158.1	131.2	109.6	133.7	138.1	122.7	111.7	104.7	101	95.9	94.7	96.9	97.9	95.8	92.7	90.1	89.5	88.9	87.1	84.4	82	78.2	77.5	76.2	76.8	76.2	75.6	73.8	73	74.1	72.5	73	74.6	74.8	76.4	80.9	84.2	87.2	88.3	89.5	88.6	90.3	87.6	84	83.9	84.2	81.7	80.4	83.3	86.5	86.7	86.5	88.2	87	83.9	86.1	85.4	81.7	83.5	79.6	75.1	74.9	74.8	75.8	75.4	73.4	72.7	72.8	70.1	67.9	63.8	60	55.6	52.9	51.7	49.7	47.9	47.3	47.6	47.3	50.4	53.1	56	57.5	59.6	58.9	59.8	63	65	71.8	77.4	86.5	104.7	110	112.7	116.3	118.7	132.3	152.7	155.8	156.4	159	162.2	164.9	159.9	132.1	109.8	121.3	142.6	159.3	168	169.4	168.9	180.3	205.5	245.5	252.3	252.3	252.4	251.8	250	250.5	251.2	250.5	248.4	247.2	248.2	249.4	250.5	248	248.5	253.1	251.1	249.9	249.7	249.4	251	253.4	255.9	254.3	252.1	252.7	252	249.8	246.9
280.5	280.5	280.5	280.5	280.5	280.5	279.3	278.5	280.5	280.5	280.5	280.5	280.5	280.5	280.5	280.5	280.5	280.5	280.5	280.5	280.5	279.7	279.3	280.5	280.5	280.5	280.5	280.5	280.5	280.5	280.5	280.5	280.5	280.5	280.5	280.5	280.5	261.3	244.5	238.5	236.1	237.9	242.6	229.9	213.9	209.7	206.8	198.8	192.6	171.4	151	124.4	120.6	138.4	128.8	121.3	112.2	104.2	101.4	95	91.9	93.3	96.6	96.6	94.1	92.2	89.8	89.1	88.6	86.2	83.9	80.3	78.8	76.6	76.6	76.7	75.3	72.8	71.7	72	69.8	69	69.6	72.6	76.1	81.5	81.5	80.5	84.1	87.8	86.6	83.3	80.8	78.3	79.7	79.9	79.7	78	78.7	80	82.7	84.4	85.3	85.5	85.6	84.9	82.9	78.7	78.8	75.6	74.8	71.9	72.5	75.9	74.9	69.6	70.6	68.8	65.4	65	60.5	57.5	55.3	52.9	51	48.9	49.3	49.1	50.2	51.6	54.8	55.3	56.1	57.7	59.5	61.1	61.3	63.3	68.5	75.5	80.6	92.1	112.7	114.4	113.2	115.5	120.4	133.3	153.3	157.9	159.2	160.4	163.6	165.7	167.3	164.7	140.3	120.1	128.7	150.6	164.2	167.7	169.9	171.7	164.5	164.3	192.6	227.4	253.2	253.4	252	252.1	250.2	251.3	248.7	241.8	244.3	251.2	252	252.7	253.4	253.4	252.2	250.8	250.7	250.7	251.4	254.1	255.7	252.4	251.3	251	248.3	245.9	244
280.5	280.5	280.5	280.5	280.5	279.9	280.5	280.5	280.5	280.5	280.5	280.5	280.5	280.5	280.5	280.5	280.5	280.5	280.5	280.5	279.3	277.1	280.5	280.5	280.5	280.5	280.5	280.5	280.5	280.5	280.5	280.5	280.5	280.5	280.5	262.5	244.5	237.9	228.7	207.3	198.7	202	200.7	189.8	188.6	190.1	188	188.6	184.9	168.9	151.6	127.5	115.4	125.2	122.5	116.5	111.1	107.1	102.9	94.6	90.2	89.9	92.6	94.7	94.6	91.4	88.6	86.3	85.1	85.3	85.9	82	77.9	75	73.4	74.2	73	72	71.9	70.9	68.2	66.4	67.9	71.4	75.4	77.3	77	74.8	77.9	80.2	80.8	79.5	77.1	74.9	75.8	76.6	74.7	74.8	74.7	77.6	79.4	80.5	83.2	83.7	83.1	84.4	80.7	76.2	75.8	71.8	70.8	70.6	71.3	74.7	72.5	68.6	69.2	66.8	64.3	64.2	58	55.9	54.7	52.6	47.6	48.6	49.1	50.2	50.9	52	53.4	53.8	55.3	57	58.4	60.6	62.1	65	69.4	76.5	81.1	92	113.4	114.1	114.2	115.7	119.1	135.9	151.5	159.4	163.8	168.3	169.9	169.5	168.7	167	151.5	123.4	123.3	147.8	165.8	171.1	169.9	172.9	170.3	165.5	169.5	202.7	220.5	221.6	228.4	236.7	237.4	229.5	221	205.8	211	226.7	232.8	249.2	253.1	253.6	254.7	253.9	253	252.7	252.5	252.4	254.8	257.2	253.3	251.4	250.9	249.7	249
280.5	280.5	280.5	280.5	280.5	280.5	280.5	280.5	280.5	280.5	280.5	280.5	280.5	280.5	280.5	280.5	280.5	280.5	280.5	280.5	278.7	280.1	280.5	280.5	280.5	280.5	280.5	280.5	280.5	280.5	280.5	280.5	252.7	213.5	193.5	188.1	189.9	194.1	191.2	180	186.7	199.1	196.8	188.1	184	178.4	176.4	180.6	177.4	165.6	148.2	123.2	115.5	127.1	121.2	113	110.2	107.2	103.2	94.4	88.8	88	89.3	93.5	95.6	93.5	89.8	87.2	85.9	85.8	87.8	85.9	80.4	76.5	74.6	75.8	74.4	72.6	70.9	69	66.4	64.8	64.6	66.7	68.5	71.8	71.8	69.9	70.8	70.8	71.7	70.9	69.2	68.4	67.1	68	69	69.4	68	70.6	72.4	73.9	76.9	77.2	76.5	77.9	78	74.5	73.7	70.7	68	68.3	68.8	69.4	68.4	67.7	65.6	63.6	60.3	58	55.4	52	53.9	52.9	50.6	51.8	51	50.8	50.7	52.4	52.1	53.7	56.1	58.6	60.9	63.1	65.5	68.9	72.7	78.7	83.1	95.8	111.9	114.6	115.6	114.6	117.5	132.9	150.8	158	162.5	166	166.1	166.5	166.7	164.3	159.2	143.2	127.7	145.1	158	160.8	163.9	169.7	169.7	166.4	163.8	165.3	165.1	163.6	163.8	165.7	164	160.5	161.9	155.2	147.3	150.2	154	155.5	178.3	209.8	230.1	255.4	252.9	252	252.9	253	255.7	258.8	255.2	252.3	252.6	253	253.8
280.5	280.5	280.5	280.5	280.5	280.5	280.5	280.5	280.5	280.5	280.5	280.5	280.5	280.5	280.5	280.5	280.5	280.5	279.9	279.5	280.5	280.5	280.5	280.5	280.5	280.5	280.5	280.5	280.5	280.5	280.5	269.1	231.1	198.3	189.9	195.3	196.5	196	185.9	173.5	184.7	193.3	188.1	179.8	175.3	175.9	176.9	179.7	175.8	163.6	150.6	118.9	110.6	124.8	114.8	111.1	111.5	108.5	104.5	96.9	91.2	86.7	86.5	90.5	91	89.9	88.2	87.1	84.2	84	85.4	85.5	82.6	78	74.5	75.3	73.9	70.3	69.8	67.7	66.4	64.4	63	62.5	64.8	67.5	68.5	67.4	66.7	65.9	65.6	66.1	65.4	65.4	64.5	64.1	63.2	63.4	65.2	67.8	68.5	70.1	72.8	73.2	71.6	71.4	71	70.4	69.8	67.7	67.1	66.7	66.9	66	66.1	66.4	64.1	61.5	58.6	55.6	53.7	51.8	53.2	52.7	52.6	51.8	51	49.8	49.5	50.5	51.3	53	55.6	57	59.6	62.1	65.9	69.1	73	76.9	81.4	93.8	110.6	112.4	112.5	108.6	114.9	118.2	127.2	143	157.1	161.9	164.7	168.2	167.1	166	163	150.1	133.3	143.6	154.6	157.2	159.3	164.1	165.8	166.2	163.3	165.9	166.9	165.8	161.5	154.9	153.7	156.6	158.7	155.4	142.3	143	147.5	151.4	150	170.5	202.8	236	254.5	253.3	253.8	254	252.3	252.6	253.5	253.7	252.3	251.3	252.4
280.5	280.5	280.5	280.5	280.5	280.5	280.5	280.5	280.5	280.5	280.5	280.5	280.5	280.5	279.5	280.5	280.5	280.5	279.7	280.5	280.5	280.5	280.5	280.5	280.5	280.5	280.5	280.5	280.5	269.7	233.7	206.7	204.3	201.3	201.3	200.2	195.1	185.4	169.3	173.9	187.6	186.3	173.2	167	166.6	168.9	170.4	171.6	170.1	161.5	149.4	120.6	111.3	122.4	112.8	110.8	110.3	106	103.9	98.5	94.2	88.2	85.8	87.3	87.3	87.6	89.1	89.6	86.8	85.5	84.7	84.3	82.1	79.6	77.2	74.4	71.1	70.5	68.8	67.3	64.6	63.8	62.2	59.4	60.1	59.4	61.2	61.4	60.7	59.7	61.1	61.4	61.2	62.5	62.5	62.4	60.9	60	62.1	63	64.7	65.9	69.3	68.7	65.1	63.1	62.8	64.2	64	61.6	61.7	62.6	61.9	61.7	61.9	61.4	60.2	58.3	53.5	51.6	51	52	53	54	54.1	52.2	53	52.5	51	52.6	53.5	54.1	55.4	60	63	66.2	67.4	71	75.5	80.2	85.7	100	110.4	113.7	113.2	114.6	118.1	117.7	117.7	129.6	148.6	159.6	164	165.3	166.1	162.6	161.5	151.4	137.7	147.3	162.4	167	161.7	160.9	163.1	165.1	164.2	166.1	164.7	162.4	158.3	152.1	147.7	151.7	154.2	154.3	145.6	141.3	154.3	159.7	153.4	147.2	146.6	159.9	189.8	217.4	235.2	246.2	252.9	252.1	253.3	253.7	252.3	250.4	251.1
280.5	280.5	280.5	280.5	280.5	280.5	280.5	280.5	280.5	280.5	280.5	280.1	280.5	278.7	276.9	280.5	280.5	280.5	280.5	280.5	280.5	280.5	280.5	280.5	280.5	280.5	280.5	280.5	280.5	253.5	220.5	206.1	201.9	197.8	195.5	191	185.4	173.5	161.4	173.2	185.2	183.6	174.6	167.5	165.3	164.6	167.2	168	163.4	153.7	139.4	111.5	105.6	109.6	103.6	113.8	116.5	107.6	103.4	100.1	96.5	89.8	87.1	88.6	85.7	85.6	88.3	87.5	87.2	85.4	84.3	84	81.5	78.2	75	73.4	69.4	69.3	69.7	66.9	63.5	61.3	60.8	59.5	57.7	58.5	59.3	58.4	58.8	57.9	59.3	60	59.8	60.6	60.3	61.9	60.1	59.5	59.3	60.8	61.6	63.5	65	62.6	60	58.6	58.7	59.5	60.9	59.7	58.7	58.5	58.9	59.8	60.3	58.7	58.2	57.4	52	50.9	50.8	51	53.4	54.1	51.7	51.6	50.8	50.7	48.5	48.8	52.3	54.3	56.1	60.6	65.1	68.5	70.8	71.3	75.4	80.5	84.3	96.9	107.7	110.7	113.6	117.2	119.5	116.3	114.8	120.3	130.2	143.9	162.4	168.5	172.6	166.9	162.3	152.2	142.1	151.5	164	170.5	170.3	168.7	168.7	167.6	168.5	166.5	161.3	158.5	157.7	156.9	154.2	154	154.7	156	151.7	143.9	148.5	156.3	156.7	152.3	151	155.6	169.6	200.9	217.4	224.1	241.1	262.1	262.1	258.8	254.9	252.5	253.1
280.5	280.5	280.5	280.5	280.5	280.5	280.5	280.5	280.5	280.5	280.5	280.5	280.5	279.9	280.5	280.5	280.5	280.5	280.5	280.5	280.5	280.5	280.5	280.5	280.5	267.9	253.5	234.9	209.7	201.9	196.5	192.5	190.9	189.3	188.7	186.8	177.1	163.8	160	176.1	181.7	181.1	170.3	164.4	160.7	160.7	162.7	163.2	154.4	147.4	136.5	118.9	107.9	105	104.8	114.9	121.6	111.9	104.6	101.8	99	94.2	91.6	90.2	87	85.7	87.1	86.4	87.9	88.4	86.7	84.3	82	78.5	74.9	72	70.2	67.8	67.6	65.9	63.7	61.4	60.7	58.1	56	57.1	58	57.7	57.5	57.4	57.6	58	58.8	57.9	57.5	57.8	57.7	57.8	57.1	58.5	60.3	61.3	60.6	58.1	55.7	55.3	55.7	56.6	56.5	55.5	55.8	54.4	54.1	55.2	55.8	53.2	53.7	53.4	51.8	52	54	54.4	53.1	52.7	52.5	50.6	49.5	49.5	51.6	54.1	57.7	60.3	63.6	64.9	67.2	70.4	73	76.3	79.9	83.3	88.3	105.7	113.6	115.3	118.5	118.5	117	118.5	119.1	123.7	128.3	139.2	159.4	170.7	171.5	167.3	161.3	150.9	143.4	156.1	166.2	169.2	168	164.1	168.4	164.6	163.7	162.4	158.7	154.3	154.3	155.1	155.1	154.6	154.8	155.5	153.9	141.5	142.2	151	153.5	155	155.9	160.7	163	163.6	162.7	159.1	163.7	170.5	179	185.2	192.1	200.6	211.6
280.5	280.5	280.5	280.5	280.5	280.5	280.5	280.5	280.5	280.5	280.5	280.5	280.5	280.5	280.5	280.5	280.5	275.1	264.3	266.1	277.5	280.5	280.5	276.9	256.5	251.7	231.3	206.1	197.8	190.4	188.6	187	185	184.6	185.2	183.1	176.5	162.1	157.5	171.6	177	178.8	166.1	162	159.9	158.9	160.3	160.6	152.5	141.5	129.7	125.1	105.8	99.3	102.7	115.1	119.7	110.7	105.5	102.7	99.3	95.8	90.8	90.7	89.6	86.1	85.1	84.1	85.3	86	84.7	82	81.4	77.7	74.6	70.7	67.5	66.4	65.7	63.6	61.4	59.8	59	58.2	56.4	54.8	54.2	56.5	56.1	56.2	57.2	56.6	56.7	57.1	56.1	56.2	56.5	56.6	56	55.9	58.7	58.8	58.1	56.4	53.7	53.8	54.9	55.8	54.7	54	53.2	52	51.9	52.5	51.5	51.8	51.6	51.7	50.8	52	53.1	52	52.2	50.6	49.9	48.6	47.2	48.9	50.7	53.1	57.2	60.8	62.9	64.7	66.6	69.1	73	76.4	81.4	84.1	88.5	106.9	113.9	115.6	118.7	117.2	115	114.4	117.1	119.5	126.3	132.8	141.8	155.7	163.3	159.9	156.2	145.3	140.6	156.9	167.5	168.4	161.9	155.9	159	159.1	158.5	157.9	156.3	154.7	154.7	158.1	158.1	155.6	156.8	157.2	151.8	145	148.1	153.3	156.5	159.3	157.1	160.7	165.7	164.2	161.5	157.3	150.8	152.7	160.2	160	161.5	164	181.3
167.7	167.7	167.7	167.7	167.7	167.7	167.7	167.7	167.7	167.7	167.7	167.7	167.7	167.7	167.7	167.7	167.7	167.7	167.7	167.7	167.7	167.7	167.7	167.7	167.7	167.7	167.7	167.7	165.6	163.6	162.3	161.3	159.6	158.5	156.5	157.2	156.3	155.7	154.4	153.6	153.5	151.8	142.1	138.4	135.4	134.1	134.2	131.9	129	120.1	114.1	118.7	109	92	84.1	91.5	98	92.3	89	87.7	86.2	83.6	79	79.5	80.6	78.6	76.9	76.6	76.9	78.9	79.4	80.8	82.9	84.5	85.9	85.9	85.8	85.7	85.8	85.7	85.5	84.5	84.5	84.4	84.4	85.2	85.5	86.8	87.3	88.2	89.9	91.2	91.5	92.4	92.3	92.4	92.9	92.2	91.9	92.7	92.4	93.1	92.8	92.4	91.2	89.5	88.9	88.9	88.7	88.5	87.8	85.8	85.3	85.3	84.6	83.7	83.3	83	81.9	81.6	80	78.2	77.4	76.2	75.2	74.1	73.2	72.8	73.1	73.4	73	74	73.4	73.9	74.9	74.8	76.1	80.8	84.1	86.7	93.9	111.9	114.6	115.2	115.7	116.4	115.8	110.2	108.6	108.8	111.2	119	122.3	132.4	143.1	144.2	143.2	144.3	146.2	150.1	151.1	148.9	142.8	136.9	136	139.4	141.6	140.9	137.7	141.7	141.9	144.8	146.2	141.8	140.2	143.1	141.7	144.3	146.2	143.3	141.5	140.9	139.2	143.1	147	145	142.8	136.8	135.3	134.2	139.3	140.9	139.9	139.5	141.5
280.5	280.5	280.5	280.5	280.5	280.5	280.5	280.5	280.5	280.5	280.5	280.5	280.5	280.5	280.5	280.5	280.5	280.5	280.5	280.5	280.5	280.5	280.5	280.5	280.5	280.5	279.6	278.1	275.9	273.4	271.6	270.8	269.9	269.4	269.8	268	267	266.3	266.7	269.2	269.4	267.2	254.9	252.2	248.9	246.6	246.2	244.7	239.5	228.2	234.9	234.8	218.6	202.2	194.7	202.3	211.2	206.8	202.9	200.8	199.8	196.6	191.5	192.2	194.3	193	191.9	191	190	189.6	189.2	190.3	191.6	193.1	194.6	196.1	196.8	196.8	195.8	196.2	195.8	194.1	194.2	194.3	194.1	195.7	197.5	198.3	198.2	198.3	199.9	201.8	202.4	203.2	203.8	204	204.4	203.5	204	204.5	204.2	203.2	202.9	202.8	202.2	200.6	199.5	199.5	199	198.6	198.5	196.6	195.7	195.1	195.3	194.8	193.8	192.4	191.2	190.2	188.7	188.2	187.4	186.8	185.5	185.6	185.1	185.3	186.4	186.6	186	186.2	185.8	186.9	188.4	189	191.5	195.1	197.5	199.7	206.1	223.8	228.3	228.9	229.3	229.8	227.9	222.6	221.2	221.7	222.6	225.4	234.3	239.5	248.2	255.7	253.3	253.8	251	250.9	252.1	254.1	256.6	257.3	254.9	259.9	263.6	259.5	254.3	255.1	253.7	252.7	253.6	253.4	252.9	254.5	255.3	258	260.3	259.2	254.1	249.6	246.9	247.8	249.9	250.2	253	251.3	251.6	248.6	250.9	253	248.9	247.1	247.2
280.5	280.5	280.1	279.7	280.5	280.5	280.5	280.5	280.5	280.5	280.5	280.5	280.5	280.5	280.5	280.5	280.5	280.5	280.5	280.5	280.5	280.5	280.5	280.5	280.5	279.6	278.2	276.5	274.6	272.4	270.9	270.1	269.3	268.6	268.5	268.6	266.5	265.9	261.2	266.8	269.3	261.9	254.8	251.9	249.1	246.7	246.7	244.2	239.6	233.2	240.9	235.3	217.4	202.1	194.6	201.2	212.5	208.9	203.9	201.7	200.5	197	191.7	192.4	194.2	193.5	192.9	192.1	190.5	189.4	188.2	187.8	188.4	189.4	190.8	192.2	193.1	192.2	192.2	191.8	190.9	190.4	190.2	191.1	191.6	191.9	192.3	193.2	193.4	193.5	194.4	196	197.1	198.3	199	199.8	200.1	199.5	199	198.9	198.5	198.3	197.9	197.8	197.2	197.1	196.5	196.4	195.8	194.2	193.9	193.5	193.1	192.8	192.1	191.7	191	190.1	188	187.4	186.5	186.4	186.2	185.6	185.6	185.4	185.8	186.8	186.3	185.8	185.5	185.7	186.6	187.2	187.8	190.1	193.3	195.9	198.7	201.7	206.7	216.8	223.9	229	229.2	229.5	227.9	222.4	221.1	221.5	222	222.7	233.1	238	241.7	252.5	253.1	253.9	251.2	250	250.5	252.8	258.6	258.9	255.2	259.9	263.8	260.2	256.7	254.8	253.4	253.6	253.8	253.4	256.2	255.6	255.2	257	257.2	257.2	253.5	248.6	246.2	246.2	246.2	246.6	249.2	251.9	251	249.2	250.2	252.9	250.3	247.3	246.3
280.5	280.1	280.5	280.5	280.5	280.5	280.5	280.5	280.5	280.5	280.5	280.5	280.5	280.5	280.5	280.5	280.5	280.5	280.5	279.5	280.5	280.5	280.5	279.5	277.2	275.5	274.5	272.7	270.9	269.9	269.4	268.8	266.9	264.2	266.5	269.1	267	262.1	256.5	258.1	259.4	257.1	253.9	251.3	250	248.6	246.9	244.9	238.2	242.1	244.5	231.3	212.7	200.9	195	201.9	213.7	210.3	204.2	202.8	201.5	198.2	194.1	192.2	193.5	194.1	194.2	194	193.2	192.6	192.2	190.3	189.4	188.9	188.5	190	190.5	189.1	189.4	189.8	188.9	188.8	188.7	187.9	188.3	188.7	189.5	189.8	189.6	190.7	191.9	192.8	194.2	195.3	195.8	198.1	199.2	198.7	197.5	197.8	196.8	195.9	194	194	194.2	194.1	193.3	192.9	192.5	191.9	191.7	190.9	190.4	190	189	188	187.4	186.6	185.2	184.8	185	185.6	186	185.9	186.1	186.9	187.2	187.4	187.4	187.2	187	187.2	188.2	188.7	189.7	192.3	195.6	197.1	199.9	203.1	207.7	217.8	224.7	229.6	230.2	230.7	226.2	220.9	220.5	221.1	221.4	221.5	228.8	236.1	236.8	246.8	254.8	257.2	258.4	255.4	253.5	253.1	254.8	256.2	251.7	249.3	251.6	255.5	260	258.6	257.8	259.2	258.8	254.2	254	253.6	250.8	252.6	252.2	254	254.9	251.9	248	246.5	246.3	247.4	246.9	247	246.9	248.3	253.2	256.3	257.1	257.5	254
280.5	280.5	280.5	280.5	280.5	280.5	280.5	280.5	280.5	280.5	280.5	280.5	280.5	280.5	280.5	280.5	280.5	280.5	280.5	277.9	280.5	280.5	278.7	277.8	275.3	273.7	272.7	271.3	269.9	269.4	269.2	268.5	265.7	264.7	262.2	253.6	245.6	240.5	236.5	233.6	240.7	253.6	253.1	251.3	250.1	248.4	247.1	245.3	239.6	244.9	245.1	234.4	215.1	200	194	198.3	210.5	212.3	207.4	204.5	202.5	199	194.5	193	194.2	195.1	194.8	194.2	193.6	193.2	193.1	192.3	190.4	188.3	187.7	188.3	188.5	186.9	186.5	187.7	187.7	186.4	186.8	186.3	185.3	185.5	186.2	186.8	187.5	187.8	188.6	189.1	189.1	190	190.7	192.1	193.2	193.4	192.9	193.2	192.9	192.1	190.3	189.3	189.9	189.7	189.2	188.7	187.8	188.6	188.6	187.9	187.7	187.3	187	185.4	185.1	185.1	184.8	185	185.8	186.3	186.3	186.3	187	187.4	187.3	186.8	186.5	187.4	187.5	187.6	188	189.6	190.9	194.3	196.6	198	200.5	202.9	211.5	225.5	228.2	227.1	228.9	229.6	224.2	220	220	220	220.9	223.2	227.4	235.1	240.3	243.8	253.9	254.5	254.8	255.9	254.3	249.4	249.9	253.6	250.9	247.4	249.3	253.7	259.6	257.8	257.2	260.9	262.5	256.2	251.4	249.4	248.2	250.6	251.6	253.3	254.4	252.3	248.6	246.7	247.2	248	247.7	247.5	246.9	247.7	253	257.3	255.9	260.6	257.5
280.5	280.5	280.5	280.5	280.5	280.5	280.5	280.5	280.5	280.5	280.5	280.5	280.5	280.5	280.3	279.8	279.2	278.2	277	275.6	273.9	272.8	271.2	269.9	268.6	267.3	266.4	266.4	267.4	268.5	269.2	268.5	266	265.7	255.9	245.4	239.8	236.1	231	227.4	238.2	253.6	251.6	249.5	249.2	248.4	246.9	244.8	245	246	245.1	230.3	212.7	200.4	193.6	196.3	209.6	214.7	210.9	206.6	203.2	200.2	196.2	193.4	194.2	195.6	196.1	195.1	194.7	194.2	192.9	192.6	192.4	191.3	190.4	189.4	188.4	188.3	188.2	188.5	187.5	186.8	187.5	187.3	187.1	186.9	186.5	186.2	185.7	186.1	186	186.4	187.3	187.5	187.6	187.3	187.7	188.4	189.4	189.8	189.6	188.6	188.9	188.4	187.4	186.4	186.2	185.7	184.6	185.1	184	183.6	184.7	184.5	184.9	185.1	185.8	186.6	187	187.6	187.6	187.5	188	188	188	189.1	188.6	187.7	188	188.5	188.8	188.9	189.7	190.6	191.8	194	196.4	199	200.9	203.2	211.6	226.9	229	229.7	229.2	227.4	219.6	217.7	219.3	219.1	220.3	222.7	225.5	232.5	239.5	240.1	246.2	255.1	256.1	259.6	259.8	259.3	257.5	255.1	252.2	252.9	253	252.6	256.9	256	251.4	255.2	262.8	264	258.7	254.1	252	251	249	248.6	251.7	254.1	254.6	254.1	253.9	253.7	255.6	256.4	252.6	247.1	246.9	250	252.2	255.5	254.7
280.5	280.5	280.5	280.5	280.5	280.5	280.5	280.3	280.2	280	279.5	279.3	279.1	278.7	277.8	276.6	275.1	273.9	273.2	271.7	270.2	268.9	267.3	266.3	265.3	264.6	264.1	264.8	267.1	268.4	268.2	267.7	262.1	253.2	249.1	241.6	229.4	226.3	222.1	224.3	242.9	254.1	250.7	249.6	248.9	248.1	247.6	244.4	245.4	246.2	245.4	230.3	213.5	203.3	195.1	194.7	208.3	214.5	213.2	208.6	205.8	202.8	197.9	194.4	194.5	194.9	195.9	196.2	195.4	194.6	193.3	192.9	193.3	193	191.6	190.7	189.3	188.7	187.9	188.3	187.9	187.6	187.4	187.2	186.7	186.4	186.2	185.6	185.2	185.4	184.9	184.6	185.3	186.1	186.1	185.7	185.6	185.3	186.2	186.9	187.2	187	186.9	186.7	185.7	184.6	184.7	184	184.1	183.6	183.7	184.3	185.1	185.3	186	186.5	187.1	187.7	188.5	188.3	188.8	188.5	188.2	188.2	188.5	188.9	188.5	188.2	188.3	188.2	188.4	188.9	189.7	191.1	192.9	195	196.9	198.7	201.9	203.8	214.6	229.1	228.9	229.6	229.7	230.8	218	216.4	219.5	219.3	220.3	222.3	224.8	230.9	238.7	241.6	244.8	255.1	260.3	260.4	261.1	263.2	261.7	256.5	253.8	254.6	254.1	252.4	254.7	255.6	251.2	253.6	260.6	263	260.4	255.6	253.3	251.4	249.3	248.5	252.8	255.2	255.7	253.7	251.5	254.2	259.2	259	253.4	247.8	245.4	246.3	248.5	250.9	252.9
276.8	276.7	276.8	276.8	276.7	276.7	276.5	276.3	275.9	275.6	275	274.4	273.7	272.9	272	270.8	269.5	268.2	266.7	265.5	264.2	263	262	261.4	260.9	261.2	262.8	266.2	269.3	267.9	266.3	264.3	261.9	254.3	249.5	243	229.3	225.3	223.9	226.3	243.7	253	251.5	250.7	250.9	249.9	247.4	244.4	246.9	247	244.1	224.8	210.6	202.1	195.9	193.7	206.3	215.2	214.4	210.7	207.5	204.2	200.8	196.5	194.5	195	194.8	195.4	195.1	195.5	195.6	194	193.4	193	192.7	193	192.4	189.7	187.3	186.9	187.8	188	188.3	188.1	187.5	187.6	187.9	187.1	187.2	187.7	187.1	187.2	187.2	186.4	185.9	185.7	186	185.8	186.3	186.4	186.8	187.2	186.4	186.3	186.3	185.3	184.2	184	184.9	185.8	186.4	186.7	187.5	188.3	188.7	188.9	188.9	189.1	189.1	188.5	188.7	189.4	190	189.4	189.6	189.5	189.2	189.2	189.1	188.6	188.9	189.9	189.8	191.2	193.6	195.6	197.4	199.6	202.5	204.6	213.3	228.9	229.6	229.4	229.7	229.4	215.3	214	217.1	218.9	219.5	221.7	225	228.1	237.6	244.9	244.2	247.7	258.1	257.7	256.9	258.5	258.6	258.6	259.7	258.4	256.8	256.2	255.6	256.7	254.3	251.8	253.2	254.8	254.6	255.4	255.1	254.3	252.7	253.9	254.8	255.3	254.5	252.7	251.3	251.3	255.5	258.4	255	250	249.7	251.2	250.7	246.9	247.5
278.7	278.8	278.8	278.8	278.8	278.6	278.2	278.1	277.9	277.3	276.7	276	275.1	274.3	273	271.6	270.5	268.8	267.2	265.6	264.2	263	262.2	261.6	261.4	261.9	264.8	267.2	268.7	268.5	266.9	266.4	265.5	254.1	249.1	247.6	243.1	232.3	223.1	227.3	244.3	252.4	253.3	253.2	251.8	250.5	249.2	245	245.9	246.2	242.6	225	212.2	202.5	196.6	194.5	205.2	215.8	215.8	212.9	210	207.1	204.3	200.5	197.5	196.7	196.2	195.9	194.8	195.4	196.2	194.1	193.4	193.6	193.3	193.1	192.7	190.7	189.2	187.6	188.2	188.3	188.4	188.3	188.3	188.8	189	188.6	187.8	187.6	187.7	187.4	187.8	187.3	186.9	186.7	186.1	186.5	187	186.8	186.9	187.1	187	187.2	187.2	186.6	185.8	185.4	186.1	187.4	188.3	188	187.8	188.7	189	189.6	189.7	188.9	188.9	188.4	189.2	189.2	189	189	189.1	188.7	188.4	188.9	189.2	188.7	188.4	189.1	189.8	191.2	194	195.6	198	200.4	202	204.1	208.5	215.6	222.4	228.6	229.8	229.2	221.2	216.9	217.7	220.3	222.2	223.7	225	227.3	235.9	244.7	244.2	245.3	255.7	257.6	255.9	257.2	258.7	259.9	261.6	258.3	255.8	253.7	253.1	250.7	247	245.7	249	252.9	253.9	255.5	253.8	246.7	244.2	246.1	249.4	254.8	256	254.3	252.6	251.6	252.4	253.5	253.3	250.3	250.5	253.7	253.2	251.5	251.6
280.5	280.5	280.5	280.5	280.5	280.5	280.5	279.1	280.5	280.5	280.5	280.5	280.5	280.5	279.5	277.5	275	272.5	270.2	268.1	266.3	265.2	264.8	265.1	266	268	269.6	268.6	267.3	269.4	269.2	266.9	256.4	247.7	247.9	249.8	240	224	223.1	239.2	252.6	253.3	254	252.8	251.6	250.5	249.1	247.3	246.9	245.1	239.8	226.5	212.5	201.2	197.8	197.2	204.6	214.4	215.7	216	211.5	206.8	205.6	201.9	197.6	196.5	196.1	195.3	195	195.2	195.7	196	195.4	194.7	194	194.6	193.9	192.7	191.9	190.1	188.7	188.4	187.1	187.4	188.5	188.7	188.2	187.7	187.5	188.2	188.3	188.5	187.8	187.6	188	187.7	187.8	187.7	188.1	188.2	188	187.8	187.5	187.6	186.9	186	186.2	188	188.8	189.7	189.5	189	189	189.1	190.2	190.2	189.6	189.1	189.6	190.2	189.9	189.3	188.8	188.4	188.7	188.6	188.3	189.6	189.3	189	189.3	190.8	192.1	193.4	195.8	197.2	199.7	202.2	204.8	207.3	209.8	214.5	224.1	229.7	230.2	226.4	218.2	217.5	220.1	220.4	220.2	222.7	224.7	225.8	232.5	243.7	249.3	245.3	248.8	257.8	257.4	254.4	256.6	255.9	256.4	258.5	256.2	254.7	253.7	250.7	246	245.1	251.4	256.5	258.8	259.6	252.5	246.2	248.6	249.7	249.4	252.9	252.9	252.6	251	247.5	248	249.4	250.4	248.1	246.8	251.9	251.4	252	254.1
280.5	280.5	280.5	280.5	280.1	280.1	280.5	280.1	280.5	280.5	280.5	280.5	280.5	280.5	279.5	276.6	274.6	272.2	269.9	267.7	266.4	265.6	265.8	266.3	267.2	268	268.6	268.5	267.6	268.6	267.8	259.8	251.6	248.3	248.8	250.3	241.1	227.3	238	251.3	253.4	253.5	253.3	252.8	250.9	249.7	248.3	248.3	248	245.4	240.8	228	212.6	201.3	196.8	194.2	201.4	213	215.4	216.5	214.5	209.9	207.1	202.7	199.1	197.6	196.9	196.8	195.9	194.6	195.1	195.7	195.4	195.2	193.3	194	194	192.9	192.4	191.1	189.2	187.9	187.3	187.9	188.3	188.5	188.8	188.1	188.3	189.3	189.8	189.4	188.5	188.4	188.4	188.7	188.7	188.5	188.6	189.2	189.1	189.2	188.9	188.4	187.5	187	187.6	188.6	189.6	190	190	189.7	190.2	190.2	190.3	189.9	189	189.5	190.1	189.9	188.8	188.7	188.2	187.8	188.2	187.9	188.1	189	188.5	188.9	190.1	192.4	194.6	196.2	197.4	198.6	200.2	203	206.4	207.9	208.2	207.1	216.5	229.6	230.7	226.7	218.4	217.8	218	220.3	219.9	222	224.5	225.5	230.5	241.3	250.1	246.6	241.5	255.9	256.5	253.1	253.9	254.9	255.9	256.2	255.3	255.7	255.7	254.8	256	255.1	254.5	258.4	262.4	262.4	259.7	255.8	253.5	253.3	251.6	250.7	250.6	251.9	253.2	251.3	250.9	252.1	252.8	250.6	246.4	248.1	248.7	250.5	253
280.5	280.5	280.5	280.5	278.4	277.8	279.4	279.1	278.5	278	276.8	275.5	274.1	272.7	271.4	269.8	268.5	267.2	266.4	266.5	266.7	266.7	267.4	267.7	266.5	266	265.9	266	266.3	266.6	261.1	255.7	251.4	248.4	248.5	249.6	242.5	231.4	241.6	251.8	252.5	253.2	253.4	252.4	250	249.4	249	249	248.3	246.2	243.2	226.6	208.4	198.2	194.8	194.8	201.4	212.7	216.3	215.7	214.7	213.1	209	203.8	198.6	197.5	197.4	197.8	196.1	194.6	194.6	195.5	195.9	196.4	195.5	194.3	195	194.3	193.4	192.8	190.9	189.7	187.5	186.7	186.1	186.4	187.5	187.5	188.3	188.7	189.1	188.8	187.7	188.3	188.7	188.4	188.9	189.5	189.2	188.8	188	188.7	189.4	188.7	188.4	188.9	189	188.8	189	188.4	189.1	189.8	189.8	190.1	190	188.9	189.5	189.6	189.3	189.3	187.8	187.9	189.2	189	188.8	188.8	189.2	189.9	189.8	189.4	191.1	193.5	194.9	197.1	198.7	199.5	201.3	204.7	206.6	207.3	208.7	205.2	210.6	224	230	225.1	218.7	219.2	216	217.8	218.9	220.5	223.2	224.4	228.4	237.5	248.9	253.3	243.2	252.1	260	258.5	254.9	256	258.4	256.5	253.9	254	256.4	256	254.2	253.8	253.3	254.8	260.7	263.8	261.4	257.8	255.3	254	252.6	252	253	253.3	252.2	251.9	256	256.2	253.3	250.6	246.8	247.5	249.6	251.3	253.5
279.3	279.1	278.9	278.2	277.7	277.5	276.7	275.9	274.9	273.9	273	271.9	270.7	269.4	268.5	267.6	266.7	266.4	266.5	267	267.1	267.3	267.6	267.3	266.7	266.3	265.9	265.9	261	255.5	252	249.7	248.6	249.4	248.9	247.9	247.7	241.9	245	251.7	252.2	252.4	252.2	251.7	250.7	249.7	249.5	248	246.9	245.8	243.4	236.8	221	204.4	195.2	193.9	196.7	206	214.9	216.9	216.1	214.3	209.6	204.1	200.3	199.4	199.4	198.4	197.3	196.6	196.3	196.1	196.6	197.4	197.1	195.2	194.9	195.2	194.5	193.8	192.6	190.8	189	187	186.6	186.7	187.5	188.4	189.1	189.3	189.3	188.6	188.7	188.8	188.7	188.4	189.4	189.8	189.2	189.5	189.6	190	189.7	189.9	189.5	189.4	189.8	189.4	189.2	188.8	189.4	189.4	189.7	189.6	189.8	188.7	188.5	189	189.7	188.6	187.5	186.7	187.8	188.9	188.6	188.4	189.2	190.6	190.9	191.7	193.3	194.3	195.5	198	199.3	200.9	203.5	205.6	206.9	208	208.1	202.2	207.3	215	220.2	223.2	222.6	219.6	219	218.7	213.2	215.9	221.9	223.4	226	232.4	241.9	250.2	253.7	253.8	255	257.1	254.8	255	256.9	256.1	254.8	256	257.5	258.4	258	255.6	255.3	254.9	256.2	260.8	263.1	261	257.9	253.7	255.4	254.6	254.6	253	253	252	254.5	256.2	255.2	251.4	248.5	249.5	251.5	253.9	255.2
272.7	272.2	271.7	271.2	270.6	269.9	268.9	268.4	267.6	266.9	266.3	266.2	266	266.4	266.9	267.2	267.3	267.4	268.1	268.9	268.8	268.2	266.7	265.6	266.5	267.2	266.6	266.3	259.6	253.6	250.7	249.3	249.4	250.2	249.4	248.9	249.5	244.8	244.3	250.8	252.7	252.4	252	251.6	250.6	248.5	248.7	247.9	246.7	245.8	244	228.8	210.9	198.7	195.4	196.6	203.1	212	215.2	216.9	218	217.7	215.2	208.5	202	200	200.1	200.1	198.2	197.3	196.9	196.7	197.5	197.5	198	197.2	197	196.5	195.5	195.1	194.4	193.8	192	190	187.8	185.9	186.4	187	187.9	188.2	189	188.5	188.7	188.6	188.4	188.9	189.2	189.1	189.1	188.8	188.8	190	190.3	189.6	189.1	188.8	188.1	187.8	187.9	188.8	188.7	189.1	189	189.2	189.5	189.6	189.5	189	188.9	188	188.3	187.6	188.3	188.6	188.1	189.1	189.7	191.1	192.5	192.3	193	195.5	197.3	199.5	201.4	203.3	204.4	205.8	206.6	207.7	209.8	203.3	203.5	211.5	218.1	222.8	221	218.8	219.1	218.7	213.8	214.8	221.9	223.9	227.4	232.6	244.5	255.4	256.2	250.9	253.4	253.7	254.3	256.8	257.8	257.3	258.1	261.3	262.4	259.9	258.3	257.5	254.8	252.5	251.5	255.9	258.2	261.1	265.3	262.3	258.3	258.7	255.8	255.9	258.6	253.9	252.2	252.7	254.1	253.3	254.4	254.5	252.5	255.8	257.3
268.9	268.5	268.1	267.7	267.1	266.4	265.8	265.3	264.9	264.8	265	265.5	266	267	267.6	267.3	267.1	267.1	267.7	268.9	269.2	267.7	266	265.8	266.2	266.5	266.5	259.1	250.7	249	249.4	248.4	248.9	249.2	247.5	245.9	247.7	246.3	243.4	247.3	251.7	251.2	251.2	250.9	249	249.1	249.1	248.8	246.3	245.6	245.7	232.4	212.8	197.9	195.7	197.8	203.6	211.3	213.3	216.3	220.9	221.6	218.1	212.3	202.7	200.3	202.1	201.6	200.4	199.5	197.9	197	197	196.4	197.3	197.3	197.6	196.5	194.5	194.8	194.6	194.2	192.7	190.7	188.5	187.1	186.9	187.3	188	188.7	188.6	188.3	188.5	188.3	188.2	188.5	188.8	188.3	188.4	189.2	189.6	190.1	190	189.8	188.8	188.3	187.9	187.5	188.1	188.7	188.7	189	188.9	189.2	189.1	188.6	187.8	187.4	187.7	188	188.1	188.1	188.2	187.9	188.6	189.4	190.8	191.3	193.8	194	193.7	195.9	198.7	200.9	202.6	203.8	204.5	206.2	206.9	208.2	210.5	207	206.9	212.6	214.5	215.5	212.3	211.4	217	218.1	218.7	215.3	218.5	223.7	226.6	232.6	243.3	254	256.1	250.4	249.2	252	255.1	259.5	260.5	258.2	257.5	259.1	260.3	258.7	257.2	256	253.8	252.6	250.8	251.8	254	258.3	263.4	263.1	260	258.4	255.2	255.5	257.2	256.3	255.9	251.6	253.6	252.1	248.9	249.2	249.1	255.2	258.7
261.6	261.6	261.6	261.6	261.6	261.6	261.6	261.6	261.6	261.6	261.6	261.6	261.6	261.6	261.6	261.6	261.6	261.6	261.6	261.6	261.6	261.6	261.6	261.6	261.6	261.6	259.2	251.6	246.2	244	243.8	243.8	243.6	243.8	241.6	239.8	240.4	243.2	241.6	240.8	244.8	246.4	246.4	245.4	245	245.2	244.6	243.4	242	241.8	242	236.6	221.2	202.2	193.8	193.6	197.2	204.2	209	212.8	215.4	214.6	211	208.6	205.2	204.4	204.8	202.2	200	198	196.4	194.2	192.8	192	191.2	190.8	190	189.4	187.6	187.2	187.6	187.8	186.2	185.6	185.4	185	185.4	184.8	184.2	184.8	184.4	183.6	183.8	183.6	183.2	183.4	183.6	183.4	183	182.6	183	183	182.6	182.6	181.8	181.4	181.2	181.8	182	181.2	182	182.6	182.6	182	182	181.4	180.8	181.2	181.6	181.8	182.2	181.6	182.4	182.6	183	183.6	185.4	186.6	188.6	189.4	190	193.2	196	198.4	199	199.4	200.8	202	202.4	203.8	205.8	203	198	202.8	206.2	205.2	205.4	205.6	207.6	211	211	208.4	210.6	218	219.8	223.6	230	239.6	246.6	249.6	246.6	250.6	254.8	256.4	257.6	256.8	254.8	252.4	252.4	252.8	253.6	254	254	256.4	256.2	252.4	251.8	252.2	252.2	254.6	255.4	255	252	249	247.4	249	251.8	252.6	252.4	252.2	250.8	250	251.6	249.2	249.4
280.5	280.5	280.5	280.5	280.5	280.5	280.5	280.5	280.5	280.5	280.5	280.5	280.5	280.5	280.5	280.5	280.5	280.5	280.5	280.5	280.5	280.5	280.5	280.5	277.3	271.3	265.9	263.3	262.3	260.9	261.1	261.9	261.3	260.7	259.3	259.5	259.3	260.1	261.9	258.3	259.7	264.1	265.3	264.3	263.9	264.5	263.7	262.1	261.1	260.5	260.5	253.3	232.3	213.3	210.1	213.1	219.3	226.3	229.7	231.9	233.5	233.5	233.3	231.1	228.5	226.9	225.1	222.5	220.1	217.3	216.1	214.7	213.3	212.3	210.7	210.1	209.3	207.5	206.7	206.3	206.3	206.1	205.1	205.3	205.5	204.3	203.7	203.7	203.7	202.5	202.9	202.1	202.1	202.5	202.3	202.3	203.3	203.3	202.3	202.3	201.9	201.9	201.1	201.3	201.3	201.3	200.9	200.9	200.9	200.9	200.9	200.5	200.1	199.7	199.7	199.1	199.9	200.9	201.1	201.1	201.3	201.5	201.1	201.9	203.3	204.5	206.1	207.7	208.5	209.5	212.3	215.1	216.9	217.9	218.5	218.5	220.3	221.1	221.3	222.5	223.5	219.1	217.7	220.7	221.5	220.5	218.9	217.1	219.1	228.5	229.9	232.5	236.7	237.9	239.7	242.1	249.1	258.9	268.7	269.3	267.3	274.1	272.7	272.5	273.7	270.7	265.9	268.7	271.5	272.5	272.9	273.9	278.1	275.3	273.5	273.1	272.5	270.3	271.5	275.3	275.7	272.7	269.9	267.1	265.7	269.3	273.9	272.7	272.9	271.7	271.1	272.3	267.1	264.3	268.3
280.5	280.5	280.5	280.5	280.5	280.5	280.5	280.5	280.5	280.5	280.5	280.5	280.5	280.5	280.5	280.5	280.5	280.5	280.5	280.5	280.1	280.5	280.1	278.3	277.3	271.3	266.9	264.1	262.9	261.9	258.9	261.1	260.9	259.5	259.3	258.7	259.1	258.3	259.3	258.7	256.7	260.7	264.3	264.9	264.3	263.9	264.3	263.3	261.5	261.3	260.9	253.3	233.3	215.9	211.1	212.1	219.3	227.1	229.5	230.1	231.5	233.1	233.3	233.5	230.5	228.5	228.7	225.5	221.7	219.1	217.3	215.7	214.3	211.9	211.1	210.5	209.7	208.7	208.1	207.5	206.9	206.9	205.5	204.9	205.1	205.1	204.1	203.5	203.7	203.9	203.3	202.5	202.7	202.3	202.5	202.7	202.9	202.9	202.9	202.7	202.1	202.1	202.3	201.5	201.3	201.1	200.9	200.5	200.7	200.5	199.7	198.5	198.9	199.5	200.1	199.9	200.5	201.1	201.3	201.1	201.5	202.1	202.1	202.7	204.3	206.1	207.3	208.5	210.3	212.1	213.5	214.7	216.3	217.1	217.9	218.9	219.5	220.3	221.1	222.3	222.9	221.3	220.3	219.5	219.7	219.9	221.3	217.7	214.1	218.5	229.7	232.3	237.3	238.5	239.7	241.3	248.3	259.7	264.7	268.5	267.9	265.9	266.9	265.9	266.9	270.7	270.7	268.5	272.1	272.1	269.9	268.1	269.5	269.9	270.3	272.3	272.5	268.3	266.7	269.9	269.9	268.3	268.9	270.7	271.1	271.5	270.1	271.5	271.7	272.5	269.3	265.3	265.3	263.1	265.5
280.5	280.5	280.5	280.5	280.5	280.5	280.5	280.5	280.5	280.5	280.5	280.5	280.5	280.5	279.9	280.5	280.5	280.5	276.7	269.7	269.9	272.9	269.9	268.7	265.9	265.1	263.5	262.5	261.9	261.9	260.7	260.5	259.7	259.5	259.5	258.3	257.3	257.3	257.9	259.7	256.7	258.3	262.9	264.1	263.9	263.3	263.9	262.9	261.5	261.9	261.3	255.5	236.1	216.5	210.3	211.5	217.5	226.3	230.3	231.9	232.9	232.9	233.7	234.3	232.7	230.9	229.9	226.5	223.3	221.5	219.9	217.9	216.1	213.1	211.1	211.1	210.1	209.7	209.1	207.7	206.5	206.9	206.5	205.3	204.3	204.5	204.3	204.1	204.1	203.7	203.3	203.1	203.1	202.3	202.7	203.5	202.9	202.7	203.1	202.7	202.1	202.1	202.5	202.5	201.5	200.7	200.1	199.7	199.5	198.9	198.1	197.7	197.7	198.9	200.9	200.3	199.5	200.9	201.1	201.7	202.7	202.9	203.3	203.9	205.9	208.1	209.3	210.5	212.7	214.9	215.3	216.1	217.3	218.1	218.9	219.5	220.9	221.7	222.1	223.1	221.3	217.1	220.1	219.7	218.1	219.1	221.3	217.9	211.3	211.1	218.9	227.1	231.1	235.1	239.7	241.1	246.9	257.1	268.7	269.1	268.9	265.7	267.3	266.7	268.1	270.7	272.1	273.9	274.5	271.3	267.3	266.5	268.5	269.9	271.3	273.1	274.9	268.7	265.3	266.7	266.9	264.5	268.1	269.5	270.3	272.5	272.1	270.3	268.9	269.5	268.3	265.5	266.3	266.3	264.1
