790.5	790.5	790.5	790.5	790.5	790.5	790.5	790.5	790.5	790.5	790.5	790.5	790.5	790.5	790.5	790.5	790.5	790.5	790.5	790.5	790.5	790.5	790.5	790.5	790.5	790.5	790.5	790.5	790.5	790.5	790.5	790.5	790.5	790.5	790.5	790.5	790.5	790.5	790.5	790.5	790.5	790.5	790.5	790.5	790.5	790.5	790.5	790.5	790.5	790.5	790.5	790.5	790.5	790.5	790.5	790.5	790.5	790.5	790.5	790.5	790.5	790.5	790.5	790.5	790.5	790.5	790.5	790.5	790.5	790.5	790.5	790.5	790.5	785.3	768.5	758.5	747.7	732.5	724.1	724.5	706.9	680	669.6	660.2	652.7	653.5	647.5	631.2	629.5	648	654.5	654.1	656.1	674.1	666.7	653	672.8	677.1	670.1	664.6	653.6	641.2	642.1	631	604	597.7	633.5	635.8	621.4	609.7	592.2	590.6	593	595.7	604.8	611	618.4	620.8	623	617.7	615.9	614.9	622.6	646.4	661.7	665.4	673.3	665.9	658	682.4	698.8	705.7	712.5	704.5	711.3	750.5	772	790.5	790.5	790.5	790.5	790.5	790.5	790.5	790.5	790.5	790.5	790.5	790.5	790.5	790.5	790.5	790.5	790.5	790.5	790.5	790.5	790.5	790.5	790.5	790.5	790.5	790.5	790.5	790.5	790.5	790.5	790.5	790.5	790.5	790.5	790.5	790.5	790.5	790.5	790.5	790.5	790.5	790.5	790.5	790.5	790.5	790.5	790.5	790.5	790.5	790.5	790.5	790.5	790.5	790.5	790.5	790.5	790.5	790.5
790.5	790.5	790.5	790.5	790.5	790.5	790.5	790.5	790.5	790.5	790.5	790.5	790.5	790.5	790.5	790.5	790.5	790.5	790.5	790.5	790.5	790.5	790.5	790.5	790.5	790.5	790.5	790.5	790.5	790.5	790.5	790.5	790.5	790.5	790.5	790.5	790.5	790.5	790.5	790.5	790.5	790.5	790.5	790.5	790.5	790.5	790.5	790.5	790.5	790.5	790.5	790.5	790.5	790.5	790.5	790.5	790.5	790.5	790.5	790.5	790.5	790.5	790.5	790.5	790.5	790.5	790.5	790.5	790.5	790.5	790.5	790.5	775.3	765.7	747	713.4	694.3	676.9	673.4	654.8	629.7	616.3	616.9	609.4	600.1	586.3	569.3	559	550.1	547.7	551.9	557.2	558.9	562.9	569.9	578.6	600.8	608.1	600.4	599.4	601.4	603.8	605.4	596.8	573.5	578	607.3	587.6	560.8	559.8	557.8	561.1	563.5	558.6	560.7	586.7	607.5	602.2	604.2	609	605.8	605.5	611.7	620.3	632	638	640	637.7	634.5	665.2	681	682	682	682.3	675.8	690.7	705.5	730	755	773	790.5	790.5	790.5	790.5	790.5	790.5	790.5	790.5	790.5	790.5	790.5	790.5	790.5	790.5	790.5	790.5	790.5	790.5	790.5	790.5	790.5	790.5	790.5	790.5	790.5	790.5	790.5	790.5	790.5	786.9	784.2	785.4	780	783	790.5	790.5	790.5	790.5	790.5	790.5	790.5	790.5	790.5	790.5	790.5	790.5	790.5	790.5	790.5	790.5	790.5	790.5	790.5	790.5	790.5
790.5	790.5	790.5	790.5	790.5	790.5	790.5	790.5	790.5	790.5	790.5	790.5	790.5	790.5	790.5	790.5	790.5	790.5	790.5	790.5	790.5	790.5	790.5	790.5	790.5	790.5	790.5	790.5	790.5	790.5	790.5	790.5	790.5	790.5	790.5	790.5	790.5	790.5	790.5	790.5	790.5	790.5	790.5	790.5	790.5	790.5	790.5	790.5	790.5	790.5	790.5	790.5	790.5	790.5	790.5	790.5	790.5	790.5	790.5	790.5	790.5	790.5	790.5	790.5	790.5	790.5	790.5	790.5	784.9	759.3	735.8	715.7	708.1	699.8	686.4	674.1	665.1	658.5	640.6	620	604.9	592.1	583.2	588.9	582	565.4	551.8	546.2	547.2	544.9	543.7	547.6	548.2	552.4	551.9	548.6	567.6	582	578.8	576.4	586	582.5	586.7	582.1	567	569.6	570.6	555.3	544.8	541.4	546.2	561.6	573	573.8	564	554.2	564.2	573.2	579.3	573	586.6	591.3	588.6	587.5	595.7	602.1	595.1	602.1	610.5	634.1	654.5	667.5	674.4	680.5	683.5	675.4	665.9	675.8	697.3	729.6	756	777.5	790.5	790.5	790.5	790.5	790.5	790.5	790.5	790.5	790.5	790.5	790.5	790.5	790.5	790.5	790.5	790.5	790.5	790.5	790.5	790.5	790.5	790.5	790.5	790.5	790.5	790.5	790.5	790.5	781.2	782.4	787.5	782.4	785.7	790.5	790.5	790.5	790.5	790.5	790.5	790.5	790.5	790.5	790.5	785.7	785.4	787.2	787.8	790.5	790.5	790.5	790.5	790.5	790.5
790.5	790.5	790.5	790.5	790.5	790.5	790.5	790.5	790.5	790.5	790.5	790.5	790.5	790.5	790.5	790.5	790.5	790.5	790.5	790.5	790.5	790.5	790.5	790.5	790.5	790.5	790.5	790.5	790.5	790.5	790.5	790.5	790.5	790.5	790.5	790.5	790.5	790.5	790.5	790.5	790.5	790.5	790.5	790.5	790.5	790.5	790.5	790.5	790.5	790.5	790.5	790.5	790.5	790.5	790.5	790.5	790.5	790.5	790.5	790.5	790.5	790.5	790.5	790.5	790.5	790.5	790.5	788.1	763.3	727	705.5	682.7	662	650.2	634.2	623.8	616.1	589.4	567.5	557.8	545.5	537	536.1	537.3	539.2	534.7	539.3	546.2	542.6	546.9	550	542.7	545.4	540.3	541.3	543.9	539.6	538	536.4	543.2	551.7	568.3	569	550.5	547.9	557.8	565.5	545.8	537.2	535.2	531.8	549.2	557	550.5	555.6	536	529.7	547.2	560.9	562	558.6	574.8	584.7	584.7	582.3	581.5	584.5	594.1	595.5	606.4	633.2	646.2	651.6	656.7	667.1	658	631	623	635.6	657.8	683.6	708.6	738.9	786	790.5	790.5	790.5	790.5	790.5	790.5	790.5	790.5	790.5	790.5	790.5	790.5	790.5	790.5	790.5	790.5	790.5	790.5	790.5	790.5	790.5	790.5	790.5	790.5	790.5	790.5	790.5	790.5	790.5	790.5	790.5	790.5	790.5	790.5	790.5	790.5	790.5	790.5	790.5	787.8	786.3	784.2	782.4	785.7	790.5	790.5	790.5	790.5	790.5	790.5	790.5
790.5	790.5	790.5	790.5	790.5	790.5	790.5	790.5	790.5	790.5	790.5	790.5	790.5	790.5	790.5	790.5	790.5	790.5	790.5	790.5	790.5	790.5	790.5	790.5	790.5	790.5	790.5	790.5	790.5	790.5	790.5	790.5	790.5	790.5	790.5	790.5	790.5	790.5	790.5	790.5	790.5	790.5	790.5	790.5	790.5	790.5	790.5	790.5	790.5	790.5	790.5	790.5	790.5	790.5	790.5	790.5	790.5	790.5	790.5	790.5	790.5	790.5	790.5	790.5	790.5	782.5	750.5	721.3	705.3	701.5	689.5	671.8	660.7	654.2	627.2	602.9	577.4	556.7	546.7	546.6	541.6	536.5	533.2	528.5	513.5	518.2	524.9	515	494	493.1	499.9	515.6	517.3	510.7	502.2	497.3	477.3	475.1	492.6	500.6	506.6	537.2	554.3	542.3	544.4	547.8	553.7	536.4	522.1	529.6	536.2	541.9	539.8	527.3	523.1	522.1	524.7	540.2	558.2	558.7	555.9	573.2	588.1	590.9	585.9	582.7	583.7	583.6	585.6	586.7	589.2	590.2	594.2	597.5	600.5	603.4	607.2	614.2	619.4	654.8	682.8	693.5	712.9	750.3	782.7	788.5	790.5	790.5	790.5	790.5	790.5	790.5	790.5	790.5	790.5	790.5	790.5	790.5	790.5	790.5	790.5	790.5	790.5	790.5	790.5	790.5	790.5	790.5	790.5	790.5	790.5	790.5	790.5	790.5	790.5	790.5	790.5	790.5	790.5	790.5	789.6	790.5	790.5	788.7	785.1	788.7	787.8	790.5	790.5	790.5	790.5	790.5	790.5	790.5	790.5
790.5	790.5	790.5	790.5	790.5	790.5	790.5	790.5	790.5	790.5	790.5	790.5	790.5	790.5	790.5	790.5	790.5	790.5	790.5	790.5	790.5	790.5	790.5	790.5	790.5	790.5	790.5	790.5	790.5	790.5	790.5	790.5	790.5	790.5	790.5	790.5	790.5	790.5	790.5	790.5	790.5	790.5	790.5	790.5	790.5	790.5	790.5	790.5	790.5	790.5	790.5	790.5	790.5	790.5	790.5	790.5	790.5	790.5	790.5	790.5	790.5	790.5	790.5	790.5	784.5	747.4	704.4	677.5	660.8	646.4	637.7	628.3	619.2	612.1	598.7	570.1	553.7	538.9	531	534.9	538.9	546.3	540.6	508.3	491.4	494.9	484.5	473.1	462.1	464.7	494.2	501.5	500.4	503.8	484.1	473.9	475.3	475.2	480.6	473.7	478.8	494.8	501.7	509.4	525.6	540.5	529.3	514.5	526.1	527.1	523	521.8	530.5	527.5	518.2	517.1	521.6	524.1	543.3	543	549.6	561	548.1	553.6	569.8	585.5	587.7	585.9	584.5	583.5	582.9	583	586.3	585.7	586.7	590.3	595.6	606.4	621.9	654.1	680.5	682	685	690.6	710.2	751.5	782.5	790.5	790.5	790.5	790.5	790.5	790.5	790.5	790.5	790.5	790.5	790.5	790.5	790.5	790.5	790.5	790.5	790.5	790.5	790.5	790.5	790.5	790.5	790.5	790.5	790.5	790.5	790.5	790.5	790.5	790.5	790.5	790.5	790.5	790.5	790.5	790.5	790.5	790.5	790.5	790.5	790.5	790.5	790.5	790.5	790.5	790.5	790.5	790.5
790.5	790.5	790.5	790.5	790.5	790.5	790.5	790.5	790.5	790.5	790.5	790.5	790.5	790.5	790.5	790.5	790.5	790.5	790.5	790.5	790.5	790.5	790.5	790.5	790.5	790.5	790.5	790.5	790.5	790.5	790.5	790.5	790.5	790.5	790.5	790.5	790.5	790.5	790.5	790.5	790.5	790.5	790.5	790.5	790.5	790.5	790.5	790.5	790.5	790.5	790.5	790.5	790.5	790.5	790.5	790.5	790.5	790.5	790.5	786	790.5	790.5	790.5	781.1	728.3	689.9	675.2	664.2	639.3	629.1	627.1	610.6	593.2	585.2	575.2	545.4	527.8	504.2	489	514.3	517.5	530.9	531.4	514.2	510.1	513	503.5	509.3	522.2	530.9	533.5	539.3	537	539	529.7	514.5	487	460.4	470.5	469.5	436.9	409.2	418.2	431.7	436.1	443.2	444.3	461.7	490.4	495.7	488.4	504.3	512.3	519.3	520	511.7	498.2	515.9	541	548.3	552.1	538.2	539.1	550.7	570.7	584.2	584.4	581.4	581.4	580.2	581.5	581.8	576.6	581.8	589	581.2	575.8	589	609.4	636.1	658.7	673.6	674.9	684.8	701.5	730	766	790.5	790.5	790.5	790.5	790.5	790.5	790.5	790.5	790.5	790.5	790.5	790.5	790.5	790.5	790.5	790.5	790.5	790.5	790.5	790.5	790.5	790.5	790.5	790.5	790.5	790.5	790.5	790.5	790.5	790.5	790.5	790.5	790.5	790.5	790.5	790.5	790.5	790.5	790.5	790.5	790.5	790.5	790.5	790.5	790.5	790.5	790.5	790.5
790.5	790.5	790.5	790.5	790.5	790.5	790.5	790.5	790.5	790.5	790.5	790.5	790.5	790.5	790.5	790.5	790.5	790.5	790.5	790.5	790.5	790.5	790.5	790.5	790.5	790.5	790.5	790.5	790.5	790.5	790.5	790.5	790.5	790.5	790.5	790.5	790.5	790.5	790.5	790.5	790.5	790.5	790.5	790.5	790.5	790.5	790.5	790.5	790.5	790.5	790.5	790.5	790.5	790.5	790.5	790.5	790.5	790.5	788	779	784	786	775	733.3	693	662.8	645.9	630.4	598.5	574.9	574.6	572.8	568.7	562.8	561.7	537	509.7	485.2	496.3	509.1	525.7	535.9	529.7	528.8	522.7	517.1	521.3	532.8	532	533.8	530.2	509.3	500.8	505.1	502.2	486.6	455.7	440.1	435.4	432.3	430.8	413.5	406.6	411	423.1	428.2	423.4	422.5	444.1	466.5	471.1	482.2	488.4	464.1	459.8	489	511.3	522.6	518.3	504.6	533.9	535.9	526.7	530.2	538.9	558.2	567.9	562	561.1	560	565.6	564.8	578.2	575.9	564.4	565.5	568.9	584.7	601.3	609.8	635.9	653.8	661.9	680	681.5	685	698.5	731	764.5	786	790.5	790.5	790.5	790.5	790.5	790.5	790.5	790.5	790.5	790.5	790.5	790.5	790.5	790.5	790.5	789.3	790.5	790.5	787.8	787.8	790.5	790.5	790.5	790.5	790.5	790.5	790.5	790.5	790.5	790.5	790.5	790.5	790.5	790.5	790.5	790.5	790.5	790.5	790.5	790.5	789.3	787.2	783	780.6	789.3
790.5	790.5	790.5	790.5	790.5	790.5	790.5	790.5	790.5	790.5	790.5	790.5	790.5	790.5	790.5	790.5	790.5	790.5	790.5	790.5	790.5	790.5	790.5	790.5	790.5	790.5	790.5	790.5	790.5	790.5	790.5	790.5	790.5	790.5	790.5	790.5	790.5	790.5	790.5	790.5	790.5	790.5	790.5	790.5	790.5	790.5	790.5	790.5	790.5	790.5	790.5	790.5	790.5	790.5	790.5	790.5	790.5	790.5	784.5	775.5	766.5	747.7	706.7	676	662.6	647.6	633.5	613.2	574.6	551.9	557	557	553.4	540.2	518.9	502	516.5	539.4	535.7	531.4	537.1	531.7	526.1	530.1	525.2	512.7	507.3	505.3	467	442.1	437.7	433	424.7	423.8	413.5	407.6	404.4	409.1	403.4	399	410.4	408.9	402.5	399.6	407.1	413.6	409.5	398.9	398.4	398	394.3	389.6	389.9	382.3	383.7	399.6	404.6	415.7	422.3	421	450.5	484.6	504.3	527.9	527.6	540.9	551.7	554	550.8	558.6	574.2	568.5	576.7	577.3	564.1	558.4	559.8	577.6	588.3	582.9	599.8	615.6	626.5	634.3	655.3	673.1	687	708.5	739	770	790.5	790.5	790.5	790.5	790.5	790.5	790.5	790.5	790.5	790.5	790.5	790.5	790.5	790.5	790.5	788.7	790.5	790.5	790.5	790.5	790.5	790.5	790.5	790.5	790.5	790.5	790.5	790.5	790.5	790.5	790.5	790.5	790.5	790.5	790.5	790.5	790.5	790.5	790.5	790.5	790.5	789.6	785.4	783.6	790.5
790.5	790.5	790.5	790.5	790.5	790.5	790.5	790.5	790.5	790.5	790.5	790.5	790.5	790.5	790.5	790.5	790.5	790.5	790.5	790.5	790.5	790.5	790.5	790.5	790.5	790.5	790.5	790.5	790.5	790.5	790.5	790.5	790.5	790.5	790.5	790.5	790.5	790.5	790.5	790.5	790.5	790.5	790.5	790.5	790.5	790.5	790.5	790.5	790.5	790.5	790.5	790.5	790.5	790.5	790.5	790.5	787	775	758	745.5	724.7	698.2	671.3	648.4	629.2	616	608	598.6	588.2	575.4	552.4	543.6	531.9	507.8	500.2	511.4	543	535.4	527.9	527.8	531.8	535.9	536.8	540.7	522.1	509.2	487	457.2	448.7	423.7	422.9	439.2	428.3	408	401.3	412.1	402.4	388.9	394.2	386.3	387	394.8	387	377.7	380.2	387.2	385.6	382.9	384.4	383.2	382.4	378	381.3	375.5	362.8	365.4	365.3	367	375.2	384.9	398.2	417.5	448.5	465.2	479.9	507.2	518.2	526.1	533.1	552.6	558.9	558.3	568.5	561.7	548.7	551.1	554.8	553.2	559.9	571.5	594.2	614.8	632.5	638.5	646.5	659.3	672.8	680.5	688.5	709	745.5	787.5	790.5	790.5	790.5	790.5	790.5	790.5	790.5	790.5	790.5	790.5	790.5	790.5	790.5	790.5	790.5	790.5	790.5	790.5	790.5	790.5	790.5	790.5	790.5	790.5	790.5	790.5	790.5	790.5	790.5	790.5	790.5	790.5	790.5	790.5	790.5	790.5	790.5	790.5	790.5	790.5	790.5	790.5	790.5
790.5	790.5	790.5	790.5	790.5	790.5	790.5	790.5	790.5	790.5	790.5	790.5	790.5	790.5	790.5	790.5	790.5	790.5	790.5	790.5	790.5	790.5	790.5	790.5	790.5	790.5	790.5	790.5	790.5	790.5	790.5	790.5	790.5	790.5	790.5	790.5	790.5	790.5	790.5	790.5	790.5	790.5	790.5	790.5	790.5	790.5	790.5	790.5	790.5	790.5	790.5	790.5	790.5	790.5	790.5	789.5	781	747.1	722	709.5	682	662.1	652.1	634.7	619.9	611.2	605.9	593.1	582.7	577.5	536.7	510.1	508	527	531.1	536.6	536.1	529.6	523.6	516.7	518.1	502.3	491.4	476.7	464.7	454.5	422.4	407.1	405.7	394.6	400	407.8	403.7	385.7	383.6	386.9	373	367	372.3	373	372.4	371.6	364.2	363.5	363.2	367.5	371.2	373.5	376.1	378.4	378.3	373.2	376	373.2	362.9	366.7	365.7	362.2	367.2	366.2	356.1	354.3	355.6	365.4	369.9	384.5	404.3	424.1	464.7	501.3	544.7	561.6	571	563	541.7	542.8	548	536.7	540.5	561.4	579.2	604.3	631.3	665	680.5	672.4	659.6	668.8	682.6	692	714	744.5	768	790.5	790.5	790.5	790.5	790.5	790.5	790.5	790.5	790.5	790.5	790.5	790.5	790.5	790.5	790.5	790.5	790.5	790.5	790.5	790.5	790.5	790.5	790.5	790.5	790.5	790.5	790.5	790.5	790.5	790.5	790.5	790.5	790.5	790.5	790.5	790.5	790.5	790.5	790.5	790.5	788.4	789
790.5	790.5	790.5	790.5	787.8	790.5	790.5	790.5	790.5	790.5	790.5	790.5	790.5	790.5	790.5	790.5	790.5	790.5	790.5	790.5	790.5	790.5	790.5	790.5	790.5	790.5	790.5	790.5	790.5	790.5	790.5	790.5	790.5	790.5	790.5	790.5	790.5	790.5	790.5	790.5	790.5	790.5	790.5	790.5	790.5	790.5	790.5	790.5	790.5	790.5	790.5	790.5	790.5	780.5	770	764	758.9	728.6	701.1	677.5	648.7	624.7	601.3	592	590.6	585.4	570.7	554.1	549.3	544.3	515.6	514	524	527.6	528.4	533.4	518.5	519.4	523.9	517.2	496.9	471.4	453.1	445.4	434.7	428	417.7	391.2	385.1	392.1	394.6	390.9	391.5	378	372.8	372.9	365.7	359.8	364.5	371.3	384.9	376.1	365.4	367.6	368.1	368.2	375	379.1	377.2	378.2	380.9	372.1	370.8	371.9	370.2	374.3	373.1	365.7	369.5	372.6	364.5	359	352.6	354.8	360.5	361.1	371	387.2	405.6	434.4	486.3	526.4	543.1	539.9	532.8	533.9	534.7	524.3	523	544.4	551.3	557.9	592.8	637	672.9	680.5	671.6	670.9	678.5	680	683.5	695.5	730.5	780.5	790.5	790.5	790.5	790.5	790.5	790.5	790.5	790.5	790.5	790.5	790.5	790.5	790.5	790.5	790.5	790.5	790.5	790.5	790.5	790.5	790.5	790.5	790.5	790.5	790.5	790.5	790.5	789.6	790.5	790.5	790.5	790.5	790.5	790.5	790.5	790.5	790.5	790.5	785.1	777.9	775.2
790.5	790.5	790.5	790.5	790.5	790.5	790.5	790.5	790.5	790.5	790.5	790.5	790.5	790.5	790.5	790.5	790.5	790.5	790.5	790.5	790.5	790.5	790.5	790.5	790.5	790.5	790.5	790.5	790.5	790.5	790.5	790.5	790.5	790.5	790.5	790.5	790.5	790.5	790.5	790.5	790.5	790.5	790.5	790.5	790.5	790.5	790.5	790.5	790.5	790.5	790.5	790.5	790.5	776.5	764.5	758.5	734.1	698.3	667.7	644	629	610.4	581.2	577.5	580.4	573.2	561	543.6	527.2	484	475.1	506.5	498.2	479.4	458.7	443.2	423.2	427.4	436.2	423.8	418.4	420.5	423.9	424.1	412.9	406.3	398.1	381.7	376.8	377.1	369	360.4	358	350.3	351.1	352.2	348.2	343.6	353.6	366	375	370	364.6	368.3	377.2	383.1	384.8	387.2	391.1	390.1	385.6	381.3	374.7	373.6	367	369.5	370.3	375.9	375.1	369.3	369.5	378.5	371.6	364.2	357.3	352.3	355.4	371.4	389.8	391.5	405.8	437.7	488.1	527.2	525.9	526.2	526.6	519.4	518.6	529.2	534.8	535.4	554.9	586.5	623.8	648.3	661.3	665.2	668	648.1	659.4	687.5	706.5	757	790.5	790.5	790.5	790.5	790.5	790.5	790.5	790.5	790.5	790.5	790.5	790.5	790.5	790.5	790.5	790.5	790.5	790.5	790.5	790.5	790.5	790.5	790.5	790.5	790.5	790.5	790.5	789.6	790.5	790.5	790.5	790.5	790.5	790.5	790.5	790.5	790.5	790.5	790.5	785.4	780.6
790.5	790.5	790.5	790.5	790.5	790.5	790.5	790.5	790.5	790.5	790.5	790.5	790.5	790.5	790.5	790.5	790.5	790.5	790.5	790.5	790.5	790.5	790.5	790.5	790.5	790.5	790.5	790.5	790.5	790.5	790.5	790.5	790.5	790.5	790.5	790.5	790.5	790.5	790.5	790.5	790.5	790.5	790.5	790.5	790.5	790.5	790.5	790.5	790.5	790.5	790.5	790.5	779	761	741.4	728.1	706.6	673.4	640.3	616.8	593.5	568.4	551.6	544.7	539.6	538.4	534.2	529	508.1	456.7	439.8	470.8	462.2	447.7	436.9	427.6	409.7	403.4	406	404.7	405.1	405.7	412.2	421.4	423.1	421.8	416	399.9	385.3	368	355.5	351.6	349.1	341.4	343.5	342.1	339.3	339.7	344.2	360.7	364	355.9	356.9	362.4	370.4	375.1	378.6	382.2	383.2	385.7	390.1	390.9	381.3	373.7	367.4	369.2	374.9	379.4	367.7	358.8	358.6	367.1	366.1	366.3	370.7	360.8	353.9	357.2	375.9	386.5	394.6	404.7	432.5	502.7	510.6	509.7	513.6	518.5	515.9	519.2	529.2	528.6	527.7	541.7	566.6	605.3	642.3	650.8	649.9	632.6	644.3	681.5	683.5	693.4	727.1	776.5	790.5	790.5	790.5	790.5	790.5	790.5	790.5	790.5	790.5	790.5	790.5	790.5	790.5	790.5	790.5	790.5	790.5	790.5	790.5	790.5	790.5	790.5	790.5	790.5	790.5	790.5	790.5	790.5	790.5	790.5	790.5	790.5	790.5	789	789	789.3	790.5	790.5	790.5
790.5	790.5	790.5	790.5	790.5	790.5	790.5	790.5	790.5	790.5	790.5	790.5	790.5	790.5	790.5	790.5	790.5	790.5	790.5	790.5	790.5	790.5	790.5	790.5	790.5	790.5	790.5	790.5	790.5	790.5	790.5	790.5	790.5	790.5	790.5	790.5	790.5	790.5	790.5	790.5	790.5	790.5	790.5	790.5	790.5	790.5	790.5	790.5	790.5	790.5	790.5	783.5	767.5	743.1	710	696.1	667.3	642.2	619.7	598.5	577.3	554.7	540.9	533.6	529.4	530.4	527.2	468.7	434.7	415.5	426.8	443.1	440.8	432.1	428	397.1	390	390.3	383	383.7	384.8	384.5	378.5	384.4	394	408.5	418.5	427.6	424.4	415.6	408.3	400	382.5	365	361	351.4	346.9	348.8	348.6	354.8	355.6	354.7	353.4	353.8	358.4	362.8	362.9	362.1	360	363.9	379	392.7	394.3	394.4	392.1	391	394.6	387.1	381.6	377.1	377.4	375	374	373.9	367.1	352.9	355.8	367.6	376.3	381.9	384.1	388.8	398.5	449.2	512.2	508.7	512.6	516.7	514	513.2	521.6	523.9	522.1	529.4	542.8	566.2	591	600.3	606.4	605.3	614.3	653.6	672.7	685.5	703.5	749	790.5	790.5	790.5	790.5	790.5	790.5	790.5	790.5	790.5	790.5	790.5	790.5	790.5	790.5	790.5	790.5	790.5	790.5	790.5	790.5	790.5	790.5	790.5	790.5	790.5	790.5	790.5	790.5	790.5	790.5	790.5	790.5	790.5	787.8	790.5	790.5	790.5	790.5	790.5
790.5	790.5	790.5	790.5	790.5	790.5	790.5	790.5	790.5	790.5	790.5	790.5	790.5	790.5	790.5	790.5	790.5	790.5	790.5	790.5	790.5	790.5	790.5	790.5	790.5	790.5	790.5	790.5	790.5	790.5	790.5	790.5	790.5	790.5	790.5	790.5	790.5	790.5	790.5	790.5	790.5	790.5	790.5	790.5	790.5	790.5	790.5	790.5	786	775.5	762.5	752.5	749.5	727	697.9	673.4	637.1	601.2	570.3	550.2	539.2	529	525.2	524.4	520.7	522	506.8	439.9	407.4	398.9	413.4	433.7	426.8	412.4	414.5	391.7	377.7	370.9	363.2	366.4	367.4	365.1	361.8	362.6	373.8	384.9	392	409.1	419	424.4	421.7	425.6	413.9	387.8	375.2	370.9	364.4	355.6	350.1	352.5	350.1	347.7	346.1	343.1	346.2	349.3	351.6	347.8	344.4	348.8	360.6	374.1	385	391.5	392.8	398.1	403.6	398.4	391.8	385.6	386.6	384.5	375.5	374.7	372.2	359.1	352.8	355.4	366.6	371.1	381.7	387.5	392	409.1	486.3	505.4	508.6	510.6	512.5	511.2	511.6	515.3	519.7	520	529.8	557.2	581.8	592	596.8	599.3	601.7	635.8	660.3	678	683.5	688	717.5	771.5	790.5	790.5	790.5	790.5	790.5	790.5	790.5	790.5	790.5	790.5	790.5	790.5	790.5	790.5	790.5	790.5	789.9	788.4	789.6	788.7	790.5	790.5	790.5	790.5	790.5	790.5	790.5	790.5	790.5	790.5	790.5	790.5	790.5	790.5	790.5	790.5	790.5
790.5	790.5	790.5	790.5	790.5	790.5	790.5	790.5	790.5	790.5	790.5	790.5	790.5	790.5	790.5	790.5	790.5	790.5	790.5	790.5	790.5	790.5	790.5	790.5	790.5	790.5	790.5	790.5	790.5	790.5	790.5	790.5	790.5	790.5	790.5	790.5	790.5	790.5	790.5	790.5	790.5	790.5	790.5	790.5	790.5	790.5	786.9	773.9	770.6	768.7	752.6	716.5	693.5	679.1	655.8	631.3	614.7	595.7	569.2	544.8	540.4	529.3	524.3	523.5	519.2	466.8	406.6	387.8	394.1	399.3	395.6	390.8	378.6	370.7	370.1	365.8	360.7	353.5	345.4	342.7	336.4	334.3	336.8	342.7	356.1	361.2	363.9	373.9	377.1	388.3	398.9	413.3	423.4	428.8	427.3	416.8	406.4	390.1	373.1	375.7	378.1	383.6	381.5	372.2	362.5	368	374.8	369	363.1	362.8	365.4	364.5	367.6	372.5	378.3	385.6	392.3	403.9	402.6	393.2	390.8	390.5	379.2	376.8	375.9	375.6	365.9	351.1	356.3	359.7	361.7	363.6	377.3	391.1	429.7	477.6	498.9	507	508.3	509.4	509.2	512.2	514.5	515.1	520.8	534.8	555.8	576.3	587.3	590.8	592.4	598	612.2	635.6	672.2	685.5	698.5	748	787.2	790.5	790.5	790.5	790.5	790.5	790.5	790.5	790.5	790.5	790.5	790.5	790.5	790.5	790.5	790.5	789.9	786.6	788.7	790.5	790.5	790.5	790.5	790.5	790.5	790.5	790.5	790.5	790.5	790.5	790.5	790.5	790.5	790.5	790.5	790.5	790.5
790.5	790.5	790.5	790.5	790.5	790.5	790.5	790.5	790.5	790.5	790.5	790.5	790.5	790.5	790.5	790.5	790.5	790.5	790.5	790.5	790.5	790.5	790.5	790.5	790.5	790.5	790.5	790.5	790.5	790.5	790.5	790.5	790.5	790.5	790.5	790.5	790.5	790.5	790.5	790.5	790.5	790.5	790.5	790.5	790.5	788.7	765.8	750.9	730.4	724.4	711.3	686.1	663.7	647	623.5	591.4	579.9	572	548.9	532.2	527.3	524.2	521	517.7	513	441.9	395.3	385.5	385.1	390	388.7	383.3	376.1	366.4	361.9	357.6	359.5	358.3	348.7	341.6	338	337	337.6	338	344.7	349.6	358.9	367	366.2	367.1	376.2	389.7	406	422.4	432.4	424	409.3	400	388.5	380.7	371.9	380.2	385.8	386.8	384.2	386.9	388.9	385.8	380.6	377.8	380.5	376.8	374.3	377.2	379.9	377	382.7	395.8	401.7	397.5	390.8	390.2	387.1	379	370.2	373	368.2	359.3	359.8	359.3	361.4	366.6	367.4	375.2	392.5	430.3	471.1	488.2	504.4	507.3	508.4	511.3	514.1	514	514.2	516.4	520.9	531.9	545.2	572.3	584.5	579.7	594.9	623.1	656.1	684.5	685.5	689.5	722.5	774.5	790.5	790.5	790.5	790.5	790.5	790.5	790.5	790.5	790.5	790.5	790.5	790.5	790.5	790.5	790.5	790.5	790.5	790.5	790.5	790.5	790.5	790.5	790.5	790.5	790.5	790.5	790.5	790.5	790.5	790.5	790.5	790.5	790.5	790.5	790.5
790.5	790.5	790.5	790.5	790.5	790.5	790.5	790.5	790.5	790.5	790.5	790.5	790.5	790.5	790.5	790.5	790.5	790.5	790.5	790.5	790.5	790.5	790.5	790.5	790.5	790.5	790.5	790.5	790.5	790.5	790.5	790.5	790.5	790.5	790.5	790.5	790.5	790.5	790.5	790.5	790.5	790.5	790.5	782.1	758.1	743.5	748.7	738.6	731.5	720.7	690	674.7	651.7	623.9	600.7	573.5	543.2	500.4	461.4	457.9	459.9	471.1	496.3	483.5	419.9	392.6	381.5	369.9	380.5	390.9	387.9	371.1	361.7	355.9	355	351.3	349.5	348.4	353.4	357	355.5	357.6	364.1	374.1	371.1	365.2	357.6	349.6	336.3	332.2	338.5	347.7	362.2	372.8	392.8	408.6	419.3	423.4	410.1	387.4	364.2	357.4	363.9	369.6	374.1	375.1	377.7	378.5	374.6	375.9	382.3	385.1	381.5	379.1	371.9	365	367.5	373.8	375.5	377.7	382	380.2	381	371.5	358.3	360	354.7	350.7	355	353.5	357.1	374.7	386.1	380	380.3	385.3	398.7	409.2	432.3	471.3	505.6	509.7	510.6	510.1	512.5	519.2	519.4	530.5	547.3	568.5	588.4	584.1	586.8	595.4	611.4	633.8	665.3	685	700	748.5	790.5	790.5	790.5	790.5	790.5	790.5	790.5	790.5	790.5	790.5	790.5	790.5	790.5	790.5	790.5	790.5	790.5	790.5	790.5	790.5	790.5	790.5	790.5	790.5	788.4	787.5	790.5	790.5	790.5	790.5	790.5	790.5	790.5	790.5	790.5
790.5	790.5	790.5	790.5	790.5	790.5	790.5	790.5	790.5	790.5	790.5	790.5	790.5	790.5	790.5	790.5	790.5	790.5	790.5	790.5	790.5	790.5	790.5	790.5	790.5	790.5	790.5	790.5	790.5	790.5	790.5	790.5	790.5	790.5	790.5	790.5	790.5	790.5	790.5	790.5	790.5	790.5	790.5	762.7	732.6	732.6	739	733.6	732.5	710.9	677.3	657.7	629	597.4	572.1	547.8	522.4	459.6	407.4	437	440.4	430.1	460.9	450.4	403	393.3	382.4	368.3	380.3	391.3	379.4	363.3	355.1	352.3	351.6	350.3	345.4	347.7	353.9	360	358.4	353.3	357.8	366.5	375.1	379.4	371.2	359.2	348	337.5	332	329.9	340	348.9	358	377.6	403.6	421.9	431.1	418.1	396.4	382.4	372.1	366.2	372.7	376	374	369.1	363.1	361.1	366.1	374.4	374.2	372.3	367.9	361.1	361.1	362.8	364.6	360.5	362.4	364	363.3	360.1	347.7	352.9	356.6	358.8	358.2	351.9	352.9	364.4	376.1	383.1	393.3	391.6	399.3	408.4	414.6	436.9	470.3	498.6	507.4	512	513.5	519.1	523.1	526.9	539	547.2	574.6	588.6	585.6	586.2	597.1	615.5	641.1	677.6	683.5	690.5	720.5	771.5	790.5	790.5	790.5	790.5	790.5	790.5	790.5	790.5	790.5	790.5	790.5	790.5	790.5	790.5	790.5	790.5	790.5	790.5	790.5	790.5	790.5	790.5	790.5	789.3	790.5	790.5	790.5	790.5	790.5	790.5	790.5	790.5	790.5
790.5	790.5	790.5	790.5	790.5	790.5	790.5	790.5	790.5	790.5	790.5	790.5	790.5	790.5	790.5	790.5	790.5	790.5	790.5	790.5	790.5	790.5	790.5	790.5	790.5	790.5	790.5	790.5	790.5	790.5	790.5	790.5	790.5	790.5	790.5	790.5	790.5	790.5	790.5	790.5	790.5	790.5	763.5	750.1	759.5	750.3	744	726.7	713.8	680.4	654	634.7	608.9	578.7	557.9	514.4	437.2	400	415	428.8	400.1	418.9	396.5	381.5	383.2	376.3	377.7	379.1	381.6	368.7	356.2	354.2	351.5	346.7	346.5	345.8	349.6	349.4	348.1	349.5	353.2	349.8	347.4	350.5	353.1	359.5	373.4	390.3	399.4	389.9	369.3	348.6	332.6	321.1	316.7	322.2	332.6	356.5	392.4	420.1	436.9	434.1	417	394.6	389.1	388.3	382.9	376.5	377.8	376.1	368.9	361.9	366.4	366.4	361.5	364.3	368.2	365.9	363.4	355.6	352.2	351.3	345.2	350.8	351.4	346.6	353.8	361.3	356	357.3	366.7	372	367.3	361.9	373.7	386.2	387.8	392.9	402.1	409.2	426.2	450.1	469	477.6	487.2	509.8	519.8	523.3	531.6	541.8	566.1	587.8	585.8	586.4	591.8	595.1	595.6	607	642.3	685.5	696.9	737.4	790.5	790.5	790.5	790.5	790.5	790.5	790.5	790.5	790.5	790.5	790.5	790.5	790.5	790.5	790.5	790.5	790.5	789.9	786.9	788.7	790.5	790.5	790.5	790.5	790.5	790.5	790.5	790.5	790.5	790.5	790.5	790.5	790.5
790.5	790.5	790.5	790.5	790.5	790.5	790.5	790.5	790.5	790.5	790.5	790.5	790.5	790.5	790.5	790.5	790.5	790.5	790.5	790.5	790.5	790.5	790.5	790.5	790.5	790.5	790.5	790.5	790.5	790.5	790.5	790.5	790.5	790.5	790.5	790.5	790.5	790.5	790.5	790.5	788	777	738.3	737.1	740.8	735.6	723.9	704.4	689.4	659.6	631.2	602.6	568.9	549.4	536.8	486.8	417.4	390.5	412.2	419.6	383.3	402	388.3	375.2	377.2	371.4	375.9	374.4	368.3	356.9	350.7	353.2	347	340.8	341.3	345.2	347	344	342.5	338.5	341.4	348.3	346.6	346	345	348.3	354	369.2	386.8	397.7	394.2	376.8	362.6	343.5	318.5	311.9	313.2	319.3	338.9	370.1	407.4	430.5	431.7	417.2	399.7	395.8	392.1	384.6	380.3	380.6	379.5	372.8	370.1	365.5	359.3	362.4	370	366.8	359.3	353.5	354	350.5	342.2	346.9	350.4	341.5	351.7	355.1	347.4	355.5	366.9	365.6	368.3	368.9	373.1	376.9	373.6	378.8	380.2	391	408.1	428.4	456.2	481.7	491.1	506.7	520.1	525.5	535.4	529.6	542.3	567	586.8	586.5	586.1	589.5	592.8	596.8	627.4	674	684.5	694.5	732.5	782	790.5	790.5	790.5	790.5	790.5	790.5	790.5	790.5	790.5	790.5	790.5	790.5	790.5	790.5	790.5	787.2	780.9	788.7	790.5	790.5	790.5	790.5	790.5	790.5	790.5	790.5	790.5	790.5	790.5	790.5	790.5
790.5	790.5	790.5	790.5	790.5	790.5	790.5	790.5	790.5	790.5	790.5	790.5	790.5	790.5	790.5	790.5	790.5	790.5	790.5	790.5	790.5	790.5	790.5	790.5	790.5	790.5	790.5	790.5	790.5	790.5	790.5	790.5	790.5	790.5	790.5	790.5	790.5	790.5	790.5	790.5	782	762.1	739.8	753	733.1	710.7	694.2	689.1	680.5	643.4	608.9	590.6	542.4	472.5	433.3	393.1	369.6	373.1	411.9	393.7	385.1	369.1	372.7	377.9	365.9	365.1	363.4	356.8	350.4	346.1	344.4	341.2	335.3	334.8	339.4	336.5	333.2	331.5	329.9	322.3	320.4	320.3	321.3	321	326.2	331.3	334.8	342	339.7	360.9	376.3	397.8	413.2	402.8	383.5	357	330.9	313.8	308.7	314.4	326.7	359.4	391.9	413.9	422.7	427.1	415.4	398.5	390.8	391.6	389.4	393	392.9	391.5	388.1	384.6	383.8	382.5	376.6	361.4	359.6	357	349.9	361.7	365.4	362.7	361.9	358.4	352.1	353.4	348.2	349.9	360.2	366.9	377.5	381	377.4	374.4	373.6	371.1	371	373.9	395.4	437.4	482.6	520.6	520.2	527.7	536.3	527.1	545	564.9	585	588.8	585	586.7	591.6	594.7	598.2	614.8	658.3	689.5	712	763.5	790.5	790.5	790.5	790.5	788.7	790.5	790.5	790.5	790.5	790.5	790.5	790.5	790.5	790.5	790.5	789.9	784.5	790.5	790.5	790.5	790.5	790.5	790.5	790.5	790.5	790.5	790.5	790.5	790.5	790.5	789.6
790.5	790.5	790.5	790.5	790.5	790.5	790.5	790.5	790.5	790.5	790.5	790.5	790.5	790.5	790.5	790.5	790.5	790.5	790.5	790.5	790.5	790.5	790.5	790.5	790.5	790.5	790.5	790.5	790.5	790.5	790.5	790.5	790.5	790.5	790.5	790.5	790.5	790.5	788.5	778.5	770.5	754.7	738.3	746.5	723.1	694.3	676.6	663.4	648.8	595.1	558.8	546.6	483.2	461.7	433.1	377.7	365.4	362	399.4	394.3	375.6	364.7	372.6	378.2	364.3	357.9	354.9	351.5	346.3	342	335.2	334	334.5	333.8	335.7	333	327.6	326.2	325	318.4	304.9	278.2	262.6	251.8	239.7	236.9	223.1	202.8	219.5	242	254.6	268.8	283.4	285.3	268.4	252.4	233	203.7	168.8	149.9	146.9	160.9	187.8	245.1	289	325.5	350.9	360.2	367.3	368.2	362.1	353.9	386.6	397.7	400.8	397.3	397.2	397.4	395.2	382.1	376.3	375.1	361.9	362.8	369.7	367.2	366.1	362.1	360.8	361.2	355.1	353.6	359.8	360.5	367.6	376.3	381.3	382.9	376.7	371.5	373.5	373.8	377.5	396	435.9	483.8	517.4	528.8	522.9	521.8	534.7	557.9	578.9	578.6	579.6	584.1	587.6	594.2	596.5	604.7	639	680.7	688.5	704.5	751.5	790.5	790.5	790.5	788.4	789.3	790.5	790.5	790.5	790.5	790.5	790.5	790.5	790.5	787.8	787.5	790.5	790.5	790.5	790.5	790.5	790.5	790.5	790.5	790.5	790.5	790.5	790.5	790.5	790.5	790.5
790.5	790.5	790.5	790.5	790.5	790.5	790.5	790.5	790.5	790.5	790.5	790.5	790.5	790.5	790.5	790.5	790.5	790.5	790.5	790.5	790.5	790.5	790.5	790.5	790.5	790.5	790.5	790.5	790.5	790.5	790.5	790.5	790.5	790.5	790.5	790.5	790.5	790.5	782	770.5	763	756.5	750.5	717	690.7	646.9	618	605	573.8	562.1	520.8	443.8	410.7	407	362.9	350.3	356.6	370.4	396.4	381.9	366.5	375.4	374	365.2	362.4	349.8	337.8	337.6	331.7	327.9	330.9	326.7	326.8	325.3	321.1	315.7	306.9	301.4	299.5	282.9	223.3	195.8	190.3	186.4	161.8	136.3	121.5	128.7	134.5	140.8	147.2	151.3	161.7	177.8	183.2	190	198.1	193.5	174.4	154.5	135.9	118.2	108.9	121.3	146.3	194.1	238.3	284.3	314	329	334.9	347.4	375.5	401.1	393.5	385.5	386.1	394.7	399.9	401.8	407.5	407.2	399	391.2	384.7	381.4	383.8	391.4	384.9	381.9	383.7	386	387	378.8	380.5	379.6	381.4	389.1	394.6	395.7	394.7	388.7	384	386.1	403.8	420.7	456.3	485.5	487.1	494.7	521.3	557.8	579	575.8	581.7	586.9	588.4	594.6	596.3	596.6	600.8	624.6	662.6	692.5	726	781	790.5	790.5	790.5	788.7	789	790.5	790.5	790.5	790.5	790.5	788.7	786.3	788.7	790.5	790.5	790.5	790.5	790.5	786.6	790.5	790.5	790.5	790.5	790.5	790.5	790.5	790.5	790.5	790.5
790.5	790.5	790.5	790.5	790.5	790.5	790.5	790.5	790.5	790.5	790.5	790.5	790.5	790.5	790.5	790.5	790.5	790.5	790.5	790.5	790.5	790.5	790.5	790.5	790.5	790.5	790.5	790.5	790.5	790.5	790.5	790.5	787.8	790.5	790.5	790.5	788	776.5	760	750.5	748.5	747.5	736.1	694.3	657.2	608.6	562.7	564.5	542.6	513.2	481.9	426	401.9	368.8	342.3	338.6	350.9	368.4	394.3	381.6	366.6	374.6	375	362	359.5	348.7	332.3	329.2	323.6	326.3	328.2	322	322	320.3	310.3	280.1	212.8	156.2	130.8	116.2	95.1	74.4	69.9	65.8	67	65.3	63.9	70.7	73.1	76.8	87.2	98.2	114.4	133.3	155.3	169.5	170.8	175.6	176.9	168	153.4	125.5	99.6	92.3	90.6	91.3	105.2	124.9	149.4	175.7	206.5	234.8	253.6	318.4	354.5	357.7	364.9	375	379.9	387.4	406.5	406.2	399.1	395.4	395.7	391.6	391.6	402.2	400.8	398.2	394.5	391.4	391	385	382.8	379.9	377.9	381.4	387.1	385.9	385.2	379.8	378.6	385	398	415.7	435.9	464.1	463.1	462.1	491.6	523.8	571.6	583.2	585.3	586.4	586	588.5	594.1	595.9	598.1	603.3	628.5	671.2	686	707.5	752.5	790.5	790.5	790.5	789.6	790.5	788.7	787.8	789.9	789.6	787.2	789.9	790.5	790.5	790.5	790.5	790.5	790.5	787.5	783.3	780.9	780.9	780.9	789	790.5	790.5	790.5	790.5	790.5
790.5	790.5	790.5	790.5	790.5	790.5	790.5	790.5	790.5	790.5	790.5	790.5	790.5	790.5	790.5	790.5	790.5	790.5	790.5	790.5	790.5	790.5	790.5	790.5	790.5	790.5	790.5	790.5	790.5	790.5	790.5	790.5	790.5	790.5	790.5	790.5	784.5	771.5	756.5	745.5	744	724.4	629	548.7	539.2	538.9	486.3	454.6	432.4	403	385.6	381.6	369.5	357.3	348.9	345.9	348.1	368.3	381	363.4	366.4	369.7	362.1	356.5	342.5	327.3	323.1	316.9	312.7	317	316.2	312.1	310.4	285.3	245.3	234	201.5	141.5	104.6	97.9	90.8	74	67.5	64.9	61.4	58.7	55.7	57.3	54.7	54.3	59.8	68.9	70.7	79.7	100.5	118	135.3	150.7	164.1	175.6	183.6	177.2	165.8	146.7	123.1	103.8	95.4	94.6	97.9	101.2	113.9	139.3	166.8	205.4	247.4	285.8	333.6	352.6	356.7	370.2	393.8	398.5	402.4	401.8	397.3	397.1	405.5	405.2	397.2	390.4	380.3	371	368.2	370.2	371.4	368.4	362.9	362.1	359.6	357.7	352.2	344.8	350.9	358.5	367.2	377.1	388.1	411.2	413.8	405.9	409.5	433.3	475	512.8	581.5	585.3	584.8	586.5	591.5	593.8	592.9	592.1	595.6	611.1	642.7	668.9	701.4	758	785.7	790.5	790.5	790.5	789	785.1	790.5	790.5	790.5	790.5	790.5	790.5	790.5	790.5	790.5	790.5	790.5	786.6	777.9	777.9	782.7	790.5	790.5	790.5	790.5	790.5	790.5
790.5	790.5	790.5	790.5	790.5	790.5	790.5	790.5	790.5	790.5	790.5	790.5	790.5	790.5	790.5	790.5	790.5	790.5	790.5	790.5	790.5	790.5	790.5	790.5	790.5	790.5	790.5	790.5	790.5	790.5	790.5	790.5	790.5	790.5	790.5	790.5	776.5	759.5	745.5	732.4	728	692.9	572.1	505.7	523.3	490.1	448.5	425.4	392.6	368	368.1	375.1	370.6	362.3	355.1	349.2	349.4	365.9	376.7	364.4	366.6	369	359	353.8	336.8	323.9	321.4	316.8	313.9	302.7	239.8	203.7	178.9	138.7	110.8	100.7	92.5	81.3	73.6	74.2	75.2	70.7	61	56.5	59	59.9	54.5	50.7	51	51.2	54	61.7	66.3	58.2	63.4	82.1	102.7	125.7	141.9	160.6	170.2	168.8	177.7	177.9	156.8	135.4	118.5	100.8	95.5	94.3	99.6	110.3	130.1	149.8	167.5	178.8	201.5	248.9	267.7	291.1	338.7	376.6	391.9	388.3	390.8	397.9	402.9	392.6	385	377.7	363.6	353.4	348.4	347.5	351.9	343	351.4	355.9	357	349.2	343.8	339.5	340	344.1	354.3	362.6	366.9	378.9	389	386.9	392.8	399.3	430.5	472.5	537.3	585.4	588.9	587.8	586.5	592.5	594	592.8	593.2	600.4	621	635.6	654.4	692	761.3	790.5	790.5	790.5	790.5	790.5	790.5	790.5	790.5	790.5	790.5	790.5	790.5	790.5	790.5	790.5	790.5	790.5	790.5	790.5	790.5	790.5	790.5	790.5	790.5	790.5	790.5
790.5	790.5	790.5	790.5	790.5	790.5	790.5	790.5	790.5	790.5	790.5	790.5	790.5	790.5	790.5	790.5	790.5	790.5	790.5	790.5	790.5	790.5	790.5	790.5	790.5	790.5	790.5	790.5	790.5	790.5	790.5	790.5	790.5	790.5	790.5	784.5	771.5	755.5	737.7	704.9	674.9	551.8	513.9	612.7	561.5	428.6	450.4	420.2	354.2	351.5	361.1	368.7	372.6	373.6	376.6	376.1	378	379.8	366.1	358.1	363.7	364.1	353.5	338.8	325.7	319	315	299.8	272.1	228.2	182.7	150.5	125.4	101.7	97.9	93.5	84.7	82	78.5	73	70.6	72.5	64.4	63.5	61.3	61	61.2	56.7	52.3	51.7	53.8	58	64.4	63.8	55	56.4	58.1	61.1	72.8	84.6	95.5	105.4	121.4	142.5	164.7	169.4	161.8	151.7	142.9	138.1	130.1	121.9	123.3	129.8	146.3	161.6	172.2	196.6	216.9	244.4	282.1	339.7	367.2	364.7	373.7	383.9	382.2	381.8	380.1	363.4	347.2	333.8	321	313.1	309.8	307.3	311.1	318.9	323	324.1	319.8	320	322.8	323.7	326.1	329.6	331.7	334.8	337.9	335.9	338.1	344.3	365.2	406.6	440.4	476.5	549.9	587.1	585.2	592.8	594.7	590.3	587.9	591.7	600.3	609.1	629.3	659	713	776.9	790.5	790.5	790.5	790.5	790.5	790.5	790.5	790.5	790.5	790.5	790.5	790.5	790.5	790.5	790.5	790.5	790.5	790.5	790.5	790.5	790.5	790.5	790.5	790.5	788.7
790.5	790.5	790.5	790.5	790.5	790.5	790.5	790.5	790.5	790.5	790.5	790.5	790.5	790.5	790.5	790.5	790.5	790.5	790.5	790.5	790.5	790.5	790.5	790.5	790.5	790.5	790.5	790.5	790.5	790.5	790.5	790.5	785	780.5	774.5	765.5	756	748.5	729	696.2	564.5	540.8	586.9	525.3	426.7	401.2	429	391.3	359	355.1	364.3	366.3	374.3	377.8	379.1	387.5	389.7	377.9	356.3	353.4	362.2	362.6	347.5	330.3	306.4	277.2	245.5	185.9	138.4	109.8	101.2	94.3	87.3	82.8	86.6	81.2	80.3	82.6	76.2	72	74.7	69.7	69.1	68.2	63	69	64.2	57	55.3	58.3	62	60.2	64.6	67.2	60.3	55.6	52.7	55.5	54	60.8	70.9	85.2	101.7	124.5	140.9	152.9	160.4	158.1	159.9	148.7	132.8	124.1	122.6	128.8	140.4	154.5	160.2	152.4	167.6	194.1	217.6	264.1	313.1	335.1	378.2	381	376.8	375.7	370.4	356.3	342.3	328.1	318.5	312.2	310.4	307.8	307.9	312.6	313.8	312.3	312.7	315.8	314.7	315.7	317.1	317.5	317.6	323.8	324.7	322.5	322.3	331.2	343.7	353.2	375.2	423.1	513	546.1	560	583.6	591.9	593.5	592.3	589.1	593.3	602.3	614.8	629.5	657.8	719.6	785.7	790.5	790.5	790.5	790.5	790.5	790.5	790.5	790.5	790.5	790.5	790.5	788.7	789.6	789.9	790.5	790.5	790.5	790.5	790.5	790.5	790.5	790.5	790.5	790.5
790.5	790.5	790.5	790.5	790.5	790.5	790.5	790.5	790.5	790.5	790.5	790.5	790.5	790.5	790.5	790.5	790.5	790.5	790.5	790.5	790.5	790.5	790.5	790.5	790.5	790.5	790.5	790.5	790.5	790.5	790.5	790.5	781.5	775	769.5	759	749	740.7	668.8	538.5	508.1	529.6	463.3	405.7	383.2	371.5	359.7	352.1	349.1	349.2	355.9	364.5	370.9	378	384.1	391.7	395.4	364.8	347.7	346.1	353.6	349.7	331.5	292.6	257	230.9	193.3	138.2	106.3	97.6	91.6	83.1	76.9	78.1	78.7	76.6	78.2	84.3	78.9	70.8	75.8	75.5	72.3	72.6	65.6	62.6	65.2	63.7	61.8	61.9	62	61.9	64.4	63.3	63.1	59.3	60.1	61.8	61.6	62.3	65.8	73.8	75.8	82.4	90.4	98.4	112.8	128	141.9	142.9	134.6	130.1	129.2	130.9	137.8	149.8	153.3	156.7	159	172.3	204.1	223.6	267.6	311.1	362.7	364.7	362.8	360.4	362.8	358.6	350.1	344.2	347	340.2	323.9	308.9	303.7	302.8	303.4	300.8	301.5	300.9	301.1	302.8	302.9	308.1	310.4	316	319.9	324	326.6	327.3	326.2	330.3	347.5	372.5	402.2	464.8	527.3	565	589.9	590.6	591.8	591.2	592.7	608.5	617.5	621.3	639.8	715	780	790.5	790.5	790.5	790.5	790.5	790.5	790.5	790.5	790.5	790.5	790.5	790.5	790.5	789.9	787.5	790.5	790.5	790.5	790.5	790.5	790.5	790.5	790.5	790.5
790.5	790.5	790.5	790.5	790.5	790.5	790.5	790.5	790.5	790.5	790.5	790.5	790.5	790.5	790.5	790.5	790.5	790.5	790.5	790.5	790.5	790.5	790.5	790.5	790.5	790.5	790.5	790.5	790.5	790.5	790.5	790.5	774	763.5	755.5	743	734	725.9	618.3	507.3	486.9	473.5	437	400.5	374	365.3	369.5	360.5	355.2	358.5	349.9	356.1	361.7	363.4	376.2	381.9	385.3	361.1	328.5	333.7	344.9	299.5	207.6	137.6	114.8	103.6	95.5	96.3	92.5	86.5	84.1	76.8	71.2	71.6	72.3	74.4	74.3	81.6	85.6	76.2	68.9	74.9	69.4	69.7	70.9	67.8	65.3	65.4	63.9	60.7	61.8	63.5	66.4	63.5	58.3	58.8	61	64.2	62.5	65.9	61.7	66.9	69.6	72.9	79.3	85.8	97	114.9	126.9	133	132.3	127.9	129.3	127.8	126	129.9	137.8	139	141.5	148.7	165.2	188.4	207.9	246.7	292.2	336.4	358.1	358	354.3	349.9	343.5	339.8	345.8	346	338.4	326.9	315.8	309.9	308	307	305.3	300	300.4	303.2	305.9	312.1	314.1	314.1	318.9	322.5	322	324.8	319.3	318.5	334.6	362.3	390	421.1	479.8	532	544.6	564.8	581.1	586.3	588.1	600.3	621.5	629.8	635.1	677.2	720	770	790.5	790.5	790.5	790.5	790.5	790.5	790.5	790.5	790.5	790.5	790.5	790.5	790.5	790.5	790.5	790.5	790.5	790.5	790.5	790.5	790.5	790.5	790.5
790.5	790.5	790.5	790.5	790.5	790.5	790.5	790.5	790.5	790.5	790.5	790.5	790.5	790.5	790.5	790.5	790.5	790.5	790.5	790.5	790.5	790.5	790.5	790.5	790.5	790.5	790.5	790.5	790.5	790.5	790.5	790.5	768	756	748.5	704.5	675	584.6	504.2	496.8	484.6	467.5	439.4	414.1	394.9	381.7	385.3	384.9	383.8	385.4	376.6	368.3	356.5	346.1	349.3	359.3	359.3	353.1	325.7	321.2	306.1	235.6	157.3	113.9	100.4	93.5	92.1	92.5	94.3	89.1	74.2	70	70.7	70.7	71.4	71.1	68.3	72.1	81.4	75.2	68.1	75.4	71.2	66.2	69.9	77	70.7	66.6	63.2	66.2	70	68.7	64.8	64.1	55.9	56.3	53.8	58.2	62.1	54.9	48.6	55.8	59.4	59.6	61.5	63.3	70	75.1	88.5	113.1	128.7	131.2	125.3	115.3	114.9	117.8	115	108.3	112.6	116.3	135.6	173.5	213.9	235.8	262	303.5	336.8	341.1	334.9	328.7	323.1	319.9	322.3	327.5	334.7	339.9	335.6	329	320.8	318.5	316	314.4	314.4	314.7	317.5	315.8	310.1	308.6	309	309.1	306.8	308.4	302.2	308.4	328.5	347.5	365.3	387.9	417	476	531.7	541.7	564.7	580.4	589.1	593.6	604.7	624.9	629.6	634.3	681.5	746.5	790.5	790.5	790.5	790.5	790.5	790.5	790.5	790.5	790.5	790.5	790.5	790.5	790.5	790.5	790.5	790.5	790.5	790.5	790.5	790.5	790.5	790.5	790.5
790.5	790.5	790.5	790.5	790.5	790.5	790.5	790.5	790.5	790.5	790.5	790.5	790.5	790.5	790.5	790.5	790.5	790.5	790.5	790.5	790.5	790.5	790.5	790.5	790.5	790.5	790.5	790.5	790.5	790.5	788.5	775.5	757.5	746	713.5	672.5	630.5	564.7	508.1	496.6	479.4	454.2	423.4	412.9	414.8	397.2	390.3	393.9	390.4	389.5	390.9	380.7	365.1	357.9	347	342.9	331.9	301.1	259	208.7	169.3	131.8	107.3	97.5	90.4	91.6	88.8	83.1	83.8	83	75.4	66.2	67.1	66.9	64.8	71.5	66.2	67	79.4	82.5	71.2	75.8	76.5	71.4	64.7	66.3	72.5	68.1	64.5	68.3	75	73.7	68.6	65	51.4	54.3	56.4	55	60.5	55.1	51.1	55.3	59.9	60.2	62.3	65.2	71.7	70.5	72.5	90.6	114	128.8	127	125.9	123	118.5	118.7	121.2	120	121.1	133.3	142.4	166.1	186.8	209.7	257	325.3	341.2	322.4	328.6	325.8	325	321	317.1	317.6	325.1	328.3	327.7	323.2	316.4	312.4	310.4	308.8	309	311.6	310.5	306.1	304.1	304.4	308.3	306	303.9	304.6	308.9	318.4	329.4	338.9	363.9	382.9	432.5	497.4	527.9	535.5	561.8	582.3	591.8	594.7	606.2	616.9	620.3	654.9	705.5	752	790.5	790.5	790.5	790.5	790.5	790.5	790.5	790.5	790.5	790.5	790.5	790.5	790.5	790.5	790.5	790.5	790.5	790.5	790.5	790.5	790.5	790.5
790.5	790.5	790.5	790.5	790.5	790.5	790.5	790.5	790.5	790.5	790.5	790.5	790.5	790.5	790.5	790.5	790.5	790.5	790.5	790.5	790.5	790.5	790.5	790.5	790.5	790.5	790.5	790.5	790.5	787.5	780.5	769.5	744	669	622.5	623	603.5	565.8	515.5	497.7	492.3	473.8	452.1	440.5	431.7	418.5	412.6	417	415.7	413.2	408.9	399.3	392.8	389	369.1	331.5	296	243.7	203.4	164.4	133	112.2	97.1	87.8	87.5	89.4	83	78.4	79.5	76.1	74.4	70.7	72.4	66.9	65.9	74.5	66.5	69.1	83	88.2	78.2	75.8	80.8	76.6	65.4	60	74.6	80.2	76.3	81.7	83.6	79.4	73.2	65.3	56.2	62.5	66.8	73.7	66.5	60.5	65	66.2	64.9	67.9	77.8	89.3	94.5	98.3	99.8	96.7	104.7	114.9	125.5	133	130.6	120.2	121.1	121.9	127	127.6	132.8	138.2	161	192.1	219.9	266.9	345.5	366.3	334.1	350.3	346.5	342.7	335.5	327.8	325.6	322.1	314.1	311.8	310.2	307.3	308	307.4	303.4	301.5	300.8	300.5	299.7	298.5	297.6	303	306.8	306.9	307.8	308.6	313.9	323.6	336.9	350.1	362	372.6	403.5	484.6	531.2	552.2	575.5	587.9	589.1	588.6	592.7	603.7	625.8	660.3	710.1	786	790.5	790.5	790.5	790.5	790.5	790.5	790.5	790.5	790.5	790.5	790.5	790.5	790.5	790.5	790.5	790.5	790.5	790.5	790.5	790.5	790.5
790.5	790.5	790.5	790.5	790.5	790.5	790.5	790.5	790.5	790.5	790.5	790.5	790.5	790.5	790.5	790.5	790.5	790.5	790.5	790.5	790.5	790.5	790.5	790.5	790.5	790.5	785.5	781.5	766.5	766.5	764.5	755.5	715	641.5	616	619	594.1	528.6	485.4	452	438.9	432	440.4	440.7	426.5	418.5	408.7	410.1	415	411	404.8	403.3	393.6	381.3	335.3	242.4	185.3	149.1	123.9	127.4	114.6	103	97.9	86.4	79.9	81.3	79	75.1	71.2	73.4	75.5	76.5	76.6	68.3	65.5	75.2	74	68.7	79.4	88.6	83.8	70.2	79.8	82	70.4	58.8	67	82.4	84.2	86.1	89.8	83.6	77.7	73.6	63.8	70.3	79.3	86.6	82.4	71	70.7	69.3	72.6	79.6	88.2	99.9	107.8	112.6	114.1	109.8	111.2	119.4	124.2	127.9	131.7	126.7	123.5	121.4	120.8	124.3	123.2	122.1	132.3	147	173.6	221.6	289.3	343.5	355.1	370.6	357	322.2	298.5	291.4	287.3	287.2	281.4	268	241.3	226.4	259.7	291.1	300	302.1	300.5	299.6	299.9	298.5	299	299.1	301.1	303.7	305.2	306.6	309.5	319.2	331.3	342.4	350.9	360.8	383	439.4	530	543.9	564.9	579.8	588	589.3	590.7	598.5	615.4	638.5	680.9	739	790.5	790.5	790.5	790.5	790.5	790.5	790.5	790.5	790.5	790.5	790.5	790.5	790.5	790.5	790.5	789	789.9	790.5	790.5	790.5	790.5
790.5	790.5	790.5	790.5	790.5	790.5	790.5	790.5	790.5	790.5	790.5	790.5	790.5	790.5	790.5	790.5	790.5	790.5	790.5	790.5	790.5	790.5	778.5	757.5	750.5	744.5	741.5	728.5	706	697.5	683.5	650	620	616.5	614	601	557.9	508.5	479.4	441.4	420.4	411.9	417.7	416.8	413.1	409.1	402.6	394.3	392.3	395.3	395.9	392.6	392.8	373.4	284.9	205.3	168.7	132.6	128.2	123.7	107.8	103.6	92.4	85.2	89.4	84.8	84	79.9	76.9	75.4	73.9	75.5	72.9	65.9	69	81.1	73.5	71.6	81.5	88	90.1	75.2	81	86.3	76.5	68	73.7	83.1	92.3	98.1	101	97.8	94.8	81.5	69.6	69.7	77.7	89	80.2	72.9	75.7	78.9	90.6	104.9	110.6	116.2	117	118.6	115.2	115.7	115.3	114.1	117.3	126	133	138.2	143.3	146.8	137.3	128.7	121.5	116.3	117.1	126	145.4	178.3	246.6	322.7	342.4	362.1	345.7	311.1	290.1	284.5	252.8	244.7	240.1	209.5	207.8	214.5	240.7	259.5	271.2	291.4	291.2	293.9	292.4	289.6	290.8	293.7	297.3	301.9	303	306.2	312.5	317	322	333.6	343.5	346.9	371.8	405	474	544.1	557.9	569.3	581.2	587.9	589.5	593.9	600.8	610.2	645.4	721.1	779	790.5	790.5	790.5	790.5	790.5	790.5	790.5	790.5	790.5	790.5	790.5	790.5	790.5	789.3	786.9	790.5	790.5	790.5	787.5	790.5
790.5	790.5	790.5	790.5	790.5	790.5	790.5	790.5	790.5	790.5	790.5	790.5	790.5	790.5	790.5	790.5	790.5	790.5	790.5	790.5	790.5	780.5	763.5	790.5	778.5	750.5	730.5	719.5	709	690.5	662.5	633	616	606.5	602	599	548.2	498.9	473.8	449.3	429.7	424.1	412.7	408.9	405.1	401	399.1	401.8	396.1	388.3	387.3	347.4	294.2	231	191.9	158.8	146.2	137.3	129.6	127.1	116.9	103.8	96.6	85.7	87.7	95.5	91.8	89.8	88.1	82	79.6	73.4	76.9	74.9	69.7	75.4	80.4	70.9	72.5	81.6	90.2	92.2	83.5	83	91.2	87.7	79	79.7	88.3	101.4	106.1	106.4	104.4	101	84.4	70.7	71.6	78.9	88.9	83.4	78.7	85	89	96.6	102.7	108.4	105.3	101.8	106.8	109.5	106.8	107.4	110	111.4	121.7	133.2	143.2	152.7	153.2	137.5	120.3	115.9	117.5	122.9	133.1	145.3	198.1	256.8	246.2	245.5	228.7	217.7	210.5	191.8	181.9	170.1	141.8	126.5	129.6	130.4	132.4	161.9	215	259.2	276.8	272.3	260.2	266.9	289.8	294.6	297.1	295.3	301.2	306.8	307.5	310.9	313.6	324.7	336.6	346.4	353.5	361.9	384	452.8	538.3	541.3	557.9	575.4	588	588.4	584.4	593.6	622.4	682.8	719.5	755.5	783.5	790.5	790.5	790.5	790.5	790.5	790.5	790.5	790.5	790.5	790.5	790.5	790.5	790.5	790.5	790.5	790.5	790.5	790.5
790.5	790.5	790.5	790.5	790.5	790.5	790.5	790.5	790.5	790.5	790.5	790.5	790.5	790.5	790.5	790.5	790.5	790.5	790.5	790.5	766.5	734.5	766.5	764.5	741.5	734.5	749.5	747.5	705	648	626.5	623	615.5	595.8	573.6	552.2	512.1	489.2	471.1	452.1	434.2	429.7	429.2	432	433.1	423.5	414.7	416.5	412.6	395.1	359.4	288.1	215.3	160.9	139.2	138.7	142.4	125.9	130.8	122.5	110.3	98.6	95.8	97.1	102.3	96.8	93.9	94.3	81.1	81.1	81.6	78.2	78.7	71.7	71.8	87.5	83	76.3	88.2	97.1	101.1	87.5	85.6	88.1	94.2	89.2	83.3	79.1	87.6	109.3	112.2	105.6	104.8	97	79	67.6	74.4	92.7	89.2	86	82.6	86.2	92.2	95.2	102.5	103.4	99.3	93.9	95.6	97.6	92.4	93.4	98.2	100.7	102.5	111.6	119.5	131.1	148.4	144.7	131.6	120.2	113	111.4	116.3	126.8	173.6	210.9	206	196	177.9	160.6	146.6	135	126.3	113.2	102	96.8	97.4	99.8	111.6	139.7	172	215.4	243.3	268.7	254.7	262	281.1	297.4	297.2	299	303.6	307.9	308.5	309.3	316	321.7	325	336.5	348	357.5	370.5	399.4	454.3	505.9	550.4	575.4	588.3	586.8	583.3	595	610.6	655.6	717.5	764	790.5	790.5	790.5	790.5	790.5	790.5	790.5	790.5	790.5	790.5	790.5	790.5	790.5	790.5	789.3	787.8	790.5	790.5	790.5
790.5	790.5	790.5	790.5	790.5	790.5	790.5	790.5	790.5	790.5	790.5	790.5	790.5	790.5	790.5	790.5	790.5	790.5	790.5	790.5	766.5	764.5	762.5	736.5	733.5	736.5	749.5	725	681	631.5	615	610.5	588.9	570.2	553	533.9	496	481	472	454.1	428	419.1	415.8	425.5	436	433.3	428.4	419.5	386.8	279.1	205.4	181.1	161	138.2	128.3	128	142.1	129.3	130	128	117.3	106.2	95.3	95.6	100.7	101.8	94.6	92.2	84.5	84.1	83.9	79.6	81.8	75.4	67.3	82.8	89.4	81	89.8	102.3	108.3	101.7	92	94.6	103.3	104.9	98.4	89.3	86.1	103.3	119.7	113	111	104.7	89.4	81.5	80.2	95.9	94.4	88.2	92.9	88.1	87.1	92.4	103.6	107.6	106.5	104.2	98.4	101.2	101.2	100.8	99.6	103.4	96.4	98.6	106.2	113.7	129.4	140.2	130.7	122.7	117.4	111.8	113.8	110.6	117.5	120	113.7	107.6	116.6	110.9	98.1	96.9	94.6	90.5	86.8	83.5	84.5	81.6	79.1	81.2	85	91.8	100.3	126.4	176.7	240.3	272	271.6	295.9	298.1	300.3	304.8	309.7	315.7	324.1	320	315.5	323.7	330.5	341	357.7	378.4	405.8	455.4	497.8	555.5	578	586.3	592.5	596.7	604.4	633	686.8	712.5	762.5	790.5	790.5	790.5	790.5	790.5	790.5	790.5	790.5	790.5	782.4	783.6	783.3	782.4	785.7	787.2	789.6	790.5	790.5
790.5	790.5	790.5	790.5	790.5	790.5	790.5	790.5	790.5	790.5	790.5	790.5	790.5	790.5	790.5	790.5	790.5	790.5	757.5	737.5	770.5	783.5	766.5	752.5	736.5	712.5	672.5	628	602.5	597	599	569.4	540.8	512	507.2	499.3	489.8	479.8	460.3	444.4	430.4	416.5	405.5	408.9	425.9	440	427.8	406.5	315.9	218.7	177.3	168.7	153.1	139.4	130.2	127.9	142.1	143.8	141.1	129	125.1	107.6	93.2	93.7	99.4	103	101.2	93.4	91.3	94.4	91.7	86.1	84.8	80.2	72.7	86.1	98	96.8	98.3	109.1	116.5	116.4	104.6	99.9	104.7	109.6	109.2	94.2	93.8	115.3	127.3	122	121.7	115.3	98.5	91.3	89.1	101.4	96.4	92.1	97	91.1	89.2	91.3	92.7	95.3	102.1	104.4	101.5	104.8	109.1	105.3	107.4	110.9	108.7	100.4	99.9	97.3	106.8	119	119.4	125	122.3	114.1	107.5	104	111	112.5	110.4	102.1	99.7	97.7	90.9	90.2	95	93.1	93.8	91.8	89.8	86.3	82.1	79.3	80.8	82.8	86.1	96.8	129.2	190.9	229	250.3	285.8	303.4	306	313	323.9	328.3	322.9	316	313.5	319.4	320.7	326.9	337.4	349.5	360.9	374.8	395.7	459	536.5	587.1	592.7	595.9	603.7	613	651.6	703	748.5	790.5	790.5	790.5	790.5	790.5	787.2	789.6	790.5	790.5	785.7	785.1	787.2	787.5	790.5	790.5	789.3	789	790.5
790.5	790.5	790.5	790.5	790.5	790.5	790.5	790.5	790.5	790.5	790.5	790.5	790.5	790.5	790.5	790.5	790.5	790.5	748.5	736.5	759.5	778.5	771.5	748.5	712.5	682.5	652	613	593.5	588.5	587.5	566.1	528.3	499.4	496.3	487	472.3	460.1	450.8	442.2	433.6	416.3	404.9	398.9	416	427.7	360.1	259.6	196.5	173.4	163.3	152.2	142.8	137	132.6	129.8	137.3	146.9	145.1	132.2	122.2	111.9	99.8	98.1	99.7	102.2	101.5	99	97.1	99	94	87.4	84.4	85.3	81.2	91.1	106.4	104.2	105.1	109.6	123.7	130.5	118.8	108.4	107.4	108	110	104	95.8	114.3	139.4	131.1	129.4	126.5	106.5	92.1	93.8	99.3	99.1	92.5	91.3	96.1	100.9	94.6	91.7	97.2	96.3	99.4	103.8	107.8	105.5	101.2	101.9	108.8	111.7	107.8	105.4	103.4	107.3	113.4	123.8	132.5	135.2	124.5	111.1	104.9	107.2	107.9	109.9	105.1	99.2	96.1	93.5	90.1	88.2	89.9	89.9	88.3	86.5	86	83.9	79	78.5	81.6	80.9	82.2	93.7	102.8	108.2	127.9	172.1	225.4	282.3	304.6	318.3	324.3	323.1	320.7	319.2	315.8	319.2	326.5	333.8	341.1	358.1	363.6	377.6	416.1	478.1	573.9	589.8	595.5	604	611.5	635.6	688.7	714.5	765.5	789.6	790.5	790.5	785.4	784.5	790.5	790.5	790.5	790.5	790.5	790.5	790.5	790.5	790.5	790.5	790.5	790.5
790.5	790.5	790.5	790.5	790.5	790.5	790.5	790.5	790.5	790.5	790.5	790.5	790.5	790.5	790.5	790.5	790.5	769.5	731.5	712.5	721.5	716.5	688.5	676.5	666.5	646	630.5	612	594	590	588.5	568.6	514.5	494.8	487.7	476.3	459	451.3	439.4	437.5	424.9	409	401	405.7	415.7	375.5	279.8	209.6	188.3	171	154.7	140.1	131.9	126.7	130.8	133.8	141.5	163	148.3	125.1	121.4	112.8	103.1	108.1	111	106.8	110.9	106.8	108.7	108.1	96	93.3	92.3	89.1	94.7	97	104.2	118	119.1	109.1	125.9	138.5	127.3	117.4	115.5	105.4	113.2	116.3	104.7	126.6	149.6	134.8	127.9	128.3	113.5	95.2	96.3	105.8	99.2	86.6	85.3	89.1	93.7	87.7	87.6	87.8	86.4	86.4	88.6	96	94.6	95.2	98.4	105.1	112.9	113.2	116.4	117.2	121.9	120.5	113.7	116.3	124.7	128.2	121.5	112	104.4	96.5	102.4	105.8	99.9	98.3	99.1	91.4	89.3	85.7	79.4	76.4	75.7	77.5	78.6	83.8	84.7	87.9	87.4	87.5	89.4	93.2	98.1	108.3	140.9	198.4	253.9	285.8	306.9	313.4	318.6	318.1	319.7	325	328.2	325.4	331	342.9	350.8	358.9	366.6	382.1	425.1	496.8	556.6	593	596.7	611.3	635.8	674.9	707	752	790.5	790.5	790.5	789.6	789.3	790.5	790.5	790.5	790.5	790.5	790.5	790.5	790.5	790.5	790.5	790.5	790.5
790.5	790.5	790.5	790.5	790.5	790.5	790.5	790.5	790.5	790.5	790.5	790.5	790.5	790.5	790.5	790.5	790.5	790.5	742.5	700.5	705.5	707.5	688.5	667.5	655	635.5	631	606	592.5	596	581	548.7	498.3	484.8	458.7	442.6	449.6	436.5	431.5	415.9	404.6	399	395.4	405	356.7	255.1	201	184	178.8	171.1	153.7	146.1	136.9	126.9	127.7	129.8	132.5	157.8	162.8	134.8	123.1	116.8	104.5	108.2	115.8	110.9	112	114.4	113.2	115.3	105.1	101.4	102.7	96.6	99.7	102.5	103.4	126.2	132.8	119.9	118.5	145.5	149.9	135.8	128.1	115.8	116.5	126.8	111.4	126.2	157.4	148.5	132.9	132.5	124.2	99.7	92.5	111.5	115.8	98.1	93.2	88.2	89.2	87.9	90.4	96	92.7	92.8	91.1	87.9	93.5	95.7	97.2	108	113.4	116.4	122.6	121.4	128.6	129.5	117.5	111	114	123.8	127.1	119.3	111.4	107.2	113.1	119	107.9	98.3	101.5	97.9	95.1	92.1	82.1	82	78.1	77.5	77.9	80.7	84.6	86	88.4	83.9	84.3	84.2	86	92	101.7	113.1	134.1	171.9	233.6	307.1	315.6	315.6	316.5	319.2	321	323.4	331.1	336.6	341.6	350.1	359.5	369.8	396.5	449.7	510.7	585.1	592.2	606.7	623.7	661.6	692	717	762	790.5	790.5	790.5	790.5	790.5	790.5	790.5	790.5	790.5	790.5	790.5	790.5	790.5	790.5	790.5	786.3
790.5	790.5	790.5	790.5	790.5	790.5	790.5	790.5	790.5	790.5	790.5	790.5	790.5	790.5	790.5	790.5	790.5	771.5	716.5	688.5	702.5	688.5	673.5	672.5	644.5	633	607	583.5	584	573.9	542.4	515	486	465.5	438.7	423.1	415.1	407.9	403.7	395.7	387.3	388	396.2	380.3	280.2	206.3	184.2	165.5	158.3	154.3	148.4	145.7	138.8	122.3	119	120.3	133	162.5	153.4	133.4	126.7	119	107.6	115.8	117.7	116.4	115.7	116.9	124.8	115	104.7	116.7	117.4	101.1	102.4	108	115.7	141.4	142.3	115.6	119.9	155.9	155.7	147.6	138.6	125.5	118.7	120.6	121.6	141.7	166.7	156.3	139.2	138.7	128	109.4	106.6	118.2	128.9	111.6	103.3	98.4	101.4	101.3	101	111.6	114.8	111.6	108.3	100.3	96.8	100.2	102	98.4	99.5	105.1	114.9	116.4	115	122.1	121.4	125	127.8	133.5	132.4	130.1	127.4	120	121.8	125.8	121	111.2	109.5	106.8	99.9	94.5	89	86.4	82.5	78.2	76.9	76.3	77	79.7	82.6	82.2	81.2	81.5	86.2	92.2	97.4	104.4	115.5	151.1	208.5	266.6	322.1	324.1	316	311.8	309.5	311.8	318.8	321.4	325.7	335.2	338.5	350.1	363.8	390.9	424.3	486.9	547.8	597.2	614.3	663.6	688.5	709	748	790.5	790.5	790.5	790.5	790.5	790.5	790.5	790.5	790.5	790.5	790.5	790.5	790.5	790.5	790.5	789.6
790.5	790.5	790.5	790.5	790.5	790.5	790.5	790.5	790.5	790.5	790.5	790.5	790.5	790.5	790.5	790.5	790.5	762.5	716.5	706.5	699.5	671.5	665.5	671.5	626	611.5	593.5	574	571.5	565.9	527.1	499.7	477.4	442.8	415.7	397	379.1	373.9	376.1	379	356.2	333.1	283.9	210.5	177.7	169.1	163.2	157.1	145.2	140.5	143.3	139.7	135.9	120	112.1	123.4	135.7	159.7	153.6	136.4	127.3	120.2	115	124.9	117.9	117.7	121.3	128.4	137.7	124.3	113.8	125.7	133.9	110	111.5	121.9	125.1	147.9	161	143	123.8	156.5	168.5	163.3	150.1	133.6	130	124.8	122.3	139.8	166.8	155.8	137.5	142.4	143.8	124.3	119.7	125	136.8	125.3	116.5	114.5	111.7	120.4	121	120.4	122.4	120.6	117.1	116	113.3	109.8	115.7	117.6	110.9	109.3	110.6	112.9	116.1	114.9	121.6	131.1	137.8	147.1	149	138.4	133.2	124.9	124.1	127.4	123.8	112.4	106.2	107.9	102.2	93.4	94.9	92.4	86	81.6	79	77.5	75.6	80.4	80.7	79.2	76.3	77.5	81.4	85.6	89.3	93.2	101.2	113.8	125.9	140.5	190.4	244.1	279.5	311.6	308.5	308.7	312.9	316.7	319	323.7	329.3	339.7	350.8	364.1	403.2	445.2	513.5	568.3	610.6	661.2	682	688.5	711	762	790.5	790.5	790.5	790.5	790.5	790.5	790.5	790.5	780	780.3	785.1	790.5	790.5	790.5	790.5
790.5	790.5	790.5	790.5	790.5	790.5	790.5	790.5	790.5	790.5	790.5	790.5	790.5	790.5	790.5	790.5	748.5	706.5	729.5	699.5	647.5	644.5	644.5	625.5	608	594	582	580	579	535.8	502.9	486.6	466.8	427.6	411.1	391.2	369.3	362.3	363.4	366.8	329.7	273.7	224.7	179.1	166.7	154.1	139.1	139	140.5	140.6	136.4	122.9	116.4	112.9	109.2	125.2	150.2	149.9	134.8	135.2	127.7	120.8	132.2	136	125.3	129.1	133.3	149	139.1	122.2	126.7	140.6	136.5	121.6	129.3	128.4	140.4	167.2	170.9	144	141.1	168.4	182.5	180.5	156.7	136.9	137.3	123.8	117.6	149.8	179	160.6	149.4	150.4	159.1	136.8	121	127.8	140.2	139.3	132.5	120	115.3	124.3	128.6	130.2	131.1	130	136.2	133.9	128	128.4	136.4	141.6	135.3	134	125.7	121.9	117.3	115.7	121.9	120.4	119.3	130.9	146	137.5	131.7	132.4	130.6	132.2	122.6	112.4	109.6	112.4	104.1	94.2	90	88.2	82.1	77.6	74.9	75	74.8	74.9	75	78.3	79.3	81.4	80.9	86.5	91.8	91.2	100.7	108.6	114.4	128.5	156.9	190.4	272	301.7	303.1	300.6	303.8	305.1	311.5	319.1	322.8	329.9	341.8	350.5	386.7	433.1	482.9	567.1	611.2	658	681.5	687	705.5	755	790.5	790.5	790.5	790.5	790.5	790.5	790.5	790.5	784.2	784.8	787.2	790.5	790.5	790.5	790.5
790.5	790.5	786.9	787.8	790.5	790.5	790.5	790.5	790.5	790.5	790.5	790.5	790.5	790.5	790.5	790.5	738.5	699.5	726.5	692.5	644.5	641.5	624	617	611	588.5	575.5	584.5	575.6	528.6	498.7	470.1	433.8	399.8	395.1	385.6	375.8	364.1	353.5	355	269.7	190.5	171.2	165.8	165.6	155	141.4	134.6	135.8	132.6	129.2	120.2	114.6	112.3	109.7	115	137.3	146.5	127.9	128.9	132.8	132.2	133.2	140.9	138.3	141.4	140.4	159.3	156.4	129	135.6	146.5	154.6	141.9	146.9	143.9	146.7	170.8	183.4	166.2	151.8	162.4	184	199.3	178.4	144.4	143.4	134.9	120.2	135.5	179	186.5	166.2	161.6	173.5	159.7	128.1	123.6	138.4	142.6	136.4	127.4	122.7	122.1	126.1	133.2	135.3	135.8	141.6	148.6	144.1	140.3	139.8	148.7	156.7	151	142.9	133.9	131.5	129.3	135.8	136.7	131.8	130.9	145	147.4	139.5	139.3	137.1	134	126.6	117.2	118	114.7	105	98.5	89.8	81.5	83.6	78.8	76.3	71.9	72.6	72.1	74.3	79.6	79.2	84.6	83.5	83.7	87.7	95.8	99.2	101.4	104.1	107	110.5	122.7	153.7	176.4	216.1	249.9	298.1	304.5	307.6	308.8	320.8	327	333.9	340.1	361.2	404.4	468	558.9	609.2	647.6	678.5	681.5	688	717	775.5	790.5	790.5	790.5	786.9	780.6	783	790.5	790.5	790.5	790.5	790.5	790.5	790.5	790.5
790.5	790.5	786.6	789.6	790.5	790.5	790.5	790.5	790.5	790.5	790.5	790.5	790.5	790.5	787.5	723.5	684.5	691.5	678.5	650.5	645.5	636	638	633	606.5	583.5	593	587.5	561.5	521.8	481.5	436.8	400	393.8	387.5	383	378.6	367.8	356.4	319.6	211.4	167	150.7	146.2	144.2	147.1	140.9	133.6	123.4	112.4	105.2	109.6	113.9	117.1	123.1	130.5	148.3	143.4	124.5	130.1	131.5	145.2	144.7	137.6	140.4	150.8	161	175.2	150.8	142.3	160.1	164.1	155.1	152.5	159.5	152.2	169.5	189.6	195.2	170.1	167.4	164.4	177.9	203	181.3	152.8	152.6	137.4	123.1	133.9	177	200.6	187.3	181.4	186.1	173.9	135.4	131.3	138	129.9	127.6	133.1	135.5	135.8	129.4	129.3	134.4	131	128.3	139.6	146.2	141.4	134.8	138.3	145.7	154.4	151.5	142	145.8	145.5	139.9	139.5	145.3	150.6	153.7	148.5	141.5	137.1	136	138.3	133.9	131.4	135	129.5	118.9	111.8	100.9	92.8	86.9	78.4	77.3	72.8	76.3	77.9	79.9	83.8	83.9	83.8	86.7	88.7	93.7	106.6	112.5	108.5	108.1	108	106.9	113.2	125.4	147.9	173.5	217.1	268.8	306	307.6	310.2	320.4	329	334.9	339.4	351.7	379.4	432.5	510.7	588.3	629.8	674.7	680.5	685	707	766	790.5	790.5	790.5	785.1	780	780.9	790.5	790.5	790.5	790.5	789.9	785.4	785.4	786.3
790.5	790.5	790.5	790.5	790.5	790.5	790.5	790.5	790.5	790.5	790.5	790.5	790.5	790.5	785.5	727.5	687.5	686.5	671.5	654.5	656	630.5	632	627	594	579	588.5	582.5	566	527.1	472	426.6	385.1	382	383.7	379.3	371.4	362.3	306.7	210.4	137.3	143.8	146.6	136.9	127.4	131.4	137.4	129.6	118.8	111.2	108.4	114.1	118.7	120.1	119.4	123.2	142.9	154.4	135.5	137.7	137.4	147.7	156.7	153.2	151.3	156.5	170.9	179.5	159.8	153.1	174.9	181.6	173.9	159.1	165.6	163.7	171.3	193.5	206.8	185.6	171.2	173.3	171.6	204	197.6	168.8	159.6	154.7	134.9	137.8	164.1	205.1	206.6	197.1	185.8	185.6	154.6	127.7	134.2	136.2	125.8	134.8	140.2	142.2	144.4	138.9	138.3	135.9	130.4	135.1	144.7	148.2	142.3	138	143.2	152.4	158.5	149.1	148.1	148.5	141.4	137.5	141.9	145.8	146.3	146.5	142.1	138.9	143.2	144.6	141.6	137.4	139.4	134.8	131.7	119.7	111.6	102.1	91.7	81.1	77.5	75.6	77.4	80.1	84.2	83	83.6	85.8	85.2	89.7	96.4	102.1	111.9	114.8	107.8	107.5	107	107.3	110.3	115.2	128.3	137.6	178.5	226.2	270.2	309.8	310.9	324.8	330.7	333.3	340.5	352.3	375.5	432.3	514.8	616.6	654.1	676	678.5	685	719	778.5	790.5	790.5	790.5	790.5	790.5	790.5	790.5	790.5	790.5	790.5	780.6	776.1	781.5
790.5	790.5	790.5	790.5	790.5	790.5	790.5	790.5	790.5	790.5	790.5	790.5	790.5	790.5	760.5	710.5	677.5	652.5	652.5	679.5	671.5	637	633.5	597	580	576.5	568	560.5	556	512.7	463.3	428.9	389.7	372.7	367.9	369	362.6	308.8	247.5	172.6	156.9	152.3	144.2	135.9	120.7	113.1	114	109.7	107.2	107.2	111.8	115.7	120.2	117.9	119.2	126.9	143.1	146.3	140.4	143.7	152.6	156.7	155.1	163.7	167	176.9	182.1	178.1	156.2	157.7	178.1	184.3	170.6	157.1	165.2	166.3	179.2	201.1	206.6	178.1	177.7	179.8	182.4	206.4	200.3	180.7	173.3	155.8	135.1	144.4	163.2	194.3	205.4	205.7	197.3	194.2	178.5	141.7	138.7	149.5	137.5	130	137.6	137.5	146.8	147.4	152	146.8	141.2	140.5	138.6	147.4	146.1	141.2	148.9	153	159.5	159.2	146.9	144	141.1	138.7	136.9	133.4	132.3	134.5	134.7	135.2	138.1	140.3	136.4	131.9	129.2	123.3	117	109.3	107.4	100.4	94	87.4	84.7	82	81.2	85.2	87.3	87.4	88.8	88.2	91.1	94.5	99.9	108.4	112.1	114.3	112.2	111.1	109.6	108.6	116.4	122.3	127.8	144.8	175.2	204.4	246.1	307.8	314.4	320.1	328.7	334.8	339.5	342.2	359.2	394	445.6	552.7	604.1	653	676.5	679.5	690.5	734.5	787.5	790.5	790.5	790.5	790.5	790.5	790.5	790.5	790.5	790.5	785.4	779.1	787.5
790.5	790.5	790.5	790.5	790.5	790.5	790.5	790.5	790.5	790.5	790.5	790.5	790.5	790.5	772.5	716.5	674.5	644.5	651.5	684.5	663	624.5	613	573.5	558.5	550	546	546	539.5	509.2	453.4	402	376.8	367	358.4	320.8	240.1	163.5	146.1	143.1	150.3	146.3	135.9	128.9	121.4	109.1	107.2	110.9	108.3	103.9	102.4	107.2	112	108.5	114.6	123	137.8	152.2	151	154	161.4	172.3	165.5	167.6	169.9	178	184.3	188.6	172.2	162.1	178.1	179.9	176.4	163.5	169.7	171.2	173.9	190.2	207.7	184.8	174.5	184.6	183.6	200.4	200.8	188.4	184	168.8	143.7	144	155.7	177	198.1	203.2	205.2	193.6	189	163	147	154.5	155.6	140.4	139.9	140.4	143.4	148.6	155.9	161.1	157.2	151	143.4	140.1	148.2	151.8	153	149.7	158.6	164	158.4	152.8	148.5	145.9	143.7	136.9	138.4	133.9	133.3	137.3	141.7	144.3	142.2	134.2	131.6	128.9	123	117.5	113.6	109.5	107.4	99.7	90.5	88	86.2	85.8	90.2	90.7	94.5	92.1	92.4	88.2	92.3	104.7	107.9	108.2	108.5	103.8	104.7	109.8	116.6	120.2	116.8	114.1	122.8	144.7	177.2	212.6	243	288.7	320.8	325.7	330.3	336.5	350.4	370.6	404.3	482.2	574.5	633.1	673.5	677.5	685.5	717.5	773	790.5	790.5	789	790.5	790.5	790.5	790.5	790.5	789.6	790.5	790.5	789.3
790.5	790.5	790.5	790.5	790.5	790.5	790.5	790.5	790.5	790.5	790.5	790.5	790.5	790.5	743.5	690.5	641.5	647.5	676.5	660.5	622.5	607	587.5	568	557.5	553	557	559	551	543.4	485.4	414.9	384.8	361.3	350.6	282.3	196.9	143.3	134.1	135	137.7	129.5	129	124.9	115.3	107.9	104.4	104.3	99.4	97.6	95.6	101.6	107.9	110.4	120.2	130.5	145.7	157.6	160.8	174.8	181	174.2	171.2	170	181.9	192.6	191.7	193.9	178.7	181.2	193.8	191.6	185.1	180.1	188.6	183.5	187.3	200.7	210.8	189.3	184.4	195.8	192.5	206.5	204.8	185.6	195.1	177.9	158.4	153.1	157.9	170.9	193.3	195.7	194.6	201	193.4	176.6	164	157.9	160.5	160.3	152.5	145.8	146.4	155.9	163.1	172.3	173.2	172.4	169.7	157.9	152.2	158.4	160.4	156.6	155.3	156	167.7	172.2	158.7	154.8	151.7	146.9	138.8	135.2	133.8	129.9	135.9	132.5	131.4	130.8	124.6	121	123.3	120.9	125.7	128.1	124.7	117.4	108.5	100.6	95.9	95.3	95	95.7	95.2	94	93.8	94.4	96.3	96.8	100.3	104.3	105.2	104.2	104.1	109.9	115.9	121.5	117.5	118.9	127.8	139.1	175.8	210.1	222.8	261.1	319	325.7	328.7	333.3	349	369.1	415.2	519.8	578.3	605.5	653.9	676	682	703.5	756	790.5	789.3	785.4	789	790.5	790.5	790.5	787.2	784.5	784.5	787.8	790.5
790.5	790.5	790.5	790.5	790.5	790.5	790.5	790.5	790.5	790.5	790.5	790.5	790.5	790.5	741.5	686.5	643.5	641.5	669.5	645	608	598	583	570	568.5	568.5	565.5	559.5	551.5	542.1	468.5	408.1	390.9	377	292.1	206.9	157.7	144.2	138.5	137.7	130.4	121.3	126.5	117.1	106.6	105.8	102.8	97.2	94.2	94.4	95.9	99.3	106.5	116.1	125.9	136.2	153.6	176.5	176.7	181.1	188.1	181.4	180	181.7	191.5	203.8	204.9	206.7	193.4	187.1	196.8	198.1	202.8	187.7	194.5	191.1	195.5	203.3	209.3	198.8	184.7	200.2	201.4	203.1	208	189.9	192.7	192.9	167.9	158.8	159.2	167	177.5	194.7	182.8	196.6	204.2	191.1	177.7	166.1	165.9	170.1	164.4	159	153.3	155.1	164.5	165.2	170.9	181	184.3	178.5	168.1	166.8	167.7	160.2	157.9	156.7	162.5	177	170	154.7	147.6	150.2	146.2	139.6	137.1	131.8	131.3	128.2	129.2	131.1	125.6	123.6	124.4	121.7	125.7	133.5	130.9	121.7	112.8	104.6	102.1	100.9	97.4	98	99.4	101	96.6	97.2	96.2	98.1	100.7	99.5	104.8	106.6	105	106.6	108.6	113.6	116.6	115.2	115.7	125.9	135	154.1	191.9	202.1	227.2	281.7	318.4	335	343.8	360.8	389.9	456	526.7	577.3	636.1	673.5	680	686	714	769.9	787.8	786.9	789.3	790.5	789.6	787.5	784.2	782.7	785.7	789.9	790.5
790.5	790.5	790.5	790.5	790.5	790.5	790.5	790.5	790.5	790.5	790.5	790.5	790.5	787.5	710.5	655.5	651.5	655.5	645.5	626	599	589.5	590	564.5	552	557	555.5	544	534.5	520.5	458.3	388.9	374.3	351.8	252.2	181.3	146.3	138.7	129.6	128.8	119	117.2	121.3	102.1	95.2	95.7	96.2	95.4	94.5	97.8	103.4	112.2	122.7	124.7	135.4	151.8	170.6	189.7	188.3	199.8	202.9	207.4	207.7	208.2	220.5	219	213.2	207	195.9	193.2	202.6	209.9	210.1	202.8	207.6	204.5	218.9	219.5	210.4	198.1	190.9	201.6	204	210.8	209.5	204	199.4	195.4	186.8	171.1	166.3	174.8	165	181.8	183.8	185.8	205.7	207.3	196.4	190.7	176.6	171.6	174.2	174.7	168.4	163.1	156.6	159.6	170.5	183.5	191.5	194.8	196.6	198.7	194.7	181.7	177	177.1	174.8	177	178.5	168	156.3	153.7	153.5	152.1	151.6	144.5	138.7	132.1	130.6	129.3	128.3	126.1	126.3	124.8	124.1	128.7	125.3	115.8	110.5	102.1	99	100.8	97	101.2	106	107	104.7	102.1	100.5	106.7	106.4	103.3	103	108	110.3	109.2	113.6	113.2	118	116.7	113.4	113.6	117.4	135.4	168.8	194.3	206.8	258.5	311.8	340.1	344.5	353.1	367.5	380.5	407.3	496.6	605.7	669.7	677.5	683.5	704.5	756	790.5	790.5	790.5	790.5	790.5	790.5	787.2	786.9	789.9	790.5	790.5
790.5	790.5	790.5	790.5	790.5	790.5	790.5	790.5	790.5	790.5	790.5	790.5	790.5	790.5	727.5	665.5	658.5	658.5	647.5	625.5	593	580.5	589.5	559	537	543.5	544.5	523	498.7	471.4	438.7	381.3	346.2	264.9	160.3	137.4	135.7	130	118.5	124.7	122	116.6	116.8	100	95.1	97.3	92.9	96.7	100.4	101.6	106.9	119.8	128.1	137.1	154.2	176.1	189.8	201.3	201.8	209.1	216.7	219.1	217.7	220.5	227.9	228.6	217.5	209.7	206.1	198.4	207.7	213.8	217	207	215	214.7	222.8	223.1	216.5	209.5	195.1	198.2	198.2	210.3	214.1	209.5	204.4	194.5	194.4	187	167.6	178.4	172.3	173.3	187.5	186.7	195.8	215.2	207	207.2	195.1	182.6	185.7	185.4	184.5	179.9	172	169	173.5	188.8	199	198.2	207.2	210.6	204.3	195.3	189	191.8	193.1	184.9	180.2	188.2	184.4	168.7	161.7	159.6	160.8	157.6	147.8	139.3	139.3	135.9	134.5	136.5	135.2	133.1	132.4	129.4	128	121.9	117.9	111.8	109.4	103.9	96.6	98.5	104.9	106.3	106.1	102.5	103.5	101.9	103.8	107	102.9	110.4	113.6	112	110.7	108.5	109.9	121.2	117.2	108.1	109.5	120.5	126.9	148.6	167.6	172.5	227.3	303.7	342.5	353.5	364.1	382.5	389.4	452.5	583.9	667.2	674	680	686	714	763	788	790.5	790.5	790.5	790.5	790.5	790.5	790.5	790.5	790.5
790.5	790.5	790.5	790.5	790.5	790.5	790.5	790.5	790.5	790.5	790.5	790.5	790.5	764.5	680.5	666.5	656.5	650.5	642.5	609.5	586.5	589	574	550	546.5	542.5	533.5	518.3	494.2	463.1	410.1	362.5	339.6	228.5	136.8	130	132.9	130.1	129.3	131.4	125.8	128	120.2	109.1	106	100.1	93.2	97.3	104.3	105.6	114.8	132.1	143	157.6	184.8	202.3	205.8	207.2	212.3	219.1	223.1	224.7	220.9	221	224.3	233.2	231.3	218.1	220.4	218.6	221.6	224.1	219.8	221.4	228.5	225.5	234.7	229.6	219.1	207.2	203.1	208.9	205	211.5	212.1	205.9	211.6	209.7	197.8	189.2	183.6	189.1	179.8	167.1	181.4	200.5	191.6	201.2	209	210.9	206	203.2	194.5	189.7	194.9	200.8	195.7	187.7	187.2	191.4	199.1	204	209.2	215.5	216.4	207.6	207.1	210.6	207.2	203.7	197.5	202.1	200.9	189	171.3	165	159	160.6	162.6	157.1	155.3	150.7	148.5	146.6	142.2	138.6	141.8	144.3	139.6	133.5	128.9	122.8	113.4	106.1	104.9	95.3	96.4	102.5	103.3	100.4	104.6	107.6	109.8	112.5	115.4	118.9	116.7	110.7	108	104.4	107.1	115.7	109	100.1	102	111.4	116.7	131.3	149.6	161.8	192.7	272.6	334.5	350.4	360.6	376.8	394.3	448.7	565.1	663.3	674	678	683	703	753	782	790.5	790.5	790.5	790.5	790.5	790.5	790.5	790.5	790.5
790.5	790.5	790.5	790.5	790.5	790.5	790.5	790.5	790.5	790.5	790.5	790.5	790.5	763.5	673.5	652.5	647.5	647	631	602	591	582.5	568	556.3	552.7	552	538.4	517.6	496.1	458.3	400.4	364.8	324.9	177.4	128.8	127.9	133.5	125.2	126.6	133.2	120.2	119.5	119.2	106.5	99.2	96.7	94.6	99.8	102.9	113.3	124.7	135.4	152.2	171.5	192.6	207.8	213.6	212.9	214	221.6	219.5	220.1	224.2	221.4	225.6	234.3	236.2	227.2	228.9	235.1	227.6	224.9	229.3	225	231.8	236.2	236.6	237.3	226.1	213.8	206	214.5	211.9	212.9	211.8	205.2	216.8	223.4	207.3	195.1	196.9	201.3	190.9	174.6	179.9	200.9	201	199.7	212.1	212.3	215.6	214.7	206.7	198.5	203.6	210	210.8	212.8	206.1	206.1	204.5	208.3	210.7	211.2	223.5	218.3	218.7	221.7	215.3	217	216.3	213	203.7	199.5	188.8	176.7	165.5	161.2	164.4	162.2	153.9	148.9	144.3	138.6	137.5	134.2	133	140.3	140.6	136.2	133.8	128.6	118.3	112	106.6	103.2	98.8	97.5	103.2	105.1	104.3	109.5	109.6	113.2	120	122.3	117.4	116.8	113.9	109.6	106	100.9	105.1	102.8	94.3	101.5	109.3	114.6	125.9	134.5	152.4	184.4	262.4	322.1	352	364.4	382.9	411.8	515.6	654.8	673	674	679.5	685	716.5	766	779.4	790.5	790.5	790.5	790.5	790.5	790.5	790.5	790.5
790.5	790.5	790.5	790.5	790.5	790.5	790.5	790.5	790.5	790.5	790.5	790.5	790.5	713.5	649.5	648.5	648.5	634.5	615	608	602	588.3	574.5	553.9	540.9	542.5	540.8	526.8	501.1	464.4	391.8	335.4	206	134.2	137.1	141.7	138.9	131.5	139.1	134.7	120	114.5	105	97.7	93	91	97.9	103.1	112.2	121.3	125.4	132.4	152.9	184.3	206.5	219.4	219.1	219.2	218.8	222.5	227.9	231.1	236.7	241.9	239.7	241.9	242.6	225.5	231.6	245.5	241.4	238.5	240.6	244.3	242	242.5	240.7	234.2	227.8	221.5	214.7	222.5	222	221.6	214.8	202.3	214.8	227	227.5	214.4	208.8	212.6	197.5	182.6	184.3	193.8	199.5	208.2	215.9	214.5	218.4	220.6	217.1	217.5	218.5	216.7	223.2	231.2	229	217.9	213.4	214.6	219.6	223.1	222.4	222.3	221.8	214.2	213.8	214.3	215	215.3	208	193.9	185.8	177.9	160.1	143.3	138.8	136.3	130.7	126.2	123.6	118.8	122.9	124.6	122.2	127.6	130.9	128.1	133.1	132.2	131	120.5	110.4	103.7	101.6	102.1	107.7	111.6	112.9	110.5	107.3	113	120	121.5	121.7	119.4	118.2	112.2	106.2	101.4	106	105.5	101.5	100.7	105.1	112.2	121.5	132.3	154	198.6	274.2	339.5	340.2	354.2	377.8	413	518.7	624.1	673	673.5	678.5	683.5	705	754	772.7	788.5	790.5	788.4	790.5	790.5	790.5	790.5	788.4
790.5	790.5	790.5	790.5	790.5	790.5	790.5	790.5	790.5	790.5	790.5	790.5	787.5	721.5	658.5	651.5	647	626.5	606.5	599.5	603.5	580.5	557	546.5	540	533.3	520.1	511	480.2	439.9	338.3	208	139.2	136.8	147.6	144.2	135	133.6	133.6	128.8	111.6	108.7	110.7	98.6	93.1	96.1	96.9	102.5	109.9	118.6	122.8	136.1	154.7	184.8	211.9	222.5	221.8	221.6	219.6	225	226.9	232.9	241	245.1	247.8	246.9	249.1	232.6	218.8	237	247.7	251	250.3	250.6	248.9	246.6	244.2	237.4	231.8	231.6	226.4	223.3	225.5	225.5	224.6	204.7	209.8	226.7	232	232.4	218.8	224.3	214.1	198	195.6	202.6	207.1	216.4	229.1	229.3	235.8	241.7	234.8	236.7	233	228.2	229.6	237.7	242	229.2	222.6	221.7	227.9	232.8	230.6	236.5	231.4	223.3	220.5	222.9	220.7	222.2	218.2	206.4	193	182.6	163.9	147.4	138.8	135.8	133.6	127.6	128	123.5	122.9	126.4	126.3	127.7	132.7	132	129	131.8	134.9	130.3	121.2	112.3	105	101.8	106.5	107.8	105.4	110.1	113	107.2	109.4	114.9	116.2	119.1	117.7	117.8	115	102.8	104.2	106.8	108.9	104.7	98.4	103.5	108.7	114.5	123.1	152	201.1	267.9	334.9	343.1	368.7	399.6	463.1	587.8	663	667.6	670.3	674.9	686.6	712	760.2	773.5	784.5	790.5	790.5	790.5	790.5	790.5	790.5
790.5	790.5	790.5	790.5	790.5	790.5	790.5	790.5	790.5	790.5	790.5	790.5	757.5	680.5	659.5	657.5	631.5	602	587.5	606.5	599	550	529.5	525	528.5	522.9	519.9	506.1	457.3	404.7	274.2	172.5	139.1	147.3	157.9	144.6	131.1	129.3	124	110.5	96.1	102.6	103.1	96.1	97.7	100.5	102.5	104.3	107.6	115.3	131.4	152.3	182.7	206.4	220.7	233.5	231.3	228.7	228.7	231	240.6	246.3	245.6	247.2	247.6	243.6	242.6	226.6	212.5	234.6	251	256.5	261.9	255.6	252.1	257.8	252.4	240.5	237.9	239.4	233.1	228.4	225.6	230.2	229.2	210.5	219	233.2	230.3	229.2	229.6	233	222.2	217.3	212.1	210.4	211.5	217.6	233.9	239.5	243.2	252.7	255.7	250.2	241.6	234.8	234.8	238.7	239	247.5	247.8	240.4	232.7	231.7	234.2	238.4	234.5	229.6	226.2	225.5	231.2	224.1	213.1	210.3	200.6	184.1	173.5	166.4	156	145.9	139.2	133.1	132.7	136.6	131.4	124.7	133.7	141.5	141.4	142.5	138.6	129.8	128.6	136	135	130.8	123.2	110.8	104.7	101.1	97.9	105.4	112.1	106.3	101.7	105.8	109.7	110.8	117.7	119.2	115.2	110.8	111.3	114.4	115.9	114	104.6	103.6	109.1	114.2	121.3	142	184.4	245.6	321.7	353.4	363.6	374	417.1	526.9	645.2	664.5	667.6	675.2	685.2	703.5	753.4	773.6	778.5	790.5	790.5	790.5	790.5	790.5	790.5
790.5	790.5	790.5	790.5	790.5	790.5	790.5	790.5	790.5	790.5	790.5	790.5	779.5	693.5	655.5	654.5	631.5	590	574.5	587	577.5	536.5	528	528	519	506.6	504.1	471	438.3	300.4	161.9	136.7	125.7	143.2	150.3	142.4	140.9	125.8	116.5	113.4	98.9	108.2	106	102.6	100.3	97.1	101	102.3	106.2	122	138.9	159.4	189	211.7	227.8	240.1	245.9	240.3	237.4	235.8	245.8	257	253.6	250.4	245.2	241.4	241.8	232.8	216.9	235.4	252.8	255.6	263.7	265.4	258.8	261.4	259.4	252.3	249.7	253.7	243.6	233.8	228.8	231	241.3	227.4	223.2	238.4	245.4	233.4	236.8	249.3	249.4	239.2	232.1	224.4	229.5	233.3	243.9	252.3	251.9	265.3	274.1	264.1	255.6	250.3	252	248.5	244.2	253.1	269.8	268.9	261.2	257.4	254	251.9	246.2	241.9	239.2	236.7	240.5	235.9	224.6	217.1	207.4	198.9	192.8	183.7	172.1	162.2	158.2	149.7	147.1	150.1	145.6	143.4	140.1	146.7	148.5	148.9	146.9	141.2	137.3	138.8	138.4	136	129.9	122.5	115.7	109.4	102.2	100.7	107.2	107.8	101.6	100.9	105.3	106.8	108.3	115.8	115.3	110.5	110.4	112	113.8	112.1	110.3	106.5	104	111.4	114.3	122.7	137.4	185.5	248.4	314.7	366	376.1	391.7	479.6	613.2	659.6	666.8	673.2	681.2	687.7	715.4	779	785	786	790.5	790.5	790.5	790.5	790.5
790.5	790.5	790.5	790.5	790.5	790.5	790.5	790.5	790.5	790.5	790.5	790.5	762.5	657.5	649.5	641.5	606	578	576	572.5	547.5	533.5	526	519.5	516.5	512.3	501.6	462.7	434.9	269	155	133.7	127.7	135.3	134.8	128.3	122	118.4	113.6	105.6	96.8	108.1	110.2	102.5	95.9	93.7	99.7	105.7	118.3	136.1	153.5	172.8	201.8	230	247.6	253.8	252.7	240.3	240.3	243.8	250.5	249.7	243.2	247	243.6	247.7	244.5	228.6	226.2	239.1	253.5	260.4	264.6	266.9	262.2	259	264.2	256.8	251.9	258.7	248	241.8	237.9	246.1	251.7	238	227.7	243.8	255.4	238	230.3	239.7	247.5	246.9	245.4	243.7	241.1	249.5	258.1	257.5	260.7	268.4	270.5	270.7	269.1	273	271.2	266.9	264.8	272.8	285.8	292	291.5	288.1	277.4	272	270.4	258.9	254.2	248.1	240.8	230	218.6	213.8	210.3	199.1	192.2	193.6	187.2	183.8	180.9	168.9	164.3	163.9	159.8	156.4	152.1	151.5	150.5	148.5	146.6	145.8	149.6	146.3	136.5	133	130.6	126.1	116.3	109.9	103.9	103.5	103.7	101.8	96	95.9	95.3	102.7	101.1	105.4	105.5	103	102.9	104.6	111.7	113.3	110.1	108.2	104.6	102.8	108.7	116.2	126.6	162.4	221.4	288.1	365.1	394.8	407.1	441.1	548	664.4	670.4	675	683	688.5	706	772	789.5	780	790.5	790.5	790.5	790.5	790.5
790.5	790.5	790.5	790.5	790.5	790.5	790.5	790.5	790.5	790.5	790.5	790.5	778.5	671.5	658.5	645	597	572.5	561	557	539	531	520	512.5	510	503.5	491.5	463.6	389.3	222.5	145.1	126.3	128.4	126.2	117.3	117.4	111.2	110.7	108.9	102	94.8	101.6	112.1	103.5	92	93.3	97.4	112.5	132.1	146.6	162.1	182.7	210.9	228.7	242.3	250.7	249.6	241.4	235.6	244.4	245.7	240.8	243.8	252.4	249.3	247.1	244.6	236.8	236.9	242.4	245.6	265.1	272.8	275.6	273.1	266.6	277.2	270.4	262.7	269.5	266.4	259.9	254.7	253.5	259.5	256.5	243.7	244.8	267.6	259.7	246.7	247.1	254.3	256.7	255.7	259.2	255.3	263.3	276.5	277.4	279.3	282.9	278.5	276.7	279.7	279.5	279.5	277.5	276.3	283.6	292.9	306.4	312.5	311.7	308.5	297.8	291.8	285.7	277.3	268.5	254.6	238.4	224.5	216.8	210.3	202.2	196.4	195.3	195.2	186.2	181.6	174.2	168.3	170.9	165.3	159.7	160	157.3	155.3	154.5	153.1	151.6	153.8	153.1	139.2	131.2	134.7	127.7	120.4	113.6	107.7	99.2	97.1	99.2	97	91.6	93	94.1	97.7	98	102.2	101.5	102	100	106.3	110.1	110.4	107.5	108.1	104.5	104.5	106.1	116.5	124.2	173.2	259.2	345.3	379.8	420.8	443.3	515.4	646.7	674.5	673	677	683.5	688	713	767	780	785	790.5	790.5	790.5	790.5
790.5	790.5	790.5	790.5	790.5	790.5	790.5	790.5	790.5	790.5	790.5	790.5	744.5	666.5	693.5	646.5	587.5	571.5	563.5	554	533.5	525.5	514	513	510	503.5	487	458.7	393.3	255.1	155.9	118.2	114.7	116.3	107.1	97.1	97	95.6	102.2	111.7	108.8	108.5	111.1	98.4	100.3	105.6	113.5	121.2	141.2	164.3	175.8	199	222.4	233.4	245.7	249.5	246.9	242.3	240	244.6	242	240.2	245.2	255.2	251.5	249.7	246.1	238.8	244.4	251.9	252.9	265.3	271.2	281.2	277.2	271	279.1	281.4	277.2	279.8	277.3	275.4	263.1	256.5	265.1	259.1	247.5	245.6	269.6	274.5	260.2	254.4	259.9	254.4	249.4	262.3	270.7	275.8	285.7	295.2	297.8	301.7	292	289.7	295.2	296.9	290.3	293.8	301.5	305.3	306.9	313.3	322.2	320.7	319.4	320.5	316.1	307.9	292	279.8	267.1	248.6	240.3	227	218.9	206.7	199.4	190.9	186.7	177.4	168.3	169.7	173.9	181.8	179.7	180	182.5	175.6	172.9	172.2	169.6	158.6	157.3	158.8	148.1	135.6	122.3	115.6	117.8	114.3	112.6	102.4	94.3	95.2	93.7	87.5	87.3	85.1	88	92.8	96.4	98.5	93.9	85.6	91	101.7	107.4	107.1	109.7	107.9	104	105.1	112	121.2	132.3	189.6	285.4	356.2	388.7	440.9	486.9	567.2	634.8	673	676	681	687	701.5	752.5	779	780.7	790.5	790.5	790.5	790.5
790.5	790.5	790.5	790.5	790.5	790.5	790.5	790.5	790.5	790.5	790.5	790.5	764.5	673.5	684.5	654	589	568	555.5	559	540	523.5	515.5	514.5	508.5	496.5	483	448.7	356.6	197.7	119.5	113.2	114.9	106.8	98.7	93.8	93.6	95	99.9	111.5	109	101.3	106.2	99.8	97.2	107	117.5	132.7	156	176.8	191.7	208.6	224.8	234.9	244.4	250.3	249.9	253.3	254.9	253	249.9	245.2	248.1	258.8	259.2	255.5	255.6	257.4	252.6	255.1	257.5	260.6	272.7	281.7	281	279.7	284.9	294.8	301.4	298.9	302.9	297.5	280.8	263.3	269.9	278.1	269.7	254	270.8	289.5	279.9	270.3	271.5	268.3	264.3	273	279.9	289.4	293.7	300.9	313.2	314.1	306.9	299.2	301.6	307.3	306	314.9	321.7	332.4	332.2	325.9	327.4	329.3	325.3	326.8	330.1	322.4	306.3	291.3	275.9	256.8	250.3	239.1	224.3	214.1	206.1	200.5	197.5	193	184.8	181.1	182.9	188.8	191.6	196.5	196.1	184	180.3	182.4	176	168.6	160.3	152.5	153.3	143.4	127.6	115	113.2	112.2	109.7	108.4	96.2	87.5	91.2	89.5	88.5	83.5	81.6	81.8	90.7	96.6	94	88.3	87.7	91.9	99.9	106.1	108.7	108	109.6	109.6	109.8	117.1	124.7	168.3	264	342	378.6	440.7	481.1	535.5	616.1	664.2	668.7	672.2	671.1	675.7	698.4	749.6	774	779.4	785.1	789	789
790.5	790.5	790.5	790.5	790.5	790.5	790.5	790.5	790.5	790.5	790.5	790.5	772.5	707.5	681	658.5	605.5	579.5	557	551	539	518.5	513	511	499.5	483.5	463.9	427.6	307.1	202.3	150.4	125.8	111.3	98.6	89.5	89.8	93.9	101.4	110.3	114.8	107.5	107.7	112.3	107.7	104.4	107.7	121.4	146.4	173.4	185.9	203.5	220.9	229.5	237.5	242.9	246.9	251	256.4	259.7	259	255.9	254.9	255.9	258.9	259.5	255.2	256.7	269.8	268.3	260.8	265.7	269.2	266.2	270.2	275.6	280.3	287.4	302.4	309.5	315.3	313	304.5	286.6	269.2	266.7	273.5	276.6	268.2	268.6	279.9	285.7	282.9	279	270.2	269.9	273.3	278.5	288	292.4	293.7	304	315	316.1	315.2	313	315.4	316.7	325.2	335.3	340.9	342.4	334.9	336.8	331.4	327	323.7	325.6	323.8	317.2	310.2	294.6	282.7	272.1	252.7	235.8	227.9	215.2	209.9	204.8	198.2	187.1	183.8	183.1	179.6	175.6	177.7	173.9	171.6	174.2	173.7	173.5	173.4	166.4	157	150.6	142.5	133.5	119.4	112.8	99.4	95.5	94.7	89.5	83.9	88.7	90.1	83.3	81.5	82.2	78.9	85.6	96.2	93.9	89.8	88.8	91.1	95.9	99.7	99.8	97.8	100.6	103	106	116.5	116.3	149.8	232	321.2	386.4	432.5	487.5	574.6	588.3	609.8	649.5	668.5	664.2	668.3	688.7	740.3	774	777.3	784.5	786.9	789.3
790.5	790.5	790.5	790.5	790.5	790.5	790.5	790.5	790.5	790.5	790.5	790.5	763.5	693.5	682	628.5	592	570.5	548	546.5	529	521.5	518.5	505.5	490	471	449.1	345.5	219.8	177.9	168.5	139.4	106.3	95.5	88.7	94.6	99.4	103.7	109.5	105.6	108.3	107	101.3	109.2	108.4	120.6	140.5	163.3	179.8	196.1	211.7	224.8	234.9	239.1	251.3	256.7	260.6	266.8	271.9	260.7	253.6	260.1	261.2	265.7	268.5	264.1	269.1	273.2	268	267.1	276.6	272.8	266.4	277.5	284.5	285.9	306.6	324	330.9	331	328.2	320.1	292.4	275.9	276.5	284	283.1	277	275	289.7	300.3	301.1	294.7	291.8	289.7	286.9	295.3	300.3	300.8	301.7	308.3	316.7	329	329.6	327.6	322.8	327.3	344.8	347.1	344	344.4	345.1	345.7	336.9	329.7	329.2	329.5	325.1	321.2	323	310.4	299.3	286.7	267.8	259.6	243.3	229.2	220.4	214.6	198.7	190.3	186.7	186	184.2	182.7	179.1	174.1	176.9	173.8	172.5	180.3	182	176.6	164.9	161	155.1	140.6	129.2	111.6	104.7	98.6	89.7	88.8	87.2	85.5	84.9	83.2	84	83.3	77.8	79.8	91.4	96.8	93.3	88.9	88.6	91.9	95.6	94.8	96.5	97	100.5	106.7	114.2	119.6	123.5	160.6	261.8	379.6	423.2	512.5	560.5	571.4	596.5	630.7	650.3	674.7	671.9	678.3	715.2	773.1	784.8	787.8	790.5	790.5
790.5	790.5	790.5	790.5	790.5	790.5	790.5	790.5	790.5	790.5	790.5	790.5	781.5	712.5	661	605	597.5	575.5	546	532	525	525	517.5	508	490.5	467.5	448.2	309.5	196	166.1	152.9	109.3	93.7	97.5	100.3	105.3	102.3	101.4	96.9	96.3	103	106.7	104.1	114.1	120.3	131.5	153.5	173.4	191.7	208.2	224.6	231.8	236	241.3	253.1	261.5	267.5	275.4	273.3	269.3	261.8	261.1	262.8	269.1	265	265.7	272.8	270.4	269.5	275.9	284.7	276.6	271.3	274.1	284.3	292.2	309.5	335.3	338	336.6	329.5	317.8	302.1	287.5	286.2	287.9	289.5	293.7	291.7	292.2	301.1	308.6	308.4	301.5	295.3	297.3	301.8	307.5	304.5	307.7	315	319.5	328	334	340.8	339.9	340.9	347.3	349	350.5	348.4	343.1	340.8	335.5	329.3	323.4	325.5	319.8	309.4	306.4	303.4	291.7	277.3	266.2	255.5	244.3	234.2	225.6	212.4	205	200.3	194	190.6	188.6	184.5	174	165.4	167.2	164.6	164.4	169.6	178.4	180.6	173.9	165.9	158.8	146.6	142.5	136.9	116.4	95.2	83.6	78.4	74.4	74.3	81.5	77.9	77.2	77	77.2	78.8	89.3	96.9	90	80.8	83.2	87.3	93.1	87.4	91.9	98.6	95.8	102.7	113.1	123.2	132.1	160.7	245	410	493.5	555.3	557	567.1	591.8	621.2	665.4	672.7	674	683.2	711	760	784.9	787.8	790.5	790.5
790.5	790.5	790.5	790.5	790.5	790.5	790.5	790.5	790.5	790.5	790.5	790.5	790.5	727	647.5	600	599	578	553	535.5	522	518	509	497.5	477	463	359.1	220.3	179.3	169.6	167.7	116.9	99.6	102.8	99.1	96	97.7	98.8	96.6	102.9	103.1	102.6	105.5	110.8	122.7	133.9	157.6	173.7	192.7	213.1	224.6	236.9	243.1	249.8	263.8	268.8	268	277.1	280.8	274.3	269.2	271.3	273	272.9	275.4	273.3	274.1	277.2	273.7	274.9	284.2	289.5	286.2	286.2	289.4	305.1	318	339.9	361.5	362.5	349.6	327.2	317.8	307.1	298.4	297.5	301.9	313.7	314	311.5	312.9	318.8	325.4	322	311.9	304.5	305.8	310.9	312.6	315.8	323.1	325.7	333.1	341.7	349.4	350	350.9	353.8	347.7	345.8	347.6	348.8	345.9	339.8	334.3	330.5	329.4	321.8	314.8	303.5	296.2	286.6	274.8	269.4	258.9	244.4	231.5	221	210.2	205.3	201.7	191.3	188.3	190.6	186.6	178.2	170.1	169.8	164	165.4	171.8	179.9	181.3	178.5	177.2	164.9	152.1	150.2	148.3	130.8	109.3	92.4	79	72.4	71.8	71.8	77.5	73.9	68.1	74.1	80.5	87	91.8	92.2	84.1	82.8	84.2	91.6	91.5	92.9	101.6	98.8	98.1	106.9	118.4	128.5	148.9	180.5	320.3	517.9	569.3	569	571.7	592.5	624.2	660.7	671.4	676.5	684.5	698	722.5	760	783.7	787.5	790.5
790.5	790.5	790.5	790.5	790.5	790.5	790.5	790.5	790.5	790.5	790.5	790.5	790.5	738.5	642	609	610	578	557.5	535.5	527	521	503	487	471.5	450.4	322.4	210.7	188.2	183.5	179	129.7	112.3	109.4	99.5	96.9	97.7	101.6	100.9	102.6	106.7	108.8	106.6	110.9	126.7	142.9	159.1	183.5	202.7	217.1	225.8	243.9	251.1	257.1	267.7	267.8	272.8	279	282.4	277.6	274.5	273.9	271.3	271.4	270.9	279	278.9	283	284	278	286.7	299	305.2	302.6	296.9	308.6	320.2	341.5	378.9	383.4	361.4	341.5	324.6	314.1	304.1	304.3	305.8	315.1	323.4	323.5	328.4	325.3	328.8	338.4	338.1	321.5	308	311.5	314.4	320.4	324.5	330.6	345.2	354.1	353.3	353.8	360.3	363.9	363.5	367.8	371.1	353	342.1	333.8	326.6	322.7	317.4	314.9	309.6	293.8	285.1	279.1	268.2	259.5	251.7	238.8	231.2	216.1	207.9	206.1	197.2	186.6	182.2	183.5	187.2	184	183.2	183	177.6	170.4	172	177.6	175.9	177.8	182.2	172.6	152.8	141	137	130.1	116.3	99.9	88.8	82.6	79.5	78.7	80.8	73.8	70.2	70.6	72.7	79.4	88.8	90.1	81.9	82.3	86.9	93.8	98.4	94.6	99.7	97.6	95.2	104.4	113.7	116	141.8	163.5	268.7	462.3	569.3	579.6	592.6	637.8	672.4	668.8	672.8	676	680.5	694.5	713.5	752	782.7	784.8	789.3
790.5	790.5	790.5	790.5	790.5	790.5	790.5	790.5	790.5	790.5	790.5	790.5	776.5	760.5	660.5	620.5	633.5	588.5	557	536	521.5	512.5	498	485	468	402.3	274.1	210.3	187.6	184.9	183.8	130.7	103.8	100.2	97.6	101.1	99.2	97.4	99.4	98.8	99.1	102.2	106.3	110.2	125.1	143.7	161.8	187.8	207.1	217.7	229	247.5	253.1	259.2	265	266.8	277	285.7	278.6	276.5	278.8	277.1	270.5	272.4	273.5	280.6	288.8	289.8	300	296.8	299.3	312.8	319	317.4	321	332.1	333.1	352.6	394.1	405.6	384.7	355	332.1	327.6	318.1	316	320.1	322.4	334.3	341.4	350	344.6	331.7	339.5	358.1	352.9	326.7	317.7	322.8	328.1	328.3	327.6	348.8	364.3	362.7	359.4	370.8	376.9	378.2	392.6	391.2	378.4	358.1	342.5	334.6	327	316.6	313.3	306.7	295.8	287.7	281.3	274.4	262.6	250.4	237.8	232.1	223.6	218.4	215.2	206.1	198.5	194.5	188.3	185.2	188.5	187.3	190.4	185.6	182.2	176.2	183.7	183.9	181.6	183.3	180.8	168.3	141.4	128.4	128.8	122.3	108.9	86.1	78	75.1	76.6	78.1	74.8	71.8	71.1	69.8	73.7	86.3	88.2	86.1	82.6	80.6	89.9	99.5	100.6	99.6	97.1	89	95.3	107.6	112.7	127.8	145.8	194.5	338	514.6	588.8	606.4	655	675	661	657.8	668.8	676.9	681.5	695.5	724.5	775	790.5	790.5
790.5	790.5	790.5	790.5	790.5	790.5	790.5	790.5	790.5	790.5	790.5	790.5	777	766.5	662.5	640.5	642.5	590	553	530.5	508	497.5	491.5	478	462.5	403.8	274.9	203.5	179.2	177	177.6	120.5	99	103.1	102.4	99.2	92.8	88.1	91.2	96.2	100.3	98.7	103.5	117.5	131.8	150.4	180	201.5	211.3	220.7	237.6	251.6	256	263.3	266.5	271.9	281.3	281.6	282.2	284.3	279.2	278	275.2	269.8	278.8	286.8	289.6	298	303	309.1	305.5	313	317.6	321.1	336.6	347	341.5	357.9	388.1	398	389	361.7	339	330.5	321.2	320.2	327.8	331.5	338.5	349.4	360.1	357.5	348.9	339.8	349.9	362.4	349.4	328.1	317.2	328.9	335.9	332.6	344.4	365.9	368.9	366.8	372.8	381.1	388.2	392.2	392.6	381.5	366.8	350.2	345.3	335.6	322.4	311	306.4	301.1	292.6	280.4	273.2	262.3	249.9	235	229.1	227	221.4	217.3	212.4	210.2	207	202.5	193.6	190.4	187	185.4	190.2	185.8	179.1	179.2	175.8	170.6	171.5	180.2	174.3	154.2	130.5	113.6	115.2	117.4	88.3	60	54.7	56.2	55.5	55.4	60	63.1	71.2	75.7	85.5	87.6	87.9	83.8	77.8	83.3	92.1	98.7	94.1	94.8	83.5	78.7	92.4	96.6	105.7	132.3	167.8	297.9	457.9	554.2	640.8	676.5	673.5	663.9	662.9	670.9	676.9	681	692	714.5	763	790.5	790.5
790.5	790.5	790.5	790.5	790.5	790.5	790.5	790.5	790.5	790.5	790.5	790.5	789	777	672	622.5	632.5	591	554	526	506.5	498.5	495.5	480	461.5	391.4	241.5	184.7	172.2	172	178.9	122.3	98.8	101.9	91.7	86.3	82.8	87.2	92.5	95.7	98.4	98.2	107	123.4	135.9	158.5	184.3	199.1	205.1	219.7	241.6	253.1	260.5	265.6	266.9	274.4	282.4	277.7	278.9	280.4	277.7	275	278.5	270.5	278.6	288	299.5	309	309.5	320.3	328.4	324.8	331	347.3	354.5	360.9	362.2	373.9	391.2	407.6	402.7	376.3	354.3	337.8	332.4	336.8	343.6	346.8	353.5	355.3	363.4	365	354.9	346.4	337.3	348.3	358.9	345.6	323.4	319.6	336.6	343.7	343.7	362.7	377.5	384.2	388.3	390.2	397.7	393.8	391.3	383.8	374.5	369.9	359.4	343	329.1	313.8	310	307.1	298.4	287.9	271.8	263.8	257.4	245.6	238.2	233.5	226.1	222.5	218.1	213.6	213.3	212.7	204.2	192.6	190.3	189.2	190.5	186.7	182.8	182.2	180.4	175.6	171.7	177	178.4	165.1	140.5	121	112.2	117	101.2	74.1	55.9	49.9	50.2	48.1	48.8	54.8	63.5	71.2	78.8	84.3	85.8	89	82	80.7	83.6	95.1	96.6	98.4	92	80	83.8	91.7	98.1	122.6	147.5	226.2	413.9	518.4	628.8	676.5	677	675	673.5	674.5	678	678.5	682	687.8	720.9	769.5	785
790.5	790.5	790.5	790.5	790.5	790.5	790.5	790.5	790.5	790.5	790.5	790.5	790.5	771.5	651.5	630	621	579.5	538	514	516.5	517.5	507	485.5	467	366.1	228.7	184.6	179	183	184.6	176.4	147.7	104.4	86	86.9	85	89.1	98	93.2	100.8	104.8	116.4	119.9	135.2	156.5	171.1	192.4	204.8	224.7	244	251.9	263.1	268.5	269.9	279.7	281.8	285.5	289.7	283.1	277.5	280.3	281.3	273.3	283.7	293.8	306.1	315.7	316.1	326.3	331.2	327.3	336	351.1	358.7	361.3	362.3	379.9	397.8	406.3	399.6	384.7	371.3	354.3	344.2	340.4	338.9	348.1	357.2	359.6	359.8	370.1	369.4	353.2	336.9	340.5	351.2	349.9	337.9	325	329	342.7	344.4	354.1	367.5	380.8	390.5	400.6	405.7	395.9	389.7	385.7	384	375.3	364.4	350.6	332.3	317.4	317.5	312	304.3	294.2	278.7	266.1	261.4	253.9	249.8	246.3	233.3	228.4	226.4	223.7	220.4	218.1	213.1	199.7	196.1	193.2	186	181.7	186.5	186.6	184.5	177.5	170.6	170.1	170	161.9	148.1	135.8	115.8	96.7	92.1	89	73.9	58.4	54.3	47.4	46.6	52.5	53.1	56.3	68.6	83.1	86.6	87	78.4	73.7	78.3	87.4	94.5	94.6	92.8	90.8	92	92.3	93.1	98.6	127.6	199.3	361.5	513.7	626.5	669.7	678	676	673.5	674.5	677	679.5	680.5	683.8	710.7	761	778.5
790.5	790.5	790.5	790.5	790.5	790.5	790.5	790.5	790.5	790.5	790.5	790.5	789	768	719.5	644	620.5	593.5	560	537.5	525.5	520	497.5	474	433.5	287.8	206.8	182.8	182.6	179.8	176.7	166.3	143.4	107.6	87.2	81.9	83	91	87.3	95.7	100.3	97.9	107.5	117.2	122.6	147.8	165.6	184.6	203.4	220.2	239.2	262.2	269.8	264.7	263	268.1	274.1	277.2	282	287.4	286	293.6	296	294.6	288.3	295.3	309.8	316.3	324.2	330.9	338.4	344	350.3	367.8	376.5	376.9	389.1	395.4	405.3	409.8	396.8	387.6	390.8	394.4	384.2	364.5	355.4	352.9	365.4	368.2	369.1	367.2	376.9	381.7	355.6	343	342.8	349.5	356.7	358.1	338.7	341.3	359.2	360.5	359.5	372.1	387.4	400.7	404.4	398.6	392.8	388.4	385.6	379.9	372.6	367	346	331.8	322	317.2	308.6	298.8	292.9	279.3	270	261.6	255.8	252.8	246.1	236.9	233.4	228	220.7	218.8	219.6	212.2	204.5	194.8	189.1	185.1	185.9	189	184.9	178.3	178	175.1	164.3	158.1	144.4	143.2	139.7	111.9	88.8	83.5	85.8	76.3	60.2	60.2	49.3	46.4	54.1	55.8	58	71.5	84.9	89	85.7	80.8	77.6	81	83.3	92.2	92.4	88.5	102.4	97.2	89.8	98.9	111.2	162.6	325.2	455.3	600.5	666.7	668.5	674.4	673	673.6	675	676.5	676.5	681.5	691	720	759
790.5	790.5	790.5	790.5	790.5	790.5	790.5	790.5	790.5	790.5	790.5	790.5	786	766.5	701.5	676.5	634.5	564	535.5	533.5	524.5	507	480.5	460	389.6	247.2	184.7	167.2	168.9	173.4	171.3	169.9	172.8	141.8	101.3	90.1	85.2	89.7	89.1	97.3	104.1	107.2	110.6	124.8	146.5	166.8	185.8	201.2	213	228.9	246.5	265.1	267.7	262.1	264	271	277.1	279.6	286.6	285.5	286.8	297.2	293.6	291.3	299.1	307.2	317.5	317.6	321.8	329.3	339.6	344.6	354.4	368.1	374.5	382.3	389.6	396.8	407.3	405.3	403.7	393.7	390.5	391	396	383.8	363.8	355.6	361.4	369	373.2	372.2	374.9	377.9	373	359.2	345.4	343.3	349.8	356.4	351.3	355.6	369.9	374.6	362.2	359.9	373.2	388.1	388.4	385	384.7	381.1	379.3	377.9	373.3	369.3	344.7	334.4	332.2	320.8	313.3	303.9	295.4	285.4	277.4	267.8	260.8	252.2	247.4	241.1	235.7	234.8	229.2	223.8	222.2	216	210.1	201.2	197.5	194.8	188.4	190.1	182.1	171.8	172.1	170.7	161.8	156.5	144.4	138.2	134	118.6	98.3	85.1	83.9	80.6	71.2	69.7	56.1	50.1	52.5	54.9	54.6	60.9	75.9	86.5	86.1	80.7	75.7	76	84.8	90.1	94.7	92	96.7	100.4	91.3	93.6	103.6	145.5	303.8	462.3	615.2	668.1	672.4	676	673.5	671.1	675	676	676	680	687.5	711	753.5
790.5	790.5	790.5	790.5	790.5	790.5	790.5	790.5	790.5	790.5	790.5	790.5	787.5	771	736.5	702	661	573.5	534.5	531	518	496	480	416	269.7	189.1	165.5	159.4	159.5	164.7	174.1	179	178.8	152.3	104.2	92	98	94.2	91.6	91.8	95.3	103.2	117.7	128.4	147.5	163.2	190	199.9	208	227.1	253.7	268.8	267.8	261	263.3	273.5	280.3	287.9	298.3	292.1	296.1	308.3	302.2	291.4	300.2	310.9	318.6	319.1	328.6	331.3	336.5	345	360	372.1	383.8	399.5	411.9	417.4	419.9	425.7	424.5	415.7	414.1	410.9	406.3	395.6	380.4	364.4	358.7	363.3	368.7	370.7	373.6	377.8	386.6	380.5	367.8	356.5	350.8	354.4	362.8	364.6	367.3	371.6	373.1	358.4	359.3	371.9	379.4	380	380.3	376.2	372.9	373.8	369.4	363.8	356.2	346	338.4	334.5	322.7	314.1	306.3	297.1	290.4	282.8	271	265.2	262.6	257.2	246.5	240.9	235.4	228.5	228.3	220.4	216.5	212.6	203.8	198.7	193.8	184.7	187.4	175.2	167.9	168.8	166	159.1	153.4	140.5	135.3	128.9	108.4	89.9	83.7	82.5	81.6	76.3	65.7	54.3	51.1	53.1	53.1	49.3	61.6	77.6	84.5	81.4	75.7	76.1	81.2	88.5	93	96.6	97.7	102.4	96	95.7	108.1	133.3	242.3	427.9	572.6	675.5	676	674.4	672.8	668.3	669.6	674.5	677	677.5	680	683.7	710.7
790.5	790.5	790.5	790.5	790.5	790.5	790.5	790.5	790.5	790.5	790.5	790.5	774	759	749.5	741	652	550	531.5	519	503	486	473	384.8	241	187.8	173.8	170.2	170.3	173.5	173.8	172.8	170.6	122.1	100.9	98.4	102.6	100.3	91.2	91.8	97.9	105.1	110.7	113.3	130.6	152.4	174.4	183.8	205.1	228.1	251.7	267.3	269.5	263.5	269.9	273.7	278.2	287.6	300.3	295.5	301.7	309.1	303.8	305.8	312.4	315.1	316.7	320.9	327.3	332.2	332.1	347.3	370.9	389.6	398.2	412.4	422.2	418	425.1	422.4	421.5	411.6	410.6	416.4	409.7	395.1	390.7	379.4	361.8	363.9	362.7	366.1	377.6	379.5	370.9	370.5	383.9	375.3	365.7	359.7	351.6	365.7	367.8	359.1	370.2	366.7	356.3	359.2	369.6	379.2	378.2	375.2	372.5	370.4	363.4	362.2	356.5	348.3	356.8	354.5	336.4	321.5	312.9	305.2	291.3	289.4	282.7	273.9	270.6	265.1	256.2	248.2	239.3	235.5	235.5	227.9	219	219	214.6	203.4	195.2	187	188.2	179.1	172.4	167.7	161.3	152.4	144.8	134.2	130	125.2	109.7	98.4	87.6	76.6	75	81.5	77.3	73.2	69.2	61.9	60.1	53.7	57.5	65.3	76.7	80.1	79.6	82.3	79.8	79.8	89	97.5	99.1	102.9	107.6	95.7	109.3	139.9	214.6	405.8	561	669.7	673.2	675	674.4	670.4	669.1	674.1	678	678.5	681.5	687.7	721.8
790.5	790.5	790.5	790.5	790.5	790.5	790.5	790.5	790.5	790.5	790.5	783.5	767	754	747.5	740.5	647.5	553	535	521	501	478.5	466	370	235.3	184.4	174.7	173.6	173	173.7	169.3	161.6	154.8	120.9	97.3	98.6	97.7	96.2	88.7	90.5	96.3	92.7	96.7	108.2	131.2	150.9	166.6	182.3	206.4	234.2	258.1	266.7	265	265.1	271	277.6	291.4	298.9	303.7	299.2	311.8	322.8	312	309.1	319.7	321.8	322.4	326.7	332.5	337.9	347.7	366.6	388.6	408.1	416	426.8	432	429.1	430.9	426.3	417.8	416.6	415.2	413.2	413.9	406.7	396.1	390.3	368.4	362.9	374.6	380.1	380.7	380.8	377.1	377.1	386.2	389	387.4	380.4	363.3	366.7	372	367.6	363.6	363	369.4	365.1	366.1	376.4	384.2	389.2	385.7	375.6	369	367	363	360.8	367.4	363.1	348.9	329.2	317	309	298.4	295.7	288.1	281.8	284.4	272.7	261.2	255.1	245.7	239.5	244.9	235.7	231.2	224.5	218.7	206.7	201.5	194.1	186.1	179.3	178.2	173.5	159.6	148.8	147.1	138.7	130.4	125.8	107.2	99.1	91.3	80	73.8	76.3	79.6	79.2	77.9	70.3	61.3	58.8	60.6	67	74.5	75.9	75.6	79.5	78	73.8	83.1	93.8	101.1	104.3	109.5	105.2	120.1	151	194.3	330.2	553	664.1	678	676.5	677	673.5	676.5	675	674.5	678	681.5	685.5	699.5
790.5	790.5	790.5	790.5	790.5	790.5	790.5	790.5	790.5	790.5	790.5	781.5	767	752	745.5	671.5	567.5	544.5	535.5	514.5	504	491	476.5	361.4	231.4	182.4	166.1	158.6	156.6	163.5	159.8	159.7	169.6	135.5	114.2	113.8	109.4	95.7	89.6	85.9	83.1	88	101.2	114.1	132.1	147.5	165.8	188.7	211.6	241.7	264.1	269.9	266.7	265.6	276.2	285.2	289.9	302.4	303	304.2	318.6	319.6	315.9	317.8	319.1	331.1	330.9	336.1	340.9	345.5	365.6	379.7	399.2	419.1	432.8	444	446.4	440.8	438.4	427.4	422	418.7	407.5	407.5	412.1	407.9	397.8	390.8	379.1	364.5	368.8	385.3	386.8	386.9	386.5	386.8	386.6	388.2	396.7	397.6	391.1	391.9	381.3	373.1	365.6	353.9	358.8	365.5	366.3	366.2	375.8	397.8	397.5	388.9	383.9	380.1	376.5	373.3	375.4	371.7	366.1	352.2	340	327.1	312.9	303.3	296	290.1	290.1	279.4	271.5	260.5	250.5	244	249.1	246.5	243	232.4	219.4	210.2	204.3	199.5	188.6	180.5	174.1	174	158.1	143.5	142.2	137.9	125.1	120.5	103.7	92.6	85.5	82.4	76.6	72.5	68	72.7	84.2	85.8	84.1	79.2	68.9	72.7	76.3	72	70	75.5	80.6	81.7	77.6	85.8	100.6	109.4	109	118	139.4	154.3	201.5	339.9	595	673.5	678	677	676.5	673	675	674.4	674	677.5	680	681.7	686.7
790.5	790.5	790.5	790.5	790.5	790.5	790.5	790.5	790.5	790.5	781	775	762.5	749	742.5	672.5	564.5	545	534	507.5	497	489	449.8	268.1	189.7	174.9	165.2	160.9	161.4	161.1	159.9	165.9	168.1	145	121.2	110.6	107	95.2	89.3	86.3	83.5	89.7	103.4	117	131.4	145.9	165.5	192.8	220.4	249.9	262.6	265.8	268	273.1	279.8	288.6	299	310.4	311.2	311.9	324.4	321.2	312.5	322.4	332.2	338.1	342.2	342	349.6	365.4	384.7	399.7	417.5	439.5	450.6	458.2	467.4	462.2	443.3	427.6	419.6	422.5	417.2	416.9	417.3	417	409.2	397.2	390.1	378.8	370.7	382.8	397.6	398.1	397.8	402.9	402.2	395.6	404.3	413.4	411	409.9	400	387.2	378.8	369	372.2	376.2	378.1	380.8	383.7	397	394.6	393.7	397.3	394.9	391.6	386.8	381.5	375.1	370.3	366.1	359.3	342.2	326.7	318.9	305.3	299.5	294.8	284.1	278.6	271.5	261.4	252.8	256.2	255	250.5	245.1	230.8	219	214.3	209.4	195.5	181.2	175	171.9	158.6	145.9	140.4	142.2	131.3	126.9	112.3	93.1	84.2	82.5	84.9	77	66	72.9	77.7	83.5	86.7	86.2	76	73.5	75.5	71.3	71.4	72.1	78.9	83.7	82	82.2	92.6	107.6	110.1	112.8	130.6	151.6	209.3	321.4	548.8	675.9	677.7	674.9	673.5	672.2	668	663.4	659.7	667	675	671.9	670.5
790.5	790.5	790.5	790.5	790.5	790.5	790.5	790.5	790.5	790.5	779	773	759.5	747.5	740.5	648	557	554	529	507.5	491	474	426.1	245.1	178.6	171.3	167.8	164.6	168.2	173.4	179.8	178.7	169	123	99.7	93.1	88.6	88.6	86.3	88.8	93.8	96.8	103.2	105.8	121.2	138.9	167	197.3	235	259.7	267	268.5	272.9	275.2	282.4	299.6	308.1	317.1	316.7	318.6	325	319.8	316.1	331.1	343.7	344.9	345.5	347.7	360.6	379.8	398	415	433.6	448.3	460.8	473.5	484	479.8	460.9	446.9	432.5	433.9	427.9	424.4	428.7	426.9	415.6	406.3	399.6	388.9	377.7	370.9	383.5	390.4	392.7	398.5	405.1	402.7	403	413.8	424.1	423.3	415.8	412.8	407.7	412.5	415.5	408.5	405.6	407.3	409.8	410.6	405.7	405.9	402.1	404.3	405.1	394	389.1	377.7	364.4	367.8	369.8	356.9	342.2	332.2	317.5	308.3	304.7	295.1	290.3	282.8	271.2	260.1	259.5	258.2	256.6	249.4	237.4	229.3	222.2	218	201	184	178.4	170.3	158.9	145.8	136.4	139.7	140.1	135.4	117.8	95.9	80.6	71.6	65.8	68.8	69.3	77.7	75.4	76.9	76.1	81.5	87.6	83.5	82.7	78	76	78.1	81.3	83.8	90.6	88.3	91.4	100.4	101.6	103.9	129.9	166.9	231.1	379.8	596.6	660	671.6	678	676	674.5	671.5	667	661.8	667.2	674.7	673.2	674.6
790.5	790.5	790.5	790.5	790.5	790.5	790.5	790.5	790.5	785.5	770.5	757	748.5	741	730.5	656.5	558	556.5	530.5	507.5	484	469	348.6	194.3	174.8	162.9	165.1	169.7	174.9	178.3	179.7	183.7	173.3	117.6	90.9	87.5	91	84.5	80.7	91.8	97.7	98.7	103.4	105.7	118.5	139.1	169.2	203.1	237.6	259.1	262.1	270.7	280.9	280.8	292.2	311.8	319.3	320.2	324.5	330.2	326	323.1	315.9	324.1	338.2	345.1	345.8	352	375.8	402.7	420.1	428.9	443.8	463.3	478.2	490.2	496.9	492.2	465.5	449.5	439.4	436.7	435.4	433.9	439	439.4	433.1	417.9	405.9	399.6	389.5	382.6	378.8	387.2	394.1	401.3	403.5	404.4	399.4	402.3	411.8	412.5	418.8	422.4	418.2	416.4	423	423.9	424.5	419.9	415.3	407.5	413.1	409.6	402.1	399.7	403.4	400.1	397.5	391.8	366.7	362	362.7	357.6	342.5	325.4	312.2	308.3	301.3	296.6	293.6	291	284.9	273.3	261.2	257.1	252.3	253.4	245.7	238.5	237	227.3	209.2	189.7	178.6	170	158.6	148.2	137.6	141.6	145.7	139.1	117.8	99.1	85.9	74.4	64.5	60.7	65.1	68.9	72.7	76	73.5	75.8	77.4	84.2	83.5	71.3	68.8	73.3	77.3	80	83.8	84.1	88.7	94.1	102.4	100.5	116.9	151	245	428.6	623.1	656.1	673	677.5	674.5	673	671	671.6	670.9	667.7	671.1	677.2	682.4
790.5	790.5	790.5	790.5	790.5	790.5	790.5	790.5	790.5	785	769.5	753.5	745	737	713.5	587.5	555.5	552	523.5	499.5	476	459.8	309.8	190.7	179.7	174.9	182.2	189.2	194.3	188.1	177.8	170	156.3	106.9	81.9	81.1	78.4	79.5	93.2	109	104.3	90.4	87.4	101.1	121.7	142.8	180.5	217.3	253	262.9	268.6	278.9	285.1	285.3	301.7	317.9	317.3	322.1	325.9	326.1	323.5	321.4	318.5	330.3	344.1	346.1	353.3	369.9	388.9	412.3	427.3	431	447.9	480.5	494.3	510.5	520.9	505.9	487.4	473.1	461.7	460.2	456.3	453.3	453.6	458.2	451.6	437.3	427.2	421.8	410.7	400.5	387.6	389.5	392.4	403.9	414.2	405.1	398.4	403.3	408.2	416.8	426.5	434.3	431.4	430.9	439.2	435.5	437.7	439.6	440.2	434.8	441.6	449.3	446.1	434.1	418.9	405.8	399.6	391.2	366.1	362.4	366.9	357.5	340.6	327.7	315	307	300.7	300.1	296.7	291.6	290.4	281.9	271.9	263.4	255.1	256	249.2	244.8	242.3	235.4	212.8	195	180.5	170.3	158.8	149.2	142.7	145.1	142.9	134.2	114.8	92.8	81.5	71.2	70	58	52.7	50.7	54.7	64.3	67.4	69.3	71.1	77	83.8	69	59.3	66.8	78.2	88	87.6	84.8	89.4	92.8	100.2	101.7	113	142.9	249.5	436	590.1	663.9	675.2	675.3	675.3	672.8	670.7	669.2	670.8	666.6	671.8	680.1	682
790.5	790.5	790.5	790.5	790.5	790.5	790.5	790.5	790.5	784	766	751.5	741.5	730.5	701	584	548.5	545	518	492	477.5	426.5	264.4	199.8	183.7	187.4	195.7	191.3	189.6	181.7	169.8	156.5	152.4	104.5	81.2	79.3	79.4	86.1	99.9	109.3	99	84.4	87	102.3	121.7	144.9	183.2	223.8	254.2	262.3	268.6	283.1	287.2	293.1	311.9	320.7	318.5	322.7	324.8	325.3	329.3	327.8	324.7	336.6	349	356.5	375.2	406.1	425.1	439.8	447.1	450.4	465.5	492.3	506.6	527.6	533.6	507.3	487.4	489.4	486.4	478.2	472.5	468.3	462.5	454.9	451.1	450.3	444.2	435.6	420.8	412.1	407.1	392.8	390.6	394.6	403.7	412.5	404.6	407.2	414.9	428.1	432.5	439.7	442.2	442.5	439.7	434.4	437.2	430.8	431.2	438.1	438.5	447.9	451	444.8	427.6	409.6	411.2	399.7	372.7	366.2	370.2	365.7	350.9	337.2	322.5	310.3	305.5	302.3	297.5	294.2	289.1	289.7	282.8	269.3	258.9	251.9	249.5	244.9	246.4	243.8	224.7	203.9	190.5	174.8	168.1	150.9	143.8	145.6	136.9	130.7	114.7	91.4	80.8	72.8	71.5	59.6	50.1	47.3	46.9	56.8	63	65.8	73.9	72.2	81.5	77.2	57	58.4	74.8	89.4	89.6	87.3	93.6	90.1	94.5	100.1	112	136.2	228	401.6	561.5	650.5	671.7	672	671.7	672.4	676	673	671.2	670.8	671.5	678.5	681.5
790.5	790.5	790.5	790.5	790.5	790.5	790.5	790.5	790.5	782	766	753	741.5	731.5	649.5	553	537.5	513	500.5	489	478	419	269.4	213.4	196.1	187.3	176.8	165.2	161.6	157	155.4	154.2	150.5	107.5	80.5	92.8	105.9	108.7	103.4	88.5	82.6	86.1	97.3	108.7	136.3	168	202.1	244.4	261.3	263.2	273.2	290.6	300.9	307.7	318.8	325	326.7	322	325	333.6	336.2	333.3	336.1	348.6	358.8	366.4	389.6	413.9	432.8	445.6	460.6	466.9	483.9	504.6	515	530.3	524.5	493.8	477.5	483.5	494.7	496	495.6	489.2	468.7	456	451.2	454.3	449.9	437.4	427.7	424.9	417.5	409.5	407.4	399.5	398.7	412.6	415.5	412.5	418.4	425.3	433.6	444	447.9	444.4	437.2	427.4	434.3	435.4	428.8	436	445.5	454.5	451.7	445.9	429.4	416.3	411.9	398	371.9	368.3	371.5	359.8	354.5	348.6	330.8	313.6	305.1	304.1	303.1	298	296.8	293.7	289.7	278.8	269.8	258.8	248.2	245.7	249.8	248.7	230.3	208.7	192.3	176.9	167.2	151.2	140.9	143.4	140.3	133	117.3	94.6	82.1	76	70.2	62.9	51.7	48.1	46.2	51.1	60.6	64	68.8	70.8	79.2	75.2	62.7	55.2	60.3	78.7	89.5	91.4	98.8	96.8	89.7	99.7	109.3	138.1	219.8	380.7	542.3	646.2	656.5	671.6	674	676.2	676.5	674	675	674	671.3	678	681.5
790.5	790.5	790.5	790.5	790.5	790.5	790.5	790.5	790.5	774	762.5	752	739.5	732.5	660.5	555	528	508.5	502	488	485	378.2	251	208.8	189.1	176	170.3	160.1	154.9	158.2	154	155.2	153.6	116.8	83.7	97.1	110.6	108.1	97.8	81.2	81.6	90.8	97.5	111.2	138.7	173.9	207.7	245.2	262	263.2	274	291.6	309.5	321	325.4	330.3	330.8	328.6	331.5	335.3	340.9	341.9	348.8	359	374.2	398.9	426.9	444.2	451.5	454	460.4	474.3	493.6	511	522.2	531.5	510.1	484.8	477	480.1	497.4	503	503.5	494.5	469.5	461.4	457.5	457.6	457	448.6	442	433.9	418.1	410.5	411.8	401.7	400.5	411.3	413.1	411.6	419.9	426.1	426.6	441.8	447.4	448.2	440.3	428.1	427.2	431	435.1	440.9	449.8	460.7	453.3	442.9	427.7	410.7	418.5	406.7	374.6	368.5	370.9	362.9	356.6	355.4	343.5	326.6	311.5	309.5	306.4	297.8	298.1	293.6	286.9	278.7	269.6	261	254.4	246.3	249.2	245.8	233.9	216.3	197.1	183.1	169.6	157.2	142.3	141.7	140.5	132.2	122.4	100.1	83.3	74.4	66.9	60.9	50.5	43	41.4	45.8	55.8	64.6	65.9	65.5	72.3	76.2	65.3	56.9	56.7	70.3	83	91.1	90.5	97.2	89.5	91.8	103.7	123.7	187.4	297	485	632.5	652.6	664.7	674.9	681	677.5	674.5	674.5	674.5	673	677	678
790.5	790.5	790.5	790.5	790.5	790.5	790.5	790.5	790.5	774.5	763.5	754	743	726.5	613.5	546	524	529	525.5	503	489.5	370.9	247	203.6	174.1	162.3	166.3	165.1	162.4	163.2	161.3	157.9	155.6	128.3	100.5	110.3	110.2	92.4	83.3	88.9	93.5	90.8	96.7	113.3	143	181.5	221.2	251.8	266.3	271.1	282.4	297.2	313.5	324.9	333.6	338.1	334.3	334.8	336.3	339.5	349.1	352.5	360.4	368.7	384.5	399.5	420.8	438.4	450.5	456.6	473.4	478.1	489.4	504.7	510.4	514.2	506.2	492	474.4	473	484.5	488.8	492.2	490.2	470.9	463	461.6	461.2	454.4	451	452.2	443.3	427.5	419.1	410.2	407.1	404.8	417.9	419.5	424.5	434.5	430.8	427.2	441.7	451	464	463.8	450.8	446.2	442.6	447.1	454	455.8	453.5	450.7	443.5	427.5	410.2	408.2	410.1	392.6	378.6	376.4	373.2	368.2	362.3	353.7	335.5	318.9	311.5	308.9	300.6	296.2	295.1	285.7	279.3	272.8	266	258.2	244.5	249.1	250.3	235.1	221.9	204.2	185.2	167.8	155.6	143.4	139.3	140.1	130.4	121.9	105.4	85.6	76.4	64.7	57.1	52.5	41.6	40.8	46.2	51.7	61.9	67	66.9	64.7	69.7	65.3	57.9	56.7	65.6	79.9	94.1	91.2	96	96.5	92.8	104.9	117.8	190	305.6	490.2	617.3	643.1	672.2	674	678.3	678.5	677	675	676	676	676	678
790.5	790.5	790.5	790.5	790.5	790.5	790.5	788	775.5	764.5	754	745	739	711	607	550.5	531.5	533	516	492	479	341.2	247.1	205.8	179.6	173.7	167.6	160.9	161.6	161.8	159.9	154.3	149.3	137.9	105.8	117	112	95.4	89.4	91.3	95.5	93.5	100.4	116.8	145.3	187.9	226.5	255.5	269.2	273.4	286.2	306.7	318.3	332.5	335.9	339.8	338.7	341	343.8	350	357.2	361.5	367.5	381.2	411.2	433.6	448.7	455.9	458.1	457.9	469.1	492.1	512.9	515.6	507.7	501.1	486.5	477.2	481.7	472.3	474.3	478.9	475.6	478.3	472.8	462.9	463.1	459.1	453	452.6	448.4	442.2	428	418.2	415	410.2	408.1	414.1	417.1	428.6	434.5	435.2	430.3	435.1	451.4	465	459.9	448.2	441.8	442.2	450	450.4	458	470.3	460	451.1	443.3	426.5	435.6	422.6	390.9	383.6	385.7	378.9	370.6	364.5	357.2	343.9	329.4	321.6	313.7	298.2	290.5	288.4	285.7	280	278.6	269.7	257.3	248.1	249.6	249.7	239.7	229	208.7	188.8	177.9	161.3	146	142.8	140.2	136.1	126.5	113.6	93.2	75.4	67.8	57.1	53.5	45.8	39	44.4	52	61.7	64.4	68.2	66.9	61.7	67.2	58.7	57.5	64	78.1	94	92.7	91.5	98.7	94.8	106.3	128.6	200.7	347.2	506.4	614.8	653	680.6	677.7	675.7	675.6	675.9	670.8	670.1	666.8	666	673.8
790.5	790.5	790.5	790.5	790.5	790.5	790.5	787	774.5	763	753	742.5	696	609.5	563.5	540.5	537.5	521.5	485	471.5	447.7	321	259.1	214.5	179.2	172.2	162.4	162.6	159.8	153.9	154.3	154.4	158.9	149.8	113.6	111.3	106.9	99.9	96.6	99.5	91.9	94.2	103	117.8	150.4	199	237.6	255.6	266.5	279.7	295.9	312.1	325.5	336.4	345.4	344.1	346.7	350.9	355.4	362.8	366.5	367.7	372.3	393	417.9	438.4	450.4	456.3	454.7	462.2	472	494.1	507.6	506.3	502.3	489.7	474.2	463.1	463.8	450.8	453	453.6	453	452.2	454.6	456.9	460.7	456.5	459.2	465.2	456.9	453	437.7	422.9	422.1	416.8	411	412.6	416.9	424.7	430.7	438.3	440.3	438.6	451.5	459.9	451.5	444.9	435.3	435.9	441.7	442.3	445.5	454.7	449.5	440.6	433.7	432.5	445.7	429.7	401.9	396.3	389	380.1	382.6	380.7	371.5	361.3	344.2	330.7	319.9	303.5	285.7	287.1	291.1	290.2	284	277.1	266.3	254.8	251.2	252.3	247.6	234.7	211.9	194.7	177.4	160.5	146.7	141.9	145.1	143.4	134.4	121.6	107.1	80.9	72.5	62	55.7	49.7	39.3	39.3	51.3	62.4	68.2	70.3	73.3	67.4	63.1	58.9	56.6	59.1	77	94.9	98.3	95.9	97.9	100.7	101.6	125.9	229.7	379.2	525.8	651	682	682	680	679.6	677.6	676	673.2	673.7	671.5	666	669.6
790.5	790.5	790.5	790.5	790.5	790.5	790.5	785.5	771.5	761	748.5	737	684.5	615.5	559.5	530.5	529	513	480	467	436.1	306.9	220.7	186.8	171.7	163.9	159.2	161.3	160.8	158.5	155.7	159.5	165.9	144.6	113.3	109.7	105.9	102.3	99.4	99	93.3	95.7	101.2	122.3	154.9	211.7	251.8	264.3	276	290.1	302	317	330.7	340.6	349.1	354.5	357.3	358.1	358.5	364	366.3	364.4	374.3	397.5	424.5	446.5	456.8	457.5	451.3	456.5	468.5	483.5	495.4	485.8	478.5	459.2	445.8	444.1	445.4	443.8	445.8	443.7	440.8	440.9	441.5	454.3	460.2	451.9	449.5	452.8	449.8	443.7	440.8	427.7	418.7	409	402.6	406.4	410.5	411.5	418.9	430.8	429.4	426.3	434.5	434.6	424.7	424.8	425.3	422.5	420	421.1	431.7	447.1	437.4	424.4	418.1	420.6	434.7	419.7	397.6	383	366.2	358.1	362.8	360.2	352.7	349.4	338.2	318.4	307.4	291.7	279.7	281.4	286.5	283.3	276.2	273.9	270.9	262.6	252.2	251.9	248.5	239.7	224.2	202.3	187.5	168.5	148.5	145.6	148.3	146	131.6	124	116	90.2	69.9	62.2	56.1	52.2	45.8	37.9	45.9	60.6	69.2	69.9	75	72.1	65.8	56	52.5	56.7	70.4	90.7	99.7	98.2	97.8	105.5	114.6	134.2	260.7	415.9	503.9	622	681	680.5	681	680.5	681	677.5	674.5	676	674.5	673.5	677.5
790.5	790.5	790.5	790.5	790.5	790.5	790.5	784.5	770	757.5	744.5	734.5	709.5	624.5	527.5	523	522.5	490	464	459.5	429	296.8	205.8	176.4	166.9	162.2	160.5	152.6	156.2	161.9	165.1	167.4	175.2	164.5	148.6	129.5	116.4	112.3	99.2	88.7	91.6	93.7	96.7	122.5	169.3	229.8	264.2	276.6	287.6	300.1	311.8	323.3	335.3	348.9	356.4	363.3	370.1	366.9	369.2	368.3	365.8	366.1	373.8	393.1	421.1	432.5	449.1	456.8	459.5	464	474.9	482.9	482.9	467.7	454.6	437.8	425.2	422.9	427.5	428.2	433.9	433.3	428.2	434	432.7	442.9	444.7	443.1	440.9	437.6	440.3	439.8	441.5	440.4	428.5	422.1	414.1	408.4	406.4	409.2	419.6	423.1	415.5	420.8	430.7	424.9	413.3	415.3	418.9	415.6	416.1	412.3	413.7	426.8	421.7	409.6	401.9	407.9	422.2	410.4	387.6	367.9	355.5	344.5	350.3	353	355.8	350.5	336.3	328	311.8	297.4	286.3	281	285.1	284.8	279.2	273.2	271	267.2	259.7	257.2	249	245.2	231.5	208.8	188.9	167.7	148.2	145	148.3	145.6	134.1	130.4	121.9	99.5	69.9	63.1	63.5	56.9	51.6	45	44.6	53.8	62.2	72	75.9	77.7	71.2	59.5	56.8	63	72.1	90.9	112.7	118.8	105.4	104.4	114.8	131.4	269.7	434.9	522	635.5	679.8	681.5	683.5	682	681	677.5	674.5	674.5	675	673.5	677
790.5	790.5	790.5	790.5	790.5	790.5	789	780	769.5	752.5	737	726.5	722.5	644.5	521	524.5	525.5	486	460.5	458.5	429.8	292.7	221.6	177.3	169.9	164.1	159	152.7	158.2	162.7	164.3	167.7	173.3	167.2	163.6	143.2	118.8	112.5	99.4	89.2	89.5	88.4	96.8	128.5	182.3	237.9	272.4	286.5	295.6	308.7	318.1	331.1	340.5	349.3	355.9	364.8	373.9	369.1	362.6	357.4	363.2	376.2	380.3	391.5	403.6	414.9	429.2	427.3	432.4	438	450.7	450.4	433.4	421.2	397.6	386.1	382.8	379	385.9	384.9	390.8	399.8	399.3	406.6	417	421.6	416.4	416.9	423	426.3	424.9	427.4	428.7	431	427.8	422.7	413.1	403.6	403.8	404.6	411.4	409.9	402.9	410.9	413.5	416.2	412.2	408.1	414.2	412.3	398.4	392.6	394.4	401.1	378.7	357.5	354.5	353.8	378.3	375.6	347.8	328.7	321.7	321.2	326.6	332.6	336.6	331.4	314.3	307.1	297.5	278.2	266.7	259.6	263	267.8	265.6	262.9	266.5	265.7	252.8	251.6	252.2	247.6	239.5	219.2	198.6	177.2	154.8	145.5	151.1	149.7	142.6	138.4	129.3	109.4	80	64.1	63.1	56.9	49.8	48.3	43.4	49.5	57.3	68.2	74	77.7	75.2	65.3	59	61.9	66.3	79.1	105.4	123.8	112.7	105.6	121.1	146.3	237	415	523.6	602.6	671	680	683.5	684.5	683.5	677.1	674.3	676	676.5	674.5	674
790.5	790.5	790.5	790.5	790.5	790.5	785.5	776.5	767	750.5	735	726.5	715.5	573.5	549.5	580	524	475	462.5	462	439.4	301.6	222.2	182	176.1	167.7	162.3	161.3	166.2	166.6	174.5	174.7	164.9	168.7	161.8	125.3	102.8	105	101.7	91.9	84.6	86.8	102.5	141	205.5	260	280.3	288.8	306.1	315.7	324.1	333.1	345.8	356.1	361.8	370.9	366.9	355.5	346.1	335	352.6	374.1	372.4	381.9	394.8	404.5	413.3	408.3	412.9	428.9	441.8	433.1	411.2	400.5	375.5	363.9	355.5	354.3	356.5	362.7	370.8	372.1	379.9	383.1	393.8	403.4	403.5	399.9	408.2	414.4	418.5	421.8	425.2	422.6	426.9	418	408.7	403.4	407.6	409.5	418.8	416.1	409.9	415.8	415.8	416.7	409.2	401.3	403.8	407.3	387.4	377.2	386.9	391.8	363.9	345	336.7	331.3	367.1	358.9	333	321.4	318.5	323.1	324	320.7	324.7	319.3	304.9	303.2	295.6	287.8	278.8	268.7	267.3	268.2	267.7	265.5	269.1	265.6	259.1	258.4	257	251.1	244.1	226.3	202.3	181.5	159.7	152.1	147.6	150.7	145.5	145.2	135.1	117.4	84.5	63.6	63.8	60.3	51.6	48.3	48.1	47.8	54	65.7	75.9	75.2	74.7	74	67.4	60.4	66.6	71.1	85.9	112.1	127.4	118.2	125.3	156.1	224.8	385.8	537.8	648.8	665.2	676.4	682	683.5	683.5	679.4	678	677	677.4	675	674
790.5	790.5	790.5	790.5	790.5	785.5	780	771	760	747.5	736	726.5	715.5	573	583.5	614.5	526.5	473.5	460.5	462.5	451.6	340.9	223	193.2	181.7	171.2	166.2	164.6	160.6	166.6	181.5	177.3	166	170	150.2	123	105.3	105	95.7	89	81.7	83.8	103.1	141.2	209.9	271.1	289.8	297.1	314.2	323	322.9	334.1	349	355	360.3	365.4	349.1	336.6	330.9	333.8	352.6	370	370.1	374.6	384.1	388.9	396.2	394.4	392.7	400.2	407.5	401	392.7	361.2	339.2	331.5	319.6	317.6	320.4	330.6	338.8	340.7	357.6	368.9	367.8	375.9	382.5	388.4	396	408	408.1	411.1	410.4	419.3	423.3	408.9	403.5	407.1	413.6	409.8	416	416.3	409.4	409.9	402.3	397.5	391.2	383	380.9	382	376	365.1	380.7	377	340	328	315.2	318.5	348.6	340	320.1	313.5	314.9	322.7	313.5	305.7	304.7	307.2	298.5	289	283.2	284.8	281.4	272.4	272.7	268.7	265.1	262.6	261.5	257.2	254.2	253.2	259.4	251.1	239.9	230.3	212.3	193.3	173.9	155.2	148.3	149.7	153	150.4	147	131.5	100.5	71.5	69.3	64.2	55.7	52.8	50.4	51.1	49.5	61.8	74.5	74.8	75	76.1	67.9	58.9	64.3	67.6	78.4	99.5	125.3	122.9	118.6	135.5	196.8	334.6	504	650.7	665.4	663.3	667.3	671.5	667.2	671	673.1	675.5	679.5	676.1	674.5
790.5	790.5	790.5	790.5	790.5	784	777	768	758.5	746	736	727.5	640.5	581.5	693	612	500	469.5	466	469	408.3	246	206	188.3	175.3	168.6	166	156.7	163.5	182.9	175.8	168	174.2	155.3	127.7	126	125.4	107.4	81.1	75.8	77.4	88.2	115.3	166.2	238.5	282.9	296.3	312.5	326.4	327.1	335.2	346.6	349.2	343.1	333.8	326	313.6	306.3	307.6	314.6	335.1	352.8	354.5	365	376.4	378.5	373.6	375.2	383.8	390.6	391	379.4	359.1	328.5	317.8	311.8	299	295.1	309.2	319.2	322.4	324.8	338.4	353.7	353.6	362.1	369.9	376.6	383.1	396.6	405.1	408.2	401.6	407.5	412.1	400.6	395.6	405.4	409.7	400.1	399.3	399.9	400.8	398.8	390.5	382.7	373.5	360.1	360.6	367.1	356.9	355.6	367.9	352.5	325.7	316	308.2	320.6	341.7	339	327.7	321.2	323.9	316.9	306.9	304	307	302.8	296.6	290.6	281.5	281.1	280	275.1	272.3	271	267.8	267.9	265.8	258.1	254.8	258.6	260.4	257.3	244.9	233.9	216.7	195.1	169.8	149.1	147.7	149.8	147	151.4	144.8	130.1	101.6	74.1	63.3	64.4	57.7	53.1	47.9	49.8	49.2	55.7	68.1	72.3	76.5	76.1	67.7	56.2	59.2	70.4	80.6	93	118	135.4	128	147.2	246.3	429.2	614	669	669.4	666	667.1	675.4	673.3	671.5	672.1	672.6	677.5	676.5	674.5
790.5	790.5	790.5	790.5	790.5	776.5	770.5	763	753	745	738	727.5	654	596	702.5	612	494.5	467.5	470.5	474.5	366.9	236.9	202.2	189.5	175.2	168.4	164.7	153.8	168.1	182.4	172.3	170.5	173.3	143.5	121.1	120.4	123.5	108.5	79.5	73.8	78.7	94.4	125.9	178.5	246.7	288.9	304.7	320.7	332.4	332.4	335.8	345.4	339.3	325.8	320.8	314	308	303.3	307.5	313.3	333	350.9	353.1	360.4	369.2	367.2	359.2	365.2	372.1	380.8	367.6	342.4	315.1	291.8	289.8	295.2	294.8	284.8	290.9	306.8	310.8	321.4	344.1	334.5	332.5	337.5	351.2	363.8	371	382.3	391.4	391.8	401.7	417.5	398.5	384.6	388.4	393.9	394.7	390.7	396.4	392.6	391.3	390.4	382.3	374	355.9	345.3	346.4	344.9	339.8	342.7	354.7	336.6	322.4	319.3	311.7	321	331.9	330.6	325	323.6	319.7	317.5	318.8	314	305.2	305.1	309.6	304.1	290.6	294	290.9	286.4	284.7	281.5	274	273.8	275.9	271.2	271.8	270.3	270	259	251.6	238	220.8	203.6	182.7	160.1	149.8	146.4	148.4	151.9	153.8	134.1	107.3	83.8	66.9	69.1	63.5	52.3	49.5	47.5	48.2	52.2	67.6	72.9	75.8	79.7	75.6	61.2	57.7	67.3	75.7	88.1	111.4	132.7	133.3	149.4	270.7	475.8	615.5	669.5	671.5	676	677	682	680	678.5	677.5	674.3	674	673.2	673.8
790.5	790.5	790.5	790.5	790.5	776.5	771	762	751.5	742.5	737.5	726	678.5	701.5	685.5	540.5	485	473	478.5	471.5	354.4	244	211.4	191.1	175.2	166.5	164.7	172.6	183.2	178.9	176.9	169.4	165.1	110.4	101.5	112.4	109.7	97.1	87.7	77.7	79.9	103.2	143.2	201.4	260.1	293.6	310.5	329.5	336.9	338.1	334	328.1	314.9	301.1	297.9	289.1	279.1	285.1	300.9	312	327.2	330.5	331.4	330.5	327.2	326.6	324.7	320	308.6	309.6	299	275.9	263.1	246.9	242.4	245.8	258.7	266	268.6	278.5	284.3	307.1	325.6	308	302.2	312.2	328.9	344.7	353.1	372.2	383.4	377.7	385.5	399.7	372.6	365.2	375.6	383.1	388.8	387.1	388.8	381.1	374.7	371.4	365.2	354.2	340.1	329.3	326.1	321.3	311.3	313.5	326.2	316.5	312.3	308.2	300.6	307.8	320.5	324.5	315.9	311.9	306.1	305.2	304.1	298.4	299.5	298.7	299.4	310.8	304.1	297.9	298.8	299.7	295.6	281.5	272.8	274.1	268.6	267.6	273.5	272.4	273.3	259.5	250.2	242.3	225.4	208.3	186.1	165.2	153.1	147.7	145.6	157.2	157.6	138.7	114.5	92.8	72.8	68.4	66.3	55.1	49.2	49.6	46.4	47.2	63.4	76.5	77.3	82.3	81.9	72	62.8	66.4	71.8	86.4	105.4	134.2	140.9	152.7	291.1	506.3	638.1	669	670.5	676	677	679.5	678.3	676.8	679.6	675.7	670.6	673.2	676
790.5	790.5	790.5	790.5	790.5	785	772	759.5	747.5	738.5	730.5	719	703.5	713	682.5	538.5	484	476.5	484	472.5	367.2	262.8	245.9	211.8	190.1	172.8	164.3	180.8	186.3	180.3	177.2	168.6	165.6	111	95.6	105.1	103.6	92.5	87	80.5	81.7	105.6	148.8	207	266.4	298.7	315.1	333.7	338.5	339.3	337	332.7	322.7	310.2	294.6	278.2	278.4	287.3	300.4	320.6	316.2	313.5	325.2	317.2	317.2	319.1	312.4	302.9	283.3	280.9	273.2	258.2	239	227.3	231.6	228.3	234.8	246.6	247.2	253.5	276.9	301.7	291	276.6	281.5	296.9	321.6	332.8	335	369.2	377.8	369	383	376.6	353.3	355.2	370.8	377.9	381.3	388.4	388.3	375.4	361.3	347.1	337	330.8	326.4	319.7	315	309.7	300.2	294.4	304.7	300.1	304	306.2	296.6	301.3	304.4	312.3	320.3	325.2	325.5	328	329.4	330.7	341.4	346.1	341.2	348.4	354.4	353.9	343.6	337.4	318.4	297.7	296.9	299.7	281.9	279.2	289	286.5	285.8	281.5	262.4	240.7	223.1	214.3	200.8	175.4	155.1	150.5	149.2	153.2	160.8	148.2	124.3	101.9	85.4	71.1	66.5	59.7	51.4	52.4	49.5	46.7	57.3	75.5	78.7	84.6	88.6	77	68.4	66.1	70.1	86.8	105.5	134.3	149.7	181.9	325.2	496.4	621.8	670	669.5	672.9	671.8	657.3	658.4	662.9	666.3	673.5	667	663.7	671.3
790.5	790.5	790.5	790.5	788.5	783.5	771.5	758.5	745	737.5	729	719	713	713	617.5	503	491	487	476.5	467	370.7	272.8	250.3	210	188.9	178	183.1	188.8	184.2	176.5	173.5	173.6	151	106.6	93.7	81.3	82.9	83.4	86.5	87.4	89.4	124.6	176	221.8	270	300.3	318.7	341	346.9	344.6	335.3	325.4	306.4	288.9	269.6	266.8	274.5	277.3	278.9	278.2	275.1	284.9	287.9	286.1	289.4	283.5	274.1	264.6	251.8	253	241.6	228.7	211	200.5	205.8	204.4	199.1	200.6	205.2	214	242.4	270.5	260.7	244.5	250.8	264.2	294.7	303.8	303.3	337.3	344	341.2	356.9	348.4	331.8	344.1	358.7	358.9	365	377.2	369.3	357.9	347.8	329.4	310.6	307.1	303.9	294.7	284.1	278.7	271.4	261.6	264.7	260.1	257.5	255.3	245.4	254.4	261.1	269.7	277.9	296.4	305.4	309.4	319.1	321.3	341.7	347.8	346.3	350.7	354.4	359.9	347.6	341.4	320.8	298.7	294.3	296.6	282.1	284	292.8	289.6	292.5	292.3	277.1	247.9	221.5	213.7	204.5	182.1	162.2	152.3	150.6	151.9	158.6	152.3	129	104.8	87	74	63.4	58.7	49.5	46.5	49.6	48.6	58.1	75.6	80.5	91.8	98.8	88.1	73.1	72.8	72.5	91.6	114.7	132.6	147.4	198.1	352.2	515	643.9	669	669.5	673	674.2	659.4	658.4	664	664.9	672.5	669.8	666.1	673.9
790.5	790.5	790.5	790.5	780	771	764.5	755.5	741.5	737	730.5	720	714	713.5	610	500.5	493.5	492	479	473	414.4	295.7	259.7	228.6	184	177.5	185.2	186.7	179.1	170.8	172.6	177.5	147.5	102.5	92.4	76.8	72.9	78.9	86	86.9	91.6	128.1	185.6	233	277.1	303.7	319.2	337.4	340.3	337.1	338.8	333.1	316.7	298.3	282.4	283.5	286.4	283	279.9	268.6	258.8	261.3	267.6	268.5	269.8	277.3	277.6	268.2	264.2	262.6	247.1	215.9	201.5	200.3	202.9	205.8	205.3	200.5	207.7	227.6	247	251.5	245.1	248	263.8	280.2	305	305.3	307.5	338.2	337.5	355.8	374.5	372.7	367.2	367.5	369	369.6	390.7	399.5	373	350.4	339	324.8	303.9	298.7	304.2	303.3	294.2	283.7	266.5	254.7	252.9	253.5	254	248.7	258.1	283.9	290.8	294	300.4	309.9	324	337.7	351.9	362.7	376.3	385.4	388.7	389	388.9	382.4	376.6	365.3	346.1	338.8	331.3	319.9	315.3	308	316.2	310.2	302.7	299.3	290.4	265.6	239.4	224.4	213	190.6	169.3	158.5	153.7	152.6	158.9	158.7	137.3	111.6	92.7	79.3	67	60.4	53.9	44.5	47.3	50.2	57.5	74.5	84	91.9	104.1	95.2	78.3	70.5	74	89.1	111.9	137.5	158.4	210.1	354.9	475.3	598.9	662	661.4	662.4	668.8	671.7	680.5	677	671.9	679.5	680	676.5	678.5
790.5	790.5	790.5	790.5	778.5	767.5	762	753	740.5	735.5	729	718	713.5	681	536.5	500	505.5	485.5	478.5	482.5	481	364.1	276.7	242.9	204.6	195.5	192.3	175.5	163.6	168.4	181.3	178.5	140.4	101.3	81.3	64.6	59.3	66.4	81.9	83.8	97.7	145.3	198	231.3	280.2	312.1	333.5	340.6	332	330.9	324.5	315.7	308	294.7	279.9	273.6	274.2	270.1	259.9	250.5	249.3	240.5	231.5	232.6	238.9	247.2	253.3	249.4	241.3	246.8	225.8	199.8	181.4	177.3	182.7	185.1	183.6	180.5	190.4	214	226.9	225.8	224.1	234.9	247.4	266.9	287.6	291.5	293.6	318.9	321.8	344.1	364	370.3	371.7	364.7	363.6	369.3	390.1	390.3	360.5	335.3	316	302.9	284.3	276.8	275.1	273.8	269.5	263.3	245.1	230.9	222.5	221.8	224.2	228	250.8	269.5	271.9	270.3	274.8	270.2	275.2	293.5	313	324.6	337.1	340.1	344.8	353.4	363.8	352.2	340.6	336.6	329.4	327.6	326.2	317.3	316.1	318.9	316.4	309.8	305	301.5	291.7	272.2	249.9	229.7	213.7	199.9	174.9	161.9	155	147.7	154.4	157.1	142.4	123	104.4	85.3	73.1	57.3	52.9	49.6	48.2	53.5	59.6	72.1	85.1	89.9	102.5	100.2	84.8	74.9	72.6	87.3	110.5	137.9	156.7	198.5	321.1	493	614	649.4	654.9	656	665	670.3	680	677.5	673.9	678.5	679.5	676.5	673.6
790.5	790.5	790.5	790.5	780	766.5	757.5	746.5	737.5	732	725	720	714.5	674	532	498.5	503.5	489.5	479	483	468.6	323.5	261.7	256.4	245.9	209.2	189.4	176.6	163.5	169.8	180.3	178.3	142.3	100.6	77.8	61	56.7	66.1	78.9	86.3	106.4	160.4	216.2	251.4	293.9	322.8	338.4	345.8	342.3	350.6	355.7	337.5	327	327.3	318.8	313.5	309.5	301.5	299.4	292.6	281.2	267.1	251.2	243.7	237.7	238.7	237.9	228.2	227.3	233.7	234.7	225.5	213.1	216.8	224.9	224.4	215.4	215.3	229.9	243.1	248.1	248.4	260.8	274	280.9	294.4	306.2	312.9	321.9	341.7	355.7	371.9	392	405.1	409.9	408.6	392.5	399.8	407.8	394.8	377	359.3	338.6	322.2	307.1	291.5	279.3	278.1	272.1	264.5	250.9	237.6	228.4	221.6	226.4	247.2	266.4	273.9	278.2	279.4	279.9	284.9	290.4	307.4	317.2	325.8	329.1	328.9	333	334.6	330.6	323.7	320	324	332	333.1	324.7	322.7	326	320.7	320.8	317.8	307	301.9	295.8	284.6	271.2	251.8	229.1	207.4	183.2	166.1	160	152.8	152.5	153.9	140.9	128.4	108	87.1	75.1	60.7	51.9	53.1	48.2	53.4	61	72.7	88	90.4	100.9	104.8	91.4	79	73.1	87.9	120.4	157.8	173.1	226.7	371.8	524.9	644.3	650.7	656.9	663.9	669.2	675.3	678.8	675.8	676.5	677.5	675.3	676	664.8
790.5	790.5	790.5	790.5	778.5	764	756	745	735.5	731	725	720.5	716	611	515	511	501.5	490	486	486.5	466	320.6	266.2	268.3	240.3	203.6	179.1	171.3	172.8	178.6	175.7	173.8	142.7	92.4	69.6	56.1	56.8	62.4	76	100.8	132.3	187.4	226.7	252.1	297.6	326.2	342.1	343.3	342.5	350.3	343.2	320.8	314.8	317.7	315.3	312.3	299.5	292.8	300.1	297.7	284.6	276.6	265.3	254.6	246	244.3	236.4	226.2	231.1	236.1	239.2	231.2	225.6	229.4	236.8	232	224.3	224.4	235.8	240.5	244	242.9	253.1	265.8	273.7	282.1	290.5	298.3	310.6	331.9	348.1	361.5	381.4	396.9	405.5	406.7	401.9	395.9	397	382.5	363.3	347.5	327.3	307	291.8	280.8	268.1	260	255.4	249.8	236.9	226.3	218.4	213.1	217.9	235.8	244.8	251	253	256.6	263.4	269.6	279.9	289.4	290.6	294.3	298.6	300.6	300.1	296.4	289.4	287.2	294	301.4	312.3	315.9	312	312.3	319.4	314.5	305.3	299.6	297.6	296.9	292.5	284.6	268.2	249.4	232.5	217.8	195.7	173	162.1	154.1	149.8	149.3	144.1	133.1	114.3	91.5	74.6	62.6	53.1	54.1	49.3	52.1	68.2	80.4	91.8	88.4	97	107.5	97.5	80.5	74.6	94.1	133.4	168.7	185.6	242.5	393.5	528.7	652.6	653.4	662.9	668	673	676.3	677	672.1	673.2	675.5	673.9	673.8	667.2
790.5	790.5	790.5	786	771	759	749.5	737.5	728.5	724	722.5	721	717	614	518.5	511	502.5	491.7	486	487	444.9	311.6	269.7	269.3	240.6	206.1	182.2	168.8	172.4	181.2	174.6	174.5	163.2	110	72.6	60.7	58.5	62.8	78.2	109.9	151.8	199.4	233.4	259.3	300.6	336.6	351.4	355.7	366.4	373.2	356.1	331	319.2	320.1	315.9	317.4	307.8	305.9	314.4	316.8	312.8	307.8	298.5	289.3	276.2	275.4	272.5	270.4	265.7	246.4	229.9	227.6	231.9	238.4	245.3	249.9	249.2	252.5	253.9	250.3	246.5	250.5	262.3	269.5	271.9	282.3	293.4	296	307.9	329.3	344.5	367.2	390.1	408.6	421.6	426.4	427.2	415.6	413.6	400.4	372.9	360.1	342.8	316.9	298.1	286.3	281.3	269.5	257.1	251.6	244.7	234.5	234.3	241.5	241.1	249.3	250.5	253.7	254.4	256.1	262.5	262.6	254.2	255.9	253	251.1	253.1	256.1	265.7	260.7	252.1	251.4	257.7	270.9	278.8	277.5	284.3	292.2	300.1	311.5	307.5	298	290.3	289.8	289.7	284.1	273.2	261	244.6	230.7	210.9	185	169.8	161.3	155.9	151.2	149.3	146	126.6	103.6	82.5	68.4	55.2	53.4	49.5	46.7	62.7	75.9	88.6	91	93.6	106.7	102.4	84.9	77.9	100.8	146.3	184.7	192.2	255.3	389.5	519.7	642.6	662.5	667.5	667.5	671	674	677.5	673.3	663.3	661.5	666.3	668.7	674.4
790.5	790.5	790.5	781	766	755.5	745.5	735	726	722.5	721	720	715.5	650.5	561.5	517	504	491.7	490	486	428.3	312.9	269.7	267.4	241	204.3	180.2	175.8	178.6	174.5	171.1	174.9	149.3	94.2	77.6	65.5	64.9	68.7	90	116	151.6	200.9	234.8	270.2	316.4	337.6	351.9	360.3	363.8	358.4	340.9	329.9	315	313.7	320	319.4	312.2	312.9	318.5	314.3	306.6	305.2	298.3	286.9	275.9	270.3	269.7	274.8	266.3	239.6	216	206.7	208.9	215.5	216.6	220.6	230.2	237.1	242.3	240	236.8	241.3	250.9	256.4	261.1	266.8	274.2	281	292.7	317	339.4	365.2	394.5	424.4	441.8	442.8	445.9	437	426.6	400.3	369.5	352.4	334.8	308	286.6	273.6	264.1	257.5	247.5	242.3	240.9	228	230	238.7	245.3	250.8	249.7	254.6	255.7	254.6	256.1	256.7	249.6	243	241.9	247.8	254.8	255.5	260.3	254.6	246.9	244.8	245.4	250.5	251.3	251.5	254.7	265.3	270.3	279.7	290.6	296.8	297	293.2	294	289.3	288.6	278.1	260.4	245.4	231.2	208.2	184.1	167	155.6	145.5	143.3	137.2	125.3	108.9	90.9	69.1	61.4	59.3	52.5	51.4	58.1	70.6	81.2	86.8	90.5	101.1	110.7	101	93.5	108.4	144.5	177.4	194.4	274.9	425.9	536.3	615.9	664.3	654.4	658.5	670.5	673.5	677	678	664.9	661.2	665.5	670.9	673.5
790.5	790.5	788.5	766.5	754	752	745	734	726	721.5	720	718	712.5	613	542	516.5	510.5	493	489	490	454.4	352.4	282.9	259.9	232.2	210	182	176.4	186.5	173.7	165.6	180.9	152.8	88.8	70.8	67.4	67.7	75	97.6	132.2	176.5	225.4	250.8	281.6	327.7	345.9	357.8	358.1	357.6	341.2	325.5	319.8	312.3	314.8	320.3	319.7	323.1	321.8	316.1	308	298.2	292.8	279.3	269.7	268.5	266.3	266.6	275.3	272.6	252.5	234.2	215.5	205.1	203.7	195.4	194.6	203.8	214.4	221.1	220.5	224.5	228.7	236.4	245.3	253.4	261.5	268.9	280.1	294	313	341.6	368.2	401.1	437.3	466.1	482.3	476.3	465.3	441.1	410.2	378.5	355.2	333.1	314.9	296.1	278.7	263	256.1	251.4	246.5	245.5	241.4	241.7	243.8	245.9	247.8	242.5	230.2	221	213.3	210.3	215.5	217.8	212.7	209.3	210.5	220	232	232.3	220.9	219.3	219.7	218.5	228.4	233.3	229.9	232.1	236.4	249.3	260.4	270.9	288.5	301	299.9	293.9	288.6	293.2	285.9	274.5	262.2	245.8	219.1	189.3	173.5	160.6	157.7	154.8	150	135.7	115.5	95.2	75.5	64.6	58.6	53.7	47.3	56.2	69.9	82.9	87.8	87.2	105	112.1	98.6	93.5	121.9	160.3	179.4	196.7	302.9	419.6	518.4	635.4	625.9	632.6	651.9	656.7	670.9	671.8	677.6	673.9	665.7	661.9	662.7	663.6
790.5	790.5	786	763.5	753.5	752	744	734	728	723	720.5	719	710.5	650	561	523	517	495.5	491	501.5	468.6	363.5	284.8	257.8	236.1	215.8	191.5	185.6	178.3	164.3	174.9	177	138.6	84.4	73.7	70.6	71.9	85.6	114.9	163.5	211.7	240.5	256.3	290.6	336.9	349.3	351	352.1	341.1	333.3	326.7	319.1	312.8	314.6	315.2	313.3	312.1	301.6	286.1	273	263.8	260.1	258.5	259	260	258.3	258.5	263.7	265.2	247.9	235	229.7	221.7	205.8	194.1	194.6	191.5	192	196.9	205.4	214.4	219.2	224	234.7	240.8	250.3	257.1	270.2	289.7	311.1	340	377.9	423.5	474.1	516	531.5	526.3	503.7	467.7	435.2	400.6	366.9	337.5	308.4	288.9	267.3	256.2	252.5	243.9	232.7	232.8	235.4	233.6	229.6	227.5	223.7	208	198.2	188.8	187.2	187.5	195.3	204	198.4	184.3	182.8	185.1	200.6	198.3	184.8	188.9	196	201.2	217.2	224.1	220.5	219.1	227.2	236.8	245.3	257.7	271.5	287.1	296.9	289.6	289.8	297.3	295.2	287.5	272.1	256.1	227.5	195.6	178.5	163.6	156.5	157.8	154.1	138.9	119.6	95	79	65.2	59.1	55.2	45.7	49	65	83.5	85.8	84.6	101.4	117.2	109.6	107.4	132.8	175	191.6	197.2	333.1	440.6	538.7	634.5	631.6	634.6	638.5	643.1	664.7	666	673.8	674.5	668.2	662.4	661.3	658.6
790.5	790.5	789.5	774.5	766	755	742	736	731	724	723	718	707	680	579.5	525.5	524	498.5	496	503	490	415.8	295	269.8	254.2	227.1	213.4	197	177.3	164.4	174.1	175.6	145.9	94.5	77.3	73.7	76.4	92.1	122.6	174.6	225.6	247.5	264.5	301.9	348.5	364.2	366.8	361.3	351	335.7	321.7	316.8	317.3	311.3	312.4	307.5	299.8	287.1	270.7	258.1	253.1	256.7	256.4	256.5	253.9	250.2	246	242.7	236	219.3	209.2	208.6	206.3	197.5	195.5	192.6	185.3	176.9	178	191.8	201	204.3	212.6	218.3	229.8	243.4	253.6	266.9	291.6	315	343.3	387.8	437.3	488.4	535.6	557.9	552.5	523.5	499.5	463.6	425.5	384.8	347.7	314.7	288.5	270.7	259.7	249.9	237.5	228.5	224.4	218	216.4	207.8	193.9	185.1	174.2	165.2	162.7	170.1	198.3	215.6	206.6	183.8	184.4	182.2	182.4	195.3	200.6	180.3	176.1	176.1	184.9	202.3	228.8	236.4	232.9	223.6	218.5	224.9	237.7	249.9	263.9	284.3	290.5	290.3	294.8	301.9	298.9	288.1	276.4	256.4	223.9	198.5	183	169.7	168.3	160.8	145.3	124.1	102.7	81.2	67.2	63.5	57.1	50.4	46.1	59.8	79.3	86.9	83.2	97.8	118.1	122.3	127.8	148.9	167.3	195.6	247.5	394.4	465.3	546.6	662.9	658.7	649.6	629	594	629.5	656.7	670.2	674.5	673.5	668.8	663.3	663.2
790.5	790.5	790.5	774.5	766	755	741	735.5	730.5	724	722.5	716	705.5	668.5	566.5	520.5	503	505	506.5	493	476	430.4	306.7	269.3	263.3	237.3	222.5	202.1	172.3	169.4	175.1	162.4	146.4	104	79.9	75.5	83	105.4	138.3	195.5	238.8	255.6	268.8	309.4	351	366.1	368.6	364.8	349.9	333.3	325.8	312	305	294	285.6	273.9	264.5	263.6	268.8	265.2	249.5	240.8	240.7	235	229.9	220.2	207.8	202.9	190	164.8	157.9	158.4	161	161.9	172.6	179.9	182.5	181.2	176.8	180.2	185.8	190.1	195.4	208.5	222.8	234	245.4	258.9	284.5	314.9	358	414.5	472.6	521.4	564.8	590.6	592.6	563.1	537.7	499.1	455.1	407.8	356.6	313.5	284	262.4	249.8	236.7	222.2	215.8	210.1	202.7	196.7	185	172.3	168.9	161.7	161	163.4	176.2	202.9	214.4	189.9	158.9	157.6	157.1	154.5	199.4	227.8	182.3	168.1	159.6	155.7	166.9	197.7	221.5	229	218.8	213.6	214.3	223.9	234.6	246.4	263.4	271.1	275	286.2	300.6	304.8	295.5	282.4	264.8	235.6	208.9	188.9	175.2	171.6	163.1	147.1	127.6	103.6	83.1	62.5	58.1	53.5	51.2	44.7	51.9	78.2	84.4	80.4	93.1	118.2	132.2	145.3	166.1	175.2	195.3	288.7	442.8	476.6	579.7	665.9	660.9	647.5	638.7	599.4	620.9	642.5	657.9	665.1	673	671.8	665.9	663.7
790.5	790.5	784	772	760.5	750	741	735	730	726	723	710	702	682.5	577	517.5	510.5	481.1	481	492.5	475.5	406.3	334	280.4	268.2	254	243.9	237.4	199.6	179.4	177.1	167.5	151.2	113.7	83	75.8	81.6	112.6	145.2	200.4	242.9	261	285.5	325.2	357.4	374.7	379.8	365.3	343.5	323	316.3	309.7	306	295	277.4	256.2	241.8	236.7	231.3	209.4	193.7	181.3	171.3	161.4	146.5	122.1	99.4	93.5	94	71	69.1	77.2	82.5	91.6	109.4	133.8	160.5	181	189.1	181.8	179.4	180.3	182.8	189.7	206.2	222.5	243.6	262.4	283.6	318.7	365.9	426.5	488.1	546.3	585.8	615.1	612.3	596.9	573.5	531.4	480.3	427.5	371	320.7	282.6	256.5	237.6	217.2	207	197	188.5	178.8	168.8	161.9	160.3	156.3	153.7	160	171	176.3	175.6	158.9	122.4	82.5	76.7	75.5	69.3	101.2	142.9	116.2	124.9	138.5	144.5	154.4	187.5	213.9	227.6	229.3	224.3	220.9	216.5	224.2	236.6	246.5	261.6	273.7	286.9	297.9	303	304.3	295.7	279.2	249.6	220.1	201.1	188.1	175.6	167.9	154	137.1	111	86.5	67.6	61.6	56.4	53.4	46.1	48	73.1	84.5	81.1	91.5	130.1	149.1	146.5	175.7	192	227.9	343.7	453.8	470.3	568.4	666.9	668	645.8	663	666.3	667.7	674	673.5	667.2	662.5	672.5	674	662.5
790.5	784.5	776.5	769.5	759	751.5	742	734.5	730.5	728	723	710	701.5	662	553	526	522.5	497.7	497.3	484	477.5	426.8	357.5	294.8	268.9	251.9	250.6	246.7	210.1	189.1	179.9	159.2	154.1	147	106.1	82.6	87.9	123.3	173.3	228.9	256.4	268.7	293.2	326.5	348.2	369.9	377.6	361.8	340.3	323.3	307	305.4	299.1	279.7	249.3	239	234	211.2	190.1	176	172.7	175.2	176	170	143.5	116	99.5	76.1	56.5	54.7	64.4	67	75.2	86.4	94.9	121	145.2	167.9	187.2	188.8	188.6	182.2	178.6	183	199.6	219.9	238.8	257	279.2	319.4	378	438.5	493.4	553.2	605.8	623.6	621.5	617.1	600.1	545	484.9	424.7	365.8	321.1	280.4	253.5	231.9	211.6	194.9	183.5	171.9	165.3	163.9	164.9	162.5	161.1	162.3	160.4	163	164.7	150.1	128.6	97	51.6	36.7	38.4	36.1	35.9	45.4	53.3	81.8	105.1	124.3	148.3	183.7	197.1	197.3	202	211.4	217.7	217.3	226.3	239.9	244.5	253.4	266.4	280.8	296.3	309.6	312.8	302	288.3	259.7	225.3	204.9	193.5	182.6	171	163.2	142.1	111.4	91.7	73.5	60.7	57.2	53	48.1	48.2	68.6	82.9	80.9	94.5	137	150.7	143.4	167.3	183.9	216.6	339	444.6	482.2	594.5	665.4	669.5	645	659	667.5	666.6	671.3	674	674.5	669.8	671.5	676.5	665.4
786	769.5	766	764	757	755.5	745	734.5	730.5	726	715.5	706	694	667	620.5	545	522.5	524.5	506.8	487.6	461.9	452.3	405.6	314	265	261.2	253.9	247.4	233.4	203.8	189.7	184.2	170.4	147.9	99.8	81.1	88.1	116.5	156.7	207.1	249.7	274.8	304.2	335.7	372.4	388.2	381.5	361.1	340.7	324.4	314.6	310.4	292.6	262.4	227.3	197.2	181	170.3	158.6	149	139.9	137.9	148.1	161.7	162.7	128.8	92.6	76.6	53.1	47.1	56.4	67	70.8	71.7	75.5	98.1	118.6	122	138.8	170.3	190.2	192.6	182.8	177.8	187.2	210.5	233.4	253.2	278.3	315	367	422.2	484.3	544	605.9	637	644.1	628.8	609.6	583.9	518.7	449.4	392.1	341.4	298.7	257.3	229.6	206.9	192.3	181.2	179.5	176	170.8	164.4	155.9	154	147.4	141.8	146.8	164	154.2	136	116.8	80	50.1	39.2	45.3	42.7	40	45.3	60.4	75.1	80.3	113.6	155.1	176.8	180.2	178.7	193.8	206.9	214.2	222.9	235	243.7	246.9	258	276.2	295.3	313.1	323.4	322.9	311.9	289.5	254.1	224.4	205.1	181.8	163.5	153.4	141.1	116.1	91.2	79.8	67.8	57.3	53.4	55	55.8	67.8	90.1	98.4	103.7	130.3	150.5	149.6	150.4	169.5	201.3	312.4	445.7	479.1	537.2	624.5	655.7	635.5	644.5	645.2	651.9	648.4	649.1	656.3	659.5	635.3	666	673.6
784.5	769.5	765.5	762	756	752.5	742	733.5	730.5	724	712.5	689.5	624.5	582.5	581.5	554.1	534.9	521.7	483	467.1	462.9	463.4	400	308.5	270.7	265.9	266.2	250.7	231.8	212.8	195.1	172.6	174.9	162	111.5	88.1	110	153.6	202.4	245.1	269.6	286.9	312.1	345.6	379.5	385.5	373.4	350	326.2	312.6	307.4	300.8	272.6	241	217.4	201.9	197.8	196.1	192.6	187	174.9	164.3	162.5	179.5	176.5	132.8	102.8	81.9	61.5	52.9	63.4	80.8	91.1	82.8	88.8	124	130.9	116.9	122.5	147.9	174.3	189.3	196.6	194.7	203	226.1	243.2	262.8	293.6	340.6	395.4	459.4	535.5	607.8	652.5	664.2	656.5	643.8	622.2	571	491.8	429.2	370.6	330.2	290.9	256.4	227	207.3	192.2	185.9	186.2	185.9	178.8	165.7	159.1	141.9	131.7	140.9	168.1	189.1	164.3	148.5	129.4	91.9	64.5	51.7	48.2	50	47.9	51.8	80.8	95.7	90.3	107.2	132.9	153	169.1	169.9	172.7	190.2	208	221.6	233.4	245.1	253.5	260.8	272.6	293	309.1	312.7	313	305	280.5	246.4	222	202.7	184.3	166.5	164.5	150.2	113.3	93.8	84.2	70.8	62.9	61.3	59.5	59.8	84.1	107.8	111.7	126.5	156.9	158.6	139.5	143.9	158.2	216.3	351.7	467.8	533.7	638.5	654.8	653.6	642.9	645.4	640.2	651.9	649.6	650.3	649.9	649.1	629.9	662.5	671.8
790.5	784.5	781	769.5	756.5	749	742	735	730.5	726	716	708.5	672.5	602	584	581.1	553.3	533	515.7	491	496.5	496.5	437.4	344.7	281.6	273.6	268.1	258	233.5	213.2	199.3	171.7	168.8	166	121.7	89.3	113	157.7	209.2	251.6	274	295.1	321.3	347.1	378.1	387.6	373.8	354	328.9	311.2	303.1	288.2	253.4	221.9	198.5	184.7	192.9	204.9	213.2	218.7	210.8	190.3	178.3	198.1	211.7	179.6	138.2	151.2	119.9	72.7	78	89	118	133.8	146.3	165.7	160.7	137.9	121.7	120.7	156.6	189.4	205.3	215.1	222.3	236.6	247.1	265.9	294.5	338.2	386.2	452.1	529.7	605.9	655.5	676	667	649.4	639.6	587.5	503.2	438.7	376.3	333.1	299.3	264.5	234.1	219	213.2	212.3	216.4	206.9	180.6	176.1	162.1	128.1	124.6	140.2	168.1	195.5	188.2	160.1	149	134.1	118.6	98.6	85.1	72.8	67.1	75.9	113.6	133.8	137.2	132.2	123.6	127.1	132.1	127.7	136.4	162.1	194.8	215.7	231.8	241.7	251.9	263.2	274.9	288.4	305.2	309.9	314	309.5	290.2	262	235	214.3	190.6	170	161.3	155.6	120.1	92.1	89.6	83.3	80.3	74	69	69.4	80.4	105.3	119	139.1	170.7	178.7	156.9	148.8	160	256.3	403.4	471.8	507.6	612	658.6	660.9	655.7	657.6	663.9	665.9	664.5	659.2	656.5	655.3	654.7	655.5	663.7
790.5	785.5	773.5	759.5	750.5	743	737	730.5	728	719.5	709	705	689.5	646	619.4	600.2	581	577	528	504.5	508	497	456.9	376.8	299.8	281.5	269.5	258.4	237.6	213.5	194.9	171.4	170.3	167.7	140.6	105.3	138.9	186.6	234.3	266.8	281.4	302.6	325.5	343.7	372.5	383.7	376.9	357.7	338	322.6	312.5	288.3	263.4	235.5	227.2	236.6	243.5	254.5	261.7	264.6	254.5	233	233.1	241.2	237.8	231.3	251.1	218.5	172.3	173.8	169.3	182.3	228.1	240.7	229.1	216.5	204	189.6	177.7	174.5	192.5	219.2	228.1	233.1	244.3	258.6	268.4	297.4	331.5	358.6	405.5	474.2	549	611.9	658	678.6	665.7	646.4	625.5	569.2	498	432.5	373.1	338.5	309.5	279.1	251.7	233	236.6	250.9	238	196.7	183.5	180.2	160.9	138.6	140.5	171.9	197.7	219.9	215.2	186.8	173.8	165	147.7	129.2	113.5	102.2	102.5	126.7	170.2	176.2	166	156.9	139	129.8	132.3	134	140.8	156.9	193	221	236.5	249.5	259.1	271.7	289	303	314.4	316.7	315	312.4	295.3	266.1	240.2	216.8	194.1	172.5	160.8	147.5	116.7	104.8	103.8	91.2	91.8	89.9	80.8	77.1	87.8	108.6	125.1	146.5	166	175.5	164.2	146.1	160.3	277.8	419.8	521.2	590	617.7	657.3	661.8	655.5	653.9	660.6	668	661.5	668.3	665.8	663.1	661.6	661.8	653.4
777.5	772	766.5	753.5	744.5	738	733.5	729	723	714	706.5	701.5	698.5	665.5	635.5	611.5	588	575	538	507.5	508.5	500	499	417.3	331.8	290.8	275.1	254.1	216.5	200.9	186.4	168.2	162.9	168	153.1	117.2	142.9	188.4	238.5	272.7	295.6	323.3	341.8	360	387.8	399.3	395.8	380	362.7	343.6	326.4	295.9	263.2	235	235.5	259.3	271.3	290.3	306.3	307.3	290.6	275.3	272.8	266.7	267.4	267.9	274.7	258	240.1	242.2	239.7	251.4	295.1	317.7	316.2	297.6	273	252.2	254	251.9	242	251.1	265.3	263.8	262.2	270.9	277.9	305.3	340.4	365.8	407.2	468.2	531.8	593.3	642.6	661.6	652.4	643.1	617.4	560.9	494.4	422.7	362.9	334.2	312.6	292.9	269	250.4	255.9	268.6	254.6	226.8	214.9	189.6	178.8	201.9	214.7	224.6	235.9	243.5	243.8	232.2	222.1	212.4	202.4	199.3	202.4	193	202	211.2	231.6	234.8	211.1	189.1	175.4	162.6	163	158.1	154.9	153.8	170	199.4	223.7	245.9	260.4	277	293.6	310.5	322.8	326.2	321.2	316.1	302.6	282.3	250.2	227.7	205.1	177.3	158.4	143	117.8	103.8	109.6	102.3	102.1	99.8	88.9	76.9	77.3	97.6	122	141.6	155.2	170.1	172.8	158	176.5	284	393.7	528.1	629.2	629.3	642	655.5	660.7	663.5	659.7	665.9	669.8	643.4	671.4	667.6	671	673	655.6
775	765.5	764.5	753.5	744	737	731	727.5	720.5	712.5	706	701.5	693.5	650.5	666.5	639.5	600.5	596	536.5	512	513.5	523.5	546	468.9	379.3	307.2	278.5	252.6	218.9	199	180.4	170.8	165.2	173.6	182.8	150.9	164.5	214	256.3	281.1	301.9	330.6	356.9	378.5	405.8	419.8	423.6	411.2	393.8	365.9	337.1	307.7	280.2	274	277.7	281.6	300.3	320.6	331.3	324	315.9	306	296.9	290.4	287.8	277.8	274.5	263.3	255.1	253.9	249.6	265.9	300.6	316.2	317.1	305.9	284.6	262.1	262	269.1	260.4	263.9	279.4	272.4	280	290.6	314.5	346.9	363.5	378.7	419.5	483	545.2	592	626	645.7	638.8	630.9	595.2	541.8	480.7	415.6	366.8	341.7	334	320.3	295.1	269.2	267.9	268.8	261.4	255.2	248.7	224.8	222.6	248.4	252.2	254.6	264.7	268	274.1	276.6	270.2	267.3	274.3	275.1	282.1	267.2	268.8	270.9	286.7	274.2	239.5	228.7	229.8	218.6	209.5	196.9	189.6	189.4	193.4	208.9	230.5	256.9	275	293.5	320	329.1	333.8	337	334.8	327.6	313.5	292	263.3	233.2	209.8	182.4	160.7	143.8	118.6	108.1	111.8	101.7	97.2	98.9	93.5	76.9	80.4	107.5	131	140.9	150.1	154	156.3	158.2	192.9	299	444.7	618.7	664.6	631.8	624.1	653.6	659.4	665.6	663.6	666.5	667	650.6	663.9	658.6	671.5	673.5	673.3
779	771.5	767	757.5	746.5	735.5	730.5	726	714	708.5	701.5	702.5	694.5	641.7	672	667.5	624	607.3	547.5	516	519.5	533.5	542.5	493.7	413.2	319.1	280.4	231.4	209.3	194.8	181.4	175.8	168.7	171.6	189.1	159.3	164.9	213.1	258.1	288.4	307.4	334.7	358.3	379.6	407.2	413.6	420.9	412.4	397.3	373.8	342.1	315.2	299	294.5	305.6	316.8	326.5	345.6	354.4	349.3	342.5	327	313.2	304	300.3	296.1	283.3	276.1	265.1	250.8	266.4	302.3	318.3	315.3	304.7	288.5	272.8	262.4	266.2	284.3	290.2	272.1	284.7	300.7	305.8	313.9	339.5	365	376.5	381.7	418.1	477.1	533.4	579.5	610.3	625.2	619.1	618.8	587.2	529.5	470.6	408.9	364.2	339.8	339.9	330.6	313	291.9	278.9	264.6	257.8	261.5	256.1	253.8	250.5	237.7	230.8	232.6	238.4	246.2	252.8	265.8	261.8	259.8	271.7	273.1	288.8	277.5	267.7	258.5	270.4	269.5	253.6	250.5	261.6	261.8	248.3	246.3	235.4	228.2	230.4	234.4	249.1	273.3	296.1	315.6	328.5	337.9	340.5	343.9	344.3	334.8	321.2	299.9	274.3	241.7	213.4	189	165.8	145.5	120.7	109.8	118.1	109.4	99.7	99.9	87.8	72.3	77.9	107.7	130.5	140.4	142.7	146.2	148.2	163	222.5	316.3	421.9	598.1	648	649.2	639.7	641.4	642.5	657.4	661.5	668.4	671.5	672.2	664.3	650.5	659.8	671.3	669.2
782.5	774	766	757.5	746.5	735.5	731	723.5	712	708.5	705.5	701.5	681.5	691.1	686	671.2	654.2	589.4	552.5	533.5	545.5	587.5	570.3	493.7	398.6	317.8	280.3	234.3	213.2	194.4	181.9	177.7	172.4	175.2	199.5	187.3	198.5	235.2	265.5	301.6	320.5	331.4	342.6	357.6	383.3	393.8	402.2	406.5	402.6	392.3	376.8	355.5	335.7	326.5	328.5	332.2	329.4	339.7	354.6	355.3	353.9	337.8	321.5	315.4	315.1	306.7	299.5	289.7	282	279.4	295.1	321	320.4	304.5	284	273.2	261.3	263.8	276.5	299.1	318.1	305.4	311.6	340	364.6	369.5	390	395.5	384.4	397.9	432.6	494.5	561.3	606	629.2	645.6	643.2	635.3	594.6	516.7	453.3	396.7	365	353.2	356.1	355.4	349.6	337.2	314.9	297.9	279.7	276.6	267.5	265.5	258.6	247.9	238.2	236.7	246.3	252.4	263.9	277.6	269.3	270.6	271.8	263.8	266.5	279.9	280.9	273.3	286.4	281.3	275.3	273.9	276.4	280.1	278	283.5	278.4	263.3	257.7	256.1	266.3	284.8	310	328.2	337.7	346.6	350.3	350.3	352	344.5	329.5	305.2	281.9	248.9	220.9	193.2	166.7	143.8	118.5	107.8	115.1	108.6	96.4	96.7	92.8	90	99.3	122.8	130.9	134.8	134.9	141.1	148.3	175.1	249.7	348.4	471.9	597.7	633.7	642.7	651	640.7	624.5	642	660	663.8	668.5	669.2	659.4	650.4	654.2	666.1	658.1
782.5	773.5	759.5	750	741.5	734	726.5	719.5	710.5	709.5	703.5	701	683.1	696.7	683	646.5	650.3	621	577.5	550.7	538.5	583.7	593.9	545.7	440.7	345.8	267.3	225.8	213.7	201.1	194.6	185.7	177.9	185	205.1	199.1	207.8	236.6	269.7	311.3	325.6	345.4	360.3	369.5	395.5	411.1	420.2	429	426.3	417.8	407.6	390.6	378.1	367.8	359.8	362.8	363.7	361.4	351.1	344.7	352.6	352.5	340.6	328.1	319.1	311.5	302.9	299.7	314.8	316.8	303.3	295.2	278.8	263.6	253.9	253.5	266.1	284.5	297.7	307.1	326.9	350	359.6	370.2	393.3	411.4	413.7	406	392.2	401.6	426.5	474.5	546	602.5	623.6	642	632.6	619.3	607.5	524.2	449.2	392.1	361.9	354.1	359.4	366.3	369.6	368.2	350	325.2	306.1	295.8	289.4	283.1	277.7	265.3	260.4	258.3	258.8	261.6	274.6	283	287.3	302.9	301.1	301.3	296.7	306.4	312.3	304.8	308.7	299.4	294.2	295.2	292.6	298.8	306.2	306.7	311.4	309.6	298.4	287.4	291.1	309.8	320.9	330.9	345.8	354.4	356.5	360.8	357.8	354.1	339.6	315.7	289.1	260.8	230.3	198.4	172.2	140.7	116.6	108.6	117.7	114	102.4	94	97.1	95.9	100	118.8	131.6	133.1	134.1	142.4	164.3	198.1	288	403.4	519.7	619.3	652.9	644.1	649.7	646.2	612.2	624.6	661.4	648.9	646.1	657.7	660.6	664.5	668.6	671.4	665.5
778	770	757.5	746.5	739.5	731.5	725	718	709.5	708.5	703.5	701.5	696.4	698	683	661.4	667	663	643.5	576.9	605.9	646.2	635.1	571.4	473.5	373.3	269.6	237.6	225.1	206.6	200.9	192.4	185.4	195.2	216	216.5	234.5	243.4	271	315.5	339.6	376.6	394.5	397.2	426	440.8	445	445	443.2	430.7	413.2	395.8	389.8	385.9	385.9	383.1	386.1	382.6	359.3	349.2	347.1	340.8	317.5	292.6	278.7	264	254.8	251.6	279.8	288.8	270.8	274.4	275.7	274.3	284.3	299.3	318.8	336.9	347.6	367.1	388.2	405.3	419.7	427.3	441	444.7	426.4	403.1	392.1	408.2	436	481.7	548.4	603.3	622	642.3	630	616.9	595	521.4	454.1	385.5	354.9	360.4	367.6	377.9	390.7	395.5	390.1	380.9	361.5	339.7	328.2	319	299.5	282.7	277.5	266.9	260.3	261	272.7	281.7	289.8	306.7	317.9	327.9	323.1	330.3	328.9	323.8	323.8	320.3	325.8	327.3	323.4	327.2	328.4	328.3	334.9	351.9	350.6	332.5	329.9	341.3	349	358.1	361.3	367.2	372.6	373	366.3	354.2	347.7	324.3	295.6	264.6	234.5	208.1	176.1	139.6	115.3	109	111.2	109.2	103.1	100.7	109.9	112	110.9	121.8	126.6	124.7	125	131.5	164.1	215.4	321	468.6	584	630.7	663.9	661	656.1	645.5	622.1	621.9	645.3	640.4	632.8	660	665.4	668.6	671.3	671.7	670.3
774.5	767.5	757	746.5	733.5	726.5	723.5	716.5	712	709.5	704.5	704.5	705	694	681	672.2	670.5	674.5	657	600.5	638.5	660.7	640.8	585.3	525.8	402.1	275.4	244.9	230.3	215.2	208.9	202.3	193.5	199.5	206.8	213.1	236.7	243.5	274.6	324.1	348.4	385	401.6	403.7	435	455.5	458.7	460	450.9	435.4	427.2	426.3	421.5	429.5	421	406.7	409.5	402.6	401.5	396.1	381.9	365	344	326.4	314.7	304.7	295.7	300.2	310.4	312.5	317.6	316	327.2	335.4	336.1	356.7	377.4	393.3	408.2	423.5	442.6	445.5	443.5	439.3	450.6	454.9	432.8	406.9	400.4	407.7	429	478.1	544.1	608.8	629	644.6	632.1	621.2	608.5	529.8	460.5	390.3	356.4	355.3	358.4	372.4	396.1	402.3	403.1	402.8	384.8	367.6	358.4	343.5	323.4	316.8	309.5	301.7	309.2	316.6	316.3	317.7	315.9	315.3	320.9	334.5	345.5	350.1	348.4	341.1	338.6	339.6	345.2	352.8	352.1	348.1	350.6	352.8	357.3	372.2	383.7	376.2	365.8	367	378.7	385.1	392	393.3	388.4	386.5	386.3	373.5	363.2	339.7	302	269.1	236.2	209.4	178.6	139.5	117.6	116	111	112.7	107.6	104.1	115.6	120.2	117.9	124.7	128.9	124.1	123.4	127.7	164.5	250.8	355.4	479	600.4	633.9	648	651	648	647.3	639.9	633.8	621.2	650.6	659.5	662.8	664.5	663.1	656.2	657.2	644.3
774.5	767.5	759	745.5	732.5	727.5	723	714	713	709	704.5	703.5	703	692.5	670.2	670.4	671	674.5	671	634	671	650.8	596	586.5	575	460.4	298.9	253	242.9	224.9	215.8	212.4	207.8	203.7	215.7	250.3	255.4	254.4	277.6	325.1	352	394.4	408.7	405.7	439.9	457.4	453.4	452.1	448.4	448.6	454.7	455.5	445.4	436.9	435	436.2	434.1	438.7	441.4	431.1	422.4	412.3	403.9	396.3	390.3	377.2	363.9	372.7	375	370.8	375.6	373.8	382.1	385.5	379	394.6	421.5	443.5	452.4	461.2	473	479	471.4	461.6	461.2	447.1	420.9	398.7	394	406.7	437.1	486.2	556.9	612.2	635.1	648.1	635.4	628.8	604.6	526	465.7	396.1	356.3	353.6	358.4	378.3	405.6	416.2	420.5	422.2	415.9	408.6	406.5	398	375.2	369.5	357.8	345.9	337.4	327.8	324.6	319.6	319.1	318.4	316.2	318	328.2	324.3	323.1	323.1	319	324.2	328.6	333.4	340.8	349.9	361.8	373.2	385.5	382.1	394.6	408.2	405.3	400.5	396.8	387.6	394.5	402.3	399.7	391.1	390.9	379.3	362.1	335.8	304.9	275.4	243.1	210	178.9	134	117	114.2	110.1	116.5	118	119.1	124.4	131.3	128.2	125.3	119.3	114.4	115.1	123.5	167.7	277.9	381.9	522.5	627.3	627.6	647.1	650.1	652.8	649	640.2	634.2	621.2	649.1	659.8	660	658.3	657.9	652.1	654.4	636.7
782	766	755	744	733.5	728	719.5	714.5	713.5	697.7	683	704.2	703	673	640.4	662.3	655.7	671	671.5	636.7	671	661	615.5	611	627.5	530.5	336.3	295.1	281.6	241.6	229.3	223.2	217.3	207.2	217.8	255.9	260.8	253.8	276.7	322.7	359.7	405.3	406.5	408	443.9	457.2	448.6	454.9	466.5	476.6	478.9	475.3	458.6	448.1	461.6	459.3	452	457.5	461	453.8	445.1	441.6	448.3	445.9	437.1	425.5	412.8	424.1	419.1	421.9	425.3	419.4	422.6	427.2	435.3	441.8	459	475.6	480.7	484	484.8	479.9	465.7	461.9	466.9	456.5	426.1	397.2	389.2	406.5	444.7	492.5	566.7	619	640.1	648.3	637.3	629.1	604.4	530.7	475.5	413.3	360.5	356.7	363.4	374	398.3	425.8	431.2	437.6	437.5	429.9	430.7	431.5	419.7	414.3	405	396.4	379.5	366.8	358.7	351.6	352.3	356.4	367.1	374.1	373.6	370.4	373.6	382.4	384.7	388.2	385.9	381	375.8	384.3	395.6	402.7	412	406.9	400.9	416	425.6	420.5	414.2	406.2	404.2	407.4	409.4	400.4	394.5	383.9	368.6	347.2	313.4	277.6	246.4	216	180.9	132.3	113.7	115.2	115	121.3	121.7	124.5	126.7	131.8	128.7	126.8	123.3	119.4	120.3	132.9	185.5	300.7	412.8	525	592.4	600.5	611	630.1	648.8	647.1	641.6	635.3	616.9	621.6	659.6	655	631.3	638.2	663	665.2	659.2
784	765.5	752.5	741.5	733.5	728	717.5	714.5	713.5	696.4	695.1	707	703	665.8	645.8	663.6	648.1	666	669.2	656.4	672.5	673.5	666.5	671.5	667.7	561.9	365.3	322.7	298.8	243.5	234.3	227.4	217	201.1	237.5	286.5	265.4	255.1	279.7	330.5	362.4	394	401.3	413.1	448.2	461.8	474.5	484	488.9	491	478.9	467.9	473.6	480.3	485.9	488.1	489.2	485.2	484.9	496	487.3	480.7	481	481.2	489.2	480.7	465.1	473.2	468.4	476.3	489	491.4	499.9	507.7	511.2	509.7	505.2	509.4	511	501.2	497.7	483.6	464.3	472.7	471.6	440.7	412.8	393.4	395.2	427	466.3	514.2	564.4	608.7	634.9	644.4	629.8	619.9	580.9	524	473.4	422.2	370.7	358.7	370	385.2	404.4	428.7	448.2	451	456.1	452.2	457	460.2	456.6	458.6	460	455.5	450.4	444.5	443.4	428.3	415.6	410.4	405.6	407.9	407.8	396.6	394.1	404.2	412.5	419.5	425	430.6	430.9	429.9	434.9	430.6	427.3	435.4	433.3	422.7	415.1	427	426.3	422.7	422.7	423.8	419.5	412.4	395.9	380	364.8	346.9	316.8	284.5	255.4	221.8	186.5	139.6	121	122.5	124.8	131.9	135.8	136.7	131.9	141.3	138.1	131.5	126.4	123.1	135.2	163.1	210.2	319.1	429.1	559.7	606.8	593.6	607.9	624.4	635	648.5	642.2	644.3	625.2	630.4	660.9	658.3	635	636.5	664.2	665.8	659.5
774.5	761	752.5	744.5	736	724	717	718	712.5	707.5	704.5	707.5	702	689.5	681	675	667.6	670	663.7	651.1	671.5	670.4	638.9	669.8	645.4	582.2	448.3	350.6	324.6	269.9	247.3	235.8	228.8	206.2	236.3	298.3	271.8	259.3	288.3	330.7	359.4	398.2	406.1	421.1	453.1	475.5	492.6	494.1	494.4	496.3	483.2	479.1	494.6	505.7	508.7	523.9	529	526.9	531.1	525.4	531.4	533	531.6	541	545.1	529.3	521.2	525.9	524.5	531.4	543.2	552.6	549.9	551.6	553.3	544.7	539.6	529.2	525.8	508.3	488.4	470.7	467.3	480.3	470.4	437	407.9	392	398.3	426.6	467.9	518.8	564.9	599.1	627	632.4	618.5	613	584.5	528.9	469.4	428.6	382.1	358.9	364.6	377	404.7	431.9	452	454.4	463.6	469.3	476.8	482.6	482.1	481.5	484.3	487.1	494.3	493.1	479.4	470	469.9	462.7	456.2	453	448.9	443.8	440.6	447.7	446.8	446.8	450	455.2	453.8	450.7	449.2	449.3	443.8	451.3	457.4	448	431.4	431.4	438.8	436	434.5	437.2	425.3	416.1	404.3	384.5	366.1	345.6	325.4	295.7	259	224.2	192.7	145.6	120.2	128.1	128.9	134.1	143.3	139.2	132.5	139.5	142.6	132.4	129	131.1	148.6	214.9	281	326.9	403.6	526.5	607.9	621.2	641.2	643.1	628.2	650.9	649.5	645.6	649.5	653.7	663.3	666.3	636.8	620	617.6	638.4	652.6
768	760.5	756.5	749	741.5	731	720.5	718	713.5	707.5	701.4	702.4	703.5	693	684.5	677.5	674	672.5	664.2	647.9	666.5	647.3	630.8	663.2	645.7	595.4	467.6	362.1	321	283.4	256.3	234.6	225.3	211	269.3	320.8	287.6	273	305.3	337.9	352.4	383.6	399.6	419.6	457.4	479.4	493.2	491.1	493.5	492.6	497.2	511.4	521.2	526.7	532.5	537.5	542.6	544	550.7	552.1	556.1	559.3	560.4	562.8	561.7	557.7	548.8	550.1	552.6	550.1	557.7	564.7	569.2	567.4	566.9	559.3	557.6	552.2	544.9	524.8	494.8	476.2	475.7	476.7	455.3	429.1	412.2	406.1	410.2	431.8	478.8	526.3	572.1	603.6	626.3	633.6	618.8	607.5	563	503.2	453.8	424.9	396.4	371.5	369.3	384.1	416.8	442.7	449.4	453.7	461.9	469.8	477.8	487.6	495.7	505.5	514.6	523.9	534	531.8	521.1	522.8	531.9	529.6	528.2	526.8	531.3	529.7	530.1	534.9	535.6	521.1	520.5	511.4	501	496.1	488.8	482.2	474.2	471.5	476.1	469.7	465	457.8	452.5	441.9	440.9	440.1	433.1	425.8	413.6	393	371.3	344.3	320.6	298.1	271.5	235.2	198.4	154.9	124.2	132.8	137.7	144.1	148.2	151.7	144.6	144.3	147.6	142.4	132.1	137.1	169.5	252.7	322.8	363.5	454.9	532.6	605.4	610.8	638.3	644.5	645.8	657.9	656.3	652.6	652.2	652.7	659.2	662.1	642.3	621.2	615.9	632.2	647.3
767.5	768	758.5	748.5	734.5	721	719	716	709	707	707.5	706	698	690.5	671.5	659.7	674	670.5	667.2	658.1	659.7	658.9	668.5	669.2	647	589.6	463.2	361.9	332.1	316.8	293.3	267	245.3	226.9	278.3	332.7	297.5	278.8	306.1	339	362.5	404.1	410.3	426.5	459.2	477.8	483.5	490.6	500.2	502.8	507.2	522.2	532.9	538	544.9	545.8	549.9	553.8	562.6	569.2	574.7	584.4	585.8	585	583.7	578	576.7	581.3	582.2	578.4	575.2	582	591.2	592.9	589	581.3	574.6	564.3	544.1	517	493.5	480.6	481.7	479.9	452.5	426.5	413.4	408	419	448.7	489.2	533.6	581.4	611.9	629	635.1	624.1	607.2	561	504	454.6	423.9	406.6	383.5	374.8	387.2	410.5	435.4	443.9	454.6	465.4	476.6	486.1	495.5	511	521.3	530.7	534.5	542.8	552.2	547.2	543.5	546.8	545.3	557	561.6	559.7	565.5	568.9	566.9	558.8	551.7	556.7	551.4	534.7	516.8	519.9	509.2	499.5	493.3	476.9	471.3	473.2	467	460.6	454.5	451.1	448.9	441.1	429.6	416.9	401	379.1	353.1	321.9	300	274.5	238.1	208.2	158.4	124.7	134.7	143.2	149	155.7	156	149.4	154.8	164.2	170.9	170.5	182.2	220.9	298.9	367.1	421.8	499.8	561.9	635.7	632.8	606.2	630	655.6	663	661.6	657.7	662.2	658.8	654.4	655.2	644.5	645.4	657.7	656.5	630.1
774	771.5	760	748.5	734	715.6	719	714.5	709.5	707	707.5	704.5	696.5	690.5	649.8	642.5	673.5	670.5	660.9	660	661.1	672.4	678	670.9	646	568.2	469.4	352.9	321.8	322.7	302.3	284.7	257.3	251	318.9	335	297.8	283.5	308.4	343.5	366.6	408.1	415.8	415.5	444.3	474.9	478.5	487.8	507.4	511	517.6	523.3	525.1	535.7	543.9	545.5	550.9	553.4	562.3	569	580.6	588.1	587.7	591.3	595.5	591.1	588.6	591.4	593	594	595.7	604.3	606.1	609.4	600.4	592.5	584.1	572.8	549.9	515.4	495.5	485.7	476.7	473.6	442.1	418.7	415	417.2	430.4	460.4	491	533.2	589.5	623.6	629.1	631.5	619.5	585.8	540.3	494.5	451.4	430.1	412.6	392.3	382.8	392.3	418.9	439.3	435.2	446	459.2	466.5	482.7	491.8	513.4	530.6	540.5	553.8	567.7	581.8	579.7	575.6	577	578.4	586.6	591.3	601	607.6	605.3	605.2	597.7	591.1	589.9	580.9	563.9	551.7	542.8	524.8	513.7	519.4	497.3	468.3	459.9	464.5	463.2	465.7	469.6	461.6	446.4	432.6	414.1	400.9	380.2	356.6	329.1	304.3	282.1	244.2	207.4	161.9	129.5	137.4	145.6	154.4	164.3	160.3	158.9	165.6	173.5	185.2	206.9	243.3	315.5	387.2	462.2	541.1	584.6	604.9	619.9	626.4	605.9	611.6	648.4	660.3	654.4	650.9	657.4	655.6	640.4	644.8	643.1	650	660.4	661.4	631.3
784	775.5	764.5	748	732	722.5	718	714.5	713	698.5	678.6	675	696	674	646.3	659.6	674.5	672.5	669.5	662.7	658.4	678.5	675.8	671.7	612.1	521	454	324.5	288.7	304.6	308.4	302.9	292.5	267	325.4	340.5	302.6	285.7	314.2	349.2	372.4	409.9	421.1	413.3	434.9	467	478.5	488.9	505.9	518.1	522.5	526.8	522.9	535.2	543.4	548.5	558.3	561.6	568.1	579.8	590.4	598.5	605.1	601	607.4	609.7	602.8	595.9	602.7	612.1	609.6	610.5	610	615.3	609.5	597.5	587.1	571.2	546.4	519.8	498.5	476.1	474.5	467.7	437	423.7	416.7	419	438.6	464.1	488.2	519.7	574.2	618.3	629.4	629.9	617	586.4	545.6	499.3	461.9	434.8	416.7	397.8	388	388.3	411	436.1	437.3	449.1	463.1	465.3	482.9	500.4	516.1	545.4	561.2	571.9	581	588.1	594.7	594.9	594.3	595.8	595.5	597.6	609.5	620.8	608.7	609.1	614.1	603.3	596.1	594.6	590.1	580.2	565.9	546.9	529.5	525.4	515.2	477.7	464.6	468.3	466.2	465.4	473.9	465.9	450.9	437.7	415.8	399.6	385.7	360.7	338.5	310.9	283.9	250.1	207.4	165.8	133.9	140.1	151.3	165.6	177.5	176.4	179.8	192.5	201.4	209.6	232.7	267.2	326.7	384.1	474.5	569.9	607.7	619.7	629.4	643.4	644.9	614.1	606.1	620.8	636	646.5	654.8	651.7	650.5	647.9	651.7	668.2	668.6	662.2	662.9
784.5	775	764	746	733.5	723	719.5	715.8	714	707	684.9	684.9	696	670.4	655.3	671.3	675	673	670	669	654.8	672.7	673.1	671.6	599.5	509.7	428	292.1	268.2	278	287.6	297	287.6	289.8	355.8	329.1	297.3	282.3	312	353.8	367	405.5	419	412	435.5	470.4	487.6	493.5	499.9	506.3	513.4	521.4	520.3	533.1	541.5	546.2	556.8	561.9	570.9	580.9	588.7	600.3	607.5	607.6	614.7	618.7	612.9	611.3	614.9	621.3	622.4	614.3	614.8	623.2	623.4	610.7	593.9	578.7	547.4	523	496.4	474.5	470.3	450.9	429	418	413.1	419.6	442.1	467.9	492.8	531.2	582.9	619.6	635.7	635.4	614.4	588.8	548.7	504.3	469.8	442.2	425.5	403.3	390.4	387.8	403.7	419.6	426.4	439.5	449	462.8	480.9	497.7	525.8	558.7	580.1	594.3	609.2	611.1	608.2	609.1	615.2	614.6	607.9	606.5	614.1	621.1	613.5	614.8	623.6	609.4	603.6	610.7	609.1	596.2	582.2	566.6	548.4	535.5	520.2	497.8	485.4	478	463.9	459.2	467.4	465	452.3	433.9	409.7	396.7	380.4	357.7	339.8	313.9	291.6	260.3	210.2	158.7	129.6	140.2	152.8	173.4	185.6	177.1	181.5	206.9	239.1	295	360.4	392.7	421	439.9	493.6	568.9	625.1	644	655.9	651.8	643.2	621.3	604.7	608.1	617.3	637.6	653.1	654.7	651.6	655.5	657	665.2	668.3	659.4	660.4
780.5	772	756	744	732	726	726.5	721.5	715.5	706.5	706.5	702.5	697.5	692	681.5	670.2	676	674	671.5	668.6	643.8	650.4	676.4	664.8	597.9	519	441.6	299.7	257.2	255.1	249.4	264.1	267.7	293.3	369	344.9	300.4	277.6	289.9	342.2	377.8	402.2	415.4	417.3	432.5	470.6	486.1	490.1	497.3	501.1	507.5	514.2	528	537.1	540.9	548.5	553.9	558.1	569.1	584.4	591.4	604.2	609.7	613	618.2	620.7	619.1	625.1	632.9	634.2	632.9	626.7	616.2	621.5	626	620.8	588.1	574.7	552.3	519.9	498.5	473.1	457.5	452.8	431.9	413.9	406.7	412.2	439	465.6	493.3	529.6	577.8	607.2	621.9	631.1	616.4	586.4	548.8	515.1	477.5	448.4	429.9	410.6	397.5	400	406	409.9	418	425.3	429.5	444.5	461.5	489.5	515.9	541.2	580.1	603.5	617.2	623.1	622.2	624.7	623.8	620.8	613.6	607.8	606.6	609.5	612.1	614.6	616.4	605.9	611	611.4	606.4	601.7	597.9	580.8	565.5	553.3	532.5	512.3	498.9	490	471.6	456.4	457.8	459.8	446.4	434.1	410.4	394.6	383.8	364	344.5	318.6	295	269.3	221.5	187.5	147	136	148.7	165.4	187.8	184.4	192.5	214.5	265.3	334.9	389.7	401	393.8	401	432.7	504.1	587.8	629.4	649.3	650.5	638.8	634.1	639.4	623.8	599.9	632.7	648.8	652.9	653.4	653.4	648.8	648.6	654	657.1	660.3
781.5	771	753.5	745.5	733.5	727.5	727.5	721.5	716	707.5	706	702	698	691.5	682	676.5	676	674	667.1	638	624.5	662.5	671.3	653.4	588.5	497	425.6	290.3	253.1	240.7	228.4	241	261.5	306.3	373	324.9	283.8	275	303.8	352.5	375.4	397.3	407.6	412.1	434.2	465.3	474.2	475.6	488.6	495.6	500.4	516.6	526	530	541.1	544.8	548.5	557.1	565.9	578.1	594.7	607.3	604.9	605.5	607.9	613.5	624.4	638.7	652.8	641.9	641.3	633	631	636	624.5	601.3	566.5	532.1	509.1	486	455.1	432.2	425.5	416.9	405.2	406	402.3	417.6	449.2	479	506.4	549.4	590.4	610.6	621.9	626.9	619.9	588.7	548.8	509.3	475.7	446.4	423.7	405.4	396.6	396.3	396.4	399.6	403.1	404.4	415.7	427.2	447.9	477.4	497.3	538	576.2	597.8	617.9	629.3	633	630.6	628.5	626.3	618.3	620.3	619.2	619.5	625.3	624.3	618.8	611.2	609.6	611.9	602.8	598.8	597.7	588.8	572.7	553.6	526.6	512.8	496.5	487.8	477.1	460.9	451.6	448.2	434.8	419.5	404.4	392.3	376.5	362.4	349.3	319.6	299.2	281.7	224.7	161.3	119.2	127.5	146.8	172.9	201.9	201.3	202.8	265.4	379.7	403.9	394.7	384.1	374.7	387.4	424.6	532.4	597.2	611.8	649.8	652.8	636	644.2	642	612.9	633.1	651	656.5	651.2	656.1	659.8	652.6	641.9	657.4	659.3	662.5
781.5	761.9	747.1	744.4	734.5	729	728	723.5	717	707.5	707	701	696.5	692	677	676	676.5	674	648.3	615.3	635.3	663.4	674	677	620.8	500.5	432.6	304.1	259.1	247.6	234	235.4	238.9	283.7	367.8	336.5	287	271.7	314.1	369.6	374.1	385.5	395.7	404.2	426.3	454.4	471.3	474.1	479.3	488	493.5	509.7	518.2	524.7	537.4	541.3	548.7	560	567.8	574.9	585.3	591	592.2	604.8	609.3	620.2	633	638	641.8	640.2	639.8	639.1	635.4	632.5	610.5	592.3	570	534.7	491.6	462.9	443.3	417	407.6	399.3	395.5	400.7	402.3	418.4	448	477.6	505.1	544.5	581.5	607.2	623.5	628.2	609.7	581.8	543.3	506.6	477.2	445.1	417.1	396.7	386.8	384	391.2	395.7	402.7	406.5	415.9	419.6	428	458.4	489.4	531	562.3	590.6	602.5	615.4	641.5	637.9	632.8	630.6	627.1	635.9	637.6	630.9	624.2	620.8	614.3	612.8	614	613.4	603.8	594	588.6	580.9	568.4	547.2	516.3	505.3	503.8	485.9	473	464.7	448.3	432.4	425.9	414.4	403.2	391.4	375	366	355.9	330.4	302.9	281.3	235	178.5	125.2	120.1	149.5	181.7	209.7	211.5	200.9	269	353.9	369.1	369.5	368.1	361.4	353.3	400.6	525.8	605.6	628.3	654.1	656	653.1	655.6	659.2	642.6	633.6	639.4	624.5	646.7	650.2	651.1	651.1	627.5	627.1	648.3	665.8
777.5	759	739.1	744.8	734.5	730	728.5	724	717	707.5	705.5	699.5	693.3	692.5	676.3	676.5	676	673.5	650.4	627.6	651.5	672.5	673	675	612.1	505.7	413.7	298.1	264.6	250.7	238.6	236.3	241.9	293	369.5	345.8	292.6	275.2	318.9	368.3	367.6	380.6	394.5	398.8	416.6	442.1	457.3	465.3	475.3	482.5	489.9	501.6	513.5	526.9	534.2	537.1	548.5	561.5	567.8	571.2	581.2	583.6	588.8	606	616.4	630.5	635.8	639	645.6	639.4	635	634.2	615	601.2	575.9	545.9	529.1	499.9	455.7	423.1	411.1	402.6	400.4	392.7	390.1	393.8	405.1	428.4	457.3	478.6	506	550.1	580.2	607.4	619.3	613	598.5	587.4	551.4	518.5	491.4	455.9	415.4	395.6	385.4	379	386.6	394.8	393	394	400	398.3	407.4	439.4	468.3	504.9	542.4	572.6	586.9	613.5	633.5	636.1	630.1	634.6	640.5	637	633	629.5	628.7	626.4	620.7	619.4	615	610.7	609.4	593.3	581.2	573.4	551.9	527.6	497.3	486.6	485.7	475.3	457.1	451.7	441.2	429.8	413.8	401	396.1	379.4	367.8	361.7	353.7	336.9	310.5	294.6	241.2	177.3	129.6	117.5	140.6	178.7	210.6	217	211.5	324.2	361.8	336.6	343.3	337.2	334.6	369.5	451.2	532.9	624.7	650.4	656.7	656.6	654.6	660.9	660.5	649.7	648	637.1	610.7	637	648.7	647.6	648.7	631	622.6	645.9	658.2
764	752.5	751.5	741.5	735.5	735.5	717.4	722.7	716	706.8	705.5	685.9	686.3	688.9	683.5	676	675	673	669	671.5	669.5	671	673.5	655.4	606.3	519.5	424.7	312.7	278.8	262.6	250.5	258.1	261.5	293	344	341.4	309.3	293.4	335.3	367.7	362.1	382.8	389.7	393.5	409.6	433.6	450	461.7	474.4	481.2	486.3	498.4	505.4	520.9	532.8	536	549.6	562.4	570.2	574.9	578.9	588.2	595.7	614.1	624.1	628	635	637.1	639	635.8	615.7	606.5	595.8	577.6	563.1	543.3	520.6	489.5	445.8	417.1	403.9	410.1	403.4	395.3	389.2	392.6	400.7	430.2	459.9	477.1	498.3	541.9	581.7	611.7	626.9	621.9	605.9	592.5	575.6	535	492.7	460.5	428.5	400.4	385.1	370.5	371	379.4	385	391.4	396.9	395.1	394.5	417.4	451.9	490.1	520.4	543.1	566.3	606.4	634	645.1	639.4	639.4	638.5	627.5	628.9	630.5	625.8	624.7	617.8	613.6	609.9	603.8	600.9	595.3	578.8	568.7	551.9	523.5	499.3	484.7	470.5	463	450.5	444	435.9	429.1	415.2	396.9	380.2	371.3	366.2	361.3	350.8	336.1	312.3	291.6	255.7	182.6	132.9	130.1	149.4	181.8	210.6	211	186.5	300.9	357.6	355.1	356.3	339.8	346	387.9	450.6	524.6	610.6	649	679.6	664.1	651	655.4	657.4	652.1	651.2	649	643.7	648.1	656.7	651.5	642.4	643.9	618.6	642.6	645
760.5	750.5	747.5	738.5	735	728.6	718.3	723.5	714.5	710	705.5	673.3	683.8	690.5	683.5	676.5	675	673.5	673.5	671.5	670	671.5	672.9	664	618.3	531	398.6	322.2	292.4	272.7	253.5	269.8	270.7	304.4	342.1	346.3	333.3	301.8	338.9	369.3	368.2	383.9	391	389.2	400.5	423.3	446.5	457.7	465.4	472.4	477.3	485	491.4	513.9	529.1	540.1	551.1	559.9	569.8	581.3	587.9	596.2	604	615.7	628.7	632.7	634.4	632.4	624.6	617.9	593	575.2	569.1	550.1	531.4	515.8	496.5	467.1	431	435.3	445.5	444.6	440.6	432.6	419.4	406.8	416.5	440.5	457.1	479.2	511.5	554.6	598.1	612.1	628.1	625	604.6	589.2	568.9	545.8	494.7	457.1	435.3	406.6	387.6	376	375.1	391.4	404.9	409.4	409.4	398.1	383.2	396.2	429.4	468.4	495.8	521.6	551.4	587.1	622.3	625.5	629.3	636.4	630.7	625.6	627.1	632.1	625.7	621.8	613.2	610.2	609.3	608.1	595.9	589.2	572.1	560.3	547.7	513.8	495.1	481.3	460.9	455.5	447.1	428.5	419.3	413.5	400.2	386.1	371.3	366.8	362.6	356.8	345	335.7	313.6	292.8	257.7	178.5	129.9	129.1	141.2	174.2	195.9	191.5	197.1	327.3	351.8	350.5	359.8	382.8	413.2	422.6	450.1	527.4	605.4	647	678.3	664.3	650.8	651.9	654.3	652.7	652.2	648.1	646.9	650.9	660.1	657.9	645.1	644.1	635.4	631.9	641.7
766	753	744.5	740.5	738.5	732	729	722.5	713	712.5	678.3	670.3	692.7	666.3	668.9	676.5	674.5	673.5	673.5	670.5	660.7	668.3	670.2	670.8	661	585.5	425	342.8	310.6	290.5	273.4	283.8	287.6	320.2	364.1	347	344.5	320.7	345.6	373.7	365.8	375.8	386.6	386.1	397.9	413.8	438.7	447.1	449.9	461.4	467	473.2	485.4	512.4	534.2	544	550.1	562.7	573.2	580.8	590.7	595.2	606.1	617.5	625.6	629.4	630.6	617.8	605.9	599.8	587.4	569.2	555.9	543.1	518.6	493.9	471.8	449.7	427.6	433	441.2	438.9	437.5	436.7	427.5	415.5	424.1	449.4	457.2	472.1	506.9	555.5	597.6	622.7	633.1	630.3	618.2	597	573.8	555.5	498.5	462.5	441	417.3	392.1	375.8	371	386.8	395	399.9	402.2	400.2	389.7	389	407.8	444.4	471.5	493.2	526.6	561.6	589.7	606.8	628.7	620	630.6	636.3	640.1	632.3	623.9	621.6	614.9	605.8	601.8	606.2	593	586.2	576.1	544.8	523.1	501.1	490.9	475.4	463.1	451.4	436	419.8	413.9	403.5	393.1	383.4	370.4	363	354.2	349.7	339.4	327.7	316.3	296.2	267.6	184.4	133.9	143.2	161.2	169.3	163.8	169.1	194.5	326.8	365.2	357.3	372.2	407.6	428.7	430	458.5	541.6	602.6	594.7	620.5	656.7	661.1	652.8	633.9	655.3	643	616.1	636.4	647.9	653.8	657.4	637.6	649.3	645.1	617.5	618.1
766.5	753.5	744	742.5	739	732	730	721.5	713	708.9	684.9	668.3	694.7	672.4	656.3	677	674.5	674	672	666.5	640	661.1	670	673.5	672.5	607.6	450	361.3	320.7	305.8	289	290.1	303.6	344.1	375.6	359.7	360.1	368.2	371	372.5	366.7	369.5	375.4	379	397.8	411.2	424.1	435.7	435.5	453.2	457.3	468.7	487.7	506.9	523.2	534.7	546.8	562.3	567.1	580.7	592.3	592.6	604	611.8	621.3	625	611.3	594	578.4	567.3	561.1	536.9	518.7	512.9	491.4	464.5	447.3	433.3	444.6	456	461.7	465.7	465.3	448.2	423.9	420.5	436.3	452.6	449.8	470.9	504.5	559.7	599.2	618.6	631.4	629.3	615.3	602.2	576.8	523.6	485.7	451.8	434.9	419.3	403.4	391	395.3	402.4	409.8	418.1	412.9	405.8	395.4	385.3	397.1	418.5	444.3	464.1	492	521.7	550.6	577	588.5	595.8	609.8	619.3	626.7	630.4	622.9	620.2	613.2	601.7	593.4	595.6	572.8	570.9	563.1	536	508.8	487.6	473.8	465.4	456.5	446.8	426.3	412.9	408	395	383.7	378.4	368.2	357.7	347.9	347	336.1	328.7	317.1	303.5	275.7	201.8	149.9	162	194.2	204.6	189.7	189.2	227.6	360.9	418.9	423.9	430.1	430	429.4	429.8	453.2	519.6	593.2	604.8	607.4	634	655.5	646.1	627	645.5	656.1	636.7	619.6	624.5	652	633.3	629	634.9	618.9	604	620.2
758.4	739.8	746	748.5	743	737.5	732.5	720.5	705	697.5	701.7	699.5	699.5	694.5	687.5	677.5	675	667.8	666.5	661.2	647.1	668.4	671	673	668.1	634.2	432.8	359.9	348.7	335.1	310.6	308.9	310	340.3	380.7	379.6	370.6	368.8	405.4	401.7	368.8	357.6	364.7	378.4	391	404.3	417.4	424	427.3	443.6	452.6	468	483.3	502.3	516	529.6	546.9	551.9	563.2	577.8	581.7	578.5	587.1	586.8	595.4	597.3	592	575.5	560.2	549.2	534.5	517.2	500.6	486.2	468.8	450.7	439.3	426.9	426.7	438.5	446.4	468.6	486.8	474.3	447.3	436.5	445.4	455.3	450.8	462.4	496.1	544.6	586.2	616.3	632.1	631	616.6	599	554.9	515.1	479.4	448.5	430.1	424	407.3	398.3	402	412.6	422.6	421.1	404.8	390.5	389.5	385.6	391	414.5	436.1	448.6	477.5	510.4	530.2	557	566.7	566.8	584.2	606.7	626.2	618.9	604	604.5	599.3	583.9	590.2	597.6	564.7	551.4	549	525.4	498.3	468.3	465.1	461.1	446.5	430.8	420.6	412.6	396.8	380.5	373.2	369.8	360.2	350.7	343.6	338.4	331.5	325.8	316.3	300.9	278.7	194.6	146.6	192	212.2	192	198.5	234.2	268.1	370.5	447.1	447	447.5	454.4	453.5	451.7	502.9	600.5	612.1	596.4	607.3	649.9	643.2	632	643	645.2	649	617.3	594.8	635.1	633.2	617.3	621.5	636.8	653	643.5	654
751.8	742.2	746	750.5	744	738	731	717.4	708.6	705.7	705.4	699.5	699	694	687.5	679.5	673.8	666.7	666.4	652.6	662.1	662.7	668.3	662.3	667.3	626.5	431.2	363.1	354.3	346.8	328.4	324	317.1	348.5	381.8	378.1	375.6	370.6	409.2	432.5	424.9	406.9	386.5	379.2	385.1	389.2	402.5	405.4	414.8	430.6	444.8	458.2	470.5	492.7	505.8	514.5	530.1	540.7	548.5	562.3	561.6	559.5	559	555.1	561	555.8	548.2	536.1	529.8	516.3	503.4	487.1	471.9	463.5	458.3	451.6	428	423.3	438.8	446.2	457.4	472.6	481.6	458.8	435.5	437.8	444.8	445.2	444	457.5	479.8	509.3	537.5	569.4	591.3	589.4	581.7	560.3	529.8	501.8	472.2	446.2	429.9	419.3	413.1	404.2	410.6	421.3	433	433.8	413.1	388.4	391.1	390.9	391.9	411.2	426.4	439.9	453.6	483.5	505.4	532.7	537.9	535.4	554.7	576.9	594	592.5	577.5	575	574.8	563.4	560.9	564.6	544.8	532.7	533.9	511	484.8	461.9	451.8	447.1	432.8	415.6	410.2	405.5	385.4	375.5	368.9	362.4	357.3	345.2	334.9	331	327.2	319.7	313.3	301.7	282	201.1	160.4	221.5	231.6	229.9	251.7	277.8	304.2	390.6	441.5	452.5	454.6	459.4	459.2	455.3	514.2	592.9	586.3	592.1	597.7	636.6	644.9	646.5	653.7	645.1	641.6	611.1	598.5	636.6	647	632.2	633.4	648.1	650.6	649.6	652.2
761	747.9	749.7	752.5	740.6	720.6	715.6	719.5	715.5	710.5	705	702	701.5	696	689.5	679.5	668.5	662.8	668.4	672.6	655.4	658.8	664.7	655.6	663.7	635	476.9	389.9	369	370	355	347	339.7	351.6	374.3	374.6	370.4	372.3	416.3	433.5	419.4	416.7	391.8	375.6	376.2	379	390.4	401.3	411.8	424.2	432.9	443.3	453.1	475.7	488.2	496.9	515.6	528.6	541.3	549.2	546.4	539.1	533.5	540.6	542.7	532.5	528.2	517	504.6	491	486.2	472.4	461.4	457	451.3	446.7	421.1	400.9	413.3	425	465.1	499.8	495.8	470.7	446.5	438.7	437.9	433.2	431.8	441.6	462.5	491.7	512.9	532.4	543.9	545.9	545.3	527.4	509.7	489.1	462.3	438.7	424.9	414.4	409.7	404.8	410.9	417.3	428.7	439.2	425.3	390.8	371.9	376.2	375.6	393.3	416.1	431.9	440.9	464.5	481.8	502.3	511.7	512.3	525.2	544	556.8	558.9	554.6	551.8	556.6	568.6	554.6	539.6	529.6	516.7	519.1	507.6	482.5	458.2	446.6	435.4	423	409.5	396.6	393.6	383.6	372.2	366.8	359.6	354.5	344.2	328.7	323	321.4	310.2	305.6	297.9	289.6	218.5	163.5	206.5	232.6	253.3	272.8	291.9	304.3	397.5	460.2	465.8	466.5	469.8	465.2	473.7	557.9	598.1	583.4	611.3	596.7	641	655.6	656.2	649.2	644.3	642	615.4	589.5	606.9	626.9	640.6	653.8	650.5	649.1	649.5	650.6
765.5	749.7	747.1	750.5	739.2	723.2	722.6	717.3	707.9	711	701.4	702.5	703.5	697.5	689.5	678	667.8	663.6	671.8	666.7	654.4	670.5	671	670	670	658	548.8	418.1	368.3	380.2	388.8	405.3	396.1	379.2	364.7	368.3	363.8	367.6	417.7	435.9	422.4	415.4	393.7	368.6	365.3	371.4	378.6	388.9	401.2	409.9	417.2	422.4	437.7	456.5	470.5	485	492.6	501.7	508.5	520.9	526	519.2	511.1	517.4	517.9	503.3	493.8	485.1	468.3	459.4	452.9	452.4	457.1	457.1	450.7	444.6	414.5	392.1	385.9	405.8	449.6	486	485.3	473.5	448.9	425.4	415.1	400.3	398.7	414.6	427	451.5	476.6	489.4	491.3	496.9	498.1	491.1	472.9	456.2	432.6	416.7	409.5	397.1	390	389.6	400.1	406.6	411.7	422.1	421.4	392.9	370.2	370.9	373	378.8	409.4	426.6	431.3	444.2	454.2	472.3	479.5	487.7	497.2	509.2	515.3	523.9	523.3	526.8	536.4	544.3	532.8	527	517.9	496.3	495.7	490	470.6	448.2	426.7	420.3	408.8	400.1	388	384	380.4	367.8	361.3	353.5	346.1	340.7	330.6	320.8	316.7	305.4	301	301.5	299.1	248.6	180.8	201.1	236	256.9	278.3	290.9	303.4	359.7	462.4	470.6	467	469.6	465.2	483.3	578.8	633.3	615.6	586.8	585	632	653.8	652.8	614.4	598	635.9	627.2	602.4	610.6	620.7	634.1	657.9	658.7	650	648.3	644.8
767.6	759.9	756.5	750.5	744.5	733.5	724	720.5	716.8	708.1	704.7	705.5	683.9	690	690.5	683.5	680	675.9	673.5	667	671	669.5	670.5	666.9	669.5	668.8	564	484.7	392.6	385.1	401.6	441	432.6	393.7	373.4	363.6	363.3	374.4	417.3	427.5	422.5	414.9	401	381	365.3	360.7	367.4	384.4	400.5	401	397.7	409.7	427.3	441.6	455.9	465.9	463.5	477.2	497.4	500.9	499.9	500.6	499.8	502.9	498.9	489.3	471.3	455.5	446.2	441.8	436.6	438.6	453.5	454.3	440.8	417.8	386.8	372.3	379	402.8	448.4	476.3	466.8	445.1	424.6	399.6	384.1	375.5	380.1	396.5	410.4	419.4	434.8	449.5	457.9	462.2	462.9	455.8	436.2	416.1	403.1	385.5	371.4	362.2	363.3	370.1	381.9	400.9	424.1	432.8	418.5	396.2	358.3	338.4	330.8	352.2	399.8	425.2	439.5	439.5	443.1	457.3	466.1	479.2	481	491.8	498.4	504.2	510.4	512.3	522	522.8	515.6	515.5	503.4	490.1	490.4	490	466.5	444.8	426.3	414.5	407.6	393.2	379.4	372.1	371.2	362.2	357.2	350.8	340.5	336.7	330.3	321.2	314.1	305.7	297.6	295.9	297.6	242.4	160.6	164.3	221.7	252.7	277.2	290.4	300.2	411.5	493.7	478.7	470	470.6	473.3	510.1	595.1	631.9	616.8	623.5	608.8	594.8	616	646.7	636	623.3	649.2	653.9	652.5	650.7	637.1	618.2	640.8	652.1	645.4	629.5	625.7
775.7	763	758.5	751.5	743	733.5	723.5	719.5	713.2	707.2	706.5	692.9	677.6	695.4	691.5	683.5	680	676	673.5	671.5	670.5	669.5	670	668.1	669.5	670.4	581.1	504	405.4	364.2	395.5	451.4	440.9	407.9	377	362	359.1	373.1	419.3	425.8	413.2	403.1	362.8	335.6	344.8	344.7	352.4	366.7	381.1	384.2	379.6	390.7	404.9	422.9	433.7	437.5	442.8	459.1	475.3	477.3	475.6	477.2	475	481.3	474.9	462.4	446.1	423.7	414	419.7	425.3	440.2	458.1	461.7	453	423.4	393.7	370.8	356.1	373.6	403.2	420.8	415.4	404	389.9	365.7	344.1	328.9	330.3	357.1	380.2	393.3	405	412.2	420.3	424.3	422.8	414.9	391.9	372.5	360.7	342.5	321.7	314	323.7	340.3	360.6	382.4	396.6	395.9	384.3	363.9	333.1	315.9	317.1	348.4	395.1	432.6	449.8	443.5	439.6	433.4	442.4	455.8	456.9	462.1	461.7	482.7	488.7	483.1	500.8	502.4	494.5	490.8	489.2	480.6	480.1	465.7	452.2	435.5	418.6	411.6	398.7	381.3	371.2	364	358.1	350.9	349.6	346	338.9	330.8	319.5	313	311	303.4	293.8	292.6	291.4	240.8	180.3	187	237.7	259.6	285.2	293.3	311.7	421.5	497.4	483.9	470.4	470.8	474.6	506.9	590	633.2	647	646.8	619.4	607.1	620.9	640	639.4	647	633.1	652.8	653.4	652.1	647.8	622.6	639.9	649	644.6	623.8	617.7
782	766.5	763.5	756.5	741.5	730.5	720	716	715.5	705.5	687.6	696	681.2	698.5	692	685	679.5	677.5	675	673	670.5	669.5	669	662	656.3	664.3	602.5	531.5	470.8	374.9	383.4	451.1	444.2	411.4	388.1	368.1	364.3	387.9	418.5	418.7	408.7	398.1	359.1	323.8	333.4	334.7	339.7	354.5	367.1	374.6	381.2	386.6	396.2	412.4	417.6	414.9	422.8	441.7	454.4	462.4	469.3	472.2	472.5	466.6	453.7	448.2	436.8	415.2	401.6	402.8	415.8	430.9	439.4	442	439.1	420.2	391.7	370.2	358.1	360.8	367.8	368.1	362.1	359	350.8	333.4	309.9	292.3	294.4	316.6	346.9	368	377.1	378.1	386.4	401.6	398.6	393	379.8	343.9	328.3	308.9	290	286.4	296.8	312.8	332.3	349.1	363	368.6	360.6	339.7	316.5	300.8	306	338.1	376.5	405.2	423.3	436.8	436.4	427.9	433.4	441.1	444.2	454.6	457	475.6	476.6	476.1	493.7	487.8	489.2	487.7	486	482.4	471.6	446.8	434.4	417.1	401.7	400.2	385.3	370.1	363.3	353.3	350.6	342.2	336.9	339.9	333.2	317.8	310.7	305.6	306.2	301.7	292	292.9	291	247.1	208.2	204.5	239.8	257.6	277.2	292.1	309.4	413.2	498.6	492.2	476.1	475	491.4	566.2	621.1	636.6	643.2	644.8	643.5	645.6	650.9	646.8	613.7	603.3	627.5	644	654.2	657.9	660.1	655.8	623.9	645.9	654.8	642.7	641.4
784.5	771	767.5	757	741	726.4	721	717	715.5	704.7	692.3	706.5	690.7	698	690.9	678.5	678.8	678	675	673.5	671	669.5	668	663.2	634.9	666.2	633.6	540.7	506.2	410.9	390.4	443.8	443.4	411.7	383.5	366	365.7	397.2	422.5	412.6	403.7	391	356.4	311	315.8	321.5	327.2	339.4	350.5	362.9	367.3	372	383.5	394	403	400.2	406.2	423.2	434.3	437.8	439.4	445.7	443.8	436.8	422.2	409.1	398.3	390.6	386.6	391	424.9	447.9	449.1	439.5	430.1	416.3	391.6	379.7	367.6	344.9	322.7	295.7	277.7	272.4	266.2	262.1	257.3	256.9	262.9	280.3	305.5	321.7	328	333.3	336.9	350.4	342.3	335.6	332.3	296.9	282.1	264.8	251.2	250.9	271.7	282	282.6	281.5	285.5	290.1	285	283.1	286.5	292	320.7	353.3	382.8	408.6	418.7	427.1	434.6	425.4	419.1	415	417.7	434.3	440.1	447.5	455.3	457.4	468.8	472.6	477.6	472.8	467.8	459.9	448.7	428.6	417.4	405.1	389.4	387.2	375.5	359.5	351.3	347	345.7	339.3	337.3	333.8	326.7	317.6	307.6	304.2	305.2	299.2	294.1	291.9	286.6	249.1	227.5	227	246.8	267.7	279.1	282.2	319.8	438.8	492	459.7	469.8	475.1	498.6	584.7	621.4	638.4	642	638.6	640.1	643.8	649	645.6	623.8	608.7	621.8	637.2	651.8	657.5	661.9	657.8	631.6	643.2	656.5	643	645.6
784.8	781.5	779	764.5	750.5	741.5	721	721.5	715.5	711	708.5	706	703.5	696.6	688.5	685.1	683.5	678.5	670.5	674	671.5	669.5	668.4	629.7	616.1	668.7	658.7	566.6	532.5	466.7	400.4	429.2	428	404.2	380	368.5	373.7	405.4	420.9	411.4	405	391.3	349.8	297.6	303	314.6	323.6	328	331.7	341.9	349	360.9	370.9	377.4	383.2	387.7	395	403.9	414.5	427.2	432.6	426.4	421.5	415.9	408.5	398.6	385.2	380.9	384.2	395.9	425.7	440.2	436.3	430.6	420.1	407.5	391	375	375.6	351.4	304.7	259.4	230.2	214.6	203.3	193.6	184.6	193.8	215	241.3	269.8	288	299.6	305.2	307.4	302.1	301.1	302.4	293.1	272.6	256.7	230.3	206.5	208.4	221.5	236.5	242.6	241.4	244	245.5	245.5	255.5	268	292.2	325.7	351.5	374.5	388.3	397.8	406.6	420.5	417.6	407.9	407	410.2	415.1	416.8	430.6	438.8	451.8	451.3	451.4	459.5	452.7	445.3	434.9	422.5	413.5	404	392.9	379.2	375.1	364.2	353.4	343.1	336.5	340.1	333.7	331.6	329	328	320.1	309.2	306.3	305.3	298.3	292.3	289	285.3	260.8	245	240.1	261.2	278	279.8	278.1	318.4	444.8	495.3	448.9	441.4	475.2	521.1	580.6	632.2	648.9	642.3	627.7	633.4	644.9	641.8	640.2	635	617.7	609.2	604.4	625.1	638.6	652	652.6	646.1	644.1	644.6	645.6	652.1
777.4	778.5	780	763.5	750.5	741.5	726.5	721	714.5	709.9	707	705.5	703.5	696.5	691.8	690.5	683.5	673.8	670.6	674	671.5	666.4	656.6	621.9	623.5	670.5	663.8	606.3	543	486.7	439.5	446.1	414.5	405.7	383.7	372.4	380.1	409.1	415.3	406.7	395.7	382.8	351.9	305.6	297.4	308.9	312.4	313.8	317	330.7	335.5	342.8	355.6	358.6	361	373.6	384.2	388.4	394.3	400.6	401.2	394.9	386.1	379.7	374.9	364.4	360.2	372.8	392	419.7	440.7	436.5	421.1	409.8	398.3	384	373.4	362.3	367.5	352.5	298.3	243.7	212	189.5	168.5	141.3	124.4	130.4	162.5	194.6	226.6	248.5	260.2	262.9	265.6	258	257.3	262.7	255.9	239.3	214.1	183.8	161.4	151.7	156.6	172.1	187.7	191.8	197.1	200.3	205	228.1	264.7	307.9	327.6	344.3	359.1	367.5	376.7	390.6	408.4	409.7	400.9	395.5	392	391.9	391.7	400	412.1	430.1	438	433.2	433.2	429.7	418.4	406.3	394.8	389.4	385.2	370.6	364.3	359.9	349.3	340.9	335.3	332.1	332.7	327.2	327.4	323.3	323.7	317.1	310.5	306.1	302.8	296	286.7	282.8	287.8	291.5	284.8	264.2	280.1	284.8	281.5	284.7	359.7	477.2	491.7	477.3	441.2	475.3	534.8	576.7	629.8	650.1	653.2	653.6	647	644.9	643.5	639.2	638.3	618.8	619.5	622.2	619.6	634.4	656.1	654.2	647.3	646.1	639.5	638.6	628.3
781	782	784	769.5	752	742	730.2	721.4	715.9	711.8	709	707.5	705	697.5	695	671.1	649.1	661.8	648.6	661.5	665.7	658.5	660.7	653.9	662.9	669.5	670.5	650.6	588.6	504.4	451.6	453.6	423.9	403.1	397.1	388.3	387.6	409.9	421.6	411.6	398.9	387.3	333.8	290	289.6	295	304.2	304.3	308.8	322.5	328.6	337.4	349.2	351.7	358.1	370.2	378.4	381.7	381.5	380.6	370.8	369.8	372	362.6	358.5	354.4	355.6	364	378.4	395.9	413.1	425.3	423.6	411.3	399.8	388.3	373	359.7	363.8	359.4	317	249.8	205.1	176.2	143	114.9	109.4	117.9	129.1	157.1	189.5	213.3	227.9	236.6	235.2	230.3	228.1	223.6	215.5	201.8	182.9	163.4	148.5	136.1	125.8	131.5	151.4	165.5	177.1	182	197.4	226.6	252.5	279.1	316.2	340.6	356	367.3	369.2	370.1	380.3	390.6	398.4	389.2	376.2	373.1	375.5	385.8	399	410.8	415.1	415.8	416.3	407.5	401.4	396.8	387	371.8	363.5	357.2	351.3	347.9	340.2	331.8	326.2	323.8	325.6	323.5	318.1	314.4	315	317.1	311.3	304.1	301.5	297.7	289.9	286.2	290.6	307.3	322.2	331.5	316.3	303	292.9	289.2	319.7	404.5	482.7	484.7	469.9	481.6	546.4	587.8	605.7	629.5	634.2	648.7	646.8	643.6	647.9	653.3	649.8	635.7	637.8	640.1	641.6	641.8	637.6	646.4	619.4	647.1	646.5	647	641
787.5	785	782	766	751.5	740.5	729.8	723	719	715.5	710	708.5	705	698	694.5	652.2	651.9	674	664.3	671.2	663.8	663.2	661	655.2	666.6	669.5	670	658.1	587.3	520.1	482	453.5	421.6	397.6	381.3	377	388.1	412.1	421.1	409.2	391.8	386.1	348.2	294.5	280.5	280.9	287.9	293.7	298.4	311.1	320.2	332.9	344.1	344.1	346.4	348.1	349.5	354.5	353.7	348.4	331.5	331.7	335	330	329.4	344.7	367.5	395.2	419	419.6	416.4	414.8	400.4	386.8	366.7	360	352.1	349.2	351	339.7	301.7	248.3	209.6	177.4	145.1	124.4	116.7	122.2	131.3	144	164.6	186.2	205	211.7	210	208.5	208.4	206	194.4	176.6	160.9	146.4	134.2	125.9	119.2	119.1	133	155.1	166.4	183.6	210.6	244.1	277.2	292.3	307	326.3	345.4	357.9	362.7	380.8	393.3	398	397.2	382.9	357.2	354.6	367.6	365.8	379.6	383.9	388.1	390.7	394.1	394.8	384.8	380.3	375.2	365.6	355	343.8	340.9	337.6	328.8	322.2	313.6	316	314.1	314.1	311.8	308.4	305.1	303.7	302	300.8	300	294.6	286.9	287	294.8	306.9	322.1	341.8	329.3	318.8	306.9	316.8	386.7	449.6	480.4	485.9	483.6	495.3	542.9	595.5	623.1	622.6	631.2	645.2	645	641.9	642.9	647.7	652.4	641	640.4	640.1	639	642.8	633	633.1	624.5	640.2	645.1	645.8	649.6
788.5	780	770.5	756.5	750	741.5	734.5	729	724.5	720	712.5	709	705.5	699.5	696.5	663.3	686.3	680	677.5	675	669.1	671.5	670.5	669	667	659.9	635.4	658.5	605.5	525	486.9	452.7	442.1	429.8	406	378	386.7	412.2	420.7	414.5	397.7	382.2	352.2	295.9	271.6	270.5	275.9	283.1	289.6	300.7	316.6	330.8	337.1	337.9	337.1	337.9	335	336.6	335.5	327.1	317.9	317.7	319.9	315.2	320.6	337.7	362.6	388.3	408.5	412.5	414.3	409.3	393.3	380.9	364.4	355.9	355.8	356.7	352.6	328.3	295.5	258.8	214.2	185.1	160.8	144	139.1	139.1	140.6	149.5	159.5	171.3	183.2	186.8	186.8	185.7	188	186.9	176.1	165.2	156	147.7	140	131.8	124.2	119.8	119.8	133.7	151.7	174.5	207.6	244.6	268.9	289.2	311.5	330.2	350.2	360.8	366	374.4	383.2	387.2	384	378.1	355.4	339.9	349.6	356.8	360.4	361.9	365.7	375.9	379.9	383	370.2	363.7	359	357.5	345.5	335.7	337.3	331.3	323.9	314.2	308	310.3	305.8	307.2	309.8	308.9	305.2	303.5	302.3	302.8	297.4	293.5	287.7	285.6	296.2	314.6	327.8	346	342.5	331	320.2	334.9	413.2	467.8	489.5	493.9	489.9	524	554.2	583.8	628.8	649.2	648.2	652.1	635.9	626.7	619.9	630	645.3	639.8	614.8	620.4	639.8	641	637.4	630	629	650.3	652.7	648.7	637
790.5	778	766.5	755	749	741	737.5	733.5	726	720.5	713	709	705	699.5	688.4	680.9	688.4	680	678	675	669.1	671	670	668	667.5	655.4	636.2	670	649.1	559	475.3	442.3	437.6	438.9	424.9	389.7	394.2	413.5	416	404.5	384.8	376.9	358.8	298.9	259.6	257.5	265.4	268.7	278.4	292.3	309	326.9	325.4	319.1	319.3	320.5	316.7	316	309.6	299.6	288.3	292.7	301.8	317.8	335.9	351.9	371.6	388.3	395.3	401.1	400.9	387.7	375.2	368.4	356.4	350.8	348.4	345.7	337.8	313.3	281.6	254.4	230.9	207.5	184.5	165.5	157.9	154.1	150.8	153.4	156.7	160.7	163.4	163.8	165.9	165.8	166	164.3	160.2	158.3	153.7	147.1	139.9	133.3	128.7	128.1	131.5	144.1	166	192.2	220.8	246.6	260.9	274.2	305.5	328.7	343.4	356.5	352.5	349.7	365.3	368.4	368.8	367.7	358	341.2	331.6	337.4	339.8	340	346.7	356.1	355.1	352.8	350.8	347	338.7	337.3	331.7	324.8	322.8	319.2	314.4	306.6	298.8	302.9	304.2	305.5	306.5	306	309.6	306.7	300.7	301.8	295.1	288.9	284.4	286.4	305.9	336.1	359.4	359.1	358.5	345.7	335.8	384.8	453.6	472.2	484.6	494.2	490.7	535.9	578.2	588.1	615	633.6	647.9	650	643.4	595.6	593.2	625.4	633.4	638.1	613.8	601	627	637.7	639.2	640.2	633.2	645.6	659.2	636.6	629.1
790.5	788.5	771.5	766.5	763.5	757	748.5	731.1	726.9	725	715.5	707.7	707	703.5	693.6	696.9	695	686	680	669.5	669.9	673	672.5	669.4	668	667.5	664.8	665.4	630	599.3	499.1	439.7	425.1	427.6	435	413.7	422.8	433.1	414.3	401.4	378.2	363.5	353.6	307	258.4	252.1	257	262.5	269.6	285.4	301.5	313.5	312.3	308.8	306.8	305	305.1	302.5	296.5	283.6	277.5	281.3	294	317.5	332	344.7	364.6	381	383.3	382.7	387.3	381.2	370.8	359.3	352.2	345.9	345	342.8	338.3	327.6	288.1	244.5	227.1	212.5	193.2	177.4	167.9	156.5	151.9	152.3	156.1	158.6	160.4	162.3	162.4	159.5	155.9	156.4	159.9	160.3	157.4	154.3	148.6	148.6	147.2	142.4	144.9	149	165.7	190.6	209	233.2	259.7	284.6	311	330.1	335.9	347.8	346.4	346.8	356	359.9	367.8	368.1	364.1	347.5	334.9	327.1	328.5	326.7	329.6	339.5	337.7	335	330.5	327	325	325	324.3	324.2	319.7	317.2	310.4	306.2	292.7	291.5	302.1	301.4	295.9	299.4	303.4	303.1	296.3	297.4	293.6	290.4	282	286.6	308.2	341.5	377.4	376.3	378.3	358.6	355	420.7	483.6	497.9	488	494	508.6	590.7	637.3	626.5	629.1	636.7	630.3	643.7	645.8	631.7	603.7	623.9	640.7	640.5	623.8	614.5	627.5	647.7	648.5	650.1	655.1	661.4	667.9	655.4	649.2
790.5	782	768	771	765.5	755.5	745.6	724.4	731	720	710.5	706.4	705	701.5	696.5	683.5	691	681.5	677	670.9	667.3	671.6	670.4	665.3	664.8	665.9	660.7	659.9	638.8	626.9	508.7	430.2	406.7	405.2	412	406.7	427.9	431	407.9	394.9	374.1	360.4	349.4	301.6	255.5	251.3	254.2	262.3	276.2	290.7	298.1	305.4	302.3	297.5	294.5	287.8	284.4	281.9	274.7	266.3	270.3	290.6	309.9	323.6	339	354.1	363.2	377.3	376.3	364.6	358.4	362.4	361.5	351.9	346.1	340.7	339.9	334.8	331.3	321.9	282	245.3	237.2	235.5	223.1	206.6	191.4	178.8	174.2	167.5	166.3	169.3	169	167.4	164.7	159.8	159.4	159.3	160.7	165.4	164.2	164	162.8	166.6	169.2	176.4	177.1	180.7	194	203.5	210.2	223.3	256.1	288.3	309.4	319.1	322.4	330.5	337.2	338.6	334.8	343.4	356.4	363	367.1	364.8	348.3	328	316.4	313.8	312	314	314.4	312.6	309.5	309.3	308.7	309.3	309.3	305.7	302.2	302.3	297.9	290.5	287.8	283.1	289.5	292.1	291	295.9	295.5	294.7	295.2	291.2	288.6	286.7	278	283.6	302	330.8	377.4	404	394.2	379.2	438.2	495.1	500.3	500.3	496.7	480.1	519.7	607	637	636.7	641.3	646.7	643.7	642.9	644.1	646.8	642	620.7	630.4	642	641.4	630.1	640.5	647.9	649.7	647.7	646.4	655.6	662.8	663.3	666.7
789	790.5	790.5	788	772	758.9	739.1	738	733	723	699.3	705.7	705.2	702	687	661.3	668.2	674.9	672.9	665.4	662.9	670.7	671	666	651.8	639.1	630.5	658.1	667.4	657.1	575.7	464.8	419.2	405.1	397.4	399.7	419.8	424.9	406.4	387.6	366.9	361.5	350.5	295.4	254.9	245.4	248.9	254.9	268.9	284.7	291.2	298.1	301.7	300.3	294.9	283.3	273.5	271.6	266.1	259.1	266.3	281.4	300	311.8	328.8	344.2	354.3	364	361	351.8	350.4	357.7	362.2	353.5	342.3	341.1	338.1	334.9	335.8	327.7	311.6	283.3	263	260	257.4	246.2	234.2	224.8	219.2	201.9	189.8	189.2	187.7	180.8	173	168	165.7	168.5	173.3	180.8	190.4	201.9	204.9	207.4	211.4	211.6	210.2	211.4	212.7	219.5	237.5	258.8	284.2	298.4	307	313.2	316.7	320.5	329.4	326.7	325.3	337.7	342.2	347.1	355.1	353.9	346.9	331.7	310.1	305	304.1	297.8	296	300.6	307.5	305.2	298.8	300.7	299.8	298.9	298.5	298.5	295.6	283.3	280.1	282.4	283.9	286.7	291.2	301.8	298.8	295.1	297.2	292.1	288.4	286.2	279.2	285.5	299.1	327.5	382.4	417.1	404.7	397.4	466.5	494.8	491.6	487.7	493.7	488.6	570.1	644.4	640.5	638.5	640.1	643.5	646.6	646.5	643.3	646.5	643.7	625.7	644	651.3	655.1	653.3	651.8	630.2	641.1	646.4	646.2	643.5	655.2	662.8	662.4
784.8	789.6	790.5	789	770	758.7	741.2	737.5	731	723.5	707.6	705.8	707.2	703.5	700	667.7	664.2	680	671.7	662.3	661.3	667.4	669.2	649.8	634.8	635.5	626.4	655.4	665.3	660.1	598.5	467.5	402.4	382	370.1	392.6	416.5	420	404	379.5	366.2	362.4	357.9	310.3	256.1	237.3	239.6	249	268.9	284.6	291.4	294.9	296.1	290.9	280.3	272.6	265.2	257.5	255.9	263.2	275.1	289	304.6	320.5	331.3	337.8	343.7	349.8	352	353.5	352.5	354.8	353.2	341.6	339.5	344.1	344.4	340.4	343.9	338.4	324.9	303.4	288.2	285.3	284.1	275.1	266.9	253.6	245.7	227.4	214.3	207.5	200.9	193.8	186.8	181.1	176.8	180.3	189.2	200.5	211.9	227.5	238.7	249	252.6	250.7	247.9	243.3	241.6	240.5	258.9	281.2	295.1	303.8	308	313.5	313.4	315.6	319.2	316.8	320	326.9	334.9	340	342.1	341.2	344	334.7	315.1	304.6	299.3	282.8	278.9	285.6	287.6	289.8	286.4	284.6	285.4	288.4	287.5	284.5	282.4	281.4	280.1	278.5	279	286.2	287.5	292.6	295	295.5	292.4	287.3	286.2	283	275.2	282.3	299.5	343	399.3	420.9	422.5	464.9	498.9	486.3	469.6	483.3	492.6	503.4	587.5	645.6	642.7	619.5	607.8	629.9	646.8	647.1	649.5	652.6	642.6	621.5	644.7	653.4	658.4	654.3	651.6	622.4	626.9	640.1	639.5	648.7	654.4	659	661.5
789.3	790.5	785.1	766.4	759.7	753	744.5	741.5	729.6	721	714	710.2	710.5	707.5	703	692.6	697.5	686.3	665.3	661.4	671.2	673.5	671	662.9	656.9	667.5	666	666.5	658.4	660.1	634.5	546.9	421.1	376.8	361.8	381.1	410.1	417.2	400.8	380.4	376.7	385.5	361.8	316.5	262.6	228.1	229.3	240.7	263.4	280.1	289	289.1	289.9	286.7	276.5	268.1	258.5	246.2	248.6	265.7	278.1	288.3	301.6	313.2	322.3	329.4	330.4	332.9	342.3	349.2	349.5	346.1	339.1	332.2	329.9	331.7	334.1	332.9	339.1	334.7	332.8	325.9	314.5	296.1	292.2	293.4	286.8	272	259.8	251.6	244.7	241.7	232.6	232.6	228.9	223.2	214.9	217.5	223.3	229.4	243.8	259.9	268.9	276.5	277.9	274.2	275.1	282.9	288.6	282.6	286	296	303.1	306.3	306.6	308.7	309.3	313.1	313.4	311.5	304.6	308.3	316.4	320.1	324	328.8	334.5	332.8	320	306.1	291.6	278.3	275.7	273.2	272.2	278.8	283.7	280.7	281.3	283.8	282	277.1	276.1	280.9	279.8	277.5	276.2	280.9	283.8	286	289.6	283.8	285.2	284.6	285.3	300.5	293.6	283.3	296.6	345.9	395.3	414.7	430.1	472.8	487.8	478.6	472.2	494.1	502.8	551.2	612.4	628.2	631	625.2	607.5	645.2	645	643.1	646.3	656.5	653.8	626.7	638.7	648.3	647.3	655.1	658.3	654.3	640.8	645.4	637	651.6	662.3	673.8	661.9
790.5	790.5	771.6	770.6	765	750.5	739.6	741.7	730.2	720.9	717	712.5	710	708.5	705	699.5	698.1	683.4	666.5	665.2	672.4	673.5	671	671	670	667.5	666.5	667	660.3	664.5	659.5	641.1	515.6	394.3	337.6	366.4	408.4	411.3	398.3	383.7	381.9	385.8	364.1	322.8	260.5	226.1	222.4	235.6	266.1	281.2	287.4	290.2	282.6	270.4	267.7	259.1	243.8	244.9	261	273.9	281	285.9	292.5	298.2	302.9	314.9	318.8	325	336	342.7	348.7	348.6	338.1	335.7	337.2	341.6	345.1	339.6	338.1	336	338.9	335.9	324	305	303.6	305.3	300.8	284.6	271.6	271	274.8	264.5	258.5	260.7	255.2	249.2	242.7	239.8	245.2	258.1	277.1	295.5	296.2	296	295.3	290.4	296.4	304.4	304.3	301.5	299.3	307.1	315.8	319.2	314.6	315.5	317.8	314	306.2	298.5	294.1	294.7	298.9	302.1	310.3	313.9	317.3	322.8	316.5	310.8	298.9	286.4	274.5	264.9	264.1	267	270	266	270.7	278.5	278.9	276.8	276.4	275.1	273.9	274.2	273.8	277.6	283.7	283.2	279.5	275.5	276.2	282.2	287.3	298.8	314.2	304.6	322.6	374.9	389	407.6	455.1	493.9	486.1	481.8	490.8	497.6	512.7	578.6	602.5	597.2	607.1	619.4	625	644.5	644.6	641.2	643.9	648.8	651	637	639.1	649.2	649.6	652.5	658.8	658	652	655.8	649.6	654.5	668.9	678.5	668.1
790.5	790.5	790.5	782.7	774.1	771	756.2	752.5	745.5	725	723.5	715.5	714	712.5	707.5	697.4	687.6	684.3	677	674.5	674	674	672.5	667.4	663.8	667.2	666.5	665.5	663.4	666.2	664.4	650.2	596.2	441.4	334.2	351.8	407.2	421	415.2	419.5	411.5	400.1	368.7	335.5	268.2	226.7	218.3	228.9	259.7	281.5	286.8	284.9	279.5	265.8	261.8	251.4	239.4	247.1	263.1	269.7	278.3	283.2	283	287.5	294.9	309.6	317.6	325.1	333.4	338.8	344.2	342.7	326.1	332.8	334.5	334.3	335.7	333.3	335.9	326.5	328.1	333.7	326.8	320.6	321.8	321.1	320.7	304.9	292.7	296.7	301.4	297.3	291.9	289.2	285.2	275.5	268.7	265.7	275.3	290.9	315.2	328.6	321.5	316.9	322	322.3	318.2	315.5	316.2	315.9	317	321.3	325	325.6	319.1	316.6	312.1	300.9	296.5	289.3	288.1	287.8	291.2	287.5	290.9	295	300.2	307.4	313.4	309.7	297.7	284.4	273.2	261.7	257.6	260.6	264.1	263.3	260.9	268.7	271.4	272	273.5	272.7	270.8	270.1	272.6	276.7	279.7	274.8	269.6	274.2	280	285.3	292.7	309.3	322.5	329.5	347.7	386.4	386.2	399	440.4	482.7	490.1	494.7	491	519.1	580.9	625	624.8	615.4	632.6	634.8	620.5	629.1	635	628.7	640.3	641.5	647.6	639	623.8	608.3	639.9	642.3	647	650.7	640.9	645.5	655.1	660.1	676.8	683.6	677.1
790.5	790.5	790.5	775.8	775.8	778	763.4	750.4	741.8	721.4	726	718	716	712.5	709	696.1	687.9	687.3	680.9	675	674	673.5	672.5	664.1	666.7	670	667.5	666.5	662.7	663.8	664.3	651.9	582.6	410.4	320	342.6	415.4	427.1	422.9	424.2	410.2	403.9	384.2	341.4	292.1	252.2	229	235.8	263	276.5	280.6	287.5	283.1	272	260.8	250.1	256.6	270	278.4	278.3	275.7	268.1	263.2	269.4	281.2	295.2	305.4	314.5	332.9	343	347.3	341.6	333.6	334.4	337.7	338.3	338.3	335.8	336.2	332.6	334.7	336.4	336.7	336.2	338.7	344.4	346.7	337.3	333.1	328.2	332.3	334.6	326.8	330.8	329.6	315.3	305.2	309.4	322.7	342.3	359.6	371.1	367.8	355.7	353.5	349.2	335.9	327.8	327.9	329.7	331.4	330.2	326.8	328	321.5	313.6	304.4	301.8	297.2	291.7	283.5	282.3	282.9	280.2	276.7	276.8	286.1	296.2	307.5	309	304.4	295.2	290.2	276.4	259.9	253.1	257.4	264.3	265.5	268.9	268.6	265.3	268.2	271.8	271.9	268.9	267.6	266.7	271.2	272.4	266.4	271.7	273	281.8	294.6	307.3	317	332.2	362.4	380	373	390	454.3	485.8	491.4	496.1	496.2	540.7	602.4	622.4	631.4	628.3	637	637.4	621.4	632	644.9	628.1	643.9	644.6	647.1	637.8	625	601.1	617.1	640.2	643	646.2	643.1	648.8	663.4	661.8	676.9	684.4	675.3
789	788.7	772.5	754.4	783.5	785.5	765	749.1	744	741	734	721	714	711	710	704.5	703	698.5	689.5	679.5	674	673.5	671.5	665.3	669.7	670.5	666.9	648.9	658	664.3	646.8	648	627	485	402.1	384.2	444.4	446.3	439.1	435.7	421.6	407.1	391.5	345.6	309.2	265.5	232.7	234.5	257.7	274.2	277.9	288.8	287.3	276.6	269.8	252.9	256.2	275.5	280.6	282.1	273.2	262.6	260.2	259.9	271.9	292.3	298.3	306	317.9	329.9	332.5	333.6	327.6	325.2	331.8	335.1	330.3	328.9	325.9	322.9	319.7	327.5	337.1	342.9	345.1	350.8	362.3	364.3	368.6	357.6	350.1	351.8	350.2	349.9	348.8	340.3	320.2	322.8	340.6	359.1	374.5	388.3	383.4	376.3	372.4	359.5	343.5	339.3	339.4	340.3	340.6	340.8	336	325.2	320.2	311.1	304	303.7	298.9	287.8	279.4	279.6	280.4	276.8	275.3	277.1	280.3	283.4	293.2	300.5	307.4	305.7	306.7	293.2	271.7	257.3	257	264.3	263.7	269.9	270.5	266.8	265.2	271.5	273.5	270.2	265.3	267.5	265.6	267.2	269.7	271.6	271.3	276.9	302.2	320.1	320.9	330.6	359.6	393.6	393.9	415	494.8	521.5	513.3	520.7	559.2	623.5	641.7	640.6	644.2	634	640	639.5	621.6	607.9	642	631.1	640	647.7	641.9	640.3	643.2	622.6	609.3	639.2	645.1	644.8	641.9	657.1	660	645.3	662.2	690.8	685.7
790.5	783.6	774.6	773.5	786	788	764.1	748.7	743	742.5	735	719.5	713.5	710.5	710.5	705.5	703	698.5	691	680	674.5	674	669.1	664.7	658.4	670.5	667.5	654.8	660.1	667	658.5	651.4	555	456.2	416.9	383.4	432.3	439.3	429.3	432.2	424	406.5	391.6	356.2	329	292	250.5	245.1	259.8	271.8	277.6	286.2	291	292.4	284.7	279.7	295.7	307.7	302.2	290.2	275.8	260.3	249.8	249.9	260.8	278.5	288.7	298	308.1	313.2	318.7	315.7	305.7	307.3	316.3	315.5	317.7	310.8	309.3	302.2	286.8	289	300.4	307.3	314.2	316.1	331.2	351.3	360.3	356.7	359.6	369.9	381.5	389.2	398.8	395.8	382.6	377.6	380.4	384.7	391.9	392.3	386.5	377.2	366.6	354.5	350.2	345.4	348.9	347.1	338.2	336.9	337.1	327.2	314.4	306.2	303.6	303.6	293.1	282.2	275	272.4	273.5	273.9	273.5	275.9	279.5	284	289	297.1	303.3	306.7	312.8	310.1	293.7	267.5	260.5	269.6	271.5	276.2	279.8	276.8	279.7	279.9	272.4	269.9	267.5	267.6	265.3	263.8	266.8	268.6	268	277.9	304.8	322.2	326	347.2	360.2	377.9	402	497.8	545.2	533.2	521.9	549.8	595.2	629.8	644.7	639.9	643.3	644.2	643	646.6	626.7	578.5	617	633.8	638.7	647	640.5	638.2	642.5	617.1	603.5	637.8	647	644.5	610.2	614.6	649.3	664.3	687.2	696.7	693.9
784.2	785.1	790.5	790.5	790.5	785	773.5	762.5	753.5	744.5	731.5	717.8	717	715	713.9	704.5	696.2	701	694	683	675	672.5	655.7	655.6	653.9	660.6	668	666.5	666	665.5	667.5	648.5	538.5	469	454.5	422.7	434.6	452.7	432.2	428.5	428.6	411.1	393.1	357.2	334.6	306.6	265.5	248.3	255.7	266.5	275.8	283.6	293.7	300.9	295	295.3	314.3	326.7	317.8	300.8	282.2	265.4	249	241.8	249.4	261.7	272.3	280.6	291.6	291.6	292.5	290	286	292.3	297.5	293.7	295.3	291.5	292.3	287.6	273.2	272.2	284.6	289.6	293.6	302.4	313.1	327.3	334.5	341.8	353.8	366.6	384.4	400.3	415.2	409.2	396.6	394.5	390.9	377.4	377.7	382.5	369.6	361	356.1	350.1	345.1	342.7	347.2	338.6	328.2	330.7	332.5	327.1	315.7	301.8	296	302.8	295	283.9	270	264	265.9	267.8	265.9	271.3	272.3	278.5	281.7	286.9	292.5	303.7	309.3	302.7	295.4	272.2	262.1	272.1	272.1	273.6	275.4	279.7	282.3	282.9	279	272	272.4	269.6	263.4	265.4	267.6	268.7	269.7	281.6	315.7	329.7	336.6	369.2	373.5	371.2	401.5	502.6	540.2	543.5	577.7	619.2	620.5	607.5	642.7	648	624.7	630.7	636.8	650.3	648.6	608.5	608.9	637.1	624.5	644.9	643.6	646.2	652.8	644.2	635.7	651.9	654.5	645.1	620.1	630.2	659.1	676.6	701.6	702.6	693.9
790.5	790.5	790.5	790.5	790.5	784	773.5	762	755	745	732	723	719.5	717.5	715.5	703.4	701.4	701	694.5	685	676	672.6	657	666.1	667.3	664.6	669	666.5	666	665.5	666.5	600.5	497.5	464	456.9	451.8	451.4	453.6	427.4	425.4	422.9	413.6	394.7	365.8	343.8	336.3	310.7	264.3	262.2	271.1	276.5	294.1	311.1	323.9	326.4	336.6	352.5	353.2	334.9	313.1	290.7	270.6	251.2	238.5	237.2	245.4	250.7	249.8	250.7	248.2	244.7	244.7	248.9	258.2	260.8	255.4	254.9	256.3	259.4	256.4	246	249.6	262.3	267	271	279.1	286.1	287.8	291	298.4	305.9	309.7	324.1	343.2	355.4	345.6	337.5	337.8	331.9	323.3	316.2	316.9	316	311.6	310.3	309.1	307.3	306.6	306.8	303.4	300.2	302.3	304.3	300.1	296.8	296.6	292	290.4	289.4	277.2	265.7	259.6	257	257.9	258.3	259.8	263	268.7	275.2	281.9	288.3	307.7	320	323.1	321	298.9	280.1	282.2	289.1	293.5	290.9	287.4	285.3	280.4	274.8	274.3	271.5	266.1	260	263.9	262.2	266.4	274.2	280.4	314.2	339	374.2	385.3	405.7	456.9	487.3	510.8	538.5	557.1	608.4	637	632.4	610.5	612	636.7	618.2	602.5	608.5	644	652.5	639.9	617.8	639.3	613.5	623.6	645.7	649.5	657.6	631.5	617.7	654.8	655.7	651.5	644.2	647.8	661.7	684.9	705.7	700.5	685.2
787.5	790.5	790.5	790.5	790.5	790.5	781	769.5	757	744	735.5	731	726	720.5	715.5	710	705	702	699.5	692	679.5	668.6	673.5	672.5	670	669.5	669.5	667	666	665.5	665.5	583.5	490	464	433.8	471.2	505.5	518.7	449.6	421.9	420.4	420	399.4	361.9	350.6	342.1	323.7	277.4	269.3	273.5	273.5	288	312.7	328	335.6	349.8	357.9	358	343.9	321.6	294	275.6	253.4	237.2	235.4	231	230.2	223.3	218.5	222.4	220.8	223.8	232.9	236.2	236.6	233.6	233.1	233	233.8	232.5	238.1	240.3	247.1	253.3	261.7	269.1	275.8	273.4	263.1	260.4	261.1	274	291.6	304	318.8	317.1	311.8	306.9	298.7	285.2	267.5	268	271.7	277.3	282.7	289.3	290.5	292.7	290.1	286.5	282.6	285.3	289.4	287.9	278.1	274.8	283.5	284.4	281.5	272.7	266.6	256.2	249.9	251.3	252.5	254.9	254.2	260.5	266.4	273.4	284.6	304.7	319.8	325.9	323.7	314.5	288.5	283.7	297.4	302.3	296.4	294.4	286.7	277.9	274.3	271.4	271	262.6	257.4	256.5	260.2	266	271	283.1	313.9	341.8	385.1	375.8	418.7	479.6	480.3	493.9	552.4	612.6	641.1	647.2	644.2	637.2	602.5	621.4	633.3	642.2	632.2	646	644.8	634.8	636.2	641	631.1	626.4	647.4	650.5	653.4	624.9	610.1	640.8	654.9	637	628.2	637.4	670.2	700.4	719.5	716.7	694.6
788.4	790.5	790.5	790.5	790.5	790.5	790.5	779	764.5	750.5	741	734.5	730	724	719	713	706.5	702.3	703.5	698.5	688	677	674	672.3	671	669	669	669	667	665.5	611.5	519.5	496	477.5	518.5	522.7	496.3	528.6	469	430.1	416.9	415.4	403.5	372.2	355.9	348.4	349	320	291.6	279.6	279.3	294.1	317	342.8	360.7	365.2	361.7	351.7	341.7	321.5	298.9	272.9	247.3	233.6	218.9	203.4	192.6	185.1	179.5	180.5	183.9	185.5	194.8	196.4	200.5	204.9	204.7	204.9	201.9	201.2	208.9	212.5	218.5	231.9	243.1	242.3	236.3	232.1	221.2	211.1	212.8	223.5	240.1	252	258.2	268.9	263.9	258.7	248.2	239.3	233.3	230	228.5	236.1	240.8	249.4	255.6	260.2	259.6	258.8	259.6	256.9	254.4	252.8	246.7	247.7	251.7	257.9	258.7	253.8	247.8	233.5	227.2	225.3	232	239.6	242.5	254.2	268	275.2	288.9	321	334.7	328.6	326.2	318.2	306.2	308.6	313	312.9	305.7	295.5	286.7	275.1	272.2	265.3	261.7	258.1	256.2	255.3	261	266	271.9	281.1	325.3	385	405.7	407.6	480.2	512.1	513.7	523.2	558.1	617	641.6	646.9	645.7	638.1	638.5	643.6	649.3	653.7	653.2	644	642.5	635.9	613.3	620.2	640.7	632.8	649.1	650.3	652.4	649.1	644.7	645.6	647.4	638	619.3	636.3	661.9	683.5	712.1	723.4	710.5
790.5	790.5	790.5	790.5	790.5	790.5	779.5	773.8	759.1	752.5	748	741	730.5	724.5	719	710.5	704	703.9	706	701	688	677	669.1	665.8	669.8	669	669.5	668	667	666	603.5	519.5	496.5	506	595.5	571.6	493.8	536.6	545.5	541.8	512.5	465.4	412.9	385.7	361.7	351.4	352.8	347.5	314.6	290.9	287	300.8	320.1	346.2	365.8	374.8	366.7	355.7	344.3	332.4	314.1	282.1	249.3	240.4	218.2	193	180.4	175.3	168.7	166.6	168.7	168.6	178	181.8	185.4	195.7	197	196	196.6	198.1	203.8	205.7	210	228.1	231	214.4	201.5	193.5	195.7	203	205.8	209.1	215.1	216.1	221.1	224.6	221.7	220.4	218.8	214.3	212.5	214.8	215.5	213.6	209.5	209.2	214.5	224.8	235.6	241	244.4	243.8	239.5	239.2	234.8	235.8	234.2	239.8	241.1	238.9	233.4	221.8	208.2	209.5	219.4	224.8	234.4	253.4	269.8	282.6	293.4	316.7	327.6	323.9	324.3	316.2	306	314.2	320.2	314.8	304.9	297.6	288.3	276.2	275.6	269.9	260.2	255.4	252.8	255.7	262.2	266.4	266.8	282.6	340.1	404.5	421.6	442.1	515.1	570.9	589.2	586.8	580	591.7	604	623.5	634.5	636.9	641.2	641.8	647.1	638.8	634.9	645.7	643	641.6	607.7	588.8	638.3	617.5	621.1	652.3	634.7	637.8	652.2	650.1	647.5	654.6	663.7	666.9	697.3	728.6	736.1	744.5	728.5
790.5	790.5	790.5	790.5	790.5	782.4	772.4	771.9	757.9	754	750.5	741.5	730.5	723	719	713.5	708.7	709.5	707.5	701	689.5	678	665.5	670.9	671	669.5	669	668	664	666	630.5	556.5	529	627.5	660.5	579.9	499.7	530.7	548.7	545.5	550.5	488.3	415.5	396.5	369.6	354.8	354	362.3	363.4	314.3	296.5	307.4	324.2	342.6	356.7	368.7	373.3	360.2	344.7	333.1	310.2	273.5	250.7	249.5	239.8	223.7	205	186.9	171.3	167.1	164.6	166.2	169	172.9	175.9	193.9	201.6	198.4	210.5	215.3	217.7	219.1	230.5	249	250.1	227.4	204.7	197.6	212.2	229.1	236.1	234.5	229.7	229.4	226	214	211.3	220.6	221.9	219.7	216.6	215.2	216.8	210.4	202.6	201	206.3	214.5	218.2	223.2	230.1	225.7	222.4	221	218.1	216	210	210.7	207.3	199.1	190.1	181.6	175	178.1	192.8	211.3	225.7	241.6	262.9	282.9	302.4	310.8	317.6	323.2	325.3	324.9	324.5	328.5	332.1	321.9	308.4	299	286.3	276.2	271.9	269.4	257.8	251.4	250.2	253	256.4	258.2	262.9	290.1	368.3	413.9	458.7	548.8	578.2	617	635.2	613.7	592.4	575.8	584.6	581.9	614	634.6	633	630	646.4	642.1	635.5	629.8	634.1	642.4	637.2	620	637.9	614.5	606.5	645.6	631.4	633.8	658.9	656.3	650	654.9	666.2	680.6	704.4	737.6	737	751.2	737.5
790.5	790.5	790.5	790.5	790.5	790.5	786.3	776.6	767	755	749	738.3	725.2	722.7	725	722.5	714	713	710	702	691.3	682	676.5	675	673	670	669	669	663.7	630.5	617.4	553.7	560	639	644.6	578.4	496.5	520.5	552.5	550.5	528.9	518.7	477	422.5	375.6	363.5	359.7	362.5	368.6	331.8	304.1	304.7	320.5	339	351.8	366.7	368.6	357.9	348.7	333.8	308.2	276.6	255.5	254.1	251.9	240.6	224.1	204.2	176.5	164.2	164.1	168.2	163.2	166.2	170.9	187	197.5	200.4	213.8	219.9	224.2	231.2	243.9	245.5	235.3	229.5	211.1	198.5	210.3	234.3	243.8	241.2	235.9	233.7	229.2	211.8	204.5	221	226.5	227.2	218.6	219.9	223.4	214.1	203	201	208.9	208.9	199.1	202.2	208.9	215.3	213.6	209.5	205.7	203.3	195.3	185.9	178.9	173.8	169	161.4	159.8	159.6	172.1	198.6	218.2	237	254.7	275.4	300.9	313.1	319.9	324.4	327.9	324.9	334.1	341.5	335.9	324.3	312.2	299.7	286.4	277.6	272.5	264.2	255.2	252.4	252.8	255.3	257.2	257.3	269.2	302.1	376	405.8	456.1	546	593.1	651.6	650.4	622.2	596.5	606.8	623.5	608.3	618.2	640.9	640.5	626.3	612.5	628.9	647.4	648.3	642.3	647.8	645.6	639.5	636.9	627	606.3	634.7	642.2	631.5	660.6	672.1	667.3	666.8	683.1	714.9	737.6	753	761.6	774.4	767.2
790.5	790.5	786.9	790.5	790.5	788.7	785.7	781.4	771	756.5	749.5	746.5	737	728	726.5	722.5	714	712	710	702.5	694.5	684.5	678	676	673.5	671	670	665.4	626.6	637.3	628	591.5	663.5	666	646	594.6	522.5	513.5	550.5	513.2	525.8	525	446.4	406.6	377.3	361.3	354.9	353.1	361	352.1	314.7	307.7	321.8	341.7	356.9	367.6	367.6	359.5	352.4	330.9	303.2	279.1	265.7	269.9	276.4	281.6	273.8	253.4	226.3	198.2	176	167.1	162	161.3	172.5	182.7	194.4	202.8	218.7	233.3	240.2	240.9	243.1	249.8	251.8	251.9	237.9	221.7	244	274	277.1	273.2	273.4	280.6	272.6	246.9	244.9	265.9	273	269.7	257.3	256	254.3	236.9	219.8	222.7	227	219.4	210.7	200.4	209.7	217.9	215.2	207.1	195	181	168.7	159.7	150.9	151.8	148.8	144.1	140.8	147.3	159.7	183.8	201.1	216.2	236.1	257.7	284.2	300.8	310.2	317.7	320.7	327.6	347.8	356.5	337.7	321.6	306.3	289.9	279.8	269.3	259.3	255.1	253	249.5	252	251	256.2	263	277	328.2	403	421	483.7	565.2	648	650.7	638.6	604.5	613.6	642.2	653.2	650.1	644.7	642.9	642.2	613.4	615.4	631.8	645.7	649.3	650.8	651.3	649.8	635.5	629.7	624.9	647	649.5	648.4	640.7	656.1	676.3	672.9	671.3	686.2	726.8	747.5	753.5	774.9	776.7	775.2
790.5	790.5	785.4	790.5	790.5	787.8	790.5	788.4	778.5	767	763	756.5	746	737.5	729	721.5	714	711	714	707.5	698.5	686.5	682	677	674.5	672.5	670	662.6	661.8	666.5	634.5	630.5	661.3	663	662.8	614	538.5	515.5	524.9	495	518.1	544.5	492.6	415.2	378.3	356.4	355	350.6	353.7	353.5	320.3	308.8	316.6	337.1	357	368.5	373.5	368.8	353.4	330.5	309.3	282.7	268.3	271.8	279.6	289.1	290.3	264.6	245	220.2	197.7	178.1	160	158.4	171.4	173.6	187.3	192.4	207.8	230.1	229.8	212.7	215.1	237.6	240.2	242	234.7	213.6	235	264.7	266	273.6	278.5	287.2	282	261.9	252.2	268.8	279.1	277.8	267.4	263	254.9	238.8	214.4	218.8	225	216.5	206.5	195.8	190.3	195.3	201.1	199.7	182.4	169.8	159.4	151.8	146.3	142.1	141.8	142.1	142.3	145.8	160.2	179.6	193	210.3	232.3	258.4	287.4	300.4	308.7	313.3	316.1	323.5	346.1	353.2	341.3	324.8	307.1	289.3	272.7	264.3	263.4	256.2	251.1	252	253.7	251.6	254.6	264.3	279	328.5	388.7	412	463.9	563.5	607.9	635.2	623.7	615.9	640.9	636.3	649	650.1	649	640.1	642.7	638.6	652.2	653.8	648	646.2	645.9	658.3	664.9	670	651.1	636.9	649.3	669.3	686.5	692	696.5	691.3	663.4	660.1	716.2	762.5	767.1	743	754.2	785.7	783.3
790.5	790.5	786.6	790.5	790.5	790.5	788.7	789.9	784.5	773.5	758	750	748.5	739.5	731.5	724	717	715.5	715	709.5	699.5	687.4	683.5	677	675	673	670.5	665.4	666	666.5	666.5	665.5	660.9	666	664.9	607.6	552.5	560.5	537.1	497.9	520.2	535.5	507.5	422.2	383.6	358.2	355.5	353.4	355	364.6	363.4	329.3	320.9	341	351.3	359.9	360.9	355	339.8	319.2	308.8	288.3	273.2	276.7	281.8	293.9	297.8	284.9	267	254.4	241.1	220	196.6	182.5	179.9	170.1	172.1	178.5	187.2	213	200.6	168.8	176.3	203	211.6	209.5	195.3	185.8	236.1	260.8	261.8	288	302	305.2	301.6	278.5	273.2	281.7	283.2	279.9	270.4	265.5	259.6	228.3	189.4	206.9	216.8	208.9	197.3	172.8	168.3	181.2	181.4	177.8	168.8	158.3	154.9	149.9	149.3	156.7	164.8	184.2	201	206.7	207.8	207.8	212.3	221.5	235.5	256	282.5	299.3	302.7	310.8	322.9	330.3	350.8	350.2	336.3	318.3	297.5	282.9	266.4	262.7	263	254.6	248.8	251.8	254.2	251.2	254.9	267.1	312.5	372	386.2	433.1	495.7	549.9	597.3	614.9	617.4	615.4	638.3	635.5	639.1	651.1	629.1	641.9	644.2	631.9	648.5	659.6	650.5	646	649.8	659.4	667.4	672.4	667.1	652.7	671.2	695.1	705.1	717.7	719.4	698.2	660.1	666.7	727	769.5	767.7	748.5	743.4	785.4	782.4
788.7	789	783	784.2	790.5	790.5	789	790.5	790.5	788	775	767	759	751.5	736.8	728.4	725.7	719.5	714	709.4	702.7	699	689	677	674	657	671	669	667.5	667	667	666	666	665.5	659.8	604.9	575	607.5	605	551.5	538	533.5	527.1	455.2	388.6	361.1	355.2	350.8	352.2	360.2	368.1	335.5	320.6	340	348.2	360.3	363.6	353.5	339.6	322.2	309.2	291.8	278.2	278.3	278.7	290.3	300.5	298.6	284.1	262.4	254.4	237	220.8	206.1	197	187	183.4	178.9	177.6	188.7	175.6	151.3	152.5	170.1	178.4	168.6	151.2	146.3	190.8	226.7	238.8	262.8	288.9	294.6	285	247.6	242.3	262.3	255.5	255.4	246.6	235.8	224.7	189.8	134.9	146.4	164.6	167.2	165.5	145.3	144	161.5	159.4	145.2	147.8	150.7	150.5	155.5	156.5	165.7	179	197.5	219.9	228.7	223.3	219.1	225.2	231.4	241.5	256	279.5	302.4	309.4	318.7	325.3	332.5	350.6	351.9	337.5	318.5	298.6	280.7	267.4	262.3	258.3	253.7	251.3	252.4	252.7	254.2	258.9	272.9	335.5	401.2	403.9	447.1	523.1	576.1	618.2	629.9	624.5	610.2	607.3	628.9	631	652.1	632.4	628.5	636.9	635	632.3	661.6	655.2	653.6	651.2	654.9	664.6	679.3	688.9	696.3	731.4	762.9	766.3	772.8	770.7	759.5	742	744.5	755.1	767.7	770.7	764.1	764.7	765	773.7
784.2	787.8	785.7	786.9	790.5	790.5	790.5	790.5	790.5	789.5	776.5	770	761	753	737.8	731.2	727.6	718	713.5	712.5	708.5	701	688.4	673.7	670.4	673.5	671	669.5	668	667	667.5	666.5	664.8	665.5	643.2	634.5	665.3	664.5	658.5	569.5	539.5	534.7	526	461.5	392.6	354.7	349.5	350.4	349.5	354.8	367.2	360.2	327.2	327.3	344	356.4	363.4	359	343.3	330.5	313.1	297.8	291.8	291.4	290.4	297.8	300.7	303.4	295.1	280.6	268.3	253.3	245.2	234	232	230.1	227.2	216.2	207.6	195.3	177.3	170.3	167.3	157.4	144.4	123.6	107.6	115.8	124.6	138.7	146.8	158	176.9	187.1	180.8	156.8	170.2	185.3	181.5	179.3	174.4	166.9	150.7	119.6	94.8	93.6	96.1	104	116.9	133	144.3	157.6	160.4	159	171.1	185.8	194.7	201.5	204.4	216.8	234.3	251.8	264.1	267.9	264.3	260.5	264.1	266.5	271.3	286.8	301.9	312.4	323	330.3	337.2	347	347.9	341	324.9	300	286.7	274.5	267.1	262.1	257.3	251.2	251	252.1	253.6	258.2	267.9	290.9	366.7	404.6	418.1	509.3	550.1	596.2	625.5	635.4	629.4	616.5	607.5	619.1	627.8	649.5	656.6	644.1	641.3	626.5	599.5	649.6	660.9	661.9	660.9	665	676.1	697.2	708.1	719.9	754.4	780.3	774.9	771.9	769.8	769.1	762.1	762	759	773.1	771.9	765.6	765.9	765	772.5
789.6	790.5	790.5	790.5	790.5	790.5	790.5	790.5	790.5	790.5	777.5	775	767.5	759.5	748	737.5	731.5	721	712	712	710.5	698.2	698	688.4	674	674.5	672.5	670.5	667.2	647.9	664.7	667.5	667	666	662.5	658.5	666	666	664.5	595.5	542.5	530.8	527.2	519.1	418	359.2	349.6	350.3	348.9	355.6	365.6	356.3	325.9	317.5	335.5	354.1	364.1	359	344.1	329.5	318.1	304.2	291.7	294.4	296.4	295.2	295.5	298.3	298.2	295.2	279.8	257.8	248.8	246.5	247.6	246.5	242.9	239.5	229.9	216.1	201	189.3	175.8	160.1	146.1	132.7	129.2	131	135.3	135.4	129	120.4	117.9	115.4	114.5	110.5	117.4	133.3	132.6	125.3	117.8	108.7	101.3	97	92.7	94.3	90.4	94.8	101.5	112.6	125.6	143.3	153.5	158.8	171.1	181	191.2	198.7	203.4	217.9	235	243.9	252.2	255.4	256.7	258.3	261.7	268.2	282	299.4	315.3	322	331.7	345.1	346	347	346	334.6	316.8	297.6	282.8	272.2	266.3	262.6	257.3	253.6	249.6	249	251.5	259	268	302.5	369.8	398.8	405.3	496	576.5	626.4	642.6	654.7	652.9	649	628.3	615.9	595.5	614.9	643.8	644.7	646.2	646.2	636	655	672.3	680.3	730.5	748	750.9	769.1	783.3	781.2	780.6	758.7	746.4	776.7	772.2	773.1	776.1	777.9	776.4	774.9	774	774.6	775.2	774.3	775.2
790.5	790.5	790.5	790.5	790.5	790.5	790.5	790.5	790.5	790.5	776.6	775.5	768	760	749	741	733.5	723.5	712.5	706.8	708.2	705.5	701	693	680.5	675	672.5	670	669.5	653.7	654.5	667.5	666.5	664.5	664	663.5	665.5	666.5	665.5	627.5	543	532.4	525	525.1	477.7	403.4	353.4	350.4	347.3	352	361.6	351.2	333.8	327.7	337.3	350.1	355	351.1	336.1	324.2	316.2	304.9	290.7	298.8	302.8	300	299.7	302	306.9	303.5	298	278.9	264.2	258.6	259.4	258.4	255.3	249.5	242.8	234.1	223.9	217.1	212.8	200	190.3	190.1	193.2	190.7	188.4	182.4	173.7	165.7	155.1	146.1	138	131	133.3	143.7	145.7	142	141.8	145.2	147.3	141.9	141.2	142.1	143.4	141.1	143	151.6	157.1	160.4	164.9	171.7	178.5	187.8	198.2	212.2	229.5	244.7	256.2	255	253.6	252.1	261.5	270.5	276.6	283.1	296.8	311	317.4	334.1	348.2	356.6	360.5	354.1	336.7	319.1	301.4	287.8	275.7	264.4	259.3	255.5	255.5	250.7	248	250.7	249.4	255	271	333.3	366.8	384.7	437.3	511.8	549.4	619.5	646.6	648.8	652.2	653.2	644.8	631.7	608.3	609.2	628.5	648.3	654	671	688.9	683	704.7	711.7	754.1	775.7	777.9	772.2	771.4	779.7	775	758.8	719.7	716.6	768.2	775.2	775.2	777	778.5	775.2	772.5	773.1	774.3	764.2	767.7
790.5	790.5	790.5	790.5	790.5	790.5	790.5	790.5	790.5	790.5	787.5	790.5	773.7	760.9	757	752.5	742.5	730	716.5	711	714	714	708.5	702.5	691	678	673	670.5	670	669.4	669	667.5	666	662.8	659.7	659.2	664.5	666	666	653.5	560.1	523.6	525.7	512.9	454.1	379.1	346.2	342.7	344.5	347	355.3	357.6	348.9	336.3	333.8	341.9	351.3	347.5	338.3	331.4	319.2	304.3	290.1	294.9	298.9	297.7	301.1	308.9	313.5	311.8	310.9	294.6	278.1	273.3	269.8	264.6	257	246.4	232.5	221.3	207.3	199.8	201.3	206	213.3	216.8	221	215.6	201.2	197.8	193.1	188.2	181.8	176.8	170.2	165.1	164.1	165.4	168.9	167.1	174.4	180.6	183.4	183.8	173.6	163.8	166.6	165.9	163.9	169.8	171.3	165.5	165.4	166.2	176.3	188.6	201.1	217.6	237.8	257.7	266.1	270.1	274.5	273.9	275.5	275.8	280.1	292.7	306.2	316.2	321.6	335	351.9	360.6	356.6	356.9	339.2	316.9	300.3	289.6	276.3	263.5	257.5	256.1	254.3	249.8	249.1	250.2	251.2	258.6	273.8	343.4	399.9	410.6	459.9	548	622.5	649.7	638.1	635.1	640.3	648.2	653.7	636.1	630.7	645.9	669.3	687.6	730.6	760.4	767.8	775.2	774.6	765.9	780.6	782.1	780.6	785.1	773.7	772.2	770.4	766.5	745.3	742.8	765.3	776.4	776.4	775.2	776.1	776.4	764.1	759	774	767.9	748.3
788.4	790.5	790.5	790.5	790.5	790.5	790.5	790.5	790.5	788.4	780	784.5	785	763	755.9	753	743	731.5	720.5	698.5	703.5	703.5	709.5	702.5	692.5	680.5	674.5	671	667.3	669.5	667.2	667.5	664.9	657.9	662.7	660.2	664.5	666	665.1	647.5	576.5	527.2	521.9	501.2	471.1	391.4	348.9	341.1	340.9	346.2	348.3	352.5	365.2	352.3	336	339.7	336.8	339	339.8	335.4	327.5	308.1	293.8	297.3	298.5	300.7	308.1	313.8	316.5	319.4	313.6	298.5	289.9	287.6	281.5	273.5	263.6	253.5	234.7	212.6	196	191.3	191.9	204.8	215.6	219.8	232.2	234.7	224.6	220.5	217.7	214.3	215.2	223.4	226.8	224.7	218.8	216.1	214.8	221.5	227.7	231.2	238.1	245	233.8	221	207.3	193.2	183.5	186.2	177.4	170.5	166.9	166.2	178.8	198.7	222.1	238.9	256	268.5	271.1	276.6	283.9	287.8	288	283.9	286.4	294	306.4	318.9	327.1	330.6	344.9	359.2	350.1	338.8	321.3	308.2	297.7	287.5	273	255.2	250.6	249.9	250.4	248.4	245.9	248.2	253.3	263.9	287.7	357.3	405.5	435.4	523.1	570.7	627.4	643.4	649.8	631.3	639.7	643.5	623.3	629	641.2	663.4	702	728	758.2	772.2	772.5	771.6	771.3	763.2	779.7	774	782.7	787.5	777	770.7	769.5	767.4	769.5	774	774.6	773.7	774.6	776.1	774	774.3	769.8	758.7	770.4	771.9	759.6
788.7	790.5	790.5	790.5	790.5	790.5	790.5	790.5	790.5	790.5	785.5	790.5	790.5	778.5	766	757.5	751.5	744.5	737.5	723	717	718.5	718	708.5	698.5	689	674.7	664	668.3	664.6	665	667.5	660.5	664.2	664	664	665.5	664.8	659.2	657	600	540.5	509.3	520.9	523.9	435.4	357.1	342.5	336.2	339.6	349.3	356.6	366.9	359.6	343.3	342	336.5	341.1	341.9	342.8	330.7	313.8	302.7	303.1	302.3	300.9	310.2	318.7	322	327.3	322.5	310	301.8	298.6	292.7	286.7	271.6	254.4	228.7	199.1	179.1	173.9	169.2	170.1	175.8	181.6	187.9	189.8	202.4	203.6	207.2	209.2	211.5	223.6	231.6	232.1	231.1	227	224.9	229.2	237.8	247.2	250.2	247.3	240.5	233.7	218.7	201	190.9	189.5	181.7	175.2	176.2	177.1	183.5	210	240.4	254.9	269	284.8	287.1	293.1	295.3	300	305.8	304.4	297.9	297.7	305.5	320.6	328.5	337	346.4	356.4	352.1	334.2	320.1	307	296	286.3	274.1	262.8	254.5	251.8	252.4	249.1	250.3	255.3	260.8	269.1	301	373.5	401.4	428.9	513.5	567.8	599.6	638.6	646.9	639.3	636.7	645.5	649.4	643.8	678.5	742.3	779.1	774	761.1	768	770.4	768.3	767.1	771.6	772.8	766.5	765.3	774.3	774.9	772.8	777.3	775.8	774.9	780	776.7	772.2	768	766.2	767.4	767.1	767.4	769.2	770.4	770.4	776.4
789.3	790.5	790.5	790.5	790.5	790.5	790.5	790.5	790.5	790.5	790.5	790.5	790.5	783.5	769.5	760	755.5	750	742.5	733.5	728.5	726	720	711	700	692.5	674.3	666.1	671.9	658.8	669.5	665.7	654.1	661.2	664.5	665.5	665.5	661.9	658.6	664	627	572	534.1	519.5	519.5	444.7	367.4	341.5	335.3	334.4	342.3	352.7	360.3	371.3	366	353.3	339.7	337.6	337.4	344.7	338.9	331.2	324.6	320.8	321.6	314.1	311.7	317.8	323.2	327.6	323.9	317.1	309.6	308.5	306.1	300.3	279.4	257.7	232.2	202.8	185.9	176.8	168.7	162.2	158.4	163.1	157.9	156.1	165.5	165.9	168.2	171.7	180.5	193.4	199.1	204	206	200.8	195	194.5	197.5	203.5	203	204	201.1	194	189.6	187.6	186.8	181.9	178	179	186.4	194.2	198.7	218.9	242.9	259.6	275.9	286.2	292.6	295.5	298.5	302.3	305.4	304.9	301.5	301.6	312.5	321.3	330.8	341.5	348.2	349.5	340.7	322.5	312.9	297.7	288.6	275	263.5	258.3	250.3	246.1	246.2	245.8	250.4	256.5	261.8	269.2	314.7	381.6	392.2	425.5	516.9	582	624.6	650.7	652.8	644.7	647.2	661.9	664.3	656.8	693.6	759.8	776.7	773.1	746.7	767.7	768.6	768	765.9	767.7	770.4	769.2	766.2	772.8	774.6	772.8	778.2	778.2	777.3	769.8	777.9	774.6	767.5	765.3	767.1	767.1	767.1	770.1	773.1	770.1	775.2
789	790.5	790.5	790.5	790.5	790.5	790.5	790.5	790.5	790.5	790.5	790.5	790.5	787.8	776.3	757.5	757	757	751.5	744.5	736	730.5	726	721	716	702.7	688.9	682	674.5	672.5	665.8	657.2	664.8	666	665.5	665.5	666	660.7	662.4	636.5	598.5	557.6	515.4	519.8	517.1	480.1	394.3	351.9	335.6	331.9	338.3	346.3	357.1	369.6	381.2	382.3	361.9	349	341.7	343.8	341.2	338.3	329.3	326.4	325.2	315.4	313.8	317.6	329.8	337	332.7	324.5	317.3	316.3	313	296.2	275.1	256.4	228.8	206.1	194.7	185.8	175.8	166.6	165.6	163.7	160.3	158.9	162	166.4	169	175.1	187.6	194.3	199.7	198.1	197.2	194.9	190.4	187.4	186.7	194.9	197.1	197.1	201.1	199.5	196.5	193.2	193.9	195.8	194.1	201.5	213.9	215.3	220.3	227.1	246.9	267	276	289.4	300.3	301.7	303.7	300.4	302.4	303.5	307.8	317.2	321.6	326	331.4	339	344.4	339.2	325.6	319.6	309.4	297	285.7	267.9	255.2	249.5	244	244.2	240.9	244.6	249.7	253.5	257.5	263	308.8	362.1	391.6	478.2	537	595.3	621.3	653.9	665.4	655.1	670.4	719.3	731.8	750.4	755.4	739.5	773.1	775.2	754.5	760.8	770.4	766.5	769.2	770.7	770.1	773.7	770.4	767.1	766.2	755.5	770.4	771.9	772.8	771.6	772.2	777.3	769.8	774.6	773.1	774.6	774	773.1	775.8	771.9	768.6
789.9	790.5	790.5	790.5	790.5	790.5	790.5	790.5	790.5	790.5	790.5	790.5	790.5	787.2	777.8	761	759	759.5	754	747.5	740.5	735	728	723	720.5	705.3	695.4	685	676	666	658	669.4	668	666	666	666.5	664.5	642.4	624.4	587.5	521	497.4	508.4	518.4	519.6	479.1	400.9	354.8	338.7	334.5	334.8	342.3	356.4	364.7	373.1	383.9	353.2	341.4	340.3	339.1	340.1	341.3	335.4	333.1	326.6	326	322.9	317.5	328.1	336	332.5	321.5	313.4	316.3	312.9	301.3	279.9	260.3	238	220.2	213.3	203.8	193.2	178.1	168.8	159.8	153.1	153.3	158.5	159.5	163	171.4	176.7	180.9	180.8	180.4	181.2	185.4	185.7	182.1	181.1	185.5	189.7	191.8	195.8	195.7	194.1	195.3	198.7	203.5	211.2	219.4	228.1	230.3	234.9	243.8	264.6	273.3	277.9	290.6	302	300.6	301.9	299	292.6	303.1	318.5	323	321.9	326.9	332.4	330.6	332.3	324.3	319.4	311.9	294.4	281.6	273.3	259.6	252.9	248.5	244.3	242.8	238.8	240.6	249.2	252.5	259.3	272.2	339	380.7	453.4	515.8	548.4	607.2	623.8	656.7	669.4	665.4	693.3	746.1	767	773.4	766.8	742.5	767.4	776.1	760.8	770.1	772.5	768.6	770.1	771.6	769.5	771.9	770.1	763.2	751.8	766.5	768	769.5	771.6	771.6	771.9	776.4	778.5	774.3	771.6	771.6	771.6	770.7	773.1	770.4	759.6
790.5	790.5	790.5	790.5	790.5	790.5	790.5	790.5	790.5	790.5	790.5	790.5	790.5	790.5	790.5	782	777	775.3	771	753.9	753.5	747.5	743	737.8	730.3	719.9	709	699.5	679.6	662.1	673.5	671	668	667.4	666.6	664.5	654.5	646	642	578	502.3	476.4	503.5	524.5	510.7	492	427.2	381.5	355.8	339.5	336.2	337.6	347.5	360.6	370.9	381.6	345.8	331.9	334.8	342	344.3	339.9	338.1	343.2	335.9	337.6	335.6	323	329.1	331.6	334.6	330.6	324	322	315	306	295.3	277.5	260.2	240.6	229.7	224.3	219.2	207.2	193.6	181.6	172	169.4	169.8	167.4	171.6	177.8	178.5	180.1	183.1	186.1	185.5	188.9	191	191	187.2	188.7	191.4	196.7	197.7	198.2	201.6	207.2	212.9	217	227.1	235.3	242.1	239.8	245	263.2	281.4	284.3	283.9	291.1	301.5	301.4	304.8	300.5	292.2	301.6	317.3	322.1	326.6	329.5	332.9	329.8	324.9	316.7	312.5	302.5	287.9	275.2	266	253.2	245.2	245.3	247.9	241.8	240.4	241.3	248.7	256.1	264.1	281.7	337.5	384.3	464.7	532.6	595.7	651.8	659.7	670.9	668.9	674.8	725.4	770.7	775.8	779.1	773.3	745.5	751.2	772.8	771.6	774	773.7	762	764.8	782.7	778.2	774	775.2	774.3	771.9	771.9	772.5	774.9	778.8	782.4	780.6	775.8	774.3	772.8	769.2	766.5	765.6	765.3	764.1	764.7	763.7
790.5	790.5	790.5	784.2	785.1	790.5	790.5	790.5	790.5	790.5	790.5	790.5	790.5	790.5	790.5	790.5	782.5	773.7	772.1	749.5	748.6	747.3	747.5	743	734.5	723.5	716.5	705.5	687.2	667.7	674	671	668.1	663.6	667.5	667.5	668	666.5	663.5	618	559.9	532.7	516.2	515.1	514.4	505.2	437.1	379.8	351	336.9	338.1	341.1	348.3	358.9	367.4	377.5	343.7	328.9	333.1	342.5	340.5	343.4	349.1	340.4	340.6	345.6	345.8	340.7	334.5	325.2	327.8	329.8	326.2	319.6	310.4	305	297	282.7	272.2	255.4	237.6	227.3	225.3	223.4	213	197.9	191.2	191.7	190.9	188	190.4	191	194.1	197	198.1	201.6	202.3	205.9	209.7	203.3	199.6	203.4	205.8	209	211.8	219.4	224.1	225.9	233.6	235.1	238	246.7	252.8	250.9	259	280.1	289.1	288.8	290.1	299.1	303.3	300.2	301.1	299.4	299.4	308	317.1	319.4	325.4	326.3	325.1	328	321	309.2	296.6	283.8	272.6	264.4	252.8	247.8	243.2	243.9	248	240.9	243.6	244.5	247	259.9	265.9	290.1	339.6	431.8	532.1	546.6	625.8	666.9	672.9	677.2	675.1	685.4	731.2	770.4	775.2	778.8	780.6	756	748.8	772.2	770.7	772.8	773.7	765	762	780.9	780.3	776.7	777	776.1	773.7	775.8	768.8	743.7	769.1	785.1	775.5	773.1	776.7	775.2	770.7	769.8	770.4	768.6	766.5	766.5	757.1
790.5	790.5	790.5	790.5	790.5	788.7	785.7	790.5	787.8	790.5	790.5	790.5	790.5	790.5	790.5	780.6	782.4	790.5	784.2	783.5	772	764.5	759	756	749	736	722.5	712.5	698.5	687	678.5	676.5	677.5	675	673.5	673	670.5	669.5	669.5	648	599	576.5	538	512.6	525.5	521.5	485	405.4	363.5	339.5	336.4	335.9	346	354.1	363	364.1	331.5	325.7	332.5	338.8	339.5	345.2	352.8	346.8	347.8	345.5	348.3	344.2	335.7	327.4	328.3	327.1	329	321.7	311.1	302.9	303.5	298.3	292.5	281.5	265.9	245.6	228.1	228.2	226.9	216.5	211.7	211	213.5	219.3	220.3	225.4	231.4	232.2	229	224.8	222.8	225.1	225.6	222.1	223.6	226.1	229.7	232.5	236.6	240.2	247.6	248.5	250	250.1	248.4	254.3	257.5	271.7	289.6	297.7	296	295.2	298.8	302.3	305.8	303.8	301.3	295.4	297.8	306.2	305.7	307	314.1	319	320.1	323.7	316.1	305.1	293.1	278.7	270.1	262.7	249.6	246.4	242.3	239.6	241.6	241	243.2	241.8	248.3	255.9	274.2	303	343.4	456.7	549.3	590.9	669.7	672.6	670.7	685.6	696.7	690.2	731.8	776.1	776.1	780.6	781.2	771.6	767.1	765.6	756	755.4	749.7	754.8	768.3	773.7	780	782.1	778.5	773.7	772.5	771.6	772.5	748.5	749.5	773.1	771	763.2	768.9	774.6	770.1	762.9	764.4	768.6	772.8	769.5	765.7
790.5	790.5	790.5	790.5	790.5	784.8	783.6	790.5	790.5	790.5	790.5	790.5	790.5	790.5	790.5	790.5	790.5	790.5	790.5	787	778	769.5	762.5	761	754	739.5	726.5	712	700	692.5	682	678	678.5	680.5	676.2	676.5	673	670.5	670	609	555	516	477	516	540	524	502.4	426.4	378.2	346.9	332.8	338.1	345.3	350.3	356.5	365.3	332.2	324.6	331.8	334.9	334	339.4	344	349.2	350.9	351	350.6	345.1	337.4	335.8	332.6	326.4	327.3	324.2	313.5	308	305	293.6	294	287.9	278.9	261.3	236	224.3	226.8	227.1	228.1	232.2	235.9	241.9	249.2	262	269.1	268.3	263.2	251.3	245.7	249.4	248.3	249.1	251.5	250.1	256.3	262.3	260.4	251.6	251.4	251.2	247	250	249.9	250	257.8	277.2	290.3	291.5	295.1	296.5	298.5	302.3	303.4	299.2	298.2	301.7	304.7	306	302.7	303.4	303.4	309.5	316.4	315.9	307.2	293.4	285.1	275.2	266.4	256.1	245	241.2	237.9	239.1	239.5	245.5	244.8	241.8	250.1	259	279.8	306.1	387.2	493.8	551.2	609.7	673.7	671.3	646.9	676	699.1	689.6	727.4	773.8	778.8	779.1	779.1	769.2	766.8	766.2	761.7	765	755.4	747	768	771.6	775.8	779.1	774	765	772.5	769.2	766.2	768.3	767.1	770.4	773.7	772.2	775.2	774.9	771.9	764.7	772.8	778.2	774	770.1	769.2
790.5	790.5	790.5	790.5	790.5	789.6	789.3	790.5	790.5	790.5	790.5	790.5	790.5	790.5	790.5	790.5	785.7	790.5	790.5	790.5	790.5	788	780.5	777.5	765.5	750	739.5	731.5	721.5	714	709.5	703	707	703.7	698.6	697.5	683.5	678.5	674	608.1	555	530	501	525.7	556.5	531	527.5	505.8	404.8	361.3	340.4	337.8	343	352	352.3	362.4	327.6	314.5	326.1	332.1	336.9	337.6	344.3	348.1	353.4	352.7	348.2	349.2	346.3	338.9	333	330	329.3	326.6	321.6	316.7	309.3	302.6	298.1	294.3	295.2	295	278.4	258	239	235.5	240	249.1	257	257.4	264.3	275.1	281.8	280.5	277.3	269.4	265.3	270.2	272.7	268.5	266.6	266.2	270.4	278.1	275.5	263.6	261.2	258.3	250.6	251.9	257.5	271	296.2	308.4	301.8	296.8	302.5	304.1	304.4	301.7	304	301.6	299.4	302.7	305	302.5	303.1	300.3	300.7	307.3	309	306.9	299.4	289.4	279.9	274.4	266.9	254.3	247.8	242.6	240.9	240.3	237.8	237.9	242.5	241	244.3	259.7	292.2	316.5	404.3	501	578.3	647.8	664.4	668.6	650.1	674.3	683.7	675.3	702.3	715.9	718.1	720.6	728.7	733.5	738.3	738.8	733.5	744.3	740.3	734.3	775.4	778.5	767.7	767.4	775.2	770.4	774.6	772.5	761.1	774	771.6	771.6	777	776.4	778.5	774.9	768	770.4	770.4	769.2	769.2	768.6	769.2
790.5	790.5	790.5	790.5	790.5	790.5	790.5	790.5	790.5	790.5	790.5	790.5	790.5	790.5	790.5	787.2	785.4	790.5	790.5	790.5	790.5	790.5	783.5	778	765.5	756	748.5	737	727.5	723	718	715.5	716	709.4	706.7	702.5	690.5	683	675.5	657.1	665.5	651.5	641.3	587.7	582.5	550	527.5	519	420.4	374.7	356.5	339.9	340.4	350	356.1	365.1	345.8	323.2	323.5	333.3	335.7	334.7	345.3	346.8	348	352.6	351.9	349.9	347.6	343.9	340.6	335.4	333.2	323	322.1	318.8	308	300.1	291.6	289.2	289.9	299.7	303	282.4	259.4	255.6	256.2	268.9	281.9	285.9	280.7	276.9	282.3	278.7	275.8	277	276.1	273.3	273.8	276.9	278.4	277.9	276.1	274.3	275.6	272	270.5	265.9	260.4	265.5	270.8	288.7	312.5	313.2	303.4	305.8	309.5	306.9	304.2	300.9	299	298.5	302.1	302.5	294.6	297.3	299	297.4	300.6	302.7	297.5	288.5	285.2	279.1	270.4	265.8	259.5	250.9	250.3	243.7	244.4	242.2	235.1	235.8	242.1	242.2	248.8	263.9	294.3	383.5	500.2	555.7	615.4	665.1	659.8	687.1	675.3	664.3	682.6	665.8	690.3	693.3	690.4	691.6	697.1	705.4	714.4	716.7	712.3	690.1	696.9	709.3	745.6	765	766.8	769.5	748.2	772.6	774.6	772.5	764.7	775.8	772.2	771.9	779.1	777	776.7	775.2	770.7	770.7	768.9	768.6	769.5	768	768.3
790.5	790.5	790.5	790.5	790.5	790.5	790.5	790.5	790.5	790.5	790.5	790.5	790.5	790.5	790.5	786.3	790.5	790.5	790.5	790.5	790.5	790.5	787.2	783.2	778.4	783.5	776.5	767.5	762	755	750	737.1	736.2	737.2	729.9	724.5	719.5	702.5	683.8	675.8	673.5	671	648.3	628.3	610.5	581.5	549.5	530	467.7	392.7	378.1	351.3	340.5	347.8	359	359.6	321.5	311.2	317.2	320.8	325.6	329.1	330.7	337.3	338.7	346.9	350.6	351.4	346.1	344.7	344.6	339.1	332.5	329.4	324.2	322.6	316	304.5	297.2	293.4	293.8	296.6	305.3	315.8	313.9	297.5	290.1	294.2	306.4	313.3	313.6	302.6	294.3	293.7	295.6	298.2	293.9	291.9	290.8	291	287.4	285.1	292.7	291.6	289.9	290.2	291.7	292	294.8	298	321.2	332.9	325	314.3	301.7	312.8	314.4	312.5	305.3	304.1	300.4	299.1	300.7	297.2	292.8	296.1	296.3	295.2	297.1	296.5	295	288.5	284.3	282.7	276.2	268.8	259.8	255.5	252.2	243	239.2	239.6	236.3	235.3	246.2	251.4	258.7	278.3	313.8	391.4	493.3	607.7	687.3	692.9	677.1	684.6	677.6	673.9	676.7	658	647.1	670.9	680.9	688.7	693.4	694.8	691.8	694.3	692.4	686.1	657.5	664.3	671	688.2	694.2	708.5	722.6	713.7	739.9	762	773.7	774.6	773.7	771.6	774	774	769.8	768.6	773.7	773.7	770.1	769.5	774	771.6	757.2
790.5	790.5	790.5	790.5	790.5	790.5	790.5	790.5	790.5	790.5	790.5	790.5	790.5	786.9	790.5	788.4	790.5	790.5	790.5	790.5	790.5	790.5	786.6	786.9	790.5	787.5	778.5	772	767	760	750.8	738.3	744.5	744	735.5	728.5	724.5	709	686.5	677.9	675	671.5	640.7	609.2	592.5	580.5	549.5	529	489.3	402.1	378.9	368.3	350.6	349.1	362.4	359.3	316.9	308.8	314.2	319.4	321.9	322.4	326.1	330.4	333.6	338.8	344	345.3	342.5	345.3	348.8	338.7	333.9	332.8	330	321	315.2	305.9	300.9	293.7	287.7	287.9	299.8	310.7	320.7	319	310.4	305.6	310.6	316.1	319.1	312.4	304.7	305.3	307.6	306.4	310.3	310.3	314	315.8	310.7	308.9	311.3	303.2	301.6	305.4	308.3	307	307.2	318.3	332.5	336.1	327.8	312.2	307.8	316.9	315.1	309.2	306.6	303.8	304.3	309.2	307.4	301.1	297.8	298.5	297.7	294.3	290	282.1	271.6	270.8	273.1	270.4	268	265.6	263.1	261.1	255.7	243.2	236.8	234.5	234.9	236	246.2	255.8	265.1	286.8	391	492.9	546.8	641.5	698.7	697.9	690	691.2	690.6	688.6	671.6	655.5	633	667.6	688.4	695.2	677.9	690.9	690.3	693.8	696.1	684.4	677.1	674.9	669.2	680.9	681.1	693.2	698.1	700.7	723.4	744.1	759.2	775.8	776.4	774.6	772.8	771.9	749	760.3	769.2	771.6	770.1	769.5	773.1	771.6	763.8
790.5	790.5	790.5	790.5	790.5	790.5	790.5	790.5	790.5	790.5	790.5	790.5	789.9	790.5	790.5	790.5	787.8	790.5	790.5	790.5	790.5	790.5	790.5	790.5	790.5	790.5	790.5	781.5	774	771.5	766.2	761.5	761	755	749.5	745	739.5	733.5	719	703	693	684.5	674	640	599	591	568.5	537.5	532	471	397.1	396.1	386.3	360.4	356.8	349.5	314.6	308.4	303.8	314.3	324.8	325.2	329.8	333	329.7	341.7	344.9	345.2	347.3	343.4	344.4	342.4	337.6	335.4	333.9	328	323.4	316.4	304.8	300.3	295.9	290.5	294.6	302.9	315.7	324.5	328	334.9	336.2	342.8	352.1	348.8	347.9	343.8	343.9	346.5	345.7	335.4	341.9	339.6	333.7	338.9	341	334.6	331	332.8	332.5	324.8	325.9	333.1	329	328.8	320.5	309.6	311.3	313.3	313	311.8	309.9	311.9	312	316.3	319.8	309.1	303.9	302.4	301.4	295.6	289.1	278.4	269.2	269	268.7	267.4	262.3	262.2	265.2	263.2	257.7	247.3	242.8	237.4	235.3	239	252.5	268.3	271.6	304.2	427.1	503.4	590.4	681.5	698.4	685.9	688	685	682.1	689.5	664.5	663.5	656	677.4	696.6	690.4	679.6	678.3	678.3	678.9	685.6	692.7	699.2	705.4	705.5	701.6	697.6	699.1	698.4	690.7	699.3	699.3	698.7	702.8	725.2	741.1	747.6	759.5	734.3	746.2	771.6	776.4	780.6	780	774	771.9	769.8
790.5	790.5	790.5	790.5	790.5	790.5	790.5	790.5	790.5	790.5	788.7	781.5	787.2	790.5	790.5	790.5	790.5	790.5	790.5	790.5	790.5	790.5	790.5	771.5	766.5	790.5	790.5	781	778.5	779	773	767.5	761	756	753.5	746	742	736	715.5	704.5	695	683.5	678	640	600	591	577.5	560	542.5	491.5	408.4	397.5	394.6	379.8	364.6	340.6	307.4	307.1	309.3	325.7	326.3	324.6	326.3	325.8	333.1	340.9	342.6	348.9	353.4	347.8	351.9	353.2	349.6	343.4	338.9	332.9	322.8	321.2	313.3	307.6	302.1	297.7	301.3	304	309.9	320	331.7	344.9	347.1	351.8	351.3	349.9	348.2	350.7	352.7	352.9	354.4	342.1	341.5	337.3	336.6	343.3	347.5	352.7	345.7	340.4	336	332	327.8	325	314.4	316.4	309	306.3	311.1	311.5	316.2	316.6	316.2	318	323	327.6	321.8	313.3	301.3	296.6	288.5	277.5	275.2	267	260.2	261.6	262.3	258.4	259.8	260.8	263.1	258.9	250.4	243.8	237.8	232.7	237	244.6	259.4	268.3	288.3	393.9	474.8	501.5	597.2	685	681.8	680.1	690.9	690.9	689.6	694	695	689.2	687.8	665	668.4	685	673.7	677.8	680.9	682.7	693	696	703.6	697.7	703.9	707.4	703.7	693.1	695.4	670.6	681.4	695	670.8	673.6	695.6	719.2	739.1	761.7	759.3	762.6	768	780.6	787.5	786.3	778.2	774.3	771.9
790.5	786.9	789.3	790.5	790.5	790.5	790.5	790.5	790.5	790.5	790.5	784.2	790.5	790.5	790.5	790.5	790.5	790.5	790.5	790.5	790.5	790.5	790.5	762.8	776.5	790.5	790.5	790.5	790.5	790.5	790.5	790.5	782.5	776.5	774	771	763.7	770	743	730	729	715.5	702.5	641.5	615	603.5	596.4	583.6	570.5	556.5	477.3	418.5	414.7	408.8	391.6	346.7	310.4	306.1	306.6	315.8	317.2	322.6	330.9	334.5	340	342.5	346.2	347.7	355.6	354	355.3	357.6	355.8	352.1	347.9	341.6	330.8	330.8	327.6	318.7	316.8	314.3	307.1	307.6	311.8	315.2	320.1	341.6	357.4	374.3	369.8	367.1	358.9	358.6	370.4	363.7	353.4	350.9	349.5	346.9	353.9	358.3	362	374	363.4	347.1	332.1	318.2	307.4	307.5	300.3	304	309.5	305.3	312.7	320.1	319.2	322.1	323.5	321.3	329.4	330.4	321.6	312.1	302.8	294.9	284.1	275.9	273	269.5	266.8	261	262.2	261.3	259.9	259.4	260.1	257.3	249.3	239.6	236.9	238.1	243.8	254	264.5	266.5	307.4	405.6	471	515.3	616.5	664	671.9	683.1	698.7	698.3	693.8	692.3	691.7	674.5	693.4	690.2	692.7	691.9	687.3	690.5	690.2	683.2	688.5	674.2	680.7	688.5	680.1	675.1	689.9	693.9	694.8	681.5	688.7	672.1	642.2	639.3	665.7	681.6	694.1	704.5	724.7	753	770.1	782.4	788.4	781.5	781.5	781.2	777.3
790.5	789.3	790.5	790.5	790.5	790.5	790.5	790.5	790.5	790.5	790.5	790.5	790.5	790.5	790.5	790.5	790.5	790.5	790.5	790.5	790.5	790.5	790.5	790.5	790.5	790.5	790.5	790.5	790.5	790.5	790.5	790.5	790.5	782	744.5	769	781.4	780.5	755.5	741.5	742.5	731.5	669.5	625.2	623	608	597.9	594.4	593	568	493.4	423.3	417.2	397.6	360.6	325.8	311.2	308.1	304.7	304.9	311.4	318.3	326.3	335.7	338.9	340.9	348.8	350.9	356.3	356.4	354.4	359.5	369.2	369.3	365.2	358.9	347.5	346.5	343.2	332.9	327.4	325.7	315.8	309.8	318	322.9	328.3	344.4	364.6	393.5	397.8	396.9	396	394	401	385.7	372.5	374	366.3	355.2	358.5	366.7	375.6	369.7	352	334.2	317.2	307.7	304.4	299.4	298	305.1	317	313.2	317.3	325.4	327.3	334.4	336.9	338.6	336.2	327.8	325.3	317.1	305.2	293.9	275.6	264.9	266.1	265.2	259.3	254.5	253.2	257.4	258.5	253.6	253.5	254.5	245.6	238.9	233.3	233.5	240.4	257.4	273.6	327.4	415	443.2	469.9	530.6	611	667.4	679.6	689.4	699.6	700.9	698.1	696	694.9	665.5	675	692.4	697.3	688.7	685.1	692.5	689.4	683.3	686.3	682.6	681.9	682.2	669.4	655.1	682.7	694.6	691.8	698.8	693	667.2	669.2	670.3	668.9	682.5	695.8	700.6	703.9	731.1	757.7	779.1	781.2	772.8	774.9	777	778.5
790.5	790.5	790.5	790.5	790.5	790.5	790.5	790.5	790.5	790.5	790.5	790.5	789.9	790.5	790.5	790.5	790.5	790.5	790.5	790.5	790.5	790.5	790.5	790.5	790.5	790.5	790.5	787.8	790.5	790.5	790.5	790.5	790.5	778.5	759.5	790.5	790.5	790.5	790.5	781	787	779	723.4	685.5	660	637.5	614.7	620.6	620.5	581.3	506.8	445.2	421.6	398.4	353.1	324.7	319.2	306	301.3	300.4	303.4	314.5	322.6	334.4	344.9	343.1	350	354.8	358.5	360	355.2	358.9	367.8	370.5	367.3	363.9	354.5	352.6	349.7	339.3	338.9	339.4	329.2	324	325.8	330.3	334.6	344.5	359.8	380.4	396.3	402.1	397.4	390.6	389.6	383.9	377.3	389.3	390.5	380.3	376.6	372.4	361.1	351.5	343	332.9	318.3	305.2	304.8	302.1	301.1	309.1	319.8	319.2	315.1	319.2	330.6	340.5	347.6	347.6	340.4	328.8	323.6	316	303.8	290.6	273.5	258.8	258.4	260.7	259.8	253.6	249.6	253.6	257.5	252.3	248.4	251.9	246.7	239.2	237	237.1	247.2	261.1	280.4	363.7	434.2	449.3	498.9	592	623.2	675.1	706.5	704.8	701.7	704.5	706.1	706.2	705.2	698.5	667.2	673.8	680	680.1	674.1	679.6	691.3	694.4	695.4	696.9	693.7	693.5	684	673.9	698	691.5	678.8	687.5	698	696.3	691.3	687.7	687	688.2	688.5	685.1	687.5	691.8	697.1	723.4	755	765.9	765.9	770.7	776.7
790.5	790.5	790.5	790.5	790.5	790.5	790.5	790.5	790.5	790.5	789.3	789.3	788.4	790.5	790.5	790.5	790.5	790.5	790.5	790.5	790.5	790.5	790.5	790.5	790.5	790.5	786.9	786.6	790.5	790.5	790.5	790.5	790.5	790.5	790.5	790.5	790.5	790.5	790.5	779.5	772.5	788	747	694.8	670.5	646	615.4	626.7	625.5	592	523	440.7	380.6	349.3	333.5	321.3	314.1	304.2	297.8	296.7	300.5	306.6	316.7	331.4	341	344.9	349.6	351.8	352.8	363	365.3	364	370.1	380	383.3	381.2	377.6	371.8	363.8	361	360.4	361.3	359.9	356.7	364.9	370.7	367.8	379.3	390.4	399.4	413.9	423.6	425.8	419.9	419	411	407.8	415.7	421.3	421.5	420.8	413.5	395.9	383.4	369	354.9	340.6	332.9	327	321.3	321.2	323	329.6	334.4	332.3	337.9	350.9	356.7	362.4	357.5	356.2	339.8	321.8	309.6	292.5	275.3	264	258.5	255.9	256.4	251.7	252.9	248.9	250.8	252.9	247.9	245.5	244.1	242.5	241.5	238	239.7	253	280.3	354.9	432.7	438.9	449	507	614.7	618.4	634.8	676.7	675.9	680.8	699.1	704.6	692.8	669	690.4	667.7	655.8	680.2	682.2	679.2	680.7	687.1	684.4	695.2	691.9	687.1	692.5	688.3	683.3	693	688.9	685.9	696.9	698.5	695.6	689.6	686.8	681.5	676.9	660.7	653.6	682.2	687.2	694.2	687.7	706.6	767.7	767.7	774.6	778.2
790.5	790.5	790.5	790.5	790.5	790.5	790.5	790.5	790.5	790.5	783.9	790.5	790.5	790.5	790.5	790.5	790.5	790.5	790.5	789.6	781.2	789	789.9	790.5	790.5	790.5	785.7	790.5	790.5	790.5	790.5	790.5	790.5	790.5	790.5	790.5	790.5	790.5	790.5	784.5	783.5	790.5	768	712	682	661.1	644.8	641	627.5	611.5	565	436.8	364.2	342.9	325.8	319.6	314.6	304.3	298.1	294.2	297.3	304.8	311.2	322.5	339.3	344.9	346.7	354.6	354.4	359	366.3	365.7	367.3	376	382.7	381.1	379.8	375	366.7	369	365.4	366.8	364.8	361.8	373.1	379.8	380.7	387.5	388.9	391.1	403.4	412.1	420.4	416.1	410.1	414.7	412.4	411.2	413.8	415.2	417.7	414	403.9	383.6	374.4	367.5	358.2	349.7	344.2	343	332.2	329.3	332.1	334.8	332.9	338.2	355.7	365	363.4	363	363.8	343.3	324.6	308.2	289.6	270.4	262.1	255.5	250.4	253.8	247.6	249	246.5	250	250.8	246.4	246.4	242.9	240.3	240.8	239.6	242.9	254.5	297	380.7	433.5	440.2	461.9	532.1	603.2	614.6	639.2	640.1	642.4	652.2	668.2	681.3	673.6	655.9	674	691.1	680.6	686.1	687.8	691.5	686.2	677.8	672.1	686.8	685.6	681	681.3	681	677.4	678.6	685.1	691.3	693.1	690.9	690	688.3	682.6	688	693.2	683	654.9	669.6	683.9	693.6	693.5	682.5	722.6	757.1	772.2	773.1
790.5	790.5	790.5	790.5	790.5	790.5	790.5	790.5	790.5	780.6	772.8	786	790.5	790.5	790.5	790.5	790.5	790.5	790.5	790.5	788.7	790.5	790.5	790.5	790.5	790.5	790.5	790.5	790.5	790.5	790.5	790.5	790.5	790.5	778.5	788.7	790.5	790.5	790.5	790.5	790.5	790.5	778	715	683	660.5	643.5	641.5	621.5	607.5	529	397	341.7	327.4	332.9	315.5	304.6	298.6	297.6	292	293.1	299.2	303.9	313.2	331.6	339.5	346.1	355.8	360.2	362	366.1	365.6	366.8	374.4	379.3	377.2	375.3	375	375.9	375.2	374.5	374	373.1	369.7	374.2	380.1	391.2	398.5	402.4	406.7	415.1	424	417.1	412.6	417.4	413.6	408.9	408.1	406	408.3	415	415	410	403.1	396.5	385.2	379	373.9	374.8	372.1	361	351.3	351.7	355.3	358.2	362.6	365.8	374.6	372.8	365	353.6	335.7	319.6	307	293.6	275.5	261.6	252.8	244.5	245.6	250.9	249.6	253.2	255.2	254.2	247.8	242.8	237.9	240	239.2	241.1	258.1	337.1	412.8	427.6	432.1	440.4	463.2	538.8	602.9	611.5	632.6	624	593.7	604.6	607.8	610.8	622.7	621.5	644.5	655.9	678.7	687.7	688.7	692.2	685.9	676.9	680.6	674.5	678.1	679	680.7	679.6	674.6	676.4	684.5	689.6	687	687.3	688.6	685.3	689.7	681.3	694.9	699.7	689.3	676.5	682.1	690.8	698.8	702.9	712.7	739.2	769.5	770.7
790.5	790.5	790.5	790.5	790.5	790.5	790.5	790.5	786.9	788.7	790.5	790.5	790.5	790.5	790.5	790.5	790.5	790.5	790.5	790.5	790.5	790.5	790.5	790.5	790.5	790.5	790.5	790.5	790.5	790.5	790.5	790.5	790.5	790.5	790.5	790.5	790.5	790.5	790.5	790.5	790.5	790.5	785.5	734	703	677	652.5	642	624	565.9	453.7	383.1	349.2	329.7	341.3	319.7	304.8	299.7	296.3	283.6	281.7	290.6	301	304.2	322.1	339	346	356.2	355.7	358.8	365.3	363.2	366	371.9	375.6	374.3	371.6	374.8	375.9	378.6	377.7	370	375	372.2	376.2	386.3	398.8	405.9	404.9	404.8	408.8	410.9	402.3	397.1	409.5	399.9	396.3	392.5	388.5	396.7	399.9	405.2	407.2	403.6	401.9	391.4	389.9	386	385.1	387.1	378.9	365.3	361.1	364.2	363.4	364.9	367	373	366.8	357.5	345.1	332.7	316.4	300.9	288.3	275	264.1	252.2	243.2	243.3	247.8	246	248.1	253.5	253.4	247.3	237.6	233.3	232	236.4	241.8	265	357.3	423.8	425.5	433.2	441.6	468.4	553.4	594.8	591.9	627.2	635.3	626.9	596.3	603.7	614.3	629.9	639	642.7	645.7	652.2	667.7	674.5	683.9	686	684.9	679.1	668.1	653.2	652.5	667.9	670.9	667.1	664.1	670.3	678.1	679.7	685.5	690.6	685.9	681	681.4	681	680.6	676.2	671	672.1	680.1	685.9	693.9	695.8	683.3	702.5	754.8
790.5	790.5	790.5	790.5	790.5	790.5	790.5	790.5	790.5	790.5	790.5	790.5	790.5	790.5	790.5	790.5	790.5	790.5	790.5	790.5	790.5	790.5	790.5	790.5	790.5	790.5	790.5	790.5	790.5	790.5	790.5	790.5	790.5	790.5	790.5	790.5	790.5	790.5	790.5	790.5	790.5	790.5	790.5	730.5	703	677.6	660	644	626.5	528.3	428.7	382	345	348	356.5	323	305.8	293.2	284.8	272	274.3	287	297.8	304.6	314.9	330.2	338.3	344.7	350.5	353	357	358.5	362.8	364.8	366.9	370.6	368.3	364.8	369.9	375.8	369.1	360.5	371.8	381.6	381.2	391.3	409.4	411.1	408.3	399.4	404.3	406.8	396.4	388.7	387.2	383.8	383.8	386.5	391.6	395.9	395.3	399.2	408.3	409.8	399.8	400.7	400.8	390.5	387.5	388.9	387	384.1	379.4	381.8	377.3	375.7	378.9	378.6	365.1	350.5	336	321.2	306.6	283	267.9	265.7	256.7	248.4	243.4	241.2	245.2	246.4	248.2	246.6	247.1	244.6	236.3	231.8	229.4	236.7	252.2	298.2	387.8	425.1	428.3	435.7	444.5	474.5	560.2	590.5	583.8	614.6	634.2	640.5	617.5	596	605.9	622.9	634.5	640	642.1	624.5	603.2	631.7	669.9	687.4	688.1	684.6	678.8	670.4	664.6	670.4	668.5	665.2	661.1	666.5	672.4	675.5	681.6	672.8	674.3	682.4	681.6	680.8	681.4	675.8	673.1	672.8	679.9	687	690.6	695.2	695.9	701	737.7
790.5	790.5	790.5	790.5	790.5	790.5	790.5	789.9	790.5	790.5	790.5	790.5	790.5	790.5	790.5	790.5	790.5	790.5	790.5	790.5	790.5	790.5	790.5	790.5	790.5	790.5	789.3	790.5	790.5	790.5	790.5	790.5	790.5	790.5	790.5	790.5	790.5	790.5	790.5	790.5	790.5	789.3	789	726.2	693.4	674.5	653	641	614	491.4	392.2	373.2	352.1	356.3	343.9	315.3	290	271.9	265.3	258.6	259.6	275.8	291.3	298.7	304.7	316.5	327.5	343.3	353.5	354.8	354.3	352.7	357.3	360	362.1	366.4	366	359.5	362.3	368.5	363.9	363.4	375.2	375.8	376.6	390.5	400.1	407	410.1	407.5	399	399.5	386.8	373.9	367.6	366.3	365.1	367.7	383.8	394.9	395.1	398.7	412.6	409.1	395.2	403.6	404.8	397.7	392.9	391.2	386.3	380.5	384	388.5	388.2	378	371.2	370.8	358.7	345	331.9	319.5	296.8	276.8	266.5	261.5	256.4	248.9	243.9	238.4	240.7	241.3	243.4	242	243.5	238.5	233.3	230.9	230.1	242.1	266.1	303.1	389.4	418.5	431.1	436.6	441.8	483.3	594.8	617.6	601.8	610.5	633	636.7	633.7	599.3	588.3	608.4	629.5	633.3	630	626.6	622	630.4	640.7	677.1	686.6	686.6	669.5	669	680	679	676.9	673.4	668.5	664.6	662.5	668.6	674.1	661.6	661.3	687.8	686.9	685.1	684.1	681.2	682.2	687.9	696.9	691.7	689.8	694.9	691.4	685.3	686.2
790.5	790.5	790.5	790.5	790.5	790.5	788.7	787.5	790.5	790.5	790.5	790.5	790.5	790.5	790.5	790.5	790.5	790.5	790.5	790.5	790.5	789.3	788.7	790.5	790.5	790.5	790.5	790.5	790.5	790.5	790.5	790.5	790.5	790.5	790.5	790.5	790.5	777.7	766.5	762.5	760.9	762.1	762.2	690.9	657.7	639.3	622.2	605.6	581.2	466.9	382.4	375.5	370.7	357.9	329.4	311.3	288.2	268.9	261.4	249.9	250.1	261.7	280.3	291.6	296.2	304.2	314.3	332.9	345.3	348.6	347.7	345.1	347.4	350.1	351.2	361.1	358.3	357.4	356.9	358.5	353.9	351.3	357.9	372	381.5	395.2	397	384.8	395.9	405.4	391.1	370.7	358.1	350.9	351.6	355	361.8	364.1	371	378	385.5	397.2	408.2	409.1	407.3	407.4	403.1	387.6	389.3	386.9	383.8	374.5	378.9	387.2	380.8	357.8	359.4	354	337.7	330.7	318.7	307	286.8	274.8	266.2	256.6	253.7	246.3	240.8	240.1	244.5	243.5	238.5	234	232.3	230.4	224	228.5	236.2	256.3	279.7	332	426	429.4	426.9	430.2	441.6	484.9	602.4	633	616.8	619.4	636.9	638.4	639.8	635.7	621	611.6	618.1	629.9	630.5	622.4	634.3	633.5	613	615.2	645.2	670.6	683.1	672.8	683.7	682.1	678.8	676.7	670.7	663.6	665.8	671.3	673.9	678.1	682.3	685.8	686.8	686.1	684.9	684.2	685.6	690	695.9	683.6	687.2	689.2	672.9	661.6	664.7
790.5	790.5	790.5	790.5	790.5	789.6	790.5	790.5	790.5	790.5	790.5	790.5	790.5	790.5	790.5	790.5	790.5	790.5	790.5	790.5	788.7	785.4	790.5	790.5	790.5	790.5	790.5	790.5	790.5	790.5	790.5	790.5	790.5	790.5	790.5	778.5	766.5	762.1	755.1	731.3	721.9	720.1	719.1	651.6	627.4	614.1	598.4	591	555.1	443.1	375.3	389.1	372.6	343.9	322.4	299.2	283.2	282.9	272.7	248.8	241.1	246	266.2	282.6	291.6	295.1	301	316.9	331.2	344.5	356.2	348.4	344.3	346.8	341.6	349.2	351	353.9	356.9	355.2	345.6	341.1	350.2	368.2	383.8	390.1	388.7	374.2	380.9	386.7	376.7	361.5	351.5	345.5	344.3	347.6	351.3	357.1	361	377.6	384.6	392.5	408.7	409.7	408.5	415.5	407.2	390.2	386.7	374.7	372.9	372.6	372.2	380.7	375.3	358.8	356.6	352.4	336.4	330.6	310.3	297.9	285.4	272	256.2	250.1	249	243.9	241.5	238.8	237.1	236	239	232.5	227.9	228.5	226.3	234.1	242.5	264.2	278.7	328	426.5	429.8	428.2	427.5	430.4	492.8	614.3	640	643.8	648.1	647.2	646	644.5	642.1	630.9	612.6	612.2	628.2	641	635.5	619.5	637.4	632	626.8	630.9	655.4	667.1	666.9	674.1	680	677.3	667.9	658.9	646.5	650.7	664.2	666.1	673.3	674.1	679.1	684.6	685.5	684.5	687.9	692.5	694.1	698.4	702	691.6	687.7	684.5	675.7	670.8
790.5	790.5	790.5	790.5	790.5	790.5	790.5	790.5	790.5	790.5	790.5	790.5	790.5	790.5	790.5	790.5	790.5	790.5	790.5	790.5	787.8	789.9	790.5	790.5	790.5	790.5	790.5	790.5	790.5	790.5	790.5	790.5	771.3	745	732.5	728.9	730.1	732.9	728.8	709.2	702.4	721.5	686.6	637.9	617.4	599.8	589.8	584.8	553.2	445.5	380.7	382.9	377.6	359.8	321.1	290.9	282.9	285.3	272.1	247.8	234.4	235.1	253.3	271.2	282.6	288.1	294.7	305.6	323.9	331.3	344.2	343.5	333.9	334.9	330.9	331.9	337.9	340.7	343.5	340.5	333.2	329.8	333.7	344.5	357.5	366.3	371.5	360	360.1	353.9	346.4	340.5	328.1	317.4	311.7	316.9	328.7	335.4	336.8	353.9	366.3	376.9	386.9	387.1	387.1	399.6	399.7	387.5	386.5	371.5	362.9	365.8	364.6	363.4	361.2	356.9	347.1	336.2	319.7	308.4	295.4	280.5	277.5	266.6	251.1	248.6	244.6	241	235.1	233.7	227.3	222.3	224.6	221.2	220.3	227.1	232.1	240.1	251.1	270.9	283.5	343.7	424.2	427.8	426.9	418.5	425.5	491.4	616.2	637.9	642.5	647	644.5	642.8	641.8	639.2	636.8	625.6	614.1	623.9	616.4	607.6	605.6	634.6	631.6	628.3	625.4	630.8	630.5	627.9	630.2	632.7	628.9	622.6	621.3	614.5	610.4	615	615.8	612.3	624.3	647.5	666.1	686	683.3	686.5	694.5	699.9	704.3	709.3	697.6	688	691.6	690.8	688.5
790.5	790.5	790.5	790.5	790.5	790.5	790.5	790.5	790.5	790.5	790.5	790.5	790.5	790.5	790.5	790.5	790.5	790.5	789.6	789	790.5	790.5	790.5	790.5	790.5	790.5	790.5	790.5	790.5	790.5	790.5	782.9	756.4	735.7	730.1	733.7	731.9	724.2	710.1	692.3	693.7	695.1	657	615.7	598.4	595.1	594.9	590.7	565.9	448.3	387.2	377.2	370.7	355.6	307.3	284.5	291	293.9	282.7	260.7	244.5	233.5	242.4	258.9	264.4	272.6	284.1	298.2	312.5	321.9	333.3	339.6	336.4	331.6	326.3	326.9	329.7	329.5	335.7	334	331.6	329.7	326.7	327	341.3	353.2	357	355.9	352.7	348	343.9	344.3	337.6	327.4	323.5	323.2	325.1	332.6	340.5	353	362.1	373.3	384.1	382.3	376.5	378.6	377.5	375.8	374.2	362.8	358.9	357.8	358.8	353.9	353.9	351.6	340.1	327.2	309.4	299.5	290.6	278.5	276.7	266.2	254.3	247.4	244.1	238.6	230	226.8	218.7	215.6	215.4	212.5	213.7	223.2	234.3	242.3	251.2	262.9	274.7	336.3	418.4	419.5	416.6	394.6	412.4	469.2	589.9	616.8	636.3	641.2	643.1	646.9	645.1	645.2	644.4	634.8	621.7	609.4	601.7	588	597.9	624.8	628.3	627.3	625.5	632.9	633.2	632.6	628.5	619.9	620.1	623.4	624.5	595.3	585.2	608.4	611.4	612.7	606	612.6	638.5	670.4	689.9	693	698.3	698.6	695.7	697.9	697.5	692.2	691.5	687.9	686.4
790.5	790.5	790.5	790.5	790.5	790.5	790.5	790.5	790.5	790.5	790.5	790.5	790.5	790.5	785.5	790.5	790.5	790.5	789.3	790.5	790.5	790.5	790.5	790.5	790.5	790.5	790.5	790.5	790.5	783.3	759.3	741.3	739.7	737.7	737.7	734.8	724.9	712.8	694.7	689.1	692.6	675.7	629.4	602.9	590.8	591.3	588.4	586.6	576.1	458	381.2	374.1	377.1	363	318.7	289.3	286.9	287.1	282.5	268.1	255	239.2	233.6	241.5	249.4	260.1	276.5	284.4	292.9	306.9	316.3	324.3	323.9	320.3	319.8	316.2	309.1	310.9	316.5	320.4	316.7	316.3	313	311.2	315.6	316.4	326.7	328.8	328.1	326.4	331.7	335	331.5	336.4	336.7	332.5	327.1	329.7	343.4	347.9	355.5	362.5	368.4	363.8	347.5	342.5	341.3	347.6	349.8	335.3	334.4	338	335.2	329.8	331.7	329.9	320.4	305.8	286.2	278.5	271.5	269.1	265.5	257.3	253.1	244.4	242	238.1	226	219	214.1	208.1	206.6	214	223	232.7	237.5	245.2	255.9	269	284.2	350.8	404.8	415	418.1	421.8	430	481.2	562.2	578.2	615	639.1	643.2	636.3	646.1	641.7	643.3	637.3	626	624.6	636.5	639.5	612.2	619.9	629	627	623.4	631.8	633.1	631.5	627.7	619.4	615.6	620.4	622.8	601.7	591	607.1	618.2	621.6	610.7	599.1	597.3	613.4	646.7	670	682.6	689.4	693.4	694.7	697.9	695.7	692.2	687.6	685.5
790.5	790.5	790.5	790.5	790.5	790.5	790.5	790.5	790.5	790.5	790.5	788.5	790.5	781.5	772.5	790.5	790.5	790.5	790.5	790.5	790.5	790.5	790.5	790.5	790.5	790.5	790.5	790.5	790.5	772.5	750.5	740.9	735.5	725.4	713.9	704.4	694.8	680.2	665.6	672.6	680.6	670	629.2	599.9	581.1	575	580.2	571.2	553.4	440.5	342.5	325	344.9	324.1	295.6	308	313.5	285.7	273.6	271.2	263.2	245.5	234.1	242.4	243.7	250.1	266.1	272.7	285	295.4	304.6	316.8	317	316.9	312.5	311.1	303.2	304.3	307.8	308.1	306.1	301.8	305.2	309.9	310	314.4	327.6	330.5	330.4	330.7	340.4	344.8	343.1	348.8	347.8	353	354.7	355.2	355.2	358.3	361.5	364.4	365.1	355.7	344	334.8	334.2	337.3	336.9	327.7	324.4	324.9	326.4	324.4	324.8	319.4	311	298.8	280.5	275.3	269.4	265.2	260.9	254.5	243.5	236.7	232.7	226.8	212.4	206.9	209	207.6	209.9	218.9	229.5	238.2	236.4	238.2	249.6	263.8	280.6	343.3	393.8	406.5	415	426.8	437.8	486.9	568.2	573.4	596	616.1	642.2	626	647.6	650.6	638.7	638.3	632.1	635.5	641	647.4	622.2	622.8	636	630.4	635.4	634.7	628.7	626.7	628.7	628.5	626.1	624.8	623.3	622	616.4	612.7	613.8	617.2	613	601.5	608.4	628.2	643	666.5	677.2	679.2	679.3	694.4	711.8	706.5	699.6	689.7	692.7
790.5	790.5	790.5	790.5	790.5	790.5	790.5	790.5	790.5	790.5	790.5	790.5	790.5	787.5	790.5	790.5	790.5	790.5	790.5	790.5	790.5	790.5	790.5	790.5	790.5	782.1	772.5	760.1	743.3	738.1	734.5	724.9	716.9	711.5	705.9	696.4	682.5	668.3	661.2	671.5	676.1	673.1	621.7	597.4	573.7	565.9	570.7	565.4	534.4	433.7	329.4	321.5	342.6	321.7	301.4	314.6	329	296	270.7	269.3	265.9	250.5	238.9	245.2	243.5	244.1	251.8	257.5	271.7	282.3	289.4	295.6	301	302.4	301.1	298.7	292	283.7	286.9	291.2	289.1	282.7	285.1	291.7	292.9	298.4	309.5	320.3	320.7	325	332.8	337.6	340.9	339.6	341.5	345.4	351.6	354.2	349.9	349.3	351.9	354.4	344.7	333.4	324	320.2	321.2	319.5	317.5	314.4	308	300.8	304.2	306	301.5	291.8	285.1	274.5	269.2	266.8	259.4	257.8	249.7	241	237.2	227.2	218.2	212.8	208.1	203.1	208.6	216.1	221.4	223.6	229.6	233.6	235.6	245.7	260.3	274	294.9	379.3	413.2	414.4	420.1	419.6	411.3	484.6	580.7	586.1	592.7	608.9	637.7	642.4	647.3	652.2	639.6	637	631.7	638.4	641.8	645.3	629.2	602.8	633.8	626	629	629.4	626.5	609.2	614.5	628	627.3	625.7	623.8	623.5	623.6	613.1	609.4	614	610.9	604.9	612.4	632.9	639.3	638.1	634.8	631.4	638.4	641.5	656.1	660.5	658.6	642.2	656.8
790.5	790.5	790.5	790.5	790.5	790.5	790.5	790.5	790.5	790.5	790.5	790.5	790.5	790.5	790.5	790.5	790.5	786.9	779.7	780.9	788.5	790.5	790.5	788.1	774.5	771.3	757.7	740.9	733.2	719.6	713.2	705.2	695.2	690.6	688.4	683.1	673.5	661.3	653.9	656.8	660.4	666.8	613.7	590.6	572.3	562.1	566.5	560.2	532.7	490.9	379.4	320.9	322.9	322.1	308.5	325.4	327.2	294.4	270.1	266.5	267.9	259.3	239.4	245	249.5	246.9	244.5	244.8	256	265	272.5	278.4	288.5	291.5	294.2	292.6	287.4	278.4	274.7	273.4	275	275.7	276.1	284.5	288.4	290.4	293.2	304.7	308.7	316.3	324.2	329.8	334.2	341.3	337.7	338.8	344.5	345.7	341.1	340.9	346.8	345.8	337.7	329	319.7	314.9	316.8	317.9	311.6	308.9	302.3	295.1	291.2	290.9	285.9	280.6	272.9	268.6	265.2	261.5	253.9	246.1	241.4	235.5	226.7	217.2	208.8	205.8	205.9	203.8	208.9	216.5	218.3	217.8	223.4	227.1	232.2	243.3	260	271.2	293.8	378.4	410.6	411.6	421	410.7	398.7	442.2	536.2	581.5	590.4	600.5	611.3	633.6	646.4	643.1	637.3	630.1	627	639.4	646.4	644.9	634.6	611.1	616.7	617.7	620.6	620.2	622.1	619.5	618.1	633.7	634	630.1	630.4	628.6	623	620.3	622.9	618.1	620.6	614.1	602.6	617.8	636.5	636.2	635.6	628.7	615	622.4	637.6	638.3	634.4	612.6	637.3
715.3	715.3	715.3	715.3	715.3	715.3	715.3	715.3	715.3	715.3	715.3	715.3	715.3	715.3	715.3	715.3	715.3	715.3	715.3	715.3	715.3	715.3	715.3	715.3	715.3	715.3	715.3	715.3	704.8	694.8	688.3	683.3	674.8	669.3	659.3	662.8	658.3	655.3	648.8	644.8	644.3	635.8	587.3	568.8	553.8	547.3	547.8	536.3	521.8	442.2	323.7	324.8	345.9	318.4	304.2	316.6	315.2	282	261.2	259.1	260.5	246.9	229.8	238.7	248.6	244.9	241.3	240.3	243.4	251.8	259.8	265	270.7	281.4	289.5	289.3	285.2	279	272.6	272.5	273.8	272.7	279.3	283	285.3	291.8	297	307.8	314.6	324.5	335	340.8	341.2	350.5	353.2	354.6	357.4	355.5	354	354.8	352.8	349	343.2	342.8	338.7	325.5	316.8	318.1	316.4	311.8	307.4	296.3	290.4	287.9	287.4	283.1	277.2	274.5	272.6	270.2	259.3	250.4	245.1	242.1	236.2	227.5	224.4	222	221.5	223.2	224.6	228	225	225.6	230.1	229.6	237.2	256	269.7	280.6	312.9	400.8	409.9	413.8	421.5	429.7	437.4	486.4	574.5	574.8	576.3	590.8	596.1	613.7	630.8	631.4	628.5	629.1	631.6	636.4	636.5	632.5	622.3	607.5	600.2	605.3	612.8	609.3	598.9	619.6	620.6	624.6	626	614.5	609.3	620.3	618.2	622.1	623.9	617.8	612.3	604.4	597.3	614.7	629.3	629.1	624.4	602.8	605.8	603.8	620.9	621.9	617.6	614.9	615.8
790.5	790.5	790.5	790.5	790.5	790.5	790.5	790.5	790.5	790.5	790.5	790.5	790.5	790.5	790.5	790.5	790.5	790.5	790.5	790.5	790.5	790.5	790.5	790.5	790.5	790.5	786	778.5	767.5	755	746	742	737.5	735	737	728	723	719.5	721.5	734	735	724	662.5	649	632.5	621	619	611.5	591.8	529.2	431.8	407.8	417.5	394	375.7	390.7	398.9	371.4	344.4	332	328.6	322	303	308.4	323.1	321.3	321.8	319.6	320.1	317.5	316.9	325.3	330.9	336.8	343.6	350.8	352.5	349.6	344.2	341.8	337.3	334.9	339.2	343.6	346.3	354.3	366	378.4	383.4	385.5	395.5	405.2	405.3	410.9	415.3	418.1	422.8	422.2	423.8	421.3	418.4	408.2	404.9	401.7	395.8	389.2	384.1	383.6	380.2	377.5	373.8	362.8	354.9	348.1	350.7	350.2	346.1	342.1	337.3	332.1	321.9	316	311.8	305.2	298.5	297.4	294.7	296.4	301.9	300.4	299.9	298.4	298.4	302	306.7	310.1	321.4	336.6	345.2	353.4	379.4	462.9	485.1	493.5	501.6	509	514.4	565.8	649	652.6	654.3	655	672.9	682.1	693.4	687.6	693.7	700.4	695.5	694.3	694.7	697	699.7	699	689.8	696.6	706	701.6	688.9	696.4	694.3	692.8	694.5	693.5	686.1	693.4	696	700.4	703.5	700.1	690	678	668.7	675.3	684.4	688	695	683	690.1	684.2	693.6	695.7	681.5	680.2	680.7
790.5	790.5	789.9	789.3	790.5	790.5	790.5	790.5	790.5	790.5	790.5	790.5	790.5	790.5	790.5	790.5	790.5	790.5	790.5	790.5	790.5	790.5	790.5	790.5	790.5	786	779	770.5	761	750	742.5	738.5	734.5	731	730.5	731	720.5	717.5	694	722	734.5	697.5	662	647.5	633.5	621.5	621.5	609	592.3	553.2	462.3	408	408.2	393.1	375.7	392.2	409.4	379.4	347.6	336.3	330.3	321	300.8	306.9	319.6	320.8	323.8	324.4	321	315.8	312.3	314.4	316.5	319.9	325.3	332	336.5	330.5	327.8	324.7	317.7	319	322	327.1	333.7	337.3	341.8	351.5	356.4	363.5	368.9	373.5	379.5	389.6	390.4	397.3	400.8	398.3	398.4	393.4	388.8	384.6	380.1	376	371	370.5	369.5	366.9	363	357.1	353.1	348.4	342.8	338.4	336.7	336.5	333.7	330.6	323.8	318.1	311.4	309.3	306.7	300.1	299.2	298	300	305	301.4	299.6	295.6	296.6	301.2	304.4	306.9	316.5	328.8	339.3	348.9	357.7	378.1	427.9	467	496.7	501.1	508.9	516.9	565.5	648.1	653	652.7	649.9	671.8	679.5	683.3	686.2	692.7	700.9	696.5	692.6	691.6	694.7	702.7	702.1	692.7	698.7	707	703	698.8	696.3	693.5	694.5	694.8	693.5	697.7	696.8	696.2	698.9	697.1	697.1	689.8	677.9	668	671.5	675.7	678.4	683.7	689.5	686.4	683.7	690.8	696.6	685.7	680.5	679
790.5	789.9	790.5	790.5	790.5	790.5	790.5	790.5	790.5	790.5	790.5	790.5	790.5	790.5	790.5	790.5	790.5	790.5	790.5	789	790.5	790.5	790.5	785.5	774	765.5	760.5	751.5	742.5	737.5	735	732	726	716	720.5	733.5	727.2	698.5	670.5	678.5	685	673.5	657.5	644.5	638	631	622.5	612.5	597.9	603.4	516.3	410.3	393.7	388	376.1	390.8	407.5	385.9	351.2	338.8	332.6	316.1	298.6	300.4	310.4	320.3	325.7	327.7	326	326.7	325.6	320.7	318.5	316.9	314.5	320.3	321.4	317.9	318.3	316	312.5	313.6	317.8	315.6	322.1	325.2	329.6	334.5	341.3	352.2	361.1	364.5	367.2	371.8	375	381	386.4	389.4	387.6	382.3	376.6	368.9	362.9	362.2	359.5	356.3	354.4	351.5	346.5	343.7	341.8	337.2	329.8	325.1	323.6	322.7	321.5	320	309.6	305.4	304.6	303.7	301.4	300.5	301.5	306.2	306.8	306.9	306.2	304.7	301.7	302	308	308.2	312.9	322.2	332.5	338.2	346	355.4	375.6	431.5	473.7	501.5	504.9	514.6	520.4	570.2	648.8	653.1	652.5	647.4	665	674.9	670	690.6	689.3	692.2	706.6	701.4	696.8	696.2	697.7	697.7	687.1	684.2	690.1	697	704.8	698.5	700.8	702.9	703	696.1	695.8	695.2	691.7	694.4	693.1	694.4	694.7	686.7	675.6	669.5	672.7	678.9	676.4	676.2	675	677.8	690.4	698.2	700.8	697.9	692.3
790.5	790.5	790.5	790.5	790.5	790.5	790.5	790.5	790.5	790.5	790.5	790.5	790.5	790.5	790.5	790.5	790.5	790.5	790.5	786.6	790.5	790.5	781.5	777	764.5	756.5	751.5	744.5	737.5	735	734	730.5	720	713.6	699	656	620.9	590.5	570.5	556	591.5	656	653.5	644.5	638.5	630	623.5	614.5	604.9	614.6	532.5	426.5	398.6	381.2	363.3	375.9	396.4	393.1	366.5	346.6	337.8	319	297.7	299.6	311.6	320.9	325.2	327.3	327.3	329	330.8	330	322.3	313.9	309.1	310	310.5	306.9	305.4	308	306	303	308.1	308.5	310.1	310.6	313.8	319.5	324.8	333.1	341.4	345.7	347.8	348	348.3	353.7	357.8	359.9	359.3	359.9	354.3	347.6	343.7	341	341	338.4	339.1	332.1	324.4	326.1	325.2	320.9	317	313	311.3	306.3	310	310.2	306.7	306.4	307	306.3	302.5	302.3	305.8	307.8	303.9	301.9	301.7	304.3	303.5	304.4	307.7	312.2	318.9	329.9	335	339.3	344.5	352.8	397.3	471.8	491.9	490	502.5	511.8	509.7	567.6	651.1	651.1	652.1	657.3	665	675.5	681.9	686.8	695.3	678	687.9	701.8	698	679.1	683.7	693.8	686.6	681.7	687	694.3	704.2	693.1	697.8	706.5	708.9	698.4	691.9	684	685	689.3	692.2	693.7	694.3	688.7	678.6	670.5	673.7	679.8	677.6	675.2	673.6	675.5	687.3	696.9	684.3	698.7	697.9
790.5	790.5	790.5	790.5	790.5	790.5	790.5	790.5	790.5	790.5	790.5	790.5	790.5	790.5	789.5	787	784	779	774.4	766	757.5	752	744	737.5	731	724.5	720	720	725	730.5	734	730.5	718	716.5	667.5	615	587	568.5	543	525	579	656	646	635.5	634	630	622.5	616.2	617.2	618	583.8	455.9	391.3	381.6	362.1	368.1	394.5	400.7	377.7	357	341.9	323.6	304.7	292.8	303.9	315.9	323.2	325.4	330.5	331	330.3	330.7	329.4	327.1	321.4	315.5	310.5	311.3	310.8	307.8	305.4	303.1	308.4	311.2	315.6	317.8	317.6	316.1	314.3	318.1	319.9	325.9	331.7	331.6	327.6	327.3	330.9	334.6	341.8	343.8	341.5	333.8	332.1	331.4	326	323.5	322.5	314.6	308.5	308.3	304.5	301.2	305.3	305	305	303.7	310.1	312.1	313	316.7	314.9	310.1	310.8	312.2	312.2	314.7	311.5	306.6	308.5	311.9	312.2	311.5	310.9	314	319.3	323	326.1	333.4	342.2	356.6	403.5	485.4	500.9	506.8	506.7	501.6	496.4	572.6	650.4	649.4	654	659	661.8	671.6	681.4	681.6	690.4	695.7	693	709.1	708	702.7	697.9	696.4	688.2	691.7	693.6	693.7	701.2	697.4	692.6	695.8	692.8	711.5	703.9	697	694.2	692.7	689	687	690.6	692.8	692.5	686.5	683.4	681	689.1	692.4	681.8	671.8	671.5	678.6	682.6	692.8	693.7
790.5	790.5	790.5	790.5	790.5	790.5	790.5	789.5	789	788	785.5	784.5	783.5	781.5	777	771	763.5	757.5	754	746.5	739	732.5	724.5	719.5	714.5	711	708.5	712	723.5	730	729	726.5	698.5	654	633.5	596	535	519.5	498.5	509.5	602.5	658.5	641.5	636	632.5	628.5	626	617	617.8	619	615	531.9	416.6	381.9	365.6	366.2	392.1	402	392.1	367.6	353.5	339.5	314.5	293.7	296.1	308.8	317.2	323.1	326.9	329.1	328.4	332.4	333.9	331.5	327.4	322.4	313.6	312.4	309.3	308.8	308	306.8	306.5	308	307.7	312.1	316.1	313.8	310.5	311.5	311.7	313.8	320.4	323	323.7	318.8	317.4	317.1	321.8	330.7	331.3	326.5	322.1	319.3	316.4	312.1	309.4	305.9	304.2	301.1	302.1	303.3	304.8	305.6	308.9	311.6	314.6	316.7	318.9	318.6	319.5	315.3	313.4	312.5	313.3	313.9	311	307.7	309.3	310.4	309.5	310.6	310.9	313.8	319.8	325.3	329.1	333.1	348.1	359.4	417.4	494.6	497.9	504.5	509.5	513.8	482.5	539.5	622.1	650.4	655.4	658.4	660.4	668.5	679.5	683.5	688.3	704.1	709.2	711	710.3	712.4	709.8	697.8	690.6	694.6	694.9	693.4	697.2	698.9	692.3	695.2	705	704.6	706.1	698.9	695.8	693.3	689.1	686.5	692.6	695.5	695.2	680.3	663	672.3	693.8	697	683	673.2	668.9	672	680.2	681.7	688.9
772	771.5	772	772	771.5	771.5	770.5	769.5	767.5	766	763	760	756.5	752.5	748	742	735.5	729	721.5	715.5	709	703	698	695	692.5	694	702	719	734.5	727.5	719.5	709.5	697.5	659.5	635.5	603	534.5	514.5	507.5	519.5	606.5	653	645.5	641.5	642.5	637.5	625	614.2	622.5	623	616.2	539.7	420.4	382.4	371.1	360.9	387.7	402.2	395.4	380.6	365.6	347.4	327.3	301.4	289.3	298	306.6	316	320.2	328.4	333.9	333.7	334.4	333.8	334.1	336.2	330.4	321.3	310.5	302.4	303.9	303.8	304.4	309.1	311.1	313.6	318	318.8	316.6	318.4	317.9	319.3	321.1	321	322.8	322.7	321.5	320.1	323.5	324	326	325.3	320.4	319.9	318.8	311.4	310.7	307.5	307.7	311.7	313.8	313.3	318	321.3	323.1	322.5	318.9	319.7	319.7	316.7	315.9	317.1	321	317.1	315.3	318.7	317	315.6	314.2	309.4	306.3	307.4	301.5	302.8	308.4	315	322.8	335.5	353.1	370.6	417.7	500.4	506.1	509.2	512.9	511.7	507.2	597.6	635.9	644.9	647.9	653.3	660.7	665	678.9	688.8	687.4	693.7	709.3	708	706.1	706.4	704.1	700.6	701.2	701	695.1	696.3	699.6	700.9	697.3	693.2	694.6	698.4	698.1	699.3	699.2	698.7	690	696	696.3	696	694.8	685.1	670.4	661.3	677.4	696.1	686.1	674.4	677.1	680.4	682.8	668.7	668.9
781.5	782	782	782	782	781	779	778.5	777.5	774.5	771.5	768	763.5	759.5	753	746	740.5	732	724	716	709	703	699	696	695	698.9	712	724	731.5	730.5	722.5	720	715.5	662.7	633.5	626	603.5	549.5	503.5	524.5	609.5	650	654.5	654	647	640.5	634	617.9	617.5	619	608.7	563.6	452.8	388.9	370.8	366.6	389	406.6	401.5	390.9	378.1	361.2	345.2	320.6	301.5	301.3	308.6	314.4	314.4	323.1	333.5	331.5	333.7	334.5	335.3	337.9	333.3	324.7	317.9	306.8	305.9	303.7	307	309.9	314.2	318.7	320.8	324.7	317.8	316.8	321.1	319.6	322.3	322.3	324.2	324.6	319.6	320	323.4	321.5	322	320.5	318.7	321.5	316.8	315	316.5	313.9	314	316.6	320.6	319.8	320.2	323.1	323.7	325.1	322.2	316.9	317.1	314.6	317	315.4	314.9	314.2	314.2	313.8	312.1	312.3	312.4	304.9	299.1	298.3	296.6	297.6	307.7	314.8	325.1	340.8	354	367.4	393.4	434.1	472.4	505.9	511.6	510.5	548.5	622.5	640.3	653.3	661.4	661.2	660.7	663.8	676	688.5	687.4	689.4	705.7	708.9	705.3	706.2	705.3	703.6	705.1	697	688.7	678.2	679.4	670.2	661.5	664.8	676.4	695.2	696.7	699.1	692.7	660	640	655.6	671.4	691.4	696.7	693.8	688.8	678.2	681.5	688.4	683.9	678	678.3	685.9	688.3	686.8	687.3
790.5	790.5	790.5	790.5	790.5	790.5	790.5	788.4	790.5	790.5	790.5	790.5	790.5	790.5	785.5	775.5	763	750.5	739	728.5	719.5	714	712	713.5	718	728	736	731	724.5	735	734	722.5	682.6	630.7	627.5	637	588	508	503.5	584	651	654.5	658	652	646	640.5	633.5	624.5	622.5	613.5	603.1	585.6	545.9	433.6	380.7	378.4	386.1	403	405.8	403.7	384.3	362	352.8	333.2	308	297.5	294.5	295.3	302.7	309.4	320.1	327.6	332.8	335.4	334.4	336.7	340.5	335.9	329.3	319.7	311.4	306.7	301.9	304.3	310.7	315.5	315.1	316.7	314.8	314.4	316	318.4	317.9	316.9	318.9	318.6	320	319.9	324.6	324	321.7	320.1	317.5	321.2	314.2	312.5	314.4	319.9	322.5	322.9	320.1	318.3	319.9	321.8	325.9	325.2	321.3	319.5	319.7	322	319.4	312.1	311.2	311.9	312	312.4	308	304	297.5	290.8	289.6	292.3	291.9	296.3	308.5	320.9	337.1	353.6	369.7	383.9	400.7	429.5	480.2	509.3	507.5	523.2	592.8	649.1	657.9	658.7	656.3	657.6	659.2	661.2	670.2	686.3	694.7	683.8	695.7	709.9	708.6	702	700.4	694.8	697.3	701.5	695.6	685.3	683.1	674.4	649.5	649.2	682.1	699.9	704.4	705.6	675	655.4	674.4	679.2	681.9	694.5	693.1	691.6	685	671.7	675.6	681.9	681.3	674.7	673.1	686	687.7	691.4	697
790.5	790.5	790.5	790.5	788.5	788.5	790.5	789.9	790.5	790.5	790.5	790.5	790.5	790.5	785.5	771	761	749	737.5	726.5	720	716	717	719.5	724	728	731	730.5	726	731	727	687	650.2	629.5	632	639.5	593.5	524.5	578	644.5	655	655.5	654.5	652	642.5	636.5	629.5	629.5	628	615	601.8	586.1	566.8	469.9	386.3	366	377.6	398.4	407.1	406.9	398.3	377.7	359.6	337.2	319.1	305.2	297.6	297.6	299.7	301	309.4	320.2	328.3	333.6	330.3	334.9	340.1	335.1	331.4	324.7	313.7	304.5	302.4	307.7	311.5	312.5	314	316	315.9	317.9	320.6	319.3	316.2	317.5	318.2	318.6	323.6	324.4	326.7	328.1	325.4	321.9	320.4	320	313.8	316.1	317.1	319.1	320.6	321.5	321.7	320.2	324.3	327.3	325.7	322.1	317.4	320.8	322.4	318.9	310.5	307.5	305.9	305.5	305.6	302.3	296.1	293.8	285.2	284	288.2	294.2	300.1	308.7	318.3	329	341.4	358	376.3	388.5	390.9	390.2	439.9	507	506.8	533.9	610.9	651.3	648.8	658.2	655.5	656.2	658.2	660.4	667.2	682.7	696.6	684.7	662.7	706.7	706.2	699.7	696	694.7	696.9	696.3	698.1	699.4	700.1	698.4	699.5	697.8	696.9	702.4	709.8	709.8	705.4	699.2	696.1	695.8	692.9	691.2	690	690.9	688.3	677.4	681	687	685.6	679.5	673.2	681	684	689.5	695.7
790.5	790.5	790.5	790.5	780	777	785	783.5	780.5	778	772	765.5	758.5	751.5	745	737	730.5	724	720	720.5	721.5	721.5	725	726.5	720.5	718	717.5	718	719.5	721	693.5	666.5	645	630	630.5	636	600.5	545	596	647	650.5	654	655	650	638	635	633	633	629.5	619	604	577.7	558.1	539.6	447.8	382.6	375.4	394.3	406.6	404	400.4	392.9	368.8	344.7	321.8	313.2	305.6	300	293.5	290.2	294.3	303.3	313.8	324.3	327.9	328.9	334.6	335	333.7	333.4	324.7	315.1	302.8	298.8	298.5	302.5	306.6	306.2	309.3	313.4	314.7	314.8	308.7	313	315.2	314.2	315.8	320.1	321.1	318.5	313	314.9	317	315.4	313.3	312.2	312.9	313.5	312.7	312.7	316.4	316	316.9	321.8	321.5	316	314.9	318.8	316.4	309.4	300.6	303.5	308.1	301	290.5	283.5	278.9	279.2	276.2	274	281.1	291.9	299.3	312.2	325.1	335.4	349.5	368.2	381.3	388.2	393.1	376.5	408.3	476.8	518.7	588.2	653	657.6	638.8	646.4	651.2	652.9	655.9	657	663	677.7	695.5	700.7	660.7	691.2	711.1	705	694.7	697.4	701	697.8	694.6	696.5	700.8	700.2	696.8	696.2	695.1	695.6	704.8	711.2	707.6	702.9	700.2	696.5	693	692.1	693.6	693	685.4	678.3	691.8	694.9	688.8	682.3	675.9	681.5	682.9	690.7	696.1
784.5	783.5	782.5	779	776.5	775.5	771.5	767.5	762.5	757.5	753	747.5	741.5	735	730.5	726	721.5	720	720.5	723	723.5	724.5	726	724.5	721.5	719.5	717.5	717.5	693	665.5	648	636.5	631	635	632.5	627.5	626.5	597.5	613	646.5	649	650	649	646.5	641.5	636.5	635.5	628	622.5	617	605	594.4	581.2	552.8	481.6	392.3	369.2	384.6	406.2	412.1	409.4	398.6	373.4	346	329.1	323.1	316.4	306.8	296.9	291	293.4	299.5	306.1	319.7	325.2	326.6	332.1	338.8	338.3	334.3	330.4	319.2	307.3	298.7	297.6	300.8	304.8	305.9	309.2	313	314.6	312.5	312.3	312.1	312.3	312.2	314.2	316.4	317.3	317	316.4	318.4	317.6	319.1	315.6	313.1	315.3	314.2	313	312.9	315.9	315.2	316.2	318.9	321.2	315.7	311.3	310.6	310	302.5	297.7	298.5	299	292.2	282.8	275.9	278.3	280.7	279.7	282.8	290.3	297.8	307.6	321.5	330.8	342.8	360.9	375.9	383.5	391.7	393.1	362.4	392	429.5	488.6	596.8	658.5	658.2	655.9	653	623.4	634.1	655	656.2	660.1	671.1	686.4	698.5	704.1	703.9	703.6	701.5	694.9	697.3	699.1	697.2	696.3	700.2	702.8	703.1	702.5	698.9	698.1	696.1	698.4	706.7	710.5	707.7	703.4	684.5	696.5	696.7	696.7	689.4	685.9	679.5	691.3	695.6	692.7	683.5	678.1	683.8	684.7	694.6	700.4
751.5	749	746.5	744	741	737.5	732.5	730	726	722.5	719.5	719	718	720	722.5	724	724.5	725	728.5	732.5	732	729	721.5	716	720.5	724	721	719.5	686	656	641.5	634.5	635	639	635	632.5	635.5	612	609.5	642	651.5	650	648	646	641	630.5	631.5	627.5	621.5	617	608	586.6	567.1	547.4	537.9	485.1	405.3	391.6	401.7	408.3	416.9	422	411.2	376.4	341.5	327.2	325	320.1	307.8	299	292.8	291.6	296.3	301.1	310	314.5	321.1	330.1	334.9	337.4	337.3	335.7	327	315	305.4	295.5	296.6	302.1	305.5	305.2	310.1	307.9	309.6	308.9	304.5	307.4	309.8	310.7	309.8	310.8	313.6	314.6	314.7	315.8	311.8	311.7	311.7	308.2	308	313.6	313.8	315.1	315	314.6	315.6	315	308.1	302	299.7	298.4	299	284.2	277.5	273.6	269.5	271	271.7	275.5	279.7	283.5	292.9	306.2	319.8	333.6	345.9	361.9	371.7	378	381.8	390.2	399.3	368.4	365.6	431.8	553.3	646.2	663.8	658.4	656.4	653.7	628.5	626.5	654.3	658.7	664.3	667.9	692.4	709.1	710.3	701.3	701.2	695.7	689.9	702.8	702.9	701.1	702.3	709.2	711.2	707.1	704	702.1	698.4	693.9	692.4	700.4	703.5	708.2	714.5	705.8	695.6	703.9	699.2	689.2	690.1	686.2	691.7	693.5	694.2	685.3	691.5	691.3	684.1	695	706
732.5	730.5	728.5	726.5	723.5	720	717	714.5	712.5	712	713	715.5	718	723	726	724.5	723.5	723.5	726.5	732.5	734	726.5	718	717	719	720.5	720.5	683.5	641.5	633	635	630	632.5	634	625.5	617.5	626.5	619.5	605	624.5	646.5	644	644	642.5	633	633.5	633.5	632	619.5	616	616.5	596.9	569.6	543.4	538.7	518.7	438.5	397	394.5	407.4	431.9	438.8	424.3	397.4	349.3	331.9	335.9	329.6	319.4	310.1	299.8	292	291.1	292.9	301.5	308.9	314.2	317.9	322	332.3	336.1	338	332.3	321.2	308.9	301.5	298.9	301.8	303.7	307	306.5	307.1	307.9	307.6	303.5	306.1	305.1	302.2	304.3	310.5	311.2	314.2	312.1	311.8	308.7	308.3	310	309.2	309.7	314.7	312.7	314.8	313.6	313	311.8	305.9	296.9	291.3	293.5	295	288.5	277.4	270.2	268.3	271.1	271.2	276.3	277.2	288.7	297	300.5	315	329.5	341.9	355.7	366.9	374.3	377.5	382.4	390.9	401	386.2	383.3	458.5	560.6	609.7	618.2	621.4	648.7	652.1	653.7	630.4	637.3	658.4	663.1	673.5	690.6	707	702.8	692.5	683	685.8	699.9	707.2	707.3	702.8	701.4	704.5	707	705.3	702	699.5	696.2	694.4	691.7	693.9	697.2	703.3	711.3	711.9	706.2	703.1	697.6	696.3	692.2	697.5	709.5	692.2	693.8	680.7	659.8	660.6	670.6	695.5	708.8
696	696	696	696	696	696	696	696	696	696	696	696	696	696	696	696	696	696	696	696	696	696	696	696	696	696	684	646	619	608	607	607	606	607	596	587	590	604	596	592	612	620	620	615	613	614	611	605	598	597	598	589.9	566.1	535.5	522.9	522.6	504.8	423.9	378.8	390.4	401.5	402.3	386.3	375.2	364.4	360	357	341.2	326.2	310.2	298.7	286.5	274.8	266.3	264.4	263.6	263.1	263.5	260.7	267.5	280.3	293.5	296	295.5	293.8	289.6	288.9	286.4	285.7	287.3	287.1	282.7	284.4	282.7	280.5	280.6	280.9	278.1	275	276.2	279.6	276.9	273.1	272.4	271.2	271.3	272.8	275.8	275	275.8	277.7	276.6	275	268.6	267.7	263.8	255.6	254.9	249.2	242.3	238.4	235.2	237.8	236.8	238.1	240.1	248.8	257.5	270.4	282.8	291.9	306.3	319.9	334.9	343.1	347.2	355.1	359.7	363.1	370.7	377.5	357.7	366.3	484.7	551.3	553.3	569	584	603.1	620.1	620.1	602.9	603.4	630.6	633.3	639	648.6	663	664.4	676.6	661.6	672.5	685.8	688.2	690	688.8	685.8	682.2	682.2	682.8	684	684.6	681.1	683.3	687.9	682.2	681.3	681.9	681.9	685.5	686.7	686.1	681.6	677.1	674.7	677.1	681.3	682.5	682.2	681.9	670	662.5	677.5	677.4	677.7
790.5	790.5	790.5	790.5	790.5	790.5	790.5	790.5	790.5	790.5	790.5	790.5	790.5	790.5	790.5	790.5	790.5	790.5	790.5	790.5	790.5	790.5	790.5	790.5	774.5	744.5	717.5	704.5	699.5	692.5	693.5	697.5	694.5	691.5	684.5	685.5	684.5	688.5	697.5	679.5	686.5	708.5	714.5	709.5	707.5	710.5	706.5	698.5	693.5	690.5	690.5	681.1	650.3	616.9	606.5	617.3	628.7	554.7	490.7	485.2	494.1	495	495.8	488.7	477.5	472.5	464	446.1	429.4	410.3	401.9	389.4	380.2	372.1	362.6	359.2	355.9	352	350.3	352.8	362.1	372.4	381.5	388.1	390.4	387.2	382.7	381.8	382.7	377.2	377.1	375.9	375.9	378.1	376.9	373.3	378	378	375.1	377.4	374.1	372.3	369.7	368.4	367.8	369.4	368.1	368.8	371.3	371.3	370.6	366.1	359.6	355.1	352.4	346.9	343.4	342.3	336.3	331.1	332.8	331.3	330	333.3	337.5	344.8	353.4	365	374.7	386.7	401.2	415	427	437.4	441.3	444.3	453.5	457.5	458.5	461.5	462.4	437.5	489.6	597.6	630.6	633.3	640.7	647.8	661.3	707.6	714.6	718.5	724.8	726.6	729.3	731.5	736.4	744.8	763.7	773.7	770.7	780.9	778.8	778.5	778.2	763.9	744.8	760.2	777	778.5	779.1	780.6	786.9	777.8	780	779.4	778.5	775.2	777	782.7	783.3	778.8	774.6	770.4	768.3	770.9	780.6	778.8	779.1	777.3	776.4	778.2	770.4	764.1	772.2
790.5	790.5	790.5	790.5	790.5	790.5	790.5	790.5	790.5	790.5	790.5	790.5	790.5	790.5	790.5	790.5	790.5	790.5	790.5	790.5	788.5	790.5	788.5	779.5	774.5	744.5	722.5	708.5	702.5	697.5	688.8	693.5	692.5	685.5	684.5	681.5	683.5	679.5	684.5	681.5	671.5	691.5	709.5	712.5	709.5	707.5	709.5	704.5	695.5	694.5	692.5	678.3	651.1	624.3	610.1	610.9	628.7	641.8	564.7	494.7	484.8	491	491.1	494.6	484.2	477.8	476.9	465.5	449.3	436.4	420.9	407	394	380.1	372.3	366.6	360.4	355	350.9	350.2	347.9	350.4	353.7	360	368	373.6	377.2	378.3	380.4	382.3	380.7	379.5	379.8	376	376.8	373.5	373.6	374.5	376.3	376	374.8	374.4	376.1	372.6	371.4	372	368.8	366.2	366.3	364.2	359.8	352.5	347	342.9	338.6	332	328.4	330	331	329.1	330.4	331.1	332.7	337.2	344.2	354.7	361.3	371.1	384.8	398.9	410.8	422.4	432.4	437.3	442	450.4	449.3	451.5	454.6	454.9	456.3	492.2	579.1	616.4	624.4	629.6	638	637.5	634.2	658.3	714.3	718.2	725.7	727.5	729.3	731.7	742.2	759.3	749.3	759.2	771.6	768.6	770.1	768.6	770.1	775.8	769.5	754.3	770.9	777.9	774.6	771.9	774	774.6	775.2	778.2	778.5	772.2	769.8	774.6	774.6	772.2	773.1	775.8	776.4	777	767.9	777	777.3	778.5	773.7	767.7	767.7	755.3	768
790.5	790.5	790.5	790.5	790.5	790.5	790.5	790.5	790.5	790.5	790.5	790.5	790.5	790.5	787.5	790.5	790.5	790.5	771.5	736.5	737.5	752.5	737.5	731.5	717.5	713.5	705.5	700.5	697.5	697.5	693.6	690.5	686.5	685.5	685.5	679.5	674.5	674.5	677.5	686.5	671.5	679.5	702.5	708.5	707.5	704.5	707.5	702.5	695.5	697.5	694.5	683	652.5	619.6	606.1	608.6	622.5	641.3	606.1	522.8	493.8	491.6	492.4	497.7	493.1	488.7	484.8	469.6	458.4	450.2	436.1	420.6	406.8	389.9	375.9	371.4	362.4	359.5	354.7	349.6	348	348.6	348.9	350	352.3	359.6	366.7	371.6	377.9	378.2	379.4	378.4	379.1	375.1	375.3	371.8	366.6	370.8	375.7	373.5	371.4	372.1	373.9	373.9	370.8	367.8	361.9	357.2	354.9	351.5	344.4	340.4	333.6	330.2	331.7	325.8	323.9	328.8	328.9	331.2	335.5	336.7	341.6	344.1	355.8	367.4	377.2	384.7	397.4	413.5	423.4	430.3	437.4	441.4	447	450.2	453.3	455.7	456.1	453.9	454.8	499.1	599.7	617.4	617.1	624.9	633.8	630.1	615.3	621.3	660.3	694.3	695.4	709.8	729.3	731.4	740.1	755.4	772.8	757.3	773.1	768.3	770.7	769.8	771.9	775.8	777.9	780.6	781.5	776.7	770.7	769.5	771.1	774.6	776.7	779.4	782.1	765.1	763.5	768.4	768.7	759.5	771.9	774	775.2	778.5	777.9	775.2	773.1	774	772.2	768	769.2	769.2	765.9
