408	408	408	408	408	408	408	408	408	408	408	408	408	408	408	408	408	408	408	408	408	408	408	408	408	408	408	408	408	408	408	408	408	408	408	408	408	408	408	408	408	408	408	408	408	408	408	408	408	408	408	408	408	408	408	408	408	408	408	408	408	408	408	408	408	408	408	408	408	408	408	408	408	408	408	408	408	408	408	408	388	359	340	323	340	367	376	361	357	384	375	338	348	380	394	399	408	408	395	392	395	368	338	349	360	361	366	359	361	378	377	385	381	389	408	408	408	408	408	408	408	408	408	408	408	408	408	408	408	408	408	408	408	408	408	408	408	408	408	408	408	408	408	408	408	408	408	408	408	408	408	408	408	408	408	408	408	408	408	408	408	408	408	408	408	408	408	408	408	408	408	408	408	408	408	408	408	408	408	408	408	408	408	408	408	408	408	408	408	408	408	408	408	408	408
408	408	408	408	408	408	408	408	408	408	408	408	408	408	408	408	408	408	408	408	408	408	408	408	408	408	408	408	408	408	408	408	408	408	408	408	408	408	408	408	408	408	408	408	408	408	408	408	408	408	408	408	408	408	408	408	408	408	408	408	408	408	408	408	408	408	408	408	408	408	408	408	408	408	408	408	408	408	408	356	331	345	354	332	334	296	266	277	259	248	253	261	255	260	282	322	349	340	315	303	313	326	326	331	320	315	304	276	268	290	312	318	308	289	296	362	408	396	396	408	408	408	408	408	408	396	395	408	408	408	408	408	408	408	408	408	408	408	408	408	408	408	408	408	408	408	408	408	408	408	408	408	408	408	408	408	408	408	408	408	408	408	408	408	408	408	408	408	408	396	387	391	373	383	408	408	408	408	408	408	408	408	408	408	408	408	408	408	408	408	408	408	408	408	408
408	408	408	408	408	408	408	408	408	408	408	408	408	408	408	408	408	408	408	408	408	408	408	408	408	408	408	408	408	408	408	408	408	408	408	408	408	408	408	408	408	408	408	408	408	408	408	408	408	408	408	408	408	408	408	408	408	408	408	408	408	408	408	408	408	408	408	408	408	408	408	408	408	408	408	404	408	408	408	374	333	322	310	324	310	289	270	256	260	263	266	276	274	289	285	257	291	320	305	284	289	269	299	311	309	310	280	256	260	259	275	295	296	283	253	269	339	370	376	353	394	408	408	408	408	405	389	405	408	408	408	408	408	408	408	408	408	403	398	408	408	408	408	408	408	408	408	408	408	408	408	408	408	408	408	408	408	408	408	408	408	408	408	408	408	408	408	408	408	408	377	381	398	381	392	408	408	408	408	408	408	408	408	408	408	392	391	397	399	408	408	408	408	408	408
408	408	408	408	408	408	408	408	408	408	408	408	408	408	408	408	408	408	408	408	408	408	408	408	408	408	408	408	408	408	408	408	408	408	408	408	408	408	408	408	408	408	408	408	408	408	408	408	408	408	408	408	408	408	408	408	408	408	408	408	408	408	408	408	408	408	408	408	408	391	408	408	408	395	361	349	356	323	292	284	264	243	247	246	245	241	266	285	273	287	296	270	282	268	271	266	234	230	233	250	260	281	296	274	277	309	330	274	255	250	238	268	266	227	227	223	231	290	326	323	309	363	397	403	390	378	380	401	408	408	408	408	408	408	408	408	406	381	382	408	408	408	408	408	408	408	408	408	408	408	408	408	408	408	408	408	408	408	408	408	408	408	408	408	408	408	408	408	408	408	408	408	408	408	408	408	408	408	408	408	408	408	408	399	394	387	381	392	408	408	408	408	408	408	408
408	408	408	408	408	408	408	408	408	408	408	408	408	408	408	408	408	408	408	408	408	408	408	408	408	408	408	408	408	408	408	408	408	408	408	408	408	408	408	408	408	408	408	408	408	408	408	408	408	408	408	408	408	408	408	408	408	408	408	408	408	408	408	408	408	408	408	408	408	408	408	403	390	380	340	317	289	267	255	261	253	241	231	219	220.2	246.4	279.4	265.4	228.4	240.4	250.4	261.8	282.4	273	251.2	247.4	203	197.2	227.8	225.6	223	274.2	290.2	261	273	291	315	276.8	247.2	248.2	245	256	260	223	215	213	219	268	306	303	280	330	382	408	408	388	384	390	406	408	408	408	408	408	408	408	408	406	387	408	408	408	408	408	408	408	408	408	408	408	408	408	408	408	408	408	408	408	408	408	408	408	408	408	408	408	408	408	408	408	408	408	408	408	408	408	408	408	408	408	405	408	408	402	390	402	399	408	408	408	408	408	408	408	408
408	408	408	408	408	408	408	408	408	408	408	408	408	408	408	408	408	408	408	408	408	408	408	408	408	408	408	408	408	408	408	408	408	408	408	408	408	408	408	408	408	408	408	408	408	408	408	408	408	408	408	408	408	408	408	408	408	408	408	408	408	408	408	408	408	408	406	404	389	362	371	359	359	369	355	310	281	253	232	237.8	243	280	261	211.2	209.8	216	223.6	225.8	217.6	215.2	238.8	235.8	236.2	246.2	232.2	217.2	202.8	222.2	252.8	256.2	254.6	254.6	235	248	270.6	271	243	220	230	239	229.8	213.6	237	232	205	204	212	211	230	249	267	276	255	295	361	408	408	408	408	408	408	401	398	382	377	381	380	385	396	408	408	408	408	403	405	408	408	408	408	408	408	408	408	408	408	408	408	408	408	408	408	408	408	408	408	408	408	408	408	408	408	408	408	408	408	408	408	408	408	408	408	408	408	408	408	408	408	408	408	408	408	408	408	408	408
408	408	408	408	408	408	408	408	408	408	408	408	408	408	408	408	408	408	408	408	408	408	408	408	408	408	408	408	408	408	408	408	408	408	408	408	408	408	408	408	408	408	408	408	408	408	408	408	408	408	408	408	408	408	408	408	408	408	408	408	408	408	408	408	408	408	408	408	359	345	369	364	350	356	330	274.4	244.8	222.6	208	222.4	240.2	261.4	241.8	211.8	213.2	212.6	221.4	246.4	248.4	242	247	269	266	276	245	222.6	232.6	210	226	261.8	226.6	177.8	197.8	220.4	207.6	195.4	181.8	182.4	215.2	216.4	197.6	215.4	212	216	218	206.8	194.6	194.4	220	276	294	242	255	299	371	408	408	408	408	408	408	396	377	382	399	364	346	383	408	408	408	395	381	404	408	408	408	408	408	408	408	408	408	408	408	408	408	408	408	408	408	408	408	408	408	408	408	408	408	408	408	408	408	408	408	408	408	408	408	408	408	408	408	408	408	408	408	408	408	408	408	408	408	408	408
408	408	408	408	408	408	408	408	408	408	408	408	408	408	408	408	408	408	408	408	408	408	408	408	408	408	408	408	408	408	408	408	408	408	408	408	408	408	408	408	408	408	408	408	408	408	408	408	408	408	408	408	408	408	408	408	408	408	408	408	408	408	408	408	408	408	406	392	330	282	306	326	330	330	324	272.2	237.2	207.8	215.4	224	239.4	243	234	239	216	205.6	220.6	252	250	250	258.6	244.8	229.2	249.6	229	203.6	182	195.8	195.8	194	207.4	173.2	152.2	157.4	188.6	185.2	164	147.4	161	198.4	194.6	196.4	203	173.8	166.6	197	206	202	190.4	191.6	241.8	240	220	239	270	330	360	348	342	341	354	346	389	375	338	337	330	374	404	383	391	391	398	408	408	408	408	408	408	408	408	408	408	408	408	408	408	408	408	408	408	408	408	408	408	404	408	408	399	399	408	408	408	408	408	408	408	408	408	408	408	408	408	408	408	408	408	408	408	408	404	397	383	375	404
408	408	408	408	408	408	408	408	408	408	408	408	408	408	408	408	408	408	408	408	408	408	408	408	408	408	408	408	408	408	408	408	408	408	408	408	408	408	408	408	408	408	408	408	408	408	408	408	408	408	408	408	408	408	408	408	408	408	408	408	408	408	408	408	408	408	408	399	308	256	282	292	290	281.8	265.2	228	232.4	252	248	240	257	242	230	241	218	200.6	204.2	226.8	210.2	194.2	207.2	198.6	178	182.6	170.4	169.6	159.6	177.4	165.2	168.8	194.2	178.6	152.4	140.4	165.6	162.6	144.8	126.4	125	137.4	142.6	138.8	139.8	119.8	114.2	137.2	140	140	141.4	143.8	189.4	215	207.2	226	237	285	319	322	309	332	375	357	387	380	333	310	315	359	378	362	394	404	408	408	408	408	408	408	408	408	408	408	408	408	408	408	408	408	408	408	408	408	408	408	408	402	408	408	408	408	408	408	408	408	408	408	408	408	408	408	408	408	408	408	408	408	408	408	408	408	408	405	391	385	408
408	408	408	408	408	408	408	408	408	408	408	408	408	408	408	408	408	408	408	408	408	408	408	408	408	408	408	408	408	408	408	408	408	408	408	408	408	408	408	408	408	408	408	408	408	408	408	408	408	408	408	408	408	408	408	408	408	408	408	408	408	408	408	408	408	408	408	408	392	368	295	266	244	215.8	198.8	220.8	260	247	228	236.2	246	261	264	264	250.2	221.4	197.2	191.4	206.6	176.8	180.8	203.2	192.4	160.2	157.6	183	164.4	141.4	155.2	141.4	146	169.2	147.6	118.6	132.6	138	121.8	117.4	123.6	121.2	122.4	128	132	120.2	98.6	100.8	102.4	104.4	109	118.2	125.8	134	152.2	161.4	178.6	198.4	209	235	261	313	323	316	352	328	288	294	309	289	299	325	381	408	408	408	408	408	408	408	408	408	408	408	408	408	408	408	408	408	408	408	408	408	408	408	408	408	408	408	408	408	408	408	408	408	408	408	408	408	408	408	408	408	408	408	408	408	408	408	408	408	408	408	408	408	408
408	408	408	408	408	408	408	408	408	408	408	408	408	408	408	408	408	408	408	408	408	408	408	408	408	408	408	408	408	408	408	408	408	408	408	408	408	408	408	408	408	408	408	408	408	408	408	408	408	408	408	408	408	408	408	408	408	408	408	408	408	408	408	408	408	408	408	392	381	377	291.8	265.2	239.8	222.6	221	237	253	239	221.6	223.8	227.6	226.8	237	231.2	224	211.4	164.8	155.4	187.4	165.8	152	170.6	178.2	138	145.4	166.8	135.6	130.6	146.8	133.8	132.8	141	119.6	110.8	112.8	114.8	109.8	109.4	118.2	117.8	114.6	113.8	120.2	117.4	95.8	98.6	99.2	95.6	101.4	98	94.6	98.4	94.4	97	103	114.6	125.8	156.4	207.2	267.4	309.2	323	349	325	274	287	295	252	256	313	352	385	408	408	408	408	408	408	405	408	408	408	408	408	408	408	408	408	408	408	408	408	408	408	408	408	408	408	408	408	408	408	408	408	408	408	408	408	408	408	408	408	408	408	408	408	408	408	408	408	408	408	408	401	403
408	408	408	408	408	408	408	408	408	408	408	408	408	408	408	408	408	408	408	408	408	408	408	408	408	408	408	408	408	408	408	408	408	408	408	408	408	408	408	408	408	408	408	408	408	408	408	408	408	408	408	408	408	408	408	408	408	408	408	408	408	408	370	359	373	373	340	302	292	283	249.2	264.2	244.6	233.4	231.6	235	211.2	213.2	215	200.8	188.4	173.4	174.8	176.8	165	166	161.4	123.2	132.4	161.2	149.4	148.6	160.6	131	121.4	128	120.8	115.6	123	135.8	164.2	150.8	111.6	111.4	110.4	106.2	108.4	115	117	115	112.4	100.6	100.4	102.4	95.2	103.8	99.4	96.4	99.2	94.2	93.4	94.6	87.6	84	87.6	91.8	99.4	112.4	122	147.2	198.8	245.2	263	253	242	252	256	216	204	262	277	267	332	376	396	408	408	408	408	408	408	408	408	408	408	408	408	408	408	408	408	408	408	408	408	408	408	408	408	408	408	408	408	408	408	408	408	408	408	408	408	405	408	408	408	408	408	408	408	408	408	408	390	366	357
408	408	408	408	408	408	408	408	408	408	408	408	408	408	408	408	408	408	408	408	408	408	408	408	408	408	408	408	408	408	408	408	408	408	408	408	408	408	408	408	408	408	408	408	408	408	408	408	408	408	408	408	408	408	408	408	408	408	408	408	408	399	331	324	352	333	306	262	243.6	217.6	202.6	236.8	222.8	194.4	177.4	163.8	149.2	150	150.4	141.8	139.4	141.2	149.6	157.4	147.8	146.4	143.4	118.8	120.2	140.2	124.8	122.6	126.6	109.4	110.4	114.8	106	97	115.2	132.4	155.6	138.6	104.6	104	116.2	112.6	111.4	119.4	129	123	108	105.2	102.2	101	94	101	98.4	102	101.6	94	93.4	110.4	101	88.8	86.2	85.2	88.6	99.4	110.4	116.2	135.4	165.2	208.4	235.2	230	232	233	202	194	227	238	228	274	338	375	398	408	408	408	408	408	408	408	408	408	408	408	408	408	408	408	408	408	408	408	408	408	408	408	408	408	408	408	408	408	408	408	408	408	408	408	405	408	408	408	408	408	408	408	408	408	408	408	391	375
408	408	408	408	408	408	408	408	408	408	408	408	408	408	408	408	408	408	408	408	408	408	408	408	408	408	408	408	408	408	408	408	408	408	408	408	408	408	408	408	408	408	408	408	408	408	408	408	408	408	408	408	408	408	408	408	408	408	408	399	354	295	249	241	237	233	224	216	206.6	167.6	157.4	180.8	168.8	155.8	150.4	146.2	132.6	125.4	128.6	131.4	134.8	136	139.8	143.4	149.2	153.4	152	130.6	112	104	96.8	96	95.6	83.2	92.6	89	84.4	88	94.8	133.4	133.8	103	92.8	95.2	104.2	101	104.4	111.6	116.6	114	109.2	109.8	105.6	100.2	94.2	93.4	94.8	98.6	93.6	85.8	85.2	94.2	89.2	87	90.6	87.8	86.6	85.4	97.4	108	115.4	119	139.2	184.4	190	185	188	189	188	202	228	213	206	233	280	349	402	408	408	408	408	408	408	406	405	408	408	408	408	408	408	408	408	408	408	408	408	408	408	408	408	408	408	408	408	408	408	408	408	408	408	408	408	408	408	408	408	408	408	403	403	404	408	408	408
408	408	408	408	408	408	408	408	408	408	408	408	408	408	408	408	408	408	408	408	408	408	408	408	408	408	408	408	408	408	408	408	408	408	408	408	408	408	408	408	408	408	408	408	408	408	408	408	408	408	408	408	408	408	408	408	408	408	398	368	317	260	227	213	210	215	210.2	174	161	147.8	154.2	158	147.8	144	141	124.4	119.6	118.2	112.4	118.4	118.4	123.4	119.6	118.4	124.2	141.2	154.4	147.4	134.6	129	125.2	121.6	113.6	97	108.6	96.8	90.8	96.8	94.8	112.4	112.8	100.8	89.4	88.4	91.8	92.6	95.6	98.6	104.6	105.2	106	112.8	111.4	109	108	104.4	105.6	103.6	103	97.4	98.2	97.4	93.8	90.2	86.4	81.2	86	90	95.6	102	106.6	109.4	119.2	153.4	198	185	182	184	182	190	215	211	198	215	263	333	396	408	408	408	408	408	408	408	408	408	408	408	408	408	408	408	408	408	408	408	408	408	408	408	408	408	408	408	408	408	408	408	408	408	408	408	408	408	408	408	408	408	408	399	408	408	408	408	408
408	408	408	408	408	408	408	408	408	408	408	408	408	408	408	408	408	408	408	408	408	408	408	408	408	408	408	408	408	408	408	408	408	408	408	408	408	408	408	408	408	408	408	408	408	408	408	408	408	408	408	408	408	408	408	408	408	370	294	238	212	199	194	192	191	191	179.8	140.8	122.2	111.6	120.2	135.2	130.4	118.4	115.8	108.6	103.8	104.2	93	97.8	101	98.4	98.2	93.6	101.2	109.6	114.2	126.2	125.4	124.2	122	126	118.8	104.2	103	100.4	95.2	91.4	87.8	102.6	99.2	87.4	83.4	78.6	79.4	80.6	86.6	86.4	81	83.2	91.4	99.2	101.4	101.6	102.8	106.2	106.6	106.8	105.6	98.4	100.4	97.6	92.2	89.6	88.4	81.4	78.4	81	87	89.4	97.4	102.8	103.8	114	161.6	174	178	178	180	182	185	191	196	195	223	309	382	408	408	408	408	408	408	408	408	408	408	408	408	408	408	408	408	408	408	408	408	408	408	408	408	408	408	408	406	401	405	402	408	408	408	408	408	408	408	408	408	408	408	408	408	408	408	408	408
408	408	408	408	408	408	408	408	408	408	408	408	408	408	408	408	408	408	408	408	408	408	408	408	408	408	408	408	408	408	408	408	408	408	408	408	408	408	408	408	408	408	408	408	408	408	408	408	408	408	408	408	408	408	408	408	408	374	299	235	228	203	197	197	187	151.8	115.2	103.8	107	110.2	109.4	106.6	98.4	91.8	92.2	90	88.2	84.2	78	77.2	75.4	73.6	77.8	81	92.6	96.2	94.6	103.4	99.6	102.2	108.6	118.4	122	127.4	134.4	126.2	117.6	113	100	106	112.2	107.2	104.2	95.2	89.4	92.2	103.6	99.4	90.6	89.6	91.4	92.6	92	88.6	90.2	96.2	99.2	107.6	110	100.6	101	101.2	93.6	92.2	90.4	91.4	86.2	78.2	82.2	84	85.2	87.2	96	103.4	126.6	157.8	171.8	178	181	187	182	183	191	191	203	247	312	373	403	408	408	408	408	408	408	408	408	408	397	408	408	408	408	408	408	408	408	408	408	408	408	408	408	408	406	395	402	408	408	408	408	408	408	408	408	408	408	408	408	408	408	408	408	408	408
408	408	408	408	408	408	408	408	408	408	408	408	408	408	408	408	408	408	408	408	408	408	408	408	408	408	408	408	408	408	408	408	408	408	408	408	408	408	408	408	408	408	408	408	408	408	408	408	408	408	408	408	408	408	392	345	335	322	257	211	203	195	182	178	174.2	130	103.2	96.8	95.4	100	99.4	96.8	94.6	89.2	85	84.2	85.4	84.2	75.4	70.8	69.2	68.6	69.2	70.8	75.4	81	90.2	96	89.2	87.2	93	102.8	108.8	117.8	126.4	124.4	115.2	111.8	106.6	101.4	94.8	99.2	99.4	98.4	99.6	103.2	104.4	100.4	97	98.6	98	93.2	93.2	92	91.4	88.6	91.4	100.4	105	100	98	100.2	96.8	91.4	87.4	89.6	88.4	83.8	82.8	84	87.2	89.2	87.8	93	102.6	126.6	150	163.8	180	183	181	187	191	189	184	189	205	234	274	349	384	373	395	408	408	408	408	408	408	408	408	408	408	408	408	408	408	408	408	408	408	408	408	408	408	408	408	408	408	408	408	408	408	408	408	408	408	408	408	408	408	408	408	408	408
408	408	408	408	408	408	408	408	408	408	408	408	408	408	408	408	408	408	408	408	408	408	408	408	408	408	408	408	408	408	408	408	408	408	408	408	408	408	408	408	408	408	408	408	408	408	408	408	408	408	408	408	408	401	373	311	282.6	230.6	180	157.2	154.4	157	167.2	159	117.8	101	94.4	87.4	93.6	101.2	99.6	90	86	82.2	80.6	78.6	80.6	76	77.8	77	77.2	80.2	83	89	87.2	86.6	86.4	79	68.8	63.8	69.8	76.2	83.2	86.6	99.8	114.2	123.2	127	119.8	104.8	88	85.8	86.4	89.6	94.4	98.4	96.2	95.4	92	95	97.2	96.4	96.2	93	86.6	80.2	79.2	83.2	86.2	86.4	90.4	91.6	88.6	85.4	80.8	80.8	80.4	79.6	80.4	80.4	84.8	94.6	100.8	95.8	96.2	101.4	108.6	117.2	133	162	187.2	187	187	181	180	196	203	238	282	341	401	397	406	408	408	408	408	408	408	408	408	408	408	408	408	408	408	408	408	408	408	408	408	408	408	408	408	408	408	408	408	408	408	408	401	398	408	408	408	408	408	408	408	408	408
408	408	408	408	408	408	408	408	408	408	408	408	408	408	408	408	408	408	408	408	408	408	408	408	408	408	408	408	408	408	408	408	408	408	408	408	408	408	408	408	408	408	408	408	408	408	408	408	408	408	408	408	399	367	319	261	231.4	180.4	132.4	148.4	141.2	124.2	142.4	136.4	109.8	106	100.4	92.8	93.4	98	92.6	82.8	77.8	78.8	78.2	74	72.4	74.6	76	75.8	76.4	74.4	78.4	82.8	88.2	92.2	88	77.6	70	64	60.8	60.6	68	72.8	76	92.2	112.2	121.2	130	118.4	104.6	98.4	91.4	87.8	92.4	92.6	91	89.6	83	82.6	85.6	90.2	89.6	88.8	84.2	78.4	77	77.2	77.2	74.2	77.6	78.6	77.4	77.2	72.8	77.6	82	83.2	82.4	80.2	80.2	88	93.4	97.6	107	109.6	114.2	117.2	122.6	133.4	152.4	170.8	181.8	190	184	195	219	231	267	287	368	408	408	408	408	408	408	408	408	408	408	408	408	408	408	408	408	408	408	408	408	408	408	408	408	408	408	408	408	408	408	408	408	408	408	404	408	408	408	408	408	408	408	408	408
408	408	408	408	408	408	408	408	408	408	408	408	408	408	408	408	408	408	408	408	408	408	408	408	408	408	408	408	408	408	408	408	408	408	408	408	408	408	408	408	408	408	408	408	408	408	408	408	408	408	408	408	391	331	284	227.4	162.4	136.2	131.2	134	110.6	117.2	104.6	99.6	103.8	97.2	99.2	99.2	98.4	87.4	80.4	79.2	78.6	76.8	74.8	72.8	74.2	72.2	71.6	72.2	71.8	69.2	69.8	71.8	76.8	79	87.2	96.6	101	95	81.4	69.8	61.6	54.4	52	56.6	65.8	79.8	102.2	117.6	124.4	126.2	116.8	102.2	100.6	99.4	94.6	92.6	91	90.2	85.4	83.2	85.4	86	80.6	79.2	83	80.6	77.8	73.8	69.6	70.6	70.2	73.6	74.2	75.8	79.8	82.4	79.4	82	88.4	92.4	87.2	84.2	95.2	101.2	103.4	106.8	111	114.4	125	143	155.2	167.2	174.4	183.4	201	218	240	267	339	408	408	408	408	408	408	408	408	408	408	408	408	408	408	408	408	408	408	408	408	408	408	408	408	408	408	408	408	406	396	402	408	408	408	408	408	408	408	408	408	408	408	408	408
408	408	408	408	408	408	408	408	408	408	408	408	408	408	408	408	408	408	408	408	408	408	408	408	408	408	408	408	408	408	408	408	408	408	408	408	408	408	408	408	408	408	408	408	408	408	408	408	408	408	404	362	305	260	227	181.4	127	102.8	114.4	117.6	97.2	107.6	97.2	88.2	89.6	87.6	90.2	87	83.2	77.8	75.8	77.6	77.6	74.6	70.8	71.8	71	70	69.4	65.4	63.8	67.8	68.6	67	67.6	70.8	71.8	82.2	92.4	99.2	95.8	83.2	76.6	67.6	52.8	48.8	51.8	55.6	65.6	82.2	104	119.4	120.8	113	103.8	101.8	99	97.4	92.8	92.4	90.6	87.4	89.4	85	78	79.6	82.6	80.2	74.4	71.2	72.8	72	68.4	71.8	73.6	71	75.2	78.2	74.2	79.4	85.6	82.6	84.4	88.4	88.6	90.4	93.2	97.6	98.2	107	115.4	129.2	149.8	164.8	178.4	188	196	221	253	227	266	348	408	408	408	408	408	408	408	408	408	408	408	408	408	408	408	408	408	408	408	408	408	408	408	408	408	408	408	397	376	402	408	408	408	408	408	408	408	408	408	408	408	408	408
408	408	408	408	408	408	408	408	408	408	408	408	408	408	408	408	408	408	408	408	408	408	408	408	408	408	408	408	408	408	408	408	408	408	408	408	408	408	408	408	408	408	408	408	408	408	408	408	408	397	380	360	306.2	212.2	160.2	125.6	97.2	91.2	110.6	100.2	97.2	85.2	84.8	89	80.4	79.8	81.2	76.6	73.6	72.4	71.2	69.4	66	66.8	67.4	64.6	61.2	61.6	60.8	55.2	52.4	52.2	52.8	52.2	54.4	56.8	58.6	65.4	69	76.6	85.2	95.8	106.2	101.6	90.6	75.4	61.6	49.6	46.8	49.4	59.2	79.2	98.6	111.8	118.2	120	114	104.2	98	97.6	96.8	100.6	103	100.4	96	94.6	93.4	90.6	87.4	78.2	77.6	78.4	73.8	80.4	84.4	83.2	82	79.6	76.2	77.8	74.4	73.2	76.6	84.2	90.2	93.4	94.6	90.2	91.4	92.4	92.4	94	108.6	136	172.2	201	191	223	256	224	281	345	399	408	408	408	408	408	408	408	408	408	408	408	408	408	408	408	402	408	408	408	408	408	408	408	408	408	408	406	388	408	408	408	408	408	408	408	408	408	408	408	408	408	405
408	408	408	408	408	408	408	408	408	408	408	408	408	408	408	408	408	408	408	408	408	408	408	408	408	408	408	408	408	408	408	408	408	408	408	408	408	408	408	408	408	408	408	408	408	408	408	408	402	303	248	232	187.2	177.2	145.4	107.2	90	78.8	98.2	95.6	85	78.4	83	84.4	78.8	77	75.8	74.4	72	68.6	64	60.4	60.4	62.2	64.6	60.8	56.8	53.8	52.6	49.8	46	45.2	43	42	40.2	43.4	49.8	56.2	60	64	71.8	78.6	93.6	104	104.2	98.4	84.4	70	53.8	48.4	48.2	53.8	67.6	86.6	101.6	115.2	116.6	107.6	103	104.4	101	99	98.4	102.6	104.8	100.8	101.8	98.6	97.4	90.4	87.4	87.4	79.6	80	83.4	83.4	82.6	80.2	79.6	79.2	76.6	76	78.6	79	83.6	90	96.8	96.4	92.2	90.6	94.4	95.4	95.2	105.2	138.2	186	213.4	225	208	203	245	324	389	377	385	408	408	408	408	408	408	408	408	408	408	408	408	408	401	404	408	408	408	408	408	408	408	408	399	398	408	408	408	408	408	408	408	408	408	408	408	408	408	408	408
408	408	408	408	408	408	408	408	408	408	408	408	408	408	408	408	408	408	408	408	408	408	408	408	408	408	408	408	408	408	408	408	408	408	408	408	408	408	408	408	408	408	408	408	408	393.6	392.4	391.8	334.4	257	215.4	161.4	133.2	128.4	94.4	84.8	79.8	81.8	97.2	86.8	78.8	85.4	83.2	75.2	75.8	70.4	63.8	67.2	65.6	63.2	64	59.2	56.6	56.2	54.4	51	43.8	37.8	37.8	40.2	29.8	28	25.8	27	26.2	26	29.4	39.6	41.4	46.8	56.4	58.8	71.2	86.6	89.2	95.4	101.8	100.2	87	74.8	63.6	48.6	43.8	46.4	50.6	62.2	76.8	89	98.8	108.4	111.4	111.6	106.2	103.8	99	92.8	94.8	97.6	103.2	104	106	105.6	100.8	95.4	90	91.2	91	97.2	93	90.6	92.2	93.6	95.8	91.4	90.8	91.2	95.8	98	100.4	102.8	105	106.2	99	99.2	121.4	145	180.4	205	185.8	186.2	224	322	391	371	390	408	408	408	408	408	408	408	408	408	408	408	408	408	408	402	403	408	408	408	408	408	402	394	402	408	408	408	408	408	395	408	408	408	408	408	408	408	408	408	408
408	408	408	408	408	408	408	408	408	408	408	408	408	408	408	408	408	408	408	408	408	408	408	408	408	408	408	408	408	408	408	408	408	408	408	408	408	408	408	408	408	408	408	408	397.8	380.8	345.8	375.6	367.8	289.2	210.2	143.8	123.4	96.4	76.8	68.2	71.4	80.2	94	85.4	75.4	81.4	84.4	79.8	77.8	72.8	64.4	61.6	56.6	57.2	59.8	57.2	56.2	53.6	50.4	45.4	40.8	35.2	34	39	32.8	23.6	24.4	22.6	22.8	22.4	21.8	26	28.6	31.6	39.8	47.4	59.8	71.8	81.6	89.2	90.4	94.8	95.2	91.8	84	65.8	52.2	49.2	45.8	45.4	54.2	64.6	77.2	89.2	98.8	107.2	105.6	103.8	99	93.4	93.4	97.4	102.2	102	105.4	104.4	98.4	97	96.6	93.8	93.8	101.8	101.2	101.8	99.8	96	97.6	94.6	93.6	90.2	88.2	90.4	98.6	98.8	96.8	95.2	93.4	94.2	107.2	130	146.8	187.4	191.8	184.4	204.6	249.6	361	408	408	408	408	408	408	408	408	408	408	408	408	408	408	408	408	408	405	408	402	399	406	405	397	406	408	408	408	408	408	408	398	384	376	376	376	403	408	408	408	408	408
408	408	408	408	408	408	408	408	408	408	408	408	408	408	408	408	408	408	408	408	408	408	408	408	408	408	408	408	408	408	408	408	408	408	408	408	408	408	408	408	408	408	372	340.2	342	350.2	294.8	288.2	264	198.6	140.8	109.8	95	82.2	75.6	70.8	71.6	79.2	85	74	76	79	76.4	76	70.6	60.8	58.6	53	49.6	53	52	47.6	46.4	45	43.8	41.8	39	32.8	28.8	32.4	33	26.6	27	23.8	23.4	21.8	21.6	20.6	18	19.6	24.2	30	33	40.6	52.8	63	72	80.2	90.6	97.8	104.2	97.6	92.4	81.8	66.8	54.6	51.2	49.4	50	50.6	56.6	67.6	78.4	85.6	87.6	88.6	91.6	96.8	97	97.8	98.8	100.2	101.2	102	96.2	96.8	103.2	105	100.2	98	92.4	85.4	82.6	84.4	84.6	82.2	78.6	79	80.6	80.8	79.4	74.2	78	81.4	83.8	96.4	111.2	151.6	167.4	160.2	158	184	289.2	366	406.2	408	408	408	408	408	408	408	408	408	408	408	399	401	408	408	408	408	403	390	408	408	408	408	408	408	408	408	408	408	408	395	366	366	382	408	408	408	408	408	408
408	408	408	408	408	408	408	408	408	408	408	408	408	408	408	408	408	408	408	408	408	408	408	408	408	408	408	408	408	408	408	408	408	408	408	408	408	408	408	408	408	397.2	350.4	325.2	345	311.4	236	215.4	157.8	107.2	96.6	93.6	87	79.8	72	67.4	68.4	79	86	77.8	80	82.6	78.2	76.6	67.6	58.6	56.8	52.4	52.6	53.2	51.4	49	46.8	44.4	40.6	38.2	37	33.4	30.4	30	31.4	29	24.8	22.6	25.2	24.6	21.8	19.6	19	19.6	21.8	31.6	32.8	28.2	31	43.8	55.6	67.6	78.4	88.8	94.8	95.8	100.6	101.6	90	76	64.8	52	50.2	47.4	48.6	55	65.6	74.2	81.4	81.6	78.4	84.6	85.2	86.2	87	92.2	94	94.6	98	100.8	103.8	95.8	93.4	89.6	78.4	71.4	67.8	67.2	71.2	70.2	72	75.8	76.8	73.2	70.2	68.8	71.6	72.8	77.2	80.6	87	102.4	130.2	138.2	149.4	139.4	201.6	306	380.4	408	408	408	408	408	408	408	408	408	408	408	408	408	408	408	408	408	408	408	408	408	408	408	408	408	408	408	408	408	408	408	408	408	408	408	408	408	408	408	408
408	408	408	408	408	408	408	408	408	408	408	408	408	408	408	408	408	408	408	408	408	408	408	408	408	408	408	408	408	408	408	408	408	408	408	408	408	408	408	408	397.2	328.8	324	395.4	375.6	258.6	244.6	199.6	111.6	92.6	89.6	87	85.2	84.8	84.8	85	88.4	88	78.6	73.4	81.2	80.4	74.2	67.8	60.6	56	51.2	49.4	50.2	48.2	50.2	46	42.8	39.8	40	37.6	34	34	33.6	33.4	32.8	32.4	28.4	26.8	26	25.2	24.2	22.6	20.8	21.8	23	28.8	31.8	29.8	26.2	28.6	29	30.8	37.6	44.4	49.6	56.4	67.6	81.4	94.4	96.6	91	82.2	78	73	65.8	62.8	65	67	73.8	78	76.2	76	73.6	78.4	78.6	79.2	80.2	84.4	87.4	92.4	89.8	88.2	89.4	80.2	70.2	59.4	50.6	45.8	44	44.4	47.2	52.2	56.6	58.8	55.4	59.2	60.4	59.8	60.6	62.6	63.8	70.4	75.4	78.8	91.6	95.4	134.4	225.6	284.4	323.6	384.6	403	401	408	408	408	408	408	408	408	408	408	408	408	408	408	408	408	408	408	408	408	408	408	408	408	408	408	408	408	408	408	408	408	408	408	408	408	402
408	408	408	408	408	408	408	408	408	408	408	408	408	408	408	408	408	408	408	408	408	408	408	408	408	408	408	408	408	408	408	408	408	408	408	408	408	408	408	401.4	336	334.2	368.4	327.2	251.6	185.8	169	149.4	117.8	89.6	87.8	83.2	84	85.6	86.2	90.6	93.4	89	76.4	75.4	80.8	80.6	73.2	63.4	57	55.2	54	52.2	48.2	46.2	46	41.6	36.6	33.6	36.6	34.8	35.2	39.6	34.6	30.8	33.6	30.6	30.6	28	23.2	27.8	27.6	23.6	23.4	23.6	25.8	28.8	33	34.8	32.6	32.2	28.4	27.6	26.8	32.8	37.8	47.2	57.4	70.6	79.8	85.6	90.4	91.2	88.8	79.6	71.2	69.8	68.6	70.2	77.2	81.6	81.4	75.6	78.6	80.4	83.4	88.6	88.6	85	89.2	91.2	86.8	85.6	80.6	73.2	64.8	54.4	49.4	44.8	45	44.2	46.2	49.6	50.2	51.2	52.6	57.2	57.2	53.6	52.4	52.4	50.2	56.6	60	58.2	59.4	68.6	78.6	87.8	118.4	165	239.6	274	316	394	408	408	408	408	408	408	408	408	408	408	408	408	408	408	408	408	408	408	408	408	408	408	402	405	406	408	408	408	408	408	408	408	408	408	408
408	408	408	408	408	408	408	408	408	408	408	408	408	408	408	408	408	408	408	408	408	408	408	408	408	408	408	408	408	408	408	408	408	408	408	408	408	408	391.2	325.2	314.4	339.6	311.4	257.2	206	175.4	136.2	108.6	92.6	77.8	76.4	81.6	81.8	84	89.4	93.2	94	77.6	70.8	72.4	78	75	63.8	53.4	52.2	52.2	48.8	48.4	43.8	44.4	42.2	37.4	35.6	35.8	34.6	34	37.2	40	37	30	33	32	30.8	30.4	26.8	26	29	28.4	27	27	27.6	32.4	33.6	35.4	36.4	33.6	32.6	32.4	34	35.6	36.4	41.2	42.4	45	48.4	53.4	64.8	70.2	76.6	77.2	74.2	72	71.2	71.8	75.2	79.6	77.8	78.4	79.8	78.4	82.6	81.6	80.2	79.8	78.6	80.4	79.8	76	75.6	74.2	67.4	63	65.2	61.6	51.8	43.6	42	43.4	44.4	42.8	45.4	45.8	48.2	47.8	44.8	47	49	52.8	57.6	59.2	61.4	64.4	64.2	71.8	89.2	108.4	131.2	179.4	242.8	330	408	408	408	408	408	408	408	408	408	408	408	408	408	408	408	408	408	408	408	408	408	408	408	408	406	398	408	408	408	408	408	408	408	408	408
408	408	408	408	408	408	408	408	408	408	408	408	408	408	408	408	408	408	408	408	408	408	408	408	408	408	408	408	408	408	408	408	408	408	408	408	408	408	367.8	315	310.8	315.6	302.6	226.6	151	128	125.6	98.6	85	81.6	69.2	72.8	77.4	77.2	82.4	87.2	91.4	78.4	69.4	66.2	69.4	68.8	62	52.4	51.2	48.2	45.8	44.8	43.2	42.8	40.8	36	34	33	35.4	37	34.8	37	39.4	34	31.6	36	31.6	32.8	31.4	29.8	31	30	28.8	29.8	33.4	35	37.8	36.4	33	34	35.6	36	37	38.8	36.6	39.2	39.8	41.2	44.4	48.6	54	64	71.4	75	74.4	73.4	71	66.6	65.4	65.2	68.8	73.2	73	76.6	84.4	79.2	73	69	69.6	75	79.2	73.6	73.2	67.8	63.2	60.4	64	64.6	60.8	54.4	50.2	47.6	48	44.8	43.2	42.8	44.2	49.8	52.4	52.2	51.8	48.2	52	55	55.6	58.8	58.2	61	79.6	115.6	147	168	201	230	268	324	368	385	394	408	408	408	408	408	408	408	408	408	408	408	408	408	408	408	408	408	408	408	408	408	408	408	408	408	408	408	408	408	408
408	408	408	408	408	408	408	408	408	408	408	408	408	408	408	408	408	408	408	408	408	408	408	408	408	408	408	408	408	408	408	408	408	408	408	387.6	373.8	333	310.2	312.6	315.6	316.2	282.8	205	147.6	120.2	112.2	103.4	101	99	85.6	79.2	72.6	65.2	64.4	72.8	75.2	72.2	66.8	63.8	63.2	62.4	57	50.2	47.8	45.8	44.2	44.2	44.8	41.8	33	33	34	33	31.6	35.4	30	32.4	38.8	35.8	33	37.2	34	30.4	30.6	34.8	35.4	34	31.6	36.4	38.6	38.6	37.6	37.4	32.2	32.2	32.6	37	38.6	34	30	34	36.4	35	35.6	36.4	37.8	41.2	49.2	63.4	73	76	70	61.4	58.8	57.4	57.6	56.4	59.2	63.2	68.8	75.4	75.8	71.6	67.2	67.2	65.4	64.8	60.4	55.8	51.4	48.6	49.8	53.8	58	62.4	60.4	59.2	55.4	52.6	50.8	50.2	52	55.2	58.2	54	47	45.2	46.6	44.6	44.6	49.2	46.6	52.2	76	104.8	141.8	180	205	241.6	243	242	311	364	390	408	408	408	408	408	408	408	408	408	408	408	408	408	408	408	408	408	408	408	408	408	408	408	408	408	408	408	408	408	408
408	408	408	408	408	408	408	408	408	408	408	408	408	408	408	408	408	408	408	408	408	408	408	408	408	408	408	408	408	408	408	408	408	408	393	370.8	346.2	324.6	316.2	320.4	321	280.4	209.6	162.4	135.6	111	101.4	100.6	99.2	92.4	90.2	84.4	75.4	71.6	66.8	66.2	70.4	71.6	66.8	66.8	66.8	58.4	49.2	45	43.6	45.4	47.8	44	40.2	37.8	35.2	31	31.6	29.6	26.8	32.4	28.6	30	39	39.4	31.8	33	36.6	33.4	31.8	35.8	43	40	37.8	40.6	46	46	43.4	42.6	36.6	40.2	39.8	39.2	42	39.6	35.6	37.8	38.8	36.4	36.4	34.6	38.2	37	38.8	49	64.2	72.6	67.8	63.4	63	60.6	60.6	61.2	60.4	61.4	68.6	74	78.2	80.8	76.2	73.4	68.8	61.8	57.8	54.8	52	52	49.6	47.8	47.8	53.6	55.8	57.6	56	52.8	50.4	48	46.4	45.8	47.8	45.2	43.8	42.6	41.2	42.2	41	41.8	42.8	49.8	55.6	66.2	79	118.8	140.4	202.4	241.4	210	227	305	375	408	408	408	408	408	408	408	408	408	408	408	408	408	408	408	408	408	408	408	408	408	408	408	408	408	408	408	408	408	408
408	408	408	408	408	408	408	408	408	408	408	408	408	408	408	408	408	408	408	408	408	408	408	408	408	408	408	408	408	408	408	408	400.8	363	340.2	341.4	330.6	324.6	325.2	328.2	333	275.8	205.6	171.8	143.4	116.8	108.8	110	107.2	104	102.4	95.8	92.8	91.4	79.6	67	69	67	65.8	68.2	61.6	53.4	49	42	44	45.8	46.6	40.8	39	37	35.2	33	33	28.8	27.4	34.8	28.6	31.8	39.4	42	36.6	36.6	41.2	39.6	35.6	36.8	47.8	50.8	48.4	51.4	52.4	51	47	44.4	40.6	44.6	49.4	54	47	43.4	44.8	44.8	42.8	41.6	44.8	50.4	54.6	56.4	56	54.6	60.8	66.4	69.8	70.8	71	65.6	63.6	63.4	65.4	65	71.2	75.8	81	90.4	91.2	92.2	85.6	81	76.6	70.8	63.6	62.2	58.6	55.6	53	50.6	46.8	47.4	47	49	48.2	47	43.2	43	40.8	40.8	38.8	39	37.2	38.2	40.6	43	47.2	48.8	52.8	59.2	73.6	89.4	96.8	115	155.8	200.8	221	282	363	406	408	408	408	408	408	408	408	408	408	408	408	408	408	408	408	408	408	408	408	408	408	408	408	408	408	408	408	408	408
408	408	408	408	408	408	408	408	408	408	408	408	408	408	408	408	408	408	408	408	408	408	408	408	408	408	405	402.6	402	408	408	408	389.4	349.2	335.4	337.2	331.2	324.6	312	250.2	195.2	164	166.8	160.4	130.4	114.6	105.4	106.4	108.6	105.4	101.6	100.6	101.8	97.6	90.4	74.2	73.6	69.8	61.2	66	59.4	50.8	47.2	44.2	43.6	46.4	42.8	39	34.2	34.8	33.2	30.6	32.2	28	27.4	33.8	32	30	38.8	45.4	45.4	40.2	46.2	50.2	44.6	39.6	47	52.4	53.4	57.2	60	57.6	54	51	47.6	54	67.8	70	65.6	57.4	54	51.8	57	61.2	61.2	65	69.8	70.2	70	68.2	66.2	68.8	69.8	73.4	75.4	72.4	71	70	70.4	69.8	69.6	68.8	70.8	75.6	82	88.2	87.6	90.6	86.2	81.4	71.6	67.4	64.2	58.4	55.4	52.4	49.2	44.4	42.4	41.8	44	43.8	44.2	41.8	42.2	41.6	44.2	42.2	39.2	39.2	37.6	38.6	40.8	43.6	46	52.4	61.4	70.2	85.6	102	131.4	181.4	235.6	263	320	384	408	408	408	408	408	408	408	408	408	408	408	408	408	408	408	408	408	408	408	408	408	408	408	403	406	408	408	408	408
408	408	408	408	408	408	408	408	408	408	408	408	408	408	408	408	408	408	408	408	408	408	400.8	388.2	384	380.4	378.6	370.8	366.6	367.8	361.8	346.8	333.6	333.6	334.2	327.6	327	327.6	305.2	225.4	168.4	145.2	139.4	126.6	120.2	106.8	99	93.4	91.2	93.2	95.2	93.2	94.6	96.8	86.6	75.4	77	66.2	67.6	65.4	56.4	51.4	45.8	45.4	51.2	51.4	46.8	42.4	37.8	35	32.8	32.8	31.6	28	30.4	38.4	33	33.6	41.2	48	52.4	46.4	52	52.4	50.4	45.6	50.6	55.4	61.4	66	68.6	67.8	65.4	58.2	50.6	56.4	66.4	74	69	63.8	61.6	62.2	69.2	80	81.2	80.8	78.6	76.8	75.6	74.8	70.6	68	68.4	72.8	76.4	80.4	83.8	87.2	80.6	72.2	68.8	64.8	63	67.6	71.4	71.2	68.2	76	76.4	74.2	75.8	75	69.2	61	54.2	48.8	45.2	41.4	38.8	37.6	39	35.2	36.6	37.4	36	36.6	35.4	34.6	34.8	36.6	36.8	38	38	42	47.8	53.2	56.6	64.4	74.6	87	129.4	148.6	184.2	263	301	352	392	408	408	408	408	408	408	408	408	408	408	408	408	408	408	408	408	408	408	408	408	408	404	396	408	408	408	398	408
408	408	408	408	408	408	408	408	408	408	408	408	408	408	408	408	408	408	408	408	408	402	391.8	408	400.8	384	372	365.4	361.8	359.4	351	338.4	331.2	327.6	327.6	329.4	329.4	328.2	303.6	224.4	171	144	121.6	113	106	101.2	97.2	95.6	92	86.2	86.6	91.6	91	88.4	90.4	82.4	78.2	72.6	65.8	65.8	61.6	54.4	51.2	45.8	50	53.6	48.6	45.4	42.4	37.4	36.2	32.8	34	34.2	34.8	41	44	40.2	46	52.8	58.2	61.8	56	53.4	63	64	61.2	63.2	72.4	80.8	77.4	78.4	82.6	82.2	71.2	64.4	69.6	76.6	88.4	80.8	76	86.6	85.2	83	87.2	92.8	85.8	79	82	79.8	73.2	70.8	68.4	67.6	72.4	77.8	82.4	88.6	87.2	78	69.6	67	68.2	69	70.8	69	64.8	65.4	72	75	69	71.6	74.6	68.2	63.2	56.2	46.2	42.4	41	37.2	32.4	32.8	30.6	31	30.6	32.8	36.4	35.8	34.4	33.6	35.4	34.8	38.2	41	43	47	51.8	64	81.2	88	91.6	97.4	107.6	164.6	238	252	319	376	408	399	369	383	408	408	408	408	408	408	408	408	408	408	408	408	408	408	408	408	408	408	408	408	408	408	408
408	408	408	408	408	408	408	408	408	408	408	408	408	408	408	408	408	408	408	408	393.6	374.4	393.6	392.4	378.6	374.4	383.4	383.4	366	340.8	334.2	335.4	333.6	332.4	327	326.4	328.8	333.6	277.4	230.2	174.2	145.2	138	130.8	121.2	114.8	106.4	103.8	101.6	93.2	88.2	87.2	76	71	67.4	71.2	76.2	66.8	69.8	65	56.4	50.8	48.4	50.6	57.2	53	49.2	49.4	42	38	36.4	36.2	36.8	34.2	37.8	50	46.4	44.8	57	63.4	65.8	62.4	60.4	57.2	66.4	69.2	67	65.2	74.4	88	85.6	80.8	85.6	84.2	74	63.6	72.8	90.4	88.4	84	83.8	90.6	92.8	87	90.6	92.4	87.2	79.6	79.8	75.6	64.8	61.8	62.6	61.2	61.8	66.2	68	75.4	85.6	84.2	77.2	68.8	64	62.2	61.6	58.8	58.8	58.2	58.8	61.8	57.6	54.6	50.8	48.8	48.2	44.2	39.4	37	37.4	36.6	34.2	34.6	32.4	32.8	32.8	37.6	35.4	37.6	40.2	35.8	34.6	37.8	39	40.6	44.8	46	53	59.4	72	80.8	81.2	89	93.8	117.6	164.8	211.4	294	376	404	392	374	387	408	408	408	408	408	408	408	408	408	408	408	408	408	408	408	408	408	408	404	399	408	408	408
408	408	408	408	408	408	408	408	408	408	408	408	408	408	408	408	408	408	408	408	393.6	392.4	391.2	375.6	373.8	375.6	384.6	379.2	362.4	337.8	331.2	330.6	331.2	333	329.4	327.6	329.4	329.6	297.6	237.6	166.2	145.4	123.8	120	122.6	116	109.8	103.6	96.4	91.4	85.4	85.4	78.8	69.8	65.2	66.6	75.2	68.8	69	67.4	61.4	54	50.2	52.6	53.8	52.4	49.6	49	40.8	39.8	40.8	40	43.2	41.8	39.2	50.2	55.6	50.4	60.2	70.4	75.6	74.2	71.6	75.4	80.6	87.6	88.6	82	82	94.8	103.8	96.2	96.4	97.8	93	88.6	86.4	100.8	103.2	105.8	113.6	106	99.6	99.8	108.2	111.6	107.4	99.2	86.4	83.8	79.4	76.4	69.2	70.2	65.2	62.2	69	76.4	85.4	87.2	79.4	72.8	67.8	64.2	65.4	60.4	59.8	56.4	55.8	55.6	58.6	55.2	50.4	48.6	44.8	42.4	41	38.2	38	38.2	37.2	35.2	36.6	37.2	37.2	40	38	38.6	37.2	32.4	34.8	37.8	39	39.6	42.4	47	54.2	56.4	55.2	57.6	59.2	67.4	81.6	102.2	125.6	153	199.8	311	376	397	408	408	408	408	408	408	408	408	408	408	408	408	408	408	408	408	381	385	384	381	392	397	405	408	408
408	408	408	408	408	408	408	408	408	408	408	408	408	408	408	408	408	408	388.2	376.2	396	403.8	393.6	385.2	375.6	361.2	342	325.2	318.6	319.8	322.2	318	320.4	321	326.4	329.4	333.6	319.6	269	222.6	187	149	116.6	109.8	116.2	119.6	110.4	97.6	90.4	87.2	83	83	77.2	69	66.6	66.8	74.2	76.6	74.2	68.6	65.8	56.4	50	51.4	52.6	54.2	52.6	47.4	45	45.6	45	42.4	45.4	46.2	45.2	53	63.2	64.2	67.6	77.8	83.8	86.8	83.8	82.4	86.6	93.4	97.2	91.2	91.2	101.4	108.6	106.4	106.8	106.6	105	104.2	93.8	104.6	106	112.2	121.4	113.2	105	106.6	107.4	110.8	110	103.8	92.4	91.8	90.8	84.6	78.8	81.2	79.4	73	69.4	69.8	78	77.4	73.6	76.8	73	66.2	62.2	60.4	61.6	60.6	60.2	54.4	53.4	50.8	46.8	45.8	47.6	45.8	46.2	45.6	44.2	41.8	39.6	37.6	36	37	37.4	38.4	42.2	42	36.8	36	39	42.4	43.2	45.6	49.8	52.6	52.8	54.2	51.4	53.2	51.2	57.6	68.8	85	100.4	103.2	129.4	237	347.8	401	408	408	408	408	408	408	408	408	408	408	408	408	397	405	408	408	392	390	397	398	408	408	404	403	408
408	408	408	408	408	408	408	408	408	408	408	408	408	408	408	408	408	408	382.8	375.6	389.4	400.8	396.6	382.8	361.2	346.2	336.6	322.8	318.6	318	318	315	314.4	318.6	324.6	328.8	308.4	250	214.2	204.4	206.2	159.6	117	100.2	104	115.2	110.8	98.8	90.4	83.8	81.4	74.8	71.6	70	69	65.8	70.8	78.6	75.4	69.6	65.4	59.8	52.8	50.4	50.8	53.2	52.6	49.8	49.2	52.4	53.2	52	51.8	52.4	56.4	68.6	80.8	82.8	83.2	86.6	99.8	109.8	105.8	99.8	99.2	99.8	104	106.4	97.6	103	123.8	124.8	124	123.2	114.2	109.4	114.4	114.2	118.2	115.6	113.6	122.8	128.4	123	124.8	127.8	118	111.2	110.2	104.2	99.8	93.4	85.8	89.2	94.8	90	80.6	77	78.6	76.6	78.4	84	82.4	77.6	72.8	72.8	71.6	70.6	70.2	63.8	60.8	55.8	52.6	49.6	46	46.2	44.6	42.4	42.2	43	41.2	36.6	36	40	38.8	37.2	43.6	47.8	40.2	39.8	41.8	43	43	45.6	46.6	49.8	49.8	49.6	50.4	50.6	51.2	56.2	62.2	76.4	97.6	101.8	110.8	170.4	280.2	400.8	408	408	408	408	408	408	408	408	405	408	408	391	388	408	408	408	408	408	408	408	408	408	408	408	408
408	408	408	408	408	408	408	408	408	408	408	408	408	408	408	408	408	395.4	372.6	361.2	366.6	363.6	346.8	339.6	333.6	327.6	327.6	324	319.8	319.8	319.8	316.2	316.2	318.6	323.4	320.4	274.6	233.4	201.4	197.6	179.2	142.4	113.2	103.4	102.4	100.6	101.8	95.2	91	85.6	75.8	70.8	67.6	65.4	67.8	68	73	88.2	78.6	62.8	62.8	59	53.6	56	58	55	56.4	54.6	56	58.8	55.4	57	58	59.6	68.4	76	83.8	96.2	97.2	90.6	106.8	114.6	112	108	112.8	106.8	107.6	116.8	112	119.4	135.4	134.4	132.2	127	121.4	119.4	121.4	123.6	123.8	118.4	110	115.6	126.8	121.4	120.8	122.8	116.8	107	105.8	107.8	98.4	95.2	91.6	93	99.6	97.6	93.8	88.6	86.4	81.6	74.6	75.8	82	84.6	83	81.6	74	68.6	68	65.2	60	57.6	55.4	52.2	48	42.6	38	36.8	36.2	36.8	38	40.8	40.8	41.8	43.2	42	41.2	41.6	40	39	44.4	46.2	45.8	44.8	42	41.2	45	47.2	50.4	59.4	60.6	57.4	60.2	71.4	85.6	97.4	107.6	136	237.6	350.4	389.4	408	408	408	408	408	408	408	408	408	408	405	404	408	408	408	408	408	408	408	408	408	408	408	408
408	408	408	408	408	408	408	408	408	408	408	408	408	408	408	408	408	408	379.2	354	357	358.2	346.8	334.2	332.4	328.8	333	324	319.8	324.6	318.6	313.8	313.8	314.2	279.6	260.4	246.2	206.6	192.6	156.4	123.6	109.4	96.2	96	99.4	99.8	95.6	92.6	89.4	85.4	78.6	76.4	70.6	64	65.6	68.2	72.6	89.6	90	73	65.4	59.4	52.8	55.6	60.4	58	60	65.6	69	75.4	74.8	74.2	82.8	86.2	93	97.6	100.2	113.4	117.4	113.4	116	137.2	142.8	142.8	139.8	131.6	134.2	143.6	134.6	144	167.4	162	147.2	145	143.4	128.4	122.2	144	152.6	139.8	133	122.4	125.2	123.6	128.4	137	128.8	130.8	127.8	116.6	114.2	113	107.6	113.6	115.4	115.6	114.2	102.4	100.8	99.6	90.6	87.4	93.2	100.8	99.2	95	88.6	84.4	82.6	78.8	66.4	59.6	55.4	51.4	49.8	44	38.8	38.2	36.8	34.6	36.2	39	41.8	41.8	41.2	40	41.2	40	35.8	34.8	41.4	45.2	43	44.4	44.4	43.2	44.2	46.4	48.2	51	52.2	54.8	58.4	65.8	72	76.6	92.6	103.4	154.2	271.8	353.4	405	408	408	408	408	408	408	408	408	408	408	408	408	408	408	408	408	408	408	408	408	408	408	394
408	408	408	408	408	408	408	408	408	408	408	408	408	408	408	408	408	396.6	363.6	346.8	355.2	346.8	337.8	337.2	326.4	328.2	320.4	312.6	316.2	315	314.4	315.6	316.2	295.6	280.4	241	197.6	180.4	148	122.4	101.4	94.4	97.2	96.4	90.2	92.6	89	83.2	80	76	77	77.6	71.4	62.8	62.8	65.6	73.8	89.6	84.2	73.8	69.2	62.4	56.4	62.2	62.8	62.2	63.6	71.4	78.6	77.2	75.8	86.6	93.6	92	96.8	102.6	111	127.2	122.8	107.6	121	147.2	151.8	154.8	155.4	143.4	137.4	141.8	147.8	160.4	176.8	175.2	156.4	151.2	149.2	139.6	134.4	147.8	156.4	149	142.4	132.4	135	130	129.4	148.4	153	148.4	145.8	137.4	128	125.4	124	115.8	117.8	118.2	120.6	116.2	105	104.2	100.8	102.6	103	107.6	108.6	105	102	93.4	91.4	88.4	80.6	72.6	65	57.6	53.8	46.8	43.2	42.2	38.8	35.4	35.2	34.6	35.6	37.4	37.4	37.6	39	37.8	37.6	36.6	37.8	41.4	41.8	44.4	46.2	45.6	48	49.6	46.6	44.8	45.8	46.8	50.4	56.6	60.8	66.8	72	82	111.4	178.6	255.8	338.6	378	403	408	408	408	408	408	408	408	408	408	408	408	408	408	408	408	408	408	408	408	408	405
408	408	408	408	408	408	408	408	408	408	408	408	408	408	408	408	408	391.2	363.6	357.6	353.4	336.6	333	337.2	320.4	321	316.8	310.8	312.6	315	314.4	298	280.6	241	201.6	143.6	109.4	95.8	100.6	99.2	88.8	84.2	88.8	89.6	81.2	79	80	75.6	70	70	74.4	73	70.6	61.2	58.2	66.4	71.8	85.4	82.6	71.2	69	66.4	61.4	69	71.6	74.4	82	92.8	105.8	103	103.6	117.6	130.8	118.4	125.2	136	139.4	151.2	163	155.2	147.8	170.6	179.4	181.4	177.6	167.4	163.6	163.2	166.8	169.4	176.6	168	156.8	168.2	173.6	161.4	165.6	169.4	168.8	160.8	167	167.2	155.2	163.4	174.2	172.2	171.2	172.6	164	149.6	142	140.2	147.8	152.2	143	137.4	135.2	132	122.8	121.2	128.4	128.8	126	128	127.2	117.4	112.6	108	102.6	97.6	90.8	84.2	73.4	64	56.2	49.2	46	44.4	40.6	38.8	36.4	35.6	35	35.4	35.8	36	35.2	35.2	37.2	35.8	37	38.2	39.4	42.4	43.6	45	44.2	49.2	45.6	43.8	43.2	43.8	46	49.4	53	56	59.2	69.8	84.6	124.4	217.2	291.2	340.2	386.8	408	408	408	408	408	408	408	408	408	408	408	408	408	408	373	374	390	408	408	408	408
408	408	408	408	408	408	408	408	408	408	408	408	408	408	408	408	382.8	357.6	371.4	353.4	322.2	320.4	320.4	312.6	312	312	310.8	315	318.6	315.6	316.2	294.2	256.4	207	159.6	120.6	94.4	89.4	101.2	95	80	81.2	86.6	83.6	78	71	64.6	65.4	68.2	69.4	70.8	63.4	57.6	56.8	56	65.8	79.2	79	71.4	73	70.6	66.4	72.2	77.2	77.8	86	94.6	115	115.4	111.6	120.8	138.2	139.8	130.6	140.2	145.4	152.8	171.4	173	161.2	165.8	184.4	194.2	197.2	190	178.4	174.8	162.6	162.4	185.8	196.2	181.6	179.8	181.8	187.8	172.2	166.4	166.2	170.6	174.8	182.2	176.6	166.4	177	186.4	182.8	177.6	176.6	173.8	160.2	152	155	167.6	172.4	161.8	159.4	149.8	140.8	133.4	129.6	134.6	132	126	127.8	133.4	122.6	116.6	119.2	113.6	104	92.8	87.2	81.8	71.4	61.2	51	46.6	43	38	38	36.2	33.8	35	35	33.2	36	35.6	37.2	36	39	38.4	37.8	41.8	43	45	43	44.4	43	43	42	38.8	37.2	40.2	42.2	46.2	50.6	53.6	63.4	74.8	92.8	172.6	269.2	336.8	391.2	408	408	408	408	408	408	408	408	408	408	408	408	408	408	387	389	397	408	408	408	408
408	408	396	399	408	408	408	408	408	408	408	408	408	408	408	408	376.8	353.4	369.6	349.2	320.4	318.6	312	314.4	318.6	312	310.2	320.4	312.2	314.4	315.6	266.2	186	122.4	102.6	108	102.4	92.2	80.2	74.6	74.4	77.8	83.4	81.8	79.6	72.8	66	64.8	64	65.2	66.6	62.4	59.8	56.8	53.2	57	73.2	79.8	71.6	73.2	74.2	74.6	80.4	90.2	97.6	113.4	123.8	144.4	148.4	136.4	145	156.2	163	159.8	169.2	168.2	168.6	183	196	192.8	192.4	201	217.2	230.6	220	194.4	187.2	185.4	183.4	192	214	216.6	203.6	202.8	211.2	195.8	171.8	168.8	182	190.4	190.8	188.4	189.2	190.2	188.2	188.4	189.8	189.2	181.2	179.6	183.2	186.2	189.6	192.8	190	186	176.8	167.4	162.2	151	151.8	155.8	153.6	149.8	153	150.6	143.6	137.8	132.8	121.8	110.8	100.2	98.8	93.6	76.2	64.4	54.4	45	40	37.4	36.2	33.8	34.2	33.6	34.2	36	33.8	37.4	37	38.4	39.4	40.2	41.4	42.4	41.4	40.8	41.4	40.4	40.4	39	40	38.4	38.8	38.2	40.2	43	48.6	55.6	64.4	76.4	118.2	204.8	324.2	385.2	408	408	408	408	408	408	408	408	408	408	396	375	383	408	408	408	408	408	408	408	408
408	408	395	405	408	408	408	408	408	408	408	408	408	408	406.2	367.8	344.4	348.6	340.8	324	321	316.2	322.2	327	318	310.8	322.2	324	312.6	311.4	296.6	202.4	137.8	112.6	99.8	104	102.2	93.4	81.6	70.6	68.6	74.6	73.6	69.2	67.6	68.6	65.2	61.4	55.4	53.8	51.4	56.4	58.2	59.8	60.6	69	82.2	80.6	69.2	72.6	74	86	90	91.2	102	123.8	144.4	162.2	152.8	148.2	161.6	167.6	165.8	168.4	179.2	177	187	202	209.2	201.8	206.4	207.6	220	236.2	225.6	203	201.8	197	187.6	193	217.8	230.6	224.2	221.8	225.4	213.4	180.8	183.8	190	184.4	184.2	191.6	196.6	199.6	192.8	189.4	193.4	185.6	175.8	182	190.6	192.6	190.8	190	189.8	195	190.8	178	176.2	169.2	158.6	158.6	164.8	165.8	163.2	157.6	151.2	143.2	139.6	131.2	119.8	111.2	112.8	108.4	93.2	80.6	66.8	55.4	45.8	38.8	36.6	32.8	36	35.6	36.8	38.8	38.2	36.8	39.2	40.4	42	46.2	49.2	46.2	46	43.2	42	41.4	41.8	38.8	38.2	38.8	39.6	41.8	42	44.4	49.4	55.6	60.2	73.8	101.6	154.8	259.2	357.6	397.8	408	408	408	408	408	408	408	408	408	390	373	376	408	408	408	408	406	391	391	394
408	408	408	408	408	408	408	408	408	408	408	408	408	408	405	370.2	346.2	345.6	336.6	326.4	328.8	319.8	325.2	328.8	316.8	314.4	324	324.6	318	298	262.4	191.6	131.8	121.4	112.6	97.6	84.6	79.8	74.4	69	63.8	68.4	68.6	61.2	57	59.2	65.4	63	59.4	56.4	57.8	59.6	62.4	62.2	62.4	68.2	81.6	87.4	75.8	78.6	85.2	97	112.8	127.4	145.4	159.8	171.4	183.4	171	168.2	186.8	196.2	195.2	189.6	197	198	207.2	222.2	232.4	223.2	220.8	228	227.8	250.4	246	226.2	222.4	217	206.8	208.2	223.2	249.2	248.4	241.6	233.4	231.2	211.2	194.2	197.8	195	193.2	203.8	209	207.6	207	198.8	191.4	187.8	187.2	193.8	200.4	202.8	197.8	194	194.4	198.8	200.8	189.4	184.2	183.6	177.8	170.2	164.6	164.6	167	165.2	160.4	157.6	155	151.2	145.8	133.2	124.2	122	113.6	95.4	83.8	72.2	56.4	44.8	40	37.8	35.6	37.2	39.4	40	39.4	39.4	39.4	40.2	42	45.6	50.2	50.8	47.4	47.2	44.6	43.2	42.6	41.8	40.8	39.4	38.8	38.2	41.4	43.8	46	49.6	51.2	54.8	61.4	78.4	115.2	196.2	301.8	403	408	408	408	408	408	408	408	408	408	408	408	408	408	408	408	408	375	360	378
408	408	408	408	408	408	408	408	408	408	408	408	408	408	390	360	340.2	325.2	325.2	341.4	336.6	322.2	326.4	310.2	307.2	311.4	310.2	309.6	310.2	263.2	245.6	209.6	144.6	120.8	96.8	86.6	78.4	71.4	72.6	73.8	76.4	73.8	67.6	59	53.4	51.4	53.4	55.6	55.8	57.8	59.8	60.6	63.6	60.6	64.4	69.8	80.4	82.6	79	83	96	107.2	119.6	145.2	161.8	174.6	184.8	184	166.8	169.4	188.8	200.6	196.8	193.8	200.8	202.8	214.4	230	234.6	219.4	224.4	231.4	234.6	251.2	247.2	233.2	230.4	219.4	207.8	213	223.8	244.4	251.8	251.4	242.8	238.2	232.4	204.4	201.2	210	201.8	200.4	206.4	204.8	204.8	194.2	198.8	198.2	197	196.8	195.4	204.8	200	192.4	194.6	198.4	201.6	197.4	185.4	183.8	179.8	175.6	168.4	161	160.8	163.2	157.4	157.4	157.2	152.8	148.2	136.2	125.8	114.6	107	92.8	86.2	78.2	66	52.2	46.2	41.4	38.4	39.2	41.8	41.8	42	40.8	42	44.2	45	49.2	51	52	53.4	49.8	47.8	45.6	46.8	48.4	47.2	48.6	45	43.6	42.4	45	47.6	48.4	50.2	55.4	60.2	65.8	84.6	128.6	216.8	343.2	403	408	408	408	408	408	408	408	408	408	408	408	408	408	408	408	391	370	398
408	408	408	408	408	408	408	408	408	408	408	408	408	408	397.2	363.6	338.4	320.4	324.6	344.4	337.8	322.8	322.2	306.6	304.8	303	301.2	304.8	303	299.4	259.4	203.4	153.8	130.4	92.8	73.6	73.4	69.2	68.8	67.4	68.8	67.4	65.8	63.8	63.8	58.6	54.6	57.4	57.2	54.6	51.8	54.4	57.6	58.8	62.6	68.4	78.2	90.8	96.6	107.4	125.6	145.6	153.6	165	176.2	188.4	197.6	198.6	191.2	187.6	201.6	204.8	208.4	203.4	210.8	215	218	228.6	239.4	228.6	226	232	234.4	246.2	242.8	238.4	241	233	213	216.4	225.6	239.4	252.6	257.2	260	251.2	243.4	227.6	216.6	221.8	226.6	218.4	212.2	205.2	205.2	202.4	208.8	213.6	210.2	208.6	205.4	203.2	206	205.4	201	199.6	203.6	203.6	198.8	195.4	190.8	185.4	181.8	177.4	176.4	170	168.6	171	170.6	166.4	163.2	155.4	147.8	141.2	130.8	119.8	105.8	100.6	95	76.2	63	52	45.8	45.8	43	43	45.4	45.6	45.6	39	41.2	49.6	49.6	48.6	48.2	49.8	49.8	50.4	53.4	52.4	44.6	46	50.8	48	45.6	43	42	45	46.6	48.4	51.2	57.4	64.4	81.8	109.2	189.4	323	389	408	408	408	408	408	408	408	403	408	408	408	408	408	405	408	408	404
408	408	408	408	408	408	408	408	408	408	408	408	408	408	379.8	348	318.6	322.2	339.6	331.2	316.8	315.6	310.2	305.4	305.4	304.8	307.8	312.6	310.8	310.2	275.6	188.8	138.6	89.6	70.4	67.8	65.8	63	57.8	62	59.6	57.8	63.4	59.8	57.8	55.6	53.8	52.6	51.6	49.2	46.6	49.6	56.4	57.4	65.6	74	85.4	99.2	113.6	134	153.4	162.8	172.6	179	193	201.6	199.4	200.4	200.2	208.2	215.6	217	213.6	210.4	220.6	222.4	227.4	236	242.4	232.2	232	238.2	237.4	250.2	248.4	238.2	244	233.2	218.2	216.2	227.8	235.8	253.6	257.4	252.4	252.2	244.2	234.4	227.6	225	225.4	225.4	222.4	212.2	208.6	213	215	220.8	221.6	221.6	220.6	213.4	206.6	204	202.6	201.6	198.2	196.8	200.8	201.6	196.2	191.6	187.2	183.8	175.6	172	170.6	166	166.4	161.6	158.4	153.4	142.8	136.8	133.6	125	114.8	112.2	106.6	88	73.8	61.2	53.8	51.2	46.6	46.2	43.6	44	45	46.2	45.2	44	43	46.2	46.8	47.2	47.8	49.6	51.6	50.2	48.4	49.6	54.6	54.6	54	50.8	44.6	43	45	48.4	48.6	53.6	64	75.8	114.6	224.2	345	408	408	408	408	408	408	408	404	391	403	408	408	408	397	388	388	399	408
408	408	408	408	408	408	408	408	408	408	408	408	408	408	378.6	345.6	319.8	318.6	335.4	328.2	314.4	313.8	310.8	308.4	310.8	312.6	313.8	313.8	312.6	309	209	140.4	126.4	103.2	76.6	71.6	67.2	62	62.8	64	63.8	55.8	57.6	54.6	51.6	50.4	46.6	43.2	43.4	45.6	46.2	48.4	54	61.4	70.4	84	110	137.4	154.8	170.2	187	191.2	198.6	203.2	208	215.4	219.6	222.8	217	218.4	227.8	230	230	220.6	228	229.2	236.4	240.6	247.8	244.2	236.2	247.6	251.2	248.8	254.2	248.8	248.4	247.4	232.6	229	233.8	245.2	249	257.4	246.8	254.6	257	244.2	240.2	227	223	231.6	233.2	228.4	222.6	219.4	221.2	222.6	228.2	231.2	230.8	228	217.8	212.4	209.4	202.2	201.8	200.8	199.8	204	202.6	192.6	187.6	187.8	180.6	174.4	173.4	168	168.8	165.6	161.8	156.6	150.2	146.6	142.4	135	128.4	124.4	118.8	107	92.6	77.8	66.2	60.8	54.6	48.4	46.4	45.2	43.6	47.8	48.4	46.4	44.8	43.6	47.4	45.6	47.2	48.6	47.4	49.6	50.4	49.8	48.4	54.6	57.4	57.8	52.8	49.6	47.2	46.6	51.4	55.8	59.4	65.6	87.6	143	229.2	339	397	408	408	408	408	406	399	396	404	408	405	398	387	382	392	406	408
408	408	408	408	408	408	408	408	408	408	408	408	408	406.2	360	327	324.6	327	321	319.2	310.2	308.4	315.6	306	301.2	306.6	307.8	304.8	303	292.4	185.6	126.8	107.8	96.6	74.4	67.8	69.8	63.4	59.6	63.6	56.6	55.2	56.4	48	45	42	43.6	43.2	44.4	46.8	50.4	57	63.4	68.4	78.6	98.6	127.6	155.8	167.6	188	199.8	212.6	220.2	222.2	229.2	228.8	226.4	224.4	220.2	224	233.2	236.8	238.2	234.6	237.8	238.4	252	253	244.8	240.4	240.4	247	251	256.4	256.4	257.4	251.6	249.4	251.2	241.2	235.6	246.2	239.2	246	246.2	247.4	260.8	258.8	248.2	242.6	234	227.6	234.4	237	229.8	224.4	218.8	217.6	227	228.8	230.8	234	230.4	226.2	221.8	212	209.8	211.6	207.8	204	206.6	197.6	189.2	187.2	185.2	179.4	180.6	176.6	173.4	169.4	163.8	157.8	155	149.8	146.4	137	130	124.8	117.8	111	97.8	83.4	71.4	63.2	56.6	52.8	50	47.8	47.2	47.8	51	52.8	47.8	45.4	44.2	47.4	49.6	50.8	54	53.2	52.6	50.4	51.4	48.6	49	54.6	57.6	57.4	55.8	52.6	57	59.6	60.2	64.2	77	94	131	253	381	408	408	408	408	408	408	408	408	408	408	408	397	396	406	408	408
408	408	408	408	408	408	408	408	408	408	408	408	408	408	370.2	333	328.8	328.8	322.2	316.2	306	305.4	318	304.8	295.2	299.4	302.4	260.6	217.2	171.8	132.2	106	77.8	70.2	67.6	68	67.4	61.6	58.2	61	55.8	53.8	57.6	45.6	42	45	43	47.4	46	50.4	53.4	60.8	70.6	82.2	111	149	173.6	187.6	198.2	213	224.2	231.4	235.8	233.8	237	239.8	235.8	233.4	232	227.6	229.6	236	244.8	241.6	245.8	248.4	252	253.8	256.4	250	241	242.2	245	253.6	256.4	258.4	257.8	251	254.4	252.4	245.2	249.8	243.6	244.2	248.2	246.6	250	260.4	254.4	256.2	251.2	240	236.2	235	233.2	233.8	227.6	224	220.4	227.2	235	236	235.4	233	227.2	220.6	218.6	219.6	216.2	210	205.4	208.2	204	190.8	187.4	185.6	187.6	186.4	177.2	171	171	166.4	162.8	161	155.6	148	142.4	135.6	129.8	125.6	119.4	106.2	95.2	80.6	64.2	56.6	54	50.4	48.8	47.2	48.4	49.4	50.4	52.2	46.8	48.8	49.4	49.8	49.8	52.6	50.8	52.2	51.6	48.6	46.2	50	54.4	55.2	53.2	53.4	54.4	54.4	57	63.8	70	85.6	104	168.8	323.8	408	408	408	408	408	408	408	408	408	408	408	408	408	408	408	408
408	408	408	408	408	408	408	408	408	408	408	408	408	392.4	342	333.6	327.6	324	319.2	307.8	303.6	312.6	309.6	300.6	301.2	299.4	297.6	263.6	207.8	151.4	128.6	95.2	68.2	61.6	60.2	63.8	65.6	64.2	64.4	62.8	57.8	62.2	60.6	52.6	49.2	48.6	47.2	48.4	50.4	54.4	58.6	68.4	80.4	99.2	136.2	170.8	187.4	196.6	208.6	219.8	231.2	236.8	237	234	233.2	238.6	243.2	238.6	239.6	239.6	241.6	242	246.6	248.2	250.8	254.8	261	258.2	256	248.6	245.2	246.6	246	254.6	256.6	256.2	264.8	267.8	257.6	254	252.4	255.4	248.8	238.8	246.4	255.2	246.4	250.6	253.2	255	254.4	251.2	245.2	238.2	237.8	246.8	242.2	229.4	225.6	226	225.6	226.6	229.2	232.8	231	225.2	226	226.2	221.4	218.2	207.6	208.8	208	199.8	189.8	185.6	181.6	184.6	186	178.6	176.4	173.6	169.4	167.4	162.8	154.4	149.6	148.8	141.6	134.4	130.2	121.4	104.8	89.4	75.6	58.8	51.8	51.6	47.6	46.4	49	53	56.2	56.4	57.6	57.4	53.4	49.8	48.2	47.4	48.4	46.8	45.6	46	44.4	46.4	48.4	51.4	51	50	50.2	50.8	53.8	61.6	71.8	84	102	153.8	292.4	408	408	408	408	408	408	408	408	408	408	408	408	408	408	408	408
408	408	408	408	408	408	408	408	408	408	408	408	408	391.8	337.8	325.2	322.2	324	319.8	309.6	309.6	310.2	307.8	302	296.2	307.2	296.6	261.4	232.6	147.4	94.6	79.8	76.6	64.8	61.4	58.2	61.2	58.4	58.4	60.4	57.8	60.2	61.2	53.6	50	48.4	47.4	49.2	52.2	56.4	64.4	82.6	104	138.2	174	197.8	206.4	216.4	222.8	232	235.8	238	239.4	235.2	235	243	247.4	241.2	244.4	249.8	247.8	250.2	257.2	255.2	258.8	261	261	267	263	254.2	250.4	256	255	260.4	264.4	263	269.6	275.8	265.6	258	264.6	266.8	255.8	243.4	247.2	259.6	258.6	255.2	260.6	259.8	261.4	259.6	251.8	247.4	249.2	247.6	243.4	237.2	230.8	231	234	229.6	229	230	234.4	228	228.2	229.2	223	218.6	212.2	205.8	201.6	200.8	195.2	189.8	182.6	179.6	183.6	180.6	173.4	170.6	167.8	167	164.4	157	151.4	152.2	151.2	144.2	138.4	133.6	121.4	108.8	92.4	77.2	63.6	52.4	52.2	49.8	47.4	51.4	54.2	57.4	59.2	59.8	56.8	57	51.4	48.6	47.6	44	42.6	42.4	40.2	43.8	46	49.6	54.4	51.2	49.2	50.4	53.4	59.8	65.2	74.6	90.4	117.2	241.4	395	408	408	408	408	408	408	406	408	408	408	408	408	408	408	408
408	408	408	408	408	408	408	408	408	408	408	408	408	361.8	323.4	322.8	322.8	320.4	312.6	314.4	318	312.2	312.6	299	289.8	303	292.6	258.2	229.2	167.6	97.6	81.6	73.6	64.8	64.8	64.6	63.4	61.4	63.4	64.2	59.4	58.4	53.6	46.6	45.4	45	49.2	53.4	57.4	61.8	68.6	84.4	112	154.4	184.4	203.2	212.8	223.2	229.2	235.2	240.4	246.4	247.8	247.2	244	249.8	250.2	237.2	245	256.4	258.6	256.6	264.2	266.4	259.6	264.4	263.4	264.8	262	256.8	258.2	265.6	263.8	266.8	262	259.2	266.4	275.6	280	270.6	268.6	266	254.4	247.2	246.6	253.4	254.4	258.4	260	256.2	257.4	257.6	253	257.8	253.2	247	245.2	244.2	244	238.2	237.6	237.4	234.6	232.6	227	224.2	223.4	221.6	220.6	214.8	208.4	206.2	201.6	192.2	191.4	188.6	175.6	163.8	164.2	161.2	156.4	154.2	153.6	148.8	153.6	154.4	147.2	146.8	145.6	140.2	141.6	139.4	130.2	115.4	100.8	84.2	68.4	56.6	54.4	52.4	52.6	52	53.6	58.8	60	59.8	59.2	57	55.6	52.6	48.2	44.6	41.6	41.4	41.4	41.8	43.8	46.4	50.2	51.2	50.6	53.2	57.4	57.6	60.8	73	91	111.6	237.4	392	408	408	408	408	408	408	392	408	408	401	408	408	408	408	401
408	408	408	408	408	408	408	408	408	408	408	408	406.2	366.6	328.8	324.6	323.4	316.8	309.6	312.6	322.8	316.2	307.8	302.4	300.6	287.2	265.2	272	214.6	104.4	77.4	69.8	63.6	62.8	62.6	63.8	64.6	65.2	68.2	65.6	54.8	53.4	50.2	46	46.2	47.4	47.4	50.4	57	69.6	88.2	114.2	142.6	174	201	214.8	221	228.8	233.2	236.2	239.2	247.6	252.2	252.8	251.8	251.8	249.6	241	239.6	253.2	260.4	264	268.4	267	266	269.6	272.6	271	269.2	265.6	266.2	268.2	268.6	273.6	275.4	258	261.4	270.4	273.4	274.2	265.2	271	264.6	252.2	250.2	254.4	255	261	267.8	264.2	266.4	260.6	258	260.4	259.2	257	256.6	251.8	252	245	237	230.8	227.8	227	218.2	223.2	226.6	221.8	219.8	213	209.2	206	202.8	198	187.2	182.8	174.6	165.2	159.4	156.6	158.2	154	150.6	148.4	149	152.4	151	147.4	147.6	147.2	143.8	139.4	138.8	130	116.8	101.4	85.2	66.8	57.8	53.4	49	50.4	54.8	54.6	55.8	58.6	56.8	58.8	57.8	57.8	56.8	50.4	48	43	42.6	41.4	40	42.4	45.6	47.2	48.6	52	58.6	58.6	59	67.6	90.6	107.2	164.6	325.2	395	390	389	381	405	408	402	408	408	408	408	408	408	408	408
408	408	408	408	408	408	408	408	408	408	408	408	388.2	342	329.4	328.2	312.6	301.8	300.6	319.8	322.2	300.6	293.4	291	294.6	279.4	282.6	281	175.6	87.2	72.6	64.8	64	66.2	66.8	65.6	62.6	63	63.4	54.6	46.6	49.8	48	47.2	48.4	49.8	48.6	50.8	56.8	71.6	99.8	132.8	165.6	189.8	205.2	223	229.4	233	237	243	250.4	255.2	253.4	251.4	250.8	248.4	248	238.8	235	248.8	260	264.4	271.6	266	262.4	275.2	281	275.2	272	271.6	276.2	275	271	277.4	275.4	259.4	260.8	270.4	270	271.4	271	268.2	262.2	262.2	259	254.4	252.8	252.4	263.2	265.2	262.2	262.4	269.6	268.4	262.4	252	244.6	243.8	246	251.2	246	237	228.6	222.2	222.8	220.4	219.6	221.4	222.4	214.4	211.8	204.2	197.4	198	192.8	183.4	178.4	174.6	168.8	161.2	159	155.2	155.2	156.2	152.4	149.6	153.6	154.6	152.8	153	151	141	135.6	136.8	127.4	117.8	100.6	78.6	60.6	51.8	45.8	48.4	53	51.8	49.8	51	52	54	55.6	55.6	57.6	55	52.8	51.4	50.8	49.8	44.4	43.2	47.4	50.6	51	55.6	56.8	61	64.4	74.2	87	94.2	134.2	268	366	378	385	387	402	408	401	405	408	408	408	408	408	408	408
408	408	408	408	408	408	408	408	408	408	408	408	401.4	349.8	327	326.4	312.6	298.8	298.8	315	316.2	297.6	294	294	289.2	255.6	262.4	198.4	124.4	76.2	62.6	58.8	60.6	66	66.2	67.4	67.4	58.6	54.8	54.6	47.6	51.8	52.4	52.2	50.8	46.2	48.6	53.8	66	100.2	131	152.2	178.2	199.8	218.8	233	240.2	242.8	247.2	245.6	251.4	261.2	256.4	254.2	248.4	247	242	239.2	236.6	246.2	256	263	271.8	273	273.8	284.2	288.2	289.2	290.8	289	277.6	271.6	266.4	269	275.4	268.6	266.2	272.4	275.4	267.4	268.4	272.4	272.4	269.2	264.6	259.4	255.8	255.2	262.2	260.6	257.2	264.6	275	268.4	265	265	259	249.8	244.2	251.2	254.2	248.2	245	246.6	242.8	237.4	230.4	229	224.6	215.6	214.4	208	201.8	199.4	196.2	190.8	188.8	182.6	174.4	167.8	165	162.8	160.6	162.4	161.8	159.8	156.4	157.8	159	158.8	155.4	150.6	144.4	140.6	135.4	127.4	115.8	101.2	79.8	62.8	53.6	49.2	50.6	51.8	48.4	46.6	50.4	51.6	51.6	52.8	53.4	53.8	54.4	53.2	51.6	51.4	50.2	45.6	45	47.8	46.6	49	53.6	59.6	65.8	68.8	80	90.2	110.4	201	314.6	360	384	397	397	402	401	408	408	408	408	408	408	408	408
408	408	408	408	408	408	408	408	408	408	408	408	391.2	328.2	323.4	318.6	300.6	294.6	301.8	307.2	300.6	296.4	292.2	289.2	288	282.8	266.8	194.4	124	71	63.2	59.4	61.2	62.4	59.8	61.8	56.6	55.2	55.2	51	47.4	52.8	54.2	51.6	47.2	44	47.6	57.4	76.6	114.8	142.8	159.6	185.6	210.2	229	238.4	242	244	249	249.8	251.4	252.8	251	252.2	248	248.4	238.4	229.2	239.2	246.8	256.2	264.2	268	269	272.8	277.2	289.2	291	290	291.8	283.2	272	269.2	278.8	279.4	266.4	263.2	270.6	274.2	262.4	259.8	261	265.2	267.8	265.8	265.4	256.6	253	257.6	255.6	251.6	255.2	258.4	260	260.6	267.2	264	254.6	251.8	254.4	257.6	257.6	258.6	258	249.2	242	237.6	230.8	227.6	217	207.8	200.6	194.4	197.4	199.6	190.6	188.4	187.4	181.8	178.8	176.8	172.8	171.2	168.2	167.4	165.8	161.6	160	160	156.4	153	153.4	153.4	149.2	137	127.8	121	107.6	87.6	69.2	55.2	52.8	48.2	47.6	46.4	44.8	47.2	50.8	49.8	50.2	49	49.8	51.4	51.6	51.6	49.6	48.4	50.4	46.6	42.2	43.2	43.6	49	53.6	57.6	64.6	81	104	128.4	189.8	292	376	396	408	408	408	408	408	408	408	408	408	408	408	408
408	408	408	408	408	408	408	408	408	408	408	408	400.8	336.6	328.8	324.6	303.6	296.4	297.6	303	297.6	294	289.2	285.6	284.4	283.8	285.6	226.2	136.8	80.2	63.2	63.2	58.8	58.8	55.6	54.4	53	55.4	56.6	54.4	50.8	54.8	58.6	49.6	43.6	45.6	51.6	71.6	111.4	140.4	152.8	171.6	193.2	212.4	230.8	239	245.6	248.2	244.6	248.2	250	246.6	249.4	256.4	252.2	244.8	236	233	242.2	251.4	253.8	270.6	276	281.6	284.2	283.4	302.2	301.6	288.4	289.6	284.6	274.6	278.6	281.2	281.2	276	266.6	262.8	278.4	278	264.4	260.8	264	261.6	265	264.6	252.2	255.4	259.8	258.2	256.2	254.6	252.2	256.2	258.2	257.8	261.8	256	246.8	249.8	255.6	261.2	268.2	272.2	270.8	250.2	237.6	236.8	233	226	210.8	200.8	199.6	201.4	199.4	190.2	189.8	187.4	182.8	177	171.6	166.2	167.4	166.8	161.8	161.6	163.4	162.8	160.2	159.4	158	156.8	155.4	150	136.4	127.2	122.8	115.4	102.4	84	66.2	51.8	47.8	46.8	45.8	45.2	45.2	46.2	48.6	48.4	47.6	48.2	50.2	50.4	50.8	51.4	51.4	51.4	51.4	48	43.6	41.4	45.6	50	54.6	60.4	74.8	98.2	144.6	207.8	313	399.6	408	408	408	408	408	408	408	408	408	408	408	408	408
408	408	408	408	408	408	408	408	408	408	408	408	380.4	333.6	349.8	327.6	298.8	296.4	301.2	303	294	289.8	286.2	286.2	284.4	285	285	229.6	126.2	76.2	60.6	51.6	51	53.4	47.8	41.8	44.6	48.4	55	60.4	58.6	60.4	55.8	47.2	49.6	54	61.8	80.4	119.6	151	162.6	183.2	201	217.2	231.8	240	243.2	246	244.8	248	249.2	246.4	249.4	253.6	249.8	244.8	237	236.4	243.8	254.4	257.6	264.4	271.6	281.8	281.2	283.2	298.8	302.2	292.4	288.2	289.8	284.6	281.4	277.6	276.6	268.6	264	263	278.6	284	272	260.4	261	252.4	251.4	258	260	260.2	263.6	266.2	266	264.4	255.2	257.4	268.4	262.6	254.6	253.6	255.2	257	260.2	264.8	268	270	268.8	261	253.4	246.8	234.6	223	215	200.6	202.4	206	203.2	191.8	190.6	183	174	168.6	161	162	167.4	173.4	172.4	170.6	177.8	173	169	170	168	159.2	157	154.8	143.6	132	120	109.6	102.6	91	76	58.6	48	45.4	45	43.2	43.6	42.4	42.4	46.4	45.4	45.4	45.8	42	44.4	47.2	50.6	51.2	51.8	51.8	49.6	44.2	44.2	49.6	54.8	58	67	87.8	143.6	230.4	311.4	391.8	408	408	408	408	408	408	408	398	387	408	408	408	408
408	408	408	408	408	408	408	408	408	408	408	408	392.4	337.8	345	333.6	301.8	297	298.2	306	297	288.6	286.8	285	283.8	285	286.8	190.8	112.8	82.6	54	48.2	50.4	49	43.6	44	49.8	54.4	59.2	64.8	61.4	56.2	51.4	47.8	49.8	57.6	76.8	113	145	165	176.4	194.2	209.6	224.2	237	243.4	245.2	248.8	251.4	249	248.4	246	246.4	251.6	253.4	252	252.4	252	250	256.4	254.4	258.6	272	277	282	288.8	295	295.4	296	284.8	280.4	283.2	280.4	269.8	271.2	281.2	276.2	260.4	267.8	274.8	263.6	254.6	260.8	253.8	249.8	255	254	252.6	251.8	259.6	267.4	267	269.2	264.4	265.2	268.2	261.2	265.2	266.4	271.6	275	266.4	270.2	264.6	256.2	261.4	265	249.4	229.2	217.8	215.4	209.6	208.8	205.4	200.8	196.4	187.6	185	177.8	171.4	168.2	169.8	171.6	173.4	173.6	176.2	180	173.8	171.2	171	167.4	161	158.6	153.8	146.4	136	124.8	112.2	106.4	97.6	84.6	70.4	53.2	44.4	43.6	44.4	43.2	40.2	39.4	41.4	43.2	44.8	45.4	44.2	43	43.2	43	49	51.2	50.8	52.4	51.2	45.4	46	51.6	58.4	65.4	81.4	160	289.6	342.2	375.6	408	398	392	392	375	367	366	355	353	371	390	403	403
408	408	408	408	408	408	408	408	408	408	408	408	397.2	358.2	344.4	337.2	313.8	306	300.6	301.2	296.4	285.6	285	282.6	279	279	262.6	164.2	100	66.6	50.6	48.8	46.8	44.2	39.6	42.8	50.4	58.6	63.6	66.6	61.4	58.4	55.6	53.8	55	59.2	79.8	123	156.4	169.2	183.4	200.6	210.8	223.6	236.6	239.2	242	246	252.6	251.4	249.2	251.2	247.2	249.2	252.4	249	248	256.8	258.8	255.8	258	259.8	262.2	264.6	272.2	284	285.4	284	283.2	280	271.6	279.6	278	266.4	261.6	264.6	269.2	265.2	269	269.6	262.2	254.2	253	246.4	242.2	243.6	243.2	243	247.4	254.2	257.6	263.2	268.2	268.6	263.2	264.4	263.4	263.2	273	279.2	278.4	273	273.4	264.6	252.2	250.4	260.4	252.8	231.6	224.6	220	221	215	210.4	202	202	193.4	191.4	183.8	176.2	169.2	169.6	168.6	167.2	162.2	164.4	165.6	164.8	165.8	162.4	163.8	164	160.4	154.4	143.8	136.6	130.8	118.6	108.8	93.2	79.4	66	53	43.8	45	46	42.6	40.8	41.2	41.4	42	43.8	45.4	46	43.8	41.8	42.4	43.6	44.4	44.8	46.6	48.2	48.4	50.2	49.8	56.8	64.8	85.6	167.8	271.6	343	402.6	403	374	377	383	357	349	352	354	353	364	388	396	404
408	408	408	408	408	408	408	408	408	408	408	408	391.8	349.8	346.2	324.6	312	305.4	296.4	298.8	288.6	284.4	284.4	279.6	277.8	277.2	250	146.4	77.4	48	42.8	37.8	39.8	40.6	40.4	48.2	57.4	63.6	64.8	61	61.4	55.2	51.4	56.2	58.8	76.4	113.2	148.8	166.8	180	195.8	209.6	219	229.6	239.8	241.4	242.2	246.6	250.6	244	246	248.8	249.2	255.4	252.2	246.6	248.2	256	257.4	259.8	265.6	263	259	265.6	273.6	281.8	293.4	296.6	294.6	288.8	281.4	282.8	272.6	259.4	270.6	273.2	267.8	263	259.8	261.6	269.4	267.4	257	255	255.6	249.8	250.6	245.8	249.2	250	252	255.6	266.6	268.6	267	266	264.2	270.6	268.2	259.8	258.6	266.2	264.4	249.4	244.2	250	243.8	236	234.8	232	224.4	221.2	217.6	206.6	205.2	205	197.8	194.6	187.6	173.8	169	168.4	167.4	164	160	159.4	159	162.6	163.2	158.6	159.4	163.4	162.4	154.6	147.6	140	132.6	124.2	109.2	100	92.2	73.2	57.8	48.6	43.6	41.8	41.4	44.4	41.8	41.4	41.2	41.4	41.8	45	46	44.4	44.4	43.8	41.8	41.8	44.8	48.2	49.6	51.2	52.4	57.2	67	88.8	134.6	209.6	293.4	342	363	387	406	408	402	376	364	377	395	389	399	408	408
408	408	408	408	408	408	408	408	408	408	408	408	402.6	361.2	336	313.8	316.2	307.8	294.6	289.2	286.2	286.2	283.8	282.6	280.8	276	244.8	145	74	39.6	36.2	33.6	35.8	41.8	50.2	57.6	60.8	59.2	56.6	57.4	59.6	55.2	52.6	59.8	66	82.8	122.2	154.6	172.2	188	201	210.4	220.2	228.6	238.8	243.2	243	250	249	244.8	244.8	246	247	252.8	250	247.6	252.4	253	254.8	263.8	267.4	260	254.4	257.4	269	282.4	290.4	298.4	292.6	284.2	280.8	281.8	274.6	267.6	272.4	274.6	274.2	270.8	266	257	261.6	263.6	254.6	250.4	245.8	240.8	244	247	250	251	257	252.8	259	269.2	272.4	268.6	266.4	265.2	265.2	267.4	263.4	266.8	264	257	250	247.8	244	235	229.8	222.4	219.2	218.4	210.8	206.2	202.2	203.4	201.2	199	184.6	175.2	173.2	173.4	170.2	166.2	157.4	153.2	150.4	152.8	155.6	152.6	149.6	158.8	164.6	159.8	149.4	144	136	131.4	125	109	92.6	73.4	54.6	42.8	39.6	37.8	39	39.4	38.8	40.8	43.4	42	41.8	41.8	41.4	42	43	44.2	40.2	40.8	46.4	48	49.4	52.2	56.8	60.4	71.8	93.8	158.8	260.8	324	330	350	388	408	408	402	388	387	403	408	401	399	408	408
408	408	408	408	408	408	408	408	408	408	408	408	408	373.8	336.6	316.2	318.6	309.6	298.2	291	284.4	284.4	283.8	282	277.8	277.2	210.6	83.4	52.6	40.6	37	37.8	42.8	45.2	51.2	55.6	58	56.6	57.8	62.8	56.8	51.4	53.4	61.6	73.8	99	135.2	158.4	178.6	192.4	203.6	216.8	227.2	235.6	240.2	241.2	244	249.4	251.4	247.6	246	245.8	248.2	247	248.2	247.4	254.4	257.2	255.4	254.4	261.6	266.6	261.6	258.4	260.6	274	275	286	290	281.4	276.4	272.4	267.4	263.2	265.6	261	259.4	262.8	259.6	251.6	249.2	253	247.8	242.2	240.2	232.4	230.4	241.8	246.2	252.4	257	255.4	256	264.4	269.8	270.2	268.4	270.6	263.6	255.2	257.8	258.8	253	246	249	253.4	246.4	234.4	223.2	214.2	212.2	202.2	203.8	206.6	206	199.8	193.4	188.8	179.4	176.4	173.2	166.4	164.8	162.8	155.6	151.6	147.2	148.4	148.4	152.2	150	154.8	163	159.8	153.4	145	137.4	133.8	129.6	118.2	101.4	83.6	62.6	47.4	39.2	35.2	38.8	40.8	38.2	36	41.4	43.4	38.4	38.4	39.4	40	41.4	43	41.2	41.8	44.8	48	49.6	49.4	55.2	62.6	70.4	86.6	167	312.4	369	364	356	370	390	395	401	408	408	408	408	408	402	398	408
408	408	408	408	408	408	408	408	408	408	408	408	408	385.2	336.6	322.2	326.4	309.6	301.2	293.4	289.2	286.8	281.4	277.2	276	276	220.6	97.2	56.8	48.6	44.4	47	50.2	48.8	51.2	53	57.6	59.6	60.2	60.6	56.8	55	56.8	63.2	78.8	107.4	137.8	163.6	184.6	192.4	202.8	218.8	227.4	235.2	240.2	239.4	244.4	246	249	247.6	246.6	245.2	243.4	244.6	242.6	249.8	257.2	262.4	260.2	253.8	259.8	265.2	265.8	264.4	260	269.8	270.8	276.8	290.4	285.4	273.8	274.2	265.6	262.6	261.6	259.4	257	263.4	259.2	252	251	247.4	249.6	247.6	248.6	237	228.6	232.6	239.8	247.4	250.6	258.4	262.8	265.6	267.4	264.4	266.4	274	270.6	268.4	269.6	260.4	252.4	243.6	240.8	244.2	237.8	232.6	226	210.6	203.8	196.4	196.4	200.6	199.8	194.8	189	182.8	177.2	175.4	169.4	161.2	160.4	156.2	152.8	154.6	154.6	155	155	154	149.4	152.4	155.2	158.4	157.6	148.6	137.6	127.2	121.2	117.8	108.6	89.2	73.4	58.4	46	41.8	41.4	40.2	40	35.8	37.8	38.8	39.6	37.2	37.6	40.8	43.2	41.8	41.8	41.2	43.2	46	47.8	51.4	53.6	57.8	70.2	79.8	143	288.6	368	378	375	382	396	394	404	408	408	408	408	408	397	389	404
408	408	408	408	408	408	408	408	408	408	408	408	408	405	346.2	324.6	338.4	316.8	301.8	295.2	290.4	285.6	279.6	277.8	276.6	274.8	227.8	114	56	48.8	45.6	47.2	44.8	48.8	51.8	53.6	55.4	58.4	60.4	54.8	51.6	55.6	60.8	65.2	84.6	117	147.6	173.2	190	199	208.8	221.8	226.2	234.4	241	240.8	247	250.6	243.8	244.4	247.2	247	244	240.4	236.6	240.6	251.2	255.8	261	261	259.4	260.2	267.6	267.4	266.4	268.4	266	271.6	284.6	296.4	287	268.8	267.2	270	259.8	259.2	259.2	258	253	250.4	251.4	250.6	240	241	254.4	252.4	238	236.6	242.2	244.2	240.4	242.6	258.4	264.6	264	260	264.2	268	260.8	266.4	269.6	268.6	255.6	241.2	240	234.4	228.4	226.8	214.2	206.2	202.4	197.4	198.6	198	192	186.8	183.8	181.8	183	179.8	172.4	163.6	162.4	157.2	151.6	153.2	156	158.6	157.6	156.4	152.6	153.4	156.4	157.4	153.6	148.8	139.8	125.2	117	117.2	111.8	98.6	80.8	65.2	48	41.6	43	41	42	38.8	34.6	36.6	40	39	37.6	40.2	41.4	43.8	44.4	46	43.2	41.8	43.8	48.8	51.2	57.4	67.2	80.6	115.4	218.8	338	402	408	408	403	363	354	384	406	403	408	408	408	408	408
408	408	408	408	408	408	408	408	408	408	408	408	408	408	346.2	336.6	345	318.6	300.6	292.8	282.6	276.6	275.4	274.8	274.8	276.6	231.2	105	53.2	44	41	42.4	44	50.2	53.2	53	54.4	54.6	55.6	54.2	54.4	54	58.6	67.8	87.2	120	159.4	181	192.4	200.2	212.2	221.6	224.8	235	241.2	241.8	248.8	246	245.4	248	248.4	248.2	245.8	233.4	235.8	240.4	246	251.4	256.4	260.4	258.2	255.4	259.2	262.4	271.2	272.8	266.2	269.4	276	286.6	285	270	264.8	266.2	255.4	250.4	255	256.6	254.6	253.6	250.6	252	247.2	236	240.6	251.6	245.4	234	224.8	237	242.4	236	247.2	257.8	263.8	259.2	259	263	267	270	270.6	269.2	258	245.6	243	240.4	235.4	224	212	208.6	206	202.6	201.4	199.6	191.4	182.4	179.2	181.8	183.2	178.4	173	168.4	165	163	154.4	152.6	154.8	156	155.6	157	151.4	148.8	148.8	151	148.6	147.2	142.8	130	116.6	107.6	108.4	106.4	83.8	57.4	40.4	29.6	30	30.2	36.8	35.6	34.6	37.8	39	37	36.2	36.6	37.6	38.8	40	41.8	39.4	38.2	39.2	38.6	42.2	47.8	55.2	74.4	106	193.8	288.8	376.2	408	408	398	371	371	391	406	408	408	408	408	408	408
408	408	408	408	408	408	408	408	408	408	408	408	408	408	354	334.2	348	324.6	305.4	292.8	281.4	276.6	279.6	279.6	277.8	277.8	168.2	70.6	50.6	42.8	42	44.6	49.2	50.2	47	45.4	49	53.8	54.2	50.8	53.2	54.6	61.8	76	100.6	134.4	165.6	184.8	192.4	204.2	218.2	223.6	230	235.6	236.2	241.4	246.4	241.4	241.4	246.6	247	244.6	237	226.6	236.4	246	252.2	258.6	257.4	259.6	262.4	256.8	259.2	263.2	264	272.2	271.4	268.2	270.4	277.4	281.2	276	267.6	263.2	253.4	245	243	242	244.4	240.2	244.4	249	238.8	241.6	240.6	238.4	245	244.2	235.4	230.8	237.2	240.2	244	248	258.4	268.2	268.8	266.8	269.4	264.6	261.2	258.2	249.8	250.6	248.4	241.2	230.4	221	214.4	214	210.8	209.6	204.2	198.4	195.6	192.8	188.4	185.4	180.8	176	172	163.8	159.8	160.6	156.4	152.6	154.4	154.4	157.4	157	151.6	148.2	146.8	147.6	146.8	143.4	140	134.8	124.8	113	105.8	106.4	94.2	69.4	42.8	28.6	26	25	29.8	32.2	32.4	34	34.2	35.8	38.2	36.8	36.6	37.6	39.6	40	43.2	44.2	41.8	37.4	38.6	45.6	53.4	73.2	104.2	180	294	355.8	397.8	408	408	408	408	408	408	408	408	394	396	408	408
408	408	408	408	408	408	408	408	408	408	408	408	408	405	343.8	340.8	342	319.2	298.2	285.6	286.2	288	288	285.6	282	267.8	141.8	67	53.8	48.8	43.4	43.4	45	44	39.8	43.6	47	53.4	56.8	49.6	52.8	56.2	66.6	73.8	99.6	132.2	157.8	179.4	191.2	204.6	215	218.8	228.8	236	236.2	243.2	246.4	247.4	249.2	249.4	247	244.4	238	227.6	235.2	247.8	252.6	261	259	259.4	259.4	257	262.4	264.2	261.4	268.8	272	273	273.4	273.8	274.2	276.6	276.4	264.8	250.6	242	232.4	236.8	242	240	242.6	249.4	249.4	245.2	235.2	232.8	235.4	241.4	237.4	232.6	235.6	240.8	242.6	245.2	253.6	265.6	268.2	272.2	279	272.4	263	255.8	255.2	256.2	258.6	248.6	232	218.6	216.2	214.6	213.6	212	207.4	200.8	199.6	202.4	196.4	189.8	180.4	174.2	173	168	165.2	162.6	160.8	154.4	152.8	153.6	151.6	151.4	153.8	151	147.4	146.4	142.8	139.2	133.8	131.4	127.6	118.2	107.8	93.8	88.2	79.2	58	36.2	28.4	24	28	31.4	26.4	25.6	29.4	34.8	38.2	35.6	32.8	33	36	37.8	41.4	43	42.4	41.8	42.2	44.4	48.8	66.6	97.8	166.2	276.6	353.4	408	408	408	408	408	408	408	408	408	389	392	408	408
408	408	408	408	408	408	408	408	408	408	408	408	408	408	387.6	349.2	340.2	329.4	312	298.2	290.4	289.8	286.8	282.6	282	235.6	113.6	61.6	57.8	49	43.4	42.4	40.8	36.4	41	43	47	52.4	45.4	50.4	54	55.4	64.4	77	98.2	131.2	158.2	177.4	194.2	204.4	216	222.6	226.4	229.8	235	238.6	244.2	247.6	247	249.6	248.4	247.2	244.6	242.2	242.2	250.4	259.2	260	259.6	257.2	259.6	266.6	269.2	272	271.2	270	269.8	264.4	266.4	270.8	269.8	273	278.4	276	271.8	255.2	248.8	250	260.2	261.4	256.6	253	258.2	265	245.2	234.6	235.6	242.4	246.6	248.2	242.6	241.4	248.4	252.2	249.4	257.2	269	277.8	273.4	266.8	266.8	268.6	270.6	271.4	269.4	261.2	242.2	239	228.6	216.6	211.2	211.2	211.6	207	202	196.6	189	189	189.6	184.2	175.8	171	164.4	159.4	161.4	155.6	148.8	148.4	150.2	148.6	152.2	150.4	146.6	145.2	142.2	140.6	130.4	128.6	124.2	123.6	119.6	101.4	84.8	77.4	66.4	48	31	28	28.4	26.6	27.6	25.6	24	28.4	36.6	37.8	35.2	34.6	33.8	37.2	35.2	41.4	42.4	37.8	45.2	45.8	44.8	58	79.2	141.4	232.2	294	364	382	383	406	408	405	408	408	408	408	408	408	408
408	408	408	408	408	408	408	408	408	408	408	408	408	408	376.8	367.2	348.6	312	297	294.6	288.6	282.6	277.2	274.8	275.4	197.4	84	50.6	49	44.8	41	44.6	44	40.8	45.4	48.8	46.4	51.2	47.2	52.2	57.6	61.4	65.2	79.8	112	142.6	168.2	187	195.8	208	215.4	219.2	225	228	234.6	239.8	246	249.4	248	246	246.6	247	241.4	239.6	249.4	256.6	263.4	259.2	254.6	255.2	261.8	266	268.8	270	266	269.2	270	265.6	268.2	265.8	270.4	274	275.8	275.4	279.8	270.4	254.6	251	253.2	256.8	258.6	251.6	253.6	260	256.2	243.4	234.2	234.8	242.8	244.8	243	242.4	251.8	260.2	253	251.2	263	272.4	271.8	268.4	264	264.4	265.4	263.4	266	261.8	243.8	239.2	237.2	225.2	219.4	214.6	211.4	208.2	207.8	202.8	192.2	186.4	187.4	182.6	174.2	174.2	167.6	161	160.8	157	150.4	148.6	149.8	150.8	149.8	148.6	143.6	137.2	136.2	137	128	124	122.2	120.4	117	106	91.6	78.6	68.2	50.8	37.6	33.4	30.6	28	26.4	25.6	23	22.6	29.8	36	36.8	34.6	31.6	31.8	34.6	37.6	43.4	40.6	40.6	44	45.8	54.4	72.4	133.6	224.4	288	369.6	385	396	408	408	395	408	408	408	408	408	408	408
408	408	408	408	408	408	408	408	408	408	408	408	408	408	396	380.4	361.2	315	294.6	292.2	285	277.2	276.6	276	184	93.8	53.8	39.8	40.4	43	48	47.8	44.4	47.8	47.2	46.8	55	52.6	49.6	51.8	52.8	58.6	70	85.6	118.4	146.2	173.4	188.2	196.2	207.6	218.8	223	225.8	225.2	228.2	235.8	244.4	249.4	247.6	243.6	243.6	250	245.4	245	253	255.2	258	258	262.4	260.6	261	263	265.2	264.6	275.6	284.4	283.2	283	283.2	282	285.2	285.4	290.4	284.4	280.4	276.8	264.2	253.4	249.2	250	255.4	256.6	252.2	250.6	255.6	249.4	243.6	241.2	236.8	237.2	241.4	244	247.2	249.6	253	249.6	253.4	262.2	263.4	265.4	259.6	256.4	259.6	264.8	264.2	257.4	252.4	243.4	235.8	232.2	223.2	219.2	217	213.2	209	204.6	195.8	190.6	188.8	186.4	178.4	173.4	168.2	166.6	165	156.6	155.6	155.4	151.6	152.6	148.4	144.4	146.2	138.6	133	129	127.6	122.8	121	115.4	113.2	108.4	94.2	79.8	67.8	50.8	42.4	37	35.4	30	23.4	24.8	24.2	19.6	22	30.8	34.8	33.2	32.2	31.6	35.8	37.6	41.2	43.4	42.2	44.2	46	55	81.4	136.6	226	293.2	366.2	408	408	406	404	389	390	408	408	408	408	392	387
408	408	408	408	408	408	408	408	408	408	408	408	408	408	408	406.8	360	303.6	293.4	285	277.2	276.6	279	272.6	152.6	79.8	58.8	46	46	45.6	47.6	46.4	39.6	40.6	45.2	46.2	55	56.4	49.4	50.8	54.6	59.4	65.8	77.6	107.8	138	162.6	177.4	192	202.6	211.6	221	226	228	231	234.8	242	243.4	242.4	242	244.4	247.6	244.6	250.8	257.6	253	254	257.2	261	260.6	258.4	258.8	265.6	269.6	279.4	281.4	281.8	278.2	279.4	281	282.4	281.8	277.4	282.2	277	265.4	261.8	255.2	244	244.2	245.8	248	252.8	247.4	240.8	242.6	254.2	248.8	242	238	235	246.4	248.4	241	247.6	252.4	250.6	250.8	252	260.4	260.6	254	254.2	257.2	252.2	254.6	253.4	244	239.4	240.6	228.4	223.4	222.2	216	210	209	204.4	197.6	191.6	189.8	184	173.8	169.4	170.4	169.8	161	158.4	159	155.8	150.8	147.4	144.2	145.2	142.8	135.2	125.8	121.4	117	113.6	111.6	108.2	107.2	96.2	85	71.6	47.4	37	42.4	44.2	40.8	33.6	28.4	27.8	22	21.8	23	29.6	35	34	35.6	34.6	33.4	40	43.2	42	44.8	52.2	53.6	94.8	156.8	214.8	277.8	353.2	404	402	408	406	396	385	405	408	408	408	382	369
408	408	408	408	408	408	408	408	408	408	408	408	408	408	408	408	358.2	305.4	295.2	288	280.8	277.8	277.8	279	182	75.8	51.4	45	44	46.4	45.8	37.8	36.2	39.4	40.2	45.8	52	50.6	48.2	49.2	52	52.2	57.4	74	106.8	138.8	160.2	175	191.6	202	209.2	218	224	226.6	230.4	234.8	239.4	237.4	236.6	241.2	246.6	251.6	245.2	247	256.2	254.4	254	256	259.2	258.6	259.4	263.8	269.4	274.2	279.4	281.2	287.2	284.8	278.2	277.6	274.2	278	278.6	275.8	276.2	269	262.8	256.6	247.4	239.8	238.8	238.4	237	239.8	240.2	239.8	244.2	249.4	248.2	242	231	232.2	243.2	239.4	233.8	238.6	244.4	249	249.6	254.6	259.4	256.6	259	256.2	252	249.4	243	238.4	238.6	240	231.4	226.4	220.6	214.2	209.4	206.8	206.4	200.4	197.6	190.2	184.4	180	176.6	172.6	170.2	163.2	163.2	160	157.4	152	150.2	146.8	144.4	139.8	137.2	127.6	119.4	117.6	113	110.2	104.6	100	93	82.2	69.4	49.2	36.6	37.6	44.2	43.8	39	32.6	28	25.6	24.2	23.6	27.4	33.8	33.8	31.6	32.4	29.4	34.6	42.6	44.2	45.2	54.4	66	130.8	190.6	242.4	270.4	309.2	374	408	408	408	408	408	408	408	408	408	408	403
408	408	408	408	408	408	408	408	408	408	408	408	408	408	408	366.6	311.4	300.6	296.4	286.2	286.2	288	285.6	260.4	164.6	64.8	44.6	34.6	33.6	38.4	41	39.2	45.4	44.8	45.4	52.4	58	52.6	48	45	42	48.6	60.4	76.2	105	135	157.8	176.2	190.2	202	213	220.8	227.2	227.2	232.8	236.2	234.8	235	235.4	243	246.6	248.2	245.6	250.4	254.2	257.8	255.6	259.4	261.4	258.2	261.2	262.8	266.8	274.2	274.6	275.2	285.2	281.6	280.4	276.6	274.4	274.4	272.8	264.4	267.4	269.8	260.6	256.2	246.4	242	238.4	241.2	240.8	238.6	240.4	241	238.2	242	247.2	253.6	250.4	246.2	243	240	232.8	232	236.8	244.2	248.2	244.6	257.6	267.4	263.2	261.6	259.4	254.8	254.6	248.8	239.8	243.8	243.6	235	231.2	223	213.2	209.4	207.6	200.4	202.2	194.8	187.2	184	181.4	175.8	172.8	168	169.4	165.2	161.2	157	151.4	148.6	143.4	136.6	132.2	128.6	119.4	112.2	109.4	106.8	99.6	95.6	89	78	64.6	51.8	39.6	35.8	38	40.2	42.6	42.2	41.2	38.2	29.8	29	28.8	30.6	32.6	31.4	33.2	34	30	38	47.2	47.2	53.8	71.2	147	202	257.2	290	340.8	388	403	408	408	408	408	406	408	408	408	402	387
408	408	408	408	408	408	408	408	408	408	408	408	408	408	408	370.8	310.8	299.4	296.4	286.8	288.6	290.4	244.8	111.4	62.6	49.6	39	36.8	36.4	36.4	39.2	43	46.2	46.4	43.8	53.4	60.6	52	47.4	45.8	44.4	50.2	62.6	78.8	100.6	128.2	155.4	179	194.2	205.2	212.2	221.4	226.4	226	228.2	228.4	230.2	234.4	236.2	241.8	246.6	243	238.6	247.8	252	255.4	257.4	256	256.6	261	268	268	272.4	278.6	280.4	286.2	296	291.8	284.2	278.6	276.4	274.6	272	270.8	266.6	267.2	257.4	250.4	247.6	240.4	224.8	232.4	241	238.8	243.2	245.4	247.2	244.2	252.6	258.4	261.4	258.6	252.2	248.8	246	242.2	242.4	244	248.4	255.4	250.6	248.2	254.6	257.8	257.8	253	255.6	248.8	242.8	244.6	244	239.8	233.4	223.6	216.2	216.6	208	199.6	199.4	196.2	193	184.6	180.4	176.4	173.6	173.4	172.4	166.8	163.4	159.2	151.8	146.8	142.8	136	129.6	127.6	121.2	114	109.4	108.8	100.8	92.8	86.4	75.4	60.8	49.2	42.6	37	34.6	37.8	39	41.6	43	42.4	34.6	30.4	31.4	30.4	33.8	33.2	34.2	35.2	31.4	31.8	41.2	49	50.2	60	94.6	164.8	245.8	304.2	369	406	402	401	403	402	388	361	357	378	398	376	348
408	408	408	408	408	408	408	408	408	408	408	408	408	408	408	358.2	306.6	305.4	294	288	286.2	282.6	224.8	95.6	53.2	50.2	42.2	37.6	41	44.6	50.6	51.8	54.4	49.4	46	48.2	51	47	44.4	46	48.6	53.8	62	70.6	93	121.8	152.8	175.4	194.4	203.6	211.6	222.6	227.6	226.4	228.2	233.8	232.4	234.4	236.4	238.4	244.4	239.6	238.2	253.6	257.4	257.8	257.2	257.2	258.2	264.4	269.2	269.6	278.6	280.6	281.2	292	299	298.4	293.4	293.4	277.4	274	274.6	271.4	271.6	271	263.2	258	260	251	238	230	233.4	238.2	241.8	246.4	247	245.6	248.2	253.6	263.4	265.8	260.2	257.8	258.2	260.8	259.8	253.8	254	259.4	257.6	256.8	256.6	258	256	255.6	257.8	253.8	250.8	242.8	238	239.2	234.8	230.8	227.2	224.6	216.4	206.4	201.2	202.6	200	189	184.2	181.6	175.8	171.8	173.8	168	164.4	159.8	154.8	149.8	143.2	137	130.2	125.4	121.4	113.8	106.6	105	104	95.8	87.4	74.8	58.4	44.6	30.6	31.6	36	41.2	38.2	37.4	36.4	38.8	40.2	37	35	34	35.8	37.4	37.6	35.8	35.6	33.8	39.2	47.6	46.4	56	83	160.4	239.8	318.2	393.6	408	408	408	408	408	403	378	364	382	397	382	370
408	408	408	408	408	408	408	408	408	408	408	408	408	408	408	367.8	308.4	309.6	297	290.4	285.6	281.4	193.8	75.4	51.8	40.8	36.4	37	42	47.6	50.6	54.4	56.6	47.2	40.6	44.4	54.6	44	40.2	49	52.4	55	63.4	71.4	89	118.2	151.2	173.4	189	201.4	212.8	227	230	226	228.2	233.6	236.2	236.4	238	244.4	244.8	241.4	236.2	248.4	257.8	260.2	260.8	258.4	260.2	266.6	268.4	269.2	280.6	284.8	285.6	290.8	293.4	297.4	287.2	285.6	288.6	291.6	289.4	279	274.6	280.8	270.8	263.2	260	250.2	241.8	234	230.4	233.2	237.2	241	243	244	237.4	236.2	248	250.4	251.2	259	260	256.8	252.8	259	262.8	261	259	260.6	262.4	258.4	255.4	251	251	252.8	250	244.2	236.8	240.6	233.6	232	231	225.2	217	211.4	200.6	202.4	198.8	193.4	188.4	185.2	177.6	169.8	168.6	172.6	168.6	163.4	156.2	146.6	142	135.2	130.2	124.4	119.4	115	107.8	106	103.4	95.6	83.6	71.8	58	43.8	30.2	27.6	32.4	32.4	35	36.4	35.8	37.4	38	39.4	35.6	30.8	32	36.2	37.6	33	34.8	33.8	36.6	42.8	47.8	50.4	65.6	118	203.4	282.4	386.4	408	408	408	408	408	408	405	396	387	385	397	406
408	408	408	408	408	408	408	408	408	408	408	408	408	408	399.6	327	307.8	307.2	293.4	286.8	281.4	268.8	155.6	74.8	55	49.6	47.2	49	53.6	56	49.8	47	42.6	36.8	31.8	39	46.6	42.4	46	55.8	55.2	49.4	52.6	66	87.8	112.8	149.6	175.6	195.2	203.8	216.4	229	228	223.8	233	235	230.8	236.4	235.2	235	241	238.4	237.4	249.4	259.2	258.6	261.8	264.4	260.2	263.2	264.2	268.4	283.4	292	287.2	295.8	301.6	299.4	297.6	293.8	293.4	293	290.2	286.4	280.8	280.4	276	270.8	265	256.6	245.2	233.8	229.6	232	231.6	234.2	241	240	239.8	239.6	247.8	254.4	250.2	256.4	260.2	260	260.6	259.6	263.2	270.4	269.8	269.8	281.6	286.4	281.6	277.6	261.2	250	248	243.8	233	238.4	240.6	234	230.6	225.6	220	214.4	202.6	201.4	198.2	193.8	191.2	186.6	181.8	176.2	168.6	171.8	168.8	165.8	159	151.6	143.8	135.6	128.2	121.2	117.6	112.6	109.4	105.8	99.2	90.2	80.2	64.8	53.8	40.8	33	23.8	24.6	22.6	23.6	29.6	31.6	33.8	33.2	34.6	35.2	26.8	24.8	32.4	37.8	37.8	34.8	33.8	37.2	41.2	44.6	50	62.2	102.8	194.8	264.8	358.6	395	402	399	404	404	402	397	394	385	389	405	408
408	408	408	408	408	408	408	408	408	408	408	408	408	408	394.2	324.6	303.6	303	291	285.6	283.8	256.6	153.6	79	54.4	55.4	55	50.8	50.2	50.6	45.6	40.8	37.6	32.6	32.8	38.8	47.6	48	50.6	56.4	53.8	47.8	50.8	65.4	87.6	114.6	147.6	174.4	196.4	206.4	214.8	224	213.8	209.4	227.2	232.6	232.4	235.8	238.2	239	241.8	242	241.8	255	264.8	264.8	264.8	270.8	268	266.4	271.4	275.4	285.2	290.4	291.8	303.4	310	301.8	299.8	305.2	308.2	302.6	301.2	297.2	293	286.2	285.2	284.2	283.8	270.4	254.4	248.2	241.8	233.6	237.6	241.2	248.6	248.4	246	244.6	249.6	257.6	258.4	259.6	262.8	264.8	263	268.4	272.2	277.4	275.2	276.6	282	286	288.2	287.4	268.6	250.6	248.8	243	235.6	232.6	237.8	237	229.6	225.4	221.8	215	206.2	200.4	201	197.4	190.8	188.2	185.6	177.6	171	168.8	166.8	164.8	160.4	156.6	149.8	138	130.2	124.6	119.8	111.8	108.8	106.4	95.6	86.4	73.4	56.6	46.8	37.8	31.6	26.4	21.4	20	19	23.8	29.8	32.6	35	32.2	36.2	32	21.8	25.8	36.6	41.4	39.4	37.2	37.8	42	44.2	49	61	102.8	187.2	245.2	333.4	375	382	383	377	391	408	408	397	399	398	408	408
408	408	408	408	408	408	408	408	408	408	408	408	408	408	361.8	305.4	297.6	284.4	282	285.6	285	254.2	158.6	82.2	60.2	52.8	42	33.2	34	36.6	38.6	40.8	35.6	30.4	33.2	43	61.2	61.6	52.2	44.4	42.6	48.2	54.4	66.8	92	120.6	150.6	176.4	196.8	206.6	214	226.4	217	212.8	228.8	233.8	235.6	237.2	236	238.4	242.6	240.8	245.8	254.8	266	264.4	267.4	266.6	261.4	263.2	272.4	276.6	282.8	290.8	289.4	295.6	300.6	290.6	290.2	298	304	308.4	308.8	304	291	283	279.8	287.8	280.2	267.4	257.2	249.2	244.4	245.4	243.4	242.2	247.4	250.6	250.4	247.2	245.2	252.6	261	268	268.6	263.8	267.8	270	276.2	278	273	273.2	285	293.8	289.4	285.6	272.4	254.4	246	237.4	229.6	233.6	240.2	236	231	231	222.4	215.6	201.2	199.4	202.6	199.6	194.4	188.8	186	182	178.4	173.6	165.4	164	161.6	159.8	152.8	142.4	130.8	123	116.4	110	104	100.6	97.4	86.6	71.6	57.2	45.4	36.6	29.8	27.4	20.8	19.8	19.4	19.6	28.4	30.4	31.6	32.2	34.6	31	26	25	28	36	41.8	43.2	42.6	45.4	44.6	52.8	60.2	123	210.6	247	329.2	382	382	380	378	397	408	408	408	408	399	408	408
408	408	408	408	408	408	408	408	408	408	408	408	408	408	367.2	307.2	294.6	285.6	288	288.6	291	225.4	137.2	80.8	61	47.4	36.6	32.6	32.8	39	41.6	40.8	35.6	35	37	46	63.6	65.4	51.2	40.8	41.2	49.4	56.4	68.4	96	126.8	149.8	175.6	198.2	207	217.2	227	228	229.4	233.4	235.6	237.4	234.2	238.6	239	240.6	243.4	246.2	251.4	260.6	265.6	268.4	268	257	260.2	271	270.8	272.4	282	289.8	298	299.4	297	290.8	296	305.4	315	316.6	307.6	292.8	285	281.4	281.6	279	274.4	264.4	254	247.2	247.2	247.4	245.4	246.4	249.4	249.2	245.2	246.6	252.4	254.4	262.2	264.6	262.6	268.2	269.2	264.2	268	271	275.4	284.2	297	301	293.2	275	257.6	251	241.6	234.8	232.6	237.2	237.2	235	231	221	216.2	204.2	200.2	199.6	194.6	194.4	190.6	187.4	185	182.4	176	170	164.6	162.8	159	152.4	143.6	130.8	122.4	115.8	111	104	101	97.4	84.6	69.8	53.2	40.8	34	27.4	26	19.6	14.6	16.4	19.4	26	31.4	31.4	29.8	32.2	32.8	27.8	24.6	26.2	31.4	38.4	44.8	43	49	46	51.2	61.6	98.2	196.6	244.8	304	379.6	381	378	391	408	408	408	408	408	408	408	408
408	408	408	408	408	408	408	408	408	408	408	408	408	402.6	337.2	300.6	291	297.6	299.4	294.6	293.4	248.2	169.8	87.8	53	39	34.6	35	37	41.4	43.4	42.6	36.2	34.6	43	52.8	64.4	58	44.2	43.8	45.4	46.4	54.4	66.4	92.8	123.6	151.6	175.4	195.4	210	221.4	230.4	232.2	232.2	237.6	236.8	236.6	237.2	241	243.2	243.8	243.6	249.8	254.4	260.8	264.4	263.2	260	250.8	253	273.6	275.8	274.8	272.8	275.6	290.2	292.8	292.4	290.2	286.4	294	301.2	305.6	300	292.4	283	276.4	279	276	270.8	267.8	256	248.4	247	242.8	249.2	252.8	254.8	253.4	249.2	251.6	255.4	251.6	257.2	267	274.4	277.2	274.4	271.6	271	273.4	281.8	281.6	286.2	292.4	287.2	273.2	261.2	246.2	236	233.4	233.6	235	239.2	239	235.8	227.6	218.4	208	200.6	201.6	195.4	192.2	194.2	189.2	183.8	183	179.2	175.2	167.8	164.6	158.8	152	142.2	134.6	125	117.6	109.6	103.2	99.8	94.4	82.4	70.4	55.2	40.8	32.6	25.6	22.6	20.4	14	13.6	17.8	21.4	28	31	30.4	27.4	29.8	27.8	24.6	25.6	29.4	36	45.4	43.8	48	52	51.8	63.2	81.4	175	250.6	300	373	380	382	388	404	408	408	408	408	408	408	408
408	408	408	408	408	408	408	408	408	408	408	408	408	393	334.2	306	297.6	301.8	302.4	294.6	290.4	285	229	124	63.8	44.6	37.6	35.4	37.2	40.2	43	39.8	35	37.6	45.2	54	61.4	61.8	51.8	45.8	47.2	47.4	54.4	68.8	94	122.4	149.4	178.2	200.8	211.2	220.2	230.4	235	237.6	239.6	243.4	244.2	247.2	248.6	246	244.8	250.8	251.8	252.4	260.4	265.6	265.6	259.2	251.2	255	261	265.8	276.6	272.4	274.4	282	283.2	281.8	289.6	289	281.4	280.4	289.4	294.4	290	282.6	276.8	269.8	261.8	259.4	257	252.4	253.2	258	249.8	244.2	247.6	251.8	256.2	257.2	259.2	260.6	250.8	262.6	272.2	275.6	282.2	283.6	275.6	275	279.4	277	278.4	286.2	286	280	273.4	257.6	245	230.2	231.4	232.6	232.2	237	231.8	233.2	229.8	219.8	211.4	203.4	202.4	194	189.2	191.4	187.4	185.2	183.6	178	171.8	167.2	163.2	159.6	153.4	145.4	136.4	126.4	118.8	110.8	104.8	100.4	93	83.2	67.8	53.4	38.4	28.4	23.6	22.6	20.2	15.2	14	16.8	23	28.8	29.8	31	28	24	29	26.2	27.6	28.6	34.6	43.2	44.8	46.6	54.8	54.6	77.2	116.4	165.4	244.8	317.6	394.2	405	405	402	392	395	406	394	385	384	378	394
408	408	408	408	408	408	408	408	408	408	408	408	382.8	333	310.2	301.8	302.4	297.6	286.2	282.6	279	279	279.6	167.8	77.2	48.6	35.4	36.2	35.6	33.6	37.8	41	43	46	51.2	50.4	50	55.6	56.8	54.2	46.4	48.8	52	61.4	84.4	114.2	144.4	168.2	191	210.4	221.8	229.6	235.6	239.6	242.4	243	246.8	248	250.8	251.8	250.4	251.2	253.6	253.8	258.6	260.6	256.8	255.4	256	257.4	259.6	264.6	267.6	268.4	268.6	279.6	281	276	279.6	274	270.4	268	274.2	280.6	277.6	271.2	273	268.8	264.6	264.2	256.6	254.8	252.4	251.2	248.8	247	242.8	243.6	250.2	251	252.4	256.6	256.2	261.4	272.8	278.2	280.2	279.4	273	276.6	279.4	276	273.8	278.4	281.4	275.8	268.6	259.4	250	240.8	234.4	233.2	231.4	234	237	235	231.4	227	219.8	211.6	205.8	198.6	190.4	193.4	192.2	190	189.2	184.2	178	172	165.4	160.6	156.2	148.4	137.6	128	116.8	110.8	103.6	99	98	91.4	79.4	64	49.4	33.2	27.2	25.4	23.4	20.4	15.2	14.8	22	28.4	33.2	32.8	33.2	28	26.6	24.8	25	26.4	31	39.6	45.4	48.4	53.8	56.8	67.6	109.4	166.2	220.4	297.4	389.4	408	408	408	405	405	408	402	397	398	378	380
408	408	408	408	408	408	408	408	408	408	408	408	379.2	340.2	310.2	298.2	299.4	297	286.2	279.6	276.6	277.8	169.6	86.6	52	34.6	31	35.2	36.2	37.4	36.4	41	45.4	49.2	52.2	50.2	48.2	54.2	57	53.8	48.2	49.4	51.2	66.8	90.6	123	158.2	185.2	205	216.4	225.2	230.4	235	239.8	245.8	250.8	255.2	255.4	252.6	255	259.6	249	237.8	241.6	248.6	254	258.2	251.2	248.8	253.6	259.2	260.4	264.6	260.6	259	257.4	260.6	270	277	272.2	272.6	279.6	279	274.8	269.8	269	268	260.4	258.8	263.8	260.8	257.6	254.4	245	237.4	229.8	230.2	235.2	241	241.2	246.4	254.2	260.2	262.4	262.8	267.4	264.6	261.8	263.2	262.8	263	269.6	275	269.2	266.2	262.8	251.6	242.4	237.2	234.2	229.4	230.4	229.8	227.4	230	232.4	228	226	223	216.4	206.6	195.4	190.6	193	194.4	194	191	187.2	182.2	173	163.2	158.2	154.2	147.6	138.2	125.8	118.8	112.6	104.2	98	94.8	85.4	69.4	53.4	40	26.8	20.8	24	21.4	22	18.8	13.6	20.4	27.6	33	34	34.6	32	28.8	23.6	22.8	24.6	26.8	34	42	50.2	53.6	64.2	99.6	159.8	220.6	264.4	283.8	372.6	408	408	408	408	408	408	408	408	408	408	408
408	408	408	408	408	408	408	408	408	408	408	408	395.4	346.8	291	293.4	296.4	284.4	276.6	275.4	276.6	270.6	142.4	67.8	47.4	33.8	32.6	31.4	34.8	37.8	39.8	46	51.8	51.4	47.6	49.2	51.4	51.2	54.2	49.6	48.4	46.8	50	65.8	97.2	130.2	161.6	189.4	208.2	220.4	226	230.2	234.8	244	247.6	252.4	258.4	256.8	258.8	258	257.4	250	240.2	235.2	240.8	243.6	251.6	249.2	253.6	261.8	268.8	268.4	263	260.6	255.8	254.8	259.4	260.8	272.8	268.8	272	276.4	270.8	269.2	261.4	264.4	264.2	259.8	260.4	260.8	255.8	254	256.2	248.4	242	238.6	237.2	238.2	238.2	238	246.4	247.8	251	255.6	260.4	260.8	259	260.2	259.2	254	259	262.2	260.4	257.8	259.6	259	249.4	236.2	232.2	231.2	229	234	233.6	226.6	228	228.8	231.2	228.8	224.2	222.6	211.8	198.6	195.6	195.4	196.2	194.4	191.8	191.8	187.6	179.4	167.4	160.8	153	150	141.6	131.8	120.4	111.4	103.6	98.8	95.2	84.2	70.4	56	42.6	28.6	19.6	24	23.4	23.8	23.4	19	18.8	25	31	35	35.2	35.2	33	24.8	22.8	24.6	26.4	31.6	41.8	50	53	64.2	96.8	151.8	231.6	271.2	299.4	383.4	408	408	408	408	408	408	408	408	408	408	408
408	408	408	408	408	408	408	408	408	408	408	408	408	361.8	289.8	295.2	301.2	285	276	276	277.8	276.6	194	71.6	48	37.4	35	34	35.8	33.2	37.6	47	51.2	48	45.8	50.8	50	49.2	50.2	46	44.8	42.8	47.8	67.4	101.2	132.6	168	198.8	211.2	221.2	226	230.6	234.8	243.4	249.8	257	263.6	264.2	260	253	255.8	253.8	238	224.8	221.4	230.8	243.6	238.4	241.6	253	249	244.6	247.2	252	250.2	256.6	257.2	253.4	258	257	254.8	257.6	254	249.2	253	249.8	250.6	253.4	253.8	250	246	244.8	245.6	242.6	236.4	236.6	237.2	232.4	228.4	230.8	236	236.4	244	250.4	254.8	260.6	262.8	258.6	255.8	255.2	255.2	251.4	248.2	249.4	248.4	242.4	241	233	220.8	216	219.6	228.6	229.2	223.4	224.2	228.2	228.2	223.2	212.2	209.4	205.8	193.6	184.4	182	188.6	191.4	189.8	186.2	186.8	182	168.8	163.6	159	155.8	147.6	137.4	125.4	113.8	107.8	98.8	94.6	86.6	70.4	54.6	40.6	27.8	20.2	21.6	21.8	21.6	22	19.6	18.4	22.8	28.6	33.8	34.6	35.2	33.8	28.4	23.4	24	24	28	41.4	51.2	55	61.6	96.2	190.8	251	286	305.4	341.4	389	408	408	408	408	395	399	408	408	408	408
408	408	408	408	408	408	408	408	408	408	408	408	404.4	319.8	307.2	328.2	300.6	279.6	277.8	277.2	274.8	276	199	81.8	49	37.4	35.4	37.8	40.6	35	44.6	51.8	47	46.2	48.8	48.6	45.8	50.4	51.4	45.2	41.2	40.6	47.4	71.8	112	147.2	171.6	197	213.4	219	227.2	230.6	235.6	242.6	249.2	260.8	263	261	258.8	248	251	257	235	222.8	221	229.2	239.6	237	233.2	247.4	250	243.8	234	237.2	238.6	245.8	253.8	248.8	247.6	251.6	251.6	246.2	248.4	246	250.4	250.8	249	251	251	249.2	244.8	244	244	241.6	240.8	234.4	235.6	233.4	230	231.8	240.6	250.2	254.6	258.2	260	265.4	267	260.8	254.6	258.2	256.8	252.2	245.4	245.2	245.4	238.6	233.4	227.2	218.2	214.8	220.2	226	230.8	225.8	221.2	218	220.2	215	206.8	205.2	202.2	197.4	188	183	185.6	186.6	192.2	188.6	189.4	184.2	175.6	167.2	162	156.2	149.4	138.2	125.2	118.2	108	102	94.4	88.6	73.4	59	45	32.8	21.4	21.4	22.8	23.4	22.8	21.8	21.8	22.6	28.2	33.6	35.8	32.8	31.6	31.8	25.6	21.4	26.4	30	37.2	50	55.4	59.8	95.8	199	253	296.6	323.4	348.6	367	401	408	408	408	401	408	408	406	408	408
408	408	408	408	408	408	408	408	408	408	408	408	404.4	319.8	327.6	351	305.4	280.8	276.6	276.6	238	203	175.6	121	70.4	48	36	37	33.8	35.6	48.2	48.8	44.6	44.8	47.2	46.6	42.8	50.2	47.8	43.6	42.4	41.2	45.8	67.8	112	152.8	174.4	194.6	214.8	224	226	229.6	236.2	241.6	245.8	252.6	253.2	250.6	237.4	228.4	227.4	224.2	211.2	206.2	202	202.8	206.6	208	204.4	204.8	207.4	210	212.6	210.8	215.2	223.2	224.2	224	228.4	238	232.4	227	231.8	236.4	240.4	248	247	245.6	251.2	254.4	245.2	237.8	239.2	239.6	240	233.6	230.6	237.2	236.6	235.2	241.8	250	253.6	257	258.2	254.4	258	257.4	250.2	255.4	250	243	239.2	237.2	230	224.4	217.2	214	213.4	212	207.6	209.8	211.4	210.4	206.2	200	192.4	188.8	185.8	179.4	174.6	172.6	172.6	168	166.4	164	174.2	179.4	179.8	178.2	174.4	168.4	165.4	156.2	148.8	142.2	129.6	119.4	110.8	102	98.4	92.4	82.8	65.8	51.2	38	26.4	19.2	21.4	22.4	23.8	22.8	21.8	22.8	22.8	31.6	37.2	34	33.2	32	27	24	25.8	28.2	34.6	45.2	56.6	60.4	75.2	122	215	287.6	327	378.6	376	364	364	363	362	373	385	398	408	405	408
408	408	408	408	408	408	408	408	408	408	408	408	359.4	325.2	393.6	351	291	279	279.6	280.8	227	164.8	150	103.8	52	41	35.6	32	35.6	47.6	44.8	42.2	45.2	46.4	46	48.2	50	44	38.8	37	37.4	40.8	50.4	83.4	133.2	166.2	182.8	207.8	222.6	224.8	229.2	232.8	235.8	235.4	238.6	246.6	240	233.2	228.6	218.4	211.6	205	200.4	203	202.8	198.8	197.6	193.8	197	199.8	196	196	190.8	193.4	202.4	209.2	208.8	209.2	220.8	223.6	223	216.6	215.8	230.8	242.2	241	240.2	244	247	246.2	246.8	240.8	236.2	235.2	238.8	233.6	232.6	242.2	243.2	237.8	242.4	249	257.6	260.4	256.2	253.8	251.8	250.4	247.6	248.2	247	236	228.2	229	227	222	215.4	209.4	209.6	209.2	214.2	214.4	217.2	212	202.6	195	188.6	185.2	182.2	179.6	174.6	168	165.2	160.4	155	164.6	170.4	172.8	179.6	174.6	168	169.6	164.4	156.2	146.8	138.6	131.4	120.4	109	99.4	94.8	90.8	78.6	65	47.8	34	25.8	21.6	18.4	22.8	26.4	23.8	20.8	22.8	23.8	28	32	31.6	32.2	33	28.6	24.6	21.4	29.8	35.8	44	57.2	65.6	84	157.2	245	295.8	370.8	403	396	378	370	381	384	378	380	390	408	408	408
408	408	408	408	408	408	408	408	408	408	408	408	369.6	335.4	402	354	289.8	280.8	282.6	283.8	247.6	200.6	148.6	101.4	59.4	40.4	35	30.4	37	43.2	39.6	44	48.2	50.8	48	44.6	46.4	40.4	33.8	36.8	36.4	41.8	54.2	92.2	141	171.8	192.6	213.6	224	225.2	225	232.8	236.8	236.4	233.8	223.2	215	202.6	191.6	180.8	176.4	179.6	175.8	171.8	172.2	169.4	164.8	163	172.8	175.4	166.2	161.6	158	159.8	164	168.8	171.2	175	187.4	194.8	198.2	194.8	193.2	204.8	222.6	225.8	227.4	230.8	233.4	240	239.4	234.2	234.4	235	230.4	230.6	237.2	242.2	244.6	238.4	238.8	240	239.2	240.4	236.4	240.2	237.4	228.8	227.2	221.6	220.6	218.2	217.2	211.6	205	202	196.4	197.2	193.8	191.2	187.4	183.6	187.6	188.6	183.6	172.8	161.8	164.4	170.4	165.2	153.6	154	152.8	148.8	145.2	149.8	149.2	152.6	157	157.4	159.4	164.4	158.4	153.2	149	139.8	129.6	120.2	112.6	103.8	95.8	89.6	79.8	64.6	51	35.6	28.4	23.4	16.2	21	25.6	21.6	20.6	21.6	22.6	24	31.8	32	31	33.6	33.6	27.4	22.8	28	36	42	56.6	68.6	84.4	137.2	211	283.8	371.2	408	408	408	408	408	408	408	398	389	398	402	399
408	408	408	408	408	408	408	408	408	408	408	408	385.2	399.6	393	312.6	285.6	285	286.8	282	273.6	224	152	100.2	60	40.4	35.6	40.6	45	40.8	44	42.8	42.8	44.2	47.6	45.2	37.6	31.4	31	36.2	37.4	44.4	65.2	102.6	147.2	174.8	195	218	225.4	226.4	224.4	232.2	236.6	230.4	225.6	213.2	195.6	185	177.8	171	170.6	168.4	164.2	155.4	145.2	141.2	138.2	136	137.2	136.6	133.4	126.4	129.2	132.6	132.6	136.2	144.8	150.8	162.6	174.4	180.4	188.2	185.4	185.4	198	209.6	217	221	226.6	229.8	235	231	227.4	225.4	221.4	225.4	229.6	232.6	242.2	241.4	237.6	233.8	230.2	230.8	232.4	231.4	229.6	215.8	211.2	207.6	206.8	205.2	197.2	191.2	194.2	187.8	186	191.6	194.8	192	182.6	177.4	179	172.8	167.8	164.2	163.2	158.4	155.6	161	155.8	147	150.2	152.4	151	146.2	143.2	143.6	140.4	143.4	147.8	156	157	153.2	149.6	142.6	133.8	122	112.8	104.4	97.2	91.2	81.2	69.8	55	39	30.2	26.4	19.2	18.8	26.2	24.4	21	21.8	20.4	20.6	27.8	32	29.8	33	33.6	31	25	26.8	32.6	41.8	56	72.6	87.4	138.4	213.4	277.8	374.4	408	408	408	408	408	404	404	405	392	385	397	408
408	408	408	408	408	408	408	408	408	408	408	408	402.6	408	393	312	286.2	286.8	288.6	281.4	273.6	277.2	252.8	158.8	99.6	53	38.2	47.2	48.2	43	42.8	41.2	46.6	46.2	48.2	44	37.6	29.8	29.8	34.6	36.4	45.4	68.4	109.4	156.8	185.4	202.6	221	222.2	223	226.2	231.8	230	218.2	194.4	168	159.2	153.8	152	155.8	149	145.8	143.6	131.8	124.4	122	120.8	115	102.6	96.4	95	99.2	101.6	101.8	100	100	108.6	110.4	115.2	127	137.6	141.8	144.6	154.4	164.6	179.8	198.8	203.4	204	214.4	222.8	225.6	223.4	213.8	207.8	215.6	226.4	237.2	240.2	232.4	229	226.6	219.4	214.2	209	197.6	187.8	184.4	186	186.2	179.4	162	155.8	149.2	145.2	147.4	148.4	152.2	153.8	152.2	149.8	148.8	148	146.2	146.6	145	144.2	143	141	143.6	149.4	147.6	142.6	143	143.6	137	133.6	134.2	126.2	128.6	134.8	137.2	140.6	142.6	143.2	141.6	136.6	129.6	120	108	98.4	92.4	81	66.8	56.8	40.8	30.8	27.6	23.8	18.2	21.8	25.2	22.6	24.4	22	22	24.2	32	31.8	34	34.8	31.6	28.8	28.6	33.8	46.2	60.2	79.8	112.6	178.2	235	279.8	376.4	408	408	406	394	374	368	361	369	383	373	367	389
408	408	408	408	408	408	408	408	408	408	408	408	408	408	354	290.4	290.4	292.2	283.8	277.2	280.8	283.8	265	152.8	95.6	61	49.2	52	46.4	40.2	43.6	48	46.8	50.2	47.2	36.4	31	25.8	27	34.6	39.4	54.6	82	116.2	155.4	185.6	206.6	224	226.6	227.4	225.6	224.4	213.2	199	177.6	156.2	147.4	143.2	136.6	128.4	123.4	120	110.6	106.4	103.4	96.8	86.4	83.8	81.4	78.6	79.6	86	88.6	89.4	87.8	86.2	85.2	85.6	90.4	98	110.2	117	124.6	128.4	139	151.8	167.8	178.4	181.4	191.4	204.2	209	206.2	196.8	190.2	202.4	217.6	228.4	228.2	224.2	218.6	217.8	214.4	207.2	196.8	185.6	175.4	167.2	165.2	168.8	162.4	143	132.2	127.6	118.8	114	111	115.4	117.4	120.4	120.6	124.4	127.4	128	125.2	124	130.4	131.4	134.2	133.4	138.2	140.8	136.6	135.2	134.8	131	127.2	125.2	122.2	121.8	131.6	136	137.2	139.2	139.4	137.8	135.6	130.2	123	112	100.2	92.2	85.4	70.4	60.8	45.8	33	27.6	23.4	18.8	20.4	27	23.4	22.2	24	24	23.4	29.8	29.8	34	37.2	34	27.8	28.8	33.8	50	65.4	81.8	116.4	193.8	253	287	387.2	408	408	408	402	387	383	368	366	383	384	375	396
408	408	408	408	408	408	408	408	408	408	408	408	408	408	351	290.4	292.8	294	284.4	280.8	284.4	285	282.6	203.6	89.2	56.4	53	48.8	43.6	39.4	40	44.6	47	50.2	45.2	34.6	27.8	27.8	27.4	31.6	39.4	56.6	87.4	123.8	167.8	195.2	213	226.2	221.2	217.8	221.6	208.6	192.2	176.8	155	148.6	147.8	137.6	131.6	122	111.2	104.6	97.6	93.8	87	77.2	72	65.6	67.6	75.4	73.8	66.2	65.4	62.2	63	66.4	66.4	65.8	69.6	72.8	78.2	87	93.2	101.4	115.8	122	133.4	142.2	153.4	172.4	184.2	195.2	193	181.4	185.2	199.4	213.6	218	219.2	218.4	210	197	192.4	182.2	167	160	151.6	150.6	149	142.2	127.2	115.2	112.8	108.6	99.2	93.2	94	96.4	97	97.2	97.2	99	102.2	99.6	99.4	104.6	108.6	112.8	115	113.8	117.2	116.4	119.4	121	122	121	116	115.4	118	113.2	120.6	129.8	130.6	130.2	128	126.2	128.4	128.6	123	110.6	99	94	83.4	70.8	58.2	45.6	34.6	28.8	24.4	20	20.8	26.8	23.8	20.4	23.8	25	22.6	29	32.6	32	39.6	38.6	32.6	29	36.6	50.6	67	99.4	149.4	228.2	281.4	299.6	359	388	381	381	389	392	408	408	401	408	408	408	408
408	408	408	408	408	408	408	408	408	408	408	408	408	389.4	307.8	291	300.6	290.4	284.4	286.8	288	285	282	233.8	118.8	72.4	60	44.8	34.6	36.6	44.4	45.2	48.2	52	38	26.8	23.2	23.8	27.4	31.2	44.2	68.6	97.4	123.8	169.8	201.6	221.2	229.6	219.4	214.4	207.2	194.6	181.8	168.8	148.2	133.8	131.6	125.2	116	107.4	102.2	91	81	76.2	67.2	58.8	57	54	53.2	56	54.6	47.8	44.6	48.2	50.2	51.8	54	54.4	57.2	61.4	65.4	71.4	80.2	90.2	96.6	106	115.6	125.6	134	151.8	164.6	175.8	179.8	178.2	177.6	188.6	201.2	211.4	216.6	216.8	211.8	196.2	180.8	166.4	156.6	151.6	140	135.4	135.8	130.6	114.2	104.8	98.4	91.8	85.2	79.6	80.8	80.6	78.8	73.8	75.2	70.4	69	73	78.8	78.4	80.4	81.8	85.4	87.6	91.8	91.4	93.8	100.4	105.2	107.8	106.4	107.6	114.2	117.8	118.6	124.8	127.6	130	125.8	119.2	123.8	126.8	123.2	115.8	100.4	96	87.4	74	61	45	34	29.8	25	22	22.8	22.2	21.6	22.8	22.6	25	24.6	27	32.4	33	40.2	42.2	37	31.6	33.8	45.8	73	118.6	173.6	235.6	272.2	308	368	373	361	363	378	389	408	408	406	408	408	408	395
408	408	408	408	408	408	408	408	408	408	408	408	408	387	306	292.2	301.8	292.8	285.6	286.8	288.6	285.6	283.8	282.6	254	118	69.2	49.2	35.6	40	44.4	43.2	47.2	49.4	35.6	25.6	21.6	20.8	24.2	29.6	43.2	72.8	104.6	141.8	188.6	214.4	222	224	214.2	211.4	199	179.4	167.8	156.2	137.2	130.4	126.8	115.6	108.6	103.4	98	91.4	85.8	79.6	71.4	64.8	58.4	52.2	48.2	47	48.2	46	43.6	42.8	41	44	48.4	55	55.2	56.6	59.4	64.8	72.8	80.2	85.2	93	101	113.6	122	129.6	144.6	156.2	165	180.6	184.8	189.8	193	203	206.4	199.4	196.4	186.4	166	150.4	145.4	131.4	120.6	119.2	117.8	110.2	101	94.8	83.8	75.2	68.6	67.8	68.4	65.2	60.8	57.2	53.6	53.2	54	58.6	63.2	64.6	61.6	64.6	69.6	75.6	81.8	82.8	88.8	96	100.6	104.4	105.4	105.4	111	115.6	115.8	122.2	123	119.6	117.6	114.4	115.4	118.6	121.2	119.4	106.6	97.8	89	79	62.6	45	32.2	30	25.2	20.6	19.8	20.2	21.4	24.6	21.6	22	25.8	28.8	34	34.6	40	45.4	44	39.8	38.6	49.8	91.2	173.4	224	237.2	259.4	300	362.4	352	371	391	392	399	399	399	408	408	408	408	369
408	408	408	408	408	408	408	408	408	408	408	408	408	349.2	297	301.2	301.2	293.4	289.8	289.2	288.6	285	286.2	289.2	222.2	112.2	62.8	49	43.4	46.4	43	40.2	47.2	42.8	26.8	21.4	20	19.6	23.2	35.4	57.2	86.6	109	139.4	190.4	215.2	224.8	218.6	209	201.6	181.8	163.6	152.8	140.2	129.6	123.4	114.2	106.4	104.6	102.6	99.6	97	91.8	86.8	78	68.6	62.8	57	56.4	55.2	53.6	52.2	51	50.4	48.6	46.2	48	50.4	50.8	52.6	56.4	59	66.4	74.4	79.4	84.2	91.2	102	111.6	121.4	134.8	144.4	155.8	175.2	184.6	192.8	197.4	198	203.4	197.8	184	171.6	158.8	140.8	128.4	121.2	113.2	106.6	106.2	99.4	91.4	86	78	68.2	63.8	58	53	50	46.6	44.2	40.6	40.4	46	49.2	47.2	47	50.2	53.2	58.2	61.4	66.8	71.6	76.4	84	93.4	98.4	99.4	99.2	105.6	106	105.6	109.4	116.2	119	115.2	112.2	113.2	115.2	117.4	121.6	114.6	100.8	90	82.4	69.8	48.8	34	31.6	28	23	19.2	20.8	22.8	24.6	23.2	22.2	27	30.6	34.6	33.4	40.8	50	47.6	40.4	37.4	57.6	121	207.4	265.6	266.8	272.6	313.4	368.2	361	391	408	408	404	398	390	397	403	396	399	377
408	408	408	408	408	408	408	408	408	408	408	408	408	352.8	301.2	302.4	301.8	295.2	291	290.4	288	285.6	289.2	289.8	223.8	129.2	77.8	50	45.2	47.2	41.2	42.2	46.6	36.4	25.6	21	20	19.6	23.6	38	63	87.2	111.4	159.6	205.8	220	225.8	215.2	209.6	191.8	166	148.4	143.4	136.4	126.6	120.2	113.8	111.8	110.8	111.2	113	107.6	99.2	93.8	87	82.6	73.2	65.8	63.6	62	61.6	61	59.4	57.8	56.4	57.6	54.8	55.6	57.4	58.2	58.4	61.6	67	72.4	76.8	81.8	88	94.8	107.4	120.8	130.4	140.4	160	180.2	184	187.8	199.2	201.2	198.2	190	179.4	167.8	152.4	137.4	123.8	110.2	101.8	95.6	93.6	88	81.4	74.6	69.4	67.4	58.2	56.4	53.2	50.2	46.2	43.8	44.8	44.8	45.6	50.4	52.6	54.2	58	59.2	61.2	63	65.2	70.6	75.4	85.2	91.6	91.8	98.8	101.2	105.4	110	109	107.6	111.6	114.2	113.6	107.6	106.2	109.4	110.6	115.8	113.2	101.8	94.2	87	74	50.4	33.6	31.6	26.8	23	19.8	22.8	19.8	24	22.2	19.8	22.8	24.8	33.4	36	37.6	48.2	49.6	39.2	47.4	83.8	169.4	264	286.2	264.4	272	307.6	378	408	408	408	408	408	408	394	369	363	374	382	406
408	408	408	408	408	408	408	408	408	408	408	408	408	375.6	327	306	302.4	297.6	294	291	292.2	291	289.2	289.8	226.8	130.6	76.6	54.2	49.2	43.2	39.2	40.8	41.2	36.8	30.4	23.2	20.6	20.2	23.8	40.4	64.4	88.2	111.4	158.6	204	219	225	218.2	203.6	189.8	161.6	151.8	142.4	129	126	120	112.8	117.2	118.8	113.4	114.6	109.4	98.8	91	82.2	72.6	63.6	56.8	53	50	45	44.8	43.6	40.6	39.4	40.2	45	47.6	50.6	53.6	55	57.8	65.8	67	70	75.2	81.8	86.4	96.4	113.4	126.6	141.2	159.6	187	199	197.6	205.4	210.4	203.4	189.2	178.2	166.6	151.4	133.2	118	106.2	94.4	89.4	85.8	81.2	76	67	64.2	60.2	56.4	55.4	52.2	48.2	44.8	44	42.8	43.8	47.4	48.6	52	55.2	58.6	57.2	58.2	60	62.8	67	71.4	75.2	79.4	82.4	86	90.6	92.4	96.6	103	109.6	114.4	118.4	116.4	109.6	110.4	107.8	110.6	115.6	120.6	112.2	101.4	92.4	76.8	51	29.6	26.8	28	27	25.6	22.2	23.4	25.8	23.8	19.8	18.6	24.6	33	36	36.8	44.6	52.8	49.2	60	103.6	182.8	258	267.2	258.8	277.8	325.4	371	408	408	408	408	408	408	408	376	362	373	391	408
408	408	408	408	408	408	408	408	408	408	408	408	408	354.6	316.2	307.8	307.2	295.2	293.4	294	293.4	292.8	290.4	263	194.2	154.6	96.8	61.2	63	49.8	42	49.4	44.6	33.8	22.8	20.2	19.6	20.8	28.6	48.8	76.8	101.6	127.6	179	217	226.2	223.4	205.2	193.6	166.4	144.6	140.8	131.4	125.6	123.8	118.4	117.6	114.8	115.4	118.4	115.4	111.4	97.4	84.8	77.4	68.4	61.6	56	47.2	42.6	42.4	39.6	34.8	33.2	30.6	29.8	33.4	39	45.6	48	51.6	57.6	62.4	67.8	71.2	77	84.2	91.6	102.8	119.4	137.2	151.6	174.2	201.2	214.6	221	216.6	218	214.2	203.6	184.6	168.2	149.8	131	114.4	103.4	91.6	84	78	71.6	66.8	60.4	57.8	54.6	53.6	52.2	48.2	42.8	39.8	38.6	37.4	38.4	38.4	41.6	45	48	51.4	56.2	61.2	62.8	66	68.4	70.6	76.6	82.6	83.8	84.4	86.6	91.8	99.8	105.2	113	118.4	120.6	116	115.4	114.4	107.2	104.2	109.2	115.4	109.8	96.4	92.2	81.8	58.8	31.8	28	30.6	28.8	25	23.8	22.8	22.6	23.4	18.6	20.2	26.2	36.8	40.2	36.6	48.2	53.4	55.8	72.6	131.8	219	264.2	254.2	265	296.4	339	382	352	349	377	403	401	394	405	401	377	366	367	375
408	408	408	408	408	408	408	408	408	408	408	408	408	376.8	327.6	312.6	312	297	294.6	301.2	298.2	289.2	289.2	257.4	199	175.6	113.2	74.4	60.6	45.8	49	46.6	34.6	29.2	22.8	22.8	20.2	23.6	35.4	66	94.6	109.2	131.2	180.8	221	227	221.2	201.6	182.2	164.6	149.2	139	132.4	130	126.4	121.6	118.4	111.4	102	97	95.8	91.8	85	75.2	65.2	58	56.4	55.6	54.4	47.8	44.6	42	37.8	34	32.4	29.8	24.8	27.8	32.8	39.6	45.8	50.8	55.2	62.2	66.4	69.8	77	85.6	100.6	116.8	133.6	159.4	190.6	226.6	243.4	253.8	258	247.4	233.6	222	204	182.4	159.6	135.6	116.2	98.4	89.2	81.8	71.4	62.8	59.6	54.4	50.6	45.6	40.2	36.8	29.8	26.4	23.2	22.4	20.2	23	25.6	28.4	29.6	32.2	33.8	37.8	39	42.6	48.8	55.6	62.2	70.4	75.6	78.4	81.6	85.4	89.6	94.8	100.8	102.6	107.6	114.2	113.6	117.2	116.2	111.2	109	110	118.2	111.2	97.8	93	84.8	64	36.6	28.4	30	29	25.8	25	23.2	22	25.8	19.8	20.4	28.2	38.8	42.6	41.6	52.2	58	61	84.8	142.8	242.4	280	249.2	262.4	295.6	339.2	370	347	342	361	385	382	378	394	403	387	366	359	360
408	408	408	408	408	408	408	408	408	408	408	408	408	396.6	338.4	314.4	316.2	298.8	297.6	303	297.6	288.6	289.2	291	251.8	201	178	127.2	74.2	56.8	53.6	49.2	37.2	31.4	28.8	26.2	22.4	26.2	41.8	68.2	96.4	113.4	144	197.2	228.8	233.4	223.6	207.4	190.4	170.6	159	150.2	141.8	130.2	125	120.4	118.8	111.4	102.6	95.6	86.8	78.6	69.2	64.4	60.8	61	60.8	61.4	60.8	55.6	49.4	47	42.6	38.6	37.8	35.8	32.4	27.4	24.8	31	36.6	43.8	49.8	53.2	61.6	67.4	74.2	87	105	121.2	142.6	174.4	206.2	238.4	262.2	271.6	262.8	252.8	248.6	233.8	218	199.2	173.6	145.6	120.8	102.6	88.2	76.4	65.6	57.6	51	45.6	41.8	37.2	32.6	27.2	22.6	20.4	20	20	22.6	24.8	29.2	30.8	34	38	39.6	38	38	37.8	38	40.8	50.4	61.2	71.2	75	80.4	85.2	88.2	91	95.2	98.6	100.8	109.4	113.6	116.8	117.6	117.6	115.6	114.8	119.8	118.2	105	95.2	90	68.4	37.6	26	30	27.6	25.8	24.4	23.2	22	24.6	22.8	17.2	25.8	34.6	41.8	44.2	51	67	96.8	144.6	184.8	212.2	238.8	234.8	246.6	265.6	314.4	391	392	389	371	359	373	388	404	408	408	389	369	377
408	408	408	408	408	408	408	408	408	408	408	408	408	389.4	330.6	311.4	303.6	302.4	304.8	297	289.2	289.8	292.2	291	283.8	242.4	213.8	144.2	76.6	63.6	57.2	41.6	31.8	30.2	28.2	26.6	26.8	34	53.2	82.4	105.6	116.6	142.8	199.2	230.6	235.6	223.6	207.6	188.6	172.2	164.6	150.6	138.6	123.8	115.6	109.4	105.6	101.8	98.2	89.6	72	59	54.4	54.4	57.4	52	41.6	37.2	30.6	22.8	20.2	16.8	19.2	18.4	23.6	27.8	29	30.4	28.4	27.8	29	34.4	39.2	47.4	54.4	62.8	69.2	80.2	98.2	120.8	147.8	186.8	226.2	255	276	287.2	287.8	280.2	270	262	244.8	221	185	152.2	122.2	103.4	88	72.6	58.6	51	46.6	39	34	29.6	24.2	23.8	22.4	23.2	25.4	26	25.8	26.4	27	26.4	27.4	30.8	36	38.8	41.6	41.6	39.2	34	31.4	35.4	44.6	56.8	68.2	77	83.6	85.8	90.8	93.4	94.8	99.8	104.8	109.2	113.4	117.6	115.8	118.4	121.4	120	112	98.8	93.2	75.6	41.8	26.6	28.8	28.8	24.6	23.8	20.8	18.4	21.6	23.8	15.6	21.4	37.2	42.4	45.2	51.4	78	129.8	198.8	242.2	233	220	230.6	248.2	262.6	330.2	401	404	394	381	374	392	408	408	408	408	399	371	377
408	408	408	408	408	408	408	408	408	408	408	408	408	398.4	337.2	310.2	307.2	305.4	303.6	297	289.2	291	294	291	293.4	290.4	286.2	245.4	152.8	92.6	68	51.8	37.4	30.6	23.6	25	25.4	35.8	56.4	86.4	106.8	121.2	165.2	219	231	234.6	224.8	202.6	183	163.4	153.4	144	134	125.4	120.6	114.2	106.8	95.6	79.6	61.2	53.4	57.6	64.8	69.2	66.2	51.2	37.4	31.4	30.2	18.2	14.4	14	15.8	15.4	18.4	23.2	28.4	29.6	30	29	29.8	33	36.4	40.8	49	58	68	78	97	126.6	161	202	245.6	279.6	286.8	303.4	311.2	303.6	304.4	293.8	267.6	236.2	201.4	163.8	130	105.8	83	62	51	46.8	40	33.8	29.8	23.4	20.2	22.4	25.8	27.6	29.8	27	25.2	23.4	23.8	22.6	22.6	26.8	30.6	34.4	40.4	42.8	46.6	44.8	43	38	36.8	42.6	56.8	69.2	75.6	84	88.8	90.4	93	94.2	101	107.2	112.8	117	118	124.2	126.6	123.6	119.2	104.2	96.8	79.2	42.8	25.6	28.6	31.6	25.8	21.4	21.2	20.4	21.6	22.8	17.8	20.4	35.8	45.4	47.2	58	115	169.8	203.4	279.6	294	286.8	266	256.6	254.2	322.6	401	408	408	408	404	406	408	408	408	408	408	398	368
408	408	408	408	408	408	408	408	408	408	408	408	408	385.8	322.2	315.6	313.8	304.8	301.8	292.8	291	298.2	294.6	291	292.8	288.6	291	272	184.8	110.2	76.8	52.8	42.4	32.4	25	25	27.8	44.6	71.6	99.4	110	123	165.6	220.2	234.2	234.2	224.6	205.4	191	170.4	150.2	139	127.8	116.6	108	107.6	103.8	85	60.8	50.4	56.2	67.6	74.2	71.8	55.4	37.6	31.8	18	12	15.4	15.2	13	17	18.4	20	26.4	22.6	22.6	29.8	29.8	31.2	33.4	34.8	38.6	46.8	53.8	63.8	74.4	92.2	127.4	164	203.4	245.2	287.4	302.4	309.4	317.2	317	317	299.4	276	241	202.2	171.4	138	109.8	87	61.4	49	43.2	35.6	30.2	26.6	26.2	27	29.4	30.6	26.8	27	25	14.6	16	16	7	5.2	8.8	9.8	10	14.4	15.6	25.2	32	39.8	43	41.6	37	37	48.8	63.4	75	84	91.2	95	95.4	97.8	103.6	109.4	118.2	125.6	127.4	131	129.4	121.4	107.8	95	83.8	52.2	27.2	28.4	29.8	24.6	22.6	23.6	20.2	17.8	20.4	20.2	22.4	37.4	49.8	48.8	69.2	136.2	167.6	172	250.6	289.2	286.2	274.6	261.2	263.8	339.6	396	408	408	408	408	395	399	408	408	408	408	408	376
408	408	408	408	408	408	408	408	408	408	408	408	403.8	387	361.8	328.2	312.6	312.6	307.8	298.2	294.6	297	297.6	293.4	291	292.8	291	274.4	240.2	161.2	117.8	113	87	63.4	42.8	28.6	28.6	41	62.8	86	109.6	133.4	188.4	228.6	239.2	240.4	224.6	208.4	194.4	174.6	156.6	144.6	135.2	125.6	113	93.6	73.8	62	54	52.8	51.8	55.8	63.8	66.8	64.6	50	38.8	33.4	25	20.2	18.4	20.4	22.4	23.2	26	28.6	27.6	25.8	25.8	28.4	33.6	35.4	36.8	45.6	53.8	60.4	68	80.2	101.6	132.2	165.8	206	246.8	279	306.4	318.2	328	328	326	327.6	299.4	255	219.6	185.4	147.4	112.2	81.8	60.8	50.8	42.8	36.4	31.4	27.8	28	27	27.8	25.8	25	26.2	25.2	20	18.4	14.2	11.2	10	8.2	15	14.4	13.2	14.2	19.6	26.6	32.6	42.8	51	50.8	41	35	50	66.4	79.4	88.2	93.4	96	97	102.4	111	118.8	128.6	140.4	146.6	144.6	137	123.2	106.2	88	52.8	22.8	22.2	29.2	28.2	24.6	27	22.4	16.6	23.6	36.4	49.4	67.8	88.4	91.2	90.6	115.8	153.6	181	206.6	228	234.6	247.6	273.8	285.2	304.4	348.2	362	375	405	395	352	337	345	354	363	361	378	395
408	408	408	408	408	408	408	408	408	408	408	398.4	365.4	336.6	339.6	337.2	322.2	315.6	305.4	294	301.2	301.8	296.4	292.2	294.6	296.4	297	289.8	245.8	173.4	140.2	112.6	96	73.8	43	31.4	37.4	59.6	89.8	107.6	119.4	137	189.8	231.2	238.8	235.8	221	201	186	169.8	154.2	139	123.6	115	107.4	93.2	80.4	71.6	68.2	64.2	63.2	72.4	76.4	81.8	77.2	57	47.6	43.4	36.4	31.2	33.6	36.4	43.6	40.8	38.8	45	40.4	34.4	29	27.6	30.2	35.6	44.2	54.2	66.2	70.6	70.6	84.6	108.4	140.2	177.6	219	266.8	303.4	319	326	332	334	326	311	282.2	251.4	215	183.8	148.8	117.8	88.2	64.4	49.8	42.6	37	37	33.8	28.4	23.8	20.4	20.8	28.8	38.4	35.8	21.4	22.8	17.4	11.4	13	12	10.8	16	14.2	15.6	27.6	34.6	30	30.4	35.6	43.4	46.8	42.2	39.8	54	70	83	89.4	93.4	96.6	101.2	108	116.8	126.6	135	141.2	141	132.4	117	105.2	88	60.2	29.4	26.8	35.6	28	26.8	27	22.2	21	28.6	41.8	60.4	89.4	115	116.8	126	172	188.6	180.4	191.8	210.8	216.8	241.2	288.4	328.6	370.4	364	355	368	405	401	361	335	334	331	330	334	363	389
408	408	408	408	408	408	408	408	408	408	408	408	389.4	348	350.4	355.2	335.4	324.6	310.2	297.6	302.4	303	297	293.4	298.2	298.8	298.2	292.8	241	171.4	146	115.8	103.8	90	62	37.4	43.6	66.4	95.6	113.2	120.8	153.4	213.4	236.2	238.2	241.2	221.8	201.6	186.2	168	155.4	138	116.8	103.4	92.4	85.8	86	87.2	84.8	88.8	94.4	102.4	100.2	100.8	101	89	77	72.8	64.4	57.6	56	57	63.8	56.4	55.8	59.8	54.8	47.8	41.6	39.2	46.6	56	70.4	82.2	90.2	94.8	87.4	95.6	118.6	148.2	179.6	217.2	259.8	302.2	324	330	335	335	334	318.4	285.4	249.6	210.2	179.2	148.8	115	89.2	69.8	56.4	51	50.8	48.6	35.4	24.2	22.6	23	28.6	37.6	44.8	47.8	39.6	37.2	35.2	28	26.8	27.8	27.8	26.4	27.4	27.2	39.8	45.4	40.8	34.4	33.8	39.6	46.4	46.4	41.6	46.4	56.8	68	78.6	85.4	91	99.4	108.8	117.2	129.2	138.2	148.2	146.6	137.6	124.8	109.2	89.8	56.2	27.2	22.4	33.8	32	25.6	26.6	29.4	41.6	50	59.8	77.6	96.2	115.2	130	157	224.6	253.6	219.8	196	207.4	226.4	243.6	257.8	276.2	343.2	380	381	367	375	396	401	388	367	353	349	352	360	376
408	408	408	408	408	408	408	408	408	408	408	408	400.2	374.4	375.6	364.2	349.8	344.4	319.2	307.2	310.2	303.6	300.6	303	305.4	303.6	299.4	293.4	238	165.4	135	106	99.4	91.4	64.6	47.2	61.4	85.2	108.8	118.4	122.6	150.4	207.2	233.2	233.6	234.8	223	202.6	191.6	176.6	157.8	141	131	114.2	109.8	115.2	112.4	110.4	111.6	120.4	132.4	139.2	134.4	127.4	132.2	128.2	118	113.2	110	106	98.4	99.4	102.4	97.6	88.8	82.8	78.6	73.4	66.8	67.2	71	77.6	87.4	97.4	105.6	110.4	104.4	110.2	134	153.4	184.2	224.2	262.8	298.2	323	326	327	332	325.8	309	279.2	248.2	215.4	193.4	166	130.8	100.4	77.8	69	65.6	63.4	54.4	43.6	33.8	33.8	35.4	39	46.8	54.2	60.4	56.4	50.4	50.6	48.2	44.6	44	48.2	46.4	45.4	48.8	64.6	63.8	57	52.8	45.4	45.2	48.6	49.4	47.6	46.4	53	63.6	74.8	84.4	93.6	103	113.8	125	133.8	139	146.4	148	140.2	125.4	111	95	64.4	32.4	23.2	30	29.8	30.2	31	31.4	51.2	64.6	69.2	83.4	96.4	104.2	118.4	146	205.4	250.2	236	194.6	202.8	231.6	257.4	275.2	311.2	346	374	384	368	366	385	408	408	394	384	380	375	375	378
408	408	408	408	408	408	408	408	408	408	408	408	405	384.6	375	370.2	354.6	345	326.4	309.6	310.2	305.4	304.8	307.8	308.4	305.4	301.2	265.2	166.4	121	93	71.8	75.4	92	77.6	66.6	77.2	92	108.6	118.4	130	174.8	228.4	246.4	247.2	242	229	214	203.6	186.8	172.2	154.8	141	128.8	122.2	131.2	138.6	146.4	157.2	163.6	167.2	166.4	159	149.6	145.8	143.6	136.2	129.2	124.6	119	117.8	112.6	107.6	107	100.6	92	88.4	86.4	85.2	85.4	88.4	94.8	99.4	109.2	115.8	117.6	120.4	127	144.2	161.4	187.2	228.2	262.8	295.4	319	323	328	337	330.4	317.2	279.2	239	209.2	189.8	165.6	135.2	113	89.8	83.4	82	76	68.6	63.6	61	57.2	55.6	53.8	56.8	64	70.2	73.6	70.2	69	67	60.8	61.6	65.4	61.8	59.6	62	74	76.6	71.2	69	67.4	66.6	65.8	64	58.6	52	55.8	66.8	77.8	87.8	96.4	104.8	115.4	131.8	141.6	149.4	151.6	153	144.8	134	117.2	98.4	66.2	31.8	21.8	26	30.8	30	32	44.8	68.2	79.6	80.6	75.2	65	71.4	88.6	117.2	165	230.6	261	231.6	210	225.4	267.2	325.2	381	380	362	363	387	398	382	396	408	408	408	408	408	408	408
408	408	408	408	408	408	408	408	408	408	408	408	401.4	375	393.6	387	362.4	357.6	325.2	312.6	313.8	319.2	333	331.2	323.4	312	303	249	158	116.6	85	75	73.8	94	101	93.2	98	109.6	118.8	121.6	130	173.4	233.8	257.4	255.6	255	245.4	233.2	221.4	203.8	182.6	168.6	157.2	154.6	150.6	150.4	159.2	165.2	172	176.2	183.4	188	176.4	165.6	159.8	153	144.2	142.4	140.8	133.4	123.8	117.6	113.4	110.8	106.4	101.8	99.6	95.2	97.8	100.6	100.6	103.4	106.8	108.6	121.6	129.2	141.4	152.2	156.6	164.2	189.6	229	263	287	309.2	316.6	312.4	320.8	315.2	302.6	278.6	241	213	195	181	155.4	133.2	107.6	94.2	90	86.8	83.6	84.4	83	77.2	77.6	75.4	77	84.6	88	93.8	97.8	98.6	100.2	106.2	109.4	114	106.6	103	100.8	101.6	99.6	90.6	93.8	97.6	97.6	94.6	87.4	80	73.6	68.6	71.2	81.4	94.8	102	112.4	128.4	140.6	145.8	153.6	156.4	157.4	151.2	139.8	122.8	102.8	74.4	37	22.8	26.4	30.2	28.8	33.8	45.4	66.4	78.8	83.6	68.8	59.6	71.2	83.6	103.8	151.6	207.2	238.6	234.8	221	228	295.6	381.2	405	384	364	360	381	405	395	398	408	408	404	399	408	408	408
408	408	408	408	408	408	408	408	408	408	408	408	400.8	370.8	398.4	404.4	378.6	367.2	332.4	315.6	316.8	325.2	344.4	342	332.4	316.2	295.4	183	122.2	97.2	85	82	80.6	89.6	111.2	117.2	117.6	115.4	120.4	122	132.2	183.8	241.8	257.4	251.8	247.2	241.8	232.6	225.2	207.2	196.4	189.8	182.8	183.4	185.8	186.6	187.6	190.2	189.6	182.6	181.8	184	179.2	173	168	167	155.4	153.6	149	140	135.2	131.4	124.2	120	117.8	110.6	111.4	111.4	113.2	117.6	115.2	113.6	115.8	118.8	127.4	143.2	159.2	167	169.6	174.6	202.4	237	265.8	284.2	299.4	312.8	307.6	311.6	306	290.4	268.2	235.6	212.4	190.2	174.8	157.2	143.2	123.6	112.4	100	90	88.6	83.6	84	84.8	82.2	82.2	86.6	89.2	91.4	96.2	102.8	103.8	104.6	110.8	119.2	128.4	114.2	103.8	104.8	108.4	104	98.6	102.8	108.6	112.6	111.6	111	105.2	101.2	100.6	100	107	117.4	129	141.2	145	150.4	156.8	161.8	165.2	162.6	154.2	145.6	127.8	104	75.2	37.2	21.2	25.2	29.8	31.4	37.8	47.6	66.4	76.4	64.6	50.2	52.6	66.4	77.6	95.2	131.2	186	211.4	233.4	249.8	234.2	259.4	332.4	353	361	380	388	377	376	388	406	408	408	383	369	387	399	392
408	408	408	408	408	408	408	408	408	408	408	408	393.6	403.8	408	408	406.2	366	335.4	326.4	333	357.6	365.4	345	328.8	313.8	286.6	173.8	123.2	96.6	85	82.6	83.4	93.4	117.2	134.2	146.2	137	123.2	123.2	133.4	175.2	226.6	244.6	242.6	237.2	230.4	228.2	225.4	220.4	218.6	215	207.2	202.6	198.8	195.2	185.8	187.6	190.4	186.8	189.2	188.2	187.8	188.2	187.6	181.2	175.2	170.6	169.6	163.8	155.2	148	134.6	125.4	120.6	121.4	117.6	120.8	123.8	126.4	129.4	136	135.2	141.8	162.4	177.6	187.2	184.6	171.6	174.6	203.4	241.4	276.6	296.2	311	325	324	324	313.6	290.4	259.8	226.2	211.6	198.6	180.8	169	158.8	148.8	134	121.8	105.4	98.6	89.8	86.2	84.8	88.4	94.8	98	101	104	108.2	111.6	111.6	113.4	114	115	112.8	116.2	116.2	115	121.8	113.4	110	112.2	117	122	127.2	132.2	131	126.4	121.6	121.4	121.8	124.6	137.4	151.4	155	160.4	163.6	164.6	168.2	164.4	157.4	147.2	132.4	113	84.6	44.8	23.8	25.6	31.2	34.4	39.8	48.8	66.4	74.4	62.4	52	55.6	68.4	76.4	90.6	115.6	167.6	213.4	245.8	276.8	265.4	302.2	347	356	366	380	389	377	377	383	394	398	392	377	367	374	380	373
408	408	408	408	408	408	408	408	408	408	408	408	398.4	408	408	408	408	376.2	351	337.8	339.6	370.2	379.8	360	341.4	311.8	207.2	135.6	110.6	96.8	95.2	92.6	95	110.8	130.2	148.6	159.2	139.2	124	123	140.2	197.4	241.4	250.8	247.8	242.2	237.8	237.4	237.2	236.6	237.8	234.8	229	223.4	217.4	213.8	209.2	201	190.4	184.6	187.6	188.6	186	187.6	189	187.6	181.6	176.4	173.8	167.8	160.6	153.8	149.2	148.2	143	143.4	146.6	145.8	145	142.6	153	166.4	167	175.8	191	204.4	204.4	197	182.6	184.8	202.6	235.8	271.8	303	322	327	319	319	323.6	293	255.4	222.2	202.6	190.4	175.8	169.2	165.6	163.6	155.6	139.8	124.4	114	109.4	100.4	95.2	95.2	99	102.4	111.6	117.4	119.4	122.2	121.8	123.4	122.8	121	120	125.6	128.6	129.2	131.2	125	124	127.6	128.4	136.2	141.2	142.2	147.4	148.8	145.4	141	142.2	150.2	151	155.8	162.4	166.4	169.8	172.6	170.4	171	165.6	152.4	136.2	115.8	84.2	43.6	24.4	24.8	32.6	38	44.4	60	68.8	63.8	62.8	57	56.8	67	75.4	84.6	102.6	154.8	235.4	261.4	279	288.2	346.2	408	408	408	377	338	345	385	395	347	330	342	360	378	395	401	389
408	408	408	408	408	408	408	408	408	408	408	408	408	408	408	408	408	401.4	391.2	360	379.8	408	400.2	372	346.2	315.6	201.2	141.6	117.2	100.4	100.4	102.4	103.6	120.2	139.2	160	175.8	147.4	126.8	126	141.4	199.4	254	265.8	264	258.2	248	243.4	247.6	241.4	239.8	233	231.4	227.2	226.2	222	220.6	214	196.6	190.6	189	184.6	173.2	165.2	163.4	161.4	159	154.6	155.6	154.6	154.6	156.8	160.6	159	163.8	170.6	174.8	179	182	182.4	187.8	194.2	195.2	203.2	215.8	220.6	208.8	190.2	178.8	182.8	205.4	238.6	268.2	301	320	332	325	317	319.8	298.4	267.4	229	200.4	192.4	180.6	170	172	175.8	174	168.6	154.8	143.2	136.6	126.8	113	104.2	101.8	101.6	106.4	118.4	127.8	127.6	130.8	130.4	133.6	140.2	138.2	142.6	141.2	142.6	147.2	144.2	143.4	147.6	148	151.4	150.2	150	154.2	168.2	169.6	163.4	163.6	168.2	167.4	168.4	170.4	174.4	177.6	179	174.4	170	169.2	154.8	139.4	120	90.2	54	30.2	27.4	32.2	36.6	46	65.2	68.4	64.6	71	69.4	64	69.2	72.6	76.4	90.4	131	217.2	251.2	260.4	293.4	365.8	398	401	403	377	328	327	370	387.4	350	326	348	376	390	404	408	408
408	408	408	408	408	408	408	408	408	408	408	408	408	408	408	408	408	408	400.8	366.6	388.8	408	402	376.2	355.2	283.4	169.8	133.4	114.6	108	118.4	125.4	121.8	131.8	130.4	152	175	145.6	126.4	127.8	150.2	216.4	266.2	267.2	263.2	259.8	252	245.6	243.8	242.2	240.6	240.4	238.4	242.2	239.2	231.4	234.8	227	225.2	226	224.2	215	199.4	194.6	197	197.4	193.8	196.2	198.2	199.8	204.4	196.4	190.8	190	194.6	201	201.6	209	218.4	215.6	224	230	230	231	231.6	234	217.2	196.2	189.4	198.6	213.4	242.8	273.6	312	332	339	327	323	331	305	267.2	224.4	193.2	181.6	171.2	167.8	175.2	178.8	182	182.6	176.2	168.6	165.2	158.6	149.4	137.6	128.4	120.6	116.6	124.2	131	138	139	139.4	147.2	152.2	159.8	163.4	162.8	159.8	158.4	154.8	156.4	159.2	160	156.6	154.6	157.4	163.8	176.2	183	180.4	173.6	174	179.4	184.2	186.6	188.6	188.8	189.8	186.8	180	175.4	161	140.4	119.6	89	51.6	28.2	26.2	32.2	44.6	56.6	75.8	73.4	73.8	83.6	83	77	76.2	76	73.6	84.8	109.4	172.2	219.2	236.6	275.6	340.8	353	348	353	350	334	311	327	346	357	353	349	368	375	357	357	398
408	408	408	408	408	408	408	408	408	408	408	408	408	408	408	408	408	408	406.2	387	408	402	376.2	367.8	372	295	174.4	135	121.6	118.2	129.4	136.4	134.2	136.2	137.6	175.4	188	152.8	127.2	128.8	145.6	210.8	266.8	267.8	265.2	260.2	247.4	240.2	242.8	247.6	252.6	254	248.8	243.2	240.8	242.4	245	248.6	249.2	249	251.4	244.2	239.8	238	241.6	238.6	234.6	240.2	236.6	233.6	238.6	230.8	220.4	216.8	218	219	226.4	238	242.8	239.6	239.4	246	246.8	245	241.4	228.6	212.2	192	186.8	201	223	245.8	274.4	306	326	335	328	324	324.4	305.2	274	229.2	195.8	181.6	171	171.2	180	184	181.8	186.2	188.2	188	190.2	190.4	180.6	172.2	163.2	151	138.8	132.4	132	133.6	132.6	134.6	139.8	143	144.4	142.8	144.6	143.6	142.4	144.4	145.6	146.4	148	150.6	153.8	164.6	175.8	175.8	183.8	194.4	194.2	190.4	189.2	185.2	188.4	192.4	196.4	192.6	189	182.8	173	161.4	145.4	123.8	95	56.8	32	28.4	35	45.8	58.8	79.6	79	79.4	92.6	94	86.6	78.4	71.4	67.6	76	99.8	158.4	216.8	239	305.4	362.6	353	345	350	354	338	312	318	337	355	354	338	349	356	345	346	380
408	408	408	408	408	408	408	408	408	408	408	408	408	408	408	408	408	408	408	392.4	408	400.2	373.8	372	372.8	271	171.6	128.6	132.2	140	148.2	145.6	143.4	146.4	156.6	185.6	185.8	151.2	127.6	127.4	152	226.4	262.2	259.4	261.4	258.6	246	242.8	253.2	261.6	261.8	263	254	245.4	257.6	259.8	255.4	262	263.4	262.4	262.2	261	268.2	273.6	267.4	265.8	260.2	260.4	258.6	260.2	259.6	251.4	253.8	254.8	251.6	243	249.6	263.2	267	262.4	257.2	254	247.2	245.8	242.4	230.4	213	196.6	195.8	208	224	248.4	286.4	318	325	327	326	322	319	295.4	261.4	223.8	192.4	178	171.6	168.8	179.8	189.4	189	193.4	197.4	198.8	206.2	214.8	215.6	210.8	198	188	176.2	165.2	155.4	147.4	148	144	151.6	159.8	158.2	156.8	159.4	161.6	161.2	163.8	163.8	162.2	166.6	171.6	178.4	187.2	196	189.4	186.6	196.2	201	199.2	195.4	191.8	192.4	193	193.4	189.6	186.2	183	177.4	167.4	150.4	126.4	95.6	55.2	32.6	26.8	37.2	57	72.8	86.6	83.6	91.6	101.8	102.6	93.8	86.2	76.4	68.6	73.6	91.4	137.6	205.4	217.6	267.4	327.6	331	325	333	339	330	315	335	348	356	371	366	362	366	383	387	367
408	408	408	408	408	408	408	408	408	408	408	408	408	408	408	408	408	408	408	408	408	408	404.4	408	392	289	179	133	135	139.8	151.2	147.6	145.4	145.2	170.6	204.2	187.8	158.6	133	130.2	149.6	213.6	258.2	263	262.4	260	264	263	268.4	268	262.8	261.4	262.8	264	269.2	273	277.2	275.6	277.6	285.6	283.8	281.2	286.8	292	299.8	295	284.8	282	279	285	294.8	295.8	297.2	299.4	294.2	281.4	276.2	280.2	282.6	270.6	257.2	255	249.8	251.2	241.2	220.4	202.6	189.8	192.8	215.2	232	254.8	285	309	320	327	326	318	305.2	292	266.2	235.6	201.6	181.4	176.6	175.6	185	189	192	193.6	200.4	201.6	210.2	221.2	230.2	237.4	233.4	225.2	218	213.8	210.6	194.6	182	177.4	171.2	171.8	172.6	163.2	162.4	170.2	173.4	177.2	180	184.6	195.2	200	205.8	207.6	206.2	209.2	205.8	196	192.4	198.4	201.4	202.2	202.6	201.6	200	199.4	188	181.4	175.6	166	151.2	132.2	104.6	61	37.2	33.8	41	63.4	76.6	87	89	95.6	106.6	113	99.8	88.6	77	64	69.8	89.8	125.2	189	208.6	267.6	318	323	334	341	341	333	317	333	350	364	387	380	373	368	387	389	368
408	408	408	408	408	408	408	408	408	408	408	408	408	408	408	408	408	408	408	408	408	408	408	408	349	266	187.2	131.4	144	148.4	154.4	151.6	155.8	155.6	177.8	219.4	195.8	166.2	143.6	127	158.4	234.4	265.2	267	261.8	266	271.8	268.4	270.2	269.6	263	264.2	271.2	278	283.4	290.6	295	294.8	298.4	297.6	304.2	311.2	313.2	316.2	317	315.2	309.4	303	297.6	302.6	309.4	312.8	310	304.8	309	308.4	303.6	294	286.2	270.8	253.8	246	242.8	244.2	238	223.4	205.8	194.4	201	220.4	237.2	260	286.6	307.4	324	323	312	309	302.6	286	263.6	235.2	198.6	178.2	172.6	174	185	189.4	194.4	193.4	199	207.2	213.2	220	233.2	240.6	249.8	253	246.6	242.2	233	225	223.6	219.8	210.8	206.8	202.4	193.6	188.4	187.4	188.8	193	200.2	207.4	211	212.8	214.6	216	211.4	212.8	213.2	207.8	198.2	197.2	202.8	205.2	205.2	205.2	198.2	197.4	191.6	185	176.6	166.2	153.8	134.4	102.2	57.4	34.8	32.8	48.4	79.6	86	98.6	107.8	108.4	108.6	114	107.2	91.8	83	67.8	68	90	117	168.4	201.8	254.8	310.6	310	322	345	353	359	338	325	328	342	364	369	362	340	332	342	345
408	408	408	408	408	408	408	408	408	408	408	408	408	408	408	408	408	408	408	408	408	408	408	408	340	267	195.2	144	143.2	150.8	154.4	146.8	153.2	157.4	195.4	229	205.2	173.6	152.8	130	151.4	230.8	267.6	270	268.2	270.6	271.6	265.4	267.2	267	271	281	287.8	289	292	297	301	302	309	311	316	322	324	322	320	324	319	311	304	303	308	313	313	306	309	309	304.2	292.2	285.6	277.2	257.6	248.6	243.6	243	233.4	219.2	209.2	201.6	207.8	224.8	244.8	264.6	284.6	305	316	319	315	311	291	268	252.4	235.6	207.8	183.2	178	180.6	189.8	196.6	194.2	192.4	198	206.2	207.6	211.6	229.4	243.8	255.2	264.4	266	261	259.8	257.8	261.2	258.8	248.8	249.8	252.8	242	239.8	236.6	231.2	230	236.6	235.6	234	234.4	235.8	236.4	230.2	221	222.2	218.8	217.6	210	208.2	205.6	204.2	202.8	201.8	200	194.8	186.8	178.2	167.6	152.4	138	114.8	69.4	40.8	39.4	50.8	83.6	92.6	104	115	119	115.8	118.2	113	94.8	85.8	71	72.6	101.8	127.6	184.6	237	270.4	320	310	309	333	352	366	359	345	337	337	352	360	359	342	331	341	342
408	408	408	408	408	408	408	408	408	408	408	408	408	408	408	408	408	408	408	408	408	408	408	392	318	268	211	154.4	150.2	159.6	155.8	152	155	153.4	194.6	229.8	213	194.6	162.8	133.4	171.6	248.4	262	266.2	264.4	267.2	267.2	264.4	269.6	272.2	277.2	287	292	295	295	297	299	302	310	316	318	322	326	325	327	327	320	316	308	308	312	318	325	320	318	311	299.6	290.4	285.8	272.8	254.8	247.8	244.2	238.8	229.6	216	203.8	204.2	213	229.4	250.2	272	291.4	310	310	312	319	315	295.4	266.8	242	226.8	208.8	188.2	183.2	184.4	189.2	200.6	201	198	201	206.6	207	212.8	226	238.4	256.2	262.2	265.2	272.4	272	265	271	271.2	270	265.2	261.2	261.8	262	257.6	252.6	252.8	259.8	258	254	247.4	248.6	247.2	237	225.8	218.6	217.4	216.8	214.2	211.8	209.4	206.8	205.4	203.8	199.2	196.2	191.6	179.4	170	157.8	143.6	116	69.2	42.8	43	66.6	95	105.8	115.6	120.2	121.6	118	115.2	111.2	99	87.4	76	75	104.8	132.4	195	268	303.6	346.2	341	328	334	360	373	360	352	357	349	361	374	359	360	369	366	354
408	408	408	408	408	408	408	408	408	408	408	408	408	408	408	408	408	408	408	408	408	408	408	391	325	270	228	153.4	144.6	163.2	158	157.8	158	166.6	219.8	234	222.2	210.4	179.4	142.2	167.4	245.6	262.6	260.4	259.6	267.2	266	266	274.4	279.4	282.2	285.6	286.8	296	297	296	298	299	304	312	315	316	319	322	325	327	320	319	312	310	318	324	330	324	312.8	308.2	301	294.8	288	279.2	261.4	250.4	245	238.4	222.8	213	205.8	210.2	218.4	238.2	253	272.2	293.2	310.8	309	306.8	313	303.6	282	258.6	237.6	229.2	216.2	198.8	189.4	187.6	193.2	203.4	201.2	197.4	199.4	200.2	203.4	209.4	223.8	236.8	249.8	265.4	272	283	286.6	281	283.4	286.6	284.4	279.8	279.4	279.4	279.6	277.4	276.8	272	272.6	269.6	267	267.2	260.8	252.4	245.8	242.6	231.6	215.8	209.6	212.4	214	216	215.8	211.8	206.4	200.4	194.4	191.8	183.2	173.6	162	148.8	127	78	46.4	45.8	67.6	97.2	110.6	120	122.6	124	122.4	117	113.4	104.2	97	103.6	121.4	144.8	183.6	255	316.8	337	340	339.4	333	334	363	364	341	331	341	340	355	383	368	363	366	366	367
408	408	408	408	408	408	408	408	408	408	408	408	408	408	408	408	408	408	408	408	408	408	394	387	337	281	246.8	162.8	152.6	172.2	165.8	170.4	172.4	167.6	212	238	230	213.8	203.6	172.6	194.6	254.8	260	259.6	258	264.8	263.2	270.2	279	280	279	285	285.8	292	294	294	295	299	301	304	308	311	313	317	322	326	324	319	326	330	323	318	320	326	321.2	308.8	306.8	304	289.4	279.6	261	244.4	239.4	232.8	222	214.6	211.4	220.2	234.6	244.6	253.8	267.2	287	303.2	306	309	309	295.6	275.8	247	224.8	216.6	211.8	198	189.2	183.6	190.2	199.2	201.6	201	197.6	193.4	200.4	213.4	224.8	236.2	254.4	271.6	278.2	283	288.8	287.8	290.4	291.4	293.2	297.2	294.2	287	279.8	282.6	284.8	279.2	277.4	280.2	278	273.6	268.6	257.8	245	243.2	236.4	221	212	210.6	210.2	214.8	216	209.2	204.6	200.2	194.2	190.4	184.8	175	163.6	147.6	127.4	81.2	45.6	58	82.8	105.8	121.8	127.2	126.8	125	122.2	123	124.6	114	105.8	110.2	130.8	162.4	203	276.8	321	336.4	353.2	363.8	347	316	324	334	335	325	334	332	323	342	364	392	390	367	376
408	408	408	408	408	408	408	404	408	408	408	408	408	408	408	408	408	408	408	408	408	392	385	385	337	287	242	150.4	144.6	163.2	159	166.6	167	177.8	224	235.4	230.8	212.8	204.2	184.4	190.6	249.2	259.8	258.6	261	267.2	270.2	273.2	276.2	275.4	274.4	280.2	284.8	290	294	292	294	297	298	301	306	310	312	313	322	328	328	325	324	327	325	318	315	320	322	314.8	309	309.2	291.4	278	262.8	246.4	236.6	228	221.4	211.4	209.2	218.4	233	240	247.6	265.8	283.4	300	302.2	307.8	310.6	300.6	284	262.6	233.6	216.2	216	205.6	193.4	186.6	190.2	194	194.4	197.2	194	191	196.4	211.6	228.2	242	258.8	274.2	283.6	290	292	294	296	296	295	299	301	290	280.6	280	287.8	285	281.8	287	287.8	282	274	263.4	252	247.4	239.2	235.8	225.2	216.6	211.6	211	213.6	211.2	206.4	199.6	192.4	188	180.2	173.4	164.4	152.2	137.8	100	52.2	55.6	81	96.2	113.8	126.2	127.4	121.4	118.6	128.6	145.6	165.2	184.4	189.4	192.4	209	231	277	327	346	368	381	356	316	309	326	328.6	323.4	339.8	342	325	328	353	382	389	361	371
408	408	408	408	408	408	408	408	408	408	408	408	408	408	408	392	408	408	408	405	378	370	396	402	359	292	255.8	163.6	143.6	158.8	159.6	169.6	164.2	169.8	209.6	215.2	198.4	180	180	218.4	238.2	250.6	259.8	262.8	261.6	265.4	269.2	274.2	274.2	271	272	272.8	280.4	288	290	291	288	288	297	306	312	315	315	315	322	331	337	334	330	331	325	320	323	323	323	322	308.4	304.4	288.6	266.4	256.2	238.8	228	220.8	212	206.2	209.2	217	231.2	240.6	248.6	262.8	277	292.6	309.4	316	317.2	307.8	292	274	247.2	227.4	220.2	204.6	195.4	189.6	189	186.8	189.4	191.4	189.6	188.2	193.2	211.6	226	242.8	262.8	275.4	283.6	282	288	295	291	287	289	292	295	291	285.8	282.8	295	292	284.6	285.4	280.6	271.4	265.6	258.6	247.2	243.8	237.2	234.8	230.2	222.8	215.2	207.8	206.6	208.6	201	198.6	192.8	185.2	178.8	173	167.4	153.8	142.8	111.2	60.4	71.4	75.4	69.8	86.2	100.4	110	107	110.6	128.2	157	190.6	213	213.6	203	215	235	295	323	325	346	356	354	349	339	328	328.2	331.4	331.6	341	331	316	324	325	338	360	374
408	408	408	408	408	408	408	408	408	408	408	408	408	408	408	408	408	408	408	408	389	378	384	406	398	331	267.4	171.6	138.4	140.8	146.4	150.8	156.4	175.4	211.8	205.8	191.4	181.2	173.2	201.4	233.6	243.8	258.6	265.8	266.6	268.4	263.6	264.2	268.4	268	267.2	272.2	277.6	281.6	289	288	288	290	290	297	306	310	310	312	319	325	333	335	337	335	333	327	325	327	323.6	312.6	300.8	285.2	274	259.4	244.2	229.4	211.6	207.6	202.2	199	200.4	212	230.8	245.8	251.8	262.8	273.6	287	294.2	309.8	313	307.2	298.2	280.2	264.6	246.8	225.8	206.6	198	196.4	191.4	187	182.8	180	181.6	183.2	186.8	200	213.2	231	247.8	266.6	281	287	287	289	291	288	284	287	294	297	292	291	294	292.8	285.4	284.4	280.4	274.6	271	265.6	252.2	245	237.4	234	230.2	224.8	220	211.2	205.8	207.2	199.8	192.6	185.8	183.6	178.2	169.6	167.8	158.2	149.2	135.8	89.2	69	67.8	65.8	64.6	81.8	98.8	101	104	146.4	218.8	237	235	228	213	208.6	221.8	256	296	311	323	333	346	354	352	340	340	347.6	348	337	340	339	340	340	346	369	383
408	406	408	408	408	408	408	408	408	408	408	408	408	408	388	408	408	408	405	401	408	408	408	408	408	322	258.4	173	141.4	153.4	153	149	147.6	157.6	193.4	185.8	167	158.2	193.2	241	243	247	256.4	258.8	260.6	263	266	267.2	266.2	269.2	266.6	266.6	275.8	278.8	285	288	287	291	295	302	304	299	305	315	318	327	326	318	317	323	327	326	326	323	314.6	306.4	294.6	279.4	255.4	241.6	236.4	215.6	196.4	191.6	193.6	196.8	203.8	216.4	234	249.6	256.8	264.2	267.8	285.6	303	318	322.2	307.6	295.8	289.6	268.8	241	217.8	202.2	195.4	187.8	182.8	177	175.2	173.4	170.8	176	184.8	198.4	215.2	235.8	251.8	262.4	269.2	278.4	294	290	290	292	288	292	297	294	294	295	290	288.8	290.2	291	285	273.6	266.6	257	243	236.8	230.2	225	222.4	213.8	212	210.6	205.8	199.4	193.6	190.6	187.8	179	172.6	172.6	171.8	164.2	151.8	129.8	99	111.6	81.6	54.6	64	71.8	86.2	95.6	97.8	149	214.8	234	234	226	210	210.2	233.4	290	308	297	305	323	335	352	347	322	320	338	348	340	322	320	352	364	368	388	394
408	408	408	408	408	408	408	408	408	408	408	408	408	408	396	408	408	408	403	403	408	408	408	408	408	324	246.2	171.6	145	153.6	155.2	149.8	147.2	167.2	195.2	182.8	168	162.2	198.2	240.4	240.2	245	256.8	256.8	257	257.2	257	263	264.4	266.8	263.2	264.4	274.6	280.4	283	284	285	288	292	298	303	298	304	317	319	325	327	320	319	324	329.8	328.4	315.8	307.2	294.4	276.6	272.4	263.2	242.6	224.2	218.8	210.4	195	187.2	190.4	191.4	200	216.4	236.6	249.8	256.8	268.4	274.4	286.8	305	315.2	317	310.8	303.6	303	288.4	253.2	219.4	203.8	196.2	186.4	181.6	178.4	170.8	163.8	162.4	164.4	169.6	184.4	200.4	220.4	241	255	261.2	277.4	290.8	290	288	294	291	292	296	292	292	291	289	291	294	289.8	289	275.6	265.2	256.2	236.8	224.8	213.6	212.4	213	210.2	206.6	204.6	201.6	198.6	191.2	186.4	184	175	170.2	170.8	172.6	171.2	158.4	143.4	112.2	114.6	97.6	64	57.8	64	83	92.2	100	186.4	224.2	219.2	223.2	212.4	195.4	208	240.8	294	316	306	312	325	340	356	348	317	317	326	338	339	317	310	332	341	356	368	373
408	408	408	408	408	408	408	408	408	408	408	408	388	401	408	408	408	408	408	408	408	408	408	408	408	327	250.8	177	153.8	164	161.4	144.6	134.2	153.6	182.2	177.2	167	195.8	239.4	241.2	237	245.6	252	255.2	254	256	255.8	260	260.8	260	262	268.2	272.4	276.8	280	281	282	283	288	302	306	306	311	322	328	332	331	328	326	323.8	325.6	323.8	311	301.6	293.8	277.6	267	251.8	233.4	222	215.8	212.8	201.2	200	201	200.2	200	218.8	238.6	251.8	262.2	274	284.2	322	359	342	322	319	338.6	337.8	288.8	249.2	222.4	203.6	194.4	181.8	179.8	175.4	173.8	174	168.2	159.2	161.2	178.2	195.8	214.8	234.4	247	256.4	279.2	289.2	287.2	289	295	294	297	294	291	291	290	292	292	288	287	287.8	280.6	267.4	250	237.4	226.8	214.2	209.4	208.8	208.4	203.4	200.6	197.2	194.4	190.4	184.4	178	172.4	170.8	174.4	173.8	168.6	159	150.2	141.8	128	115.8	84.4	58.6	61.6	77	89.4	94	176	221	231	235.2	216.2	200	211.8	243	311	338	361	380	340	323	326	331	320	317	318	324	339	347	333	316	306	310	315	323
408	408	408	408	408	408	408	408	408	408	408	408	378	403	408	408	408	408	408	408	408	408	406	408	408	340	233.2	181	161.4	168.6	163.2	151.4	136.8	154.2	178.6	172.4	167	199.2	240.4	241.8	240.2	243.8	250.8	253.8	251.6	251.8	256	254	254	258.2	258.2	264	265.6	271.6	278.4	280	281	283	287	298	306	308	309	315	322	328	327	322.2	321	319.2	317.2	311	302.8	292	283	265.4	252.4	243.6	230.2	237.2	246	236.8	222.4	221.6	221.4	211.6	211.8	224.8	236.6	251.8	268.8	280.6	299	318	367	363	328	324	334	338.2	297.4	250.8	228	208.4	195.6	190	189.6	189	193.2	192.2	183.6	168.6	156.6	164.6	180.8	200.6	219.4	233.4	248	266.4	279.6	279.6	278	292	295	295	297	294	294	294	291	288	285	287	283	280.4	263.8	244	238	227	217.8	208.8	203.2	203.4	202.2	195.4	188.4	187.2	184.4	177.4	174.8	171.6	170.2	174	175	171.4	162	153.2	146	128.6	122	96.6	59.6	60.8	76.4	90.2	111.4	193.8	216	228	237	234	215	216	240	304	333	368	394	349	319	311	319	322	322	320	326	341	360	356	325	305	306	311	312
408	408	408	408	408	408	408	408	408	408	404	394	387	398	408	408	408	408	408	404	408	399	397	399	404	376	266.4	193.8	171.2	166.2	163.6	150.2	134.6	151.4	178.2	166.2	169.8	194.2	230.8	244.2	239.4	240.8	247.8	252.2	253	252.4	254	250	249.4	254	255.8	257.8	258.8	265.8	276.4	281	283	287	289	290	297	306	305	304	309	313	318	313.4	313.4	312.6	308	298.4	289	279.2	265	252.8	241.4	231.4	227	239.4	246	239.8	238.2	238.2	238.6	225.4	221.2	231.4	238.4	248.6	263	284.2	306	330	356	340	317	312	313	316.8	280.6	253.6	233.8	212.4	197	194	193.6	198.4	205.4	208.2	203.4	190.6	166	155.6	170.6	190.4	208.6	224.6	234.2	248.8	261.4	270.6	279	282.8	287.2	291	291	295	291	288	283	278	280	278	272.8	270.2	259.6	246.2	236.8	227.8	219.6	210.6	203.8	200.2	198.8	195.2	187	183.2	180	177	174.2	172	171.2	174.6	172	170	164.6	156.2	151.2	126.8	117	110.2	83	63	71.4	89.4	107.6	185	212	219	232	241	232	221	234	282	322	323	335	360	359	346	339	334	337	340	333	331	339	356	381	382	352	335	331
408	408	408	408	408	408	408	408	408	391	387	374	392	408	408	408	408	408	403	383	396	396	398	408	408	340	220.4	186.4	173.2	182	168.6	148.4	138.4	155.6	173.4	164.6	169.2	210.2	246.4	245.8	236	237.8	245.8	247	250.6	250.4	248	251.2	246.6	252.4	252.4	254.8	261.4	264.6	269.2	272.8	282.8	287	285	289	298	304	304	299.6	308	311.2	304.6	299.4	298.6	296.6	292.8	278.6	269.2	263.2	249.6	236.6	227	223	234	246.8	247.8	241.2	244.8	249.2	235.4	226.6	228	235.6	235.4	239.6	255.8	282	305	327	342	320	300.8	304	309.6	286.2	264.2	238.6	225.4	211.2	199.6	195.8	200.2	200.8	208.8	215.4	213.6	204.2	177.6	158.4	166.2	184.4	200.2	213.2	224.6	236	244.4	259	264.6	273.6	279.8	285	282	285.4	285	281	278	274	276	276.2	261.6	257.2	251	239.6	227	216.6	213	208.4	201.4	198.6	193	190	184	176.2	175.2	176.2	174.6	171.2	171.6	175.8	172.6	170.8	166.6	159.4	157.2	132	113.8	100.4	69.6	62.4	75.8	92.4	114.6	183	216	223	237	241	227	219.8	242	309.6	343.4	339	350	358.8	354	342	349	345	345	346	331	328	333	337	361	369	352.6	339.2	338
408	408	408	408	408	408	408	408	383	374	392	408	408	408	408	408	408	385	383	375.2	378.6	401	408	408	390	337.6	224	186.2	183	193.4	172.8	150.8	139.6	153.2	173.6	170.2	173.6	212	244.8	243.8	231.6	233.8	244.2	244	248.2	250	243	243	242	243.4	245.4	249.8	254.4	262.4	260.8	262.8	278.6	281.8	287	291	294	295.6	299.8	294.4	295.4	301.4	300.6	298	292.4	291	280.6	274	260	243	237.6	228.6	220.4	214	222.8	233.2	235	247.4	258.4	246.2	228	219.6	220.4	225.4	219.2	224.4	239	261	277	279.2	277.6	278	279	277.4	267.6	259.6	244.2	226.4	214.8	209.8	192.2	185	187.4	198.2	210	214.8	212.8	211.6	191.4	164.8	162.6	177.2	191	200.4	216.4	232.4	241.4	247	256.4	262.4	264.2	274.2	276.6	278	282.6	286.8	281	273	271	274.2	258.6	247	243.2	230.4	217	211	212	210	202.8	198.4	192.4	190	181.2	171.8	173.4	173.4	173	170.6	170.8	174	171	168.6	165	160.4	164.6	135.4	112.6	101.4	84.6	74.8	77.8	98.8	118	172.8	219	227	242	241	227	224	242	293.4	338.4	361	381	376	351.8	334	335	333	328	334	310	302	320	319	310	323	348	342.6	353
408	408	408	408	408	408	408	406	395	387	406	408	408	408	408	408	404	377	381	376.6	392	403	408	397	389	346	225	187.2	183.4	196.8	183.2	160.4	145.2	163	181.6	174.2	181.8	210.4	242	247.8	241.2	235.8	239.2	240	242.8	241	239.2	235.2	237.2	241.4	241.2	245.6	246	254.2	256	256.4	265.4	272.6	276.8	285	283.2	282.6	286	279.8	278.6	281.6	280	276	275.4	274	264.8	256	246.4	236.4	231.6	228.6	214.6	216.2	231.4	242.8	239.6	240.2	247.2	232.6	215	214.2	218.2	214	213	220	230	239.8	249.4	252.2	256.6	258.2	263	255.2	244.2	246.4	236.6	220.4	206.2	198.6	191.2	182	183.8	192.6	206.8	215.8	213	213	204.6	173	160.4	172.6	180.8	192.6	205.8	219.8	226.6	231.2	236.4	246.4	254.4	262.2	264.8	266.8	267.6	271.4	269.6	262.6	258	259.4	247	234.6	236.4	224	209.2	206.6	205.8	202.2	198.6	193.4	189.6	187.4	178.8	172.6	172.8	172.2	172.6	169	166.6	170	169.6	167.4	161.4	159	166.4	140.2	114	105.4	95.2	87.8	90.4	104	122.6	174.2	206.6	227	240	241	228	224	236.6	269.8	303	344.8	370	374	354.8	339	332	324	320	327	315	310	327	331	318	320	340	340	347
408	408	408	408	408	408	408	408	408	408	408	408	408	408	408	403	378	364	391	405	408	408	408	408	408	378.6	232.8	187.2	181.8	204.6	195.8	176.6	166	175.4	190.4	192.6	202.2	224.2	244.4	245	238.6	231.6	232.2	238	239.8	237.4	236.4	235.8	237.8	239.4	237	238.2	238	242.6	244.4	246	254.6	258.6	268.6	278.6	279.4	276.2	268.8	270	269.4	275.8	277.8	268.8	261	256.6	255	246.6	238.4	236.2	229.6	218.2	204	202.2	220	228.2	237.8	246.4	246.4	230.8	213.4	202.8	196.8	193.2	197.8	199.8	205.6	216.4	223.4	226.6	228.6	229.2	233.6	228.8	220	221.8	214.4	202	192	181.8	177.2	170	168.2	177.2	195	211.6	209.8	210.6	201.4	178.2	158.2	164.4	176.8	186	194	200	206.8	219.6	227.8	232	242.8	253	259.6	257.4	260.6	259.4	256.8	256.6	251.4	247	231.4	220.6	219.4	217.2	205.4	201.2	201.6	195.2	192.8	187.8	184.2	182.2	177.2	169.8	169.8	171.2	169.2	169.6	165.6	167.4	170.6	165.6	159.8	160.6	169.6	145.2	113.6	112.4	115.2	103.8	101	115	128.4	183.2	217.4	233	243	239	226	226	240.8	264.6	272.4	290.8	308	330	350	347	333	325	322	322	323	322	326	347	350	335	330	338	340
408	408	408	408	408	408	408	408	408	408	408	408	408	408	408	398	374	370	404	408	408	408	408	408	408	392	265.2	196.6	177.4	207.8	215.8	213.2	202	193.8	186.8	190.4	201.4	221.4	238.2	242.6	236	230.8	232.8	232.2	235.6	236	233.4	231.2	233.6	230.8	227.4	228.6	230.6	234.2	232.8	235.8	241.8	242	244	255.8	261.8	264.6	261.4	259.4	257.6	257.2	261	257.4	243.8	239.6	241.2	237.4	236.2	234.2	230.8	224.2	206.2	199.4	205	215.2	221.6	234.4	237.2	229.4	214.2	195.4	186	177.6	177.4	182	185.4	191.4	202.2	207.8	207.8	211.6	214	213.4	205	201	198.8	190	181	170.4	164	156.8	157.6	167.6	180.6	196.6	206.4	203.6	201	184.2	157.4	152.8	173.2	187.2	188.6	189.2	192	201.4	209.6	217.6	229	236.2	240.6	239.2	243.4	248.8	246.4	247.6	247.6	245.4	228.8	210.8	210	210	204.6	202.4	193.8	192.2	190.4	185.2	180.6	179.4	177.8	168.8	168.6	173.2	169.8	171.2	169.6	167.8	168	162.6	158.6	160.4	174.4	161.8	126.6	113.4	120	112	110	116	128.4	160.8	219.2	237	242	237	226	228	245	289	299.4	274	294.2	324	347.8	348	319.2	299.4	324.4	330	330	330	328	345	356	347	339	340	340
408	408	408	408	408	408	408	408	404	395	402	408	408	408	408	408	408	406	408	408	408	408	408	408	408	399	256.2	201	176.6	196.4	217	236.4	229.6	206.2	203.2	202	209.6	223.8	231.8	231	230.8	229.4	232.8	233.2	231.4	235.6	232.6	233.2	234.2	217.4	205.6	218.8	227.6	230.6	232.2	236.6	225.2	225.8	232	237.8	246.2	252	257.2	257.4	252.2	249.2	244	240.8	235.4	230.6	221.4	221.2	229.6	230.4	223.8	207.6	188	188.8	198.8	201.4	212.2	227.6	223.2	207.4	190.2	172.2	160.6	156.2	158.6	164.6	169.2	172.4	178.6	183.6	183.2	184	183.4	184.8	180.6	179.4	179.2	168.6	157.8	148.6	140.6	133.6	137.2	153.8	174.6	194.4	197.8	193.8	184.8	171.2	144.6	148.8	173.4	184.4	186.4	184	187.6	195.4	202.8	208.4	220	226.6	228	228.6	227.2	234.6	239.4	240	238.8	235	220	212.4	215.4	210.8	200.6	193.2	188.8	185.8	183.2	180.4	176.4	175	175.2	169.8	173.2	173.6	169.2	169.6	170	168	165.8	163.4	155.8	159.6	169.4	142.8	111	110.2	114	117	121.8	125.4	130	189	234	240	240	231	223	232	249	294.8	316	322.6	319	323	338	355	337.8	319.6	342	361	353	342	334	328	338	335	326	324	320
408	408	408	408	408	408	408	408	392	392	408	408	408	408	408	408	408	408	408	408	408	408	408	406	408	406	272.8	205.6	177.8	177.4	205.2	240.2	235.8	218.4	211	206.6	209	220	229.2	227.8	224.4	223.4	222	223.2	224.2	225.2	224	222.6	224.6	210.4	196.2	204.4	219	220.4	220.4	221.6	215.2	218.2	222.2	226.6	233	236.4	240.2	244	239.2	233.6	228.6	222.4	213.2	210.2	215.8	221.2	233.6	238.2	231.8	211.6	193.6	185.8	184.8	179.8	179.2	193.8	196.8	186.8	171	154.6	144.2	132.8	132	140.6	153	161.6	165.8	166.8	167	166	165.8	165	162	162.2	159.6	149.4	135.4	125.6	118	116	123	141.2	156.6	168.4	174	169.4	166	156.4	138.2	143.2	171.2	186.6	192	186.4	184	186.6	193.8	195	205.2	210.6	210.6	216	214	218.8	230.4	232	229.8	222.4	214	209.2	210.6	202.8	192.2	188.6	186	185.4	180.6	176.2	173.6	169.8	169.2	169	174	174.6	170.6	168.8	168.6	167.8	164	160.4	155.2	156.6	164.6	136.8	109.8	108.4	116.8	120.6	129.6	129.6	135.8	193.8	237	239	238	227	220	226.6	247	292	333	338	326	327	335	354	354	333	327.2	359	356	345	335	326	332	333	325	323	322
408	408	408	408	408	408	408	408	408	408	408	408	408	408	408	408	403	408	408	408	408	408	408	383	382	389	285.2	213.6	191	164.6	185.6	233.2	246.6	246.6	239.6	231.6	234.2	234.2	222.8	219	221.4	227.2	224.8	220.4	219.8	221.4	216.8	214	214.8	208.6	205.6	209	212.2	215.2	214.4	215	214.4	219.6	219	222.8	230	232.8	236	234.4	226.6	219.6	215	205	200	204.2	207	213.4	217.6	224.2	219.4	204	192.6	183	169	156.6	152.2	155.8	155.4	147.2	134.6	115	98.2	87	85.2	93.4	112.2	137.2	144.4	144.4	140.2	135.8	135.4	134.6	136.2	135.2	131.8	123.2	109	90.4	77.2	76.8	87.2	104.4	120.4	134.4	141.2	142.2	142.6	135.4	128	140.6	161.6	178.4	186.2	189	188.6	186.4	189.6	197.4	200	203.8	207	210.8	209.8	214.6	222.8	220.2	219.8	219.6	212.2	208.6	205.4	196.4	188.4	187.6	183.4	180	176.2	174.4	170.6	165.8	166.2	167.4	168	171	169.2	164.6	162.6	162.6	158.6	157	155.8	156.8	160	129.6	104.8	108	118.8	127.8	140	146.6	150.2	200.4	238.6	237	228	216	221	228.8	255	305	322	324	318	325	341	341	339	324	309.6	328	357	366	370	359	341	352	359	354.2	359
408	408	408	408	408	391	408	408	408	408	408	408	408	408	406	389	399	408	408	408	408	408	408	387	381	392	313.4	222.4	202.8	183.6	184.2	226.2	246.4	247.4	234.6	229.2	237	236.8	222.8	214.8	212.4	218	221.4	212.8	211.8	214	211.4	209.4	211	210	203.2	204.2	206.2	205.4	204.4	204.2	206	209	208	208.4	212.2	220	218	214.2	208.4	198.2	193	187.8	187.4	194.8	211.4	225.6	224	222	210.4	196.6	189	185.6	171	148.2	130	119.4	111	104.6	93	83	75.6	70.2	64.4	67.4	82.6	102.4	119.2	123.8	119	114.2	109.8	108.4	109.6	113	111.2	103.4	89.8	73.4	63.6	55.8	55.8	62.2	69.6	81.8	94	102.8	111.8	122.8	134.2	146.6	163.2	179	181.8	185.4	191	187.6	182.4	180	182.6	190.6	197.8	197.6	198.8	201.4	208.2	214.8	214.8	210.4	206	204.6	199.2	189.6	184.4	182.4	176.4	174.2	171.2	168.2	168.2	164.6	165.2	165.8	168	167.6	167.6	165	164.6	164.6	161.4	157.4	157.6	156.8	155	127.4	111.2	124.2	132.6	140.6	145.2	145	163.2	216.8	233	214	219.4	212	221	234	256	311	326.2	320.8	317.6	319	333	337	332	324	313.2	318.4	349	363	371	364	352	361	363	355.2	358.8
399	408	408	408	408	408	408	408	408	408	408	408	408	405	388	395	408	408	408	408	408	408	406	367	374	408	367	253.6	218.6	202.4	183.8	201	228.8	246.6	231	222.2	229.4	229.2	220.8	215.8	214	215.4	218.4	209.4	207	211	210	205.6	206	201.8	199	203.2	204.2	201.4	199	199	201.2	204	205	202.8	209.4	209.4	202	198.6	197.6	191.6	188.8	187	186.8	191.6	205	212.8	217.2	215.2	204.8	193.4	183.2	179.2	171.4	151	125	105.6	81	62.8	48.4	43.4	50.8	57.8	62.8	65.2	70.2	77.6	92	104	103.8	95.6	89.2	87.8	93.2	95.6	92	74.4	58.8	55.4	50.8	44.4	42.6	41.8	42.8	49	63	79.2	91.2	114.4	141.2	152.2	163	172.4	180	186	190.8	185.8	176.6	171.8	173	178.2	183.8	193	198.8	199.8	200.8	202.6	204.6	204	196.4	191	187.2	181.8	179.2	178.2	171	171	167.6	162	162.6	161.6	163.4	162.4	163	164.2	166.2	165	163.8	162.8	162	157.4	157.6	154.8	149.6	129.2	115	125.2	136.4	142.4	141.8	141.2	163.4	212.2	224	197.4	189.2	210.6	229.8	237	292	346	343	332	323.2	326	335	348	355	335	308.8	303.4	308	312	338	350	335	331	325	325	335
397	408	408	408	408	408	408	408	408	406	408	408	408	408	404	408	408	406.8	408	408	408	408	397	362	373	408	384	284.8	229	215	208.4	210.6	217.4	244.8	237.2	226.8	229.4	227	219.8	213.8	207.6	210	213.8	205.8	203	206.4	203.8	204.4	201.4	198.8	194.4	194.4	197.8	194.8	189	190.8	193.4	194.6	192.2	189.4	191.2	192.4	185.8	182.8	180.8	176.8	176.4	185	194.6	209.2	215.2	211.4	208	204.8	196.2	184.4	179	177.4	174.4	157	127.4	105.6	86.6	61.6	47.6	38.2	39	42.8	54.2	60.6	64.4	68.6	74.4	83.6	88.4	82.2	74	71.4	78	81	78.2	64	47.6	39.8	34.4	30.4	27.2	27.6	27.2	31.2	41.6	58	84.6	123	142.4	149	155	159	162	169.2	181.8	184.4	176.4	173.8	169.4	168.4	172.2	179.6	187.2	192.6	195.6	193.6	190.6	190.6	185.6	177.4	171.6	169.8	170.6	169.4	166	164.2	161.4	156.4	157.6	160.8	161	161	161.8	164.2	168.8	165	164.4	162.8	160.8	155.8	153.2	152.4	152.2	147.4	137.2	132	138.4	141	138.2	143.2	187.6	233	220	208.2	186.4	214.8	234	238.2	299	350	352	350	333	332	348	360	369	349	318	316	312	317	350	357	339	330	320	318	317.4
408	408	408	408	408	408	397	401	406	404	408	408	408	408	408	408	408	408	404	396	388	383	377	361	391	408	408	345	263	232.6	227.2	222.8	218.8	231.6	248.4	243	229.6	226	224.6	224.2	221.6	215.4	212.4	211.2	204.2	200	199.8	197.2	194	195	191.2	191.6	191.8	186.8	183.4	184.2	185.2	186.6	186.2	185	176.6	177.4	178.6	175.6	174.2	169.4	168.2	175	184	185.4	196.4	206.2	209	203	194.6	191.4	186.2	180	176.2	174.4	159.4	130.4	105.6	72.4	49.6	43.6	47.4	49	48.6	57	70.6	76	76	77	76.4	70.6	63.4	62.4	65.4	68	64.2	56.8	52.8	47.6	41.6	36.8	31.6	31.2	33.6	33.8	38.4	56.6	93.2	127.4	149.4	156.2	157.6	160.4	163.4	164	170.6	179.4	179.8	174.8	171.2	165.6	161.4	168	175.6	181.6	183.4	183.6	180.2	175	170.8	165	163.8	162.2	163.2	162.6	158.8	157.2	155.2	152.4	155	155.8	158.6	160.4	159.8	162	164.2	164.8	166.2	161	161.4	158	156.6	160.6	160.2	155.4	150.8	138.4	136	140.4	136.2	136.2	149.4	176.4	206	205	211.8	225.6	237	254.8	306.6	331	334	346	334	320	340	366	364	350	325	310	315	319	337	348	336.6	338.2	328	323	322
408	408	408	408	408	408	399	408	408	408	408	408	408	408	408	408	408	408	408	397	374	382	378	367	405	408	408	370	269.6	250.2	250.4	228.8	215.2	223.4	234.6	233.8	228	228.2	227.6	224.6	222.8	216.8	210.6	206.2	198	191	192	193	190.2	189.6	189	189.6	190.4	184.2	181	175	171.4	170.4	169.4	167.8	160.4	156.2	157	157.2	157.2	166.2	181.4	198.2	212.4	208.2	204.2	211.2	200.2	189	183	180.6	181.4	177.4	174.2	176.2	165.2	140.8	121.8	94	62.6	51.6	47.6	48.6	49.6	49.4	58.6	67.4	72.2	70	68.8	64.2	59.8	58.4	57.2	55.6	50.8	46.2	46	47.4	42.8	39.6	35.4	33.4	36	41	48.6	70.2	112.2	143.4	151.8	154.2	157.2	161.6	167.6	175	179.8	183.4	179.6	171.6	164	159.4	159.6	161.2	167.2	169.4	170.2	168	169.6	168.8	163	161	160.6	163.2	161	156.6	153	151.4	150	148.2	152.4	154.4	155.6	157.4	159	157.6	159	159.6	161.6	161.8	159.8	155.2	152.8	162	166	159	147.2	134.2	137.6	146.4	143.6	150.6	185	199.4	205	211	225	231.4	239	272.8	325.8	335	330	342	337	316	328	352	356	357	338	315	308	309	316	328.8	331.2	331.6	325	319	325
408	408	408	408	408	408	408	408	408	408	408	408	408	408	408	408	408	408	408	408	395	408	408	408	408	408	408	406.2	309.2	263.8	262.8	244.8	235.6	243.2	247.4	231.6	232.4	239.2	239.2	239.2	236.8	220.8	208.2	204.6	196.4	189.6	188	187.6	184.2	185.6	186	187.4	186.2	183	178.2	170.2	164.2	162.8	159.8	157	155.4	151	149.8	148.6	155	164	179.6	194.2	203.8	202.8	205.2	204.8	199.2	191	186.2	185.2	181.2	177.4	177.6	180.6	180.2	161.8	131.6	104.8	74.8	55.6	49	47.4	43.8	47.8	55.6	58.2	58.6	57.6	56.8	53.6	53.2	55	51.6	49	47.6	45.8	46.6	45.4	44	41.4	36.4	36.4	38	42.6	62.8	103.8	140.2	156.8	158	157.8	161.2	165.2	170.2	177.2	184.2	187.8	184.6	179.4	166.2	153	154.6	155.8	158.6	161.2	157.6	158.4	157	162.6	158.6	151.4	157	158.4	150.6	151.2	151.4	151.2	148.4	147.2	150.6	151.4	150.4	153.8	157.4	159.6	159.6	159.8	160.8	161.8	161.8	157.8	155.8	163.6	171.2	167.2	153.4	141.4	143.4	150.6	153.6	164.6	196.6	216.8	224	232	242	242	262	311	335	347	337	350	348.8	330	325	341	361	381	377	350	324	308	306	320	331	345	347	327	311
408	408	408	408	408	408	408	408	408	408	408	408	408	408	408	408	406	408	408	408	395	408	408	408	408	408	408	408	360	288.6	255.6	242.4	237.6	242.2	247.4	233.8	235.6	240	240	233.8	234	220.4	205.8	197.6	190.2	186	182.6	182	179.6	181.2	183.6	185.6	183.4	174.8	169.2	163.2	156.6	156	149.2	146.8	143.6	141	143	150.2	162.8	173.8	185.4	198.2	201.8	204	201	199.4	197.6	193.4	186.6	187.4	183.6	177.8	175.2	175.8	180.8	170	153.6	126.8	98.4	74.2	57.8	51.8	46	46.8	51	52	48.4	47.8	48.6	47.6	46.6	45.6	44.6	45.8	47.8	46.6	47	49.6	48.8	46.4	45.6	46.4	51.6	61.6	80.8	110.8	142.6	152.4	154.4	158.4	162.4	165.4	166.4	172.2	183.4	186.8	185.4	181.2	170.2	156	151.2	149.2	148.4	147.8	149.8	151	149.2	150.2	151	147	147.2	148.4	144.6	145.2	144.8	145.2	143.6	145.6	144.2	149.6	152.4	153.2	154.6	158.4	161.4	162	161.4	161.4	159.6	155.6	152.2	159.4	171.4	175.2	163.2	152.2	157.4	161.4	163	199.2	229.6	225.8	227.4	239	245	246	276	315	328	346	341	348	350.6	313.8	314.4	338	359	377	371	353	331	314	312	330	345	361	367	334.2	311.2
408	408	408	408	408	408	408	408	408	408	408	408	408	408	408	406	408	408	408	395.6	396	408	408	406	408	408	408	408	392	318.4	261.6	257	257.2	256.8	254.4	243.2	247.6	247.2	233.8	231.8	216.4	196.6	198.6	195.8	189.2	186	181.2	180.2	179.4	179.8	180.2	179.2	176.6	172.2	168	162.4	155.8	149	145.6	141.2	141.4	138.2	138.4	152	167.8	177	187.2	195.8	197.8	198.8	200.6	202.6	202.4	195.6	191.4	187.6	184.2	181.8	176.2	176.4	171.4	162	155	138.4	101.8	73.8	61.6	55.4	53.6	51.8	50.4	48	48.4	48.8	45.8	42.8	40.6	38.6	40.8	42.8	45.8	49.4	52.8	54	50.8	46.8	51.2	55.8	66.6	80.2	95.2	125.8	147	151.6	158.8	161.2	161	166.2	167.2	173.6	181.4	186.4	186.6	184.4	179	161.8	151.4	144.2	141.6	139.4	141.6	148	148.8	146.4	140	139.2	139.4	140	141.2	143	142.6	144.2	144.6	143.8	137.4	141.2	150.4	150.2	150.8	155.6	158.6	161.4	159	157.6	158	152.8	147.6	159.4	171.4	179.6	177.6	166.6	164.4	163	169.8	214.2	248	246	241	249	249	277	335	356	339	340	335	327	334	327.4	312.4	314.8	323	330	342	350	342	337	338	345	355	371	391	375.4	348.6
408	408	408	408	408	408	405	408	408	408	408	406	408	408	406.8	399.6	408	408	408	396	389	405	406	394	399	406	408	408	398	336.8	262.8	252.4	247.8	249.6	246	240.2	249.6	245.4	230.8	221.6	207.4	187.4	188.8	193.2	184.2	177.8	177	178	180.2	179.2	177.4	176.6	171.4	163.8	159.6	153	147.6	141.8	135.4	130.4	131.8	143.2	151.6	158.2	172.4	183.6	190	198.6	197.8	195.4	190.2	195	197.4	193.4	193.2	191.2	184.6	180	180.2	179	172.6	163.4	159.4	155.2	124.4	90.4	74.2	67.2	64	57.2	53	50.4	48	50.4	50	43.8	42.8	41.4	39.8	43.6	47.4	53.2	58.8	63.2	62.4	64.8	68.6	70.8	77.8	89.4	96	109.4	133.8	148.6	157.8	160.2	156.8	161.4	167.4	172.6	174.8	180	183.4	182.2	178	171.6	160.4	145.4	138.4	135.8	134.8	137.6	138.4	135.8	131	131	130.6	134.6	136.8	137	133.4	137	140.8	139.6	139.2	138.8	147.2	149.2	149.6	153.4	156.2	159	159	157.8	156.2	150.2	141.6	152.4	165.6	176.6	185	183.6	173.8	175	220.2	253	254	253	252	244.6	252	285	334	354	339	337	339	326	330	334	326.8	305.6	310	323	335	348	340	341	347	338	333	350	375	380	363
403	408	408	408	408	401	408	408	403	408	408	403	402	408	400.2	396	408	408	408	371	371	402	408	408	408	408	408	408	406	384	308	259	250.2	241.4	238.6	235.4	235.8	232	216.8	199	174.2	177.2	195.8	192	185	180	174	173.4	178	178.6	176.8	174.6	170.2	163.4	158.2	151.2	142.6	136.8	132.4	126.6	133.2	142.8	150.8	154.6	168	182	188.4	193.4	197.8	192.6	191.4	198.4	200.6	198.4	195.4	188.6	180.4	177.2	176.6	169.4	160.6	153.6	137.4	121.2	104.8	88	84.4	81.4	70.8	61.2	52	54	54	50.8	44	41	38.8	40	38.6	41.8	48.2	57.6	61.8	63.2	68.2	72.2	75	78	81.4	85.2	98.6	102.2	117.2	142.2	150.2	152.8	156.2	159.2	162.2	163.4	168.8	180.6	179	173.6	173	169.2	162.8	150.6	139.4	135.4	126.6	123	127.4	130.4	129.8	129.8	131	132.2	131.2	132.8	134.2	134	136	134.6	132.6	139.4	142.6	146.6	147.6	152.2	155.6	157.8	159.6	157.8	155.8	142.2	133.2	144.6	157.2	170.4	185.6	188.2	181.2	183.6	231.8	254	254	255	262	250.6	288	341	328	318	320	328	340	338	336.6	338	332	314.8	328	359	370	359	349	345	345	326	317	335	354	359	359
389	405	408	408	408	408	408	408	398	408	408	394	402	408	408	408	408	408	404	359	370	406	408	408	408	408	408	408	399	385	326.4	258	238.8	224.6	218.2	227.6	232.2	228	214	194.4	173.2	177.2	199	190.4	182.2	174	172	172	175.6	176.4	178.6	174	166.2	157.6	151.6	145	136.2	125.4	126	133.4	141	149.2	158.8	165.4	169.6	179.6	185.2	191.4	195.8	195.4	195.6	197.2	199.4	195.8	193.2	191.4	184.8	176.8	179	173	162.2	160.2	147.2	126.8	115.6	101.2	95	90.4	80.4	68.4	58.4	55.2	56.6	53.2	47	42.6	38.6	41.8	44	46.6	52.2	62	73.6	81.6	87.2	89.4	93.4	91.2	90.8	87.4	96.2	106.2	109.4	130.4	144.2	147.2	151.8	156.2	159.8	159.8	166	174.4	178.2	173.4	168	165	162.6	155.4	143.6	136	128.8	118.2	117.2	120.6	120.4	118.4	124.4	125.8	124.6	129.2	129.8	131	132	134	133.4	138.6	140.8	145	146.2	150.2	154.4	159.8	157.8	154.8	154.6	147.2	130.2	133.2	150	166	178.8	191	191.4	223.6	254	253	246.8	254	263	262	294	345	332	306.6	299.8	318.2	339	340	348	360	357	333.8	332	366	381	364	350	340	338	321.4	313.8	330.2	348	350	348
404	408	408	408	408	408	403	403	380	378	403	402	408	408	408	408	408	399	369	366	397	408	408	408	408	408	408	408	376	385	351.6	263.4	223.2	206	195	201.6	212	208.4	193.8	178.8	204.4	264.6	231.2	189.8	181.8	172.8	164.6	166	174.4	175.2	178.6	172.2	164.2	158.2	152.8	143	134	122.6	121.2	131.4	143	148.6	155.6	162.4	169	175	180.8	184.2	189.2	194.6	184.4	182	180.2	170.4	168.8	162.4	156.6	155.4	157.4	152.2	147.2	138.2	127.6	114.4	107.6	103.8	102.4	99.2	84.8	69.4	64.8	63	55.2	51.2	47.8	44.4	41.8	44.4	46.2	45.2	52.6	64.8	77.6	89.2	96.4	94	95.6	95.2	96.6	90.6	89	95.4	100.8	111.2	124.4	132.6	140.6	143.4	145.2	145.2	146.8	155.6	161	159.6	154.2	152.8	153.2	153	146	141.6	132.6	125.4	120.8	115.6	111.8	115.4	118.4	122.8	125.2	127	126	126.6	127.8	132.8	132.6	138	139.6	144.2	148.6	152	155.4	152.6	155.8	155.2	157.8	196.4	188.2	144.4	138	151	164.2	182.4	195.2	228.2	247	247	240.8	250	254	275	310	340.8	348.4	340	338.8	346.8	338	330	348	373	385	377	353	349	356	360	369	366	360	342.8	320.2	330	339	339	335
408	408	408	408	408	403	385	392	377	376	408	408	408	408	408	408	405	381	368	377	401	408	408	408	408	408	408	408	387.2	398	383	320	268.8	212.4	175.6	189	208.8	200.8	189.6	185.4	220.4	270.2	246.2	193	178.6	171	162.8	162	175.8	178.8	178	175.2	164	153	146.8	138.8	127.2	126.2	134.6	139.8	146.8	152	150.6	152.6	161.6	168	171.6	181.2	188.4	191.4	188.6	180.6	172.6	166	163.2	161	158.4	153.4	152.2	148.8	148.4	139	130.8	117.8	112.8	110.4	110.2	107.2	93	80.6	76.8	74.4	65.4	61.8	58.4	54.4	50.2	51.2	54.6	57.4	64.4	80	88.2	95.8	103	101.6	101.2	103	100.6	98.2	89.8	96.2	102.2	110.4	122.6	131.6	138.2	140	138	137.8	134	137.8	146.8	148	145.4	141.4	144.8	150.4	148.8	146.2	139	129.4	117.8	111.2	107.4	110.2	110.4	113.2	122	123.8	125.6	127.2	130.8	131.4	131	134.4	139	141.4	146	150.4	152	148	149	156.6	158.6	201	251.4	201.6	148.2	146.6	153.6	171.6	210.4	240	245	243	245	247	248	275	305.2	325.2	345	342.8	364	360	335	322	331	349	371	377	362	352	350	353	374	380	373	361	334	333	346	348	346
408	408	408	391	397	408	395.2	403	408	408	408	408	408	408	408	391	360	364	388	408	408	408	408	396	384	402	408	408	396	402	401	352	295	212.2	155.4	165.6	198.6	218.4	249.8	300.4	327.8	321.2	264.6	201.4	181.4	173.4	164.6	162.4	173.8	179.4	179.8	172	164.4	154.2	146.6	137.4	130	132.2	141	145	149.2	151.6	150.2	154.4	164	172	177.6	178.6	177.6	174.4	168.2	155.6	137.6	145.2	146.6	140.6	136.6	138.2	143.6	136.4	125.4	118.4	114.6	110.8	111.2	112.2	118.8	111.2	93.6	90	92.2	86.8	79.6	73.2	65	58.4	57.8	60.4	68	70.8	75.2	89.4	94.8	99.4	103.8	103.4	104.2	103.2	102	96.2	94.2	98.4	103.4	109.2	116.4	119	121.2	117.6	116.8	122.4	122	122.8	132.4	127.8	128	125.8	134.2	142.2	144.2	141.2	135.8	126.4	118.6	109.2	106.4	110.6	114.4	114.4	117	121.4	124.2	127.8	133.8	131.6	131.4	137	136.2	140.4	143.4	141	145.6	151.6	154.6	155.2	176.6	224.8	276.4	277.6	208	158.4	145.4	153.8	190.4	223.8	231.8	234	234.6	241	261	329	352.2	355.8	380	345.2	346	363	345	325	319	323	340	357	362	355	337	319	333	342	345	361	354	340	349	360	368.8
408	408	408	396	404	408	406	401	408	408	408	408	408	408	408	385	361	374	396	408	408	408	408	385	392	408	408	408	392	394	399	371	315	200	151	167.8	224.6	244.2	276.6	324	333.8	336	306.4	225.2	183.4	177.8	172.8	170	178.6	181.6	176.4	172.6	166.2	157.4	148.4	139.2	140.4	148.2	151	150.4	147.8	142.6	137.6	142.4	157.6	166.4	171.6	175	177	174.6	168.6	155.8	141.4	143	147.2	141.2	140.2	140.8	138.2	136.8	129.8	120	120	117.4	121.4	121.4	125.2	122.6	112	103.4	104.4	100.8	91.8	90.6	83.6	70	68.8	79.2	89.2	99.6	100.2	111.2	120.4	118.2	117	111.6	107.4	106.2	104.4	101.6	98.4	102.2	102.6	106.2	114.2	115.2	113.4	115.4	118.2	117.2	115.6	116.6	121.2	122	118.8	116.2	120.8	134	141.8	144.4	141.6	135.8	133	122.2	110.2	106.2	110.4	115.8	116.4	124.8	126.2	127.8	131.4	134.6	135	136.2	138	137	138.8	141.2	143.2	150.6	152	154.4	176.4	220.4	251.4	263.4	235	189.4	155	148.4	194.6	220	228.8	231	232	241	270	332.8	359.6	357.8	376.6	341	322.6	347.6	348	332	331	330	335	350	357	352	333	312	318	327	331	363	371	351	353	361	361.6
403	402	408	401	408	408	398	385	403	408	408	408	408	408	408	408	408	408	408	408	408	408	403	389	408	408	406	402	404	408	408	408	384.6	310.2	285.6	294	336.6	317.2	340.2	343.8	339.6	336.6	322	229.6	191.2	185.2	174.2	170	176.8	182	176	174.4	172.2	163.6	158	148.8	147.8	152.6	149.6	147.8	144.8	140.4	138.8	142.6	150.8	161.6	163.6	164.8	162.4	151.6	140.6	134.4	132	135	134.4	131.4	130.4	130.8	127.8	118.8	108.8	109.8	111	112.6	114.8	115.6	123.2	121.4	118.4	109.6	104.2	105.8	100.8	98	89	78.4	72.2	80	92.6	97.4	104	118.2	121.8	120	118.2	115.4	110	107.4	104.4	98.6	98.8	109	106.2	98.6	107.4	107.6	109	109.4	108.4	105.8	102.8	105.8	107.6	106.8	106.2	110.8	115.8	128	137.4	141.6	146.4	143	139.4	129.4	113.6	105	103.4	108.8	112.8	123.8	127.8	128.6	128.4	134.6	137.6	140.2	134.4	134.6	135.6	139.4	144.2	146	151	156.6	206.4	252.4	253.6	257.4	241.4	244.4	245	233.4	259.8	278	282	270	274	310	332	325	337	327.6	331.2	335.2	320.6	313.2	331.8	341	348	337	326	324	332	330.6	332	328	325	324	326	355	364	349.2	355.6	359	357
408	406	403	395	408	408	390	387	403	408	408	408	408	408	408	408	408	408	408	408	408	408	395	387	408	408	408	408	408	408	408	401.4	341.4	291	279.6	286.8	328.8	313.8	338.4	342	340.8	336	330	255.4	196.4	190.6	180	174.4	177.6	180.4	176.6	173	174.6	171.2	165.6	162.6	171.4	172.2	164.4	154.2	146.6	139.8	133.2	134.8	139.2	151	159.4	162.6	161	146.2	131	124.6	117.6	120.6	123.4	120.2	120	116.4	114	108.4	94	89.4	91.4	88.8	92.4	90.4	98	108.8	109.8	109.8	106	109.2	113	114.8	116.6	114.6	111.2	114	112.8	109	109	115.4	119.2	116.6	111.8	107.2	110.4	108.8	105.4	103.6	98.8	101.4	107.4	98.4	98.4	102	103	110.2	105.2	103.4	104.6	101	100.2	100.2	99.6	106.6	118.2	125.2	135	144.4	144.6	146.4	146.6	141	126.8	108	106.2	113.4	118.4	124.2	131	135.2	137.4	138.6	137.4	139.6	137	135.2	138.2	136.2	140.4	145.6	149.6	157	213.8	264.2	265.2	254.6	226.2	230.4	269	327.6	315	301	305	292	304	337	342	326	334	337	333	340	329.4	301.8	315.4	335	342	338	323	317	328	317.8	319.4	337	333	323	304.2	317.2	343.6	345	357	362	371
408	408	408	408	408	408	408	408	408	408	408	408	408	403	406	398	396	408	408	408	408	403	377.6	403	408	408	408	408	408	408	408	396.6	331.2	289.8	280.8	284.4	321	345.6	342	342	342	336.6	329	248.4	197.6	195	184	178.4	176.6	178.2	174.6	174.8	177.6	178.2	171.6	171	183	187.6	179.8	166.6	152.8	142.8	137.4	130.8	132	139	141.8	137	126	111	101.2	96.4	99.2	102.2	103.8	108.2	106.4	101	93.4	86.8	81	81	86	84.2	77.8	79	83.4	87.6	93.2	94.6	95.2	102.8	111.8	116.4	116.8	117.2	118.4	115	111.2	104.8	102.6	106	104	106.4	105	104.6	104.2	100.2	99.6	96.4	95.6	99.8	100.8	98	96.6	94.4	94.4	102.8	98.2	92.2	89.2	90.8	93.8	91.2	90	93.6	100.4	113.4	127.4	138.2	141.4	147	147	141.4	134.8	117.2	110	117.2	122.4	126.6	130.8	137.4	140.6	138	139.2	137.6	134.6	134.6	133.4	135.6	142.4	147.6	151.4	166	245.4	295	293	280.2	247.4	235.4	257.4	309	309	311	337	342	333	338	371	363	353	364	357	354	358.2	324	310	338	347	345	335	342	359	356	346.2	363	363	333.2	305.2	319.6	335	320	330	345	356
408	408	408	408	408	408	408	408	408	408	408	408	408	408	408	396	406	408	408	408	408	405	401	408	408	408	408	408	408	408	408	367.8	306.6	286.8	286.8	296.4	319.2	346.2	340.8	342.6	340.8	338.4	333	276.8	206.4	196.6	189.6	181.6	178.6	180.6	177.8	183.4	188.4	191.6	191.4	197.4	204.2	203.4	191.4	176.2	157.2	143.8	133	127	126	130	129	120	103.4	87.2	75.2	69.4	77.2	85	82.6	86	85	84	78.6	71.4	64.8	65	69	71	65.6	64.6	68.6	63.6	62.8	69.6	69.6	71.4	79.2	85.4	87.6	86.2	87.2	81.6	75.4	76.4	73.6	72.2	73	75.4	76.4	78.6	81.2	78.2	78.2	77.6	79	85.4	87	88.2	87.6	91.6	93.2	93.6	96.4	88.4	84.8	83.4	84.6	84.4	85.4	85	88.2	100	114.4	128.6	140	146.2	153.2	152.6	147	132.2	119.4	123	131.6	139.2	140.6	140	143	138.2	133.8	138.2	134	132.2	130.8	137.4	143.6	147.8	154.2	166.2	243.4	294	291.4	269.2	274.2	302.4	314.6	315.6	311	309	333	346	334	339	357.2	353.8	342.6	357	354	354	363	349.4	317.8	339	354	349	342	353	375	361.2	343.6	371.6	376	348	317	326	337	326	322	328	339
398	408	408	408	408	408	408	408	408	408	408	408	408	408	408	408	408	408	408	408	408	408	408	408	408	408	408	408	408	408	408	358.2	301.8	286.8	289.2	299.2	312	342.6	319	322.4	339.6	339.6	334.2	254.8	208.6	199.6	182.6	179	178.2	177.8	176.4	184.4	189	194	200	208.2	212.6	211.2	199.2	181.4	163.4	148.4	136.8	125.8	121	120	109.8	85.8	68	62	54.2	58.4	71	68.4	69.4	71.4	70.2	69.2	64.4	58.2	56.6	55.6	56.6	58.2	57.4	57.4	65	63.6	57.8	62.2	66.8	76	85	79.6	78.8	77.4	74.4	69	65.6	67	64.8	66.2	68.8	70.6	69.4	68.8	69.8	74.4	71.4	68.8	67.6	74.6	78.8	83	83	80.6	87.2	90.8	90.2	84.6	80	74	75.2	75.2	74.6	77.6	78.8	87.6	104.4	117.6	135.2	144.8	153	153.8	150.8	146.2	131	124.4	135.2	140.4	139.6	140.4	138.6	132.6	133.8	135.6	133.4	129.6	131.4	134.6	140.2	144.8	151.8	175.2	245.4	276.4	273	236.4	273.4	330	323.8	308.6	321	318	325	347	337	312	301	318.4	331.8	357	349	338	346	356	326.6	318	338	348	346	353	361	336.2	316.6	350.6	361	349	338	326	327	331	333	332	310
401	408	408	408	408	408	408	408	408	408	408	408	408	408	408	408	408	404	408	408	408	408	408	404	408	408	408	408	408	408	376.2	319.8	305.4	294.6	333	320.6	298.8	331.2	311.4	321.4	336.6	336.6	331	270	217	204.8	195.6	185.2	179.4	177.4	180	188.2	196.8	206.4	214.8	217.4	213	208.4	201.8	184.2	167.6	147.2	130.8	124.6	114.8	102.6	88.6	65.4	48.2	37.8	32.2	34.6	46.2	47	47.4	50.8	55	55.6	48.6	42.6	41.6	40.6	40.8	42.4	43.6	43.6	44	49.6	45.8	44.4	51.6	59.8	62.6	58.8	55.4	54	50.2	47.4	47	47.6	46.4	50.2	50	54.8	55.8	53.2	53.2	55.4	57.6	57	56.6	59.2	60.6	62.2	63.8	62.8	69.8	74.8	73.8	73.8	70.4	60.4	58	59.4	60.6	64.4	71.6	83	98.8	111	129.4	155.6	163.2	157.8	157.2	150.4	143.6	142.2	145.2	149	147.2	143.6	139.4	132.4	131.6	132.6	130.4	127.8	132.8	136.6	140.6	144.8	152.4	177.6	248.2	279.2	273.8	254.4	302.8	345.6	338.6	318	320.8	330	325	346	342	315	318	335	354	376	362	333	328	340	316.4	309.4	334.6	350	350	354	361	345	327	338.2	344.2	342	340	332	328	327	330	331	308
408	408	408	408	408	408	408	399	405	408	408	408	408	408	408	408	398	396	408	408	408	408	397	389	404	408	408	408	408	408	371.4	320.4	306	312	366	349.8	297.6	320	312	322.6	337.8	336.6	329.6	280.6	220.2	205.8	193.6	186.6	178.6	179.6	183.8	190.8	200.4	210.6	221.8	226.2	218	212.2	203.8	189.8	179.2	154.8	133.2	125.6	109.4	88.2	65.8	52.8	38	23.8	25.6	28.2	36.4	39	39.4	51.8	49.6	45.4	45.8	42.8	39.8	38	37.6	42.6	46.4	42.6	42	43.8	44.6	52	57.6	55.6	58.8	54.4	52.4	52	43.4	38	37.6	40.8	41.8	43.6	44.4	48	48.6	50.6	49.2	51.8	50.6	51.4	53.8	54	55	59.6	63.2	60.2	63	66.4	66.2	67.6	64.8	54	47.8	49.6	55.4	58.2	63.4	76.8	90.8	108.8	126.6	147.8	155.6	152.8	154.4	150.2	146	147.2	151.4	149.4	149.6	149.6	143.4	138.8	138.8	133.4	129	130.4	130.2	136	139.4	146.2	152.4	187.8	264.2	293.4	297.4	291	306	327.4	332.4	338.6	346	361	335	328	339	347	354	359	363	371	370	349	328	325	309	320.2	356.6	357	354	359	364	362	353	340	333	345	352	342	339	341	335	338	328
408	408	408	408	408	408	408	391	401	408	408	408	408	408	408	408	402	403	408	408	408	408	406	403	408	408	408	408	406.2	408	387	342.6	325.2	384.6	404.4	355	303.6	322.8	325.4	328.4	339.6	336.6	333.4	310.6	240.8	208.4	198.2	189	184.6	181.2	187.2	195.6	205.6	208.2	216	224.4	223.6	215.4	206.4	192.4	177.4	152.4	134.2	131.8	124.4	108.8	83.6	63.8	44	28	22.8	24	28.8	34.6	33	45.6	48.8	41.8	50.6	51.4	47.6	42.6	46.8	56.4	60	51	41.6	41	49.8	62.4	69.2	68.4	67	61.2	54	49.6	45.6	42.4	39.6	40.2	42.8	42.4	42.6	39.2	38.6	40.4	42.2	42.8	42.2	39.2	41	42	42.6	45.8	48.4	49.4	47	50.6	45.8	40.8	41.4	31.8	29.2	31.2	38.2	51	59	68.2	84	104.4	126.6	138.4	148.4	154.8	158	157.4	156.6	157.4	160.2	157.4	150.2	148.2	144	139.8	138.6	134.4	129.2	130.4	131	133.8	136.4	142.6	149.4	192.6	255.2	280	312	353.2	335	330	338	350	341.6	341	331.2	308.2	324.8	341	354	357	359	355	357	347	333	331	317	328	353	350	338.6	344.8	353	362	366	354	338	346	357	350	342	341	339.4	349.6	336.8
408	408	408	408	408	408	394	390	408	408	408	408	408	408	408	408	408	408	408	408	408	408	408	408	408	408	408	408	406.8	408	391.8	336	344.4	391.8	380.4	350.6	306.6	321	340.8	339.6	339.6	337.8	336	325.6	238.2	207.4	196.8	191	186.8	183.4	187.8	192.4	201.6	207.8	213.4	223.8	227.2	219	213.2	201.4	178.2	152.6	136.8	131.6	125.6	108.8	89.2	71.4	41.4	25.4	21	25	22.2	25	28.4	37.4	41.6	44	53.8	56	56.2	52.6	58	69.2	65.2	63.4	55.8	48	54.6	71.4	76.6	76.8	75.6	66	64.2	58.8	54.4	54.2	53	57.8	55.2	58.4	58.6	49.6	45.6	44	46.6	49.8	45.2	44	48.4	51	49	48.4	48.8	49.4	45.4	43.6	39.8	31.2	29	24.2	22.6	24.2	29.6	42	56	66.4	80	102.2	130.2	142.4	153	157.4	159.2	158.6	166	169.6	168	163.8	156	150.2	146	140.6	136.4	135	132.2	132	131.4	132.2	137	144	156.4	215.4	257.6	261.2	298.2	349	339	322	326	330	328.6	342.8	347.4	325	322	326	323	322	327	332	346	354	349	349	340	330	324	325	313.6	316	323	327	357	380	374	369	370	361	350	353	353.4	361	350.8
408	408	396	408	408	408	392	396	408	408	408	408	408	408	408	408	408	408	408	408	408	408	408	408	408	408	408	408	408	408	385.2	364.2	406.8	408	379.6	363	322.2	316.8	339.6	337.2	336.6	337.8	336	334.2	259.2	209.6	196.4	186.2	185.2	183.4	186.2	191.8	200.2	210.4	217.2	225.2	226.8	219.8	214.2	201	178.6	157.2	143	142.4	148	138.4	121.6	102.8	73.8	46.4	27.4	22.8	23	22.2	26.2	33.8	36.8	42.6	55.6	58.4	60.6	61.2	64.2	76.2	76	73.2	66.8	57.2	71.8	88	87.6	85	86	82.2	76	66.8	68	73.8	71	72	69.6	69.8	67.6	55.8	47.6	54.6	57.2	54.8	51.8	44.2	48	51.2	51	45.8	41.6	41.2	32.4	28.6	24.8	21.2	17.6	14	13.6	17	21.2	33	46.6	55.2	67	84.8	109.2	133.2	146	152.4	157.4	163.6	175	182.8	172.2	164.8	153.8	143.4	138.8	136.4	134.2	132	130.8	130.8	133.4	133.4	137	145.2	158.4	221.4	275.2	281	314.8	346	334	317	320	328	341	360	362	355	342	331	327	327	326	330	342	354	359	359	354	345	334	331	328	328	326	319	337	369	381	374	362	359	348	353	361	362	357
408	408	391	408	408	408	408	406	408	408	408	408	408	408	408	408	408	408	408	408	408	398	408	408	408	408	408	390	389	408	388.8	387	394	398	399	376.8	332.4	318	336.6	327.8	324.4	336	330.2	326.6	255.4	198.2	188.6	183.8	179.8	182.4	186	189.2	195.8	207.8	218.6	224	228.6	226	215.8	200.6	183.8	165.4	149.6	143.4	144.4	137.4	127	99.2	78.2	56.6	41.6	33.2	23	19.4	26.4	26.2	30.4	34.8	47	56	58	53	49.8	60.8	63.8	64.6	61.4	50.2	58.4	75.2	76.6	74.2	76.8	76.6	74	65.4	64.2	74.6	76.8	75.6	72.2	71.4	64.8	52.8	41	46	51.8	49.8	46.2	41.8	39.6	42.8	43.2	41	35.4	33	27.8	23.6	16.8	13.6	11.6	10.6	16.6	20	25.6	34	43.6	53.4	69	94.4	117.4	134.4	141.2	149.4	154.6	160	172.4	179.8	175	164.6	153	147	140.6	135.8	134.2	131	127.2	131.2	132.8	130.8	136.4	149.4	157.4	208	262.2	285	314	352	340	326	320	326	339	345	353	360	353	347	366	387	392	369	348	342	359	385	401	408	389	374	357	345	348	338	318	312	323	334	337	338	330	334	362	392	384
408	408	395	408	408	408	402	406	408	408	402.6	402.6	408	408	408	408	408	408	403	408	408	396	408	408	408	408	408	396	403	408	408	408	391	408	406	370.8	340.8	345	352.8	319.2	313.4	330.6	329.4	331.2	278.6	205	191.6	184.4	183.4	178.6	182.6	192.4	197.2	209.2	212.6	216.6	220.2	220	209	197.2	188.8	169.4	154.4	149.2	147.8	144.6	132.6	113.6	92.8	78.8	67.4	60.2	47.4	34.4	30.4	22.4	17.6	22.6	30.2	44.4	43.4	28.4	29	44.4	47.2	47.8	40.6	34	60.4	75.4	75.4	79.4	80.6	80.6	75.8	64.4	68.4	78.2	74.6	72.8	69.2	66.2	64	47.2	31.6	43.2	48	44.4	39	25.4	24.8	34.6	32.8	28.6	24.8	21.8	21.2	18.6	16.4	19.2	25.8	35.6	48	53.6	54	51	55	60.4	67.6	89.4	113.4	131.4	141.2	150.2	161.6	168.4	177.2	179	171	157.4	149.6	143.4	134.6	134.8	134.2	130.2	126	129.6	134.2	132.8	137	146.4	164.2	216.6	252.2	289	325.8	336.4	336.8	333.4	331	332	347	350	350	360	342.4	338	368	390	402	385	353	338	349	381	401	406	387	371	363	350	355	347	320	309.8	312	323	331	338	332	325	356	391	381
402	403	383	387	408	408	403	408	408	408	406.8	408	408	408	394	391	402	408	408	406	397	408	408	403	408	398.4	408	408	408	408	408	408	408	408	394	361.8	353.4	373.8	375	340.2	332.4	329.4	328.8	332.4	279.2	207.4	192.8	183.8	179.2	178.6	181.4	188.2	199	211	215.8	220	221.2	216	211	198.4	184.2	169.6	159.2	153.8	147.4	144.4	136.8	117.2	98.2	82.8	73.8	68.6	58.2	44.8	36.4	31	29.8	29.4	32.2	41.6	43.8	35.8	33.6	41.4	45.2	47	43.6	42.6	67.4	85.6	86.8	87	89.8	91.2	88	66.8	63.8	77.6	73	74	69.4	66.2	66.8	53.2	30.6	39.4	45.2	41	36.2	22	18.4	31	33	24.2	18.2	15.4	17.2	18.6	23.2	29.8	37.8	50	62.8	69.6	65.8	62.2	68.4	73	82.8	95.2	113	135.4	144.6	155.2	164.2	168.2	177	176.6	168	159	150.2	141.2	135.2	135.4	132	127.8	127.2	129.6	131.6	132.8	139.4	145.4	198.2	284.8	295.2	316.6	344.2	340.6	352.8	361	370	354	352	361	347	360	361	323.4	326.8	339.6	367	380	360.8	345	332	331	340	354	356	359	371	366	349	349	342	336.2	333	335	338	347	342	320	322	338	352
387	399	392	396	408	408	408	408	408	408	408	408	408	408	394	397	405	408	408	408	408	408	401	387	399.8	408	408	408	408	408	408	408	404	408	382.4	381.2	404	408	403.8	350.4	333	324.6	318.8	329.4	294.2	213.4	191	184.4	180.6	177	180.2	186.4	194.4	202.6	212.2	219.6	220.6	219.6	212.4	204.2	188.8	174.6	168.8	163.4	159.6	155.6	143.2	126.6	108.6	93.8	82	76.6	72.4	62	57.8	58.2	57.6	56.6	57.4	57.4	57.2	61.8	60	48.2	41.4	37.2	36.2	42.8	49.4	58.4	57	49.4	49.4	53.8	50.2	38.2	44.6	51.6	51.4	49.8	47	45	44	35.4	27.6	27.4	22.4	22.8	26	32.4	34.2	40.8	44	43.8	42.8	46.6	49.6	54.8	57	62.6	74	86.6	93.6	95.2	91.6	88.6	93.4	95	101.8	114	124.6	140.4	152.6	163.6	172.4	177.2	176	168.8	161	151.4	144.6	136.8	135.2	133.8	131.8	129	129.6	130.6	135.2	137.4	144.8	148	207.2	294.2	313.6	374.8	368	346	361	363	367	360	354	361	339	348	370	330	319	326	332.2	366	361	356	341	328	325	347	360	361	371	374	356	346	339	340	345	346	342	350	346	325	326	335	348
405	408	408	408	408	408	408	408	408	408	408	408	408	408	408	408	408	408	408	408	408	408	408	406	405.6	408	408	408	408	395	406	408	408	408	406.8	400.6	408	408	408	366	334.2	299	307.8	329.4	293.2	218.6	191.2	185.2	181.2	178.6	179.2	184	190	192.4	208.8	216	219.6	216.2	208.2	196.2	188.2	176.8	168.6	165.4	160.6	153.4	143.6	131.8	119.2	108.6	96.4	84.8	81	77.4	79.8	82.4	86	90.6	93.2	97	97.8	99.2	87.8	76.8	72.6	74.6	80.4	87.6	93.4	98.4	93.4	77.2	72.2	70.2	67.2	62	62.4	68.2	68.6	64.6	62	59.8	62.2	62.4	60.8	62.2	53.4	58	62.2	63	65.4	70	72.2	71.2	73	76.4	76.2	77.2	80	80.2	89.2	95	99.6	101.2	99.2	97.4	99.4	105.4	115	124	136.2	145.2	152.4	164.8	169.2	175	173.4	165.6	157.8	150.2	140	136.8	135.2	133.8	129.6	126	128	130	137	138.8	139.8	152.4	212	265	273.2	348.8	368	347	364	367	361	369	360	350	331	319	324	322	317	314.2	313.4	353.6	348	355	376	368	341	355	384	377	375	377	368.8	362	347	350	360	366	361	356	353	355	357	354	357
408	408	408	408	408	408	408	408	408	408	405	408	408	408	408	408	408	408	408	408	408	408	408	408	408	408	408	408	408	408	405	408	408	408	408	408	408	408	408	385.2	334.2	314.2	303.2	314	325.6	276.2	208.8	190.2	184.4	180.6	177.4	176.6	181.6	191.6	202	211.8	213.6	209.2	201.4	193.8	185.6	179.6	170	172.4	168.2	161.6	155.6	145	135.4	123.6	113.2	102.8	95.2	88.6	86.4	86.8	92.2	95.4	100.8	108.4	112.2	119.6	120	114.6	111.8	115	125.4	131.4	138.8	139.8	135.2	130.6	119	112.8	105.6	100	101	102.4	103.2	102.8	101.2	105	107.6	103.2	109	108.4	103.4	95.6	96.4	102.4	99.6	96.6	97	93.8	91.6	94.4	95.2	96.6	104.4	108.6	109.4	106.2	103.8	99.8	102.6	105.2	107.8	113.6	122.6	129.6	137.8	149.2	160.2	171.2	176.6	176.4	168	158.4	149.6	142.4	138.8	133.2	130.4	127.8	129.6	126.8	124.8	130.6	131.2	136	141	149.8	186	232.2	284	332.2	353	369	373	376	362	362	361	350	342	333	328	324	318	313	328.6	354	357	346	362	387	371	347	358	380.2	370	361.6	347.6	347.4	361	357	357	363	368	357	348	350	354	350.4	348.4
408	408	408	408	408	408	408	408	408	408	398	408	408	408	408	408	408	408	408	408	408	408	408	408	408	408	408	408	408	406	408	408	408	399	392	392	408	408	408	400.8	333.8	295.8	311.6	307.4	314.6	259.6	190.6	183.4	177	172.6	174.6	178.2	184.6	188.4	198.4	205	209.4	207.2	200.4	196.4	186.6	176.4	166.6	166.4	163.6	161.4	154.4	148.2	145	138.8	134.2	125.4	116.6	113	109.6	107.8	111.4	117.8	121.6	126.2	130.4	134.4	134.2	134.4	140.8	151.6	162.8	167	161.4	159.4	155.6	149.2	146.2	139	137.8	141.6	140.4	139.8	140.2	133.6	137.2	138.4	138.8	140.6	132.8	122.8	115.4	112.8	111.2	112.6	114.8	112.4	111.2	105.8	103	104.2	105.2	110.2	116.8	119.6	120	117	117.2	115.4	118.6	119.8	123.4	129	133	138.6	142.4	152.6	162.2	168.2	170	178	172.2	158.4	151.4	146	138.6	135.2	133.2	132.8	130.6	126	129.6	131.6	132.2	135.8	139.8	193.4	276.6	295	322	345	333	347	375	380	349	348	357	355	347	347	352	345	334	341	349	357	355	368	375	380	396	390	352	347	341	337	336.8	339.2	356.8	361	361	357	360	361	338	333	353	358.6	348.4
401	408	408	408	408	408	408	408	408	401	397.6	404.4	408	408	408	408	408	408	408	398.4	400.2	400.2	408	408	408	408	408	408	399	408	408	408	406	404	402	400.8	408	408	405	397.2	355.2	316.6	319.4	306.6	320	287	206.4	183	177.6	172.4	169.4	171.4	180.4	186.2	192.2	196	197.8	200.8	199.4	198.4	193	182.4	171.8	166.8	163.8	162.6	158.8	154.4	150	145.6	140.2	133.2	131.4	128	121.6	118.2	119.6	125.6	126.4	125	129	134.4	133.8	136	145.6	157.2	173.4	181	175.8	169	169	162.6	160.6	165.6	169.2	174.8	172.6	170.4	166.2	165.8	169	166.2	169	174.8	165.6	155.4	143.2	125.4	120.8	120.4	115.6	111.4	111.4	108.8	109	113.2	119.2	123.2	128.4	129.2	126	126.4	127.4	128	128	125.8	127.8	129.6	134.6	140.2	145	150.6	158	168.2	167	167	162.4	155	150.8	141.6	135.8	131	126.6	127.2	131	126.8	128.8	129.8	128.8	135.8	138.8	202	298	328.2	379	359	326.6	338.6	360	366.8	350	344.4	340.4	357.8	350	353	361	352	339	347	348	345	353	377	378	362	382	398	363	342	338	331	338	353	355	352	355	360	353	354	339	335	353	361	359
402	408	408	408	408	408	408	408	408	408	405	408	408	408	408	408	408	408	408	404.4	402.6	405	408	408	408	408	397	378	399	408	408	408	388	402	408	408	408	404	387	403.8	369.6	333.6	303.6	312.6	318.2	299.2	223.4	185.6	177.4	171.6	170.4	173.2	177	181.2	186.6	194.2	198.2	202.2	202.8	202.4	195.4	180.8	171.4	167.8	164.2	157.4	155.2	154.4	152	151.8	153.4	150.2	145.4	147	143.4	140.2	137	140.4	137.8	133.8	131.4	131.8	129.4	126.8	131.4	135.2	139.4	138.2	135.6	130.8	133.2	129.6	128.2	132.6	141	147.8	145.4	137.4	135.2	135	141.6	144	148.4	149.6	142.4	137.8	129	118.8	114.2	114.8	111	108.6	112.4	116.6	118.2	124	129	132.2	133.6	135.4	136	140.8	142.4	141.6	140.8	138.6	137.4	136.8	139.2	146.4	149.2	152.4	159.6	169.2	169.2	161.4	158	153.6	148.4	142.2	135.6	132.2	127.8	128.2	129	127.8	128.8	131.8	134.6	137.8	155.6	234.2	298.2	330.2	387.4	378.4	327	352.2	358	344.6	357.4	367.8	379	385	368	364	370	353	337	333	341	334	330	345	349	328	324	354	356	349	364	359	356	373	362	347	333	327	331	330	331	337	341	341	361
404	408	408	408	408	408	408	408	408	408	408	408	408	408	408	408	408	408	408	408	408	408	408	408	408	408	384	380	406	408	408	402	373.2	392	408	408	408	396	385	408	385.8	347.8	306.2	313.4	313.4	315.8	261	190.2	179.6	171	168	171	171.6	175.2	177.4	183.6	190.4	199	201	204.4	199.4	190.6	184.8	181	177.2	166.2	156.8	155.8	156.4	154.8	156	156.8	152.6	152.2	152.8	151.4	148.2	148.6	145.8	144.4	139.2	135.6	132.2	125.6	120.6	120.8	116.2	111	106.6	103	101	99.6	101.8	106.2	111.2	117.8	119.4	112.8	106.2	103.2	105.8	106.2	107.2	109.6	109.8	107.2	106	104.8	104.4	108.6	108	109	115.2	122.8	127	131	131.4	136.2	139.8	140.8	141.6	142	143.8	147.6	143.8	139	139.6	139.2	141.4	146.2	150.2	156	160.4	168.2	164.6	154.8	151.8	145.8	143.6	137.6	130.8	129.2	125	124.4	125	125	127.6	128.8	135.6	137	158.8	235.2	283	315.6	379.4	376.8	347.2	357	364	348	360	383	397	394	375	361	362	350	340	332	335	333	326	332	341	337	327	349	355	349	367	367	364	375	366	355	336.8	324	330	330	330	340	350	340	357
403	408	408	408	408	408	408	408	408	408	408	408	408	399	404	398	408	408	408	408	408	408	408	408	408	397	391	408	408	408	402.2	387.8	399	408	408	408	408	392	401	391.2	368.4	332.6	301	310	309.2	322.8	292.6	208	179	167.6	168.2	168.4	171.4	175.6	176.6	186	193.6	199	196.8	197.4	198.2	191.4	187.2	182.2	173.4	161.4	155.6	155.6	160.6	164.6	161.6	161	158	158.4	162.6	159.4	155.6	156.6	154.2	149	142.6	137.2	129.6	120	115.4	110.4	103.8	96.6	93.4	93	91.4	89	88.6	88.2	91.8	92.6	90.6	86.6	82	79.2	81.6	84.4	88	88.4	90.8	94	95	95.4	97.6	99.6	102.6	110.8	122.6	129	134.4	134.2	134.2	139.4	142.2	142.4	145	144.4	143.6	143.6	141.6	138.6	137.6	141.6	146.4	149	149.8	155.6	159.4	160.4	151.8	149.4	148.2	142.4	135.6	130.4	126.2	122.6	122.4	122.4	118.8	123.6	128.2	132.2	133.8	139.6	204.8	252.2	268.4	330.2	362	376	359	356	376	368	369	378	387	391	390	376	356	357	366	357	341	328	337	342	340	352	341	330	339	329.6	341	346	349	345	347	364	363.6	355	350	355	353	350	359	346	335
406	408	408	408	408	408	408	408	408	408	408	408	408	397	404	408	408	408	408	408	408	408	408	408	408	394	406	408	408	403.8	400.2	406	408	408	408	408	406.8	384	377.6	361.2	317.2	293.2	298.2	310.8	319.2	322.2	318.2	232.4	181.4	172.2	166.4	166	167.2	172.2	173.4	179.4	189.2	195	197.4	194.8	195.4	194.2	189.4	187.8	177.2	169.2	162.6	154.4	158.4	161.8	159.8	157.6	154	158	163.8	164.2	158.6	157.4	159.2	155.6	153.6	147.6	137.4	124.4	113	104.2	97.2	92.4	90	86.8	83.8	80.8	78.8	77.4	75.4	73.6	72.4	71.4	71.6	70	71.6	75.6	77.8	81.6	85.6	87.8	91.4	92	95.6	100.6	107.4	116.2	126	134	138.8	139.8	139.6	140	141.2	143.2	147	145	144.4	143.8	137.2	139.6	143	143.8	146.2	148.4	148.8	146.8	149.6	150	149.6	144.2	137	133.4	128.4	123.2	121.2	120	122	123.8	120	120.6	126.4	129.4	131.8	141.4	206.8	250.6	302.4	350	355	367	353	352	371	367	371	375	377	384	389	383	361	360	369	361	348	335	340	345	338	346	340	326	330	334	333	338	345	345	346	361	368	354	345	345	345	342	350	341	329.6
408	408	408	408	408	408	408	408	408	408	408	408	408	408	408	408	408	404	408	408	408	408	408	404	404	406	406.8	408	408	408	408	408	408	406	405	406.2	400.2	396	393.6	355.2	311.4	296.4	310.8	323.4	322.2	321	321	322.2	239.2	181.2	175	168	163.6	167.6	175.2	178.2	184.4	188.4	190.4	196.8	200	193	190	190.6	183.4	177.6	167.2	155	155.6	154	157.6	158	157	156.8	160	157.4	152.6	155.6	156.6	155.6	157.2	155.2	149.2	139.4	124.8	110.6	98.8	91.2	85.8	78.8	77.2	75.2	73.4	70.8	68.8	68.4	67.4	66.8	67.4	67.8	66.6	68.2	70.8	77.8	81.6	83.8	87.8	90.8	95.6	103.8	113	120.2	129	134.2	138.4	137.8	138.6	136.6	139.2	141.8	143.6	142.6	142	139.6	135.6	139.6	144	144.4	148.4	149.2	149.2	149.2	147	145.6	143.8	139.2	133.6	128.2	126.2	122.6	119.6	121.4	120	119.6	120.8	124	126.4	127.4	132.8	166.6	209.6	243.8	297.4	328	331	340	356	341	316	316	331	342	359	370	361.6	357	361	349	345	353	352	349	366.8	382	367	353	357	354	346	346	348	356	369	381	375	359	354	349	337	328	325	324	320	322	329.6
408	408	408	408	408	408	408	408	408	408	408	408	408	408	408	408	408	387	408	408	398	399	408	408	408	408	408	408	408	408	408	408	405	390	408	408	408	408	406.2	378.6	348.6	328.8	319.2	321	322.8	321	318	319.8	227.8	179.4	179.2	170.4	165.2	167.4	172.8	175.6	179.6	180.8	187.2	196.8	195.2	197	195	186.8	185.4	182	174.4	164.8	156.6	150.6	153.4	156.2	157	152.8	154.4	155.2	151.6	150.4	155.6	157.4	155.2	154.2	152.2	145.2	132.6	117.2	107.6	101	92.4	84.2	81.6	76.6	75	73.2	69.4	69.8	70.4	68.8	69.4	69.4	69.4	70.6	75.6	82.8	88.8	94.6	98.2	100	106.4	112.2	118.4	127.8	136	139	141.8	141.2	140.8	139.8	141.2	146	144.2	141.4	140.6	137.8	138	143.2	146.6	144.4	147.4	147.4	145	149.6	147	141.4	136.2	127.4	122.8	121.2	118.6	119.6	118.4	118.4	120.6	119	121.4	124.6	125.6	130.4	133.8	187.4	245	292	337	327	333	338.6	353	347	325	326	337	341	357	369	375	368	359	347	342	349	352	353	376	388	374	362	363	360	352	359	358.6	342.2	372.2	390	370	356	362	357	342	339	341	335	328	328	324
408	408	408	408	408	402	392	408	408	408	408	408	408	408	408	408	408	408	408	408	408	408	408	408	408	408	408	408	408	408	408	408	408	408	408	408	408	408	408	395.4	367.2	353.4	330.6	319.2	324	322.2	318.6	318.6	276	193.6	178	169.2	169.2	169.2	168	166.4	170.4	170.6	182	190.4	194	197.2	198.2	191.2	191.4	189.2	180.4	171.8	163.6	154.4	151.4	150.4	152.4	150.2	146.6	144.8	141.4	140.6	147.2	155.2	153.4	148.6	144.2	142.4	136.6	122.2	113.4	104.8	99	94.6	91	86.4	81.4	78.6	77.6	78.2	75.8	76.4	76.4	75.4	77.2	78.2	82.6	89.6	94	101.8	108.6	112.8	119.6	125.4	127	133.4	138.8	143.2	142.4	141.2	138.6	138.4	139	142.4	146.2	142.4	142.6	139.6	142	146	145.6	144.6	147.4	146.2	144.8	150.6	149	142.8	134.2	125.2	123.2	121	116.4	115.4	116.4	118.8	124.4	122.6	122	121.4	125.6	129.8	169.8	232.6	248.6	301.2	357	352	342	328.4	337	367	377	363	364	360	360	375	398	396	381	367	350	342	335	325	334	352	373	380	374	361	348	345	348	325.4	326	350	355	350	357	361	352	367	375	368	349	338	330.8
408	408	408	408	408	389	385	408	408	408	408	408	408	408	408	408	408	408	408	408	408	408	408	408	408	408	408	408	408	408	408	408	408	408	392	408	408	408	408	372	340.8	316.8	294	318	332.4	322.8	322.8	320.4	318.2	227	177.2	173.6	168	165	163	164	166.2	169.6	177.6	186.2	188	191.6	195.2	196.4	192.2	191	182.6	171.8	166	160.6	156.8	148.8	148.2	152.4	147.8	143.6	141.8	134	141.2	153.6	155.2	150.8	145.2	140.6	138.2	130.2	123	118	110.4	105.8	104	100.6	98.2	92.4	91.2	88.8	86.8	88	87	88.2	87.6	87.6	94.8	98	100	103	107.2	112.4	115.4	122.8	126.2	130.6	137	139.2	137.6	139.4	140.6	138.8	139.6	141.4	145	140.6	140	143.8	147.2	148.6	146.6	145	142.6	142.6	143.6	145.4	144.2	137.4	130	122	120.4	118.6	115	114.6	114.4	119.6	121.4	125	123.8	121.4	125.6	130.4	174.8	237.4	273	323	360.2	362	352	331.2	321.8	360	385	381	373.6	374	369	370	385	388	380	369	354	341	333	326	333	345	359	370	371	359	348	337	339	334	330	341	352	347	357	356	346	364	370	367	353	340	337
408	408	408	408	408	405	404	408	408	408	408	408	408	408	408	408	392	408	408	408	408	408	408	408	408	408	408	408	408	408	408	408	408	377	370	408	408	408	408	372.4	342	324.6	307.8	329.4	342	326.4	324	321	320.4	265.4	193.2	174.6	169.6	164.4	159	160.4	163.8	161.4	172.4	183.8	190.4	193.4	196.2	197.2	193.6	191.2	185.6	181.2	174.4	168.2	162	154.8	152.8	155.8	152	151.4	147.6	141.2	143.6	148.2	152.6	154.6	149.6	148.4	142.2	134.4	132.2	130.4	122.8	116.6	112.8	108.6	102.2	96.8	94.8	95.6	95.6	96.2	97.4	97	96	97.2	100.2	107	106.4	111.2	118.2	123.2	125.6	131	138.8	140.4	143.6	144.4	140.6	137.4	138.6	137.6	139.4	139.4	144.4	143.8	142	145.4	147.6	149.2	150	147.2	144.8	146.4	144.6	142.2	140.2	134.6	127.2	124.8	123.2	118.6	116.6	116	118.4	120.6	121.8	121.8	120.8	120	124.6	142.6	210.6	267	298.6	340.6	369.6	372.8	357.4	338.6	321.2	341.4	355	369	364	366	360	350	352	348	359	369	368.2	359	339	346	378	368	332	331	357	368	355	348	352	359	345	345	363	361	368	356	333	341	347	337	337	335	337
408	408	408	408	408	408	408	408	408	408	408	408	408	408	408	397	391	408	408	408	408	408	408	408	403	408	408	408	408	408	408	408	398	376	377	408	408	408	403	399	408	397.2	393	375	357.6	337.8	324.6	322.2	322.2	297.2	235.4	181	168.4	165.2	161	161	162.2	157.6	162.2	176	182.2	188.4	195.2	196.4	192.6	191	185.4	179.8	176	171.8	166.8	160	156.8	154.6	153.4	152.4	148.4	143.6	143.4	147.6	146.6	150.4	155	152.2	148	146.6	143.4	143.4	142	136.8	127.2	115.2	106.6	102.2	99.2	99.8	101	100	102.8	106.4	107.2	104.2	107	108.2	110.6	116.2	125.6	131.6	132.2	139.4	139.8	140	144.2	143.6	143.6	144.2	143.6	141.4	138.8	138.4	140	142.4	145.8	146.4	143	146.8	148	145.4	144	143.4	140.2	136.4	133.6	129.2	124.4	121	119.6	116.6	117.8	117.4	120.8	121.2	119.6	120.6	120.6	121.4	127.6	145.8	213.8	305.2	359.4	365.6	373.2	385.2	371.2	357.6	341.8	332.4	341	347	354	354	346	340	345	346	356	367	365.6	341.4	329.6	346	382	378	349	338	340.8	371	355	348	352	359	347	346	370	363	362	357	342	342	345	335	338	333	334
408	408	408	408	408	408	408	408	408	408	408	408	408	408	408	394	408	408	408	408	408	408	397	387	408	408	408	408	408	408	408	380	392	402	401	408	408	408	389	394	408	408	402	396.6	373.8	357	337.2	325.2	317.8	313	294	216	172.4	167.4	165	164	165.2	164.4	167.4	172.2	178.8	186.8	188.6	186.4	185.4	187.8	188	185.6	179.2	175.4	170.4	163	156.8	154.4	153.2	152.8	150.4	150.2	152	154.4	156.8	154.2	152.6	156.4	160.2	157.4	155.6	154.6	160.8	164.4	161.4	152.8	144.4	145	151.4	151.8	152.8	155	157.8	158.4	151.4	144.8	141.6	139.2	138.4	144.2	148.4	147.2	147.4	148.6	150.2	150.2	151.4	152.6	142.6	142.2	140.2	140.6	139.6	136.6	137.2	141.4	146.6	146.6	143	145	147.8	144.6	143.2	142.2	140.2	136.2	132.8	132	127.4	120.6	117.8	118.4	116.4	118	122	124.2	124.4	120	120.8	122.4	136	162	235	303.2	335.4	363	363	384.6	388	373	363	358.8	349.4	349	348	352	341	342	356	369	369	374	383	370	337.8	324.6	335.8	352	357	353	345	341.8	352	348	352	355	352	345	353	353	339	335	352	352	340	338	353	345	327
408	408	408	408	408	408	408	408	408	408	408	408	408	408	408	401	408	408	408	408	408	408	395	396	408	408	408	408	408	408	399	374	403	408	408	408	408	408	383	399.2	408	408	397.2	378.6	363	356.4	337.2	324.6	316.4	312.4	307.6	267	197.6	169.6	169.8	167.6	166.4	162.2	166.4	170.6	175.4	183.6	189	184.6	183.6	187.2	187.6	184.4	176.8	178.4	174	163.4	158.8	156.4	157	152.2	150.8	149.2	150.2	155.6	156	154.2	155.4	159	163.8	162.6	160.4	156.6	161.2	164.2	165	161.2	155.8	159	165	165	166.8	168.4	173.6	179.2	176.4	166	155.4	147.4	148.4	154.8	157.6	155.4	150.4	151.4	157.4	159.6	159.2	159	154.2	147.6	139.8	138.8	138.4	137.6	142.6	147.2	149.2	149	148.4	148.4	147.8	145.4	141.2	135.2	129.6	128.6	126.8	124.4	122.6	119.8	119	121	119.6	117.6	119.4	121.4	122.6	118.4	119	122.8	137.4	164	279	364	363	368	362	371	371	362	364	363	343.6	339.4	342.8	354	346	347	351.8	367	369	369	381	371	350	334	333	341	350	352	345	347	352	355	357	359	361	355	349	346	321.6	321	337	345	340	338	350	345	331
408	408	408	408	408	408	408	408	408	408	408	408	406	408	408	408	408	408	408	408	408	408	408	408	408	408	408	408	408	408	402	398	408	408	408	408	408	408	408	408	408	408	406.2	387.6	363.6	358.2	345.6	327.6	323.4	322.8	314	327	300.8	203.8	169.8	166.4	164.4	162.2	163.2	169.4	174	180.2	189.2	185	183	192	193.6	189.4	187.4	181.2	180.8	179.6	175.4	170	160.8	153.8	157.2	157.6	152.2	153.4	159.6	168.6	168	168.4	175.2	176.2	172.2	178.2	180.2	182.6	188.4	189.6	196.6	193.6	191.8	190.6	185.6	184	195.2	201.2	196	190.8	186.8	180	174.6	173.2	170.2	165.2	164.2	169.2	175.6	176.4	167.4	160.6	155.4	147	140.2	137.8	139.4	142.8	148.8	155	156.8	150.8	149.2	151.2	152.6	149	146.6	136.8	129.6	129.8	126.2	124.8	121.2	119.2	120	120.6	121.8	118.8	120.2	119.6	114.6	114	120.8	136.4	143.4	177.6	315	388	391	392	370	352	348	346.8	345.8	363.8	348.8	336.8	333.2	348.2	355	346	335	349	359	346	350	362	357	361	383	385	375	360	356	364.6	374	364	362	349	352	355	345	347	335.6	323.2	345	361	375	373	353	346	339
408	408	408	408	408	408	408	408	408	408	408	399	397	408	408	408	408	408	408	408	408	408	408	396.6	393.6	408	408	408	408	408	408	408	408	408	408	408	408	408	408	408	408	408	408	387	361.8	357	350.4	338.4	324.6	312	310.2	324.6	324.6	248.8	181.4	167.2	163.2	161.8	164.4	173	173.6	176.6	183.2	184.8	187.6	192.2	192.2	193	191.8	185	185.6	185.8	184.6	176.8	167	159.4	157.4	161.6	159.4	157.8	161.4	171.4	178.2	176.4	178.8	181	178.6	182	182.2	183.2	184.4	184.2	190.6	200.2	196.8	192.6	192	190.6	196.8	199.4	197	192.6	188.8	185.6	183.4	180.2	177.6	173.4	170.4	168.6	175.2	177	166.4	159.4	156.4	150.4	145.4	142.4	141.8	146.8	152.4	159	160.2	156.2	149	147.6	144.8	139.2	138.8	132	128	124.8	121.6	118.6	117.8	118	121	119	119.8	120.2	117.4	115	113.4	113.8	122.8	135.8	153	228.2	339	390	403	406	377	360	361	356	350	363	368	352	349	345	348	348	337	359	371	357	353	362	355	360.8	391	391	377	357	356	344.4	361.4	363	344.4	339.6	345	342	340	347	346	348	360	375	398	394	367	354	346
408	396	404	408	408	408	408	408	408	408	408	408	408	408	408	408	408	408	408	408	408	408	408	393	399.6	408	408	408	408	408	408	408	408	408	408	408	408	408	408	408	408	408	408	379.2	362.4	357	351.4	328.2	329.4	312.2	305.2	322.8	318.6	299.6	237.8	176.8	167.4	165.6	165.6	167.6	168.4	174.8	182.6	187.4	192.6	196.2	195.6	195	194.2	190.8	191.4	194.4	194.8	192	183.2	174	175.2	179.2	177.8	176.6	176.8	181.8	185.4	186.4	186.6	190.4	195.2	204.2	202.8	203.2	196.8	191.2	189.6	188.4	185.6	183.2	182	183.6	188.2	191.8	193.4	191.6	194.4	195.4	189.4	186.4	185.4	177.4	168.6	169.2	173.8	175.2	170.2	157.8	153	154.2	154.6	158.8	153.2	149.6	156.4	161.6	162.2	158	151.4	148.8	144.2	140.4	139.2	134.6	132.2	127.8	124.2	119.2	117.4	118.2	120	121	122	119.8	118	116.6	119.4	123.8	131.4	136.8	162.6	241.8	331	364	383	383	376	378	382	374	359	354	352	350	361	377.8	385.4	356	349	374	387	381.8	375	369	349	338	346	352	363	366	349	324.6	340.8	353	326	322.8	346	360	370	363	352	348	352	381	401	378	378	377	364
408	404	408	408	408	408	408	408	408	408	408	408	408	408	408	408	408	408	408	408	408	408	408	408	408	408	408	408	408	408	408	408	408	408	387.6	402.6	408	408	408	408	408	408	379.8	367.8	362.4	357	350.2	331	339.6	320.2	307.8	320.4	310.8	298.2	251	187.4	173.2	167.4	162.2	162.6	164.6	169.2	174.6	181.6	189.2	195.2	197	198.2	197.8	194.8	194.2	198.4	202.4	203.4	200.4	191.8	186	189	190	185	185	188.4	187.6	188.8	193	195.8	200	208.6	215.4	223	221	215.8	218.2	214.2	209.4	201.6	201.8	198.6	194.4	193.6	195.4	195.2	205.2	203.4	192	182	177.4	179.6	175.6	169.4	172.2	177.4	175	166.2	161.2	161.4	162	166.8	164.8	162	162.2	159.6	164.6	164.2	159	151.2	139.4	134.4	133.2	130.8	127.8	124.2	120	117	116.6	117	116.2	119.6	119.6	117.8	114.8	113.6	114.8	125.6	135.8	172	227.2	263	324	350	364	370	378	384	385	381	370	363	361	347.6	352.4	371	384	352	340	363	375	376	376	373	352	333	334	345	366	370	352.2	339	338	346	337	325	340	363	384	380	361	350	341	370	377	349	356	363	368
408	408	408	408	408	408	408	408	408	408	408	408	406	408	408	408	408	408	408	408	408	408	408	408	408	408	408	399	408	408	408	408	408	400.8	389.4	408	408	408	408	408	408	408	385.8	370.8	362.4	357	337.4	331.2	343.8	328.8	320.4	319.8	297	312.2	269.2	198	187	168.6	161.6	163.4	161.8	165	171.2	180.2	190.4	194.6	197	197.8	200.4	202.4	198.8	199.4	205.6	209	208.4	205	197.4	198	195	191.2	194	201.6	194.8	193	198.8	200.4	201.4	211.4	223.2	235	240.4	236.6	223.2	215.2	213	211.6	206.6	208.4	203.8	197	201.2	199	198.6	193.8	191.2	189.2	182.4	175.4	172.6	171.4	171.6	173.6	178.8	177.2	167.2	163.8	166.2	170.4	175.2	175.2	169.8	164.6	167.2	165.4	157.8	147.6	136.4	129	129.2	130.6	128	120.6	115.4	118.6	118.2	116	117	120.8	118.4	117	118.4	114.8	118.4	124.6	141	196	240	270	340	356	364	385	408	399	382	388	395	397	392	368	346	341	350	350	335	340	359	371	367	361	347	338	330	340	367	363	351	348.8	348	349	334	322	333	352	363	360	363	359	335	331	333	326	326	342	362
408	408	408	408	408	408	408	408	408	408	404	404	401	408	408	408	408	408	408	408	408	408	408	408	408	408	396	395	408	408	408	408	408	408	408	408	408	408	408	401.4	397.2	408	393.6	368.6	362.4	355.2	323.4	332.6	344.4	336	324.6	318.6	300	320.4	296.8	206.8	185.4	171.2	158.2	156.6	161.6	160.4	163.6	173.2	180.8	189	198.2	198	193.2	200.8	203.6	199	205.4	213.6	218.2	217.8	214.6	212	207	203.4	206	214.6	216.2	210.6	220.2	225.8	218	226	238.8	252	258.2	262.4	258.4	244.4	240	235	231.8	228	221.8	220.6	224.2	223.6	217.2	214	210.4	203.6	196.8	187.8	180	180.6	184.4	180	180.8	186.2	182.4	176.6	182	182.4	185	182.4	179.2	168.8	166.4	163.4	151.8	138.2	128.6	127.4	127.2	127.2	121.8	120.6	117.8	117	117	113.8	113	115.4	115.4	114.4	114.2	113.4	115.8	133.6	183.2	234	240	263	330.6	364	376.2	389	405	388	367.8	378.2	390	378.6	365	363.4	346	333	349	357	352	352	360	374.4	376	361	350	348	334	334	353	356	356	356	348	350	340	324	330	338.2	336.4	328.8	352	357	347	325.6	318.2	332	332	355	367
408	408	408	408	408	408	408	408	408	408	401	408	408	408	408	408	408	408	408	405	392	403	406	408	408	408	392	408	408	408	408	408	408	408	408	408	408	408	408	404.4	403.8	408	398.4	374.4	361.8	344	343.2	349.2	344.4	337.8	327.6	303.8	293.8	319.2	287	200	178.4	168.8	156.6	152.2	159.6	162.8	164.6	168.2	177.4	184.8	191	196.4	194.2	199.6	205.4	203.8	210	213.6	216.8	216	213.8	212.6	212.6	214.8	211.2	216.8	217	209.6	214.2	222.8	226	229.8	233.2	245.2	256.4	260.2	263.2	252.4	242.4	244	239.6	235	228.6	230.2	232.8	232.8	228.8	216	207.6	202.4	200	195.2	188	189.8	180.6	177.2	181	179.2	172.8	175.2	185	187.8	188	187.8	186.8	170.6	167	164.2	151.2	134.4	124.4	126.8	126.2	123.6	119	118.4	116.6	117.6	117	115.6	113.8	114.2	113.8	110.8	108.2	110.4	116.4	147.6	201.6	238	237	280	340.2	343.6	363	380	375	368.2	354.4	345.6	348	334.2	330.8	336.6	350	352	355	369	388	382	364	387.2	399	380	373	374	363	341	340	350	359	355	346	338	339	342	349	345.2	356.6	355	350.8	361	370	360	350.4	355	335	347	350
408	408	408	408	408	408	408	408	408	408	403	408	408	408	408	408	408	408	408	408	402	408	408	408	408	408	408	408	408	408	408	408	408	408	398	402	408	408	408	408	408	408	402	373.8	361.2	354	349.2	348.6	341.4	336.6	326.4	297.2	298.2	316.2	294.4	201.6	176	168.2	160.4	152.4	153	156.2	158	161.2	170.6	179.6	189.2	195.8	196.8	201.8	206.8	203.6	206.8	213	214.4	215.6	212.2	213.4	220	219	218	218	224.8	217.8	215	221	228.8	235.6	240.2	249.6	260.4	269.4	261.4	252	251.2	244.4	238	236.4	231	232.2	233.8	235	235.4	230.8	222.4	211.8	209	206.6	206.6	201.4	193.2	188.4	191.4	191.2	191.2	195.8	194.6	194.8	191.6	189.8	184	171.2	159.8	161.6	155.8	140.8	125.2	122	123.6	121.8	119.4	116.6	120	121.8	119.6	114	111.4	112.2	111.4	105.8	107.8	116.6	163.2	216.8	231	235	235	269	334	339	348	363	364	368	374	352	341	346	348	342	340.8	354.8	357	367	387	376	356	375	379.4	370	373	382	375	350	346	353	355	353	349	340	334	348	357	346	362	374	353	355	371	364	366	362	337	338	342
408	408	408	408	408	408	408	408	408	408	408	408	408	408	408	408	408	408	408	408	408	408	408	408	408	408	408	408	408	408	408	408	408	408	408	408	408	408	408	408	408	408	405	378	363	354.6	349.2	348	341.4	336	331.2	315	318.6	315.6	304.4	209	180.8	172.6	163.2	148.8	144.2	148	151.4	154.2	166.6	177	184.2	190.4	195.4	201.2	209.6	209	211.4	214.2	213.2	211	208.6	209.4	215.4	216	216	221.8	230	217.4	212.4	222.2	232	236.4	237.2	247	253.2	250.6	243.6	241.6	246.4	235.2	229.6	224.8	216.6	218.2	220.8	224.2	230	222.4	215.8	211.2	207	202	199.8	197.4	192.2	183.6	185	190.2	190.8	193.6	194	195.6	189.8	184.4	176.6	170	162.2	156.8	148.8	138.2	127.2	122.6	119.6	120.8	119.4	115	117.4	121	120.2	116	109.8	104.2	102.8	103.2	108.8	122.4	180.8	225	228	235	237	274	346	354	339	339	355	370	383	373	373	390	381	370	355.8	347	340.2	341	356	363	361	350	340.8	335.6	342.2	363.6	366	350	340	349	360	357	363	355	331	323	326	323	320	332	338	330	335	340	346	349	345	345	339
408	408	408	408	408	408	408	408	408	408	408	408	408	408	408	408	408	408	408	408	408	408	408	408	408	408	408	408	408	408	408	408	408	408	408	408	408	408	408	408	408	408	408	375	361.2	351.6	352.2	348	343.8	340.2	336	328.2	319.2	315.6	309.8	217	182	172.4	162.6	147.8	141	144.2	146	150.4	157.2	168.8	174.4	181.8	189.2	195.2	203	205.2	206.6	209	206.8	207.8	207.2	204.4	209.2	213	210.8	211.4	222.6	225.2	217	224.8	239.6	240	238.4	236.6	245.2	249	237.6	232.8	234.8	226	219	218.8	215.8	217.2	217.2	221.4	228.6	226.8	213.6	208.8	210	204.4	200.6	195.2	190.2	188.8	188.8	197.4	199.8	200	201.4	199	190.4	179.6	170.6	162.4	155.8	147.4	137.2	132.2	123.6	117.6	117	116.4	116.4	115	115.6	116.8	115.6	113.6	106.6	100.4	100.4	102.6	112	142.2	198.2	223.8	230	235	237	277	360	370	352	346	355	364	369	364	370	392	388	377	368	352.8	331	337	347	366	370	360	349	343	345.8	356	353	347	340	348	356	353	360	344.4	326.8	326	325	324	326	334	345	334	326	333	345	347	346	341	327
408	408	408	408	408	408	408	406	408	408	408	408	408	408	408	408	408	408	408	408	408	408	408	408	408	408	404	408	408	408	408	408	408	408	408	408	408	408	408	408	408	404	403	370.8	360.4	357	350.4	348	345	338.4	334.2	331.2	322.2	315.6	237.8	194	178.8	168	162.2	150.2	142	140	141.8	142.2	145.4	153.2	163.4	177.4	185	192	198.8	199	200.8	205	205	205.6	205.6	196	198	201.2	200.6	204.2	208.8	208	208.2	221.4	226.6	229.2	233.6	234	234.6	233.6	223.2	216	213.8	206	200.4	196.8	203.6	214.8	212.4	210.2	219.2	215.8	208.2	212.2	208.8	196.6	189.4	185.8	181.8	180.6	187.2	193.4	197	196	193.4	191	183	173.6	166	158.6	147.2	139.4	133.4	127.8	121.2	116.6	119	114.8	114.4	115.4	115.6	114	112	104.4	99.8	98.8	102.4	107.8	116	143	202.6	221	231	233	238	297	387	390	369	357	350	348	350	352	343.2	364	381	366	357	347	344.6	357	342.2	344.2	355	355	357	356	348	353	361	361	353	350	355	360	360	348.6	350.2	359	346	340	340	342	352	361	366	362	349	346	346	339	317
408	408	408	408	408	408	402	398	408	408	408	408	408	408	408	408	408	408	408	408	408	404	402	408	408	408	408	408	408	408	408	408	408	408	408	408	408	408	408	408	408	408	408	370.8	362.4	358.2	352.8	349.2	345	337.2	336.6	337.2	328.8	271.2	193.4	184.8	179.4	168.8	164.6	152.6	145.6	138.2	134.8	139	141.6	142.2	150.6	165.4	176.8	186.2	194.2	191.8	193	194.4	197.6	202.6	199.8	193.4	194.2	194.4	190.8	192	194.4	202.8	210	221.8	226.6	216.6	224.2	234.8	230.6	218.4	208.6	201.6	200.6	200.8	199.4	196.4	196	202	203.8	207.8	211.6	213.8	213	212.4	207	189.8	182.8	179.6	180.8	176.4	183	194	194.2	180.8	181.4	178.8	169.4	165.6	157.8	151.4	141.6	135.6	131.4	126.6	118.4	113.4	114.2	115.8	115.6	114.4	112.2	107.2	102.8	99	92.4	93.4	103.2	114.4	124.2	160.4	223	228	227.8	229.8	238	297	387	396	383	367	357	355	357	359	347	361	376	367	359	342	350	364	345.2	335.6	348	356	360	362	357	360	366	362	352	350	361	369	371	370	369	364	354	345	346	347	350	363	366	355.8	347	340.8	335.8	331.2	316.2
408	408	408	408	408	405	408	408	408	408	408	408	408	408	408	408	408	408	408	408	402	391	408	408	408	408	408	408	408	408	408	408	408	408	408	408	408	408	408	408	408	408	408	372	361.8	358.8	353.4	349.2	343.8	338.4	337.8	339.6	280.2	194.4	165.8	172.8	177.4	170.8	163.8	151.4	144.6	139.6	133.8	136.4	140	141.4	144.4	151.4	160.4	175.2	187.4	183.4	182	183	183.2	189.6	190.8	191.4	193.2	192.2	188.4	183.2	187.6	195.8	205.4	211	209.6	198.8	203.6	210.8	210.8	205.2	198	189	187.6	189.8	187.6	182.6	178.2	186.8	189.8	195.8	207.4	207.2	209	209	201	183.8	174.4	171.2	170.4	171.2	175.4	183	182.6	171.2	171.8	171.8	163.4	161.4	150	142.4	139.4	131.4	124	120.8	117.4	112.8	113.2	112.4	112.4	108.8	107.8	103.2	97.6	96.4	94.2	98.8	104.4	116.6	129.8	164.8	225	228	231	230	235.6	312	385	408	408	408	391	375	364	359	346	346	357	368	378	364	348	367	371	359	352	361	360	357	373	383	377	360	353	355	375	401	401	389	376	375	375	368	363	356	348	345	356	368	355	347	343.8	343.6	342.6
408	408	408	408	408	408	408	408	408	408	408	408	408	408	408	408	408	408	408	408	399	406	408	408	408	408	408	408	408	408	408	408	404	403	408	408	408	408	408	408	408	408	392.4	367.8	361.2	357	353.4	348.6	344.4	342.6	343.8	332.6	251.6	197	168.8	165.8	174.6	171.2	164.4	152.8	141.8	136.2	130	130	133	135	139.2	143.8	152.4	161.4	175	179.6	176	176.4	172.8	176.6	180.8	181.8	184.2	183.8	179.4	177	178.6	182.2	186.8	192	193.8	186.2	185.6	187	189.8	189.2	181.2	172.2	164.8	165.6	169.4	168.2	161.8	166.4	173.4	179.6	190.4	190	192.4	198.8	194	180	174	168.6	164.2	165.2	169.8	172.6	173.6	170.6	166.6	161.8	152.8	146.6	140	129.8	130.4	127.2	118.8	117.4	113.8	110.8	108.6	107.8	103.6	100	98.4	96.2	94.6	95.8	96.6	102.6	110.2	120.2	133.4	175.4	225	227	228	225.8	233	301.6	375	401	408	408	390	373	361	355	348	350	356	364.8	363.4	346	340.4	363	371	367	358.2	363	362	355	368	378	375	359	356	355	375	404	404	390	376	371	378	378	364	353	348	341	354	369	360	353	350	354	361.2
408	408	408	408	408	408	408	408	408	408	408	408	408	408	408	408	408	408	405	403	408	408	408	408	408	408	408	408	408	408	408	408	401	408	408	408	408	408	408	408	408	408	383.8	358.2	351	358.2	356.4	351	344.2	344.4	345	294.8	229.4	200.8	153.2	166.8	173.4	166.4	163.6	155.4	145.2	136.8	128.4	127	126.8	127.6	132.4	141.4	146.2	150.4	158	166.2	174.6	175.8	174.6	176.8	178	175.2	178.8	177	177.2	175.4	172.8	168.8	172.6	179.6	182	179.6	174.8	171	168	170.4	168.2	160.4	153.8	148.8	146.4	149	153.2	162.4	164.2	170.8	179	179.6	177.6	173.6	170.6	169.6	168.2	164	163.4	164	165.2	163.2	165.2	166.4	162.2	157.2	148.6	141.6	138.6	131.4	128	122.8	118.6	113.6	110.8	106.4	103	102.2	101.4	97	94.2	90.4	91.8	91.8	98.8	104.6	112.2	120	129.6	170.8	224	226.2	225	210	223.2	230.8	261.8	324	382	387	382	383	374	366	368	375	374	367.8	355.8	338.8	333.2	346.8	359	367	358.8	368	371	364	354	334	340	356	362	348	342	362	375	375	356	337	345	362	366	353	349	350	342	341	348	357	348	346	356
408	408	408	408	408	408	408	408	408	408	408	408	408	408	405	408	408	408	404	408	408	408	408	408	408	408	408	408	408	408	408	408	408	408	408	408	408	408	408	408	408	400.8	360.4	347.6	346.8	357	354	349.2	346.8	345.6	346.2	286.4	240.6	213.2	157.8	168.8	177.4	163.2	162.8	156.4	150.4	140.6	129.8	123.6	121.4	122.4	128.8	131	132.4	141.4	146	149.4	158.8	166.4	168	168	168	165.2	164.8	166	164.8	167	163.4	157.8	158.4	159	163.4	163.2	158.6	155.2	156.4	156.4	156.2	159	156.6	148.8	141.6	139.2	146.4	149.4	153.6	158.8	166	165.2	157.4	150.2	146	150.6	150.4	145.4	148	151.6	150.6	148.8	150	152.8	149.2	143.6	132.2	127.4	125.8	124.8	120.6	115.4	112.2	109.8	107.2	103.6	99.6	97.4	97.2	92.2	90	91.8	96	97	99.4	107.8	114.6	123	139.8	183	215.8	226.4	227	227	233	220.6	211.2	261	340.8	381	388	388.8	384	369	370	377	377	373	381	382.6	358.2	353.6	361	367	360.2	371	374	371	362	337	337	355	362	347.6	332.8	348	373	377	355	331	333	353	363	356	350	352	347	342	346	352	347	338.8	348
408	408	408	408	408	408	408	408	408	408	408	406.8	408	402.6	397.2	408	408	408	408	408	408	408	408	408	408	408	408	408	408	408	408	408	408	408	408	408	404	403	408	408	408	404.4	376.8	366.6	360	356.4	355.2	348.6	345	345	320.8	257	246.4	200.2	141.2	163.4	180.4	167.6	166.8	162.8	156.4	146.8	137	125.4	117	119.4	127.6	125.4	128	134.8	140.2	146.4	147.8	153.4	160.4	164.6	158.4	161.4	164	162.2	158.2	157.2	158	154.4	151.4	152.8	157.2	154.8	152.2	146.2	149.2	149.8	149	149.2	146	142.8	138.2	137	138	141	145.6	152.2	153.8	149	141.6	136	136.8	140.4	143.4	141.2	140.6	143.2	140.8	142.6	147.4	145.6	141.8	139.4	130.4	127.2	123.2	119.6	117	111.4	103.8	101.6	100.4	99.4	92.4	91.2	91.6	88.2	88.6	92.4	96.4	100.8	104.8	107.6	115	128.4	143.8	183.4	214.6	225	228	231	232	205	185.4	201.8	240	298	378	400.8	408	387	377	385	396	384	380	395	397.4	389.8	391	380	383	382	356	350	360	362	361	354	350	348.8	353.4	356	349	359	353	338	330	342	354	362	368	361	369	392	389	373	355	350.2	352
408	408	408	408	408	408	408	408	408	408	408	408	408	406.2	408	408	408	408	408	408	408	408	408	408	408	408	408	408	408	408	408	408	408	408	408	408	392	399	408	408	408	408	380.4	366.6	358.2	354	352.8	349.8	341.4	342	306.6	268.4	259.8	202.8	137.6	155	181.6	170.6	165.2	160.4	157	148.8	141.2	130.4	115.6	112.8	117.4	116.6	118.8	125	128.6	132.2	135	135.8	141.2	151.8	151.4	147.8	151.4	151.2	147.2	146	146.2	141.2	139.4	141.2	143.8	148	145.4	141.8	140.4	142	144.8	141.6	137.4	133.6	133.4	132.2	132	134.6	141.6	144.4	140.2	132.4	127	125.2	129.4	131.2	133.2	132.4	130	127.2	127	132.2	132.4	127.2	126.2	125	122	119.6	116	112	108.8	104	101.8	95.8	92.8	91.8	90.4	89.8	91.2	92.2	92.2	91.6	95.2	98	102.4	110.8	123	137.4	150.4	205.2	228	231	231	225.4	213	199.4	190	204	220	271	363	408	408	395	381	385	391	383	376	385	390	378.4	390.2	376	369	364	348	335.4	347.6	361	362	357	350	348	355	352	340	348	348	345	337	342	353	359	361	355	363	387	395	381	355	339.2	347.8
408	408	408	408	408	408	408	408	408	408	408	408	408	408	408	408	408	408	408	408	408	408	408	408	408	408	408	408	408	408	408	408	408	408	408	408	408	408	408	408	408	408	379.2	366.6	358.2	352.8	352.8	350.4	341.4	321.4	271.6	283.4	251.4	175	124.2	154	184.2	173	167.4	160	155	151.6	142.2	136.6	126.8	115.6	110.6	111.6	116.4	122	119.4	123.8	130.8	131.6	133.4	136.4	137.2	138.2	145	143.6	140.6	141.2	136.2	136.4	136.6	133.6	132.2	137.6	137.2	137.2	138.8	138.4	136.6	137.4	133.6	130.4	131.8	131.4	130	132	139.6	141.6	137	132.4	126.6	123.6	127.2	130	130.4	130.4	126.2	121.2	122.8	123.8	122	121.2	120.8	119.8	119.6	115.6	112	106.6	100.6	95.8	93.4	93.4	88.6	88.2	88.4	86.8	87.8	89.6	90.2	93.4	97.2	98	102.4	113.8	128	137.2	152.2	207.4	230	232	231	222	204.2	184.4	185	188	209	241	275	335	371	370	363	366	374	391	401	391	363	338.6	347.6	353.6	352	349.6	349	343.8	351.8	378	385	369	366	364	352	363	374	367	363	370	359.8	362.6	378.8	364.2	353.8	344.8	328	334	354	359	351.8	336.2	359.8
408	408	408	408	408	408	408	408	408	408	408	408	408	408	408	408	408	408	408	408	408	408	408	408	408	408	408	408	408	408	408	408	408	408	403.8	408	408	408	408	408	408	402	372	364.2	358.2	354	352.2	349.2	345.6	313.2	284.4	300.6	249	168.4	128.4	151.2	184.2	174.8	169.2	161.2	154.4	150.8	141	136.4	131.4	120.6	113	111	110	114	111.8	113.6	119	121.4	124.2	123.8	125	128	132.8	134.2	132.8	128	126.8	122.6	120.6	121.4	120.4	123	122.6	123.2	127.2	130	129	129	127	127	125.8	123.6	123	125.6	125.2	128	127.2	125.6	120.4	114.6	114	114.8	116.4	116.4	114	108.8	109.8	110.8	107.8	107.6	108.2	110.6	109.4	108.8	103.6	97.2	94.6	90.4	89.2	90	88	87.8	88.6	89.6	87.4	89.6	88.4	92.4	96.8	98	103.2	120.2	131.4	140.4	164.2	220.6	231	231	230	231	226	197	187	188	200.6	238	254	301	353	360	357	364	374	395	402	392	363	337.8	340.6	359.4	365	360.8	347.4	359	359	374	382	362.8	356.4	368	361	374	385	373	368	375	369.4	373	383	369	357.6	335.4	325.8	321.4	340	350	349	350	363
408	408	408	408	408	408	408	408	408	408	408	408	408	408	408	408	408	408	408	408	408	408	408	408	408	408	408	408	408	408	408	408	408	408	408	403.8	408	408	405	408	408	404.4	372.6	365.4	358.2	354.6	351	350.4	337.2	286.6	314.6	304.2	221.6	148.4	116.6	140.8	179.2	176	171.8	161.4	157.4	149.8	142.4	139	133.6	124.4	117.8	114	109.4	107	105.6	109	111.4	114.2	117	121.8	122.4	122	119.4	123.8	124.8	120.8	121.8	119.4	116	119	122.6	122	119.2	118.2	121	126.2	126.4	127.2	127	127	127	123.4	124	126	126.2	123.6	123	122.4	119	114	111.8	113.2	113.2	113	113.8	107.2	106.4	105.4	106.2	106.6	104.2	100	97	94.8	90.6	90.4	88.8	88.8	86.6	87.6	86	86.2	88.6	89.6	87.4	88.4	87.6	92.8	99.2	102.4	110.8	123.2	131.4	140.8	163	217.2	231	231	230	232	221	192	184	185	189	206.2	246	270	316	354.8	346	346	333	334	342	353	367	373	367.2	393.8	408	385	360.6	361	354	349	353	353	354.6	359.8	363	376	388	385	363	348	342	339	341	338	348	344.6	345	332	335	347	338	327	327
408	408	406	404	408	408	408	408	408	408	408	408	408	408	408	408	408	408	408	408	408	408	408	408	408	408	408	408	408	408	408	408	408	408	408	408	408	406.8	387.6	402	408	387	369.6	363	358.2	354.6	352.8	349.2	336.6	303.8	334.8	304.4	215.6	146.4	115.8	135	183.6	183.6	174.8	164	159.8	154	144.4	140	135.4	127.4	121.4	116.8	110.4	105.6	102.8	101.4	103.2	104.8	107.6	111.8	113	108.8	108.8	107.8	107	107.4	108.8	112.4	111.6	109.8	108.8	109	106.6	104.2	105.4	109.4	111	112	113.2	115.4	116.4	113.8	110	109.4	110.2	109.8	109	108.4	106.2	106.2	104.8	106.6	106	100.6	100.4	99.8	99.8	98.8	97.6	98.2	97.2	94.6	88.2	87.6	85	86	87	87	87.6	86.6	87.8	89.6	87.4	85.8	85	85.6	90.6	92.8	95.4	104.8	116.6	124.8	136.4	148.6	165.8	196.2	216	231	230	230	220	191	182	183	187	193.6	239	263	284	339	346	346	333	330	335	347	377	380	367	392	408	388	369	359	353	353	354	353	367	364	362	371	373.2	375	359	341	338	333	327	326	337	348	346	337	334	345	342	328	321.8
408	406	408	408	408	408	408	408	408	408	408	408	408	408	408	408	408	408	408	403	408	408	408	408	408	408	408	408	408	408	408	408	403	398	408	408	402	394.2	376.2	382.8	387.6	378.6	367.8	362.4	359.4	356.4	353.4	350.4	319.2	336.8	343.8	277.6	188	136.8	117.4	143.8	196	189.2	174.2	169.4	164	159.2	154.4	142.8	136.6	131.8	126	121.8	118.6	112.8	110.4	105.2	104.4	105.6	104.2	110.4	112.4	105.6	105.2	106.2	101.6	100.6	101.6	100.4	102.2	103.8	105.2	103.6	98.8	100	101.6	103	105.8	108.8	109.6	117.2	121.2	117.2	111.8	112.6	109.4	107.8	100.4	100.8	103	103	100	99.4	101.2	99.8	99.2	96.8	94.8	94.2	89.8	87.8	87.8	86.2	84.2	83.4	84	86.4	88	86	86	86.8	87.4	87.4	87.8	88.6	87	88	93.6	96.2	100.4	110.4	123.8	130.4	142.6	153.4	168.8	197	215.4	231	233	233	208	180	178	180	183	185.6	216.8	254.2	262.6	310	357.6	370	370	356	349	347	357	367	350	337	345	363	384	379.4	374	381	378	355	354	352	337	346	345	356	362	352	340	338	332	331	331	332	333	339	356	367	369	376	359
408	408	408	408	408	408	408	408	408	408	408	408	408	408	408	408	408	408	408	395	408	408	408	408	408	408	408	408	408	408	408	408	403	405	392.4	360	335.6	329.4	318	310.2	330.6	366	364.2	360	358.8	356.4	354	351	322.2	345	345.6	289.2	197.2	134.6	116.8	131.4	185.4	198	184.2	175.8	168.6	162.4	154.6	147	139.8	136.8	129.8	122.6	119.6	115.6	111.8	109.2	106.8	102	102.6	106.2	107.6	100.2	97.6	100.4	99.4	93.2	95.2	95	92	93.4	96.4	96.4	97	95	95.2	95.2	92.2	94.4	97	100.4	103.6	104.6	101.2	101.8	101.4	98.4	91.2	88	91	90.8	89.4	88.8	89	92.2	92.2	88.8	87.8	87.4	87	82.8	82.4	84	83.6	83.4	85.6	87.6	87.2	85.6	86.8	86.8	86.6	84	84.2	89.4	88	89.4	92.6	99.4	104	117.8	127.8	133.8	144.4	153.2	179.6	219.8	225.2	221.6	228	230	202.4	176	175	175	180	189	208	248	276	294	348.6	362.6	359	359	353	335.4	336	354	345	327	333	354	382	377.8	371.6	388	396	366	341	333.8	325.6	337.2	342	352	359	352	340	338	337	334	335	337	335	338	359	376	372.6	394	376
408	408	408	408	408	408	408	408	408	408	408	408	408	408	408	408	408	408	406	408	408	408	408	408	408	408	408	408	408	408	408	408	408	408	373.8	342	323.4	315.6	305.4	293.4	320.4	364.2	364.2	360	360	358.8	354	345	345	350.4	348	272.6	182	128.4	112.4	125.6	182.2	206.6	197.4	184.6	172.8	165	154.6	148.6	143	139.8	136.8	127.8	121.6	118.6	110.4	105.8	106.4	103.2	105	106.2	105.6	106.4	105.2	105.2	99.6	95.4	96.6	96.4	95.8	94.4	94.4	93.8	92.2	93.4	92	92.8	95.4	94.4	94.4	92	92.2	94.4	97	97.6	95	92	94	93.4	90.2	87.4	87.4	86.8	82.6	84.4	80	78	81.2	80.8	80.4	81.2	82.2	82.4	82.6	84	84.6	85.6	86.2	84.8	84.2	87.8	87.6	84.4	85.2	86.4	89.4	92.4	98.2	102.6	107.8	117.8	128.2	137.8	144.2	151.2	176	220.4	225	228	228	220.2	184	166.4	171	171	173	183	199	235	271	275	306	354.8	362.8	375	378	379	371.8	361	352	352	350	347	367	363.6	340	360	398	403	376	353	342	337	328	328	345	359	363	365.6	371	373	375	376	364	339	338	350	356.4	367.8	362
408	408	408	408	408	408	408	408	408	408	408	408	408	408	408	408	408	408	408	408	408	408	408	408	408	408	408	408	408	408	408	408	393	367.8	355.2	334.2	295.2	285	277.8	284.4	335.4	369.6	364.2	361.2	359.4	357	355.2	342.8	348.8	352.2	348.6	271.6	185.6	137.8	116.4	118	174.8	205.8	203.2	191.2	181.4	172	159	152.4	146	138	137	133.8	126	119.8	112.8	107.4	108.8	108.2	106.8	108.2	107.6	107.6	104.6	105	102	98.4	96.8	95.2	94.8	92.8	92	90.4	88.4	89	88.4	87.8	90.4	92.4	91.4	89.8	89.2	87.4	89	90.2	90.2	89.2	91	91	86.8	82.6	84	82.8	82	79.6	78.8	80	82.2	81.8	82	83	83	83.6	85.4	85	87.2	87.8	85.8	85.2	85.6	87	86.4	86.4	86.2	84	88.6	92.4	98.2	104.4	112.2	120.8	129.2	136	147.2	152.6	184	227	226	228	228	231	180	164.2	173	171	171	181	196	228	268	283	299	350	376	378	384	396	389	369	360	360	356	346	357	361	339	352	388	398	385	361	349	339	330	328	350	363	367	365.6	366.8	382.4	394	388	368	342	331	333	337	347.8	354.8
408	408	408	408	408	408	408	408	408	408	408	408	408	408	408	408	408	408	408	408	408	408	408	408	408	408	408	408	408	408	408	402	391.8	365.4	353.4	338.4	298.8	280.8	275.4	286.8	341.4	370.2	365.4	361.2	360	358.2	355.2	345	351	351	338.8	246.8	174.2	130.4	114	114.4	167.4	205.8	204.4	194.4	185.6	175	167.6	159.4	149.8	141.8	134	130.6	126.4	121.4	119.4	113.4	109.4	106.2	104.4	107.4	110.2	104.6	99.2	99.6	102	100.4	99.2	96.2	92.4	92.8	94.4	90.8	90.8	92.4	90.8	91.4	92	89	87.4	86.2	86.8	84.8	85.4	86	87.2	87.8	85.4	84.8	83.8	79.6	74.8	72.8	75.6	78.2	78.8	79	79.8	81.4	81.6	82.6	83.2	84	84.6	84	84.6	87.8	88.4	87.2	90	87	85.4	86.2	86.2	87	91.6	97.6	99.4	106	116.6	123.6	130.2	139	147.6	152.6	177.8	225	227	225	227	224	165.2	155	165.8	167.6	167.6	180.4	197	213	261	299	296	312	364	363	360	371	375	380	387	378	371.4	366.6	360	366	354	342	350	356	355	359	357	352	348.8	353	359	363	359	354.6	357.2	370.2	383.2	385	375	354.2	350	356	347.8	330	333.4
408	408	408	408	408	408	408	408	408	408	408	408	408	408	408	408	408	408	408	408	408	408	408	408	408	406	408	408	408	408	408	408	404.4	364.8	352.2	348.6	335.4	301.8	273.6	289.8	343.8	367.8	367.8	365.4	361.2	358.8	357	343.4	348	349.2	335.8	248.8	179.2	128.6	113	113	160	206.8	206.8	198.4	192.2	184.4	178.6	172.8	161.6	148.8	139.6	133.8	126.8	123.8	121	112.8	110.4	108.8	106.2	106.2	108.8	105.6	104.6	102	104.4	102.6	99.2	97	94.8	95.8	96.8	94.8	92	91.4	92.4	91.8	92	90.4	88	85.4	83.2	84.2	84.8	84.8	85.4	85.8	84.4	84.4	82.8	79.8	75.8	72.8	74.4	79.2	81.8	80.8	79.4	81	81.6	84.4	85.4	83.4	84.4	83.2	86.6	87.6	85	85.4	86.2	84.6	83	85	87.6	89	90.6	94.6	99.2	107.6	117.8	123.8	133	142.2	145.4	151.2	164.6	185.2	204.6	222.2	227	223	181	162.6	165.6	169.8	176	187	197	209	253	298	296	301	352	361	354	362	374	385	395	379.4	368.6	362	357.2	348.4	332	322.8	335.8	347	352	360	353.4	329.6	324.2	330.4	341	362.4	367	359	354	362	363	361	366	353	354	366	359	347.8	346.6
408	408	408	408	408	408	408	401	408	408	408	408	408	408	408	408	408	408	408	408	408	408	408	408	408	408	408	408	408	408	408	408	370.8	349.2	352.2	357.6	327	280.8	279.6	327.6	367.2	368.4	367.8	364.2	361.2	358.8	354.6	349.8	351	348	323.2	253.8	177.6	121.8	110.6	113.8	156	201.6	201.4	198.4	189	181.2	182	176.8	165.2	153.4	144.2	136.4	130.2	127.2	123.2	118.4	114.4	112.8	111.2	112.2	108.2	104.4	107.6	104.6	103.2	104.6	98.4	96.6	97.2	96.4	92.8	90.2	89	92	92.4	92.2	89.2	88	88	85	85	86.4	87	86	83.4	81	79.4	78	73.4	68.8	69.4	76.2	78.8	81.4	81.4	81	80	79.2	83	84	83.4	82.4	84.4	86.6	86.2	86	84.4	83.2	84.6	84	82.4	89	91	92.6	95	102.2	110.6	117.8	126	130.2	138.8	146.2	153.6	162.4	169.8	181.6	209.8	227	228	208	167	160	166	167	169	185	197	202	237	294	322	303.6	317	361	360	348	366	369	369	378	367	363.2	358	345.4	333	328.2	346.6	366	376	380	356.8	330.8	333.4	336.8	333.8	348	350	350	348	342	340	341	349	342	335	353	347	346	353
408	408	408	408	406.8	406.8	408	406	408	408	408	408	408	408	408	406.2	408	408	408	408	408	408	408	408	408	408	408	408	408	408	405	385.8	359.4	354	355.2	360	334.2	292.8	324	364.2	370.2	369.6	367.2	365.4	361.2	357	353.4	353.4	352.8	348.6	331.6	263.2	178.8	120.8	107.8	102.8	142.2	195.6	199.8	198.6	196.6	190	187.2	179.2	170	158.4	147.2	141.6	135	125.4	123.4	119.2	113.8	114.4	107.6	108.6	108.2	105.6	106.8	105.2	102.2	102.2	101	99.6	98.4	96.6	95.4	90.8	91	94.6	95.6	94.6	91.4	90.8	89.8	88.8	87.4	87.4	87.4	88.4	86.4	85.6	84.4	80.8	76.2	73.2	74	77.6	82	82.2	82.6	82.6	84	82.2	84	84.4	82.2	84	87.2	87	83.6	84.6	84	82.4	85.2	83.4	83.4	87.8	88.8	92.6	97.4	108	119.4	126.6	130.2	134.8	140.6	149.4	158.6	163.8	165	160.8	188.4	227	230	209	167	159	158.6	167	168	182	197	201	227	282	325	310.4	292.8	352	357	342	353	362	366	367.8	360	361	360	356	363	359	356	376	394	394	381	362	350	349	341	337	338	346	359	361	353	353	360	353	332	333	333	338	347
408	408	408	408	402.6	402	408	408	408	408	408	408	408	408	408	408	408	408	408	408	408	408	408	408	408	408	408	408	408	408	391.8	375	362.4	354.6	356.4	359.4	336	302.4	333.6	366	368.4	368.4	368.4	365.4	358.8	356.4	353.4	354	352.2	348	342.6	261.6	163.2	114.2	100.8	100	139.6	194.6	205.4	202.6	197	193.2	190.2	182	169	161.6	154.6	149.6	136.8	127.8	124.6	124.6	118.8	114.4	113.2	112.2	114.2	110.6	107.4	106.8	101.2	101.2	98.6	98.6	96.2	94	95.4	92.8	93.4	92.2	93.2	91.6	87.4	90	91.6	89	89.6	91	88.8	86.4	82.8	83.8	85.8	81.8	78.8	79.4	81	80	80	77	79.2	83.4	83.4	83	83.4	81.6	85.4	85.6	85.6	86	81	83.4	88	88.4	88	87.8	91.4	95.8	97.4	98.2	105.6	115.2	121.4	130.6	136.2	138	144	154.6	160	162.6	168	157.2	172.2	208.8	226	201	163	160	152.6	161.8	167	176	191	198	218	262	318	340.2	303.6	338.6	375	373	362	366	378	369	355	353	364	362	354	352	350	360	389	402	390	371	357	353	348	345	350	353	356	364	374	371	359	349	331	328	341	342	350
408	408	408	406.8	406.8	408	408	408	408	408	408	408	408	408	408	408	408	408	408	408	408	408	408	408	408	408	408	408	391.8	374.4	363	356.4	354.6	358.2	358.2	354	351	333.6	344.4	365.4	366.6	366	365.4	364.2	359.4	356.4	356.4	352.2	349.8	348.6	342.6	310.6	223.8	145.2	106.8	96.6	113.6	161.2	197	205.6	201.6	192.6	186.2	181	174.4	168.4	162.2	152.4	143.6	137.6	132.8	127.8	125.2	119.8	118.2	114.2	113.8	113.4	109.2	108.8	106.4	103.8	102.2	99	98.4	97.2	96.6	97.6	97.2	94.4	93.4	90.2	90.6	91.6	90.6	88	91	92	88.4	89	88	88	86.4	85.6	82	81	83.2	82.6	81.6	78.2	80	81	83	81	82.4	80.6	81.6	84.2	87.4	84.6	81.8	77	80.8	86.8	86	86.8	90.8	98.4	100.6	104.8	112.2	116	121.2	131.8	138	143	150.8	156.2	160.2	163.8	164.4	148.2	162.4	182.6	196.6	199.4	180.6	162	161	163	149.2	159.2	183	192	205	235	281	323	340	341	350	368	361	359	370	367	359	362	369	375	373	361	360	360	366	387	398	387	371	358.4	361.8	357	357	353	361	363	364	370	367	353	340	339	352	355	356
408	408	408	408	408	408	408	408	408	408	408	408	408	408	408	408	408	408	408	408	408	408	408	408	408	408	408	405.6	384.6	367.2	360	356.4	356.4	359.4	357.6	352.8	354.6	341.4	342	361.2	365.4	365.4	365.4	363.6	361.2	357	354.6	352.8	351	350.4	345.6	267.6	172.4	112.2	99.8	101	138	189	203	207.6	203.6	194	186	179.2	173.2	171.2	167	161.4	150.4	140.6	135.8	132.4	131.4	126.6	121.4	115.6	118.2	117.8	112.2	110.4	109.4	107.4	103.8	101.6	98.4	94.6	97.2	96.2	96.4	95.2	95.2	91.6	91.2	90.2	90	92	92	90	89.4	87.8	84.4	87.6	89.6	85.6	82.6	80.6	76.2	75.2	76.2	79	78	79.6	81	82.4	84.4	84	85.6	85.6	85.6	82.4	82.4	81.4	85	86.2	86	91	94.8	101.6	108.6	108	111.4	120.8	128.2	136.8	144.2	150	152.6	157.2	159.2	162.6	169.4	148.6	148.2	170	185.6	185.8	164	156	161	162	147.4	156.2	182.8	192	209	236.8	291	345	349	324	342	352	353	364	371	370	374	387	392	380	373	370	356	346	341	361	373	387	408	394.8	377.8	376	362	369.8	390.8	364	341	345.6	357	359.8	363	364	360	368	363
408	408	408	408	408	408	408	408	408	408	408	408	408	408	408	408	408	408	408	408	408	408	408	408	408	408	408	384	359.4	354	357.6	357.6	357	357.6	349.8	343.8	349.2	346.8	339.6	349.8	361.8	362.4	361.8	361.2	358.2	358.2	355.2	353.4	349.8	349.8	349.8	283.4	181.8	111	100.8	105.2	137	184.6	198	206.4	213	207.8	192.8	184.4	172.2	171.6	173	167.2	158.8	150.4	139.8	133.8	131.4	124.8	122.2	116.6	118.2	117.4	110.2	110.4	108.6	106.2	104.4	102.2	99	97.6	98.6	98.6	99	98	95.6	92.6	92.2	90.6	90	91.6	92.6	90	88.4	90.4	89.6	89.4	89.2	88.2	84.2	81.2	77.2	75.4	77.6	79.2	78.2	80.6	81.6	84	84.4	83	82	82	82.8	83.4	83.2	84.4	86.4	85	87.8	91.4	98.4	102.4	112.4	112.6	113	121.2	132.4	142.4	148.2	150.8	152	159.4	160.4	164.4	171.8	160.4	158	171.6	170.2	162.4	140	133.8	153.4	160	162	157.2	172.6	191	205	233	285	338	353.6	327	328.4	347.4	356	377	384	374	371	378	383	374	368	363	352	346	337	341	352	374	399	396	382	375	360	364	382	368	348	338.4	354	354.8	346.8	350.2	347.8	363	369
408	408	408	408	408	408	408	408	408	408	408	408	408	408	408	408	408	408	408	408	408	408	408	408	408	408	400.8	378	361.8	355.2	354.6	354.6	354	354.6	348	342.6	344.4	352.8	348	345.6	357.6	362.4	362.4	359.4	358.2	358.8	357	353.4	349.2	348.6	349.2	322.2	245.6	151.8	109.8	108.8	127.2	163	188.6	203.2	212.6	209	198.6	191.4	179.2	176	178	168.2	160.8	153.6	147.2	138.2	133.6	131.2	127.6	125.2	120.8	118.6	111.2	109.6	110.8	110.6	103.4	101.2	101	99	100.2	97.6	95	97.6	96.4	93.2	93.4	93.2	91.6	92.2	93.2	92.6	91	89	89.4	89.4	88.2	88.6	84.6	82.2	81.2	83	83.6	80	83.6	86.2	86.6	85.2	85.2	83.4	82	83.2	85.2	86.2	88.2	86	89.2	89.4	91	94.4	101	104.6	111	112.2	113.6	127.2	138.4	148	149.4	149.4	153.6	158	158.4	163.8	170.6	161.4	145.2	157.6	166.2	159.2	151.4	144	144.8	155	155	149.6	162.2	190	199	218	250	298	338.2	348.8	339.8	357	374	382	388	384	374	362	362	364	368	370	372	384.8	381	362	359	361	361	373	377	375	360	345	337	345	359	363	362	361	359.6	359.2	360	346	347
408	408	408	408	408	408	408	408	408	408	408	408	408	408	408	408	408	408	408	408	408	408	408	408	398.4	380.4	364.2	356.4	353.4	349.2	349.8	352.2	350.4	348.6	344.4	345	344.4	346.8	352.2	341.4	345.6	358.8	362.4	359.4	358.2	360	357.6	352.8	349.8	348	348	311.2	205.8	113.6	100.8	112.2	142	179	196.4	204.2	209	209	208.4	200.6	192.8	186.8	180.6	172	164.4	154.8	150	143.8	138.8	135	129	126.4	123.6	115.8	112.6	111.4	110.2	108.8	103.4	104.4	105.8	100.6	97.6	97.6	97.6	93.2	95.6	91.6	91.6	93.2	92.2	92.2	96.4	96.4	92.2	91.4	89.4	89.4	86.2	87.6	86.4	86	84.4	84	83.6	83.6	84	83.2	82	81.2	81.2	79.8	83.4	86.8	87.8	88.2	88.4	89.4	87.8	90.6	96.4	100.8	106.8	111.6	112.8	115.4	126.6	138.2	146	149	150.8	149.6	155.4	157.8	158.4	163.2	167	153.4	146.8	154.6	153.8	146.4	132.8	118.2	122.2	150.8	155	168	189	195	204	216.8	255	307.6	354.2	352	342	376	369	368	375.2	365.8	348.6	356.2	363	368	370	375	396	384.8	373	371	368	357	363	382	384	369	355	341	334	353.6	375	369	370	364	361	367	341	328.2	347
408	408	408	408	408	408	408	408	408	408	408	408	408	408	408	408	408	408	408	408	406.8	408	406.8	401.4	398.4	380.4	367.2	358.8	355.2	352.2	339.6	349.8	349.2	345	344.4	342.6	343.8	341.4	344.4	342.6	336.6	348.6	359.4	361.2	359.4	358.2	359.4	356.4	351	350.4	349.2	312.8	211.2	124.6	104.6	110	142	180.2	194.6	198	202.6	207.4	208	208.2	197.6	191.6	193.8	182.6	169.6	160.2	154.4	146.8	141.4	132.2	129.4	127.6	124.4	120.6	118.4	115.8	113.6	113.2	106.2	103.2	103.4	103.8	100	97.4	98.4	99	96.4	92.4	93.4	92.2	92.4	93.4	94	94	94	93	91.2	90.4	90.6	87.4	86.4	85.4	84	81.6	82.2	81.2	78	73.6	76	79.8	83.2	82.2	85.2	87.8	88.4	87.8	89.4	92	91.6	94.6	101	107.6	112.4	116.4	122.2	128.8	133.8	137.8	143	145.4	147.4	150	152.6	155	157.4	162.2	164.4	159.2	154.6	150.2	146.8	145	148.4	127.6	108.4	120.4	154	167	192	198	204	212	247	304	339	355.6	345	335	340	335	340	359	362.6	358.4	370	366	355	346	353	355	357	367	368	347	339	355	355	347	350	359	361	363	360	363	364	368	352	332	332	326.2	333
408	408	408	408	408	408	408	408	408	408	408	408	408	408	406.2	408	408	408	396.6	375.6	376.2	385.2	376.2	372.6	364.2	361.8	357	354	352.2	352.2	347.4	348	345.6	345	345	341.4	338.4	338.4	340.2	345.6	336.6	341.4	355.2	358.8	358.2	356.4	358.2	355.2	351	352.2	350.4	323	226.8	130.8	102.2	107.8	135	175.8	196.2	203.8	207.2	206.4	209.6	210.6	205.4	198.4	195.8	185.6	174.8	167.4	163	155	147.2	136.2	129.4	129.4	125.6	124.4	122.6	116.8	111.2	113.2	111.2	105.6	101	101.6	101	99.6	99.6	97.6	95.6	95	94.6	92.2	93.4	97	94.4	93.4	95	93.4	91.6	91.2	92	92	87.4	83.4	81.2	80	78.6	76	72.8	71.2	72	78.4	87.2	85	81.4	86.8	87.4	89.6	93	94	95.6	98.2	105.8	113.6	117.6	122.4	130.6	138.4	139.2	142	146	148.4	150.4	152.6	158	160.8	162.4	165.4	160	146.6	154	150.8	141.6	143	150.8	133	102.8	98.2	121.6	150.2	173	188.2	204	211	240	291	349	360.2	350	334	342	339	346	359	366	375	378	362	342	338	348.8	355	362	371	380	353.4	334.4	339.8	340.8	332	346	353	357	368	366	357	350	353	347	333	337	337	326
