255	255	255	255	255	255	255	255	255	255	255	255	255	255	255	255	255	255	255	255	255	255	255	255	255	255	255	255	255	255	255	255	255	255	255	255	255	255	255	255	255	255	255	255	255	255	255	255	255	255	255	255	255	255	255	255	255	255	255	255	255	255	255	255	255	255	255	255	255	255	255	255	255	255	255	255	255	255	255	255	249	240.3	234.6	229.5	234.6	242.7	245.4	240.9	239.7	247.8	245.1	234	237	246.6	250.8	252.3	255	255	251.1	250.2	251.1	243	234	237.3	240.6	240.9	242.4	240.3	240.9	246	245.7	248.1	246.9	249.3	255	255	255	255	255	255	255	255	255	255	255	255	255	255	255	255	255	255	255	255	255	255	255	255	255	255	255	255	255	255	255	255	255	255	255	255	255	255	255	255	255	255	255	255	255	255	255	255	255	255	255	255	255	255	255	255	255	255	255	255	255	255	255	255	255	255	255	255	255	255	255	255	255	255	255	255	255	255	255	255	255
255	255	255	255	255	255	255	255	255	255	255	255	255	255	255	255	255	255	255	255	255	255	255	255	255	255	255	255	255	255	255	255	255	255	255	255	255	255	255	255	255	255	255	255	255	255	255	255	255	255	255	255	255	255	255	255	255	255	255	255	255	255	255	255	255	255	255	255	255	255	255	255	255	255	255	255	255	255	255	239.4	231.9	236.1	238.8	232.2	232.8	221.4	212.4	215.7	210.3	207	208.5	210.9	209.1	210.6	217.2	229.2	237.3	234.6	227.1	223.5	226.5	230.4	230.4	231.9	228.6	227.1	223.8	215.4	213	219.6	226.2	228	225	219.3	221.4	241.2	255	251.4	251.4	255	255	255	255	255	255	251.4	251.1	255	255	255	255	255	255	255	255	255	255	255	255	255	255	255	255	255	255	255	255	255	255	255	255	255	255	255	255	255	255	255	255	255	255	255	255	255	255	255	255	255	255	251.4	248.7	249.9	244.5	247.5	255	255	255	255	255	255	255	255	255	255	255	255	255	255	255	255	255	255	255	255	255
255	255	255	255	255	255	255	255	255	255	255	255	255	255	255	255	255	255	255	255	255	255	255	255	255	255	255	255	255	255	255	255	255	255	255	255	255	255	255	255	255	255	255	255	255	255	255	255	255	255	255	255	255	255	255	255	255	255	255	255	255	255	255	255	255	255	255	255	255	255	255	255	255	255	255	253.8	255	255	255	244.8	232.5	229.2	225.6	229.8	225.6	219.3	213.6	209.4	210.6	211.5	212.4	215.4	214.8	219.3	218.1	209.7	219.9	228.6	224.1	217.8	219.3	213.3	222.3	225.9	225.3	225.6	216.6	209.4	210.6	210.3	215.1	221.1	221.4	217.5	208.5	213.3	234.3	243.6	245.4	238.5	250.8	255	255	255	255	254.1	249.3	254.1	255	255	255	255	255	255	255	255	255	253.5	252	255	255	255	255	255	255	255	255	255	255	255	255	255	255	255	255	255	255	255	255	255	255	255	255	255	255	255	255	255	255	255	245.7	246.9	252	246.9	250.2	255	255	255	255	255	255	255	255	255	255	250.2	249.9	251.7	252.3	255	255	255	255	255	255
255	255	255	255	255	255	255	255	255	255	255	255	255	255	255	255	255	255	255	255	255	255	255	255	255	255	255	255	255	255	255	255	255	255	255	255	255	255	255	255	255	255	255	255	255	255	255	255	255	255	255	255	255	255	255	255	255	255	255	255	255	255	255	255	255	255	255	255	255	249.9	255	255	255	251.1	240.9	237.3	239.4	229.5	220.2	217.8	211.8	205.5	206.7	206.4	206.1	204.9	212.4	218.1	214.5	218.7	221.4	213.6	217.2	213	213.9	212.4	202.8	201.6	202.5	207.6	210.6	216.9	221.4	214.8	215.7	225.3	231.6	214.8	209.1	207.6	204	213	212.4	200.7	200.7	199.5	201.9	219.6	230.4	229.5	225.3	241.5	251.7	253.5	249.6	246	246.6	252.9	255	255	255	255	255	255	255	255	254.4	246.9	247.2	255	255	255	255	255	255	255	255	255	255	255	255	255	255	255	255	255	255	255	255	255	255	255	255	255	255	255	255	255	255	255	255	255	255	255	255	255	255	255	255	255	255	255	255	252.3	250.8	248.7	246.9	250.2	255	255	255	255	255	255	255
255	255	255	255	255	255	255	255	255	255	255	255	255	255	255	255	255	255	255	255	255	255	255	255	255	255	255	255	255	255	255	255	255	255	255	255	255	255	255	255	255	255	255	255	255	255	255	255	255	255	255	255	255	255	255	255	255	255	255	255	255	255	255	255	255	255	255	255	255	255	255	253.5	249.6	246.6	234.6	227.7	219.3	212.7	209.1	210.9	208.5	204.9	201.9	198.3	191.1	197.7	205.5	199.2	183.9	185.4	190.5	199.8	204.3	199.8	192	187.5	168.3	165.3	179.1	183.9	186.9	207.3	218.4	210.9	214.5	219.9	227.1	212.7	201.3	205.8	206.1	209.4	210.6	199.5	197.1	196.5	198.3	213	224.4	223.5	216.6	231.6	247.2	255	255	249	247.8	249.6	254.4	255	255	255	255	255	255	255	255	254.4	248.7	255	255	255	255	255	255	255	255	255	255	255	255	255	255	255	255	255	255	255	255	255	255	255	255	255	255	255	255	255	255	255	255	255	255	255	255	255	255	255	255	255	254.1	255	255	253.2	249.6	253.2	252.3	255	255	255	255	255	255	255	255
255	255	255	255	255	255	255	255	255	255	255	255	255	255	255	255	255	255	255	255	255	255	255	255	255	255	255	255	255	255	255	255	255	255	255	255	255	255	255	255	255	255	255	255	255	255	255	255	255	255	255	255	255	255	255	255	255	255	255	255	255	255	255	255	255	255	254.4	253.8	249.3	241.2	243.9	240.3	240.3	243.3	239.1	225.6	216.9	208.5	202.2	203.1	205.5	216.6	210.9	186.3	177.9	180.6	177	172.2	166.8	168.6	186.6	189.9	189.6	192.6	180	171.3	167.4	168.6	176.1	176.7	180	188.4	188.4	194.4	205.8	213.9	205.5	194.4	201.6	204.3	198.6	195	203.7	202.2	194.1	193.8	196.2	195.9	201.6	207.3	212.7	215.4	209.1	221.1	240.9	255	255	255	255	255	255	252.9	252	247.2	245.7	246.9	246.6	248.1	251.4	255	255	255	255	253.5	254.1	255	255	255	255	255	255	255	255	255	255	255	255	255	255	255	255	255	255	255	255	255	255	255	255	255	255	255	255	255	255	255	255	255	255	255	255	255	255	255	255	255	255	255	255	255	255	255	255	255	255
255	255	255	255	255	255	255	255	255	255	255	255	255	255	255	255	255	255	255	255	255	255	255	255	255	255	255	255	255	255	255	255	255	255	255	255	255	255	255	255	255	255	255	255	255	255	255	255	255	255	255	255	255	255	255	255	255	255	255	255	255	255	255	255	255	255	255	255	240.3	236.1	243.3	241.8	237.6	239.4	231.6	210.3	198.9	185.1	176.1	190.5	195	206.4	204.3	191.1	189	190.5	188.1	195.6	202.5	205.2	206.7	213.3	212.4	215.4	206.1	193.5	177.6	159.9	168.9	176.7	156.9	136.8	142.8	152.1	151.2	153	152.7	161.7	181.2	184.5	177.6	188.4	192	197.4	198	191.7	183	186.3	198.6	215.4	220.8	205.2	209.1	222.3	243.9	255	255	255	255	255	255	251.4	245.7	247.2	252.3	241.8	236.4	247.5	255	255	255	251.1	246.9	253.8	255	255	255	255	255	255	255	255	255	255	255	255	255	255	255	255	255	255	255	255	255	255	255	255	255	255	255	255	255	255	255	255	255	255	255	255	255	255	255	255	255	255	255	255	255	255	255	255	255	255	255
255	255	255	255	255	255	255	255	255	255	255	255	255	255	255	255	255	255	255	255	255	255	255	255	255	255	255	255	255	255	255	255	255	255	255	255	255	255	255	255	255	255	255	255	255	255	255	255	255	255	255	255	255	255	255	255	255	255	255	255	255	255	255	255	255	255	254.4	250.2	231.6	217.2	224.4	230.4	231.6	231.6	229.8	208.8	189.9	173.1	180	189.3	199.8	205.5	202.8	204.3	197.4	192.6	197.1	208.2	207.6	207.6	206.4	194.7	187.5	193.2	188.7	177.3	155.7	148.5	148.5	148.8	150.3	137.1	130.8	133.2	143.4	144.9	139.8	136.5	149.4	166.5	168.3	174.3	178.8	162.9	159.9	179.1	192.3	193.2	187.2	182.1	204.3	204.6	198.6	204.3	213.6	231.6	240.6	237	235.2	234.9	238.8	236.4	249.3	245.1	234	233.7	231.6	244.8	253.8	247.5	249.9	249.9	252	255	255	255	255	255	255	255	255	255	255	255	255	255	255	255	255	255	255	255	255	255	255	253.8	255	255	252.3	252.3	255	255	255	255	255	255	255	255	255	255	255	255	255	255	255	255	255	255	255	255	253.8	251.7	247.5	245.1	253.8
255	255	255	255	255	255	255	255	255	255	255	255	255	255	255	255	255	255	255	255	255	255	255	255	255	255	255	255	255	255	255	255	255	255	255	255	255	255	255	255	255	255	255	255	255	255	255	255	255	255	255	255	255	255	255	255	255	255	255	255	255	255	255	255	255	255	255	252.3	225	209.4	217.2	220.2	219.6	212.1	198.3	184.2	193.5	208.2	207	204.6	209.7	205.2	201.6	204.9	198	189	186.3	189.3	169.2	153.9	151.5	148.5	141.9	141.6	135	133.5	128.4	132.9	128.4	127.8	137.1	134.1	127.5	123.9	132.3	133.5	129	121.8	119.7	120.9	121.2	118.8	119.1	113.1	113.1	124.2	128.4	134.7	136.8	135	155.4	176.1	185.1	200.4	203.7	218.1	228.3	229.2	225.3	232.2	245.1	239.7	248.7	246.6	232.5	225.6	227.1	240.3	246	241.2	250.8	253.8	255	255	255	255	255	255	255	255	255	255	255	255	255	255	255	255	255	255	255	255	255	255	255	253.2	255	255	255	255	255	255	255	255	255	255	255	255	255	255	255	255	255	255	255	255	255	255	255	255	255	254.1	249.9	248.1	255
255	255	255	255	255	255	255	255	255	255	255	255	255	255	255	255	255	255	255	255	255	255	255	255	255	255	255	255	255	255	255	255	255	255	255	255	255	255	255	255	255	255	255	255	255	255	255	255	255	255	255	255	255	255	255	255	255	255	255	255	255	255	255	255	255	255	255	255	250.2	243	221.1	212.4	203.7	186	178.8	187.5	210.6	206.7	201	202.2	206.4	210.9	211.8	211.8	200.1	190.2	175.8	160.2	159.3	142.8	141.9	152.4	145.8	131.1	127.8	137.1	129	117.9	121.2	115.8	117.6	125.4	118.5	109.8	114	117.3	113.7	112.8	113.4	111	112.2	112.2	113.4	108.6	99.6	101.1	102	104.7	108.6	114.3	121.2	130.8	147.6	157.5	169.8	187.5	195.3	203.1	210.9	226.5	229.5	227.4	238.2	231	219	220.8	225.3	219.3	222.3	230.1	246.9	255	255	255	255	255	255	255	255	255	255	255	255	255	255	255	255	255	255	255	255	255	255	255	255	255	255	255	255	255	255	255	255	255	255	255	255	255	255	255	255	255	255	255	255	255	255	255	255	255	255	255	255	255	255
255	255	255	255	255	255	255	255	255	255	255	255	255	255	255	255	255	255	255	255	255	255	255	255	255	255	255	255	255	255	255	255	255	255	255	255	255	255	255	255	255	255	255	255	255	255	255	255	255	255	255	255	255	255	255	255	255	255	255	255	255	255	255	255	255	255	255	250.2	246.9	245.7	213	196.2	191.1	197.7	198.9	203.7	208.5	204.3	197.4	194.7	197.1	189.3	184.8	175.5	168.3	162	139.2	130.5	135.9	126.9	127.8	133.8	132.3	117.3	117	120.9	108.6	105	110.7	108.9	108.6	109.8	103.8	102	102.6	105.3	105.9	106.2	108	108.3	108.6	107.1	108.6	106.5	97.5	99.6	100.2	98.7	101.7	101.1	96.3	94.5	93.3	98.7	102.6	112.8	125.4	141.3	168.3	193.5	219.9	229.5	237.3	230.1	214.8	218.7	221.1	208.2	209.4	226.5	238.2	248.1	255	255	255	255	255	255	254.1	255	255	255	255	255	255	255	255	255	255	255	255	255	255	255	255	255	255	255	255	255	255	255	255	255	255	255	255	255	255	255	255	255	255	255	255	255	255	255	255	255	255	255	255	252.9	253.5
255	255	255	255	254.7	255	255	255	255	255	255	255	255	255	255	255	255	255	255	255	255	255	255	255	255	255	255	255	255	255	255	255	255	255	255	255	255	255	255	255	255	255	255	255	255	255	255	255	255	255	255	255	255	255	255	255	255	255	255	255	255	255	243.6	240.3	244.5	244.5	234.6	223.2	220.2	217.5	197.7	198	198	198	198.3	203.1	194.7	195.3	197.1	192	180.3	165.3	156.9	153.3	146.4	142.5	136.5	117.9	117.3	125.1	124.5	123	124.5	113.1	107.7	108	102.9	100.5	104.4	109.5	119.7	114	103.5	104.7	104.4	104.4	108	110.4	108.9	108.3	109.2	104.4	103.5	104.1	101.1	104.1	103.2	100.2	102.3	102.9	99.3	96.3	92.1	92.7	96.3	98.4	105.3	115.5	125.1	141.9	174.6	200.7	211.5	208.5	205.2	208.2	209.4	197.4	193.8	211.2	215.7	212.7	232.2	245.4	251.4	255	255	255	255	255	255	255	255	255	255	255	255	255	255	255	255	255	255	255	255	255	255	255	255	255	255	255	255	255	255	255	255	255	255	255	255	254.1	255	255	255	255	255	255	255	255	255	255	249.6	242.4	239.7
255	255	255	255	255	255	255	255	255	255	255	255	255	255	255	255	255	255	255	255	255	255	255	255	255	255	255	255	255	255	255	255	255	255	255	255	255	255	255	255	255	255	255	255	255	255	255	255	255	255	255	255	255	255	255	255	255	255	255	255	255	252.3	231.9	229.8	238.2	232.5	224.4	211.2	201.9	177.3	170.7	190.2	181.8	167.4	156	149.4	138.3	139.8	143.7	136.5	134.1	135.9	140.1	141.6	134.1	129.9	124.8	112.8	110.7	114.6	108.3	102.6	101.7	95.7	96	96.9	93	90.3	98.7	106.8	114.6	109.5	101.4	102.9	109.5	112.2	113.1	115.5	118.8	117	112.5	110.4	107.4	106.2	102	104.1	102.9	106.5	106.8	102	101.4	108.6	104.1	99.6	96.3	93.9	96.6	105.3	114.9	115.8	124.5	145.2	177.9	201.9	201.6	202.2	202.5	193.2	190.8	200.7	204	201	214.8	234	245.1	252	255	255	255	255	255	255	255	255	255	255	255	255	255	255	255	255	255	255	255	255	255	255	255	255	255	255	255	255	255	255	255	255	255	255	255	254.1	255	255	255	255	255	255	255	255	255	255	255	249.9	245.1
255	255	255	255	255	255	255	255	255	255	255	255	255	255	255	255	255	255	255	255	255	255	255	255	255	255	255	255	255	255	255	255	255	255	255	255	255	255	255	255	255	255	255	255	255	255	255	255	255	255	255	255	255	255	255	255	255	255	255	252.3	238.8	221.1	207.3	204.9	203.7	202.5	199.8	197.4	186.6	156	145.8	165	157.2	147	141.6	139.5	128.7	123.6	125.4	125.4	128.1	129.3	133.8	139.5	140.4	140.4	136.2	123.9	113.7	105	97.8	94.2	92.4	87	89.4	87.9	86.1	87.6	90.9	105	106.8	98.4	96.6	99	103.8	106.2	108.9	111.9	113.4	114.3	115.8	116.4	112.2	106.8	102.9	103.5	105.6	108	102.3	96.6	96	100.8	99.3	99.9	103.5	99.3	96	96.9	106.8	112.5	116.4	122.1	139.5	183.3	189.6	188.1	189	189.3	189	193.2	201	196.5	194.2	202.5	216.6	237.3	253.2	255	255	255	255	255	255	254.4	254.1	255	255	255	255	255	255	255	255	255	255	255	255	255	255	255	255	255	255	255	255	255	255	255	255	255	255	255	255	255	255	255	255	255	255	253.5	253.5	253.8	255	255	255
255	255	255	255	255	255	255	255	255	255	255	255	255	255	255	255	255	255	255	255	255	255	255	255	255	255	255	255	255	255	255	255	255	255	255	255	255	255	255	255	255	255	255	255	255	255	255	255	255	255	255	255	255	255	255	255	255	255	252	243	227.7	210.6	200.7	196.5	195.6	197.1	194.4	159.6	141	129.9	137.7	146.4	142.5	138	137.1	121.2	116.4	116.4	111.3	113.1	115.2	116.7	114.3	117.3	122.4	131.7	138.6	140.7	137.7	133.5	129	123.3	112.5	100.8	100.5	93.6	89.7	91.5	90.9	96.6	98.4	96.9	93.9	93.6	96.3	97.8	98.7	99.6	101.4	104.1	111.9	119.4	119.4	119.1	118.8	117.3	118.5	113.7	111	108.9	108.3	106.8	105.3	103.8	101.4	94.8	97.5	102.9	107.1	110.7	112.5	114.6	120.9	153	192	188.1	187.2	187.8	187.2	189.6	197.1	195.9	192	197.1	211.5	232.5	251.4	255	255	255	255	255	255	255	255	255	255	255	255	255	255	255	255	255	255	255	255	255	255	255	255	255	255	255	255	255	255	255	255	255	255	255	255	255	255	255	255	255	255	252.3	255	255	255	255	255
255	255	255	255	255	255	255	255	255	255	255	255	255	255	255	255	255	255	255	255	255	255	255	255	255	255	255	255	255	255	255	255	255	255	255	255	255	255	255	255	255	255	255	255	255	255	255	255	255	255	255	255	255	255	255	255	255	243.6	220.8	204	196.2	192.3	190.8	190.2	189.9	189.9	179.4	140.4	121.8	116.1	125.4	138.3	133.5	123.6	124.5	115.2	108.3	105.9	99.6	102.3	104.1	102.9	102	102.3	109.2	115.5	119.4	129.3	134.1	137.1	135.6	136.8	129.6	114.3	106.8	103.5	99	94.5	90.9	94.5	93.9	91.2	90	87.3	88.8	90	91.8	90.9	89.7	93.3	100.8	108.6	114.3	117.3	118.5	121.2	123	119.7	116.4	113.4	114	111.9	106.5	105.3	104.1	97.8	94.8	96	102	104.4	111	114.3	116.7	126.9	173.1	184.8	186	186	186.6	187.2	188.1	189.9	191.4	191.1	199.5	225.3	247.2	255	255	255	255	255	255	255	255	255	255	255	255	255	255	255	255	255	255	255	255	255	255	255	255	255	255	255	254.4	252.9	254.1	253.2	255	255	255	255	255	255	255	255	255	255	255	255	255	255	255	255	255
255	255	255	255	255	255	255	255	255	255	255	255	255	255	255	255	255	255	255	255	255	255	255	255	255	255	255	255	255	255	255	255	255	255	255	255	255	255	255	255	255	255	255	255	255	255	255	255	255	255	255	255	255	255	255	255	255	244.8	222.3	203.1	201	193.5	191.7	191.7	188.7	156.3	119.7	108.3	112.2	116.1	114.6	112.5	105	98.4	98.1	98.7	96.9	93.6	88.8	87.3	85.5	83.7	85.8	89.7	97.8	101.4	102.6	108.6	110.4	115.8	121.5	129.9	135.6	138.9	138.9	131.4	124.2	116.1	105.9	107.7	110.4	113.1	112.2	105.3	100.2	102.3	107.4	105.3	101.4	101.1	102.9	102	103.5	105	108	111.9	114.9	121.2	121.5	117	116.7	115.5	108.6	108.6	106.8	107.1	102.6	93.9	97.2	99	100.2	100.8	108.9	117	139.5	168.6	181.2	186	186.9	188.7	187.2	187.5	189.9	189.9	193.5	206.7	226.2	244.5	253.5	255	255	255	255	255	255	255	255	255	251.7	255	255	255	255	255	255	255	255	255	255	255	255	255	255	255	254.4	251.1	253.2	255	255	255	255	255	255	255	255	255	255	255	255	255	255	255	255	255	255
255	255	255	255	255	255	255	255	255	255	255	255	255	255	255	255	255	255	255	255	255	255	255	255	255	255	255	255	255	255	255	255	255	255	255	255	255	255	255	255	255	255	255	255	255	255	255	255	255	255	255	255	255	255	250.2	236.1	233.1	229.2	209.7	195.9	193.5	191.1	187.2	186	183.6	140.1	111.9	106.2	106.2	110.1	109.5	106.2	102.6	97.2	95.1	95.7	96.9	95.7	89.7	85.8	84.9	84.3	84.9	85.8	89.7	93.9	99.6	104.7	103.5	102.9	108	116.4	124.5	133.5	140.7	135.9	126	121.2	114.6	110.1	105.6	110.7	113.7	113.4	112.5	114	115.2	114	111.3	110.1	111.6	108.9	106.8	107.7	109.2	107.1	109.2	116.1	120	118.5	115.8	115.2	112.5	109.2	103.8	105.3	104.1	98.1	97.8	99	100.8	103.5	103.5	108	117.6	139.5	162.9	174.6	186.6	187.5	186.9	188.7	189.9	189.3	187.8	189.3	194.1	202.8	214.8	237.3	247.8	244.5	251.1	255	255	255	255	255	255	255	255	255	255	255	255	255	255	255	255	255	255	255	255	255	255	255	255	255	255	255	255	255	255	255	255	255	255	255	255	255	255	255	255	255	255
255	255	255	255	255	255	255	255	255	255	255	255	255	255	255	255	255	255	255	255	255	255	255	255	255	255	255	255	255	255	255	255	255	255	255	255	255	255	255	255	255	255	255	255	255	255	255	255	255	255	255	255	255	252.9	244.5	225.9	209.4	181.2	155.1	151.2	153.3	158.7	173.1	165.6	127.2	110.4	103.8	97.5	104.4	111.3	108.3	98.7	95.4	93	92.1	91.5	92.1	90.3	92.1	92.7	93.6	96.6	100.8	106.8	105	102.3	99.3	93.3	85.2	81.6	85.5	91.2	99.6	104.4	115.5	125.7	132.6	135	127.8	114.9	102.3	98.7	101.4	105.3	108	109.2	109.8	110.4	107.7	108.6	112.2	112.8	109.8	108	104.4	98.7	98.4	101.7	102.6	105.6	108.9	108	107.1	103.2	97.2	97.2	95.4	93.9	95.4	95.4	98.4	108.9	115.8	112.2	111.9	114.3	121.5	128.7	143.1	166.5	187.5	188.7	188.7	186.9	186.6	191.4	193.5	204	217.2	234.9	252.9	251.7	254.4	255	255	255	255	255	255	255	255	255	255	255	255	255	255	255	255	255	255	255	255	255	255	255	255	255	255	255	255	255	255	255	252.9	252	255	255	255	255	255	255	255	255	255
255	255	255	255	255	255	255	255	255	255	255	255	255	255	255	255	255	255	255	255	255	255	255	255	255	255	255	255	255	255	255	255	255	255	255	255	255	255	255	255	255	255	255	255	255	255	255	255	255	255	255	255	252.3	242.7	228.3	210.9	195.3	154.8	121.5	138.9	140.1	132.9	151.8	145.8	118.5	111.9	105.6	98.7	103.5	109.5	104.1	95.7	92.1	92.4	91.8	89.7	88.8	90.3	92.4	93.6	94.2	93.6	96.9	102	107.4	110.7	106.5	97.5	90.6	84.6	80.7	79.8	85.8	90.6	94.5	106.5	123	134.1	140.1	132	120.3	113.4	107.1	103.5	107.4	108.3	107.4	105.3	100.8	99	102	105.9	105.3	103.8	102	96.9	94.8	95.7	95.7	94.8	97.5	97.8	96.6	95.7	90.6	93.3	96.3	99.6	98.1	94.5	94.5	102.3	109.8	114	120.6	119.7	123.6	128.7	132	144.9	165.3	180.9	186.3	189.6	187.8	191.1	198.3	201.9	212.7	218.7	243	255	255	255	255	255	255	255	255	255	255	255	255	255	255	255	255	255	255	255	255	255	255	255	255	255	255	255	255	255	255	255	255	255	255	253.8	255	255	255	255	255	255	255	255	255
255	255	255	255	255	255	255	255	255	255	255	255	255	255	255	255	255	255	255	255	255	255	255	255	255	255	255	255	255	255	255	255	255	255	255	255	255	255	255	255	255	255	255	255	255	254.7	255	255	255	255	255	255	249.9	231.9	217.8	189.9	141	117.6	124.5	132.9	115.8	126.6	114	106.2	108.3	103.8	104.4	104.4	105	97.5	91.2	92.1	91.5	89.7	89.1	88.5	90.6	90	89.4	90	90.3	89.1	89.7	92.4	96	99.6	107.1	115.8	120.9	114.9	102	89.7	80.1	72.9	70.5	72.3	80.1	94.8	115.8	132.6	142.2	141.9	133.2	120	117	115.8	113.1	110.4	109.5	108	103.2	99.6	101.1	101.7	98.4	98.4	100.8	98.4	96.3	93	90.9	91.2	89.4	92.1	92.7	91.5	94.8	100.2	97.2	98.4	104.1	107.4	105	102	109.5	115.5	117	119.7	123.9	128.7	138.6	152.4	163.2	168.9	174	185.1	192.9	198	204.6	212.7	234.3	255	255	255	255	255	255	255	255	255	255	255	255	255	255	255	255	255	255	255	255	255	255	255	255	255	255	255	255	254.4	251.4	253.2	255	255	255	255	255	255	255	255	255	255	255	255	255
255	255	255	255	255	255	255	255	255	255	255	255	255	255	255	255	255	255	255	255	255	255	255	255	255	255	255	255	255	255	255	255	255	255	255	255	255	255	255	255	255	255	255	255	255	255	255	255	255	255	253.8	241.2	224.1	210.6	200.7	169.8	126.6	108	120.3	126.3	105.9	117	108	101.1	103.2	100.5	101.7	99.9	97.5	92.1	89.4	91.2	89.1	86.1	85.8	88.2	88.8	86.4	85.8	84.6	83.7	87	88.5	89.7	90.3	92.1	94.5	103.5	113.7	119.1	116.4	105.9	97.2	86.1	72	66.6	67.5	72	83.4	101.4	123.9	138.6	140.7	132.9	123	120.3	118.2	115.2	111.3	111.6	109.8	105.9	104.4	101.4	97.2	98.1	101.1	98.7	93.6	91.8	92.7	91.2	87.6	90.3	92.1	88.8	93	96	92.7	97.2	104.1	103.2	105	106.2	107.1	108.9	108.9	111.9	112.5	118.5	126.9	138.6	155.7	170.7	177.3	184.8	191.4	198.9	208.5	200.7	212.4	237	255	255	255	255	255	255	255	255	255	255	255	255	255	255	255	255	255	255	255	255	255	255	255	255	255	255	255	251.7	245.4	253.2	255	255	255	255	255	255	255	255	255	255	255	255	255
255	255	255	255	255	255	255	255	255	255	255	255	255	255	255	255	255	255	255	255	255	255	255	255	255	255	255	255	255	255	255	255	255	255	255	255	255	255	255	255	255	255	255	255	255	255	255	255	255	251.7	246.6	240.6	212.7	165.6	139.5	114	97.5	97.8	120	111	108	98.1	98.4	102.6	95.4	94.8	94.8	90.9	87.9	86.7	85.5	83.7	81	82.5	85.2	83.1	80.4	80.1	78.6	74.4	72.3	71.4	72	73.5	77.1	79.5	81.3	86.7	89.4	97.2	106.5	118.5	127.5	121.5	109.8	93.9	78	68.1	66	69.3	79.3	98.4	118.5	131.7	137.4	139.2	133.2	122.7	117.9	118.2	116.7	119.1	119.4	118.2	115.2	113.1	111.9	109.8	105.9	98.1	97.5	96.9	93	99.6	102.9	101.7	100.5	98.1	95.4	96.3	93.6	94.5	99.3	104.1	110.1	111.9	111	108	107.1	105.3	103.2	104.1	117.3	141.9	170.4	192.9	189.9	199.5	209.4	199.8	216.9	236.1	252.3	255	255	255	255	255	255	255	255	255	255	255	255	255	255	255	253.2	255	255	255	255	255	255	255	255	255	255	254.4	249	255	255	255	255	255	255	255	255	255	255	255	255	255	254.1
255	255	255	255	255	255	255	255	255	255	255	255	255	255	255	255	255	255	255	255	255	255	255	255	255	255	255	255	255	255	255	255	255	255	255	255	255	255	255	255	255	255	255	255	255	255	255	255	253.2	223.5	207	202.2	166.5	155.1	135.9	102.6	94.5	90.3	112.5	111.3	101.4	94.8	98.7	100.8	94.5	92.7	91.5	89.4	87	84.3	80.4	78.9	78.9	80.7	83.1	80.7	77.4	76.5	75.3	71.1	65.9	61.7	58.7	57.3	56.1	58.9	62.2	64.9	70.4	75.5	83.3	90.9	102.9	110.4	109.3	101.5	87.5	72.6	57.3	50.9	49.9	56.8	71.2	92.5	109.6	124	128.7	122.4	119.8	121.6	117.1	114	117.1	121.8	123.3	120	120.3	118.5	117.3	111	108	108	100.2	99.9	104.7	104.7	103.2	100.8	100.2	100.5	97.2	96.6	99.9	99.6	103.5	109.2	112.5	112.8	108.6	105.6	105.9	104.1	105.3	116.7	141.3	171.6	192	200.1	195	193.5	206.1	229.8	249.3	245.7	248.1	255	255	255	255	255	255	255	255	255	255	255	255	255	252.9	253.8	255	255	255	255	255	255	255	255	252.3	252	255	255	255	255	255	255	255	255	255	255	255	255	255	255	255
255	255	255	255	255	255	255	255	255	255	255	255	255	255	255	255	255	255	255	255	255	255	255	255	255	255	255	255	255	255	255	255	255	255	255	255	255	255	255	255	255	255	255	255	255	240.6	239.4	238.8	222	209.7	186.3	142.8	123	120.3	93.3	85.8	88.5	95.4	112.2	103.2	94.5	101.1	99.6	93	93.6	88.2	81.6	82.2	79.2	76.8	78.3	75.6	74.4	74.7	72.9	70.2	65.1	61.2	61.2	59.6	45.6	39.5	37.4	37.8	35.4	33.6	34.4	42	45.8	50.9	57.8	61.9	72.6	84.7	87.7	92.1	97.8	96.8	85.7	73.1	60.9	48.5	43.5	45.9	52.1	67.5	83.3	98.9	110.5	120.1	123.2	123.5	122.4	123	118.2	113.4	114	118.2	122.4	123.9	126.6	126.9	122.1	116.7	113.4	112.5	113.7	118.5	114.3	111.9	112.8	114.9	116.4	111.3	110.7	110.4	112.2	115.8	118.2	118.5	117.9	114.9	109.8	110.7	122.4	134.1	156.9	175.2	172.8	176.7	195.6	229.2	249.9	243.9	249.6	255	255	255	255	255	255	255	255	255	255	255	255	255	255	253.2	253.5	255	255	255	255	255	253.2	250.8	253.2	255	255	255	255	255	251.1	255	255	255	255	255	255	255	255	255	255
255	255	255	255	255	255	255	255	255	255	255	255	255	255	255	255	255	255	255	255	255	255	255	255	255	255	255	255	255	255	255	255	254.7	255	255	255	255	255	255	255	255	255	255	255	244.8	229.2	214.5	222.6	214.8	192.9	169.2	132.9	116.7	96	81.3	78.3	84.3	94.5	110.4	103.2	93.9	99.9	100.8	94.8	94.2	88.5	80.1	78	74.4	75	76.2	72.9	72.6	71.4	68.9	62.7	52.3	42.5	38.7	40	33.7	25.1	24	22	22.8	23	22.4	26.6	29.7	32.5	39.8	46.7	56.3	68.3	79	86	87.1	92.1	93.8	89	81.2	64.5	49.5	44.6	42	42.3	50.7	61.9	74.7	87.4	98.7	108.6	109.9	115.5	115.5	112.6	111.6	115.3	119.8	121.7	126	125.7	121.8	119.7	120	117.9	117.9	124.5	123.9	122.4	119.7	117.3	118.2	115.2	112.8	110.1	109.5	111	114.3	113.1	112.5	109.5	107.7	109.2	117.3	129.6	142.2	163.2	162	160.2	177.6	199.5	240.9	255	255	255	255	255	255	255	255	255	255	255	255	255	255	255	255	255	254.1	255	253.2	252.3	254.4	254.1	251.7	254.4	255	255	255	255	255	255	252	247.8	245.4	245.4	245.4	253.5	255	255	255	255	255
255	255	255	255	255	255	255	255	255	255	255	255	255	255	255	255	255	255	255	255	255	255	255	255	255	255	255	255	255	255	255	255	255	255	255	255	255	255	255	255	255	255	219	187.2	189	200.7	174	159	144.6	125.4	111	103.8	96	88.8	84.3	81.6	83.1	94.2	101.4	91.8	94.5	97.5	94.2	92.4	84.9	76.5	75	70.8	68.1	70.8	70.5	67.5	66.3	61.5	56.3	54.6	49.4	39	32	34.1	33.8	27.4	24.9	23.1	23.1	22	21	20.8	19.6	20.4	24.3	29.4	30.2	37	49.9	60.1	69.2	78.8	87.8	95	100.6	96.2	89.6	77.7	62.8	52	47.2	45.6	46.4	47.1	53.4	65.9	77.7	87.7	94.5	98.9	106.7	112.5	113.8	116.5	119.2	121.5	123.9	123.3	120.3	120.9	126.6	126.3	121.5	117.9	111.6	105.3	103.2	105	105.9	103.5	99.9	99.6	98.4	97.2	95.1	90.6	93	95.7	98.1	104.4	112.2	130.2	134.1	129	129.6	143.7	180.3	213	253.2	255	255	255	255	255	255	255	255	255	255	255	252.3	252.9	255	255	255	255	253.5	249.6	255	255	255	255	255	255	255	255	255	255	255	251.1	242.4	242.4	247.2	255	255	255	255	255	255
255	255	255	255	255	255	255	255	255	255	255	255	255	255	255	255	255	255	255	255	255	255	255	255	255	255	255	255	255	255	255	255	255	255	255	255	255	255	255	255	255	244.2	197.4	172.2	192	179.4	150.9	135.9	111.9	96.3	94.8	98.1	95.7	90.6	87	83.1	83.4	93.3	99.6	92.1	95.7	99	93.9	90.9	81.9	75	73.2	70.2	69	68.3	61.6	55.6	51.5	44.9	39.9	38.5	36.6	32.7	29.4	29.6	31.5	29	24.7	23	24.4	23.8	21.5	20	19.6	20.2	21.7	27.8	29	25.1	29.2	40.7	51.8	64	74.9	86.1	92.1	92.3	97.1	97.4	85	72.4	62	50.7	46.9	45	46.5	52.4	62.7	72.3	80	81.9	83	92.2	94.8	97.7	104.2	112.1	116.7	115.2	117.9	122.1	125.1	118.5	114	109.5	101.1	94.8	91.2	90.6	93.9	92.7	93.3	95.7	96	92.4	89.4	87.3	87.3	88.5	91.5	94.2	97.8	106.2	115.8	116.1	120.3	121.5	145.2	182.4	227.4	255	255	255	255	255	255	255	255	255	255	255	255	255	255	255	255	255	255	255	255	255	255	255	255	255	255	255	255	255	255	255	255	255	255	255	255	255	255	255	255
255	255	255	255	255	255	255	255	255	255	255	255	255	255	255	255	255	255	255	255	255	255	255	255	255	255	255	255	255	255	255	255	255	255	255	255	255	255	255	255	244.2	175.8	171	242.4	222.6	143.4	153.9	134.1	90.9	87.3	90.6	93.6	96	96.3	98.4	99.3	102	102.3	93.6	89.1	94.8	95.4	90.6	82.8	75.6	71.7	69	66	62.5	57.1	52.6	47.2	42.9	37.9	38	37.1	33.2	33	33.1	32	31.3	31.6	28.1	27.2	25.9	24.5	24.2	23.3	21.4	21.5	22.7	25.7	28.9	28.3	24.5	25	24.8	26.6	34.1	41.6	48.2	53.6	64	77.6	90.1	93.5	89.3	81.5	75.4	71.9	65	60	61.5	64.3	72	77	76.8	80.7	81	86.2	91.1	98	102.9	104.4	108	113.7	112.5	111.6	110.7	100.8	91.5	82.8	74.7	69.9	68.1	67.8	69.9	73.5	76.5	78	75.3	75.6	76.8	76.2	75.6	76.2	77.4	79.8	81.3	81.9	84.9	87.3	103.2	137.7	165	188.1	231.6	253.5	252.9	255	255	255	255	255	255	255	255	255	255	255	255	255	255	255	255	255	255	255	255	255	255	255	255	255	255	255	255	255	255	255	255	255	255	255	253.2
255	255	255	255	255	255	255	255	255	255	255	255	255	255	255	255	255	255	255	255	255	255	255	255	255	255	255	255	255	255	255	255	255	255	255	255	255	255	255	248.4	183	181.2	217.5	193.8	141.3	120.3	132.9	111.9	91.5	86.4	93	93.3	96.9	99.9	100.5	105.6	107.7	100.5	90	89.7	95.1	94.2	86.1	77.7	70.6	65.8	61.3	53.5	47.3	43.6	41.9	38.4	34.6	33.3	36.1	34.2	33.8	36.5	32.9	30.7	33	30	30	28.8	24.1	27.9	26.9	23.6	22.8	23.7	25.3	26	29.9	31.7	28.1	26.1	23.7	24.4	24.9	28.9	34.7	43.4	53.5	66.7	76.6	83.8	88.6	87.9	86	78.4	69.8	65.5	64.3	67.4	73.8	79.2	80.8	75.9	78.5	82.8	87.9	96.7	102.2	101.6	109.8	112.5	109.5	108.3	104.7	96.6	88.2	79.2	73.5	69.6	68.4	66.9	67.5	70.2	70.8	71.1	71.1	72.9	72.9	71.4	70.2	70.2	68.7	72.3	72.9	71.1	72.3	78	85.2	90.9	106.8	138	194.4	214.8	227.4	250.8	255	255	255	255	255	255	255	255	255	255	255	255	255	255	255	255	255	255	255	255	255	255	253.2	254.1	254.4	255	255	255	255	255	255	255	255	255	255
255	255	255	255	255	255	255	255	255	255	255	255	255	255	255	255	255	255	255	255	255	255	255	255	255	255	255	255	255	255	255	255	255	255	255	255	255	255	238.2	172.2	161.4	186.6	158.4	130.8	116.7	105	94.5	87.9	83.1	81.6	85.8	92.4	95.4	99	104.4	108.9	110.4	93.3	85.8	86.7	90.9	87.9	77.4	65.8	61	58.3	52	46.3	41.4	41	38.9	33.9	31.8	32.4	33.1	32.5	34.1	38.2	35.2	29.3	32.3	32	30.8	31.2	27.5	25.9	28.9	28.4	26.5	26.5	27	29.3	30.5	30.2	30.5	28.3	28	29.1	30.1	31	32.5	37.3	38.4	41.7	46.5	52.2	61.5	69.1	75.2	75.8	72.5	69.1	67.7	68.3	71.1	76.7	77.2	78.1	78.5	80	86.8	87	90.3	95.3	99.9	101.7	101.1	98.7	99	96.9	91.5	88.5	90	86.4	75.9	66.3	63.3	63.3	63.6	62.7	63.9	63.6	63.9	64.2	63.3	64.8	65.4	67.8	70.5	73.5	75	75.9	75	77.7	88.8	103.8	122.4	160.8	200.4	231.6	255	255	255	255	255	255	255	255	255	255	255	255	255	255	255	255	255	255	255	255	255	255	255	255	254.4	252	255	255	255	255	255	255	255	255	255
255	255	255	255	255	255	255	255	255	255	255	255	255	255	255	255	255	255	255	255	255	255	255	255	255	255	255	255	255	255	255	255	255	255	255	255	255	255	214.8	162	157.8	162.6	152.4	127.5	104.4	97.5	97.2	89.1	86.7	88.2	82.8	86.4	90.3	91.5	98.1	102.9	107.1	94.8	84	83.1	85.8	80.1	63.8	48.3	45	43.2	40.4	40.2	39.1	38.9	38.1	33.2	30.4	30.1	32.2	33.1	31.7	35.5	37.9	32.5	29.8	32.8	29.9	31	31.1	28.4	29.5	29.3	28.1	28.1	29.5	30.5	32.5	30.5	27.8	28.1	28.9	30.7	31	32.8	31.2	34.3	35	37	40.8	45.1	50.8	60.4	68.3	71.7	71.2	68.9	67	64.1	62.9	64.4	68.1	70.8	72	75.8	82.3	81.3	77.8	79.4	84.9	94	99.9	96.3	94.5	91.2	87.3	85.2	88.8	89.4	84.9	77.1	70.8	67.5	67.2	65.4	64.5	62.7	62.7	64.8	66	67.2	67.5	66	68.4	71.4	72	73.8	71.1	71.1	81.3	100.5	117.9	136.8	171.9	201.6	213	229.8	243	248.1	250.8	255	255	255	255	255	255	255	255	255	255	255	255	255	255	255	255	255	255	255	255	255	255	255	255	255	255	255	255	255	255
255	255	255	255	255	255	255	255	255	255	255	255	255	255	255	255	255	255	255	255	255	255	255	255	255	255	255	255	255	255	255	255	255	255	255	234.6	220.8	180	157.2	159.6	162.6	163.2	151.5	131.1	114.3	104.4	104.1	102.3	104.1	105.6	99.9	94.2	87.6	81.6	82.2	90.6	93	90	82.7	79.7	77.5	66.7	53.6	44.7	41.4	40.2	39.3	39.2	39.8	38.6	32.3	30.1	30.4	30.1	30.1	32.2	29.2	31.4	37.1	34.1	29.8	34	32.2	28.7	29.8	34.1	32.6	30.6	29.9	32.5	34.1	34.1	31.7	31	26.5	26.5	25.9	28.8	31.8	27.9	24.4	27.7	30.1	30.2	30.8	32.3	34.6	37.4	46	59.6	69.2	70.3	64.6	57.4	56.3	56.7	55.5	53.8	55.9	59.2	66.3	76	80.2	79.2	79.7	84	86	86.1	83.1	79.2	76.2	74.1	75.3	78.6	82.8	85.8	83.1	79.8	75.3	73.2	71.4	70.8	70.5	70.2	71.1	69	64.8	63	63	62.4	62.4	64.2	60.9	65.1	77.7	91.8	105	121.5	141.6	176.1	203.4	205.2	225.9	241.8	249.6	255	255	255	255	255	255	255	255	255	255	255	255	255	255	255	255	255	255	255	255	255	255	255	255	255	255	255	255	255	255
255	255	255	255	255	255	255	255	255	255	255	255	255	255	255	255	255	255	255	255	255	255	255	255	255	255	255	255	255	255	255	255	255	255	240	217.8	193.2	171.6	163.2	167.4	168	155.4	132.9	122.1	119.1	109.2	105.9	108.6	108.6	107.4	108	102.9	93.9	89.4	84.6	84	86.2	83.6	75	67.8	63.5	54.1	45.1	40.7	38.3	40	40.2	37.7	37.3	36.8	33.5	29.2	29.8	29.2	27.1	31.4	28.9	28.9	35.9	37.9	31	32.3	35.6	31.7	28.6	31.7	36.9	33.9	32.3	34.5	38	38	34.7	33.2	26.9	28.4	28.7	28	32.2	29.7	26.5	28	30.4	30.3	30.5	31.1	34.6	33.4	35.2	45.5	59.3	67.7	65.2	62.4	60.5	58.2	58.4	59.3	57.8	58.1	65.5	70.9	77	81.8	81	82.9	87	85.2	80.6	78.9	76.8	76.8	74.4	72.6	72.6	77.7	79.2	78.9	75.9	72	69.6	67.2	66.3	65.7	66.3	65.1	63	61.8	61.8	62.1	60.9	60.3	60.6	64.8	69.9	77.7	82.8	100.2	113.4	148.8	185.7	195.6	200.7	224.1	245.1	255	255	255	255	255	255	255	255	255	255	255	255	255	255	255	255	255	255	255	255	255	255	255	255	255	255	255	255	255	255
255	255	255	255	255	255	255	255	255	255	255	255	255	255	255	255	255	255	255	255	255	255	255	255	255	255	255	255	255	255	255	255	247.8	210	187.2	188.4	177.6	171.6	172.2	175.2	180	166.2	146.4	137.1	129	120.6	118.2	121.5	121.5	119.7	118.8	114.3	111.3	109.2	98.1	83.8	82.1	74.1	67	64.9	56.1	49.4	43.7	37.4	37.9	39.7	38.8	35.8	36.1	35.1	33.3	31.8	31.9	28	27.8	33.8	29	30.8	37.9	41.3	35.9	35.6	39.5	36.4	30.8	29.8	39.4	42.5	40.1	43.2	43.7	41.6	38.2	34.7	30.1	33.5	36.1	40	35.8	32.2	34.4	34.4	33.9	34.9	39.1	45.5	49.4	51.2	51.7	49.7	54.4	60.7	65.7	68.3	67.1	61.6	61.2	60.6	61.5	61.8	66.5	70.3	78.3	90.4	94.4	100	104.9	103.8	96.2	93.8	89.1	87	83.4	80.1	77.1	74.7	70.2	68.7	66.9	67.1	66	64.8	62.4	61.5	60	60	59.4	60.3	58.5	58.8	61.2	61.5	63.6	64.5	67.8	73.5	81.6	89.7	95.7	104.1	123.9	171	198.9	217.2	241.5	254.4	255	255	255	255	255	255	255	255	255	255	255	255	255	255	255	255	255	255	255	255	255	255	255	255	255	255	255	255	255
255	255	255	255	255	255	255	255	255	255	255	255	255	255	255	255	255	255	255	255	255	255	255	255	255	255	252	249.6	249	255	255	255	236.4	196.2	182.4	184.2	178.2	171.6	167.4	149.7	135.3	129.3	135.6	136.2	127.2	121.2	115.5	117.9	121.5	119.7	117.3	117	117.3	112.8	101.7	79.6	72.9	65.6	57.1	61.4	54.6	47.4	43.9	38.8	37.7	39.6	38.1	35.8	33.1	33.6	32.9	31.9	32.8	28.6	27.8	33.5	31.9	29.2	37.1	43.6	41.5	34.8	40.7	41.8	35.5	29.8	35.8	43.5	43.9	46.3	48.5	45.9	42.2	39.3	34.5	38.2	43.6	47.3	44.5	37.1	36.4	36.8	39.2	43.4	47.6	54	58.8	60.7	61.9	60.1	59.5	63.1	65.5	68.8	71.4	68.4	66.5	64.3	63.8	65.3	64.7	63.4	66.6	73.9	82.9	93.8	101	107.7	106.3	104.1	95.7	88.4	82.7	77.7	74.8	72.3	68.5	63	57.7	55.5	58.7	61.6	62.2	60.3	60	59.4	60.6	60	59.1	59.1	58.2	58.5	60	62.1	64.5	70.2	77.1	83.1	89.4	96	110.7	146.7	201.6	211.5	228.6	247.8	255	255	255	255	255	255	255	255	255	255	255	255	255	255	255	255	255	255	255	255	255	255	255	253.5	254.4	255	255	255	255
255	255	255	255	255	255	255	255	255	255	255	255	255	255	255	255	255	255	255	255	255	255	247.8	235.2	231	227.4	225.6	217.8	213.6	214.8	208.8	193.8	180.6	180.6	181.2	174.6	174	174.6	168.3	145.2	128.1	120.3	121.5	120.6	119.1	115.5	111.9	107.7	106.2	108.9	111.6	111	113.1	112.3	94	76.4	73.4	60.8	62.2	60.5	51.4	47.9	41.6	39.7	44.4	43.1	41.5	38.6	36.7	34.7	33.4	33.4	32	28.4	30.7	37.4	32.2	32.6	39.3	44.6	47.5	39.3	43.5	45.4	40.6	35.8	39.6	44.5	50.4	54.3	55.5	54	51.7	44.4	37.5	38.4	41.6	48.7	43.1	38.6	41	43.6	50	58.7	61.9	64.3	64.8	65.1	63.8	64.4	62.6	61.4	63.1	68.2	71.9	75.1	77.9	80.5	73.8	67.6	64.9	61.7	60.2	64.5	70.1	73	79.9	94.6	98.1	99	98	92.9	86.3	79.6	69.9	64.5	61.1	54.1	51.1	50.8	53.7	53.9	55.2	56.8	55.2	55.8	54.6	53.1	54	55.8	56.7	57.9	57.9	61.2	66.3	69.6	72.3	78	84	87.3	105.9	125.1	165.6	211.5	222.9	238.2	250.2	255	255	255	255	255	255	255	255	255	255	255	255	255	255	255	255	255	255	255	255	255	253.8	251.4	255	255	255	252	255
255	255	255	255	255	255	255	255	255	255	255	255	255	255	255	255	255	255	255	255	255	249	238.8	255	247.8	231	219	212.4	208.8	206.4	198	185.4	178.2	174.6	174.6	176.4	176.4	175.2	169.5	149.1	133.5	125.4	117	116.1	114	111.3	110.1	111.3	107.7	102.6	104.4	103.6	97.4	89.2	87.1	76.9	72.2	67.7	62.2	62	57.7	50.6	46.7	41.2	43.2	47	43.7	42	41	37.4	36.3	33.5	34.7	33.4	31.6	36.3	39.4	34.7	37.5	42.9	48.4	50	44.9	43.9	49.3	47.5	43.3	43.9	49.6	58	59.5	59.7	59.7	57.9	48.2	40.6	40.9	45.2	52.2	47.5	44.8	50.4	52.5	55.2	59.3	63.4	61.2	58	61	61.7	59.5	59.2	58.9	59.6	64.7	70.2	76.2	82.9	82.7	72.8	64.2	62.9	64.1	65.9	68.2	68.2	70.6	77.5	81.7	84	78.9	80.3	82	75.2	69.3	62.8	52.1	46.8	45.4	41.8	38.1	41.1	45.7	50.3	50.7	51.3	51.2	51.5	54	54.9	56.7	56.1	58.8	60.9	61.5	64.8	67.5	74.1	82.2	87.6	91.2	96.3	108.6	150.9	204	208.2	228.3	245.4	255	252.3	243.3	247.5	255	255	255	255	255	255	255	255	255	255	255	255	255	255	255	255	255	255	255	255	255	255	255
255	255	255	255	255	255	255	255	255	255	255	255	255	255	255	255	255	255	255	255	240.6	221.4	240.6	239.4	225.6	221.4	230.4	230.4	213	187.8	181.2	182.4	180.6	179.4	174	173.4	175.8	180.6	167.1	152.1	135.3	128.7	129.9	131.1	129.9	124.2	117.9	118.8	117.3	108.9	100.8	92.7	77.7	67.4	62.4	66.2	71.4	62.5	65.3	60.5	53.3	47	44.8	46.1	50.5	46.6	44.4	45.1	38.9	38	37.3	36.3	36.8	33.2	34.5	45.2	41.6	38.4	47.1	52.8	55.3	48.4	45.9	46.4	52	49.9	46.3	44.4	50.1	63.1	64.7	59.9	60.5	56.3	46	39	42.7	54.8	52.2	49.3	48.3	51.6	55.1	56.2	59.8	61.5	59.1	54.4	55.3	55.5	51	50.1	51.7	52	52.7	57.7	61.6	69.7	79.7	77.5	71.1	64.8	60	58.3	58.2	57.5	62.7	66.4	66.3	67.6	63.9	59.7	56	52.4	50.9	46.7	41.5	39	38.8	37.9	37.1	39.9	42.3	46.9	49.9	54.9	52.3	54.3	57.1	56.4	57.3	59.1	60.3	61.2	63.3	64.5	68.7	72.3	76.5	82.5	86.4	92.1	99	115.8	149.7	183	220.8	245.4	253.8	250.2	244.8	248.7	255	255	255	255	255	255	255	255	255	255	255	255	255	255	255	255	255	255	253.8	252.3	255	255	255
255	255	255	255	255	255	255	255	255	255	255	255	255	255	255	255	255	255	255	255	240.6	239.4	238.2	222.6	220.8	222.6	231.6	226.2	209.4	184.8	178.2	177.6	178.2	180	176.4	174.6	176.4	179.4	171.9	153.9	130.8	125.4	122.7	126.6	132	129.6	124.8	120	113	96.8	83.6	80.9	73.6	64.3	60	61.7	70.9	65	65.9	63.2	57.2	51.1	46.3	46.6	48.1	48.1	45.7	45.2	40	39.8	40	38.3	40.1	37.7	34.2	43.8	47.2	40.7	47.1	55.3	59.7	55.5	50.2	52.7	57.4	59.6	55.8	51.1	50.7	62	71.1	66.3	65.1	62.8	53.9	48.8	47.3	57.6	57.8	54.7	58.3	55.6	54.1	57	63.3	66.1	66	62.8	57.7	58.7	57.9	57	54.1	54.7	50.9	51.9	57.1	63.1	72.1	76.1	70.4	66.1	62.5	58.8	60	56.5	55.2	53.3	52.2	52.5	57.3	54.5	49.4	47.5	45.2	42.8	40.7	38.6	37.9	36.7	34.4	34	34.4	35.7	36.6	41.1	44.7	52.2	55.5	51.4	56.1	59.1	60.3	60.9	63	66.9	72	71.4	70.2	72.6	75.6	81	90.3	103.2	120.3	149.1	179.1	225.9	245.4	251.7	255	255	255	255	255	255	255	255	255	255	255	255	255	255	255	255	246.9	248.1	247.8	246.9	250.2	251.7	254.1	255	255
255	255	255	255	255	255	255	255	255	255	255	255	255	255	255	255	255	255	235.2	223.2	243	250.8	240.6	232.2	222.6	208.2	189	172.2	165.6	166.8	169.2	165	167.4	168	173.4	176.4	180.6	178.5	162.9	147.3	136.2	124.8	115.5	116.4	126.3	133.2	125.4	114	100.4	86.7	78.7	76	70.4	64.7	61.8	62.3	70.6	72.8	70.7	64.4	62.3	53.3	45.4	45.5	47	49.7	48.8	44.5	44.2	44.9	44	40.7	41.5	40.7	38.1	45.9	52.1	50.5	51.2	59.2	65	64	58.9	56.8	59.2	62.7	62.9	56.5	56.4	68.7	75.9	72.3	72	69	59.8	56.2	53.3	61.9	59.8	58.3	61.9	58.5	55.4	56.3	57.6	60.3	63.1	62.6	59.6	61.1	63	60.3	59.5	61.8	60	56.2	54.6	54.3	59.7	63.4	63.2	67.3	64.9	59.5	56.1	54.3	56.1	56	56.1	52.6	50.2	49	45.6	45.2	47.1	45.4	45.2	44.5	42.5	40.1	36.7	34.1	33.4	33.9	34.2	35.6	41.1	48.7	49.2	52.1	58.6	63	64.5	66.9	71.1	73.2	72	69.9	67.8	69.6	69	72.6	78.9	86.7	95.1	101.4	116.4	165.9	221.4	252.9	255	255	255	255	255	255	255	255	255	255	255	255	251.7	254.1	255	255	250.2	249.6	251.7	252	255	255	253.8	253.5	255
255	255	255	255	255	255	255	255	255	255	255	255	255	255	255	255	255	255	229.8	222.6	236.4	247.8	243.6	229.8	208.2	193.2	183.6	169.8	165.6	165	165	162	161.4	165.6	171.6	175.8	172.2	157.2	149.4	145.2	142.8	128.4	115.2	108.9	117.6	129.1	119.8	101	87.3	79.5	76.6	69.9	65.7	64.7	64.1	62.2	67.9	75.7	74	66.7	62.2	55.9	47.8	45.5	47.2	49.6	49	46.9	46.4	48.1	47.1	43.7	42.7	43.4	42.5	49.3	58.1	58.4	58.1	61	69.9	75.1	69.7	63.8	63.2	63.7	65.8	63.9	58	67.7	83.6	79.7	78.1	76.6	65.4	58.3	59.7	63	64	58.8	58.3	62	64.3	60.8	60.3	63.4	61.3	62.1	64	64.4	63.3	61.5	60.9	63.7	65.8	63.1	58.9	57.5	58.6	60.1	64.1	70.4	71.8	66.8	59.7	57.5	58.5	60	60.4	56.8	53.7	50.2	48.4	45.6	44.1	44.9	44.1	42.6	41.6	41.1	39.3	35.5	34.9	36.2	35.3	34.7	38.7	41.5	38	40.5	47.6	54.5	61.1	66.2	69.3	71.1	71.1	70.2	69.6	68.4	69	72.6	76.5	81.6	93	97.2	104.1	132.9	181.8	247.8	255	255	255	255	255	255	255	255	254.1	255	255	249.9	249	255	255	255	255	255	255	255	255	255	255	255	255
255	255	255	255	255	255	255	255	255	255	255	255	255	255	255	255	255	242.4	219.6	208.2	213.6	210.6	193.8	186.6	180.6	174.6	174.6	171	166.8	166.8	166.8	163.2	163.2	165.6	170.4	173.7	162.9	151.8	142.2	141.9	134.7	122.4	112.8	112.8	116.7	112.5	104	92.8	86.8	80.8	72.4	66.2	62.2	60.6	62.9	63.8	69.5	85.1	75.5	61.1	59	54.5	49.1	51.5	54.2	51.4	53.6	51.7	51.8	53.6	48.5	47.2	47.6	46.4	50.4	53.2	58.7	68.2	68.6	62.2	72.1	79.9	74.6	69.2	69.7	63.7	67.3	70.9	64.1	76.4	89.8	83	79.3	78.9	70.4	61.3	61.8	67.5	64.2	56.8	54.8	57	61.1	57.6	57	57.6	55.8	53.9	54.7	59.4	58.9	59.1	59.8	62.1	66.6	66.1	65.9	65.7	66.5	64	59.6	61	67.7	70.9	67.7	63.4	58.6	55	56.7	56.9	54.4	52.1	50.8	46.9	44.8	41.5	37.6	36.3	35.6	36.2	37.3	39.6	39.7	40.1	40.1	39.3	38.1	38.3	38.1	38.9	45.2	53	59.5	62.9	63.3	63.9	66.3	67.8	69.6	74.4	75.6	73.8	75.9	82.2	87.3	94.2	98.1	110.4	149.7	201.6	236.4	255	255	255	255	255	255	255	255	255	255	254.1	253.8	255	255	255	255	255	255	255	255	255	255	255	255
255	255	255	255	255	255	255	255	255	255	255	255	255	255	255	255	255	255	226.2	201	204	205.2	193.8	181.2	179.4	175.8	180	171	166.8	171.6	165.6	160.8	160.8	162.6	153.9	151.5	152.7	142.5	138.3	126.6	117.6	112.5	107.7	111	109.6	98.9	91.5	87.3	85.3	81.9	74.1	72.3	67.1	60.5	61.3	64.4	67.3	82.9	84.7	67.1	60.2	56.3	49.6	51.8	56.8	54.4	55.1	57.1	57.4	60.8	56	53.5	56.4	54.7	57.9	59.8	60.9	74.3	77.8	70.4	69.5	87.2	89.6	83.2	79.9	72.4	73.5	80.2	71.2	79.9	99.2	93.8	83.8	84	80.8	65.8	61	73.2	76.3	65.1	61.7	58	59.8	58.9	59.8	62.9	59.7	60.3	59.2	56.8	60.6	61.6	60.6	66.6	68.5	69.5	71.7	69.1	72.3	73.3	66.2	62.2	65.1	72	73.3	69.1	63.5	61.3	63.7	64	56.5	52.8	51.1	47.9	46.9	44	39.1	38.5	36.4	35	35.8	37.8	39.9	40	39.5	38.3	37.7	36.6	35	35.4	40.3	43.4	44.4	50.3	57.1	64	64.8	66.3	68.1	70.2	71.4	72.6	76.2	80.1	82.8	86.7	93.6	98.1	120.9	165	206.7	252	255	255	255	255	255	255	255	255	255	255	255	255	255	255	255	255	255	255	255	255	255	255	250.8
255	255	255	255	255	255	255	255	255	255	255	255	255	255	255	255	255	243.6	210.6	193.8	202.2	193.8	184.8	184.2	173.4	175.2	167.4	159.6	163.2	162	161.4	162.6	163.2	156.6	149.1	137.7	127.2	125.4	118.2	112.2	105.9	103.8	108	108.2	93.6	87.9	84.2	76.5	74.5	73.1	73	73.3	68.5	59	58.9	61	68.5	85.1	79.7	68.6	64.7	59.3	53.2	58.4	59.2	58.7	58.7	61.9	67	62.7	56.5	63.2	65.1	57.6	60.1	63.3	67.6	84	83.3	67.3	71	94.4	94.4	91	87.2	79.3	75.3	76.4	78.1	90.7	105.7	100.5	89.3	88.8	83.8	72.1	69.7	77.7	83.1	73	68.3	65.1	66.4	65	64.4	72.2	74.1	72.2	70.8	66.4	63.9	64.9	65.1	61.8	62.4	64.4	69	68.1	65.9	70.7	70	71.8	73.6	77.7	77.9	76.3	73.5	68.3	69.7	69.2	65.6	60.9	56.5	52.8	50.2	46	42.4	41.8	39.2	36.5	35.6	34.9	35.2	36.9	37	36.1	36.2	35.1	36.5	36.8	38.4	40.3	41.2	48.1	55.9	61.6	69.3	70.2	67.2	65.4	65.7	66	69.6	72.3	74.4	78.3	80.7	85.8	96.3	121.5	149.7	192.6	227.1	253.5	255	255	255	255	255	255	255	255	255	255	255	255	255	255	255	255	255	255	255	255	254.1
255	255	255	255	255	255	255	255	255	255	255	255	255	255	255	255	255	238.2	210.6	204.6	200.4	183.6	180	184.2	167.4	168	163.8	157.8	159.6	162	161.4	159	154.2	141.9	128.4	108.9	97.8	95.4	100.2	102.3	97.1	92.6	91.8	87	78.4	76.4	76.4	73.4	68.9	68.7	71.5	69.2	66.7	58.1	55.1	60.8	66.4	81.3	79	69.5	65.7	62.3	57.1	64	62.8	62.8	65.6	70.3	78.2	71.7	66	74.2	80.8	66.9	68.4	75.2	76	89.3	98.3	86.5	76.3	97	105.2	103.4	96.7	86.6	84.1	82.2	81.6	91.1	106.6	101.2	90.6	93.7	94.9	82.2	80.3	82.9	88.6	82	78.3	77.1	73.5	78.9	81.2	80.5	82.2	82	78.9	75.3	72.8	70.9	75.6	76.6	71	69	69.5	69.8	68.4	69.5	74.5	78.6	80.8	85.7	88.3	81.9	79	74.8	73.6	72.5	69.3	64.3	58.1	54.3	50.6	46.3	44.8	43.7	41	39.1	36.8	35.3	34.6	36.5	36.2	35	33.5	33.7	34.5	34.8	36.3	37.6	39.4	43.2	45.7	47.3	52.9	61.6	62.7	65.1	64.5	65.1	66.6	69.3	70.8	71.7	73.5	79.2	84.9	100.2	133.5	164.1	204	237.3	255	255	255	255	255	255	255	255	255	255	255	255	255	255	244.5	244.8	249.6	255	255	255	255
255	255	255	255	255	255	255	255	255	255	255	255	255	255	255	255	229.8	204.6	218.4	200.4	169.2	167.4	167.4	159.6	159	159	157.8	162	165.6	162.6	163.2	160.8	150.3	131.7	117.9	104.1	93.3	89.7	94.5	96	87.6	83.6	84.3	78.9	74	67.6	61.8	63	66.9	68	67.6	59.4	54.5	53.3	51.8	60.3	74.5	75.5	68.3	69.2	66.5	62.5	68	71.5	67.6	70.9	74	85.9	81.3	72.5	76	86.8	85.5	75.7	79.4	79.8	85.9	102.5	103.6	88.3	88	104.5	114.8	115.5	102.1	89.9	90.3	81.6	78.5	99.6	116.8	105.6	99.6	100.2	104.2	89	79.9	83.3	90.4	90.4	87.9	81.5	77.6	83.3	87.6	88	87.7	87.4	89.5	85.3	81.9	82.8	89.1	91.9	86.3	84.1	78.7	74	71.9	71.5	75.2	74.1	72.4	78.3	86.7	82.1	79.9	80.9	78.9	76.1	69.7	65.1	62.1	58.1	52.1	46.1	43.1	41.6	37.9	37.5	35.8	33.7	34.6	34.6	33.1	34.9	35.3	36.4	35.3	36.5	38.4	37.8	41.4	43.2	44.4	45.5	48.4	52	61.1	62.7	61.5	60.6	61.5	62.1	65.4	68.4	69.3	73.5	78.6	88.2	117.6	153.3	188.7	238.2	255	255	255	255	255	255	255	255	255	255	255	255	255	255	248.7	249.3	251.7	255	255	255	255
255	255	251.4	252.3	255	255	255	255	255	255	255	255	255	255	255	255	223.8	200.4	216.6	196.2	167.4	165.6	159	161.4	165.6	159	157.2	167.4	166.2	161.4	162.6	150.3	129.6	108	100.8	102	97.8	91.8	86.1	86.1	77	72.4	75.8	74.3	74.8	69.4	63.6	62.2	62.7	63.3	63	58.9	56	53.3	49.8	54.1	70.1	76.5	66.7	67.6	68.3	68.3	71	75.4	75.2	80.9	83.4	96.2	95.3	80.8	85.7	92.2	96	88.1	90.7	88.4	90.2	104.6	114.5	104.5	98.3	105.4	119.4	129.4	117.4	96.6	95.5	91.5	84.4	93.7	119.2	122.7	110.4	107	113.4	103	83.2	82.1	91.1	95.1	92.5	88	85.5	85.6	87	90.1	90.3	90	91.8	94.9	94.2	93	93.7	97.8	100.1	96.7	91.1	84.4	82	79.9	83.6	84.8	83.1	82.7	88.9	90.5	88	87	85.4	80.5	75.1	69.1	67.4	65.2	56.3	49.8	44.7	39.8	38.6	37	35.8	33.4	33.2	32.6	33.2	35.2	33.8	37.4	37.6	37.7	38.3	40.4	41.5	41.8	41.8	41.7	42.7	43.6	46.8	47.7	52.7	55.8	60.9	60.9	61.5	63.6	67.8	69.9	73.8	79.5	97.5	130.2	180.3	232.2	255	255	255	255	255	255	255	255	255	255	251.4	245.1	247.5	255	255	255	255	255	255	255	255
255	255	251.1	254.1	255	255	255	255	255	255	255	255	255	255	253.2	214.8	191.4	195.6	187.8	171	168	163.2	169.2	174	165	157.8	169.2	171	159.6	158.4	154.8	125.7	108	103.8	98.7	100.8	99	95.1	88.2	77.6	64.7	66.8	64.9	61.7	62.8	65.1	64.1	61.6	55.4	51.8	49.2	53	55.1	56.2	57.8	65.9	78.8	75.7	64.3	67.2	67.6	77.5	78.5	73.7	76.2	85.9	96.3	107	93.9	89.6	99.6	101.8	96.1	93.5	98	94.3	103.6	116.5	121.4	109	108.7	107.8	117.3	131.5	119.5	101.7	102.4	95.2	86.5	92.1	117.6	131.3	123.5	119.2	120.8	112.9	89.9	88.6	93.1	88.8	87.8	91.8	93.4	94.1	88.8	88.3	89.8	86.4	84.1	90.9	96	94.5	90.7	91.4	94.7	99.3	97.2	90.1	90.5	90.5	86.9	86.8	91.5	94	95	92.6	88.8	86.2	84.7	83	79.8	76.9	78.1	75	67.5	59.6	52.2	46.9	41.5	37	35.6	33.1	35	35.3	36.5	37.3	36.9	36.9	39.2	40.4	41.6	46.4	49.3	46.2	45.5	43.9	42.9	43	43.8	43.7	46.4	51.8	57.1	62.4	63.3	65.7	69.3	72	73.8	78.3	90	111	154.5	204.6	244.8	255	255	255	255	255	255	255	255	255	249.6	244.5	245.4	255	255	255	255	254.4	249.9	249.9	250.8
255	255	255	255	255	255	255	255	255	255	255	255	255	255	252	217.2	193.2	192.6	183.6	173.4	175.8	166.8	172.2	175.8	163.8	161.4	171	171.6	165	156.9	145.8	123.3	102	101.4	101.7	97.2	93.3	90.6	81.5	65.9	54.6	60.2	61	57.1	54.6	58.2	63	60.1	55.9	52.9	53	55.1	57.2	58.4	59.2	64	75.9	81.2	69.1	69.6	71.8	80.5	86.8	87.4	90.4	96.3	106.3	113.7	101.9	96	108.6	113.3	108.8	100.4	104.5	102.8	108.2	121.3	129.5	119.3	112.6	115.5	114.6	134.5	131.3	113.5	109	105.7	93.4	95.5	110.7	135.4	136	130.5	122.9	123.3	106.5	90.7	94.3	94.4	88.4	94.2	98.5	98.5	98.2	93.1	91.4	89.8	87	89.4	96.1	98.6	95	92.4	94.2	99.4	102.3	95.2	92.8	94.3	91.2	88.4	88.6	90.8	92.9	93.1	90.4	88.3	89.4	89.2	87.7	83.5	82.9	81.1	77.2	67	59.4	53.4	45.2	38.9	36.2	34.7	35.3	36.4	38	38.3	37.9	38.2	38.1	39.8	41.9	45.3	49.5	50.2	47.3	46.6	45.5	43.9	43.6	42.4	43.5	43.4	47.5	52.4	58.7	65.1	66.6	70.2	71.1	72.6	77.1	86.4	105	144	197.1	253.5	255	255	255	255	255	255	255	255	255	255	255	255	255	255	255	255	245.1	240.6	246
255	255	255	255	255	255	255	255	255	255	255	255	255	255	237	207	187.2	172.2	172.2	188.4	183.6	169.2	173.4	157.2	154.2	158.4	157.2	156.6	157.2	141	135.3	124.5	102.9	96.6	91.5	91.8	88.5	79.4	73.6	66.1	66.8	65.4	60.7	55.5	50.9	48.3	50.7	51.6	50.2	50.9	53.7	55.4	58.4	57.4	59.6	64.9	74.9	76.5	71.2	72.7	80.5	84.7	86	95.9	101.1	108.2	113.8	112.2	97.9	97.4	109.4	114.2	107.5	100.4	104.9	105.4	113.5	127	130.9	114.8	116.2	118.3	120.1	135.8	132.4	119.8	115.6	106	93.7	98.3	109.3	128.5	136.4	136.6	131.4	129.3	121.9	98.8	96.9	103	95.6	91.4	95.4	94.5	97	95.5	99.4	96.7	93.4	92.6	90.5	97.1	96.4	91.5	93.2	97.7	101.7	99.7	91.8	90.9	89.7	87.6	84.8	82.9	84	86.2	85.3	85.4	86.7	86	83.9	80.2	77.4	73.2	68.5	61.6	57.6	53.1	48.5	42.8	40.9	38.3	37.4	39.1	40.3	40.3	41.2	40.1	41.5	43.1	44.9	49.1	50.9	51.4	51.2	49.8	47.3	46	47.7	48.8	48.2	50.4	52.9	54.5	58.1	65.7	67.5	69	70.8	73.2	75.9	80.1	91.2	114.9	152.7	221.7	253.5	255	255	255	255	255	255	255	255	255	255	255	255	255	255	255	249.9	243.6	252
255	255	255	255	255	255	255	255	255	255	255	255	255	255	244.2	210.6	185.4	167.4	171.6	191.4	184.8	169.8	169.2	153.6	151.8	150	148.2	151.8	150	146.4	134.4	117.6	102.3	95.7	86.1	79.8	72.3	61.9	59.8	59.7	62	61.7	58.5	55.8	55.5	50.6	49	51.1	50.3	49.2	47.2	50.4	54.2	55.2	57.7	62.7	71.3	80	79	81.4	89.6	98	96.2	100.9	104.9	111.3	116.8	117.6	107.5	101.8	112.3	114	113.4	104	107.9	109.7	112.6	122.5	133.4	120.5	115	120.9	121.1	132.1	131.5	124.3	123.3	114.6	98.2	98.9	106.7	120.4	133.5	137.1	139.1	132.9	129.3	112.8	103.2	107.8	108.5	99	96.6	94.6	94.7	96.8	102.6	105.3	102.6	99.5	95.5	93.9	98.1	97.7	94.8	94.8	100.4	102.3	99.5	96.9	95.1	92	90.4	87.4	87.4	85.6	85.5	87.9	90.3	90.4	88.5	84.7	82.1	79.6	74.8	69.5	63.8	61.4	59.3	52.3	47.1	43.8	41.3	41.2	41.6	41.7	44	42.8	42.8	40.5	42.2	48.6	48.9	48.5	48.8	47.4	47.4	48.5	50	49.8	46	46.1	49.7	50.3	52	54.6	57.7	63.5	67.2	69	71.1	75.9	82.2	95.4	115.8	163.8	229.5	249.3	255	255	255	255	255	255	255	253.5	255	255	255	255	255	254.1	255	255	253.8
255	255	255	255	255	255	255	255	255	255	255	255	255	255	226.8	195	165.6	169.2	186.6	178.2	163.8	162.6	157.2	152.4	152.4	151.8	154.8	159.6	157.8	157.2	146.4	119.1	103.2	86.4	79.5	73.1	63.5	55.5	52.2	54.4	54.2	52.1	56	54.5	51.6	49.5	47.4	46.4	46.1	45.8	44.5	47.6	52.9	55.2	60.6	67	76.5	84.2	86.2	96.2	103.7	101.9	103.7	105	113.3	120.3	119	119.6	112.4	114.7	122.7	122.5	118	112.4	118.3	117.7	121.2	128.6	134.5	122.2	120.9	127.7	126.2	135.4	133.5	123.1	128.4	117.7	104.9	102.2	108.1	116.7	131.5	133.6	132.1	135.3	130.8	120.4	112.9	109.6	109.5	107.7	102.7	96.7	95.3	100.4	105.3	110.5	111.8	111.7	109.2	102.1	96.8	97.8	97.8	97.6	97.1	96.9	102.3	103.9	98.4	96.7	95.8	93	87.8	86.2	86	84.1	86.1	83.4	83.5	82.1	76.5	74.5	74.8	71.8	70.6	71.6	69.4	63.2	57.9	51.6	47.8	46.7	45.2	45.5	44.3	43.9	44.2	45.5	45.4	44.3	44.3	46.1	46.7	46.4	46.8	48.9	50.1	50.3	48.1	49.6	53.9	55	58.3	60.4	57.8	59.9	66.3	69	69.9	73.5	80.4	89.4	119.1	188.1	236.1	255	255	255	255	255	255	255	253.8	249.9	253.5	255	255	255	251.7	249	249	252.3	255
255	255	255	255	255	255	255	255	255	255	255	255	255	255	225.6	192.6	166.8	165.6	182.4	175.2	161.4	160.8	157.8	155.4	157.8	159.6	160.8	160.8	159.6	158.1	128.1	107.1	102.9	95.1	78.9	68.6	60.6	56.7	55.9	57	55.8	51.1	55	51.8	48.2	46.8	44.5	41.8	42.6	44.1	44.8	46.2	50.4	56.4	63.4	70.3	82.4	96.8	99.5	105.8	113.9	111.7	113.3	115	119.8	126.1	126.4	128.2	122.7	120.4	126.9	126.6	127	118.1	123.9	122.9	126	130.4	135.4	129.7	120.9	130.1	131.5	133.2	136.3	126.6	127.3	127	112.6	108.9	109.8	116.8	123.2	133.6	125.8	133.6	138.1	128.9	121.4	112.6	109.7	112.7	109.4	104.7	99.6	100	105.9	107.8	112	117.2	117.6	113.5	105.5	102.2	101.5	98.3	98.5	98.1	99.9	106.3	104.1	96.8	93.3	94.3	91.3	88.5	88	84.7	84.2	82.4	82.1	82	78.3	76.6	76.7	74.8	74.7	76	73.9	68.8	62.6	56.7	53.1	52	49.3	47	46.5	45.4	44.4	46.4	46.9	46.5	45.7	44.6	47.1	45.7	46.4	48.1	47.4	49.1	48.6	48	48.4	53.6	56.1	57.8	58.8	58.4	59	64.1	70.6	75	78.6	83.4	100.5	144	191.7	234.3	251.7	255	255	255	255	254.4	252.3	251.4	253.8	255	254.1	252	248.7	247.2	250.2	254.4	255
255	255	255	255	255	255	255	255	255	255	255	255	255	253.2	207	174	171.6	174	168	166.2	157.2	155.4	162.6	153	148.2	153.6	154.8	151.8	150	146.4	115.2	98.4	92.7	88.5	71.7	62.2	58.5	54.6	51.9	54.9	50.5	50.4	53.7	44.8	41.5	40.5	41.4	41.8	42.9	45.4	49	53.4	59.1	62.5	68.9	79.3	92.3	106	108.7	118.6	123.1	128.1	130.6	131.1	137.6	136.1	131.9	128.9	124.4	124.5	130.3	132.4	132.2	128.4	132.2	130.7	139.5	140	134.5	127.2	123.1	129.5	132.6	137.7	135.7	133.9	131.2	129.6	126.9	117.7	113.7	121.1	114.7	124.3	125.2	126.4	138.4	137.9	130.2	124.4	115.2	111.5	112.8	112	106.9	103.6	101.3	102.2	108.8	114.9	117.8	119.8	118.4	116.4	113.3	106.7	105.2	106.9	104.6	104.3	107.4	102.6	96.4	95.8	95.3	94.3	95.3	91.9	88.1	84.7	82.7	81	80.8	78.4	77.8	75.4	73.5	73.6	71.5	67.7	62.8	56.7	53.3	52.3	49.9	49.9	50.1	48.8	48.1	48.5	50.2	52.1	48.7	46.4	45.3	47.5	49	49.5	51.5	50.5	50.2	48.7	49	47.4	47.3	52.5	58.4	62	62.6	66.4	75.1	79.3	80.1	83.4	88.5	93.6	115.2	183.3	246.9	255	255	255	255	255	255	255	255	255	255	255	251.7	251.4	254.4	255	255
255	255	255	255	255	255	255	255	255	255	255	255	255	255	217.2	180	175.8	175.8	169.2	163.2	153	152.4	165	151.8	142.2	146.4	149.4	135.6	120.9	107.7	97.5	90.9	80.3	69.2	57.3	56	55.2	52.2	49.2	53.3	50.9	50.4	54.4	44.2	40.5	41.4	40.8	43.9	44	46.9	49.8	55.5	61.9	68.3	80.4	96.1	108.1	116.9	120.2	127.8	134.1	137	137.8	137.4	141.4	141.7	136.1	133.4	131.2	126.3	129.4	133	136.6	132.5	136.8	136.1	139.9	141.4	138.4	132.7	123.5	126.4	128.5	135.7	138	136.5	135.7	130.2	130.9	126.3	116.7	122.6	117.8	118.4	126.1	125.2	130	139.4	133.5	133.3	125.6	117.2	117.1	115.9	114.2	112.6	107.8	104.4	105.2	113	118.5	118.8	120.6	120.3	116.8	112.2	109.6	111.9	111.4	106.6	104.7	111.1	109.1	100.2	97.4	97.4	99.8	98.6	92.8	87.8	87.8	85.8	84.4	84.8	83.5	80.9	79	75.8	74.8	72.6	69.7	64.8	61.6	56.9	50.5	49.9	51.1	49.9	49.1	48	49.3	49.4	49.7	49.7	46.5	49.4	50.2	49.8	49.2	49.2	48	50.5	49.8	46.6	44.7	47.6	50.6	53.7	55.3	56.6	64.4	73.2	78.3	83.7	86.4	91.5	100.8	148.8	228.9	255	255	255	255	255	255	255	255	255	255	255	255	255	255	255	255
255	255	255	255	255	255	255	255	255	255	255	255	255	239.4	189	180.6	174.6	171	166.2	154.8	150.6	159.6	156.6	147.6	148.2	146.4	144.6	134.4	118.5	102	93.9	84.3	75.1	59.4	49.8	51.6	53.3	53.2	56	57.1	53.6	58.6	57.3	50.5	47.8	45.1	43	44.3	47.1	50.1	54.1	62.5	70.5	79.7	97.4	112.3	118	121.4	126.9	133.1	138.2	140.2	139	138.3	139	142.6	144	137.8	138.3	136.4	137.2	138.8	138.2	139.2	142.6	141.8	146.8	144.5	138.6	130.4	127.5	131.5	130.9	136.2	136.8	134.8	139.8	138.7	130.8	127	123.9	126.9	120.4	113.2	122.1	130.6	124.7	129	132.4	132.2	129.5	125.8	119.9	115.8	118.2	123	119.3	110.4	108.2	110	112.2	114.6	115.9	119.3	119.3	116.2	117.8	118.7	116.1	114.3	108.9	112.2	112.8	107.5	99.9	97.6	96.1	98.9	100.9	96.9	95.4	93.2	91.2	90.5	88.5	84.5	84.1	84.8	81.7	78.6	76.3	72.3	64.9	58.7	55.6	49.2	47.5	49	47.9	46.7	50	53.1	54.8	53.9	55.2	56.3	53.4	49.8	48.3	46.7	47.4	47.1	43.9	43.1	42.5	43.8	44.5	48.1	50.4	51.5	55.6	65.3	74.4	82.2	88.2	94.8	106.5	144.3	215.7	255	255	255	255	255	255	255	255	255	255	255	255	255	255	255	255
255	255	255	255	255	255	255	255	255	255	255	255	255	238.8	184.8	172.2	169.2	171	166.8	156.6	156.6	157.2	154.8	151.8	150.9	154.2	148.5	135	127.2	102.9	87.9	84.3	78.8	58.9	51.5	49.4	52.3	52.2	54.1	57.1	53.5	55.6	55.7	48.6	45	44.1	43.9	45.9	48.6	52.6	57	67.5	78.1	91.6	109.8	122.5	125.8	128.3	131.7	137.4	137.7	139.2	141.5	139.3	140.7	145.3	148	141.2	141.2	144.7	141.7	141.7	144	141.4	145.1	146.8	146.8	148.4	142.7	134.4	129.7	134.1	133.8	137.1	138.1	133.9	140.7	145.5	135.4	128.4	130.8	132.4	125	115.5	118	129.8	129.5	127	132.6	131.2	132.1	130.4	123	118	120.1	121.7	121.8	119.5	113.9	112.7	113	114	115.3	115.4	120.5	117	120.1	120.7	115.9	117.1	115.8	112.4	108.2	108.6	104.3	100.5	96.9	95.7	99	98	92.8	90.4	88.2	86.5	85.4	81.7	79.5	83.1	82.8	80.7	79.7	76.8	70	64	59.5	56.3	51.9	48.1	49.5	49.4	49.1	52.5	54.3	56	58	58.7	55.7	54.8	50.8	48.3	47.7	44.2	42.5	41.7	39.9	41.8	43.4	45.1	48.5	47.9	49.2	53.8	64.9	75.9	83.7	90.3	100.5	120.3	185.7	251.1	255	255	255	255	255	255	254.4	255	255	255	255	255	255	255	255
255	255	255	255	255	255	255	255	255	255	255	255	255	208.8	170.4	169.8	169.8	167.4	159.6	161.4	165	162	159.6	150.9	145.2	150	149.4	139.5	130.8	111.9	90.9	82.4	64.9	54.3	56	57.1	57.8	57.2	60.1	59.3	54.2	53.7	48.6	42.4	41.1	41.4	45.7	49.8	55	57.9	59	65.4	78.6	101.4	118.9	128	130.9	133.5	135.3	139	141.7	145.6	147.8	149.4	147.6	150.5	150.2	138.1	141.8	151	150.2	147.6	150.3	151.9	148.9	149.5	149	146.7	142.3	137.7	133.5	137.4	137.7	140.5	135.9	129.6	136.9	144.7	145.6	137	134.3	135.3	125.2	118	117.7	123.2	125.7	129.2	130.4	128	129.3	128.3	124.9	125.7	124.3	121.7	124.3	126.3	125.2	117.8	114.7	115.6	117.4	117	115.1	115.2	116	114.1	113.7	113	112	110.7	106.5	99.8	99.9	99.3	90.6	81.5	81.1	80.1	77.2	75.5	74.7	71.9	74.7	76.3	73.2	75.6	76.7	75.3	79.3	79.6	76.3	68.5	61.7	56.4	52.6	50.3	51.2	52.8	53.7	53.1	53.6	57.8	59.4	58.7	58.1	55	53.1	51.3	48.1	44.7	42.2	41.5	41.4	41	41.8	43.5	46.3	47.7	49.5	57	69	76.8	78.6	87.3	101.1	120.3	190.8	250.2	255	255	255	255	255	255	250.2	255	255	252.9	255	255	255	255	252.9
255	255	255	255	255	255	255	255	255	255	255	255	253.2	213.6	175.8	171.6	170.4	163.8	156.6	159.6	169.8	163.2	154.8	149.4	147.6	144	135.3	136.5	121.8	90	77.5	64.6	55.3	55.4	56.6	57.5	58.7	57.4	60	58.7	50.1	49.9	48.1	43.6	42.4	43.9	45.7	48.6	53.1	59.3	63.4	73.6	88	107.6	124	131.5	134.1	135.6	136.3	139.5	142.3	146.7	150.8	151.4	151.1	151.2	151.9	142.6	136.2	147	152.3	153.8	154.6	154.6	152.5	151.9	152.4	149.2	145.3	141.7	138.1	136.5	138.4	142	141.7	128.6	131.5	140.8	143.8	143.3	134.5	137.6	131.9	122.6	120.1	124.4	125.4	129.3	134.8	131.6	133.6	133.1	128.1	128.8	127.5	125.7	125.8	127.5	130.3	123.5	116.7	113.9	115.2	115.9	112.4	116.2	116.7	113.9	113.1	112.4	110.4	110.8	108.7	103.7	98.7	97.1	90.9	82	76.9	76.7	77.3	75	74.3	72.5	73.1	75.8	75.7	74.3	77.3	77.5	76.7	77.8	79.2	75.4	68.7	62.5	56.9	52	51.7	51	50	52.2	55.1	53.8	54.8	57.1	55.7	56.3	54.3	54.2	53.3	47.2	45.1	41.9	42.6	41.5	39.2	41.7	43.7	45.1	45.9	50.7	60.4	69.3	76.3	81.9	97.2	113.1	153	228.9	251.1	249.6	249.3	246.9	254.1	255	253.2	255	255	255	255	255	255	255	255
255	255	255	255	255	255	255	255	255	255	255	255	235.2	189	176.4	175.2	159.6	148.8	147.6	166.8	169.2	147.6	140.4	138	141.6	138.3	138	137.1	105.9	81.9	70.1	58.2	56.9	60.1	60.7	59	56	53.8	55	49	42.5	46.2	44.4	42.7	44.1	46.3	46.9	48.3	52.1	57.8	69.6	85.8	105.4	119.8	128.3	139	140.4	139.8	141	144.7	150.7	153.7	152	151.4	150.9	148.5	148.9	139	132.2	144.1	152.6	155.6	160.6	156.5	152.9	157.9	156.6	149.4	145.5	143.6	141.1	137.8	136.7	142.4	141.8	128.8	131.3	141	139.2	137.3	137.7	138	132.1	130.3	126.6	125	124.2	124.6	131.6	132.6	132.2	135.7	137	133.9	129.7	124.6	122.5	123.3	124.5	128.6	125.9	119	112.8	109.6	110.4	110.5	111	112.5	112.8	110.9	112.3	109.4	103.6	103.8	101.1	95.8	93.6	90.9	85.7	80.8	78.9	76.4	76.2	78.5	76	73.7	79.1	81.7	81.8	82.7	81.9	76.6	75.3	78.7	76.4	73.2	67.4	58.7	51.6	47.9	46.1	49.5	53.4	51.7	48.7	50	50.8	51.4	52.7	52.8	52.7	51.1	49.9	48.1	47.9	47.9	44.3	42.8	45.3	47.4	47.7	51	56.9	67.2	79.5	90.6	95.7	98.7	125.4	194.1	242.4	246	248.1	248.7	253.2	255	252.9	254.1	255	255	255	255	255	255	255
255	255	255	255	255	255	255	255	255	255	255	255	248.4	196.8	174	173.4	159.6	145.8	145.8	162	163.2	144.6	141	141	136.2	125.7	129	111.9	89.7	66.5	55.3	51	51.6	57	57.8	58.7	59	52.5	49.9	49.1	42.7	46.8	47.2	46.5	46.5	44.7	46.8	49.2	53.6	66.9	79.8	93.3	109.6	122.8	134.7	144	147.1	145.9	146.8	145.9	151.2	157.6	154.9	153.5	150.4	148.4	147	142.6	133.2	141.1	151.2	155.4	161.5	160.9	157.9	160.6	159.8	155.8	152.5	150.7	143.4	137.5	135.2	138.8	144.7	135.3	131.1	140.2	143.5	135.1	135.7	141.5	141.7	136.1	132.2	127.8	128.4	128	132.4	134.1	131.8	138.2	143.4	136.8	133.7	131.3	129.4	125.6	123.3	127.3	132.5	128.8	123.1	120.1	117.8	116.4	114.3	114.2	113.7	111.3	112.7	111	107.5	104.6	102.3	100.4	101.3	98.2	92.6	88	85.9	83.9	82.2	83.9	83	82.3	81.6	83.8	84.7	85.9	85.1	82.3	79.5	79.2	78.7	76.4	72.7	67.9	60.1	53.3	49.6	48.6	50.9	51.9	48.7	46.9	49.6	49	49	50.7	51	49.9	50.5	49.8	48.9	48.2	47.3	45.1	44.5	47.1	46.3	47.1	51.7	60.8	71.7	83.4	95.7	99.6	108.6	161.4	223.2	240.6	247.8	251.7	251.7	253.2	252.9	255	255	255	255	255	255	255	255
255	255	255	255	255	255	255	255	255	255	255	255	238.2	175.2	170.4	165.6	147.6	141.6	148.8	154.2	147.6	143.4	139.2	136.2	135	132.6	129.9	108.6	87.9	62.7	54.1	51.3	52.3	53.5	52	52.4	50	49.7	49.5	45.4	41.7	47.1	49.2	46	42.9	43	46.6	52.7	61.5	76	88.6	99.3	115.5	131.7	144.9	149.5	148.9	147	148.6	150.1	151.3	151.3	149.5	150.9	148.7	150.4	147.3	137.4	136.5	141.5	150.1	156.7	159.2	159.5	157.7	156.5	160.1	155.6	151	150.7	143.6	137.6	135.6	143.3	146.3	136.3	130.4	138.9	144.9	134.2	129	132.8	137.2	136.4	135.9	134.2	130.2	131.2	133.4	130.9	130.1	132.3	134.2	135	135.2	137.2	135.4	130.8	128.3	129.7	133.7	135.9	134.4	132	125.9	120.9	119.9	116.4	114.9	111.8	108.5	105.1	101.7	102.1	103	99.6	99.6	101.3	98.9	97.9	97.2	93.4	92.2	91.3	89.6	88.4	86.3	85.3	85	83.6	82.9	84.4	86.4	84.3	77.6	74.1	73	69.4	61.4	54.5	50.4	50.1	48.4	47.7	46	45	45.5	47.5	47	47	45.9	46.6	47.4	48.5	48.8	48.4	47.4	47.8	45.4	42.8	43.5	43.8	47.6	55.3	64.5	77	96	113.4	120.3	140.4	190.8	245.4	251.4	255	255	255	255	255	255	255	255	255	255	255	255
255	255	255	255	255	255	255	255	255	255	255	255	247.8	183.6	175.8	171.6	150.6	143.4	144.6	150	144.6	141	136.2	132.6	131.4	130.8	132.6	117.3	87.4	59.1	51.4	51.3	50	49.7	47.4	46.6	46.2	48.3	49.6	45.9	42.1	47.5	52.2	45.3	41.2	43.8	47.6	57.9	73.2	84.1	91.8	102.9	118.2	131.1	142.6	148	150	149	145.6	149.4	149.2	146.5	148.6	152.8	150.8	148.9	146.8	140	139.7	143.2	145.6	158.5	161.9	163.9	163	159.4	166.3	161.6	150.6	149.8	146.7	139.8	139.2	142.6	146.9	142.7	134.3	134.3	146.3	142.6	132.2	131.2	135.2	135	135.6	136.1	130.8	132.8	136.4	135.5	133.4	133.2	132.6	133.4	135.8	135.6	136.5	133.4	127.7	128.7	132	136.7	139.2	138.6	136.6	128	123.7	122.3	120	117.8	112.2	106.7	104.3	103.5	102.4	98.5	98.3	99.8	99.9	96.7	95.3	91.9	90.6	91.9	88.3	87	88.6	87.8	86.2	84.8	84.7	85.4	87.4	86.2	77.3	71.6	73	71	66.9	59.9	53.7	47.7	46.5	46.3	45.8	44.6	44.8	45.2	45.7	44.9	43.7	44	46.2	47	47.2	47.8	48	48	47.9	45.3	42.8	41.7	44.3	47.9	56.8	70.3	88.4	106.2	130.2	145.8	186.6	246.6	255	255	255	255	255	255	255	255	255	255	255	255	255
255	255	255	255	255	255	255	255	255	255	255	255	227.4	180.6	196.8	174.6	145.8	143.4	148.2	150	141	136.8	133.2	133.2	131.4	132	132	115.8	82.7	59.6	47.7	41.9	42.2	44.2	40	35.8	37.8	40.1	46.6	51.9	50.1	51.7	50.1	42.9	47.2	52.2	57.9	63.9	78.6	93.9	99.9	112.9	125.8	135.7	144.9	148	147.7	147.5	146.3	148.5	147.6	145.5	148.5	152.8	150.4	148.8	145.2	140.5	142.5	146.3	148.1	155.8	158.9	164.9	162.2	158.6	163.7	162.3	151.9	148.1	147.2	143.2	139.6	139.6	145.7	141.4	133.7	131.5	145.3	147	137.3	131.7	132.6	129.5	127.1	132	135	136.1	139.2	142.7	142.1	141.6	135.9	135.1	140.1	138.8	134	133.7	134.5	132	131.8	134	136.4	137.2	136.3	135	132.4	128.1	121.5	117.5	114.6	108.4	109.3	107.6	105.2	99.7	98.1	95	92.2	88.7	85.6	87.8	91	96.7	96.3	96.4	101	98.1	94.7	94.7	94.1	88	88.5	89	82.4	74.3	66.5	62	63.8	61.8	57.7	50.9	45.3	44.3	44.5	42.1	41.7	40.6	40.7	42.1	42	42.1	41.3	38.6	41.1	43.6	46.4	47.2	47.7	47.6	46.2	43.4	43.7	47.4	52.8	60.6	75.4	93	117.3	155.1	189.9	238.8	255	255	255	255	255	255	255	252	248.7	255	255	255	255
255	255	255	255	255	255	255	255	255	255	255	255	239.4	184.8	192	180.6	148.8	144	145.2	153	144	135.6	133.8	132	130.8	132	133.8	105	74.5	52.8	39.2	38.3	41.3	40.6	37.5	37.1	39.9	43.9	48.4	54.7	52.2	47.7	47.1	45.3	47.9	53.7	62.3	74.1	87.9	100.2	107.5	118.3	129	137.8	144.9	148.4	148.1	150	151.2	148.9	148.2	145.8	147.4	152.2	153.9	151.6	149.7	148.1	145.2	148.8	148.6	150.9	158.7	162.5	161.9	161.1	162	161.9	156.6	148.9	148.4	146.7	142.7	137.1	141.6	147	141.5	129.5	137.9	146.9	139	132.2	133	130.9	127.8	130.5	132.6	135.2	136	139.6	145.4	145.6	142.7	137.9	139.3	141.8	137.5	139	140.2	140.7	139.2	134.1	136.7	136.8	132.8	133.5	137.2	132.1	123.2	118	115	111.4	111.6	110	105.3	102	98	96.4	95.4	93.6	91.4	92	93.6	97.4	100.2	103.3	105.2	100	98.5	97.6	94	90.2	87.6	84.7	82.8	77.6	69.4	61.2	60.2	60.1	58.3	55.6	47.6	41.7	42.5	43.4	42	39.1	37.6	38.1	40.3	41.4	41.6	40.1	39	40.1	41.6	45.6	47.2	47.3	48.4	47.4	44.8	45.6	50.2	58	72.2	86.8	115.5	165.3	192	222.6	255	252	250.2	250.2	245.1	242.7	242.4	239.1	238.5	243.9	249.6	253.5	253.5
255	255	255	255	255	255	255	255	255	255	255	255	244.2	205.2	191.4	184.2	160.8	153	147.6	148.2	143.4	132.6	132	129.6	126	126	121.5	90.3	57.6	37.6	36.5	38.9	37.4	35.7	34.1	35.8	40.5	48	53.7	56.5	52	51.3	51.3	51.3	52.4	54.5	63.3	81.2	97.2	104.5	113.8	124	130	137.2	143	144.3	146.4	150	152.5	151.2	149.7	150.1	149.1	149.8	151.5	148.8	146.8	152.9	153.4	150.5	152.4	154.3	152.5	153	155.7	156.7	157	159.3	156	152.9	147.2	147.7	144.7	137	134.8	138	140	134.9	135.3	138.5	139.2	135.2	132.1	127.6	125.7	126	126.7	128.4	131.4	134.4	137.4	141.6	142.7	142.3	140.9	141.7	139.6	141.1	145.4	145.9	144.5	141	140.9	137.1	132.1	130.4	133.5	132.8	127.6	125.6	123.2	123.1	121	116.1	110.9	108.5	103.1	102.2	99.5	96.5	91.8	91.3	91	90.6	89	90.4	91	91.2	93.3	90.5	90.5	91.2	89.6	85.5	79.7	76.4	73.4	64.8	60.6	52.9	49.7	48.4	44.5	40.9	42.4	44.3	41.2	39.7	39.4	38	38.9	41.1	41.6	41.9	40.5	40.1	40.9	42.2	41.8	41.3	43.2	44.4	45.5	47.7	48.1	55.1	68	86.3	122.8	159.9	197.7	249.6	253.5	244.8	245.7	247.5	239.7	237.3	238.2	238.8	238.5	241.8	249	251.4	253.8
255	255	255	255	255	255	255	255	255	255	255	255	238.8	196.8	193.2	171.6	159	152.4	143.4	145.8	135.6	131.4	131.4	126.6	124.8	124.2	113.1	73.8	43.3	31.3	30.6	28.6	30.6	32.2	33.4	39.1	46.8	51.6	54.7	52.3	52.2	49.5	48.9	53.7	54.8	62.6	77.1	92.4	102.1	111.3	121.3	129	133.5	138.8	144.8	145.9	147.8	150.8	152	147.4	147.9	150	149.7	152.4	150.8	146.8	148	153.4	151.4	152	157.4	154.4	149.2	153.9	156.4	155.9	162.4	164.5	162.3	155.5	150.1	150.5	142.6	134.1	136.5	140	138.8	134.4	131.1	137.3	143.4	141.3	134.8	132.3	131.1	128.3	130.1	129.8	132.2	133.3	136	139.5	146.6	147	146	143.3	142	148.3	146	139.7	138.5	141	139.2	132.8	130.3	131.4	129.3	127.6	127.9	129.7	126.7	126.5	124.6	118.7	118	114.3	108.5	106.3	102.3	94.4	91.3	90.4	90.3	89.5	88.3	87.4	87.1	90.5	90.7	88.6	90	92.9	92.5	86.8	82.6	79.7	75.4	69.2	58.4	54.5	52.6	46.9	44.9	43.4	41.9	40.3	40.1	41	40	37.9	37.1	38.5	40.3	41.7	41.9	41	41.1	40.7	40.3	40.3	41.2	44.1	46.5	47.6	49.1	52	61.1	84.2	114.1	145.5	203.4	235.2	241.5	248.7	254.4	255	253.2	245.4	241.8	245.7	251.1	249.3	252.3	255	255
255	255	255	255	255	255	255	255	255	255	255	255	249.6	208.2	183	160.8	163.2	154.8	141.6	136.2	133.2	133.2	130.8	129.6	127.8	123	112.6	71.4	38.6	24.9	24.2	24.4	27.3	33.5	41.8	47.8	49.5	48.6	47.2	48.7	50.4	49.6	50.1	57.3	62	68.3	84	97.5	107.7	117.9	126	130.5	134.5	138.6	144.5	147.7	149.5	153.7	151	148.9	148.9	147.9	148.2	151.2	147.2	145.1	149.9	150.4	150.4	155.5	159.5	153.7	147.6	146.7	150.9	154.9	159.7	166.8	162.3	154.3	149.9	148.4	143.9	138.1	138.9	140.3	140.8	140.8	136.6	134.3	138.6	141.6	137.2	133.2	127.9	124.7	128.4	131.6	131.9	133.9	137.6	137.4	142	147.9	151.6	149.2	145.9	145.2	143.5	143	141.7	141.8	139.9	135.8	133.5	132.1	130.4	127.6	124.5	122.6	122.9	122.7	119.3	117	115.1	113.6	111.5	109.4	101.4	96.8	95.7	94.2	92.4	91.2	87.3	82.8	80.1	82.4	83.9	82.7	81.7	89.1	94	91.4	84.5	81	78.2	76.5	72.9	61.4	50.3	43.6	38.9	36.2	36.4	37.1	37.7	37.4	37	37.3	38.4	38.8	40.3	39.9	37.9	38.5	39	40.4	37.1	38	42.1	43	45.4	47.7	51.8	55.7	64.5	84.6	135.4	189	229.8	231.6	237.6	249	255	255	253.2	249	248.7	253.5	255	252.9	252.3	255	255
255	255	255	255	255	255	255	255	255	255	255	255	255	220.8	183.6	163.2	165.6	156.6	145.2	138	131.4	131.4	130.8	129	124.8	124.2	94.9	44.9	31.2	27.2	27.3	28.1	33.4	38.1	42.1	45	47.4	47.4	48.3	52.2	50.4	48.9	51.5	56.9	63.5	71.9	87.8	97.9	109.3	118.8	125.1	132	136.5	140.7	144.9	147.6	149.9	153.2	153.6	151.1	150	149.2	149.6	148.6	148.1	146.6	150.5	152.8	151.3	151.4	156.8	158.4	153.1	147.8	147.4	153.5	154.1	162.4	164.3	157.5	152.3	147.5	144.7	140.9	139	137.4	137.1	140.5	139.1	135.1	135	137.6	137.6	135.7	130.9	123.3	123	129.9	132.3	134.5	138.2	139.1	141.8	148.1	151.6	151.3	149.5	149.1	142.9	139.1	140.3	140.6	137.7	133.6	134	134.6	132.9	127.4	123	119.5	118.6	115.3	115.4	115.3	114	110.5	106.3	103.7	99	96.1	94.1	90.2	89.3	89	86	82.4	78.9	80	79.5	81.6	82	86.2	91.2	91.6	88.5	81.9	78.6	79.1	77.2	69.3	58.4	49.6	41.1	35.8	34.6	33.4	37	37.3	34.1	34.8	38	38.6	37.4	37.6	37.4	37.8	37.9	39.1	37.4	38.2	41.4	43	44	45.5	50.5	56.7	63	74.7	124.9	208.9	243.3	241.8	239.4	243.6	249.6	251.1	252.9	255	255	255	255	255	253.2	252	255
255	255	255	255	255	255	255	255	255	255	255	255	255	232.2	183.6	169.2	173.4	156.6	148.2	140.4	136.2	133.8	128.4	124.2	123	122.1	93.6	48.5	37.2	35.7	35.2	37.8	41.5	41.8	42.1	43.8	47.5	50.4	50.7	50.7	50.4	52.4	54.1	57.8	67.1	78.2	89	102.7	115.2	120.7	125.5	134.5	137.4	141.1	145.2	146	149.8	150.5	151.3	151.1	150.7	148.6	147	146.3	144	149.1	152.6	155.4	156.3	151	155.1	158.8	157.9	154.1	149.1	151.5	150.3	157	166.8	163.6	153.8	150.3	145.6	142.8	138.3	137	135.4	139.4	140.1	137.6	137.7	134.4	135.8	139.6	139.8	129.5	121.3	124.4	128.7	133.1	134.7	140.2	147.4	151.6	151.5	150.6	153.3	154.1	151.5	152.5	152.2	142.4	137.8	133.6	131.2	131.3	127.8	125.7	123	115.7	112.2	110.4	109.8	109.4	109.2	106.9	103.6	98	95.5	93.8	89.7	85.9	84.4	82.7	84.2	85.4	85.2	86.8	86.3	83.5	81.5	84.1	85.8	89.7	90.7	85.6	77.6	72.6	70.8	69.6	63.5	53.8	47.7	43.2	39.9	37.8	38.3	36.8	35.8	33.8	34.3	34.7	36.5	36.4	35.6	37.2	39.6	40	40.3	39.5	40.5	40.5	42.2	46	47.5	51.8	62	68.8	103.4	182.2	240.9	246	245.1	247.2	251.4	250.8	253.8	255	255	255	255	255	251.7	249.3	253.8
255	255	255	255	255	255	255	255	255	255	255	255	255	252	193.2	171.6	185.4	163.8	148.8	142.2	137.4	132.6	126.6	124.8	123.6	116	89	53.7	37.8	36.4	36	38.5	38.2	39.6	42.6	46.5	48.3	49	49.6	47.8	47.8	50.9	55.3	58.3	67.8	81.4	93.3	108	118.3	123.1	127.5	135.4	136.3	140.2	145.1	146.5	151.2	152.5	148.9	149.4	151.4	150.6	147.8	144.8	142.8	145.8	151.4	153.7	158.8	156.8	156.1	158.3	160.5	157.6	155.4	154.4	150.5	153.5	164.7	171.8	164	152.5	147.4	147.6	139.6	137.1	137.9	137.1	138.6	138.5	139.5	137.7	131.3	134.1	144.3	141.5	128.6	124	127.9	132	131.4	132.8	145.2	152.3	153.3	151.8	154.5	155.2	150.8	155.9	157.7	153.3	143	134.2	132.3	129.7	125.6	124.5	120	114.9	112.2	110.8	109.9	108.6	106	102.8	101.5	98.3	97.2	95.4	91.2	87.2	86	83.4	81.2	83.9	85.5	88.7	88	86.5	83.7	85	87.3	89.6	89.5	86.9	81.9	70.1	64.5	67.1	65.5	58.4	47.3	42.1	38.3	36.8	37	36.3	36.4	34.6	32.5	33	35.9	35.9	35.9	36.7	37.5	40.2	41.5	42.5	40.4	38.4	38.8	42.5	45.2	50	58.4	66.7	86	139.2	215.5	253.2	255	255	253.5	241.5	238.8	247.8	254.4	253.5	255	255	255	255	255
255	255	255	255	255	255	255	255	255	255	255	255	255	255	193.2	183.6	192	165.6	147.6	139.8	129.6	123.6	122.4	121.8	121.8	117.8	91.2	50.6	33.6	31.5	31.9	33.6	36.7	41.5	44.8	46	45.9	44.5	45	47.1	49.8	49.9	53.8	61.6	71.1	84.5	104.4	115.8	120.7	124.3	132.1	136.8	136.7	141.1	144.1	146.9	151	148.6	149.8	153.1	152.7	151.9	150	143	145.6	147.3	149.3	153.3	155.3	158.6	155.3	153.9	156.6	156.4	160.6	159.8	153.7	154.3	159.8	165.7	164	154.1	147.6	145.5	139	134.1	136.5	137.7	138.1	138.9	140.3	139.9	134.8	128.6	134.7	144	138.8	127.2	119.3	127.5	132.6	130.9	139.2	149.5	154.7	154.7	154.5	156.3	158.1	159.5	160.3	158.3	152	143.5	139.7	135.9	131.6	126.2	120.8	117.7	116	113.2	111.9	109.5	105.5	100	97.7	98.5	98.2	95.5	92.2	90.5	89.7	88.8	83.6	83.4	84.3	85.4	87.7	87.2	82.7	81.1	80.6	81.8	81.7	83.9	82.8	75.1	64.8	57.5	60.8	64.1	48.2	32.1	27.1	24.8	24.5	25.3	29.8	30.6	32.5	34.3	35.5	35.3	36.1	35.5	35.2	36.6	38.3	40.4	37.7	36.7	34.7	32.3	36.2	40.4	46.4	59.7	75.8	117.9	175.3	229.5	255	255	252	243.9	243.9	249.9	254.4	255	255	255	255	255	255
255	255	255	255	255	255	255	255	255	255	255	255	255	255	201	181.2	195	171.6	152.4	139.8	128.4	123.6	126.6	126.6	124.8	117.4	70.8	38.3	31.8	29.8	32.1	35.1	39	41.7	40	39	40.3	43	45.1	46.5	48.5	50.5	55.6	64.9	74.8	90.6	107.2	115.9	118.6	125.7	134.1	137.7	139.8	142.2	143	147.3	150.5	148.7	150.8	153.4	153.1	151.1	149.4	142.7	144.6	149.7	152.8	157	156.2	159.8	160.3	154.5	157.1	158.8	158.5	162.2	159	155.8	156.3	161.6	165.1	160.7	152.5	145.4	139.7	136.4	134.8	135.1	137.8	136.1	138.2	139.7	133.4	130.9	129.8	134.9	141.6	135.8	123.1	121	130.7	133.9	136	144.1	153.1	159.2	159.9	159.3	161.1	158.4	157.9	157.2	153.1	151.7	145.6	139.6	134.2	127.3	123	121	118.8	117.3	113.5	110.3	107.9	105	101.6	100.3	98.2	95.6	92.4	89.2	90	91.1	86.6	83.4	84.8	84.8	87.5	87.3	83.8	80.9	78.5	79.7	80.2	79.7	81.2	78.3	70.4	61.1	57.7	62.2	55.2	40	27.4	22.3	21.2	20.8	23.4	25.8	28.8	31.9	32.7	34	36.5	36.5	35.3	35.2	36.1	38.5	40.3	40.4	38	32.9	32.2	36.7	42.4	54.2	70.2	103.4	164.1	207	244.8	255	255	255	255	255	255	255	255	250.8	251.4	255	255
255	255	255	255	255	255	255	255	255	255	255	255	255	252	190.8	187.8	189	166.2	145.2	132.6	133.2	135	135	132.6	129	113.4	64.2	38.7	35.6	35.8	34.2	33.9	34.9	34.8	32.8	37.3	39.7	43.3	48.3	45.1	48.8	53.5	60.5	63.4	74.5	89.2	99.4	110.7	117.6	127.5	134.4	135.2	138.9	142.1	143.1	149.1	150.5	152.8	156.7	155.6	153.2	152.8	150.2	143.2	145.7	151.8	154.9	159.5	159.2	161.3	159.7	155.6	159	159.4	157.8	159.8	157.9	156.9	157.6	158.5	161.2	163.8	161.1	151.1	140.5	134.1	129.6	133.1	135.9	135.5	136.4	141.9	141.4	134.4	126.5	126.5	132.2	135.6	130	123	125.9	132.8	134.6	138.3	146.6	156.2	161.6	165.2	166.9	162.3	157.9	154.9	154.6	154.1	151.6	145.8	137.3	129.1	126.7	123.7	123	121.6	117.4	112.5	111	110.4	108.3	105.6	98.9	96.2	95	93.6	93.4	92	89.8	85.3	84.1	83.5	82.5	83.1	85.3	83.1	79.2	78.6	77.1	75.5	74.3	73.6	72.5	67.8	58.3	49.4	49.2	48.4	39	27.1	23.5	20.4	21.6	24.3	22.8	23.5	27.9	33.6	36.5	35.3	32.9	31.3	32.5	34.7	38.6	39.1	38.6	38	35.9	35.6	38.5	43.2	58.3	91.9	143.6	204.6	255	255	255	255	255	255	255	255	255	249.3	250.2	255	255
255	255	255	255	255	255	255	255	255	255	255	255	255	255	234.6	196.2	187.2	176.4	159	145.2	137.4	136.8	133.8	129.6	125.5	97.1	55.4	39.2	38.6	34.4	31.9	31.4	30.7	30.1	33.9	36.4	39.7	43.3	41.1	46.5	50	49.9	56.8	63.1	68.3	84.7	97	107.8	118.3	124.7	133	138.7	139.3	139.5	141.6	145	149.2	151.9	153.9	157.2	156.1	156.4	153.9	151.3	148.5	151.7	158.1	159.8	160.5	160.8	161.5	163.6	161	163.9	164.8	161.5	161.3	156.9	156.3	160.4	160.8	163.2	166.9	167.1	159.3	144.1	137	134.2	140.3	141.4	140.7	139.1	145.3	150.1	134.3	126.5	126.8	132.2	136.4	137.4	128.7	128.1	136.8	139	139	146.7	155.8	162	163.4	161	158.8	158.2	158.5	157.5	156.4	154.7	143.9	139.1	131.8	126.2	122.8	122.2	122.2	117.7	113.7	110	106.9	106.5	104.7	101.2	97.5	94.8	92.1	90.5	90.8	87.4	83.7	81.5	81.1	79.9	83	82.9	80.2	79.7	78.7	77.7	71.6	71.6	70	71.3	69.9	56.7	46.6	44.6	45.4	38.2	26.7	25.9	23.2	21.4	24	23.5	22.5	27.7	35.5	36.7	35.6	34.6	33	33.8	33.4	38.3	38.5	34.6	40.9	37.6	35.2	42.1	47.8	73.5	122.6	164.1	225	247.2	247.5	254.4	255	254.1	255	255	255	255	255	255	255
255	255	255	255	255	255	255	255	255	255	255	255	255	255	223.8	214.2	195.6	159	144	141.6	135.6	129.6	124.2	121.8	115.3	78.4	41.6	29.6	30.4	30.1	29.4	32.9	34.6	35.2	38.8	41.4	39.1	42	42.7	48.2	53.6	56	58.4	67.2	82.1	96.1	108.4	117.4	121.6	128.4	132.9	136.5	137.4	137.8	141.8	146.2	151	153.9	154.6	153.9	154.9	156.1	150.3	148	153.7	156.9	160.7	158.7	157.4	158.5	163.1	163.1	161.6	163.4	162.5	162.2	158.2	154.5	154.5	155.1	162	164	164.1	164.5	164.1	153.8	141.8	134.4	136.2	139.5	140.9	139	141.4	146.5	143.9	134.8	127	127.4	132.1	135	133	132.9	141.8	145.8	140.4	140.5	149.5	156.6	156.2	155.4	154.7	154	154	153.2	154.1	153.4	144.3	139.9	136.9	129.2	126.1	123.2	121.4	119.2	117	112.9	108.9	105.4	103.5	100.7	96.8	96.7	94.1	91.4	90.2	87.5	84.9	82.8	81.8	81.7	80.8	81.3	77.4	73.4	72.8	74.1	69.1	67.9	67.6	67.4	66.6	60.6	52	45.8	45.1	40.3	33.3	31.3	26.8	23.5	22.8	23.4	22	22.6	30.2	34.9	36.4	34.7	31.5	30.4	32.7	35.8	38.8	36.7	36.7	37.7	35.5	38.5	44.4	67.2	115.5	166.5	237.6	248.1	251.4	255	255	251.1	255	255	255	255	255	255	255
255	255	255	255	255	255	255	255	255	255	255	255	255	255	243	227.4	208.2	162	141.6	139.2	132	124.2	123.6	117.5	77.6	44.1	29	24.7	25.2	28	33.5	36.9	38.5	41.4	40.5	40.8	44.4	44.1	45	46.3	48.8	53.9	63.1	70.3	83.7	95.5	111	116.7	119.4	127	134.4	137.2	139	137.7	140.4	145.5	150.7	154.9	156	154.4	155.3	158.2	152.3	149.4	155.3	157.5	158.1	158.2	161.7	160.1	161.9	162.9	163	162.5	165.8	168.2	166	162.2	161.7	161.9	166.8	168.2	170.2	168.4	165.2	159.6	149.3	138.8	134.7	136	138.9	140	139.3	140.6	146.3	143.5	136.4	131.7	128.6	130.5	134.9	136.3	138.2	142.3	144.8	139.6	141.7	149.8	151.7	152.3	151.5	149.5	148.8	150.8	151.7	150	147.6	144.1	139.4	135.7	128.6	125.1	123.7	121.3	118.9	115.4	110.8	108.2	106.3	103.8	99.3	97.5	94.9	93.6	92.6	88	87.4	86.4	83.7	83.5	81.2	79.4	81	75.8	71.3	69.9	69.7	66.9	66.7	64.2	64.5	63.3	55.4	47.1	43.4	40.4	38.2	34.9	31.6	26.1	21.9	23.8	23.2	19.3	22.2	30.5	33.7	32.7	32.2	31.7	33.8	35.5	37.2	38.8	37.6	38.3	36.2	39.1	47	64.7	106.5	156.7	220.2	255	255	254.4	253.8	249.3	249.6	255	255	255	255	250.2	248.7
255	255	255	255	255	255	255	255	255	255	255	255	255	255	255	253.8	207	150.6	140.4	132	124.2	123.6	126	114.4	66.7	41.7	34.6	31.5	31.4	31.2	33.8	34.8	33.9	34	37.8	40.2	44.4	46.5	44.1	46.1	50.6	55.3	58.9	61.6	73.8	88	100.2	106	115.4	123.6	129.6	136.7	139.8	139.7	142.7	145.3	148.6	151.4	153.9	153.8	155.4	156.1	150.9	154.6	159.6	156.5	155	157	159.9	160.4	158.9	159.2	162.9	166.2	168.4	167.7	166.7	161.8	161.7	163.9	167.3	166.9	164.5	167.3	162.8	154.7	151.3	144.8	134.4	133.2	133.9	135.1	138.2	137.4	134.9	136.3	144.4	140.9	135.3	132	129	136.7	139.4	135.1	141.5	143.6	139.4	140.4	144.3	148.7	149.5	147.1	145.8	146.2	146	147.8	147.6	144.8	145.5	144.3	135.4	129.3	128.2	125.5	120.9	118.3	116	112.4	108.4	106.5	103.5	99.2	96.1	96	95.3	91.1	89.4	90	88.1	84	81	78.6	80.7	78	72.8	68.1	65	61.8	60.7	59.8	58.9	60.2	56.2	51.7	45.8	35.5	32.8	38.2	39.7	36.9	32.1	27.6	26.8	21.7	21.2	22.6	29.2	34.5	34	34.9	32.5	31.2	35.9	37.9	36.7	38.8	43	39	50.4	71.5	97.9	150.1	210	253.8	253.2	255	254.4	251.4	248.1	254.1	255	255	255	247.2	243.3
255	255	255	255	255	255	255	255	255	255	255	255	255	255	255	255	205.2	152.4	142.2	135	127.8	124.8	124.8	116	75	40.2	34.7	33.2	32.7	32.7	32	27.7	26.8	30.9	34.3	38.5	41.4	43.5	42.8	45.1	49.3	48	50.5	58.1	73.6	87.6	97.6	103.9	114	123.8	130	135.7	138.8	139.8	142.4	145.9	150.6	150.8	151.8	153.3	156	158.5	152.1	153.1	160.5	158.9	157.5	158.7	161	160.8	160.3	161.6	164.2	167.2	169.9	168.4	169.1	165.3	161.8	162.4	162.6	165.2	164	161.9	161.6	156.6	151.6	146.9	136.6	130.2	132.5	132.8	132.9	134.9	134.6	133	138	142.2	140.9	138	130.1	131.6	136.9	134.5	132.1	136.3	139.6	139.2	139.9	143.8	148.7	149	148.8	146.5	145.8	146	145.9	145.4	146.1	146	140.8	134.5	129.3	125.7	122.3	118.8	116.6	114.6	112.8	108.6	105.3	102	99	97.5	97.4	93	92.7	90.5	89.1	85.2	83.3	80.3	79.6	77.5	75.8	70.1	64.5	62.4	60.4	58.1	55.7	55.5	52.6	49.9	46.5	37.4	31.2	33.6	39.9	39.9	37.3	31.8	27.7	25.3	23.5	23.5	27.7	33.2	33.1	31.7	31.1	28.1	32.4	37.2	38.2	38.4	44.3	46.1	61	80.9	101.9	134.9	196.8	244.8	255	255	255	255	255	255	255	255	255	255	253.5
255	255	255	255	255	255	255	255	255	255	255	255	255	255	255	213.6	158.4	147.6	143.4	133.2	133.2	135	132.6	113.1	71.9	38.8	29.3	24.1	23.5	26.2	27.2	27.7	34.9	36.3	38.7	45.3	47.5	43.9	41.8	40.9	40.1	44.5	53.4	61.7	73.9	85	95.2	105.2	114.1	124.2	132.5	137.8	140.5	140.4	144.9	148.3	147	148.9	150.7	153.6	156.6	155.6	152	156	158	161.9	160.7	161.9	162.8	161.1	162.5	161.6	163.3	167.6	170	169.2	171	165.8	163.4	160.5	159.9	159.9	158.6	154.8	155.9	156	150.1	145	138.5	131.5	128.6	133.3	135.5	136.1	137.9	136.4	134.3	138.2	142.6	146.1	144.2	142.4	138.3	135.1	131.8	130.1	133	136.7	138	136.5	144.5	153.4	153.1	152	152	151.6	152	150.4	147.5	148.7	149.6	144.2	139.3	133.7	126.9	122.2	119.9	116.8	116.5	112.4	109.6	105.2	101.7	99.3	100.5	98	97.6	95	91.2	88.6	84.5	82.3	79.4	75.8	72.2	70.4	64.5	59.1	56.9	55.6	50.1	50.4	49.3	45.7	41.8	38.6	34	31.7	33.1	36.3	40.9	41.4	40.9	37.9	29.8	28.6	29.7	31.4	31.9	30.8	32.6	32.1	28.6	33.2	39	41.1	43.7	52.7	73	86	107.5	143.5	222.2	249	253.5	255	255	255	255	254.4	255	255	255	253.2	248.7
255	255	255	255	255	255	255	255	255	255	255	255	255	255	255	217.8	157.8	146.4	143.4	133.8	135.6	137.4	119.8	63	39.9	33.2	27.1	25.6	25.6	25.4	27.5	32.2	36.1	39.1	37.9	43.5	46.5	43.2	41.2	40.4	40.3	45.4	55	63	71.2	81.9	93.1	105.5	116.1	124.8	131	137.8	141.2	142	143.8	145.4	146.2	149.3	151.4	153.5	157.2	153.6	148.1	155.3	159.6	162.6	163.6	162	163	164.1	166.2	164.4	165.9	171.7	173.8	175.2	178	172.5	166.2	163	160	158.7	157.5	156.5	154.7	155.5	150.7	143.9	140.1	135.1	124.2	127.8	135.5	136	138.7	140.1	139.5	138.3	144.3	149.4	150.5	150.5	146.6	141.3	138.6	136.4	135.9	136.6	139.3	141.4	140.6	144.7	147.9	151.3	153.7	153	153.2	151.3	148.8	150.3	150	147.6	143.6	136.6	129.9	127.4	122.2	117.9	116.7	114.6	112.7	108.3	103.9	100.5	100.3	101.3	98.9	96.4	93.4	90.6	86.6	83.1	79.3	75.4	71.4	70.3	66.3	61	57.2	56.4	51.5	48.8	48.6	44.6	39.7	37.6	37.1	33	30.5	34.2	37.2	40.6	42.6	42.1	34.5	30.7	30.9	30.5	33.2	32.5	32.9	33.2	30.7	30.4	35.1	40.7	42.2	48.7	61.8	78	105.5	139.2	212.6	254.4	253.2	252.9	253.5	253.2	249	240.9	239.7	246	252	245.4	237
255	255	255	255	255	255	255	255	255	255	255	255	255	255	255	205.2	153.6	152.4	141	135	133.2	129.6	108.6	53.6	33.2	31.7	28.9	27.1	29.5	32.9	39	40.3	43.6	42.3	39.3	38.8	36.9	37.5	38.2	41.2	44.6	49	54.4	55.6	64.3	76.2	92	104.1	117.5	126.2	132.2	138.9	142.6	141.8	144.1	149.2	150.1	151.8	152.6	153.4	155.7	151	148.6	160.4	165.3	165.2	163.1	163.4	166.2	167.1	167.8	167.7	171.2	172.6	173.6	180.4	183.2	179.1	174.2	172.9	164.2	162.2	160.6	158.8	158.3	157.7	153.6	148.9	147.6	140.9	131.1	125.1	128.7	133.6	136.7	138.5	141	140.5	141.4	146.8	153.3	155.6	153.2	152.4	151.5	153.2	153.3	149.2	147.9	149.3	151.4	151.7	150.5	152.6	153.9	156.1	156.9	152.9	151.6	148.9	146.2	147	145.7	142	137.5	134.2	128.7	123.4	120.8	120.4	119	113.5	108.8	105.1	102	100.7	101.1	97.7	95.9	93.5	89.6	86.3	81.1	75.7	72	68.8	65.1	60.2	55.1	54	53.7	52	49	44.1	37.3	31.6	25.2	27.6	32.6	36.9	35.7	36.3	36	38.5	40.8	37.2	34.6	34.2	35.9	36.7	35.6	33.8	34.9	33.2	34.6	38.7	39.6	45.2	60	85.6	111.4	160.6	236.7	255	255	255	255	255	253.5	246	241.8	247.2	251.7	247.2	243.6
255	255	255	255	255	255	255	255	255	255	255	255	255	255	255	214.8	155.4	156.6	144	137.4	132.6	128.4	90.3	40.1	31.2	27	25.9	28.6	32.1	36	39.1	43.8	45.1	38.7	34	34.6	38.5	34.5	34.1	42.2	47	50.2	54.6	55.2	61.1	74.8	91.3	104.1	114.9	124.7	131	140.1	145.6	142.7	144.9	151.3	153.3	152.8	154.3	156.2	155.6	152.8	148	156	162.9	165.5	164.3	164.4	166.7	168.7	168.6	168.7	172.7	175.8	177.7	182.2	184	185.7	177.7	174.8	171.6	170.6	167.5	163.1	160.6	161.5	158.7	153.5	149.3	143.6	135.7	128.5	125.6	129.9	135.1	137.6	138.2	140.5	137.7	138.3	146.7	148.8	150.8	154.3	153.9	152.3	153.6	155.8	156.2	154.5	153.6	153.8	155.6	154.2	152.9	153.9	155.5	154.9	152.5	151.7	147.3	147.1	144.9	143.5	140.3	135	129.3	127	122.3	121.6	119.8	116.6	113.1	109.2	104.2	100.6	98.9	99.8	98.1	95.3	92.5	86.9	82.4	76.5	72.4	69	64.9	61.5	56.4	54.5	53.3	51.5	46.9	43.5	37.7	32.3	25.5	24.1	29	30.9	34	36.1	35.4	36.3	37	39.5	35.3	30.3	31.5	35.5	35.5	31.7	33.4	33.1	33.3	36	39.6	40.9	51	73.2	105.5	154.3	237.6	255	255	255	255	255	255	254.1	251.4	248.7	248.1	251.7	254.4
255	255	255	255	255	255	255	255	255	255	255	255	255	255	246.6	174	154.8	154.2	140.4	133.8	128.4	122.1	73.5	39.1	34.9	34.9	36.6	40.6	44.2	42.4	37.8	35.7	30.6	27.6	26.1	29.2	31.6	33.6	41.3	49.7	49.1	44	43.8	49.9	59.9	71.7	90.7	105.9	120	126.9	134.7	143.1	145.3	143.5	150.1	153.8	150.2	152.8	152.3	151.7	153.1	149.8	149	158.3	164.9	164.6	166.8	170.4	166.7	166.1	166.7	167.3	174.7	182.9	183	188.3	193.6	190.5	186.7	184.2	180.5	178.7	173.2	169.2	165.1	165.9	165.3	160.4	155	149.6	140.7	131.8	125.9	126.5	128.8	134	139.6	137.3	135.9	136.9	141.6	147.9	150.6	155.4	157.1	156.2	157.2	156.5	160	164.6	164	163.8	170.6	175	174.2	172.9	163.5	156.7	153.8	150.2	145.1	145.9	147.3	144.3	140.9	137.1	132.4	129.9	124.8	123.4	121.4	118.3	117.1	113.4	108.6	104.3	99.1	100.4	99.1	97.9	94.7	90.5	84	78.2	71.8	67.3	63.2	59.4	57.5	53.7	49.2	46.2	42.4	37.2	33.5	29.2	27.6	21.7	21.1	20.4	22.6	28.6	31.3	32.8	32.2	34.6	35.5	27	24.3	31.1	36.4	36.5	33.6	33.3	34	35.2	37.8	41.2	48.3	65.7	106.5	150.5	223.8	251.1	253.2	252.3	253.8	253.8	253.2	251.7	250.8	248.1	249.3	254.1	255
255	255	255	255	255	255	255	255	255	255	255	255	255	255	241.2	171.6	150.6	150	138	132.6	130.8	116.3	69.4	43.2	38.2	42	44.4	42.3	41.4	39.1	33.6	28.6	26.8	25.3	26.4	28.3	31.9	37.7	45.1	50.2	47	41.1	42.3	49.5	59.2	71.5	90.3	107.3	121.1	128	134	142.2	142.7	142.4	150.1	153.8	151.2	152.5	153.1	152.7	154.6	153.3	152	160.7	167.3	168	170.6	175	171.3	168.7	170.9	172.8	177.6	182.9	185.6	193.8	198.5	193.4	188.8	192.2	191.1	184.7	180.9	175.8	171.7	168.8	168.8	168.8	164.9	157.9	148.9	140	135.2	129.7	128.8	132.4	140.4	141.9	139	139.2	142.6	148.8	152.4	155.5	158.6	158.9	157.2	158.2	160.4	164.2	166.6	169	171.9	177.2	180.8	181.5	170	157.9	155.8	151	145	144.1	148.1	148.3	144.1	139.6	135.3	131.3	127	123.6	123.5	122	117.6	116.4	113.3	106.7	101.8	99.7	98.6	97.6	96.7	94.3	88.4	81	75	70.2	67.2	60.1	56.9	54.6	47.9	44	39.5	32.3	29.5	26.5	25.6	22.8	19.2	18.9	18.6	23.7	29.5	31.5	34	32.2	35.8	31.6	21.4	24.6	35.2	40	37.3	35.8	36.7	36.7	38.2	41.2	47.2	63.5	101.8	139.6	207	245.1	247.2	247.5	245.7	249.9	255	255	251.7	252.3	252	255	255
255	255	255	255	255	255	255	255	255	255	255	255	255	255	208.8	152.4	144.6	131.4	129	132.6	132	118.5	77.7	51.1	45.4	40.8	32.2	26.1	25.2	24.4	25.2	26.7	24.3	23.8	26.2	32.5	44.7	50.6	46.1	38.2	36.6	40.8	46	51.8	64.6	79.7	95.6	112.6	123	128.9	135	144.8	147	147.7	153.4	155.3	155.3	152.3	151.7	154.4	156.3	154.4	155.8	162.6	169.1	168.8	172.4	171.3	167.3	167.4	171.9	174.7	178	183.4	184.1	188.8	190.1	183.1	181.5	185.4	189.5	190.4	188.5	183.7	173.3	167.4	165.9	168.3	163.8	156.9	151.1	144.8	140.5	138.8	136.2	134.9	137.2	141.3	142.5	140.4	139.7	145.4	151.6	157.7	159.9	156.8	157.4	158.2	161	163	163.2	168	176.8	182.9	182	180.2	170.7	160.4	153.9	147	141.3	144.3	148.6	146.2	144.5	144.1	136.5	130.3	123.7	123.5	124.7	123.8	121.5	117.2	115.4	111.9	108	104.6	98.6	98	97.9	96.2	91.6	84.2	75.7	69.5	64.6	58.4	52.3	49.8	47.8	42.9	37.7	30.9	27.4	25.4	23.8	23.2	18.7	18.1	18.3	19.5	27.4	30	31.3	32.2	34.9	31.3	25.5	23	25.9	34.6	39.7	39.8	41.5	41.6	37.9	43.6	47.8	68.4	105.5	138.4	198.6	247.2	247.2	246.6	246	251.7	255	255	255	255	252.3	255	255
255	255	255	255	255	255	255	255	255	255	255	255	255	255	214.2	154.2	141.6	132.6	135	135.6	138	110.4	71.7	50.6	42.7	33.5	26.8	23.4	22	24.9	25.9	26.7	26.4	27.9	28.3	35.2	47.1	50.9	43.7	34.7	36.6	42.3	46.7	53	66	80.8	94.8	111.4	123	128.7	136.9	145.7	151	153.9	155.6	157.4	157.2	153.7	155	155.2	156.2	156.3	158.7	163.4	169.4	171.7	174.3	172.6	165.4	165.5	170.5	172.5	174	180	184.3	187.6	187.1	184.8	180.5	181.3	188.6	194	193	188.3	176.1	170.7	167.7	166.7	165.7	162.1	157	150.4	142.8	140.6	139.8	136.8	136.8	140.2	141.6	139.9	140.1	143.5	145.5	153.3	157.6	158.2	159.3	159.1	157.7	160.5	163.7	168.4	176.2	185.3	185.9	180.7	170.1	160.2	156	149.5	143.7	144.2	148.1	147.9	146.2	145	139.7	134.1	125.4	123.7	124.8	123	122.2	119.6	117.5	114.8	111.2	107.4	102.9	99	99.1	96.5	91.9	85.8	76.5	69.8	64.4	59.2	52.6	49.8	48.1	42.6	38.3	30	25.8	24.4	21.5	21.2	17.5	13.8	15.3	18.4	25	30.4	30.4	29.8	32.5	33.1	27.4	23.3	24.2	30.8	37.1	40.8	41	45	40.1	42.4	47.5	59.7	96.9	126.2	177.8	244.8	246.9	246	249.9	255	255	255	255	255	255	255	255
255	255	255	255	255	255	255	255	255	255	255	255	255	249.6	184.2	147.6	138	144.6	146.4	141.6	140.4	114.9	77.1	48.6	33.8	27	26.1	25.8	26.2	27.3	27.9	28.3	27	28.2	34.3	42.7	48.6	42.7	35.3	37.6	40.9	41.4	46.2	52.6	64.4	79.2	97	112.8	123.2	131.8	141.3	148.6	153.3	156.2	159.8	160.7	157.9	156.8	157.4	157.4	160.2	159.7	162.7	166.7	171	171	170	166.4	161	160.9	172.3	174.4	174.4	174.4	174.9	179.4	180.7	181.6	178	173.9	179.1	184	185.4	183.5	176.5	170.1	166.4	166	162.9	160.6	157.8	151.2	144.4	142.3	138	137.4	138.4	141.7	141.6	141.7	144.4	144.7	143.8	150	158	165.3	168.6	168.2	166.3	165.7	168.5	172.9	175.7	179	179.5	175.1	166.3	160	153.3	147.6	146.3	147.1	149	150.8	149.7	147.9	144.4	137.7	129.9	125.5	125.4	122.5	120.7	121.1	119	115.8	113.9	111.1	107.3	100.7	100.9	98	92.2	85.9	78.9	71	64.1	57.1	51.3	48.4	45.3	39.2	36.8	30.6	23.9	22.3	19.7	18.5	17	13	13.1	17.4	21.1	27.7	30.7	30.3	27.7	30.1	27.3	23.3	23.5	28	34.7	41.4	40.4	44.7	46	43.1	48.5	53.5	90.2	127.3	177.8	244.5	246.6	247.2	249	253.8	255	255	255	255	255	255	255
255	255	255	255	255	255	255	255	255	255	255	255	255	240	181.2	153	144.6	148.8	149.4	141.6	136.9	117.3	90.1	57.9	38.5	31.4	27.1	25.5	27.1	28.2	28.3	26.5	25.6	29.1	35.7	43.8	47.7	43.2	38	38.4	40.8	41.8	46.6	53.3	63.9	78.9	96.3	113.2	124.7	131.5	140.7	149.4	154	158	160.5	163.1	160.7	160.1	160.6	159.9	161.2	163.2	163.9	165.1	170	172.4	170.3	165.2	161.4	162.4	166.8	172.4	177.4	175.7	174.6	177.5	178.6	178.8	180.5	175.4	173	175.1	177.3	181.2	178.4	172.3	167.9	164.4	160.3	158.4	155.7	151.6	146.8	145.2	140.4	136.2	136.3	138.7	141.7	144.2	147	149.1	144.6	151.1	158.3	164.7	170.6	171.8	168.9	168.5	172.2	171.9	174.4	178.6	177.4	175.4	170.7	161.8	155.6	147.9	146.4	147.6	150.1	152	149.3	149	146.1	140.4	133.1	128.2	127.3	122.5	119.5	120.5	119.2	117.7	116.9	112.3	107	102.5	101	99.4	94.4	88.2	81.1	73.2	65.9	58.9	52.5	49.4	45.6	41.2	36.5	31.7	24.1	20.3	19.3	18.5	18.1	14.4	12.9	17.1	22	27.3	29.5	30.9	28.3	25	28.6	24.3	24.2	26.6	32.6	40	41	42.7	48.2	45.2	52.4	63.9	86.5	127.1	173.7	241.2	254.1	254.1	253.2	250.2	251.1	254.4	250.8	248.1	247.8	246	250.8
255	255	255	255	255	255	255	255	255	255	255	255	229.8	180	157.2	148.8	149.4	144.6	133.2	129.6	124.3	110	103.5	68.3	40	30.6	25.5	27	26.2	23.7	25.8	27.6	32.2	37.3	41.6	40.2	38.4	40.4	41.5	42.6	39.3	42	46.4	51.5	62.7	80	99.2	112.2	122.6	134.3	144	150.2	155	158.7	162.9	163.4	164	163.8	164.2	165	165.3	165	165.6	167.1	170	170.6	166.4	162.8	161.8	164.6	166.7	171.3	172.9	172.3	171.6	175	176.8	175.4	175.4	168.7	165.5	165.2	167.5	169.4	168.7	167.2	167.5	164.1	162.3	163.1	158.2	154.3	149.5	143.9	140	136.4	133.9	135.3	137.9	139.4	143.6	147.8	148	151.8	158.5	163.6	165.8	167.7	165.7	167.5	170.3	169.7	170.6	172.6	173.2	171.3	168.2	164	159.5	155.2	151.3	150.7	150.7	150.9	153.6	153.2	149.3	145.7	139.5	133.3	130	124.6	118.4	120.9	121.8	122.4	120.8	117	111.8	107.2	102.5	99.9	96.8	91.2	82.3	74.4	65.3	58.7	51.3	47.4	47.2	44.5	40.4	35.3	29.7	21	20.8	20.6	19.9	18.7	14.1	14.4	21.7	27.6	32.2	32.7	32.8	28.3	26.1	24.3	23	23	29	36.3	41.6	44.6	47.9	48.8	49.1	59.6	88.8	118	162	236.4	255	255	255	254.1	254.1	255	253.2	251.7	252	246	246.6
255	255	255	255	255	255	255	255	255	255	255	255	226.2	187.2	157.2	145.2	146.4	144	133.2	126.6	121	107.4	69.9	42.8	31.4	24.3	22.6	26.7	26.8	26.1	25.8	29.7	34.6	39	42	39.4	36.6	40.5	42.5	42.9	40.9	42.6	45	53.1	63.9	84.7	105.4	117.6	127	136.7	145	150.1	154.8	159.8	165.7	167.5	168.7	167.7	165.6	168	170.1	164.7	160.6	163.2	165.7	167.3	167.8	162.5	160.3	163.4	166.2	167.7	170.6	167.6	167	166.5	168.1	170.5	172.9	168.5	166.3	167.8	167.2	165.5	164.2	165.5	167.5	163	160.5	162.2	159.4	155.7	152.4	145.5	138.6	131.8	129.3	130.7	133.5	134.4	139.1	144.9	148.4	149.1	152.7	158	157.4	159.5	161.5	161.5	162.3	164.7	168.4	167.8	166.7	166.1	161.8	158.1	155	153.1	150.7	148.8	147.3	146	149.2	149.7	146.5	145.4	141.7	134.4	129.9	123.5	118.5	120.6	122.7	122.7	121.4	119.1	115.7	110	103.3	99.5	96.1	91.7	85.3	75.5	68.7	61.1	52	47.6	46.1	43.3	37.6	32.1	28.1	20.1	17.3	20.7	19.2	19.6	17.7	13.2	18.6	26.1	31.5	33.7	34.8	31.7	27.7	23	21.4	21.1	24.7	32	38.9	44.3	47	52.7	61	73.9	104.2	135.2	152.6	219.6	255	255	255	255	255	255	255	255	255	255	255
255	255	255	255	255	255	255	255	255	255	255	255	242.4	193.8	138	140.4	143.4	131.4	123.6	122.4	120.1	103.7	58.8	35.7	27.5	22.8	23.5	22.2	24.6	27.9	30.6	35.2	40.3	40.6	38.2	39.1	40.5	39.6	40.5	38.8	40	41.5	43.9	53.1	70.7	92.4	110.6	122.2	131.2	140.2	146.8	151.5	156.2	164.2	167.8	170.7	174.7	171.7	172.2	172.8	172.4	166.8	160.7	159.3	161.7	161.8	164.9	163.5	166.5	170.2	172.7	171	168.1	165.8	163.7	164	163.7	163.9	169.6	166.7	166.9	167.6	163.5	163.1	159.8	163.2	164.4	161.9	160.7	158.3	155.4	154.3	154	150.3	144.5	139.7	135.5	133.5	133	134.1	140.6	143	146.3	149.8	154.3	155.4	155.1	158.4	160.3	159.9	163.2	162.6	161.1	160	161.4	162.5	158.8	154.1	151.8	150.8	149.4	149.9	149	146.3	146.7	146.8	149.2	146.4	141.9	140.7	133.6	126.8	123.5	122.2	123.8	124	122.6	122.2	120.2	115.2	107.3	102.5	96.8	94	88.1	79.5	69.7	59.9	51.5	47	45.8	42.3	38.1	33.6	29.4	22.2	16.2	20.6	22	21.4	21.6	18.5	17.8	22.6	28.6	34.2	35.3	35.5	31.8	24.2	21.4	21.1	22.9	29.6	40	45.5	46.4	52.6	60.8	71.3	105.8	138.4	162.5	230.4	255	255	255	255	255	255	255	255	255	255	255
255	255	255	255	255	255	255	255	255	255	255	255	255	208.8	136.8	142.2	148.2	132	123	123	121	104.4	74.7	36.1	28.1	24.3	23.7	23.4	25.2	26.1	29.1	35.5	39.6	37.7	36.4	40	40.5	39	39.4	37.5	38.5	38.3	42.6	54.4	73.1	93.5	112.7	125.2	132.8	142.3	147.5	152.2	156.7	163.8	167.4	172.5	178.6	176.7	174.3	172.1	172.1	167.4	159.5	154.8	152.3	155	160.6	158.4	159.9	165.1	166.5	163.5	159.8	160.1	158.8	161	159.9	157.7	160.1	160	159.1	160.2	157.3	155.3	156.1	156.8	158	158.3	158.5	155	152.1	151.5	151	150.1	145.7	142.4	138.9	134.1	130.6	132.6	137.1	140.6	144.7	148.3	151.1	156	157.3	156.9	159	160.6	159.4	158.4	156.3	154.7	153.5	150.3	150.1	146.7	142	141.5	142.2	144.1	144.4	143.6	143.7	145.4	145.7	143.7	138.2	136.1	132.2	124.9	118.9	116.4	118.9	121.1	120.4	119.1	119.9	117.5	108.5	104.1	100.6	97.1	91.9	83.9	73.8	63	54.1	47.2	45.8	43.1	39	34.4	29.5	23.5	17.5	18.7	21.2	20.1	19.5	19.3	18	21.1	26.1	32.8	34.7	35.5	33.2	27.6	21.9	20.4	20.5	26	38.3	47	47	51.5	62.6	85	106.3	138.9	164.7	211.5	249.3	255	255	255	255	251.1	252.3	255	255	255	255
255	255	255	255	255	255	255	255	255	255	255	255	251.4	166.8	154.2	175.2	147.6	126.6	124.8	124.2	119.4	104.9	76.1	40	30.7	26.4	25.6	28	30	28	35.5	40.3	35.3	36	39.4	38.4	36.4	40.3	40.6	36	35.1	37.1	43.3	59.8	84.2	104.8	116.6	125.8	136.7	143.3	149.1	152.4	158.1	164.4	168.9	176.6	177.6	174.5	172.6	167.8	169	168.9	160	155.6	154	155.4	160.4	158.9	156.4	164	165.7	160.9	153.9	153.5	153.8	155.1	155.3	154	153.3	155.5	156.5	154	154.3	152.4	153.9	156.2	156.9	157.4	158.1	157.1	154.9	153.9	153.9	151.7	150.7	144.9	141.9	138.3	135.9	137.6	145.2	149.8	152.2	155.8	157.5	160.6	160.9	159.7	159.2	162.9	161.2	158.6	155.5	153.6	153.1	148.8	145.9	142.1	139.8	138.9	141.7	144.3	146.8	145.9	144.4	144.5	146.2	143.6	140	139.4	136.6	133.6	126.6	120.9	120	120.3	122.3	120.9	120.8	118.6	113.7	107.7	103.5	98.9	93.9	85.7	75.1	66.1	55.4	49.4	44.7	43.8	40.1	37.7	32.6	27.2	18.8	17.8	21.5	21.9	21.1	20.7	20.8	20.2	24.4	31.9	35.9	33.1	31.7	30.3	23.5	19.2	23	26.6	34.1	45.7	49	49.7	62.8	88.4	106.1	143.5	185.1	233.4	242.7	252.9	255	255	255	252.9	255	255	254.4	255	255
255	255	255	255	255	255	255	255	255	255	255	255	251.4	166.8	174.6	198	152.4	127.8	123.6	123.6	111.6	89.8	68.8	50.6	36.7	30	26.3	28.7	26.8	28.6	39.1	39.4	35	36.1	38.5	37.9	35.7	41.5	39	34.9	34	35.5	42.5	58.7	86.5	109.5	119.3	126.3	137.4	145.3	148	151.9	158.8	164	167.9	173	172.3	170.4	165.5	160.8	160.5	158.8	152.7	151.2	149.1	148.6	151.2	150.9	147.2	149.1	150.4	149.4	146.7	142.9	143.7	145.8	143.7	142.8	144.1	148.3	147.7	145.1	146.6	146.6	147.9	153.6	154.4	155.2	157.8	160.3	155.3	152.1	152.2	152.2	150.5	145.1	142.1	142.1	141.8	142	146.1	150.8	153.7	156.3	156.6	155.9	156.7	157.2	156.1	160.4	158.7	155.4	152.8	151.4	146.9	143.9	140.1	138	137.8	137.4	136.5	140	143.4	143.9	141.3	138.1	135.4	136.4	135.4	131.7	129.4	129.1	126.6	120.5	118	115.6	117	117.1	116.7	115.6	113.5	108.1	105.5	100.2	94.9	88.8	78.7	68.3	58.5	49.8	45.9	44.3	43.2	39.6	36.4	30.6	23.6	17.4	20	21.9	21.6	21.3	21	21.3	21.1	29.2	35.7	34	32.4	31.2	25.2	20.2	22.3	24.8	30.7	40.7	50	50.3	56.2	67.4	93.1	133.2	181.8	240.3	245.4	241.8	241.8	241.5	241.2	244.5	248.1	252	255	254.1	255
255	255	255	255	255	255	255	255	255	255	255	255	206.4	172.2	240.6	198	138	126	126.6	127.8	105.5	68.3	59.7	46.4	31.3	27.9	26.5	24.9	28.7	38.6	36.3	34.8	38.1	39.1	37.3	39	40.8	36.7	30.1	28.6	30.7	36.3	47.1	70.8	98.9	113.9	121.7	133.6	143.5	146.9	152.2	156	158.9	160.8	161.7	165.5	164.7	161.3	157.5	151.5	150.3	150.1	148.2	151.4	152.5	149.4	146	143.5	147.5	149.6	145.2	141.1	134.4	131.3	134.2	137.1	135.2	133.1	139.9	142.7	141.1	138.4	137.2	141.9	147.1	149.4	151.1	152.1	153.7	155.3	156.6	155.1	151.2	149	149	144.9	142.4	145.9	148.5	147	148.2	152	156.6	158	155.6	154.7	153.3	151.9	153.7	156.9	156.3	152.7	148.9	146.7	145	142.8	140.1	138.6	139.2	139.9	143.5	146.7	151.5	150.7	146	141.5	139.9	141.1	140.2	137.1	133.7	131.7	129.5	124.7	119.4	120.4	119.2	117.4	117.9	114.1	110	109.4	105.1	100.4	94.7	87.9	80.6	70.5	58.4	48.2	44.6	43.6	40.8	40	35.5	29.2	24.7	19.4	16.7	21.4	22.8	21.6	20.5	21.3	21.4	25.6	31.3	31.6	32.1	31.2	26.2	20.8	19.4	25.8	31.8	39.4	50.6	53	56	77.6	108.2	147.9	221.7	253.5	251.4	246	243.6	246.9	247.8	246	246.6	249.6	255	255	255
255	255	255	255	255	255	255	255	255	255	255	255	216.6	182.4	249	201	136.8	127.8	129.6	130.8	106.5	76.4	59.4	46	33.1	27.5	26.2	24.1	30.9	37.7	33.7	36.6	38.8	39.9	37.9	37.3	39.1	33.3	26.7	27.7	30.7	37.2	50.2	75.4	102.7	116.3	124.3	135	144	147.1	150.3	155.8	158.3	157.7	158.4	156.8	155.6	150.2	144.6	137.8	139.4	143.5	141	139.7	141.4	138.9	132.6	131	137.4	138.6	130.6	124.6	119.1	116.6	118.9	124	124.5	122.5	127.8	132.8	134.3	130.1	129.6	133.2	140	142.5	144.6	146.3	148.3	151.5	151.4	151.4	150.6	149.3	145.8	142.7	143	144.5	147.1	146.4	147.9	148.7	150.9	151.7	150	151.4	147.7	144	145.1	145.2	146.2	145.4	144.4	141.1	138.4	137.2	135.2	136.6	136.3	137.9	137.7	137.6	142.8	145.1	144	139.4	133.4	136.5	140.6	136.4	128.6	128.5	127.2	123.9	120.3	120	115.1	113.1	113.8	111.2	109.6	108.8	103	98.5	95.3	88.8	81.1	72.2	62.6	51.7	45	42.3	40.1	38.7	38	30.8	26.5	21.7	15.7	19.9	23.5	20.2	19.8	19.9	20.2	22.5	30.4	31.3	30.9	31.9	30	23.1	19.3	24	30.4	36.7	48.1	53.8	55.9	72.2	101.7	146	221.7	255	255	255	255	255	255	255	252	249.3	252	253.2	252.3
255	255	255	255	255	255	255	255	255	255	255	255	232.2	246.6	240	159.6	132.6	132	133.8	129	108.7	84.8	64.4	46.9	33.7	27.4	26.8	34.5	39.7	35.3	36.7	35.5	35.7	35.5	38.4	37.9	30.9	24	24.6	27.2	31.2	40.9	60	86.7	107.7	117.4	126.8	140	146.1	148.4	149.6	154.5	156.9	154	153.4	147.5	139.6	138.1	137.2	134.1	136.6	135	130.7	124.7	118.8	115.3	112	108.3	105.3	102.7	98.7	94.4	96.9	97.6	97.7	101.2	106.5	108.5	113	118.5	121.3	123.3	121.7	123.5	127.7	132.4	137.3	139.4	142.3	145.2	148	147.3	143.9	141.5	138.5	138	138.1	141	146.6	147.1	146.5	145.9	145.8	147.8	148	146.6	143.7	137.7	135.8	134.4	134.2	134.8	131.6	131.3	134.3	130.6	130.8	135	139.1	141.8	137.3	135	137.9	137.8	136.4	134.3	134	133.4	133.5	137.3	132.9	126.7	128.7	130.3	128.1	123.2	117.7	114.9	110.9	109.3	108	106.9	102.8	98.1	95.2	90.4	83	73.9	63.5	52.6	45.4	41.5	38.2	39.4	39.5	33.7	28.5	24.9	18.7	18.5	24.2	22.2	19.5	20.8	18.7	19.6	27.1	31.3	29.7	31.3	29.8	26.7	20.9	22.8	27.7	35.8	47.3	57.3	54.9	69.1	103.4	153.8	234	255	255	255	255	255	253.8	253.8	254.1	250.2	248.1	251.7	255
255	255	255	255	255	255	255	255	255	255	255	255	249.6	255	240	159	133.2	133.8	135.6	128.4	109.9	101.9	96.1	65.1	46.3	31.9	28	39.2	41.5	36.7	35.7	34.6	37.9	36.3	38.8	36.7	28.9	23.2	23.4	26.4	31.1	41.5	62.3	90.4	111.5	121.3	129.6	141	144.2	147.4	150.9	156.8	158.7	151.9	141.3	129.4	125.7	124.6	127.1	131.9	126.3	122.3	121.4	112.7	106.7	104	100.2	94.9	87.3	82.6	81	83.1	85.1	84	84.6	84.3	89.2	91.4	93.9	98.9	105.5	107.7	105.5	109.6	115.7	121.8	128.3	130.5	132	137.6	142.5	143.2	141.9	136.7	133.1	132.6	135.1	141.6	144.8	143.3	142.6	142	140.2	138.8	137.4	133.8	129.3	126.4	124.9	123.6	122.1	116.6	115.5	115.4	116.6	117.7	118	120.7	121.4	122.3	124.3	124.4	125.6	128.7	130.3	129.6	129	130.1	129.3	130.8	133.8	131.7	130.1	129.5	127.3	122.5	119.6	117.9	109	106.7	107.2	105	101.1	97.7	93.5	88.4	83.6	78.3	69.2	56.5	46.6	42.8	37.8	36.8	39.7	36.2	30	26.6	23.1	18.2	21.3	23.7	20.5	22.3	19.8	19.6	23.4	31.3	30.4	31.8	31.2	27.4	23.3	22.5	26.8	36.6	47.5	60.2	63.3	81.8	113.1	150	226.2	255	255	254.4	250.8	243.8	242.1	240.9	243.3	247.5	244.5	242.7	249.3
255	255	255	255	255	255	255	255	255	255	255	255	255	255	201	137.4	137.4	139.2	130.8	124.2	116.1	108.5	100.5	63.3	45.1	36.2	39.6	44	39.8	34.6	34.9	37.9	36.7	39.4	38.5	29.8	22.3	20.1	21.4	26.6	34.4	51.7	77.5	98	111.5	122.1	132.7	143.9	147	150.2	152.1	152.9	144.5	134.9	124.3	118.8	117.5	115.2	112.8	105.5	99.6	99.3	95.4	91.4	86.6	79.7	72.6	70.9	68.5	66.5	64.9	68.7	71.5	70.7	72	71.2	70.5	70.4	73.2	78	85.2	90.6	92.9	93.4	99.2	104.9	110.6	114.5	116.1	121.9	127.8	128.9	127.3	123.2	120.8	123.4	128.9	135.2	136.8	137.7	135.2	135.4	136.3	132.4	126.4	123.8	119.5	114.1	108.9	110	108.5	100.4	97.7	98.3	94.5	91.7	90.7	93.8	94.4	97.1	100.1	105.3	109.3	112.7	115	114	118.6	121	121.1	121.6	124	126.9	126.4	124.4	122.4	119.4	116.3	115.5	110	108.2	110.2	108.4	105.2	101.7	96	88.4	83	78.6	72	60	48.8	42.2	38.9	36.3	38.8	37.7	31.5	26.8	23.4	18.8	19.2	23.4	19.8	18.7	20.4	20.2	21.9	29.8	29.8	31.8	33.6	29.7	23	23.5	26.8	39	52.1	60.9	63.6	85.7	121.2	159.7	239.1	255	255	255	253.2	247.5	246.1	243	242.4	247.5	247.8	245.1	251.4
255	255	255	255	255	255	255	255	255	255	255	255	255	255	198	137.4	139.8	141	131.4	127.8	124	112.3	106.4	79.9	43.4	36.4	42	42.2	37.5	33.1	33.4	37.2	37.5	39.4	37.8	28	20.5	20.5	21.3	26	34.7	52.8	81.5	101.6	115.1	125.2	134.1	143.2	143.6	144.5	148.8	145.4	136.7	128	118.2	117.3	118.1	114.3	110.7	101.3	92.3	89.7	86.5	82.5	77.5	72.2	67.9	62.5	63	64.1	63.1	59.7	59.7	59.7	60.9	63.4	63.4	62.4	64.7	66.3	69.6	75.4	80.1	83.6	90	93	98.6	100.8	103.4	111.6	117.1	121.1	119.9	116.1	116.5	119.7	124.6	127.8	131.3	134.1	131.8	127.4	127.2	124.4	116.2	113.3	111.2	108.8	103.3	99.5	94.7	89.3	89.1	89.1	84.8	80.8	82.3	86.9	88	89.1	91.8	94.6	97.4	99.1	100.9	103.7	107.4	111.6	113.1	111.8	113.9	113.9	116	116	115.9	115.6	111.5	110.3	111.2	106	107.8	108.8	105.5	101.5	95.9	87.7	82.7	79.8	74.3	62.5	50.1	44.3	38.6	34.4	36	37.5	33.1	28.5	24.3	20.3	19	22.6	21.6	16.8	19.5	20.5	20.4	28.3	31.8	31.2	36.1	33.7	25.7	22.1	26.8	37.4	50.9	66.6	75.5	95.9	129.1	156.1	222.8	249	246.9	246.9	249.3	250.2	255	255	252.9	255	255	255	255
255	255	255	255	255	255	255	255	255	255	255	255	255	236.4	154.8	138	147.6	137.4	131.4	133.8	134.5	119.9	107.8	90.2	57.2	47.6	46.3	36.6	28.5	31.1	38.5	37.8	38.7	41.1	30.7	20.2	16.6	17.4	21.2	26.2	39.3	64.4	90.4	101.1	115.7	129	141.5	145.9	141.8	141.9	136.8	130.6	125.6	119.5	110.8	105.1	104	100.8	93.3	86.4	84.1	75.8	68.7	64.4	58.4	55	53.9	51.4	50.2	52.2	51.4	47.9	45.4	46.3	48.6	51	52.2	53.7	55.3	57.4	60.3	64.2	68.1	73.2	77.1	81.9	85.6	89	91.5	98.3	104	109	110.7	110	109.5	112.6	116.9	123	127.6	128.7	127	121.7	116.7	112.3	107.3	103.2	99	96.9	94.1	91.6	84.8	80.3	76.8	74.6	72.1	70.2	73.9	75.2	74	70.9	71.4	67.3	66	70.3	75.9	76.6	79.9	81.7	85.1	88.9	93.3	92.3	91.8	95.9	100	102.8	102.6	103.3	107.4	110.5	109.3	107.7	105.2	103	96.8	88.2	83.3	79.9	75	67.3	52.4	45.1	39.9	33.9	34.1	35.3	33.2	29.8	25.8	21.5	20.1	18.9	20.2	19.2	18.4	20.7	21	25.5	30.9	31.3	36.6	37.2	28.7	23.3	24.8	34.7	52.3	71.1	81.5	97.9	122.3	168.1	236.8	243.6	240.9	241.5	246	249.3	255	255	254.4	255	255	255	251.1
255	255	255	255	255	255	255	255	255	255	255	255	255	234	153	139.2	148.8	139.8	132.6	133.8	134	116.1	107.6	105.7	98.5	61.5	47.5	37.4	28.7	33.7	38.5	37.3	38.4	39.9	28.3	19	15.7	16.6	19.7	25.8	40	68	95	109.8	123.1	134.3	139.4	142.1	139.4	139.1	133.9	123.2	117.1	113.5	106.1	101.3	98.3	92.3	86.6	82.8	79.7	75.5	71.5	67.2	62.5	59	55.8	53	50	49.2	50.4	48.6	45.5	45.7	45.5	47.3	49.3	53	53.4	55.3	57.1	60.2	64.6	68.6	72.3	76.4	79	83.4	86	89.1	96.1	101.1	105.8	111.1	110.9	112.2	113.4	118.6	123.9	121.9	120.7	117	108.4	102.7	100.7	94.2	89.6	89.3	86.7	83.9	80.3	75.7	70.7	67.7	65.3	66.5	68	67	65.1	62.3	59.1	57.9	57.8	62.3	66.2	68.6	68.3	71	74.7	78.3	82.3	84	87	91.4	95.1	97.1	96.6	98.2	103.8	106.9	107.8	109.2	106	101	96.2	90.2	84.1	79.6	76.6	70.6	57.1	46.9	41.1	35.9	33	33.2	31.2	30.7	26.6	21.5	19.2	18.2	19.2	21	18.1	19.8	22	25.2	31.8	32.2	35.7	39.1	32.9	26.6	25.5	34	57	88.9	98.3	101.7	122.8	165.9	236.7	238.2	243.9	249.9	250.2	252.3	252.3	252.3	255	255	254.7	255	243.3
255	255	255	255	255	255	255	255	255	255	255	255	255	196.2	144	148.2	148.2	140.4	136.8	136.2	133.6	115.4	110	112.4	91.7	58.4	41.8	34.4	34.5	39.4	36.3	34.3	38.4	33.4	20.4	14.8	14.8	15.4	19.4	31.3	53	82.1	100.3	109.5	124.8	135.8	141.6	138.9	134.9	131.1	119.8	109.1	104.5	100.5	95.4	91.2	85.8	80.6	79.5	77.5	74.8	74	71.9	68.7	65.1	61.7	58.9	55.9	55.8	54.8	54.1	51.8	50.1	49.2	48.7	47.3	48.3	49.9	51.1	52.4	54.5	55.5	59	63.6	67.5	70.4	72.8	75.5	79.2	83.9	90.1	94.1	100.1	107.8	112.1	115	116.6	117.3	120.9	118.6	113.2	107.1	101	93	87.3	84.3	81.8	78.9	78.6	75.6	71.3	68	65.7	61.5	58.8	56.7	54	52	50	48.5	47.7	47.2	49.6	51.7	51.2	52.7	55	58.2	61.3	62.6	65.2	69.3	73.7	79.9	86.1	89.1	88.6	89.2	96.3	97.7	95.9	98.1	101.1	100.8	96.3	91.2	84.7	78.9	76.4	74.3	63.8	50.1	41.4	36.4	33.8	31.4	31.2	31.8	29	24	18.6	18.8	19.2	21.1	18.9	18.6	23.2	27	32.4	31	35.1	40.9	36.4	27.2	24.3	37.6	67.2	99.1	111.3	111.6	129.3	176.2	241.8	240.9	249.9	255	255	253.8	252	249.6	251.7	253.5	251.4	252.3	245.7
255	255	255	255	255	255	255	255	255	255	255	255	255	199.8	148.2	149.4	148.8	142	138	137.4	131.1	115	113	113	92.6	63.6	46.2	34.5	36.2	41	34.6	34.8	37.8	29.8	19	15.1	14.8	15.4	19.4	32.8	56.9	83.6	101.3	116.9	131.7	139.2	144.1	140.3	136.3	128.1	114.7	104.3	100.5	96.8	90.7	87.7	84.3	82	80.2	80.6	80.9	78.3	74.5	71.7	68.7	66.4	62.8	60.3	59.6	57.5	54.8	53.7	52.7	52	52	52.6	51.8	52.4	53.3	53.8	53.9	55.4	58.7	61.8	64.6	68.3	71.4	72.5	77	83.4	87.4	93.3	102.5	111.8	114.4	117	121.7	121.7	120.8	117.4	111.2	104.7	98	90.8	83.7	78.8	76.7	74.1	73.2	71.3	66.9	63.7	61.5	61.3	56.3	55.4	54.2	52	49.2	47.1	48	48.6	48.1	50.7	52	53.1	55.6	57	60.3	61.4	61.8	64.1	68.6	76.9	82.1	82.5	86	88.1	91.9	97.6	96.8	94.5	95.2	96.2	95.5	89.8	83.4	78.6	75.3	73.5	66.4	53	43.8	38.7	34.3	30.5	29.8	32.4	28.6	24.6	19.5	19.7	18.4	20.4	18.6	16.2	21.3	24	31.2	32.4	33.3	41.2	39.1	28.3	27.4	44.2	79.1	114.6	118.4	113.7	130.9	167.7	237.6	254.5	255	255	255	255	255	250.8	243.3	241.5	244.8	247.2	254.4
255	255	255	255	255	255	255	255	255	255	255	255	255	222.6	174	153	149.4	143.9	141	138	132.9	119.6	113	112.9	93.5	63.5	45	38.7	39.6	37.6	33.9	34.8	34.5	29.5	21.9	16.6	15.6	16.1	20.4	35.5	59.4	84.3	101.4	116.8	130.3	136.9	142.6	141.4	133	123.4	109.4	104.9	98.4	91.2	88.5	84.9	82.3	83.5	82.8	80.1	79.5	77.8	72.7	67.5	62	57.3	53.4	51.8	50	45.7	41	39.6	38.4	37.9	36.7	37.6	41.7	44.3	46.3	48.1	49.3	51	55.2	56.6	59.3	61.8	64.5	66.2	69.4	77.5	85.2	93	105.2	119.6	127.5	129.4	132.8	133.9	129.8	120.2	112	103.7	95.7	86.7	78.7	73.4	68.6	67.2	65.6	63.9	61.9	57	55.3	54.7	53.1	53.4	52	49.7	47.4	45.9	45.3	46.2	47.7	48.5	50.9	53.2	55.7	55.9	57.2	58.2	59.1	60.2	62.7	65.1	66.9	69.3	72.3	76.1	77.6	81.4	86.8	93	97.3	98.2	97.6	92.3	89.7	84.2	79.6	77.1	74.7	64.2	51.1	42	34.4	26.9	24.7	27.8	30	28.1	24.6	19.1	19.9	22.3	19.6	16.3	17.1	23.1	29.4	32.2	31.8	37.6	43	37.5	35.8	49.4	80.6	108.5	111.1	114.2	134.2	176.9	222.9	254.7	253.6	254	255	255	255	255	245.4	241.2	244.5	249.9	255
255	255	255	255	255	255	255	255	255	255	255	255	255	201.6	163.2	154.8	154.2	142.2	140.4	141	137	125.4	115.5	105.8	83.5	70.7	49.6	40.8	46.9	37.9	31.9	39.9	35.1	24.4	17.1	15.9	15.4	16.9	23.4	42.5	71.6	96.9	109.8	124.9	136.7	140.4	142.5	134.3	126.3	112.6	100.3	97.7	93.3	88.9	87.3	84.2	83.4	81.7	80.5	79.6	76.5	73.2	65	59	55.5	51.2	48.8	48.5	45.5	40.6	38.7	36.3	33.5	32.9	31.5	31.6	35	39.1	43.1	44.6	47.5	50.5	52.7	55.8	58.4	61.4	64.7	66.7	71.1	79.2	89	97.9	112.1	129.2	139.8	145.2	143.9	142	137.5	129.3	116.5	105.3	95.1	85.7	77.8	72	66.8	64.1	62.3	58.9	56.6	53.2	52.1	50.9	51.2	51.6	48.7	43.8	41.1	39.8	38.7	39.4	39.9	41.3	43.7	46.5	49.5	52.8	56.4	56.2	57.2	59	60.2	64.1	67.8	68.7	69.1	70.4	75.1	81.2	86.4	93.8	98.7	99.9	97.8	94.8	92.7	83.7	76.7	73.9	72.4	61.9	47.7	41.3	36	30.8	26.4	29.4	31.7	28.5	24.5	20.3	19.5	20.5	19.9	15	18	24.1	31.8	34.3	30.9	41.1	43.6	37.7	37.8	60.8	94.5	111.1	106.1	117.9	138.7	185.5	244.5	235.5	235.5	245	252.3	252.9	250.8	254.1	252.9	245.7	242.4	242.7	245.1
255	255	255	255	255	255	255	255	255	255	255	255	255	223.8	174.6	159.6	159	144	141.6	148.2	142.6	123.7	114.9	103.8	86.2	77	56.4	47.7	42.5	32.5	38.2	37.9	25.7	20.3	17.1	17.1	16	19	31.1	59.4	89.2	104	113.4	127	140.2	142	138.9	128.9	116.9	108.8	102.4	98	93.7	91.9	88.7	84.1	80.7	74.8	66.4	60.8	59.5	58.1	56.9	55.1	52.7	50.1	49.8	49.4	49	44	41.5	40.5	38.6	35.6	34.1	32.9	29.2	29.8	33.1	38	42.4	45.3	47.4	51.5	53.5	56.2	59.3	62.8	69.7	78	89.3	105.6	127	150.8	166.3	173.6	173.5	165.7	155.8	145.2	130.7	114.7	99.5	85.4	75.4	66.1	62.4	60.7	55.9	50.7	49	47.1	44.9	41.6	39	36.7	30.7	28.2	26.4	27.1	25.7	28	29.9	31.7	32.5	33.5	34.8	38.6	39.6	40.1	44.3	49.2	53.4	58.7	61.1	63.1	64.6	67.1	71	75.1	81.1	84.9	90.2	96.4	95.5	96.5	94.5	89.2	83.7	77.5	74.6	64	49.7	42.8	37	30.9	27	29.4	31.3	27.6	23.9	21.4	19.1	20	22.2	16.2	16.8	24.7	34.6	36.7	34.3	42.3	47.5	42.3	44.5	66.1	103	115.2	101.1	118.1	141	193.4	241.2	234.8	233.8	239.3	246.1	247.2	246	250.8	253.5	248.7	242.4	240.3	240.6
255	255	255	255	255	255	255	255	255	255	255	255	255	243.6	185.4	161.4	163.2	145.8	144.6	150	144.6	129.3	116.2	114.7	103.5	86.4	77.1	62.5	44.7	35.5	40	39.1	27	22.2	19	17.8	17.6	20.5	35	63.4	92	104.7	116.8	133.8	146	147.9	141.9	132.2	122.7	112.9	106.2	102	98.4	92.9	88.9	83	78.1	70.4	62.2	57.6	55.6	54.6	54.2	54	51.3	48.8	46.4	45.2	44.4	41.3	38.1	37.6	36.5	34.8	35.1	34.3	31.6	28.2	27.1	32.1	36.2	40.8	44.3	46.6	50.9	54.3	57.7	62.8	70.8	79.1	92.1	112.3	134.4	158.4	178.3	187.2	183.4	176.3	169.8	157.2	141.9	125.6	108.3	90.9	77.5	68.7	62.8	58.1	53.3	48.6	45.9	42.5	40.5	36.8	33.1	30.2	26.3	24.4	24.6	24.5	25.7	27.4	30.9	32.1	34.3	35.8	37.6	37	37.1	37.5	37.5	38.9	45.9	52.3	57.1	59.4	62.6	65.5	68.4	70.3	74.5	79.3	82.8	90	93.7	95.1	94.6	92.8	88.2	80.7	77.6	70.3	55.1	44.6	39.8	32.5	26.1	27.7	31.8	27.9	24.3	21	19.1	20.1	21.2	19.2	15	22.3	32.5	37.5	35.5	41.2	50.3	54.2	63.7	79.1	93.5	105.5	103	118.9	134.1	180.1	249.9	249.7	248	240.8	233.6	241	247.8	253.4	255	255	249.3	243.3	245.7
255	255	255	255	255	255	255	255	255	255	255	255	255	236.4	177.6	158.4	150.6	149.4	151.8	144	136.2	131.9	120	114.7	113.1	98.3	87	67.6	42.7	38.8	41.4	32.1	21.6	21	18.3	17.5	20.6	28.1	46.5	77.1	100	108.7	117.8	136.5	147.8	149.3	142.1	133.2	122.9	113.7	110.5	101.8	94.3	85	77.9	69.1	62.7	60.2	60.5	59.6	53.7	48.1	46.8	46.8	45.9	39.1	32.4	31.3	28	21.2	19.7	18.9	21.1	21.6	26.7	31.1	32.4	32.6	30.1	29.6	30.7	33.9	36.3	41.7	46.3	50.5	54.1	59.6	67.6	79.7	99.1	126.5	153.8	175.4	190.8	203.5	206.2	199.3	192.8	179.1	159.8	140	115.5	93.1	75.5	66.1	59.7	53.3	46.8	43.7	40.5	35.9	32.7	29.7	26.4	26.8	26.5	27.8	29.2	29.7	28.8	29.4	30.2	29.5	29.7	32.6	35.8	38.9	41.5	41.5	38.7	33.5	31.8	34.8	40.1	48.6	55.7	59.7	64.3	65.7	69.4	72.6	74.6	80.3	83.5	86.2	90.4	92.9	89.6	84.4	80.7	74.2	61.4	48.3	41.6	33.6	26.2	26.4	30.8	29.2	23.2	20.4	16.7	16.5	18.2	19.5	14.2	19.2	33.7	38.1	35.8	40.8	53.5	64.1	80.8	98	98.8	95.6	104.2	122.9	136.2	198.9	252.9	253.2	249.1	244.6	238.2	245	251.5	253.1	253.9	255	252.3	243.9	245.7
255	255	255	255	255	255	255	255	255	255	255	255	255	245.4	184.2	157.2	154.2	149.3	148.1	144	136.2	130.2	124.5	116.1	116.7	112.9	108.3	99	66.6	47.7	43.9	36.1	23.7	20.7	16.6	16.6	18.5	30.3	48.9	79.1	101.6	110.8	126.6	144.3	147.9	149.5	143.9	132.1	120.8	109.8	104.2	97.8	91.2	84.4	77.3	67.2	61	58.7	55.9	48.8	45.5	45.3	47.4	49.1	46.7	34.8	24.2	21.6	22	11.8	9.2	9.5	11.5	12.2	16.3	22.6	28.8	31.8	32.2	29.8	29.3	31.1	33.7	36.7	42.3	47.6	53.5	59	67	80.9	102.4	130.8	160.1	186.6	197.2	211.4	216.7	211.7	210.4	195.4	173.2	150.3	124.6	99.3	79	66.4	58	49.2	43.7	41	37.6	33	29.6	25.9	24.1	25.4	27.7	29.2	30	26.5	23.4	20.7	19.7	17.8	17.4	19.4	22.1	24.9	29.8	33.4	37.1	36.6	35.7	33.2	34.4	39.2	48	55.4	59.1	63.2	66.1	69.2	72.3	75.4	81	85.8	90.1	92.4	90.8	89.5	85.7	78.4	66.6	51.8	43.5	35.5	24.9	24.5	30.5	32	24.8	20.2	16.6	17.1	18.3	19.3	15.6	16.9	31.7	39	36.6	41.2	64.8	78.4	82.6	108.8	117.1	116.2	119.2	126	132	192	252.9	255	252.7	254.5	253.8	254.1	255	255	254.3	254	255	252	243
255	255	255	255	255	255	255	255	255	255	255	255	255	232.8	169.2	162.6	160.8	150.6	148.5	139.8	138	138.4	127.6	117.7	116.4	111.2	112.9	107.4	76.3	55.5	45.9	32.1	25.3	20.4	16.5	16.6	20.9	38.4	64.9	93.7	105.8	112.7	128.6	147.8	149.7	147.8	141.1	130.1	121.1	109.7	98.2	92.4	84.5	74.1	62.2	60.3	62	54.7	44.8	42.2	47.1	55.1	59.9	60.3	48.4	32.6	26.6	14.8	8.5	8.8	10	8.5	11.8	14.2	15.7	22.6	24.1	26.3	32.8	33.1	33.4	32.8	32.7	35.1	40.7	45.8	51.5	57.5	66.4	84.5	109.5	136.8	162.4	190	206.7	215.2	218.8	220.1	219.3	199.7	175.1	148.5	121.8	100.1	79.5	65.8	57.2	46.8	40.8	37.1	32.1	29	27.5	27.6	28.8	31.1	32.2	29.1	28.3	26.1	15.9	12.7	12.2	7	5.1	8.5	9	7.9	11.2	13.4	22.3	28.8	35.6	39	38.2	34.7	34.6	43.2	52	58.3	63.1	68.3	73	74.6	77.1	82.2	87.3	93.4	97.4	95.4	90.7	83.6	70.4	55.2	44	37.4	27.4	23.4	29.8	30.4	23.6	21.4	19	16.1	15.8	16.9	15.9	17.4	30.3	39.7	37.5	45.4	72	79	75.7	100	112.3	112.9	121.2	129.7	139.5	207.6	251.4	255	252.5	254	255	251.1	252.3	255	255	254.7	255	255	245.4
255	255	255	255	255	255	255	255	255	255	255	255	250.8	234	208.8	175.2	159.6	159.6	154.5	144.6	139.2	140.2	135.5	121.9	114.5	115.6	113.1	107.9	96.9	70.9	58.2	53.4	41.2	31.8	23.2	18	20.3	32.8	55.2	80	102.2	115.8	134.9	148	153.6	153.2	143.1	132.6	123.9	114	104.2	97.1	88.7	78.8	67.7	57.7	50.5	47.5	42.3	39.4	39.3	45.4	53.7	59.3	58.4	42.4	30.7	25.3	16.5	11.7	9.9	10.5	13.2	14.7	16.8	21.2	23.6	22.2	24.1	30.1	35.7	37.5	35.2	36.9	40.6	46.1	51.6	58.2	68.5	82.9	102.9	129.4	157.3	182.2	204.5	215.9	224.3	224.3	223	220.4	194.6	163.5	137.5	113.2	91	70.7	57.6	48.4	42.3	36.9	33.3	29.7	27.8	28.4	28	29.3	27.2	25.7	25.7	25.8	20.4	16.5	12.2	9	7.8	6	11.5	10.9	9.7	10.2	14.6	21.3	24.9	33.1	39.5	40.4	34	31.1	42.1	52.8	58.8	63	67.8	71.1	73.4	78.8	86	91.9	98.4	103.2	102.2	95.5	84.3	68.2	52.5	41.9	28.1	18.6	23.2	30	27.2	22	21.8	17.7	14.5	16.6	21.7	25.5	34.8	47.8	51.9	51.4	62.2	76.7	82.5	86.6	93.3	96.7	108.9	130	141.3	173.1	223.2	241.2	242.7	251.7	249	238	233.5	235.6	238.8	241.5	238.5	246	251.1
255	255	255	255	255	255	255	255	255	255	255	245.4	211.9	183.6	186.6	183.6	168.8	161.9	149.9	138.9	144.8	145.4	133.9	120.2	117.9	119	119.3	112.1	96.9	77.4	64.5	47.4	44.1	34.5	21.9	20.2	30.5	53.5	82.2	101.9	112.8	121.5	139.1	153.4	154.3	149.5	139.3	126.5	115.4	107.1	99.9	91	78.4	68.7	65.4	61.9	60.9	58.4	54.1	50.9	51.3	58.7	62.4	68.4	63.2	42.6	32.6	28.2	21.7	16.9	17.4	19.5	24.6	22.6	24.2	32.4	29.2	22.6	20.5	23.4	28.8	36.4	43.3	46.2	50.3	54.3	55.1	63.4	78.1	96.2	118.4	146.3	180.2	210.5	221.6	224.1	225.6	226.2	223.4	206.9	175.9	151.4	127.2	108.3	89	72.9	59.1	48.2	40.1	36.1	33.9	33.6	31.7	28.1	26.3	22.5	21.9	26.9	34.6	34.4	20.9	19.5	14.1	7.6	8.7	8.4	7.3	11.8	12	12.4	23.7	30.6	26	25.2	29.9	36.7	39.3	35.3	35.9	47.3	56.4	62.4	66	69.7	73.9	77.8	83	89.3	95.6	97.6	96.7	91.9	80.3	63.3	50.3	39.9	29.8	20.8	27.3	35.6	26.3	23.5	21.8	16.7	15.3	18.1	23	28.8	45.9	60.4	60	63.6	81.9	87.2	79.6	80.9	85.2	91.4	110.9	143.2	176.7	234.9	241.8	239.1	241.6	251.8	250.1	240.4	233.1	232.8	231.9	231.6	230.7	241.5	249.3
255	255	255	255	255	255	255	255	255	255	255	255	236.4	195	195.4	200.6	182.1	170.6	157	144.6	149.4	150	138.6	125.2	122.1	121.7	120.6	115.3	96.3	76.8	67.5	49.2	45.4	40.2	27.7	22.1	33.3	56.9	85.4	104.4	113.4	126.6	146.8	154.8	153.6	152.6	142.5	128.9	115.8	107.2	101.1	90.2	76.3	68.2	63.9	62.1	66.3	67.9	64.2	65	67.5	72.6	71.8	75.3	77.2	64.8	52.6	47.1	38.6	31	30	30.4	34	30.5	33.3	40.5	37.2	29.8	23.8	21.7	29.1	38.6	51	59.6	62.4	65.2	62	67.7	82.8	100.9	118.8	144.3	176	207.3	223.2	226	227.2	226.9	226.9	211.6	180.2	154.2	128.8	110.2	93	75.3	61.8	52.1	45.4	40.9	39.7	37.8	30.8	24.6	21.9	18.3	21.5	29.1	37.3	41.7	32	24.6	20.7	13.4	12.1	12.3	12.4	14.5	17	17.5	30	38.3	33.5	27.1	25.8	30.4	35.9	34.7	31.9	38.4	48.6	55.2	61.1	64.7	69.3	75.8	82.6	88.9	96.7	99.2	100.4	95.8	84.8	69.2	53.8	42.1	29	19.7	22.5	34.2	29.6	22.2	22	19.7	22	24.1	28.3	34.9	45	59.2	64.8	73	96	106.8	93.4	83.3	85	98.4	116.7	136.8	161.8	224.1	246.6	246.9	242.7	245.1	251.4	252.9	249	242.7	238.5	237.3	238.2	240.2	245.1
255	255	255	255	255	255	255	255	255	255	255	255	247.2	221.4	220.7	211	196.8	191.4	166.2	154.2	157.2	150.6	143.7	136.7	130.1	126.6	121.9	116	97.6	77.1	64.3	47.1	44.5	42.3	30.9	30.4	50.3	74.3	98.7	111.1	115.2	126	144.4	151.7	149.7	148.8	141.4	129	121.2	114.4	103.5	92.9	89.5	80.6	80.6	88.6	89.3	87.4	88	90	96.6	100.7	96.7	93.3	98.7	97.3	87.2	80.6	76.4	73.3	68.4	66.8	68.7	67	64.3	61.8	57.6	51.9	46.4	45.4	49.9	56	62.7	69.7	75.4	76.7	73.2	83.1	100.1	109.6	126.6	152.7	183.2	207.5	222	224.8	224.7	225.9	219.2	202.5	175.7	152.2	130.9	119.1	105	87.5	70.4	56.5	53.4	52.2	48.3	38.8	32.5	27.8	24.9	25.6	29.5	36.4	43.6	49.2	43.5	33	30	27.1	23.3	22.7	24.7	24.9	24.8	31.4	47.5	47.7	41.6	36.8	30.3	30.8	35.3	37	36.4	36.8	45	53.8	60.5	66.2	72.2	79.3	88.2	96.5	100.7	101	100.7	97.9	88.1	72	55.8	44.5	32.4	22	21.8	29.6	28.1	26.2	25	20.4	25.3	29	30.8	38	48.1	58	63	71.8	91.4	106.2	99.1	79.1	81.2	100.3	127.9	161.4	208.3	233.1	244.8	247.8	243	242.4	248.1	255	254	250.8	247.8	246.6	245.1	244.9	244.6
255	255	255	255	255	255	255	255	255	255	255	255	252	231.6	222	217.2	201.6	192	173.4	156.6	157.2	152.4	151.8	145	136.1	129.1	124.1	109.1	77.7	64.3	53.8	40.2	37.5	43.1	37.2	38	56.4	77.7	100.2	111.7	120	137.6	154	159.2	158.5	156.1	149.7	140.6	133.2	124.7	115.6	106.1	97.8	87.8	86.4	96.5	101.8	105.5	110.5	112.6	114.7	118.3	115.1	109.1	109.4	110.3	104.5	97.5	93.3	89.4	85.9	81.4	80.8	81	77.8	73	69.6	66.2	64.7	65.4	64.6	66.9	71	75.8	80.6	82.9	82.7	92.1	106.9	114.7	127.8	151.3	178	202.6	220.5	223.2	224.2	226.9	220.1	205	179.4	151.9	129.7	119.5	109.1	94.8	80.7	64.1	60	59.5	55.4	49.5	45.7	42.1	39.2	42.8	45.8	49	54.4	59.1	59.4	53.6	51.2	49.4	44	43.1	45.5	41.7	40.7	44.2	56.3	59.3	53.6	49.3	45.6	43.2	43.5	43.2	41.4	36.9	40	50.7	59.5	67.8	73.7	80.7	88.8	99.8	106.4	107.9	105.3	101.5	92.1	79.5	60.7	47.5	34.6	21.7	19.8	26.2	28.6	25.4	25.4	26.2	30.6	33.6	33.9	34.8	37.1	46.9	55.1	64.1	79.7	99.9	106.7	90.2	83.9	98.4	126.9	175.5	232.2	243.4	239.9	241.5	248.7	252	247.2	251.4	254.7	251.6	254.6	254.4	255	255	252.9
255	255	255	255	255	255	255	255	255	255	255	255	248.4	222	240.6	234	209.4	204.6	172.2	159.6	160.8	166.2	180	169.8	153.6	136.3	126	105.6	77.7	63.3	49.3	42	38.7	45.9	52.2	56.8	72.3	93.9	108.4	113.7	120.3	139.7	161.5	168.8	167.1	168.4	164.8	157.7	150.3	138.2	124.3	115.5	109.4	110.9	108.8	107.3	115.4	119.8	121.6	121.7	127.4	134	128.6	122.7	120.1	114.8	109.7	105.1	101.7	96.3	90.9	86.1	82.3	81.3	80.3	78.6	77.1	73.9	75.1	77.4	74.2	74.2	76.8	77	86.2	93.3	103.9	115.6	118.9	118.9	132.1	156.7	181	198.5	212.1	215.5	213.3	217	205.9	191.8	174.2	149.9	131.7	123.7	121.6	111.8	97.7	78.5	68.5	64	62.1	62.8	63.5	61.1	58.8	63.2	64	66.7	73.5	76	78.9	79.7	78.4	80.7	86.1	87.8	91.8	83.3	80	78.8	80.2	77.3	70	71.1	73	70.3	64.8	59	54.4	52.7	51.3	55.2	64.3	75.5	81.8	89.5	101.3	108.2	111	112.4	110.5	106.7	97.8	84.7	67.2	50.5	37.8	24.1	20.2	26	28	24.1	25	26.7	30.8	34.2	36.9	33.3	35.9	48.1	55.7	62.6	76.2	89.1	94.1	90.1	90	101.8	157.9	231.8	254.1	244.8	238.5	240.6	246.9	254.1	251.1	252	254.5	252.4	252.7	251	255	255	254.7
255	255	255	255	255	255	255	255	255	255	254.5	255	247.8	217.6	245.4	251.4	225.6	213.9	179.4	162.6	163.8	172.2	188.9	181.3	164.7	141.1	125.5	85.7	67.8	58.1	49.3	44.2	42	45	56.1	63.9	76.5	95	109.4	114.1	120.2	140.6	161.8	167.2	165.1	162.4	161	155.3	149.2	139.4	130	124.4	121.1	122.6	122.7	122.5	123.8	127.7	129.2	127.3	128.1	132	131.9	127.2	123.9	121.6	113.6	111.2	106.7	99.5	96.9	94.7	89.4	86.8	84.9	79.7	78.9	78.8	79.3	82	80.6	79.8	82.3	84.6	92.2	104.3	116.1	124.6	125.8	122.4	135.6	159.2	180.8	196.2	207.5	212.6	208.7	212	202.9	185.3	169.2	148.4	132.8	123.1	121.4	115.7	107.3	92.7	79.9	69.8	64.5	64.5	62.2	63.6	64.9	62.7	63.8	68.7	72.1	76	78.9	81.6	82.1	83.1	87.8	94.2	101.9	90.5	81.7	81.8	85.3	82.4	77	79.1	82.1	80.7	75.6	72.8	67.4	65.4	66.3	67.7	76.2	86.3	95.9	103.7	106.9	110.7	114.4	116.1	114.7	109.2	100.9	89.7	73	54	39.4	25.5	19.6	24.8	28.1	25.2	26.5	28.6	30.9	34	31.3	27.3	31.8	45.5	54	61.7	70.5	82	85.3	90.7	101.9	104.3	145	222.2	238.5	240.6	244.5	246.6	243.9	245.4	249	254.4	255	254.8	247.2	242.1	248.1	252.3	250.2
255	255	255	255	255	255	255	255	255	255	255	255	240.6	250.2	255	254.8	251.5	211.1	182.4	173.4	180	204.6	209.1	183.8	160.2	139	123.8	86.2	70.2	57.4	49.3	44.9	44.2	47.4	62.2	77.5	98.1	110.3	111.7	115.8	121.7	135.5	150.1	153.5	152.7	150.9	149.6	150.3	150.3	150.6	150.2	145.5	140.6	137.9	133.4	128.3	120.7	123	127	127.6	132.1	134.3	136.9	136.9	136.7	133.1	129.1	124.7	121.6	118.3	113.2	107.9	97.5	89.2	84.1	83.2	80.7	80.9	83.4	86.8	90.8	97.4	98.6	106.5	124	135.3	141.8	138.9	126.5	125	140.2	166.6	193.8	210	217.4	223.2	223.5	223.8	209.9	180.9	158.7	139.7	131.3	127.4	125.7	125.3	121.8	114.8	100.1	87.1	75.8	71.9	67.3	66	65.7	67.6	71.4	74.8	80.2	83.3	87.8	91.1	89.2	88.9	87.6	88	86.4	89.1	89.1	90	95.4	89.3	86.5	88.1	88.6	89.5	89.3	90.8	89.4	82.9	79.6	80.3	84.4	91.4	102.1	109.8	112.1	115.8	117.8	118.3	118.1	113.4	105	92.8	77	58.9	44.1	28.3	20.7	24.4	27.9	26	26.9	29.5	31	33.5	31.9	29.1	34.8	48.2	54.8	60.2	65.5	74.9	83.8	96.4	114.8	121.3	179.4	231.2	237.6	241.1	245.7	246.9	241.9	243.9	247.5	250.8	252	250.2	245	241.5	243.9	246.6	243.9
255	255	255	255	255	255	255	255	255	255	255	255	244.8	254.8	255	252	252.7	223.2	198	184.6	184.6	214.5	223.4	201.8	175.2	143	101.4	76	68.1	60.5	55.4	50.1	48.4	54.5	66.4	83.7	104.2	111.8	113.5	117.6	124.7	144.6	158.2	160.4	159.2	157	156.1	158.6	159.7	161.1	161.6	157.8	154.1	149.6	143.9	140.7	136.9	131.7	123.9	120.5	125.3	129.5	130.3	133.3	135.4	135.3	131.3	126.4	122.4	116	108.4	102.7	96.4	91.7	87.7	88.2	91.5	93.6	95.2	96.1	103.7	115.6	116.9	123.9	140.2	152.7	152.9	146.5	132.4	129.4	139	161.8	190.5	213.2	220.6	223.9	221.3	221.3	221.3	188.5	159.7	138.4	128.5	126.2	124.5	126.4	127.7	127.8	118.6	102.1	89.1	81.9	79.4	74.4	72	70.8	73.6	77	83.2	87.4	90.1	92.5	93.2	96.5	94.4	93.3	91.3	95.7	98.8	97.3	100	95.1	92.6	94.2	93.6	96.7	98.3	96.7	99.4	97.7	92.6	89	92	100.9	103.4	107	112.4	116.1	118.9	121.6	120.1	118.3	110.7	97.6	81.4	63.5	46.9	29.5	21.7	22.8	27.7	27.6	28.9	33.7	33.5	29.9	31.6	30.6	33.8	46.1	54.7	58.4	61.9	72.2	92.9	103.4	120.3	134.6	194.8	249.7	253.6	252.4	244.7	233.8	232	244.1	250.8	236.5	231.1	235.2	240.6	246	251.1	252.9	249.1
255	255	255	255	255	255	255	255	255	255	255	255	254.1	255	255	253.6	254.5	248.4	238.2	205.6	224.9	252.3	244.6	214.6	182.7	151.4	101.7	82.2	74.8	64.1	59.9	56.2	53.5	61.1	73.3	95.1	118.1	117.3	116	121	130.1	153.6	172.9	175.4	175.6	172.6	168.8	166.9	168.9	166.1	162.6	156.6	155.2	153.1	153.1	149	146.8	142.3	128.9	122.7	121.4	120	112.4	105.5	103.7	100.8	98.1	94.5	94.2	93.7	93.4	95.1	97.8	97.5	101.2	107.7	113.4	118.5	121.9	126.7	132.8	138.7	142.1	149.4	162.2	167.1	156	139.3	128.1	129.1	143.2	166	189.3	212.6	220.1	225.4	222.6	220.6	216.7	189.6	163.3	137.1	124.7	126.9	125.2	126.1	133.6	138.5	136.5	129.2	117.4	106.7	101.5	94.9	84.9	78	75.1	73	75.9	82.3	88.1	91.3	95.3	98.1	102.5	107.5	105.2	108.7	108.8	108.8	110.6	107.6	108.4	110.5	108.2	108.8	105.6	103.1	105.7	116.6	116.5	109.1	109.5	115.5	116.8	118.2	119.2	122.9	127	127.4	123.6	118.4	114.9	100.4	83.7	65.8	49	34.6	24.7	23.8	27.7	27.6	29.6	36.1	33.8	31.4	35	35.9	38.8	47.6	52.5	52.9	53.2	61.7	88.7	104.9	122.9	156.2	222.3	248.3	252.9	253	245.3	231	228.3	239.8	244.9	236.3	228.5	237	245.4	249.6	253.8	254.8	254.7
255	255	255	255	255	255	255	255	255	255	255	255	255	255	255	254.8	255	255	247.3	213.6	235.8	253.8	246.7	219.4	195.9	153.8	96	81.7	76	69	67.4	65.3	59.8	65	67.3	90.8	118.7	117.3	116.8	123.5	134.3	158.5	177.1	177.4	176.7	176.4	172.8	169.4	167.3	164.1	161.3	162.4	161.6	164.2	161.1	155.4	156.1	150.3	150.5	149.6	143.4	135.3	123.4	115.9	113.7	113	111	111.5	112.2	113.4	117.8	116.1	114.8	116.1	120.2	128.5	133.3	139.5	146.4	147.3	152.5	154.8	157	161.4	168.7	172.8	159.7	141.2	132.2	132.9	143.5	166	188.4	216	224	227.6	223.4	222.7	223.6	194.5	166.7	137.7	122.2	122.4	120.3	122.6	133.5	139.1	140.8	139.6	131.9	123.5	118.5	110.9	102.1	95.1	87.4	81.5	80.4	84.5	88.8	94	95.3	96.4	101.4	106.9	111.6	115.2	114.8	114	114.3	111.2	112.5	115.2	112.9	108.7	106.8	107.1	110.7	120.6	126	122.5	117	118.6	124.5	129.3	132.1	133.2	133.8	135.8	133.4	126.2	120.5	105.9	86.1	68.2	50.2	34.7	24.5	22.6	27.6	32.1	33.1	39.8	37.4	35	39.2	40.5	42.8	49.7	53.2	51.1	51.2	55.1	76.7	100.3	119.3	153.2	217.4	236.6	237	238.5	237.2	232.8	225.9	229.6	233.1	239.3	238.5	237.3	243	245.1	239.7	239.7	249.2
255	255	255	255	255	255	255	255	255	255	255	255	255	255	253.8	254.6	255	255	253.2	234	255	247.7	220.7	212.8	215	178.5	105.1	85	82.5	75.1	72.8	72.7	69.3	67.9	72.4	110.2	128.9	120.5	116.6	124.2	132.7	156.7	177.8	178.1	177.6	176.5	169.2	164.3	165.2	170	173.8	175.8	171.2	165	164.7	167.7	166.9	168.5	171.2	168	164.2	158.9	155.5	153.4	154.4	151	145.5	147.7	146.8	144.1	145.7	142.9	138.6	139	142	146.8	157	165.7	168.8	165.7	163.6	166.6	167.9	171.9	174.3	166.8	151.6	134.8	128.5	134.9	150.8	169.2	192.3	214.5	222.6	226.5	224.1	223.9	219.3	193.1	170.1	140.6	121.4	120.3	119.3	123.4	136.1	141.5	142.2	143.2	141.8	141.3	141.1	139.4	129.6	121.4	114.1	105.1	94.6	86.6	84.5	84.7	85.5	87.4	89.2	90.3	92.2	91.4	91.4	91.2	90	91	92.6	94.5	96	100	104.5	113.3	123.4	121.4	128	137.6	136.7	134.5	133.4	130	134	137.7	140.5	138.1	135.2	128.6	118.1	105.2	89.6	72.4	54.3	37.1	26.8	23.6	29.4	33.1	34.6	42.1	41.5	39.4	43.9	47.9	48.3	49.2	47.2	44.9	45.3	50.1	72.3	104.6	127.4	181.8	235.3	235.9	236.1	237.6	238.8	234	226.2	227.3	230.7	238.6	238.8	234	237.3	239.4	236.1	236.4	243.5
255	255	255	255	255	255	255	255	255	253.8	252.5	254.8	255	253	250.6	253.7	253.3	255	255	238.7	255	247.2	220.8	219	226.8	191.4	115.8	88.3	91.6	85.4	82	78.6	75	71.5	77.7	114.1	129.8	119.6	116.1	122.2	134.6	162.3	176	176.5	177.8	175.7	167.1	167.5	174.6	181.3	182.3	181.4	172.4	165.3	174	175.3	170.5	175	175.7	171.7	168.7	167.7	171.1	172.2	167.4	166.3	162.3	161.2	161.6	162.6	161.5	155.9	157.8	161.9	164.3	163.6	171.1	180.5	181.1	177.4	171.5	169.9	168.3	171.7	174.7	166.6	150.8	135.9	130.4	136.8	151.8	169.1	196.4	218.3	222.6	224	223	222.5	219.2	192.7	170.5	144.3	123	119.3	120.2	120.9	132.7	142.8	143.4	146.7	148.1	148.3	151	154	150.3	143.4	134	126.5	117.1	107.3	99.1	92.7	91.2	90	94.7	98.1	97	96.7	98.2	99.9	100.2	101.7	101.7	100.9	103.5	109.2	116.6	124.4	133.9	131	128.6	138.5	143.7	141.6	138.8	137.3	137.9	138.7	140.5	138.1	135.5	129.6	121.2	109.5	93.4	75.5	56.9	38.7	27.8	22.8	28.8	37	38.8	44.2	43.3	43.7	47.4	50.9	49.3	50.7	48.8	45.5	45.2	49	67.7	102.8	123.8	172	222.2	226.8	226.7	230.9	234.3	231.6	227.1	231.9	233.1	235.7	243.2	241.3	238.1	240.1	247.5	248.7	242.7
255	255	255	255	255	255	255	255	255	253.6	253.9	255	255	252.2	251.2	253.9	252.4	254.5	254.8	253.6	255	255	251.4	255	250.2	211.2	125.6	95.5	95.3	84.9	85	81.3	75.5	68.2	90.2	130.4	130.4	121.4	117.5	124.3	134.3	155.1	172.9	180.1	180.2	179.7	185	187	190.2	189.1	182.6	178.3	180.5	184	186.5	188.8	191	188.2	187.2	192.3	188.5	185.5	185.8	188	193.9	193.3	187.2	185.2	184.3	188.2	193.9	195.8	199.8	203.6	203.4	198.6	194.9	194.7	191	179.2	172	170.5	169.1	175.2	172	155.1	139.7	130.5	131.5	146.1	160.7	177.6	198.8	215.7	221.2	223.9	222.6	220.9	209	191.5	170.8	149.3	127	119.7	121.7	126.3	137	143.1	147	148	151.5	150.8	154.7	160	163.9	164.9	161.5	157.8	154.6	150.2	146.4	133.2	122.9	117.1	112.3	109.1	106.4	101.2	99.7	103.6	107.7	112.3	116.5	122.6	129.7	134	139.4	140.7	142.1	146.7	145.9	140.1	136.6	142.5	144.9	146.3	148.2	148.1	147.1	146.6	137.4	128.5	119.3	109.6	95.1	78.8	61.8	41.9	31.8	29	33.2	40.6	41.2	45.8	46.6	47.2	52.2	57.9	53.1	51	47.3	39.6	43.3	53.4	68	101.4	123.8	183	224.2	223.9	228.7	232.4	233.3	232.5	227.7	232.2	234.5	238.7	247.5	245.4	241.5	240.5	248.7	249.3	243
255	255	255	255	255	255	255	255	255	255	255	255	255	255	255	255	254.4	255	254.3	252.9	255	254.6	251.1	254.7	236.2	207.1	144.3	99.6	102.1	90.4	86.2	83.3	80.9	71.1	91	135.8	132.9	123.9	121.2	122.5	135.7	160.6	175.4	181.9	181.8	186.1	193.3	192.6	192.2	190.1	183.5	182.7	189.1	194.6	196.3	202.1	205.1	204.2	204	202.3	205	207.2	207.7	211.3	213.2	211.1	207.8	204.2	202.9	206.3	209.6	212.6	212.6	212.7	215	212.4	207.8	200.4	193.2	180.7	171.3	167.4	167.6	173.7	171.7	157.1	140.9	131.9	134.6	148	161	178.5	198	212.4	221.5	222	218.2	217.9	210.1	192.3	171.1	152	128.8	117.8	118.1	124.6	137	143.3	147.8	147.6	152.4	155.8	158.2	160.3	166.5	170.2	171.9	173.3	171.8	168.4	162.4	155.8	151.6	147.1	140.3	135.1	128.1	121.8	117.4	117.5	119.2	123.2	128.2	135.1	140.8	144.1	147.8	149.8	145.7	149.5	153.3	149.8	140.2	140.2	146.7	148.6	150.3	152.3	147.9	146.4	141.3	132.3	121.7	110.5	98.8	82.8	63.5	42.4	31.9	29.2	34.8	46.3	45.6	49.6	53.4	52	52.8	58.1	56.8	50.7	47.3	40.8	43.1	59.5	74.1	96	117.7	165.1	217.8	223.5	229.2	235.6	235.8	239.7	234	230.1	231	235.2	241.8	243.3	238.6	231.2	228.8	233.5	236.1
255	255	255	255	255	255	255	255	255	255	254.6	254.6	255	255	255	255	255	255	254.3	252.6	254.5	252.2	250.2	253.8	234	209	151.7	109.5	100.5	93.8	87.2	79.2	77.9	73.1	109.5	143.3	135.3	125.9	125	123.4	133.6	161.1	177.8	184.9	187.6	190	192.7	191.8	191.7	188.9	192.3	199.9	205.4	206.5	207.9	210	211.6	211.8	214.2	214.7	216.4	218.2	218.9	218.8	218.3	219.6	218.1	215.5	213.2	212.4	214.1	216.1	216.6	214.7	215.5	211.2	206.6	199	192.8	184.3	173.2	168.3	169.2	172.1	165.1	152.6	141.5	137.4	142.1	153	168.3	184.6	199.7	212.4	219.1	220.7	219.4	218.3	199.6	178.3	162.5	149.6	134.9	121.8	121.2	129	142.1	150.7	148.8	147.3	151.7	155.2	154.1	156.4	164.8	172.6	179.9	185.2	188.1	186.5	184.6	184	186.8	184.4	179.3	177.4	176.7	170.1	166.6	165	161.5	159.9	164.4	163.8	163	164.7	168.1	168.3	163.3	157.7	160.7	159.7	158.6	154.2	152.6	151.1	150.8	152.3	151.6	149.9	145.3	136.3	124.8	112.2	98.7	86.3	71.8	50.2	37.7	35.5	37.1	49.7	50.2	53.1	56.4	59.7	59.8	62.2	59.9	51.7	47.2	43	50.2	74.2	89.5	113.8	146.3	175.2	221.4	222.4	225.3	232.5	237.6	242.4	240.3	236.1	233.7	233.7	238.2	240.6	238.3	231.7	228.4	232.6	234.6
255	255	255	255	255	255	255	255	255	255	255	255	255	255	254	253.3	255	255	254.8	253.9	253.8	253.1	254	250.2	228	208.4	163.1	115.1	103.6	100.9	93	84.9	80	73.8	109.3	145.4	139	131.9	127.5	123.9	138.8	167.6	176.3	183	185.5	187.5	187.7	189.8	192.5	193.6	197.2	204.2	207.9	209.1	210	210.6	211.3	212.2	214.9	216.8	217.6	219.9	221.1	220.6	221.1	220.8	218.8	217.8	215.7	215.3	216.3	218.5	221.3	220.2	219.2	212.9	206.1	200.2	193.6	183.3	173.5	169.3	169.8	170.1	162.3	150.8	141.1	138.9	144.6	155.5	169.9	186.7	201.2	214.4	217.9	218.9	221	219.4	203.6	179	160	147.8	138	126.4	124.2	129.6	139.1	151.1	151.5	149.4	152.5	155.3	154.1	156	163.2	170.3	180.9	186.8	190	192.7	192.3	190.2	191.8	192.5	194	191.6	188.1	186.7	183.8	180.9	177.1	175.7	181.9	182.1	178.9	173.8	176.8	176.1	170	163.8	157.8	158.2	159.9	158.7	156.6	156.1	154.6	154.2	154.6	150.6	147.5	141	128.2	116.9	103.4	90.1	75	53.5	41.1	37.5	41.1	52.7	55.3	57.5	59.6	61.4	61.7	62.6	62.1	56.7	51.9	50.8	57.8	83.3	101.6	127.4	164.1	187.8	228.9	233	226.8	231.1	240.6	244.5	240.6	238.2	239.7	237.3	239.9	243.4	238.6	239.3	242.9	241.8	236
255	255	255	255	255	254.4	255	255	255	255	255	255	255	255	251.7	251.5	255	255	254.1	254	253.9	254.6	255	249.9	229.7	206.5	174.9	112.3	97.4	102.9	95.3	89.4	82.3	85.7	132.7	149.7	142.5	137.8	131	126	139	167.6	177	177.9	180.7	187.5	186.3	190.6	199.2	200.6	203	204.3	203.7	209.8	211	211	211.6	211.7	213.5	215.8	217.4	218.4	219.1	220	221.2	221.5	219.3	219.1	217	216.3	218.7	221	222.8	221.2	214.7	210.7	206.1	201.5	195.4	186.2	177.6	172.5	170.7	168.1	155	146	141.9	144.9	150.2	161.7	172	187.3	203	216	217.2	216.3	219	209.8	191.5	173.4	157.3	150.4	141.9	132.4	129.1	131.5	142.7	153.1	149.8	148.6	149.9	149.9	152.9	155.3	163.8	171.6	179.5	191.1	198.1	205	205.9	203.8	204.1	205.9	207.1	205.4	205.7	205.7	202.4	201	200.1	197.4	197.8	194.8	191.8	191.9	187.8	181.1	176.3	178.8	170.5	157.4	152.7	157.2	160.2	162.7	163.7	160.1	156.2	151.7	145.6	142	132.4	120.5	107.7	94.5	82.5	59.5	44.6	41.6	43.5	54.2	58	60.7	62.8	64.4	65.4	65.4	65.1	63	63.9	77.9	106.4	126.8	154.7	194.7	213.7	215.9	219.9	226.6	228.1	229	240.6	241.8	234.9	231.9	234.9	234.6	236.8	244.7	240.9	240.5	242.4	242.4	239.6
255	255	255	255	255	255	255	255	255	254	251.9	252	255	253	251.2	253.4	255	255	255	254.3	253.6	255	250.8	248.7	228.8	203.8	183.9	114.5	94.1	101.7	99.1	95	91.2	86.1	128.6	151.9	144.5	138.4	138.7	134.5	145.9	169.1	176.2	176.5	177.6	184.8	186.1	192.4	198.8	201.4	201.6	203.7	203.5	208.9	209.9	210.3	211.1	212.4	213.1	214.8	216.6	217.7	218.8	219.3	221.4	222.7	221.5	219.9	221.8	223.1	221.1	219.8	220	221.9	218.9	213.5	209.3	205.1	197.5	189.9	179.5	169.8	168.6	165.5	153.2	147.3	143.9	147.7	156.1	163.6	171.3	181.3	197.8	213.2	216.2	217.3	217.5	207.4	191	171.8	157.1	148.6	143.1	133.4	129.1	128.6	137.8	149.2	149.3	150	150.6	147.1	150.4	158.6	165.8	174.1	182.5	192.5	199	205.5	210.6	210.6	209.7	209.5	211.5	212.7	212.1	211.4	206.1	206	207.1	202.9	201.1	201.3	200.2	198.9	194.8	187.7	179.8	179.8	176.3	162.5	155.7	156.5	158.8	162	165	161.2	156.6	153.2	147	142	135.5	124.4	112.8	97.7	84.3	63.5	45.3	46.2	48.9	57.4	62.3	64.4	66.2	66.6	67	69.8	71.8	69.3	73.7	86	114.5	138.1	169.1	211.1	222.8	223.3	228.2	236.2	236	224.2	225	229.3	231.2	229.7	232.8	232.2	229.5	234	240.9	250.2	249.6	242.7	245.4
255	255	255	255	255	255	255	253.8	255	255	252.6	253.1	255	252.6	252.2	254.7	255	255	255	255	253.2	250.2	248.1	248.1	227.4	204.2	173.7	99.7	86.4	91.3	90.7	92.4	87.9	98.7	143.4	151.1	143.9	138.1	139.4	139.5	144.6	167.1	175.6	176.3	180.4	187.5	192.4	195.4	196.7	195.7	195.8	199.3	203.2	208.3	209.9	209.3	210.5	212	212.7	214.3	216.2	217.8	218.6	218.7	221.8	223.5	223.2	222.4	221.8	222.6	221.8	219.2	218.3	220.3	221.1	218	213	209.7	198.1	189.5	179.3	170.5	166.7	158.3	150.4	143.6	142.2	147.9	157.2	163.8	170.7	183.5	198.5	211.4	213.7	215.9	215.9	208.7	194.3	176.7	160.9	151	147.5	138.1	131.4	129.8	135.7	142.5	144.3	145.7	144.9	145.3	149.7	158.9	170.7	181.4	189.9	198.2	207	212	212.5	213	213.8	213.8	213.6	214.5	215.2	212.5	207.7	206.9	210.1	205.8	204.5	209.3	209	205.5	202.4	194.7	186.8	184.2	178.5	174.5	168.8	162.6	158.9	159.8	162.7	161.7	158.3	152.6	145	139.5	131.6	123.5	114.5	101.7	91.4	74.6	49.8	43.7	47	54.2	59.9	66.6	69.4	65.6	64.2	74.6	91	117.4	148.2	162.7	173	181.9	193.8	213.2	228.7	235.3	242.6	245.5	238.1	225	220.9	225.7	222.7	224.5	233.5	235.2	230.1	231	238.5	247.2	249.3	240.9	243.9
255	255	255	255	255	255	255	255	255	255	255	255	255	255	255	250.2	255	255	255	254.1	244.2	242.3	251.4	251.6	232.7	206.4	183	106.2	83.1	86.1	83.6	87.9	83.9	95.2	139.9	148.9	136.2	129.5	131.4	147.3	159.2	167.2	175.6	180.4	180.7	187.5	191.9	193.4	193.9	192.4	193	194.8	202.4	207.8	208.7	209	208.1	208.4	212	215.9	218.1	220.1	220.3	219.8	221.8	224.1	225.2	224.6	224.3	224.8	222.7	220.8	220.6	221.2	222	221.7	212.4	207	196.3	184	177.4	167.8	161.1	156.2	148.8	142.9	141.7	145.3	155	163.9	172.7	182.5	194.6	206.8	213.4	216.2	217.5	210.8	198	183.8	167.3	155.2	149.6	139.9	132.2	131.6	135	137.5	140.6	141.5	140.2	141.5	145.9	157.9	168.4	179.2	190.5	199.5	207	210.2	211.7	214	212.6	211.4	211.9	212.5	213.6	212.2	209.7	208.9	213.1	210.1	207.1	208.4	208	204.6	203.5	198.9	189.6	186.4	181	177.3	174.7	171.1	164	157.7	158.2	160.2	155	152.2	144.4	137.4	131.7	124.2	117.5	104.6	95	81	53.9	50.5	47.4	47.1	53.4	59.7	66.9	62.9	63.3	75.5	104.7	141.3	169.1	177.2	175	179.3	187.6	210.2	223.2	227.8	235.5	238.3	236.8	235	232.7	227.7	216	221.1	230.4	234.9	231.9	227.4	229.8	230.1	234	240.6	244.8
255	255	255	255	255	255	255	255	255	255	255	255	255	255	255	255	255	255	254.4	251.5	245.1	246	247.8	251.4	242	214.3	183	104	80.6	76.3	72.1	74.4	78.5	101.7	143.6	141.8	132.9	130.5	130.5	144.4	157.7	164.4	174.3	180.8	184.2	188.1	187.5	186.2	188.8	189.4	190.4	194.8	200.7	204.5	208.6	207.9	207.9	209.3	210.1	213.1	217	218.9	218.3	218.6	220.2	221.7	224.2	225.4	227	225.8	225	222.4	221.6	222.9	220.5	210.9	201.4	187.1	176.1	169	162.1	151.9	144.1	141.7	137.3	135.8	135.7	143.9	157.5	168.5	174.9	185	196.5	206.8	210.1	215.1	217.3	210	198.4	183.8	171.4	159.8	149	138.2	133.3	132.6	133.2	134.3	134.1	132.1	133.9	135.5	140	149.8	158.7	172.7	184.4	195.9	206.1	211.7	211.7	211.9	212.8	212.1	210.5	211.6	213.5	214.2	212.9	212.1	212.8	211.8	207.9	207.9	206.6	205.6	206.1	203	193.4	187.5	181.3	177.9	174.7	171.4	168.6	162.1	156.3	155.8	151.4	145.8	140	136.2	130.5	123.5	119.6	109.4	100.6	93.2	63.4	44	40.4	43.5	45.1	55.2	66.1	64.2	63.5	101.1	169.1	185.6	184.1	181.2	176.5	175.3	180.6	200.2	216.6	222	229.2	232.2	234.3	237.4	236.4	229.8	232.1	233.1	237	233.7	234.6	234.3	234.6	233.3	236.4	243.3	247.5
255	254.4	254.4	254.6	255	255	255	255	255	255	255	255	255	255	249	255	255	255	251.4	247	251.2	254.1	255	255	248.2	211.9	182.8	110.4	83.6	80.7	74.7	72.2	72.6	93.4	136.7	137.7	127.3	124	136.8	157.2	159.9	163.2	171.9	178.1	181.9	184.3	187.4	186.8	186.7	189.8	189.3	192.3	198.6	202.1	207.2	207.8	208	209.9	211.6	213.9	214.9	213.7	214.9	218.6	219.7	222.5	222.6	220.4	220.3	222.1	223.1	222.9	222.6	221.8	215.8	208.9	197.6	182.4	165.3	157.2	154.3	143.8	135.3	131.8	131.7	133.7	136	144.6	157.1	168.7	176.1	186.4	195.2	206.7	214	218.3	218	211.3	199.5	187.7	173.7	159.2	146.5	136.7	131.5	128.9	130	129.5	130.1	128.9	128.6	131	134.6	144.1	157	171.2	181.1	191.6	198.9	204.1	213.7	212.3	212.3	212.7	211.5	213.3	214.8	213.3	212.8	212.9	211.5	210.2	210.3	212.1	209.7	204.2	202.4	197.7	189.5	183.8	177.4	172.8	172.1	166.1	164	163.6	157.9	151.6	148.5	145	140.4	134.4	128.4	124.4	122.9	115.5	103.8	93.3	69.9	57.7	44.2	39.4	45.4	51.9	63.2	65.7	61	106.1	165.3	181.1	181.2	179.1	174.2	167.2	175.3	207	220.4	219.6	224.1	229.5	233.1	237.8	236.7	228.3	226.6	232.1	233.5	234	229.2	228.6	237.8	238.1	238.9	247.2	250.8
255	255	253.4	254.7	255	255	255	255	255	255	255	255	254.7	255	251	255	255	255	251.1	248.9	253	255	255	255	247.4	212.9	170.1	106.4	87.2	81.7	76.4	71.8	73.1	102.2	137.9	134.9	128.1	125.4	138.7	156.6	157.7	162.3	171.5	175.3	178.2	179.2	180.2	182.2	184.7	187.4	186.6	190.6	197.2	202.9	206.4	206.6	207.5	209.3	210.9	212.5	214.2	212.5	214.2	218.9	220.1	222.3	222.7	220.6	220.8	222.1	222.7	220.9	212.4	205.7	196.7	183.5	174.9	164	149.4	139.3	137.8	137.1	133	128.5	127.7	128.1	133.6	146.7	160.4	169.6	178.3	188.5	197.3	207.9	214.5	215.9	215.3	214.6	204.6	195.1	183.8	165.9	145.3	135.6	130.9	126.6	128.5	129.3	125.1	121.5	120.2	120.6	123	133.6	145.2	158.5	172.2	183.5	190.1	203.9	212.1	212.7	211.5	213.1	212.6	213.2	214.1	212.5	212.2	211.9	211.3	211.9	212.3	210.5	210.9	202.9	197.9	193.6	182.1	173.5	164	162.4	163.4	162.3	158	157.4	155.6	152.2	145.9	140.7	138.1	130.8	125.9	124.5	124.5	121.9	110.5	102.3	76.6	58.6	49.2	41.8	41	46.9	61.8	65.6	66.8	145.3	177.2	166.6	170.2	163.8	158.6	165.6	185	208.2	224.6	224.4	226.2	230.1	234.6	239.4	237	227.7	227.4	228.7	229.3	232.6	227.7	225.6	232.2	232.3	235.2	241.6	244.3
255	255	255	255	255	255	253.6	254.8	255	254.7	255	253.6	248.7	252.9	255	255	255	255	254.5	255	255	255	255	253.1	247.2	215.4	172.6	112.2	93.7	87	79.7	73.6	71.7	96.6	129.9	131.7	129.5	136.7	152	156	155.7	163.1	168.6	173.9	175	177.5	178.5	181.1	183.4	184.3	185.3	190.6	195	200.9	205.2	205.3	206.3	207.7	209.4	213.6	214.8	214.9	216.4	220.7	222.7	223.6	223.4	222.8	222.6	221.5	219.7	217.8	209.7	201	193.2	180.9	168.6	156.5	143.5	137.4	137.8	143.1	140.7	136.5	132.3	131.3	133.3	147.2	161.2	170.2	179.2	188.8	199.7	218.8	230.1	225.3	219.2	217.8	221.2	210.3	187	168.6	150.9	137.2	131	124.2	125.7	127.2	126.7	126.1	122.4	118.1	118.1	127.5	140.2	153.5	166.6	175.3	182.4	201.4	211.5	211.2	212.2	213.6	213.3	213.7	213	212.1	211.8	211.6	212.1	211.7	210.5	210.1	209.3	206.3	199.3	190.4	182.2	173.9	164.7	161.3	160.1	159.9	156.1	153.9	152.7	150.4	146.5	139.8	133.5	129.3	126.5	125.8	125.2	122.8	113.1	105.2	90.1	64.5	53.7	48.4	41.8	45.5	58.8	65.2	62.8	139.1	177.2	179.6	179.8	166	162.5	169.9	185.9	212.2	228.9	238.8	246.6	234.6	229.5	230.4	231.9	228.6	227.7	228	229.4	234	236.7	232.5	227.4	224.4	222.6	227.1	229.5
255	255	255	255	255	254.4	253.7	255	255	255	255	252.2	245.7	253.5	255	255	255	255	255	255	255	255	254.4	254	248.7	220.2	154.7	115.8	100.8	91.1	81.5	79.4	75.5	100	128.4	128.2	129.6	137.9	152.6	156.7	157.7	163.2	169.2	171.7	172.3	175.2	179.3	177.4	178	182.3	182.5	185.9	189.4	196.4	202	205.2	206.2	207.3	208.9	212.7	215.2	216.1	216.5	218.6	220.9	222.6	222.4	220.2	218.8	215.3	209.3	202.4	196.1	187.3	179.7	167.7	155.5	146.6	139.1	150.9	164.4	166.6	162	157.5	150.2	140.4	142.3	153.1	160.5	170.3	183.8	195.3	211.4	217.6	232.3	231.5	221	219.2	220.9	216.1	190	167.3	154.9	141.8	132.1	129.3	131.4	137.4	143.6	142	134.5	124.3	115.8	118.6	129.5	142.3	153.7	164.6	176.3	192.2	204.5	203.9	204.8	212.9	213.8	213.4	213.7	213	212.7	212.6	211.6	210.4	209.9	210.5	204.7	205.2	195.8	184.4	180.4	172.1	165.8	160.6	155.4	156.1	154.9	148.9	144.4	143	140.1	133.4	129.4	127.7	125.8	126.1	126.1	124.8	116.1	108.1	93.9	64.7	54.2	49.1	40.4	46.3	58	65.7	79.5	158.7	176.1	178.9	181.7	181	175.7	176.2	185.1	210.7	227.1	240.5	250.3	237.3	228.3	225.9	228.3	229.2	229.2	228.6	230.4	234.9	240.6	239.4	230.1	224.1	223.4	224.9	226.2
255	255	255	255	255	255	255	255	255	255	250.8	247.8	248.7	249.2	253.1	255	255	255	255	253.6	253.8	252.3	251.7	252.3	252.6	236.3	167.2	122.1	106.2	94.3	84.8	81.4	77.5	99.8	130.9	125.8	129.3	137.5	151.9	159	157.8	161.9	168.1	170.6	172.1	173.4	176.6	173.9	173.5	178	179.8	182.5	185.8	193.3	201.4	205.3	206.3	208.1	209.3	210.1	212.6	215.6	215.5	215.3	217.1	218.4	219.9	216	213.9	210.6	204.1	196.3	188.4	178	167.8	158.1	148.1	140.7	138.9	153.7	167.7	170	168.1	165.8	159.7	147.8	146.7	157.7	162.2	168.3	180.5	197.9	212.7	221.2	229.4	225.3	219.1	216.9	215.8	215.2	188.1	169.4	158	145.7	134.5	130.5	131.9	140.7	148.2	148.8	143.6	133.6	120	113.5	120.6	133.1	143.8	155.1	165.8	179.7	192.5	198.7	206.2	207.2	210.4	212.5	212.8	213.7	212.2	211	209.4	207.7	208.1	207.7	201	199.7	193.9	182.8	177.1	172.2	167.4	160.1	156.5	154.2	151.4	147.2	142	139.2	136.9	133.4	129	127.3	125.5	126.5	125.2	124.3	119.5	111.2	100.6	67.5	53.2	53	48.7	45.6	51.7	64.1	77.6	152.3	176.7	177.1	180.6	183.8	181.2	178.3	184.6	206.8	224.3	223.3	228.7	239.5	240	235.5	231.7	232.8	232.4	230.6	231.1	231.9	234.3	239.4	244.2	245.1	236.8	229.7	228.7
255	255	255	255	255	255	255	255	255	249.9	247	242.3	250.2	252.6	251.7	255	255	255	253.5	247.5	248.3	250.7	252	255	255	222.8	147.9	122.4	109.5	102.9	91.1	85.4	86.1	109	131.5	126.4	129.7	142.9	155.7	158.5	157.5	161.3	165.4	166.1	171.9	172.9	170.6	172.7	171.2	176.9	177.1	179.8	187.1	191.6	196	199.6	205	207.8	207.4	209.5	212.7	214.3	214.8	211.9	216.2	216.4	209.6	203	197.5	192.9	188.5	176.7	168	162.4	153.2	143.9	137.6	136	149.6	166.5	175.9	176.3	176.7	170.9	155.9	149.3	154.2	161.7	159.2	165.7	177.5	196.3	212	220	225.4	217.4	213.8	215.7	212.5	193.7	177.9	161.1	154.1	146.9	138.5	135	139.2	143.6	151.3	155.7	152.5	144.9	129.1	114.7	115.2	122.2	132.6	142.8	152.8	163.1	174.2	186	191	197.2	201.9	206.4	206.4	209.4	211	209.3	208	206.2	206.2	205	192.1	189.7	186.3	178.2	169.1	163.8	162	158.2	154	151.5	146.3	142.7	138.9	132.9	132	132	128.7	125.8	125.3	127.6	125.6	125.9	122	115.1	104.6	71.4	53	48.7	42.5	44.9	52.7	64.6	83.5	149.6	179.1	179.9	182.8	183.8	180	177.3	186.2	210.4	227.1	228.8	231.3	236	238.1	233.8	233.6	234.7	236.1	234.6	228.7	228.5	232.5	231.6	237.8	240.2	232.9	223.4	230.8
254.1	253.7	255	255	255	255	255	255	247.5	244.1	250.2	255	255	255	255	255	255	247.9	247.5	243.9	238.2	252.9	255	255	249.6	225.5	148	123.4	119	113.8	96.7	89	87.4	106.4	130.8	130.1	131.6	142.9	156.8	159.2	156.2	159.3	163.9	165.3	169.3	171	167.3	167.3	167.2	171.8	173	176.7	183.1	190.1	191.8	194.5	202.9	204.9	207.7	209.5	210.5	209.2	211.2	206	206.8	208.8	205.5	199.6	191.3	185.6	178.5	170.9	160.5	149.5	145.5	138.4	134.8	133.1	144.2	162.2	171	178.2	182.5	173.1	157	149.2	152.9	158.8	154.2	158.1	170.7	183.7	194.2	202.5	205	204.4	205	204.3	193.8	183.5	171.8	158.4	150.5	149.2	138.9	133.3	135.3	143.5	152	155.5	153.8	148.7	136.6	119.2	112.7	118.5	126.8	133.8	147.6	161.1	168.4	176	182.1	184.9	189.5	197.9	201.8	204.5	206.2	208	206.9	204	204.7	204.8	190.5	182.4	181.8	174.5	163.9	158.3	161	158.7	153	149.2	145.1	142.6	136.1	129	129.7	129.5	127.2	124.8	123.6	125.3	124.7	124.6	121.2	115.3	108.5	72.9	51.8	51.2	46.5	45.1	50.4	68.7	85.1	139.6	181.4	181.9	185.9	186.4	182.4	181.4	192	209.7	221.4	233.9	240	243.4	235.6	230.1	231.7	231.8	231	229.3	220.4	221.1	227	225.3	223.2	228.2	237	231.6	238.5
253.7	254.3	255	255	255	255	255	254.4	251.1	248.7	254.4	255	255	255	255	255	253.8	245.7	246.9	239.7	248.1	252.8	254.7	251.1	249.3	223.1	144.8	124.3	121.1	118.8	106	96.8	91.6	112.5	133	131	135	142.4	155	160.4	161.2	161.8	162	163.8	165.9	164.1	162.6	159.4	162.4	167	168.7	172.3	174.5	182.7	187.1	188.6	193.8	197.3	199.4	203	199.6	197	197	191.9	191.4	190.4	185.6	180.2	177.7	171.7	163.7	155	147.4	142.1	139.4	138.5	129.6	134	153.1	167.1	172.3	173.6	173.3	161	147.5	146.7	151.8	151.6	151.1	157.1	163.8	168.5	173	179.9	186.2	186.4	187.1	181.7	175	172.5	165	154.7	147.6	142.9	138.5	132.5	134.5	142	153	158.9	155.2	150.1	142.7	124.2	113.1	116.7	120.8	128.3	137.4	148.3	156.4	163.6	167.6	173.3	180.5	187.2	191.3	193.6	193.1	195.2	195.8	193.1	190.2	190.2	180.1	172.5	176	168.5	157.9	155.2	155.7	152.6	148.4	143.3	140.8	139.3	131.6	128.4	129	128	127.4	123.8	121.4	123.7	124.4	123.2	119.8	115.4	110.5	75.9	52.4	52.2	49.4	51.3	59.9	72.3	87.6	137.6	167.9	182.4	186.1	186.9	183.3	181.8	190.5	199	201.2	226.8	236	241.5	235	233.1	232.2	229.5	228.1	226.8	222.2	225.1	230.4	230.1	226.6	228.6	234.6	234.6	236.7
255	254.6	254.8	255	254.4	252.9	253.4	255	255	255	255	255	255	255	255	253.5	246	241.8	249.9	254.1	253.1	253.7	254.3	253.4	254.3	238	154.2	127.5	123.9	127.4	115.6	105.7	103.6	117.3	133.8	134.8	139.2	147.2	157.8	160.2	159.4	159.1	159.6	162.8	162.6	160.2	160	159.7	162.7	166	166.1	167.8	169.2	176	180.3	181.3	187	188.4	193.4	198.5	195.7	189.8	185.8	185.1	184.9	183.9	180.7	174.1	168.3	161.1	156	147.8	142.4	140.7	138.1	135.3	125.7	124.8	144.5	157	169.4	176.9	175.6	162.7	148	142.4	142.5	142.2	144.9	147.4	152.3	159.3	162.3	165.8	169	168.7	171.7	167.4	163.1	161.9	155.1	147.1	142	136.1	134.1	129.5	128.4	134.7	147	158.6	156	150.9	141.7	126.6	111.8	112	118.6	124.8	129.8	136.8	142.8	152.3	159.1	162.8	171.6	179.8	185.9	188.4	189.5	188.1	187.9	190.3	186	181.8	172.3	167.1	168.4	167.1	157.6	152.3	153.4	147.8	145	141	136.9	136.2	132.6	128.4	128	127.5	126.7	124.4	120.9	122.2	124.3	120.9	118.2	116	114.5	82.5	52.6	52.4	54.9	58	63.7	76.8	86.8	140.6	175.1	185.2	188	187.3	183.6	184.6	195.6	197.7	190.8	213	219.8	230.7	237.6	236.7	232.3	229.9	228.9	226	223.5	225	227.9	235.3	237.4	232.7	231.6	234	234.6
255	254.3	254.4	255	254.3	253.3	254.4	254.7	254.1	255	254.6	255	255	255	255	252	244.8	243.6	253.8	254.3	253.1	255	255	255	255	248.9	185.3	136.1	121.5	131.8	134.5	138.6	135.8	133	129.8	132.8	137.1	145	155.7	160.1	158.6	157.7	158.2	157.6	158.1	157.8	156.7	155.4	158.4	158.8	158.3	159.9	163.2	167.4	169.9	173.3	175.5	176.1	174.9	180	181.7	179.5	175.4	173.2	171.6	169.2	167.5	161.9	151.3	145.3	141.5	139.6	141.1	142.1	140.9	136.8	124.4	119.9	128.9	142.5	153.9	167.5	170.2	163.1	149.5	136.1	131.5	128.1	128.2	132	134.6	141.1	148.5	151.6	151.6	153.6	156	155.4	148.8	145.1	140.9	136.5	132.1	126.4	122.8	118.7	120.8	127.5	137	148	153.6	147.7	140.4	128.1	112.1	105.5	116.7	125.5	126.1	127.7	130	137.1	144.1	150.5	157.7	164.5	169	173	176.5	177.9	178.8	180.8	180.6	178.6	168.9	158.7	159.8	159.9	155.9	151.2	145.3	144.3	142	139.3	135.3	133.8	132.8	127.9	126.7	127.9	124.9	125.2	124.3	122.1	123.1	119.7	116.7	117.2	119.3	98.6	64.3	51.9	57.6	61.3	68.3	76.9	86.7	117.6	175	186.8	187.9	186.8	183.6	186.2	201.4	219.3	211.5	196.7	210.6	228.1	236.1	236.7	217.3	202.8	225.3	229.5	226.8	227.6	227.8	234.1	239.4	236.7	234.1	234.4	233.9
253.9	254.6	255	255	255	255	255	255	253.8	251.1	253.2	255	252.6	254	255	255	255	254.4	255	254.5	255	255	255	254.6	255	252.3	176.7	142.7	123	128.1	136.9	156.1	155.6	140.6	138.1	135.7	139.5	147.6	154.5	155.8	158.1	157.6	157.7	157.7	155.6	155.6	155	156.1	157	152.8	150	155	161.3	165.2	166.9	170	164.9	165.9	169.2	170	171.6	170.6	170.9	169.8	165.5	162.1	155.2	149.4	142.4	136	130.5	131.2	140.1	143.4	140.1	129.7	114.6	114.5	126.8	137.3	150.2	161.9	161.4	149.6	137.6	125.4	118.7	116.8	118.2	121.5	125.2	129.5	134.9	139.1	139.3	140.4	139.9	139.5	134.8	131.2	129.8	123.9	117.5	112.5	109.3	106.6	110.7	122.5	138.4	150.9	150.7	144.7	131.7	119.4	101.1	100.4	118.2	126.9	128.5	126.7	128.4	134.1	140.2	146.6	153.9	160.2	163.9	166.7	167.1	170.3	173.8	174.6	173.3	173.2	164.5	157.9	159.3	159.5	152.8	146.1	142.1	140.8	139.3	136.5	132.8	130.4	131	127.5	128.1	127.6	124.2	124	123.7	122.9	121.5	119.2	114.7	115.3	117.9	88	53.9	51.4	56.8	65.4	75.6	82.2	87.1	144.3	187.9	188	187.2	185.2	183.7	190.3	204.5	220.2	214.8	220.7	224.3	223.7	230	238	226.8	218.4	235.2	240.9	238.5	235.2	231.5	227.8	232.7	233.1	230.4	228.1	226.5
254.8	255	255	255	255	255	255	255	250.2	250.2	255	253.6	251.9	254.6	255	255	255	255	255	255	255	255	255	254.2	255	254.4	188.4	148.1	125.4	114.3	130.5	160.9	160.7	149.1	141.4	137.3	138.6	145.4	153.7	154.1	152.4	151.4	148.7	150	150.3	146.5	145.7	146.1	147.2	144.4	141.3	144.8	151.6	154.7	155.6	156.7	155.3	156.8	158.4	159	160	158.8	157.1	157.7	152.8	146.5	140.6	131.6	124	121.9	126	133.4	145	150.9	148.9	134.9	120.3	113.3	112.1	116.2	121.5	131.6	135	130.4	122.6	111	103	96.8	96.2	103.1	112.6	120.2	124.9	125.6	126.3	125.7	124.6	122.7	119.2	117.6	113.9	105.9	95.7	90.3	89.2	92.1	101	115.7	126.3	132.4	131.9	125.6	116.6	105.3	93.1	97.9	118.1	132.2	136.5	130.8	126.7	125.2	130.6	134.6	142	146.8	147.9	154.1	155.6	157.3	164.5	166	164.3	160.5	156.8	154.3	156.5	150.5	144.7	142.1	139.9	139.1	136	132.3	128.7	126.1	125	123.8	127.4	127.6	124.1	122.4	121.3	121.7	121.6	118.3	114	114.2	115	84.4	56.1	54.2	62.8	70.8	81.2	84.3	92.5	149.1	189	188.2	186.6	184.1	183.1	185.6	203.4	220.2	232.5	233.7	227.4	226.3	229.8	237.1	237.2	232.5	225.3	240.3	239.4	236.1	232.9	227.7	231	232.5	230.1	227.2	226.2
255	255	255	255	255	255	255	255	255	254.5	252.9	254	252.3	255	255	255	253.5	255	255	255	255	255	255	247.5	246.6	249.3	202.2	155.1	140.3	112.9	120.7	157.3	165.1	158	150.2	144.7	147	151.6	152.4	151.9	151.1	151.2	148.6	147.7	147.1	143.8	140.2	140.7	142.3	142.2	143.6	144.1	146.1	149.7	150.8	151.1	150.6	153.6	153.4	154	155.2	155.5	155.3	152	143.8	137.9	132.2	123	116.8	116.9	121.8	131.3	139.3	147.4	146.3	135.3	123.1	114.2	106.1	102.1	102.2	106.6	109.6	108.8	104.6	95.3	85.4	77.8	77.1	82.3	93.5	107.5	112.7	112.6	110.5	107.2	107.1	105.5	104.1	101.2	98.3	91.1	82.1	75.2	72.2	76	85.5	97.7	106.9	113.3	114.4	109.8	103.9	95.2	88.6	96	111.8	127	133.6	132.6	129	123.7	126	132	135.4	141.7	145.1	150.5	151.9	154.2	160.2	159.1	159.5	158.8	155.3	154.1	153.7	145.9	141	140.4	137.7	135.4	132.3	130	127.5	124.7	124	122.5	123	125.9	123.8	119.7	119.1	118.8	118.2	117.7	114.4	115	115	85.9	59.7	56.8	65.3	73.1	82.7	88.7	95.7	146.7	187.8	188.2	184.4	181.8	185.4	193.6	209.1	224.1	229.2	229.8	228	230.1	234.9	234.5	230.4	225.3	221.3	231	239.7	242.4	243.6	240.3	231.9	237.5	240.3	233.4	238.7
255	255	255	255	255	249.9	255	255	255	254.3	253.2	255	253.3	255	254.4	249.1	252.3	255	255	255	255	255	255	248.7	243.9	250.2	222	161.1	149.9	132	125	154.9	166	159.4	146.6	142.4	147.3	153.6	152.9	149.5	146.5	145.6	145.8	140.7	138.3	137.5	134.6	134.6	137.4	139.5	138.5	138.9	139.8	140.9	143.3	142.1	142	143.7	143.7	141.4	139.9	141.8	139.3	134.6	127	117.2	111	106.9	106.5	112.1	128.9	144.2	148.8	149.4	140.8	131	123.4	119.5	108.8	91.4	79.9	72.6	68.8	67.4	65.4	65.8	66.8	66.4	64.7	67.6	75.4	84.9	91.2	92.7	89.7	86.9	83.6	81.3	80.4	80.6	78.7	72.9	66.7	61	61	60.6	60.9	62.4	64.5	69.3	73.5	76.7	78.5	84.7	95.3	103.7	114.5	127.5	130.5	130.7	131.4	124.7	118.4	116.4	120	128.6	135.3	138.7	141.8	143.1	146.9	151.5	153.8	151	148	147.7	146.1	139.8	137	135.8	131.5	130.2	126.5	124.7	124.7	123.2	123.6	121.8	123	123.1	122.7	121.3	119.6	119.4	120	117.2	116.1	114.9	111.4	86.3	67.7	69.2	73	80.1	84.9	85.2	103.5	161.7	183.6	168.7	179.6	180.8	186.2	199.4	209.4	225.9	229.2	225.9	226.2	228.3	232.5	233.3	229.6	225.9	223.6	225.6	237.3	241.5	243.9	241.8	235.8	239.6	241.5	233.7	236.7
252.3	255	255	255	255	255	254	255	255	255	255	255	255	254.1	249	251.1	255	255	254.5	255	255	255	254.4	239.7	240	254.8	242.7	179.7	156.6	147.6	131.6	148.1	159.6	159.4	146.9	140.7	146	152.1	152.3	149.8	147.4	144.5	144.7	137.7	135.4	136.6	134.7	131.7	133	133.2	133.5	136.2	136.6	136.8	136.9	137	138.4	138.7	139.7	136.8	137.4	135.4	129.7	125	120.3	112.4	106.1	104.3	105.7	112.8	129.2	142.5	146.7	145.5	138.1	128.5	119.9	115.5	112.4	95.4	75.5	63.5	51.4	42.7	38.2	39.4	44.9	51.8	57.3	60.9	66	70.6	76.7	79.9	78.6	75	71.3	69.2	70.5	70.6	68.9	60	51.8	49.7	47.6	46.1	45.5	44.4	45.3	48.1	54.2	61.8	67.1	82.6	99.5	105.5	113.2	120.4	125.9	128.4	131.7	126.1	116.6	112.7	114.3	120.6	126.2	133.8	138.5	141.5	141.9	143.7	146.9	145.8	142.9	141	138.4	135.2	133.6	132.6	127.4	127.5	124.3	121.8	122.1	119.7	121.6	121	121.3	122.4	122.9	121.5	120.1	119.9	120.6	117.1	115.9	114	110.2	92.3	74.6	72.5	76.2	82.6	84.4	84.5	104	164.1	185.3	163.3	161.6	179.4	190.5	199.8	220.2	236.4	231.3	221.7	224.1	230.4	232.4	235.8	237.2	230	219.6	214.5	223.4	225.8	234	237.6	233.1	231.7	230.1	230.1	233.1
251.5	255	255	255	255	255	254.5	255	255	254.4	255	255	255	255	253.8	255	255	253.5	254.4	255	255	254.6	250.8	237.5	240.5	255	247.8	204.6	163.5	155.1	154.4	157.8	152.1	159.8	149.9	142.8	146.6	151.1	149.6	147.1	141.7	139.1	140.8	134.1	132	132.7	129.7	128.2	127	128.1	127.4	127.8	130.8	130.1	127.5	129.4	130.6	129.8	128	124.4	122.3	119.7	113.3	108.1	103.3	97.6	95.8	103.3	115.3	131	141.3	142.4	138.8	134.2	126.7	117.1	113	111.2	111	99.1	75.4	58.8	48.4	38.2	32.6	27.8	27.1	30.6	42.2	50.9	55.2	58.5	61.8	63	63.3	60.2	57.1	56.1	58.4	58.9	55.8	47.1	37.7	30.2	26.1	25.1	25.3	25.8	26.8	30.3	36.9	45.6	64.4	91.5	100.4	101.6	104.3	106.1	107.8	113.6	124.6	126.1	117.9	112.8	110.2	110	113.5	120.9	127.8	133.9	137.6	136.7	135.8	135.6	131.5	127.8	124.6	124.8	125.9	123.8	121.3	119.7	117.2	115.5	116.5	118	118.8	118.6	120	122	123.8	121.4	120.7	119.8	119.3	116.2	112.8	111.4	111.3	109.2	96.8	82.6	81.8	83.2	83.3	87.3	128.8	185.8	184	178.6	159.9	179.6	193.8	198.7	221.8	237.6	238.2	237.6	232.5	232	236	239	241.3	233.8	225.5	225.1	223.8	226.5	237.6	239.7	234.3	231.6	228.2	227.4	220.5
255	255	255	255	255	255	251.7	252.9	254.4	253.8	255	255	255	255	255	252.4	250.9	253.2	251	250.3	248.8	247	245.7	240.9	249.9	255	255	236.1	192.6	162.2	160.1	160.9	155	155.5	158.6	151.3	146.5	149.5	150.7	150.2	145.9	142.5	139	137.4	133	128.9	128.2	124.9	123.3	123.8	123.5	125.6	127	125.5	125	124.8	125.1	125.1	123.6	120.3	114.1	112	109.4	103.9	99.9	95.3	94.2	99.9	111	119.4	129.5	137.7	139.1	132.7	125.7	121	115.6	111.9	111.9	110.8	98.2	74.5	56.7	42.5	31.8	27.5	28.9	29.8	30.4	39.2	51	55.6	56.5	57.4	56.7	53.5	50.7	50.4	50.9	50.9	47.6	40.9	36.9	31.9	25.7	23.8	23.9	24.4	26.1	27.5	31.4	42.3	62.1	82.9	99.7	104	104.9	105.7	107.3	108.4	115.4	123.9	124.3	116.3	110.1	106.2	106.2	112.8	119.9	126.1	129.9	130.9	130.4	127.7	125.4	122.5	121	119.4	119	119.6	117.3	116.7	114	112	113.1	114.3	116.5	117.9	118.9	120.1	121.6	122.5	122.4	119.8	119.8	117.7	115.4	114.6	113.6	113.6	107.7	93.4	85.2	84.9	84.2	86.1	102	142.9	179.6	180	176.5	181.1	196	201.4	216.6	230.3	231.4	236.1	232.8	228.6	234.3	242	241.3	236	229.4	225.6	227.1	227.8	232.3	236.6	224.2	232.8	231	229.5	225
255	255	255	255	255	255	252.3	255	255	255	255	255	255	255	255	250.3	251.1	254.5	253.7	251.7	244.8	247.2	246	242.7	254.1	255	255	243.6	192.9	175.6	178.6	162.6	151.7	150.4	147.3	143.7	145.8	151.1	151.5	147.9	142.8	140.4	137.3	133.9	128.2	121.9	120.2	120.4	118.5	118.4	120	123	124.9	122.2	120.3	116.6	113.2	111.1	108.8	105.7	97.3	93.7	91.5	88.1	86.1	93.2	106.9	122.2	137.9	139.9	137.1	138.8	130.7	122.1	115.2	112.2	110.7	109	109.3	109.9	100.5	80.6	65.8	52.6	39.2	34.1	32.3	32.7	33.4	35.1	41.5	47.9	51.4	50.5	49.4	47.5	46.5	46.6	44.8	40.9	35.8	31.5	30	29.4	27.3	25.6	25.2	27.2	29.6	33.8	41	58.8	84	97.6	99.8	101.2	103.1	106.7	111	117.7	123	127.1	125.3	116.8	104.9	101.1	104.4	105.1	111.5	115	116.4	117.3	120.2	120.6	117.4	116.6	116.8	117.6	115.4	113.6	112.3	111.7	109.6	107.7	109.5	112.2	113.1	114.8	117.3	117	117	117.7	118.3	119.1	118.9	115.7	113	114.6	114.4	112.7	102	88.1	87.4	91.6	90.8	100.9	140.7	168.9	179.3	181.9	185.6	186.8	196.2	210.4	227.6	230.6	230	234.7	233.4	227.4	230.6	237.7	239.4	238.4	233.1	227.1	225	225.3	226.3	229.4	225.3	228.3	230.1	228.3	230.1
255	255	255	255	255	255	255	255	255	255	255	255	255	255	255	251.2	254.7	255	255	255	251.1	255	255	255	255	254.1	251.1	252.2	209.1	185.2	182.4	167	160.9	160.3	154.5	142.9	146.6	154.1	155.1	152.6	147.3	139.5	135	132.9	125.1	119.4	118.3	118.6	116.5	116.7	118.8	121.3	122.4	120.6	117.9	113.7	107.8	105.7	102.9	98.8	93.2	88.2	85.5	82.4	85.8	95	108.7	122.2	134.1	138.1	138.6	136.6	129.8	122.1	116.5	113.6	112	109.8	110.5	110.1	107.7	93.9	72.9	58.5	46.2	38.8	36.3	35.6	34.3	35.9	39.5	42.5	44.3	44.2	42.9	41	41.3	43	40	36.6	34.5	32.6	32	30.6	30.2	28.8	27.6	28.9	31.2	35.6	47.1	70.1	90.7	100.3	100.7	100.9	104.7	108.2	111.9	116.6	123.2	127.1	125.5	121.4	108	96.9	98.2	99.9	103.8	106.9	107.7	111.6	113.7	117.5	113.5	110.5	112.4	114.2	110.2	110.3	111.3	110.3	108.3	106.8	109.4	111	110.4	112.9	116.3	117.8	117.6	118.2	118.8	119.3	119.3	116.6	113.9	113.4	114.6	116.2	104.7	91.2	91.4	94.9	96.7	110.1	153.7	180.5	185.6	188.5	191	194.9	203.7	220	231.4	236.7	233.7	237.6	231.7	229.5	227.3	232.8	240	244.5	240.6	234.3	229.3	225	224.4	227.2	229.8	235.9	236.7	230.7	224.8
255	255	255	255	255	255	255	255	255	255	255	255	255	255	254.1	253.1	254.4	255	255	255	251.1	255	255	255	255	253.6	251.3	255	240.1	206.5	173.6	162.3	159.4	159.4	156.6	145.5	149	153.8	152.6	147.2	142.6	137.6	132.7	126.7	118.1	113.5	112.9	112.3	112.4	113.5	116.2	119.4	118	113	108.9	105.2	100.8	98.1	92.8	88.4	81.9	78.5	79.7	87.1	97.8	107.6	118.1	127.4	131.3	135.1	134.4	130.9	126.4	121.9	116.1	114.9	112.3	109.6	108.3	107.5	107.7	100.9	89.6	75.3	62.3	51.7	45.2	41.6	38.7	38.1	38	38	36.4	35.8	35.3	34.7	34.3	34	33.7	34.9	35.5	34.4	34.1	35.1	35.7	35.4	36.1	38.4	43.8	51.5	64.8	80.1	92.8	97.5	99.8	102	105.9	109.3	109.5	112.6	121.7	124.4	124.3	122.3	113	99.8	92.9	92.8	93.4	94.7	99.6	103.2	103.6	105.3	106.4	105.2	103.7	104.9	104.3	104.5	104.6	104.2	103.3	105.6	105.5	108.9	110.9	112.3	114.1	116.5	119.5	119.8	119.2	119.5	117.9	114.9	112.1	111.3	115.6	122.6	112.7	101.4	103.6	105.5	105.6	140	178.5	183.5	184.1	190.4	192	197.4	210.1	221.6	228	234.7	234.9	237	234	211.2	214.6	231.6	238.2	243.3	239	233	229.8	224.7	226.2	231	234	239.7	242.7	225.3	218
255	255	255	255	255	255	255	253.9	254.1	255	255	254.8	255	255	254.4	254.4	255	255	255	249.6	251.4	255	255	254.4	255	255	254.7	254.6	246.4	221.5	177.9	166.4	162.2	161	159.7	150.4	155.6	158.5	150.1	146.6	136.9	129	129.4	124.8	118.1	113.9	111	110.7	111.3	113.5	115.5	115.7	114	110.9	107.1	102.9	98.8	93.5	88.8	83.6	80.2	76.3	79.3	90.6	100.7	108.7	119.4	126.8	127.4	129.6	131.7	130.1	126.5	120.5	116	113.7	113.1	110.7	108.7	109.2	105.5	99.2	94.5	84.7	69	56.7	50.7	46.2	44.6	42.9	40.8	38.3	37.6	37.1	36	34.7	33.1	32.7	34.5	35.3	36.2	37.7	38.3	39.4	39.7	38.4	41.1	44.8	51.5	60.5	69.3	83.3	93.7	97.5	102	104.8	106.1	109	108.9	112.4	118.6	122.4	125.5	124	119	105	95.6	90.2	89.4	89.5	92.9	98.9	100.4	99.9	98.3	98.7	99.2	100	101.2	102.9	103.1	103.8	103.1	103.7	101.9	104.1	109.9	111	111	113.8	117.1	119	116.7	117	116.7	114.7	110.2	111.2	115.5	123.4	121.1	110	109.2	107.3	111.9	152.7	188	192.4	186.9	193.1	195	211.7	232.4	236.8	232.5	233.5	231.4	230.7	232.8	224.1	213.7	221.3	229.3	231.2	232.6	233.7	232.9	233.7	234	236.1	239.1	243.9	249.9	240.4	231.3
255	255	255	255	255	255	254.1	253.6	255	255	255	254.4	255	255	253.8	246.6	255	255	255	251.4	249.3	254.1	254.4	250.8	252.3	254.4	254.3	254.1	249.2	230.9	176.6	158.8	151.4	151	150.3	147.4	156.7	156.8	147	140.8	132.4	125.6	123.2	121.4	114.3	108.7	107.1	109.4	113	115	113.4	112.3	109.2	104.4	100.4	94	89	84	78.4	72.7	72.6	82	92.4	99.1	108.6	117.3	123.2	128.7	127.2	124.6	120.3	122.7	122.6	116.7	115.6	115.1	112.9	111	112.1	112.8	109.6	103.8	101.7	99.4	87	73.1	63.8	58.1	54.4	49.1	45	41.7	39	38.8	38.5	35.6	35.3	35.5	34.9	37.6	40.1	43.1	45	47.7	50	54.3	58.4	61.8	66	72	74.6	79.2	90.1	97.5	101.9	104.4	104.1	106.2	109.8	112.1	113.7	118.6	121.5	122.6	120.9	115.3	106.4	93.5	87.4	85.8	85.5	87.7	89	89.7	89.1	90.7	93	94.5	95.9	96.6	95.2	96.5	98.5	99.4	101.5	101.4	105.7	108.3	109.7	112.3	114.5	116.4	116.8	115.6	114.9	113.5	108.3	109.1	112.2	120.2	128.9	126	116.6	118	160.9	193.9	194.8	194.7	194.2	187.7	197.2	215.7	232.1	237.4	233.8	233.7	233.9	230.4	231.6	232.8	229.8	216.3	221.4	229.5	232.8	234.9	233.7	234.9	236.7	233.8	232.1	237.6	244.9	245.9	241.3
253.5	255	255	255	255	252.9	253.9	255	253.5	255	253.7	253.3	253.2	255	247.2	241.2	252.3	254.1	254.6	243.9	243.9	253.2	255	254.5	253.2	251.9	251	253.9	254.4	247.5	200.1	163.2	153.1	146.5	143.8	144.3	151.3	153.1	143.1	133.8	122.2	122.4	125.6	120.4	113.7	108.1	104.3	105.6	111.5	114.3	112.7	111.3	110.4	105.3	98.8	92.2	85	80.2	75	69.5	73.9	83.6	92.3	97.2	107.3	117.6	121.8	125.8	126.5	122	118.8	122.6	124	120	116.6	115.9	112.9	111.3	113	112.1	110.4	107.2	100.4	96.3	89.7	79.7	74.4	69.6	62.1	54.6	49	47.7	45.6	43.1	39.1	37.7	36.2	37.7	38.2	40.5	44.4	48.9	50.7	54.3	59.4	64	67.7	70.5	71.1	74.1	79	81.9	89.4	97	99.6	100.9	103.5	104.3	107.3	108.3	111.6	118.8	117.9	116.8	118.7	116.5	110.5	99.6	88.8	85.5	82	80.2	82.8	86	88	89.7	90.7	91.8	93.2	94.1	94.4	95.4	97.8	97.2	98.5	101.8	103.5	106.8	109.2	113.4	114	115.4	117.4	115.6	114.9	110.9	106.3	107.6	110	117.1	129.7	132.3	122.7	124.4	172.4	194.3	194	194	196.7	190.3	212.4	234.9	231	228	228.6	231	234.6	234	231.9	234	232.2	223.2	231	240.3	243.6	240.3	237.3	234	235.1	230.4	227.7	232.2	238.4	239.8	239.2
249.3	254.1	255	255	255	254.8	254.3	255	252	255	254.4	250.8	253.2	255	255	251.8	251.8	254.5	253.4	240.3	243.4	253.9	254.8	252.7	251.2	251.5	250.6	253.6	252.3	248.1	210.5	160	142	130.3	125.9	138.8	149.7	149.9	141.1	129.7	121.8	122.5	125.4	117.7	109.4	102	99.5	103.6	111.3	114.9	114.3	110.7	107.4	100.3	92.1	85.5	79.5	70.8	69.1	74.7	83.4	91.3	98.8	105.6	110.3	115.4	118.1	123.2	125.9	124.2	120.9	121.4	122.5	118.4	117.2	117.9	116	113.7	117.5	117.9	115.7	114.5	109.9	104	99.8	91.8	87.3	81.3	72.2	62.5	55.5	51.9	49.7	46.5	43.2	40.1	38.7	40.6	42.6	46.2	50.5	56.7	64.6	73.2	79	82	84.8	83.3	81.8	79.5	84.4	90.3	92.4	96.7	100	101.1	102.6	103.5	104.9	104.8	109.6	113.9	116.3	115.8	115	114	111.6	104.2	93	86.2	81.4	75	74.6	77.8	79	80.3	83.9	85.7	86.5	90.5	91.2	92.2	94.2	96.6	98	100.2	101.6	105.9	107.2	110.5	112.7	116.1	115.6	112.6	113.7	110.3	103.2	102.5	109	116.2	124.3	136.1	136.5	165.7	194.2	193.2	185.8	193.3	196.9	198	216.1	236.1	232.2	216.6	209.1	222.6	234.3	234.6	237	240.6	238.8	229.5	232.2	242.4	246.9	241.8	237.6	231.8	231.6	226.5	223.8	230.4	236.6	236.7	236
253.8	255	254.4	252.6	254.3	255	253.5	253.5	246.6	246	253.5	253.2	255	255	255	254.4	255	252.3	243.3	242.4	251.7	255	255	254.1	253.6	255	255	255	245.4	248.1	230.1	176.4	138	122.9	114.9	127.3	143	144.2	134.7	126.9	132	148.1	133.6	116.8	109.7	100.4	95.4	99.6	110.1	115.4	116	110.8	106.5	100.8	93.1	84.7	77.8	68.3	68	76.2	84.3	90.2	96.6	102.4	107.4	111.6	114.5	117.3	121.2	124.5	120.6	118	115.6	111.2	110.4	109.2	108.8	108	112.7	112.4	113.3	110.7	107.5	102.4	100.9	98.6	94.5	88.1	78	68.1	62.5	59.2	53.5	50.6	47.9	45.3	44	45.2	46.7	48.1	53.8	62.4	71.6	81.6	88.4	88.1	88.9	89.4	89.8	85.5	84.7	88.5	91.6	94.1	96.8	98	100.3	100.5	100	99.8	100.4	104.4	108	108.2	107.1	107.1	107.1	104.1	95.4	89.9	82.5	77.2	75.7	73.4	73.1	76.8	80	82.7	85	88.8	90.6	90.9	91.9	95.5	96.6	99.6	100.2	104.1	107.1	109.8	112.8	112.5	114.3	112.1	113.5	126	120.7	106.4	105.4	112	119.8	132.9	144.5	174.6	191.1	190.8	184.6	193.6	195.8	205.3	216.5	229.1	233.3	229.1	224.4	235.6	234	231.6	236.7	244.5	247.4	242.2	237.3	237.3	237.3	240.6	243.3	242	238.9	232.3	223.2	231.6	234.3	234.3	231.8
255	255	252.9	252.9	254.5	253.5	248.1	250.2	245.7	245.4	255	255	255	255	255	255	254.1	246.9	243	245.7	252.9	255	255	255	255	255	255	255	247.5	252	247.5	228.6	187.3	132.8	99.2	117.1	141.3	139.6	132.7	129.3	136.9	148.2	136.1	114.4	105.6	98.5	93.1	98	112.2	119	117.4	113.7	105.4	95.9	89.1	80.5	70.1	71.4	79.6	84.6	88.7	92.5	92.8	93.9	99	105.2	108.8	114.2	119.5	122.5	122.7	120.2	115.2	112.5	112.5	113.4	112.8	111.5	112.1	111.8	114.6	112.3	109.3	105	105.5	105.6	102.8	95.2	85.7	79	75.5	71	64.3	61.2	58.5	55.4	53.2	53.2	55.7	59.9	68	79.1	84.3	90.7	95.4	95.2	95.7	97.5	95.3	92.7	88.5	92.2	96	99.1	101.1	101.7	102.2	99.9	96.9	95.4	95	95.6	98.6	100.1	101.2	100	100.5	102.9	99.7	95.9	90.2	82.7	74.9	70.5	70.2	72.2	73.2	75	80.8	84.8	88.6	91.5	94.9	95.4	95.5	98	99.6	102	105.9	108.9	109.6	108.5	108.9	111.9	115	125.7	140.5	126.4	111.3	111.2	114.3	126.6	161.8	189.3	190.6	190.2	191.9	193.3	195.3	206.7	208.2	207.9	220.2	226.9	238.6	239.7	233.1	229.2	231.9	237.3	243.3	243.4	239.8	238.2	237.6	238.5	244.8	246.2	243.5	240.5	232.5	232.5	236.4	237	235.7
255	255	255	249.6	251.3	255	249.9	253.5	255	254	255	255	255	255	255	249.9	240.6	241.8	249	255	255	255	255	251.4	247.8	253.2	255	255	251.4	253.2	252.9	238.2	217	145.6	91.3	103.1	136.2	145.7	151.4	164	168.5	163.5	141.3	118.6	107.7	100.6	94.3	97.1	111.1	119.9	119.4	113.6	107	97	90.1	80	71.6	75.2	83.3	86.6	90.7	92.9	90.8	91.2	96.8	104.1	110.5	115	117	117.2	116.7	114.3	106.4	109.2	109.2	107.9	107	108	111.3	108	107	105.4	104.9	104.7	106.8	107.7	108.5	101.6	92.1	89.2	89	83.7	77	71.5	66.1	61.5	60.7	61.9	66.8	71.3	78.9	89.6	92.3	95.7	100.5	100.8	99.6	98.8	97.5	94.6	93.9	96	97.7	98.5	100.8	99.8	97.3	93.3	91.7	91.1	91.4	91.1	94.4	92.7	93.9	94.5	96.6	99	99.6	96.3	90.4	83.7	78.1	71.8	69.7	71.7	74	75.9	78.9	83.9	88	91.8	95.6	95.9	96.9	99	99.5	101.7	104.7	104.3	105.9	109.8	111.2	112.2	120.4	134.2	148	149.3	128.5	114.1	111.2	118.6	149.9	179.9	187.2	189.4	188	194.2	206.4	227.9	226.5	221.7	237.3	233.8	233.3	238.9	234.7	228.5	228.3	229.5	234.6	238.4	238.1	234.4	233	228.3	232.5	235.2	234.8	239.3	238.5	234.6	237.3	240.6	242.4
255	255	255	250.5	253.3	255	254.4	252.9	254.7	253.6	255	255	255	255	255	248.1	240.9	244.8	251.4	255	255	255	255	248.1	250.2	255	255	255	250.2	250.8	252.3	243.4	212.6	121.8	82.3	96.8	142.4	152.6	158.8	169.5	168.2	167.1	155.1	124.8	108.1	103.4	99.3	101.7	113.7	119	116.6	114.3	108.9	100.9	91.8	81.8	83	90.6	92.9	92.1	88.8	84.1	80.4	83.3	91.1	97.5	104.4	111.1	116.3	118.2	118.4	114.9	110.8	111.7	112	110.8	110.6	111.2	110.3	109.8	109.9	107.9	110	111.2	114.8	117.7	118.5	113.6	108.6	103.7	104	100.7	92.1	88.8	82.5	73.7	72.5	81.6	90.9	98.3	103.4	112.3	117.5	115.6	114.4	111	104.1	102.2	100.4	98.4	98.5	100.5	98.3	97.9	99.7	97.6	93.7	93.9	93.5	91	87.8	88.3	90.1	89.4	87.7	86.6	90.5	97.2	98.9	98	95.6	92.1	90.1	81.7	71.9	68.5	72.4	77.7	80.5	86.4	88.5	89.6	93	96.6	98.4	99.4	99.1	98.8	100.7	103.1	103.5	107.5	107.7	110.7	119.8	133	140.5	142.2	130.4	115	106.1	113.2	156.4	180	186.6	188.7	189.2	196.6	211.3	229.5	233.7	228.6	240.5	233.9	224.2	232.1	236.6	230.3	231.9	231.6	233.1	236.4	236.9	232.8	229.4	226.2	228	230.7	231.2	240.2	243.9	235.8	236.4	240.9	239.4
253.5	253.2	253	250.9	255	255	252	248.1	253.5	255	255	255	255	255	255	255	255	255	255	255	255	255	253.5	249.3	254.8	255	254.4	251.5	253.1	254.7	252.7	253	231.6	155.2	126	130.8	172.2	174.2	178	177.1	172	168	160.4	127.7	111.7	107.2	101.3	101.6	111.7	118.6	116.9	116.3	112.8	105.5	99.2	89	88.7	95.7	95.1	93.4	87.9	82.5	79.6	80.3	86	94.8	99.4	104.9	108.8	110.6	109.4	108.7	107.9	108.8	108.9	108.7	108.4	108.2	105.2	102.2	100.9	104	106.2	107.4	111	114.8	120.2	119	117.2	111.3	107.6	106.7	101.2	96.7	89.9	82.1	77.3	86.9	97.7	103.4	108.3	119	122.2	120.4	118.6	114.1	105.9	104.4	103.3	100.4	101.2	104.6	102.1	95.3	97	95.3	92.8	92.3	91.5	87.8	84.3	85.3	85.3	83.7	83.4	85.3	88.7	94.9	99.3	99.6	100.2	97.1	95.8	88.9	76.8	69.4	70.2	75.5	78.7	86.2	89.4	90.9	91.8	96.6	99.6	100.5	97.6	98.5	98.6	101.1	103.8	105.6	107.2	109.7	128.5	142.7	141.8	140	129.8	129.7	131	138.7	182.4	203	204.1	202	207.4	224.2	232.2	230.1	233.7	227.1	230.7	231.6	220.4	215.7	231.3	233.2	236	233.7	230.4	229.8	232.2	228	228.1	230.3	230.1	229.8	229.9	239.1	241.6	230.3	232	240.3	239.7
255	253.7	251.9	250.7	255	255	249.6	248.7	253.5	255	255	255	255	255	255	255	255	255	255	255	255	255	251.1	248.7	253.6	255	255	253.7	254.4	255	254	248	188.4	136.3	122.7	124.9	164.5	171.2	173.8	175.3	173.3	167.5	162.6	136.8	116.4	112.7	106.4	106.8	113.2	117.6	117.4	116.3	117	114.5	108.3	104.9	112.9	116.6	109.2	99.1	89.7	81.8	75.4	74.6	77.8	86.8	95	101.1	104.4	103	101.8	100.3	95.7	96.8	99.4	98.1	99.5	95.8	93.5	90.9	84.3	83.1	84.9	84.4	88.4	90.1	97.6	107	110	109.9	109.8	112.1	114.6	116	117.5	116.6	115.9	120	119.5	115.9	116.2	119	121.1	117.9	113.1	108.9	108	106.6	105.9	104.1	101.1	99.9	101.3	96.2	91.9	91	91	93.7	89.6	85.4	83.8	82.4	81.3	81.3	81	85.1	90.7	94.9	98.9	101.5	100.3	99.8	100.9	99	89.8	74.4	72.1	79.2	82.9	88.1	93.5	97.2	100.7	102	100.6	99.9	98.8	99.1	99.8	99.2	101.4	103.8	105	109.4	130.3	145.3	143.5	133.8	116.1	119.4	138.3	195	215	210.6	211.3	211.1	219.4	232.1	235.2	230.4	232.8	233.7	232.5	234.6	224.3	201.5	217.9	231.9	234.2	234	229.5	227.7	231	219.7	217.3	232.6	232.5	229.5	213	211.8	231.9	235.4	239.2	241.2	243.9
254.3	254.4	255	255	255	255	255	255	255	255	255	254.7	255	253.5	254.4	252	251.1	255	255	255	255	253.5	243.6	251.9	253.1	253.9	255	255	255	255	255	243.6	178.2	136.8	127.8	127.2	158.4	182.1	175.3	175	174.9	168.5	162.5	135.1	118	116.4	110.2	109.7	112.6	116.1	116.9	117.8	119.9	120.8	116.3	115.5	125.2	129.3	121.8	108.6	94.4	83	75.5	71.1	72.7	79	84.9	88.4	89.7	87.2	85.1	84.3	84.1	85.6	87.1	88.2	88.4	85	82.6	80.1	76.2	76.2	78.8	78.1	77.3	79.2	82.9	89.6	94.1	96.9	100	104.7	111.5	117.4	121.2	122.3	123.4	123.5	119.4	111.5	109.9	110.5	107.4	107.3	105.3	103.6	101.5	100	101.2	98.7	96.5	98.5	98.6	96.2	91.9	87.9	87.6	91.8	87.6	83.3	79.2	77.7	78.9	78.2	77.2	81	84.1	90.1	96.2	98.6	98.4	100.5	102.3	99.9	95.7	81.5	74.3	81.5	85.8	90	94	98.6	102.5	103.4	102.5	99.5	98.6	98.4	97.1	98.7	101.9	104.3	104.9	112.2	140.2	153.7	151.1	142.1	121.5	120.1	141.4	196.6	212.9	214.8	226.2	232.2	230	230	242.6	241	235.8	239.4	238.1	238.8	238.8	213	210.9	232.9	233.9	235.8	233.1	235.2	240.3	235.2	228.9	241.1	241.5	231.3	217.6	220.2	233.1	228.6	231.6	236.1	239.4
255	255	255	255	255	255	255	255	255	255	255	255	255	255	255	251.4	254.4	255	255	255	255	254.1	251.3	254.4	254.7	254.4	255	255	255	255	255	214.8	153.6	133.8	132.9	140.1	158.8	181.1	173.9	175.2	173.4	170.3	163.8	143.3	124	119.4	116.8	113.7	115.2	118.4	118.7	125	130.7	135	136.1	141.8	149.3	146	134.1	118.1	99.5	85.4	72.8	66.8	66.7	70.2	71.7	70.8	67.8	63.8	60.1	59.2	62.9	67	67.2	68	67.5	67.2	66.4	63.3	60.1	61.2	63.5	64.8	64.4	64.9	66.7	65.6	66.7	70.7	72.8	74.1	79.8	87	90.6	90	90.5	89.1	84.3	81.8	79.1	77	76.6	76.9	77.3	78.8	79.6	78.6	78.5	79.3	80.6	83.8	84.4	85.2	84.7	85.9	86.4	85.8	85.6	80.7	76.5	73.9	73.1	72.7	73.3	73.8	77.7	84.3	90.3	95.3	98.3	103.2	109.3	110.7	108.8	96.6	85.2	88.5	95.7	102.5	104.4	103.9	104.9	102.1	99.1	100.1	98.1	96.1	94	98.4	100.7	103	107	111	137.5	153.3	152.2	132.6	141.4	175.5	196.5	203	213.3	216	228.6	235.3	231.7	230.6	226.3	233.4	231.1	234.4	234.1	238.1	241.5	232.8	216.6	233.3	234.6	234.5	235.2	238.5	245.1	230.9	219.3	242.4	245.1	237	227.7	230	233.7	230.4	229.2	231	233.4
252	255	255	255	255	255	255	255	255	255	255	255	255	255	255	255	255	255	255	255	255	254.4	255	255	255	255	255	255	255	255	255	205.2	148.8	133.8	132.4	145.8	159	185.4	171.1	168.6	172.2	172.1	165.3	137	126	122.6	117.2	115.4	116	118.5	118.6	125.3	133.4	139.2	143.3	150.8	154	151.9	141.6	124.3	104.2	89.4	75.2	65.7	63.2	62.8	60.8	53.4	48.8	49.1	47.4	49.4	55.8	56.9	57.6	58.4	57.2	57	56.5	53.8	53.4	53.1	54	55.7	57.3	58	61	60.9	59.1	61.2	62.5	66.5	71.9	73.7	76.9	77.2	76.3	74.7	71.4	70.1	67.2	66.9	68.4	69	68.9	69.3	69.7	71.7	70.6	70.8	71.2	75	76.9	78.6	77.9	77.6	82.4	83.5	82.7	78.1	74.1	69.9	68.7	67.1	66.6	69.7	72.7	78.5	86.7	91.7	97.8	103.6	110.6	112.2	111.1	107.1	93.2	90.6	99.6	106.1	106.5	106.1	104.1	100	99.2	98.9	97.5	94.9	94.3	95.9	100	102.2	104.7	113.7	137.9	147.9	147.4	121.8	148.5	192.4	193.9	191.2	211.6	224.9	230.1	236.7	233.7	226.2	207.9	219.3	227.1	238.7	235.4	234	236	237.5	226.8	228	232.4	234.6	236.4	238.5	240.9	223.5	211.2	231.9	240.9	235.6	231.3	228.4	230.7	231.9	232.5	232.2	225.6
252.9	255	255	255	255	255	255	255	255	255	255	255	255	255	255	255	255	253.8	255	255	255	255	255	253.8	255	255	255	255	255	255	223.2	166.8	152.4	141.6	177.5	173.4	152.1	180.5	170.9	167.6	169.2	169.2	166	144.5	130.2	127.1	125.4	120.4	117.3	118.9	122.1	129.8	139.4	149	157.5	160.8	155.9	149.9	142.8	126.4	108.6	88.4	71.5	64.6	56.2	47.4	40.8	33	26.9	24.3	24.2	26.3	32.4	34.1	36.2	39.1	41.1	41.8	39.7	38.1	38.5	38.4	39.6	41.8	44	44.1	43.2	44.6	43.1	42	44.7	48.4	51.2	51.7	51.7	52.7	52.2	51.7	50.9	50.5	48.9	49	48.1	51.1	52.2	52.4	53.1	55	56.4	57.4	59.3	60.2	60.1	60.5	60.5	60.4	64.8	68.1	67.7	67.3	64.4	56.9	54.3	52.6	53.9	58.3	65.1	74.3	84.6	91.4	99	116.2	120.8	115.3	114.6	111.3	105.8	107.9	111.1	113.4	111.5	107.9	105.5	99.1	97.7	95.9	94.3	92.9	94.3	96.4	99.7	102.3	105.5	113.7	137.9	147.8	142.6	140	184	210.2	208.9	201.4	207.9	228.2	230.1	236.4	235.2	227.1	228	233.1	238.8	245.1	241.2	232.5	231	233.3	216	216.6	231.3	235.9	237.6	238.8	240.9	236.1	230.7	232.8	234.6	233.9	230.9	230.1	230.6	230.4	231.6	231.9	225
255	255	255	255	255	255	254	252.3	254.1	255	255	255	255	255	255	255	252	251.4	255	255	255	255	251.3	248.8	253.8	255	255	255	255	255	218.4	167.4	153	159	213	198.9	150.9	176.1	180	181.1	180.8	174.7	167	150.8	132.3	127.7	125.2	123	118.2	120.5	124.8	131.3	141.2	151.5	161.8	166.9	159.6	152.4	143.9	131.2	117.2	93.7	74.2	67.5	55.3	41.6	32.7	26.9	20.9	15.9	17.5	18.5	24.2	27.6	29.6	36.9	35.6	35.6	37.4	36.9	36.7	35.3	35.9	40.3	42.6	38.9	37.2	36.3	37.6	41.5	43.6	43	44.6	43.6	43.4	44.3	41.4	39.8	40	41.7	42	41.9	41.3	42.5	42.8	43.7	44.3	46.5	48.7	50.5	52.6	53.2	53.2	54.6	55.8	55	56.9	59.4	60.3	60	57.8	51	45.8	45.6	48.9	53.1	59.6	71.6	82.4	92.3	101	114.4	118.1	114	114.8	112.2	108	111.7	116	115.3	113.9	111.6	106.8	100.6	100.7	97.5	94.2	94	93.1	95.9	98.8	102.5	105.1	115.7	143.1	153.1	152.8	160.5	192.9	214.9	218.6	218.3	218.6	234.1	228.7	229	233.1	235.5	237.9	239.3	240.9	242	241.3	236.9	231	230.1	213.9	213.8	236.9	235.9	235.5	240.3	239.4	239.1	238.3	234.6	232.5	236.1	238.2	234.5	234.3	234.7	232.6	234	231
255	255	255	255	255	254.1	253.1	249.9	252.9	255	255	255	255	255	255	255	253.2	253.5	255	255	255	255	253.3	253.1	255	255	255	255	253.2	255	234	189.6	172.2	231.6	251.4	203.4	154.8	174	183.6	182.4	186.6	177.3	167.7	160	139	129.1	127	125.4	122.3	121.4	127.5	135.9	145.5	151	156.8	165.1	165.6	156.1	145.1	132.6	115.5	91.3	76.5	74.2	70.2	62.7	49.7	36.2	24.7	18	15.5	16.5	19.3	24.3	25.6	34.1	36.2	34.1	42.2	44.1	42.2	39.2	43.8	51.2	54	45.9	36.5	33.6	41.7	52.3	55.7	54.2	51.8	48.6	43.8	38.9	37.7	40.1	40	40.7	41.9	40.1	39.1	34.1	31.2	32.7	34.7	36.3	36.9	36.8	39	39	39.4	41	41.9	41.9	41.2	42.6	39.8	35.9	34.1	28.6	27.1	27.7	34.3	45.9	54.5	64.4	77.1	91.3	105.2	110.1	113.1	116.6	118.2	117.5	118.1	121.8	124.1	121.8	116.6	111.8	105.3	100.9	99.6	97.7	93	91.9	92.3	94.3	95.8	98.7	102.1	116.4	138.1	147.3	174.3	222.6	222.5	226.2	230.8	232.5	217.6	215.6	221.2	206.6	221.5	233.7	237.1	237.4	239.7	238.1	237.9	234.6	231.4	231.9	227.7	228.5	237.1	233.7	228.4	235	236.1	238.6	242.4	238.8	234	236.4	239.7	237.6	235	234.7	229.2	235.8	232.8
255	255	255	255	255	255	250.8	249.6	255	255	255	254.7	254.3	254.8	255	255	255	255	255	255	254.7	255	255	255	255	255	255	255	253.6	251	236.4	187.2	191.4	238.8	240	202.5	153.6	168	187.8	186.6	184.2	181.6	175.5	167	138.7	129.8	127.7	126.4	124.1	123.4	128.4	134.1	143.9	151.2	155.5	164.4	166.6	159.1	150.2	137.2	116.9	94.3	79.9	77.3	77.4	72.8	62.1	49.1	29.6	18.8	15.9	17	16.9	20.9	23.3	30.4	34.9	35.4	43.8	47.7	47.2	44.5	49.7	56.1	55.8	53.7	44.6	36.9	43.4	57.8	62.1	60.9	59.7	54.1	50.2	42.7	39.8	45.2	46.1	48.9	47.6	47.4	46.4	37.4	32.2	33.4	36.7	38.5	34.8	34.4	36.3	38.4	38.1	37.5	37	37.5	35.7	33.5	30.9	25.8	24.2	21.4	20.5	21.1	26.8	38.9	51.5	62.7	73.4	87.2	104.3	111	114.8	117.8	119.5	118.8	124.8	130.6	129.7	125.3	119.6	112.4	105.9	100.5	98.2	95.9	93.5	92.6	92.2	93.8	96.6	98.7	104.6	122.5	138.3	140.4	171.1	222.6	226	228.8	230.4	229	219.8	222.1	228.8	213.3	218.7	230.4	229.5	227.6	227.4	230.5	236.4	238.8	236.8	237.3	234.6	231.2	229.2	228.2	218.2	223.2	228.8	228.4	239.3	246.6	244.8	243.3	243.6	240.9	237.6	238.5	234	240.9	237
255	255	251.4	255	255	254.8	250.2	251.4	255	255	255	255	255	255	255	255	255	255	255	255	255	255	255	255	255	255	255	254.6	250.4	251.7	232.2	211.2	253.8	255	240.6	212.1	169.2	163.8	186.6	180.5	181.3	182.3	172.1	166.1	144.6	130.8	125.8	121.5	121	123.6	127.5	133.5	142.2	152.5	159.8	166.1	167	160.7	152.7	137.5	116.5	98	86.5	87.9	95.8	98.7	92.4	79.2	60.1	39.8	23.6	17.4	16.1	18.5	22.1	26.9	32.2	35.4	45.5	50.5	50.7	48.8	52.3	60.9	63.8	63.8	55.8	46	59.1	75.1	73.1	69.8	70.1	67.6	62.9	51	52.2	61.3	61.3	61.7	59.4	58.3	54.9	43.9	36.5	42.9	46.2	43.7	40.8	34.5	36.2	39.1	38.5	33.9	29.4	26.9	20.9	18.2	15.5	14.2	12.7	11.3	11.2	13.9	18.6	29.9	42.7	52	63	75.8	89.7	101.5	108.7	114.2	117.6	122.4	133.9	141.5	133.5	125.4	116	107	101	96.2	94.1	92.6	91.6	91.4	92.6	92.6	96.5	100.2	105.3	124.5	144.4	150	187.2	224.1	231.1	227.7	227.6	226.5	231.2	239.5	241.2	239.1	235.2	231.9	230.7	227.5	227.4	230.4	235.2	238.8	240.3	240.3	238.8	234.7	230.9	229.4	231	231	229.9	226.9	232.8	243.3	246.9	244.8	241.2	240.3	237	238.5	240.9	241.2	239.7
255	255	249.9	255	255	254.7	255	254.4	255	255	255	255	255	255	255	255	255	255	255	255	255	252	255	255	255	255	255	249.6	249.3	255	235.8	234	250.8	252	252.3	223.8	179.4	165	181.2	176.3	176.7	183	174.7	164.7	142.6	125.9	124.5	121.3	119.8	123.4	126.8	132.5	139.2	149.2	159.8	165.3	169.1	165.8	153.8	137.9	121.2	103.2	90.9	90.4	96.9	101.2	100.5	84.3	69.6	52.1	37	26.2	17.8	16.4	21	22	28.6	31.7	40.3	50	50.4	42.9	42.3	55.8	60.7	62.2	58.1	45.3	54.6	71.1	70.6	69	70.6	69.7	66.6	55.3	53.9	64.3	66.2	65.3	62.6	60.9	56.1	46.4	35.3	41.1	46.4	43.6	40	35.1	32.1	34.7	35.7	32.9	26.3	23.2	18.7	16.6	13.3	11.5	10.9	10.7	14.1	16.8	21.5	30	39.6	50.1	61.8	77.4	91	100.3	105.8	111.1	115.5	120.9	132.8	140.4	135.8	126.8	116.7	108.5	100.5	95.6	94.5	92.5	90.1	91.5	92.4	91.7	95.9	102.3	105	120.9	140.4	151.4	181.9	226.9	229.3	229.1	226.5	227.4	233.7	234.9	238.5	240.6	238.5	235.8	241.1	246.3	249.2	243.3	237	235.2	239.7	247.9	252.9	255	247.5	241.7	237.6	235.4	237	234	227	225.1	228.1	230.5	233.7	234	231.6	230.1	238.7	250.2	247.8
255	255	251.1	255	255	255	253.2	254.4	255	255	249.6	249.6	255	255	255	255	255	255	253.5	255	255	251.4	255	255	255	255	255	251.4	253.5	255	255	255	249.9	255	254.4	219.9	187.8	192	195.7	174	172.3	177.6	173.4	165.5	148.5	127.2	125.3	122.1	121.4	120.9	124	132.2	139.3	149.4	154.1	159.3	160.9	157.9	146.3	133	122.6	106.7	95.8	95.5	99.5	106.2	106.8	96.8	82.7	72.1	62.7	52.9	41.3	31.3	26.3	19.7	19.3	22.9	27.7	41.6	38.3	21.8	21.9	38.4	44.7	45.1	37.5	30.6	56.9	71.1	70.6	75.5	77.5	77.5	72.9	59.5	62.3	71.6	68.9	67.5	63.9	60.8	59.1	43.9	27.7	40.3	45.6	42	36.8	22.1	21.6	30.6	29.7	24.7	20.3	16.9	16.3	15.1	15.5	19.7	26.2	36.8	48.3	52.6	50.7	47.9	51	56.5	63.9	75.9	89.7	99.3	103.5	112.2	121.5	127.1	137.4	138.9	132.5	121.7	111.9	105	96.6	95.2	94.5	91.1	88.9	90.5	92.4	92.2	94.5	99.2	106.1	123.9	135.4	163.2	199.6	212.9	221.9	226.9	228.9	229	235.6	236.2	236.6	240.6	226.5	231.9	241.8	246.3	251.4	248.1	238.5	234	237.3	246.9	252.9	254.4	248.3	242.1	240.3	237.6	239.1	236.7	227.3	222.9	223.8	226.3	231.3	234	232.2	228.2	235.9	249.9	246.9
253.2	253.5	247.5	248.7	255	255	253.5	255	255	255	253.8	255	255	255	250.8	249.9	253.2	255	255	254.4	251.7	255	255	253.5	255	245.4	255	255	255	255	255	255	255	255	250.8	217.2	200.4	220.8	221.5	187.2	179.4	176.4	175.2	170.2	149.6	128	124.6	121.6	119.7	120.8	122.7	128.2	139.1	149.1	153.8	160.2	161.3	154.7	147	134.4	123	109.8	100.7	99.3	99.6	105.3	109	102.8	90.5	77.4	70.5	63.4	54.4	44.6	36.4	29.1	26	24.2	24.2	32.3	30.5	18.9	17.1	26.8	32.9	33.4	27.4	22.5	45.7	64.1	67.6	72.2	77.9	79.9	75.5	55.5	56.3	69.1	65.5	66.3	62.5	58.6	57.1	43.6	20.7	31	38.8	35.6	29.8	16.5	15.3	26.2	27	19.5	16.8	15.4	17	19.3	23	29.6	38.2	50.9	64.5	69.9	63.8	58.4	60.9	64.8	71.2	78.4	89.4	102.1	105.8	113.9	122.6	128.1	138.3	138.6	131.6	122.6	112.5	103.5	97.2	95.8	93	90.9	90.2	90.5	91.1	92.4	95	98.9	116.3	145.2	148.5	174.2	214.3	221.6	230.8	236.7	240.2	234.4	233.6	238.4	234.9	240.6	230.4	222.9	227.7	228.6	240.1	246.6	240	236.1	232.2	231.9	234.6	238.8	239.4	240.3	243.9	242.4	237.3	237.3	235.2	232.2	232.5	231.2	232.4	236.2	235.2	228.6	229.2	233.5	238.2
248.7	252.3	250.2	251.4	255	255	255	255	255	255	255	255	255	255	250.8	251.7	254.1	255	255	255	255	255	252.9	248.7	251.7	255	255	255	255	255	255	255	253.8	255	240.6	235.2	253.8	255	250.8	197.4	180	175.8	172.3	168.4	152.4	125.6	120.8	120.4	117.8	117.8	121.5	126.5	133.2	140.6	150.4	158.5	160.8	158.4	149.1	139.5	126.8	115.4	110.3	108.9	108.5	111.6	110.4	107.2	99.3	87.1	78.1	72.2	68	61.1	57.2	54.9	52.4	47.9	45.1	42	37.9	37	34.8	29.5	23.3	17.6	14.1	16.3	18.6	23.5	25.7	26	31.1	36	32.2	20.1	29.6	37.5	36.4	35.9	34.1	31.6	29	19.2	11	12.2	11.1	11.6	14.5	20.8	25.1	32.1	34.3	33.9	36.7	41.9	45.2	49.9	53.3	59.8	71.2	85.5	93.8	94.8	89.6	84.7	85.1	86	89.4	96	101.8	107.9	114.6	122.1	130.2	137.3	138	132.9	125.1	113.4	106.1	100.2	97.2	95	92.1	89.9	90.4	90.8	92.6	94.3	98.4	100.1	119.2	147.7	158	215.6	229.9	230.1	237.8	239.6	240	236.7	234.1	237.2	232.3	237	243.6	231.6	228.3	222	216.1	241.2	240.9	239.4	234.9	231	230.1	236.7	240.6	240.9	243.9	244.8	239.4	236.4	234.3	234.6	236.1	235.3	233.9	237.6	236.4	230.1	230.4	232.7	237
254.1	255	255	255	255	255	255	255	255	255	255	255	255	255	255	255	255	255	255	255	255	254.3	255	254.4	252.6	255	255	255	254.8	249.3	254.1	255	255	255	253.8	251.1	255	255	255	213	181.2	169.8	169.5	174.8	154.9	128.2	120.1	120	118.5	119.2	121.5	124.3	128.4	132.7	145.6	155.1	160.5	157.6	149	137.2	128.5	119	111.5	111.8	111.3	110.4	110	107.3	102.8	97	86.3	75.8	73.1	69.7	68.1	67.2	66.7	66.3	64.8	64	60.2	57.2	51.4	44.9	39.6	35.5	34.2	35.1	36	35.5	32	26.3	24.8	24.2	23.4	20.9	22.7	27.8	27.5	26.3	25.2	23.6	23.9	22.8	21.8	24	22.1	26	30.3	34.6	39.6	46.4	48.8	49.2	51.9	55.3	57.5	60.4	64.4	69.7	80.9	89.8	95.6	96.6	94.1	90.5	88.9	90.7	96.3	101.8	108.4	111	116.1	125.7	130.7	135.6	134.9	129.3	121.2	112.1	104.1	100.1	97.1	95	90.8	89.2	89.6	90.3	92.3	94.5	97.1	101.1	119.8	138.5	144.6	206.1	233.5	234	240.5	242.7	240.9	242.6	237.9	233.8	226.3	225.2	229.8	229.2	227.7	221.4	209.4	232.2	234.2	235.9	244.8	243	234.9	239.1	247.8	245.7	245.1	243.2	235.7	241.2	236.7	237.6	240.6	242.4	240.9	239.4	238.5	239.1	239.7	238.8	239.7
255	255	255	255	255	255	255	255	255	255	254.1	255	255	255	255	255	255	255	255	254.7	254.8	255	255	255	255	255	255	255	255	253.3	252.7	255	255	255	255	255	255	255	255	232.2	181.2	173.1	167.7	170.1	168.2	147.1	123.9	119.7	118.3	117.8	118	118.3	121.9	129.3	140.2	150.9	154.5	151.4	143.6	134.7	127.3	121.2	113.5	116	116	113.6	113.6	111.9	108.8	103.7	98.9	89.8	82.6	77.9	74.6	72.3	73.6	73.1	73.8	75.5	74.8	77.5	78.4	76	74.8	76.6	79.3	79	78.7	76.9	73	69.2	63.3	58.4	53.4	49.1	49.4	51.6	53	53.3	54.6	59.1	62.4	59.4	60.3	61.8	62.3	60.8	62.2	66.3	66.8	66.4	66.6	65.8	65.2	68.2	70.7	75.6	83.8	90.1	95.9	96.1	95.7	94.5	97	98.3	99.4	100.4	105.4	110.1	111.4	118.6	126.2	133.6	138.9	138	129.5	121.8	113.5	106.4	100.8	96.5	94.3	91	90.7	88.7	88	90.9	89.5	92.3	95.9	99.9	111.9	127.2	165.4	215	226.6	239.1	243.4	244.5	241.2	241.2	240	235.5	230.6	228.3	229	229.8	228	226.5	229.5	232.7	237.7	234.6	240.8	248.7	243.9	236.7	237.9	245.4	241.5	234.5	218.2	215.5	236.7	239.7	239.7	241.5	243	239.7	237	237.6	238.8	233.1	234.6
255	255	255	255	255	255	255	255	255	255	252	255	254.3	254.6	255	255	255	255	255	255	255	255	255	255	255	255	255	255	255	254.4	255	255	255	252.3	250.2	250.2	255	255	255	247.8	189.9	165.9	169.8	166.6	162.7	139.7	117.7	116.1	116.4	115.5	115.9	117.3	123	127.5	136.6	145.3	150.4	148.7	143.3	138	129.6	121.3	112.8	114.2	114.2	114.3	112.4	112.1	112.2	109.2	107.4	101.4	93.2	89.5	84.7	80.7	79.9	80.6	79.8	80.3	80.7	82.7	85.4	88.2	93.9	100.5	106.9	107	100.7	98.1	95.8	92.2	87.3	82.3	78.9	77.1	75.9	77.2	79	76.6	80.4	83.7	85.5	85.3	79.5	74.2	74.3	73.1	72.2	74.2	75.7	73.2	72.3	69.8	69.4	72.2	75.5	81.8	89.1	95.6	99.3	98.5	99.7	100.1	102.1	103.5	105	107.5	110.8	112.9	113.3	119.3	126.8	132.8	134.4	138.8	133.3	121.5	113.3	108	102	97.1	94.3	92.5	91	89.1	90.5	91.1	89.8	91.7	94.8	111.6	139.9	147.7	179.3	222.7	229	236.7	243.1	244.1	236.3	236.8	239.7	237.1	234.2	235	236.1	232.6	231.5	234.9	237.3	239.7	239.1	241.6	245.1	246.6	250.7	249.6	238.2	236.7	234.9	233.4	225.4	220.5	234.6	240.9	240.9	239.7	240.6	240.9	233.4	231.5	238.5	238	230.8
252.9	255	255	255	255	255	255	255	255	252.9	248.1	251.4	255	254.5	254.6	255	255	255	255	245.4	247.2	247.2	255	255	255	255	255	255	252.3	255	254.8	255	254.4	253.2	253.2	252	255	255	254.1	244.2	202.2	171.3	170.8	164.1	165.7	148.1	121.5	114.5	114.9	114.7	111.6	112	118.6	123.9	129.9	136.5	140.1	143	143.1	140.7	135.3	125.2	117	115.8	115	115.8	115.7	115	113.8	112.7	109.2	104.9	103	100.3	94.5	89.6	87.1	87.9	84	80.5	79.9	82.1	83.4	89.1	98.7	106.8	118.9	123.7	119.3	114.1	114.1	110.7	110.1	113.8	115.3	115.3	111.7	110.1	108	110.4	114.3	114.4	118.6	121.6	113.8	105.6	96.7	85.8	81.8	82.1	77.2	72.9	72.9	72.1	74.4	80.6	87.8	93.8	99	101	101.2	103.1	105.8	108.5	108.8	107.6	108.3	108.3	111.8	115.9	116.7	118.6	124.4	132.5	131.1	128.9	122.8	116.8	112.5	107.1	99.9	92.8	89.8	88.4	90.6	88.5	89	89.4	89.2	93.4	94.4	114.6	145.9	164.9	219.5	228.9	223.4	232.5	240.4	239.5	236.5	233.4	221.7	236.4	236	237.6	239.3	235.9	233.4	236.7	237	236.1	238.2	243.7	245.8	240.9	247.2	252	241.5	235.2	234	231.9	234	238.5	239.1	238.2	239.1	240.6	238.5	238.8	234.3	232	238.1	240.4	238.5
253.2	255	255	255	255	255	255	255	255	255	252	255	255	255	255	255	255	255	255	251.4	249.6	252	255	255	255	255	251.7	246	252.3	254.4	254.5	255	249	253.2	255	255	255	253.8	248.7	250.8	216.6	180.6	164.2	168	170.1	155.2	127	115.9	114	113.1	112.2	112.1	116.4	120.6	125.9	134.9	139.9	143.2	143.7	143.9	137.4	126.4	119.8	118.4	117	113.8	114.6	115.2	114.5	115.4	114	112.2	109.7	108.3	104.5	100.3	95.7	95	90.4	85.2	81.3	80.7	80.4	81.3	87.3	91.9	98.3	99.2	100.2	97.6	100.2	98.8	98.9	104.1	108.3	109.4	107	102.6	100.9	102.2	106.8	109.2	112.3	111.3	106.2	102.2	94	83.7	79.6	80.2	75.6	73	75.3	77.4	78.7	85.6	93.3	98.1	101.1	103.9	104.8	109.8	112.8	113.6	114.3	113	111.8	111.3	113.7	118.9	118.9	120.5	125.3	132.5	132.4	124.7	119.9	114.7	110.1	105.6	99.2	94.4	89.4	89	90.2	88.8	89.1	90.1	92.3	94.1	99	123.3	144.9	165.6	220.2	231.8	214.4	232.8	237.9	232	234.3	235.8	237.9	244.9	242	241.8	243.6	238.5	232.8	232.5	234.9	232.8	231.6	236.1	237.3	231	229.8	238.8	239.4	237.3	241.8	240.3	239.4	244.5	241.2	236.7	232.5	230.7	231.9	231.6	231.9	233.7	234.9	234.9	240.9
253.8	255	255	255	255	255	255	255	255	255	255	255	255	255	255	255	255	255	255	255	255	255	255	255	255	255	247.8	246.6	254.4	253.7	255	253.2	243.3	250.2	255	255	255	251.4	248.1	255	232.8	198.3	172.8	167.4	167.4	159.4	136.8	115.7	113.5	110.5	109.8	110.7	111.2	114.8	118.3	125	132.4	139.3	141.9	146.5	142.8	136.9	132	129.6	129.3	121.9	115.6	115.3	115.5	116.4	117.2	116.9	114.8	113	111.2	108.7	103.7	102	98.5	94.3	88.8	85.2	82.5	80.1	78.7	79.7	78	75.6	74.8	73.5	73.1	73.1	76.8	82	85.6	88	86.8	82.2	77.7	76.8	78	77.8	78.2	78.5	77.2	75.9	74.6	73.3	73.5	75.3	74.6	74.9	79.6	84.4	86.6	91.3	95.1	101.1	105.8	107.2	109	111	113	115.5	115.1	112.6	113.2	113.6	117.4	120.1	121.3	124.1	126.8	130.1	126.4	118.1	115.1	108.9	105.5	99.6	94.2	91.4	87.2	86.3	86.8	86.8	88.1	89.4	92.5	92.7	98.9	123.7	139.5	164.9	222.4	236.3	233.2	239.7	241.8	236.3	239.5	246.6	250.1	247.3	242.6	240.5	241.2	237.6	232	232.2	233.1	232.5	230.4	232.2	234.9	233.7	230.7	237.3	239.1	237.3	242.7	242.7	241.8	243.9	242.4	239.1	232.8	229.8	231.6	231.6	231.6	234.6	237.6	234.6	239.7
253.5	255	255	255	255	255	255	255	255	255	255	255	255	252.3	253.8	252	255	255	255	255	255	255	255	255	255	251.7	249.9	255	255	255	252	246	252.3	255	255	255	255	250.2	252.9	238.2	215.4	188.7	165.5	166.8	165.3	165.2	148.6	122.7	113.1	109.7	110.4	109.3	110.3	114.5	118.9	127.5	136.3	141.3	141.8	144.6	144	138.9	134.5	133	129.3	119.5	114.7	114.5	117.9	120.8	119.6	119	118.2	115.8	115.5	110.8	107	106.3	102.1	95.8	91.6	88.2	83.4	78.1	76.3	74.8	72.6	69.7	68.1	68.6	67.9	67.7	70.4	72.8	74.3	73.4	70.9	67.6	65.6	63.7	64	66.2	67.7	67.4	69.7	71.3	71.5	71.1	72.4	72.9	73.6	78.8	85.7	89.2	92.5	94.4	96.6	102.7	105.7	107.6	111.7	113.4	114.2	114	113.4	110.8	110.8	116.4	121	122.4	121.8	124.3	126.3	124.3	117.1	114.8	111.5	106.5	101.4	94.7	90.3	86.9	85.8	85.6	84	86.8	88.7	89.8	90.8	91.7	112.6	128.6	140.7	199	227.9	238.5	236.8	239.4	245.4	241.4	241.7	245.7	247.1	247.4	246.3	240.8	239.2	239.7	239.8	238.1	234.9	231	233.7	235.2	234.6	238.2	234.9	231.6	233.9	225.6	234.9	236.4	237.3	236.1	236.7	241.8	237.9	239.1	237.6	239.1	238.5	237.6	240.3	236.4	233.1
254.4	255	255	255	255	255	255	255	255	255	255	255	255	251.7	253.8	255	255	255	255	255	255	255	255	255	255	250.8	254.4	255	255	250.8	247.2	254.4	255	255	255	255	253.8	239.4	229.5	208.2	167.7	152.1	159.7	166.2	168.3	164.6	154.9	127.5	113.7	111.6	108.6	106.9	108.5	111.9	114.9	120.9	131.4	138.3	140.4	141.3	142	141.1	138.3	137.2	131.5	127.3	120.8	113.4	116.4	118.8	117.9	116.3	114.9	116.1	116.6	115.5	112	109.9	107.7	102.5	101.2	97.2	91.2	83.2	76	70.1	66.1	63.6	63.6	61.9	61.1	60.5	60	60.2	59.5	57.6	56.4	56.1	56.9	56.1	57	58.2	59.8	62.1	65.3	66.8	68	68.4	71.9	75.3	80.4	86.3	92.6	97	99.7	101	102.7	103.8	105.6	109.1	114.2	113.9	113.6	112.8	108.2	111.1	116.4	118.1	120.3	121.9	121.6	118.4	118.1	115.3	113.6	110.3	103.1	97.5	94.1	89.6	87	85.8	86.1	85.6	83.1	83.8	86.9	87.6	88	91.4	113.1	127.6	176.2	220.9	227.3	237.2	235.2	238.2	243.9	241.5	243	245.1	245.4	246.7	247.3	243	239.9	240.6	241.3	240.2	237	233.1	234.6	236.1	234	236.4	234.6	230.1	229.9	232.6	232.5	234	236.1	236.1	236.4	240.9	243	238.8	236.1	236.1	236.1	235.2	237.6	234.9	227.7
255	255	255	255	255	255	255	255	255	255	255	255	255	255	255	255	255	253.8	255	254.1	255	255	255	253.8	253.8	254.4	253.8	255	254.4	253.4	255	255	255	254.4	254.1	253.2	247.2	243	240.6	202.2	158.1	143	157.8	170.4	168	165	157.8	153.7	130.3	114.5	111.6	107.3	106.5	110	114.7	119.8	126.5	131.8	136.3	141.9	143.7	139.8	139	141.7	136.6	133.7	127	116.2	116.5	115.2	116.4	116.1	116	116.9	116.1	114.5	111.5	111.2	109.9	105.8	105.4	104.2	100.3	94	85.1	76	69.4	65	62	58.1	57.5	57.1	55.5	54.6	54.1	54.4	53.8	53.2	53.8	55.5	54.3	55.2	56.5	60.6	62.8	64.1	67.1	69.9	74.3	79.4	84.9	90	95.7	98	100.6	102.1	103.7	104	105.5	109.2	113.6	113.5	113.3	110.7	107.4	111.3	116.7	118.6	121.9	121.3	121.2	118.9	114.9	112.2	110.4	106.5	100.2	94.8	92.1	88.5	85.5	85.5	85.7	83.5	82.5	84.3	86.8	87.3	88.4	98	113.1	126.4	177.1	215.9	224.6	233.4	238.1	234.9	227.4	227	231.9	235.2	240.3	243.6	239.4	236.4	238.1	237.3	236.1	238.5	238.2	236.1	240.5	247.2	242.7	238.5	239.7	238.8	236.4	236.4	237	239.4	243.3	246.9	245.1	240.3	238.8	237.3	233.7	231	230.1	229.8	228.6	229.2	229.8
255	255	255	254.3	254.4	255	255	255	255	255	255	255	255	255	255	255	255	248.7	254.4	253	251.4	252.3	255	255	255	255	255	255	254.8	253.8	255	255	254.1	249.6	255	255	255	255	253.2	225.6	194.7	175.6	166	167.4	168.9	166.3	156.4	151.5	125.3	112.8	113.7	109.7	107.4	109.1	112.3	116.5	121.7	124.8	132.4	141.9	141.1	142.9	144.7	139.3	139.3	138.9	134	126.6	119	112.2	112.1	114.2	115.9	113.7	112	113	111.3	109.3	110.5	108.7	105.6	104.1	103.3	101.2	93	82.9	77.8	73.8	69.2	64	63	59.9	59	57.5	55.4	57.1	57.5	56.6	57.2	57.1	57.1	58.4	61.8	66.8	70.5	75.3	78.6	80	85.4	88	90.5	96.9	102.1	103	104.3	106.2	105.8	105.9	108.3	113.5	114.2	112.3	110.9	108.8	109.8	114.8	117.9	118.5	121.5	119.4	116.8	118.5	114.8	108.1	101.5	95.5	91.4	88.4	85.2	85.5	84.3	84.6	86.1	82.8	83.2	84.9	85.4	88.4	88.8	105.6	125.6	165	216.8	216.8	227.7	232.5	238.1	236.7	230.1	230.4	233.7	234.9	239.7	243.3	245.1	240.5	237.3	236.7	235.2	237.3	238.2	237.5	243.3	248.6	244.8	241.2	241.5	240.6	238.2	240.3	238.1	221.4	238.8	249.6	243.2	239.2	241.2	239.7	235.2	234.3	234.9	233.1	231	231	225.6
255	255	255	255	255	253.2	250.2	255	254.7	255	255	255	255	255	255	253.9	254.1	255	254.3	255	255	255	255	255	255	255	255	255	255	255	255	255	255	255	255	255	255	255	255	242.4	214.2	200.4	177.6	165.6	171	169.2	162.1	153.2	138.5	116	112.7	108.7	108.6	108.5	109.6	110.8	116.1	119.1	128.3	136.5	139.8	143.7	146.4	142.5	143.5	141.8	137.8	132.3	122.7	114.7	111.6	110.9	113.7	112.4	110.5	108.1	107.6	108.2	110.4	112	108.8	104.1	99.5	99.4	96.8	87.1	81.5	77	74.4	71.9	70.7	69.3	68.3	66.6	66.1	66.4	64.1	64.4	64.2	64.2	66	66.2	69.2	73.2	76.1	81.4	86.4	88	90.9	93.5	94.1	99.4	102.6	105	106.1	106.4	105.3	106.4	109.4	112.4	114.8	112.6	111.4	108.3	110.8	116.7	116.7	116.4	118.7	117.8	115.8	118.5	115.1	108	100.8	93.8	91	87.6	83.6	83.4	83.6	83.9	85.9	84.1	83.7	83	85.3	87.5	99.6	119.9	126.9	173.3	223.5	227	233.2	226.5	232.7	242.3	245.7	240.8	241.8	240.6	240.6	245.1	251.3	249.7	245.2	241.3	235.7	233.5	231	228.9	232.8	238.2	244.5	246.6	244.6	240.6	237	236.1	237	221.4	222	237.6	238.7	236.5	239	240.7	237.8	241	243.3	241.9	237.3	234	231
255	255	255	255	255	249.3	248.1	255	255	255	255	255	255	255	255	255	255	255	255	255	255	255	255	255	255	255	255	255	255	255	255	255	255	255	250.2	255	255	255	255	219	187.8	163.8	141	165	179.4	169.8	167.4	157	152.1	125.4	111.1	111.6	109.3	106.3	105.9	108.4	111.9	116.8	125.2	132.1	133.9	137.5	141.1	144.8	145	143.6	139.3	132.4	124.9	119.5	114.9	110.1	111.8	113.9	111.6	109.1	107.5	103.9	109	113.6	111.7	107	100.6	95.9	95.8	91.8	89.3	88.2	84	82.8	83.3	83.1	83.4	80.8	79.2	76.3	73.6	74.6	73.9	75.5	75.2	75	80.1	82.1	82.6	82.8	84.4	86.6	86.9	90.5	92.8	95.5	99.5	101.3	100.7	102.8	106	106.3	109.9	112	113.6	110.9	110.3	112.7	115.3	117.5	116.8	115.9	113.6	114	114.6	114	110.3	102.6	96.5	91.9	88.9	85	81.5	81.7	82.7	85.1	84.8	86.6	85.5	83	85.4	88.2	101.3	120.5	146.4	189.5	220	231.7	236.2	226.5	220.3	239.2	248.1	245.7	243	244.8	243.3	243.6	247.6	247.3	244.9	241.9	237.4	234.3	231.1	228.3	232.5	236.1	240.3	243.6	243.3	239.1	237	233.7	233.9	232.8	231.6	234.9	238.2	236.7	239.7	239.4	236.4	240.4	242.9	242.7	238.5	234.6	233.7
255	255	255	255	255	254.1	253.8	255	255	255	255	255	255	255	255	255	250.2	255	255	255	255	255	255	255	255	255	255	255	255	255	255	255	255	245.7	243.6	255	255	255	255	220.1	188.5	171.6	154.8	175.2	189	173.4	171	166.2	154.6	136.8	116.1	112	110.3	107.7	104.2	106.6	109.5	111.2	120.7	129.7	134.4	137.2	141.3	144	145	144.5	139.9	136.7	131	123.8	117	112.2	111.6	114.3	113.5	112.7	110.5	107.2	109.7	111.5	112.3	112.7	107.8	104.2	98	94.4	95.2	96.1	92	89.5	89.6	87.9	85.1	82	79	77.8	77.5	78.1	79.2	79.7	79.2	80.5	83.7	87.1	84.6	84.3	85.9	89	88.8	91.9	95.6	97.9	102.2	103.3	100.8	100.6	105.8	107.6	109.4	109.5	113	112.5	110.9	113.6	115.1	115.9	117.2	115.1	112.8	114	112.5	110.1	107	100.5	94.4	91.9	89	84.8	82.4	81.9	84.1	85.4	84.5	84.5	84.5	83	85	90.5	111.3	129.9	158.8	193.4	218.5	234.7	234.8	226.2	214.9	231.8	238.5	241.3	241.8	242.4	240.6	237.6	238.2	237	240.3	242.8	240.9	240.3	234.3	234.5	245.6	243	232.2	231.9	239.7	242.1	239.1	237	236.8	240.1	236.1	236.1	241.5	240.9	243	239.4	232.5	234.9	236.5	233.7	233.7	233.1	233.7
255	255	255	255	255	255	255	255	255	255	255	255	255	255	255	251.7	249.9	255	255	255	255	255	255	255	253.5	255	255	255	255	255	255	255	252	245.4	245.7	255	255	255	253.5	251	254.5	244.2	239.7	219.3	204.6	184.8	171.6	168.7	157.8	147.7	129.8	113.5	109.2	107.2	105.1	107.3	108.5	108.7	114.6	124	129	133.6	141	142.5	142.4	143.5	141.1	136.7	131.9	127.4	122	116.7	114.9	113	113.6	113.3	110	107.6	106.8	108.8	108.6	111.4	114.9	110.8	104.5	103.8	103.8	106.3	107	104.9	99.6	92.3	85.9	82.8	79.7	79.8	80.7	80.4	82.7	86.2	87.6	86.9	87	86.1	86.3	87.8	91.9	93.2	93.3	98.5	97.2	98.1	102.6	102.5	103.5	106.1	109.6	110.1	108.8	109.1	109.9	110.3	113.2	113.9	111.1	113.5	114.4	113.2	111.5	111	107.1	102.5	100.3	95.1	90.1	87.4	85.3	82.3	83.7	83.8	86.5	86.2	82.9	83.3	83.7	83	85.9	92.4	113	167.4	218.4	224.8	230.6	243	238.9	238.2	230.1	225	234.7	234.6	238.8	238.8	236.4	234.6	236.1	236.4	239.4	242.7	240.3	222	223.5	235	246.8	246	237.3	234	223.5	241.5	239.1	237	237.2	240.3	236.7	236.4	243.6	241.5	241.2	239.7	235.2	235.2	235.8	233.1	234	232.5	232.8
255	255	255	255	255	255	255	255	255	255	255	255	255	255	255	250.8	255	255	255	255	255	255	251.7	248.7	254.6	255	255	255	255	255	255	246.6	250.2	253.2	252.9	255	255	255	249.3	250.8	255	255	251.1	241.3	220.8	204	184.2	172.2	162.1	153.2	148.1	124.1	110.5	108.7	108.3	108	109.2	109.6	112.8	117.7	124.3	130.6	134.3	137.2	136.9	139.5	142.3	141.7	135.6	131	127.4	121.7	116.7	114.2	113	113.4	111.2	110.1	109.8	109.9	112.1	111.7	111.8	114.8	116.1	112.1	111.2	110.5	113.4	117	115.8	108.4	99.9	98.5	99.9	97.5	97.8	99.3	99.4	100.2	100	99.6	100.2	97.9	96.6	97.4	99.5	100.6	101.6	103.3	106.4	107.8	106.5	106.8	103.1	106.1	107.7	109.3	108.5	107.7	108.2	110.2	112.6	112.7	111.1	111.8	113.6	111.7	109.8	109.5	108.8	103.5	99	97.2	93.2	87.9	85.4	84.1	83.7	84.2	85.2	86.7	85.5	82.7	84.2	83.3	88.2	98.6	122.6	165.3	197.3	230.8	240.2	245.6	246.4	243.4	239.9	237.6	232.5	234.1	232.9	237	234.9	235.2	239.4	243.3	243.3	244.8	247.1	243.6	226.8	226	231.2	238.2	239.7	238.5	236.1	227.5	237.5	237	238.2	239.1	238.2	236.1	238.5	238.5	234.3	233.1	238.2	238.2	234.6	234	238.5	236.1	229.7
255	255	255	255	255	255	255	255	255	255	255	255	255	254.6	255	252.9	255	255	255	255	255	255	251.1	251.4	255	255	255	255	255	255	252.3	244.8	253.5	255	255	255	255	255	247.5	251.1	255	255	243	224.4	210	203.4	184.2	171.6	164.4	153.7	150.5	139.7	119	110.2	111	111.7	110.2	108.1	112.3	116.7	121.5	126.5	131.9	133.2	135.1	138.5	140.2	140.3	135.2	133.8	131	123.3	119.3	116.8	115.5	112.8	111	110	110.3	111.1	110.5	109.2	111.4	113.8	116.6	116.4	113.8	110.9	112.4	112.8	112.1	109.8	104.3	103.8	105.5	103.4	103.4	104.6	109.1	113.1	113	110.3	107	102.2	102.5	104.1	104.4	103.4	102.3	105.6	110.6	112.4	111.9	109.8	108.9	109.5	107.9	107.4	107.7	108	111.6	115.5	115.9	115	114.4	114.4	113.7	111.1	107	101.1	96.5	94.4	92.9	90.3	88.4	86.4	86.8	87.4	87.4	84.5	83.9	84.3	83.7	81.6	82.3	83.1	88.5	101.3	167.4	224.9	225.5	236	241.2	243.9	243.3	241.2	241.5	240.9	227.7	226	226	237	236.4	236.7	235.9	242.5	243.3	243.3	246.7	243.9	237.6	232.2	230.8	234.9	237.6	238.2	236.1	236.2	238	239.1	239.7	240.3	240.9	239.1	237.3	236.4	221.1	226.8	233.7	236.1	234.6	234	237.6	236.1	231.5
255	255	255	255	255	255	255	255	255	255	255	255	254.4	255	255	255	254.7	255	255	255	255	255	255	255	255	255	255	255	255	255	253.2	252	255	255	255	255	255	255	255	255	255	255	253.2	234.6	210.6	205.2	192.6	174.6	170.4	162.8	152.9	157.9	150.7	121.4	111.1	110.4	109.8	108.3	108.4	115.5	121.6	126	132.6	132.9	134.1	141.2	142.1	141.9	141.2	136.1	134.2	131	126.6	123.3	118.2	114.1	114.7	114.4	111	110.1	112.2	114.3	114.1	114.7	118.7	119.4	116.7	118.5	118.5	118.7	121.8	120.9	120.8	117.3	117.6	116.9	113.4	112	118.4	120.1	117.6	117.6	116.6	113.2	111.8	111.9	111.1	107.5	107.4	111.6	114.4	117.1	113.6	109.9	110.1	108.7	107.5	107.2	108	110.7	114.6	119.3	121.1	116.9	115.8	116.4	116.5	112.8	108.2	100	94.7	93.7	92.2	90	86.3	85.7	87.2	87.8	88.7	85.5	85.4	84.6	81.4	80.9	82.6	88.1	90.2	110.2	189.1	232.3	237.6	246.9	243.3	237.5	237	235.8	233.4	238.8	223.8	222.3	218.7	231.6	239.1	236.4	233.1	237.3	240.3	236.4	237.6	241.2	239.7	240.9	247.5	248.1	245.1	240.6	239.4	240.3	244.8	241.8	241.2	237.3	238.2	239.1	236.1	236.4	223.2	219.9	236.1	240.9	245.1	244.5	238.5	236.4	234.3
255	255	255	255	255	255	255	255	255	255	254.8	251.6	251.7	255	255	255	255	255	255	255	255	255	255	243.6	240.6	255	255	255	255	255	255	255	255	255	255	255	255	255	255	255	255	255	255	234	208.8	204	197.4	185.4	171.6	160.6	151.6	155.6	155	135	115	109.6	108.2	108.3	109.5	117	119.8	122.4	126.7	129.7	135.8	139.8	139.9	143.4	144	138.4	139	137.8	134.3	128.7	123	118.5	115.6	117.7	116.2	115.3	116.3	118.4	119.7	118.6	119.4	119.6	118.5	121.5	120	118.7	117.8	116.8	117.6	120.5	120.1	118.6	117.9	116.8	119.6	118.7	118.3	117.9	118.2	119	117.1	116.7	115.5	113.1	111.9	110	111.3	114.7	110.7	106.9	108.8	109.3	109.9	111	112.5	116.1	120.4	124.7	123.6	120.2	115	112.9	108.7	102.3	100.5	95	91.4	89.9	88.2	85.1	83.7	84.4	87.4	86.8	85.8	85.2	83.1	80.7	80.1	80	83.2	87.3	99.8	163.5	217.3	233.3	242.9	251.3	243.6	239.4	240.9	239.4	237.6	241.5	243	238.2	237.3	223.5	224.4	237	233.7	240.3	243.9	239.7	238.5	240.9	239.1	240	249.9	249.9	245.7	237.6	239.4	225	234.3	241.5	229.2	230.7	236.1	235.2	234.6	236.7	235	235.9	239.7	245.1	252	250.8	242.7	238.8	236.4
255	251.4	253.8	255	255	255	255	255	255	255	255	254.3	255	255	255	255	255	255	255	255	255	255	255	239.7	246.6	255	255	255	255	255	255	255	255	255	255	255	253.8	255	255	255	255	255	255	225.7	209.4	204	199.8	187.8	176.4	166.2	155.7	154.3	153.8	149.5	131.6	112.8	110.3	110.4	110.4	113.4	115	120.7	126.4	131.2	137.8	141.2	142.7	144.1	146.6	143.7	142.4	143	140.5	136.4	130.9	125.5	124.2	125.6	125.7	124.1	123	124	124.4	124.5	123.9	122.7	122	127.6	128.5	128.4	122.9	120.4	118.5	118.9	120.1	117.6	115.3	115.8	117.7	119.1	122.2	121	121.9	126.7	123.9	121.6	117.9	112.5	108.1	108.6	109.8	111.8	111	106.2	108.5	112	113.3	117.3	117.6	118.1	123.5	125.7	124	119.8	115.2	111.9	105.8	101.3	100.2	96.3	93.8	90.7	89.2	85.8	84.1	85.3	86.9	87.1	87	85.2	83.6	81.8	82.1	83.3	86.2	87.6	111.6	172.3	215.1	228.1	240.4	243	242.4	244.9	247.2	244.8	240.3	238.8	238.2	235.7	240.9	243	243.6	239.4	237.3	244.6	248.7	246.1	244.7	240.9	235.9	234	235.2	236.3	241.1	242.4	237.3	224.1	234	236.4	218.1	220	235.1	240.6	243.6	241.5	238.2	237	237.8	246.9	252.9	246	246	245.7	241.8
255	253.8	255	255	255	255	255	255	255	255	255	255	255	255	255	255	255	255	255	255	255	255	255	255	255	255	255	255	255	255	255	255	255	255	234.6	249.6	254.6	255	255	255	255	255	226.8	213.6	209.4	204	198.6	189.9	186.6	170.7	156.2	152.1	150.4	145.3	132.2	114.6	111.3	110.2	107.7	107.5	110.4	116.4	121.8	128.2	135	138.8	142.6	145.7	148.1	147	144.3	146.3	149.6	147.8	143.1	138.3	135.1	136.1	136.5	132.7	130.4	130.7	128.4	126.8	129	129.6	130.1	133.7	140.1	147.2	144.8	142.2	144.1	142.7	141.1	134.8	132.4	130.9	126.8	123.1	125	126.8	132.3	130	123.8	117.6	112.4	110.9	109.5	108.9	110.7	113.4	116	112.6	113.8	116.9	119.4	124.2	125.7	127.7	128.3	125	126.5	124.5	119.6	112.1	101	95.3	94.3	92	88.7	86.8	84.7	84.2	84.5	83.9	84.3	86.7	84.5	82.7	79.7	78.6	78.1	83	89.3	122.1	175.5	194.2	213.2	226.2	236.7	240.3	243.9	246.7	248.1	246.9	243.6	241.5	240.9	229.4	234.7	243.9	247.8	238.2	234.6	241.5	244.8	245	245	242.9	236.5	231.8	230.7	232.1	241.1	243.6	237	234.3	234	233.6	231.7	228.9	233.3	241.5	247.8	246.6	240.9	237.6	234.6	243.6	245.7	237.3	239.4	241.5	243
255	255	255	255	255	255	255	255	255	255	255	255	254.4	255	255	255	255	255	255	255	255	255	255	255	255	255	255	252.3	255	255	255	255	255	247.8	236.4	255	255	255	255	255	255	255	232.4	217.8	209.4	204	195.6	190.8	190.8	174.5	159.6	152.6	145	150.1	136.6	116.2	114.9	109.6	107.2	106.8	108.1	114.1	118.9	125.9	134.2	138.3	142.8	146.2	149.4	150	146.4	146.9	151.3	151.9	149.3	146.7	142.1	142.8	142	137.3	137.3	139.8	134.2	131.8	134.1	136.8	137.1	140.4	147.6	155.4	159.5	159.8	154	147.6	146.4	144	140.1	142.7	139.3	133.8	133.8	131.7	128.9	125.6	124	122.6	116.6	110	110	111.2	112.4	115.5	120.5	120.1	117.2	118.7	123.5	127.8	130.6	132.5	131.1	126.5	127.5	125.3	118.3	110.6	100.2	92.1	90.9	90.9	89.3	85.3	82.8	84.7	85.3	83.5	83.4	85.7	83.6	81.5	81.3	79.8	79.7	82.8	93.9	144.3	187.1	196.7	220.5	234.9	239.2	246.2	255	252.3	247.2	249	251.1	251.7	250.2	243	234.1	234	237.6	237.6	233.1	234.6	240.3	243.9	242.5	240.9	236.7	234	231.2	232.8	242.4	241.5	235.8	234.3	237	237.3	232.8	229.2	232.5	238.2	241.5	240.6	241.5	240.3	233.1	231.9	232.5	230.4	230.4	235.2	241.2
255	255	255	255	255	255	255	255	255	255	253.8	253.8	252.9	255	255	255	255	255	255	255	255	255	255	255	255	255	251.4	251.1	255	255	255	255	255	255	255	255	255	255	255	248.4	244.2	255	240.6	218.4	209.4	202.2	189.3	190.8	191.4	181	164.6	151.8	144	151.3	145.4	118.2	111.9	108.6	104.5	103.6	107	107.9	111.8	119.5	126.7	134.1	141.8	144.8	144.3	149.5	151.4	149.3	152.5	157.9	159.7	158	156.5	155.3	151.7	150.2	151.2	154.1	152.8	150.4	157.2	160.9	157.1	161.7	167	172.2	175.8	180.3	179.1	171.3	170.4	166.4	164.4	164.8	162.5	161.5	160.9	159.6	153	146.6	142.4	136.5	130.7	125.8	120.5	121.3	124.1	123.6	125.5	129	128.8	130.1	137.6	139.5	140.7	139.5	140	132.9	128	122.5	112.2	101.8	94.6	91.2	88.3	88.2	84.7	83.5	83	83.6	83.8	81.6	80.1	80.4	80.4	80.3	79.2	78	78.9	92	138.9	185.1	187.5	194.8	217.8	239.7	242.2	246.7	253.5	244.8	237.9	244.8	249.6	242.4	230.7	238.9	234.1	229.7	237.3	239.7	238.2	238.2	240.6	240.3	245.1	240.9	237.6	237	232.8	232.3	238.5	239.4	239.4	239.4	237	237.6	234.6	229.8	229.5	228.6	222.6	219.9	238.2	239.7	236.7	222.3	216.3	232.2	232.2	239.1	242.7
255	255	255	255	255	255	255	255	255	255	252.4	255	255	255	255	255	255	255	255	254.1	249.7	253.5	254.4	255	255	255	250.2	255	255	255	255	255	255	255	255	255	255	255	255	251.4	250.8	255	245.4	221.4	208.8	200.1	196.5	196.2	191.4	184.8	171.6	149.3	141.7	150.3	141.3	115	107.9	106.1	103.7	102.6	106.2	108.2	110	115.8	123.9	129.8	136.8	144.1	144.7	148.1	153.1	152	154.3	157.9	161.6	160.2	159	158	155.7	157.4	155.6	157.7	156.4	152.4	158.2	162.8	162	166.3	166.8	170.3	176.8	181.2	184.2	178.1	173.1	173.9	170.9	168.9	165.6	166.8	168	167.7	164	152.2	147.6	143.2	138.8	134	129.4	129.5	124.2	124.1	128.5	128.8	127.5	131.8	140.2	144.7	145.5	144.9	144.8	134.7	128.7	121.9	111.5	99.2	92.6	90.7	88	86.9	82.9	82.2	82.1	84.4	83.8	81.6	80	79.4	79.5	78.9	77.8	77.3	79.4	104.5	154.7	186.5	186.9	200.7	223.8	232.2	239.8	245.7	242.4	239.5	232.2	234.6	237	227.4	219.3	225.6	237.6	237.3	239.1	243.3	249	247.2	241.8	243.3	252.3	246.6	244.5	244.8	241.5	234.9	234.6	237.6	240.3	239.1	236.4	234	234.3	234.3	236.6	234.9	231.6	224.4	234.9	240.9	243.6	238.5	228.9	239.1	233.1	236.7	237.6
255	255	255	255	255	255	255	255	255	253.9	251.7	254.5	255	255	255	255	255	255	255	255	253.2	255	255	255	255	255	255	255	255	255	255	255	255	255	251	253.2	255	255	255	255	255	255	249	220.8	208.2	201	196.2	195.6	188.4	183.6	171.3	148.9	142.4	147.2	139.1	109.7	103.3	103.3	103.8	101.4	101.7	103.5	105.3	109.4	118.3	125.1	132.9	141.5	146	149.4	153	151.1	152.7	157.4	159.4	158.4	157.9	159.3	161.7	161.4	161	161	162.1	157.9	159.7	163.2	168.5	173.6	175.4	179.6	186.1	190.9	184.1	179.9	180.7	175.3	171.6	170.5	167.2	168.7	169.6	170.7	170.2	166.1	161.8	154.1	150.1	147.9	148.4	146.3	139.3	136.7	139.7	140.9	143.1	148.5	149.4	150.9	151.2	147.5	140.3	131	123.7	120.7	113.5	101.2	92.1	88	84.6	84.9	84.7	82.4	85	86.6	85	80.7	77.4	76.5	77.3	75.5	76.1	82.4	126.5	174.5	184.1	185.6	186.3	197.9	223.9	232.3	235.6	241.5	240.5	239.6	243.8	238.2	234.9	236.4	235.6	233.1	229.8	236.1	239.7	242.7	248.7	245.4	239.4	245.1	243.9	243.6	244.5	247.2	245.1	237.6	236.4	238.5	239.1	238.5	237.3	234.6	232.8	236.8	238.1	236.4	241.2	244.8	238.5	239.1	243.5	241.8	242.4	241.2	233.7	234	235.2
255	255	255	255	255	255	255	255	254.6	254.8	255	255	255	255	255	255	255	255	255	255	255	255	255	255	255	255	255	255	255	255	255	255	255	255	255	255	255	255	255	255	255	255	252	225	210	201.6	196.2	195	188.4	178.5	166.5	153.8	150.5	146.8	142.3	112	104.1	104.2	103.7	99.5	97.6	100.1	103.2	105.3	115	124	129.3	136.5	141.7	146.6	152.9	152.1	154.5	158.6	158.3	156.7	156.3	158.1	161.9	162.5	162.4	162.6	166	160.2	160.7	166.7	172.7	177.2	176.5	178.3	182.7	183.5	177.1	174.5	179.5	171	166.7	163.8	160.3	163.5	164.8	167.5	170.5	165.9	161.5	155.6	151.7	148.5	147.5	147.3	143.2	138.4	140.4	144.9	145.6	149.3	151	152.2	149.2	144.1	136.4	129.9	122	116	109.4	100	92.7	86.7	83.5	84.6	84.9	81.8	83.8	87.2	85.7	81.4	76.2	74.1	74.1	74.2	76.3	85.5	140.6	182.1	183.3	185.8	187.1	200.1	229	235.6	231	234.3	239.1	243.3	245.2	243.8	244.5	249.6	246.9	243.6	234.3	228.3	229.2	234.3	239.4	241.5	240.9	237.6	231.9	225.3	227.7	240	242.4	237.6	234.6	237.3	240.6	239.7	241.5	239.1	231.9	229.5	230.4	229.5	228.6	232.2	234	231.6	233.1	234.3	236.4	237.3	234.4	234.2	233.8
255	255	255	255	255	255	255	255	255	255	255	255	255	255	255	255	255	255	255	255	255	255	255	255	255	255	255	255	255	255	255	255	255	255	255	255	255	255	255	255	255	255	255	222	208.2	200.7	199.2	195	190.8	181	169.6	160.3	151	147.1	143.7	114.4	103.5	101.4	101	95.1	93.8	97.8	100	103	108.4	116.7	121.2	127.3	135.1	140.8	146.4	147.8	151.7	154.2	152.7	154.9	154.2	152.3	157.2	159.8	158	157.7	164.2	166	164.6	170	179.7	180.9	179.7	175.4	180.3	182.5	175.3	170.4	168.9	163	160.6	161.7	162.9	165	163.3	165.4	170.6	168.9	160	157.8	157.1	151.1	146.7	145.9	144.9	147.1	149.2	154.4	154.6	155.3	157.4	155.1	148	139.5	130.5	123.2	116.3	105.2	97.1	94.1	87.3	83.3	82.5	81.9	81.9	81.7	82	82.7	81.6	78.9	74.4	71.7	71.6	73.4	80.2	105.1	158	181.1	183.9	186	187.4	201.6	233.5	239.6	233.7	234.8	239.1	241.8	241.6	240.2	243.6	250.2	249	245.7	243	233.2	218.9	232.3	236.7	242.4	243.6	240.6	237.3	233.4	233.4	239.4	238.5	236.7	234.6	237	239.4	238.5	240.6	229.2	225.6	230.4	230.1	229.8	230.4	232.8	236.1	232.8	230.4	232.5	236.1	236.7	236.4	234.3	230.7
255	255	255	255	255	255	255	254.4	255	255	255	255	255	255	255	255	255	255	255	255	255	255	255	255	255	255	253.8	255	255	255	255	255	255	255	255	255	255	255	255	255	255	253.8	253.5	222	208.8	204	197.4	195	191.7	176.1	164.5	162.2	153.9	146.8	122	107.4	101.9	99	99.3	95.7	94.5	95.9	98	99.9	103.8	109.6	115.6	124.4	131.2	137.2	142.3	144.9	148.6	150.8	150.7	153.4	153.4	148.1	150.9	154.8	154	155.4	159.8	160.2	160.8	169.6	173.7	176.6	179.2	178.6	176.6	176.2	169	161.5	157.7	153.9	151.8	150.5	158.1	164.4	162.2	163	168	165.5	158.7	160.5	160.4	152	145	143.8	142.8	143.8	148.4	153.3	156.8	156.4	153.1	150.6	144	135.5	126.9	120.9	111	100.9	95	91.2	86.9	83	83.1	80.9	81.1	81.2	81.8	80.7	80.1	75.4	71.5	71.1	72.5	75.9	83.9	106.8	160.9	177.1	184.8	185.9	187.9	208.4	244.9	248	240	237.3	237.4	237	237.6	236.4	233.3	241.3	246.9	242.2	238.8	235.6	230.1	235.5	229.8	234.6	239.1	239.1	237.9	237.8	237	238.5	240.9	240.9	238.5	237.6	238.7	240.6	240.6	229.2	228	240.3	236.4	234.6	234.6	235.2	238.2	240.9	242.4	241.2	237.3	236.4	236.4	234.3	227.7
255	255	255	255	255	255	253.2	252	255	255	255	255	255	255	255	255	255	255	255	255	255	253.8	253.2	255	255	255	255	255	255	255	255	255	255	255	255	255	255	255	255	255	255	255	255	217.8	209.4	205.2	199.8	196.2	191	173.9	166	167.9	160.5	135.9	107	103.8	102.6	98.5	97.6	93.9	94	91.8	91.7	96	99.1	100.2	106.3	116.6	123.9	130.2	136.4	138	141	143.1	144.6	150.4	148.4	145.2	146.6	149.3	147.7	146.9	149.7	158	164.6	173.3	173.7	164.1	170.6	178	171.3	160.2	153.5	149	148.5	149.3	151.3	150.5	151.1	155	157	162.6	165.3	165	163.9	163.7	160.8	146.7	142.9	141.3	142.6	141.6	146.2	153.7	152.5	142.6	143.4	140	131.3	126.9	119.4	113.7	104.7	98.7	94.6	89.9	84.8	81.2	80.4	81.1	82.3	81	79	75.3	72.4	69.9	65.5	68	74.1	82.6	91.5	124.3	181.5	183.4	181.1	182.1	187.8	208.6	245.7	251.1	245.4	241	239.7	239.1	239.7	240	236.7	240.9	245.4	242.7	239.7	233.9	237.6	241.8	230.7	229.5	237	239.4	240.1	239.6	239.7	240.6	242.4	241.2	238.2	237.6	240.9	243.3	243.9	243.6	243.3	241.8	238.8	236.1	236.4	236.7	237.6	241.5	242.4	236.4	236.7	234	226.2	222.3	219.9
255	255	255	255	255	254.1	255	255	255	255	255	255	255	255	255	255	255	255	255	255	253.2	249.9	255	255	255	255	255	255	255	255	255	255	255	255	255	255	255	255	255	255	254.4	254.1	255	219	208.8	205.8	200.4	196.2	188	172.4	165.5	169.8	147.6	113.7	100.5	100.3	101.9	99.2	96.6	92.8	91.7	92.1	91.4	94.7	98.2	98.5	101.4	109.8	115.3	124.8	133.7	134.2	136	138.4	136.8	142.4	143.6	144.5	146.4	146.1	143.4	140.9	146.1	155.6	165	169	166.7	155.8	160.2	164.9	160.3	153.4	148	143	142.5	144	144.6	143.3	142.5	149.8	151	155.4	163.9	163.2	165.2	167.7	161.5	147.4	140.9	137.1	137.9	139.4	141.3	148.2	146.6	137.4	138	138	129.5	125	115.5	108.6	103.3	96.8	90.8	86.9	84.3	80.3	80	80.4	80.3	78.8	78.5	74.3	70.1	68.9	67.4	71.5	75.5	84.5	93.6	125.2	182.5	183.9	184.8	182.8	183.3	213.7	246.4	255	255	255	249.9	245.1	241.8	240.3	236.4	236.4	239.7	243	246	241.2	235.2	242.7	243.9	240.3	238.2	240.9	240.6	239.7	244.5	247.5	245.7	240.6	238.5	239.1	245.1	252.9	252.9	249.3	245.2	245.1	245.1	243	241.5	239.4	237	236.1	239.4	243	239.1	236.7	232.8	229.8	227.4
255	255	255	255	255	255	255	255	255	255	255	255	255	255	255	255	255	255	255	255	252.3	254.4	255	255	255	255	255	255	255	255	255	255	253.8	253.5	255	255	255	255	255	255	253.7	255	239.4	214.8	208.2	204	200.4	195.6	188.8	176.1	171.1	167.7	141.1	119.5	103.5	98.1	99.9	98.9	95.1	90.8	87.4	87.3	86.8	88.9	92	92.8	96.9	102.8	110.6	115.3	124	127.8	127.9	129.8	128.1	130.1	134.3	136.7	139.2	137.7	134.6	134	137.1	142.6	148.6	152.9	154.7	147.5	146.7	144.3	141.7	140.6	133.7	126.4	122.2	123.7	128.3	129.2	127.8	134.1	138.7	144	150.8	149.3	151.8	157.9	155.5	145.2	141.4	136	133.1	135.5	137.2	139.2	139.6	136.8	133.5	128.6	119.6	112.8	106.2	98.1	96.6	92.7	86.3	84.2	80.6	77.6	76	76.5	74.2	70.6	69.7	67.8	66.6	68.2	70	74	78.8	88.2	97.2	135.1	182.5	183.6	183.9	178.5	182	209.5	243.8	252.9	255	255	249.6	244.5	240.9	239.1	237	237.6	239.4	241.2	232.8	223.8	226.7	241.5	243.9	242.7	238.8	241.5	241.2	239.1	243	246	245.1	240.3	239.4	239.1	245.1	253.8	253.8	249.6	245.4	243.9	246	246	241.8	238.5	237	234.9	238.8	243.3	240.6	238.5	237.6	238.8	239.7
255	255	255	255	255	255	255	255	255	255	255	255	255	255	255	255	255	255	254.1	253.5	255	255	255	255	255	255	255	255	255	255	255	255	252.9	255	255	255	255	255	255	255	255	255	234.3	211.5	204.3	205.2	203.4	198	190.7	177.3	171.4	156.5	135.5	122	102.7	100.4	98.3	96.2	96	92.2	88.1	86	84.3	86.2	87	88.5	93.5	100.5	105.9	110.1	116.7	121.9	125.8	127	126	127.2	130.2	132	135.7	134.3	135	135.1	133.9	132.7	139.3	145.5	145.9	143.7	140.8	136.3	133.3	133.6	129.8	123.6	120.8	119.1	118.7	120.2	122.7	130.6	134.6	139.4	145.1	143.7	142.9	143.6	140.7	138.6	138.6	134.3	133.6	134.3	135.5	134.7	135.4	134.6	130.4	124.5	115.2	109.1	104.3	97.1	94.5	89.9	85.3	81.8	79.7	76.6	73.9	74.3	72.4	69.4	67.2	64.7	64.7	67.1	71.6	74.6	79.4	87.2	94.9	131.7	182.2	181.9	180.9	166.2	175.3	183.6	209.9	229.8	247.2	248.7	247.2	247.5	244.8	242.4	243	245.1	244.8	240.4	225.5	212.4	216.6	235.5	240.3	242.7	239.4	243	243.9	241.8	238.8	232.8	234.6	239.4	241.2	234.5	232.9	241.2	245.1	245.1	239.4	233.7	236.1	241.2	242.4	238.5	237.3	237.6	235.2	234.9	237	239.7	237	236.4	239.4
255	255	255	255	255	255	255	255	255	255	255	255	255	255	252	255	255	255	253.8	255	255	255	255	255	255	255	255	255	255	255	255	255	255	255	255	255	255	255	255	255	255	247.8	221.4	207.9	202.2	204	201	196.2	192.6	179.3	172.6	156.3	141.8	129.6	108.9	105.3	101.6	94.3	94.6	92.8	90.6	86.2	82	81.4	81.7	84.1	90	91.6	94.1	101.2	106.8	111.4	115.6	118.1	119.2	119.2	118.8	120.6	123.1	124.7	125.3	126.7	125.2	123.2	123.9	124.4	127.7	127	125.2	122.5	123.8	124	122.9	124.9	124.4	120.5	115.4	113.5	118.9	121.9	126	130.4	133.5	131.9	124	120.8	118.5	122.4	123.8	117.9	119.1	122.6	122.3	120.3	121.6	121.7	118	111.5	100.3	95.7	92.7	90.5	86.5	81.9	80	77.4	76.2	74.6	71	69.2	68.2	64.6	63	64.8	69.2	71.9	72.3	76.4	81.8	90.2	100.9	140.4	172.8	180.5	183.3	183.8	185.9	186.5	186.3	200.4	229.8	246.9	249	244.2	247.8	243.3	243.6	245.7	245.7	243.9	246.5	245.7	228.3	232.8	240.9	242.7	239.4	243.9	244.8	243.9	241.2	233.7	233.7	239.1	241.2	233.6	229.8	237	244.5	245.7	239.1	231.9	232.5	238.5	241.5	239.4	237.6	238.2	236.5	235.2	236.4	238.2	236.7	233.4	237
255	255	255	255	255	255	255	255	255	255	255	253.8	255	249.6	244.2	255	255	255	255	255	255	255	255	255	255	255	255	255	255	255	255	255	255	255	255	255	253.8	253.5	255	255	255	251.4	228	213.6	207	203.4	202.2	195.6	192	180.8	165.5	146.9	144.7	127.9	105.8	106.2	104.4	96.7	95.4	94.3	92.5	89.1	84.8	81	78.8	81.1	86.8	87.4	91	96.4	101.7	108.6	110.3	112.3	114.5	116.7	113.8	116.4	119.5	120	119	118.5	120	120.8	120.1	120.3	123.9	123.9	122.6	119	122.3	123	121.5	122.8	120.9	119.5	118	116.9	117.1	119.9	123.5	127.5	128.3	123.5	117.2	112.6	113.9	117.4	118	114.2	113.5	116.6	116.3	115.8	118.5	116.7	112.2	107.6	98.7	95.2	91.8	88.2	84.9	80.6	75.6	73.9	72.7	72.3	67.7	66.3	66.1	63.5	63.4	65.9	69.4	72.5	73.4	75.5	81.8	91.7	102.5	140.2	171.3	180.2	183.4	185	185.9	183.8	183.6	188.1	204.6	222	246	246.1	254	248.7	245	248.1	251.4	247.8	246.6	251.1	245.5	243.5	249.9	246.6	247.5	247	239.4	237.6	240.6	241.2	240.9	238.8	237.6	236.4	236.1	239.2	237.3	240.3	238.5	234	231.6	235.2	238.8	241.2	243	240.9	242	248.5	249.3	244.5	239.1	236.4	238.2
255	255	255	255	255	255	255	255	255	255	255	255	255	253.2	255	255	255	255	255	255	255	255	255	255	255	255	255	255	255	255	255	255	255	255	255	255	250.2	252.3	255	255	255	255	227.4	213.6	205.2	201	199.8	196.8	188.4	179.1	160.7	149.8	150.3	131.1	106.2	104.1	107.8	99.9	94.3	91.9	91.3	89.7	86.9	82.6	76.9	76.8	78.7	79.3	83.2	87.9	91.5	95.1	99	100.5	102	105.7	105.6	103.7	106.9	108.5	107.4	105.9	106.8	107.8	108.3	110.1	111.9	116.6	115.4	114.2	114.8	115.8	117.9	116.3	114.4	112.4	113.9	114.8	113.6	114.4	118.2	120.1	115.5	109.7	104.3	102.3	106.1	107.5	107.8	106.3	103.6	101.4	102.7	105	103.7	99.2	96.8	93.3	90.6	88.4	84.6	81.4	77.4	74.3	72.7	68.8	65.7	65.3	64.9	63.8	64.3	66.8	67	66.5	68.2	70.2	73	79.4	88.4	98.7	111.2	162.6	183.2	184.1	184.4	178.7	167.7	179.7	189.6	193.8	198.6	213.9	241.5	253.9	254	251.1	246.3	248.1	249.9	247.5	245.4	248.1	248	235.3	248.4	245.4	243.3	241.6	237	226.5	231	240.9	241.2	239.7	237.6	237	239.1	238.2	234.6	237	237	236.1	233.7	235.2	238.5	240.3	240.9	239.1	241.5	248	251.1	246.9	239.1	226.8	234
255	255	255	255	255	255	255	255	255	255	255	255	255	255	255	255	255	255	255	255	255	255	255	255	255	255	255	255	255	255	255	255	255	255	255	255	255	255	255	255	255	255	226.2	213.6	205.2	199.8	199.8	197.4	188.4	180	157.1	153.4	145.9	123.4	102.6	106.1	111.3	102.5	95.6	91.6	90.6	90.1	87.2	85.1	81.1	77.2	75.6	75.7	80.5	84.6	85.8	88.8	94.9	96.4	98.2	99.3	98.9	98.6	101.4	101.4	100.8	101.5	100.1	103.3	104.4	103.8	104	109.4	110	110.5	111.8	112.4	112.9	114.6	112.2	110.6	112.8	113.1	110.9	111.4	115.9	116.2	112	108	103	99.7	102.9	104.7	104.1	103.9	99.7	96.1	96.7	97	95.2	93.6	91.5	89.3	88.6	85.3	81.4	77.9	74	71.3	68.6	66.4	63.6	63.7	64.4	63.3	63.7	65.5	66	65.9	68.6	70.2	73.2	80.5	90	97.7	110.9	163.7	183.5	184	184.1	173.5	161.1	166	183.3	189	195.3	204.9	215.1	233.1	243.9	243.6	241.5	242.4	244.8	249.9	252.9	249.9	241.5	226.2	233.1	237	236.1	233.7	235.2	232.8	234.8	246	248.1	243.3	242.4	241.8	238.2	241.5	244.8	242.2	241.5	243.6	235.5	235.5	245.4	240.6	237.9	235.2	226.8	230.7	238.8	240.3	237.3	223.8	237.6
255	255	255	255	255	255	255	255	255	255	255	255	255	255	255	255	255	255	255	255	255	255	255	255	255	255	255	255	255	255	255	255	255	255	250.8	255	255	255	255	255	255	249	219	211.2	205.2	201	199.2	196.2	192.6	173.1	155	161.3	147.3	121	108.7	110.1	113.2	103.9	97.2	92.8	90.1	88.3	86	84.6	83.2	78.7	76	75.3	75.1	78.3	79.2	80.8	83.8	86.5	88.8	89	89.8	90.3	90.6	90.8	90.9	88.4	89.8	89.8	89.3	91	92.9	96.6	97.3	98.5	102.1	104.2	103.7	106.1	105.7	105.8	106.5	105.1	104.5	105.5	103.8	103.3	101.4	100.6	98.1	92.4	89.3	89	89.9	89.5	87	82.3	82.3	82.4	81.6	80.8	79.1	79.5	78.7	78	73.1	69.2	67.7	65.7	64.4	63.6	63	64	65.2	65.6	64.4	65.8	64.6	65.9	69	70.2	74.9	86.4	94.8	101.7	122.6	176.9	183.7	183.8	184	184.9	184.2	181.8	188.7	189	191.1	204	208.8	222.9	238.5	240.6	239.7	241.8	244.8	251.1	253.2	250.2	241.5	231	231	237.9	240	235.8	228	240.3	240.3	244.8	247.2	238.5	234.9	243	240.9	244.8	248.1	244.5	243	245.1	240.9	242.4	247.5	243.3	238.2	224.4	225.3	224.4	234.6	237.6	237.3	237.6	241.5
255	255	255	255	255	255	255	255	255	255	255	255	255	255	255	255	255	255	255	255	255	255	255	255	255	255	255	255	255	255	255	255	255	255	255	250.8	255	255	252	255	255	251.4	219.6	212.4	205.2	201.6	198	197.4	190.5	166.6	164.5	160.2	138.7	116.8	105.8	109.4	113.9	107.6	100.7	93.2	90	87.8	86.1	85.4	84.2	80.5	78.3	76	74.5	73.9	73.9	77	79.3	81.3	83.4	86.3	86.7	86.6	85.2	86	86.1	83.4	84.2	84.1	83.6	86.6	90.5	92.7	93	92.8	95.2	99.8	100.3	101.9	103.1	103.3	103.6	102.3	102.8	103	101.8	98	97.2	96.3	93.2	89.6	86.2	86.3	86.2	85.3	84.5	79.6	77.8	77	78.6	78.6	76.3	74.3	73.3	71.7	67.2	66	65	64.6	63	63.2	62.2	63.1	65.5	65.6	64.3	64.4	63.2	65.7	69.3	71.3	77.7	87.3	94.5	101.1	118.9	171.3	183.2	183.8	184.1	185.4	182.9	180.6	187.6	188.1	189.3	193.2	206.4	213.6	227.4	236.5	232.2	236.4	232.5	232.8	235.2	238.5	242.7	244.5	241.5	249.9	255	248.1	237	240.9	238.8	237.3	238.5	238.5	235.2	239.7	241.5	245.4	249	248.1	241.5	237	235.2	234.3	234.9	234	237	230.1	236.1	232.2	233.1	236.7	234	230.7	230.7
255	255	254.4	253.8	255	255	255	255	255	255	255	255	255	255	255	255	255	255	255	255	255	255	255	255	255	255	255	255	255	255	255	255	255	255	255	255	255	253.8	234.6	249	255	234	216.6	210	205.2	201.6	199.8	196.2	189.9	175.6	174.8	158.9	134.2	116	106.3	110.6	123.1	114.3	103.5	96.4	92.2	89.8	86.5	85.5	83.8	81.3	79.7	78.1	74.7	71.8	69.9	70.2	71.9	72.7	74.7	77	78.2	75.7	75.4	74.9	73.2	73.4	74	75.8	76.7	77	76.9	78.3	78.2	78.4	79.7	82.7	85.6	88.3	89.2	91.1	91.7	90.4	90	88.9	86.3	84.3	82.6	81.6	79.8	79.8	78	77.7	77	73.7	72.6	71.7	71.3	70.6	69.6	70.4	70.1	68.9	65.4	64.5	62.9	63.1	63.3	62.9	63.4	63	64.2	66	64.3	63.4	61.7	62.3	64.2	65.8	67.1	73.8	82.7	90	98	106.4	120.6	150.3	170.5	184.1	184.1	184.8	182.8	180.3	186.8	187.5	188.7	189	204.3	211.5	217.8	232.9	232.2	236.4	232.5	231.6	233.1	236.7	245.7	246.6	242.7	250.2	255	249	243.3	240.3	238.5	238.5	238.8	238.5	242.7	241.8	241.2	243.9	243.3	245.1	240.3	234.9	234	232.5	230.7	230.4	233.7	237	236.4	233.7	232.8	236.1	235.2	231	228.3
255	254.4	255	255	255	255	255	255	255	255	255	255	255	255	255	255	255	255	255	253.5	255	255	255	255	255	255	255	255	255	255	255	255	253.5	252	255	255	253.2	241.2	223.2	229.8	234.6	225.6	214.8	209.4	206.4	203.4	200.4	197.4	185.1	188.7	182.2	152	124.4	112.1	107.1	114.5	128.4	118.6	105	99.6	96.1	91.3	88.7	85.2	82.5	82.2	81.3	79.3	77.6	74.7	72.4	70.2	70.9	72.2	72	74.9	75.5	72.2	72.3	72.2	70.2	70	70.9	69.9	72.2	73.3	73.5	72.9	72.7	74.5	75.8	77.7	79.4	82.3	83.8	88.3	89.8	88.9	87.7	86.5	82.6	79.4	75.5	75.2	74.5	74.2	73.3	72.6	72.2	70.2	69.5	68.9	67.6	66.7	65.8	65.5	65.7	65	62	62.2	62.6	62.7	63.2	62.4	62.4	63.9	64.4	64.3	64	63.5	62.3	62.6	65.2	66.3	68.6	75.7	85.3	91.7	100.1	108.3	120.9	149.7	170.2	184.3	185.1	185.9	179.6	177.5	185.7	186.6	187.5	184.5	196.8	207.6	207.6	225.6	231.9	235.2	243.6	239.4	237.3	236.7	239.7	242.7	237.6	233.7	236.1	241.5	247.8	243.9	244.8	246.9	246	239.1	238.8	238.2	233.7	236.4	236.1	239.4	241.2	238.2	234.6	234	232.2	231.9	231.9	232.2	232.5	234.3	239.4	242.7	243.3	245.4	240.3
255	255	255	255	255	255	255	255	255	255	255	255	255	255	255	255	255	255	255	251.1	255	255	255	255	255	255	255	255	255	255	255	255	253.5	254.1	239.4	207	187.5	176.4	165	157.2	177.6	213	211.2	207	205.8	203.4	201	198	188.1	194.1	183.6	158.7	129.7	108.4	101.9	106.8	122.7	124.6	114.3	105.3	100.1	95	89.2	87	84.2	83.6	81.6	78.7	77.9	76.8	74.5	73.5	71.3	68.6	69	70.5	70.6	66.8	65.5	67.3	66.7	64	65.1	64.6	64.2	64.3	65.4	65.7	66.5	66.5	67.8	68	67.1	68.2	69.2	71.8	73.6	74.1	73.4	73.9	71.8	68.5	65.6	63.9	64.7	63.7	63.9	62.8	61.4	63.1	63	62	61.3	61.3	61.5	59.5	60.3	61.3	61.3	62.2	63.4	63.8	63.6	62.6	63.8	63.8	62.6	61.3	60.4	62.9	62.6	62.8	64.9	68.2	72.2	81.6	88.4	94.1	101.4	107.3	132	172.7	180.7	177.5	181.8	183.2	173.3	176.2	185.1	185.1	186.6	189.3	195	207	215.4	220.8	233.4	227.1	231.9	240.3	238.5	226.5	229.2	238.8	236.1	230.7	232.5	238.8	247.2	240.9	242.4	249	251.4	242.4	234.9	229.8	228.6	232.5	235.2	238.2	240.3	238.2	234.6	234	233.7	232.8	233.1	233.7	233.1	234	240.3	245.4	236.4	248.7	245.4
255	255	255	255	255	255	255	255	255	255	255	255	255	255	255	255	255	255	254.4	255	255	255	255	255	255	255	255	255	255	255	255	255	255	255	220.8	189	170.4	162.6	152.4	140.4	167.4	211.2	211.2	207	207	205.8	201	196.2	196.2	197.4	191.7	157.6	125.6	107	100.7	105.6	122.9	129.6	121.2	111.6	102.5	96.2	90.9	87	85.3	83.9	83.3	80.7	78.4	77.6	74.4	72.5	71.2	69.6	69.4	70.5	69.9	69.6	68.4	67.9	65.7	63.5	64.9	64.5	64.5	64.7	64.9	64.3	63.4	64.8	64.9	64.9	66.4	65.9	65.4	65	66	67.6	69.2	69.8	68.3	65	65.4	65	63	61.1	61.1	59.9	57.5	59	57.9	57	58.8	59.1	59.1	58.4	59.1	59.7	60.4	62.5	62.9	62.8	63.2	63.2	62.6	64	63.1	61.1	60.7	62	63	64	66.8	69.8	74.3	81	87.3	94.4	100.1	106.8	130.9	175.9	182.3	183.7	182.1	176.6	162.2	170.3	183.9	183.9	184.5	187.5	192.3	203.1	213.9	215.1	224.4	234	234.3	245.1	246	244.2	241.2	240.9	238.2	238.2	237.6	236.7	242.7	240	234.6	240.4	250.2	253.5	245.4	238.5	235.2	233.7	231	231	236.1	240.3	241.5	240.6	243.9	244.5	245.1	245.4	241.8	234.3	234	237.6	237	242.1	241.2
255	255	255	255	255	255	255	255	255	255	255	255	255	255	255	255	255	255	255	255	255	255	255	255	255	255	255	255	255	255	255	255	240	214.8	202.2	181.2	142.2	132	124.8	131.4	182.4	216.6	211.2	208.2	206.4	204	202.2	196.8	198.6	199.2	195.6	163.8	129.7	114.2	105.5	104.9	122.8	130.3	126.7	116.4	109.7	102.9	94.2	89.1	85.4	81.7	81.7	82.1	78.9	76.5	74.5	73.5	73.6	72.9	71.2	71.3	70.5	70.7	67.8	67.3	66.3	64.6	63.7	63	61.6	61.5	62.5	61.6	60.7	61.3	61	60.8	62.5	63.1	62.8	61.5	60.8	61	62	63.8	63.7	62.9	62.4	62.2	60.1	57.9	57.7	56.5	56.7	56.1	56.6	57.6	58.9	59.1	59.9	60.3	60.3	60.8	62.4	62.7	64.1	64.4	63.6	62.9	62.6	62.6	61.9	61.7	61	59.6	61.5	63.9	66.8	71.3	76.9	83.7	89.6	94.6	103.2	108.8	139.4	182.3	182.4	183.5	184	185	156.3	163.9	181.4	183.9	183.9	186.9	191.4	201	213	217.5	222.3	237.6	245.1	246	247.8	251.4	249.3	243.3	240.6	240.6	239.4	236.4	239.7	240.9	234.3	238.2	249	251.4	248.1	240.9	237.3	234.3	231.6	231	237.6	241.5	242.7	236.4	231.3	242.7	250.8	249	243	235.2	231.9	232.5	233.7	234	238.2
255	255	255	255	255	255	255	255	255	255	255	255	255	255	255	255	255	255	255	255	255	255	255	255	255	255	255	255	255	255	255	249	238.8	212.4	200.4	185.4	145.8	127.8	122.4	133.8	188.4	217.2	212.4	208.2	207	205.2	202.2	196.2	198	198	193.5	159.1	127.8	112.5	107	105	121	131.8	127.6	120.5	114.3	106	99.5	93.3	87.2	83	80	79.8	78.1	76.9	76.7	75.3	74.2	72.4	70.8	72	72	70	66.6	65.7	65.9	64.8	63.5	63	61	61	62.3	61.1	60.8	61.7	61	61.7	62.5	61.8	61.3	60.2	60.5	59.7	60.4	61	62.2	62.5	60	59.4	58.9	56.3	53.9	52.9	54.6	55.9	56.4	57	58.5	59.4	60.2	60.4	60.6	62	62.6	62	62.4	64.1	64.8	63.5	63.5	62.8	61.8	61.2	61.1	60.4	62	65.7	66.9	71	78.4	84.4	89	95.5	103.2	109.6	135.2	182.3	183.3	183	184	182.9	155.7	165.6	175.2	177	177	184.2	191.7	196.5	210.9	222.3	221.4	226.2	241.8	241.5	240.6	243.9	245.1	246.6	248.7	246	241.5	240.9	240.6	242.4	238.8	235.2	237.6	239.4	239.1	240.3	239.7	238.2	234.3	238.5	240.3	241.5	240.3	235.2	230.1	234	242.1	248.1	245.1	237.6	237.6	239.4	236.1	223.2	223.8
255	255	255	255	255	255	255	255	255	255	255	255	255	255	255	255	255	255	255	255	255	255	255	255	255	254.4	255	255	255	255	255	255	251.4	216	199.2	195.6	182.4	148.8	120.6	136.8	190.8	214.8	214.8	212.4	208.2	205.8	204	195.3	195	196.2	190.5	162.4	132.4	111.2	106.2	106.9	121.2	134.2	129.9	123.8	120.9	114.7	109.3	103.5	96.2	88.8	83.8	81.3	77.4	76.9	77.3	74.4	74.5	73.5	72.4	72.8	72	70.2	69.9	68.2	68.3	66.2	65.6	64.4	63.3	63.9	64.4	64.3	61.8	61.2	62	61.4	62.3	61.6	61.5	60.3	58.5	58.7	59.4	59.3	59.9	59.4	59.1	59.3	57.8	56.8	55.9	54.7	55.3	57.8	59.1	58.8	58.8	59.6	60.1	62.1	62.1	61.2	61.6	60.4	63	63.2	61.9	61.6	61.1	60.3	59.3	59.8	61	60.6	61.1	64	67.4	71.4	79.3	85.2	91.1	97.6	102	107.5	120.1	141.9	162.4	180.9	183.8	182.5	175.3	175.6	176.4	180.6	185.4	188.7	191.7	195.3	208.5	222	221.4	222.9	238.2	240.9	238.8	241.2	244.8	248.1	251.1	243.9	237.3	230.7	230.1	224.1	217.5	218.1	226.2	236.7	238.2	240.6	236.1	215.1	207	214.5	224.4	238.8	242.7	240.3	238.8	241.2	241.5	240.9	242.4	238.5	238.8	242.4	240.3	236.1	234.9
255	255	255	255	255	255	255	252.9	255	255	255	255	255	255	255	255	255	255	255	255	255	255	255	255	255	255	255	255	255	255	255	255	230.4	200.4	199.2	204.6	174	127.8	126.6	174.6	214.2	215.4	214.8	211.2	208.2	205.8	201.6	196.8	198	195	186.3	165.9	141.6	113.2	106.1	110	119.7	130	126.9	123.5	118.8	113	112.2	107.5	98.6	90.6	84.4	79	76.9	76.4	75.8	75.4	74.8	74.5	73.8	74.1	73.4	71	70.8	69.6	69.3	69.1	66.2	64.5	65.2	64.2	62.7	61.8	60.5	61.2	61.1	62.3	61.5	60.3	60.3	59.3	59.4	59.6	60.5	60	58.5	57.9	56.8	57	54.5	52.7	53.4	56.7	57.9	58.8	58.6	58.9	58.7	59.3	61.7	62	61.3	61	61.5	63	63.1	61.8	61	60.1	60.1	59.6	58.3	60	60.2	60.6	62.7	67.5	71.4	76.5	84.1	88.9	94.8	101.4	107.9	114.4	122.9	138.4	166.9	183.6	183.5	179.8	176.6	180.6	182.4	182.7	183.3	188.1	191.7	193.2	203.7	220.8	229.2	219.9	227.7	240.9	240.6	237	242.4	243.3	243.3	246	240.6	234	231.6	225.3	211.5	210.9	230.7	242.4	245.4	246.6	228.3	214.2	223.8	226.5	227.7	237	237.6	237.6	237	235.2	234.6	234.9	237.3	235.2	233.1	238.5	236.7	236.4	238.5
255	255	255	255	253.8	253.8	255	254.4	255	255	255	255	255	255	255	253.2	255	255	255	255	255	255	255	255	255	255	255	255	255	255	252	232.8	210.6	201	202.2	207	181.2	139.8	171	211.2	217.2	216.6	214.2	212.4	208.2	204	200.4	200.4	199.8	195.6	188.4	168.3	143.2	116.8	105.1	102.4	114.2	128	128.1	124.4	123.8	121.2	116.7	109.9	103.8	94.6	87.3	83	79	74	73.9	74.3	73.7	75	72	72.5	73.3	72	71.2	70.2	68.9	68.6	67.5	67.6	66.6	64.8	63.6	62.1	62.8	64.2	64.6	64.3	62.5	62.1	61.8	61.3	61.7	61.9	62.1	62.3	61.3	61.3	60.1	58.6	56.3	55.7	56.9	58.3	59.2	59.9	59.7	59.7	61.9	62.3	62	61.6	60	61.9	63.7	62.6	59.5	59.6	59.1	58.3	58.4	56.4	55.6	58	57.7	59.9	64.5	72	79.1	84.5	88.5	93	96.8	103.4	111.5	116.6	117.9	116.1	144	183.4	183.9	181.2	178.5	180.3	176.4	182.7	183	187.2	191.7	192.9	200.7	217.2	230.1	221.1	207	238.2	239.7	235.2	238.5	241.2	242.4	242.1	240.6	240.9	240.6	239.4	241.5	240.3	239.4	245.4	250.8	250.8	246.9	241.2	237.6	237.3	234.9	233.7	234	236.4	240.3	240.9	238.5	238.5	240.6	238.5	232.2	232.5	232.5	234	236.7
255	255	255	255	249.6	249	255	255	255	255	255	255	255	255	255	255	255	255	255	255	255	255	255	255	255	255	255	255	255	255	238.8	222	209.4	201.6	203.4	206.4	183	149.4	180.6	213	215.4	215.4	215.4	212.4	205.8	203.4	200.4	201	199.2	195	189.6	165.3	138.3	123.4	110.4	103.6	112.6	129.2	131.9	127.9	123.7	121.2	117.8	112.3	104	97.5	92.2	87.6	80	75.2	73.7	74.2	73.7	73.3	73	73.4	74.4	73.1	71.5	71.2	68.8	68.4	66.9	66.9	64.8	63.5	63.5	62.1	62.6	63.5	63.8	63	60.6	62.1	63.1	61.8	62.3	62.6	61.3	60.7	58.8	59	59.6	58.3	57.1	57.3	58.3	58.1	57.9	57.1	58.7	60.6	60.7	61.3	61.1	59.3	61.4	62.6	62.5	61.5	57.6	58.4	60.3	59.4	56.7	55.1	56.1	58.9	59.6	61	67	74.6	79.6	85.9	90.8	93.3	98	106.3	112.1	115.7	119	108.3	125.7	166.2	184.1	185.1	181.5	180.6	170.4	178.2	182.7	185.4	189.9	192	198	211.2	228	233.4	207.3	228.3	245.1	244.5	241.2	242.4	246	243.3	239.1	238.5	241.8	241.2	238.8	238.2	237.6	240.6	249.3	253.2	249.6	243.9	239.7	238.5	237	236.1	237.6	238.5	239.4	241.8	244.8	243.9	240.3	237.3	231.9	231	234.9	235.2	237.6
255	255	255	253.8	253.8	255	255	255	255	255	255	255	255	255	255	255	255	255	255	255	255	255	255	255	255	255	255	255	238.8	221.4	210	203.4	201.6	205.2	205.2	201	198	180.6	191.4	212.4	213.6	213	212.4	211.2	206.4	203.4	203.4	199.2	196.8	195.6	189.6	180	159	135	116.2	102.4	104.7	119.6	131.7	133	127.9	118.7	114.6	111.9	107.4	103.1	97.4	90.2	83.4	79	76.5	75.4	74.5	73.9	73.7	73.4	74.4	75.2	73.2	71.5	71.2	69.6	68.3	66.5	66	65.1	64.5	64.5	64.7	64.7	64.5	62.7	62.4	62.7	62.4	61.2	62	62.4	61.1	61.5	61	61	60.1	60.6	58.7	58.1	59.7	59.2	58.8	58.1	59.9	60.2	60.9	60.5	60.8	59	59	60	61.5	59.1	57	54.6	56.6	57.5	55.2	54.1	57.3	61.9	63.2	67.3	73.4	78.1	83.1	89.5	92.9	97.1	103.6	109.5	113	116.9	117.6	99.4	115.3	138.5	156.8	176.8	185.1	181.2	180.9	181.5	165.6	172.8	187.5	190.2	194.1	203.1	216.9	229.5	234.6	234.9	237.6	243	240.9	240.3	243.6	242.7	240.3	241.2	243.3	245.1	244.5	240.9	240.6	240.6	242.4	248.7	252	248.7	243.9	233.4	240.3	239.7	239.7	236.4	240.9	241.5	241.8	243.6	242.7	238.5	234.6	234.3	238.2	239.1	239.4
255	255	255	255	255	255	255	255	255	255	255	255	255	255	255	255	255	255	255	255	255	255	255	255	255	255	255	252.6	231.6	214.2	207	203.4	203.4	206.4	204.6	199.8	201.6	188.4	189	208.2	212.4	212.4	212.4	210.6	208.2	204	201.6	199.8	198	197.4	192.6	169.2	144	125.1	119.7	112.5	114	126.8	133.3	135.2	130.3	123.3	118.6	112.9	108.5	105.4	100.9	96	87.8	82.5	79.1	76.3	76	73.6	71.6	71.1	73.3	74.8	73.4	72.1	72.1	71.5	69.8	68	66.2	63.6	64.8	64.7	65.4	64	64.1	62.4	62.7	62.3	61.1	61.9	62	61.4	60.7	60	59.4	60.8	61.4	60.4	59.1	58.5	57.6	57	57.3	59.6	59.3	60.2	60.4	60.4	61.1	61.2	59.6	59.2	59	57.4	57.3	53.8	54.4	55	54	55.5	57.8	63	67.2	69	74.3	81.3	86.1	91.9	96.5	102.4	106.1	110	112.6	115.7	121.1	101.1	100.9	128.1	155.4	177	181.8	179.4	180.9	181.2	165.9	167.7	186.6	190.2	195.3	200.7	219.9	236.1	237.3	229.8	235.2	238.2	237.6	241.8	243.9	243.6	244.8	248.7	250.2	246.6	244.5	243.6	239.4	236.4	234.9	240.9	244.5	248.7	255	248.1	240.9	245.4	241.2	238.5	246.9	239.7	230.7	234.6	239.7	237.6	241.5	241.8	240.6	243	241.5
255	255	255	255	255	255	255	255	255	255	255	255	255	255	255	255	255	255	255	255	255	255	255	255	255	255	255	231	206.4	201	204.6	204.6	204	204.6	196.8	190.8	196.2	193.8	186.6	196.8	208.8	209.4	208.8	208.2	205.2	205.2	202.2	200.4	196.8	196.8	196.8	177.3	146.4	123.9	120	117.9	118.9	126.5	129.8	136.1	141	136.8	124	117.7	108.6	107.4	107	101.4	94.4	89.2	82.7	78.2	75.7	71.5	70.6	70.8	72.2	71.8	69.9	71.7	72.3	72.2	70.6	68.9	66.8	66.6	66.8	66.9	66.5	66.1	63.7	62.8	63	62.1	61.1	62.2	62.3	60.9	60.1	61.1	61.4	62.5	61.5	61.2	59.9	59	57.9	58.1	59.4	60.6	60	60.6	60.9	61.2	60.9	58.5	55.7	55.3	56.8	57.4	55.8	53.9	53.8	53.6	55.7	57	61.3	64.5	71.9	75.4	77.6	83.7	90.6	96.4	100.3	104.1	107.6	111.3	113.7	117.3	123.3	112.2	111.4	133.3	145.3	153.6	155.7	157.2	176.1	180.6	181.2	170.1	176.4	189.9	194.1	202.5	218.1	234	234.9	226.5	224.4	232.2	239.4	245.7	247.8	244.8	243.9	246	247.5	244.8	243	241.5	238.2	236.4	233.7	234.9	238.2	244.8	252.3	251.4	247.2	245.1	240.6	241.8	247.2	243	237	231.6	238.8	234	221.1	223.8	231.9	241.5	243.3
255	255	255	255	255	255	255	255	255	255	255	255	255	255	255	255	255	255	255	255	255	255	255	255	255	255	247.8	225	208.8	202.2	201.6	201.6	201	201.6	195	189.6	191.4	199.8	195	192.6	204.6	209.4	209.4	206.4	205.2	205.8	204	200.4	196.2	195.6	196.2	188.1	164.7	135.3	122.7	122.4	125	124.9	125.4	134.2	140.9	139.7	128.9	121.8	113.4	111.4	111.6	104.6	98	92	87.7	82.3	77.8	74.9	73.4	73	72.1	70.9	67.3	67.3	69.7	72.1	69.8	68.5	67.6	66.6	67.5	66.2	65.1	66.3	65.3	63.3	64.2	63.3	62.3	62.8	63.1	62.3	61.2	60.8	62.6	62.3	60.9	60.6	59.4	59.1	59	60.8	61.2	60	61.5	62.4	62	59.6	59.5	57.6	55	55.9	55.8	55.3	55.4	53.8	55.6	56.2	57.1	57.9	62.6	66.5	72.6	76.6	79.3	86.5	93.3	99.5	102.1	104.2	108.5	111.5	113.3	116.9	122.1	113.5	102.9	128.9	145.5	145.5	152.4	159	168.9	179.1	179.1	169.5	171.6	189.6	192.3	198	207.6	222	228.6	236.4	227.4	235.5	244.8	247.2	249	247.8	244.8	241.2	241.2	241.8	243	243.6	242.1	245.1	246.9	241.2	240.3	240.9	240.9	244.5	245.7	245.1	240.6	236.1	233.7	236.1	240.3	241.5	241.2	240.9	234.6	230.7	238.5	236.4	236.7
255	255	255	255	255	255	255	255	255	255	255	255	255	255	255	255	255	255	255	255	255	255	255	255	245.4	227.4	211.2	203.4	200.4	196.2	196.8	199.2	197.4	195.6	191.4	192	191.4	193.8	199.2	188.4	192.6	205.8	209.4	206.4	205.2	207	204.6	199.8	196.8	195	195	184.8	153.6	123	115.8	123	133.2	133.2	130.4	134.5	139.4	139.5	139.1	133.6	126	122.2	117.3	109.4	101.9	93.6	90.4	86.7	82.7	79.8	75.5	74.1	72	68.5	66.8	66.1	67.8	68.9	68.8	69.8	70.1	67.7	66.4	66.3	66.4	63.3	63.6	62.4	62.4	63.4	63	62.6	64.9	64.9	62.8	63.5	62.6	62.4	60.6	60.5	61.1	61.5	60.6	60.9	61.4	61.4	61.1	59.4	57.7	56	55.7	53.4	54.3	56.4	56	55.2	56.1	56.2	55.3	57.4	60.4	63.7	67.9	73.1	76.8	80.8	87.7	94.3	98.7	102.3	104.2	105.2	110.4	112.8	113.4	116	118.1	104.8	108.5	128.5	135.9	136.2	138	139.5	147	174.9	179.1	183	189.3	191.1	193.8	196.8	204.9	216.9	233.4	238.2	235.2	245.4	243.3	243	243.9	235.2	222.9	231.9	241.5	243	243.6	245.1	251.4	245.1	244.5	243.9	243	239.7	241.5	247.2	247.8	243.3	239.1	234.9	232.8	237	245.1	243.3	243.6	241.8	240.9	242.7	234.9	229.8	236.7
255	255	255	255	255	255	255	255	255	255	255	255	255	255	255	255	255	255	255	255	253.8	255	253.8	248.4	245.4	227.4	214.2	205.8	202.2	199.2	192.9	196.8	196.2	192	191.4	189.6	190.8	188.4	191.4	189.6	183.6	195.6	206.4	208.2	206.4	205.2	206.4	203.4	198	197.4	196.2	183.6	154.8	128.4	118.2	119.4	133.2	145.5	138.8	131.6	133.7	138.3	138.8	139.9	132.3	126.7	126.2	118	107.8	100.9	95	91.1	86.9	80.6	78	75.9	73.7	71.1	69.4	68.3	66.8	67.3	65.8	65.7	67.3	67.7	66.1	65.2	65.7	66.4	65.2	64	64.3	62.9	63.7	63.6	64.1	64.2	64.4	64.1	62.5	62.9	63.8	61.9	61.5	61.3	60.9	60.3	60.8	60.3	58.3	55	54.7	54.6	54.7	53.7	54.1	55.3	55.9	55.2	56.1	57.2	57.6	58.9	62.7	67.6	70.6	74.4	80.1	85.4	89.7	93.7	98.5	101	103.7	107.3	108.2	110.4	112.7	115	116.4	116.7	124.8	128.1	131.7	134.1	138.9	135.6	131.1	145.2	178.8	182.7	190.2	192	193.8	196.2	206.7	223.8	223.8	231.3	236.1	233.1	234.6	233.1	234.6	240.3	237.6	229.2	239.4	242.4	239.1	236.4	238.5	239.1	239.7	242.7	243	236.7	234.3	239.1	239.1	236.7	237.6	240.3	240.9	241.5	236.4	241.5	241.8	243	238.2	232.2	232.2	225	232.5
255	255	255	255	255	255	255	255	255	255	255	255	255	255	253.2	255	255	255	243.6	222.6	223.2	232.2	223.2	219.6	211.2	208.8	204	201	199.2	199.2	196.5	195	192.6	192	192	188.4	185.4	185.4	187.2	192.6	183.6	188.4	202.2	205.8	205.2	203.4	205.2	202.2	198	199.2	197.4	187.5	157.8	126.9	115.8	117.9	129	144.6	145.8	138.9	137.9	138.1	139.7	142.2	138	134	130.9	120.9	112.5	108.3	102.6	97.1	92.5	84.4	78.4	77.9	74.9	73.6	71.6	68.5	66.5	67.1	66.6	64.9	63.6	64.9	65.2	65.7	66.4	65.9	65.5	64.9	65.2	62.8	63.8	64.7	63.1	63.3	64.6	63.6	61.9	62.2	63.6	63.6	61.7	60.3	58.4	56.9	56.6	55.2	52.9	51.7	50.5	51.5	55	53.1	51.6	54.9	55.4	56.9	59.6	60	61.3	62.6	67.9	73.9	77.7	80.8	86.7	93.2	95.5	98	101.5	103.9	106.7	108.3	111.4	113.4	114.2	116.4	112.1	107.2	126.6	128.7	127.2	131.4	137.1	132.6	120.6	123	146.4	168	171.9	181.5	193.8	195.9	204.6	219.9	237.3	231	237.6	232.8	235.2	234.3	236.4	240.3	242.4	245.1	246	241.2	235.2	234	236.4	239.1	241.2	243.9	246.6	234	230.4	233.7	234	228	236.4	238.5	239.7	243	242.4	239.7	237.6	238.5	236.7	232.5	233.7	233.7	230.4
