612	612	612	612	612	612	612	612	612	612	612	612	612	612	612	612	612	612	612	612	612	612	612	612	612	612	612	612	612	612	612	612	612	612	612	612	612	612	612	612	612	612	612	612	612	612	612	612	612	612	612	612	612	612	612	612	612	612	612	612	612	612	612	612	612	612	612	612	612	612	612	612	612	605.5	584.5	572	558.5	539.5	529	529.5	507.5	475.8	468.3	458.2	437	427	414	393.9	389.3	405	416.7	426.1	423.1	439	428.1	409.6	436	443.3	439.5	432.9	416.4	407.5	421	398.6	345.6	330.3	381.1	391.4	372.3	343.1	314.9	308.5	311.5	311.3	316.9	324.1	333.9	336.9	340.2	334.4	332.7	330.9	341.9	374.4	394.9	399.8	409.4	399.6	394.4	428.2	447.6	459.8	471.6	461.6	477.8	540	578.7	612	612	612	612	612	612	612	612	612	612	612	612	612	612	612	612	612	612	612	612	612	612	612	612	612	612	612	612	612	612	612	612	612	612	612	612	612	612	612	612	612	612	612	612	612	612	612	612	612	612	612	612	612	612	612	612	612	612
612	612	612	612	612	612	612	612	612	612	612	612	612	612	612	612	612	612	612	612	612	612	612	612	612	612	612	612	612	612	612	612	612	612	612	612	612	612	612	612	612	612	612	612	612	612	612	612	612	612	612	612	612	612	612	612	612	612	612	612	612	612	612	612	612	612	612	612	612	612	612	612	593	581	555.7	506	476.9	451.3	446.1	432.2	398.9	372.8	369.7	363.9	346.5	338.6	323.4	302	292.8	292	295.6	299.2	302.7	306.6	312.6	314.4	339.4	356.5	355.4	359.1	359.4	358	361.1	345.4	308.3	314.2	356.6	337.2	303.7	293.1	282.9	285.1	290.3	289.4	290.1	305	317.8	314.2	316.7	319.4	315.4	315.3	323.6	334.9	349.8	360.6	365.3	359.4	355.4	393.5	414.9	416.7	416.7	420.1	413.9	435	459	503.1	548.1	580.5	612	612	612	612	612	612	612	612	612	612	612	612	612	612	612	612	612	612	612	612	612	612	612	612	612	612	612	612	612	610.8	609.9	610.3	608.5	609.5	612	612	612	612	612	612	612	612	612	612	612	612	612	612	612	612	612	612	612	612	612
612	612	612	612	612	612	612	612	612	612	612	612	612	612	612	612	612	612	612	612	612	612	612	612	612	612	612	612	612	612	612	612	612	612	612	612	612	612	612	612	612	612	612	612	612	612	612	612	612	612	612	612	612	612	612	612	612	612	612	612	612	612	612	612	612	612	612	612	605	573	542.8	518.5	509	495.6	472.8	451.1	433.8	423.9	391.9	370	360.2	342	330.6	332.5	324.7	305.6	290.8	286	285.6	280.8	278.2	280.6	281.9	283.3	284.6	289	305.6	319.2	321.8	327.6	341.8	344.3	340.2	327.3	301	302.6	313.2	299.3	282.6	276.7	278.3	291.5	305.2	310.6	306.6	289.4	282.1	285.1	291.9	289.8	294.7	297	293.9	292.8	303.6	312.7	308.9	314.9	325.4	354.9	380.4	397.2	406.1	414	419.4	413.4	406.2	424.9	463.6	514.7	559.8	595.2	612	612	612	612	612	612	612	612	612	612	612	612	612	612	612	612	612	612	612	612	612	612	612	612	612	612	612	612	608.9	609.3	611	609.3	610.4	612	612	612	612	612	612	612	612	612	612	610.4	610.3	610.9	611.1	612	612	612	612	612	612
612	612	612	612	612	612	612	612	612	612	612	612	612	612	612	612	612	612	612	612	612	612	612	612	612	612	612	612	612	612	612	612	612	612	612	612	612	612	612	612	612	612	612	612	612	612	612	612	612	612	612	612	612	612	612	612	612	612	612	612	612	612	612	612	612	612	612	609	578	536.2	500.8	464.6	429.1	413.8	399.3	383	366.5	335.6	310.7	297.2	284.3	277.8	274.2	274.6	276.7	271.9	270.5	273.9	272.7	274.5	275.9	274.2	274	271.2	271.9	276.8	280.5	279.6	277.6	282.8	292.6	312.8	309	286.7	280.7	282.9	286.2	276.7	270.9	269.5	268	281.5	291.8	294.4	301.6	278.2	268.4	273.5	281	283.2	282.8	288.2	291.5	290.4	291.8	294.1	297.3	303.8	303.9	317.8	352.4	369.2	376.5	382.6	395.6	385.6	352.4	350.1	368.6	392.5	431.9	476.9	531	603.9	612	612	612	612	612	612	612	612	612	612	612	612	612	612	612	612	612	612	612	612	612	612	612	612	612	612	612	612	612	612	612	612	612	612	612	612	612	612	612	611.1	610.6	609.9	609.3	610.4	612	612	612	612	612	612	612
612	612	612	612	612	612	612	612	612	612	612	612	612	612	612	612	612	612	612	612	612	612	612	612	612	612	612	612	612	612	612	612	612	612	612	612	612	612	612	612	612	612	612	612	612	612	612	612	612	612	612	612	612	612	612	612	612	612	612	612	612	612	612	612	612	602	562	524.4	502.2	496.9	475.3	443	426.1	416.6	386.7	357.7	327.2	301.6	289.1	285.4	279.7	275.8	273.6	270.2	268.3	270.2	274.7	271.1	264.6	265.1	266.2	268.9	269.3	267.3	265.9	268.7	269.7	271.5	274.4	273.3	273.2	288.3	290.5	278.1	276.6	274.8	275.3	270.8	266.7	265.4	271.3	275.4	271.4	266.5	264	263.3	264.9	270.8	282.3	284.3	287.4	295	299.6	296.5	290.8	292.3	295.2	293.7	291.8	292.9	297.4	299.2	304.2	308.6	311.8	315.7	321	330.3	343.4	384.9	424.3	446.2	483.1	546.9	600.6	609.5	612	612	612	612	612	612	612	612	612	612	612	612	612	612	612	612	612	612	612	612	612	612	612	612	612	612	612	612	612	612	612	612	612	612	611.7	612	612	611.4	610.2	611.4	611.1	612	612	612	612	612	612	612	612
612	612	612	612	612	612	612	612	612	612	612	612	612	612	612	612	612	612	612	612	612	612	612	612	612	612	612	612	612	612	612	612	612	612	612	612	612	612	612	612	612	612	612	612	612	612	612	612	612	612	612	612	612	612	612	612	612	612	612	612	612	612	612	612	601.2	547.4	489.8	451.5	430.9	417.3	395.7	380.1	363.5	346.1	329.9	303.5	288.5	275.5	270.3	275	276.6	275.4	273.5	270.3	268	268.7	267.4	264.8	259.1	257.1	262.7	262.8	262.3	263.8	263	264.5	269.5	274.6	276.6	267.2	265.7	266	266.5	267.9	271.1	270.9	263.5	260.9	262.8	261.3	265.6	265.6	266.1	264	259.8	258.7	262.4	265.8	284.3	278.7	282	294.6	284.8	280.4	282.5	289.2	292.5	290.8	289.6	287.8	287.6	290.2	295.7	301	303.9	307.3	314.2	325.5	342.4	379.9	414	416.7	422.1	436.8	473.4	541.8	597.6	612	612	612	612	612	612	612	612	612	612	612	612	612	612	612	612	612	612	612	612	612	612	612	612	612	612	612	612	612	612	612	612	612	612	612	612	612	612	612	612	612	612	612	612	612	612	612	612
612	612	612	612	612	612	612	612	612	612	612	612	612	612	612	612	612	612	612	612	612	612	612	612	612	612	612	612	612	612	612	612	612	612	612	612	612	612	612	612	612	612	612	612	612	612	612	612	612	612	612	612	612	612	612	612	612	612	612	603.9	612	612	612	599.7	526	472.5	447.8	428	404.3	392.1	376.4	351.1	327.7	312.2	304.1	290.5	280.9	272.6	267.9	272.2	273	272.1	269.8	266.4	266.8	266.1	262.8	262.9	263.7	265.5	268.2	269.4	266.8	267.1	264	265.5	272.7	271	269.1	263.8	254.4	246	252.3	257.6	260	259.7	255.4	255.2	259.4	258.8	257.8	259.7	259.8	257.6	258.2	257.8	256.1	270.4	283.9	277.9	277.7	274.9	273	275.4	280.6	287.3	288.1	284.9	284.9	283.4	285.3	289.8	288.8	295.3	301	301.7	298.8	304.3	323.2	357.4	386.2	409.5	415.8	423.5	451.8	503.1	567.9	612	612	612	612	612	612	612	612	612	612	612	612	612	612	612	612	612	612	612	612	612	612	612	612	612	612	612	612	612	612	612	612	612	612	612	612	612	612	612	612	612	612	612	612	612	612	612	612
612	612	612	612	612	612	612	612	612	612	612	612	612	612	612	612	612	612	612	612	612	612	612	612	612	612	612	612	612	612	612	612	612	612	612	612	612	612	612	612	612	612	612	612	612	612	612	612	612	612	612	612	612	612	612	612	612	612	607.5	591.3	600.3	603.9	584.1	524	470.6	425.7	396.6	375.3	345.6	324.9	313.8	302.2	293.5	284.2	283.1	279	274.2	270.1	271.6	269.2	272.2	273.4	267.3	263.7	262.4	262.2	263.6	265.4	265.5	267.2	269.2	264.6	265	266.3	264.4	260.2	262.7	266	259.3	253.4	254.3	249.8	246.4	248.5	252.8	254.2	250.8	250.3	252.6	256.8	256.7	257	257.3	251.7	250	254.5	255	265.3	269.3	265.2	271	272.3	266.3	264.9	267.8	275.7	280.4	276.6	277.4	276.3	280	281.2	286.4	288.2	284	286.2	294.3	302.5	315	331.4	361	384.2	393.5	413.1	415.8	422.1	446.4	504.9	565.2	603.9	612	612	612	612	612	612	612	612	612	612	612	612	612	612	612	611.6	612	612	611.1	611.1	612	612	612	612	612	612	612	612	612	612	612	612	612	612	612	612	612	612	612	612	611.6	610.9	609.5	608.7	611.6
612	612	612	612	612	612	612	612	612	612	612	612	612	612	612	612	612	612	612	612	612	612	612	612	612	612	612	612	612	612	612	612	612	612	612	612	612	612	612	612	612	612	612	612	612	612	612	612	612	612	612	612	612	612	612	612	612	612	601.2	585	574.3	549.7	492.4	448.8	427.1	400.1	375.6	346.1	317.1	298.9	295.1	289.6	284	280.2	278	274	272.2	275.3	271.5	267.5	270.5	267.6	262.8	264.5	264.7	263	264.4	265.1	256.7	254.6	260.3	257.5	254.6	256.7	253.8	248.5	253	255.4	253.6	250.5	254.1	253.4	249.1	248.5	248.7	253	250.8	246	249.7	251.7	248.6	247	247.1	243.1	241.9	245.6	243.2	242.3	246.5	250.4	258.7	264.3	264.2	265.6	262.2	265.9	270.6	273.2	273.6	277.3	284.7	282.8	284.8	288.3	285	284.2	285.4	297.2	305.9	303	315.6	332.6	345.4	355.7	382.5	405.3	425.7	464.4	519.3	575.1	612	612	612	612	612	612	612	612	612	612	612	612	612	612	612	611.4	612	612	612	612	612	612	612	612	612	612	612	612	612	612	612	612	612	612	612	612	612	612	612	612	612	611.7	610.3	609.7	612
612	612	612	612	612	612	612	612	612	612	612	612	612	612	612	612	612	612	612	612	612	612	612	612	612	612	612	612	612	612	612	612	612	612	612	612	612	612	612	612	612	612	612	612	612	612	612	612	612	612	612	612	612	612	612	612	605.7	584.1	557.9	538.7	508.3	470.5	434.4	401.1	368.3	344.1	329.7	315.2	304.4	291.7	281.1	276.7	272.5	271.8	271.9	275.2	277.6	271.4	266.7	267	265.8	266.8	267.1	272.8	270.8	265	260.1	257.5	255.5	249.9	253	258.9	256.4	250.6	248.3	251.7	250.6	249.9	255.8	252.4	250.2	251.6	248.5	244.3	243.3	246.9	246.4	242.7	246.1	249.2	245.9	242.8	246.1	245.6	241.3	241.7	240.7	236.8	239.6	242.3	246	251.4	259.1	260.7	257.6	258.7	258.7	261.7	263.3	274.2	279.6	281.6	285	283.1	277.3	279.2	279.7	284.3	290.2	298.1	311.9	331.6	354	360.4	370.4	387.5	404.1	414	428.4	465.3	531	606.6	612	612	612	612	612	612	612	612	612	612	612	612	612	612	612	612	612	612	612	612	612	612	612	612	612	612	612	612	612	612	612	612	612	612	612	612	612	612	612	612	612	612	612
612	612	612	612	612	612	612	612	612	612	612	612	612	612	612	612	612	612	612	612	612	612	612	612	612	612	612	612	612	612	612	612	612	612	612	612	612	612	612	612	612	612	612	612	612	612	612	612	612	612	612	612	612	612	612	610.2	594.9	547.3	510.7	492.6	453	424	408.2	377.1	352	337	326.8	311.9	298.9	291.3	279.1	272.2	270.1	271	272.9	276.2	270.9	265.8	267.3	265.4	262.6	260.8	262.1	263.6	262.4	258.2	251.3	249.1	248.4	246.1	245.1	249.3	250.4	245.3	246	250.7	249.9	248.7	248.9	248.7	247.4	247.1	242.2	241.5	240.3	240.2	241	243	245.8	247.8	245.6	242.4	245.4	245.9	244.6	245.9	243.5	241.1	242.8	241.5	238.4	242	245	245.7	245.3	244.6	244.6	244.9	254.1	267.1	277.9	282.7	288.4	285	272.4	270.2	274.5	272.2	276.4	287.4	300.3	323.7	350.3	392.7	414	403.6	386.5	399.1	419.1	434.7	474.3	529.2	571.5	612	612	612	612	612	612	612	612	612	612	612	612	612	612	612	612	612	612	612	612	612	612	612	612	612	612	612	612	612	612	612	612	612	612	612	612	612	612	612	612	611.3	611.5
612	612	612	612	609.6	612	612	612	612	612	612	612	612	612	612	612	612	612	612	612	612	612	612	612	612	612	612	612	612	612	612	612	612	612	612	612	612	612	612	612	612	612	612	612	612	612	612	612	612	612	612	612	612	594	575.1	564.3	556	514	475.5	439.4	395.7	358	333.7	321.8	314	305.3	293.8	281.3	277.5	272.9	268.7	272.7	277.9	277.6	276.3	272.2	262.8	263.1	265	262.5	259.8	256.4	253	252.4	249.6	250.8	250.3	244.7	242.7	245.5	244.7	242.7	244.8	241.7	244.3	247.1	247.8	243	242.9	245.2	251	246.8	240.7	240	240.9	239.5	240.5	242	244	245.8	246.5	241.7	242.1	243.2	245.3	246.8	245.8	242.3	243.6	244.2	241.9	242.3	240.6	240.4	240.9	238.8	238.8	240.7	245.3	252.7	263	271.8	275.8	275.1	269.8	268.7	267.5	265.5	268	279.9	284.4	295.4	321.7	365.4	406.7	414	402.6	400.9	410.4	413.1	419.4	441	504	594	612	612	612	612	612	612	612	612	612	612	612	612	612	612	612	612	612	612	612	612	612	612	612	612	612	612	612	611.7	612	612	612	612	612	612	612	612	612	612	610.2	607.8	606.9
612	612	612	612	612	612	612	612	612	612	612	612	612	612	612	612	612	612	612	612	612	612	612	612	612	612	612	612	612	612	612	612	612	612	612	612	612	612	612	612	612	612	612	612	612	612	612	612	612	612	612	612	612	586.8	565.2	554.4	522.8	475.3	429.9	392.3	366.4	338.2	316	312.2	305.1	299.4	290.2	278.9	271.5	263.5	261.7	270.7	274.3	272.4	264.6	254.6	249.1	250.9	253.2	250.9	249.3	248.2	245.1	244.9	244.1	245.1	245.8	242.9	242.3	242.1	239.6	241	242.1	238.9	239.9	241.6	242.8	238.7	239.3	244	246.9	244.5	241.9	242.2	242.8	242.3	241.8	242.6	243.3	243.7	242.2	241.1	238.6	239.8	238.4	239.6	242.3	242.4	240.8	242.1	243.5	244.6	242.5	238.3	236.3	235.8	234.8	239.3	244.5	247	252.7	256.8	261.9	266.8	264.2	264.3	263.7	262.4	264.7	269.7	274.5	278	290	311.9	350	376.5	390	393.5	398.1	373.5	387.9	426.6	460.8	551.7	612	612	612	612	612	612	612	612	612	612	612	612	612	612	612	612	612	612	612	612	612	612	612	612	612	612	612	611.7	612	612	612	612	612	612	612	612	612	612	612	610.3	608.7
612	612	612	612	612	612	612	612	612	612	612	612	612	612	612	612	612	612	612	612	612	612	612	612	612	612	612	612	612	612	612	612	612	612	612	612	612	612	612	612	612	612	612	612	612	612	612	612	612	612	612	612	591.3	558.9	527.8	508.7	481	435.1	384.1	348.4	326.7	308.8	298.8	289.9	282.7	281.2	277.6	272.2	267.1	257.9	256.6	259.8	262.2	262.7	259	250.5	247.9	248.9	249.3	248.6	243.4	241.3	240.5	239.9	242.4	242.3	244.3	244.4	242.1	236.9	234.8	238.3	239.5	237.5	238.8	239.3	238.6	236.3	237.1	241.2	241	237.1	238.2	240.2	242.8	241.4	240.9	240.9	240.5	240.4	240.6	241	236.5	237.9	236.6	237.1	239.9	241.8	238.4	237.3	238.2	241.7	242.1	240	238.6	234.6	233.2	234.7	240	244.7	249.4	250.2	252.8	257.2	254.7	255.5	260.1	266.5	262.7	262.7	268.6	272.8	274.8	284.5	302.7	333.2	366.8	376.6	375.2	354.4	369.3	415.8	419.4	438.1	499.2	586.8	612	612	612	612	612	612	612	612	612	612	612	612	612	612	612	612	612	612	612	612	612	612	612	612	612	612	612	612	612	612	612	612	612	611.5	611.5	611.6	612	612	612
612	612	612	612	612	612	612	612	612	612	612	612	612	612	612	612	612	612	612	612	612	612	612	612	612	612	612	612	612	612	612	612	612	612	612	612	612	612	612	612	612	612	612	612	612	612	612	612	612	612	612	599.4	570.6	532.4	486.9	466.5	427.2	389.5	354.5	330.2	314.7	300.2	290.1	282.9	277.1	275.6	275.6	268.3	263.3	259.4	257.7	259.3	261.2	258.7	254.4	246.5	247.1	246.6	246.4	244.8	240.7	238.4	234.9	235	237.8	241.4	243.1	247.1	244.1	240	239.8	241.8	242.1	241.1	241.5	240.9	242.4	242.3	242.6	244.8	241.2	237.9	238.7	239.2	239.8	242.4	241.7	239.6	234.5	233.3	234.5	237.5	238.9	238.7	236.1	236.7	238.9	240.2	239.4	236.3	238.7	238.6	239.6	242	237.5	233	231.8	235.6	239.3	240.6	241.1	243.8	245.9	248.1	254.5	253.7	260.5	265.9	262.8	258.5	262.4	267.2	268.8	273.8	276.8	287.9	303.5	313.2	321.1	320	331.8	381.2	405.9	423	455.4	537.3	612	612	612	612	612	612	612	612	612	612	612	612	612	612	612	612	612	612	612	612	612	612	612	612	612	612	612	612	612	612	612	612	612	611.1	612	612	612	612	612
612	612	612	612	612	612	612	612	612	612	612	612	612	612	612	612	612	612	612	612	612	612	612	612	612	612	612	612	612	612	612	612	612	612	612	612	612	612	612	612	612	612	612	612	612	612	612	612	603.9	585	561.6	543.6	538.2	506.5	464.9	427.4	374.6	333.3	312	300.9	292.1	281	276.8	275.8	269.8	271.7	272.8	263.1	257.3	255.5	255.5	256.5	256.8	257.7	258.2	247.6	243.4	239.6	239.4	238.3	236.7	235.8	233.7	232.3	233.1	235.8	237.5	240.8	241.3	240.5	239.7	244.3	243.2	240.2	241.8	243.6	243.8	240.9	241.2	242.1	238.5	236.5	235.6	236.4	237.1	238.4	239.9	236.9	232.6	230.6	231	233.2	234.4	235.3	234.9	237.2	240.3	241.9	240.6	236.8	237.5	238.6	237.7	238.4	238.4	233.8	231.4	232.4	234.9	236.2	237.4	239.5	240.2	242.3	251.4	252.6	255.5	258	261.2	259.3	258.7	261.4	265.8	267	272.1	282.7	294.2	300.9	308	311.4	314.4	358.4	390.4	411.7	419.4	427.5	480.6	577.8	612	612	612	612	612	612	612	612	612	612	612	612	612	612	612	612	611.8	611.3	611.7	611.4	612	612	612	612	612	612	612	612	612	612	612	612	612	612	612	612	612
612	612	612	612	612	612	612	612	612	612	612	612	612	612	612	612	612	612	612	612	612	612	612	612	612	612	612	612	612	612	612	612	612	612	612	612	612	612	612	612	612	612	612	612	612	612	607.5	589.6	581.9	573.2	545.1	495.3	466	443.6	407.6	370.1	342.2	323.4	308.7	293.6	288.1	280	274.3	272.2	269.3	264.7	259.6	257.4	257.5	255.4	253.4	251.4	250.5	254.1	254.5	245.4	241.1	237.3	235.5	235.3	230.6	231.7	231.7	231.3	234.3	233.5	233.1	235.3	232.9	235.9	238.8	241.3	242.1	243.7	245.1	246.6	246.8	242.9	240	241.6	240.1	238.5	236.7	237.4	234.2	237.9	239.6	235.2	233.2	233.1	232.9	234.4	234.5	235.1	236	239.1	242	245.6	244.3	238.8	236.4	239.2	238	234.4	237	236.9	233.1	231.3	231.5	232.3	232.5	234.6	236.5	238.2	243.9	248.9	251.7	253.5	255.4	255.4	256.8	260	260.4	261.7	265.8	271.2	280.4	290.9	297.5	300.5	302.5	310.6	330	358.7	405	423	446.4	535.5	610.9	612	612	612	612	612	612	612	612	612	612	612	612	612	612	612	611.8	610.7	611.4	612	612	612	612	612	612	612	612	612	612	612	612	612	612	612	612	612	612
612	612	612	612	612	612	612	612	612	612	612	612	612	612	612	612	612	612	612	612	612	612	612	612	612	612	612	612	612	612	612	612	612	612	612	612	612	612	612	612	612	612	612	612	612	609.2	575.9	551.5	520.1	508.2	487.7	452.9	420.5	392.2	360.9	328.2	313	304.5	291.3	281.7	276.4	273.9	274.3	269.9	268.3	262.5	258.9	257	254.8	253.2	253	253.7	252.2	249.6	246	237.5	237.3	238.1	236.4	234.7	231.9	231.8	231.4	230.2	231.4	229.8	232	232.1	231	233.5	235.4	236.5	241	244.8	244.1	244	244.9	242.8	241.4	239.7	235.6	235.9	236.5	238.3	237.4	238.8	239	236.5	234.6	234.6	234.2	233.3	235.1	236.1	235.7	235.8	239.2	243.8	244	240.4	237.5	239.1	240.1	235.4	235.9	237.1	233.4	235.2	236.1	231.8	231.3	232.6	233	234.7	238.2	245.2	251.9	251.2	249.7	253.6	255.8	257.5	259.9	260.6	262.5	263.6	265.1	271.7	278.7	293.6	299.5	295.7	309.2	343.9	385.7	421.2	423	430.2	489.6	583.2	612	612	612	612	612	612	612	612	612	612	612	612	612	612	612	612	612	612	612	612	612	612	612	612	612	612	612	612	612	612	612	612	612	612	612
612	612	612	612	612	612	612	612	612	612	612	612	612	612	612	612	612	612	612	612	612	612	612	612	612	612	612	612	612	612	612	612	612	612	612	612	612	612	612	612	612	612	612	601.5	571.5	549.4	550.4	530.9	517.9	501.1	457.5	434.8	401.1	361.4	333.5	312.7	298.6	286.2	275.6	269.5	264.5	267.5	269.6	267.4	260.3	258.1	256.6	253.6	252.5	252.3	256	253.4	246.3	242.5	241.7	236.8	234	234.6	237.4	240.7	236.8	233.4	232.6	233.6	233.3	232	228.9	229.8	227.8	229.8	231.1	231.7	233.4	237.4	242.3	244.3	244.8	246.2	243.1	238	230.8	229.8	232.4	231.2	233.1	232.7	233.6	233.4	233.4	234.2	234.7	235.9	238.9	238.2	234.9	236.9	240.3	242.7	244	239.8	239.7	239.8	241.9	237.8	233.4	235.8	233.5	232.5	234.7	232	230.8	232.1	233.1	231.5	233.3	236.7	240.2	240.4	242	248.3	253	255.5	256.9	258.2	261.2	264.9	263.5	268.3	278.3	290.5	299.7	294.6	295.5	309	330.1	357	397.2	422.1	449.1	536.4	612	612	612	612	612	612	612	612	612	612	612	612	612	612	612	612	612	612	612	612	612	612	612	612	611.3	611	612	612	612	612	612	612	612	612	612
612	612	612	612	612	612	612	612	612	612	612	612	612	612	612	612	612	612	612	612	612	612	612	612	612	612	612	612	612	612	612	612	612	612	612	612	612	612	612	612	612	612	612	572.3	528.9	524.5	527	516.4	513.1	480.6	433.1	403.1	364.2	329.1	306	289.1	279.6	273.4	265.4	269	266.8	262.7	264.4	262.5	255.6	257.6	255.8	250	255.1	257.3	251.4	245.4	240.9	236.3	236.3	237.8	233.1	233.4	237.1	242.1	238.4	232.3	231.9	232.7	233.1	231.9	229.7	231.9	231.1	229.2	230.1	229.5	231.5	233.7	237.3	240.6	242.7	243.4	244.6	242.1	236.5	231.7	230.6	230.4	231.9	234	232.1	230.3	230.8	232.9	233.4	236.6	237.5	238.3	234.5	235.2	239.8	239.9	242.7	238.4	235.9	237.9	239.6	237.9	232.2	234.7	233.9	229.7	232.4	232.3	234.1	232.7	231.5	232.2	233.5	234.6	237.6	239.4	242	243.7	245.2	252.7	256.3	258.1	261.9	265.6	262.9	264.9	270.4	275.7	289.6	297.2	292.9	294.2	310.3	334.4	366.4	411.2	419.4	432	486	577.8	612	612	612	612	612	612	612	612	612	612	612	612	612	612	612	612	612	612	612	612	612	612	612	611.6	612	612	612	612	612	612	612	612	612
612	612	612	612	612	612	612	612	612	612	612	612	612	612	612	612	612	612	612	612	612	612	612	612	612	612	612	612	612	612	612	612	612	612	612	612	612	612	612	612	612	612	576.6	553.8	558.4	542.1	528.3	504.2	486.7	438.9	400.4	370.5	337.7	312.6	296.5	281.1	270.6	267.2	267.9	267.2	260.3	260.2	255.8	253.2	252.2	251.3	251.4	253.7	255.9	252.1	246.6	240.1	237.6	234.5	234.8	234.2	234.9	235.2	235	235.6	238.8	235.7	232.1	230.5	226.9	227.4	230.7	236	237.3	237.2	235.6	233.6	232.6	232.3	231.4	236.3	234.4	235.8	241.3	242.3	243.7	241.4	236.4	233.1	233.4	234.7	231.4	228.6	232.2	233.8	234	232.2	235.8	234.1	233.4	236.3	236.9	238.9	239.5	236.6	235.2	233.8	230.5	232.9	232.5	230	232.7	230.8	230.2	230.4	231.8	232.4	229.1	228.1	229.7	234.1	233.8	236.4	240.4	239.2	241.5	247	250.8	253.6	257	262.8	264	263.7	268.3	273.9	286.4	296.2	292.6	293.9	303.4	308.9	308.7	323.5	367.9	423	444.4	520.6	612	612	612	612	612	612	612	612	612	612	612	612	612	612	612	612	612	611.8	610.8	611.4	612	612	612	612	612	612	612	612	612	612	612	612	612
612	612	612	612	612	612	612	612	612	612	612	612	612	612	612	612	612	612	612	612	612	612	612	612	612	612	612	612	612	612	612	612	612	612	612	612	612	612	612	612	607.5	587.7	534.1	527.1	526.5	514.5	497.4	470	446.3	404.1	364.2	335.6	305.3	291.1	283.6	273.2	263.9	263.8	267.6	263.6	256.5	257.2	257	252.4	250.3	248.8	253	253.7	248.7	243.7	240.6	240	236.9	234.9	234.6	234	234.5	236.5	235.5	230.5	236.1	238.7	233.4	228.6	226.2	228.3	230.5	232.3	234.2	238.9	239.4	236.6	236.7	235	230.2	232.9	233.7	232.4	233.9	237.8	241	242	238.9	236	233.4	234	233.1	229.8	231.6	231.1	234	233.4	234.4	233.8	232.9	234.8	239.1	239.7	239.8	235.4	234.6	233.4	230.2	231.2	232.4	227.9	232.6	231.1	227.5	229.3	230.3	229.5	229.7	228.8	232.3	233.6	230.4	232.3	232.9	237.2	243.3	246.6	249.8	253.2	255.3	261.6	266.3	265.9	269.2	269.1	274.8	284.5	294.4	294.3	293.8	299.7	305.2	310.2	349	406.7	421.2	439.2	507.6	596.7	612	612	612	612	612	612	612	612	612	612	612	612	612	612	612	610.9	608.8	611.4	612	612	612	612	612	612	612	612	612	612	612	612	612
612	612	612	612	612	612	612	612	612	612	612	612	612	612	612	612	612	612	612	612	612	612	612	612	612	612	612	612	612	612	612	612	612	612	612	612	612	612	612	612	596.7	565.5	532.4	544.5	515.5	483.1	458.9	448.4	432.7	383.3	339.9	319.5	298.6	279.2	268.3	263.3	259.9	261	266.3	259.1	253	250.8	254.7	252.6	250.8	251.5	249.7	247.8	243.9	240	239.9	238.8	236.3	232.5	231.9	232	233.3	231.5	232.4	229.8	231.7	233.6	233.7	229	228	230.6	231.8	230.5	223.1	234.3	235.7	238.7	241.3	240.4	239	236.1	235.4	232.1	228.9	229.4	225.7	229.9	231.7	233.9	234	236.6	233.2	232.5	231.2	231.6	232.3	232.8	233	233.5	234.4	233.8	235.1	237.2	237.6	233.5	232.4	230.9	229.2	231.3	229.9	229.1	230.4	230.9	227.9	228.1	226.2	225.7	229.6	229.7	230.9	232.7	231.1	232.5	234.4	236.2	242.1	244.3	246.2	253.3	258.2	265	267.8	268.1	269.5	266.8	273.5	281.6	293.8	296.9	291.6	295.1	303.7	307.3	311.4	332.7	387.9	430.2	470.7	563.4	612	612	612	612	611.4	612	612	612	612	612	612	612	612	612	612	611.8	610	612	612	612	612	612	612	612	612	612	612	612	612	612	611.7
612	612	612	612	612	612	612	612	612	612	612	612	612	612	612	612	612	612	612	612	612	612	612	612	612	612	612	612	612	612	612	612	612	612	612	612	612	612	608.4	590.4	576	550.2	525.3	532.8	499.7	459.3	432.5	409.4	386.2	341.9	308.9	297.5	280.3	275.6	271.8	264	258.6	259.4	262.4	255.8	251.1	250.4	253.1	256.6	250.5	244.3	242.3	242.1	239.1	238.6	237	237.2	238.1	233.5	231	231.9	230.9	229.7	230.5	230.9	225.5	203.8	191.2	182.1	171.2	163.5	142.6	115.8	124.5	141.3	142.1	144.3	142.2	132.8	115.6	112.5	113.9	106.5	92.9	82.6	81.2	84.1	89.6	116.7	136	152.6	171.3	191.4	203.5	201	202.2	199	229	233.2	234.5	236.7	236.3	239.4	238.4	233.8	232.3	230.8	229.8	231.8	230.9	227.5	229.3	228.9	228.7	228.6	227.6	226.6	228	230.3	232	231.7	233.4	234.8	235.1	234.4	238.1	244.5	246.5	246.9	253.5	262.8	268.7	269.2	266.5	266.5	270.8	277.8	287	291.3	290.9	290.2	296.5	306.4	309	319.8	363.5	415.9	428.4	457.2	541.8	612	612	612	611.3	611.6	612	612	612	612	612	612	612	612	611.1	611	612	612	612	612	612	612	612	612	612	612	612	612	612	612	612
612	612	612	612	612	612	612	612	612	612	612	612	612	612	612	612	612	612	612	612	612	612	612	612	612	612	612	612	612	612	612	612	612	612	612	612	612	612	596.7	576	562.5	550.8	540	495.1	458.1	426	386.4	364.7	333.9	312.2	295.7	276.4	268	268.2	262.1	259	257.3	259.5	258.1	255.8	253.8	252	253.1	254.7	248.4	241.9	239	237.7	236.4	235.7	236	235.3	237.4	234.1	232.3	230.7	228.3	228	224.8	211.1	169.5	150.1	148.3	144	121.8	96.5	78.2	74.2	73.4	71.9	68.1	65	59.4	58.2	59.3	60.5	60	56	52.5	51.4	51.6	51.4	49.9	59.8	76.5	102.3	124.4	148.1	161.5	161.3	162.6	176.8	208.3	235.7	235.4	234	234.2	236.3	234.8	234	236.2	234.4	233.9	234.5	231.8	230.3	230.4	231.3	231.5	232.9	234	232	230.4	230.5	234.6	233.8	233.8	236.2	238.2	239.9	241	241.6	245.7	246.3	250.5	254.3	260.5	264.9	264.3	265.1	270.5	278.5	286.3	288.9	291.6	293.7	296.4	306.9	309.3	309.4	315.2	345.5	395.2	435.6	495.9	594.9	612	612	612	611.4	611.5	612	612	612	612	612	611.4	610.6	611.4	612	612	612	612	612	610.7	612	612	612	612	612	612	612	612	612	612
612	612	612	612	612	612	612	612	612	612	612	612	612	612	612	612	612	612	612	612	612	612	612	612	612	612	612	612	612	612	612	612	609.6	612	612	612	607.5	586.8	557.1	540	536.4	534.6	517.6	460.4	428.9	392.5	346.9	337.7	322.8	301.8	282.2	267.9	268.4	264	255.3	254.3	256.7	257.6	258.6	255.1	253.6	252.1	251.5	245.7	242.3	240.3	234.8	234.1	233.4	235.9	236.3	234.9	234.9	234.2	227.1	204.1	148	102.9	81.9	65.1	52.2	43	41.3	40	39.8	36.3	35.7	36.7	32.9	32.7	32	33.1	36.7	36.5	43.2	47.7	47.9	43.6	41.5	39.9	36.6	33	29.7	30.6	33.3	33.3	34.2	37.2	43.3	50.9	65.2	79.6	98.2	158.6	197.6	204	214.9	220.2	218.1	222.3	236.1	236	233.7	233.4	232.9	231.5	231.5	232.7	232.1	232.9	234.3	234.7	232.5	230.2	233.2	235	232.5	234.3	237.2	238.6	238	237.6	240.1	246.3	249.4	251.9	254.8	258.2	262.2	262	267	276	285.3	286.6	290.6	292.8	292.3	296.8	306	308.8	311	316.4	347.9	403.2	423.9	462.6	543.6	612	612	612	611.7	612	611.4	611.1	611.8	611.7	610.9	611.8	612	612	612	612	612	612	611	609.6	608.8	608.8	608.8	611.5	612	612	612	612	612
612	612	612	612	612	612	612	612	612	612	612	612	612	612	612	612	612	612	612	612	612	612	612	612	612	612	612	612	612	612	612	612	612	612	612	612	601.2	577.8	550.8	531	528.3	503.8	450.8	405.6	385.6	355.8	321.5	310.1	304.1	282.7	268.3	266.9	264	259.6	256	256.8	256.1	258.3	259.5	254.2	252.2	250.3	246.6	242	239.5	236	232.5	232.2	232.1	232.6	231.6	230.8	230.7	212.7	178	168	140.9	92.7	64.9	54.5	47.4	39.3	37.3	36.9	31.8	30.5	29.1	31.6	29.5	27.9	27.6	29.5	31.8	29.9	30.6	33.2	37.8	37.5	37.6	37.9	37.6	37	36	35.4	34.6	30.3	29.6	31.4	34	37.2	40.6	46.2	56.9	82.8	116.5	150.9	189.3	200.5	202.3	212.1	233.8	234.7	234.1	235.1	234.3	232.9	232.5	233.6	232.8	231.8	232.1	232.8	233.3	231.8	231	232.4	232.7	232.3	232.4	233.2	230.1	228.9	232.8	238.8	245.9	248.9	250.7	254.4	255	254	256.7	265.9	277	279.1	289.3	291.7	290.8	293.2	302.2	307	304.5	302.4	306.5	327.8	368.4	405	466.8	566.7	606	612	612	612	611.5	610.2	612	612	612	612	612	612	612	612	612	612	612	610.7	607.8	607.8	609.4	612	612	612	612	612	612
612	612	612	612	612	612	612	612	612	612	612	612	612	612	612	612	612	612	612	612	612	612	612	612	612	612	612	612	612	612	612	612	612	612	612	612	586.8	556.2	531	510.5	503.9	478.8	413.1	374	352	318.5	298	294.1	282.5	266.1	266.3	265.2	262.1	260.6	255.6	255.4	255.1	256.5	258.5	257.2	250.8	245.8	243.1	242.4	237.3	233.5	234.1	233.5	232.5	221.3	163.4	134.3	114.6	82.6	59.9	50.8	45.4	39	36.1	36.3	33.6	32.9	28.6	26.2	26.7	29.8	27.7	24.7	25.3	24.4	25.6	25.3	29.3	25.8	23.7	25.5	31.1	36.2	34.6	35.8	36.3	34.6	36.8	36.5	34.6	31.4	29.5	28.3	30	31.3	35.2	37.3	41.8	47.6	54.3	63.7	85.5	121.3	137.7	158.5	198.3	226.3	235.6	234.6	232.3	232.8	233.3	232.2	232.5	232.3	229.3	228.6	229.8	230.1	229.3	221.1	230.7	232.6	233.7	230.3	229.3	227.7	229.8	232.9	241.6	248.2	247.6	249.5	250.7	250.8	253.4	254.7	265.6	275.6	282.4	291	297.3	295.1	293.2	304	306.7	304.1	303.5	313.6	341	358.7	385.5	447.9	564.5	612	612	612	612	612	612	612	612	612	612	612	612	612	612	612	612	612	612	612	612	612	612	612	612	612	612
612	612	612	612	612	612	612	612	612	612	612	612	612	612	612	612	612	612	612	612	612	612	612	612	612	612	612	612	612	612	612	612	612	612	612	601.2	577.8	549	520.7	476.4	457.4	431.6	389.3	371	337.8	301.5	296.2	284.5	263.4	260.6	264.4	265.2	263.4	263.5	261.5	258.3	254.7	256.9	256.7	254.2	248.7	246.9	241.7	238.6	235.2	234	234.1	221.9	197.9	158.9	117.5	91.1	70.7	53.6	49.7	46.1	42.7	39.7	35.1	30.9	29.1	30.6	26.6	26.9	26.4	29.7	30.5	25.2	23.2	23.1	23.7	24.4	26	25.8	21.8	23.5	27	27.3	26.7	26.5	26.6	29.5	30	30.3	34.4	33.7	31.1	33	34.6	34.3	37.4	37.5	36.4	39	44.3	53.6	65.1	83.1	104.3	127.1	159.2	209.3	230.9	226.6	229.6	231.4	230.7	231.9	232.4	230.8	227.8	227.1	226.6	226.2	225.8	223	224.3	228.3	228	226.8	226.3	227.2	228.4	230.4	235.7	240.9	241.5	242.3	244.8	241.8	243	247.3	253.4	263.6	266.2	274.5	292.3	295.6	293.5	304.1	307.3	300.7	296.6	301.9	314.3	325.3	352.2	399.5	494.5	595	612	612	612	612	612	612	612	612	612	612	612	612	612	612	612	612	612	612	612	612	612	612	612	612	611.4
612	612	612	612	612	612	612	612	612	612	612	612	612	612	612	612	612	612	612	612	612	612	612	612	612	612	612	612	612	612	612	612	602.1	594	583.2	567	549.9	536.4	507.9	474.6	431.2	402	385.3	337.7	299.4	288.3	285.2	278.1	273.4	268.4	262	261	262.9	260.1	260.3	259.9	259.2	260	250.3	245.3	245.4	248.2	244.6	237.5	222.8	199.5	172.9	120.8	78.5	53.1	46.7	45.4	43.6	40.1	40.3	36.5	36.3	35	33.3	31.4	30.4	29.9	28.6	28.9	32.1	33.3	29.1	25.3	24.6	26.6	28.6	25.9	24.6	24.4	23	22.1	23.3	25	20.6	22.2	23	24.5	25.9	29.1	30.6	31.2	31.1	30.3	35.8	35.5	32.1	30.8	31.5	32.3	34.7	42.1	45.3	44.1	56.2	78.3	95.1	131.2	174.3	199.5	232.6	229.8	229.7	230.9	230.3	228.5	227.1	226	225.5	224.8	226	226.2	225.5	226.5	227.4	224.7	225.8	227.7	225.5	229	233.6	234.1	237.9	240.5	241.4	242.1	239	240.7	244	247	250.6	257	268.8	277.9	285.1	293.7	302.7	305.8	304.3	298.1	303.9	316.8	332.7	353	398	502.2	606	612	612	612	612	612	612	612	612	612	612	612	611.4	611.7	611.8	612	612	612	612	612	612	612	612	612	612
612	612	612	612	612	612	612	612	612	612	612	612	612	612	612	612	612	612	612	612	612	612	612	612	612	612	612	612	612	612	612	612	595.8	584.1	574.2	555.3	537.3	522.8	461	420.5	399.9	374.9	340.3	302.1	281.8	282.6	274.3	267.9	270.2	266.4	263.5	259.9	261.5	262.6	258.5	258.8	260.8	254.8	245.9	241.1	243.3	243.9	240.7	216.9	186.4	162	131.3	80.5	52.4	43.9	41.2	40.7	37.1	38.1	36.6	34.3	34.1	33.4	32.4	32.2	32.7	32.6	30.9	29.8	29.1	29.4	25.8	24.2	25.5	25.9	25.2	22.1	23.2	23.3	22.5	21.8	23.9	24	20.9	19.8	21	21.8	22.6	24.5	24.7	23.2	24	27.4	33.4	33.5	29.3	30.8	32.8	33.5	37.2	40.5	43.3	45.7	47.6	58.2	82	103.4	144.9	183.4	231.9	230.4	228.9	229.9	232.3	231.1	230.5	228	229.2	227.6	228.2	229	228.3	227.5	228.8	226.7	225.6	226	226.3	227	228.5	232.7	235.3	239.4	240	238.5	238.9	238.4	239.6	242.2	245.4	249.7	252.7	262.1	275.9	287.5	299.1	301.9	303.4	301	302.6	324	335.8	342.2	370	483.8	593.1	612	612	612	612	612	612	612	612	612	612	612	612	612	611.8	611	612	612	612	612	612	612	612	612	612
612	612	612	612	612	612	612	612	612	612	612	612	612	612	612	612	612	612	612	612	612	612	612	612	612	612	612	612	612	612	612	612	582.3	563.4	549	526.5	510.3	496.6	435.3	396.1	374.8	341.7	308.1	286.1	275.3	270.2	276.5	273.5	265.3	262.8	258.3	259.7	259.8	258.2	261.5	258.6	252.6	243.7	225.5	232.2	240.7	201.4	129.8	79.6	59.4	48.6	44.1	45.6	43.2	35.9	34.1	34.5	33.3	33.8	30.5	31.7	34.1	34.8	35.2	33.8	29.7	32.6	30	28.4	29.8	31.3	25.1	24.9	25.6	22.3	22.3	22.4	22.9	23	21.1	22	24.2	24.7	21.2	22	19.1	19.9	21.8	22.2	23.3	22.5	24.9	28.5	28.6	30.8	30.2	29.3	34.3	37.8	37.3	38.3	41.5	39.1	39.6	40.5	48.5	73.9	101.3	139.9	179.7	213.4	226.4	231.5	231.2	231.4	230.3	229.4	230	229.1	228.8	230.8	229.9	228.6	227.1	229.8	229.1	225.7	226.8	227.5	228.9	234.3	236.2	239	242.1	240.3	237.7	237.8	237	237.2	242.2	247.5	255.6	258.6	263.8	273.2	279.6	292.2	301.3	302.3	300.7	312.1	339.7	350.9	358.9	416.2	485.1	575.1	612	612	612	612	612	612	612	612	612	612	612	612	612	612	612	612	612	612	612	612	612	612	612
612	612	612	612	612	612	612	612	612	612	612	612	612	612	612	612	612	612	612	612	612	612	612	612	612	612	612	612	612	612	612	612	571.5	549.9	536.4	515	501	462.9	402.8	387.3	360.8	330.3	303.9	285.4	276.2	272	274.6	275.1	267.1	262.8	258.6	259.4	257.3	255.2	258	252.2	245.4	242.3	224.3	224.7	211.9	155	92.5	59.1	49.2	42.8	42.2	43.3	44.4	39.7	31.8	31.8	32.4	32.4	32.4	29	29.4	30.2	31.2	29.2	29.3	30.1	27.7	28.3	30.8	31.3	26.1	24.7	21.7	21.5	23.9	22	22.6	23.1	20.9	21.4	20.4	21.9	19.6	17.5	16.3	19	18.9	18.5	20	18.8	22.2	23.1	23.2	28.6	29.7	30.8	34.5	35.2	35.8	37.8	37.2	33.3	35.5	33	42.7	66.8	104.1	129.4	155.1	194.1	227.1	230.8	228.2	227.9	225.5	225.5	226.2	226.4	227.9	229.8	229.9	228.6	227	228.4	229	227.6	228.8	231.8	234.2	235.2	235.2	237.6	239.8	240.2	236.5	235.7	234.3	234.6	241.2	244.5	252.2	258.4	257.8	267.7	275	285.6	296.2	300.7	303.6	304	318.7	344.5	351.2	360.1	429	532.8	612	612	612	612	612	612	612	612	612	612	612	612	612	612	612	612	612	612	612	612	612	612	612
612	612	612	612	612	612	612	612	612	612	612	612	612	612	612	612	612	612	612	612	612	612	612	612	612	612	612	612	612	612	608.4	585	552.6	531.9	515.9	505	499.1	455.5	395.9	366.6	335.7	312.5	295.6	288.4	287.7	277	270.9	267.9	262.1	260.6	260	255.9	253.1	253.3	247.5	241.6	226.3	198.4	167.6	125.4	89.3	63.4	50.2	47.2	43.9	42	38.6	34.7	34.7	34.3	31.7	28.3	28	28.3	29.4	30	27.7	29.3	31.6	30.5	29.3	32.7	27.1	29.6	27.9	23.7	21.7	22.5	20.9	21.6	23.9	22	22.8	21.2	16.4	18.6	20.9	20.9	18.3	16.2	16.9	19.3	20.4	19.8	21.5	22.4	24.5	25.3	23.8	27.1	30.5	32.9	34	37.4	38.7	36.8	36.4	37.4	39.9	41	40.7	42	57.4	72.6	98.6	146	213.1	232.3	218.5	227.5	228	227	226.6	224.9	225.8	225.7	227.4	228.4	229.4	228.4	228	231.2	229.8	231.2	233.9	234.5	232.5	232.3	232.9	238.6	238.3	236.6	237.2	234.9	237.3	237.3	243.8	252.4	255	260	272.4	274.4	280.6	293.4	298.4	301.2	305.1	319.2	334.5	340.4	387.5	459	542.7	612	612	612	612	612	612	612	612	612	612	612	612	612	612	612	612	612	612	612	612	612	612
612	612	612	612	612	612	612	612	612	612	612	612	612	612	612	612	612	612	612	612	612	612	612	612	612	612	612	612	612	606.6	594	574.2	548.7	520.8	501.7	499.2	494.7	456.6	386.8	350	326.9	309.7	298.1	292.3	289.5	279.1	272	270	266.9	266.9	262.4	257.3	254.1	253.4	248.4	229.7	194.7	152.3	121.5	81.4	61.4	48.5	41.1	41.8	41.2	39.3	33.2	32	31.9	29.5	31.1	28.5	30.3	30.5	29.3	28.6	27.2	27.6	31.4	30.4	28.8	26.5	25.3	28.1	25.7	20.8	20.7	21.9	21.9	22.3	24.3	23.1	21.7	19.1	16.7	18.5	20.2	22.2	19.5	18.9	19.6	21.1	19.7	20.5	24.4	25.8	25.5	26.8	26.6	27	29	29.1	31.9	35.7	35.6	33	34.3	36.9	42.3	41.9	39.3	39.2	49.9	63.8	87.8	128.5	204.2	229.1	206.5	226.9	230	229.3	227.2	224.3	227.2	227.7	226.9	227.8	230.4	227.8	230	232.1	231.1	230.2	231.9	231.8	230.8	227	229.6	238	238.7	238.6	235.5	234.8	235.4	236.9	241.8	246.9	251.7	252.5	263	274.3	276.6	288	293.2	296.6	298.1	297.2	303.7	320.2	350.3	399.2	480.7	605	612	612	612	612	612	612	612	612	612	612	612	612	612	612	612	612	612	612	612	612	612
612	612	612	612	612	612	612	612	612	612	612	612	612	612	612	612	612	612	612	612	612	612	612	612	612	612	611.5	611.1	585.8	568.8	565.2	549	528.8	510.4	503.6	503.9	481.8	405.7	346.8	312.1	304	295.8	294.1	290.6	278.9	275.1	272	268	266.9	264.2	259.9	258.3	244.6	236.6	205.3	142.4	92	63.4	48.5	45.3	42.6	41.3	41.5	36.7	30.8	29.2	28.3	27.1	26.5	28.7	32.1	34.4	33.1	30.5	28.8	30.3	31.6	29.9	28.7	27.6	26.8	23.1	24.2	27	24.6	20.5	19.3	22.9	25.1	23.2	23.5	21	21.4	21.7	18.7	20.8	26.4	27.7	26.4	25.9	25.8	21.8	22.8	23.5	24.4	26.1	26.5	28.4	27.1	24.9	28.3	30.4	31.2	29.9	29.5	29	28.4	30.6	32.2	32.8	31.1	32.8	39	41.4	56.3	89.5	149.1	198	213	232.3	230.8	205.7	189.7	189.7	190	194	194.2	189.2	170.3	158.3	190.2	218.3	228.2	233.8	232.4	232.7	231.1	229.9	230.8	231.2	236.5	240.3	239.6	236.8	235	236.5	239.3	243.7	246.7	250.9	257.6	266.2	274.2	281.2	292.6	291.7	297	298.9	300.1	311.5	335.1	365.9	424.4	519.3	612	612	612	612	612	612	612	612	612	612	612	612	612	612	612	611.5	611.8	612	612	612	612
612	612	612	612	612	612	612	612	612	612	612	612	612	612	612	612	612	612	612	612	612	612	610.8	608.7	608	607.4	607.1	605.8	577.2	558.5	550.3	532.5	515.9	509.6	503.4	498.7	442.4	371.8	331.8	298.5	286	284	287.6	282	276.5	273.1	269.8	266.6	267.5	265.5	259.4	255	249	229.1	164.9	108.3	72.7	53.3	45.2	42.8	40.5	41.5	39.6	33.6	30.4	27.6	28.2	27.9	27	28.8	28.3	30.3	30	27.6	27.2	30.5	30.7	27	27.1	25.8	23.6	22	21.8	24.6	22.2	20.5	20.4	22.9	23.5	23.3	25.5	24.4	25.2	22.7	20.2	20.7	28.4	28.4	28.3	27.5	24.7	22.4	25.2	27.3	27.8	29	27.7	28.5	26.6	25.2	27.4	27.6	27.6	28.4	30.2	31	31.9	32	34.2	34.3	28.8	28	32.3	34.4	46.7	77.5	137.8	196.1	211.7	231.1	214.8	186.7	174.8	179	161.2	161.7	162.2	141	144.8	153.1	177.3	195.8	206.8	227.2	229.1	231.6	232.3	231.7	230.9	230.8	234.1	239.2	241.4	238	235.3	235.5	236.6	241.9	245.4	247.5	254	259.8	266.6	280.9	288.8	287.1	291.8	296.6	298.6	305.2	315.2	328.6	377	488.4	591.3	612	612	612	612	612	612	612	612	612	612	612	612	612	611.6	610.8	612	612	612	611	612
612	612	612	612	612	612	612	612	612	612	612	612	612	612	612	612	612	612	612	612	612	611	609.3	612	610.8	608	606	604.9	596.2	569.7	543.1	525.7	515.5	508.6	500.5	490	419.9	353.7	316.9	298.8	286.9	288.7	284	275.2	271	269.6	268.6	269.3	269.9	269.9	262.4	218.6	170.9	116.9	77.6	55.6	48.7	46	47	44.8	39.6	35.6	34.1	30.6	30.3	32.5	33.2	33.5	32.8	31.2	29.9	26.8	28.6	29.6	28.4	26.7	26.6	24.3	22.4	24.3	24.1	24.3	22.9	23.6	25.3	25.3	22.8	23.4	25	25	25.9	26.6	25.9	25.7	22.8	20.4	23.6	26.1	26.6	27.4	25.8	24.9	24.1	26.6	26.5	26.5	24.6	25	25.5	26.2	24.7	25.4	28.6	28	30.7	34.4	34.8	33.8	35.3	35.5	30.2	25.9	25.6	28.2	36.7	49	101.6	153.9	135.8	132	121.2	107	96.2	87.3	86.8	84.2	70.9	63.3	69.5	76.5	84.9	112.2	161.6	201.8	220.7	215.7	203.8	210.4	230.3	233.3	232.7	231.6	235.2	239.3	239.9	237.3	235.3	239.2	243	246.6	249.4	250.7	254.4	265.9	280.8	280.7	282.2	288.4	295.9	299.7	303.5	311.7	342.2	423.2	484.2	549	599.4	612	612	612	612	612	612	612	612	612	612	612	612	612	612	612	612	612	612
612	612	612	612	612	612	612	612	612	612	612	612	612	612	612	612	612	612	612	612	609.6	606.4	609.6	609.4	607.1	606.4	607.9	604.3	577.1	545.9	525.9	516.2	507.8	483	462.3	432.3	370.7	323.8	306	297.2	290.5	288.2	279.2	275.7	275.5	274.4	275.4	274.7	272.4	264.7	236.9	173.4	119.3	76.1	58.5	50.4	45.7	42.1	43.4	41.4	38.8	36	35.9	35.6	34.7	34.9	34.9	34.3	28.8	28.1	29.5	27.6	27.4	26.8	25.6	24.9	25.9	24.8	24.5	25	24.8	22.8	25.8	26.2	23.9	23.5	23.9	22.7	23.9	26	25.3	26.8	25.9	25.4	22.5	20.3	24.8	26.2	26.7	27.8	25.9	25.3	25.9	24.4	26.9	24.9	22.9	24.1	24.2	23.7	23.4	26.3	28.8	29.8	30.3	32.2	33.7	32.1	36.2	36.5	31.4	27.5	27.7	29.1	35.3	47.6	89.2	123	118	106.1	91.8	79	70	63.9	57.1	49.4	45.9	44.6	45.9	50.4	65.1	91.3	121.3	160.5	185.9	205.9	194	199.2	217	234.5	230.8	230.2	235.3	240.9	237.7	235.3	236	237.7	238.2	243.1	249.6	252	254.4	261.6	272.6	279.8	279.7	288.4	298.2	299.9	300.2	312.9	328	389.2	480.6	564.3	612	612	612	612	612	612	612	612	612	612	612	612	612	612	611.6	611.1	612	612	612
612	612	612	612	612	612	612	612	612	612	612	612	612	612	612	612	612	612	612	612	609.6	609.4	609.2	606.6	606.3	606.6	604.5	575.7	544.1	524.7	513.7	507.3	476.4	444.9	425.9	400.8	342	310.8	303.7	299.2	289.6	280.3	271.6	273.5	274.8	274.5	278.9	276.1	246.7	155.5	99.1	77.5	66.2	54	50.1	46.7	46.8	41.8	40.1	42.7	40	36.8	32.8	33.5	36.6	38.2	33.9	30.9	29.5	28.4	28.2	27.2	27.1	24.4	21	22.3	24.8	27.5	27.6	28	27.5	29.6	28.7	26.8	28.7	27.9	29.3	26.3	23.6	23.9	27.1	27	27.4	25.7	25.3	25.5	27	28	26.5	27.5	28	24.8	24.6	24.6	27.7	27.5	24.1	25.4	24.9	24.3	24.2	24.8	27.2	30.7	28.9	28.2	28.6	26.8	30	35.9	33.5	29.2	28.6	29.1	29.3	32.1	41.7	47.1	42	34.4	37.6	35.4	28.2	31.3	32.1	31.3	31	30.6	33.5	32.5	34.8	37.6	42.2	47	54.7	75.8	123.4	179.6	207.9	214.6	232.9	228.8	229.8	236.2	239.7	239.2	240	236.4	232.8	240.1	242.8	247.6	253.3	258.3	263.3	270.6	272.2	281.4	292.2	296.8	301.8	307.6	318.6	356	428.2	471.6	561.6	612	612	612	612	612	612	612	612	612	609.3	609.7	609.6	609.3	610.4	610.9	611.7	612	612
612	612	612	612	612	612	612	612	612	612	612	612	612	612	612	612	612	612	608.7	606.7	610	611.3	609.6	608.2	606.6	604.2	586.6	554.1	526.9	513.6	510.4	479.8	435.6	392.4	372.2	351.9	324	306.3	298.2	296.4	288.3	280	272.8	272.3	272.8	276.8	277	269.7	190.2	107.5	75.6	72	62.5	54.4	49.4	45.8	46.8	44.7	44.4	41.1	39.4	34.6	32.2	33.1	37.5	36.9	35.8	32.9	29.4	31.8	31.1	31	28.6	24.7	20.9	22.7	27.5	30	31.6	30.8	29.2	33.9	29	26.9	28.8	28.9	30.2	23.7	23.8	26.2	27.4	29.1	29.6	28	27.8	26.9	27.5	26.6	25.6	26.4	28.3	25.2	26.4	27.6	27.1	25.2	26.7	28	26.8	26.6	27	26.2	28.4	28.5	29.2	24.9	27.4	24.2	27.2	34.8	33.5	30.7	31.6	31.1	29.2	29.1	33.6	35.1	31.7	27.5	30.8	30	27.3	27.3	29.8	30	31.7	30.4	31.9	32.4	34	36.2	39.4	40.7	43.2	53	79.7	133.4	173.1	190.5	218.3	228.8	228.6	234.4	241.9	243.4	237.9	233.7	234.3	239.6	242.6	245.2	248.9	253.5	255.2	260.1	262	269.5	283.7	296.7	302.6	306.6	316.9	329.9	382	454.5	536.4	612	612	612	612	612	610.9	611.7	612	612	610.4	610.2	610.9	611	612	612	611.6	611.5	612
612	612	612	612	612	612	612	612	612	612	612	612	612	612	612	612	612	612	607.8	606.6	608.9	610.8	610.1	607.8	604.2	592.7	565	533.9	510.7	503.4	501.6	478.4	425.7	376.3	357.9	331.9	308	304	295.6	289.4	283.4	274.2	273.2	274.1	277.8	271.8	209.9	128.8	82.7	70.1	62.6	61.7	58.7	52.1	47.3	47.8	45.4	40.8	40.8	39.4	36.2	35.7	36.3	39	37	34.7	34.7	35.3	33.2	33.6	30.4	29.7	28.3	27.4	26.1	27.3	31.2	28.6	30.6	30.7	34.3	34.8	30.3	28.2	28.1	28.3	27.4	25.2	25.2	27.8	30.8	30	32.2	31.2	28.7	25.2	27.1	25.6	24.9	28.1	26	26.9	30	28.2	26.7	27.5	27.1	26	26.8	28.2	26.2	22.3	21.6	25.3	26.4	25.8	28.9	27.5	30.3	34.1	39.5	36.9	35.3	31.5	29.8	27.3	27.5	24.7	26	25.7	24.4	27.6	27.2	27.5	27.1	27.8	28.9	29.2	29.3	30.1	31.2	32.2	33	36	35.9	37.7	45.9	51.6	62.4	79	115.3	161.1	209.4	224.8	236.1	242.4	239.8	238	237.6	235.7	239.9	244.1	247.2	251	255.7	253.7	260.8	266.1	274.6	290.7	297.6	306.1	317	327.2	358.7	430.3	475.2	567	611.7	612	612	610.3	610	612	612	612	612	612	612	612	612	612	612	612	612
612	612	612	612	612	612	612	612	612	612	612	612	612	612	612	612	612	609.9	606.1	604.2	605.1	604.6	601.8	600.6	599.6	579.7	551.8	528.7	508.2	501	498.3	477.3	402.8	368.9	347.8	318.2	298.7	299.1	292.2	287.8	279.4	271.5	272.6	275.1	279.4	242.3	147.5	87.6	75.7	65	59.3	53.9	51.2	46.5	47.9	49.9	47.2	42.9	43.2	41.2	41.5	39.4	37.9	40.1	37.7	37	37.2	35.3	38.5	35	30.1	31.1	28.7	28.2	29.5	28.7	28.6	28.7	29.2	28.7	34.8	35.6	32	30.3	28.9	27.5	29.7	28.8	28.1	29.8	33.8	31	30.2	29.5	28.9	26.6	28.3	27.2	26.5	25.7	24.8	26.7	28	26.3	27.6	27.3	27.2	27	28	26.9	22.2	21.2	22.2	25.6	27.9	28.5	31.8	30.4	33	35.7	35.8	35	31.8	29.6	28.5	26.2	24.7	21.5	25	27.4	23.2	26.3	29.5	27.1	27.6	28.8	28.1	26.7	27.3	28.4	27.8	30.2	31	35.5	35.2	35.5	40.9	44.9	49.9	59.9	86.3	135.5	183.3	210.6	233.4	241.7	244.2	239.9	238.5	236.9	239.7	239.6	243.7	249.7	254.8	252.7	259.2	261.9	265.1	280.8	291.2	302.7	307.6	326.4	358.4	411.4	461.7	542.7	612	612	612	611.7	611.6	612	612	612	612	612	612	612	612	612	612	612	612
612	612	612	612	612	612	612	612	612	612	612	612	612	612	612	612	612	612	607.2	603	603.5	603.7	601.8	599.7	582.3	557.4	537.4	517.9	505.5	498.2	488.2	451.8	383.3	359.9	326.8	298.3	299.8	289	286.6	277.1	268.1	267.8	270	276.1	225.8	129.9	81.8	70.2	66.1	62	54.8	48.3	46.6	47.3	47.2	42.2	40.2	42.8	45	43.9	42.2	40.9	38.5	38.8	37.9	36.1	36.6	37.4	37.2	34.5	32.2	33	31.6	29.6	28.7	29.9	30.2	32.2	33.5	33.2	35.5	36	38	35.2	32.3	31	30.5	31.6	29.6	32	35.4	34.9	32.6	31.6	27.4	25.8	25.4	29.7	31.4	29.6	28.9	26.6	25.1	24.9	27.7	31.3	30.8	30.1	30	27.1	23.7	23.5	25.5	27.5	31.3	32.7	34.6	33.5	34.4	32.3	31.1	31.9	30.6	29.1	29.4	27.7	28.4	26.6	28.4	32.9	31.3	24.6	31.8	33	30.7	30.9	28.3	29.6	28.5	30	29.4	29.5	31.2	32.9	38.1	33.4	35	37.4	41.7	47.2	50.3	59.1	79.8	110.1	165.4	233.8	243.9	240.5	236.8	235.9	236.4	238.8	241.8	242.7	246.1	250.1	252.8	262.5	262.8	274.9	288.6	297.2	300.6	321.2	341.9	390.1	434.7	479.7	560.7	612	612	612	612	612	612	612	612	612	612	612	612	612	612	612	610.6
612	612	612	612	612	612	612	612	612	612	612	612	612	612	612	612	612	610.1	604.6	601.8	603.2	601.8	600.3	600.2	580.4	554.6	529.9	509.7	500.4	487.6	445.8	404.3	362.5	340.5	311.2	298.8	296.2	281.3	279.6	270.5	264.4	268.3	271	254.5	167.9	94.5	76	68.1	61.5	57.7	49.7	45.6	46.4	45.1	40.2	37	38.8	43.7	42.4	38.7	37.5	37.9	35.2	35.1	35.4	34.6	34.6	32.3	33.3	29.8	30.5	34.6	34.2	31	29	30.8	34.4	34	34.7	32.7	35.6	36.4	37.3	36.8	34.9	32	30.4	31.9	32.1	32.8	35.9	34.5	31.7	30.2	27.6	28.5	28.4	28.6	33	31.8	29.8	26.8	28.8	30	30.5	33.6	35.3	33.6	32.1	29	26	26.7	27.7	27.7	28.8	31.1	33.5	35.6	34.3	31.3	31.8	33.4	32.3	30.5	28.9	28.6	30.6	30.5	28.7	33.5	32.6	27.3	32.7	35.2	30.4	30.5	30.8	28.8	28.2	27.7	28.1	29.1	29.7	30.5	34.9	35.5	33.7	36.6	39.2	45.3	48.2	54.5	65.9	90.7	139.5	193.9	243.1	243.9	237.6	235.8	232.1	235.8	238.2	237.5	240.3	246.7	247.7	257	262.1	263.2	271.9	285.3	298.5	309.6	330.7	392.6	428.4	465.3	535.5	612	612	612	612	612	612	612	612	612	612	612	612	612	612	612	611.7
612	612	612	612	612	612	612	612	612	612	612	612	612	612	612	612	612	609.2	604.6	603.6	602.9	600.1	599.5	598.4	564.1	536.3	515.8	497.7	488.1	473.2	423.1	383.6	357.6	318.8	294.2	293.9	280.7	272.9	263.7	260.7	243.3	227.1	176.7	102.5	79.6	72.5	63.9	60.6	53.6	47	46	47.3	48.3	43.1	37.6	41.6	46.8	47.5	43.7	39.5	36	33.8	36.9	35.8	30.7	32.2	33.3	35.6	33.9	31.1	31.6	33.7	34.4	31.9	32.9	34.4	37.8	39.8	40.4	42.6	38.8	40.9	39.8	39.2	36.6	35.2	35.3	32.9	33	33.8	34.1	29.6	26.6	30.8	32.6	32.6	32.1	33.8	35.2	32.6	33.3	33.7	33.5	35.5	35.3	35.7	33.6	32.6	31.9	32.8	31.3	30.7	30.4	32.5	33.5	33.7	33.3	34.1	37.9	32.4	32.5	35.3	37.5	38.4	33.6	30.7	29.4	28	27.5	31.7	31.7	26.8	28.6	35.8	34.1	28.9	33.2	32.7	29.4	27.4	28.7	30	29.1	31	32.8	34.1	33.1	33.4	37.9	42.4	43.2	46	52.3	59.7	67.2	81.4	126.6	171.4	207	236.1	233.1	232.2	235.7	235.3	236.2	242.9	248.7	253.7	262.2	256.7	266.7	279.7	293.6	303.7	324.7	389.6	416.7	428.4	468.9	560.7	612	612	612	612	612	612	612	612	608.5	608.6	610.2	612	612	612	612
612	612	612	612	612	612	612	612	612	612	612	612	612	612	612	612	607.8	603.6	605.9	602.9	597.7	597.4	597.4	585.3	555.5	530.3	512.1	496.6	484.6	433.6	388.3	361.1	342.3	306.4	295.9	287.5	271.2	268.2	260.9	258.7	230.5	179.2	124.5	80.2	74.7	70.5	60.5	57.9	51	48.6	45.8	45.9	46.6	42.5	40.5	45.5	49.1	46.2	40.4	39.2	35.4	33.9	37.1	35.6	31.9	32.7	34	34	32.4	30.1	32.1	31.6	30.3	30.9	35.6	35.4	40	41.9	45	42.2	40.7	44.1	41.4	39	37.5	36.3	34.5	32.8	32.6	33.3	34.1	31.2	30.5	31.2	36	37	35.1	34.9	36	36.4	37.3	34.1	33	35.7	35.2	34.9	34.5	33.4	35.3	35.9	32.8	32.2	33.1	35	35.9	38.5	36.4	39	35	32.4	33.8	33.3	33.8	35.6	36.9	31.7	27.4	27.5	28	32	30.3	26.3	26.7	35.5	35.1	31.6	31.5	31.5	30.5	25.9	25.1	29.4	28.1	28.5	31.1	33.3	32.8	32.8	34.7	41	42	42.4	48.1	54	58.2	70.3	97.8	128.2	200.9	229.4	231.5	229.8	233.8	234.6	236.3	242.3	248.3	251.8	261.8	254.3	264.8	281.3	288.4	300.6	324.9	385.6	415.8	425.7	459	548.1	612	612	612	612	612	612	612	612	609.9	610.1	610.9	612	612	612	612
612	612	610.8	611.1	612	612	612	612	612	612	612	612	612	612	612	612	606.8	602.9	605.6	602.2	597.4	597.1	584.3	564.9	542.2	520.4	502.1	489.4	474	424.7	382	352	313.1	288.5	292.4	277	272.2	265.9	259.5	259.8	186.5	106.6	77.6	74.5	71.4	66.8	60.3	53.1	54	50.2	47.8	42.9	39.3	41.2	45.9	43.7	39.8	39.3	35.7	35.8	39.1	37.7	35.1	38.7	39	36	32.7	35.5	35.7	30.4	31.3	34.3	37.7	38.8	42.8	44.2	44.2	47	45.1	45.5	41.5	41.6	42.8	44.4	41.6	37	35.7	33.5	31.1	32.1	36.1	38.2	36.1	37.8	42	43	39.1	34.4	38	37.1	35.8	33.8	33.4	33.3	34.8	36.4	38.7	39.5	39.1	40.9	38	36.8	35.9	38.6	42.1	41.6	40.3	41.1	41.5	38.6	38.3	38.6	35.7	33.7	38.8	37.2	30	29.7	29.2	31.1	29.8	28.4	32.7	30.5	32.8	34.5	30.2	28.2	31.5	28.5	27.4	26.5	28.2	29	30.6	33.4	35.7	35	32.8	33.6	37.9	42.9	46	49.3	51.7	54.3	55.4	68.4	98.4	120.8	153.5	183.9	227.2	235.5	239.1	236.6	246.9	254.1	257.9	255.5	255.1	270.9	282.7	301.3	321.3	370.4	410.4	415.8	427.5	479.7	585	612	612	612	610.8	608.7	609.5	612	612	612	612	612	612	612	612
612	612	610.7	611.7	612	612	612	612	612	612	612	612	612	612	611.7	605.3	601.4	602.1	600.8	598	597.5	594	580.6	558	535.8	514.8	499.6	484.6	470.1	420.3	370.1	338.8	298.1	287.2	285.8	274.3	272.8	262.2	258.8	237.4	144.6	89.7	73.7	74.7	67.1	65.3	57.7	51.8	52.3	47.4	43.1	40	40.4	42.6	47.7	39.9	37	38.1	36.6	37.8	38.3	36.8	36	38.9	40.8	40.3	37.3	37.4	33.5	31.9	36.9	38.4	39.2	42.8	45.9	44.6	49.8	51.1	49.6	43.4	42.7	41.3	41.3	46.5	42.7	39.5	37	33.1	31.6	34.1	38.8	41.2	40.4	41.9	46.3	44.8	36	35.3	36.6	33.7	32.9	33.2	34.5	34.7	36.4	35.9	40.2	40.4	38.4	39.6	39.3	37.4	37.2	39.5	41.2	43.7	43.2	42.4	45.9	41.7	38.6	38.7	37.4	38.5	39.1	36.1	33.7	31.6	32.2	35.1	32.4	32.3	34.4	33	31.1	34.9	31.8	29.4	31.4	28.6	29.2	27.9	29.1	30.5	30.7	35.2	36.1	35.1	33.9	34.1	38.5	44.9	47.4	49.3	49.9	51.6	51.6	58.9	73.1	98.1	118.6	155.8	203	235.4	236.2	234.3	242.4	251.4	256.8	256.6	253.7	262.7	270.7	293.4	315	347.6	405.1	414	422.1	461.7	567.9	612	612	612	610.2	608.5	608.8	612	612	612	612	611.8	610.3	610.3	610.6
612	612	612	612	612	612	612	612	612	612	612	612	612	612	611.5	605.7	601.7	601.6	600.1	598.4	594.3	573.9	561.3	542.1	516.7	496.5	486.4	473.9	462.9	423.6	363.3	322.1	287.4	279.1	276.2	276.2	268.8	259.5	216.2	141.8	78.1	75.7	78.6	69.7	60.6	57	54.8	52.1	48	43.7	39.1	41.8	44.1	42.4	39	34.7	37.8	42.6	42.2	43.7	40.9	38.7	41.4	41.6	39.9	38	37.7	36.6	34.7	38.6	44	45.2	45.7	44.5	46	48.5	50.1	53.1	54.5	47.7	44.2	43.2	43.1	46.8	44.6	42.5	39.1	38.4	38.4	37.7	40.9	45	45.4	43.6	44.7	42.2	34	30.6	32.1	32.8	33.1	35.2	34	35.9	39.1	40.4	40.1	39.4	39.2	43.1	41.3	40.2	39.4	38.4	41.4	42.5	44	44.2	46.9	42.8	38.8	37.6	40.6	39.4	36.4	35.5	34	34	35.5	36	34	33.2	33.8	31.6	33	34.4	36.4	32.8	32.9	30	29.5	29.7	29.6	30.9	33.4	32	33.8	35.3	34.6	36.4	40.9	42.6	46.7	49.4	45.9	46.9	48.2	51	55.2	66	78.1	84.8	121.8	164.7	203.6	235.5	233.2	246.7	253.2	254.2	254.1	253.5	254.1	267.8	293.3	332.2	377.7	405.9	410.4	422.1	483.3	590.4	612	612	612	612	612	612	612	612	612	612	608.7	607.2	609
612	612	612	612	612	612	612	612	612	612	612	612	612	612	609	604	600.7	598.2	598.2	600.9	600.1	578.8	560.6	540.8	518.7	500.5	488.6	476.8	467	428.8	370.4	331.8	300.1	279.3	274.7	271	266.4	221.1	165.2	98.1	81.4	76.9	74.5	73	60	54	49.8	43.8	45.6	43.9	43.3	43.8	43.4	41.4	39.4	39	39.7	40.8	44.5	46	44.4	44.2	44.1	42.6	41	42.3	40.4	38.9	37.6	41.4	46.8	48.9	45.4	43.8	46.1	47.8	49.9	52.3	52	47.8	45.7	46.4	46.8	47	46	45.6	45	40.1	38.1	41.9	43.5	45.9	44.6	44.7	42.8	42.7	37.3	33.2	32.9	36.6	34.8	34.4	37	38.3	43.7	43.7	42	41.3	41.8	42.9	45.4	44.4	41.9	44.1	50.5	46.7	47	49.7	47.8	45.6	42.8	43.2	44.8	41.8	37.3	36.1	35.7	36	36.4	39	37.9	35.9	35	32.4	32.2	32.4	36.4	34.5	31.6	31.9	30.5	30.8	30.9	31.8	33	33.4	33.4	34.9	35.3	36.1	38.7	42.1	44.1	46.2	45.1	45.1	48.6	49	55.1	61.5	70.1	83.7	109.3	138.1	177.2	233.2	236.7	241.2	250.7	255.2	256.8	250.8	253.8	260.3	273.4	301	316.3	376.6	406.8	412.2	432	511.2	606.6	612	612	612	612	612	612	612	612	612	610.3	608.2	611
612	612	612	612	612	612	612	612	612	612	612	612	612	612	610.2	604.6	600.4	597.4	598.1	601.4	581.4	554.6	535.6	508.7	486.8	476.6	474.5	464.3	457.7	424.8	361.1	302.9	284.1	278.4	274.6	236.3	158.6	94.6	81.7	76.3	81.7	75.7	67.5	63.4	52.8	46.5	47.9	48.8	46.7	41.2	43	42.7	40.7	33.3	37.7	39.6	41.4	43.3	47	50.3	47.2	48.6	47.2	43.5	41.7	42.5	41.6	44.8	45	44.2	45.3	45.3	43.6	47.2	49.8	49.8	47.2	48.9	49.2	46.2	45.2	47.2	46.6	46.4	47.4	46.9	44.4	42.1	40.8	40.9	40.9	41.4	42.8	43.8	42.9	38.8	37.6	37.3	35.1	36.1	37.8	37.2	39	41.5	45.2	45.3	43.2	45.7	45.7	44.9	43.5	42	43.2	48.2	54.8	49.8	49.6	52.9	50.5	47.5	44.1	45.9	46	42.1	43	39.4	38.1	38.5	38.2	39.6	40.7	35.9	35.4	35.7	35.4	36.7	38.1	36.1	36	35.1	30.5	30.4	30.9	31	34	34.3	35.6	35.5	35.6	32	33.9	39	42.3	44.1	43.6	41.6	43	46.6	52.6	58.7	61.3	57.1	59.4	82	113.9	148.6	175	215.1	246.9	249.3	251.6	250.2	255.8	257	262.2	282.2	301.3	356.4	401.4	408.6	423	480.6	580.5	612	612	611.5	612	612	612	612	612	611.7	612	612	611.6
612	612	612	612	612	612	612	612	612	612	612	612	612	612	607.3	602	597.1	597.7	600.6	595.6	568	543.5	523.7	502.2	483.3	476.9	475.6	465.6	456.3	446.3	377.7	307.6	286.3	275.6	271	204.2	125.6	83.7	79.9	76.2	80.3	73.1	63.8	59	51.2	47.3	49	49.7	42.2	38.8	38.6	40.3	38.2	35.9	40.1	41.2	41.8	43.8	50.2	52.9	50	49.2	44.6	42.7	44.2	45.3	46.1	47.6	45.4	47.2	46.9	45.4	46.1	51.8	53.6	49.4	47.9	50.8	51.6	49.2	46.4	48	46.5	48	50.2	46.4	47.6	46.2	45.6	45	41.4	41	42.1	42.9	42.9	43.4	40.2	39.3	38.5	37.5	40.7	44.4	45	46.6	49	50.8	48.8	50.5	49.1	48.7	51.4	49.3	51.6	55.8	57.7	52.9	50.9	52.1	55.5	57.9	51.7	49.3	45.1	44.3	42.4	40.2	38.5	36.2	39	39.3	36.5	36.8	38.1	35.9	36.7	37.6	41.5	40.4	39	36.9	32.3	31.8	31.3	32.2	33.1	33.1	35	34.7	33.9	31.2	33.2	36.9	41.4	44.1	43.8	42.6	42.8	45.9	50.9	58.3	59.7	56.8	57.7	68.8	103.7	137.3	154.9	190.9	245.8	249.3	251.3	250.2	258.1	266.9	270.4	287.4	300	316.4	375.8	405.9	416.7	455.4	549.9	612	611.6	610.3	611.5	612	612	612	610.9	610	610	611.1	612
612	612	612	612	612	612	612	612	612	612	612	612	612	612	607.1	601.6	597.3	597.1	599.9	576.2	548.7	532.4	513.9	497.3	487.8	482.7	473.9	463.1	452.1	438.2	364.9	306.5	291.6	281.2	206.8	128.9	89.9	83.5	77.4	73.6	66.1	62.5	59.8	52.8	47.1	50.7	50.9	47.4	40.3	37.7	38.1	41.2	43.3	44.4	42.9	44.6	49.3	55.9	57	52.4	48.8	47.2	44.5	44.7	48.3	51.8	54	53.4	47	45.3	46.3	49.3	54.7	53.4	51.1	49.8	51.3	51.8	50.2	48.9	49.4	53	52.3	48.4	50.3	48.2	48.7	49.5	46.5	41.8	41.7	40.1	40.3	41.1	39.7	42	41.7	41.6	41	41.3	45.5	47.4	48.7	51.1	54	53.3	51.8	49	48.4	50.3	53.5	54.3	55.6	59.4	60.7	56.2	52.5	51.6	54.2	59.3	55.2	49	46.1	47	46.5	41.7	39.5	38.3	39.1	37.8	38.4	38.6	38.3	38.7	37.3	35.3	37.8	42.7	41.7	37.1	34.8	32.5	32.3	30.7	30	33.4	36.2	41	36.7	34.1	31.2	34.3	40.3	40.5	42.8	47.2	44.7	44.5	47.4	50.7	57.8	57.2	54	56.3	63.2	82	121.7	132.2	158.7	211.1	238.7	249.2	253.3	266.5	272.2	276	290	300.4	357.4	401.4	413.1	423.9	474.3	575.8	611.1	610.8	611.6	612	611.7	611	609.9	609.4	610.4	611.8	612
612	612	612	612	612	612	612	612	612	612	612	612	612	611.7	604	598.5	598.1	598.5	597.5	567.5	544.4	532.4	512.9	494.2	485.3	479	472.9	460.7	448.7	429.6	371	297.9	286.8	263.7	175.3	112	83.6	81.6	74.1	66.4	61.1	58.3	55.1	48	46.1	48.7	47.9	44.6	40.4	39.6	39.7	44.4	48	44.3	45.3	49.8	55.7	58.8	54.4	53.2	51.3	50.5	47.9	48.3	51.8	53	54.3	53	47.6	45.8	47.8	53	55.6	54.3	52.3	52.2	55.3	54.3	52.4	52.9	53.7	55.9	52.7	51	54.8	52.3	49.3	47.2	44.1	41.4	42.2	40.1	40.5	41.9	42.1	42.3	44.5	47	46.8	50.7	50.6	50.1	53.4	57.2	58.2	57	51.5	52.9	54.8	57.7	62.4	62.2	66.1	71.8	72	67.3	64	61	61.8	63.9	59.8	53.8	50.3	47.6	47.3	45.5	43.5	40.7	40.9	39	39.6	39.3	37.5	38.7	38.9	38.9	39.3	42.5	39.9	34.2	33.5	31.5	30	30.9	28.4	32.3	37	41	39.6	35.3	29.4	34.2	41.4	41.8	43.4	45.5	45.8	45.5	47.5	48	56.1	57.6	51	52.8	58.6	71.5	98.9	119.8	131.7	182.9	224.2	247.3	251	256	267.8	279.1	277.8	282	323.8	396.1	408.6	419.4	457.2	549.9	612	612	612	612	612	612	610.9	610.8	611.8	612	612
612	612	612	612	612	612	612	612	612	612	612	612	612	612	605.7	599.5	598.8	598.8	597.7	575.1	545.5	524.7	505.2	487.7	475.3	475.1	468.4	452.4	433.5	402.9	364.3	296.8	267.7	194.8	98.6	78.2	78.7	75.3	65.4	65.1	65.4	56.4	47.7	46.3	48.5	50.7	44.1	43.1	47.9	43.2	45.5	55	53.1	52.3	58.1	65.4	63	59.9	57.6	54.6	53.3	52.4	50.2	53.6	55.3	56.4	54.4	49.4	50.1	49.9	55.3	57.5	57.1	52.2	54.1	56.3	58.6	56.5	56.4	59.1	60.1	58.6	53.5	54.6	54.7	53.6	48.2	45.9	45.5	46	40.9	42.9	44.7	44.8	45.2	45.9	47.2	53.5	54.7	56.1	56.8	55.8	58.1	60.3	62.3	60.1	59.1	61.6	63.9	67.1	71.3	69.2	75.7	79.9	78.2	75	72	70.9	72.7	70.5	67.2	63.3	61.9	57.4	53.3	49.9	46.9	45.2	42.7	41.6	41.6	40.8	40.7	41.4	40.6	41	42	43.3	41.5	36.5	36.1	34.4	34.1	31.9	30.3	31.1	34.9	38.2	39.6	36.9	34.7	32.8	36	41.6	41.3	45.1	47.3	46.5	49.3	47.2	49.9	60.6	55.7	48.8	53.8	63.3	66.7	87.1	103.7	106.5	152.8	217.5	251.9	255.9	265.2	283.2	277.9	271.7	314.8	393.8	402.3	413.1	423.9	474.3	562.5	607.5	612	612	612	612	612	612	612	612	612
612	612	612	612	612	612	612	612	612	612	612	612	612	609.4	601	599.6	598.6	598	597.2	570.1	540.6	519.6	501.1	483.4	475.4	473.3	462.2	449.8	428.1	395.5	334.9	283.6	266.8	170.4	85	78.2	79.8	75.2	65.7	65.7	64.4	54.1	45.7	45.9	48	46.7	41.3	43.8	47.3	42.5	48.8	57.4	55.3	59.3	67.1	68.4	63.5	60.3	59.1	57.4	54.5	54.3	51.9	52.2	54.8	59.8	56.2	51.9	54.4	56.7	59.8	59.8	57.8	57.5	59.7	58.9	60.6	58.6	59.1	61.2	62.7	61.9	56.8	54.9	55.1	51.5	50.4	51.8	50.9	47.7	47.1	48.5	50.3	46.2	46	53.9	52.2	56.1	58.9	62.7	62.1	66	66.3	67.1	67.8	67.5	67.1	72.4	75.4	76.6	81.9	82	86.2	88.1	89	82.6	78.2	81.1	80.8	79	79.1	77.9	75.2	68.6	60.1	56	50.3	47.2	45.7	45.4	46	44.3	44.9	43.4	40.8	41.9	44.6	46.2	44.6	40.7	39	36.8	35.2	34.2	33.6	29.5	31.5	35.8	38.4	36.8	34.6	32.7	33.2	39.6	40.6	43.5	45.2	44.6	46.8	45.8	46.5	59.2	56.9	45.8	48.9	59.2	65.5	77.7	93.2	103.9	130.1	197.6	249.4	254.6	257.1	267.1	269.8	270.8	308.8	389.2	402.3	409.5	418.5	454.5	544.5	596.7	612	612	612	612	612	612	612	612	612
612	612	612	612	612	612	612	612	612	612	612	612	612	609.3	600.3	598.2	597.7	591.7	574.8	551.5	531.7	514.7	495.4	481.2	474.4	468.3	457.1	445.2	416.3	382.1	322	279.6	244.6	113.3	73.8	79.8	82.2	67.1	64.3	66.1	54.7	49.1	50.2	49	46.5	44.8	41.3	43.7	42.8	50.6	60.8	54.6	59	65.3	61.4	58.8	62	60	55.5	55.3	53.6	51.5	51.1	51.6	53.3	57	55.2	57.7	61.2	62.6	59.4	57.6	60.8	60.3	61.3	63.3	63.8	63.4	61.6	63.2	64.4	67.2	63.4	57.3	55.2	56.2	57.4	56.5	55.6	53.6	52.5	56.2	56.3	51.7	54	57.8	58.2	60.8	65.3	68.4	71.1	73.1	77.3	76.8	78.2	81.4	80	84.6	86.8	89.7	89.1	89.8	89.4	90.4	95.7	95.4	87.8	90.3	92	88.6	87.3	88.5	85.2	79.4	73.8	64.9	56.8	53.5	51.2	49.6	48.7	47.7	46	42.7	42.7	43.9	45.8	47.1	48.3	43.9	40.3	39	37.3	38.1	34.6	30.7	29.6	32	36.4	37.8	36.2	35.8	32.9	35.7	41.2	42.6	42.5	43.4	47.4	48.7	44.9	45.1	55.3	53.3	44.3	50.3	58.8	62.8	71.2	80.9	98.2	124.3	188.9	236.5	253.8	257.3	264.1	265	294.6	381.6	400.5	402.3	412.2	422.1	478.8	567.9	592.9	612	612	612	612	612	612	612	612
612	612	612	612	612	612	612	612	612	612	612	612	612	604.3	597.9	597.8	597.8	579.4	566.4	548.7	527.7	509.9	493.5	478.2	468.9	463.1	456	444.5	411	377	305.5	251.7	138.5	73.7	75.9	82.1	75.8	63.8	68	63.8	53.4	46.9	46.3	50	46.2	42	41.7	40.2	42.1	51.4	58.6	56	61.4	63.7	60.7	62.9	60.2	58.5	55.8	54.5	56.6	53.2	56.1	58.5	58.6	57.4	59.7	61.5	63.7	64.2	61.8	63.6	62.6	64.6	65.3	66.3	64.7	62.2	64.6	66.2	69.8	74.4	71.2	63.4	62.9	60.3	61.8	62.7	63.1	62.5	60.7	63	63.3	57.1	59.4	61.2	62.8	67	74.5	77.3	79	84	84.9	85.4	87.6	88.7	89.5	94.2	94.4	95.3	97.6	96.9	98	102	103	101.9	98.6	92.6	93.8	93.4	92.6	94.9	94.2	88.9	78.1	68.7	62.1	57.2	52.5	50.8	49	46.6	45.7	44.3	45.1	42.9	45	46.5	47.9	45	42.1	39.6	41.9	41	37.7	34	33.7	34.3	38.8	38.7	38.3	35.9	31.5	32.1	37.8	41.6	43	46	49	46.9	45.2	44.9	56.7	56.9	50.3	50.5	55.9	62	69.7	79.9	100.1	135.3	195.3	253.3	249.4	250.9	256.3	264.1	284.8	343.5	400.5	401.4	410.4	419.4	458.1	546.3	587	608.4	612	611.3	612	612	612	612	611.3
612	612	612	612	612	612	612	612	612	612	612	612	611.7	605.1	598.8	598.1	593.4	575.2	559.6	538.5	516.8	494.1	475.6	472	465.4	457.8	450.9	434.4	395.6	370.1	265.1	139.8	77	74.7	90.8	85.5	67.4	69.6	64.6	58.7	51	47.7	55.8	48.6	43.8	44	40.5	42.9	44.7	46.8	49.4	51.6	51.6	55.8	63.7	65	59.4	58.7	56.9	56.7	53.7	54.3	56.6	61.4	66.7	64.7	64.5	60.9	57.6	61.4	65.8	68.5	66.9	66.4	68.5	68.3	65.5	64	66.2	75.6	78.9	80	77	67.4	67.2	65.5	65.8	68.7	69.3	71.5	71.1	74.2	71.8	66.8	68.9	69	71.9	77.5	83.3	89.7	92.8	98.5	100.4	101.8	99.8	96.8	98.6	102.5	101.3	98.7	103.7	106.3	109.9	114.5	115	115.7	109.7	103.9	102.7	103.7	103.1	102.3	101.4	96.5	87.3	76.8	64.9	61.3	60.3	56	52.8	48.8	50.4	48.6	46.7	46.2	45.8	50.3	49.6	47.9	44.2	43.6	44.3	43.6	42.1	38	34.7	34.4	37.4	38.6	35.6	37.1	35.9	31.7	33.9	36.4	39.9	43.8	46.5	47.5	47.6	44	50.2	61.2	60	54.8	51.9	53.9	56.9	61.1	70.4	97.3	131.3	188.6	249.5	247.1	253.9	262.9	273.3	318.9	391.3	398.7	404	415.8	426.3	470.7	560.1	581.4	601.2	612	612	612	612	612	612
612	612	612	612	612	612	612	612	612	612	612	612	608.7	601	598.9	598.7	596.1	573.6	550.9	530.7	510.4	483.4	466.9	465.6	461.7	454	451.5	428.8	385.9	338	204.8	110	73.2	80	97.6	82.7	68	73.1	63	54.5	46.3	48.4	54.4	48.1	46.6	44.9	46.3	46.3	43.9	46.5	49.3	50.2	55.1	61.6	66.6	64.4	60.1	59.8	58.7	55.1	56.2	57.8	60.6	64.8	66.4	66	61.9	60.9	57.5	63.5	69.6	71.6	68.7	67.4	70.2	70.9	69.5	69.3	75.2	84.2	84.8	86.7	82.6	74.7	72.9	72.7	77.7	75.9	76.6	80.1	79.4	82.3	79.7	76.7	77.6	76.8	79	85.7	94.2	99.9	102.9	106.2	109.9	109.6	106.4	105.4	107.7	109.9	108.4	112	117.3	120.1	121.6	125.3	125.8	129.7	123.4	114.8	111.1	110.8	112.8	107.1	104.4	101.6	93.3	81.8	72.2	68.3	65.1	60.8	56.3	53	53.7	53.7	51.8	47.8	48.1	53.1	52.7	51.5	47	44.6	44.2	45.9	46.2	43.7	39.7	34.9	36.4	36.9	34	36.7	37.9	34.3	36.1	38.6	41.3	42.4	49.4	51.5	49.6	47.1	49.6	59.3	60.2	55.2	49.3	52.7	54.6	56.6	65.5	87	120.5	168.3	229.8	242.4	249.5	259.1	267.5	300.7	377.3	398.4	400.9	413.7	425.1	455.4	548.3	582.9	590.4	612	612	612	612	612	612
612	612	612	612	612	612	612	612	612	612	612	612	610.9	602.3	598.5	598.4	596.1	560.5	532.6	509.2	488.7	467.6	462.5	462.5	459.9	453.8	442	403.4	377.1	247.8	104.7	82	68.7	86	95.1	80.6	77.2	70.8	61.9	58.9	51.5	57.6	53.8	49	44.7	42.4	44.2	41.6	41.2	43.5	46.2	48.7	58.8	66.3	66.2	65.3	69.1	66.3	61.9	61.6	63.7	66.8	67.1	64.8	62.9	61.6	63.7	61.2	61.8	71.8	75.8	70.8	69.2	72.7	72.1	73.2	74.2	75.5	82.6	94.9	95.7	93.8	88.7	80	80.5	81.8	85.1	84.5	86.8	87.8	90.8	95	94.2	92.3	90.6	88.7	92.4	97.1	103.4	108.5	111.3	116.4	119.3	120	115	114	118.1	118.6	116.4	121.6	132.3	136	138.1	141.9	140.5	139.3	134.1	129	124	123.2	123.7	119.1	110.7	108.1	99.9	92.6	82	75.6	70.9	66.3	65.3	58.6	59.4	60.3	56.8	55.2	50.8	55.5	57.8	54.3	52.4	49.6	49	50.5	49.4	48	42.8	38	38.9	39.6	34.6	33	36.7	35.8	35.1	38.5	38.2	42	44.7	50.7	51	50.4	48.3	50.7	56.3	55	52.7	52.6	49.8	52.6	57.5	68.9	78.1	112	163.3	212.4	249.5	257.9	265.5	290.1	360.3	397.5	399.9	405.7	420.1	429.6	479.9	591.3	602.1	603.9	612	612	612	612	612
612	612	612	612	612	612	612	612	612	612	612	612	609.2	598.7	597.9	597.1	584.2	550.8	526.8	505.2	478.9	465.6	464	460.8	458.8	456.4	437	397.4	376.9	216.5	98.6	77.8	70	82.7	85.3	74.8	70.6	66.2	59.2	56.1	51.5	57.2	54.4	49.7	46.1	41.1	41.7	39	41.7	45.4	49.6	55.1	65.6	74.5	72.5	73.4	75.8	64.6	61.8	63	69.8	69.4	63.9	65.7	64.9	66.3	65.1	64.5	67.9	77.3	79.8	73.9	74	76.6	76.3	77	80.2	83.1	89.9	104	103.5	104.2	100.8	92.8	91.1	91.4	90.9	93.9	95.6	92.7	94.8	97.7	98.2	100.9	98.7	100.3	103.3	109	116.2	120	123.8	130	128.9	128.6	126.2	129.3	129.9	131.1	133.5	141.7	150.4	151.8	155.4	156.8	153.5	155.3	154.4	145.5	141.5	136.7	131.1	122.3	114	108.8	103.8	94	84.7	82.4	77.9	74.8	72.6	64.7	61.9	62.5	61.2	59.9	57.1	59.2	60.3	58.9	56.8	51.9	52.6	51.6	50.2	50	45.2	42	40.4	40.7	35.9	34.8	37.8	36.9	33.3	36.3	34.4	40.6	39.8	45.9	49.1	46.5	45	43.9	54	55.9	51.9	49.9	49.4	49.9	55.7	65.1	71.6	94.9	144	194.9	248.1	255.1	265.3	286.7	345.1	399.1	401.1	404.1	418.5	428.4	459.9	578.7	610.2	593.1	612	612	612	612	612
612	612	612	612	612	612	612	612	612	612	612	612	610.8	600.1	598.8	586.4	559.5	535.8	511.7	489.2	472.1	467.9	461.7	458.4	457.3	447.3	420.6	387.9	330.8	175.1	92	68.8	77.9	78.6	70.3	70.6	63	58.2	51.4	50.6	49.7	46.7	50.8	53.2	44.4	39.5	38.1	41.3	46.7	51.6	58.6	67.2	77.2	75.5	71.4	73.3	70.7	62.9	60.8	63.7	67.3	66.6	66.9	71.9	70	67.8	66.1	71.2	76.8	80.6	78.9	78.3	81.9	83.2	83.3	83	88.4	91.4	106.5	121.7	121.4	124.9	117.4	104	99.4	103	102.4	101.6	108.1	106	108.5	108.8	109.7	112.6	111.4	113.7	116.4	122.9	132.3	134.3	140.2	144.4	139	137.5	136.2	136.7	136.3	138.4	146.6	155.4	161.5	168.2	172.6	175	175	172.6	170.7	166.2	159.1	150.9	140.6	128.5	117.6	110.8	104.3	100.2	93.7	87.5	85.9	79.3	74.7	71.2	68.3	68.7	68	64.6	61.9	60.6	63.3	65.7	63.4	59	56	55.9	54.3	54	52.2	43.5	38.6	39	37.9	34.9	33.1	36.5	34.4	31.3	32.4	32.9	37.9	40.8	49.9	49.4	47	41.7	50.2	54.9	53.8	48.8	50.7	50.2	52.9	55.9	65.8	67.5	104.5	175.5	238.6	250.2	265.6	284.5	323.2	384	403.2	400.5	407.7	419.4	427.5	472.5	569.7	593.1	602.1	612	612	612	612
612	612	612	612	612	612	612	612	612	612	612	612	607.4	599.6	602.3	580.6	556	534	506	483.8	472.4	469.9	459.4	457.6	457.3	443.9	414.2	386.2	340.3	206.8	110.7	76.4	77.1	76.9	71.2	65.7	61.9	55.1	49.1	51.5	51.6	47.6	54.1	51.7	43	38.5	37.8	41.6	49.2	56.2	62.3	70.1	77	72	70.5	72.5	71.6	66.6	65.2	66.8	67	69.3	69.8	74.2	73.3	72.2	72.8	74.9	81.3	86.4	83.7	82.5	85.6	88.4	89.2	90.2	95.6	104.5	125.4	138.7	137	141.6	127.8	112.7	106.7	105.4	106.9	108.8	112.3	116.3	116.4	116.4	121.7	118.5	116.9	124	128.6	132.3	138.5	143.1	147.4	152.4	149.7	150.1	149.5	153.1	152.4	156.5	165.3	177.6	180.8	184.7	191.3	188.5	188.2	189.1	186.9	184	174.1	163.9	152.4	137	126.1	116	110.3	103.7	97.9	91.1	89.2	83.1	76.1	73.3	74	73.9	71.6	71.7	67.3	63.6	68.5	69.7	65.9	62.5	58.3	58.7	57.1	55.5	51.2	47	42.8	38.6	39.3	34.4	32.5	35.5	32.8	31	32.5	30.9	35.3	40.1	45.6	49	46.3	39.8	41.9	51.9	54.1	50	53.8	51.6	47.6	52.5	61.8	66.3	67	117.1	196.4	247.2	255.3	270.2	279.7	299.3	353.3	400.5	405.9	414.9	425.7	451.8	543.6	595.7	603.6	612	612	612	612
612	612	612	612	612	612	612	612	612	612	612	612	609.4	600.3	599.7	577.1	550.2	526	500.1	484.3	475.6	469.7	460.4	463.7	456.3	431.3	401.9	382.4	311.8	160.7	85.1	80.7	81.4	72.4	64.3	58	53.3	44.8	42.7	45.1	46.2	44.9	53.4	47.8	36.1	38	39	46.3	58.7	64.7	72.1	75.8	74.9	71.4	72.2	75.3	77.1	76.7	77	81.1	78.7	76.6	77.1	80.9	76.9	77.8	82.1	89.4	89.8	85.3	87	86	88.3	92.6	95	97.8	105.4	121.3	148.2	159.9	165.2	160.8	141.6	123	119.1	120.7	120.5	121.7	125.9	130.9	131.9	131.9	134	132.2	132.3	138.8	141.8	146.8	149.5	153.4	158.7	159	158.2	157.5	157.1	160.1	166.2	174.7	180.9	195.7	199.6	200	197.5	197.7	198.3	200.4	197.3	193.5	185.5	174.7	162	143.8	135.5	124.7	115.7	108.8	104.5	100.5	96.1	92.5	86.4	80.5	80.5	80.1	77.3	78	75.4	69.9	68.5	75.9	74.8	71.9	65.4	60.3	64.6	60.6	52.9	49.7	47.4	43.8	38.5	36.3	31.8	30.9	33.4	30.6	33.4	32.3	33.1	33.4	41.7	48.1	45	40.6	42.1	45.5	53	53.3	53.1	52	51.1	52.2	55.7	64.4	63.5	99.1	179.1	241.7	253.1	270.3	281	291	330.2	392.8	399.8	406.1	411.6	423.4	464.7	561.7	606.5	608.3	610.2	611.5	611.5
612	612	612	612	612	612	612	612	612	612	612	612	610.2	603.7	595.1	575	545.9	521.2	496	483.5	475.5	469.2	461	464.2	453.7	424.9	395.4	379.1	286.6	196.5	128.6	96.4	85.6	71.4	58.6	55.9	51.7	44.8	44.7	45.5	44.7	45.4	52.7	44.8	36.5	37.5	43	51.7	63.8	67.7	74.8	80	79.4	75.8	74.7	79.6	82.1	80.2	82.3	85.7	83.3	81.6	83.3	85.9	83.3	82.8	89.4	96.8	93.6	88	89.7	89.2	90.7	95.1	98.5	107	116.6	133.3	154.8	169.7	177.7	165.3	142.4	128.7	126.3	128.4	129.1	128.3	129.4	136.1	137.9	139.9	141.6	138.6	140.7	144.3	148.9	156.8	156.6	154.1	161.4	167.7	169	168.8	167.2	169.2	174.5	181.8	187.9	197.3	201.2	197.9	200.5	198.8	199.9	198.9	198.2	194.7	190.2	183.6	168.3	153.9	143	128.9	117	113.3	106.4	101.3	98	93.8	88.4	85.8	85.2	81.8	78.5	79.7	74.6	71	70.3	77.9	78.8	77.3	69.2	64.4	67.2	62	53.1	49.5	46.9	42.8	38.6	33.9	30.7	28.2	31.2	30.2	28.7	28.1	30.4	30.1	38	48.7	45.7	39.3	40.3	43.9	49.2	51.6	52	51.3	50.2	49.7	50.5	60.8	57.7	83.9	152.5	221.3	249.8	265	275.7	288.4	297.1	332.5	380.2	403.4	407.1	418	453.4	545.4	606.5	607.6	610	610.8	611.6
612	612	612	612	612	612	612	612	612	612	612	612	609.3	602.3	591.8	556.7	526.7	506.7	491.7	482.2	479.6	478	472.6	462.8	440	407.5	390.1	314.6	209.1	174.7	164.1	136.5	93.3	74.1	59.4	56.2	44.6	40	41.5	39.8	44.5	48.2	40.3	40.7	37.5	43.1	50.2	58.9	64.4	68.4	71.4	74.9	81	77.9	85.1	91.7	92.1	95.8	104.1	96.5	83	88.5	91.3	93.8	100.6	101.9	106.3	101	98.6	94.9	95.5	95.3	97.6	103.1	109.6	115.4	133.3	157	172.5	190.4	196.4	179.8	150.9	139.7	137.7	139.8	138.9	138.9	142.5	147.2	148.3	153.1	155.8	157	156.9	157.3	164.2	169.1	165	164.8	167.3	171.5	175.3	175.6	175.4	175.3	182.2	191.5	199.2	206.5	208.2	207.2	211.4	208.8	203.8	202.9	205	200.6	195.6	193.8	182.1	167.5	154.2	139.6	131.3	119.6	113.4	106	105.5	98.6	93.4	91.3	89.5	88.4	87.9	85.8	80.9	77.6	73.6	77.4	87.6	85	77.2	71.5	75.4	72.3	58.7	54.2	51.1	48.5	41.8	34.8	31.4	28.7	28.5	31.1	31.1	31	30.9	29.6	34.9	48.5	52.3	45	37.9	39.5	44.4	50.9	48.7	51.1	50.9	48.1	50	59.5	62.7	61	88.8	161.5	247.2	260.3	272.6	278.3	286.7	313.4	350.1	372.4	406.2	412.6	429.4	490.1	586.4	610.1	611.1	612	612
612	612	612	612	612	612	612	612	612	612	612	612	611.1	604.2	582.9	545	524.7	508.9	493.2	483.3	479.2	479.2	472.5	458.8	432.4	404.6	388.1	278.7	189.9	170.9	157.7	107.2	83.3	73.7	58.4	52.1	42.8	42	39	34.8	41.6	47.5	41.5	39.1	38.3	46.1	54.4	62.6	68	71.2	79.1	81.3	81	80.6	87.9	94.8	96.9	101.3	107.6	104.9	91.4	94.3	96.7	101.4	105.1	109.6	109	103.8	101.8	99.5	101.2	100.5	105.6	112.5	120.1	125.7	142.8	166.6	180.8	198.8	197.6	180.6	160.2	147.7	144.7	144.3	144.5	147.2	152.5	154.3	156.4	159.6	166	164.5	166.3	173.8	172.3	173.3	170.4	170.5	173.7	179	181.4	178.7	180.9	183.5	191	199.4	205.7	209.6	207.3	202.9	203.1	203	198.1	192.7	197.6	193	186.5	185.5	179.4	164.8	151.6	141.6	131.6	121.9	113.8	107.3	103.3	100.9	97.2	93.2	91.8	90.4	91.2	87.1	82.3	80	74.7	77.9	89.4	87.9	79.9	74.1	78.3	75.5	61	56.7	55.4	50.8	43.3	35	31.1	27.1	25.5	33.1	28.8	28.8	28.5	30	30.9	45.7	52.7	44	35	37.4	42.7	48.1	47	50.5	52.3	44.9	47.4	58.5	63.3	64.9	84	144.6	247.8	268.1	277.3	277.5	284.9	306.7	337.4	391	402.6	411.1	428.1	471.1	557.1	605	611.1	612	612
612	612	612	612	612	612	612	612	612	612	612	612	612	594.6	556.9	529.2	520.6	508.3	495.6	484.5	478.9	471.7	457.2	441.6	416.6	393.1	309.8	209	179.3	170.4	170	110	76.8	69.8	55.8	43.8	39.4	39.9	36.1	36.7	39.7	41.1	39.3	35.4	41.4	47.6	57.1	63.3	67.6	79.3	83.7	89.1	91.3	92.6	103.6	103.4	96.1	104.8	112	107.1	101.7	107.4	109.8	111.6	116.6	116.6	110.9	109.3	105.2	104.3	104.7	109.9	115.7	126.4	132.1	145	165.1	178.1	208.6	226.7	216.6	187.7	172.5	162.3	155.9	156.1	160.8	168.4	170.6	172.7	173.2	176.2	182.5	179.3	176.8	182.4	183.6	178.4	177.6	180.1	182.7	183.7	186.6	185.9	190	190.8	195.1	200.7	204.8	207.1	207.1	208.6	209.2	208.1	202.3	198.3	198.1	195.9	193.4	186	178.4	169.3	154.9	149.4	139.7	127.3	119.1	111.1	104.5	103.8	102.8	96.3	93.7	96.7	96.2	92.7	89.9	87	81.1	80.1	89.7	95.6	88.4	80.3	83.3	80.9	68	61.9	62	54.4	45.7	36.3	30.3	27.6	26.7	28.9	29.4	24.5	23	29.2	33.2	43.8	52.4	51.7	41	38.6	40.9	49.4	53.5	52.9	58.2	50.3	45.2	53.7	60.3	58.9	73.8	90.9	172.5	274.5	282.7	283.7	290.1	312.8	346.1	388.7	400.7	406.8	421.2	445.5	489.6	557.1	602.4	611	612
612	612	612	612	612	612	612	612	612	612	612	612	612	583	547	528.4	518.3	508.3	495.2	477.7	474.3	470.3	453.2	436.3	411.8	381.2	274.6	196.1	178.7	172	169.5	107.1	76.3	70	55.2	45.8	38.9	37.1	36.6	38.9	44.2	42	35.3	34.1	40.1	47.4	57	65.7	69.2	80.3	84.1	93.3	100.1	100.8	106.4	103.3	101.5	112.6	119.1	111.5	107.4	112.9	111.9	114	118.1	119.9	114	112.5	108.5	109.5	111.5	120.7	130	134.7	137.6	154.1	175.7	190.2	226.5	240.7	225.9	198.6	177.3	165.7	162.5	164.4	168	172.9	179.2	181.1	186.2	188.8	191.2	192.7	192.1	190.9	189.2	188.2	186.1	186.9	190.1	188.9	191.6	193.8	193.9	194.8	196.9	202.6	207.2	208.1	212.9	209.5	203.6	199.3	195	191.8	191.1	190.4	188.1	181.7	176.3	169.3	156.8	148.2	139.3	126.6	122.9	115.5	108.8	109.4	105.5	98.1	95.5	99.5	99.7	94.2	94.4	90.2	84.8	82.3	90.5	95.8	90.7	83.1	86.1	83.3	71.4	63	59.1	52.1	45.3	38.5	31.7	27.8	26.9	30.4	31.5	25.2	22.5	26.9	30.4	41.2	51	51.1	41.7	40	41.7	49.8	55.4	51.9	56.7	53.9	45.3	49.8	61.6	52.8	67	81.3	149.4	258.5	287.9	293.1	311	366.4	404.7	399.1	401.9	405.9	414	439.2	473.4	542.7	602.8	610.1	611.6
612	612	612	612	612	612	612	612	612	612	612	612	586.8	566.5	553.1	542.3	526.6	506.8	492.6	473.5	461	458.4	449.3	431	403.8	338.2	233.9	192.7	175.1	173.2	176.7	106.7	68.9	61	49.8	43.6	36.4	34.8	37.3	38.1	38.2	36.7	33	33	39.4	44	52.2	61.2	70.2	76.6	84.7	97.8	105.4	104.1	100.4	98	104.4	118.9	117.2	113.2	112.4	111.7	106.9	115.6	120.5	126.8	129.1	122.9	124	123.5	126.3	139.1	143.4	148.3	160.1	181.4	190.5	214.1	252.9	255.5	235.4	206	181.5	173.4	176.1	178.9	180.6	185.3	193.7	199.6	207.8	206.3	201	203.7	208.5	207.8	199.4	199.8	199.7	198.2	198.5	195.1	199.2	204.4	199.7	197.1	206	213.8	222.3	229.1	224.5	218.3	211.6	207.2	201.9	197.1	191.6	190.1	188.1	185.2	180.6	172	164.9	153.3	142.3	132	127	124.3	120.8	119.1	114.4	110.6	107.9	104.2	104	103.3	99.7	97	92.3	91.6	90.5	101.2	98.8	88.3	89.4	91.6	82.1	69.7	62.7	57	50.4	44	32.8	28	26.1	30.4	32.5	28.7	24.5	27.3	29.9	36.2	50	51.4	46.8	41.2	37.7	45.4	54.8	53.6	56.9	57.5	43.9	44.6	56.6	53	56.1	64.7	91.6	181.2	267.5	299.1	318.9	380.2	406.3	398.7	396.9	403.5	408.4	418	441	493.2	584.1	612	612
612	612	612	612	612	612	612	612	612	612	612	612	587.7	568.8	556.7	544.3	524.1	504.4	488.8	470.4	458.8	456.9	449.5	426.9	399	335.8	232.2	187.7	172.7	173.4	177.6	103.2	65.8	60.4	50.6	41.5	33.6	32.1	35.6	36.6	36.3	33.8	31.8	35.5	40.6	46.3	53.7	63.1	70.3	77.5	86.3	99.1	106.3	106	103.7	103.5	111.2	120.4	120	114.9	108.9	109.1	107.2	112.2	119.3	130.4	131.7	132.3	133.9	134.4	135.6	147.8	147.2	154.7	171.3	190.9	194.5	219.1	253.3	256.2	239.1	210.5	187.9	180.6	179.5	186.6	191.9	194.4	199.9	209.4	218.3	217.5	217.2	215.2	215.4	214.2	207.3	204	205.6	206.4	205.5	202.8	202.7	209.6	203.9	199.3	206	213.6	219.7	221.7	220.4	210.8	202.4	196.9	199.3	195.7	188.6	182.4	185	186.2	178.9	167.2	160	151.5	142.5	133	130.1	127.9	122.2	120.8	120.1	119	115.6	111.5	109.8	106.5	101.9	97.1	97.9	94.9	96.6	103.3	101.5	91.2	90.8	98.3	90.7	76.4	63.9	56.4	51	44.6	35	25.7	23.7	27.9	27.9	25.8	23	25.4	32.2	35.8	49.6	51.2	47.8	43.7	37.6	42.9	50.8	54.9	55	57.8	45.4	43.4	54.3	51	51.2	61.4	79.2	171.4	269	300.1	361.9	406.8	405.8	400.4	398.6	404.2	408.4	414.9	434.7	475.2	562.5	612	612
612	612	612	612	612	612	612	612	612	612	612	612	609.3	587.7	551.7	518.7	497.6	489.2	477	462.3	459.5	458.7	444.8	416.9	388.7	323.2	212.1	177.2	167.6	171.9	179	100.4	61.1	56.6	43.9	37.8	32.1	34.7	36.3	36.2	37.1	31.2	33.6	39.2	42.7	48.2	54.8	61.4	66.1	72.3	89	97.8	102.4	103.9	102.9	105.7	114	111.3	107.6	104.6	102.1	101.2	104.3	106.2	120.1	126.2	136.7	140.1	139.8	146.9	157.7	164.5	167	189.6	202.4	203.5	213.3	239.2	264	273.8	250.2	214.2	196.1	188.5	190.1	199.2	209.6	211.1	213.9	217.7	224.7	225.7	224.3	221.1	212.6	212.9	212.9	209.9	208.8	207	208.7	210.9	207.6	213.8	215.1	213	216.1	219.3	225.3	224.7	221.2	212	206.3	204.9	205.5	196.8	189.1	182.4	187.2	190.2	183.2	171.7	156.7	151.9	148.6	139.9	137.1	133.9	127.6	126.5	126.7	124.7	120	118.2	117.7	109.8	104.5	103.4	99.7	95.7	99.1	106.9	112.7	102.3	93.8	102.8	99.3	85.5	66.6	58.7	53.5	49.2	39.9	30.4	25.8	25	27.3	25	21.1	25.1	30.4	33.9	45	49.7	45	49.5	42.1	42.6	44.7	53.9	52.1	56.1	50.5	44.2	52.3	53.8	50.4	62.3	68	116.2	245.3	299.1	367	406.8	407.7	404.1	401.4	403.2	409.5	410.4	416.7	433.3	492	574.2	602.1
612	612	612	612	612	612	612	612	612	612	612	612	612	586.3	543.7	513.5	493.9	483.8	468.6	461.1	463.9	460.6	441.7	409.8	386.7	300.3	201.9	174.5	169.2	174.7	181.8	169.5	129.4	72.7	50.3	41.4	35.4	36.2	36.6	36.3	39.5	33.1	36.1	37.4	42.1	47.4	52.7	63	67.1	74.5	89.1	98	106.7	107.2	105.5	108.6	112.7	113	109.6	103.1	100.7	102.2	104.8	108.5	123.2	128.2	139.1	143	141.7	150.8	161.6	164.4	170.9	194.2	208	209	217	247.1	271.5	278	252.2	216.5	200.5	195.9	201.6	208	211.2	215.1	221.5	224.4	224.2	227	228.3	223.3	217.8	221	221.3	215	211.6	210.2	209.5	212.4	210.8	215	215.7	214.4	214.7	220.6	226	221.8	219.7	219.2	216.7	208.7	202.6	195.3	186.7	182.2	189.4	190.8	182.2	171.8	158.1	151.1	148.5	142	139.5	140	134.7	131.7	131.5	128.9	123.4	123.7	123.3	114.9	112.8	111.2	103.5	96.9	100.6	107.8	116.9	107.2	97.8	101.4	102.6	91.8	73.2	63.9	58	48.9	40.3	33.8	27.7	27.9	28.7	25	21.8	25.4	28.9	31.1	40.9	48.8	46	49.3	41.6	40.2	44.7	52.7	52.6	53.7	50.9	47.9	55.6	56.8	51.6	54.9	68.2	105.9	223.5	297	344.3	398.3	409.5	405.9	401.4	403.2	407.7	412.2	414	428.3	475.4	558.9	590.4
612	612	612	612	612	612	612	612	612	612	612	612	609.3	571.5	542	514.9	498.1	480.1	469.1	467.7	468.2	460	428	397.6	355.1	234	183.7	168.3	169.2	174.8	176.4	161.3	131.8	83	49	37	32.9	37.6	35.5	37.4	35.2	32.3	32.8	36.1	39.1	46.1	50.8	58	63.8	73.8	82.6	100	111.1	104.7	99.6	101.1	101.7	100.7	101.3	102.8	103.3	108.3	115.6	121.3	122	127.4	134.2	139.6	148.4	154.5	164	169.9	189.3	208.7	218.5	228.7	248.1	265	281.3	273.8	244	217.8	211.5	213.5	216.7	220.8	220.5	224	229.6	231.4	232.2	232.4	233.4	231.6	228	224.9	224.1	223	224.5	224.5	217.7	221.3	226	224	221	222.4	224.6	231.1	230.1	225.1	223.1	220.6	217.8	214	206.5	200.7	193	186.5	190.3	194.4	189.4	178	167.5	158.8	154.5	151	148.4	146.5	142.6	135.8	135.5	133.3	127.4	127	129.8	126.4	122.9	115.3	109.7	107.1	103.1	110.1	111.6	103	104.6	103	99.8	89.9	72.8	67.9	66.1	54.5	41	35.8	31.9	29.3	30.6	31.1	22.6	22.7	27.3	30.2	36.9	45.3	45.9	50.1	45.7	41.2	40.7	44.9	48.5	50.7	51	53.3	58.8	59.2	54.6	54.9	64.9	94	210.8	293.8	362.2	400.6	403.4	403.9	400.5	402.9	404.1	406.8	406.8	415.8	432.9	485.1	555.3
612	612	612	612	612	612	612	612	612	612	612	612	603.9	568.8	540.2	522.4	499.5	476.3	467.5	470.7	471.5	457	424.6	394.5	324.3	213	175.2	166.6	167.9	176	174.3	162.4	160.5	115.4	57.2	38.1	36.8	38.6	35.5	36	32.5	32.1	32.9	37	42.8	48	53.6	59.8	68.2	76.9	90.7	106.6	111.6	104.3	100.3	101.6	100.9	98.5	105.2	105.8	104.7	112.6	119.4	123.8	126.3	132.1	138.8	143.1	149.8	156.4	161.5	172.3	193.4	209.3	219.9	235.3	258.1	272.9	288.8	277	248.7	223.8	216.4	215	223.9	228.6	222.5	227.7	231.4	235.8	238.9	239.2	238.9	233.7	232.5	230.1	227.2	223.8	224.7	227.1	224	228.9	229.2	229.2	223	219.3	219.6	225.7	226.3	222.1	221.3	219.8	218.8	218.8	211.5	207.8	192.4	188.6	195.6	196.1	191.6	183.4	172.6	163.7	158.5	154.7	151.7	147.4	146.1	142	139.7	138.9	134.8	132.1	134.2	131.7	127.5	119.7	118.3	116.5	111	114	112.1	105.4	109.5	104.4	101.6	94.7	77.3	69.7	65.6	55.7	43.4	35.5	31	31.5	31.7	32.9	23.6	23	27.6	29.4	33.3	40.7	43.8	50.7	45.1	40.2	40.9	44.4	52.4	52.4	53.6	54.5	61.2	63.2	56.2	56	61.1	84.6	198.9	294.9	353.7	401.8	404.7	405.9	401.4	402.8	404.1	405.9	405.9	413.1	426.6	468.9	545.4
612	612	612	612	612	612	612	612	612	612	612	612	606.6	576.9	548.8	530.9	511.5	484.9	472.5	473	470	452.5	425.4	357	235	178.4	168.9	164.9	164.2	167.9	169.9	166.5	158.2	117.9	57.7	41.3	44.7	39.9	33.8	32.4	30.7	31.1	32.9	35.8	42.4	45.9	54.8	59.6	66	76.3	96	110.3	106.3	101.5	99.6	103.1	103	104.8	115.1	110.3	112.1	121.2	125.9	121.4	124	132.8	142.5	142.8	147.9	154.9	157.9	168.6	192.1	214.1	230.1	252	275	289.8	291.9	293.6	272	249.1	239.7	235.7	235.1	232.4	231.7	230.6	231.2	234.7	237.6	238.4	242.7	244.4	243.9	240	238.2	233.7	232.6	233	234.8	233.6	233.8	230.4	227.5	219.4	217.5	218.3	223.1	223.3	222.7	221.9	221.7	221	213.4	208.2	204.1	196.7	195.7	200.8	200.4	196.6	186.9	177.2	172.1	170.2	163.1	159.9	160.7	158.6	150.7	145.5	142.4	135.4	138	136.5	132.6	129.8	123.5	118.2	116.4	107.8	109.2	102.7	103.1	109	105	100.7	94	79.5	70.8	65.2	51	39.7	35.3	34.1	36	34.8	27.5	23.1	26.4	25.5	27.2	31	41.8	46.2	50.5	47	38.6	40.2	44	52.2	55.2	56.8	61.3	66.3	62.9	58.3	66.5	79.6	148.7	279.2	340.9	406.1	405.9	403.9	401.9	400.4	402.3	403.2	407.7	408.6	413.1	426.8	477.6
612	612	612	612	612	612	612	612	612	612	612	612	582.3	555.3	538.2	526.3	498.7	474.9	470.5	471.8	465.1	436.2	406	321.4	211.3	177.5	168.1	165.2	166.2	174.8	168.1	161.7	155.4	92.4	58.5	51	51	43.8	35.6	31.8	30.5	30.9	32.2	33.9	39.4	46.2	56	59.3	69.5	83.2	101.4	108.1	107	100.4	103.2	103.3	104	109.7	120.3	115	117.2	125	131.3	130.7	130.5	139	145.5	146.7	148.8	154.5	157.5	180.1	209.8	233.2	246.2	271.5	286.1	287.6	296.5	278.4	259.1	240.9	241.2	243.3	243.8	238.2	238.4	236.6	234.1	239.9	236.8	241.1	251	252.3	243.3	241.2	244.2	238.7	238.2	237	231.8	235.8	232.4	227.7	229.3	221.5	218.4	220.5	223.5	229.7	226.2	225.8	226.2	225.2	214.4	210.8	206	198.1	207.5	210.7	203.9	197.8	186	178.4	169.6	175	170.5	164.2	167.8	163.6	155.1	152	144.7	140.7	144.1	141.5	132.6	130.9	128.3	122.5	118.1	113.2	110.2	103.3	106.7	110.2	107.4	101.8	93.6	79.4	75.9	66.6	50.6	41.4	35.9	38.5	39.2	35.6	25.4	26.3	30.3	29.5	29.6	31.9	38.2	47.2	48.8	40	40.3	42.8	45.7	49.7	52	60.5	65.9	66.1	64.2	58.3	66.5	80.1	131.8	262.9	345.3	400.5	403.5	404.1	403.9	401.1	403.6	403.8	409.5	410.4	415.8	438.4	505.5
612	612	612	612	612	612	612	612	612	612	612	599.4	569.7	546.3	534.6	522	495.7	475.2	471.7	466.9	451.3	419.3	396.8	302.6	200.4	175.6	166	165.4	166.4	170.5	165.1	160.3	150.2	97.2	59.7	55.8	50.9	43.5	35.1	32.2	30.8	29.8	30.8	34.1	40.1	44.6	50.4	60.5	73.6	89.1	106.8	108.5	102.4	101.2	104.2	105.4	113.7	122.4	125.9	117.9	128	137.4	139	134.8	135	141.8	145.3	146.8	149.3	157	175.9	204.6	234	258.9	265.5	286.6	292.3	294	298.8	281.5	259.7	249.7	250.2	250.6	252.9	251.9	246.8	248.1	241.3	244.9	253.8	262	262.1	258	253.7	258.2	260.1	255.7	257.7	253	244.7	245.4	243.3	240.7	239.2	230.1	233.4	231.3	230.8	237.5	236.9	241.8	240.2	230.3	221.7	219.9	213.3	212.4	223.4	218.4	207.6	195.6	189.6	184.2	177.5	183.6	178.9	171.4	178.5	168.9	158.4	158	151	144.5	152.2	148.2	143	138.5	132.5	124.6	122.7	119.3	107.8	101.7	106.4	113.9	104.4	93.4	96.1	89.7	83.1	77.4	55.1	45.3	38.4	38.7	41.1	38.2	27.9	28.6	32.3	32.5	28.8	31.1	37.8	46.1	48.9	37.1	36.5	46.1	45.7	46.2	51.8	56.8	65	70.7	65.2	60.3	71.3	87.7	111.5	207.3	347.4	402.3	409.5	406.8	407.7	401.4	406.8	404.1	403.2	409.5	415.8	423	450.4
612	612	612	612	612	612	612	612	612	612	612	595.8	569.7	542.7	531	515.1	484.3	473.5	469.2	460.3	441.4	412.9	393.6	291.4	195.7	171.3	165	163.9	163.2	169.2	161.6	157.7	153.1	105.1	73.1	61.5	53.7	42.7	38.3	34.5	31.5	30.5	31	33.7	39.2	45	54	65.6	78.9	96.9	109.7	108.5	102	100.4	105.5	109.6	118.3	130.3	127	123.4	134	139.2	144.1	139.6	138.8	147.3	148.1	151.5	155.7	165.9	196	222.2	249.9	271.9	284.4	303.2	303.8	305.9	303.9	284.8	270	263.4	251.3	255.7	260.8	255.7	252.6	254.2	250.8	245.8	256.9	268.9	264.8	262.3	257.8	263.6	267.9	262.1	266.1	261.3	254.7	257.3	251.1	246.7	242.8	230.9	232.1	235.7	235	237.4	236.3	248.6	247.4	236.8	229.6	225	221.3	221.4	231	223.9	212.5	204.1	199.9	192.2	187.2	185.6	181	176.8	179.1	170.7	162.3	159.6	153	148.1	152.3	152.4	150.2	140.6	130.9	123.6	123.9	121.4	110.6	106	107.3	113.7	101.7	91.1	96	93.2	88.2	81.4	57.3	45.5	40.3	40	39.5	37.5	26.6	27.1	33	33.2	32	31.9	34.7	43.3	46.6	34.8	30.7	42.3	45.5	48.3	51.5	54.3	63.6	71.6	66	63.6	74.5	84.2	113.8	209.1	354.5	410.2	411.7	407.7	406.8	400.5	404.1	403.9	402.3	408.6	413.1	418.8	434.4
612	612	612	612	612	612	612	612	612	612	594.9	584.1	561.6	537.3	525.6	505	480.6	477.8	466.5	446	422	402.5	372.1	233.3	177	169	168.1	164.2	166.3	167.4	159.7	155.7	148.2	111	83.5	62.7	54.8	44.1	38.8	36.7	33.2	31.2	30.3	35.3	42.5	46.9	56.7	71.5	86.2	106.3	111	103.9	101	104.6	109.7	117.5	129.5	138.2	133.4	131.2	139.3	143.3	144.9	145.7	150.4	151.1	154.1	156	163.6	188.8	219.8	249.1	273.3	290.6	302.8	311.6	320.1	322.6	301.7	277.2	268.9	273.8	267.5	268.5	271.7	268.7	267.1	266.6	263.7	257.3	267.8	276.1	279.5	278.1	273	278.5	280.9	272.8	274.3	277.3	270.9	266.4	259.6	255.3	251.3	240.2	245.1	250.7	248.9	249.8	255.9	263.9	254.3	246.2	243.7	240.1	240	238.1	237.6	224.1	214.7	215.2	217	208.2	202	198.1	187.5	187.1	184.5	172.2	167.4	166.8	162.6	157.1	164.1	159.8	159.1	157	141.4	131.5	133.3	132.6	120.4	107.1	108	108.5	97.5	89.5	90.3	98.2	94.1	93.7	70.6	48.6	41.7	40.9	44.9	41.6	29.2	31.8	32.1	32.4	32.4	32.6	34.7	38.6	42.8	36.5	29	31.9	42	49.1	52.4	53.8	59.9	71.7	71	60.4	67.4	86.3	124.1	202.5	334.6	407.7	411.6	407	403.6	401.7	400.3	403.9	399	402.9	408.5	412.6	422.4
612	612	612	612	612	612	612	612	612	612	591.3	580.5	556.2	534.6	522	496.6	479	477	464.3	442.6	418	397.6	360.8	221	174.9	168	168.5	166.2	167.9	168.7	162.4	156.2	134.7	77.1	54.1	49.8	50.2	46.8	40.8	38.4	37.7	32.9	31.2	34.5	42.4	48.5	59.4	78.5	100.8	114.4	113.7	105.3	103.9	107.5	111.7	124.2	132.4	139.8	137	137.9	142.9	146.1	147.6	147.1	152.9	153.8	158.4	159.9	170.9	203.7	235.3	263.1	283.2	299.8	316	321.2	330.4	331.4	307.6	283.9	276.7	279.4	274.9	274.2	280.2	279.1	271.7	269.6	263.3	261.6	266.3	266.8	274.2	273.3	270.9	277	280.1	277.3	277.5	281.2	282.3	275.1	267.3	265.4	262.4	263.7	266.7	266	265.6	266.3	266.2	267.8	264.4	259.5	249.1	246.7	250.7	246.5	243.6	229.5	213.3	219.3	226.9	217	209	202.3	191.2	187.2	187.3	175	170.8	170.8	164.9	158.4	165	164.8	162.9	160.3	144.4	138.2	137.7	137.5	123.5	110.6	111.1	107.7	100.5	90.8	88.2	98.8	101.5	98.2	77.7	53.2	41.8	39.1	43.7	41.7	29	33.2	32.4	32.8	31.8	33.9	37.1	38.5	44.3	37.1	29	30.8	39.3	47.8	55.1	54.8	58.9	66.7	65.3	55.4	65.5	84.8	133.4	229.6	347.2	387	401.5	409.5	405.9	403.2	400	402.9	399.7	401.5	408.4	412.3	420.1
612	612	612	612	612	612	612	612	612	603	576	551.7	536.4	522.9	504	484.7	475.7	469.6	458.5	435.8	407.1	392	298.7	185.4	173.6	164.4	170.5	169.9	170.7	168.2	161.4	153.8	137.5	78.4	54.5	51.3	50.9	47.7	41.8	41	38.3	32.7	30.3	35.2	45	50.4	63.2	83.8	107.2	116.5	110.9	106.3	106.8	111.4	121.9	133.9	139.8	141	141.9	147.5	144.1	146.5	147.9	145.8	151	154.1	157.5	165	197.1	238.5	269.6	280.9	293.3	313.5	330.4	339	342.9	327.7	300.1	280.9	274.5	273.2	276.9	281.9	294	294.5	286.8	276	269.2	269.4	271.8	277	274.4	275.1	272.6	279.2	281.4	274.9	273.3	276.1	274.7	271.4	273.1	272	269.3	268.7	273.2	274.2	275	271	267.6	257.6	262.8	261	253.2	244.5	249.4	249.1	253.3	243	212.9	210.4	216	213.5	201.6	187.6	179.3	177.6	175.7	173.7	174	177.5	176.4	168.3	159.9	159.6	158.9	161.8	153.8	149.5	151.2	148	131.2	114.9	108.4	103.5	98	90.9	85.7	99.7	111.2	104.1	81	57.6	48.6	40.8	40.1	37.7	31.2	32.5	31	30.8	28.6	30.6	31.4	34	43	36.5	28.6	26	32.7	46.5	48.4	48.5	57	62	68	61.4	62.9	75.1	146.2	283.8	372.7	381.3	402.7	408.6	403.2	400.5	396.9	399.3	402	400.2	407.2	412.9	418.3
612	612	612	612	612	612	612	612	612	602.1	574.2	545.4	530.1	515.7	497.2	476.1	472.9	468.3	456.1	431.6	404.6	389.6	275.4	183.9	172.6	165.1	171.5	171	172	168.4	161	152.5	143.8	86.6	58.1	53.1	47.9	42.6	43.3	48.1	43.1	34.1	31	39.2	51.3	59.8	77.5	98	116.6	117.3	111.8	110.1	111.9	114.3	123	135.9	141.8	143.1	147.6	148.9	145.3	150.4	149.5	148.4	154.1	156.5	160.8	177.8	217.6	258.9	283	286.1	295.3	322.9	339.7	352.4	353.9	333.6	310	291.5	283.1	285	290	295.2	306	307.6	295.3	286.5	284.6	285	287.3	291	283.8	284.7	282.3	287.7	288.8	280.1	276.2	280.9	280.7	279.5	282.4	283	278.2	279.6	288.9	287.5	282.3	276.6	278.5	271.3	270.1	273.2	269.2	253.7	253.1	250.8	252.2	245.6	215.5	212.5	217.8	210.8	194.9	183.8	175.9	168.9	169.3	173.7	174.6	174.8	175	168.7	164.3	160.9	161.2	163.3	156.1	152.4	153.5	152.1	132.9	117.8	111.6	106.4	101.1	95.5	90	106.6	115.7	108	85.8	61.5	51.7	43.7	43.8	38.6	31.8	29.9	30.9	31.4	28.7	28.5	33	34.8	43.1	40.2	30.8	26.2	31.8	47.3	52.5	47.9	56.4	61.2	68.1	62.3	62.9	76.6	146.8	292.7	351.9	394.9	407.1	408.6	406.4	401.9	399	398.5	402.7	399.1	406.7	414.6	416.7
612	612	612	612	612	612	612	612	612	600.3	567.9	541.8	523.8	504	490	476.6	472.2	467.6	453	421.5	400.5	358.6	233.3	189.2	169.6	167.2	173.7	170.5	171.6	165	158.5	149.8	146.7	88.2	57.5	52.6	48.6	44	46.2	48.2	39.7	31.8	32.7	41.2	52.4	63.3	80.5	101.6	116.4	114.9	112.3	114.5	113.9	120.1	133	138.1	141	143.2	144.9	146.9	150.2	152.1	152.1	152.5	155.9	163	184.5	225.1	266.6	296.9	302.1	299	311.1	337.8	350.5	364.6	360.7	325	300.8	294.8	295.1	298.1	297	303.1	304.4	295.4	288.3	286.6	288.5	285.5	279.6	289.6	289.4	278.8	280.7	277.7	271.1	279.6	276.5	278.5	283.3	290.7	287	289.7	289.3	292.3	292.2	283.8	284.5	267.7	259.7	264.4	261.6	263	260.2	249	248.7	250.8	263	256.3	225.2	215.7	215.1	208.2	195	185.8	175.5	166.8	169.4	174	170.5	167.8	169.1	173.2	168.9	162.7	159	155.6	156.7	152.8	154.9	156.2	140.4	123.3	117	105.4	103.1	95	92.8	102.9	105.4	105.6	89.2	68.1	58.4	52.4	51.6	39.5	32	28.6	28.1	30.3	26.1	26.2	32.5	32.3	38.3	41.8	33.9	28.3	29.3	41.1	48.2	47.9	55.3	51.9	56.2	57.4	63.9	73.2	129.5	270.5	347.5	385.3	409.6	409.7	411.8	406.9	405.9	400.5	402.1	400.5	402.2	410.4	415.8
612	612	612	612	612	612	612	612	612	596.7	567.9	544.5	523.8	505.8	489.1	475.2	469.4	462.7	447	416.1	398	344.3	224.5	189.5	170.7	169.6	173.3	168.6	167.1	162.6	157.2	151.2	149.7	94.8	56.9	61.7	57.9	48.1	49.1	45.2	38.7	34.8	38.9	44.5	59.6	75.7	92.8	115.6	120.9	114	115	118.9	122.5	127.2	134.3	140.2	142	143.3	147.4	153.4	155	155.7	158.7	162.6	163.9	173.7	201.6	245.4	285.9	306.2	316.7	315.6	333.7	353.1	363.5	376	363.9	325.1	299.6	299.1	306.7	308.1	310.4	312.7	304.7	295.3	290.9	293.4	295.2	287.8	283.9	293.4	289.8	282.2	286.1	277.2	271.2	281.8	282.8	282.6	292.5	292.3	291	293.7	295.5	298.9	291.3	276	280.9	275.7	263	262.2	259.5	260.4	258.5	252.2	250.3	255.4	267.5	260.7	230.4	218.1	215.3	203.4	197.7	190.8	182.5	172.8	174.5	175.6	175.1	167.9	170.3	176.4	172.5	163.9	160.8	153.6	153.1	152.7	157.4	159.7	141	123.5	117.5	108.8	106.8	98.5	98	108.1	109.1	109.4	95.9	76.1	64.9	59.2	53.7	43.3	35.1	31.3	28.1	31.5	27.7	26.8	31	30	36.3	39.3	33.3	27.8	29.3	37.8	43.2	46.4	52.6	49.6	49.7	51.8	57.4	72.1	121.6	248.5	341.4	379.1	390.6	410.3	415.5	411.1	406.8	402.3	404.1	402.3	401.4	409.5	415.8
612	612	612	612	612	612	612	612	612	582.3	561.6	542.7	520.2	507.6	493.6	473.7	460.8	451.2	432.7	405.8	393.6	303.2	209.4	184.5	167.8	170.1	176.9	168.3	164.8	163.5	155	153	148.1	97.5	57.6	62.3	58.9	48	47.3	42.1	36.3	37.4	38	44.4	60.3	82.7	100.7	118.8	122.1	114	112	117.2	127.4	135.4	139	141.3	142.8	146.8	148.9	152.9	159.8	162.2	166.4	169.9	179.6	214.2	254.3	290.1	318	320.8	317.4	329	354.7	368.7	374.5	380.8	346.1	305	298.1	300.5	307.3	305.2	308.4	303.4	292.4	290.5	290.3	294.6	294.9	288.4	288.1	289	283.7	278.9	281.3	274.3	273.5	280.5	279.2	280.6	292.3	294.2	291.9	297.6	296	298.3	288.6	270.3	270.5	268.3	266.2	265.5	263.2	262.8	255.5	249.8	248.5	247.4	272.7	268.8	230.1	216.6	211.6	200.6	195.4	195	187.9	178.3	177.7	180.4	173.5	164	166.9	166.2	161.1	155.6	152.1	147.7	149.9	148.8	153.8	155.3	146	130.5	119.8	114.5	109.1	104.1	97.4	103.4	105.9	105.5	99	84.2	68	56.6	53.3	44.8	35.9	32.6	27.3	25.9	25.2	26.4	28.3	27.7	30.9	36	32.5	29.6	27.1	32.5	38.8	44	41	42.2	42.6	42.4	50.6	61.4	95.7	179.6	308.1	367.4	386	401.4	411.4	414.9	408.6	403.2	403.2	403.2	400.5	407.7	409.5
612	612	612	612	612	612	612	612	612	583.2	563.4	546.3	526.5	512.1	494	476.2	463.8	454.1	442.7	415.8	394.9	295.2	205.7	185.6	167.5	163.7	171.4	170.5	166.4	165.7	161.4	154.4	150	111	67.1	64.4	55.5	44.8	45.6	47.4	43.9	38.5	37.5	47.2	67.6	94.4	113.1	123.5	125.9	117.8	113.8	118.4	128.9	135.9	141.2	144.1	145.1	148.2	150.3	154.7	161.4	167.2	172.7	175.3	187.9	213.7	252.7	292.5	324.6	333.5	332.2	330.8	347.8	370.2	376.9	375.7	355.7	322.2	300	304.5	308.2	304.8	307.2	306.3	292.4	292.5	295.6	297.8	296.2	293.1	299.7	299	291.3	284.3	281	281	277.5	287	289	293.4	301.7	298	294.8	302.8	299.4	304.9	300.3	280.3	275.7	271.8	270.7	272.7	269.3	262.3	262.3	261.3	256.3	246.5	259.7	276.3	250.4	223.5	215.7	207.9	203.5	198.7	192	182.2	177.2	177.2	175.8	169.2	166	165	156.3	153.4	149.2	146	145	142.1	148.3	156.5	146.9	138.5	126.6	115.7	107.5	106.7	101.3	102.8	110.5	109	100.5	88.9	74.6	63.7	52.9	45.2	41.2	33.2	31.7	28.7	27.8	27.9	28.8	28.9	30.6	32.8	33.1	31.4	29.4	31.6	37.6	45.5	43.9	40.7	39.9	41.9	49.8	61	104.4	188.7	311.8	346	375.5	410.5	411.1	411.8	410.4	407.7	404.1	405.9	405.9	405.9	409.5
612	612	612	612	612	612	612	607.5	585	565.2	546.3	530.1	519.3	511.4	490.8	469	458.6	449.4	417.1	396	388.6	272.3	202.8	180.4	166.7	171.5	171.6	164.2	162	159.4	156.8	151	143.7	123	72.3	70.8	59.4	50.2	51.8	49.2	47.5	42.1	41.1	50.6	71.8	101.5	119.7	128.3	127.5	120.8	118.9	128.5	133	143.5	143.2	142.6	147.2	152.5	154.7	163.9	169.8	172.6	178.8	196.4	235.1	269.6	303.3	326.2	332.7	327.8	332.5	352.2	375.6	379.7	367.4	348	316.5	296.2	299.9	298.2	302.8	302.1	296.3	290.2	287	285.3	293.3	293.7	290.8	293	293.6	293.4	286.7	279.8	283	285	284.6	288	285.5	296	297.3	294.4	296	290.8	301.7	307.8	287.2	268.7	264.8	265.8	267.3	268.3	273	284.9	275.3	264	264	262.5	294.2	288.2	241.6	226.6	222	209.9	202.8	196.2	192.6	185.6	184.1	184.7	176.5	163.4	159.3	156	154.6	149.5	148.3	146.2	141.2	140.2	146.9	150.7	148	142.9	126.1	115	116.7	108.2	101.6	103.9	107.4	110.5	103.1	93.7	81.6	64.7	57.5	45.2	39.6	35.5	28.9	25.9	26.2	28.2	27.3	29.1	32.2	32	32.3	30.1	28.7	31.9	40.5	47.9	43.7	38.8	37.5	40.4	48.4	65.2	119.7	235.6	348.3	359.7	381	415.5	411.6	412.4	410.9	406.6	402.7	405.4	399.9	401.1	408.1
612	612	612	612	612	612	612	605.7	583.2	562.5	544.5	525.6	513.3	498.7	480.5	462.9	455.8	440.6	407.2	393.1	374.4	263.6	208.7	185.2	168.7	173.4	166.9	162.6	160.9	156.7	152.7	148.6	143.1	122.7	70.6	70.3	69.4	60.1	55.1	53.2	45.9	43.2	43.7	52.9	76.6	109.1	125	126.3	124.3	121.4	123.7	132.3	140.1	147.5	150.1	147.1	150.3	155.9	161.7	170.7	174.3	176.3	182.5	211	247.1	281.8	313	330.7	328.1	328.4	336.4	358.6	375.4	373.6	364.1	336.2	302.2	283.6	284.1	279.6	288.5	288.1	283.6	278.6	281.5	284.6	289.7	289.9	294.6	299.6	298.1	301.6	291.6	285.9	292.2	293.8	291.8	290.4	291.5	300	297.7	299.7	302.2	293.2	301.7	304.2	286	272.3	262.7	260.5	261.2	263	264.5	277.5	270.6	258.6	254.8	265.8	300.1	284.4	245.6	235.1	224.1	212.6	210.4	207.1	203.2	198.1	191.1	187.9	179.1	166.8	156.3	154.2	157.4	153.1	148.3	146.9	143.3	138.6	145.5	153.3	152.9	144	127.8	119.7	115.8	107.3	104.5	106.5	112.1	115.4	108.8	99.8	90.1	71.9	61.4	47.6	39.5	32.7	26.7	25	25.6	28.2	26.9	28	31.6	33.1	32.1	29.2	29	33	45.2	55.7	49	39.7	36.5	40	45.6	69	149.9	286.3	391.6	413.6	416.7	416.7	413.1	413.7	410.1	405.9	403.5	406.6	402.2	401.1	406.7
612	612	612	612	612	612	612	603	577.8	558.9	536.4	515.7	502.8	489.1	473.3	455.1	449	427	398.2	393.5	367.7	253.1	192.9	176.4	170.8	171.8	168	160.7	161	159	154.4	150.6	148.9	114.5	69.9	70	71.6	63	56.8	51.7	45.4	44.2	44.3	57	81.8	117	133.4	131.8	132.5	131.9	130.9	139.1	147	149.8	148.7	153.1	155.4	159.2	164.8	167.9	167	174.4	199.2	232.9	273.6	307	322.8	332.2	325.1	324.1	335.4	356.1	365.8	353.9	338.9	302.8	274.5	268.3	265.1	271	278.1	274.4	270	271.4	272.6	285.4	287.2	283.3	284.2	286.3	288.2	286.6	288.8	285.4	286.8	288.1	286.5	290.2	291.7	291.2	291.2	297.1	288.7	285.4	289.3	279.6	265.5	258.4	255.3	251.9	246.8	246.2	255.2	280.8	268.5	246.7	245.3	258.2	294.7	278.1	242.5	224	204.6	196.3	195.6	191.2	186.8	186.5	181.9	171.8	164.4	153.7	149.1	147.6	150.2	146.3	139	139.8	141.7	141.3	142.1	152.8	156	151.3	138.6	125.5	120.4	111.9	105	109.5	116.4	117.8	106.3	106.5	101.6	84	63.8	46.1	41.7	35.5	28.2	26.1	25.8	29.4	29.8	25.3	28.9	31.8	32.3	28.2	26.5	33.5	44.5	57.4	54.8	43.5	38.4	39.2	46.1	66.7	174.4	307.6	379.7	409	414.9	414	414.9	414	414.9	408.6	403.2	405.9	403.2	401.4	408.6
612	612	612	612	612	612	612	601.2	575.1	552.6	529.2	511.2	501.9	486.6	470.1	455.2	445.8	421.3	396.6	391.9	362.3	246.7	188.1	171.9	172.8	173.4	168.2	158.2	159.9	159.2	156.9	149.9	149.9	136.2	120.6	95.3	77.5	76.6	59.4	46	45.2	42.8	40.1	56	86.5	124.2	137.8	138.1	138.8	138	139	143.7	149.2	151.2	153.4	157.1	158.7	161.6	165.9	163.3	160.4	174.5	202.3	237.1	279.6	299.4	317.6	328.3	324.6	322.5	334	352.4	356.8	336.3	315.1	279.5	259	253.6	249.2	254.8	262.1	260.4	259.5	266	268.5	275.3	274.1	274.8	274.3	275.7	283.1	283.1	286.6	291.2	287	289.9	289.7	287.6	287	288.2	289.1	289	272.3	273.6	279.4	270.1	253.6	248.6	248.4	242.8	238.1	237.5	244.2	270.2	259.2	236.1	232.5	250.5	286.8	272.4	234.6	205.8	191.4	179.6	186.7	189	186.8	188	180.2	171.4	163.9	155	148.4	145.1	147	145.2	140	133.8	134.4	137.5	143.8	153.5	154.1	153.9	142.8	127	120.4	113.2	104.9	110.5	117	118.4	108.5	112.1	107.5	91.2	65.5	48.1	45.7	38.2	28	24.4	25	27.9	26.9	27	29.2	30.8	30.5	30	31.6	41.1	50.4	61.7	68.2	65.8	48.5	37.6	45.8	65.5	185.7	324.4	384.7	404.9	413.4	415.8	419.4	416.7	414.9	408.6	403.2	403.2	404.1	401.4	407.7
612	612	612	612	612	612	609.3	593.1	574.2	543.6	515.7	496.8	489.6	480.1	461.8	452.8	437.6	412.4	392	388.4	362.8	245.7	192.4	173.9	176.5	173.8	166.7	155.8	160.6	164.1	159.3	150	149	145.1	143.9	112.1	81	78.5	59.6	47.4	44	41.6	42.7	61.6	98.3	132.6	145.6	148.3	146.8	143.9	144.6	150.8	153.8	151.1	154.2	157	157.9	157.8	154.6	150.9	164.3	201.9	225.2	251.9	278.4	292.7	302.2	300.1	305.7	304.2	317.1	322.7	308.3	290	249.4	221.8	216.3	212.7	216.3	213.3	221.3	228.8	231.7	243.1	257.6	259.7	248.8	249.1	255.7	265.5	268.2	271.4	275	278.7	283.1	285.1	281.2	278.8	287.1	283.7	284.7	274.6	258.2	263.6	262.9	256.9	248.6	242.7	245.3	238	224.8	220	231.3	253.1	220.6	197	193.3	203.1	257.3	251.3	204.8	173.9	161.4	158.7	165.2	169.7	174	171.6	157.4	152.4	148	135.3	132.7	128.2	129.6	132.1	129.3	126.7	130.5	132.8	132.4	142.2	151.3	151.2	148.2	133	124.6	118.2	108.4	110.2	118.6	121.4	116.2	118.9	115.3	100.1	75.8	52.6	46.3	40.4	30.9	27	22.4	25.1	25.7	25.2	27.7	30.8	33.2	31	33.8	41.2	47.2	53.3	62.8	68.5	56.8	40.2	49.2	68.8	153.4	304.5	382.1	387.9	406.8	413.1	419.4	421.2	419.4	413.6	406.8	405.9	406.8	403.2	402.3
612	612	612	612	612	612	603	586.8	569.7	540	512.1	496.8	487.2	471.3	463.8	459.2	436.6	407.9	390.5	391.3	377.1	254.4	192.1	175	178.4	173.1	165.9	157.3	161.4	165.2	159.4	149	146.6	150.1	135.9	92.9	69	66.5	59.9	54.5	44.4	41.2	48.2	65.9	105.9	139.8	147.6	147.9	150.9	149	148.5	152.1	157.3	158.4	157.8	157	151.6	144.4	137.9	132.3	160.2	200.7	215.7	238.9	263.6	278.8	280.7	274.1	287.2	295.1	310.1	307	288.9	272.7	226.5	203.7	192.4	189.7	192.3	194.6	201.2	204	212.9	220.7	234.1	239.6	234.2	229.2	237.3	245.9	253.3	258.7	263.5	264.2	272.5	272.6	267.7	269.4	280.2	277.8	276.1	266.5	253.9	255.2	252.9	248.7	238.2	229.3	231.4	228	208.6	201.8	224.7	244.9	203.2	184.9	179	185	251	239.2	189	164.1	153	156.8	159.2	153.1	155.7	154.1	140.2	138.8	134.4	128.8	131.4	128.9	131.2	132.6	128.4	127.3	133.3	131.4	130.9	143.8	151.6	150.7	149.3	138	126	118.1	111.2	114.3	116.9	121.5	117.8	121	116.8	103.2	78.8	54	46.9	41.2	29.1	24.2	22.8	25	25.3	24.1	27.5	32	34.6	37	41.4	41.3	43.2	42.2	46.2	56.5	70.2	59.4	53.9	76.5	140.2	262.2	358.9	396	404.5	409.7	416.7	419.4	419.4	415.1	409.5	407.7	409.3	404.1	402.3
612	612	612	612	612	603	593.1	576.9	557.1	534.6	513.9	496.8	487.2	470.4	467.2	456.7	427.5	401.8	390.3	393.9	392.7	301.5	198.1	181.4	180.5	173.3	170.4	159.9	157.8	163.5	161.8	155	148.2	150.8	123.1	90.8	72.3	63.6	54.7	53.5	44.6	42.1	50.6	68.3	106.1	144.6	153.8	155.9	159.9	155.4	148.7	155.1	160.1	157.9	158	156.7	139.4	128.3	130.4	147.7	182.2	216.1	228.9	238.1	257.5	266.3	269.4	267.9	274.1	278	287.3	280.8	274.3	228.4	188.9	174.2	162.2	160.9	161.5	167.7	174.5	179.2	201.9	222.4	216.3	211.1	214.4	218.3	224.2	233.8	240.8	249.9	248.2	262.8	272.7	260.5	258.4	269.3	278.7	269.4	272.1	264.5	249.6	246.5	237.9	232	223.6	213.1	210.7	203.3	199.3	193.7	229.4	230.4	182.8	172.7	162.7	176.7	230.4	217.6	181.4	159.1	148.8	154.3	147	144.2	147.4	146	134.9	129.6	124.5	125.8	128.6	129.5	134.6	134.2	130.6	130.2	131.4	128.1	127.1	137.6	154.2	150.3	140.8	137.9	131.4	127.3	122.8	116.6	116.4	119.7	123.3	124.5	123.6	115	87.5	62.6	57.8	46.2	34.4	29.4	25.3	25.9	25.1	24.7	27	29.9	34.2	37.6	39	38.1	41.8	41	43.5	50.6	65.1	63.3	50.8	65.9	120.3	223.2	328.9	393.4	400.9	402.4	409.6	417.6	410.3	412.3	410.8	409.4	412.2	407.4	403.2
612	612	612	612	612	600.3	587.7	571.5	554.4	531.9	513.9	498.6	479.7	470.4	477.3	452.2	420.6	399.7	391.7	393.7	352.6	225.8	188.4	178.3	178.1	171.7	169.6	156.7	157.1	165.2	159.6	150.6	150.8	125.8	97	92.2	89.1	75.2	53.1	48.4	45.1	45.1	56.4	77.5	121.5	154.6	159.9	163.6	164.1	157.3	155.6	162.3	160.4	148.6	137.6	124.1	108.1	104.4	117	143.7	180.5	208.7	215.6	224.9	240.7	249.8	250.4	258.1	259.1	263.6	274.9	266.9	249.6	204.7	178.3	163.7	149.6	149	153	159.5	164.9	170.4	196.2	214.4	201.1	200.7	203.2	210.5	215.8	227.4	234.6	240.8	238.9	255.5	262.8	250.5	249.5	260.5	260.3	247.3	247.1	241.3	234.4	231	225	216.6	207.7	194.9	191.2	190.8	181.4	185.7	218.1	206.9	169	160.8	154	176.5	215.3	207	177.5	154.9	143	132.7	127.1	131.6	138.1	127.2	120	119.3	112.2	113.2	116.7	119.5	126.3	125.8	127.1	133.3	134.7	132.3	134.6	142	156.6	159.6	147.4	142.7	133.4	125	117.5	111.7	116.7	120.6	119.9	125.2	121.5	115	86.4	63.1	57.3	48.8	35.2	29.5	23.1	24	23.9	23.7	27	31.1	35.8	38.3	37	33.3	39.7	42.2	44	45.1	55.1	75.1	66.7	70.6	156	303.7	387.8	395.5	399.3	401.1	406.6	416.7	411.6	411	411.2	407.7	408.6	406.8	403.2
612	612	612	612	612	586.8	576	562.5	544.5	530.1	517.5	498.6	475.1	467.6	470.6	443.7	414.1	391	391.3	395.1	313.5	211.3	183.2	180.9	176.1	171.4	166.5	152.8	158.2	164.8	160.1	150	149.5	111.7	88.2	87	88.8	82	56.2	47.1	45.2	50.9	64.2	85.5	126	158.6	168.6	173.7	171.4	162.9	159.1	162	151.5	137.5	129.5	121.4	113.2	116.6	138.7	166.8	192.3	211.2	221.3	236.8	247.1	251	254.9	266.3	259.9	271	268.4	240.2	205.7	171.2	159.7	153.8	152.7	145.6	145.1	154.6	154.8	183.6	223.1	200.2	181.5	179.6	191.4	205	209.7	218.7	231.8	227.6	245.7	278.2	251.8	236.1	244.9	252.6	246.7	239.4	246.2	238.8	230.2	227.8	220.4	209	195.3	188.5	187.8	182.1	173.4	181.9	211	192.6	173.4	172.7	163.2	176.1	194.2	183.5	172.5	167.8	147.4	137.3	139	140.9	140.9	133.7	132.1	133.4	129.3	135.7	133.9	133.2	137.7	133.9	136.4	145.5	149.1	150.5	158.7	163.5	179.2	172.4	163	149.8	137.5	132.2	125.6	119.5	119	118.7	123.9	127.7	127.9	114.1	88.5	70.7	63.3	59.9	42.3	31.3	27.3	24.9	25.5	24.7	28.4	33	37.5	41.6	40.2	34.9	38.2	41.5	40.6	43.9	52	70.4	73	76.9	184.1	356.2	389.3	394.2	397.8	405.9	407.7	416.7	413.1	410.4	413	411.2	406.7	403.5	405.9
612	612	612	612	612	586.8	576.9	560.7	541.8	525.6	516.6	495.9	475	475.6	465.5	432.3	408.9	389	393.8	394.8	305.4	210.5	183.7	180	174.4	168.8	164.8	156.1	159.5	165.3	160.7	150.6	144.3	78	61.9	75.3	87.1	85.7	69.9	52.8	45.5	53.7	67.1	91.9	133.5	163	171.2	175.5	172.7	167.4	158.6	144.9	125.2	113.1	109	108.9	107.2	116.7	144	170.3	188.4	199	212.9	227.3	235.3	243.7	249.7	252.2	241.1	249.2	241.3	209.7	176.3	145.6	135.8	131	138.2	144.2	141.4	144.2	144.9	182.6	216.9	179.4	161.1	164.9	177.1	195.3	199.3	219.5	231	218.4	241	272.6	232.5	221.1	238.6	244.2	240.2	236.1	241.3	228.7	218.1	209.9	203	193.1	182.5	178.8	178.2	173.3	161.1	166.7	199.2	181.9	166.5	169.6	156.2	159.4	170.7	165.7	161.2	159	140.5	133.2	133.7	131.6	133.8	131.6	130.4	138.7	138.6	145.1	140.8	138.2	136.9	124.4	126.6	138.9	140.4	146.2	161.9	169	186.4	176.8	164.3	155	141.6	135.5	128.1	124.3	122.7	122.8	125	135.1	130.3	113.5	93.4	76.1	65.2	61	44.6	31.4	27.8	25.5	26.1	23.7	28.9	37.5	41.4	46	49	41.5	41.4	42.4	40.6	43.8	46.3	65.6	86.5	88.9	205.1	372.1	389.8	393.3	396	405.9	407.7	412.2	411.8	409.1	413.7	412.4	406.3	405.7	405.9
612	612	612	612	612	602.1	578.7	556.2	534.6	518.4	504	483.3	470.7	472.5	460.1	430.4	405.4	390.2	398.6	398.3	318.6	215.6	195.5	188.4	179.9	170.7	161.5	157.7	160.8	164.8	163	151.3	142.4	78.1	53.2	68.2	83.8	79.4	70.5	57.4	47.1	54.9	68.8	91.4	135.3	164.5	174.1	180.7	179.8	172.9	164.1	148.2	131.2	128.3	124.1	121.2	128.1	144.9	158.4	178.7	186.9	194.1	214.3	222.4	238.8	250.6	251.9	249.6	232.2	238.3	225.6	193	153.6	134.4	136.5	132.8	132.2	142.2	137.4	137.6	159.5	199.7	190.3	155.7	148.5	159.6	188.7	200.8	193.7	237.5	237.8	218.3	245.7	245.6	213	222	245.4	242.1	238.3	252.3	253	232.3	213.6	195.7	185.4	183.4	187	184.7	184.4	181	167.8	171.3	192.8	179.6	179.4	183.9	167.5	169.5	175.9	188.2	194.5	201.8	194.9	184.4	183.3	186.8	202.9	205.5	199.2	206.9	211.5	218.6	202.2	195.2	172	147.4	154.4	165.9	159.9	165.6	183	187.8	202.2	206.3	189.5	166.5	144	137.4	136.2	130	122.9	123.4	129.9	132.9	133.6	119.1	101.3	84.1	72.7	65.1	51.6	34.8	28.8	25.5	27.9	23.4	28.5	35.7	42	47.4	54.7	47.1	44.4	43.5	41.1	44.4	47.3	62.1	88.6	111.5	231.7	369.4	388.3	395.1	394.2	401.2	404.5	395.4	399.2	403	405.6	412.4	405.1	401.8	405.8
612	612	612	612	608.4	599.4	577.8	554.4	530.1	516.6	501.3	483.3	472.5	472.5	453.6	427.7	406.1	393.8	398.7	400.3	312.7	214.9	196	187.8	179.5	171	162.6	158.5	161.3	163.5	160.5	153	127.6	67.5	51.1	51.1	70.3	72.3	73	65.1	50	58.4	72.8	94.9	139.2	164.8	173.5	184.4	186.9	176.4	161.1	146.7	138.4	134.6	126.8	127.4	138.6	150	157	174.5	185.8	200.6	212.5	220.4	240	250.1	252.1	241.9	225	231	214.7	180.4	142	125.5	128.3	127.1	121.5	122.5	122	125	156	192.1	172.3	141.6	138.4	147	186.6	193.1	183.6	226.6	221.5	212.9	242.6	233.9	208.8	227.8	243.7	230.5	234.2	251.4	244.8	224.6	205.1	186.5	173.7	173	179.2	177.4	177.5	169.8	158.7	161.8	173.7	159.9	162.8	166.3	151.5	160.3	172.8	182.9	188.4	202.8	202.3	195.1	202.1	207.6	226.9	229.6	227.5	233.5	236.2	239.4	218.9	213.5	185.3	156.2	160	166	158.2	167.1	181	185.3	200.7	209.7	201.4	175.8	144.9	137.3	136	131.7	127.3	126.7	130.5	133.9	134.4	123.4	104.6	86.8	74.1	68.4	52.6	35.3	28.5	25.9	27.2	25.5	32.4	38.4	44.8	56.4	62.3	56.7	51.1	49.8	44.1	46.4	50.7	59.1	86.1	128.2	252	372.9	390.3	393.3	394.2	400.5	405.3	395.1	396.7	401.9	404.4	410.6	405.3	402.6	407.4
612	612	612	612	593.1	576.9	565.2	549	523.8	515.7	504	485.1	474.3	473.4	448.6	423.2	403.8	397.7	401.5	400.9	345.9	231.4	202.1	193.8	173.7	167.2	160.4	159	159.3	157.9	161.9	160.9	121.8	61	49.8	49.2	59	65.4	72.6	63.5	51.5	59.5	76	102.9	145.5	166.9	174.5	182.3	184.4	178.2	175.9	174.3	168	158.8	152.2	152.4	153.9	154.1	156.1	161.1	167.8	177.4	191.9	203.9	218.1	239.2	250	246.8	239.1	238.5	212.9	166.6	142.2	138.5	140.1	139.5	138.6	133.4	140.1	172.4	199.2	193.8	169	165	177.2	198	226.9	222.5	220.2	255.1	238.6	260.3	294.9	297.6	288.3	284.6	279.6	271.8	298	304.2	261.5	230.2	210.5	194.2	180.6	182.2	195.9	203	207.5	201.1	180.3	170.6	167.7	167.2	177	178.1	190.8	223.1	230.6	232.2	232.5	236.3	249.2	262.7	278.9	289.9	301.5	305.1	307.2	311.3	308.8	299.5	287.5	272.4	242	229.3	229.5	215.6	207.2	209.4	219.7	212.6	212.4	216.9	215.4	198	170.4	151.3	142.7	135.5	132.8	130.3	134.5	139.5	140.6	131.7	111	91.1	79	72.3	59.3	40.5	30.5	28	25.8	27.5	35.1	40.2	45.5	56.8	64	57.8	53.6	51.3	48	48.2	50.7	59.4	85.9	133.2	249.2	340.1	361.9	389.5	391.5	393.3	401.3	405.2	414	407.7	401.6	412.2	413.1	406.8	410.4
612	612	612	612	590.4	570.6	560.7	544.5	522	513	501.3	481.5	473.4	467.6	438.7	420.6	403.3	396.2	400.6	401	399	292.2	218	200.1	179.5	170.2	162.1	156.6	156.9	158.3	162.7	161	109.8	56.1	49.4	48.9	48.9	54.6	67.8	58.8	50.3	59.3	75	102.4	149.1	171.6	178.9	181.7	177.2	176.1	182.2	184.1	182	174.2	167	166.6	168.9	167.9	168.8	169	171.4	176.9	179.3	191	213.5	232.2	243.2	240.8	229.3	234.7	202.2	163.9	140.8	135.1	139.6	139.3	135	125.3	140.8	177.9	194.8	181.9	168.9	175	185.6	207.7	234.7	232.5	229.2	259.2	248.9	273.8	303.1	314.5	317.9	302.1	293.2	288.1	312.6	309.9	261.2	227.1	204.7	191	174.9	177.3	185	189.9	195.2	190.9	173.4	158.6	152.1	154.2	163.9	173	200.4	228.8	233.3	235.7	240.3	240.1	248.9	264.7	281	296.9	306.2	307.7	307.6	310.2	315.6	303.9	289.3	274.3	253.7	244.8	243.1	228	217.6	216.1	217.5	213	213.6	215.5	213.7	201.9	182.9	160.4	143.3	138.1	135.1	133.9	134.7	136.1	139.9	133.6	115.7	102.1	90.1	77.3	65.3	43.7	31.5	29.5	28.9	30.7	36.9	43	48.9	54.4	60.9	57.2	56.3	55.1	49.1	50.5	48.6	57.3	79.8	118.9	223.2	337.4	352.7	380.8	388.6	389.7	399.3	404	413.1	408.6	403	410.4	412.2	406.8	407.3
612	612	612	612	593.1	568.8	552.6	532.8	516.6	506.7	494.1	485.1	475.2	461.8	435.7	414.5	396.3	396.6	398.1	401.9	384	253.5	202.3	201.9	192.3	175	159.6	158.9	157.1	154.4	160.9	160.7	113	57.2	49.9	45.6	46.8	56.1	65.1	62	58.2	69.9	88.6	114.3	157.3	179.5	192.5	198.2	200.9	218.2	239.8	237.5	236	242.6	241.1	243.1	242.5	241.5	250.9	245.7	232.1	216	197.7	193.1	191.1	197.1	201.6	191	196.3	208.6	207	196.3	186.3	193.5	210.1	210.1	194.2	188.4	215.6	234.2	238.8	231.1	242	254.4	256.4	268.2	282.3	284.2	292.5	318.1	324.7	337.2	358.2	371.4	383.7	380.8	354	355.4	351.5	331.9	304.3	283.9	268.8	253.6	234.7	223.8	213.7	214.5	215.7	208.5	191.6	179.9	172.3	165.5	178.7	208.7	234.4	245.4	251.8	257.6	265.2	275.2	283.3	297.9	304.9	310.9	312.8	306.4	303.8	299.1	285.9	271.6	262.5	262	267.4	266.9	257.9	251	244.2	230.8	227.8	220.3	211.8	215.6	217	213.5	210.2	192.1	163.9	144.3	138.3	136.8	139.1	139.2	140.7	134.8	119.3	108.2	94	79.5	70	51.3	33.7	30.7	28.9	31.4	37	45.5	51.1	53.6	61.2	59.5	57.7	56	49.5	54.7	58.4	64.1	82.5	143.3	274.3	375.3	384.7	385	387.8	391.6	400.7	408.6	414.9	409.5	406.8	408.6	407.1	405.9	402.9
612	612	612	612	590.4	564.3	549.9	530.1	513	504.9	494.1	486	477.9	455.5	430.6	411.5	394.4	395.8	398.8	401.4	382.6	250.8	203.6	203.8	187.8	172.6	156.8	159.5	158.1	154.5	159.8	161.1	113.5	59	54.5	47.8	47.8	53.5	61.2	69.9	66	76.5	91	114.3	158.8	181.4	193.9	202.1	212.5	235.6	252.9	244.3	244.7	255.7	260.4	264.4	255.2	255.5	269.1	268.2	252.2	238.2	221	208.5	199.4	198.3	190.4	180	187.3	198.5	204.8	198.4	195.6	206.6	224.4	224.4	212	211.5	230.8	237.6	239.5	235.7	246.8	256.6	258.1	264.5	273.2	280.7	291.7	314.9	327	338.4	355.2	366.3	373.1	372.5	362.7	351.8	345.4	325.5	302.2	291.8	274.9	259.1	246.5	234.5	217.3	212.7	209.4	204.6	191.1	180.8	169.5	168.8	183.1	214.8	233	243.8	248.9	254.8	264.1	274.5	285.8	295.5	297.5	297.7	296.4	289.2	282.8	275.3	260.1	248.5	250.2	249.9	255.3	257.1	256.2	257	252.6	241.8	231.6	217	207.9	209.2	211.8	210.4	204.1	190.2	168	150.3	142.1	139.3	142	141.2	137.8	134.9	123.8	112	96.9	79.8	70.8	52.8	35.8	30.8	28.9	32.4	43.7	51.4	54.7	53.4	57.8	60.9	58.2	55.9	53.4	56.8	63.5	68.1	85.1	151.7	292.2	362.9	385.6	385.9	389.8	391.5	400.5	408.2	412.1	406.8	405.7	407.2	407.4	405.9	403.7
612	612	612	603.9	576.9	555.3	538.2	516.6	500.4	492.3	489.6	486.9	479.7	450.7	425	408.1	394.5	395.4	395.4	398.9	361.9	241.1	201.4	203.9	186.2	168.8	156.6	156.2	153.1	153.7	162.1	162.3	141.1	86.7	62.3	53.5	50.2	54	64.4	78.6	82.9	87.7	97.7	114.7	153.8	189.5	202.2	217.9	246.6	274.5	278.9	265.1	257.3	266.4	273	280	271.4	274.3	293.4	295	286.5	281.2	271.5	259.4	241.1	242.7	241.3	235.7	225.4	203.3	188	190.1	200.8	213	224.6	234.4	238.5	246.5	251.3	247.7	243.8	248.3	260.1	265.7	263.1	270.3	280.3	284.8	294.8	313.3	327.5	348.9	365	375.8	390.7	391.5	385.9	370.6	370.3	355.6	324.8	320.9	307.1	280.5	265.8	256.8	251.6	235.8	218.8	211.6	210.1	199.1	202.7	213.7	222	234.7	236	243.7	249.8	257.2	262.7	257.3	243	239.8	231.5	224.3	221.1	220.8	224	215.2	204.9	203.5	203.7	205.3	207	205.8	213.3	223.4	229	234.6	232.6	223.5	211.1	208.6	209.4	212.1	211.6	206.5	189.3	172.6	157.8	149.4	148.9	146.6	146.7	140.9	134.7	127	112.8	94.9	80.2	59.9	40.3	32.5	29.7	30.8	39.3	50.6	53	54.3	56.4	57.6	58.3	57.3	53.9	60.1	73.1	76.1	84.8	159.3	281.2	369.2	387.7	385.7	390.6	390.6	396.9	402.3	408.6	407.2	400.2	399.6	403.4	404.2	403.9
612	612	612	594.9	567.9	549	531	512.1	495.9	489.6	486.9	485.1	477	451.8	429.3	408.7	395.5	392.7	394.1	395.4	339.8	234.7	201.4	201.3	185.6	167.2	156.4	156.9	154.5	151.4	157.5	162.2	129.7	68.1	63.9	57.2	56.4	58.8	76.8	80.1	76.2	88	99.4	128.5	175.7	195.9	207.1	223	248.8	266.9	270.9	264.6	257.1	268	283.4	289.9	281.9	282.4	295.4	292.8	281.8	279.8	276.4	267.8	259.7	256.5	259.4	262.6	248.8	221	197.8	189	196.8	207.6	213.2	221.1	230.3	238.7	247.1	244.3	238.9	244.3	252.9	257.1	258.2	261.6	267.9	276.4	289	308.5	324.2	345.8	362.9	382.1	392.3	387.3	387	373.6	366.3	347.1	318.8	312.1	301.7	277.1	260.3	251.6	245.1	235.7	222.2	215.7	215.5	204.9	211.2	223.7	235	240.2	239	247.9	253.4	255.2	255.5	249.9	233	221	213.8	215.6	221.5	219.2	219.2	210.4	200.4	200.1	197.6	200.8	200.2	197.2	197.9	207.6	214.4	222.7	229.7	226.1	216.3	209.5	210.5	213.5	218.7	215.8	201.9	185.2	168.9	157.6	153.2	148.3	147.2	143.3	138	125.1	108.5	95.4	81.5	62.2	46.9	36.1	31.7	35.8	41.6	46	47.8	49.7	55.7	57.5	60.9	60.5	59.1	65.8	72.8	78.8	95.8	179.5	320.9	375	385.8	387.3	378.5	382.6	396	401.4	407.7	409.5	400	399.5	402.4	404.2	401.4
612	612	608.4	568.8	546.3	542.7	530.1	510.3	495.9	487.8	485.1	481.5	471.6	443.8	424.8	402.7	393.6	396.1	394	394.1	359.6	267.9	211.1	195.9	183.9	166.9	156.7	154.9	152.8	152.8	155.6	160.6	135.5	73.4	63.4	60.3	60.4	65.7	80.5	85.8	83.3	94	106.1	132.5	180.3	200.7	213.3	231.8	253.4	259.6	263.6	263.6	261.8	274.6	286.2	291.6	298.4	300.3	295.7	286.5	279.5	279.6	274.4	269.7	273.7	277	277.9	282.7	279.3	262.4	241.5	216.5	205.9	203.5	193	193.8	201.8	210.4	214.6	214.1	216.4	221.3	232.4	241.5	249	255.4	260	275.6	289.2	300.8	321.3	340.5	359.3	379.6	399.7	414.7	407.9	396	367.8	337.9	319.5	309.7	299.2	289.7	275.5	260.8	246.2	240.1	234.5	232.6	234.6	234.8	237.1	239.8	239.1	238.2	234.1	222.5	211.1	200.8	197.1	201.2	200.8	190.4	178.4	173.7	180	189.6	181.2	166.9	165.2	164.7	161.6	169.6	169.8	163.4	167.3	173.5	183.4	189.6	195.5	208.8	220.1	216.3	210.1	209.7	220.5	230.5	230.1	220.5	199.3	183.2	170.3	161.1	153.4	155.5	153	140.8	120.1	103.4	86.4	68.9	52.5	38.9	32.6	33.3	37.8	43.1	46.2	48.1	53.6	55.8	61.5	59.4	59.9	67.2	74	77.4	104.2	205.4	311.8	341.9	366.4	362.5	368.5	381.9	383.2	399.8	404.5	410.1	405.2	401	399	400	398.1
612	612	603.9	563.4	545.4	542.7	528.3	510.3	499.5	490.5	486	483.3	468	447.5	426.7	400.8	391.7	395.5	394.2	394.4	365	282.5	213	195.2	184.5	168.1	159.2	155.6	151.2	152	154.9	158.3	135.6	76	67.3	62.6	64.5	75.5	86.8	92.3	93.2	99.3	105.8	139.6	185.4	202	213.4	236.8	250.3	257.5	260.5	260.7	262.1	269.2	277.2	285.3	291.6	289.5	285.8	279.5	268.7	266.1	264	264.1	265.6	265.3	263.1	268.1	268.3	253	239.8	231.2	220.1	202.6	188.6	192.3	196.7	198.3	200.2	204.9	211.6	216.6	224.5	234.1	241.4	250.6	255.1	268.7	285.8	300.4	317.6	338	359.2	386.1	415.2	423.2	418	399.1	363.7	339.2	321.5	308	298.4	283.7	274	259.8	248	243	237.4	230.9	234.1	239.4	240.5	240	238.6	235.5	222	209.3	196	188.9	191.8	198	204.9	191.3	165.8	161.5	160	174.2	168.3	149.4	148.7	151.1	151.4	166.7	173.3	162.1	158.2	166.2	174.7	181.6	187.8	201.4	216.2	218.2	209	207.8	223	231.4	233	226.7	211.7	192.4	176.1	166.1	157.1	157	158.5	146.1	124.6	111	87.9	71.3	55	40.9	30.2	29	31.7	36.7	41.7	41	44.7	50.2	60.7	64.5	66.7	73.2	83.2	89.9	113.5	240.3	330.5	348.2	367.6	368.4	371.9	372.2	373.2	397	401.1	408.1	405.4	401.1	399.9	401	395.7
612	612	610.2	583.2	567.9	548.1	524.7	513.9	504.9	492.3	490.5	481.5	461.7	445.4	429.4	400.2	392.4	395.8	394.7	392	383.9	327.5	220.7	197.3	187.9	170.7	165.8	157.4	150.8	149.8	150	153.2	142.7	85.3	70.1	67.3	67.5	81.5	90.3	98.2	104.7	108.4	114.3	146	191.2	212.1	231	244.7	251.4	250.8	246.6	250.4	258.9	260.8	271.9	279.2	281.3	281.6	277.2	268.5	262.8	267.6	264.5	261.3	260.1	258.5	256.6	253.9	245.4	226.9	218.2	218.6	216.6	206.4	202.3	199.6	193.7	186.1	189.4	199.6	205.9	202.5	210.9	217.2	227.2	241.1	250.9	263.8	287.3	305.5	319.2	342.1	367.8	390.3	415.5	431.3	429.6	397.1	376.6	351.9	333.1	311.1	293.4	280.4	267.8	257.1	249	240.7	229.9	225.6	224.8	222	221.6	214.9	199.1	188.1	178.9	169.6	164	177.7	225	250	221.8	175.5	168.8	160.4	150.8	173.7	182.2	148	144.2	144.4	144.1	160.6	198.3	206.6	193	168.2	152	160.5	172.3	180.5	195.5	212.2	214.9	212	219.6	234.9	242	245.2	238.7	227.2	211.8	195.8	182.7	174.3	177.2	159	131.8	115.6	97.6	75.1	58.6	48	35.6	29.4	31.2	34.8	39.3	39.7	40.7	47.4	58.2	67.9	72.8	80.2	82	99	160.5	302.4	360.9	375.2	389.8	385.9	377.4	363	334.8	366.3	389.8	400.5	403.2	401.4	401.3	400.2	396.5
612	612	612	583.2	567.9	548.1	522.9	513	504	492.3	489.6	477.9	459	445.1	428.1	399.7	390.3	397.3	393.2	391	382.5	338.9	226.7	196.4	190.2	173.1	169.3	159.1	151	151.5	149.6	149.4	152.3	99.2	75.1	70.7	70.6	84.1	88.3	98.1	106.2	110.7	117	149.9	190.6	212.5	232.6	247	248.6	245.6	243.4	244.4	251.4	254.5	258.7	263.8	266.9	271.2	276	269.1	255.4	252	252.5	242.9	238	237.5	231.7	225.9	213.3	192.1	185.6	188.2	187.5	187.2	189.2	188.8	188.6	185	183.5	190.5	198	198	202.7	212.4	224.6	235.1	246.4	257.2	282.1	302.7	323.3	347.4	374	397.8	430.9	440	435.6	403.4	378.3	357	339.7	314.6	291.7	276.2	267.1	251.7	242.8	233	222.1	218.2	216.6	213.6	208.9	196.4	182.1	173.9	162.8	158.3	159.6	181.1	231.9	250.9	202.8	149.3	146.9	136.9	120.5	187.8	229.5	147.6	131.9	133.8	132.8	145.6	188.9	209.9	205.4	177.6	155.9	154.8	163.2	174.4	189	202.6	209.7	210.4	216.9	232.4	246	247.5	239.8	230.7	216.3	203.5	188.6	182.6	183.9	166.1	135.7	116.8	100.7	80	57.6	48.7	37.4	30.4	31.1	30.4	36.5	35.7	37.2	43	55.9	71.2	77.8	81.7	89	112.7	204.4	351.4	368	378.8	390.8	385.4	374.7	369.5	337.1	356.4	374.3	388.9	395.3	400.5	402.3	404	397.4
612	612	600.3	578.7	558	539.1	522.9	512.1	503.1	495.9	490.5	467.1	452.7	444.8	428.3	397.7	393.6	371.2	371.2	390.1	381.6	315.9	248.6	204.9	190.9	180.4	177.4	173.6	162.1	155.1	150.5	150.4	155.5	113.3	82	72.5	74	88.9	92.4	99.7	106.9	114.5	128.4	161.5	200.1	224.1	244	247.7	241.2	235.9	241.5	247.9	257.5	256.2	248.7	243.6	236.6	227.7	215.8	192.7	173.9	158.1	142.1	127.7	114.5	107.3	100.7	100.6	99.4	87.5	93.9	107	109.8	121.2	136.6	154.4	175.3	193.6	203.7	198.4	196	192.9	190.1	194.4	208.8	222.9	242.3	260.4	279.4	307.4	331.1	358.2	387.2	412.3	443.4	455.4	439.6	426.8	395.8	371.6	346.9	320.4	294.2	273.8	258.1	241.9	224.9	208.1	202.8	194	186.6	180.5	172.7	170.1	171.5	162.1	153.9	162.6	184.3	210.2	224.7	206.9	148.2	85.3	77.7	71.2	51.6	100.2	156.8	92.1	90.9	109.6	117.9	135.2	187	221.4	225.8	210.2	191.6	177.3	162.2	166.8	181	189	199.4	207.3	217.4	229.3	241.6	249.3	247.3	241.5	227.9	215	204.7	199.3	193.3	177.6	145.5	122.4	106.9	84.7	66.4	53.9	41.8	34.2	30.6	30.4	33.3	35	36.6	42.8	59.4	75.2	76.5	84.4	92.4	132.5	248.8	360.3	366.1	377.6	392.6	391.5	370.4	386.6	390.2	394.3	402.3	401.4	395.8	389.8	399.6	406.7	399.2
612	601.2	586.8	574.2	555.3	541.8	524.7	511.2	504	499.5	490.5	467.1	451.8	443.6	427.6	397.7	396.5	387.2	387.6	386.7	380.1	324.2	268.7	217.7	191.4	180.9	177.5	177.2	166.1	156.2	152.9	150.2	157.7	156.4	111.8	81	78.1	87.6	96.7	107.3	115.3	120.9	134.7	155.8	186.3	222.1	248.1	249.4	239.1	239.6	242.3	252.5	261.2	257	242.3	231.6	216.8	193.6	174.3	153	137.3	125.8	118.9	109.6	98.9	96.6	90.3	86.2	72.8	70.2	84.1	93.5	99.1	110	118.9	140.3	165.7	188.3	200.1	201.4	199.4	191	186.6	188.1	201.8	220.7	238	254.8	272.7	298.8	331.5	361.1	387.8	416.2	452.9	458.4	447.1	435.9	413.4	380	351.7	324	294.7	275.5	256.6	239.9	219.9	205.1	191.6	183.9	176.4	171	171.5	173.9	167.6	159.1	158.9	167.2	183.3	200.8	209.7	187.8	134.8	67.5	46.6	41.1	35.1	37.7	44	46.4	65.1	83.1	93.5	119.3	178.5	210.2	210.5	196.4	190.1	183.5	171.2	173.8	184.8	188.8	196.1	204.8	214.7	225.1	237.9	248.1	245.7	242.8	232.1	215.8	208.7	204.3	201.5	185.2	159.2	132	110.8	90	70	55.4	47.4	38.3	33.7	30.7	32.1	33.7	35.2	41.5	60.5	75.4	75.9	82.2	91.2	126.4	243.1	342	367.5	381.2	392.1	394.2	370.6	383.5	390.6	394.7	401.4	402.3	403.2	397.2	397.8	406.8	400.9
603.9	574.2	567.9	564.3	551.7	549	530.1	511.2	504	495.9	477	459.9	450.2	449.2	436.9	396.2	399.9	403.5	387.7	382.8	361.5	348.9	306.6	230.7	190.3	184.1	181.8	177.2	169.1	159.4	152.5	156.2	158.8	142.7	95.2	77.2	80.1	90.6	94.2	106.9	116.3	127	145.1	171.9	211.2	235.8	249.2	244.4	233.3	230.4	239.1	247.2	238.7	216.2	188	160.1	145.5	133	129.7	131.3	125.3	106.8	97	99.5	100	88.7	68	61.1	47.2	50	70.3	88.5	87.5	84.9	87.3	108.1	129.6	138.2	155.5	181.4	196.3	195.3	187.3	177.9	184.4	206.4	229.7	249.7	270.4	298.1	332.9	358	386.6	416.1	456.7	478.3	469.2	443.2	417.9	391.9	358.8	324.6	297.3	273.5	252.6	229.7	208	191	184.5	182.6	188.1	191.4	187.9	176.1	162.5	156.5	157.8	162.2	178.3	207.3	209.6	193.1	170.6	114.5	64.3	50	45.9	42.7	40.8	47.6	57.2	62.5	64.5	101.9	154.3	180.9	192.5	190.1	185.3	180.4	180.2	186.1	193.3	198.1	196.4	200.2	211.4	227.9	241.4	248.9	252	252.1	245	229.2	219.5	210.6	198.2	185.2	160.6	131.8	109.5	89.1	73.5	62.2	50.7	41.7	35.3	32.5	33.3	39.7	41.2	48.1	66	73.9	71.1	74.1	91.9	123.7	231.2	349.7	368.3	375.4	386.9	389.6	367.2	370.2	373.4	388.8	389.1	389.3	394.2	396	373	401.1	407.3
601.2	574.2	567	560.7	549.9	543.6	524.7	509.4	504	492.3	471.6	457.4	438	439.9	429.6	392	398.3	395.7	369.7	370.1	352.8	352	303.2	228.3	192	184	185.3	177.8	169.5	161	153.8	155.6	161.3	157.9	112.5	81.9	87.6	96.4	99.3	111.2	120.7	131.4	146	173	219	239.5	246.9	242.3	231.6	229.5	237.6	245	229.4	204.1	173.3	153.2	143.1	145.9	158.2	166.5	153.2	118.1	101.1	108.4	111.4	95.5	78.6	62	49.2	49.4	66.6	92.6	98.8	88.8	91.6	120.6	135.5	134.2	145.2	167.2	188.4	192.1	187.9	180.9	185.8	210.4	234.4	250.2	269.1	301.7	336.1	369.8	407.3	440.4	480.8	495.5	483	460.8	431.8	399.5	361.2	326	291.6	269.3	246.4	223.8	202.6	192.6	190.3	193.2	198.9	200.6	192.7	179.7	171.5	156.8	152.2	162.9	190.2	222.6	221.2	204.4	185.1	137.6	84.5	61.9	57.3	50.4	45.8	50.8	64.7	69.6	76.7	112.7	145.2	157	168.2	170.4	166.8	166.1	174.6	185.3	196	203.3	203.4	204.8	212.1	229.9	242.2	246.8	250.3	250.1	240.7	228.5	220.5	212.2	200.6	186.8	167.2	132.6	107.2	89.5	79	68.3	57.8	50.2	40.1	34.2	36.9	43.4	49.8	63.8	77.5	74.4	65.2	73	89.4	145.8	271.9	352.9	372.4	385.1	387.1	388.9	375.4	371	367.5	387.3	390.5	392.2	392.8	391.8	372.7	401.4	406.7
612	601.2	594.9	574.2	550.8	537.3	524.7	512.1	504	495.9	477.9	464.4	452.3	442.7	419.9	397.8	393.2	393	396.1	385.7	382	380.3	335.2	258.9	196.5	188.6	184.5	180.8	171.8	162.6	154.5	149.7	151.4	155.1	117.5	79.5	85.7	95	102.6	114.4	123.2	134.8	149.1	175.2	219	236.8	239.5	242.2	236.5	226.1	225.8	226.2	201.9	167.8	140.7	126.2	130.8	155.1	186.4	197.6	179.5	130.5	107	125	135.9	114.3	85.9	136.7	110.7	50.2	62.7	81.9	125	158.5	164.2	165.6	162.2	149.6	144.6	147.8	175.6	193.8	188.2	184.6	189	202.2	223.7	242.3	256.8	285.7	320.3	362.3	405.8	445.2	481.2	506.6	493.3	466.5	448.6	412.1	366.1	329.9	293.1	267.5	248.8	227.1	205.3	200.4	209.8	226.8	239.6	229.4	198.3	203.7	195.4	162.3	152.9	156.7	178.1	207	222.7	209	206.7	200	176.1	140.7	114.7	86.1	68.5	76.7	99.2	111.6	136.4	149.1	141.5	138.3	130.9	121.9	134.1	151.5	174.3	192.5	204.8	211.1	214	215.2	216.9	223.7	233.2	238.9	245.5	248.7	245.6	239.8	233.1	224.7	210.2	193	173.4	143.7	110.5	90	86.3	83	75.6	63.1	49	40	37.3	42.9	53.6	70.7	84.5	81.6	71.2	74.2	89.2	179.6	318.7	358.8	353.8	367	386.9	390.6	387.4	387.3	389.4	390.8	394	393.7	395	394.6	392.2	393.4	400.3
612	603	581.4	556.2	540	526.5	515.7	504	499.5	484.2	465.3	458.1	452.3	447.1	411.4	395.2	399.8	407.9	391.1	382.8	380.6	379.5	347.8	273.9	202.3	188.4	182.8	179	172.5	158.6	150.6	150.6	154.6	151.8	134	83.5	85.1	98.1	106.7	119	130.1	146.5	159.8	178.4	220	240.2	249.4	249.4	237.8	226.6	234.6	218.8	182.1	156.4	145.5	146.1	160.3	191.2	205.9	207.6	172	123.4	131.5	150	125.8	117.5	190.6	159.4	89.5	100.6	104.4	135.1	210	232	209.9	187.1	177.6	174.3	173.7	175.6	184.8	198.4	196	188.1	190.6	209.6	232.9	253.1	270	294.4	330.3	374.6	413.5	451.7	488.9	509.3	490.9	459.5	443.5	404.7	365.3	323.4	284.2	256.8	237.2	220.3	211.2	214.4	233.2	263.7	253.3	207.9	197.7	204.7	193.3	161.6	151.7	182.8	203	223.4	233.3	225.6	220.3	214.7	195.4	163.8	131.2	109.6	108.5	124.2	148.8	160.8	164.2	165.3	153.8	139.2	131.3	127.4	133.8	151.3	182.7	202.9	211	218	218.5	219.8	225	228.2	237.2	242.7	245	248	244.8	237.7	235.5	223.6	209.2	192.5	174.3	142	108	98.1	97.8	90.9	84.7	76	61	44.2	39	45.4	60.2	77.5	81	77	73.9	80.9	96.7	204.7	319.3	369.5	362.2	355.3	387.2	390.9	386.6	384.6	388.3	391.5	388	398.2	398.1	395	394.5	396.5	389.9
588.6	578.7	568.8	545.4	529.2	517.5	509.4	501.3	490.5	474.3	460.8	451.8	454.9	453.3	426.5	396.9	398.8	402.6	388.7	381.4	381.5	379.8	379.7	304.5	226.8	194.3	184.5	176.9	161.1	153.2	146.6	148.4	150.2	149	138.5	87.4	80	93	106.7	123.6	138.4	154.9	167.3	187.4	225.6	247.5	257.6	255.6	247.6	233.8	227.2	198.3	164	147.6	156	173.7	184.2	209.4	225.7	221.2	184.3	143.2	143.5	145.1	140.9	136	161.9	154.8	135.9	149.4	155.8	189.2	264	300.7	304.6	282.6	248.2	225	235.2	231.2	226	234	237.9	222.1	204.8	209.5	224.5	243.3	264.7	291.3	328.7	372	404	435.8	464.3	485.1	472.2	453.7	432.4	389.4	347.9	304.6	268.3	246.1	230	221.4	214.8	227.5	250.5	276.2	261.8	226.9	216.5	193	183.2	199.4	207.6	214.4	218.4	219.9	222.4	223.7	218.1	210.7	210.4	209.8	209.4	204.1	219.6	221	224	222.9	199.1	176.7	167.1	156.1	156.1	149.9	148.9	156.9	172.8	189	202	213.3	220	227.3	233.6	234.4	237.4	242.3	243	245.5	246.7	244.6	239.9	233.3	220.4	200.6	175.3	143	107.9	98	106.1	98.2	93.9	85.3	69.2	48.4	38.4	43.9	61.9	77	77.9	76.9	76.9	85.6	111.8	213.8	296.3	367.3	383.8	360.4	375.6	388.8	387.6	387.8	388	393	397.2	375.1	400.9	395.7	396.9	400.5	386.4
584.1	567	565.2	545.4	528.3	515.7	504.9	498.6	486	471.6	459.9	451.8	456.1	453.5	429.6	399.7	399.2	404.7	389.4	381	380.3	383	384.4	319.6	249.3	200.2	184.7	176.2	160.5	151.1	146.5	148.8	149.3	150.2	150.2	96.1	77.8	94	114	130.6	145.3	158.5	170.9	193	231.9	250.4	264.7	263	254	237.3	223.8	196	165.9	155.7	171.5	186.4	197.3	220.8	235.9	225.5	193	154.2	148.6	148.5	147.4	143.5	146.2	144.5	143	153.2	158.3	200.2	271.5	301.4	305	288.8	255.4	225.1	223	228.6	228.7	236.2	247.2	232.8	217.6	214.8	228.8	249.8	269.1	297.4	334.1	376.8	412.7	439	458.5	478.8	471.7	452.8	430.7	389.4	341.7	300.9	270.2	247.3	233.3	224.8	216.3	224.3	249	265.2	257.2	240.3	230.5	205.9	202.4	220.5	221.7	218.5	217.7	217.6	222.1	227.9	224.2	215.4	215.7	213.9	215.7	215.3	225.7	231.3	255.9	243.1	201.8	183.6	183.7	175.2	175.8	171.2	171.7	173.7	181.4	194.4	202.7	212.9	222.2	231	243.5	242	241.8	246.5	249.5	249.2	249.7	247.2	243.8	235.3	223.2	204.4	178.4	145.1	110.6	107.1	111.2	96.9	86.9	82.7	69.2	48.9	42.5	53.1	69.6	73.9	73.9	71.8	76.5	87	121.8	225.6	299.7	372.6	386.7	361.5	358.9	386.7	387.9	388.5	389.3	393.2	393.8	381.5	394.9	389.2	397.8	401.4	403.5
591.3	577.8	569.7	552.6	532.8	513	504	495.9	474.3	464.4	455.9	453.6	459.6	451.2	425.9	400.8	395.6	400.3	388.8	379.7	382.6	384	366.3	327.9	267.6	204.8	184.9	167.9	156.1	149	148.3	153.9	148.3	147.1	153.3	99.5	76.3	91.5	114.5	138.6	152.9	166.8	176.2	198.5	238	256.4	270.8	270.7	262.5	246.1	219.3	193.4	177.6	170.9	192.9	212.3	220.9	240.6	252.5	246.3	231	190.5	163	159.5	160.2	159	156.7	154.2	150.4	146.1	180	249.4	293.5	297.8	286.5	272.7	249.7	232.9	235.7	252.8	261.8	230.1	240.3	256.3	242.4	224.5	235.6	254.1	270.9	292	323.4	361.4	394.3	422.8	440.6	451.1	448.2	439.6	418.3	381.2	334.6	291.8	262	241.8	238.4	230.4	219.9	221.2	236.4	240.1	241.3	247.8	246.4	239.4	230	217.3	204.8	194.6	193.8	193.7	197.3	213.9	204.4	199.8	209.7	195	202.8	212.9	218.3	202.5	214.1	218.9	205.8	195.5	208.4	217.4	211.5	216.5	212.5	207.2	209.5	211.6	212.4	221.6	229	238.4	248.2	252.9	248.2	249.6	255.3	255.3	253.8	248.2	246	238.6	224.2	209	186.6	150.9	114.1	108.4	118.1	103.2	90.8	84.4	67.8	49.8	45.9	57.3	70.3	71.7	69	69.8	74.9	89.9	141.7	242.3	287.3	349.8	379.7	380.8	370.1	372.1	374	386.5	388.6	393.1	397.8	400.7	398.3	387	390.9	401.4	400.7
597.6	582.3	567.9	552.6	532.8	513	504.9	491.4	470.7	464.4	459	451.8	456.6	449.9	423.9	398.9	385.7	384.6	389.3	380.6	383.5	389.4	363.4	323.5	258.9	206.8	184.9	166.5	155.5	150.8	149.2	154.8	148.6	147.6	154.2	109.8	79.9	92.5	119.1	150.9	166	170.4	177.5	198.1	233.9	254.7	270.1	273.9	267	248.8	225	206.1	189.3	183.8	201	221	231.4	241.4	257.8	256	241.7	204.9	167.9	157.7	156.9	151	148.9	146	145.5	150.8	191.9	253.6	283.5	280.7	260.3	246.5	232.1	235.4	243.6	263	280.5	238.5	242	263.1	256.6	236.5	250	265.5	278.8	304.6	329.7	366.4	402.4	427.6	444.6	456.6	450	435.3	412.1	374.6	334	292.1	264.8	251.7	250.5	243.4	237.7	234.7	239.9	247.3	246.4	252.6	250.8	248.8	237.8	221.4	202.9	192.4	191.1	192.1	198	210.5	201.1	205.3	211.3	195.2	204.5	220.5	222.3	204.4	213.5	220.4	218.1	210.7	215.9	224.4	225.2	231.8	227	221.3	221.9	217.8	221.2	228.2	236.9	244.4	251.7	256.1	256.4	254.1	257.6	257.8	255.2	247.6	248	239.6	226.4	210.3	185.8	149.7	112.6	105.4	113.9	100.6	85.8	80.9	71.7	68.2	66.9	70.7	68.5	65.7	64.2	72.1	79.4	96.7	156.2	255.2	288.1	336.9	367.4	375.1	380.6	370.4	358	373.1	388.1	390.1	396.8	400.7	395.4	387.7	389	400.4	394
597.6	581.4	556.2	539.1	523.8	510.3	496.8	484.2	468	466.2	455.4	450.9	450.8	444.8	418.5	377.4	378.5	397	390.1	380.9	368.6	369	365.9	350	279.3	230.4	186.8	163.7	156.2	151.9	156.7	156.8	149.5	150.2	156.1	116	82.7	91.4	120.2	159	168.8	177.9	187.8	200	237.6	266	282	288.8	282.3	265.2	249.4	234.3	224.4	219.4	220.2	233.4	245.5	253.6	256.4	257	259.1	249	226	196.6	175.8	163	158.6	168.9	211.8	235.9	235.5	238.3	229.5	218.8	209.8	204	210.1	228.4	241	247.7	260.1	269.1	278.5	272.7	264	258.2	259.6	264.1	275.4	298.7	320.7	346.4	385.1	414.6	431.6	449.3	438.2	416.9	402.2	362.5	320.7	285.3	262.9	251.3	255.3	257.1	253.8	248.4	245.9	249.3	252.7	253.9	251.8	253.9	248.9	236.2	227.5	219.9	212.2	209.7	224.6	231.5	234.7	251	251.5	251	246.4	250.7	252	244.2	243.6	240.9	240.2	237.5	234.9	241.1	250.3	255.2	255.6	256.2	252.7	244.4	242.5	248.8	254.6	258.8	266.5	269.1	264.6	262.1	260.1	260.5	257.7	251.7	248.4	244.8	231.6	214.3	190.5	149.6	112.3	104.1	114.8	103.4	89.2	81.7	78.5	74.2	71	70.3	69	65.5	65.8	74.3	87.4	114	188.5	298.1	326.7	347.3	375.8	369.8	380.4	384.7	352.4	356.3	387.8	385.6	390.5	402	399.3	398.4	398.3	400.7	397
589.5	575.1	552.6	532.8	520.2	505.8	494.1	481.5	466.2	464.4	455.4	451.8	450	445.5	418.5	391.1	393.8	401.2	395	375	375.2	374.4	375.7	355.7	302.6	244.8	186.4	166.3	157.2	151.6	155.7	154.7	150.6	151.5	157.4	115.9	90.5	90.7	116.8	157.2	174.7	197.2	201.2	205.6	244.3	273.4	287.5	292	286.4	272.3	255.1	243.4	238.4	236.1	234.3	241	253.8	259.9	256.3	258.3	261.7	256.5	238.2	214.6	196	181	174.8	182.3	238.2	256.7	227.2	228.2	222.1	216.8	220.4	223.9	234.8	248.1	255.8	270.2	286.7	299	306.9	294.1	281.2	273	270	275	283	305.7	323.1	345.1	388	415.6	429	447.2	434.1	414.5	395	358	322.7	282	261.2	258.3	265.6	273.2	270	263.3	261.2	266.8	266.6	261.3	258.3	260	252.7	245.2	246.3	239.8	229.9	223	232.9	238.3	240.6	259.3	263.9	266.5	262.2	263.6	260.1	251.3	247.4	248.5	252.7	249.8	249.3	255.2	265.8	271	273.4	272.8	272.1	263.8	259.6	261.2	265.7	272.4	274	272.4	268.8	267.5	264.6	258.5	257.6	256	251.5	245.5	234.5	219.2	191.1	146.9	110.5	104	105.9	94	89.2	86.9	89.4	87.3	75.8	71.2	66.8	64.2	69.6	75.1	89.2	127.2	213.6	329	348.9	359.1	387.2	385.2	387	386.2	364.2	356.4	379.8	378	379.8	403.5	400.9	400.5	399.2	399.8	398.1
583.2	570.6	551.7	532.8	509.4	496.8	491.4	478.8	470.7	466.2	457.2	457.2	458.1	438.3	414.9	400.7	396	403.2	396.2	387.3	392.8	388.2	378.4	363.9	336.8	258.1	192.2	173	159.5	154.3	155	154.4	154.3	152.7	156.2	118.4	91.5	90.6	118.8	162.5	179.9	204.5	206	211.1	254.1	284.2	297.7	307.4	299.9	284.5	278.3	273.5	267.6	273.5	267.3	257.8	262.4	266.6	264.9	261.7	259	254.3	252.2	247.1	238.2	226.5	218.3	225.8	242.9	242.3	237.4	232.3	249.8	256.3	245.5	256	277.2	288	295.3	313.6	329.9	326.4	311.5	288.2	281.8	278.4	275.3	277.5	287.3	301.1	314.6	341.3	386.5	419.4	433.2	447	434.7	416.7	399.4	359.2	322	283.8	265.4	257.3	261.1	272.4	279	274.7	272.9	275.6	268.6	261.9	262.5	262.8	256.1	261.5	268.6	270.9	284.9	292	286	280.1	278.7	277	277.9	287.9	295.9	294.2	291.2	277.9	269.9	276.7	279.6	281.5	286	287.2	292.1	294.8	293.9	292.7	298.7	296.6	292.3	289.3	290.3	288	289.9	287.7	278.6	270.4	273.4	268.9	265.5	265.2	255.4	245.6	232.2	218.1	193.2	149.9	114.8	105.9	101.8	93.6	87.7	86.1	91.8	92.5	81.2	72.9	69.4	66.2	69.8	76.3	97.2	164	250.5	339.5	368.1	369.9	381.9	385.1	384.3	386.8	383.6	374.6	361.6	385.9	400.4	408.1	402.8	397.2	392.7	394.5	376.2
583.2	570.6	555.3	531	507.6	498.6	490.5	474.3	472.5	465.3	457.2	455.4	454.5	435.6	405.3	399.1	396.9	403.2	402	389.8	396.9	388.2	372.5	375.1	358.9	276.3	201.3	175.8	163.1	156.4	155.4	154.2	155.3	153.4	159	129.8	96.8	99.9	123	161.9	186	217.8	213.4	212.4	259.8	286.7	297	306.9	301	289.3	289.7	285.6	279.7	281.4	277.6	271.1	272.2	277.3	274.6	269.6	269.4	267.4	265	260.2	251.8	241.1	235.2	247.2	250.1	248.8	254.2	252.8	274.4	278	258.4	269	287.1	301.1	307.2	326.4	347.1	344.9	326	296.9	287.3	281.5	278.1	280	286.4	296	311.9	345.3	393.7	424.6	442	452.7	437.8	424.1	402.7	358	323.9	286.4	267.9	260.1	262.9	278.9	287.2	289.5	292.2	293.5	289.4	279.9	279.7	274.7	269	280.9	281	284.2	296	303.5	307	301.6	301.5	298.3	294.1	298.8	312	305.2	302	300.3	295	299.1	299.9	300.6	306.2	306.2	310.8	307.3	303.6	303.4	307.8	307.1	304.4	300.1	295.8	289	288.7	290.3	281	271.5	275.6	272	270.1	262.5	252.5	245.7	233.6	214.9	189.9	141.8	111.3	102	98.1	94.4	93.3	97.3	96	94.1	85.2	75.4	69.5	66.5	69.4	78.3	104.7	184.5	264.3	340.3	370	364.3	381.6	384.8	387.9	388.1	383.7	376	363.1	384.9	400.5	407.9	400	396.2	390.6	394.3	372.9
596.7	567.9	548.1	528.3	509.4	499.5	484.2	475.2	473.4	454.8	439	458.3	454.5	416.9	377.9	391.9	383.3	396.9	397.8	385.1	396.9	401	393.9	390.9	394.4	318.5	219.4	213.6	191.6	162.1	158.3	157.9	158.3	154.8	157.7	132.3	100.5	100.3	123.4	162.9	194.1	223.7	212.9	215.8	262.8	288.1	295.6	303	305.4	305	305.8	303.1	298.1	297.3	299	293.1	292.8	292.5	295.2	294.7	290.5	287.5	292	289.1	286.7	270.7	258.6	283	272.2	274.5	286.2	291.1	294.6	291.8	296.3	304.4	309.5	312.3	320	332.3	342.9	333.2	310.6	295.8	295.2	298.8	290.3	278.7	279.7	294.2	319.4	354.9	402.4	430.8	449.2	457.4	446.2	432.3	404.3	364	331.1	298.2	267.3	263.5	267.3	277.9	286.6	303.7	308.6	309.1	306.4	296.3	292.5	290.7	288.9	300.4	309	314.3	310.8	315.3	322.5	326.4	332.7	341.4	349.3	354.6	356.6	351.6	351	359.6	361.6	362.2	357.4	349.9	335.7	334	333.5	326.2	319.4	318	315.2	312.5	312.9	311.5	309.2	297.6	292.3	294.5	292.4	282.4	278.2	276.5	273.3	269.7	257	242.2	231.7	217.6	189.4	140.5	108.7	98.9	100.1	98.2	95.4	99.1	94.7	91.1	86.2	77.1	72.8	71.5	75.2	88.4	126.2	208.8	298.4	348.4	343.9	345.7	353.3	369.4	387.3	388.2	384.9	374.6	357.9	361.2	398.4	395.6	371.1	375.2	393.5	395.7	393.7
600.3	567	543.6	523.8	509.4	499.5	480.6	475.2	473.4	454.1	449.3	461.7	454.5	410.5	382.7	392.6	377	392	395.3	382.1	399.6	401.4	399	397.8	398	319.3	234.3	231.2	203.9	165.2	158.8	157.4	157.7	154.4	159.1	140.2	105.7	100.6	126	169.2	196.6	220.7	212.6	216.1	263.8	285.8	293.8	302.3	303.6	308	305.8	300.8	303	302.4	305.4	304.2	301.3	302	305.2	311.1	308	305.4	308.3	305.8	304.3	288.9	277.5	297.9	290.8	295.2	307.4	309.3	313.8	315.4	319.3	324.3	322.2	327.9	340.8	350.9	355.2	334.1	306.8	302.4	306.9	302.1	295.8	283.7	283.7	302.2	329.6	364.2	393.3	419.8	443.2	453.4	438.4	423.2	393.2	357.8	331.2	302.2	273.7	266.7	273.9	281.6	286	305.9	322.7	322.8	322.6	319.7	319.7	316.9	309.3	315.2	328.8	330.9	329.4	332.1	340.1	347.8	351.6	358.2	361.9	374.1	382.3	377.1	376.6	383.7	385.1	383.5	379.8	370.8	356.4	346.2	339.8	331.5	323.3	326.3	324	316.4	312.1	316.9	312.5	302.4	296.1	297.1	292.1	281.3	275.9	273.7	272.6	268.4	257.7	245.3	235.5	220.2	188.9	137.9	109.5	102.6	107.8	107.5	107.6	107.4	92	91.2	91.7	83.3	79.9	87.9	96.2	114.7	149.7	227.7	314.1	364.8	352.1	340.9	349.5	363	374.7	389.4	385.1	384.3	365.4	368.6	397.8	396.2	372.1	372.9	393.9	395.9	393.8
583.2	558.9	543.6	529.2	513.9	492.3	479.7	481.5	471.6	462.6	457.2	462.6	452.7	430.2	414.9	404.1	395.7	395.1	389.5	378.3	397.8	399.1	371.1	397.2	385.8	343	291.1	252.6	222.8	187	172.8	164.2	163.7	158.8	158.9	149.9	112	103.7	132.8	172.3	193.7	222.7	216.2	224.7	267.2	290.4	300.4	304.2	307.2	314.8	310.8	306.6	315.8	319.6	319.3	327.7	329.2	328.6	337.7	335.5	340.6	342	340.3	344.9	345	325	320.4	338.3	338.2	343.1	357.7	365.8	360.4	358.6	355.3	348.1	350	348.5	355.6	353.6	338.9	317.9	309.7	313.8	306.1	294.7	287.4	281	284	300.2	334.5	370.9	397.5	415.4	434.6	439.3	426.3	417.2	394.1	358.2	324.1	302.6	283	271.5	274.7	275.1	286.1	308.6	325.6	328	327.9	331.3	340.1	345.9	337.3	331.5	336.7	341.4	356.4	365.2	356	356.3	369	369.2	373.9	381.3	393	401.2	406.3	415.8	411.1	400.4	393.1	384.3	364.4	351.9	340.1	335.4	338	340.8	339.5	331.9	329	327.2	321.5	314.2	307.6	306.1	296.8	286	278.8	270.4	268.2	263.1	259.7	251.6	235.9	221.4	196.4	144.6	108.1	102.9	105.9	105.3	108.9	104.2	92.2	89	92	86.5	86	95.9	111.2	160.8	214.6	240.2	296.7	359.7	363.5	367.6	381.1	378.5	366.2	387.2	389	387.7	393.4	394.8	402.4	405.6	376.9	362.9	362.1	381.2	391.5
571.5	558	550.8	537.3	523.8	504.9	486	481.5	473.4	462.6	454.9	456.7	455.4	436.5	421.2	408.6	402.3	399.6	390.4	375	392.9	377.2	363.9	392.7	386.2	353.2	301.4	249.7	221.8	196.3	180.8	169.9	164.7	160.7	164.4	164	130.7	119.4	148.9	180.2	185.5	198.8	201	214.6	259.7	287	301.1	299.3	304.5	311.6	311	314.3	316.2	323.3	328.1	329.1	332.8	335.7	343.1	347.1	350.9	354.9	356.5	358.7	358.1	349.2	336.7	345.3	355.4	356.1	366.6	372.9	376.9	375.1	372.6	371.9	377.5	381.6	381.9	369.9	345.9	325.7	317.8	312.9	301	293.3	293.1	289	284.2	295.3	331.7	366.2	400.1	420	436.2	441.4	423.5	409.6	387.7	352.2	320.7	304.6	290.7	280.2	275.8	276.3	290.5	306	319	327.4	329	334	348.2	357.7	356.3	357.8	357.4	363.1	373	373.6	365.9	370.5	378.6	380.6	387.9	391.4	400.6	413.3	422.9	433.3	444.1	424.9	412.3	399.7	383.4	369.7	350.9	341.7	341.5	349.7	350.3	341.9	335.8	332.4	327.2	314.7	314.1	308.7	300.7	292.5	283.7	273.7	268.3	259	253.7	247.2	238.1	223.1	193.5	146.2	110.2	102.7	109.4	113.1	111.9	107.5	95	88.1	94.2	98.4	91.4	99.8	122.2	177	234.1	251.6	310.1	351.5	356.5	357.9	381.6	382.2	381.1	391.8	392	391.5	394.3	395.2	400.3	402	383.2	365	360.3	375.4	388.2
570.6	571.5	554.4	536.4	511.2	486.9	483.3	477.9	465.3	461.7	462.6	459.9	445.5	432	406	390.5	402.3	396	391.7	382.7	386.4	390.7	400.6	400.7	393.3	349.7	278.1	242.5	230.5	222	210.7	196	183.1	175.5	174.6	174.3	138.2	122.4	149.6	182.5	195.6	219.3	218.8	228.9	266.9	289.5	297.9	303.4	313.5	316.2	315.4	321.3	329.7	335.1	339.7	340	344.8	350.5	360.8	370.1	377.7	385.7	388	389.3	388	381.3	382.1	391.6	395.6	392.7	387.7	393.8	401.1	402.2	397.8	398.3	397.6	391.5	377	356.3	338.8	327.6	326.9	323	305	292.9	290.3	287.6	293.4	316.3	346.2	375.5	412.5	427.1	439	444.5	428	409	378.7	351.5	323.2	303.8	295.7	284	275.4	280.4	290.5	298.1	307.6	326	334.8	345.1	360.8	371.6	381.4	384.4	378	369.1	373.9	387.9	386.9	385.3	389.8	384.9	395.5	406.2	412.7	426.7	440.5	443.1	439.1	432.4	425	414.2	393.8	378.9	376.8	364	361.9	364.9	356.2	346	342.3	334.6	328.3	321	319.7	317.1	304.8	296	282.9	275.1	270.5	259	246.7	243.7	234.4	217.8	198	145.6	106.2	102.1	108.6	111.5	113.9	109	96.3	98.1	107.3	121.2	125.9	136.5	165.5	211.9	260.9	293.7	336.6	372	386.4	373.2	349.9	369.6	390.3	397.9	401.1	397.6	403.5	400.9	395.9	394.9	384.7	382.6	393.4	394.2	370
582.3	577.8	557.1	536.4	510.3	482.1	483.3	475.2	466.2	461.7	462.6	457.2	442.8	432	385.8	374.3	401.4	396	386.1	385.3	388.1	402.7	409.5	404.2	391.7	330.8	267	237.2	229.4	225.5	216.5	208.7	191.9	182.1	181	168.8	134.4	121.3	151.2	186.7	198	223.1	224.2	224.9	257.2	285.6	294.6	298.8	309.3	313.3	317.4	322.3	327.3	330.1	336.6	337.9	345.2	349.8	360.5	370.3	383.9	392.1	392.8	398.4	402.4	396.5	397	402.1	408.5	412	411.1	419.4	418.9	423.2	421.2	416.9	409.8	399.5	378.5	349.5	334.6	328.5	319.7	320.1	306.3	292.3	291.1	287.6	297.2	319.7	343.9	373.4	418.9	438.5	440.7	444.6	425.1	399.6	375	349.7	323.1	306.3	297.5	285.2	276.2	283.6	294	300.4	301.8	316.5	332.1	342.4	357	366.7	382.6	393.3	391.8	384.7	388.4	399.5	399.6	398.1	402.1	399.9	406.4	416.4	431.5	442.5	449.1	451.5	442.6	437.8	434.7	427	405.9	389.3	386.6	375.2	369.2	369	355.2	342.8	339.2	333.4	323.5	321.8	325.8	322.8	308.7	298.6	284	271.8	263.1	256.2	246.5	240.8	231.3	215.4	189.6	141.1	107	102.9	106.5	111.9	116.9	107	101.3	104.9	111.2	124.9	145.2	159.7	188.3	235.5	276.1	309.8	347.1	374.8	385.1	378.8	348.8	353.7	383.4	397	396.5	394.6	401.9	399.1	384	383.7	381.5	387.1	396.3	398.1	368.9
600.3	585	565.2	535.5	506.7	489.6	481.5	475.2	472.5	454.6	436	428.7	441.9	418.7	383.6	389.5	403.2	399.6	394.2	387.7	385.7	410.4	411.7	407.4	362.3	290.2	239.6	205.1	203	210.9	218.1	223	219.4	199.6	194.5	171.6	139.7	125.2	151.4	187.1	201	226.6	232.6	225	251.3	281.3	294.6	298.3	311.8	322.3	327	330.3	323.4	328.5	339.1	345	357	359.7	368.6	382	394.4	405.8	413.8	410.4	414.8	416.8	410.4	402.1	412.9	426.8	423.9	425.2	425.6	429.7	425.5	414	405.6	389.7	366.5	346.4	336.1	321.9	320.3	317.7	303.8	296.1	291.3	288.3	300.1	321.7	342.2	367.9	407.2	433.9	442.5	441.1	423.5	403.1	381.7	355.4	331.4	312.1	298.2	289.3	281.8	282.5	293.6	304.3	308.7	320.1	334.2	344.1	362.2	372.8	382.9	405.6	415.1	411.2	409.7	405.2	403.7	403.8	408.2	415	408.6	410.4	429.8	445.6	438.9	442.3	451.4	442.6	434.3	431.6	425.6	413.1	402.6	390.5	381.6	374.6	365.4	342.9	336.6	336.1	326.9	321	327.3	324.3	313.9	301.1	281.2	269.3	263.3	252.5	246.7	240.3	229.5	214.4	186.7	139.5	105.8	100.9	107.7	119.4	125.5	120.4	121.6	128.7	132.9	143.2	156.7	172.6	188.7	215.2	268.2	318.7	358	377.7	384.9	388	382.5	361.2	356.4	367.8	381.6	392.6	400.3	395.6	397.4	394.2	388.9	398.9	400.5	399.1	396.4
601.2	584.1	564.3	531.9	509.4	490.5	484.2	479.3	474.3	461.7	441.6	437.5	441.9	415.5	391.6	399.9	404.1	400.5	395.1	393.3	382.5	407	410.8	408.1	351.1	278.7	230.6	194.9	193	200	209.7	220	218.7	202.1	202.3	158.3	135.1	121.5	146.9	186	195.4	223.3	231.3	223.6	247.5	279.7	294.2	298.3	307.2	318.4	327.9	332	320.7	326.7	337	344.8	357.2	360.8	372.4	382.9	391.9	407.3	417.3	417.8	422.9	427.4	419.2	416.6	426.2	435.9	438.2	429.7	431.7	440.3	436.6	420.6	404.9	388.5	367.2	351.3	334.9	319.3	318.4	311.8	300.2	296.1	290.3	287.9	301.3	324.1	346.7	375.6	413.7	438.1	454.7	450.1	424.5	405.1	380.8	357.3	336.5	316.1	300.5	288.5	281.3	279.8	289.4	296.7	303.9	317.2	329.5	343.9	358.9	367.4	384.9	407.5	423.9	428.6	429.7	422.9	417.4	418.3	426.1	427	417.2	416.7	428.9	441.2	440.3	446.2	458.9	447.1	436.4	434.6	433.1	421.5	408.2	401.3	392	378.8	367.6	346.5	337.9	336.4	324.3	316.6	322.9	323.5	312.8	297.5	278.5	271.7	264.4	249.9	244.5	236	226.2	208.9	182.2	135	104.2	104.6	111.5	123.2	128.2	121.9	128.3	137.3	144	159	175.2	183.9	196.6	204.1	248.5	313.7	369.4	384.6	390.6	385.7	380.4	367.6	357.2	358.3	376.6	393.9	399.2	396.6	398.5	404.2	395.9	397.9	400.4	396.7	394.1
594	578.7	549.9	528.3	506.7	495.9	496.8	487.8	477	460.8	460.8	453.6	444.6	434.7	415.8	402.5	405.9	402.3	397.8	393.9	375.9	387.2	411.9	401.5	349.2	287.5	232.8	196	188.2	184.5	182.3	193.7	204	210.9	218.3	171.1	140.6	122.2	130.3	170.5	194.6	217.8	225.7	222.5	244.4	281.1	293.8	301	311.4	319.4	326.7	332.3	333.8	334.4	337.9	349.6	360.2	365.3	373.1	386.4	393.3	406	413.6	422.1	428.1	431.7	431.7	440.7	448.9	447.4	448.4	442.5	430.2	434.6	434.6	425.9	395.5	387.5	379.1	356	339.8	322	312.3	314.1	302	290.2	283.1	284.6	303	321.7	342.6	373.1	414	429.2	440.4	448.9	427.9	400.8	376.4	359.4	337.4	318.8	303.7	294.9	292	293.5	293.5	292.3	299.2	309	316.9	331.1	345.1	361.5	377.7	392.3	427.5	441.6	444.1	443.1	441.3	440.2	440	436.8	426.2	419.1	415.3	423.7	434.8	439.8	438.8	429.5	440.3	438	427.7	425.4	422.3	406.6	404.4	394	375.9	358.1	344	335.4	325.7	318.3	319	319.4	310.3	298.9	283.7	273.9	269.1	257.8	246	236.4	223.6	209.3	189.5	159.2	118.7	103.5	109.7	117.5	128.9	130.1	139.1	143.7	149.6	163.8	175.7	173	165.8	168.4	197.8	256.7	338.4	377.4	392.5	391.9	379.1	375.3	383.5	374.2	371.3	399	396.3	393.8	399.1	405.7	393.9	393.1	397.1	393	392.6
595.8	576.9	545.4	531	509.4	498.6	498.6	487.8	477.9	462.6	459.9	452.7	445.5	433.8	416.7	406.8	405.9	402.3	394.8	366.2	356	394.8	408	390.7	334.8	261.9	219.4	193.2	186.8	182.5	178	188.7	205.3	214.4	215.2	158.9	125.4	117.3	144.7	180.9	192.6	214.6	218.3	216.8	241.1	274.9	287.3	295.2	310	318	321.5	334.5	334	329.7	337.5	347	354.1	361.7	370.1	381.6	396.8	411.1	410.6	412.6	417.5	426.3	439.6	458	472.1	457.4	457.3	450.9	449.6	451.1	435.4	422	390.4	373.6	367.4	345.8	316	304.4	304.5	298.2	292.3	293.8	287.9	292.4	308.8	328.7	354	391.9	423.2	430.5	440.8	443.2	430.3	405.2	377.2	353.7	332.8	314	300.3	293.7	289.5	289.9	286.2	286.1	291.8	299.3	309.9	321.4	340.2	361.5	371.8	399.5	430.6	438.6	446.8	451.4	456.3	453.5	446.6	442.1	433.4	434.7	431.5	432.8	444.9	447.2	439.6	430.1	437.1	440.1	427.4	421.8	418.9	410.9	405.9	392.4	367.9	356.7	341	333.9	324.3	315.7	317.1	314.8	302.9	292.9	283.7	274.8	263.9	256.9	247.8	229.1	219.1	206	183.1	142.2	99.1	99.6	116.9	128.1	142.7	144.7	148.5	155	167.6	166.4	158.1	150.2	143.5	158.4	198.8	298.1	352.7	365	398.6	399.6	378.4	383.9	384.1	361.6	379.1	400.4	397.2	392.5	400	407.1	393.7	385.1	399.7	393	392.6
595.8	561.4	538.8	532.3	511.2	501.3	499.5	491.4	479.7	462.6	461.7	450.9	442.8	434.7	416.5	405.9	406.8	402.3	379.5	348.1	363.8	390.6	402.3	407.7	362.3	269.7	225.5	196.5	189.1	186.3	182.1	187	189.2	199.8	217	173	130.9	118.2	152.2	189.6	190.3	204.3	208.1	210.8	234.5	268.6	286.4	294.3	302.9	308.8	316.2	329.7	328.4	328.6	334.9	342.4	352.5	364.9	372.2	379.6	393.5	402.4	405.3	417.4	422.1	435.4	453.4	462.3	466.4	460	457.4	455.1	450.9	445.3	420.3	406.1	401.5	389.7	365.9	339.8	317.3	300.4	299.9	295.3	290.9	291.7	289.2	294.1	309.7	328.2	350.6	381.8	409.7	423.5	435.5	439	418.1	390.3	364.6	343	328.7	309.1	293.2	283.9	279.8	279.6	283.7	288.2	296.7	304.6	316.5	316.9	325.2	349.6	366.4	395.5	421.3	438.8	439.1	449.9	468.9	464.5	456.2	453	448.9	457.4	457.6	453.1	446.9	442.2	433.2	436.7	440.4	433.3	424.9	422.4	415.5	410.5	407.1	390.2	363	356.8	353.9	341.9	328	317.5	308.3	299.9	295	286.9	282.3	276.2	265.1	262.5	251.4	231.6	217.7	202.6	184.2	149.1	102.6	93.7	116.3	140.1	152.4	150.8	148.6	148.7	144.9	135.7	135.6	135.9	132.8	139	191.3	294.3	360.9	386.1	411.8	407.3	396.8	397.1	402.5	391	384.7	386.4	368.3	388	397.3	399.8	389	368.3	369.1	379.6	393.7
588.6	555.3	532.6	532.2	511.2	503.1	500.4	492.3	479.7	462.6	459	448.2	439.5	435.6	415	406.8	405.9	401.4	381.7	358.7	378.2	399.6	400.5	404.1	353.2	274.9	226.8	197.6	188.8	188.1	184.9	189.5	191.7	195.9	217.9	190	136	121.1	155.8	189.4	186.5	199.7	207.8	210.4	229.6	262.7	282.2	292.1	302	306.8	317.4	322.8	326.3	330.8	332.1	337.7	352.2	365.8	372.1	377	389.4	396.9	402.9	419.6	431.2	448.9	458.1	465.4	472.3	459.7	452.8	454.6	443.3	433.5	410.9	395.9	396.2	383.6	353.1	325.3	309.3	295.7	295.6	292.9	291.7	293.8	296.7	301.4	314.7	326.6	345.1	385.4	404.6	419.8	429.2	423.6	407.1	391.2	366.1	345.8	330.7	311.2	294.3	285.7	279.8	278.6	281.5	289.7	294.6	302.4	313	310.7	320.6	344.2	360.9	385.6	412.3	431.3	438	448.3	460	460.4	454.3	459.2	466.1	460.2	455.9	455.3	456.1	451.3	442.8	442	438.4	433.8	430.8	423.6	416.2	411.4	401.9	385.9	363.2	352.6	347.1	336.2	320.7	312.3	302.1	293.8	284.3	277.7	277.1	268.2	261.3	256.3	244.6	227.9	213.4	203.4	181.8	146.5	102.5	88.3	112.2	144.1	154.8	156	149.1	142.7	131.8	123.1	124.2	127.6	129.9	162.7	235.7	301.8	377	404.7	413.4	407.5	397.3	401.6	404.4	398.6	398	385.9	357.7	380	396.8	397.9	390.2	375.7	367.1	380.8	390.9
564.3	543.6	541.8	523.8	513	513	491.9	491.6	477.9	463.8	459	435.2	435.7	432.2	419.4	405.9	404.1	400.5	397.4	397.8	394.2	396.9	401.4	384.4	344.4	285.3	237.4	205.3	194.9	195.1	195.8	209.5	212.2	202.3	201.3	190.6	151.9	131.3	163.5	190.4	182.3	200.1	207	207.1	227.8	256	277	288.8	302.2	309.9	314.7	320.7	321.3	328	333.8	340.1	357.3	370	380.2	382.5	386.4	401	411.2	429.3	441.7	448.1	459	460.1	459.8	453.5	430.6	419.3	415.6	407.3	404.4	405.4	403.8	385.5	351.9	322.5	301.2	293.4	284.3	283.5	285.6	289.2	290.8	302.5	316.2	322.8	334.3	373	403.4	414.6	424.7	422.7	408.8	394.5	373.7	346.6	324.8	308.9	298.1	286.4	278.6	271.9	267.6	273.8	283.4	295.1	308	311.8	313	328.7	351.7	377.7	393.9	409.2	428.7	446.7	461.9	478.1	468.2	467.3	464.8	449.1	453.5	458.8	451.7	448.9	437.3	433.9	431.2	422.8	421.3	418.8	408.2	412.2	404.3	379.5	364.5	351.7	334.3	324.3	313.7	308.8	299.2	294.8	284.3	274.1	264.7	259.1	257.6	254.2	240.3	222.3	208.8	194.2	179.3	143.2	102.5	96.5	120.4	149.6	159	148.6	126.1	124.1	124.9	120.7	123.9	128.6	137.8	177.7	233.5	288.4	360.8	395.2	424.7	414.4	398.3	404.9	406.3	401.6	401.3	396.9	388	388.5	398	394.8	385.9	393	370.3	386.7	387.5
558	540	534.6	518.4	512.1	505.5	492.7	491.4	475.2	467.1	459	424	435.6	434.2	419.4	406.8	404.1	401.4	401.4	397.8	395.1	397.8	401.2	392.5	353.7	292.9	239.4	211	198.6	201	196.1	212.8	214.9	208.2	200.9	203.6	181.3	139.9	167.3	191.2	186.7	200.1	206.7	206.1	222	246.9	271.2	290	300.7	303	309.3	313.9	314.2	328.4	338.1	346.5	358.8	369	382	392	398	408.5	419.3	433.5	450.2	454.7	457.6	456.1	446	442.5	422.1	409.8	410.7	401.4	394	398.4	398.6	377.2	341.7	320.1	304.4	291.6	290.2	291.5	291.3	290.4	294.5	304.2	313.3	325.1	343.3	378.2	405	417.3	425.2	421.4	405.8	389.6	364.6	347.4	323.4	308.2	299.8	285.6	280.3	270.6	264.1	270.7	277.4	288.1	302.3	305.4	303.3	317.7	341.6	370.3	387.8	401.5	419.5	437.2	459.4	468.1	469.5	464	453.3	446.3	450.8	459.7	450.2	444	431.1	430.8	429.2	426.6	423.6	412.2	405.3	413.2	403.8	371.4	358.3	348.1	331.1	321.6	311.2	298	293.5	289.2	277.8	272.7	262	256.7	254.3	246.6	230.9	218.4	204.4	190	174.5	137.4	99.5	98.2	113.5	137.7	142.7	124.3	108	118.4	118	115.4	124.5	154.8	197	208.1	233.1	291.6	356.1	391.8	420.3	410.8	399.7	405.2	406	401.8	400.9	394.4	389.6	390.2	398.4	396.2	386.8	393.8	385.9	377.4	386.4
567.9	544.5	529.2	522	518.4	506.7	501.3	489.6	472.5	471.6	436.4	426.4	445.2	415.8	408.7	406.8	403.2	401.4	401.4	399.4	388.2	396	400.3	400.5	390.5	331.7	255.5	228.3	212.9	214	213.7	225.2	230.5	226.6	221.2	208	198.3	161.6	173.3	192.7	183.3	189.9	201.3	204.3	220	239.5	266.1	282.6	288.8	296.8	302	305.1	313.6	333.6	348.6	354.5	360	374.9	388	395.6	405.3	406.1	422.1	440.7	449.3	452.9	452.2	439.8	426	424.4	422.9	412.4	406.8	414.2	402.5	390.6	383	365.6	337	311.5	289.9	278.5	280.6	286	286.6	289.1	298.9	308.1	309.2	318.9	343.9	377.6	407.8	430	435.1	435.1	423.2	398.7	372.6	351.1	326.6	312.6	302.6	291	279.8	268.7	260.7	261.5	258.8	266.1	280.6	298.1	307.8	319	332.1	358.5	378.2	385.5	407.2	425.9	438.7	450.4	461.6	451	460.1	465.3	469.9	457	446.1	445.3	436.7	425.7	420.8	427.3	424.1	416.8	414.7	396.4	379.7	355.8	347.5	341.2	329.7	319.1	304.8	292.3	292.6	283.8	275	269.7	261.1	252.6	244.1	235.3	222.8	207.5	198.9	186.8	172.2	135.7	103.7	110.6	127.8	134.8	118.2	101.7	106.3	127.2	130	124	140.9	181.6	210.4	214.3	240.2	304.7	351.8	347.8	374.2	401.3	403.1	398.8	381.8	401.2	388.4	360.8	379.1	389.2	396.3	395.3	370.8	386.5	386.4	360.6	361.8
568.8	545.4	528.3	525.6	519.3	506.7	503.1	487.8	472.5	472.6	445.1	427.5	446.6	419.1	397.5	407.7	403.2	402.3	400.9	399.8	371.8	390.1	399.5	401.4	399.6	369.3	305.6	246.2	218.1	219	220.3	224.2	232.6	236.8	231.3	220.7	215.7	214.9	204	194.6	183.4	181.6	192.5	203.2	218.4	236.2	259.9	272.5	274.9	287.8	294.2	304.8	315	331.2	344.7	353	359.2	375.1	382.1	395.9	407.4	406.5	421.6	440.3	445.6	450.4	446.3	434.9	424.2	418.7	420.1	410.7	402.4	407	396.6	380.3	371.1	352.7	335.7	312.4	296.7	298.1	299.2	293.4	289	291.8	299.2	304.7	305.7	320.1	345.4	386.3	412.2	427.5	437	443.9	424.7	404.6	382.1	349	327.5	311.9	299.7	288.8	284.2	277.1	275.6	274.5	270.3	275.2	278.1	285.6	300.1	314.4	330.6	350.3	367.5	373.9	391.5	410.1	426	438.6	441	439.8	451.5	456.7	464.4	460.7	445.1	445	437	424.3	413.4	420.7	415.1	416.2	414.6	394	375.2	353	335.4	331.2	326.1	317.9	301.6	292	291.3	285.5	272.5	266.3	258.4	248.6	235.4	229.4	217.9	204.7	194.8	188.7	175.7	148.9	120.8	139.8	178.3	180.4	149.2	127.3	137.2	175.3	192.4	201.5	209.9	209.6	211.4	215.7	233.7	283.3	343.1	353.2	359.6	382.7	398.5	392.6	374	390.2	397.8	377.2	364.5	368.9	395.7	377.5	367.4	374.5	364.4	360.3	362.5
561.6	531.4	531.9	536.4	526.5	516.6	507.6	486	469.1	465.3	459.2	448.2	448.2	439.2	426.6	408.6	404.1	402.9	399.8	398	394.1	395.3	396.9	400.5	399.6	392.2	283.1	241.1	236.5	233.5	235.8	241.4	239.9	238.4	240.6	239.5	225.9	215.6	242.2	227.7	187	168.5	180.3	202.4	214.6	231.4	256.3	266.2	271.6	283.9	294.3	308.6	315.7	327.2	341.4	355.4	364.1	365.2	376	394.5	398.5	397.5	408.2	420	429.4	428.1	427.5	418.4	415.7	412.8	405.7	401.9	398.9	399.6	385	374.8	365.2	347	320.9	296.5	286.4	302.3	318.5	315.4	308.5	307.5	309.1	308.5	312.2	322.8	346.3	391	428	445.3	457.6	457.8	438	416.5	381.5	352	326	309.7	297.6	287.4	283.5	284.4	286	285.1	282.9	277.7	263.1	259.7	282.4	309.7	331.5	355.1	368.1	368.5	378.3	398.2	411.8	430.9	434.3	431.7	442.8	455.8	472.9	457.2	436.9	435.1	427.5	408.5	410.5	423	408.9	407.4	405	383.1	368.7	340	325.7	324.6	316.9	304.2	298.4	292.5	283.3	274.9	263.9	260.3	251.5	241.2	233.3	222.9	212.2	201.9	194.9	184.4	172.1	138.1	118.7	170.7	199.4	172.3	168	174.6	183	205.4	223.1	227.5	225.9	232.2	235.1	234	275.6	367.8	373.6	340.7	350.7	389.4	388.4	381.4	390.1	389.2	392.5	361.5	345.5	386.1	380.7	364	370.6	383.4	390.9	389.1	390.5
553	530.8	531.9	540	528.3	517.5	504.9	481.3	470.3	468.6	459.7	448.2	447.3	438.3	426.6	412.2	403.7	402.8	400.5	397.7	395.1	389.9	394.5	391	398.6	392.9	288.4	241.5	238.2	238.5	240.7	246.1	241.6	239	240.7	237.5	227.6	217.7	249.7	265.1	249.6	225.3	209.4	205.2	212.7	224.3	246.7	257.4	263.8	277.5	293.2	304.5	315.9	328.4	336.7	347.8	358.6	364.9	372.9	387.7	393.3	396.7	400	408	415.4	409.6	409.3	404.3	401.3	395.7	395.4	394.4	389.2	387.3	384.8	376.7	360.6	341.6	319.2	299.2	299.8	315.1	327.6	317.3	309	311.4	308.8	307.6	308.4	317.5	338.8	373.9	406.3	429.3	442.7	440.9	430.5	411.7	384.1	355.7	329.6	312.2	300.1	291.5	291.9	292	295.9	296	291	284.3	269	254.2	276.2	308.2	331.2	353.5	366.5	368.1	367.8	389.1	400.4	421	421.9	410.5	422	438.4	452.2	444.5	428.8	421	417.2	404.9	402.4	409	403.9	402.2	396.9	375.6	362	338.3	319.3	317.6	308.3	296.8	294.1	289.7	278.3	270.4	260	253.5	246.5	235.8	224.5	215.5	207.2	196.4	191.7	184.2	171.3	140.7	134.6	207.4	222.3	210.8	216.9	221.8	223.6	236	243	233.3	233	237.1	240	237.2	289.3	372.1	373.1	344.4	344	377	392.4	393	399.2	389.7	386.8	356.7	347.5	382.2	391.8	375.7	380.3	394.4	390.1	388.3	389.9
558.9	538.6	540.2	543.6	527.1	503.4	490.3	484.2	477	468	458.1	452.7	451.8	441.9	430.2	414.4	405.6	401.5	399.7	401.1	384.4	385.6	391.3	382.3	389.5	384	325.4	263.5	246.5	251.6	257.4	261.3	252	238.3	234.4	235.2	223	215.3	252.4	266.9	247.2	240.7	215.9	200.9	207.2	218.6	235	251	259.6	270.8	280.6	291.6	302.5	317.7	325.3	336.9	350.6	367.3	378.3	380.5	384	387.8	387.1	401.8	404	393.4	395.2	392	386.3	384.3	392.6	390.8	386.2	384.2	379.7	374.9	356.3	328.8	302.5	291.4	316.2	343.5	337.8	325.6	319.9	317	310.9	305	303	314	336.8	366.1	390.5	407.6	415.7	421.9	414.9	397.9	381.9	357.8	333.4	315.6	304.1	297.6	292.7	293	301.8	298.6	291.9	284.2	273.7	247.8	249.4	286.4	314.1	338.8	357.7	367.5	367.8	384.2	394.4	403.6	405.2	398.7	397.9	408.1	416.1	411	404.5	404.5	407.3	415.5	401	390.2	396.5	389.4	388.2	371.9	357.1	336.7	317.4	312.6	301.9	291.8	283.1	279.4	272.1	263.7	257.7	250.1	243	232.3	216.3	206.8	199.6	188.5	185.5	177.9	172.7	148.3	138.2	192.9	219.4	230.3	237.1	232.5	228	242	255.5	246.4	244.9	248.5	244.3	251.4	328.6	377.6	379.3	373	349.8	384.6	394.7	397.1	392.3	387	385	360.9	336.8	353.8	374.1	380.5	393.1	395.4	391.8	389	390.1
567	544.3	538.8	540	525.4	504.8	494.7	482.7	470.7	468.9	454.9	453.6	455.4	444.6	430.2	413.9	406.1	400.3	400.1	394.9	382.6	396	396.9	395.1	395.1	391.2	353.6	280.8	248	254.4	263.9	272.8	262.6	244.6	230.6	231.8	220.7	213.2	255.6	269.2	251.9	242.2	220.9	201.4	202.6	214.4	226.7	243.7	255	266.4	275.7	279.7	293.6	309.9	322.5	335.5	341.5	355.4	370.6	379.2	384.8	382.2	379.4	394.7	398.4	383.4	376.5	377.4	373.6	374.2	378.6	380.9	382.2	380	373.9	371.6	352.4	329	299.5	296.2	326.7	342.7	332.3	327.2	318.9	311.7	303.2	290.8	292.5	310.2	327.2	348	368.4	380	383.2	389.7	385.5	376.8	365.1	348.8	324.9	309	303.9	294.2	289.1	293.4	301.4	298	287.2	280.8	271.9	252.1	247.5	276.9	308.7	330.3	352.6	360.2	363.9	375.9	385.4	395.5	391.5	390.9	389.4	393	394.7	397.3	389.4	391.8	398.2	402.9	384.5	382	390.2	379.4	372.8	363.7	344.4	326.1	309	301.1	290.7	283.1	274.1	272.1	267.7	258.3	252.9	241.2	236.7	226	211.5	204	194.6	184.3	183.3	179.5	175.1	155.1	138.5	188.2	219.1	230.3	237.5	231.9	227.2	239	259.9	250	244.6	248.2	244.3	259.6	341.2	381.4	382.3	372.4	350.2	377.6	395.3	393	378.6	381.8	386.3	369.6	347.1	355.3	367.8	374.6	396.2	401.6	391.1	387.6	385.4
579.8	560.2	550.8	540	529.2	509.4	492.3	486	481.1	469.4	460.2	459	439.8	439.3	432	419.4	413.1	406.6	401.4	393.8	396.9	394.2	396	392.8	394.2	396.9	383.1	343.4	271.8	262.5	273.7	284.6	273.9	251.5	229.4	225	220.7	217	253.8	263.9	251.7	241.3	228.9	213.7	206.2	205	214.6	237.2	258.4	263.6	261.9	271.2	284.4	293.6	308	316.4	321.3	339	363.3	370.3	368.8	374.6	375.4	383.5	387	381.5	371.3	361.4	362.6	370.7	373.8	377.5	378.4	370.9	358.1	345.6	332.3	314	296.7	301.3	331.6	341.8	322.8	313.1	305.5	293.4	284.3	278.4	288.3	311.6	327.4	329.3	338	350.6	364.4	370.1	372.9	365.1	346.7	325.1	310.3	295.3	284.3	276.1	277.9	287	293.5	296.6	296.4	286.8	270.2	254.4	238.4	244.5	272.3	307	337.7	354.6	371.7	372.7	373.2	382.3	380.7	385.2	374.1	376.2	379.3	380.7	387.1	386.6	390.2	388.3	380	378.3	377.7	370	366	363.7	344.1	328.5	312.4	298.4	291.9	277.7	266.4	262.3	259.3	252.2	244.9	237.6	229.8	223.4	213.8	201.7	193.7	186.1	181.9	176.7	174	162.8	130.6	143	201.8	219.3	225.6	224.6	223.4	254.6	276.5	260.8	251.7	251	252	282.3	353.2	379.2	382.9	382	356.9	344.7	361.5	385.5	389.2	384.4	386.7	386.8	387.8	389.4	379.1	363.3	384	395	386.9	373.1	371.3
587	562.5	554.4	541.8	526.5	509.4	491.4	484.2	479.9	469.1	460.8	447.8	434.2	444.1	433.8	419.4	413.1	405.9	401.4	397.8	396	394.2	395.1	394.2	394.2	396.7	383.6	355.2	281.6	259.5	275.3	287.7	273.6	256.1	230.6	220.3	217.3	219	256.7	264.3	250.7	238.7	196.8	169.8	189	201.7	213.7	233.8	253.2	259.3	255.1	265.2	275	290.2	300.5	304.1	312	332.9	355.7	360.6	359.6	366.7	370.3	379.5	382.4	378.6	366.8	354.5	356.9	367.4	368.1	373.7	375.1	365.9	355.5	341.2	330.5	315.3	298.2	305.4	327.9	327.9	307.5	296	287.7	277.8	265	258.3	267.7	296.4	312.8	314.4	319.9	329.8	342.4	352.5	355.5	350.1	322.4	296.3	288.1	276.9	264.7	258.6	266.4	277.4	283.9	284.2	283.6	273.1	261.8	248	232.7	240.9	270	305.8	331.2	353	368.3	370.3	373.1	370.8	371.1	378.9	364.9	363	363.3	378.8	382.2	373.9	382.2	377.8	369.5	371.9	374.8	364.1	356.9	349.9	340.8	324.1	306	298.5	287.4	270.6	264.2	259.3	253.6	246.5	237.2	232.3	229	219.8	205.6	193.9	189	184.6	177.8	173.5	170.9	166.4	148.1	163.4	209.2	216.8	225.9	225.1	227.6	259	280.2	266.5	253.3	252.3	253.2	286.1	349	379.9	386.7	386.6	364.7	353.6	365.9	378.8	376.9	386.7	382.9	385.7	388.1	390.6	388.9	368	384.2	390.3	385.9	368.2	363.4
596.7	568.8	563.4	550.8	523.8	504	485.1	477.9	477	463.1	444	450.1	437.4	446.4	434.7	422.1	414.4	408.6	404.1	400.5	396	394.2	393.3	391.7	386.8	393.2	382.2	373.5	327.9	268.4	272.2	292.5	271.3	250.4	238.2	221.1	212.7	227.5	255	255.8	247.2	235	191.5	155.3	177.8	192.8	208	226.7	242.8	251.5	256.1	264.6	275.3	288.4	289.6	284.4	297.3	318.6	339	351.7	361.7	366.1	368.5	369	370.5	375.2	369.6	356.5	352.9	356.7	362.3	363.1	356.3	340.9	338.8	335.1	322	314.8	312.4	317.2	318.8	301.7	279.3	271.5	265.7	259	247	241.4	251.3	277.7	303.6	307.4	310.4	313.9	332.9	370.4	367.9	364.4	348.2	296.4	277.2	262.3	249.3	248.9	260	268	273	272.3	275.6	272.4	260.9	244.7	230.7	233.6	261.2	294.7	317.5	325.3	336.9	361	370.7	369	370.3	367	362	362.4	358.7	371.2	369.1	364.4	377.5	369.3	369.3	368.8	371.9	366.2	350.7	333.3	325.4	302.9	286.8	289.6	276.7	260.3	254.2	244.1	242.9	236.7	228.7	226.2	220.6	206.7	195.9	190.5	189.3	181.6	174.5	171.9	168.7	167.4	169.4	177.2	207	212.9	218.2	221.2	224.3	259	287.4	277.4	261.4	256.5	266.6	335.7	374.4	380.3	384.7	386.7	387	387.7	390.2	386.1	356.1	348.9	378.1	383.5	389.1	391.8	394	391.1	366.2	382.1	389.3	388.3	378.3
601.2	576.9	570.6	551.7	522.9	504.1	486.9	479.7	477	463.3	450	460.8	446.3	445.5	433.6	420.4	414.9	409.5	404.1	401.4	396.9	394.2	391.5	392.1	368.4	395.3	387	374.7	352.8	275.2	268.8	284.9	268.1	247.1	239.3	223.3	214.4	235.1	258.1	252	247.7	235.5	193.6	152	172	187.9	203.1	219.7	232	244.9	250.2	256.3	271.9	282.2	285.2	283.6	293.3	314.7	332	344.6	352.3	359.8	362.8	363.9	361.9	364.6	361.4	356.6	354.1	350	359	358.5	348.7	331.4	338.6	339.7	319.9	316	319.9	320.1	306.4	274.6	249.9	242.9	235.6	226.8	217.1	218.6	234.1	257.3	282.8	289.9	290.2	298.3	314.1	346.3	342.3	338.9	337.4	278	257.5	243.2	229.6	232	250.8	258.9	257.3	254.6	258.4	256.2	243	235.6	240.3	242.1	266.7	298.3	318.9	327.9	335.8	350.5	362.2	364.5	368.9	364.6	357.9	363.1	356.8	357.9	361.9	362.5	371.4	365.9	366.3	364.8	363.7	352	337.6	322.3	311.9	296	282.6	282.6	276	257	244	239.5	237.1	233.3	229.2	223.5	214	202.5	191.8	188.2	185.3	180	174	170.7	169.5	168.2	177.6	183.1	203.7	215.6	218.1	216.8	225.4	263.4	286.6	272.1	260	256.8	273	346	374.5	380.9	385	387	386.8	387.1	390.3	385.7	366.7	353.7	368.3	384.1	388.3	392.4	396.8	392.5	370.3	378.2	390.6	388.4	387.8
605.7	595.8	591.3	565.2	540	523.8	495.1	487.8	477	468.9	464.4	459.9	455.4	444.3	437.2	428	419.4	410.4	400.1	402.3	397.8	394.2	393.1	365.2	352.4	394.4	392.8	376	373.1	311.8	264	269.5	255.3	236	231.3	227.6	222.1	244.8	256.1	249.4	247.9	237.8	186	136.7	156.8	176.8	195.2	209.7	215.2	228.8	236.6	246.4	260.5	267.6	273.5	278.8	286.5	300.6	313.5	340.1	349.1	344.3	349.2	352.5	355.4	359.9	355.9	353.7	354	353.3	357.1	347	333.6	327.6	329.2	333	328.9	319.6	324.1	320.5	290.6	242.8	219	213.2	205.1	190.2	172.4	175.1	195.7	225.3	254.7	272.5	280.7	289	299.2	299.7	307.5	316.2	298.8	264.8	241.5	219.8	200.2	203.3	219.9	236.7	242.5	242.6	242.8	239.3	228.7	228.3	235.9	243.4	266.1	293.4	309.1	313.5	315.1	325.2	340.2	350.5	356.9	360.4	359.7	351.9	342	347.2	350.1	360.3	358.8	354.1	356.3	350.3	344.5	332.9	319.3	311.5	301.8	288	278.7	272.7	264.2	252.6	236.8	233.2	234.2	225.8	223	216.4	214.1	205.8	193.2	188.7	184	179.2	172.4	168.6	168.1	169.8	185.2	191.9	216.2	223.3	218.6	211.5	223.2	263.3	280.5	261.4	251.3	257.6	292	341.4	378.1	384.4	388.2	388.3	385.2	386	382.2	377.7	371	358.5	361.5	365.7	371.4	384.1	393.5	389.3	384.2	384	385.9	387.7	395
594.9	590.4	593.1	563.4	540	523.8	500.9	486.9	475.2	467.8	461.7	459	455.4	442.8	436.1	432	419.4	407.8	401.1	402.3	397.8	391.9	383.2	359.1	359.6	396	394.5	380.6	374.5	323.8	269.4	271.9	251.4	235.8	229.9	228.7	228.7	251.2	256.1	249	246.9	237.8	195.8	153.6	155.6	176.3	191	199	208.1	225.2	231.6	239.7	251.5	255.7	262.5	276.4	289.6	298.8	311.3	330	337	334	336.1	340.2	346.8	346.7	344.4	345.7	344.3	346.9	351.2	341	329	325.2	325	326.5	322.1	313.4	319	315.4	281.2	233	206.5	193.5	176.2	151.6	136.1	141.5	163.8	189.3	223.8	248	259.3	267.1	275.4	270.6	274.4	285.5	270.4	243.8	213.5	188	172.9	173.1	184.8	201.9	217.2	219.5	222.7	218.1	210.2	223.5	236.1	247.3	267.7	291.9	307.2	315.2	324.1	332.8	336.4	337	343	347.1	345.2	343.1	336.9	334	336.2	348	348.2	342.9	344	340	333.8	322	309.8	299.7	292.3	277.9	272.6	268.8	259.2	248.8	237.4	230.7	230.3	222.7	220.1	210.3	208	202.1	193.4	188.5	183.5	177.2	170.6	166.1	170.4	176.8	192.4	200.8	227.1	229.8	221.4	214.5	227.4	262	276.6	265.1	253.2	258.6	302.1	339.8	374.8	384.8	389.5	391.1	386.7	385	382	373.9	371.6	357.6	364.3	368.4	366.3	380.9	395.6	389.1	384.6	386.4	382.2	383.1	387.8
594.9	596.7	600.3	574.2	542.7	524.7	508.3	490.7	478.6	472.1	465.3	462.6	458.1	444.6	440.1	418.4	391.1	395.1	381.3	394.1	397.8	389.5	392	386.8	389.8	394.2	396	387.9	377	335	278.4	278.6	255.4	235.7	229.4	234.4	237.4	253.7	264.1	251.4	246.5	238.5	176.8	126.2	140.9	162.8	180.9	190.4	200.7	221.3	230.2	237	249.2	254.8	263.8	281.3	293.2	299.3	302.4	310.7	310.4	313.6	323.7	326.4	331.8	335.5	339.8	338.2	332.1	334.6	335.3	335.7	332.4	331.2	331.1	328.2	321.7	312	314.4	305.4	263.7	213.5	189.1	175.7	153.8	127.9	121.1	133.6	148.5	169.4	188.8	212.2	231.1	241.4	241.4	241.3	242.4	235.4	224.1	207.8	187.8	174.4	161.6	154.4	153.4	162.2	181.8	194.9	204.9	206	215.6	232.6	232.3	233.8	257.9	285	304.4	318.5	316.4	315.3	315.2	312.1	322.1	330.7	327.9	329.4	330.6	330	333.2	335.8	332.3	330	329.7	321.7	317.3	315.5	304.6	286	277.9	268.9	264.1	259.2	253.4	244.1	232.7	226.4	224.6	219	209	202.5	199.3	198.7	191	185.5	180.5	176.2	169.5	165.9	172.3	190.3	219.6	259.9	260	245.4	230.5	218.3	223.7	246.1	268.2	266.5	258.2	265.4	311	353.1	361.3	369.2	374.7	386.5	385.9	386.3	387.7	386.8	382.2	372	379.4	384.4	384.9	387.6	379.5	382.3	374.2	388.9	388	391.1	395.1
606.6	602.1	596.7	567.9	541.8	522	506.7	490.5	483.3	477	467.1	464.4	458.1	445.5	439.2	401.6	394.5	406.4	395.5	402.1	398.9	394.3	392.1	386.5	390.3	394.2	395.1	390.4	377.5	331.1	282.5	276.6	259	237	229.6	233.7	238.8	253	262.7	254.7	245.5	242.8	198.2	137.8	137.3	157	175.3	185.9	197.6	217.4	226.6	236.8	247.7	252.2	259.9	269.6	278.7	291.1	295.8	297.5	294	299.8	310.9	315	320.5	327.2	331	335.3	332.3	326.1	325.4	322.5	320.7	319.8	309.1	309.2	305.1	304.2	303	283.1	241.2	202.5	181.6	164.5	146.1	129.1	122.8	131	144.1	158.2	173.9	192.6	212.8	222.9	222.2	224	225.8	220.5	208.6	193.7	181.5	169.1	155.9	146.7	141	143.4	158.1	177	184.7	196.3	214.5	222.7	220.5	223.5	248.2	274.3	296.3	305.1	301.3	311.3	317.2	315.1	317.8	317.9	311.7	315.3	325	320.6	324.5	321.6	325.1	324.2	321.6	321.1	311.6	306.9	298.6	282.9	274.5	263.1	259.7	254.1	245.5	240.2	224	220.7	217	212.5	203.8	200.2	195.3	190.7	187.2	182.9	179.5	174.9	169.2	167.5	178.8	194	231.3	282.5	270.6	251.1	234.6	223.9	231.4	250.9	264.5	265.2	259	271.1	307.1	349.6	365.3	362.4	372.7	383.6	383.8	385	384.8	383.7	386.3	376	380	382.2	383.3	389.7	378	374.6	375.5	388	386.8	390.7	394.9
608.4	593.1	576	550.8	539.1	523.8	511.2	501.3	493.2	485.1	471.6	465.3	459	448.2	442.8	414.2	426.9	413.1	408.6	404.1	399.2	397.8	396	393.3	389.7	384.3	364.8	387.7	379.5	320.8	283.2	271.4	269.7	259.8	246.9	233.6	236.6	250.8	257.9	257.2	247.5	241.2	208.3	141.3	131.2	147.7	161.2	172.9	186.7	205.2	223.9	238.5	243.1	248.6	252.7	261.5	269.6	277.3	281.3	279.4	284.1	295.8	305.2	307	309.8	313	318.5	325.5	326.5	320.5	322.7	321.7	315.7	315.2	306.1	303.4	307.6	311.8	303.1	269.8	222.7	195.8	178	168.3	156.1	144.4	141.4	141.9	146.2	157.4	167	179.4	193.8	198.2	201	203.9	207	201.4	192.1	183.5	173.3	164.5	153.6	144.1	133.1	129.4	128.7	142.4	160.3	181.1	203.8	212.4	208.5	221.5	256.3	283.9	302.1	309.5	308	308.1	304.7	303.2	302.5	303.8	302.2	303.2	313.7	318.5	314.5	308.2	308.8	313.3	312.5	309.4	300.6	295.6	286.2	280.7	271	257.3	256.4	249.6	242.1	231.6	216	215.1	209.9	206.6	203.6	198.8	194	191.1	186.7	185.3	175.8	172.8	169.1	169.8	183.5	199.3	235.3	283.2	279.3	258.5	240.4	229.4	238.1	251.8	267.6	267.9	260.4	289.8	312.4	331	367	384.5	387.1	388.4	381.1	368.7	364.4	369.8	378.7	372.3	351.2	358.4	381.8	386.9	381.3	373.3	372.4	389	390.8	392.4	387.4
612	589.5	568.8	548.1	537.3	522.9	516.6	509.4	495.9	486	472.5	465.3	458.1	448.2	435.6	430.3	429.1	413.1	409.5	404.1	399.2	396.9	395.1	391.5	390.6	380.3	364.6	395.1	382.7	323.7	285.8	268.3	267.9	271.5	263.7	241.8	240.9	253.2	257.5	254.5	241.1	238.4	221.1	156.5	129.5	143.1	157.6	165.9	179.7	199.4	219.1	237.4	237.5	238.4	247.7	256.5	259.7	266	267.7	264.4	266.8	283.1	292.8	300	303.3	304.3	309	314.1	314.7	313.8	314	306.3	301	301.8	297.3	296.2	299.5	298.6	288	253.9	205.3	177.3	169.5	166.6	157.9	147.9	146.8	147.1	147.2	154.4	163.4	172.4	181.1	183.3	187.9	190.4	191.8	189.4	182.9	176.3	167.8	158.5	146.8	134.2	123.4	121.5	123.4	134.2	152.8	173.8	186.5	194.9	195.7	207.8	249.1	278.7	291.3	302	295.4	284	284.4	284.5	286.1	288.9	295.8	300.5	302.9	308.8	309.5	304.7	300.7	304.8	301.2	294.3	289.1	284.9	277.3	272.7	264.1	253.7	250.7	246.3	240.9	223.4	210.9	210	207.4	205.9	203.8	197.8	196	192.2	184.2	183.5	174.9	170	168.2	174.2	193	214.5	260.6	281.1	276.5	256	242.6	236.3	244.4	253.3	265.9	267	259.7	298.8	331.4	333.7	355.9	370.8	384.8	385.5	385.4	365.8	356.9	365.3	368	371	350.4	340.2	368.8	385.5	381.9	380.7	373.8	381.7	393.7	393.3	393.2
612	608.4	577.8	568.8	563.4	551.7	536.4	514.1	504.9	494.1	477	464.6	461.7	455.4	442.5	444.4	440.1	423.9	413.1	405.4	400.2	400.5	399.6	394.9	391.5	390.6	388.2	390.1	361.3	349.5	305.5	261.5	254	259.5	270.6	261.8	262.5	268.5	258.4	249.8	238.4	230.7	218.7	170.4	124	130.1	147.2	158.2	168.9	186.6	206.7	223.1	227.4	229.6	234.4	240.7	247.8	255.9	258.7	252.7	253.5	268.5	281	290.9	293.3	293.9	296.5	303.7	307.4	302.1	304.8	302.7	298.6	296.2	296.9	292.7	292.9	295.3	289.4	270.9	220.7	169.5	154.3	154.3	153.6	149.6	143	132.8	128.2	133.2	146.4	158.3	166.3	172.4	175.1	173.6	172	172.8	172.8	171	164.9	156.3	146.2	143.4	138.2	131.7	130.1	127.6	139.5	158.1	167.9	177.7	195.9	221.3	249.6	272.8	278.2	288.6	288.7	283	281.2	278.3	282	286.6	292.3	298.3	302.7	302.8	303.3	299.5	294.9	294.3	287.5	283.9	278	271.7	269.3	266.4	262.4	257.5	249.4	244.4	237.8	228.6	209.9	204.5	208	204	197.1	196.6	193.5	189.5	183.9	182.6	176.8	172.7	168.6	175.6	197.3	223	270.4	288.7	290.4	269.7	255.3	257.2	265.7	271.4	268.5	264.7	275.4	342.8	374.1	361	366.6	374.1	369.7	383.4	384.1	384.6	369.1	376.1	381.4	379.6	362.3	352.7	366.5	386.2	387.2	387	391.6	395.9	398.8	400.6	403.9
612	596.7	571.5	576.9	567	549	532.5	504.5	504.9	485.1	468	461.5	458.1	451.8	446.2	443.2	432.9	415.8	407.7	402	398.6	399.3	396.7	392.8	389.7	388.6	384.1	384.3	366.3	367.3	319.8	265.3	252.3	252.5	261.2	257.7	266.7	269	256.2	251	239.7	230.4	223.7	170.6	128.7	140.9	152.7	160.7	174.7	191.1	207	220.2	224.2	227.3	232.6	236.5	242.4	250.9	252.2	252.1	259.4	270	275.9	281.7	285.4	288.4	287.4	296	300.4	291.3	291.5	293.2	293.7	296.2	291.9	285.1	287.9	283	272.1	252.6	197.2	157.2	152.2	156.6	157.9	153.2	144.4	134.9	136	137.6	147.4	163	171.5	173.1	171.9	170.1	169.6	167.4	169.6	169.4	160	153	148.8	150.2	148.9	149.3	139.8	135.8	148.6	152.2	157.4	167	193.1	227.4	250.8	260.2	264.4	271.3	273.8	272.2	262.9	263.2	276.4	282.2	290.8	301.8	298.8	295.6	290.3	290.6	286.7	283.5	281.2	275	269.1	266.1	258.5	255.8	253	245.2	241.1	239.9	230.6	214.6	205.3	199.3	199.9	198	193.6	194.8	188.6	183.7	181.1	177.3	172.9	168.4	165.3	173.5	194.8	215.2	255	291.9	295.4	273.4	263.7	268.2	272.2	271	266.6	257	283.4	355.5	374	370.4	377.9	384.4	381.4	382.4	382.8	385.9	383.3	378.7	381.3	382.1	378.2	366.9	379.3	384.8	385.4	387.4	388.9	394.7	398.3	401.1	410.6
611.5	612	612	607.5	578.7	558.2	528.5	517.5	510.7	490.5	458.5	463.2	461.1	452.7	447.8	428.2	414	411.3	403.6	403.1	398.6	399	396.9	392	377.1	364.9	356.8	382.7	391.3	384.9	363.1	296.8	263.7	258.6	255.2	254.8	262.5	263.3	257.2	247.6	239.3	234	221.9	164.5	128.6	133.4	149.8	157.2	165.4	182.6	197.1	211	217.1	226.6	235.8	234.6	236.1	243.6	248.5	250.8	252.4	253.1	262.4	268.3	271.7	273.8	278.5	283.3	280.8	279	285.8	290.2	294.4	292.6	286.2	282.7	282.2	279.3	273.8	258.3	230.6	192.2	174.9	177.3	185.8	187.6	179	175.3	183	172.1	164.7	168.5	173.2	170.8	169.8	166	165.7	165.1	168.6	173.5	179.1	189.7	193.5	189.6	185.6	176.4	164.6	158.8	160.2	162.2	178.6	200.9	224.8	239.2	249.3	256.4	256.5	261.3	266.4	260	252	255.4	264.1	272.6	277.8	280.2	285.8	287.5	280.2	279.3	281.7	275.4	267.1	264.8	268.3	260.7	248.3	249.8	244.5	241.4	239.7	236.9	226.3	209.8	200.7	198.2	197	193.1	193.8	200	195.2	186.4	183	178.7	173.3	172	168.9	177.7	193.1	216.6	260	295.2	297.3	283.1	275.9	266.4	263.1	258.1	260.9	263.1	322.2	378.5	377.2	378	380	382.6	382.9	383.6	384.2	383.6	381.2	373.8	383.5	383	385	386.6	388.3	368.4	379	388.7	392.3	386.9	395.5	407.8	412
610.1	611.7	612	609.3	575.1	556.4	529	516.6	509.3	491.4	467.7	465.7	464.7	455.4	449.1	417.2	410.9	417.2	403.2	402.8	397.8	395.4	395.3	377.6	362.9	361.7	352.7	380.3	390.6	387.4	374.1	305.8	263.3	259.7	253.4	255.3	260.4	262.6	257.6	245.3	239.3	234.8	232.9	188.5	138.8	135.1	148.3	153	164.2	179.3	194	207.6	214.6	222.9	229.7	234.1	235.7	243.5	246.2	246	245.1	247.1	255.6	264.1	268.2	268.1	271	269.6	269	275.7	284.2	289.7	286.7	281	280.9	283.6	284.6	280.1	274.4	259.8	236.4	203.5	187.6	192	198.3	200.1	195	189.1	198.3	191.2	185.4	182.6	180.2	179.2	176.9	174.7	170.8	172	179.2	187.1	195.5	207.5	208.4	203.8	197	187.7	177.6	172.5	172.9	175.1	191.4	212.3	229.7	242.7	247.5	254	252.6	255.4	258.8	254.2	248.5	251.1	258.2	265.8	267.9	268.2	278.5	282.7	278.4	277.6	277.5	266.6	260.4	260.9	260.5	258.7	246.1	240.5	239.2	233.8	231.2	224.7	215.7	208.3	202.4	197.1	194.1	193.9	192.9	193.8	192.8	185.2	179.9	179	173.4	172.1	170.8	181.6	193.5	236.2	291.7	292.6	291	287.3	274.6	258.1	252.1	253.9	259.3	267.7	335.3	378.9	379.4	376.1	376.7	381.1	383.7	383.8	384.6	384.9	375.6	363	383	383.7	386.1	386.2	387.5	362.3	368	388	391.7	395.3	396.7	408.2	414.4
611.6	612	607.2	588.3	562.3	544.5	531.4	526	514.7	500.1	476.5	470.1	468	462.6	454.5	440.7	444.6	428.4	403.8	398.1	402.1	401.4	396.9	389.7	383	390.6	387.9	388.8	388.3	387.4	383.3	363.3	286.2	261.4	257.7	256.3	259	262.7	259.5	246.4	241.6	241	231.7	198.1	145.5	125	140.4	148.7	157.7	170.7	186	197.6	207	214.9	221.1	228.3	228.9	232.2	236.4	244.2	247.6	251.2	257.1	261.1	262.3	262.8	260.1	259.4	264.7	267.9	274.7	277.9	276.2	274.7	272.1	273.6	273.5	271.9	269.3	259.8	249.6	240.1	222.4	201.3	197.3	204.4	204.8	200.3	203.3	210.5	213.5	215.9	215.1	221.2	222	217.5	206.4	208.5	215.2	222.5	234.7	240.8	233.3	221.2	207.7	201.1	201.4	212.1	219.9	222.2	229.2	235.9	241.1	245.8	245.5	249.1	247.7	254.1	257.7	254.6	243.6	241.7	244.6	248.8	256.6	264.2	271.5	277.7	281.3	274.2	269.2	259.9	256	255.4	252.4	252.6	251.5	242.2	237.3	231	223	215.6	211.6	210.2	205.7	197	194.1	191.7	189.9	187.5	184.5	175.1	174	177.7	174.3	178.7	177.8	178.5	194	243.8	289.9	288.3	282.9	280	265.9	251.8	254.5	262.8	268.5	310.1	369	372.4	370.4	369.4	359.6	381.9	380.9	381	381.3	386.2	381.8	359.5	372.8	382	384.3	389.4	391.2	388.6	377.6	391.2	393	396.3	411.6	432.3	423.3
612	612	595.2	593.4	570.2	542.2	530.5	531.2	517.1	500.8	479.7	471.6	467.1	464.4	458.1	448.2	447	431.1	406.4	400.1	402.5	401.4	396.9	396.9	395.1	390.6	388.8	389.7	391.1	389.6	387.2	381.8	306.8	262.8	255.5	255.9	259.4	262.4	258.9	248	243.1	244	235.6	212.7	151.3	126	136.3	143.9	156.2	163.8	180	193	200	203.6	217	225.1	226.4	225.3	230.8	237.8	241.8	243.8	252.4	257.9	254.3	257.6	256.4	255.6	260.1	263	270.3	274.9	271.9	273.5	273.9	275.8	279.1	271.3	267.5	262.2	255.7	251.3	235	209.8	202.9	203.4	203.8	201	202.5	212.8	224.6	220.7	226.8	237.3	235.3	231.8	225.2	222	225.9	236.4	248	253.3	242.1	226.7	215.5	208.6	216.5	225.8	231	234.4	239	243	249	250.5	245.1	248.4	253.3	254.9	251.6	246.5	238.2	237.8	238.5	239.5	247.8	255.6	261.6	264.7	264.1	265.5	260.9	258.2	255	249.3	247.1	246.5	246.8	237.4	232.8	233.3	224.1	213.8	205.4	202.4	200.4	194.9	191.7	191.3	191.2	184.6	178.1	172.5	172.5	175.4	173.9	179.8	184.2	183.1	217.4	280.5	290.2	289.3	281	277.5	262.9	254.4	260.7	265.5	278.3	337.9	373.4	376.6	369.7	368.6	359.7	377.7	381.5	381.1	382	382.9	382.1	368.2	371.2	382.3	383.9	387.8	389.9	389.1	386.3	393.5	393.4	400.2	420.4	436.8	424.7
612	612	612	607.9	590.6	576.9	560.2	545.8	531	502.3	491.4	477	474.3	471.6	462.6	451.9	447.9	440.2	416.5	403.2	402.3	402.3	399.6	395.7	394.5	392.7	388.8	387	388.5	390.9	388.1	384.1	345.6	288.4	259.3	259	264.4	267.4	261.6	260.2	252.2	247.3	236.4	221.5	156.1	121.2	128.3	137.8	150.1	160.4	172.4	184.5	190.8	193.4	203.8	214.3	218.3	220.7	226.3	228.8	233.2	237.3	243.3	250.8	251.4	256	253.3	252	257.9	265.1	272.2	272.2	261.8	267.6	270.6	269	270.6	264.2	261.2	253	251.9	260.3	249.2	235.8	229.8	224.5	222.3	213	211.3	222.3	230.6	237.7	244.5	254.4	261.3	256.4	247.5	239.3	243.8	256.7	274.9	274.1	257.9	243.3	239.2	238.7	239.2	239.1	244.8	250.3	253.1	255.9	258.5	260.5	249.6	249.2	249.1	242.2	240.2	236.1	232.9	232.2	232	229.3	230	233.6	240.7	249.7	258.3	260.4	257.1	250.6	244.1	239.1	237.7	238.1	237.7	231.6	221.3	221.3	214.7	205.7	200.5	198.4	192.4	186.8	188.5	189.9	186.8	180.4	170.1	169	173.8	177.7	175.7	183.1	187.7	193	234.8	293.5	290	287.4	281.6	277.6	267.3	266	264	284.7	336.3	366.7	378.5	380.1	376.2	372.7	358.7	362.6	371.3	370.4	380.8	381.2	384.7	372.4	357.6	345.9	377.9	384.4	386.7	389.4	381.1	384.8	394.5	407.2	433.3	440.7	428
612	612	612	598.2	591.4	589.5	564.1	542.9	526.8	499.1	495.9	481.5	477.9	471.6	465.3	452.2	448	441.2	420	404.1	402.3	401.4	399.6	394.6	396.2	395.1	390.6	388.8	389	390.1	388.8	382.9	347.4	298.7	260.5	262.4	270.8	269.9	264.9	263.2	254.4	250.5	241.6	224.9	185.8	148.3	133	138.8	150	157.2	169.3	186	191.8	193.1	198.6	208.4	216.7	219.7	226.1	228.6	233.9	235.3	236.9	241.1	244.9	251.9	249.6	245.8	259.3	269.1	272.9	269.5	262.3	262.7	268.2	267	266.4	260.2	260.6	256.3	255.6	259.5	253.3	246	239.1	236.5	237.3	233	232.1	233.6	240.1	251.1	258.4	274.2	287.5	283.7	270.9	255.6	254.7	269.7	283.2	283.7	268.2	253.1	252.1	252.2	251.6	247.7	253.2	260.5	262.3	258.1	259	262.8	253.6	248.8	244.3	240.7	238	237.2	233.4	229.6	227	225.7	223.3	224.8	230.9	235.3	251.9	257	254.3	247.6	243.1	240.1	237.5	234.8	232	229.5	223.5	217.6	210.7	202.3	199.4	197.1	191.8	184.2	183.5	182.1	184.5	180.3	170.7	171.3	172.6	176.5	179.4	181.8	187.7	207.4	260.2	296.4	289.3	286.5	285.9	278.7	268.5	268.2	266.3	303.9	353	362.6	374.4	380.9	373.1	374.1	369.6	374.4	379.6	368.7	382	383.7	386	372.5	359.5	340	358.3	383.7	386.1	387.9	386.3	387.4	399.5	412.6	438.9	441.7	430.8
611.5	611.4	596	566.5	599.4	603	570.5	547.6	530.5	522.9	510.3	486.9	474.3	468.9	467.1	457.2	454.5	446.4	430.2	412.2	402.3	401.4	400	395	396.2	396	390.4	373.7	381	387.3	372.2	371.9	384	355.6	313.8	287.3	284.8	274.8	267.1	267.6	261.5	252.1	244.8	225.6	201.8	157.9	131.7	136.4	147.2	155.8	163.4	181.6	189.1	189.8	195.6	196.1	202.7	215.4	221.9	228	231.6	230.5	234.9	233.6	240.4	253.1	251.4	246.9	252.7	261.6	263.5	264.5	258.3	254.2	261.6	262.9	254.7	252.4	254.4	254.1	249.5	250.4	256.3	262.8	256.4	253.4	257	259.9	266.3	260.6	257.4	262.6	273.1	285.1	298.2	301.6	281.5	262	264.6	278.9	292.7	293.5	278.2	270.3	267.5	258.8	258	256.8	259.5	266.5	264.9	263.1	263.5	261.5	253.2	245.8	244.3	246	241.9	235.4	233.1	232.2	232.6	231.6	228.8	227.1	224.9	219	226.7	238.3	248.4	254.1	256.4	249.5	243.5	238.8	235.4	233.4	225.3	218.8	212.2	202.2	198	197	192.1	185.6	182.6	183.6	181.6	177.9	176.2	175.4	171.4	174.3	181.9	189.5	192.3	208.9	260.3	301.4	294.5	294.1	301.4	291.6	275.9	282.2	315.3	366	377.6	378.7	379.9	378.6	379.2	379	377	367.9	381.1	368.5	375.7	386.2	380.6	378.6	380.3	366.8	352.9	380.6	386.8	386.7	384.7	395.2	398.1	408.3	435.7	454.1	445.8
612	606.2	598.7	590.4	603.9	607.5	572.4	546	528.7	525.6	512.1	484.2	473.4	468	468	459	454.5	446.4	432.9	413.1	403.2	402.3	399.2	394.8	385.7	396	390.6	378.4	382.2	389.7	382.6	383.6	376.8	355.7	335.3	295.6	284.3	271.9	264.2	266.4	261.6	251.9	243.1	228.2	217.3	179.8	144.2	138.7	146.1	154	162.2	177.2	184.9	191.7	195.5	198.5	205.8	214.3	221.9	227.5	231.4	229.1	228.8	231.4	241.7	250.8	248.1	245.6	250.9	255.5	259.5	256.8	253	253.8	259.7	258	255	252.5	254.9	249.9	239.4	241.9	251.7	261.4	261	256.7	259.6	266.4	269.4	263.3	264.8	274.3	286.4	296.9	308.9	306.4	286.6	267.9	271.7	286.1	297.7	297.3	284	276.2	270.5	261.6	261.9	259.5	265.8	268.1	261.4	265.9	266.9	262.9	255.7	248	246	243.3	238.1	233	228.9	227.3	231.1	231.6	229.9	225	220.6	218	219.8	229.6	243	250.2	254.6	252	245.8	241.2	236.7	233.5	227.6	222.3	215.4	203.3	199.2	196	188.2	187.2	184.2	182.3	178.7	177.1	177.4	175.7	172.2	176.7	184.1	190.9	199.2	242.9	286.3	299.2	297.7	306.3	310.6	296.8	278.8	304.4	342.3	367.1	378.6	377	379.6	379.9	379.5	382.9	378	360.2	374.7	371.9	376	384.5	379.4	377.9	380.8	373	363.4	377.4	386.7	386.6	376	389.9	399.1	418.3	452.6	463.4	454.4
606.4	607.2	612	612	612	602.1	581.4	561.6	545.4	529.2	505.8	483.6	479.7	478.3	475	461.6	450	450.9	438.3	418.5	404.1	401.8	393.4	384.5	381.7	387.2	391.5	388.8	387.9	387	390.6	388.7	376	368.2	367.6	334.6	296.6	276.9	266.4	262.2	263.2	255.2	244.6	229.8	220.7	189.8	154.2	137.7	141.4	148.3	158.8	170.1	182.3	190	190.9	195	203.8	213.4	215.7	221.4	230.3	234.5	229	227.4	234.4	240.2	244.2	244.4	250.3	251.2	253.6	251.3	247.6	252.7	255	245.8	246.1	247.1	250.2	246.9	235	233.2	244.3	249.6	253.1	259.8	265.2	268.4	267.6	268.2	277.2	288	301	311.3	324.3	313.1	289.6	281.9	286.4	286.5	292.8	301.6	290.6	279	275.5	269.8	269.4	269.3	273.5	268.7	260.6	261.2	265.2	263.7	258.2	247.7	240.6	244.5	244	236.9	228.3	226.1	226.4	228.3	226.2	224.3	220	217.6	212.1	218.7	229.1	242.5	246.1	239.7	236.5	233.9	234.8	232.4	222.8	214.7	209	205.5	199.6	196.3	193.5	190	191.6	188.2	181.7	181.3	179	175.6	175.7	178.8	188.6	193.5	205.9	262	298.8	291.5	286.1	302.4	306.7	301.1	321.7	357.3	359.5	346.2	372.9	379.4	359.9	363.4	370.9	383.4	382.8	378.8	378.5	375.7	363	380.1	379.7	381.3	385.7	385.9	386.4	385.6	387	387.5	378.2	392.1	407.6	445.7	486.3	481.5	461
612	612	612	612	612	600.3	581.4	560.7	548.1	530.1	506.7	490.5	484.2	480.6	477	460.5	452.5	450.9	439.2	422.1	405.9	401.1	387.9	393	392.7	390.3	393.3	388.8	387.9	387	388.8	383.9	371.9	367.7	362.3	345.6	313.9	279.9	262.8	258.2	258.8	254.6	244.9	233.4	221.9	220.3	196.8	149.6	144.1	149.5	156	169.2	182.8	191.1	192.2	195.8	203.2	213.4	212.1	217.6	230.3	234.7	236.2	232.1	230.1	235.6	241.3	238.7	240.3	241.9	241.7	241.6	240.6	245.5	245.7	234.5	234.8	237.1	239.9	240.7	232	233	245.3	247.8	249.6	257.4	263.1	265.3	264	264.5	270.6	276	287	298.3	308.8	295.7	279.7	278.4	281	278	275.9	283.3	283	275.9	272.3	266.3	264.2	265.3	266.7	261.5	255.5	254	257.7	250.9	246.5	244.6	237.9	239.4	241.1	232.9	227.1	226.8	225.3	226	223.6	223.4	217.7	213.3	212.7	215.8	222.2	240	244.8	244.4	243.1	238.2	235.4	231	224.5	216.3	208	202.8	198.2	196.4	194	192	191.3	188.1	183.7	180.9	175.3	175.4	177.6	180.2	192.2	206	250	299.6	303.5	297.5	289	300.1	304.4	311.7	349.2	372	369	348.7	367.2	378.7	357.7	339.5	346.7	377.8	383.4	382.5	379.6	378.4	351.6	360.5	380.4	382.4	387.3	382.7	385.3	389.5	385.9	388.2	388.7	394.5	411.4	458	497.2	485.2	460.2
611	612	612	612	612	612	594.9	574.2	551.7	528.3	513	504.9	495.9	486	477	467.1	458.1	452.7	448.2	434.7	412.2	397.5	401.4	399.6	395.1	394.2	394.2	389.7	387.9	387	387	380.5	372	367.7	337.7	355.5	371	342.5	285.7	261.2	257.7	257.8	247.5	233.6	226.2	220.6	207.1	158.5	150.2	150.7	150.6	158	176.8	187.4	189.4	193.9	199.6	205.7	209.1	217.1	224.5	231.8	233.3	231.9	235.2	230.3	230.9	230.9	228.7	231.4	230.5	232	233.4	233.1	230.1	222.4	224.9	223.9	223.1	225.7	232.5	235.8	242.9	245.8	250.2	258	262.6	258.5	246.8	241.2	243.1	255.9	271.3	280	292.4	286.5	278.5	273.9	271.3	258.7	242.6	245.9	248.4	253.4	257.5	263.1	264	263.3	261.8	256.9	250.2	248.3	252.6	248.9	238.1	232	233.9	236	233.9	232.2	232.9	226.9	221.8	227.4	230	225	215.4	212.8	206.4	207.8	214.4	230.5	239.4	243.8	242.8	238.8	231.1	228	227	219.1	208.7	206.2	200.4	195.8	192.5	189.8	192.1	184.6	180	176.4	172.8	175.4	177.6	181.1	192.2	214.9	267	297.9	301.2	297.7	290.2	302.1	323.4	356.8	379.6	380.9	379.9	378.3	373.4	377.2	379.8	375.7	368.6	382.7	380.3	370.2	383	382.5	369	362.7	381.7	384.2	385.9	381	383.5	387.9	388.6	375.6	372.8	388.9	431.1	483.7	517.2	512.6	482.5
611.3	612	612	612	612	612	612	591.3	565.2	540	522.9	511.2	503.1	492.3	483.3	472.5	460.8	455	455.4	446.4	427.5	407.7	402.3	401	396.9	393.3	393.3	393.3	389.7	387	379.9	374.1	372.6	369.9	355.4	363.5	370.3	359.4	304.9	272.1	259.9	257.2	248.7	235.4	226.3	219.6	222.5	198.1	173.8	156.3	151	155.6	167.6	186.4	194	193	199.7	199.3	203	211.6	220	228.7	230.5	228	226.5	224	220.8	220.6	222	225.9	228.9	228.1	230.3	227.1	226.1	224.7	220	218.5	216.4	215.7	223.6	228	232.5	243.6	252.6	251	246.6	241.1	229.9	219.7	219.4	228.9	246.4	259.4	265.7	275.5	267.6	260.7	250	240.7	236.8	233.7	234.4	239.2	241.1	247.9	253.1	254.7	250.6	248	245.1	239.9	237.7	237	231.7	232.3	227.6	231.4	234.1	229	227.3	223	220.1	221.4	227.7	228.6	217.8	213.9	212.3	208.2	214.2	224.3	236	240.7	240	235.1	229.9	226	224	219.1	212.5	205	197	194.6	193	188.2	186.6	183.9	179.1	174.4	175.5	175.9	177.2	179.9	208.2	270.7	304.9	302.5	308.7	304	303.4	318.3	339.5	361.9	380.5	380.8	380.4	378.6	378	379.7	381.6	382.3	385.1	381.3	380.8	374.3	375.6	379	380.4	367.6	383	383.4	384.1	385.2	385.2	386.2	386.8	377.2	364.1	385.1	419	457.5	505.2	525.1	512
612	612	612	612	612	612	600.4	585.9	556.8	543.6	535.5	522.9	504	493.2	483.3	468	460.7	461.4	459.9	450.9	427.5	407.7	401.6	400	396.5	393.3	394.2	391.5	389.7	387.9	379.1	372.4	371.8	371.9	380	375.7	369.2	373.2	371.2	368.9	343.3	302.1	256.6	241.5	230	222.1	226.5	227.9	201.2	168.9	156.2	162.4	167.7	184.3	192.1	194.1	198.5	199.7	202.7	215	222.8	229.2	225.5	228.3	223.5	215.5	213.4	215.7	217.1	221.4	221.5	220.6	221.4	218.1	216.8	217.5	221.6	218	213.6	213.9	219.3	224.1	227.9	244.1	244.6	231.8	219.3	211.9	212.4	216.1	217.9	224.5	232	234.9	241.5	241.4	240.8	242.9	239.8	228.9	225	229.8	233.8	229.6	223.2	219.1	222.9	231.1	236.1	238.7	240.7	238.9	233.4	232.9	225.3	227.6	220.6	224.2	225	225.2	222.1	219.1	210.9	214.5	221.9	217.8	217.7	218.5	217.2	215.5	214.3	219.8	228	232.8	233.3	229.3	224.6	225.5	223.8	216	204.7	200.6	197.3	195.2	193.3	191	183.9	177.5	176	176	178.6	175.8	171.3	181	221	288	309.6	312.6	329.1	350.6	363.3	357.9	346.1	330.6	344.5	363	371.4	372.2	374.4	374.1	378.6	370.8	367.5	380.6	381.7	380.5	369.8	353.2	374.6	354.2	357.9	384.8	370.6	374.6	388.9	389.2	387.6	395.1	408.4	424.3	474.6	531.7	550.3	560	535.6
612	612	612	612	612	604.8	595	586	556.4	546.3	540	523.8	504	490.5	483.3	473.4	467.4	468.4	462.6	450.9	430.2	409.5	396.9	402.2	396.9	394.2	393.3	391.5	389.4	387.9	383.5	376.1	375.9	384.9	388.2	378.3	370	371.4	372.5	372.6	373.8	322	259.2	246.1	232.9	224	225.2	240.7	254.7	197	163.2	162.1	164.6	179.3	189.6	189.1	194.8	198.2	201.5	212.7	220.5	222.5	222.1	226.8	221.8	212.3	210.9	213.1	213	217.8	219.5	220.4	218.2	212	211.1	219.8	225.6	222.7	221.5	222.2	227.3	233.4	238.3	251.3	249.2	236.5	225.4	222.7	226	227.3	232	235.1	236.6	243.9	248.1	240.6	238.6	244.6	245.9	239.2	230.6	234	238.8	241.8	237.4	231	232.7	239.1	239.6	243.8	248.5	243.7	238.8	235.4	230.5	228.3	220.4	219.9	221.9	220.3	212.7	211.5	205.1	209.8	215.7	215	216.9	216.4	218	216.7	215.7	218.3	223.5	225.4	227.2	230.1	228.4	223.6	222.9	212.6	203	201.1	199.4	195.2	191.9	190.7	183.8	177.7	175.7	175.8	177.1	173.1	171.9	190.7	264.3	307.7	311.9	325.9	348.9	378.3	389.5	361.1	359.7	343	337.3	355.5	366.8	370.7	366.2	364.4	379.1	376.4	370.2	366.8	372.5	379.3	376.1	360.8	373	352.7	350.7	383.5	369.5	371.5	393.6	394.2	389.9	395.2	410.7	439.7	487.7	547.9	566.6	572.7	550.8
612	612	612	612	612	612	610.6	594.9	569.7	548.1	537.3	520.5	500.2	491.6	494.1	489.6	474.3	472.5	467.1	452.7	435.9	416.7	406.8	404.1	400.5	395.1	393.3	393.3	388.8	356.8	366	375.4	377.3	385.2	384.5	376.1	370.1	372.5	374	373.8	354.6	347.9	313.2	265.8	238.9	231.9	228.9	236.9	254.9	213.3	170.3	161.3	163.2	172.6	184.4	187.8	187.2	189	196.9	204.9	213.5	218.6	220.6	225.1	221.1	210.1	206.9	205.8	204.6	208.8	215.7	221.7	212.1	206.2	209	216.7	219.7	223	223.7	221.2	226.1	240.2	248.3	244.1	229.5	226.4	220.2	218.8	221.5	226.3	232.7	234	229.4	238.6	241.9	234.6	230.3	240.1	244.9	238.7	226.4	230.6	238.6	245.6	240.1	230.8	234.6	232.3	226.3	229.6	233.4	236.5	233.4	229.7	226.2	221	213.5	205.4	201.3	205.4	202.3	196.3	196	196.4	200.7	211.5	211.9	212.4	215.9	218.1	219.4	222.7	225	225.2	228.1	226.1	227.8	223.8	216.3	209.4	203.2	201.7	198.7	198.6	196	189.5	181.3	179	180	178.8	175.2	172.3	177.1	200.8	273.2	305.7	309.6	318.4	355.1	403.1	395.9	364.7	352.9	365.2	371.7	378	375.6	378.8	379.4	367.4	354.3	368.5	381.7	379.8	375.3	381.1	381.1	377.8	377.4	369.8	363.4	386.4	388.2	380.3	403.9	411.2	405.2	406.5	435.4	496.6	542.3	568.7	599.8	603.7	598.1
612	612	610.8	612	612	610.4	610.4	600.9	576.9	550.8	538.2	532.8	515.7	499.5	496.8	489.6	474.3	470.7	467.1	453.6	439.2	421.2	409.5	405.9	401.4	396.9	395.1	390.1	354.7	363.3	384.1	377.9	386.8	387.9	384.5	379.7	372.7	371.8	373.8	343.8	356.7	353.5	286	253.9	236	228.2	227	234.4	250.7	237.2	184.7	166.2	168.4	174.5	182.5	185.9	184.2	187.5	196	200.4	207.9	214.1	220.8	224.8	217.8	213.2	211.3	208.7	208.2	210.5	214.8	217.8	213	204.5	212.6	217.9	220.1	225.4	226.7	231.5	238.5	247.2	247.5	242.3	236.9	235	232.6	231.4	234.9	243.1	253.6	255.9	256.7	272.5	271.6	262.8	258	266.4	276	268.8	254	255.5	261.6	261.6	252.6	241.1	240.4	236.1	230.1	228.2	235.1	237	234.4	234.3	228.2	215.1	209.2	202.1	195.8	199.9	198.4	192.8	189.1	194	200.1	209.7	206.4	206.6	211.1	215.8	224.5	225.3	224	223.4	222.6	222.9	226.8	223.1	211.8	206.4	203.6	199.2	198.4	196.6	187.8	184.3	182.5	177.4	179.1	177.3	174	175.6	185.7	230.3	299	310.4	313	334.6	402	400.4	385.5	349.3	353.4	375.2	385.1	382.6	378.6	380.2	380.7	355.1	357.5	370.5	380.4	381.6	382.1	383	382.5	372.2	370.7	368.3	388.9	393.4	396.4	393	408.7	423.6	412.2	412.4	444.5	518.9	561	569.6	604.6	607.4	606.9
612	612	610.3	612	612	609.6	612	609.1	590.4	569.7	562.5	550.8	531.9	516.6	501.3	487.8	474.3	468.9	474.3	462.6	446.4	429.2	416.7	407.7	403.2	399.6	395.1	389.7	388.7	388.8	385.6	383.5	385.6	386.9	386.1	382.7	372.6	372	355.9	328.5	351.9	373.2	330.1	263.5	240.5	228.5	226.1	228.7	238.5	235.6	191.7	167.8	166.5	176.2	183.5	188.3	187.7	189	193.8	197.6	204.9	207.9	215	220	215.3	214	213.6	208.1	211	213.8	216.4	213.9	205.5	204.6	213.8	214.3	216.1	215.9	220.3	227	224.8	223.8	231.5	232.4	222.6	220.3	218.5	217.8	229	236	240.4	253	256.4	271.5	271.8	270.5	260.5	262.5	272.6	271.2	261.7	261.4	260.8	258.1	247.2	239.5	236.3	231.2	225.6	222.2	218.4	217	219.8	223.5	214.4	204.7	199.2	190.9	189.4	187	188	188.6	183.9	183.4	193.7	202.9	200.7	201.9	208.1	215.3	229.7	230.6	229.8	224.8	220.3	219.2	225.5	219.9	211.1	206.3	201.7	195.1	190	189.3	191.9	185.3	182.1	180.1	180.8	178.5	172.6	173	186	229.8	279.8	290.8	293.1	320.7	356.7	379.2	367.7	358.4	378	372	381.5	380.4	381.5	375.5	375.1	367.5	378.3	383.1	381.9	381.3	378.2	385.8	389	395.1	384.2	375.9	397.5	427.3	451.2	465.5	490.6	484.7	432.1	428.7	509.5	592.4	604.2	581.2	587.4	610.4	609.6
612	612	610.7	612	612	612	611.4	611.8	601.2	581.4	568.8	554.4	536.4	520.2	505.8	492.3	479.7	477	478.3	466.2	448.2	431.7	419.4	407.7	404.1	400.5	396	392.1	390.1	388.8	388.8	387	386.2	387.9	386.8	381	374	376.5	345.9	333.2	359.5	372.3	349.9	270.8	242.5	230.8	226.5	230.4	237	252.7	250.5	195.5	171.6	181.3	186.9	189	187.4	186.7	191.2	192.5	202.4	207.4	210.5	216.1	213.5	210.9	209.5	209.6	214.4	219.8	221.8	215.5	206.5	206.3	213.8	213.6	213.7	214.3	216.9	220.9	211.6	207.4	221.1	222.1	216.8	212.3	209.1	211.4	226.2	232.3	236	258.9	272.6	277.7	282.3	280.7	268.3	262.4	268.8	266	261.3	262.9	259.3	248.8	230.1	225.2	226.2	223.5	218.7	217	210	206.2	205.6	209.3	206.1	200.3	197.2	191	188	188.6	186.4	191	190.8	189.6	195.7	201.9	202.7	203.8	206.3	213.4	225	231.2	228.7	220.9	218	216.3	223.1	219.6	211.7	207.6	199.5	193.4	188.7	187.9	191.4	186.7	181.8	182.7	182.3	177.5	176.7	182.3	226.1	278.9	283.2	290.3	295.3	327.3	357.7	363.6	358.9	356.5	373.9	370	373.2	382.2	380.5	382.5	376.1	361.5	373.8	386.5	384.2	382.7	384.7	387.9	393.5	400.3	402.4	395	426.9	465.8	481.6	507.8	533.4	506.7	439.2	452.8	536.5	605	604.4	588.5	578.8	610.3	609.3
611.4	611.5	609.5	609.9	612	612	611.5	612	612	607.5	587.5	569.7	555.3	541.8	521.5	507.7	498	484.2	474.3	466.9	458.8	447.3	429.3	409.9	402.3	398.9	396.9	393.3	390.6	389.7	389.7	387.9	387.9	387	382.9	380.1	378.8	379.5	375.7	373.9	371.7	372.1	367.2	298.1	245.7	232.3	228.1	226.6	233.4	245.6	256.8	207.9	169.9	180.7	184	187.2	191	191.9	189.8	193.3	198.8	203.4	205.3	209.6	208.3	207.6	208.6	214.2	219.8	218.9	222.6	214.9	210.2	208.7	213.6	216	217.8	214.3	212.5	212.5	199.9	193.2	199.9	202.4	200	187.7	179.1	186.6	201.1	214.1	221.9	239.2	259.4	263.9	261.3	252	241.2	245.2	242.9	239.5	234.8	228.8	216.5	195.4	168.4	160.1	167.6	177.3	188.2	188.7	187.8	188.6	183.4	177	182.1	188	185.5	186.5	179.3	176.5	177.3	176.6	178.1	179.9	186.2	192.9	199.7	201.1	202	210.2	223.7	232.6	236.8	231.5	221	217.9	221.2	222.5	215.4	206.7	200	193.5	188.8	185.7	187	184.1	182.3	184	183	180.6	182.2	191.2	248.8	297.7	294.5	293.1	299.4	335.7	364.7	368	357.8	347.3	344.6	362.3	366.5	384	384	380.6	381.3	382.3	366.6	392.3	392.1	393.3	394.7	401.8	415.3	435.6	452	464	521.9	580.8	594.4	606.1	605.4	592.1	557.7	576.9	592.2	601.9	605.4	603.2	603.4	601	606.4
609.9	611.1	610.4	610.8	612	612	612	612	612	610.2	586.8	575.1	558.9	544.5	523.3	510.1	500.1	481.5	473.4	471.6	464.4	450.9	431.3	411	402.3	401.4	396.9	394.2	391.5	389.7	390.6	388.8	387.5	387	381.1	383.2	388.4	385.2	386.3	377.4	372.7	373.5	368.8	308.1	250.2	232.5	229.3	228.9	234.9	245.2	257.7	241.9	190.2	180.7	185	185.5	191.3	191	190.1	194.2	197.1	200	203.9	207.3	206	205.9	208.4	214	217	223.8	225.3	217.7	214.8	211.7	217.1	220.2	222	217	211.6	204.4	190.5	186.1	188.2	183.1	179.2	165.3	152.7	164.1	175.1	187.2	191.2	199.6	211	214.6	215.1	207.6	204.9	212	210.2	206.2	200.9	194.7	177	153.2	135.7	130.2	134.5	144.3	155.1	164.3	169.3	171.7	170.5	167.5	173.9	181.9	187.4	186.1	181.5	182.6	182.9	177	176	180.1	186.9	194.1	202.1	204.5	204.8	216.4	228.6	234.1	236.5	231.1	222.3	218.4	218.1	218.9	211.8	201.8	198.1	192.7	188.7	187.1	188.6	184.2	182.3	182.8	181.6	183.3	187.7	212	285.5	300.3	297.4	297.6	304.3	341.2	361.1	368.2	362.2	351.9	344.9	354.5	365.9	384.6	387.7	382.8	382.6	381.6	367.8	386.7	399.4	403.4	408.2	421.3	442.6	470.9	484.8	505.6	563.3	608.6	606.8	605.8	605.1	603.4	588.6	597	595	606.2	605.8	603.7	603.8	601.5	606
611.7	612	612	612	612	612	612	612	612	612	588.6	584.1	570.6	556.2	535.5	516.6	505.8	486.9	470.7	470.7	468	451.6	445.5	429.1	409.1	403.2	399.6	396	391.7	375.8	388.9	390.6	389.7	387.9	385	383.4	387.9	387.9	385.2	380	374.7	372	371.7	359.3	273.4	233.8	229.6	229.6	231.3	240.4	252.8	240.7	198.5	181.6	183.9	189.7	193	192.7	189.9	195.1	199.2	200.5	199.5	203	205.9	202.6	200.9	208.7	217.3	224.9	225.7	216.2	209.1	213.3	220.1	221.4	218.7	216.9	208.7	194.3	185.4	179.5	171.7	163.6	158	150.8	152.6	156.1	163.5	166.3	161.8	155	151.6	147.1	146.2	145.2	151.7	166.5	166.5	156	144.7	133.2	122.9	120.1	116.2	113	108.9	106.4	106.4	109.9	115	122.7	130.5	135.4	144.4	149.9	156.5	158.5	155	160.6	159.2	152.3	151.5	154.3	163.5	176.2	189	198.5	208.2	222.2	234.3	241.9	245.7	244.7	233.6	224.1	222.8	216.6	208.9	201.7	196.4	189.6	188.3	188	190.8	188.2	181.1	178.1	179.9	183.7	188	225.4	289.2	302.3	294.6	289	322.3	365.6	375.8	385.6	385	380.2	363.3	354.4	340.8	360.5	384.9	387.4	392.3	412.2	434.4	427.1	448.6	463.2	523	553.1	570.2	596.8	609.6	608.9	608.7	588.9	587.6	607.4	605.9	606.2	607.2	607.8	607.3	606.8	606.5	606.7	606.9	606.6	606.9
612	612	612	612	612	612	612	612	612	612	588.3	585	571.5	557.1	537.3	522.9	509.4	491.4	471.6	463.8	465.5	459	450.9	436.5	414	404.1	399.6	395.1	394.2	379.7	380	390.6	388.8	385.2	384.3	383.4	387	388.8	387	383.2	375.6	372.5	371.2	369.5	325.2	266.7	232.8	232.3	230.5	239.4	254.6	244.4	220.2	201.8	195.9	193.3	193.4	195.1	190.2	193.4	198.8	196.5	193.7	201.1	205.4	204.7	203.4	208.1	220.5	225.9	226.1	217	211.7	213.9	221.7	225.1	220.4	215.6	206.7	193.8	184.4	174.1	168.7	157.1	147.4	143.2	145.2	144.8	145.8	141.3	135.4	130.6	124.2	121.6	119.2	118.5	122.2	133.3	133.5	125.8	119.8	113.2	108.1	106.5	106	102.8	101.2	97.4	96.1	99.9	103.4	107	112.7	120.8	128.4	133.1	139.4	145.1	150.2	156.5	158.9	156.2	155	154.5	162.6	175.4	185.5	196.7	207.7	218.9	230.3	241.1	245.8	243.2	236.4	228.5	221.8	212	204.1	199.2	194.2	186.2	183.6	186.3	188.6	184.9	181.3	178.8	180.9	182.2	194.8	265.6	293.2	297.3	289.8	279.2	299.8	355.8	377.4	378.4	383.3	385.1	377.8	368.9	350.8	353.1	372	393	405.9	438.7	469.8	472.2	496.4	512.2	570	594.6	605.6	605.9	606.8	609.1	608	601.2	586	588.1	606.9	606.9	606.9	607.5	608	606.9	606	606.2	606.6	605.8	605.8
612	612	612	612	612	612	612	612	612	612	611	612	587.5	562	551.7	543.6	525.6	503.1	478.8	468.9	474.3	474.3	464.4	453.6	432.9	409.5	400.5	396	395.1	394.9	393.3	390.6	387.9	386.1	383.6	382.7	385.2	387.9	387.9	385.8	376.4	370.5	370.2	360.9	305.6	248.1	229.9	228.2	228.1	233.1	248.8	254.7	236.5	214.3	197.6	194	197.6	196.9	194.6	196.6	197.4	194.6	193.5	196.5	201.4	200	209.1	219.1	225.9	230.9	232.3	218.1	211.1	212.6	218.3	220.5	214.6	201.8	187	173.6	157.4	146.5	143.6	144	141.4	131.9	124.1	115.8	107.7	108.6	105.3	104.6	106.9	110.3	109.6	108.8	110.4	108.9	109.5	110.6	111.9	112.7	112.7	114.9	112.5	108.3	109.4	110.5	108.6	112.8	111	108.4	109.6	112.6	121.5	128	135.5	143.5	155.2	167.5	172.7	181.5	185.1	182	178.3	173.8	179.4	194.9	209.6	223.7	233.8	242.5	251.8	250.9	240.9	232	217.9	210.5	203.6	198.6	191.5	183.7	182	185.4	186	182.4	178.5	178.5	183.7	189.4	201.1	270.3	308.2	308.7	303.3	313.1	371.3	385.4	368.6	365.1	375.8	383.9	388.2	373.8	371.7	392.5	435.7	483.2	547.4	587.3	597.1	606.9	606.7	596.8	608.7	609.2	605.2	610.2	606.4	605.9	605.3	602.5	595.4	603.8	606.4	607.3	607.3	606.9	607.2	607.3	600.2	596.5	606.5	602.9	592
611.3	612	612	612	612	612	612	612	612	611.3	610.6	611.4	602.1	566.6	553	544.5	526.5	505.8	486	473.6	477.5	477.5	466.2	453.6	435.6	414	403.2	396.9	394.2	394.2	391.7	390.6	386.8	380	384.6	383.5	385.2	387.9	387.6	385.2	376.4	370.7	366.9	352.7	320.5	254.7	231.5	229.6	227.1	233.8	246.9	257.2	265.3	241.8	213.5	208.4	199.3	196.9	196.7	196.4	197.7	192.5	190.5	196.1	199.2	200.2	210.9	220.9	228.5	235.2	234.3	218.2	208.2	210.2	214.9	215.3	209.2	196.8	181.4	161	145	137	134.9	138.6	131.5	119.7	110.1	102.2	96.2	102.1	97.5	98.3	100.8	105.8	108.9	108.4	108.8	108.6	111.2	114.6	114.3	117.7	117.4	122.3	122.1	121.6	121.4	122.9	116.9	120.5	118.2	117.4	111.8	110.5	118.3	126.7	141.1	150.3	163	175.2	178.9	183.6	187.1	185.9	183.8	177.8	180.6	193.9	208.1	219.9	232.9	237.6	247.7	251.5	240.6	228.7	216.5	209.1	202.7	196.2	191.1	181.7	181.1	184.5	181.5	182.4	177.4	179.4	187.1	192.4	219.9	284.6	310.3	313.5	313	331.4	385	383.5	381.5	365.3	375.1	384	385.3	368.4	381.9	414.8	486.5	543	591.6	605.9	606	605.7	604.1	592.9	607.4	605	609.4	611	607.5	605.4	605	604.3	605	606.5	606.7	606.4	606.7	607.2	606.5	606.6	605.1	595.9	603.3	603.3	592.7
611.4	612	612	612	612	612	612	612	612	612	611.5	612	612	590.4	567.9	552.6	541.8	529.2	516.6	500.7	495	490.9	481.5	464.4	446.4	429.3	408.4	397.5	396	390.3	390.2	390.6	386.8	387.3	384.3	384.3	387	387.5	384.9	383.6	377.9	372.8	360.4	368.3	369.8	294.3	235.5	227.9	221.6	227.4	245.8	261.4	269.3	254.6	227.5	211.6	198.1	199.2	200.2	201.6	198.9	197.5	194.8	197.5	198.7	203.1	215.3	228.3	236.7	243.6	241.2	223.2	213	212.6	213.6	216.5	206.3	185.5	159	132	116.2	109.9	101.5	97.2	90.3	88.3	80.4	79.6	97.3	105.5	104.2	110	112.5	118.6	124	125.6	130.6	133.1	134.8	137.5	140.2	150.1	147	145.5	145.6	144.6	141.4	138.6	132.7	128.7	128.2	123.4	120.7	118.7	124.8	143.7	164.8	172.5	183.7	197.3	198.6	195.7	191	195.3	202.4	202.3	194	194.3	202.2	214.9	230.1	243.2	248.7	248.7	242	231.5	221.2	213.3	206	199.3	194.4	188.7	187.8	184.8	183.9	183	184.5	190.7	192.7	199.4	233.4	297.7	305.5	300.1	294.9	319.5	367.4	381.8	382.7	382.3	380.6	393.1	399.5	384.3	436.2	544.6	608.2	606.5	597.7	604.5	605.3	604.6	604.2	605.7	606.1	604	603.6	606.6	606.8	606.1	607.6	607.1	606.8	608.5	607.4	605.9	604.5	603.9	604.3	604.2	604.3	604.9	605.3	605.3	607.3
611.6	612	612	612	612	612	612	612	612	612	612	612	612	599.4	574.2	557.1	549	539.1	525.6	509.4	500.4	495.9	485.1	468.9	449.1	435.6	413.4	400.4	399.4	385.6	394.2	390	386.1	386.3	385.2	387	387	385.8	384.7	384.3	380.6	377.3	371.9	368.3	368.3	302.1	241.6	229	222.5	226.1	240	257.4	270.2	279.8	269.3	243.3	215.8	202.6	197.2	198	198.2	199.1	199.4	199.2	200.1	205.2	215.7	226.9	238.2	243.1	236.1	223.7	213.6	216	219.4	218.6	201.9	175.8	146.7	118.9	108.8	102.4	94.4	87.7	82.9	87.8	81.3	83	99.6	102.8	106.4	112.1	116.1	123.2	124.3	129	137.2	140.4	141.7	141.9	144.5	155.3	152.7	154	153.6	145.1	141.4	140.7	138.6	128.4	123.9	124.6	126.4	128.7	131.7	147.2	167.2	174.7	184.6	193.9	198.3	196.4	195.5	196.2	201.4	205.5	197.9	196	203.4	212.6	227.5	241.1	247.5	245	240.4	229.8	220.8	212.3	205.3	197	191	189.1	186.6	183.2	182.5	182	186	192.1	194	202.1	251.4	306.4	298.5	288.3	286.9	323	363.3	382.8	383.5	381.7	384.2	398.9	402.8	406.2	472.6	580.7	607.4	606.2	584.4	604.4	604.7	604.5	603.8	604.4	605.3	604.9	603.9	606.1	606.7	606.1	607.9	607.9	607.6	599.1	607.8	606.7	604.8	603.6	604.2	604.2	604.2	605.2	606.2	605.2	606.9
611.5	612	612	612	612	612	612	612	612	612	612	612	612	611.1	588.2	557	551.7	551.7	541.8	529.2	513.9	504	495.9	486.9	477.9	458.8	436.6	416.7	403.2	399.6	394.4	391	389.7	387.9	387	387	387.9	385.4	384.5	382.4	378.6	375.3	363.5	368.9	368.7	332.4	259.1	232.3	223.1	223.3	232.3	250.1	267.4	278	284.9	273.8	234.4	211.7	201.1	197.6	196.1	202.9	200.9	198.1	202.7	211.5	220.2	228.9	242.9	250.2	245.8	232.3	219.4	224.5	222.6	210.6	190.3	164.4	136.5	123.4	116.8	109.5	102.8	98.7	100.8	99.8	96.6	99.3	107.3	113.2	118.6	128.6	140.2	143.6	150.3	152.4	157.2	162	159	157.5	156.4	164.8	165.3	165.9	166.9	161.6	156.8	152.5	150.9	154.7	152.4	153.7	158.9	153.9	155	157.5	174	184.5	188	201.4	204.7	200.1	200.2	197	201.7	208.9	214.4	214	210.4	214.1	225.9	236.6	243.4	242.2	237.3	232.7	224.7	215.6	207.5	195.8	186.7	185	179.7	181.7	179.6	178.8	183.7	188.5	191.2	197.9	231.7	276.9	286.2	275.6	285	331.3	357.7	389	400.9	399	426.1	499.5	528.7	567.8	583.8	572	605.2	606.9	587	594.1	605.3	604	604.9	605.4	605.2	606.4	605.3	604.2	601.9	603.6	605.3	605.8	606.1	605.7	605.9	607.6	607.2	606.7	606.2	606.7	606.5	606.2	607.1	605.8	604.7
611.8	612	612	612	612	612	612	612	612	612	612	612	612	610.9	590.9	558.9	555.3	556.2	546.3	534.6	522	512.1	499.5	490.5	486	464.8	441.7	422.1	405.9	399.8	395.6	394.9	391.5	387.9	387.9	388.8	388.6	384.7	382.4	379.2	372.2	369	366.7	368.9	368.8	332.3	263	235.4	226.6	223.7	231.1	249.7	268.4	275.6	282.6	289	233.5	206.7	202.8	197.8	198.4	202.6	200.1	199.3	201.1	208.7	221	231.3	243.9	252.9	249.5	233.7	221.1	223.9	220.5	208.1	185.4	160.9	138.2	129.7	123.9	117	111.8	105.2	106.4	104.3	101.3	106	112.3	118	124.8	137.9	147.5	152.6	155	160.2	164.6	171.5	169.9	165.4	161.9	168.5	171.4	169.8	169.1	165.3	161.2	162.2	159.6	161.6	163	163	163.3	157.6	158.8	166.4	184.6	190.7	191.1	200	202	197.9	199.7	198.7	200.4	208.4	217.6	219.4	212.7	216.6	227.1	235.8	242.3	240.5	237	231.4	220.3	213.6	206.4	194.3	189.7	185.4	179.2	180	179.6	180.1	186.8	191.3	199.8	211.7	269.5	301.9	295.5	280	296.3	345.2	363.2	395.8	410.3	414.7	460.7	546.6	585.8	600.8	594.1	573.5	599.3	607.2	592.1	601.7	606	604.7	605.2	605.7	605	605.8	605.2	601.4	590.6	603	604.5	605	605.7	605.7	605.8	607.3	608	606.6	605.7	605.7	605.7	605.4	606.2	605.3	603.8
612	612	612	612	612	612	612	612	612	612	612	612	612	612	612	596.7	587.7	586.4	576.9	553.5	545.4	534.6	526.5	518.9	505.4	485.8	468.7	448.2	417.3	394	401.4	396.9	391.5	391.3	390.3	390.3	389.3	385.9	385.5	379.1	369.4	366.1	370.8	372.9	361.3	345.8	288.2	246	234	227.1	228.4	242	259.5	272.5	279.9	285.9	232.4	206.6	201.9	201.7	203.1	204.3	202	202.3	202.6	211.7	224.4	231.5	242.8	252.5	256.9	250.3	237	231.2	224.5	214.6	205.1	181.8	162.9	149.4	138.3	133.5	133.7	129	125.7	125.5	123.1	127.1	132.6	136.3	144.2	153.5	158	161	166.9	171.7	172.2	178.7	181	177	174	175	176.9	177	174.9	173.6	172.8	174.7	175.3	172.8	178.3	179.4	178.3	170.7	170.8	187.6	204.4	204	198.9	199.7	201.6	200	205.2	205.9	201	204.5	215	216.9	216.5	223.8	230.3	233.1	237.7	235.1	233.3	225.5	217.7	209.7	201.2	188.8	182.9	182.7	184.7	182.7	185	181.9	186.5	196.2	206.3	218.9	269.1	308.5	308.4	306.8	355.1	402.1	410.1	426.2	433.6	447.5	528.7	605.4	607.1	608.2	607.2	580.5	584.9	606.1	605.7	606.5	606.4	596.5	597.4	609.4	607.9	606.5	606.9	606.6	605.8	605.8	606	606.8	608.1	609.3	608.7	607.1	606.6	606.1	604.9	604	603.7	603.6	603.2	603.4	604
612	612	612	606.4	607.2	612	612	612	612	612	612	612	612	612	612	612	597.6	591	583.8	554.6	545.9	538.2	534.6	526.5	511.2	491.4	478.8	459	427.7	400.8	402.3	396.9	393	391.5	390.6	390.6	391.5	388.8	388.5	384.8	372.6	374	371.5	367.7	363.8	358.9	301.4	248.1	235.3	226.7	227.1	241.5	258.8	272.4	280.4	287.4	238.7	216.1	208.1	202.6	202.3	203.3	204.8	202.8	203	211.3	224	233.8	244.3	250.9	257.6	255	242	235	226.7	217.3	208	192	176.9	161.7	146.4	137.7	136.4	135.4	135.5	132.8	132	140.1	146.3	152	158.8	164.5	170.9	178.1	183.6	184.8	184.9	191.1	195.8	187.3	182.4	184.8	182.7	177.6	174.9	177	177.5	178.7	179.5	179.5	181.2	181	179.3	175	181	199.3	209.5	207	201.4	201.6	203.8	201.9	206.7	209.4	206.5	206.2	212.5	213.3	215.6	224.4	229.8	232.6	232.6	232.9	230.4	222.5	214.4	208.3	196.8	187.8	182.7	181.5	184.6	183.6	187.8	185.3	187.5	200.3	208.5	220.4	257.4	298.1	316.7	322.6	387.9	425.8	427.8	434.9	440.8	458.9	536.5	605.3	606.9	608.1	608.7	588	583.1	605.9	605.4	606.1	606.4	598.5	592	606.8	608.6	607.4	607.5	607.2	606.4	607.1	603.7	604.1	607.9	610.2	605	605.2	607.4	606.9	605.4	605.1	605.3	604.7	604	604	603.2
612	612	612	612	612	611.4	610.4	612	609.6	612	612	612	612	612	612	603.2	604.8	612	606.4	599.4	578.7	565.2	555.3	549.9	537.3	513.9	489.6	471.6	446.4	425.7	410.4	406.8	408.6	404.1	401.4	400.5	396	394.2	394.2	391.2	382.9	381.5	376.8	368.3	373	370.9	344.1	273.8	240.9	227.8	225.8	233.9	252.9	268.3	278.9	278.7	230.9	221.1	215.2	209	204.5	204.4	208	205	203.9	205.9	219.5	227.8	240.3	248.5	259	259.9	254	242.4	229.4	225.1	225.2	213.1	199.3	183.2	171.7	157.1	146.4	146.9	147.7	152.2	156.3	162.3	169.5	182.2	186.1	193.7	201.5	205.2	201.3	194.5	196	198.7	199.7	193.8	193.6	198.7	198.6	197	197.3	192.8	194.7	195.7	194.6	192.3	190	187.5	185.3	198.5	214.5	219.3	218	213.6	209.4	207.1	207.2	207.5	207	205.7	203.5	199.5	199.8	202.8	208.4	217.5	224.8	227.1	225.8	227.6	225.8	218.8	212.2	207.6	195.7	190	183	178.3	178.6	182.4	186.2	186.2	191.1	197.7	208.7	221.9	261.1	314.9	334	369.2	440	450.6	435.8	444.5	456.8	457	525.7	607.2	607.2	608.7	605.4	597.2	595.7	596.7	591	591.8	587.9	594.1	604.6	606.4	608.5	609.2	607	604.9	606	605.7	606	602.9	603	606.2	603.5	597.4	601.3	605.7	603.2	594.3	594.3	599.2	606.1	605	604.2
612	612	612	612	612	610.1	609.7	612	612	612	612	612	612	612	612	612	612	612	612	605.7	589.5	574.2	561.6	558.9	546.3	520.2	496.8	470.7	449.1	435.6	416.7	409.5	410.4	414	413.3	406.8	400.5	396	395.1	387.3	378.5	376.3	370.7	372.9	375.3	373.7	354.5	290.1	245.1	229.5	224.8	231	249.5	267	277.4	284.8	240.1	224.6	219.8	213.1	208.8	209.2	208.6	205.2	204.6	209.6	219.8	228.6	238.2	250.4	258.4	260.4	254.9	243.5	231.8	229.9	227.3	214.3	201.8	186.4	180.1	169.6	153.4	149.1	150.7	158.5	162.9	169.2	180.7	189.6	198.8	214	220.6	223.4	219.8	210.6	208.8	211.5	211.7	209.1	214.2	215.3	215	220.1	216.4	206.3	205.1	202.1	198.8	198.1	194.4	189.8	192	210.8	224.9	219.5	216	216	208.2	207.7	206.5	204.6	204.5	204.6	203.8	199.4	195.6	199	205.2	212.9	222.2	225.4	223.6	222.5	223.9	217.6	211.3	204.6	194	186.5	178.2	175.2	178	183.1	184.2	186.2	193.3	200.1	213.4	226.7	281.4	332.9	345.6	384.7	442.8	449.9	429.8	438.5	457.6	452.1	519.3	596.9	608.1	608.2	605.7	596.4	595.6	596.9	595.4	600.5	593.3	587	604.5	605.7	607.1	608.2	603.5	597.5	606	604.9	601.9	604.6	604.2	605.3	606.4	605.9	606.9	606.8	605.8	596.4	602.6	607.9	606.5	605.2	604.9
612	612	612	612	612	611.7	611.6	612	612	612	612	612	612	612	612	612	610.4	612	612	612	612	607.5	594	588.6	567	539.1	520.2	505.8	487.8	474.3	466.2	454.5	461.7	469.4	463.3	444.6	419.4	410.4	402.3	385.5	379.2	379.4	374.8	367.9	377.8	376.1	376.6	360.8	270.9	237.5	229.8	229.2	242.4	265.4	275.7	285.5	239.5	221.5	221	214.2	212.1	207.6	209.3	207.6	209.7	209.7	216.4	227.3	238.8	247.9	256.2	262	261.4	249.4	243.3	237.6	228.4	222	206.5	196.2	196.6	197	187.6	173.3	162.7	164.8	168.8	177.3	195.1	200	207.5	224.2	237.6	241.3	244.3	238.4	234.8	240.6	241.2	233.6	232.7	230.4	229.8	235.1	238.1	225.7	222.4	213	204.5	200.8	202.1	213	233.8	245	240.8	233	226.7	222.4	218.5	213.7	209.5	206.5	206	204.7	205	199.4	197.9	198.4	205.1	212.6	218.3	221.1	218.5	220.4	220.3	217.8	212.8	203	196.9	188.2	180.2	176.7	176.2	176.6	182.2	183.5	183.9	199.8	220.7	229.7	285.4	341.4	383.5	426.4	436.4	450.4	446.5	446.5	448	438.2	472.6	496.2	502.8	511.7	525.4	535.8	539.6	540.2	538.6	550.4	552	553.7	601.3	608	604.4	604.3	606.9	600.8	606.7	606	595.2	605.5	605.7	605.7	607.5	607.3	608	606.8	604.5	605.3	604.3	604.9	604.9	604.7	604.9
612	612	612	612	612	612	612	612	612	612	612	612	612	612	612	610.9	610.3	612	612	612	612	612	599.4	589.5	569.2	549.9	536.4	515.7	498.6	490.5	481.5	477	482.3	480.1	474.8	453.6	432	418.5	407.2	386.5	391.1	392.4	388.4	362.6	380.4	378	374.9	370.5	282.4	242.5	235.7	231.6	240.3	263.5	279.2	287.4	264	236.7	227.5	226	220.3	210	210	208.6	208.8	212.2	217.3	227.3	239	246.7	255.3	259.6	259.7	247.8	244.2	238.7	228.2	218.6	205	195.9	195.9	203.4	202.2	187.5	175	173.3	173.5	184.8	199	207.8	210.9	218.5	237.5	239.3	242.3	245.1	243.2	240.8	236.5	232.7	232	232.1	231	232.2	236.4	231.6	223.4	216.8	210.4	206.2	214.5	233.5	252.6	251.9	237.2	233.9	228.5	221.3	219.4	213.3	209	208.1	205.7	203.9	198.4	197.5	199.4	199.1	207.5	212.6	214.7	212.7	212.9	217.6	217.4	215.7	210.5	203.3	197.4	185.9	179.7	177	176	176	183.4	185.6	188.7	201.6	219.7	241.6	291.1	345.3	400.5	432.6	428.4	453.8	451	446	448.9	431.6	455.4	460.8	459.1	463.9	471.6	486.1	497.9	497.2	498.1	505.1	505.3	504.6	545.9	579.3	595.3	605	604.2	605.7	606.7	606	598.4	607.1	605.9	605.8	608.2	607.5	607.4	606.9	605.4	605.4	603.3	604.7	605	604.5	604.6
612	612	612	612	612	612	612	612	612	612	612	612	612	612	612	610.6	612	612	612	612	612	612	610.9	608.1	593.5	599.4	586.8	570.6	560.7	548.1	539.1	528.2	521.3	518.7	506	493.2	484.2	453.6	428.3	411.7	401.4	396.9	375.9	371.2	384.9	380.3	378.8	377.7	325.4	257.7	244.9	235.9	237.9	255.7	276.3	280.9	232.9	221.4	225.8	222.7	216.6	209.9	203.9	204.5	207.9	214	212.6	217	226.7	238.6	247.8	251.4	253.5	255.1	248.7	243.3	236.8	221.8	210.3	203.5	198.4	199.9	209.5	217.5	216.9	208.5	202.5	210.3	222.6	225.7	228.7	228.8	235.4	239.2	241.4	252.1	247	242.2	241.7	239.6	231.1	226.7	234.8	238.8	240.3	242.2	241.5	237.5	239.2	237.9	258.6	268.4	261.9	247.5	236.5	242.9	238	230.3	222.1	221.1	214	208.2	205.7	198.8	195.6	199.4	196.9	199.8	207.5	207.3	206.3	209.9	214.3	218.1	218.3	218.2	210.6	206.7	200	184.8	177.4	174.5	173	176.8	190	200.4	201.3	211	230.1	255	320.4	390.5	456.7	458.1	438	445.8	441.7	441.4	451.2	425.7	413.9	431.2	444.2	457.8	460.1	456.9	451.5	453.8	449.7	440.8	427.9	436.1	442.2	452.5	461.1	488.6	517.5	531.4	551.3	587.1	606.4	606.7	606.4	605.7	606.5	606.5	605.1	604.7	606.4	606.4	605.2	605	606.5	605.7	595.9
612	612	612	612	612	612	612	612	612	612	612	612	612	608.8	612	611.3	612	612	612	612	612	612	610.7	610.8	612	606.6	590.4	578.7	569.7	557.1	544.5	533	531.4	528.3	513	500.4	493.2	465.3	435.8	417.5	404.1	397.8	382.8	378.8	383.1	380.2	378.8	377.6	344.6	267.3	246.1	241.6	241.3	254.2	276	273.3	225.5	220.7	222.7	222.7	216.9	210.5	203.4	204.3	204.7	205.5	209.1	211.5	221.1	232.6	244.5	246.4	249	254.2	251.9	241.9	235.8	222.9	212.8	201.3	194	195.8	205.4	214.4	224.5	225.8	222.3	222.2	229.1	238.7	244.8	240.1	241.7	246	248.1	252.9	259.1	257.8	254.1	249	240.1	240	247.3	246.1	244.1	249.4	253.8	252.3	251.8	257	264.6	265	255.8	241.4	235.4	240.9	238.6	230.5	225	219.9	212.3	210.7	208	199.4	195.6	197.3	198.6	200.7	203.6	204.9	200.8	205.4	212.4	215.1	216.7	217.1	211.5	206.8	196.7	183.9	176.7	173.1	174.7	180.3	194.6	207	209.2	216.7	240.3	267.7	331.6	418.8	467	461.6	452.3	453.5	454	453.3	453.6	436.1	410.5	429.3	455.5	467.3	448.4	452.4	448.8	455.1	455.6	437.3	433.4	441.4	440.6	444.2	440.6	461.5	473.4	481.3	517.5	551.8	578.1	607.1	607.3	606.7	606.1	605.8	602.6	603.1	604.9	605.7	605.2	605	606.2	605.7	601.1
612	612	612	612	612	612	612	612	612	612	612	612	611.8	612	612	612	609.6	612	612	612	612	612	612	612	612	612	612	595.8	582.3	577.8	570.9	564.2	558.9	548.1	538.2	530.1	520.2	509.4	483.3	454.5	436.5	421.2	407.4	398.9	393.1	394	389.2	384.4	386.4	335.7	270.1	263.6	258.1	255.8	265.1	260.1	220.6	217.9	215	216.7	219.6	213.9	208.3	209.8	202	204.3	207.7	208.3	214	222	230.1	236.7	241.6	245.1	250.7	249.3	241.4	230.5	217.9	212.7	204.1	196	201.8	210.4	219.3	230.1	240.2	249.1	253.5	263.5	270.8	270.4	273.7	276.5	274.6	279.9	285.7	276.7	274.8	269.5	265.3	270.4	274.3	270.9	268.1	270.8	270.1	266.5	267.5	266.6	258.1	253.5	249.3	240.7	238.3	238.2	236.9	234.8	230.5	227.3	218.1	214.1	215.3	208.1	203.4	199.6	197.8	198.6	201.7	202.9	201.2	204.3	207	211.4	212.8	213.5	213.8	208.5	198.1	189.3	182.4	175.8	177.9	183.9	202	217.1	218.2	224.6	250.7	274.4	367.2	449.9	465.4	454.1	453.9	451.9	454.3	459.7	457.2	453.5	450.2	453.4	466.3	459.1	444.5	436	431.6	438.4	448.7	456.2	470.1	479.5	470	462.1	459.3	468.6	469.1	457.2	462.8	467.2	467	480.1	519.1	546.4	562.5	585.5	587.2	602.6	605.7	607.3	608.7	608.5	606.5	605.8	605.1
612	612	612	612	612	612	612	612	612	612	610.4	605.5	610.9	612	612	612	612	612	612	612	612	612	612	610.1	609.6	612	612	594.9	590.4	591.3	580.5	570.6	558.9	549.9	545.4	531.9	524.7	513.9	477	457.2	440.1	419.4	409.5	400.6	400	397.4	391.8	394.3	401.9	362.8	287.4	272.1	271.8	270.1	272.6	253.3	216.3	217.2	221	230.9	225.8	220.6	216.2	208.4	204.6	207.4	210.3	211.5	218.5	224.1	230	237	242.3	244.8	247.8	246.5	237.8	229.1	218.5	210.6	202	197.5	202.6	206.6	212.4	226.7	243.9	256.2	264.2	274.2	277.3	279	279.2	280	282.9	284.6	288.5	276.1	270.8	268.5	267.9	275.7	277.8	280.6	276	270.4	265.5	264.6	260.6	260.6	248.4	244.7	240.1	242	239.7	234.9	237.5	233.4	228.3	222.6	219.7	218.1	213.3	208.2	200.2	198.1	196.9	196.4	198.4	198.5	197	202	206.5	208.8	214.5	215.2	210.4	203.5	194	185.4	179.7	177.1	183.2	195.4	212	218.9	220.4	232.4	253.1	268.8	365.5	448.4	447.2	444.9	453.4	455.6	455.9	458.1	457.7	454.3	453.1	456.9	461.7	448.5	433	430.7	431	440.4	460.7	464.6	478.9	468.6	463.6	469.9	469.4	466.3	463.7	461.5	459.1	459.9	447.5	444.6	468.9	512.7	549.4	587	594.6	597.2	600	608.7	611	610.6	607.9	606.6	605.8
612	610.8	611.6	612	612	612	612	612	612	612	612	606.4	612	612	612	612	612	612	612	612	612	612	612	607.1	610.6	612	612	612	612	612	612	612	597.6	586.8	582.3	576.9	573.6	575.1	526.5	503.1	501.3	477	453.6	429.5	425.3	419.9	418.2	422.6	438.7	438.3	367.7	310.9	305.7	302	297	260.1	217.2	212.1	215.2	223	222.9	220.4	223.5	218.8	210.5	207.1	208.5	207.2	213.8	219.8	226.2	231.7	237.5	242.3	246	246.3	233.7	229.2	221.8	212.9	213.1	210.5	203.1	205.2	211.4	220.1	230.3	249.1	266.7	286.7	292.7	294.8	289.5	288.4	298.6	295.7	288.7	286	281.4	275.4	278.3	285.3	287.1	292.1	284.3	269.3	260.8	253.2	245.6	243.8	234.5	236.5	242.2	240.7	240.4	241.5	237.4	232.8	230.9	223.6	223.7	222.2	213.7	208.5	204.1	200.3	199.5	197.9	195.7	199.6	201.7	200.2	205.6	211.5	212.6	209.5	207.3	202.2	190.2	178.6	177.2	182.6	190.5	204.8	215.3	215	218.7	230.2	247.7	284.2	383.2	432.2	437.2	443.1	458.2	461	459.5	459	458.8	444.3	457.9	454.8	461.7	457.4	452.2	448.6	440.7	434.9	446.2	439.5	451.8	459.2	450.4	444.5	454	456.6	465.7	472.6	461.2	440.3	431.8	420.6	425.3	437.1	455.2	477	518.2	570.9	603.2	609.3	611.3	609	609	608.9	607.6
612	611.6	612	612	612	612	612	612	612	612	612	612	612	612	612	612	612	612	612	612	612	612	612	612	612	612	612	612	612	612	612	612	612	596.7	587	588.6	598.9	594	549	523.8	525.6	505.8	474.1	438.2	439.7	428	424.3	436.5	450.3	448.3	389.8	324.7	316.3	298.9	264.7	235.4	218.8	216.3	217.7	220.7	224.9	222.8	225.2	225.4	214.6	210.3	213.5	209	211.6	215.4	220.9	226.4	234.7	241.4	246.2	244.8	233	228.4	221.2	213.9	212.6	211.5	204.9	203.4	211.3	216.4	224.7	242	254.8	276	287.8	292.1	288	287.8	297.8	291.2	281.5	285.8	283.9	277.9	278.8	284.2	285.8	284.6	273.4	262.4	253.1	246.5	243.3	233.6	229.1	234.7	242	238.8	236.5	239.9	236.3	235.7	233.9	229.4	224.8	220.1	213.4	206.2	200.4	199.7	197.8	195.1	198.8	202.5	202.4	200.5	203.1	208.7	209.2	204.1	202.6	199.4	190.5	183.1	180.2	182.7	194.3	210.8	221.2	225.3	230.2	234.1	247.6	299.7	374.5	435.3	442.8	449.6	458.5	462.6	462.4	461.7	460.6	446.8	446.2	451.7	454.8	453.4	452.2	455.4	447	436.4	441.8	446.3	455.1	455.8	443.8	428.8	447.1	456.1	463.2	477.3	467.3	440.3	441.3	442	433.7	437.4	452.1	462.5	476.8	530.6	584.9	608.2	608.9	606.1	606.8	607.5	608
612	612	612	612	612	612	612	612	612	612	612	612	611.8	612	612	612	612	612	612	612	612	612	612	612	612	612	612	611.1	612	612	612	612	612	610.8	608.9	612	612	612	612	594.9	605.7	591.3	557.4	528.4	506.3	481.1	457.3	480.7	487.9	470.5	413.5	356.8	334.6	298.5	256.2	238.3	228.2	214.5	212.9	215.5	217.9	222.1	226.1	230.4	227.7	214.7	213.8	212.9	211.5	214.2	216.2	222.2	228.5	233.3	235.6	235.9	229.3	222.7	218.2	214.5	215.2	212.3	210.5	210.5	211.3	212.1	219.4	229.7	237	249.8	262.2	266.3	270.3	274.3	274.1	273.1	273.5	284.1	292.8	290.4	287.3	288.5	282.5	277	268	257.7	250.6	246.7	243.9	233.9	228	231.5	234.1	230.4	226.6	227.3	231.6	236.7	241.8	236.7	227.2	219.7	209.4	204.1	202.1	197	194.3	191.2	194.7	199	202.8	201.9	200.9	203	206.3	202.8	198.4	199.1	193.2	185.4	182.8	184.9	201.6	216.2	219.4	226.7	231.2	238.5	271.6	351	379.7	434.6	460.8	461.7	463.6	466	465.8	465.1	465.5	464	436.2	438.8	439.5	438.8	434.6	442.3	455	455.3	460.5	464.2	464.6	468.2	457.9	446.8	466	453.6	443.2	462.7	471.9	468.4	466	464.8	458.7	452.5	448.2	443.4	446.4	455.9	476	525.1	581.1	603.8	603.8	605.4	607.4
612	612	612	612	612	612	612	612	612	612	611.6	611.6	611.3	612	612	612	612	612	612	612	612	612	612	612	612	612	610.8	610.7	612	612	612	612	612	612	612	612	612	612	612	610.9	610.2	607.5	574.5	541.8	525.2	501.5	471.9	492.5	495.2	475.1	424.2	353	287.9	238.1	222.8	233.5	229	216.9	213.4	215.1	216.4	224.7	232.3	239.3	237.4	226.6	216.8	212.7	213.8	217.8	218.7	222.5	228.2	232.8	235.5	236.6	231.5	223.2	218.4	216.6	214.8	211.8	214.7	215.3	214.9	217.7	221.2	229.5	236.8	241.7	254.6	257.7	263.2	268.4	267.5	266.2	266.8	275.4	286.7	288.6	291.5	286.9	279	278.2	267.4	260.6	252.4	250.5	251.3	238.8	230.9	231.8	235.3	233.3	227.5	229.7	230.4	234.1	242	236.2	230.2	219.6	204.9	201.9	199.8	194.3	191.3	192.8	197	198.5	199.8	204.7	200.4	201.3	203	200.9	200.8	198	193.8	189.7	186.9	191.5	209.8	222.3	223.7	233	235.5	239.4	282.4	369.1	370.8	385.4	426.6	439	453.2	464.9	465.3	462	455.5	461.7	437.1	425.5	440.3	439.5	436.3	439	447	451.6	457	455.2	451.4	462	460.6	455.7	460.7	452	446.6	466.4	472.8	466.7	460.3	462.3	457.3	456.9	447.2	439.2	441.7	448.5	465.5	490.5	540.7	604.4	604.4	606.7	607.9
612	612	612	612	612	612	612	612	612	612	607.3	612	612	612	612	612	612	612	612	611.7	606.4	611.5	611.8	612	612	612	610.4	612	612	612	612	612	612	612	612	612	612	612	612	611.4	611.3	612	598.7	565.9	547.6	529.3	511.8	509.5	498.8	488.7	458.5	347.2	269.5	232.3	218.5	236.7	238.3	224.7	215.7	211.7	212.5	221.4	228.7	232.6	241.3	238	223.1	217.8	215.2	215.2	216	218.7	219.7	225.6	228.5	228.8	227.4	220.3	214.4	213.5	212.5	210.9	211.9	216.1	219.6	222.7	230	230.5	232.9	233.5	238.8	241.9	247.9	252.3	252.7	260.1	264.3	267.9	277.8	275.5	277.2	274.1	268.8	266.8	263.4	262.5	258.7	257	256	253.3	246	237.4	230.1	232	228.1	225.3	233.6	235.6	230.8	230.8	231.7	220.8	207.2	201.9	197.1	193.1	192	188.5	188.2	195.2	195.5	200.1	196.8	196.3	199	197.6	200.4	196.5	191.1	190.2	188.7	196.5	211.4	218.3	225.5	230.6	236.7	248.8	300	361.1	364.1	387.3	396.2	403.7	425.9	436.5	448	454.7	452.3	461	458.6	446.2	447.4	444.3	442.6	435.7	428.5	426.7	429.3	435.5	430.3	430.4	434.7	437.9	440.5	447.8	455	460	460	461.9	458.4	454.2	459.2	468.8	468.4	441.5	429.6	440.8	454.3	465.7	473.1	513.1	584	605.9	606.2
612	612	612	612	612	612	612	612	612	603.2	597.1	608	612	612	612	612	612	612	612	612	611.4	612	612	612	612	612	612	612	612	612	612	612	612	612	603	611.4	612	612	612	612	612	612	606.5	573	551.1	531	514	512.1	496.5	484.9	413.4	295.1	241.8	219	235.8	244.6	235.1	223.7	217.2	211.3	214.7	222.5	227.4	232.8	241.8	240.5	232.1	225.6	220.7	217.3	216.4	220.6	221	223.6	227.1	227.7	223.3	217.5	215	214.4	214.4	213.5	212.8	216.5	217.8	221	228.9	229.8	232.7	233.9	233.6	237.6	243.6	243.8	248.5	256.8	258.6	260.5	264.4	262.9	271.5	269.8	264.8	265.1	263.7	263	262.7	258.9	256.2	253.6	251.9	240.7	232.7	234.3	231.3	226.1	228.3	236.7	231	227.6	228.3	220.6	210.6	202.1	199.2	196.8	192.8	189.4	187.5	187.4	195.3	199.7	199.1	198.8	201	200.5	200.6	196.1	194.4	193.3	194.3	206.2	223.7	226.8	226.4	229.4	237.5	251	304.3	358.7	363.1	380.8	375.1	343.5	348.5	355.3	361.8	375.3	378.9	409.4	429.5	447.3	449.4	446.8	444.3	437.8	430.4	428.7	424.4	426.4	426.7	425.8	426.9	428.9	433.9	445.4	453.7	449.9	452.2	458.5	455.2	458.6	451	467.2	468.8	444.8	431	440.2	452.1	466.3	472.8	492.2	550.9	605	605.4
612	612	612	612	612	612	612	612	608.8	610.4	612	612	612	612	612	612	612	612	612	612	612	612	612	612	612	612	612	612	612	612	612	612	612	612	612	612	612	612	612	612	612	612	611.5	595.3	582	559	530.2	514.7	501	449.5	339.1	274.3	240.1	222.1	241.8	245.8	234.8	225.4	217.1	202.7	204	214.1	223.4	225.6	233.2	240.7	240.2	237.9	226.3	220.8	217.2	217.2	216.1	215.7	222.8	224.9	220.7	218.9	212.1	215.7	214.9	207.1	208.8	213.6	216.2	220.6	229.1	231.5	232.6	234.1	231.8	230.7	232.6	231.8	239.1	244.8	251.1	252.1	252.8	256.6	258.3	260.6	259.1	263.6	270.8	268.9	275.2	274.5	272.4	274.8	270.2	256.1	243	235.8	231.4	225.7	224.6	230.8	226.5	222.6	222	218	211.8	203.9	199.1	198.7	196.2	192.6	186.1	183.7	188.3	192.9	192.5	193	196.6	197.9	195.4	190.9	186.2	191	195.5	210.5	221.5	224.5	222.9	229.3	236.7	252.2	313	347.8	347.8	382.3	388.3	375.2	340.7	347.5	358.2	374.4	388.8	394.8	414	430.5	442.1	437.6	443	443.7	442.6	437	431.3	424	418.4	416.6	415.2	415.4	414.4	421.6	430.8	435	442.8	455.5	457.6	452.3	451.7	452.3	452.9	439.7	427.7	433.2	445.4	456.1	465.4	467.5	460.7	496.9	582.2
612	612	612	612	612	612	612	612	612	612	612	612	612	612	612	612	612	612	612	612	612	612	612	612	612	612	612	612	612	612	612	612	612	612	612	612	612	612	612	612	612	612	612	597.5	587.1	561.4	535.2	518.3	499.8	399.7	303.9	263.7	234.3	244	260.2	248	237.7	222.2	205.5	195.8	201.1	211.9	223.4	229.5	235.1	242.3	245.1	241.6	232.9	224.4	218.6	219.6	216.7	214	221.4	222.3	220.9	218.5	213.7	216.7	211.6	201.8	205.3	215	215	220.5	229.1	230.5	230.5	229.6	228.1	227.6	226.6	227.6	231.2	239.4	245.6	247.5	250.6	252.2	254.8	257.1	260.1	267.3	271.3	274.8	276.9	274.6	280	281.5	277.5	262.8	247.6	238.7	231.8	227.6	227	232	226.9	222.4	221.8	214.8	209.9	203.1	197.2	197.7	197.8	193.5	187.4	184.7	190.8	192.9	195.8	193.4	196	198.9	195.8	192.2	187.6	192.9	201	214.7	226	227.5	226.4	231.5	238.8	256.5	316.4	339.8	338	370.1	387.2	393.7	369.1	343	348.8	365.1	380.7	389.5	393.5	386.5	382.6	387.8	427.7	444.9	444.4	442.5	436.9	431.6	422.8	418.7	416.6	413.3	409	415.2	422.3	429.2	437.1	451.1	455.8	453.5	452.5	451.5	451.7	438.1	428.4	432.7	449	458.7	459.9	467.3	469	485.3	552.6
612	612	612	612	612	612	612	611.8	612	612	612	612	612	612	612	612	612	612	612	612	612	612	612	612	612	612	611.6	612	612	612	612	612	612	612	612	612	612	612	612	612	612	611.6	611.5	587.3	567.3	547.7	527.7	512.9	482.3	367.1	271.9	249.7	238.3	259.2	269.8	245.3	211.9	186.4	175.5	169.6	170.7	194.6	215.6	223.5	224.6	232.3	239.1	245.5	247.3	236.2	224.6	216.4	214.7	214.9	219.5	218.8	218.3	218.4	215	214.7	210.2	207.1	213.6	213.8	214.3	217.7	225.7	231.2	232.6	231.2	225.7	227.2	224.3	224.6	225.7	232.3	234.7	241.2	247.7	252.7	258	259.5	272.4	271.7	265	273	270.9	278.7	287.5	286.1	278.5	262.8	257.2	251.7	242	224.9	222.2	229.1	225.2	222.7	222.6	216.9	206.3	201	198.2	197	197.7	194.4	187.2	182.4	185	186.4	188.8	189.4	192.1	193.8	194.2	189.6	185.3	196.2	213.8	217	221.8	226.7	226.3	229.9	232.3	257.2	339.3	360.1	353.3	365.1	389.1	393.9	389.6	351.9	341.2	357.4	377.2	384.8	384.6	383.2	386.4	386.8	405.6	441.8	448.3	448.3	431.4	429.3	439.5	435.5	428.2	421.9	416.6	410.9	408.2	413.7	423.6	433.4	437.9	448.7	452.8	452.2	450.4	444.3	441.7	448	462	454.4	456.7	467.2	460.9	453	464.3
612	612	612	612	612	612	611.4	611	612	612	612	612	612	612	612	612	612	612	612	612	612	611.6	611.4	612	612	612	612	612	612	612	612	612	612	612	612	612	612	596	582	577	575	576.5	574.7	551.1	519.1	498.1	482.4	464.7	442.2	341.2	257.7	242.6	250	269.2	269.2	244.8	205.7	182.7	175	161.5	157.6	183.8	212.8	221.3	223	232.7	238.1	245.1	250.2	243.3	228.4	218.9	215.8	215.4	216	217.1	217	221.1	216.8	212	208	206.5	208.3	210.7	212.1	214.7	221	227	230.9	230.6	227	222.3	218.7	218.9	221.8	226	231.5	236.8	245.5	248.5	254.6	257.9	269.7	272.2	269.9	268.5	265.6	274.4	284	283.2	273.4	258.2	254	249.3	242	226.6	225.7	227	221.9	221.2	219.9	214.8	205.9	201.3	196.9	192.4	197.5	192.9	186.5	184.3	186.9	189.1	187.6	188.6	191.3	193.8	192.1	191.1	189.7	201.8	216.4	218.9	227.8	228	227.9	228.8	232.1	258	346.2	374.3	364.3	371.2	391.4	394.1	395.3	390.6	375.1	360.6	363.5	379.9	383.7	379.7	386.5	378.9	369.6	371.6	398.2	428.3	443.9	433.5	442.2	438	430.3	427.4	421	411.3	410.2	414.6	418.4	426.4	434.4	442.9	449.1	451.8	449.2	447.5	448.7	450.9	460.2	452.6	452.9	462.1	456.5	446.8	451.8
612	612	612	612	612	611.7	612	612	612	612	612	612	612	612	612	612	612	612	612	612	611.4	610.3	612	612	612	612	612	612	612	612	612	612	612	612	612	597	582	576.5	567.2	531.4	522.7	520.6	511.2	490.6	474.4	457.2	443.8	441.5	415.8	318.2	255.9	264.6	268.4	274.7	262.4	227.7	198.4	206.2	195.9	162.1	148.2	153.9	188.3	208.5	216.2	222.4	227.1	233.3	243.7	247.5	245.2	229.9	218.3	216.5	215.3	214.5	215	216.5	216.2	213.8	205.4	203.5	204.2	209.4	211.7	213.6	219.3	224.4	225.7	226.2	225.4	221	218.9	221.1	222	224.1	228.3	239.3	246	255.7	264.3	264.6	269.8	272.7	263.8	265.5	265.6	271.7	281.2	270.9	263.5	258.3	254.5	250	245	239.6	233.5	226.6	222.2	224.1	215.2	211.8	206.4	198.9	187.3	186.9	190.9	192.3	188.8	182.4	179.5	180.1	185.5	185.8	187.5	191.1	190.1	191.2	196	208.9	210.7	211.2	224.1	224.4	220.2	222.4	225.7	260.7	358.5	379.6	384.9	391.1	395.2	399.2	400.9	399	389.4	366.8	361.9	377.5	390.2	388.3	375.5	384.6	374	370.8	379.5	408.2	423.1	423.4	428	431.8	428.7	420.8	410.1	392.4	390.5	399.4	400.4	411.6	418.2	426	435.9	440.6	441	450.2	462	466.2	469.1	470.3	457.3	453.8	459.5	453.8	452.6
612	612	612	612	612	612	612	612	612	612	612	612	612	612	612	612	612	612	612	612	611.1	611.8	612	612	612	612	612	612	612	612	612	612	589.1	556.5	539.5	535	536.5	540	533.5	501.3	497.3	516.4	495.8	477.4	459.2	440.3	432.5	434.9	411.9	316.7	254.1	257.4	279.2	283.1	252	217.1	202.8	212	200.3	167.7	149.9	148.7	179.5	204.1	215.3	224	227	231.6	241.8	245.9	248	237.8	222	218.6	216.5	215.6	215.6	213.9	212.2	210.7	206.5	202.9	200	203.7	209.5	214.2	218.9	219.8	223.1	222.4	221.6	217	214.8	216.7	217.9	222.6	230.3	238.8	242.1	252.6	261.6	263.8	263.7	267.3	259.9	263.6	267.3	271.4	278.6	266.9	258.5	256.1	251.3	244.2	239.2	238.1	229.4	224.2	220	218.8	214.1	209	208.2	199.6	188.7	189.9	192.9	194.7	188.3	183.2	177.6	177.7	183.1	183	185.1	190	191	194.1	201.5	209.5	208.7	211.6	220.4	220.8	218.3	218.7	220.5	263.8	362.6	378.9	383	390	392.1	395.2	397.8	396.2	396.5	381.4	364	374.7	383.6	385.7	373.8	382.2	373.5	370.2	373.6	376.9	376.8	375.2	374.5	374.6	369.3	365	363.1	353.5	341.5	337.9	337.8	335.9	354.2	386.5	410.3	437.1	438.4	449	465.6	478.4	480.6	483	465.9	451.7	459.5	456.3	453.3
612	612	612	612	612	612	612	612	612	612	612	612	612	612	612	612	612	612	611.7	611.5	612	612	612	612	612	612	612	612	612	612	612	602.5	571.3	543.5	536.5	541	537.1	522.8	500.5	472.2	470.1	469.1	455.8	444.2	433.9	429.1	433.4	439.6	425.9	323.1	270	266.2	274.1	269.4	220.5	199	224.5	233.9	214.4	186.7	167.2	150.1	165.1	188	197.4	208.6	215.6	223.6	232.8	238.7	243.2	243.4	232.2	221.7	214.8	214.5	212.3	206.9	207.7	206.9	201.7	198.5	195.9	198.2	203.6	208.4	214.8	218.2	220.5	225.2	226.1	227.2	227.8	227.8	228.4	231.7	236	244.9	250.9	251.3	254.8	261.2	264.3	265.5	257.8	257.8	263.5	265.6	261.9	254.1	249.6	245.1	243.5	237.2	235.5	234.1	225.3	220.5	215	213.2	210.4	208.8	211.1	204.7	197.8	193.5	193.1	191.7	182.8	175.5	168.2	169.2	174.1	174.8	176.9	183.7	190.3	197.4	200.8	199.1	197.8	204.6	210.4	212.6	208.7	208.7	216	267.1	361	374.8	383.5	388.8	393.1	398.4	398.9	402.6	401.6	386.3	369.1	362.1	380	385.4	384.7	377.9	373.5	368.4	372.3	378.7	377.7	379.7	377.6	371.8	370.4	369.3	368.2	342.3	329.3	344.5	343.3	344.1	339.3	350.3	382.4	422	449.4	460.7	472	472.1	470.4	474.8	471	457.5	460.2	454.6	447.5
612	612	612	612	612	612	612	612	612	612	612	612	612	612	611.5	612	612	612	611.6	612	612	612	612	612	612	612	612	612	612	603	573	550.5	548.5	546	546	541	524.5	505.8	478.5	466	466.8	455.9	439.6	431	427.8	428.3	430.7	440.4	438.8	331.7	255.8	255.8	271.3	265.5	223.1	191.8	208.4	227.2	218.1	196.9	179.9	162.6	158.9	171.1	185.1	197.4	210.2	220.2	227.4	234.4	238.1	240.6	234	225.7	221.9	216.3	207.9	205	206.7	207.7	200.6	197.3	194.6	195.1	200.5	201.5	209.9	215	217.2	221.6	226.7	231	229.3	233.4	235.2	237.4	240.9	248.5	257.7	257.3	259.9	261.2	264.3	261.5	255.3	254.2	258.4	259.1	257.2	249.3	245.1	242.2	237.6	234.4	233.6	231.4	225.1	218.5	214.1	212.2	208.7	209.7	212.6	209.9	207	200	197.6	194.2	183.6	176.2	170.5	168.2	169.5	176.4	178.4	184.9	193.1	197.9	201.8	200.7	199.7	207	211.2	209.7	205.8	207.7	216.7	270.2	359.4	368.5	380.3	388.1	391.3	395.1	397.4	396.3	399.4	389.7	374.2	374.4	385.6	391	386.4	382.4	375.2	368.3	368.9	375.4	377.3	376.4	374.4	370.9	365.6	366.1	366.9	352.8	340.8	348.1	354	356.6	347.1	337	333.1	350.2	396.5	431.4	449.9	457.3	465.7	468.6	472.6	466	461.9	460.1	449.4
612	612	612	612	612	612	612	612	612	612	612	611.8	612	611.1	610.2	612	612	612	612	612	612	612	612	612	612	612	612	612	612	589.5	562	550	541.6	524.3	503.6	487.6	473.4	451.3	427	435.2	445.2	436.1	426.5	417.9	402.1	401.1	413.2	414.6	393.2	284.9	194.4	185.8	207.3	194.3	182.1	219	249.2	221.7	203.6	201.1	191.2	166.7	155.4	175.4	181.7	187.9	200.8	210	220.8	226.8	230.2	233.3	231.9	230.4	219.9	212.5	206.4	203.6	202	199.7	197.1	192.1	194	197.1	197.4	204.5	216.1	218.7	221.7	229.6	236.1	241.5	243.1	246.9	250.2	259.9	264.4	268.1	268.7	267.2	265	262.8	262.3	259.2	257	254.8	250.7	246.9	247.1	243.2	240	233	235.1	235	229.3	224.9	222.5	214.9	207.3	205.9	204.6	206.8	207.5	207	200.8	193.6	189.8	180	167.4	162.1	165	167.8	170.9	179.2	186.6	193.1	189.9	187.6	188.6	187.5	188.4	194.6	197.7	196.7	201.2	214.5	228.5	278.9	364.1	366.8	373	383	393.9	385	397.3	404.4	394	388.2	376.6	383.6	390.2	393.8	376.9	376.8	374.6	368.7	376.6	378.3	377.3	377	377.3	376.5	373.5	373.8	372.2	372.6	368	356.3	357.3	356.6	350.8	336.7	353.3	384.1	401.5	429.5	440.4	444	445.6	460	478.7	476.2	471.7	460.3	460.6
612	612	612	612	612	612	612	612	612	612	612	612	612	611.7	612	612	612	612	612	612	612	612	612	612	612	601.5	589.5	574	553	546.5	542	525.6	511.2	501.7	491.4	474.3	458.3	434.5	419.3	431.9	438.2	432.8	418.7	414.5	395.2	392.4	404	402.3	371.4	271.6	176.6	174.1	191.9	182.8	189.8	232.7	264.6	229	201.5	203.6	198.2	173.5	158	177.2	185.4	186.1	195.9	204.3	216.6	224.6	228.5	231	232	231.4	227.2	217.5	207.9	199.7	199.2	200.1	197.7	192.7	194.5	199	198.1	202.9	215.6	219.7	223	231.3	239.6	245.5	245.9	246.2	252.7	262.2	266.9	267.8	265.7	265.1	262.8	263.4	260.9	256.3	254.9	254.8	248.2	243.1	241.3	240.6	237.9	231.3	232.6	231.5	228	223.1	218	210.7	207.2	207.6	204.8	209.6	207.3	200.9	198.5	190.1	183	174.1	167	162.7	168	172.4	179.2	183.6	189.3	190.9	187.8	188.1	189.1	186.5	187.6	195.4	199.6	200	206.7	218.7	230.1	283.7	367.9	370.8	375.2	381.7	392.4	389.2	397.2	404.2	393.7	386.3	377.2	387.5	392.3	394.2	376.8	367.6	375.3	363.2	371.9	376.9	377.3	374.9	377.3	376.7	375	374.1	373.1	373	371.2	357.8	355.1	357	350.1	339.3	356.1	390.8	397.7	392.9	386.3	383.7	391.9	392	406.6	417.6	421	419	422.4
612	612	612	612	612	612	612	612	612	612	612	612	612	612	612	612	612	607.5	598.5	600	609.5	612	612	609	592	588	571	550	539	516.5	505.2	490.8	472.8	464.3	459.9	450.8	435.5	418.6	406.6	406.1	410.6	421.9	408.8	402.7	392.9	389.4	397.1	391.9	369	324	225.2	172.7	178	195.4	207.7	244.2	250.4	217.9	198	202	203.5	187.7	158.9	173.1	188.4	189.5	188.2	190.6	197.6	204.2	211.3	216	219.7	222.2	223.5	219.2	211.6	200.1	190.9	188.4	190.8	190.2	192.3	196.3	199.6	202.5	205.3	210.7	214.4	224.2	233	239.8	244	250.7	250.2	254.6	257.9	258.8	257.7	257.5	258.4	258.4	256.7	252.5	249.2	251.3	247.8	246.7	239.3	236.3	236.1	232.3	225.6	224.4	220.5	216	210.3	208.1	203.3	204.7	202.8	198.3	199	194.8	188	178.9	170.8	164.9	163.1	162	168.6	176.3	178	177.7	178.9	179.2	179.6	180.6	185.1	184.8	187.7	193	196.5	197.8	211	220.6	227.7	259.3	329.8	370	375.9	380	383.6	396.9	404.1	399.7	393	382.9	376	386	390.9	391.5	385.5	381	372.1	364.3	372.1	378.4	377	377.7	375.6	379.7	377.6	377.4	378.6	375.8	372.1	365.7	365.1	361	361.4	345.3	346.1	375.1	384.4	391.5	394	386.2	381.3	384.8	395.3	394.8	392.5	387.2	393.9
518	518	518	518	518	518	518	518	518	518	518	518	518	518	518	518	518	518	518	518	518	518	518	518	518	518	518	518	499.1	481.1	469.4	460.4	445.1	435.2	429.1	423.5	415.4	410	398.3	391.1	390.2	391.9	389.6	378.4	368.4	368.6	374.6	362.4	346.5	279.6	170.6	167.7	204.2	195.5	190	222.8	231.4	200.8	184.9	191	195.9	176.9	149.2	165.4	184.6	187	185.3	185.2	190.4	197.4	206	211.9	216.5	226.5	233.9	233.1	225.6	216.4	208.1	207.1	207.8	210.6	214.6	218.8	223	228.4	230.2	236.6	244.3	255.5	263	267.9	270.7	277.8	281.9	283.6	286.5	286.1	285.1	285.6	287.1	286	283.5	284.1	282.7	277.9	274.4	276.8	271.6	266.6	266.3	260.3	251.7	248.4	248	242.4	238.9	233.6	230.3	228.5	224.5	219.5	215	213.5	207.1	195.6	190.9	184	180.9	182.7	186.6	189.7	187.7	186.2	185.8	181.5	181.2	185.2	187.7	189	190.1	195.7	195.4	201.6	211.8	221.2	230.7	280	361.8	361.9	364.8	368.7	371.2	382.2	390.1	388.1	384.2	382.2	382.3	381.7	378.8	376	370.4	364.9	353.4	350	359.6	365.2	365.3	367.3	369.1	369.7	368.7	366.5	365.7	364.6	363.9	365.2	363.6	357.9	350.2	332.9	331.2	359.5	374.2	380	382.3	377.6	374.3	371.2	378	375.4	368.1	362.8	358.7
612	612	612	612	612	612	612	612	612	612	612	612	612	612	612	612	612	612	612	612	612	612	612	612	612	612	603.9	590.4	570.6	548.1	531.9	524.7	516.6	512.1	515.7	511.4	490.5	484.2	496.3	510.3	512.1	502.5	481.9	478	468.7	458.2	464.8	453	433.4	392.4	300.9	284	308.9	294.3	281.3	311.6	334.9	306.5	281.9	282	284	272.8	239.6	250.2	277.6	282.1	285.7	286.9	288.8	286.2	284.3	288.9	293	298.9	305.6	310.5	313.5	310.3	304.8	300.8	293.9	293.6	296.8	302.7	306.8	312.7	321.1	332.2	337.1	340.5	350.5	354.8	355.3	359.9	363.6	367	373	373.3	375.3	373.2	372.2	367.7	365.1	363.5	363.4	360.9	361.1	360.2	354.9	353	350.5	345.5	338.4	330.7	329.9	327.8	326.4	323.1	316.6	311.9	307.9	302.7	298.1	289.5	282.1	280.5	278.6	278.7	281.8	280.3	281.6	280.1	282.3	282.8	282.7	282.9	285.8	287.6	284.7	282.4	282.3	287.1	293.5	303.7	313.8	320.5	328.5	381.3	457.5	461.9	463.2	461.2	471.6	477.6	477.7	467	479.4	477.1	474	471.4	468.6	467.9	466.6	462.7	453	452.1	459.9	462.1	462.9	463.3	462.6	462.1	463.4	461.6	460.5	461.3	461.7	463.9	464.2	459.4	450.9	435.9	421.8	435	450.5	458.3	466.5	466.5	459	454.1	469.7	468.2	446.6	449.1	450
612	612	611.8	611.6	612	612	612	612	612	612	612	612	612	612	612	612	612	612	612	612	612	612	612	612	612	603.9	591.3	576	558.9	539.1	525.6	518.4	511.2	504.9	504	504.9	486	484	496.1	505.7	511.2	504.1	489.5	482.1	470.5	459.1	464.2	451.9	436	410.6	326.2	289.4	306.9	295.2	279.6	306.8	325.4	303.4	280.8	280.8	281.9	267.1	236.4	248.7	274.2	280.7	287.1	290	290.8	289.5	287.1	287.6	287.1	291.9	296.9	302.6	307.3	304.5	302.1	298.6	292.3	291.8	293.1	296.8	303.7	308.1	315	325.4	332.2	340.5	346	347.8	350.1	358.2	358.7	364	367.4	366.3	366.1	362.9	363.5	363.5	361.7	359.3	356.6	355.7	357.8	355.2	350.7	348.2	345.6	341.3	334.5	330.3	329	325.3	320.7	317.7	313.2	307.1	300.9	297.5	293.2	284.6	282.1	281.2	281.4	285.3	284.3	283.2	282.3	282.4	285.2	286.3	287.4	286.8	285.9	285.6	282.8	278.5	277.7	283.6	294.6	307	312.9	321.2	331.8	381.2	458.4	463.5	461.2	459	472.7	476	473.6	466.1	477.6	478	475.8	470.1	466.1	466.4	467.6	465.2	454	453.8	461.7	463.3	464.1	464	461.6	463.4	463.5	461.6	463	462.7	462.5	463.4	463.5	458.4	452.3	438.8	422.3	430.8	441	446.3	451	456.6	451.9	451	465.1	470.7	452.4	449.2	452.1
612	611.8	612	612	612	612	612	612	612	612	612	612	612	612	612	612	612	612	612	611.5	612	612	612	603	582.3	567	558	541.8	525.6	516.6	512.1	506.7	498.1	482.3	486	509.4	500.7	485.5	486.1	481.8	479.9	484.7	486.5	478.4	475.2	471.1	464.3	454.8	452.3	460.2	380.9	300	303.4	296.6	279	296.1	311.6	303.2	281.8	278	276.6	260.5	234.6	241.1	264.7	279.3	288.7	296.2	296.6	303.9	307.9	302.6	295.3	288.2	284.7	287.9	289	290	291.1	289.8	288.6	290.2	292.4	290.2	292.7	294.5	301.6	310.1	318.3	329.6	340.2	341.6	344.2	344.8	345.9	347.2	352.7	357.4	355.1	353	354.2	351.3	349.5	349.5	348.8	345.5	343.4	340.7	334.6	335.1	334.2	328	321.3	317	314.8	311.6	307.8	305.6	297.4	290.6	289.1	289.5	286.5	287.4	289.2	293	293.2	294.2	294.2	293.2	292.4	292.5	295.3	293.9	296	294.8	289.8	283	276.9	274.5	276.8	292.6	305.9	314	317.6	328.5	340.1	390.4	460.6	465	462.6	465.2	473.1	475.9	472	475.3	479.3	480.5	477.7	474.5	469.3	469.1	467.4	463	451.4	451.9	459	463.5	468.3	467.6	465.5	466.2	467.7	465.4	465.3	465.1	465.4	466.3	464.4	461.9	459.8	449.8	435.1	425	433.4	445	440.5	439.7	437.1	439.5	454.7	463.9	467.7	459.4	456.8
612	612	612	612	612	612	612	612	612	612	612	612	612	612	612	612	612	612	612	610.7	612	612	595.8	587.7	565.2	550.8	541.8	529.2	516.6	512.1	510.3	504	487.3	474.9	491.5	505.9	495.1	474.7	471	467	473.1	488.9	489.5	485.2	477.8	469.3	464.4	456.7	456.4	466.7	398.2	309.7	301.4	296.2	275.3	289.3	304.9	300.8	283.4	276.3	274.5	255.9	233.3	237.4	263.4	279	289	298	298.5	302.5	310.9	310.4	301.7	293	284.3	282.9	283.8	285.5	286.2	287.8	287.1	287.3	291.5	291.9	292	292.9	295.7	303.5	309.7	320.6	329.3	335.4	340.5	340.3	339.9	343.2	346.3	348	347.8	348	346.3	345.2	343.4	342	341.5	340.6	339.4	332.6	324.6	324.2	323.4	319	315.7	309.7	306.2	301.1	302.4	299.8	294.7	292.4	292.1	291.6	287.6	290.2	293.1	296.7	295.1	294.9	296.3	295	295.2	296	295.2	296	296.6	293.3	287	280.2	273.2	273.6	282.8	298.9	308.5	312	320.2	329.5	339.1	388.3	463.6	463.6	463.2	468.6	474.1	475.4	474.6	475.5	479.7	478.3	477.6	473.9	469.7	466.4	465.8	461.7	452.7	451.8	458.7	462.6	468.1	467.2	466.9	469.6	470.4	464.7	464	463	464.1	465.3	464.1	462.4	460.4	453.4	440.5	426.8	433	445.3	440.9	435.7	433.7	435.8	447.8	457.6	463.7	460.1	459.4
612	612	612	612	612	612	612	612	612	612	612	612	612	612	610.2	605.7	600.3	591.3	583.9	567.9	552.6	542.7	528.3	516.6	504.9	493.2	485.1	485.1	494.1	504	510.3	504	481.5	478.8	487.5	483.1	485.4	474.2	457.2	458.8	479.5	494	476	469	466.3	462.5	462.6	462.4	464.2	464.7	437	336.1	297.2	301.9	276.1	277.4	299.4	302.9	287.7	277.2	274.7	261.6	242	230.4	251	273.6	285.6	292.7	304.2	305.6	310	315	316.5	315	306	292.8	285.5	287	289.5	288.2	288.6	290	294.5	298.4	303.1	304.6	302.6	301.6	300.5	302.3	303.9	312.3	317.7	319.6	316.5	316.4	319.1	321.1	328.2	330.1	331	328.1	325.8	324.6	320.8	320.2	318.4	310.8	307	304	299.3	296.7	299.8	298	299.2	300.2	308	311.1	311.4	311.7	308.4	302.6	303.8	305.5	307.2	309.5	306.7	303.8	308.1	310	308.4	305	298.7	296.6	293.8	285.8	278.8	275.2	275.3	280.5	293.7	310.4	317.2	322.4	325.3	329.4	340.9	404.2	464.1	462.3	469.7	474.3	472.3	474.1	475.9	474.5	476.7	482	480.8	480	476.7	473.9	471.3	463.3	452.5	458.8	463.1	464.6	469.3	469.7	465.7	464.3	455.3	472	470.2	467.9	467.7	467.2	464.5	460.9	459.9	457.7	455.4	449.2	435.5	430.3	444	449.5	435.7	428.7	428.6	436.1	449.1	456.7	458
612	612	612	612	612	612	612	610.2	609.3	607.5	603	601.2	599.4	595.8	587.7	576.9	563.4	552.6	546.3	532.8	519.3	507.6	493.2	484.2	475.2	468.9	464.4	470.7	491.4	503.1	501.3	496.8	488.9	480.2	479	471	471.7	472.7	455.3	456.4	479.3	483.2	467.9	466.5	465.3	464.9	465.5	460.5	459.3	461.4	464.4	410	318.4	290.5	271.2	272.4	293	301.9	296.3	282.3	276	269.5	249.5	228.5	242.2	269.2	282.3	289.2	300.5	307.6	308.6	315.1	317.8	316	311.7	302.7	290.2	286.4	288.5	290.5	291.2	293.7	295.3	298.5	300.6	305.3	306.7	304.7	302.1	302.2	301.8	304	309.2	313	314.7	311.3	311.3	309.5	315	322.7	324.6	320.5	316.3	312.9	312.4	310.2	307.8	304.9	302.6	299.1	299.2	299.6	300.1	301.1	304.9	308.5	313.9	316.8	317.3	315.5	314.1	307.3	306.4	307.3	310	311.9	309.2	304.9	309.1	314.1	308.2	304.2	298.7	293.6	290.3	283.9	277.4	273.4	276.6	280	295.3	309.9	313	319.9	324.8	330.4	336.1	378.6	437.7	464.1	473.1	474.1	471.1	471.6	473.8	474.4	476	482	482.2	482.1	478.2	476.7	475.1	462.3	453.3	460.5	462.8	464.5	466.5	467.8	465.6	465.1	466.9	466.7	470.2	467.8	467.5	467.4	463.8	460	461.3	460.8	458.5	452.4	439.4	426.3	444.1	452.5	436.1	429.9	427	431.7	444.7	452.7	455.4
578.7	577.8	578.7	578.7	577.8	577.8	576	574.2	570.6	567.9	562.5	557.1	550.8	543.6	535.5	524.7	513	501.3	487.8	477	465.3	454.5	445.5	440.1	435.6	438.3	452.7	483.3	511.2	498.6	484.2	483.2	490.5	496.9	487.7	471.7	460.6	475.6	478.3	467.6	469.5	471.6	471.7	476.4	481.6	477.7	463.7	458.8	471.1	472	468	416.5	319.8	292.4	276	262.8	286.9	300	301.3	292.6	282.6	274.4	258.5	232.1	228.9	252.8	271.1	284.8	293.8	308.3	315.8	314.8	317	320.2	324.2	324.2	315.4	302.1	291.6	283.2	287.1	290.7	296	302.5	308.8	312.1	314.6	316.6	315.1	316.2	315.8	315.8	315.7	315.2	317.3	319.7	318.3	318.3	321.9	321.1	321.3	320.8	319.6	320.4	320.5	316	318.7	317.1	315.2	319	321.9	320.5	324.3	328.1	329.2	328.5	323.6	321.2	319.5	315.8	314.3	313	317.5	314.7	313.1	318.9	318.8	318.8	317.1	311.8	304.4	298.2	287.4	281.5	274.4	271.3	273	276.4	284.4	293.6	303.7	316.3	322.4	326.4	328.9	329.7	359.6	436.6	464.7	475.8	481.2	473.8	471.2	471.9	475.8	476.9	475.7	480	485.2	483.3	481.2	476.9	471	462.5	460.5	464.1	465	466.4	469.5	469.2	468	465.9	464.9	469.1	469	469.4	470.1	471.4	467.2	466.1	464	461.7	461.3	458.7	451.2	429.1	438	452.2	438.6	431	433.4	436.7	447.5	455.8	456.1
595.8	596.7	596.7	596.7	596.7	594.9	591.3	590.4	588.6	583.2	577.8	571.5	563.4	556.2	544.5	531.9	522	506.7	492.3	477.9	465.3	454.5	447.3	441.9	440.1	448	470.7	492.3	505.8	504	489.6	485.1	487.2	490	487.5	484.2	481.1	479.1	476.2	468.1	468.1	473	481.1	487	486.3	481.4	474.8	467.6	470.6	469.9	463	436.5	350.5	305.1	280	266.7	284.7	300.3	306.3	302.2	286.4	275	262.7	238.2	227	245.4	266.9	280.1	287.9	301.6	315.4	315	315.3	319.7	322.9	324.3	319.8	308.6	296.8	283.5	283.9	287.5	293.5	300.1	308.4	313.6	315.3	319.1	315.5	315.4	318.6	317.6	319.5	320	321.4	324.7	322	323.1	326.7	324.1	323.3	323.5	321.9	325.3	323.9	322.8	324.8	323.9	324.4	324.3	328.1	327.1	327	330.9	331.1	328.9	325.7	319.5	318.6	317.5	315.4	312.9	315.4	315.4	317.1	317.7	317.6	317.9	315.5	306.1	296.8	289.7	280.1	274.1	272.2	268.8	271.6	279.2	287.4	294.2	302.9	311.3	319.6	326	328.2	328.8	371.4	446.9	468.4	479.9	481.7	476.5	471.2	471.5	474.1	476.8	475.7	477.1	484	485.8	482.4	480.5	473.6	465.7	464	464.9	466.2	466	467.4	466.2	463.5	462	462.8	467.3	467.8	468.6	468.6	467.6	459	462.2	463	462.3	461.2	459.5	452.7	430.1	435.6	448.9	438.6	433.7	433.8	442.2	449.6	454.7	459
612	612	612	612	612	612	612	611.3	612	612	612	612	612	612	603	585	562.5	540	519.3	500.4	484.2	474.3	470.7	473.4	481.5	499.5	513.9	504.9	493.2	512.1	510.3	489.6	480.1	476.6	476.7	478.5	477	463.9	459.2	468.1	476.5	479.4	487.4	486.8	484.5	481.4	480.7	478.1	471.1	463.4	459.9	457.5	437.4	349.4	295.8	280.2	283.7	303.7	319.7	327.7	304.3	279.9	267.5	246.2	228.3	235.1	247.9	261.8	275.8	285.9	302	313.1	319.3	321.2	319.9	323.6	328.1	325.8	316	302.5	289.2	283.2	281.8	290.4	299.4	308.6	310.9	313.9	314.7	314.3	316.8	316.9	316.5	318.1	321.7	323.3	325	324	328.3	329.3	330.2	329.4	328.5	332.7	329.3	329.7	330.6	333.2	335.3	335.9	332.5	328	330.5	331.4	332.8	331.1	326.6	323.8	324.1	324.4	320.1	313.2	312.9	315.1	316.1	317.7	315.2	309.4	300.1	290	283.5	277.6	269.9	264.6	264.9	270.4	280.6	289.2	297.9	304	307.6	312.4	321.3	325.7	325.3	343.5	412.2	466.6	479.8	480.8	475.6	470.9	468.5	469.9	470.7	474.6	477.4	478.8	481.4	487.6	485.7	479.1	468.3	456.9	461.4	465	466.4	468.2	469.4	467.9	463	461.7	464	467.4	471.1	471.5	465.4	463.1	466	467.4	466.4	465.6	462.2	459.5	448.5	427.2	435.1	446	441.4	432.6	432.8	448.1	453.8	460.9	467.9
612	612	612	612	611.8	611.8	612	611.8	612	612	612	612	612	612	603	582	558.9	537.3	516.6	496.8	485.1	477.9	479.7	484.2	492.3	499.5	504.9	504	495.9	504.9	506.2	488.6	482.8	475.2	476.3	476.2	466.5	459.6	467.5	473.3	475.2	477.8	482.8	483.4	478.2	479.3	476.9	476.9	475.9	464.4	455.3	455.7	458.3	383.2	302.4	277.9	279.6	299.7	317	330.5	315.9	284.8	267.4	246.6	231.4	236.3	245.8	257.7	268.9	280.8	292.7	306.4	317	319.1	318	324.2	328.2	322.6	318.9	309.8	294.6	280.5	279.3	287.2	295.8	302.7	308.8	313.4	311.9	313.3	316.9	315	313.7	316.1	317.8	320.6	325.5	325.3	327.8	330.7	330	326.1	326.8	329.1	325.5	328.5	328.1	329.5	331.7	332	332.8	330.1	330.3	332.8	332	327.6	323.8	324	322.6	320.9	316.3	312.1	310.1	310.7	311.7	312.5	307.9	301	290	283.5	279.1	271.9	265.4	265.2	269	272.7	281.6	291.2	300.4	305.1	305.2	306.2	315	323.2	324.8	353.3	429.2	471	479.6	479.9	474.6	469.7	466.7	468.9	469.7	473.4	479.5	480.3	478.6	485.8	482.7	477.6	466.1	459.8	462	463	466.8	468.7	470.4	469.1	468	466.7	466.4	467.5	472.9	472.9	470.7	467.9	467.6	467.5	465.8	464.5	461.9	460	449.6	429.1	439.1	449.9	444.3	436.4	434.3	447.9	453.3	461	468.2
612	612	612	612	608.4	604.7	602.1	599.4	594	589.5	578.7	567	554.4	541.8	530.1	515.7	504	492.3	485.1	486	487.8	487.8	494.1	496.8	486	481.5	480.6	481.5	484.2	486.9	483.3	482.3	479.3	474.4	470.2	471.6	474	469.3	472.7	472.7	472.2	478.5	480.3	479.8	476.9	478.3	483.2	481.5	480.3	473.3	461.6	449.9	449.3	439.2	355.5	296.3	281.5	290.5	308.3	314.7	319.3	312.6	281	252.1	232.6	237.4	243	250.5	259.2	264.4	273.6	285.7	301	316.3	318.8	315.3	321.4	323.5	323.8	322.5	313.2	299.2	282.1	274.9	278.7	288.1	296.3	299.8	304.5	308.1	310	311.5	307.7	310.4	311.4	313	315	321.1	325.1	322.5	318.9	322.7	325.6	325.3	325.3	324.9	323.2	323.9	324.1	324.6	326.6	322.8	323.6	328.7	328.6	323.8	318.3	319.9	316.4	310.8	306.8	308.3	312.3	305.7	300.1	296.2	289	283.5	277.6	269.8	266.4	265	263.9	268.1	274.5	282.2	291.2	300.3	305.3	305.5	306.2	306.1	311.2	318.9	336.5	402.9	472.3	481.9	478.6	471	467.3	466.4	465.2	464.1	466.1	473.2	480.6	484.5	480.3	483.9	483.6	473.5	459.8	462.9	464.1	462.3	462.7	467	469.9	469.7	467.1	466.9	465.8	462.3	466.1	471.9	470.7	470.6	471.9	467	462.9	462.6	463.1	460.7	445.7	429.4	449.3	456.2	450.5	443.2	439.6	451	447.8	461.4	467.6
601.2	599.4	597.6	594.7	590.2	585	577.8	570.6	561.6	552.6	544.5	534.6	523.8	512.1	504	495.9	487.8	485.1	486	490.5	491.4	493.2	495.9	493.2	487.8	484.2	480.6	480.6	482.4	482.2	483	481	476.2	473.2	468.7	471.6	478.3	475.4	472.7	473.5	474.6	478.1	478	476.9	481.5	481	479.2	477.6	474.5	468	463.4	458.4	455.6	440.5	380.9	308.7	282.6	286.3	304.3	313.6	322.4	330.1	297.4	255.7	236.8	239.1	247.2	253.1	257.2	260.5	269.6	279.5	291.5	312	318.3	315.2	318.1	324.8	327.8	325.7	318.3	304	288	276.8	275.7	282.4	291.3	295.3	300.8	306	308.5	309	309.9	309.1	309.9	312.3	315.4	318.1	321.1	320.5	321.5	325.1	325.8	326.8	326.8	325.2	324.5	323.4	322.5	323.2	323.5	321.8	321.9	326	328.5	323.7	317.8	315.6	312.7	307.2	304.1	309.5	307.7	300.2	294.5	288.7	284.9	278.9	274.9	269.4	265.9	264.6	265.8	271.8	277.2	284.5	295.6	303.2	306.3	308.4	308.4	305.4	311.2	313.6	348.4	431	480.2	482.1	478.4	472.3	465.3	465.8	467.1	465.3	466.6	473.2	480.5	483.8	486.4	485.6	481.1	469.4	460.6	465.8	464.2	462.1	464	469.7	471.3	469.2	469	467.8	466.8	463.2	464.7	470.4	472.4	472.2	471.5	466	466	465.6	465.6	461.4	444.4	432	452.8	457.9	454	443.6	439.6	450.3	446.2	462.7	472.7
541.8	537.3	532.8	528.3	522.9	516.6	507.6	503.1	495.9	489.6	484.2	483.3	481.5	485.1	489.6	492.3	493.2	494.1	500.4	507.6	506.7	501.3	487.8	477.9	486	492.3	486.9	491	490.2	485.5	479.8	477.4	478.3	477	474.9	484	484.3	479.4	473.2	477.3	482.5	479.8	476.2	477.7	475.5	468.5	477.1	475	469.3	462.9	460.3	456.1	451.4	445.3	439.4	399.8	318.6	292	295.2	302.8	330.3	355.4	348.3	302.6	253.7	239.3	249.7	257.7	260.5	262.3	263.3	269.2	278.1	290.7	308.6	313.1	314.2	319.3	326.1	331.6	329.4	327.4	316.4	301.1	288.1	277.9	277.3	286	290.8	295.3	303.3	304	305.8	305.8	303.3	306	309.5	312	312.9	315.2	320.3	321.1	320.4	322.5	319.9	320.6	321.1	317.7	316.9	319.8	320.6	320.8	319.8	319.9	320	319.3	315.2	307.5	305	305.3	307.2	297.2	289.5	284	280.4	280.9	277	271	268.3	267.2	265.6	269.2	277.3	284	291.4	299.6	304.2	304.9	304.5	309.1	311	311.1	308.9	335.4	424	488.8	491.3	485.1	479.3	474	472.4	467.8	468.8	469.8	472.4	476.7	486.9	493.2	493.6	488.4	480.3	466	462.5	473.5	470.6	467.8	468.2	474.9	476.3	474.2	471.7	469.6	469.1	465.4	464.9	470.5	470.8	473.1	475.2	475.4	471.7	470.2	467.9	463.7	448.9	450.8	478	470.6	461.1	453.9	453.6	452.8	441.6	457.7	479.7
507.6	504	500.4	496.8	491.4	485.1	479.7	475.2	471.6	470.7	472.5	477	481.5	490.5	495.9	493.2	491.4	491.4	496.8	507.6	510.3	496.8	481.5	479.7	483.3	486	486	487.4	481.5	481.5	474.9	465.9	472.1	473.1	479.9	482.5	483.4	477.6	471.9	478.1	483.7	477.5	479.2	478.2	469.6	470.5	479	481.4	469.1	462.8	463.7	456.2	453.2	441.5	440.4	428.5	346.2	297.3	290.8	297.4	326.7	349	357.4	325.6	264.9	240.2	251.5	258.3	262.3	263.2	264.5	265.2	271.2	283.5	299.1	307.5	310.8	313.1	317.5	325.7	328	329.4	322.6	308.1	292.7	280.2	275.9	280.3	285.8	293	298.9	301.3	302.3	303.9	301.5	302.4	301.8	300.8	305.9	312.9	314.1	316.1	316.1	316	313	313.6	317.6	314.9	313.6	318	317.3	319	316.4	315.7	314.8	313	307.7	300.9	300.2	301.2	298.2	290.2	282.1	279.5	279	277.8	275.9	269.4	269.7	270.4	267.5	274.2	280.4	285.4	296	302.3	303.4	301.8	303	306.9	308.9	312.1	310.6	356.1	450.7	489.4	484.4	481.4	477.4	472	474	467.2	467.1	469.7	472	478.4	486.3	492.5	491	485.6	476.5	466	471.8	475.7	472.8	469.1	467.9	470.4	472.7	473.6	470.3	468	466.9	466.3	465.4	467.6	468.7	470	473.4	475.8	471.7	469.2	465.9	461.8	446.5	462.2	492.6	474.3	461.7	455	456.8	451	439.9	460.8	482.1
441.9	441.9	441.9	441.9	441.9	441.9	441.9	441.9	441.9	441.9	441.9	441.9	441.9	441.9	441.9	441.9	441.9	441.9	441.9	441.9	441.9	441.9	441.9	441.9	441.9	441.9	440.7	436.9	434.2	433.1	433	433	432.9	433	431.9	431	431.3	432.7	431.9	431.5	433.5	434.3	434.3	433.8	433.6	433.7	433.4	432.8	432.1	432	432.1	429.4	421.7	412.2	408	407.9	389.7	313.2	271.6	271.9	274	276	276.6	276.2	276.9	274.9	271.9	265	259.1	250.9	244.5	238.6	233.1	228.7	228.3	227.3	226.9	229	230.5	237.5	247.3	257	261.8	263.1	263	259.6	257.4	256.3	256.8	257.1	258.5	256.5	256.6	256.5	255.5	254.8	254.9	253.2	251.4	252.8	253	250.6	248.8	248.8	248.4	248.2	249.7	250	248.5	250.5	250.9	248.8	248	245.3	244.5	243.4	239.1	236.9	231.5	225.2	221.4	220.3	220.7	218.4	218.6	220.5	223	226	230.2	236.2	241.3	247.7	253.1	260.7	265	265.2	266.7	267.3	267.5	270.6	270	262.2	287.7	370.9	414.2	413.7	413.8	413.9	414.9	416.6	416.6	415.3	416.4	420.1	421	422.9	426.1	430.9	434.4	435.9	434.4	436.4	438.5	439.3	439.9	439.5	438.5	437.3	437.3	437.5	437.9	438.1	438.1	439.3	439.2	437.3	437	437.2	437.2	438.4	438.8	438.6	437.1	435.6	434.8	435.6	437	437.4	437.3	437.2	436.5	436.1	436.9	435.7	435.8
612	612	612	612	612	612	612	612	612	612	612	612	612	612	612	612	612	612	612	612	612	612	612	612	610.4	607.4	604.7	603.4	602.9	602.2	602.3	602.7	602.4	602.1	601.4	601.5	601.4	601.8	602.7	600.9	601.6	603.8	604.4	603.9	603.7	604	603.6	602.8	602.3	602	602	598.4	587.9	578.4	576.8	578.3	581.4	512.9	453.8	442.1	443.7	444.5	446	446.5	446.8	446.8	445.1	438.2	432.2	424.4	419.8	411.1	407.2	402.7	398.7	396.8	396.4	396.3	396.7	400.5	406.9	415.6	423.9	429.6	432.1	431.5	428	427.2	428	426.6	426.8	426.4	426.4	427.4	426.5	423.3	425.4	425.4	424.9	425.7	423.1	421.5	421.1	420.4	418	418.8	418.6	418.6	420.2	420.2	420.2	418.4	414.2	412.4	410	408.1	403.7	399.4	393.9	389.9	390	388.5	388.3	388.7	389.4	392.4	395.6	399.6	403.2	409.3	415.5	421.7	429	434.3	435.4	436.2	437.9	438.3	438.4	438.2	436.3	430.9	479	561.3	582.5	582	581.2	580.3	581.3	586	586.7	588	590.1	590.7	591.6	592.8	596.3	601.2	606.1	606.4	605.4	608.8	608.1	608	608.6	607.1	604.7	606.1	607.5	608	608.2	608.7	610.8	609.4	608.5	608.3	608	606.9	607.5	609.4	609.6	608.1	606.7	605.3	604.6	606.4	608.7	608.1	608.2	607.6	607.3	607.9	605.3	603.9	605.9
612	612	612	612	612	612	612	612	612	612	612	612	612	612	612	612	612	612	612	612	611.8	612	611.8	610.9	610.4	607.4	605.2	603.8	603.2	602.7	601.2	602.3	602.2	601.5	601.4	601.1	601.3	600.9	601.4	601.1	600.1	602.1	603.9	604.2	603.9	603.7	603.9	603.4	602.5	602.4	602.2	598.4	588.4	579.7	577.3	577.8	581.4	585.3	518.5	456.4	442.7	441.9	441.2	442.9	443	445.2	446.1	446.1	444.2	440.5	433.2	422.8	414.9	408.9	404.5	401.8	398.2	396.1	394.2	394.7	394.4	396	400.1	406.2	411.9	417.5	423.4	425.5	427.2	428.1	427.8	427.4	427.5	425.7	425	421.9	421.2	422	423.6	423.5	424.8	423.2	423.3	422.1	421.2	421.9	418.6	416	415.3	413.6	411.6	408.6	404	401.1	397.4	391.7	388	388.3	388.4	387.5	387.7	387.2	388	391.5	393.9	398	401	405.6	411.3	418.6	424.9	431.1	434.3	435.5	435.9	438.8	436.7	435.5	435.1	432.5	432	469.6	548.3	581.5	581.6	581.7	582.4	580.6	578.8	581	586.6	587.9	590.4	591	591.6	592.4	595.9	601.6	604.1	606	605.7	604.7	605.2	604.7	605.2	607.1	607.1	606	607.8	607.8	606.7	605.8	606.5	606.7	606.9	607.9	608	605.9	605.1	606.7	606.7	605.9	606.2	607.1	607.3	607.5	606.8	607.5	607.6	608	606.4	604.4	604.4	603.3	604.5
612	612	612	612	612	612	612	612	612	612	612	612	612	612	611.7	612	612	612	610.1	606.6	606.7	608.2	606.7	606.1	604.7	604.3	603.5	603	602.7	602.7	602.1	602	601.6	601.5	601.5	600.9	600.4	600.4	600.7	601.6	600.1	600.9	603.2	603.8	603.7	603.4	603.7	603.2	602.5	602.7	602.4	599.5	589.8	580	576.9	577.5	580.5	584.9	550.9	474.9	445.8	442.6	441.4	442.5	444.1	444.8	445.9	445.8	446.6	443.3	437.7	428.7	419.8	413.5	407.7	403.7	398.4	397.4	395.5	394	394.2	394.4	395	397.6	401.1	406.8	413.9	417.8	423.4	424	425.4	425.3	425.3	424.9	423.5	419.1	415.6	419.5	422.9	421.9	422.4	422.4	421.8	421.8	420.5	418.5	415	412.4	409.9	408	403.6	401	396.2	392.8	390.6	387.1	386.7	387.4	386.7	387	387.5	388.4	391.8	392.9	397.9	401.4	406	409.8	414.9	422.4	429	432.6	434.8	435.2	436.4	437.5	436.6	436.2	435.6	429.7	437.6	492.3	567.4	581.6	580.8	581.3	582.4	580.7	577.4	577.3	581.2	585.3	587.3	589.3	591.6	592.3	595.2	600.3	606.1	606.3	606.2	604.6	605.4	605.1	605.8	607.1	607.8	608.7	609	607.4	605.4	605	606	606.7	607.4	608.3	609.2	606.1	604.4	605.1	605.2	604	605.8	606.5	606.9	608	607.8	606.9	606.2	606.5	605.9	604.5	604.9	604.9	603.8
