510	510	510	510	510	510	510	510	510	510	510	510	510	510	510	510	510	510	510	510	510	510	510	510	510	510	510	510	510	510	510	510	510	510	510	510	510	510	510	510	510	510	510	510	510	510	510	510	510	510	510	510	510	510	510	510	510	510	510	510	510	510	510	510	510	510	510	510	510	510	510	510	510	510	510	510	510	510	510	510	494	470.8	455.6	442	455.6	477.2	484.4	472.4	469.2	490.8	483.6	454	462	487.6	498.8	502.8	510	510	499.6	497.2	499.6	478	454	462.8	471.6	472.4	476.4	470.8	472.4	486	485.2	491.6	488.4	494.8	510	510	510	510	510	510	510	510	510	510	510	510	510	510	510	510	510	510	510	510	510	510	510	510	510	510	510	510	510	510	510	510	510	510	510	510	510	510	510	510	510	510	510	510	510	510	510	510	510	510	510	510	510	510	510	510	510	510	510	510	510	510	510	510	510	510	510	510	510	510	510	510	510	510	510	510	510	510	510	510	510
510	510	510	510	510	510	510	510	510	510	510	510	510	510	510	510	510	510	510	510	510	510	510	510	510	510	510	510	510	510	510	510	510	510	510	510	510	510	510	510	510	510	510	510	510	510	510	510	510	510	510	510	510	510	510	510	510	510	510	510	510	510	510	510	510	510	510	510	510	510	510	510	510	510	510	510	510	510	510	468.4	448.4	459.6	466.8	449.2	450.8	420.4	396.4	405.2	390.8	382	386	392.4	387.6	391.6	409.2	441.2	462.8	455.6	435.6	426	434	444.4	444.4	448.4	439.6	435.6	426.8	404.4	398	415.6	433.2	438	430	414.8	420.4	473.2	510	500.4	500.4	510	510	510	510	510	510	500.4	499.6	510	510	510	510	510	510	510	510	510	510	510	510	510	510	510	510	510	510	510	510	510	510	510	510	510	510	510	510	510	510	510	510	510	510	510	510	510	510	510	510	510	510	500.4	493.2	496.4	482	490	510	510	510	510	510	510	510	510	510	510	510	510	510	510	510	510	510	510	510	510	510
510	510	510	510	510	510	510	510	510	510	510	510	510	510	510	510	510	510	510	510	510	510	510	510	510	510	510	510	510	510	510	510	510	510	510	510	510	510	510	510	510	510	510	510	510	510	510	510	510	510	510	510	510	510	510	510	510	510	510	510	510	510	510	510	510	510	510	510	510	510	510	510	510	510	510	506.8	510	510	510	482.8	450	441.2	431.6	442.8	431.6	414.8	399.6	388.4	391.6	394	396.4	404.4	402.8	414.8	411.6	389.2	416.4	439.6	427.6	410.8	414.8	398.8	422.8	432.4	430.8	431.6	407.6	388.4	391.6	390.8	403.6	419.6	420.4	410	386	398.8	454.8	479.6	484.4	466	498.8	510	510	510	510	507.6	494.8	507.6	510	510	510	510	510	510	510	510	510	506	502	510	510	510	510	510	510	510	510	510	510	510	510	510	510	510	510	510	510	510	510	510	510	510	510	510	510	510	510	510	510	510	485.2	488.4	502	488.4	497.2	510	510	510	510	510	510	510	510	510	510	497.2	496.4	501.2	502.8	510	510	510	510	510	510
510	510	510	510	510	510	510	510	510	510	510	510	510	510	510	510	510	510	510	510	510	510	510	510	510	510	510	510	510	510	510	510	510	510	510	510	510	510	510	510	510	510	510	510	510	510	510	510	510	510	510	510	510	510	510	510	510	510	510	510	510	510	510	510	510	510	510	510	510	496.4	510	510	510	499.6	472.4	462.8	468.4	442	417.2	410.8	394.8	378	381.2	380.4	379.6	376.4	396.4	411.6	402	413.2	420.4	399.6	409.2	398	400.4	396.4	370.8	367.6	370	383.6	391.6	408.4	420.4	402.8	405.2	430.8	447.6	402.8	387.6	383.6	374	398	396.4	365.2	365.2	362	368.4	415.6	444.4	442	430.8	474	501.2	506	495.6	486	487.6	504.4	510	510	510	510	510	510	510	510	508.4	488.4	489.2	510	510	510	510	510	510	510	510	510	510	510	510	510	510	510	510	510	510	510	510	510	510	510	510	510	510	510	510	510	510	510	510	510	510	510	510	510	510	510	510	510	510	510	510	502.8	498.8	493.2	488.4	497.2	510	510	510	510	510	510	510
510	510	510	510	510	510	510	510	510	510	510	510	510	510	510	510	510	510	510	510	510	510	510	510	510	510	510	510	510	510	510	510	510	510	510	510	510	510	510	510	510	510	510	510	510	510	510	510	510	510	510	510	510	510	510	510	510	510	510	510	510	510	510	510	510	510	510	510	510	510	510	506	495.6	487.6	455.6	437.2	414.8	397.2	387.6	392.4	386	376.4	368.4	358.8	354	374	398.8	386	353.2	361.2	370.8	384.4	399.6	390.8	372.4	366.8	326.8	321.2	349.2	351.6	352.4	397.2	414.8	392.4	402	416.4	435.6	402.8	377.2	381.2	379.6	388.4	391.6	362	355.6	354	358.8	398	428.4	426	407.6	447.6	489.2	510	510	494	490.8	495.6	508.4	510	510	510	510	510	510	510	510	508.4	493.2	510	510	510	510	510	510	510	510	510	510	510	510	510	510	510	510	510	510	510	510	510	510	510	510	510	510	510	510	510	510	510	510	510	510	510	510	510	510	510	510	510	507.6	510	510	505.2	495.6	505.2	502.8	510	510	510	510	510	510	510	510
510	510	510	510	510	510	510	510	510	510	510	510	510	510	510	510	510	510	510	510	510	510	510	510	510	510	510	510	510	510	510	510	510	510	510	510	510	510	510	510	510	510	510	510	510	510	510	510	510	510	510	510	510	510	510	510	510	510	510	510	510	510	510	510	510	510	508.4	506.8	494.8	473.2	480.4	470.8	470.8	478.8	467.6	431.6	408.4	386	369.2	373.2	378	407.6	392.4	345.2	338	343.6	345.2	342.8	334	334	361.2	362	362	370	352.4	337.2	326	338	361.2	363.6	365.2	371.6	360.4	372.4	394	400.4	378	356.4	367.6	374.8	365.2	353.2	373.2	369.2	347.6	346.8	353.2	352.4	367.6	382.8	397.2	404.4	387.6	419.6	472.4	510	510	510	510	510	510	504.4	502	489.2	485.2	488.4	487.6	491.6	500.4	510	510	510	510	506	507.6	510	510	510	510	510	510	510	510	510	510	510	510	510	510	510	510	510	510	510	510	510	510	510	510	510	510	510	510	510	510	510	510	510	510	510	510	510	510	510	510	510	510	510	510	510	510	510	510	510	510
510	510	510	510	510	510	510	510	510	510	510	510	510	510	510	510	510	510	510	510	510	510	510	510	510	510	510	510	510	510	510	510	510	510	510	510	510	510	510	510	510	510	510	510	510	510	510	510	510	510	510	510	510	510	510	510	510	510	510	510	510	510	510	510	510	510	510	510	470.8	459.6	478.8	474.8	463.6	468.4	447.6	399.6	374	350.8	335.6	354.8	368.4	389.2	376.4	349.2	348.4	349.2	352.4	372.4	378.8	377.2	381.2	398.8	396.4	404.4	379.6	357.2	350.8	324.4	340.4	366.8	331.6	288.4	304.4	324.4	316.4	310.8	302.8	310	343.6	346.8	330.8	349.2	350	356.4	358	346.8	333.2	335.6	359.6	404.4	418.8	377.2	387.6	422.8	480.4	510	510	510	510	510	510	500.4	485.2	489.2	502.8	474.8	460.4	490	510	510	510	499.6	488.4	506.8	510	510	510	510	510	510	510	510	510	510	510	510	510	510	510	510	510	510	510	510	510	510	510	510	510	510	510	510	510	510	510	510	510	510	510	510	510	510	510	510	510	510	510	510	510	510	510	510	510	510	510
510	510	510	510	510	510	510	510	510	510	510	510	510	510	510	510	510	510	510	510	510	510	510	510	510	510	510	510	510	510	510	510	510	510	510	510	510	510	510	510	510	510	510	510	510	510	510	510	510	510	510	510	510	510	510	510	510	510	510	510	510	510	510	510	510	510	508.4	497.2	447.6	409.2	428.4	444.4	447.6	447.6	442.8	397.2	362.8	333.2	342.8	354.8	371.6	378	370.8	374.8	356.4	346.8	358.8	385.2	383.6	383.6	387.6	370.8	356.4	372.4	357.2	334	305.2	307.6	307.6	306.8	315.6	286	269.2	274	299.6	298.8	282.8	270.8	288.4	322.8	322	327.6	334.8	306	299.6	331.6	346.8	345.2	334	330.8	376.4	375.6	359.6	374.8	399.6	447.6	471.6	462	457.2	456.4	466.8	460.4	494.8	483.6	454	453.2	447.6	482.8	506.8	490	496.4	496.4	502	510	510	510	510	510	510	510	510	510	510	510	510	510	510	510	510	510	510	510	510	510	510	506.8	510	510	502.8	502.8	510	510	510	510	510	510	510	510	510	510	510	510	510	510	510	510	510	510	510	510	506.8	501.2	490	483.6	506.8
510	510	510	510	510	510	510	510	510	510	510	510	510	510	510	510	510	510	510	510	510	510	510	510	510	510	510	510	510	510	510	510	510	510	510	510	510	510	510	510	510	510	510	510	510	510	510	510	510	510	510	510	510	510	510	510	510	510	510	510	510	510	510	510	510	510	510	502.8	430	388.4	409.2	417.2	415.6	405.2	385.2	353.2	362.8	385.2	382	375.6	389.2	377.2	367.6	376.4	358	341.2	341.2	356.4	331.6	310.8	316.4	309.2	292.4	294.8	282.8	281.2	271.6	285.2	274.8	276.4	298	286.8	266.8	257.2	278	277.2	263.6	247.6	245.2	253.2	256.4	252.4	253.2	237.2	234	255.6	260.4	265.2	267.6	267.6	309.2	339.6	342	364.4	373.2	411.6	438.8	441.2	430.8	449.2	483.6	469.2	493.2	487.6	450	431.6	435.6	470.8	486	473.2	498.8	506.8	510	510	510	510	510	510	510	510	510	510	510	510	510	510	510	510	510	510	510	510	510	510	510	505.2	510	510	510	510	510	510	510	510	510	510	510	510	510	510	510	510	510	510	510	510	510	510	510	510	510	507.6	496.4	491.6	510
510	510	510	510	510	510	510	510	510	510	510	510	510	510	510	510	510	510	510	510	510	510	510	510	510	510	510	510	510	510	510	510	510	510	510	510	510	510	510	510	510	510	510	510	510	510	510	510	510	510	510	510	510	510	510	510	510	510	510	510	510	510	510	510	510	510	510	510	497.2	478	419.6	396.4	377.2	347.6	332.4	351.6	391.6	381.2	366	371.6	380.4	392.4	394.8	394.8	378	354	329.2	314	322	292.4	294	314.8	303.6	274	270	291.6	274.8	253.2	263.6	251.6	255.6	274.8	257.2	234	245.2	250.8	238.8	235.6	239.6	236.4	238	241.2	244.4	234	214.8	217.2	218.8	222	227.6	237.2	246.8	258.8	282	294.8	314	338.8	350.8	371.6	392.4	434	442	436.4	465.2	446	414	418.8	430.8	414.8	422.8	443.6	488.4	510	510	510	510	510	510	510	510	510	510	510	510	510	510	510	510	510	510	510	510	510	510	510	510	510	510	510	510	510	510	510	510	510	510	510	510	510	510	510	510	510	510	510	510	510	510	510	510	510	510	510	510	510	510
510	510	510	510	510	510	510	510	510	510	510	510	510	510	510	510	510	510	510	510	510	510	510	510	510	510	510	510	510	510	510	510	510	510	510	510	510	510	510	510	510	510	510	510	510	510	510	510	510	510	510	510	510	510	510	510	510	510	510	510	510	510	510	510	510	510	510	497.2	488.4	485.2	411.6	383.6	365.2	360.4	360.4	373.2	386	374.8	359.6	358.8	362.8	356.4	358.8	348.4	338.8	326.8	282.8	270.8	293.2	274	266.8	282	285.2	250.8	254.8	270	242.8	237.2	250.8	242	241.2	246.8	230	223.6	225.2	228.4	226	226	232.4	232.4	230.8	229.2	234	230.8	211.6	214.8	215.6	212.4	218	215.6	210	210.8	207.6	213.2	219.6	234	250	279.6	329.2	382.8	426.8	442	462.8	443.6	402.8	413.2	419.6	385.2	388.4	434	465.2	491.6	510	510	510	510	510	510	507.6	510	510	510	510	510	510	510	510	510	510	510	510	510	510	510	510	510	510	510	510	510	510	510	510	510	510	510	510	510	510	510	510	510	510	510	510	510	510	510	510	510	510	510	510	504.4	506
510	510	510	510	508.8	510	510	510	510	510	510	510	510	510	510	510	510	510	510	510	510	510	510	510	510	510	510	510	510	510	510	510	510	510	510	510	510	510	510	510	510	510	510	510	510	510	510	510	510	510	510	510	510	510	510	510	510	510	510	510	510	510	479.6	470.8	482	482	455.6	425.2	417.2	410	375.6	384.4	373.2	366.8	366	371.6	351.6	353.2	355.6	343.6	327.6	307.6	302	300.4	288.4	286	278.8	242.8	247.6	270	262.8	261.2	269.2	243.6	234	238	230	225.2	232.4	243.6	267.6	255.6	225.2	226	225.2	222.8	226.8	232.4	232.4	230.8	230	219.6	218.8	220.4	214	221.2	218	214	217.2	214.8	211.6	210	202.8	201.2	206	210	219.6	234.8	247.6	274.8	329.2	375.6	394	386	377.2	385.2	388.4	356.4	346.8	393.2	405.2	397.2	449.2	484.4	500.4	510	510	510	510	510	510	510	510	510	510	510	510	510	510	510	510	510	510	510	510	510	510	510	510	510	510	510	510	510	510	510	510	510	510	510	510	507.6	510	510	510	510	510	510	510	510	510	510	495.6	476.4	469.2
510	510	510	510	510	510	510	510	510	510	510	510	510	510	510	510	510	510	510	510	510	510	510	510	510	510	510	510	510	510	510	510	510	510	510	510	510	510	510	510	510	510	510	510	510	510	510	510	510	510	510	510	510	510	510	510	510	510	510	510	510	502.8	448.4	442.8	465.2	450	428.4	393.2	375.6	342	328.4	362.8	348.4	321.2	302.8	290	273.2	274.8	278	267.6	264.4	266.8	274.8	280.4	269.2	265.2	259.6	236.4	235.6	250	236.4	230.8	232.4	218	218.8	222	214	206.8	223.6	239.6	258.8	245.2	219.6	220.4	232.4	232.4	232.4	238.8	246.8	242	230	226.8	222.8	221.2	214	219.6	217.2	222	222	214	213.2	228.4	219.6	209.2	205.2	202.8	206.8	219.6	233.2	237.2	254.8	287.6	337.2	370.8	367.6	369.2	370	345.2	338.8	365.2	374	366	402.8	454	483.6	502	510	510	510	510	510	510	510	510	510	510	510	510	510	510	510	510	510	510	510	510	510	510	510	510	510	510	510	510	510	510	510	510	510	510	510	507.6	510	510	510	510	510	510	510	510	510	510	510	496.4	483.6
510	510	510	510	510	510	510	510	510	510	510	510	510	510	510	510	510	510	510	510	510	510	510	510	510	510	510	510	510	510	510	510	510	510	510	510	510	510	510	510	510	510	510	510	510	510	510	510	510	510	510	510	510	510	510	510	510	510	510	502.8	466.8	419.6	382.8	376.4	373.2	370	362.8	356.4	342.8	297.2	283.6	311.6	298.8	283.6	276.4	272.4	256.4	248.4	251.6	253.2	257.2	258.8	264.4	270.8	274.8	277.2	273.2	251.6	233.2	222	212.4	209.2	207.6	196.4	203.6	200.4	196.4	199.6	206	238.8	240.4	216.4	209.2	212.4	221.2	221.2	225.2	231.6	235.6	234.8	233.2	234	228.4	221.2	214.8	214.8	217.2	221.2	214	205.2	204.4	213.2	209.2	208.4	213.2	208.4	205.2	205.2	219.6	230	237.2	243.6	268.4	327.6	335.6	331.6	334	334.8	334	345.2	366	354	347.6	370	407.6	462.8	505.2	510	510	510	510	510	510	508.4	507.6	510	510	510	510	510	510	510	510	510	510	510	510	510	510	510	510	510	510	510	510	510	510	510	510	510	510	510	510	510	510	510	510	510	510	506	506	506.8	510	510	510
510	510	510	510	510	510	510	510	510	510	510	510	510	510	510	510	510	510	510	510	510	510	510	510	510	510	510	510	510	510	510	510	510	510	510	510	510	510	510	510	510	510	510	510	510	510	510	510	510	510	510	510	510	510	510	510	510	510	502	478	437.2	391.6	365.2	354	351.6	355.6	350.8	303.6	282	266	275.6	284.4	275.6	270	267.6	246	239.6	238.8	231.6	236.4	238	242	238	239.6	246.8	263.6	276.4	274	264.4	258	252.4	246	233.2	214.8	221.2	209.2	202.8	207.6	206	220.4	222	214	205.2	204.4	208.4	210	212.4	214.8	219.6	222	228.4	238	237.2	235.6	234.8	231.6	233.2	228.4	226	221.2	221.2	219.6	216.4	213.2	209.2	201.2	206	212.4	218.8	225.2	229.2	232.4	242.8	286.8	342	331.6	329.2	330.8	329.2	335.6	355.6	352.4	342	355.6	394	450	500.4	510	510	510	510	510	510	510	510	510	510	510	510	510	510	510	510	510	510	510	510	510	510	510	510	510	510	510	510	510	510	510	510	510	510	510	510	510	510	510	510	510	510	502.8	510	510	510	510	510
510	510	510	510	510	510	510	510	510	510	510	510	510	510	510	510	510	510	510	510	510	510	510	510	510	510	510	510	510	510	510	510	510	510	510	510	510	510	510	510	510	510	510	510	510	510	510	510	510	510	510	510	510	510	510	510	510	479.6	418.8	374	353.2	342.8	338.8	337.2	336.4	336.4	322	270	245.2	234.8	246.8	265.2	258.8	244.4	243.6	232.4	224.4	222.8	211.6	216.4	219.6	217.2	216.4	214	223.6	233.2	238.8	253.2	256.4	258	255.6	258.8	249.2	229.2	222.8	218.8	212.4	206.8	202	213.2	210.8	202	198.8	194	195.6	197.2	202	201.2	197.2	201.2	211.6	222	227.6	230	231.6	235.6	237.2	234.8	231.6	225.2	226.8	223.6	216.4	214	212.4	203.6	199.6	202	210	213.2	222.8	228.4	230.8	244.4	306.8	322.8	326	326	327.6	329.2	331.6	336.4	340.4	339.6	362	430.8	489.2	510	510	510	510	510	510	510	510	510	510	510	510	510	510	510	510	510	510	510	510	510	510	510	510	510	510	510	508.4	504.4	507.6	505.2	510	510	510	510	510	510	510	510	510	510	510	510	510	510	510	510	510
510	510	510	510	510	510	510	510	510	510	510	510	510	510	510	510	510	510	510	510	510	510	510	510	510	510	510	510	510	510	510	510	510	510	510	510	510	510	510	510	510	510	510	510	510	510	510	510	510	510	510	510	510	510	510	510	510	482.8	422.8	371.6	366	346	341.2	341.2	333.2	288.4	239.6	224.4	229.2	234	232.4	229.2	218.8	210	210	209.2	206.8	202	194.8	193.2	190.8	188.4	192.4	197.2	210	214.8	214.8	224.4	223.6	229.2	237.2	249.2	255.6	261.2	265.2	254.8	244.4	235.6	220.4	225.2	230.8	230	227.6	217.2	210	213.2	223.6	219.6	211.6	210.8	213.2	213.2	214	213.2	216.4	222.8	226.8	236.4	238	229.2	229.2	228.4	218.8	218	215.6	216.4	210	198.8	203.6	206	207.6	209.2	220.4	230.8	261.2	301.2	318.8	326	328.4	333.2	329.2	330	336.4	336.4	346	381.2	433.2	482	506	510	510	510	510	510	510	510	510	510	501.2	510	510	510	510	510	510	510	510	510	510	510	510	510	510	510	508.4	499.6	505.2	510	510	510	510	510	510	510	510	510	510	510	510	510	510	510	510	510	510
510	510	510	510	510	510	510	510	510	510	510	510	510	510	510	510	510	510	510	510	510	510	510	510	510	510	510	510	510	510	510	510	510	510	510	510	510	510	510	510	510	510	510	510	510	510	510	510	510	510	510	510	510	510	497.2	459.6	451.6	441.2	389.2	352.4	346	339.6	329.2	326	322	263.6	226.8	218.8	218	223.6	222.8	218.8	214.8	207.6	203.6	203.6	205.2	203.6	194	188.4	186.8	186	186.8	188.4	194	200.4	210	217.2	212.4	210.8	218	230	239.6	251.6	262	257.2	244.4	238.8	230.8	224.4	217.2	223.6	226	225.2	225.2	228.4	230	226.8	222.8	222.8	223.6	218.8	217.2	217.2	218	214.8	218	228.4	234	230	226.8	227.6	223.6	218	211.6	214	212.4	205.2	204.4	206	209.2	212.4	211.6	218	230.8	261.2	292.4	309.2	327.6	330	328.4	333.2	336.4	334.8	330.8	334.8	347.6	370.8	402.8	462.8	490.8	482	499.6	510	510	510	510	510	510	510	510	510	510	510	510	510	510	510	510	510	510	510	510	510	510	510	510	510	510	510	510	510	510	510	510	510	510	510	510	510	510	510	510	510	510
510	510	510	510	510	510	510	510	510	510	510	510	510	510	510	510	510	510	510	510	510	510	510	510	510	510	510	510	510	510	510	510	510	510	510	510	510	510	510	510	510	510	510	510	510	510	510	510	510	510	510	510	510	504.4	482	432.4	403.6	352.4	303.6	287.6	287.6	293.2	310	299.6	246.8	224.4	215.6	206.8	215.6	225.2	222	209.2	204.4	200.4	198.8	197.2	198.8	194.8	197.2	197.2	198	202	206.8	214.8	212.4	210	207.6	198.8	186.8	181.2	187.6	195.6	206	211.6	227.6	243.6	254	258	248.4	230	210.8	206.8	209.2	214	218.8	222	221.2	221.2	217.2	219.6	223.6	223.6	221.2	218	211.6	203.6	202.8	207.6	210	212.4	217.2	217.2	214.8	210	202.8	202.8	201.2	199.6	201.2	201.2	206	219.6	228.4	222.8	222.8	227.6	237.2	247.6	267.6	302	332.4	333.2	333.2	328.4	327.6	340.4	346	374	409.2	456.4	504.4	501.2	508.4	510	510	510	510	510	510	510	510	510	510	510	510	510	510	510	510	510	510	510	510	510	510	510	510	510	510	510	510	510	510	510	504.4	502	510	510	510	510	510	510	510	510	510
510	510	510	510	510	510	510	510	510	510	510	510	510	510	510	510	510	510	510	510	510	510	510	510	510	510	510	510	510	510	510	510	510	510	510	510	510	510	510	510	510	510	510	510	510	510	510	510	510	510	510	510	502.8	477.2	438.8	392.4	363.6	303.6	250.8	273.2	270	254.8	279.6	271.6	235.6	228.4	220.4	210.8	214.8	222	214.8	202.8	197.2	198	197.2	193.2	191.6	194	196.4	197.2	198	196.4	201.2	207.6	214.8	219.6	214	201.2	191.6	183.6	178.8	178	186.8	193.2	198	216.4	240.4	254	263.6	250.8	234	225.2	216.4	211.6	217.2	218	216.4	214	206.8	205.2	209.2	214.8	214	212.4	208.4	201.2	198.8	199.6	199.6	197.2	201.2	202	200.4	199.6	193.2	198	202.8	206	204.4	200.4	200.4	210.8	219.6	225.2	235.6	236.4	242	247.6	253.2	269.2	295.6	318	328.4	335.6	330.8	339.6	358.8	368.4	397.2	413.2	478	510	510	510	510	510	510	510	510	510	510	510	510	510	510	510	510	510	510	510	510	510	510	510	510	510	510	510	510	510	510	510	510	510	510	506.8	510	510	510	510	510	510	510	510	510
510	510	510	510	510	510	510	510	510	510	510	510	510	510	510	510	510	510	510	510	510	510	510	510	510	510	510	510	510	510	510	510	510	510	510	510	510	510	510	510	510	510	510	510	510	508.8	510	510	510	510	510	510	496.4	448.4	410.8	357.2	282.8	250	252.4	260.4	234	246	229.2	220.4	224.4	217.2	218.8	218.8	218.8	206.8	198	198	197.2	194.8	193.2	191.6	194	192.4	191.6	192.4	192.4	190	190.8	194	199.6	203.6	214	226	232.4	224.4	206.8	190.8	178.8	169.2	166	170	181.2	200.4	229.2	250.8	262	262.8	250.8	232.4	229.2	227.6	222.8	219.6	218	216.4	210	206	208.4	209.2	203.6	202.8	206.8	203.6	200.4	195.6	191.6	192.4	190.8	194.8	195.6	195.6	200.4	206	202	204.4	212.4	217.2	212.4	208.4	220.4	228.4	230.8	234.8	240.4	246	259.6	280.4	295.6	306.8	314.8	328.4	344.4	358	375.6	397.2	454.8	510	510	510	510	510	510	510	510	510	510	510	510	510	510	510	510	510	510	510	510	510	510	510	510	510	510	510	510	508.4	500.4	505.2	510	510	510	510	510	510	510	510	510	510	510	510	510
510	510	510	510	510	510	510	510	510	510	510	510	510	510	510	510	510	510	510	510	510	510	510	510	510	510	510	510	510	510	510	510	510	510	510	510	510	510	510	510	510	510	510	510	510	510	510	510	510	510	506.8	473.2	427.6	391.6	365.2	315.6	251.6	223.6	239.6	246	218.8	233.2	220.4	210	212.4	209.2	211.6	208.4	204.4	197.2	194	196.4	194.8	190.8	188.4	190.8	190.8	188.4	187.6	184.4	182.8	187.6	189.2	189.2	190	193.2	195.6	208.4	222	230	226	210.8	200.4	186.8	167.6	161.2	163.6	169.2	183.6	206.8	236.4	256.4	258.8	248.4	235.6	232.4	229.2	226	220.4	220.4	218	213.2	213.2	208.4	201.2	202.8	206.8	203.6	196.4	193.2	194.8	193.2	188.4	192.4	194.8	190.8	196.4	200.4	195.6	202	210.8	208.4	210.8	214	214.8	217.2	218.8	223.6	224.4	234	245.2	262	286.8	306.8	319.6	330.8	340.4	360.4	386	365.2	396.4	462	510	510	510	510	510	510	510	510	510	510	510	510	510	510	510	510	510	510	510	510	510	510	510	510	510	510	510	501.2	484.4	505.2	510	510	510	510	510	510	510	510	510	510	510	510	510
510	510	510	510	510	510	510	510	510	510	510	510	510	510	510	510	510	510	510	510	510	510	510	510	510	510	510	510	510	510	510	510	510	510	510	510	510	510	510	510	510	510	510	510	510	510	510	510	510	501.2	487.6	471.6	419.6	330	280.4	241.2	212.4	209.2	237.2	224.4	220.4	206	206	211.6	201.2	200.4	201.2	195.6	191.6	190	188.4	186	182	183.6	186	182.8	178.8	178.8	177.2	170.8	167.6	166.8	167.6	168.4	172.4	175.6	178	186	187.2	200.4	212.4	227.6	240.4	233.2	218	197.2	177.2	162.8	159.6	163.6	175.2	202.8	229.2	246.8	254.8	257.2	249.2	235.6	228.4	228.4	226.8	230.8	232.4	230	225.2	222.8	221.2	218	213.2	202	201.2	201.2	195.6	204.4	209.2	207.6	206	202.8	198.8	200.4	196.4	196.4	202	210	218	221.2	221.2	216.4	216.4	215.6	214	215.6	234	268.4	310.8	344.4	336.4	362	388.4	362.8	408.4	459.6	502.8	510	510	510	510	510	510	510	510	510	510	510	510	510	510	510	505.2	510	510	510	510	510	510	510	510	510	510	508.4	494	510	510	510	510	510	510	510	510	510	510	510	510	510	507.6
510	510	510	510	510	510	510	510	510	510	510	510	510	510	510	510	510	510	510	510	510	510	510	510	510	510	510	510	510	510	510	510	510	510	510	510	510	510	510	510	510	510	510	510	510	510	510	510	505.2	426	382	369.2	316.4	302	269.2	222	206	196.4	224.4	222	208.4	199.6	205.2	207.6	199.6	197.2	195.6	193.2	190	186	180.4	177.2	177.2	179.6	182.8	178.8	174	171.6	170	165.2	156.8	144.4	136	130.8	124	124.4	122.8	118.8	128.4	140.4	150.8	160.8	175.6	182.4	175.2	164	147.6	126.4	101.6	90.4	89.2	99.6	120.4	157.2	185.6	209.2	222	220.8	220.4	221.6	217.2	212.4	226.4	234	236.4	231.6	232.4	229.2	227.6	218.8	214.8	214.8	204.4	204.4	210	210	208.4	205.2	204.4	204.4	200.4	199.6	203.6	203.6	209.2	217.2	223.6	223.6	218	214.8	217.2	216.4	217.2	231.6	269.2	319.6	350.8	363.6	350	346	379.6	442.8	494.8	485.2	491.6	510	510	510	510	510	510	510	510	510	510	510	510	510	504.4	506.8	510	510	510	510	510	510	510	510	502.8	502	510	510	510	510	510	510	510	510	510	510	510	510	510	510	510
510	510	510	510	510	510	510	510	510	510	510	510	510	510	510	510	510	510	510	510	510	510	510	510	510	510	510	510	510	510	510	510	510	510	510	510	510	510	510	510	510	510	510	510	510	490.8	489.2	488.4	442.8	389.2	347.6	283.6	252.4	247.6	207.6	196.4	195.6	202	223.6	210.8	199.6	208.4	206	196.4	197.2	190	181.2	183.6	180.4	177.2	178.8	174	171.6	171.6	169.2	165.2	157.2	150.8	150.8	144.8	112	99.2	94.4	92.8	80.8	69.6	66	76	79.6	85.6	94.4	97.6	109.6	126	128.8	134.4	142.4	140.4	124.4	108.8	94.4	78	70.8	78	91.6	120	148.8	176.4	194.4	207.2	211.6	216.8	226.8	235.6	229.2	222	223.6	228.4	234.8	236.4	239.6	239.6	233.2	226	220.4	220.4	221.2	228.4	222.8	219.6	221.2	223.6	226	219.6	218.8	218.8	222.8	226.8	230	231.6	232.4	230.8	222.8	223.6	245.2	267.6	305.2	333.2	320.4	323.6	359.6	441.2	496.4	480.4	495.6	510	510	510	510	510	510	510	510	510	510	510	510	510	510	505.2	506	510	510	510	510	510	505.2	498.8	505.2	510	510	510	510	510	499.6	510	510	510	510	510	510	510	510	510	510
510	510	510	510	510	510	510	510	510	510	510	510	510	510	510	510	510	510	510	510	510	510	510	510	510	510	510	510	510	510	510	510	508.8	510	510	510	510	510	510	510	510	510	510	510	496.4	474.8	443.6	466.8	456.4	394.8	331.6	266	242	210.8	188.4	181.2	187.6	200.4	220.4	210	197.2	205.2	207.6	200.4	198.8	191.6	180.4	177.2	171.6	172.4	174.8	170.8	170	167.6	161.6	145.6	114	85.2	73.2	69.6	56.4	42	40	36.8	37.2	36.8	36	41.6	44.8	48	57.6	67.2	81.6	97.6	112	122	123.2	129.2	130.4	124.8	114.4	91.6	72.4	67.6	64	64	76.4	91.2	108.8	127.6	147.2	164.4	171.6	198.8	211.6	210.4	213.2	219.6	224.8	228.4	238.8	238	231.6	229.2	229.2	226	226	235.6	234.8	234	230.8	226.8	228.4	224.4	222	218	216.4	218.8	226	225.2	223.6	220.4	218	219.6	233.2	255.6	274.8	314	315.6	310	334.8	377.2	472.4	510	510	510	510	510	510	510	510	510	510	510	510	510	510	510	510	510	507.6	510	505.2	502.8	508.4	507.6	501.2	508.4	510	510	510	510	510	510	502	490.8	484.4	484.4	484.4	506	510	510	510	510	510
510	510	510	510	510	510	510	510	510	510	510	510	510	510	510	510	510	510	510	510	510	510	510	510	510	510	510	510	510	510	510	510	510	510	510	510	510	510	510	510	510	510	462	419.6	422	435.6	383.6	368.4	343.6	291.6	247.6	224.4	210	197.2	190	185.2	186.8	199.6	208.4	194.8	198	202	198	196.4	187.6	175.6	173.2	166.8	162.8	166.8	166	161.2	159.6	146.4	128.8	122.8	107.2	77.6	58	56.8	54	43.2	41.2	38	36.8	34.4	33.2	32.8	30.4	31.6	37.2	44.4	46.4	55.6	72.4	86	98.4	110.4	123.2	132.8	140.4	133.6	125.6	110.8	91.2	76	70.4	68.8	70.4	71.6	80.8	99.2	117.6	138.4	158	175.2	198.4	210	212.4	218.8	229.2	232.4	234.8	234.8	229.2	230	238	238.8	232.4	228.4	220.4	211.6	208.4	210.8	211.6	208.4	203.6	203.6	203.6	202.8	200.4	194	198	202	205.2	217.2	231.6	268.4	280.4	272.4	271.6	297.2	385.2	454	507.6	510	510	510	510	510	510	510	510	510	510	510	502.8	504.4	510	510	510	510	506	495.6	510	510	510	510	510	510	510	510	510	510	510	499.6	476.4	476.4	489.2	510	510	510	510	510	510
510	510	510	510	510	510	510	510	510	510	510	510	510	510	510	510	510	510	510	510	510	510	510	510	510	510	510	510	510	510	510	510	510	510	510	510	510	510	510	510	510	495.6	433.2	399.6	426	397.2	332.4	309.2	258	217.2	210	210.8	205.2	197.2	190	184.4	185.2	198.8	207.6	197.2	201.2	205.2	198.8	195.6	183.6	173.2	170.8	166	165.2	160.8	132	114.4	101.6	81.6	67.2	61.2	56.8	50.8	45.6	45.2	46.8	43.2	37.2	34	37.2	36.4	32.4	30	30	30.8	33.2	42.8	44.4	38.8	43.2	59.6	74.8	91.6	106.4	121.2	129.2	129.6	136	136.8	120.4	102.8	88.8	73.2	69.6	67.2	70	78.8	94	107.2	118.8	123.6	132	156.8	165.6	176.8	198.4	218.4	225.2	224.4	228.4	233.2	237.2	227.6	222.8	217.2	204.4	195.6	190.8	190	194.8	190.4	194.8	198.8	199.6	194.8	190.8	188.4	190	191.6	196.4	200.4	206.8	222	245.2	250	259.6	254.8	308.4	396.4	473.2	510	510	510	510	510	510	510	510	510	510	510	510	510	510	510	510	510	510	510	510	510	510	510	510	510	510	510	510	510	510	510	510	510	510	510	510	510	510	510	510
510	510	510	510	510	510	510	510	510	510	510	510	510	510	510	510	510	510	510	510	510	510	510	510	510	510	510	510	510	510	510	510	510	510	510	510	510	510	510	510	495.6	404.4	398	493.2	466.8	339.6	339.6	298.8	215.6	202	202.8	203.6	204.4	204.4	206	206.8	210.8	210.8	198.8	192.4	201.2	201.2	194	184.4	174.8	169.2	164.4	157.2	145.6	124.8	106	88.8	75.6	63.6	61.2	57.2	51.2	50.4	49.6	48	46.8	46.8	41.2	39.6	38.8	37.6	36.8	35.2	32.4	32.4	34	39.6	44.4	42.8	37.2	39.6	40	42.4	52	61.6	69.6	77.6	91.6	109.2	126.8	130	123.6	113.6	107.2	102	93.6	88.4	90.8	94.4	104.8	113.6	117.6	129.2	136.8	151.6	168.4	194.4	206.8	208.4	214.8	222	219.6	218	218	205.2	192.4	179.6	168.4	162	159.6	159.6	162.8	168.4	173.2	175.6	171.6	174	175.6	174.8	174.8	176.4	178	183.6	187.6	190	199.6	203.6	238	316.4	370.8	410.8	478.8	506	504.4	510	510	510	510	510	510	510	510	510	510	510	510	510	510	510	510	510	510	510	510	510	510	510	510	510	510	510	510	510	510	510	510	510	510	510	505.2
510	510	510	510	510	510	510	510	510	510	510	510	510	510	510	510	510	510	510	510	510	510	510	510	510	510	510	510	510	510	510	510	510	510	510	510	510	510	510	501.2	414	411.6	458.8	417.2	334	280.4	280.4	253.2	219.6	199.6	203.6	201.2	204.4	207.6	208.4	214.8	218	210	194.8	194	201.2	200.4	190	178	164.4	150	135.2	108.8	85.6	71.6	67.6	60.8	54.4	50.4	53.6	50.8	50.4	54	48.4	45.2	49.2	45.2	45.2	42.8	36.8	42	40.8	36	35.6	36.4	39.2	40.8	45.2	47.6	43.6	41.2	37.2	37.6	37.2	44	51.6	63.6	76.8	94.4	107.2	116	122.4	122	120.8	110.4	98.4	94	92.4	96	105.2	112.8	115.2	108.8	118	130.4	142.8	166.4	188.4	195.6	217.2	220.4	215.6	214	208.4	198	186.8	174	166.8	161.2	160.4	158.8	160.4	164.4	165.2	166	166.8	170.8	170.8	167.6	166	166	163.6	170	172.4	170	171.6	181.2	192.4	202	231.6	282	367.6	402.8	436.4	498.8	510	510	510	510	510	510	510	510	510	510	510	510	510	510	510	510	510	510	510	510	510	510	505.2	507.6	508.4	510	510	510	510	510	510	510	510	510	510
510	510	510	510	510	510	510	510	510	510	510	510	510	510	510	510	510	510	510	510	510	510	510	510	510	510	510	510	510	510	510	510	510	510	510	510	510	510	487.6	399.6	385.2	418.8	381.2	329.2	289.2	262.8	232.4	211.6	198.8	189.2	191.6	199.6	202	206	213.2	218.8	220.4	198	188.4	190	196.4	192.4	178	154.8	138.8	128	109.6	85.6	69.2	66	61.2	54	50.4	50	49.2	48.4	50.8	55.2	51.2	44	48	47.2	45.6	46	40.8	38.8	42.8	42.4	40.8	40.8	41.2	44.4	46	46.8	47.6	44	43.2	43.6	45.6	47.2	48.8	55.2	56.4	60.4	66	73.2	86.8	96	105.6	106.4	101.2	98	96.8	97.6	102	110.4	110.4	112.4	114.8	120	136	144	163.2	182	203.6	206	205.2	201.2	201.2	198.8	190.8	186	188.4	183.6	170	158	154.8	155.6	156.4	154.8	157.2	157.2	158.8	158.8	156.4	158.8	160.4	164.4	169.2	172.4	174.8	177.2	176.4	182.8	201.2	223.6	250.8	307.6	374	447.6	510	510	510	510	510	510	510	510	510	510	510	510	510	510	510	510	510	510	510	510	510	510	510	510	508.4	502	510	510	510	510	510	510	510	510	510
510	510	510	510	510	510	510	510	510	510	510	510	510	510	510	510	510	510	510	510	510	510	510	510	510	510	510	510	510	510	510	510	510	510	510	510	510	510	456.4	386	380.4	386.8	371.6	309.2	248.4	230	228.4	206.8	197.2	196.4	185.2	190	195.6	196.4	204.4	210.8	216.4	199.6	180.4	180.8	187.6	166.4	121.6	85.2	75.2	69.2	64.4	64	61.6	59.6	57.2	50.4	46.8	46	48	49.6	47.6	52.4	55.6	48.4	44	48.8	44.4	45.6	45.2	43.2	44.4	44	42.4	42	44.8	46.8	49.6	47.6	43.6	44.4	45.6	47.2	48	50.4	47.6	50.8	52	54	58.4	64.4	72.8	86.8	96.4	100.4	100	98	96.8	92.4	90.8	92.8	98	101.6	102.4	108	120	127.6	132.4	147.2	167.6	189.6	202	198	196.4	190.8	185.2	182	186.8	187.6	182	172.4	165.2	161.2	161.2	158	156.4	154.8	155.6	160.4	162.8	163.6	163.6	160.4	164.4	168.4	169.2	172.4	170	171.6	190	225.2	256.4	282.8	328.4	367.6	398	442.8	478	491.6	498.8	510	510	510	510	510	510	510	510	510	510	510	510	510	510	510	510	510	510	510	510	510	510	510	510	510	510	510	510	510	510
510	510	510	510	510	510	510	510	510	510	510	510	510	510	510	510	510	510	510	510	510	510	510	510	510	510	510	510	510	510	510	510	510	510	510	482.8	464.4	410	379.6	382.8	386.8	387.6	359.6	299.6	254	230.8	226	219.6	219.6	219.6	207.6	199.6	190.8	182	182	193.2	196.4	192.4	177.6	173.6	166.4	134.4	96.4	74.4	67.6	63.6	62	61.6	62.4	58.8	48	46	46.8	46	45.2	48	43.6	46	54	50	44.8	50.4	47.2	42.8	44.4	50.4	49.6	47.6	44.4	48.8	51.6	51.6	49.2	49.2	42.8	42.8	41.6	46	49.2	43.6	38	42.8	46	45.6	46.4	48	51.2	55.6	66.4	85.2	98	101.2	94.4	84	82	82.8	82	78.4	81.6	86.4	97.6	118.8	136.8	144	153.2	170.4	183.2	185.2	180.4	174.8	170	166.8	168.4	173.2	178.8	183.6	180.4	177.2	171.6	168.4	166	165.2	166	167.6	170	166	158.8	156.4	157.2	155.6	155.6	159.6	155.6	162	185.2	212.4	243.6	278	307.6	354.8	376.4	377.2	432.4	474.8	495.6	510	510	510	510	510	510	510	510	510	510	510	510	510	510	510	510	510	510	510	510	510	510	510	510	510	510	510	510	510	510
510	510	510	510	510	510	510	510	510	510	510	510	510	510	510	510	510	510	510	510	510	510	510	510	510	510	510	510	510	510	510	510	510	510	490	460.4	427.6	398.8	387.6	393.2	394	361.2	303.6	268.4	250.8	229.2	221.2	222.8	222	217.2	216.4	209.2	197.2	191.6	185.2	184.4	182	168.4	146.8	124.8	107.6	85.6	69.6	63.2	59.6	61.6	62.8	58.4	55.6	53.2	49.2	43.2	44	42.4	39.2	46	41.6	42.4	53.2	55.6	46	48	51.6	46.8	43.2	47.2	55.6	51.6	48.8	52.4	58.8	58.8	54.8	53.2	44	47.2	47.2	46	50.8	47.2	42.8	45.2	47.6	46.8	47.6	48	52.4	50.8	53.2	67.2	86.4	97.6	93.6	89.6	87.6	84.8	85.6	87.6	86	86.8	97.2	104.4	117.6	127.6	134.4	154	180.4	182.8	172.8	174	170.8	170.8	167.6	165.2	165.2	172.4	174.8	175.6	172.4	167.6	164.4	161.2	159.6	158.8	160.4	158	155.6	154	153.2	154	152.4	152.4	153.2	160.4	167.6	179.6	190.8	226.8	249.2	311.6	362	351.6	365.2	427.6	483.6	510	510	510	510	510	510	510	510	510	510	510	510	510	510	510	510	510	510	510	510	510	510	510	510	510	510	510	510	510	510
510	510	510	510	510	510	510	510	510	510	510	510	510	510	510	510	510	510	510	510	510	510	510	510	510	510	510	510	510	510	510	510	500.4	450	419.6	421.2	406.8	398.8	399.6	403.6	410	366.8	311.6	285.2	262.8	241.2	234.8	238	236.4	233.2	231.6	224.4	220.4	218	202.8	179.2	164.8	140.4	122	107.2	89.6	75.6	66.8	58	59.2	61.6	60.4	54.8	54	50.8	48.4	46	46.4	42	40.4	49.2	42	45.2	55.6	60	52.8	51.6	57.2	53.6	46.4	46	59.6	64	60.8	65.2	66.8	64.4	59.2	54.4	48.4	53.6	58	63.6	56.4	51.6	54.4	54.4	53.2	53.6	59.6	68	72.4	74.8	75.6	73.6	80.4	88.4	94.8	98	97.2	89.6	88.8	89.2	92	92	98.8	104	117.6	136.4	148	170	200.4	206	189.6	193.2	186.8	184.4	179.6	174.4	171.6	168.4	162.8	162	160.4	160.4	160.4	158.8	154.8	154	151.6	151.6	150	150.8	148.4	149.2	152.4	154	158	159.6	164.4	172.4	186.8	202	210.8	227.6	266	327.6	360.4	409.2	474	508.4	510	510	510	510	510	510	510	510	510	510	510	510	510	510	510	510	510	510	510	510	510	510	510	510	510	510	510	510	510
510	510	510	510	510	510	510	510	510	510	510	510	510	510	510	510	510	510	510	510	510	510	510	510	510	510	506	502.8	502	510	510	510	485.2	431.6	413.2	415.6	407.6	398.8	388.4	339.6	297.2	274.8	281.2	278	254	240.4	230.8	233.2	237.2	234	230	229.2	227.2	220.4	195.2	143.2	118	101.2	85.6	90	80.4	70	65.6	60	57.2	59.6	56.4	52.8	48	48.4	47.6	46	47.6	42	40.4	48.4	46.8	43.6	54	62.4	60.8	52.4	60	62.8	54.8	47.6	56.4	66	67.2	71.2	74.8	70.8	65.6	62	56.4	63.2	75.2	79.6	75.6	65.6	62.8	61.2	66	71.6	74.8	81.2	87.6	89.6	90.4	88	86.4	91.6	94	97.6	100.4	96.4	94.8	93.2	92.4	93.2	93.6	92.8	98	107.6	122	146.8	177.2	202.8	204.4	208.4	196.4	178.4	166.4	159.6	156	154	149.6	140.4	126.8	119.6	135.6	150	153.6	152.4	152.4	151.6	154	152.4	150	150	148.4	149.2	151.6	154.8	158	166	176.4	186	199.6	214	242	298	370.8	394	439.6	490.8	510	510	510	510	510	510	510	510	510	510	510	510	510	510	510	510	510	510	510	510	510	510	510	506	508.4	510	510	510	510
510	510	510	510	510	510	510	510	510	510	510	510	510	510	510	510	510	510	510	510	510	510	500.4	483.6	478	473.2	470.8	460.4	454.8	456.4	448.4	428.4	410.8	410.8	411.6	402.8	402	402.8	385.2	322	276.4	257.2	254.8	246.8	242	231.6	224.4	218	215.6	218.8	222	220.4	222.8	216	170	127.2	113.2	91.6	91.2	88	75.6	70.4	62.4	60.4	66	64.8	61.6	57.2	52.8	50	48.4	48.4	46	41.2	44	54	47.6	47.6	56.4	64	68.4	58.4	64.8	66.8	62	55.6	62	68.8	76.4	82	84.4	82.8	80	70	60.4	64.4	73.2	83.6	76.8	70.4	70	72	81.2	94	96.8	98.4	97.2	96.4	94.4	94.4	91.6	89.2	90.4	96.8	102	106.4	110.8	114.4	105.2	96	92	87.6	86.4	93.6	103.6	118	146.8	184.8	193.2	200.4	194.4	178.4	165.2	158	139.6	132.4	128.4	112.8	110	112	124.4	130.8	136.8	145.6	145.2	146	144.4	142.8	143.6	146	146.8	148.4	148.4	153.2	160.4	166	170	178.8	189.2	198.8	237.2	262.8	314	394	424.4	465.2	497.2	510	510	510	510	510	510	510	510	510	510	510	510	510	510	510	510	510	510	510	510	510	506.8	500.4	510	510	510	502	510
510	510	510	510	510	510	510	510	510	510	510	510	510	510	510	510	510	510	510	510	510	502	488.4	510	500.4	478	462	453.2	448.4	445.2	434	417.2	407.6	402.8	402.8	405.2	405.2	403.6	385.2	324.4	282	260.4	241.2	235.6	230	225.2	222	222	217.2	210	211.6	199.6	176.4	146	130	112.8	105.2	97.6	89.2	88.4	82.4	73.2	68.4	60.8	64.4	70	65.6	62.8	60	54.4	53.2	48.8	50.4	49.2	47.2	54	58.4	52	56.8	64.8	72.4	76	68.8	67.2	76.8	76	71.2	72.8	82.4	93.6	92.8	93.2	95.6	94	80	70	73.2	80.8	93.2	85.6	80.8	90.8	91.6	92.4	97.6	103.6	97.6	91.6	95.6	95.2	90.4	88.8	87.2	87.6	95.2	102.8	110	118	116.4	103.6	91.6	88.8	90.4	93.2	97.6	102.4	123.2	149.2	148.4	149.6	138.4	134.8	133.6	121.2	113.2	103.6	85.2	76.4	76.8	74.8	72.8	86	108	127.6	134.8	133.6	130.4	133.2	142.4	143.6	146	145.2	149.2	152.4	154	158.8	163.6	175.6	191.6	199.6	204.4	211.6	226.8	291.6	374	385.2	438.8	484.4	510	502.8	478.8	490	510	510	510	510	510	510	510	510	510	510	510	510	510	510	510	510	510	510	510	510	510	510	510
510	510	510	510	510	510	510	510	510	510	510	510	510	510	510	510	510	510	510	510	490.8	465.2	490.8	489.2	470.8	465.2	477.2	477.2	454	420.4	411.6	413.2	410.8	409.2	402	401.2	404.4	410.8	368.4	330	285.2	263.6	260.4	257.2	250.8	242.8	233.2	232.4	230	218.8	202	170	130.8	105.2	94.8	97.6	102.8	90	93.2	86.8	76.4	68.4	66	67.6	74.4	70	66.8	66.8	57.2	55.2	54.4	53.2	53.6	48.4	50.8	65.6	60.8	56.8	70.4	78.4	82	74.8	72.4	71.6	80.8	80.8	76.8	74	83.6	101.6	100.8	94.4	97.6	93.6	79.6	68	76.4	96	93.2	88.8	87.6	94	97.6	94.8	99.6	101.6	96.8	89.2	90	88.4	78.8	76.4	78.4	78.8	80	86	90	100.4	113.2	110.4	101.2	91.6	85.2	83.2	84.4	86.8	107.6	124	122	119.2	108.8	100	90.8	84	79.6	71.2	63.2	59.6	60	60.8	64	76.4	89.6	109.2	121.2	135.2	128.4	132.8	141.6	146	146	149.2	150.8	152.4	156.4	158	165.2	171.6	182	191.6	194.8	203.6	211.6	238	290.8	342.8	418.8	484.4	506.8	497.2	482.8	493.2	510	510	510	510	510	510	510	510	510	510	510	510	510	510	510	510	510	510	506.8	502.8	510	510	510
510	510	510	510	510	510	510	510	510	510	510	510	510	510	510	510	510	510	510	510	490.8	489.2	487.6	466.8	464.4	466.8	478.8	471.6	449.2	416.4	407.6	406.8	407.6	410	405.2	402.8	405.2	407.6	383.6	335.6	277.2	261.2	246.8	247.6	253.2	247.6	240.4	233.2	217.6	168.4	131.6	120.8	109.2	96	88.8	89.6	101.2	92.4	93.2	91.2	83.2	74	67.2	68.8	71.6	70.8	66.4	66	58	57.6	58	55.6	58.8	55.2	50.4	64	70	62.4	73.2	85.6	91.6	87.6	82.4	86.8	94	100	98	90	88.4	104	116.4	108.4	107.6	106	96.8	90.4	88	104.4	105.6	104.4	111.6	105.2	100.4	102.4	112	116.4	113.6	106.8	95.6	95.2	92.4	90	84	86	79.6	78	85.2	94	106	110.4	101.6	95.2	89.6	84.4	86	80.8	84	83.2	80.4	77.6	82	77.6	70	67.2	63.6	60.4	58	54.8	54.8	54	52	51.2	53.6	57.2	60.8	73.6	95.6	124	136.4	132.8	145.2	149.2	150.8	151.6	154.8	160.4	168.4	169.2	167.6	170.8	174	182.8	198	219.6	246	283.6	333.2	432.4	484.4	501.2	510	510	510	510	510	510	510	510	510	510	510	510	510	510	510	510	488.4	491.6	490.8	488.4	497.2	501.2	507.6	510	510
510	510	510	510	510	510	510	510	510	510	510	510	510	510	510	510	510	510	483.6	467.6	494	504.4	490.8	479.6	466.8	447.6	422	399.6	390.8	392.4	395.6	390	393.2	394	401.2	405.2	410.8	401.2	360.4	322	293.2	262.8	237.2	234	245.2	252.4	241.2	225.2	183.2	139.2	118.4	114.4	105.2	95.2	90	89.2	100.4	102.8	100.8	92.8	89.6	76.4	66.4	67.6	70.4	72.4	70.8	65.2	63.6	64.8	62.8	58.8	60.8	60	56.8	67.2	78.4	78.4	81.2	92.8	100	101.6	96	93.6	98.8	106	108	98.4	98	113.2	122.8	118.8	118.8	116.4	108.8	105.6	96.8	109.2	108.4	110.8	118.8	111.2	104.8	106.4	107.2	111.2	113.2	109.6	100.8	101.6	102.8	97.2	93.6	96.4	94	86.8	83.2	83.2	92	94.8	92.8	98.4	94.4	86.4	81.2	78.8	82.8	82.8	82	74.4	72	69.6	64.4	63.2	66	64	64.4	63.2	61.2	58	54.8	52	51.2	52.8	55.2	60.4	76.8	103.2	116.8	126	144	154.8	156.4	159.6	165.2	168.4	167.6	166.8	163.6	166	164.4	170.8	182	197.2	212.4	218.8	245.2	344.4	450	504.4	510	510	510	510	510	510	510	510	510	510	510	510	501.2	507.6	510	510	497.2	495.6	501.2	502	510	510	506.8	506	510
510	510	510	510	510	510	510	510	510	510	510	510	510	510	510	510	510	510	476.4	466.8	485.2	500.4	494.8	476.4	447.6	427.6	414.8	396.4	390.8	390	390	386	385.2	390.8	398.8	404.4	390	345.2	318.8	310	309.2	271.6	237.2	222.8	231.6	243.2	213.2	163.2	130.8	117.2	112	102.8	96.8	94.8	92.8	89.2	96.4	106.8	104	94.8	88	80	70.8	68	69.2	72.4	71.6	68.4	68	70.8	69.2	65.6	64.4	65.6	67.2	80	94	94.4	94.4	99.2	113.2	123.2	116.8	109.2	108.4	108.8	112.8	112.4	103.2	114	138	135.6	133.6	132	118	109.2	112.8	115.2	117.6	112.8	111.6	120	125.6	119.2	119.2	123.6	116.4	112.8	114	111.2	107.2	101.2	96.4	100.8	105.6	100.8	93.2	90.4	92.8	92.8	97.2	105.2	106	98.8	90	88	88.4	88	88.4	82	77.6	72.4	69.2	66	62.8	63.2	62	59.6	58.4	58.8	56.4	51.2	50.4	54	53.6	53.2	61.2	68	65.2	74	94.8	119.2	145.6	156.8	162	165.2	165.2	164.4	164.4	163.6	164.4	170	176.4	188.4	209.2	214.8	225.2	281.2	381.2	500.4	510	510	510	510	510	510	510	510	507.6	510	510	496.4	494	510	510	510	510	510	510	510	510	510	510	510	510
510	510	510	510	510	510	510	510	510	510	510	510	510	510	510	510	510	493.2	462.8	447.6	454.8	450.8	428.4	418.8	410.8	402.8	402.8	398	392.4	392.4	392.4	387.6	387.6	390.8	397.2	398	363.6	331.6	306	303.6	287.6	257.2	233.2	227.6	230	211.2	174	140	127.2	117.6	105.6	96.4	91.2	88.4	91.2	92	99.2	118.8	106	86	84.4	78.8	71.6	74.8	78	74.8	77.6	74.8	76	78	71.2	70.8	72	72	80.4	87.2	95.2	109.2	110.4	102.4	119.2	129.6	124.4	118	120.8	112.8	116	124	116.4	130	150	143.6	139.2	135.6	125.6	117.2	118.4	124	121.6	113.2	107.2	112.4	121.6	115.2	114.4	116	111.2	104.8	104.4	108.8	102.4	100.4	99.2	102.4	109.6	108.4	106.4	103.6	103.6	99.6	91.6	94	102	105.6	101.6	97.2	89.2	82.4	84	83.2	78	75.2	73.6	68.8	64.8	59.2	53.6	51.6	50.4	51.2	52.4	56.4	56.8	58	58.8	58.8	58.4	60.4	61.6	65.2	82.8	109.2	134	148	154.8	154.8	158.8	161.2	164.4	173.2	174.8	171.6	174.8	186	198	210	218.8	244.4	332.4	436.4	485.2	510	510	510	510	510	510	510	510	510	510	507.6	506.8	510	510	510	510	510	510	510	510	510	510	510	510
510	510	510	510	510	510	510	510	510	510	510	510	510	510	510	510	510	510	471.6	438	442	443.6	428.4	411.6	409.2	404.4	410	398	392.4	398.8	390.8	384.4	384.4	386	359.6	346.8	339.6	309.2	298	268.4	242.8	230.8	219.6	222	202.8	161.2	136	127.2	123.2	118	107.2	103.6	96	87.2	88.4	91.6	96	117.6	119.2	96.4	86.8	80.4	71.2	74.8	82	78.8	80.8	85.2	86.4	92	88	86.4	93.2	93.2	99.2	103.6	105.6	124	129.6	122	122.8	148.4	154.4	149.2	144	133.6	135.6	146.4	134.4	146.4	174.8	167.6	151.2	148.8	144.8	124.8	117.6	140	147.6	132.4	125.6	116.4	118.4	116.8	121.2	128.8	122	123.6	120.4	111.2	112.4	112.8	109.6	117.6	120.4	121.6	122.8	114.4	115.6	116	104.8	99.6	104.8	114.4	114.8	109.2	101.6	97.2	98	98	85.2	77.2	74.8	70.4	68.4	63.2	55.2	54.4	52	50	51.2	54	57.2	57.6	57.2	55.6	56.8	55.6	53.6	55.6	64.4	71.2	78.8	96.4	123.6	154.4	157.2	159.6	162	165.2	166.8	169.2	174	181.2	186.8	192.4	206.8	216.4	262.8	363.6	442	506	510	510	510	510	510	510	510	510	510	510	510	510	510	510	510	510	510	510	510	510	510	510	498.8
510	510	510	510	510	510	510	510	510	510	510	510	510	510	510	510	510	494.8	450.8	428.4	439.6	428.4	416.4	415.6	401.2	403.6	393.2	382.8	387.6	386	385.2	386.8	387.6	370.8	356.4	325.2	292.4	281.2	257.2	238	221.2	215.6	220.4	212	165.6	136.4	124.4	113.6	109.6	105.6	104.8	104.4	97.2	84.4	84	87.2	97.6	119.6	112.4	98	92.4	84.4	76	83.6	85.2	84.8	85.6	91.2	99.2	94.8	89.6	101.2	106	98.4	102.4	108.8	117.2	139.6	137.2	116	126.8	159.6	163.2	162	158.8	145.6	138.8	142.8	147.2	164	184.8	179.6	160	156	150.4	136	131.2	145.6	155.6	144	136	127.2	130	126.4	125.6	142.4	146.8	142.4	139.2	130.4	122.8	122.4	122.4	115.2	116.8	119.2	124.4	121.2	112.8	116	113.2	115.6	117.2	123.6	124	120.4	117.2	108	107.6	106.8	99.6	90.8	84.4	78	73.2	66	61.2	59.2	55.6	51.6	50.8	49.6	50.4	52.4	52.8	53.2	54.4	53.2	54.8	56.4	59.6	64.4	69.2	87.6	114	138.4	162.8	164.4	160.4	158	158.8	159.6	164.4	170	174	180.4	185.2	194.8	219.6	277.2	342.8	422.8	471.6	506	510	510	510	510	510	510	510	510	510	510	510	510	510	510	510	510	510	510	510	510	507.6
510	510	510	510	510	510	510	510	510	510	510	510	510	510	510	510	510	487.6	450.8	442.8	437.2	414.8	410	415.6	393.2	394	388.4	380.4	382.8	386	385.2	374	360.4	328.4	295.6	247.6	219.6	210	216.4	217.2	199.2	184.4	164.4	134	115.2	110.8	110.4	105.6	98	97.2	101.2	98	94.4	82.8	78.8	88.8	96.8	115.6	111.6	97.2	92.4	88	82.8	92.4	92	93.6	100.4	110.8	123.6	116.4	112.4	126	137.6	119.6	125.6	137.6	140.8	158	171.6	158.8	146.8	175.6	187.2	186	178.4	165.2	160.8	158.8	160.4	168.8	184.4	174.4	159.6	168.8	172.8	156.8	158.4	163.2	167.2	157.6	158	157.2	147.6	156.4	164	162	162.4	162.4	154.8	144.8	139.2	136.4	144	147.6	138.4	134	132.8	131.2	125.2	124.8	132.4	136.4	136.8	142	143.2	132.4	126.8	120	116	113.6	107.6	98.4	88.8	82.8	75.2	67.6	65.6	63.2	58	55.2	52.4	50.8	49.6	51.6	51.6	50.8	49.2	50	52.4	52.8	55.6	57.6	61.6	68.8	75.6	82.8	102.8	128.8	142.8	157.2	156.4	157.2	159.6	163.6	166.8	169.2	172.4	182.8	195.6	230	308.4	374	432.4	484.4	510	510	510	510	510	510	510	510	510	510	510	510	510	510	482	482.8	495.6	510	510	510	510
510	510	510	510	510	510	510	510	510	510	510	510	510	510	510	510	476.4	442.8	461.2	437.2	395.6	393.2	393.2	382.8	382	382	380.4	386	390.8	386.8	387.6	373.2	343.6	301.2	263.6	230.8	207.6	202	212.4	210	182.4	156.4	138	117.6	108.4	99.2	90.8	91.2	94.8	96	95.2	84.4	78	77.6	76	88.4	107.2	107.2	96.4	98	93.6	88.8	97.6	102.8	99.2	106.4	114	134.4	130.8	121.6	129.2	146.4	146	133.6	143.2	146.8	156	179.6	182	163.6	166	189.2	202	203.6	189.6	174	171.6	158	155.2	184	202.4	185.2	179.6	181.2	188	168.8	159.2	162	169.6	172	174	165.6	156.8	167.2	175.2	172.8	169.6	168.8	168.8	158.8	151.2	153.6	165.6	170.8	160.8	158.4	148.8	140.4	133.6	130.8	136.8	134.8	130.4	135.6	145.2	135.2	128.8	130.4	126	120	108.4	100.4	96	89.6	79.2	68.8	64	60.8	54.8	53.2	51.2	49.2	49.6	49.6	48.4	50.4	50.8	53.2	52	55.6	58	57.2	63.2	67.2	71.2	76.4	88.8	102.4	138.8	152.4	151.6	150	152.4	154	158.8	163.6	166	174.8	185.2	202.8	270.8	353.2	418.8	487.6	510	510	510	510	510	510	510	510	510	510	510	510	510	510	493.2	494.8	501.2	510	510	510	510
510	510	500.4	502.8	510	510	510	510	510	510	510	510	510	510	510	510	468.4	437.2	458.8	431.6	393.2	390.8	382	385.2	390.8	382	379.6	393.2	387.6	385.2	386.8	349.2	287.6	234.8	218	222	215.6	205.2	194	190.8	150.4	118.4	114.8	110.8	109.6	101.6	92	89.6	89.2	88.4	88	82.8	80.4	77.6	73.2	78	98.8	106.8	94	95.6	98	99.2	103.6	113.2	117.6	130	137.2	158.4	160	140.8	148.8	160.8	169.2	162	170	168	169.6	188.8	202.8	194	188.4	198.4	218	233.6	218.4	187.6	182	177.6	170.4	182.4	214.4	219.2	202.4	200	210	193.6	164.8	161.6	176	183.2	180.8	176	175.2	175.2	174.8	177.6	179.2	179.6	176.4	177.2	178.4	179.2	182	187.6	188.4	183.2	174	163.2	158.4	150.4	154	157.2	154	151.2	158.4	157.6	150.4	146	141.6	133.2	122.8	111.2	110.4	106.4	90	79.6	70	59.6	56.8	52.8	51.2	48	48.4	47.6	48.4	51.6	49.6	54.4	54	55.2	57.2	61.2	62.4	63.2	63.6	64.8	67.2	71.2	84	93.6	113.2	127.6	149.2	150.8	152.4	155.6	162	167.6	175.6	186.8	224.4	298.8	405.2	479.6	510	510	510	510	510	510	510	510	510	510	500.4	483.6	490	510	510	510	510	510	510	510	510
510	510	499.6	507.6	510	510	510	510	510	510	510	510	510	510	507.6	456.4	425.2	430.8	420.4	398	394	387.6	395.6	402	390	380.4	395.6	398	382.8	381.2	370	294	243.6	226	214.8	218.8	216.4	208.4	196.4	172	121.2	106.8	99.6	94	93.6	95.6	91.6	87.2	78.4	72.8	68.8	75.2	78.8	81.2	83.2	93.2	109.6	106	90.8	95.6	98	112.4	114.8	112.8	121.2	140.4	158.8	176.8	160.8	153.6	169.2	175.6	171.2	172	181.6	177.2	190	208.4	215.6	201.6	204	204	218	238.4	223.2	196.4	195.6	186.4	174.4	182.4	216	234.4	224.8	220.8	224.4	211.2	174.4	174.8	180.8	174	172.8	180.4	184.8	186.4	178.8	176.8	181.2	174.8	166.8	175.2	184	184	180.4	180.8	183.2	190	186	173.6	173.2	169.2	160.4	160	166.8	169.6	169.2	163.2	156	148.8	145.6	140.8	131.2	124.4	127.2	122	107.6	96	82.8	71.6	62	53.6	51.6	47.2	50.8	50.8	52.4	54.8	54.8	54	56.8	58.4	61.2	69.2	72.8	68.4	68.4	67.2	66.4	68.4	72.8	80.4	92.8	112.8	136.4	154	154.8	158	163.6	169.2	173.2	184.4	209.2	255.6	348.4	442.8	496.4	510	510	510	510	510	510	510	510	510	495.6	482	484.4	510	510	510	510	508.4	496.4	496.4	498.8
510	510	510	510	510	510	510	510	510	510	510	510	510	510	506	459.6	427.6	426.8	414.8	401.2	404.4	392.4	399.6	404.4	388.4	385.2	398	398.8	390	372.4	343.6	286	235.6	229.2	224.4	212.4	202	197.2	168.4	120.4	86.8	92.4	92.8	85.6	80	84	91.2	86	78.8	74.8	76	79.6	82.8	83.6	84	90	106.4	114.4	99.2	102.8	107.6	120	134.8	143.6	155.2	167.6	181.2	192.4	176	171.2	192.4	202	198	188.4	196.4	196	204.4	223.6	236	222	215.2	221.2	220.4	248.8	243.2	218	212.4	206.8	191.6	194	214.8	248.8	248.8	240.4	229.6	228	202.8	180.4	185.2	184	178.4	189.2	194.8	194	194.4	186.8	181.6	178	175.2	180.8	190	193.6	188	183.2	184.8	191.6	195.6	184	179.2	180	174	167.2	164.8	166.8	168.8	167.6	162.8	159.6	159.6	157.6	152.4	142	136.4	132.8	126	108.8	98	86.8	71.2	58.8	54	51.6	50.8	53.2	56	55.6	55.6	56.8	56.4	58.8	62.4	66.4	73.2	74.4	69.6	69.6	67.6	67.2	67.6	67.2	72	77.6	95.6	116.8	138	157.2	159.6	164.4	166	169.2	176.4	193.2	228.4	304.4	405.2	506	510	510	510	510	510	510	510	510	510	510	510	510	510	510	510	510	483.6	471.6	486
510	510	510	510	510	510	510	510	510	510	510	510	510	510	486	446	419.6	399.6	399.6	421.2	414.8	395.6	401.2	379.6	375.6	381.2	379.6	378.8	379.6	340.4	326	297.2	243.6	225.2	207.6	202	194.8	168	141.6	108.4	102	98.8	92	82.8	74.8	72	74	74	72.4	74.4	78	80.4	84.4	81.6	84.8	91.6	105.6	108.4	103.6	108	120.4	130	138.4	159.6	172.4	184.8	193.6	191.6	171.2	173.6	194.8	205.2	197.6	190.8	199.2	200.4	213.2	232.4	238	216.4	220	225.6	228.8	249.6	244.4	226.8	222	208.4	192.4	199.2	214.4	240.8	250.4	250	240.8	235.6	226	192.4	188.8	198.8	188.8	184.8	191.6	190	193.2	186	191.6	189.2	186	185.6	183.2	193.6	190	181.6	184.8	190.4	195.6	192	178.8	177.2	174	170	164.4	158.4	158.8	161.2	157.2	157.6	158.8	156.4	151.2	141.2	132.8	123.2	115.6	103.2	98	90	79.2	66	60.8	56.4	54	56.4	58.8	58.8	59.6	58.4	60.8	63.6	66.4	72	74.4	76	76	73.2	70.8	69.2	72.8	75.2	76	85.6	98.4	110.8	128.4	156.4	161.2	162.8	165.2	170	174.8	181.2	200.4	243.6	322.8	447.6	506	510	510	510	510	510	510	510	510	510	510	510	510	510	510	510	496.4	479.6	502
510	510	510	510	510	510	510	510	510	510	510	510	510	510	495.6	450.8	417.2	393.2	398.8	425.2	416.4	396.4	395.6	374.8	372.4	370	367.6	372.4	370	365.2	333.2	288.4	248.4	230	201.2	172.8	138.8	101.6	92	90.8	94	92	88	84.8	83.6	75.6	70.8	74	73.6	71.6	68.8	72.4	76.8	77.6	82	88.8	101.6	116.4	119.6	127.6	143.6	162.4	165.6	174.4	183.2	194.4	203.2	206	194.4	188	204	206.8	208.4	200	207.2	210	213.6	227.2	242	226	220	227.6	228.8	243.6	241.2	233.2	233.6	222.4	198.8	201.6	212.8	230.8	248	252.4	255.2	244.8	237.6	216	202.4	209.2	212.8	201.2	196.8	191.6	192	192	200.4	205.2	201.2	197.6	192.4	189.6	194.4	194.4	190	189.2	196.4	197.2	192	188.4	184.4	179.6	176	171.2	171.6	165.6	164.4	167.6	169.2	167.2	163.6	155.6	149.6	143.6	134	124	113.6	108.8	104	87.6	74.8	66	61.2	60.8	60.8	61.2	64	63.2	63.2	58	61.2	71.2	72.4	71.2	71.2	70.4	70.4	73.2	78	77.6	69.6	70.8	79.2	86.8	100	112.8	125.6	147.6	160.4	162.8	166	173.2	182	202	233.2	315.6	442	494.8	510	510	510	510	510	510	510	506	510	510	510	510	510	507.6	510	510	506.8
510	510	510	510	510	510	510	510	510	510	510	510	510	510	472.4	430	390.8	395.6	418.8	407.6	388.4	386.8	379.6	373.2	373.2	372.4	376.4	382.8	380.4	379.6	351.6	281.2	240.4	199.6	182.4	152.4	114.8	88	79.6	84	82.8	79.2	84.4	81.2	77.2	72.4	68.8	68	67.2	65.6	62.8	67.2	74.8	76.8	85.6	95.6	110	124.4	134.8	154.4	171.2	175.2	181.2	185.2	199.2	208.8	207.2	209.2	203.6	209.6	219.6	219.6	215.2	210.4	220.4	220	225.2	236.4	245.2	230	227.6	236	234.4	248.4	245.6	231.2	239.2	225.2	207.2	204	214.8	225.6	246.4	249.2	245.2	247.2	239.2	226	216.4	212.4	213.2	212.8	207.6	197.2	194.4	200.8	206	213.6	214.4	214	211.2	202	194.4	194	193.2	192.8	190.8	189.2	195.6	197.6	190	186.4	183.2	178.8	170.8	167.2	165.6	161.2	163.6	158.8	156.4	152.8	142.8	137.2	135.6	128.4	123.6	123.2	118	102	89.2	77.2	70.4	68.4	65.6	65.6	63.2	62.8	63.6	65.6	65.6	64.4	64.8	68	68.8	68.8	68.8	72.4	76.4	76.4	72.4	75.2	83.6	88	102.8	115.2	116.8	134	158.8	162.8	163.6	169.2	180.4	194	238.8	354	459.6	510	510	510	510	510	510	510	506.8	496.4	506	510	510	510	501.2	494	494	502.8	510
510	510	510	510	510	510	510	510	510	510	510	510	510	510	470.8	426.8	392.4	390.8	413.2	403.6	385.2	384.4	380.4	377.2	380.4	382.8	384.4	384.4	382.8	379.6	299.6	244.4	233.2	214	161.2	122	97.2	86.4	85.6	86.8	84.8	76	80	75.2	68.8	66.4	62.8	58.8	59.2	61.6	62.8	64.8	71.2	80	90.8	104.8	129.2	156.8	168.8	182.4	197.2	197.6	202.4	206	212.4	222.4	226	229.2	220.4	218.8	228.8	230.8	232.4	219.6	227.6	227.2	234	240.4	248	241.6	230	243.2	246	245.6	250.4	239.6	241.2	240.4	220	214.8	219.2	230.4	236.8	249.2	237.2	247.6	252.4	238.4	230.4	216.8	213.6	220.8	219.2	213.2	206	204.8	210	211.6	218	224	224.4	220	208.4	202.8	201.2	194	193.6	192.4	193.2	200.8	198	186.4	181.2	182.4	176	170	168.4	162.8	163.2	160	157.6	155.2	148.4	144.4	142.4	136.4	133.2	133.2	128.4	116.8	103.2	89.6	81.2	77.6	72	68	66.8	65.6	63.6	67.2	67.6	66.8	65.6	64.4	68.8	68	68.8	69.6	70	73.2	73.6	72.8	73.6	82.4	87.2	95.2	108	110.4	119.2	141.2	161.2	171.6	176.4	183.6	209.2	274	359.6	454.8	501.2	510	510	510	510	508.4	502.8	500.4	506.8	510	507.6	502	493.2	489.2	497.2	508.4	510
510	510	510	510	510	510	510	510	510	510	510	510	510	507.6	446	402	398.8	402	394	391.6	379.6	377.2	386.8	374	367.6	374.8	376.4	372.4	370	361.2	276.4	230	214.8	198.4	142.8	108.8	93.2	85.6	80.4	84	76	74.8	78	64.8	59.6	56.8	58.4	58.8	60	63.6	68.4	75.2	83.2	88	100	120	146.8	174	182.8	202	211.2	222	227.6	228.8	238.4	238	234.4	230	223.2	224.8	234.8	240.4	240.4	234.8	239.2	238.4	253.2	254.8	245.6	237.2	234.4	242.4	246.4	252.4	251.2	250.4	246	243.2	241.2	228.8	223.2	233.6	224.4	235.6	236.4	238	254.8	253.6	242	236	224.4	217.6	222.8	224	216	210.4	204.8	204.8	215.2	221.2	225.2	229.2	226.4	222.8	217.6	206	203.6	205.6	202	199.6	202.8	194	184.8	183.2	182	177.6	178.4	173.2	168.8	163.6	159.2	154.8	152.4	147.6	145.2	138	133.2	131.6	126	117.6	106	92.8	84	79.2	73.6	72.4	71.6	70	68.8	68.8	71.6	74.4	69.6	66.8	65.6	70.4	72.8	71.6	75.6	76	76.4	74	74.8	73.6	74.4	84.8	100.4	110.8	115.2	134.4	162	176.4	178	182.8	194	207.6	245.2	366.8	488.4	510	510	510	510	510	510	510	510	510	510	510	501.2	500.4	508.4	510	510
510	510	510	510	510	510	510	510	510	510	510	510	510	510	459.6	410	404.4	404.4	395.6	387.6	374	373.2	390	372.4	359.6	365.2	369.2	334.8	298.8	262.8	232.4	212.4	184	144	98.8	88	86.4	80.8	75.6	80	75.2	74	77.6	62	56.8	59.2	57.6	62.8	62.4	66.8	70.4	78	88.8	101.6	127.6	161.6	184.8	200.8	208.4	222	233.2	239.2	242	241.2	246.4	249.2	242	237.6	234.8	229.2	234	240.4	247.2	241.6	247.6	249.2	254.8	256	255.2	247.2	234.4	236	239.2	249.6	253.6	253.6	252	243.6	246.4	242.4	230	236.8	229.6	230.4	239.2	237.6	243.2	257.6	250	251.2	242.8	230	228.4	226.8	224.8	223.6	216.4	212.4	211.6	222.4	230.4	231.2	233.2	231.6	224	216.4	213.6	215.6	213.6	206.4	202	208.8	205.2	191.2	186.8	184.8	186.8	185.2	175.2	167.2	167.2	162.4	159.6	159.2	154.8	148.8	144.8	138.8	134.4	130	123.6	112	103.6	92	78.4	73.6	74	72	70.8	68.4	70.4	70.4	71.2	73.2	68	72	73.6	73.2	70.8	72.4	72.4	76.4	75.2	70.4	69.2	75.2	80	88	95.2	97.6	121.6	156.8	174.8	182.8	188.4	201.2	218.8	292.4	442	510	510	510	510	510	510	510	510	510	510	510	510	510	510	510	510
510	510	510	510	510	510	510	510	510	510	510	510	510	489.2	422	410.8	402.8	398	391.6	376.4	370.8	382.8	378.8	366.8	367.6	365.2	362.8	335.6	291.6	246.8	227.6	201.2	175.2	123.2	84	81.6	83.6	82.4	84	83.6	78.4	84.4	81.2	70.8	66.8	64.4	62	64	67.6	71.2	76	88	101.6	120	155.6	186.4	201.2	208.4	218.8	229.6	240	244.4	243.6	242	242.4	249.2	251.6	243.6	245.2	244.4	246.8	247.6	248.8	250.8	255.2	257.2	265.2	261.2	254.8	244	239.2	242.4	241.6	251.2	252.8	250.4	258.8	260	248.8	243.2	239.6	243.6	235.2	224	234.8	247.6	238.4	244.4	248.8	250	247.6	243.6	236	229.2	230.8	239.6	234.8	222	218.8	220.4	221.2	223.6	226.4	230.4	228.4	222.4	224.4	225.2	220.8	217.6	208.4	211.6	211.6	203.2	190.4	185.6	181.2	184.4	186.4	178.8	176.4	172.8	169.2	167.2	162.4	155.2	152.8	153.2	146.4	139.6	134.8	126.4	111.6	98.4	88.8	74	70	72	69.2	67.6	71.6	75.6	78.4	78.8	80.8	81.2	78	73.2	69.2	67.2	69.6	70.4	67.6	65.6	65.2	69.6	71.6	78	86	90.8	104.4	141.6	170	180.4	190.8	202.8	222	280.4	414	510	510	510	510	510	510	510	510	510	510	510	510	510	510	510	510
510	510	510	510	510	510	510	510	510	510	510	510	510	488.4	416.4	399.6	395.6	398	392.4	378.8	378.8	379.6	376.4	370.8	366.8	375.6	365.2	334.8	312.4	245.2	203.6	192.4	174.4	103.6	80.8	76.4	80	78	78.8	83.2	78	80	80	69.6	64.8	63.2	62.8	66	68.8	73.6	81.2	99.6	121.2	152	186	209.6	218	224	229.6	239.2	241.6	244	247.2	242.8	244.4	252.8	256.4	248	250.8	257.2	252.8	253.2	259.6	256.8	262	265.2	265.2	269.2	261.6	249.6	243.2	250.4	249.6	255.2	257.6	253.6	263.2	270.4	257.2	247.2	252.8	255.6	244	230	234.4	250.8	250	246.8	254.8	253.6	255.2	253.2	244.4	238.4	242	243.6	241.6	237.6	230	229.2	229.2	226.8	226.8	226.8	233.2	227.2	230	232	224.8	223.2	219.2	213.6	208	207.2	200.4	192.8	184	180.4	185.2	182.4	174	169.6	166	163.6	161.6	155.2	150	153.2	152.4	146.8	142.4	136.8	124	113.2	100.4	89.6	78.8	70.8	72.4	71.6	70	75.2	77.2	80	83.2	84.4	80.4	80.8	75.2	70.4	68.4	64	63.2	62.8	59.2	64	66.8	70.8	78.4	80	86	101.2	137.6	166.8	183.6	194	210.8	241.2	362	499.6	510	510	510	510	510	510	508.4	510	510	510	510	510	510	510	510
510	510	510	510	510	510	510	510	510	510	510	510	510	448.4	397.2	396.4	396.4	393.2	382.8	385.2	390	384.4	382.8	368.4	358.8	370	363.6	336.4	313.2	263.6	207.6	180	120	85.2	85.2	85.6	84.8	83.2	87.2	86.4	78.8	77.2	69.6	61.2	59.2	59.2	65.2	70.4	76	80.4	84.8	100	126.8	168.4	199.2	217.2	223.6	231.2	236	241.6	247.6	254	256.8	258	254.8	260	260	244	251.6	264.8	264.8	262	268.4	271.2	266	269.2	267.6	266	260.4	253.6	251.2	258.4	257.6	260.8	255.2	248.8	258.8	270	273.2	261.6	258.4	258	244	234.4	234.8	243.2	246	251.6	254.4	250.4	252.4	252.4	248.8	252.8	250.4	245.2	246.8	248.4	246.8	237.2	233.2	232.8	231.6	230.8	226.8	225.6	226.4	223.6	222.4	219.2	216.4	214.8	208	197.2	195.2	191.2	175.2	161.2	160.8	158	152.4	149.2	147.6	142.4	147.6	149.6	142.8	144.4	145.2	140.4	143.6	141.6	134.8	120.4	107.2	94	82.4	75.2	75.6	76	76.8	76	76	81.2	84.4	84.4	83.6	81.6	80	74	68.4	64.4	62.4	62.4	62	61.6	64	68.4	74	79.2	88	108.8	145.6	174	177.2	190.8	211.6	238	363.6	497.2	510	510	510	510	510	510	497.2	510	510	504.4	510	510	510	510	504.4
510	510	510	510	510	510	510	510	510	510	510	510	507.6	454.8	404.4	398.8	397.2	388.4	378.8	382.8	396.4	387.6	376.4	369.2	366.8	356.4	337.2	342	298	210.8	171.6	117.6	85.6	83.6	84.4	84.8	85.2	85.2	87.6	84.8	72.4	70.8	67.6	60.8	60	62.8	63.2	66.8	74	85.6	100	123.6	150.8	184	211.6	225.2	230.4	236	238.4	243.2	246.4	255.2	261.6	262.4	261.6	262	261.6	249.6	243.6	259.6	268.4	271.6	274.4	273.6	272.4	274	274.8	270.8	266.8	262	259.6	259.2	261.2	266.8	267.6	248	252.8	266	270	270.4	259.2	265.2	257.2	244	241.6	247.6	250	256.4	264.8	261.6	266	263.6	259.6	262.8	260.8	257.2	256.4	255.6	257.2	246.4	236	230	229.6	230	223.6	230	232	226.8	224.4	221.6	219.2	218	213.6	206.4	194.8	188.8	176.8	164	156.8	154.4	154.8	150	147.2	143.6	144.4	148.4	147.2	144.4	146.8	146.4	143.2	141.2	141.6	134	122	108.8	95.6	82	77.6	75.2	71.6	74.4	78.8	76.4	77.2	81.2	80.4	82	81.2	80.8	77.6	68	66	62	63.6	62.4	59.2	62.8	66.8	70.4	74.4	86.8	114.8	143.6	172.8	183.6	208.4	230	293.2	442.8	499.6	495.6	494.8	488.4	507.6	510	505.2	510	510	510	510	510	510	510	510
510	510	510	510	510	510	510	510	510	510	510	510	483.6	422	405.2	403.6	382.8	368.4	366.8	392.4	395.6	366.8	357.2	354	358.8	347.6	349.2	347.6	263.6	194.8	148	100.8	86.4	88.8	89.6	86	82	81.2	80.4	70.8	61.6	65.6	63.2	60.8	63.2	66	64.8	66.8	72.8	85.6	112	143.2	177.2	202	217.6	235.6	240	241.6	244.8	250.4	259.2	265.2	263.2	261.6	261.2	258	258.4	245.6	237.6	255.2	268.4	273.2	280.8	274.8	270	280.8	282.8	274	269.2	267.2	267.6	264.4	261.6	269.6	268	249.6	253.6	266.8	265.2	265.2	265.6	265.2	257.6	257.2	253.2	250	248.8	249.2	262	265.2	264.8	269.2	275.6	273.2	265.6	254.8	248	248.8	250	254.8	248.8	238.4	229.2	224.4	226	226	225.6	226.8	227.6	223.2	224.4	217.2	207.6	206.8	200.8	188.8	182	176.8	169.2	160.8	156.8	152.4	151.6	153.6	149.2	145.2	151.6	154.8	153.2	154	151.6	141.2	136.8	140.4	133.6	126	112.4	93.2	78.8	71.6	66.8	71.2	76.8	73.2	68.8	70.8	73.6	75.2	78.4	78.8	77.6	73.6	72.4	71.2	72	72.4	65.6	62.8	68.4	72.8	75.2	85.2	105.6	135.6	171.2	194	205.2	211.6	254.8	383.6	476.4	486	491.6	493.2	505.2	510	504.4	507.6	510	510	510	510	510	510	510
510	510	510	510	510	510	510	510	510	510	510	510	501.2	432.4	402	401.2	382.8	364.4	364.4	386	387.6	362.8	358	358	351.6	324.4	330.8	281.2	222	144.4	92.8	81.2	78.8	86	86.4	86.8	88	76.4	71.6	71.2	62	67.2	67.2	67.2	66.4	62.4	64.4	69.2	79.2	109.2	137.6	160	187.6	210	229.6	244.8	251.6	251.2	254.4	252.8	260.8	271.6	266.8	264.8	258.8	256.8	253.2	247.6	239.6	252.4	264.4	271.6	281.6	282.8	280	288	290	287.2	285.6	283.2	270.8	263.2	258.8	264	272.8	262.4	258.8	269.6	274.8	264.8	266.8	274.8	275.6	270.8	265.2	259.2	257.6	257.6	265.6	267.6	265.2	275.6	286.8	278	272.4	269.6	264.4	255.6	250	256.4	262.4	256.8	251.6	251.2	247.6	242.8	237.2	236	234.4	228.4	230.4	224.8	216	210.8	205.6	198.8	196.4	189.2	179.6	172	168.8	164.4	161.2	163.2	161.2	159.2	156.4	159.2	159.6	160.4	157.2	152	146	143.6	139.6	133.6	124.8	112.8	95.6	82	73.6	70	73.2	74	68	65.6	70.8	72	72	75.6	75.2	72	72.8	73.2	71.6	71.6	71.2	65.6	64.8	70	70	73.6	82	109.2	140.8	172.8	201.2	210	228.4	320.4	432.4	471.6	490.8	501.2	501.2	505.2	504.4	510	510	510	510	510	510	510	510
510	510	510	510	510	510	510	510	510	510	510	510	487.6	403.6	397.2	390.8	366.8	358.8	368.4	375.6	366.8	361.2	355.6	351.6	350	345.2	334	276.4	220.4	134	93.2	80.8	80	81.6	78	78.8	74	72	71.2	66	60.8	68	70.4	66.8	61.6	59.2	64	73.6	91.6	124.8	150.4	168.8	196	222.4	243.2	252.4	254	252.4	256.8	258.4	261.2	262	259.6	262	257.6	258.8	250.4	237.6	243.6	252.4	264	273.6	278	278.8	279.6	281.2	290.8	288.4	284	284.8	274.8	264.8	262	274	277.6	263.2	257.2	269.2	276.8	263.2	258.4	263.6	270	271.2	270	268.8	260.4	260.4	266	263.6	262	268	271.6	272.8	272	276	272.8	263.6	258.8	262	267.2	269.2	269.6	268.4	258.4	250.8	247.2	240	238	231.2	224.4	216.4	208	208.4	208.4	198.4	195.2	195.6	189.6	186.8	184.8	178	175.2	172.8	170.4	167.6	163.6	161.6	160.4	157.6	154.8	155.2	156.4	152.4	140	132.4	128	117.6	100.4	85.6	74.8	73.2	69.6	68.4	64.8	62.8	65.2	70.4	68.8	70	68.8	67.2	68.4	70	71.2	70.4	69.6	70.4	66.4	63.2	65.6	68	75.6	96.4	124.8	158.4	202	228.4	247.6	298	394.8	484.4	500.4	510	510	510	510	510	510	510	510	510	510	510	510
510	510	510	510	510	510	510	510	510	510	510	510	500.4	414.8	404.4	398.8	370.8	361.2	362.8	370	362.8	358	351.6	346.8	345.2	344.4	346.8	301.2	209.2	120	89.2	82	77.2	76	70.8	70.8	68.4	70.4	72.4	68	62.4	68.8	75.2	64.8	57.6	60.4	66.4	86	120.4	145.6	159.2	178.4	202.4	223.2	242.8	251.6	255.6	256	252	257.6	258.8	254.8	258	265.2	261.6	255.6	248	242.4	248.4	256	259.2	279.6	285.6	290	290.8	287.6	303.6	300	284.4	284.8	281.2	271.2	274	278.4	282	276.8	266	264.8	284.8	282.4	268	266.8	272	270.8	273.2	274	263.2	267.2	274.4	272.8	272	273.2	270.4	272	274	272	274	268	258.4	261.2	268	276.4	283.6	286.4	284.4	266.4	255.6	254.4	250.8	244.8	231.2	220	213.6	212.4	208.8	199.6	197.6	196.4	193.2	186.8	182	176	174.4	174.4	168.8	166.4	168	166.4	162.4	161.2	160	159.2	159.6	155.6	140.4	130.8	130	123.6	112.4	97.2	83.6	70.8	67.6	67.2	65.6	62.4	63.2	64.4	66.8	66.4	66	65.6	66.8	67.2	69.2	70	70.8	70.8	70.4	66.8	64	63.2	69.2	76.4	102	142.8	190.4	219.6	264.4	312.4	403.6	498.8	510	510	510	510	510	510	510	510	510	510	510	510	510
510	510	510	510	510	510	510	510	510	510	510	510	473.2	410.8	432.4	402.8	364.4	361.2	367.6	370	358	352.4	347.6	347.6	345.2	346	346	302	209.6	137.2	90.4	70.8	66.8	68.4	62	54.4	57.2	60.8	69.2	76	73.6	75.2	72	61.6	65.6	71.6	80.4	95.6	129.2	158.8	170	192	212	228.8	244.8	251.2	252.8	253.6	252	256.8	256.8	253.6	257.6	263.6	259.6	255.2	248	244.4	250.8	260.4	263.6	274	280.8	291.2	288.8	287.2	300	301.2	288	284	285.2	280.8	277.2	276	280.4	273.2	266	264.4	284.8	290.8	277.2	267.6	269.6	262	259.6	268.4	272.8	274.4	280	284.8	285.2	285.2	275.6	275.6	284.4	278.8	269.6	268.8	270	268.8	270.8	276.4	282	284.4	284	279.2	273.2	266.8	254.8	244.8	236.4	222.8	221.6	218.8	214.4	202.4	199.2	191.2	183.6	177.2	169.2	170.8	176	182.8	181.6	180	186	180.4	175.2	174.8	173.2	163.2	162	160.8	148.4	135.6	122.8	114.4	110.8	102	91.6	76.8	66.8	65.2	64.8	60	59.6	58.4	58.8	62.8	62.8	63.2	61.2	56	59.6	64.4	68.8	70.4	70.8	70.4	68.4	64.8	66	73.2	83.2	110.4	159.2	203.6	254	332.4	405.2	488.4	510	510	510	510	510	510	510	502	493.2	510	510	510	510
510	510	510	510	510	510	510	510	510	510	510	510	489.2	416.4	426	410.8	368.4	362	363.6	374	362	350.8	348.4	346	344.4	346	348.4	271.6	180.8	108.8	67.2	63.2	64.8	61.2	56.4	56	60.8	66.8	72	80	76.8	70.4	67.2	62.8	65.6	74.8	92	122	150.8	171.6	184	202.4	220	234.4	246.8	252.8	253.6	258.4	260.8	258	256.8	253.6	254.4	262	264	260.8	261.2	260.4	256.4	262.8	262.8	267.6	281.2	287.6	290	293.6	298.8	299.6	297.2	287.2	285.6	287.2	283.2	273.2	278.4	289.2	282.8	265.6	277.2	290	279.2	269.2	274	268.4	264.4	270.4	272.4	275.2	276	283.2	292.4	292	290.4	284	285.2	287.2	279.6	284	285.6	289.6	290.4	281.6	286.4	283.6	276.4	281.2	286.4	273.6	255.6	244.8	239.2	231.2	229.6	223.2	214.4	208.4	200	196	190.8	184.8	180	180.4	182	185.6	187.2	190.4	192.4	183.6	180	179.2	174.4	167.2	163.2	157.6	151.6	140.4	128.4	115.6	111.2	104.8	96	86.8	71.2	62	62.8	62	59.6	56	54.4	55.6	59.6	62	61.2	58.4	57.2	58.8	60.8	67.6	70.4	69.6	72	71.2	67.2	68.8	76.8	101.2	148.4	193.6	262	374	424.4	466.8	510	502	497.2	497.2	483.6	477.2	476.4	467.6	466	480.4	495.6	506	506
510	510	510	510	510	510	510	510	510	510	510	510	495.6	443.6	425.2	415.6	384.4	374	366.8	367.6	361.2	346.8	346	342.8	338	338	325.2	245.2	149.6	81.6	63.2	64	58.8	54.4	51.2	54	61.6	72	79.2	82.4	76	74.4	72.8	70.8	72	76	94.8	132.8	164.4	177.6	192.8	210.4	220.8	233.6	244.8	247.6	250.8	256.8	262.8	260.8	258.4	259.2	256.8	258.8	261.6	257.6	256.8	266.8	268	264.4	268.4	271.2	271.2	273.6	280	288.8	290.8	292.4	290.4	288.8	281.6	287.2	284	272.8	270	274.8	279.6	274.4	277.2	281.6	279.2	273.2	270.8	263.6	260.4	262.4	264	266.8	271.6	276.8	282	288.4	290.8	290.4	285.6	285.6	284.4	286.4	295.6	299.2	298	291.6	292.4	284.8	275.2	273.2	281.6	276.4	260	254.8	248.4	247.6	241.6	232	220	217.2	207.2	204.4	198	190.4	181.2	180.4	179.6	177.2	172.8	174.8	174	172.4	173.6	169.2	170	170	166.4	159.2	148.4	140.8	135.2	122	113.2	96.8	86.8	78.8	68.4	60.4	63.2	63.6	58	56.8	56.8	55.2	57.2	61.2	61.2	60.8	58.8	58	59.6	61.6	62.4	61.6	64.4	67.2	68.8	72.8	73.2	91.6	133.2	187.2	270.4	359.6	429.2	502.8	506	482.8	485.2	490	469.2	462.8	465.2	466.8	466	474.8	494	500.4	506.8
510	510	510	510	510	510	510	510	510	510	510	510	488.4	432.4	427.6	398.8	382	373.2	361.2	364.4	350.8	345.2	345.2	338.8	336.4	335.6	311.6	197.2	96	58.4	53.6	47.6	48	50	50.8	59.6	70.4	77.6	80	76	76.8	71.2	67.6	74	76	92	124.4	156.4	174.4	189.6	205.6	220	228.8	237.6	248	250.4	253.6	258.4	261.6	254	255.2	258.4	258.4	264	261.6	256	258.8	266.4	266	268.8	277.2	274.4	268.8	276.8	283.6	289.2	302.4	306.8	305.6	298.4	292	294.4	283.2	270.8	280	284.8	280.8	276	273.6	280	290.4	289.6	280	277.6	278	273.2	276	274	276.8	276.8	280	284.4	294.8	295.6	293.6	290	289.6	300	297.2	287.6	286	291.6	289.2	276.4	271.2	276	272.8	266.4	264	262.8	255.2	251.6	246.8	234.4	230.8	225.6	214.8	210	203.6	188.4	182	180	180	176.8	173.6	171.6	169.2	173.2	172.4	167.2	168.4	171.6	170.4	161.6	154.4	147.2	138.4	129.2	112.4	103.2	96	80.8	70.8	64.4	60.4	58.8	56.8	59.2	57.6	54.8	54.4	57.2	58.8	60.4	60.8	59.2	59.6	59.6	58.8	58.8	61.2	66	69.6	72	74.8	80.4	102	161.2	244.8	313.2	405.2	457.2	474	493.2	508.4	510	505.2	484.4	474.8	485.2	499.6	494.8	502.8	510	510
510	510	510	510	510	510	510	510	510	510	510	510	502.8	447.6	414	384.4	387.6	376.4	358.8	351.6	347.6	347.6	344.4	342.8	340.4	334	307.6	180	84	48.4	45.6	42	43.2	52	62.8	71.6	74.4	72.8	69.6	71.2	74.4	71.6	69.2	78.8	85.6	100	134.8	163.6	182.4	199.2	212.8	221.6	229.6	237.2	247.2	252.8	256	263.2	259.6	255.6	255.6	255.2	256	261.6	257.6	255.6	262	262.4	264.4	274.4	280.8	272.8	265.6	267.6	278.4	290.4	299.6	311.2	306.4	296.8	292.8	293.2	287.6	280.8	284.8	286.8	287.6	287.6	283.6	278	285.2	289.6	282.4	277.6	273.2	269.2	273.2	278	278	278.8	284.4	281.2	287.6	297.6	301.6	297.6	294.8	295.2	295.2	296.4	292.8	293.2	290.8	284	277.6	275.6	274.4	266.8	259.2	253.2	251.6	248.4	239.2	233.2	227.2	224.8	220	215.2	201.2	192	188.4	186.4	183.2	180	172	165.2	159.6	162.4	163.2	159.6	156.8	166.4	172.8	168.4	157.2	150.8	142.8	139.2	132.8	113.6	94.8	78.4	64.4	55.6	53.6	54.4	53.6	53.6	53.6	54	56	56.8	58.8	57.2	54.8	55.6	57.2	59.6	54.8	56.8	62.8	64.4	68	72	78.4	84.4	102.8	154	270	375.6	442.8	447.6	463.6	494	510	510	505.2	494	493.2	506	510	504.4	502.8	510	510
510	510	510	510	510	510	510	510	510	510	510	510	510	464.4	414.8	387.6	390.8	378.8	363.6	354	345.2	345.2	344.4	342	336.4	335.6	246.4	100	61.6	50.4	46.8	45.6	51.2	56.8	63.6	68	71.2	70.4	70.8	77.6	72.8	67.6	70.4	79.2	91.2	112	144.8	166.4	187.6	202.4	213.6	226.4	234.8	242.8	249.6	253.2	257.2	262.8	263.6	259.2	256.8	256.4	258.4	257.6	259.2	257.6	263.6	267.6	266.4	267.2	276.4	280.8	275.2	271.6	273.2	286.8	288.8	304	310	301.2	296	292	289.6	285.6	285.2	282	282.8	289.6	288	282	281.2	286	284	280	275.2	265.6	265.2	276	278.4	282	286.8	285.6	288	297.6	304	304	301.6	303.2	294.8	288.4	290.8	291.6	286.4	279.6	280	282	278	267.6	257.2	246.8	244	234.8	233.2	234.4	230.8	222	213.2	206	196.4	192.8	188.8	180	178.4	178	171.6	165.6	158.8	160	158	160.8	159.2	163.2	170.4	169.2	164.8	154	145.2	143.2	140	125.2	106	88.8	70	57.6	52	48.8	53.6	54	50.4	50	55.2	56.8	54	54.8	53.6	53.6	54.8	57.6	55.6	57.2	62	64.4	66.4	68.4	75.2	84.8	96	120	235.6	419.6	478.8	474.8	468.4	479.6	495.6	499.6	504.4	510	510	510	510	510	505.2	502	510
510	510	510	510	510	510	510	510	510	510	510	510	510	479.6	414.8	395.6	401.2	378.8	367.6	357.2	351.6	348.4	341.2	335.6	334	330.4	237.2	104.8	67.6	60.8	56.4	57.6	61.6	62	63.6	65.6	70.4	74.4	74	75.2	72.8	72	74	80.8	96.8	121.6	147.2	174	195.2	203.2	212.8	228.8	235.6	243.2	250.8	251.6	258	258.8	260.8	259.2	258	255.6	254	254.8	253.2	261.2	266.8	273.2	273.6	267.2	274.4	281.6	283.2	280.8	274.8	283.2	284.8	295.6	314.4	310.4	297.6	298.4	291.2	288	284	282.4	282.4	290.4	290.8	286.4	287.2	283.6	285.6	288	288.4	273.6	263.2	267.2	272	278.4	280.8	288.8	296.8	301.6	303.2	300.8	304	309.6	306	306.8	309.2	296.8	288.4	279.2	274.8	275.2	269.2	265.6	258.8	241.2	234	228.4	226	226.8	223.6	216.4	209.6	199.2	192.8	190.8	183.6	174.4	172.8	170.4	169.6	169.6	168.8	169.6	167.6	163.6	158.8	161.2	162.8	167.6	169.2	159.2	145.2	134.8	130	125.2	114	95.2	81.2	69.2	59.6	55.6	56.4	53.6	52.4	48.8	50	51.2	54	53.2	51.2	53.6	56.8	57.6	58.8	57.2	60.4	62	64	69.6	72	78	94.8	110	200	380.8	476.4	486	483.6	489.2	500.4	498.8	506.8	510	510	510	510	510	501.2	494.8	506.8
510	510	510	510	510	510	510	510	510	510	510	510	510	506	427.6	398.8	417.2	388.4	368.4	359.6	353.2	346.8	338.8	336.4	334.8	309.2	220	114.8	67.6	60.8	56.4	57.6	56	60	64	68	70.4	72	73.6	70	67.2	71.2	77.2	82	100	129.2	156.4	183.2	200	208.8	218.4	231.2	234.4	244	252.8	254.4	261.2	263.6	256	256.4	259.2	258.8	255.6	253.2	250.8	254.4	264.4	270.4	279.2	278	277.2	281.6	288.8	286.8	285.2	287.2	284.8	293.2	312.4	325.2	316.8	301.2	296.4	298.8	287.2	285.6	288.8	288.8	290	292	295.6	292.8	279.6	283.6	300	296.4	276.4	270.8	276	278	274.4	276.4	295.2	304.8	303.6	299.2	305.6	309.6	304.4	314.4	317.6	314	298.4	281.2	276.8	270	262.8	260.4	248.8	238.4	233.2	229.6	229.6	226	218	210	206	200.8	200	196.8	188.4	180	178.4	172.8	167.6	169.6	170.8	174.4	172	169.2	163.6	164.4	165.6	167.6	166	161.6	152	132.4	122.8	123.6	118	104.4	84.8	71.6	59.2	54.4	56	54	54	50.8	46.8	48	52.8	53.2	52.4	53.2	53.2	57.6	61.2	63.2	60	58	58.8	64.8	69.2	76.4	88.4	104	149.6	281.6	434.4	505.2	510	510	506	474	466.8	490.8	508.4	506	510	510	510	510	510
510	510	510	510	510	510	510	510	510	510	510	510	510	510	427.6	414.8	426	390.8	366.8	356.4	342.8	334.8	333.2	332.4	332.4	311.6	222	106	62.8	54	50	50.8	54.4	61.6	66.8	67.6	68	66.4	68	68.8	70	69.2	74.8	86	104	133.6	171.6	193.6	203.2	210.4	223.2	232.8	235.2	246	252.8	255.6	262.4	258	257.6	261.6	261.2	260.8	259.6	248.8	252.8	256.4	260.8	269.2	275.2	280	277.2	276.8	282	284	293.2	294.8	288	293.2	304.4	315.6	317.6	304.4	296.8	296	285.2	281.2	287.6	290.4	292.8	296.4	296.4	295.6	288	277.2	284.8	297.2	288.4	272.4	260.8	272.4	278.4	272.8	285.2	300.4	305.2	301.6	303.6	309.2	314.8	319.2	320.8	318.8	307.6	290.8	284.8	278.8	270.4	258.8	248.8	243.2	238.8	234.4	232.4	227.6	217.6	206	200.8	201.6	201.2	196.4	190.8	187.2	184	181.2	172	169.2	169.2	170.4	171.6	170.4	162.8	158.8	156.8	158	157.2	158.4	154.4	139.6	122.8	110.8	112.8	113.2	87.2	59.2	46	38.4	38.4	38.8	46	45.6	46.8	50	51.6	51.6	52.4	51.2	49.6	52	55.6	59.2	54.8	54	52.4	51.2	57.2	63.6	72.4	94.8	131.6	247.2	377.6	472.4	510	510	502	480.4	480.4	496.4	508.4	510	510	510	510	510	510
510	510	510	510	510	510	510	510	510	510	510	510	510	510	438	411.6	430	398.8	373.2	356.4	341.2	334.8	338.8	338.8	336.4	306.8	165.6	76	58	50.4	50.4	53.2	58.8	62.4	59.6	57.6	60	64.8	67.6	66.4	68	70	78	93.2	114.8	146.8	177.6	195.2	201.6	214.4	228.8	235.6	242.8	248.8	250.4	256	260	254.8	256.4	262	262	260.4	258	247.6	254	262.4	269.6	278.4	278.4	282.4	286	280	284	289.2	290.4	299.2	297.6	295.6	300.8	312.4	320.8	314.8	304.4	296.8	288.8	284.4	285.6	287.2	291.6	289.2	293.2	296	284.4	282.8	278.8	282.4	291.6	286.4	270.4	265.2	275.6	280.4	283.2	293.6	306.4	316	317.2	315.6	320.4	315.6	313.6	312	304.4	301.2	294	282.4	269.2	257.6	251.2	248.8	244	241.2	233.6	227.2	222.8	216.4	210	206	200.8	196.4	192	185.2	183.2	183.2	176.4	169.2	170	170	172.8	170.8	164.4	159.6	156	156.4	156	154	153.2	146.4	132.4	117.6	109.6	112.4	98.8	72.4	47.6	35.6	33.6	32.4	36.8	40	42.4	46	46.4	49.6	53.2	52.4	50.4	49.6	52.4	56.4	59.6	59.6	56.4	50	50.8	59.2	68	89.6	120.8	205.6	362	443.6	496.4	510	510	510	510	510	510	510	510	498.8	500.4	510	510
510	510	510	510	510	510	510	510	510	510	510	510	510	506	424.4	420.4	422	391.6	363.6	346.8	347.6	350	350	346.8	342	288	141.6	73.6	62.4	58.4	52.8	51.6	53.6	53.6	50	55.6	58.4	64.8	71.2	64	68	73.2	84.8	90.8	114	144.8	167.2	188.8	200.8	216	227.2	231.6	242.4	249.6	250.8	258.4	260	262	266	265.6	262.4	263.2	260.8	249.2	254.8	266	272.4	282	281.6	284.4	284.8	281.6	287.6	291.2	290	296.4	298.4	300.8	304.8	309.6	314.8	318.8	317.6	304	290.4	283.2	277.2	284	290.4	289.6	290.8	299.2	297.2	287.2	273.2	272.8	279.6	284	276.8	268.4	272	281.2	283.6	289.2	300	313.2	318.8	324.8	331.6	324	315.6	309.2	309.6	307.2	304.4	292	272.8	257.6	254.4	251.2	248.8	245.2	238.4	229.6	226.8	226	220	213.2	202.4	196.8	195.2	191.6	189.2	186	182	172	169.2	169.2	166	164.4	166.8	163.2	157.2	155.2	152	148.4	144.4	141.2	135.6	126	111.2	94.8	90.8	84.4	64.8	43.6	36.4	31.2	34.4	38.4	34.4	34.8	40	48.4	53.2	50.8	46.4	44	47.6	51.6	57.6	57.6	57.2	56.4	56	58	62.4	76.8	108.4	182.8	326.4	440.4	510	510	510	510	510	510	510	510	510	494.8	497.2	510	510
510	510	510	510	510	510	510	510	510	510	510	510	510	510	482.8	431.6	419.6	405.2	382	363.6	353.2	352.4	348.4	342.8	328	231.6	113.6	69.6	66	56.8	50.4	48.8	48	46	51.2	53.6	58.4	65.2	59.2	65.2	69.6	70	80.4	92.4	108.8	140.8	165.6	184.8	202.4	214.4	228	240	243.6	244.4	248	252	258.4	262.4	265.2	269.2	268	272.4	271.6	267.6	263.2	270	281.2	283.6	285.2	286	289.2	294.8	295.6	302	303.2	300	302	298.8	302.4	311.6	313.6	319.2	326.4	326.8	320.4	301.6	294.8	294	304.8	306	302.4	298.8	305.2	310.8	286.8	274.8	275.6	283.6	289.2	291.2	280.4	281.2	292.8	296	294.4	304.4	318.4	328.8	328	322.4	320.4	320	320.4	318.8	315.2	307.6	285.6	277.2	264.4	253.6	247.6	245.2	246.4	238.4	231.2	224	216	214.4	212.4	206	200	195.2	188.4	184	184.4	177.2	169.2	166	166.4	163.6	166.4	164	158.8	156	153.2	151.2	140.4	138.4	132.4	132.4	128.4	106	87.2	80.8	74.8	58.8	40	38	35.2	32.8	36	34.8	32.8	39.6	51.2	52.8	50.8	48.4	46.4	49.6	48.8	56.4	56.8	51.2	61.2	60	57.6	70.4	88.8	150.4	279.2	375.6	462	489.2	490	508.4	510	507.6	510	510	510	510	510	510	510
510	510	510	510	510	510	510	510	510	510	510	510	510	510	468.4	455.6	430.8	382	362	358.8	350.8	342.8	335.6	332.4	304.8	188.4	85.2	56	54.4	50.8	46.8	51.2	52.8	52.4	56.8	60.4	57.6	63.2	60.8	67.2	74.4	78.4	82.4	96.8	127.2	156	180	197.6	206.8	219.6	229.2	238	242	242.4	247.6	253.6	260.8	265.6	267.6	265.6	268	274	268	263.6	271.6	278.8	287.2	283.6	281.6	284.4	292	294.4	296.8	300.8	298.8	300.4	300.4	299.6	304	306	316.8	322	324.4	324.8	329.6	318	300.8	294.4	298	301.6	302.4	297.6	299.6	305.2	300.4	286.8	275.6	275.6	284.4	288.4	285.2	286.4	299.2	306.4	297.2	295.6	309.2	321.6	321.6	318.4	316	314.4	314	311.6	312.8	307.6	285.2	277.6	273.2	260.8	254.8	249.2	246	241.2	238	230.4	220	212.4	211.2	206	199.2	198.8	192.4	185.6	183.6	178.4	172	168.4	168	167.2	164	162.4	155.6	147.6	145.6	146.4	136.8	133.6	130.4	127.6	124.4	111.6	95.2	82.4	75.6	62	48.8	45.2	39.2	35.2	34.4	34.4	31.2	32.4	43.6	50.4	52	48.8	44	43.6	47.6	52	57.6	54.4	54.4	58.4	58.4	65.6	82	139.2	264.8	374	474.8	491.6	500.4	510	510	499.6	510	510	510	510	510	510	510
510	510	510	510	510	510	510	510	510	510	510	510	510	510	494	473.2	447.6	386	358.8	355.6	346	335.6	334.8	312	189.2	94	56.4	44.8	45.2	47.2	53.6	56.4	56	60.8	58.8	58.8	67.2	65.6	63.6	65.2	68	75.2	88.4	102.8	132.4	157.6	185.6	198.4	206	219.6	235.2	242	244	240.4	243.2	252.4	261.6	269.6	272	267.2	270.8	281.2	274.4	268.4	275.2	280.4	284.4	284.8	291.6	290	291.6	294.8	298.4	298	306.8	315.6	316.8	318	320	324	332.8	335.6	341.6	336.8	332.4	326.4	312	298.8	293.6	294.4	298.4	299.6	297.2	297.6	304.8	298.8	290.4	284.8	279.6	281.6	288	291.2	294.8	298	301.2	294	296.8	308	312.4	314	310.4	306.4	306.4	309.6	308	301.2	293.6	283.2	275.6	270.4	259.2	253.6	251.6	247.6	242.4	235.6	224.8	219.2	216.4	212.8	204.8	199.6	194	190.8	188.8	179.2	177.2	176	170.8	169.6	164.8	159.2	160.8	151.2	143.6	139.6	138	132.8	130	123.6	121.6	116	99.6	84.4	74.4	62.4	55.6	50	45.6	38	32	33.6	32.8	27.2	32.4	44.4	48.8	46.8	45.2	44.8	48.8	50.8	54.8	57.6	56	58	58.4	66.4	88.8	134.8	240.4	364	459.6	510	510	508.4	506.8	494.8	495.6	510	510	510	510	497.2	493.2
510	510	510	510	510	510	510	510	510	510	510	510	510	510	510	508.4	446	370.8	357.2	346	335.6	334.8	338	299.6	156.8	83.2	63.2	53.2	52.8	50.8	53.6	54	50.4	50.4	55.6	58	67.2	69.6	62.8	64.8	70.4	76.4	82.8	91.6	118.8	147.2	171.2	184.4	201.2	214.8	228.4	240.8	244.4	243.2	247.2	252	259.6	264.8	268.4	266.8	273.6	279.2	273.2	276	282.4	280	280.4	284.4	290.4	291.2	288.8	291.2	299.2	304	311.6	314.8	318.8	315.6	318.8	325.6	333.2	333.2	330.8	336	329.6	316.8	312.8	304.4	290.4	289.6	290.4	291.6	298	295.6	289.6	290.4	303.2	296.8	288	283.2	279.2	293.2	296.4	287.6	295.6	298	292.8	294	299.6	308.4	308.8	303.2	302	302.4	296.8	297.6	293.2	284.4	283.6	282.4	268	259.2	258	252.4	243.2	240	234	226.4	219.6	216.8	211.2	200.8	195.6	194.8	193.6	184.4	180	180.8	177.2	169.6	164.4	158.8	160	155.6	146	136.4	131.2	125.6	121.2	118.4	114.8	113.6	102	91.2	78.4	56.4	48.4	55.6	56.8	52.4	45.6	39.2	37.6	30.4	31.2	33.6	42.4	49.2	47.6	49.2	46.8	44.8	52.8	56.8	55.2	58.4	66.8	65.2	98.4	151.2	220	342.4	444.4	506.8	505.2	510	508.4	500.4	491.6	507.6	510	510	510	489.2	478.8
510	510	510	510	510	510	510	510	510	510	510	510	510	510	510	510	443.6	373.2	359.6	350	340.4	336.4	336.4	298	172.8	78.8	58.4	53.6	52	52.4	51.2	44	42.4	48	50.4	56.8	63.2	64	60.8	62.8	67.6	66.4	71.6	87.2	118.4	148	167.2	182.4	201.2	217.2	229.6	238	241.2	242.8	247.6	254.4	263.2	264.8	266.4	269.2	279.2	287.2	276.4	275.6	285.2	283.6	283.6	287.6	292.8	293.6	294	298.8	305.6	311.6	317.6	320.4	327.6	325.6	322.4	326.4	327.2	332	332.4	329.2	329.2	321.6	313.6	306.8	292.4	284.8	287.6	287.6	287.2	290	290	289.2	295.2	300.4	298.4	292	278.4	281.2	291.2	287.2	281.2	285.2	292	294	295.2	302	308.8	308.4	308	304	298.8	295.2	289.2	283.6	283.6	284	274.8	265.2	257.6	251.2	243.6	238.8	235.6	230	228	219.6	212.8	206.8	201.6	197.2	196.4	188.4	187.2	182.4	179.2	171.2	168.4	163.2	160	154.8	150.4	139.6	130	126.4	121.6	117.6	111.6	107.2	98.4	89.2	78	59.2	47.6	50	57.6	56.4	52	44.8	38.4	35.2	34	35.6	40	47.2	46.8	44.8	44.8	40.8	46.4	55.6	57.6	58	68.4	76.4	126.4	178	230.4	303.6	409.2	482.8	510	510	510	510	510	510	510	510	510	510	506
510	510	510	510	510	510	510	510	510	510	510	510	510	510	510	454.8	381.2	366.8	361.2	347.6	347.6	350	346.8	281.6	159.2	70.8	50.4	40.4	38.4	43.2	44.8	44.8	54.8	55.2	56.4	66.4	71.6	64.8	59.6	57.2	55.2	62	75.2	91.2	117.6	143.2	164	184.4	200.8	218.8	234	241.2	244	243.6	251.2	258	258.8	263.6	265.2	272.4	281.6	282.4	277.2	280.4	282.8	288.8	287.6	293.6	296.4	293.6	298	299.2	304.4	313.2	317.2	319.2	329.2	324.8	325.2	326	327.2	327.2	324	317.6	320.8	321.6	311.2	304.8	293.6	286.4	284.4	291.2	292	291.2	293.6	292.8	289.6	292.8	298.8	304.8	301.2	298.4	292.8	288	280.4	278	283.6	290	293.6	290.4	303.6	317.6	314	311.6	308.4	303.2	300.8	294	286	289.2	288.8	278.8	271.6	262	249.6	243.2	238.8	232	232.8	224.8	218	211.2	206.4	200.4	199.6	195.6	194.8	188.8	182	176	170	166.4	159.6	152	144.8	140.4	130	120.8	117.2	114.4	104.8	100.8	93.6	83.6	72	61.6	50.8	47.2	49.2	51.6	56.8	57.6	56	52	42	41.6	42	44	45.2	44	46.4	46.8	41.2	49.6	59.6	61.2	67.6	84.4	144.8	188.4	242.8	315.2	442.4	494	506	510	510	510	510	508.4	510	510	510	505.2	493.2
510	510	510	510	510	510	510	510	510	510	510	510	510	510	510	460.4	380.4	365.2	361.2	348.4	350.8	353.2	309.2	140.8	72	57.2	45.2	42.8	41.6	40.8	44	50.4	55.2	57.6	55.2	65.6	72	63.6	58.8	57.6	56.4	63.6	78	94	114	137.6	162	187.2	207.2	224	232.4	239.6	244.4	246.4	250	253.6	258.8	266.8	270.4	275.2	284	279.2	271.2	280	286	291.2	294.4	294	296.4	300.4	306	305.6	311.2	322.4	326	332	342	338	330.8	328.4	326.8	326.4	324	323.2	320.4	322	310.8	300	296.8	289.2	273.6	283.6	296	294.8	298.4	300.4	300	296.4	304.8	312	315.2	313.6	306	298.4	292.8	289.6	291.6	292.4	296	301.6	297.6	300	304.8	307.6	310.4	306.8	305.2	297.6	290	291.2	291.6	286.4	278.4	265.2	253.6	251.6	242.4	234	232	227.6	224	215.2	208.8	203.6	201.2	201.2	198.8	192.4	187.2	180.4	172.8	167.6	160.8	152	144	140.4	132.4	123.6	118.4	116.8	107.2	99.6	93.2	81.6	69.2	60	55.2	49.2	45.6	49.6	51.6	56	58	57.6	48	44	44.4	43.2	47.2	46	47.2	48	43.6	43.6	53.2	61.6	64.4	75.6	106	160.4	238	316.8	437.6	508.4	505.2	504.4	506	505.2	494	472.4	469.2	486	502	484.4	462
510	510	510	510	510	510	510	510	510	510	510	510	510	510	510	443.6	374.8	373.2	358	350	347.6	342.8	286	120.4	61.2	56.4	48.4	44.4	47.2	51.2	59.6	61.6	65.6	62.4	57.2	58.4	59.2	56.4	54.8	58	62.4	68.4	77.2	84	104.4	129.6	160	184.4	210	224.8	232	240.8	246.8	246.8	251.2	261.2	264	270	272.4	274.8	281.6	275.6	272	287.2	294.4	295.2	295.2	296.4	300.4	305.6	309.2	310	320.4	325.2	327.6	339.6	348	346.8	342.8	344.4	329.6	328.4	327.2	324	326	325.2	316	308.8	309.6	300	286.4	279.2	286.8	293.6	296.4	300.4	302	299.2	300.4	307.6	318.8	321.6	315.6	312	309.6	314	314.8	307.6	306.4	311.2	310.8	309.6	307.6	310	309.2	310	309.6	302	298	290.4	285.6	285.6	280.8	274.4	266	262	252.8	242.4	236.8	236	232.8	222	216	210.4	204.4	200.8	201.6	194.4	190	183.6	176.8	172.4	162.4	152.8	144.8	138	131.6	123.2	115.2	112.8	112	104.4	94.4	81.2	66	52.8	39.6	42	48	53.6	50	50	49.2	52.8	56	52.4	49.6	48.4	50.4	51.6	51.2	48.8	49.2	47.2	52	59.6	59.6	70	98	164	243.6	349.2	475.2	510	510	510	510	510	506	486	474.8	489.2	501.2	489.2	479.6
510	510	510	510	510	510	510	510	510	510	510	510	510	510	510	456.4	377.2	378.8	362	353.2	346.8	341.2	232	84	59.2	46.8	42.8	45.2	50.4	55.6	60	66.4	68	58.4	50.4	54	62.8	52.4	49.6	60.8	66.4	70	78.8	84.8	100	126.8	159.2	185.2	207.2	222.4	230.8	245.2	252.4	249.2	254.4	265.6	271.2	273.2	277.2	283.6	282.4	278	270.4	281.2	292.8	296.8	297.2	297.2	301.6	308.4	310	312.8	325.6	333.6	336.8	343.2	348	353.2	341.6	338.8	338.4	340	338	330	327.2	332.4	325.2	315.6	309.6	301.6	292.4	284.4	282.4	287.6	293.2	297.6	299.2	301.2	294	292.8	304	306	309.6	316.4	314.4	312	312	315.6	318.4	316.4	313.6	312.4	314.8	310.8	306.8	304.4	304	303.6	299.2	295.6	286.4	286.8	280.8	277.2	271.6	263.6	253.6	248	237.6	236.8	232.4	227.2	222	217.2	208.4	201.2	197.6	199.6	194.4	188	182.4	172	164	154	146.4	139.2	131.6	125.2	117.2	114.4	112	105.2	91.6	80	66.4	53.2	39.6	36.4	43.2	44	47.2	49.6	48.4	50	51.2	55.2	50.8	43.6	45.2	50	50.8	45.6	47.6	46.8	49.2	54.8	60.4	63.2	81.2	130	226.4	349.2	484.4	510	510	510	510	510	510	507.6	500.4	493.2	491.6	501.2	508.4
510	510	510	510	510	510	510	510	510	510	510	510	510	510	498.8	402	376.4	375.6	357.2	348.4	341.2	329.2	189.6	81.6	63.2	57.2	56.8	61.2	65.6	65.6	59.2	56	49.6	44	40	46.8	52	50.8	58.4	70.4	69.6	62.4	64.4	78	98.4	122	158.8	188.8	215.6	224.8	236	249.6	252	249.2	262.4	269.6	266.4	273.2	274.4	274.8	278	274	271.2	283.2	294.8	295.2	300	305.2	301.6	304.8	306.8	311.6	328.4	342.8	342.4	352	360	358	354.4	350	347.6	346	342.8	339.2	333.2	335.2	333.2	325.2	316.8	310.8	298.8	286.8	281.2	284	285.2	290	298.8	296.8	294	294	300	307.6	309.2	316.4	317.6	316.8	319.2	316.8	321.2	327.2	326.4	325.6	337.2	342	338	334.4	315.6	302.4	298.4	295.2	283.2	285.6	287.6	279.6	272.8	266.4	258	251.6	240	237.6	233.6	228.4	226	221.2	214.8	208	198.4	199.6	195.6	192	186	177.6	165.6	155.2	144.8	136.4	129.6	123.2	119.6	114	106.8	98.4	87.2	71.2	60.8	48.8	42.8	32.4	32.4	30.4	32	40	43.2	45.6	44.8	48.4	50.4	38.8	35.6	44.8	51.6	52	48.4	47.6	50.4	53.6	57.2	63.2	77.2	115.6	221.6	342.4	458	499.6	505.2	502.8	506.8	506.8	505.2	501.2	498.8	491.6	494.8	507.6	510
510	510	510	510	510	510	510	510	510	510	510	510	510	510	491.6	398.8	370.8	370	354	346.8	344.4	306.8	167.2	86.8	64.4	65.6	67.2	63.2	61.2	60	53.6	46.4	43.2	39.2	40.8	46	52.8	56.8	63.6	70.8	67.2	59.6	63.2	78	98.4	123.2	158	190.8	216.8	226.8	235.2	248	243.2	242.4	262	269.2	268.4	273.6	276.4	277.2	279.6	278.4	276	289.2	300.8	303.6	307.2	315.6	312.8	311.2	318	324	335.2	344.8	349.6	362.8	370.8	363.2	359.2	365.2	366.4	358	355.6	350.4	345.2	340.4	340.8	341.2	338	327.6	311.6	301.6	297.2	288	289.6	294.4	304.4	306.4	301.2	301.2	306	314	317.2	319.6	321.2	321.6	319.6	322.8	326	329.6	329.2	332.8	336.8	342.8	346.8	347.2	326.4	305.6	302	296	287.2	284.8	289.2	287.6	279.2	272.4	264.8	255.6	246	238.8	236.8	233.6	226.8	224.4	221.2	211.6	202.8	198	194.4	191.2	188	184	174	160	150	141.2	135.2	123.6	118.8	116	104.4	95.2	82.4	64.4	54.4	46	40.8	34.4	28.8	26.8	26	33.6	40.8	43.6	47.2	45.2	51.2	45.6	32	36.4	50	56.4	53.2	50.8	52.8	55.2	57.6	63.6	76	113.6	207.2	314.8	430.8	483.6	489.2	490	485.2	496.4	510	510	501.2	502.8	502	510	510
510	510	510	510	510	510	510	510	510	510	510	510	510	510	448.4	373.2	362.8	345.2	342	346.8	346	301.6	171.2	94	73.2	63.2	50.8	40.8	39.6	40.8	43.2	45.6	40.8	36.8	41.2	51.6	70	74.4	65.6	54.8	53.2	59.6	68.4	81.2	106	133.2	164.4	197.6	218.8	227.6	236.8	252	249.6	250	266.4	272	274	273.6	274.4	278.8	282	279.2	282.8	292.8	304.8	305.6	312	312	307.6	310	321.6	328.4	336.4	348	350	356.8	360	349.6	348.8	357.2	364.4	367.6	368	361.6	345.6	338.8	336.8	343.2	336.4	324.8	315.2	306.8	302.4	302	299.2	297.2	301.6	307.2	308	303.6	301.6	309.2	318.4	326.4	326.8	320.4	321.2	320.8	326.8	330	326	328.8	341.6	351.6	348.4	346.8	330.4	310	299.6	290.4	281.6	285.2	291.6	286.4	281.6	280	268	256.8	241.6	238.8	239.6	237.2	232.8	226	224	218.4	212.4	204.8	193.6	190.4	189.6	187.6	178.8	165.6	151.2	140.4	131.6	121.6	113.2	110	106	94.8	80	64	52	44.8	38.4	35.6	28.4	26.4	26	28	38.4	41.2	43.2	45.2	49.6	44.8	37.2	34.4	38	49.2	56.4	57.6	59.2	61.2	57.6	67.6	76	129.2	220.8	312	422	489.2	489.2	487.6	486	501.2	510	510	510	510	502.8	510	510
510	510	510	510	510	510	510	510	510	510	510	510	510	510	455.6	375.6	358.8	346.8	350	350.8	354	264.4	147.6	91.2	71.6	55.2	43.6	38.4	36.8	43.2	44.8	45.6	42.4	43.2	44	54.4	73.2	76.8	63.2	50.4	52.4	62.4	70.4	84	110	139.2	165.6	197.2	219.6	228	240.4	254	261.2	266.8	272	275.6	276.8	273.6	278.4	280.4	282.4	284.4	288.8	296	306.8	314	319.2	318	307.2	310.4	322	326	330	342	352	359.2	358	355.2	350	355.2	368.4	378	378.8	370.4	352	344.4	342	342	340.4	336	326.4	316.4	306.4	304.4	305.2	300.8	300.4	306	307.6	302.4	304	311.2	311.6	322	326	322.4	323.2	322	318.4	324	328.8	333.6	343.6	357.2	358	351.2	332.4	312	306	296	286.4	285.2	290.8	290	286.8	283.6	273.2	263.6	247.2	242	241.2	236	235.6	230.8	226.4	222	216.8	209.6	200.8	192.8	191.2	186.4	178.8	168.8	154.4	143.2	132.4	124.4	114.4	111.2	107.2	94.4	80.4	62	48.8	43.2	35.6	33.6	26.8	20.8	22	26.4	35.2	42.4	42.4	42	46.4	47.2	40	34.4	36	44	52.8	59.6	58.4	65.2	60.4	64.8	75.6	108.4	198.8	273.6	385.6	486	488.4	486	496.4	510	510	510	510	510	510	510	510
510	510	510	510	510	510	510	510	510	510	510	510	510	502.8	415.6	366.8	354	362.8	365.2	358.8	357.2	276	168.4	94	59.6	44.8	41.6	41.6	42.4	46.4	48	47.2	43.2	43.2	52	64	74.8	66	52.8	54	58.4	60	69.2	83.2	107.6	136.8	169.6	198.8	218.8	232.4	246.8	258.8	266	270.8	277.6	278.8	277.2	278	281.6	284.8	287.6	288.4	295.2	301.2	310.4	314.4	313.6	310	301.6	304.4	326.8	331.6	332	332.8	336.4	347.2	350	352.4	348.4	344.4	354	361.2	366.4	362.4	352.4	342.8	338.8	341.6	337.2	332.8	329.6	318.8	309.6	307.2	301.2	304.4	305.6	311.2	310	308	312.4	314.8	310	317.6	328	335.2	336.4	333.2	330.8	330	334.8	343.6	344	347.2	350.8	344.8	328.8	315.2	301.2	292	289.2	289.6	291.2	294	292.4	289.2	281.2	267.6	252.8	243.6	242.8	236.4	233.2	234	227.6	222.4	219.2	213.6	206.8	195.6	193.6	188.4	178.8	168.4	158.4	145.6	133.2	122	113.6	108.8	104	91.2	79.6	63.6	48	40.8	33.2	29.6	27.2	19.2	18.4	24.4	29.6	38.4	42.4	42.4	40	43.2	39.6	34.4	34.8	40.4	49.6	60.4	58.4	64.4	68	66	77.6	94.4	182	278.4	387.2	482	487.6	489.2	494	506.8	510	510	510	510	510	510	510
510	510	510	510	510	510	510	510	510	510	510	510	510	490	411.6	374	362.8	368.4	369.2	358.8	351.2	287.2	207.6	120.8	70	52	44.4	41.6	43.2	46.4	48.4	45.2	40.8	45.6	54	65.2	72.4	69.2	59.2	56.4	60	61.2	70.8	86.4	109.2	138.8	170.4	202	224	234.8	247.6	262	270.4	277.2	279.6	284.4	284	287.2	290	289.6	291.2	296.8	299.2	302.4	312	316.8	315.2	309.6	304.4	309.6	318	327.6	339.2	336.8	338.4	345.6	346.8	346.8	353.2	348	342.8	344.8	350	356.8	352.8	343.6	339.2	334.8	328.4	327.2	322.8	316.4	313.2	314.4	308	301.6	302	307.2	312	314.8	318.4	320.8	310.8	321.2	331.2	336.4	342.4	341.2	332.8	332.8	340.4	338.8	342.8	352.4	350.4	344.8	336.8	318.4	306.8	292.8	290.4	292	294	295.6	289.6	289.2	284.4	272.4	258.8	249.2	246	235.6	229.6	230	226.4	224	222.8	214.8	205.6	197.6	193.2	189.6	181.6	173.6	162.4	148.4	137.2	126	116.4	111.2	104.4	94.8	80.8	66	48.4	37.2	32.4	29.6	27.6	21.6	18.8	23.6	31.2	39.2	40.8	43.2	40.8	36	41.6	36.4	36.8	39.2	47.2	58.4	60.4	62.4	71.6	69.2	87.6	122	179.2	284	396.4	491.6	507.6	507.6	505.2	497.2	499.6	508.4	498.8	491.6	490.8	486	498.8
510	510	510	510	510	510	510	510	510	510	510	510	476.4	410	379.6	368.4	369.2	362.8	347.6	342.8	331.2	274	246.4	154.4	78.8	54	41.6	43.2	41.6	39.2	43.2	46.4	50.4	56	61.6	60.4	58.8	63.2	64.4	64.4	58.4	62.8	69.6	80.8	102.8	135.6	170.4	195.2	216.8	236.8	252	262.8	272.8	279.2	284	284.4	288	290.8	294	296.8	297.2	298.4	301.2	304.4	310	311.6	307.2	305.6	306.8	312	316.8	326.4	331.6	331.6	332.8	342	343.2	339.6	343.6	334	330.8	329.2	333.2	339.6	338	333.2	336.4	334	331.2	333.2	324.8	320.8	314.8	309.2	306.8	304	298.4	299.6	306	307.6	311.6	317.2	316.8	320.4	330.4	336.4	337.6	336	329.2	333.6	339.6	337.2	337.6	342.4	343.6	339.6	332.8	322.4	313.6	302.8	295.2	296	294	292.4	295.2	294.4	288.4	281.2	268.8	256.8	250	240.8	228.8	230.8	230.8	230	228	221.6	212.8	203.6	195.6	191.2	186	177.6	164	151.2	135.6	125.2	114.8	109.2	108.8	102	90.4	74.8	59.6	40.8	35.6	32.8	30.8	27.2	20.4	20.4	30.4	39.2	44.8	45.6	47.2	40.8	38	35.6	34.4	35.2	42.4	53.2	61.2	65.2	70.8	73.2	79.6	114.4	184	262.8	374	485.2	510	510	510	507.6	507.6	510	505.2	501.2	502	486	487.6
510	510	510	510	510	510	510	510	510	510	510	510	471.6	419.6	379.6	363.6	365.2	362	347.6	338.8	324.4	266.8	156	87.6	57.2	41.2	37.2	42.4	42.4	43.2	42.4	48	53.6	58.8	62.8	60	56.4	62.8	65.6	64.4	60	63.6	68.4	86.4	109.2	146.8	185.6	210	228.8	244	256	264.8	273.6	280.8	288.4	293.6	298	298	294.8	298	303.2	294	284.8	289.6	296.8	302.4	306.8	302	299.6	306	313.6	316.4	323.6	320	319.6	319.6	322	329.2	336	331.2	330.4	333.6	332.8	330.4	327.2	330	331.6	324.8	323.6	328.4	325.2	321.2	318.8	307.2	297.6	288.4	286.4	290	294.8	295.6	302.8	312	316.8	316	318	322.4	318.4	318.4	320.4	319.2	319.6	325.2	332.4	329.6	326.4	324	314	305.6	298	291.6	288	286.8	282.4	276.8	280.4	282.8	277.2	273.6	266.8	255.2	245.2	233.6	226.4	228.4	230.8	229.6	225.6	222	217.2	207.6	195.6	189.2	184	177.2	167.6	152.4	141.6	130	116	110.4	108.4	99.6	83.2	67.6	55.6	38.4	29.6	32.4	28.8	28.8	25.2	18.8	26.8	37.6	44.8	46.4	49.2	46	40.8	33.6	31.6	32.4	36.4	46.4	57.2	66	70	80.4	107.6	152.8	232	307.2	356.8	462.8	510	510	510	510	510	510	510	510	510	510	510
510	510	510	510	510	510	510	510	510	510	510	510	493.2	428.4	354	357.2	361.2	345.2	334.8	333.2	320.8	257.6	132	70.8	51.6	39.6	38.8	36.8	39.6	44.8	48	54.4	61.6	61.6	57.6	59.2	61.2	60.4	62.8	59.2	60.4	61.6	67.2	86.8	118.8	158.4	192.8	217.2	234.8	249.6	258.8	266.4	275.2	287.2	292	297.6	304.4	301.2	302.4	302.4	302.4	295.2	285.6	282	288	290	299.2	300	304.8	313.6	320.8	319.6	315.6	312.8	310.4	312	314.4	316	327.2	324	327.6	330	324	324.4	318.4	324	324.8	322	322.4	320.8	318	318.4	320.4	312.8	304.4	298.8	294.8	293.2	291.2	291.6	302	305.6	308	312	317.2	316	312.8	316	317.2	313.6	318	318.4	317.2	315.2	316	315.2	305.6	294.8	287.2	283.6	281.6	281.6	276.8	268.8	271.2	274	277.2	272.4	264.4	261.6	248.4	236	230.8	228.4	230.4	229.2	226	224.4	220.8	213.6	200.4	192	183.2	180	172	159.2	143.6	128.4	115.6	110.4	108.4	98.8	84.8	71.2	58.4	42	28.4	32	32.4	31.2	30.8	25.6	25.6	32.8	40.8	48	49.6	50.4	46	35.2	31.6	32.4	34.8	43.2	57.6	66.8	69.2	80	105.2	145.6	240.8	320	375.2	477.2	510	510	510	510	510	510	510	510	510	510	510
510	510	510	510	510	510	510	510	510	510	510	510	510	448.4	352.4	359.6	367.6	346	334	334	321.2	258	173.6	73.6	52.4	42.8	40	39.2	41.6	40.8	45.6	55.2	60.4	56.8	55.2	60.8	60.4	58.8	60	56.8	57.2	57.2	65.6	90	126.8	163.2	200	226.8	240	253.6	261.6	270.4	277.2	287.2	293.6	301.6	308.4	306	300.8	294.8	296.4	292	277.6	266.8	263.6	272	285.2	281.2	283.2	294	294.4	289.6	286	288	287.6	295.2	296	292.8	299.2	299.2	299.2	305.2	303.2	301.2	305.6	305.6	306	308.8	310.8	309.2	306	306.8	307.2	304.8	299.2	296.8	294.8	288.4	282.8	284.4	290.8	292.4	297.6	304	308	314.4	316	312	312	313.2	308.4	303.2	298.8	296	291.6	281.2	279.6	269.2	258	255.2	255.2	259.2	258.8	255.2	258	263.2	264.4	258.4	247.6	244.4	238.4	223.6	212.8	209.2	215.2	218.8	218	215.6	217.2	213.6	199.2	193.2	189.2	186	178	166.4	151.2	134.4	121.6	111.2	110	102.4	88.4	73.6	59.6	44.8	32	30.8	31.2	29.6	28.4	27.2	25.2	30.4	37.2	45.6	48.8	50.4	47.2	39.2	32	31.2	31.6	38.4	56.4	69.6	70.8	78	107.2	178	243.2	325.6	381.6	438.8	494.8	510	510	510	510	499.6	502.8	510	510	510	510
510	510	510	510	510	510	510	510	510	510	510	510	505.2	392.4	375.6	403.6	366.8	338.8	336.4	335.6	322.8	261.6	177.2	82.4	55.6	44.4	42	45.2	48	43.6	54.8	61.6	54.4	54.8	59.2	58	55.2	60.8	61.6	55.2	53.2	56	67.2	97.6	142.4	180.8	206	227.2	245.2	254.4	264.8	271.2	278.4	287.2	294.4	305.6	306	301.2	297.2	286.4	290	294	274	264	262.4	268.8	279.2	275.6	271.2	286.4	290.8	283.6	270.4	271.6	273.6	280	284.4	281.2	281.6	288.8	292.8	290.4	294.8	293.6	299.2	302.8	303.6	304.8	307.6	308.4	306.8	307.2	307.2	304.8	305.2	296.8	295.2	291.2	288.4	290.4	299.6	306	308.4	313.2	315.2	320	319.2	312.8	309.2	314.4	306.8	299.6	294	289.2	284.4	274	267.2	257.2	251.6	248	251.6	255.6	259.6	258	255.2	252.8	256	250.4	242	241.6	238.4	232.4	220.4	213.2	214	214.8	219.2	216.4	218.4	214.4	206.4	198	192.8	187.6	181.2	169.2	152.4	139.6	124	116	108.4	104.4	91.6	79.6	64.8	50.8	34	30	32	32	30.4	29.2	29.6	29.6	36	44.8	50.4	47.2	44.8	43.2	34.8	28.8	35.2	40	50.8	67.6	73.2	75.6	106.8	185.6	241.6	331.6	408.4	459.6	477.2	504.4	510	510	510	504.4	510	510	508.4	510	510
510	510	510	510	510	510	510	510	510	510	510	510	505.2	392.4	402.8	434	373.2	340.4	334.8	334.8	303.6	230.4	162.8	113.2	72.4	53.2	43.2	45.6	42	44.4	59.6	59.2	52.8	54.4	57.6	56.8	53.6	61.6	58	52.8	52.4	54.8	66	94.8	144.8	189.2	211.6	228.8	248.8	260.4	263.6	269.6	279.6	286	290.4	297.2	292.8	287.6	276	267.6	266.8	264	251.6	247.6	243.6	244	248.8	248.4	243.2	245.2	248	248.4	248.8	245.2	248	253.2	251.2	250.4	255.2	266.8	268	265.2	272	275.6	279.2	290.8	294.4	296.8	303.6	309.6	302.8	298.4	299.6	300.8	302	295.2	291.2	294	294.4	294.4	300	306	308	311.6	309.6	305.6	306	302.8	297.2	302.8	296.8	286.4	281.6	276.8	264.4	256	246.4	242	242.8	240.4	237.2	240.8	245.6	248	242	234.4	228	228	225.2	218.4	215.2	214.8	211.6	204	202.8	199.6	205.2	207.6	207.2	204.8	202	196.4	194	186	180	173.2	159.6	145.2	131.2	117.6	111.6	107.6	101.6	87.2	74.8	59.6	44.4	32	32	32.4	32	31.2	30.4	31.2	30.4	41.6	50.4	47.6	45.6	44	35.6	30.4	34	37.6	46.4	60.4	74	76.4	90	125.6	204.8	300.8	392.4	482	484.4	474.8	474.8	474	473.2	482	491.6	502	510	507.6	510
510	510	510	510	510	510	510	510	510	510	510	510	445.2	399.6	490.8	434	354	338	338.8	340.4	276.8	162.4	138	99.2	56.8	47.6	42.8	39.2	44.8	59.2	55.2	51.6	56.8	57.6	56	59.2	61.6	54.4	46.4	45.2	48	56.8	74.4	115.2	169.6	202.8	219.2	243.2	259.2	262.4	269.6	275.2	278.8	278.4	278	283.2	277.2	270.4	265.2	254.8	250	246.4	242	245.6	246	242	238.4	234	239.2	242.4	237.2	234.4	226	224.8	232.8	237.6	235.6	235.2	249.6	255.6	257.6	254.8	254.4	267.2	278	283.6	288	293.2	298.4	302.4	306	302.4	296.8	295.2	299.2	294.4	291.6	300.4	303.6	298.4	300	304.4	311.2	311.6	306.4	302.4	297.6	291.2	290	294.4	288.4	278.4	270.4	264	258	251.2	244.4	240.8	240.4	242	247.6	250.8	258	252.8	243.2	236.4	231.2	229.2	226.8	223.6	218.8	214.8	211.2	204.8	198	203.6	206	206	208	201.6	196	198.4	192.8	186.8	180	172.4	162.4	146.8	128.8	113.6	109.2	106.8	96.4	86.4	71.2	55.6	43.6	33.6	26.8	31.6	34.4	32	28.8	31.2	31.2	36.8	44.4	44.4	44.8	43.6	37.6	31.2	29.6	39.6	47.6	58.4	74.8	82.4	95.2	156.4	246.4	340	462.4	506	500.4	486	479.6	488.4	490.8	486	487.6	495.6	510	510	510
510	510	510	510	510	510	510	510	510	510	510	510	458.8	413.2	502	438	352.4	340.4	342.8	344.4	271.2	183.2	136	97.2	62.4	47.6	43.2	38	47.6	56	49.6	54	58.4	60.4	57.6	55.2	57.6	50.4	41.6	44.4	48.4	60	81.2	126	177.6	208.8	228.4	249.2	262	264.4	266.4	274.4	276	272.4	270.8	263.2	257.6	246.4	235.2	223.2	223.2	228.8	224.4	220.8	222	217.2	208.8	207.2	218	220.4	208.4	201.2	195.6	194.4	199.2	206.8	209.2	209.2	220	231.6	237.6	234.4	234.4	242.8	258.8	264.8	271.2	278	283.6	292.4	293.6	291.6	292.4	292.4	288.4	286.8	290.8	294.8	298.8	294.4	294.8	294.8	294.4	294.4	289.2	289.2	279.6	269.6	269.2	266.4	264	260.4	256.8	247.2	240.4	236.8	232.4	233.6	232.4	234.4	232.4	230.8	236.4	238.4	236	226	213.2	216.4	223.6	218.4	206.8	207.6	205.6	200.8	196	198.4	194	192.8	195.2	192.8	192.4	194	186.8	180.4	178.8	172.8	162.4	149.6	136	120.4	110.4	104.8	97.2	86.8	77.2	60	48.4	38	26.4	30.4	34.8	30	28.8	28.8	29.6	32.8	43.6	44.4	43.2	44.8	44	35.2	30	37.2	46	55.2	73.2	84.4	96	142.8	234	350.8	463.6	510	510	510	510	510	510	510	502	494.8	502	505.2	502.8
510	510	510	510	510	510	510	510	510	510	510	510	479.6	498.8	490	382.8	346.8	346	348.4	342	283.2	202	142.4	97.2	63.2	47.2	44	52.4	59.2	52.8	54.4	52.8	53.6	53.6	58.4	56	46	37.2	38.4	44	50	65.6	95.6	141.2	185.6	212	232	255.2	264.4	266.4	265.2	270.8	273.2	266.8	263.6	250.4	234	226.8	222	216.4	218.4	215.6	209.6	200	190	184.4	179.2	174.8	173.2	171.2	166	158.4	163.2	166	166.4	170.8	180.4	186	195.2	208.4	217.2	224.8	223.6	224	234.4	247.2	258.4	265.2	273.2	280.8	287.2	286	282	280	276.4	279.6	282.4	286	296.4	296	292.4	288.8	284.4	284	282.8	277.6	270.8	256.4	252	249.2	246	243.6	234	228.4	232.4	225.6	224.4	230.8	236.4	238.8	230	225.6	228.4	226.4	222.8	217.2	216.4	213.2	212	219.6	213.6	203.2	207.2	210	207.2	200.4	193.2	190	184.8	184	185.2	188.4	185.2	178.8	176.8	174	165.6	151.6	136.8	122.4	112.8	106.4	97.2	91.6	81.6	64.8	51.6	42.8	30.4	28.4	36	32.8	28.8	29.6	27.2	28	38.8	44.4	41.6	44	43.2	40	32.8	35.6	42	54.4	71.6	90	97.6	140.8	241.2	357.2	474.8	510	510	510	510	510	506.8	506.8	507.6	497.2	491.6	501.2	510
510	510	510	510	510	510	510	510	510	510	510	510	502.8	510	490	382	347.6	348.4	350.8	341.2	288	246.4	224.8	145.2	96.4	58.8	46.4	60.4	62.4	54.8	53.6	51.2	56.8	56	58.4	54.4	44.8	36	36.8	42.8	50	67.6	100.8	149.2	195.6	222	238.8	258	260.8	262.4	265.6	272	270.8	259.2	237.2	212.4	205.2	201.6	202.8	209.6	200.8	195.6	195.6	183.2	174.4	170	164.8	156.8	143.6	136.8	136.4	140.4	142	141.6	142	140.8	148.8	152.8	156.8	168	182	186.4	186	194.4	205.2	220.8	239.2	244.8	249.2	262	272.8	277.2	275.6	266.8	261.6	266	274.4	285.2	290	284.4	281.6	278.8	270.4	262.8	255.2	244	234	229.2	228	226.8	220.8	204.4	198.4	195.2	194.8	195.6	196.4	201.6	202.4	201.2	202	202.8	205.2	208.8	209.6	208.8	210.8	211.6	209.2	212.8	218.4	214.8	210.4	209.2	205.6	197.2	192.4	190.8	178.8	176.8	180.4	178.8	176.8	176	171.2	166.4	162.8	158	147.2	128.4	114.4	108.4	98.4	89.2	84.4	70	56	46.4	38	28.8	31.6	34.4	30.8	33.2	29.6	28.8	33.6	44.4	43.6	45.6	45.6	41.2	36.8	36.4	42	57.2	74.8	96	118.4	178.4	270	354.8	470	510	510	508.4	498.8	478.8	474.4	472.4	478.8	490	482	477.2	494.8
510	510	510	510	510	510	510	510	510	510	510	510	510	510	438	353.2	353.2	355.6	344.4	335.6	293.6	255.2	234.8	140.4	93.2	66	61.2	66.8	60.4	51.6	52.8	57.6	56	60	57.6	44.8	36	32	34	43.6	55.2	81.6	120.8	159.2	194.8	222.4	242.8	261.6	264.8	266.4	265.2	264.8	252	235.6	214	199.2	194.8	190	184.4	174.8	166.8	165.6	159.2	154.4	150	140	128	123.6	120.4	117.6	117.6	124.8	126.8	126	126.4	125.2	122.8	123.6	128.8	136.8	151.2	159.2	164	167.2	178	191.6	208	218	223.2	235.6	250	255.2	254	246.8	241.2	250.8	264	274	276.4	274.8	268.4	266.8	263.6	253.6	239.2	229.2	218.8	210	203.6	205.2	200.4	181.2	172	170.8	163.2	158	155.2	160.4	162	164.8	167.2	175.6	183.6	188.8	189.6	188.8	199.2	201.6	203.6	203.2	206.8	209.2	204.8	202.8	200.4	194	187.2	184.8	177.6	176	182.8	182	179.6	178.4	173.2	165.2	160.8	157.6	150.4	134	118.4	108.8	102.4	91.2	86	74	58.4	47.2	38	29.6	29.2	35.2	30.4	29.2	31.2	30.4	32	42	42	45.6	48.8	44	36	37.6	42	61.2	81.6	98	120.8	193.2	295.2	367.6	486	510	510	510	505.2	488.4	484.4	478	476.4	490	490.8	483.6	500.4
510	510	510	510	510	510	510	510	510	510	510	510	510	510	434	353.2	356.4	358	345.2	340.4	315.6	267.2	250	182.4	87.6	63.2	65.2	63.6	56.4	50	49.6	54.8	56.4	60	55.6	42.4	32.8	32.8	34.8	42.4	56.4	85.2	129.2	169.2	205.6	229.6	247.2	262	258.8	255.6	260.4	252	236	219.6	200	197.6	198.4	190	184.8	172.8	158.8	152.4	149.2	145.6	139.2	132.8	127.2	120.4	121.6	125.6	123.6	114.4	112	109.2	109.6	112.8	112.8	110.4	114	116.4	122	130.8	137.6	145.6	160	166.8	179.2	187.2	197.2	215.6	228.8	240.4	239.2	230	232.8	244	255.2	260.8	264.8	266.8	259.6	247.2	242.8	231.6	214.4	205.6	199.2	196.8	190.4	182	168.8	158.8	157.6	155.2	147.2	140.4	142	147.2	150	151.6	155.6	162	169.2	171.6	174.8	181.2	187.6	193.2	195.6	193.6	195.2	192.8	193.2	191.2	190.4	189.6	182	178.8	180	172	177.6	182	178	174.4	169.2	161.6	158.4	157.6	152.8	136.4	120	112.4	102	91.6	84	76	62.8	50.8	41.2	32.4	29.6	34.8	32	26.4	30.4	31.2	30.4	40.4	44.8	44	52.4	50	40.8	36	43.6	60	81.6	112.4	148.4	221.6	316.8	360.4	448.4	494	488.4	488.4	494.8	497.2	510	510	504.4	510	510	510	510
510	510	510	510	510	510	510	510	510	510	510	510	510	485.2	376.4	354	366.8	353.2	345.2	348.4	348	297.6	257.2	208.8	116	81.2	72.8	56.4	44.4	47.2	56	55.6	58	62	46.4	32	27.2	28.8	34.4	42	62	99.6	140.4	167.2	207.2	236.8	257.2	266	256.4	252	244	232.4	221.6	209.2	190.8	179.2	178.4	173.6	163.6	154.4	150	137.6	126.8	122.4	115.6	110.8	111.2	109.2	108.8	111.6	107.6	100.4	94.4	95.2	96.8	97.6	98.8	99.2	100.4	104.4	107.6	114	122	131.6	139.2	149.2	158.8	168.4	176.4	192.4	206	218.8	224	223.2	222.8	230.8	241.6	252.4	259.2	260.8	256	242.4	227.2	214	202	194.4	183.6	178.4	175.2	170	154.8	146	140	135.2	129.2	125.2	130	131.2	131.2	127.6	130.4	126.8	127.6	136.4	145.6	147.2	152.8	154	158	162.8	169.2	164	162.4	168	171.6	173.6	172	171.6	177.2	180	177.6	179.6	178	176.4	169.6	159.6	157.2	156	152.8	144	123.2	114.8	105.6	92.4	84.8	75.6	64.8	55.6	45.6	36.4	33.2	30	30	29.6	29.2	32	32	36.8	44	44	52.8	54.4	45.6	38.4	40.8	55.2	84.8	126.8	166.8	221.2	289.2	372.4	460	478.4	472.4	474	486	494.8	510	510	508.4	510	510	510	499.6
510	510	510	510	510	510	510	510	510	510	510	510	510	482	374	355.6	368.4	356.4	346.8	348.4	344.4	280.8	251.6	247.2	224.4	117.2	78	59.2	44.8	50.8	56	54.4	57.2	59.6	43.2	30.4	25.6	26.8	32.4	42.4	65.2	109.6	153.2	188	225.2	248.8	258	261.2	251.6	248.8	238.4	218.4	206.8	198.4	183.2	177.6	175.2	165.2	158.8	155.2	150.4	144.4	138.8	133.6	127.6	124.4	119.6	113.6	110	110	111.6	108	102	100.4	97.6	96.8	97.6	101.6	100.4	102	104	108.8	116.4	124	130	139.2	146.4	157.6	166	174	189.2	203.2	214.4	228	229.6	232.8	233.6	243.6	251.2	246	242.4	231.6	210.8	195.6	189.6	176	166	164	159.6	152.8	144.8	138.4	129.6	122.4	116.8	119.2	123.6	123.6	123.2	121.6	118.4	119.2	121.2	129.2	134.8	138.4	138.4	141.2	147.2	152.4	156.4	156	158.8	164	168.8	171.2	168.8	168.4	173.6	176	176.8	181.2	177.6	171.2	166.4	160	155.6	154	153.2	147.6	130	117.2	108.4	98.4	85.2	74	61.6	56.4	46	35.6	30.8	28	28.8	32	28.4	29.6	32.8	37.6	45.6	45.6	52	58	52.8	45.6	44.4	57.6	100.4	172	208.4	234.4	300.4	380.4	470	465.2	480.4	496.4	497.2	502.8	502.8	502.8	510	510	508.8	510	478.8
510	510	510	510	510	510	510	510	510	510	510	510	510	431.6	362	367.6	367.6	357.2	352.4	351.6	342.8	279.6	254.8	256.4	200.4	111.2	70	56.8	54	58.8	53.2	50.4	57.2	51.2	32.8	24.8	24	25.2	31.6	51.2	84.4	129.2	160.4	186.4	227.2	250.4	261.6	256	245.2	238.4	218.8	199.6	189.6	180	172	167.2	158.8	152	152.4	152	149.2	148.4	144.8	140.8	134	129.6	124.8	119.2	120.4	119.6	118.8	115.6	112	110	106	100	99.2	99.2	98.4	98.8	101.6	103.2	108.8	117.2	124	129.6	136.4	145.6	155.2	166	180	190.8	204.8	222.4	230.4	236	239.2	240.4	247.2	241.6	229.6	215.6	200.4	182.4	170	163.6	156.8	149.2	146.8	141.6	134.4	128.8	122.8	114	110.4	108.4	106.4	106.4	105.2	105.6	105.2	106	112	116.4	115.2	117.2	122.4	127.2	130.8	132	134.8	138.4	143.2	150	158.8	162	159.6	158	164.8	164.8	163.2	166.4	171.6	172	166.4	160.8	154.8	151.2	151.2	152	140	122	109.2	100.4	89.6	74.8	63.6	58.8	50.4	39.2	30	28.8	29.6	32.4	29.6	28.8	34.4	40	46.4	44	52	62	57.2	46.4	42.8	64.8	125.2	199.2	242.4	260.8	311.6	390.4	477.2	472.4	496.4	510	510	506.8	502	495.6	501.2	506	500.4	502.8	485.2
510	510	510	510	510	510	510	510	510	510	510	510	510	436.4	367.6	369.2	368.4	358.8	354	353.2	334.4	276.4	258.8	257.2	202	125.2	81.6	56.8	56	60.8	51.2	51.6	56.4	44.8	30.4	24.8	24	25.2	32.8	54.8	93.6	133.6	164.8	205.2	243.2	258	264.4	254.8	249.2	234.4	208.8	189.2	182.8	177.6	168	164	158.4	156.8	156.8	159.6	162.8	160	153.6	150	144.8	142.8	137.6	136	136.8	130.4	125.2	122.4	120.4	119.6	118.8	118	113.2	111.2	110	107.6	105.2	107.2	112.8	117.6	121.6	127.6	134.8	139.2	150.8	165.6	176.4	189.2	210	229.6	234.4	239.2	248	247.2	244.8	237.2	224.8	211.6	196.4	180.4	165.6	152.8	146.4	141.2	138.4	134.4	127.6	121.6	117.6	117.6	110.8	112	111.2	110.4	107.6	105.6	108.8	111.2	111.6	116	117.6	120	124.4	126.8	132.4	132	130	131.6	136.8	148.4	154.4	153.2	157.6	159.6	163.6	169.6	166.8	163.6	164.8	166.4	165.2	158.4	152.4	149.6	146.8	148.4	142.8	126.4	114.4	106.4	94	76	63.6	61.2	52	41.6	32	31.6	27.6	31.2	28.8	25.6	31.2	34.4	44.8	47.2	48.8	61.2	60.4	47.2	51.2	84.8	161.6	244	261.2	268.8	319.6	383.2	479.6	508	510	510	510	510	510	498.8	478.8	474	482.8	489.2	508.4
510	510	510	510	510	510	510	510	510	510	510	510	510	466.8	402	374	369.2	360	358	354	330.4	280.4	258.8	256.8	204.4	125.6	80	62.4	61.2	55.6	49.2	50.8	50.8	44.8	36	27.2	25.6	26.4	34	59.2	97.6	136	165.2	205.2	242.4	256	262.8	258	245.2	230	201.6	191.6	181.6	170.4	167.6	162.4	157.6	162	164	160.8	162	160	152	145.2	137.6	130.8	125.6	126	124.4	115.2	105.2	102.4	100.8	100	98.4	97.6	101.2	102.4	102.4	101.6	100.4	102	108.8	111.2	114	119.2	126	129.6	138.4	157.2	173.2	190.4	212.8	240.4	253.6	253.6	260	262.4	255.6	239.2	224.4	210.8	194.4	175.2	158.8	146.4	136	132.4	128.8	125.2	122	112.8	111.2	110.4	109.6	111.2	109.6	108.8	106.4	104.8	105.6	108.8	112	112	114.8	120	123.2	123.2	128	127.2	125.6	125.6	128.4	132.4	135.2	136.8	139.2	144.4	145.6	149.6	156.4	163.6	168	170	168.4	160.8	159.6	153.6	150.4	152	154	141.2	124.4	112	96	73.6	58.4	55.6	54.4	47.2	39.2	30.8	30.8	34	30.8	26	25.6	33.6	43.2	46.4	47.2	56.4	65.2	59.6	64.8	100.4	170.4	235.6	246.4	267.6	326.4	402	464.4	508.8	504.4	506	510	510	510	510	484.4	473.2	482	496.4	510
510	510	510	510	510	510	510	510	510	510	510	510	510	438.8	387.6	376.4	375.6	359.6	357.2	358	343.6	298.8	265.6	236.4	178.8	144.8	94.4	68	74	59.6	49.6	59.6	53.2	39.2	28	25.6	25.2	28	40	71.6	115.6	155.2	182.8	224	256	264.4	264.4	248.4	236	208.4	185.6	180.8	172.4	168	166.4	161.6	162.8	161.2	161.6	163.6	159.2	154.4	140.8	130	124.4	117.6	114.8	117.2	112.8	103.2	98.4	94	88.8	88.4	85.2	83.2	87.2	93.2	98.4	98	100	102.8	105.6	110.4	114	119.6	127.2	133.6	144	161.6	182.8	200.4	226.4	256.8	274.8	281.6	276.8	276.8	271.2	257.6	234.4	215.2	194	174.8	158	146	134	127.6	122.8	117.2	114	108.4	106.4	105.6	107.2	108	104.8	99.6	96.8	94.8	93.6	96	98	99.6	102.4	105.6	110.8	118	123.6	120.8	120.8	121.6	122.8	129.2	134.8	135.2	135.2	136.8	144	151.6	158	166.8	172	173.2	168	164.4	163.2	153.2	146.8	147.2	149.6	138.4	119.6	112	100.4	82	61.6	58.8	58.8	50.8	40.4	33.6	30.8	30.8	30.8	24	27.2	35.6	47.2	50.4	46.4	60.8	66	63.2	73.2	125.2	202	240.8	238.4	284	335.6	402.4	478.4	454.4	455.6	482.4	501.2	504.4	498.8	507.6	504.4	485.2	476.4	477.2	483.6
510	510	510	510	510	510	510	510	510	510	510	510	510	468.4	402.8	382.8	382	362	358.8	367.6	353.2	301.6	266.4	232	183.6	161.6	109.6	80.8	69.6	53.2	58.4	56.8	40	32.8	28	28	26	31.2	50.4	95.6	140.8	165.6	187.6	227.6	261.6	266.4	260.4	243.2	222	204.8	190.8	180	173.6	172.8	169.6	164	161.2	154	143.2	136.4	134.4	130.4	125.6	119.6	114	109.2	110	112.8	114.4	105.2	99.2	97.6	94.4	88	84	81.6	75.6	76.8	81.2	87.2	92.8	95.6	96.8	103.6	107.2	111.2	118	127.2	142	159.2	180	210.4	246.8	286.8	310.8	323.6	325.6	313.6	297.2	281.2	257.6	230.8	203.6	177.2	157.2	138	129.6	124.4	114.8	105.6	102.8	100	96.8	92.4	89.6	87.2	79.6	76.4	73.2	73.6	71.6	75.6	80.8	82.8	82.8	84.4	87.6	94.4	95.2	94.4	99.2	105.2	111.2	119.6	124.4	127.2	129.2	133.6	138	142.8	150.8	154.4	160	167.2	165.2	166.4	165.6	160	155.2	150.4	153.2	140.8	121.6	113.6	103.2	84.4	64.8	60	58.8	51.2	40.4	34.8	30.4	30.4	33.6	25.6	26.4	37.2	50.8	53.6	51.2	64	71.6	70	85.6	135.2	221.2	253.6	234	287.2	342.4	410.8	470	453.6	451.6	466	483.6	489.2	486	498.8	506	493.2	476.4	470.8	471.6
510	510	510	510	510	510	510	510	510	510	510	510	510	494.8	417.2	385.2	387.6	364.4	362.8	370	362.8	325.6	271.6	260.8	227.6	183.6	162.4	121.6	78.4	60.8	62.4	59.2	42.8	36.8	33.2	30.8	28.8	34.8	58	101.2	147.2	170.8	198.8	242.8	270.8	275.2	266	250	232.4	212	198	188.8	183.2	174	169.6	162.8	158.8	150	138.4	129.6	122.4	117.6	111.6	110	108.8	109.6	109.6	110	108.4	100.8	93.2	90.8	86.8	81.6	80.4	78	74	69.2	67.2	75.2	81.2	87.2	92	94.4	102.8	110	116.8	128	146	163.2	187.6	224.4	262	301.6	333.6	346.4	338.8	328	320	300	276.4	250	219.6	188.4	162.4	144	131.6	121.6	110.8	102	95.2	89.2	86.8	82	77.2	73.2	67.6	63.6	63.2	62.8	65.2	68.4	75.2	78	82.8	87.2	92.4	92	92.4	90	87.2	87.6	96.8	107.2	115.6	119.2	124.4	130	133.6	136	141.6	147.2	150.8	161.2	164.8	166.4	166.8	166.4	162.4	157.2	156.4	149.6	130.8	117.2	109.6	90.4	67.6	59.6	60.8	51.6	42	34.8	30.4	30.8	32.8	29.6	23.2	34	46.8	54.4	53.6	62.8	79.2	99.2	134.4	170.4	198	227.2	246	300.8	333.6	398.8	496.4	495.2	489.6	468	444	468	489.2	505.2	510	510	494.8	478.8	485.2
510	510	510	510	510	510	510	510	510	510	510	510	510	485.2	406.8	381.2	370.8	369.2	372.4	362	351.6	332.8	278.8	260.8	253.2	216	190.4	135.2	77.6	67.2	65.2	49.2	35.6	35.2	32	30.8	33.6	44.4	73.6	120.4	159.2	176	199.2	246	273.2	277.2	266.8	251.2	231.2	213.2	204.8	189.2	177.6	164	155.2	145.6	139.2	134.8	132	126.4	111.2	100.8	98.8	98.8	100.8	94.8	84.4	80.4	71.2	58	54.4	51.2	53.6	53.2	62	68.4	70.4	72	69.6	69.2	70.4	75.6	79.2	88	96.8	104.8	111.2	122	140	164.4	197.2	243.6	290.8	327.6	353.6	370	372.4	362.8	350.4	332.8	306	274.4	231.6	193.2	162	142.8	128.8	114.8	101.2	93.2	87.6	80.4	76.4	71.6	66	66.4	64.4	65.2	67.2	67.6	66.8	67.6	69.2	68	68.4	73.2	81.2	88.4	93.6	93.6	88.8	79.6	75.2	78.8	86.8	99.6	111.2	119.6	127.2	129.2	135.2	138.8	140.8	148	152	155.6	161.2	166.8	165.2	162.4	160	153.6	139.6	122.4	112.8	96	70.4	59.6	60	53.6	40.8	34	27.2	26	28.8	30.4	22	28.8	49.2	55.2	54.4	62.4	87.6	125.6	178.4	217.6	213.6	212.8	255.2	314.8	336.4	422.8	504.4	504.4	492	479.2	456.4	476.4	496	502.4	505.6	510	502.8	480.4	485.2
510	510	510	510	510	510	510	510	510	510	510	510	510	497.2	415.6	379.6	375.6	360.8	360.8	362	351.6	322.8	292	266.4	262.4	255.2	248	217.6	140	91.2	73.6	58.4	40.4	35.2	28.4	29.2	31.2	48.4	79.2	126.8	162.4	181.2	220	265.2	274.8	278.4	270.8	248.8	226.4	205.2	193.6	184	175.2	166.4	157.6	145.6	136	127.2	115.6	100	94	95.6	98.4	98	89.6	68.4	49.2	41.2	39.2	23.6	18.8	18.8	22	23.6	32	44.4	57.6	66.4	69.2	66.8	67.2	70.4	74	78.8	88.4	99.2	112	123.2	140.8	169.6	209.2	258.8	309.6	354.4	370.8	392.4	399.6	390.8	388	367.6	332.8	293.2	249.2	205.2	168.8	144.4	124	104	93.2	86.8	80	73.6	68.4	61.6	58.4	60	62.4	63.6	63.2	54.4	46.8	40.8	38	33.6	32	35.6	40.8	46.4	56.8	64.8	74	76.8	78	76.8	78	84	97.2	109.6	116.4	124	129.6	133.2	136.4	138.8	147.6	154.8	161.6	166.4	166.4	169.6	168.4	160.8	148	128.8	117.6	100.8	71.6	59.2	61.6	59.6	44	32.8	28	27.6	29.2	30	24	26.8	47.2	57.6	56.8	66.8	118	160	182.4	247.2	262.4	271.2	302.4	325.2	328.4	413.2	504.4	510	500.8	508	506.8	507.2	510	510	507.2	506	510	502	478
510	510	510	510	510	510	510	510	510	510	510	510	510	480.4	395.6	386.8	384.4	367.6	367.2	356.4	354	336.4	302.8	272.8	262.8	253.2	253.6	239.2	166	107.2	80.8	55.6	44.8	36	28.8	29.2	34.4	59.6	100.4	146	168.4	184	222.4	269.2	278	277.2	269.2	249.2	231.2	208.8	187.2	178	167.2	153.2	137.6	135.6	134.4	116.8	96.4	88.8	95.2	103.6	105.2	99.6	77.6	52.8	42	24.8	15.6	16.8	17.6	15.2	20	23.6	27.6	40.4	45.2	54	67.6	68.8	70.8	71.6	72	76	85.6	96.4	108.4	120	137.6	172.8	216	263.2	310.8	360.8	387.6	398.4	405.6	406.8	403.6	374.4	338.4	293.6	247.2	210.8	174.4	147.2	126	102.8	89.2	80.8	72	67.2	64	63.2	63.6	66.4	67.6	60.8	54.8	46.8	29.2	24	22	11.6	8.8	12.8	14.4	14	20	25.6	42.4	54.8	68	77.6	80.4	76.4	76	88	102.4	114.8	123.6	132	138.4	139.2	142.8	150	157.2	167.2	174.8	175.6	174.4	168.4	152.8	132.8	117.6	105.2	79.2	59.6	61.6	58	42.4	34.4	31.2	26.4	24.8	26.8	25.6	28	46.4	60	58.4	76.4	135.6	159.2	159.2	223.6	256	266.4	305.6	330	339.6	434.8	500.4	510	500	506	510	499.6	502.8	510	510	508.8	510	510	484.4
510	510	510	510	510	510	510	510	510	510	510	510	504.4	482	448.4	403.6	382.8	382.8	375.2	361.2	349.2	346.8	326.4	283.2	260	259.6	254.4	241.6	214	148.4	113.6	107.2	82.4	62.4	44.4	32	34.4	53.6	89.6	129.2	166.4	193.6	241.2	274.8	284.8	286.8	270.4	251.2	235.6	214.8	196.4	186.4	175.6	161.6	144	124	107.2	97.2	86.4	78	71.2	73.6	83.2	90.8	90.8	68	48.8	41.6	28.8	22.4	20	21.6	24.8	26.4	29.6	38	41.2	40.4	48	62.8	73.6	76	74.4	80.4	89.2	100.4	111.2	123.2	143.6	174	212	258.4	308.8	352	390.8	407.2	419.2	419.2	414.8	409.2	367.6	314	270.4	230.4	190.8	153.6	125.6	104	90.4	78.8	72.4	66.8	62	61.6	60.4	61.2	53.6	45.2	42	42.8	32.8	26	20	15.2	13.6	11.2	19.6	18.8	17.2	18.8	28.8	39.2	44.4	56.8	69.6	76	72	69.6	87.2	104.4	116.4	125.6	133.2	137.2	139.2	146.4	156.8	166.4	177.6	188	192.4	186.8	173.6	152.8	130.8	112	80.4	54.4	54	58	47.2	36	35.6	29.2	22.8	28.4	39.6	49.6	67.2	89.2	93.6	93.2	116.8	148.8	169.2	187.6	207.2	223.6	267.2	331.6	353.2	388.4	451.6	473.2	474	498	491.2	464.4	452.4	457.6	466.8	474	462.8	486	499.6
510	510	510	510	510	510	510	510	510	510	510	497.2	451.2	414.8	418.8	413.2	394	384	363.2	349.6	354	354.8	323.2	279.6	264	263.6	263.2	253.6	217.2	160	131.2	102.4	90.4	70.4	43.2	35.6	47.2	80	125.6	159.2	180.4	200	245.2	280.4	286.4	282	264.8	242	224	206.8	192.4	179.2	160.8	147.2	138.4	126	117.6	108.4	98	86.8	82	91.6	98	107.6	103.6	72.8	55.6	49.2	39.6	32	34.4	37.6	45.6	42.8	43.2	57.2	54.4	44	43.2	54	66.4	75.6	84.8	92.4	104	112.8	116	130	154.8	190	231.2	280	338	388.8	412	419.2	422.8	424.4	416.4	390.4	343.2	302.4	259.6	226.4	190.4	158.8	130.4	107.2	88.8	78.4	73.2	72	68.4	61.6	57.6	49.2	41.2	44.4	56.4	58	35.6	30.8	23.6	13.6	16	15.2	14	20.4	19.2	21.6	41.6	52.8	44.4	42.4	49.6	62.8	73.2	74	76	92.8	109.2	121.2	127.6	134	140	145.6	152.8	163.6	174	180	184.8	182	167.6	145.2	129.2	110.8	85.6	59.2	60.4	65.6	46.4	38.4	35.6	28	25.6	32.4	44	58.4	88	114	114.4	122.4	163.6	176.8	166	174.8	191.2	213.6	269.6	350	404	473.2	474.8	467.6	472.4	498.4	493.2	470.4	451.6	450.8	448.4	447.6	442.4	474	494.8
510	510	510	510	510	510	510	510	510	510	510	510	485.2	430	425.2	433.2	412	394.8	378.8	362.8	369.2	370	340.4	296.4	271.2	268	265.2	258.4	214	158.4	136.8	105.6	95.2	84	58.8	40.8	53.2	86.8	132	165.6	183.6	215.2	265.2	284	285.2	286.8	266.4	243.2	222.8	205.2	194	176.4	152.4	137.6	124.8	114.8	115.2	111.6	103.2	104.8	111.2	121.6	122	127.6	132.4	114.8	91.2	80.4	68.8	58.8	56.8	58	65.6	60	66	79.6	75.2	62	50	48	69.2	91.2	109.2	121.2	129.2	137.2	132.8	142.8	166.8	198.8	232	276.8	330.8	386	416.4	425.2	428	426.8	427.2	400.8	349.6	304.8	258.4	223.6	192.8	160	134	115.2	99.2	88.8	86.8	82.8	69.6	58.8	50	36.8	39.2	52.4	66	75.6	63.2	46.8	38.8	28.8	26.8	27.2	27.6	28.4	31.2	36	59.2	68.4	59.2	48.4	44.8	50	58.4	60.4	62	75.2	92.8	105.2	116.4	124	132	142.4	153.6	163.2	176	182.4	190	187.2	174	154.8	134.8	114.8	84	58.4	55.2	64.8	51.2	36.4	35.2	34.4	42.8	49.2	58	73.2	91.2	113.2	125.6	147.6	204.4	229.2	200	180	190.4	236.4	293.2	331.2	357.2	443.6	487.6	488.4	477.2	483.6	500.4	504.4	494	477.2	466	462.8	465.2	470	483.2
510	510	510	510	510	510	510	510	510	510	510	510	499.6	465.2	459.2	450.8	432.4	425.2	391.6	375.6	379.6	370.8	351.2	316.8	284	274.8	267.2	259.6	213.6	155.2	128.4	98.4	92	86.4	62.4	52.4	76	110.8	150	174	186	214	260.8	279.6	279.6	279.6	265.6	243.2	230	215.6	197.2	179.2	169.6	151.6	145.2	149.2	143.6	136.8	136	143.2	158	167.6	164.4	160.4	169.2	165.2	145.2	131.6	125.6	121.6	113.2	113.2	119.6	118.8	115.6	114.8	109.2	98	86.8	84	96.4	116.8	128.8	139.2	149.2	155.2	150.4	163.2	190.4	208.4	239.6	287.2	338	381.6	412	422	421.2	424	416	387.2	343.6	302.8	262	237.2	210.8	178	147.6	122.8	111.2	106.4	101.2	87.2	77.2	66.4	54.8	48.8	54.8	68.4	82	92.4	84.8	65.6	57.6	52.4	46.8	46	49.6	48.4	48.4	61.2	88	86.4	75.6	67.6	56.8	54.8	59.2	61.6	64	68.8	84	100	112.8	123.6	134.4	146.8	160.4	172.8	182	185.2	189.2	189.6	178	157.6	138	119.6	91.6	62.8	54.8	58.8	48.8	42.4	40	36.4	50.8	61.6	65.6	79.2	94	106	117.6	140.4	189.6	226.8	213.6	176	185.2	239.2	308	362.8	413.6	447.2	482.8	490.8	478	476.4	491.6	510	506	498.8	490.8	487.6	483.6	482.8	480.4
510	510	510	510	510	510	510	510	510	510	510	510	506	478.8	466	459.6	438.8	426	401.2	378.8	379.6	373.2	372.4	337.2	300	280	271.2	239.2	157.2	120.4	96.4	73.6	73.6	88	75.6	69.6	90	117.6	152	176.4	196.8	238.4	281.2	294.8	294.4	289.6	276	259.2	246	229.6	214	195.2	178.4	159.6	151.2	160.8	166.8	174.4	186	193.2	198.8	204	199.6	191.6	191.6	192	184	172.4	165.6	160.4	156.4	150	149.6	152	147.2	139.6	135.6	129.6	126.8	126.8	122.4	130.4	143.6	154.8	163.2	167.6	168.4	181.6	204	218.8	243.2	286.8	330.8	374	407.6	416.8	418.8	426	416.4	391.2	344.8	294.4	255.6	234.8	212.4	186.4	162	134.8	126.4	123.6	116.4	108	101.6	89.6	83.6	93.2	96.4	101.2	110.4	117.2	118.4	108.8	102.4	96	86.4	85.2	89.2	83.6	83.2	90.8	107.2	110	101.6	94.8	88.8	83.6	82.4	79.2	72.8	65.6	72.4	90.4	107.6	123.2	135.2	147.6	160.8	179.2	190.8	196.4	196	195.2	184	169.2	145.6	124.8	95.6	63.2	52.8	53.6	50.4	42	41.2	48.8	65.2	74	74.8	72.4	68	78.8	95.2	118.4	157.6	210.8	234	205.6	197.2	236.8	302.8	399.2	477.2	474.8	468	474	493.2	502	489.2	500.4	508.8	496.4	508.4	507.6	510	510	501.6
510	510	510	510	510	510	510	510	510	510	510	510	501.2	466	490.8	482	449.2	442.8	399.6	382.8	384.4	391.6	410	374	330	291.2	274	227.6	152.4	116.8	88.4	76.8	73.6	91.6	100.4	98.8	114	140	164.4	180.4	198	239.2	290	308.4	306.4	306.4	297.2	283.2	269.2	249.6	225.6	209.6	195.2	190	183.2	180	191.2	199.6	206.8	209.6	220	229.6	220.8	212.4	208.4	200.8	194.8	188	183.2	176.8	167.2	160	156	154.4	150.8	147.2	144.8	139.2	141.6	145.6	139.6	141.2	151.6	154.4	172.4	182.8	197.2	215.2	221.2	223.6	247.2	290.4	333.2	366.4	395.6	407.6	403.2	409.2	395.6	372.8	339.2	292.4	258	240	230.4	209.6	185.2	154	138.4	131.6	128	128	126.4	116	113.2	125.2	125.2	127.2	136.4	139.6	144.8	146.4	143.6	144	149.6	152.4	158.4	146.4	142.8	141.6	142.8	138.8	126.8	127.2	129.2	125.2	118	107.2	97.2	91.6	88	94.4	110.4	130.8	143.6	158	178.4	191.6	198	203.2	204	202	192	176.8	154.4	129.6	102.4	68	54	54	49.6	40	41.6	49.2	64	74	78.8	67.6	64	79.6	92.8	109.6	147.6	189.2	211.6	208	210.4	241.2	342	472.8	507.6	478.8	461.6	471.6	488.4	507.6	499.6	502	508	499.6	502.4	497.6	510	510	508.8
510	510	510	510	510	510	510	510	510	510	508	510	500.4	459.6	497.2	505.2	470.8	454.4	409.2	386.8	388.4	399.6	415.2	391.2	350.4	299.2	269.6	174.4	124.4	102.4	88.4	82.8	80	88.4	109.2	117.6	128.4	144.8	166.4	183.2	200.8	246.8	294.8	308.8	304	296.4	291.6	282	272.8	254.4	238.8	227.2	216.8	214.4	215.2	216.8	221.6	228	228.8	224	224.8	230	228.8	222	217.6	215.6	203.2	198.4	190.4	178.8	174.4	171.2	162.4	156.4	152.4	144	143.2	142.8	146.8	157.2	158	156.8	163.2	171.2	183.2	200.8	221.2	234.4	236.8	234.8	258.8	297.2	334	362.4	385.2	401.6	397.6	402.4	390	361.2	328.8	287.2	257.2	236.8	228	213.6	199.2	177.2	160.4	144	133.6	132.8	125.6	125.6	126.4	120	117.6	123.2	127.6	132.8	138.4	145.2	146.8	146.4	153.2	163.2	174	157.2	145.2	145.2	149.6	145.2	138	142	147.6	147.2	140.8	138	129.6	123.2	121.6	122	132.8	150	168.8	185.6	192.8	200.4	207.2	212	213.2	207.2	196.4	183.6	162	133.6	104.4	70.8	53.6	52.4	48.8	42	46	53.2	64.4	72.8	64	52.4	57.2	75.2	88.4	104	131.6	172	190	209.6	242.4	252.8	307.6	430.8	466	471.2	479.2	484.4	478	484.4	494	508.4	510	509.2	488.8	474	490.8	502.8	497.2
510	510	510	510	510	510	510	510	510	510	510	510	490.8	502	510	509.2	500.8	446.4	413.2	401.2	410	442.8	440	393.2	342	297.2	263.6	169.2	126.8	101.2	88.4	84	83.6	92.4	117.6	138	161.2	168.8	170.4	186.8	203.6	238	277.2	290.4	288	281.6	276.4	276	274.4	270.8	267.2	258	245.6	238	232.4	228.4	220.8	225.2	229.2	227.6	232.4	234.8	237.2	238.4	239.2	232.8	226	218.4	213.2	206.4	197.6	188.8	171.6	158.4	150.8	149.6	145.2	148.8	157.6	168.8	176.8	185.6	188	202	228.4	244.4	258.4	256	238.8	238.4	263.2	306	350.4	378.8	398.4	416	417.6	418.8	400	357.2	316	275.2	255.6	245.2	236	229.6	222.4	212	190.4	173.2	153.6	144.8	134	131.6	129.6	127.6	128	130.8	137.6	142	148.8	155.2	154.4	155.2	155.2	156.4	153.6	157.6	157.6	157.6	165.6	156.8	152.4	155.2	158	159.6	160.8	164.8	162.4	153.2	146	144.8	148.8	158	178	196.4	202.8	210	214	215.6	218.8	212.4	202	187.2	168	142.8	114	77.6	55.6	52	48.8	44	46.8	53.6	64.8	71.6	63.2	54.8	61.2	78.4	88	101.2	119.2	156.4	190	222	269.6	285.2	356	439.2	461.2	471.2	484	485.2	470	478	490	498.8	502	497.2	482.4	472.4	479.2	487.6	479.6
510	510	510	510	510	510	510	510	510	510	510	510	494.8	509.2	510	498	500.8	467.6	434	415.6	410.8	448.8	458.8	425.2	368.4	307.2	204.4	139.6	118	104	99.2	94	94.4	108.4	129.2	151.6	173.6	171.2	173.2	190	208.8	256	292.8	299.2	295.6	290.4	287.2	289.2	289.6	290	288.8	281.6	273.2	265.6	258.8	255.6	250.4	242.4	230.4	223.2	227.6	230.4	229.2	232.4	234.8	233.6	226.8	218.8	212	202.4	191.2	182	173.6	168.8	164.4	167.6	176.8	182.8	186.8	190	204	220.4	224	237.6	260	278.8	279.6	269.2	251.2	249.2	262.8	297.2	343.2	384.8	406.8	418	410.8	410.8	414.4	364.8	313.6	271.6	248	239.6	233.2	231.2	232.4	233.6	220.4	198.8	178.8	166.4	159.6	150	145.2	140.4	139.2	139.2	144	147.6	150.8	155.2	156.8	161.2	161.2	161.6	160.8	168	172.4	171.6	174.8	167.2	164.4	168	168	173.2	177.6	177.6	183.6	184.4	177.6	170.4	172.4	184.4	190	198.4	209.2	215.6	220	225.6	223.2	221.2	212	194.8	173.2	149.2	117.2	78.8	58	50	48.8	47.6	51.6	63.2	68.4	62.8	63.2	58.8	60.8	76	88	96.4	110	148	210.8	242.4	288	325.2	406.8	488.8	504.4	499.6	481.2	453.2	443.2	475.6	498.4	460.4	445.6	457.2	471.6	486	499.6	504.4	494
510	510	510	510	510	510	510	510	510	510	510	510	506.4	510	510	504.4	508	501.2	487.6	440.4	464.8	499.2	489.2	444.4	385.6	321.6	201.2	148.4	127.2	108.8	105.6	103.6	103.2	118.8	139.6	166.8	194	180.4	178	195.6	213.6	264	311.2	319.2	318	312.4	304	299.6	303.2	297.2	292	281.6	278	274	274.4	269.2	266.4	259.2	238.4	229.6	226.4	221.2	207.6	196.8	194.4	190.4	186	178.8	177.2	175.6	174.4	177.6	182.8	183.6	192.4	204.8	216.4	225.6	231.2	238	248	256.8	263.2	275.6	293.2	300	284.8	260.8	246.4	248.8	267.6	302	341.2	383.2	405.6	422	413.6	408.8	408.4	368.4	323.2	273.2	243.2	241.6	236.8	232.4	241.2	248.4	245.2	237.2	220	203.6	193.6	182	165.2	152	146.8	141.2	140	147.2	154.4	156.4	161.6	164.8	171.6	180.8	179.2	186	185.6	186.4	190.4	186.4	187.2	191.2	190	192.4	189.6	189.2	195.2	212.8	213.2	202.4	201.2	208.4	211.2	216.4	219.6	226	231.6	234	228.8	222	219.2	199.6	178.4	154	123.2	89.6	63.6	51.6	47.6	46.8	52.4	68	68.4	64.4	70.8	69.6	68.4	78.4	84.4	87.2	96.4	126.4	197.2	241.6	286.8	352.4	446.4	487.2	504.4	504	483.6	446	435.6	464.4	486	458.4	436.8	462	484.4	495.6	506.8	509.2	508.8
510	510	510	510	510	510	510	510	510	510	510	510	510	510	510	509.2	510	510	498.4	454.8	484.4	505.2	492.8	452.4	414.4	312.8	182.8	145.6	127.6	117.2	121.6	124	118.4	128.4	130	159.6	194	178.4	180	200.8	222.8	276.8	320.4	321.2	320	318.8	311.6	306	302.4	298.4	296	296.4	294	298.8	294.4	285.6	288.4	279.2	278	276.8	270.4	258	238.4	228	226.4	224.8	219.6	222	224	226.8	234.4	230.8	229.2	232	238.4	250	254	263.6	275.2	277.2	289.2	296	298	301.6	308.8	312	290.8	266	257.2	260.4	272.4	304.4	343.6	392.4	416.4	428	416	414.8	422	377.2	326	272	238.8	232	226.4	228.8	243.6	249.6	252.4	252.8	243.6	234.8	228.4	215.6	200.4	188	177.2	167.6	164.8	170	173.6	178	176	174.8	180.8	187.2	194.8	199.6	199.6	197.6	198	195.2	198.4	204	204	200.8	200.8	203.6	210	225.6	233.6	228.8	220.4	221.2	230.4	236.8	241.6	245.2	244.8	245.6	244	235.6	229.6	209.6	180.8	155.6	124.4	89.6	63.6	50	47.2	54.8	60.8	77.2	74	72.4	81.2	81.2	79.2	84	87.2	85.2	92	110	167.2	236	286	344.8	436.8	458.4	462	466	462	450.8	432.4	440.8	447.2	467.6	466	462.8	478	483.6	469.2	469.2	490.8
510	510	510	510	510	510	510	510	510	510	510	510	510	510	505.2	508.4	510	510	507.6	482	510	496.8	457.6	448.4	446	344.4	195.6	150	137.2	128	132	135.6	132.4	132.8	138	188.4	209.2	185.6	181.6	203.2	219.6	273.2	321.6	322.4	322.8	320.4	307.2	300	301.2	307.6	314	316	309.2	301.6	300	303.2	304.4	308	310.4	307.2	306	297.2	290.8	287.2	288.4	282.8	276	281.2	280.4	277.6	282	278	270.4	268	270	275.2	287.2	302.4	308.8	307.2	308.4	316.4	317.2	317.6	316.4	302.4	280.8	258.4	251.6	262	282.8	309.2	348	388.8	413.2	425.2	418.4	419.2	415.6	375.6	332.8	277.6	240	230.4	225.2	232	248	254.4	254	257.6	258	258.8	261.2	258.4	240.8	230.4	218.4	203.6	189.6	179.2	176.4	175.2	172	172	174.4	174.8	176.4	175.2	177.2	176.8	175.2	178.4	181.6	184.8	188.8	195.6	202.8	216	228.8	227.6	237.2	249.6	248.8	245.6	244.4	239.2	244.4	250.8	253.6	249.6	247.6	240	226.4	208	186	161.2	131.6	94.4	67.2	50.4	49.2	55.6	63.2	80.8	80	79.6	89.6	92.8	89.2	85.2	80	76.4	82.8	102	159.2	246	298.4	382	461.6	455.6	459.6	463.6	466.8	454	433.2	435.2	441.2	465.6	466.8	454	462.8	468.4	459.6	460.4	475.2
510	510	510	510	510	510	510	510	510	505.2	500	509.2	510	502	492.4	504.8	503.2	510	510	486.4	510	499.6	464.4	462	468.4	358	209.6	164.4	161.2	149.6	150.4	146	142	140.4	151.6	197.2	209.6	184	180.8	201.2	226	288	317.6	318	322.4	319.2	304.8	303.6	315.6	326.8	328	328	316	306	319.6	321.2	316	323.2	326.8	324.8	322.4	321.6	329.6	333.2	326	323.6	318	317.6	317.2	319.2	316.4	306.8	308	310.4	310.4	305.6	318	335.2	338.8	334	328.8	326.4	320	319.2	317.6	303.6	280	259.6	255.6	266.8	286.4	313.2	359.6	399.2	413.6	418.4	414.8	414.4	409.2	368.4	327.2	279.6	239.6	229.2	227.2	228.4	244	258.8	260	266	270	271.6	280.8	288	282.4	274.4	259.6	247.2	232	217.6	206.4	197.6	196.8	193.6	201.2	208.8	206.4	204.4	208	211.2	211.2	214.8	214.8	213.6	216.8	224	233.2	243.2	253.2	245.6	241.2	255.2	263.2	259.6	254	250.8	251.6	253.2	254.8	250.8	247.2	241.2	231.6	216	192.4	164.4	133.6	96	69.6	49.2	50	64	74.4	86.4	84	89.2	97.2	100	94.4	90.8	84.4	78.4	82	99.6	153.2	248.8	298	358	423.2	428	430	443.6	454.8	447.6	435.6	446.8	446.4	453.6	477.6	472	460.8	467.2	490	493.2	477.2
510	510	510	510	510	510	510	510	510	504.4	505.6	510	510	498.8	494.8	505.6	499.6	508	509.2	504.4	510	510	505.2	510	497.2	382.4	226.8	179.2	170.8	150.4	154.4	149.2	143.2	137.2	168.8	219.6	211.2	189.6	185.6	204.4	224.4	275.2	313.6	322.8	324.8	322.4	328.4	330	335.2	336.4	328.8	324.4	327.2	331.2	336.4	340	344.4	342	344	354.4	350.8	348	352.4	356.4	366	362.8	352	349.2	346.8	353.2	361.2	361.6	364.8	369.6	366.8	356.8	353.6	358	357.2	342	330.8	328.4	320.8	325.6	316.8	288.8	265.6	251.6	254.4	278	298.4	325.6	361.6	392.4	410	418	413.2	409.6	391.6	363.6	329.2	290.8	249.2	230.8	231.2	236.4	249.6	258.8	266.4	268.4	275.6	276.4	287.2	297.2	302.4	307.6	302.4	293.6	286.4	280	275.6	256.4	242	235.6	228.4	227.6	226	214.4	212.8	221.2	226.8	232.8	237.6	245.2	254.4	258.8	267.2	267.6	265.6	269.2	266	257.6	253.2	260.8	262.4	263.6	265.6	265.6	263.6	263.2	250	238.8	228.8	215.6	194.8	171.2	142.8	102.4	75.6	57.6	55.2	70.4	78.4	87.2	89.6	94.8	103.6	111.6	100.4	92.4	83.6	71.6	80	105.6	151.2	241.6	294.8	372	422.8	419.6	434.4	446.4	450	450	437.2	448.8	451.2	462.4	488.4	482.8	470	468	493.2	494.8	478
510	510	510	510	510	510	510	510	510	510	510	510	510	510	510	510	507.6	510	507.2	501.6	510	508.4	494.4	508.8	458.4	375.2	268.4	190.8	187.6	167.6	162	155.6	155.2	146	173.2	232.4	218	195.2	194.8	201.2	229.2	291.6	320.8	328.4	326	332	340.8	338	338.4	338.4	329.6	330	339.2	347.6	353.6	364.4	369.2	368.4	371.6	369.2	376	382	383.2	389.6	392.8	389.2	382.4	376	371.6	376.4	382.8	388	386.4	384.8	389.6	387.6	382	371.2	363.2	345.2	328	319.6	317.6	322.4	312.8	288.8	266.4	254	260.8	280.8	301.6	331.2	363.2	388	409.6	412	401.2	401.2	391.6	362.4	326	293.6	250.8	227.2	225.2	231.6	249.6	260.8	270	269.6	278.4	286	293.2	301.6	311.6	318	325.2	326.8	322	315.6	304.8	295.2	291.2	285.6	275.6	270	262.8	252	246	246.8	247.6	252.4	260	268.4	274.8	276.4	279.6	281.6	275.2	277.6	280.4	274	261.2	261.6	270.4	271.6	271.6	272.8	264.8	263.2	256	244.4	231.2	216.4	200.4	176.8	142.4	100.4	75.6	58.8	60	84	86.8	96.4	105.2	104.8	105.2	112	106.8	94	88	77.6	84	127.2	174.8	229.6	277.2	350.4	419.2	423.2	441.2	457.6	455.2	468.4	454	443.6	446	457.2	474.8	478.8	462.8	442	435.6	450.4	459.6
510	510	510	510	510	510	510	510	510	510	508.4	508.4	510	510	510	510	510	510	507.2	500.4	508	498.8	490.8	505.2	453.2	382.4	281.2	203.6	185.6	174.8	166	152	152.4	149.2	198	243.6	225.2	201.6	203.6	203.6	223.6	289.6	324	332.4	334.4	337.6	341.2	336	337.6	336	341.2	354	362.4	363.6	368	374.4	379.2	379.6	386.4	387.6	392.4	397.2	399.2	399.6	398.4	402	398	390.8	384.4	381.6	386.4	392.4	394.4	389.6	391.6	388	382.4	370.4	363.2	351.6	330	320.8	319.6	319.2	303.2	282	268.8	263.6	270.4	286.8	312.8	338.8	364	387.6	403.2	408.4	404.8	402	376	340.8	312.4	292	262	234.4	230	238.4	257.2	271.2	270	268.8	276	284	287.2	294.8	310.4	323.6	336	344	346.8	342.4	338	336.4	340.8	337.6	328	326.8	329.6	318.4	314.8	312.4	306	302.8	310	308	306.8	308	308.8	308	300	290.8	292.8	288.8	287.6	281.2	279.6	276	274	272.4	270	268	261.2	248.8	234.8	217.2	199.2	181.2	155.6	113.2	82.8	66.4	62.8	89.2	94.4	102.8	111.6	116.4	114	117.2	112.8	96.8	89.2	82.4	95.6	150	196.8	250.8	313.6	362.8	424.4	418.8	430.8	450	462.8	476.4	470.8	459.6	453.2	453.2	465.2	471.6	462.8	443.2	434.4	447.2	454.8
510	510	510	510	510	510	510	510	510	510	510	510	510	510	506	503.2	510	510	509.2	505.6	505.2	502.4	506	497.2	438	379.6	289.2	209.6	195.2	195.6	183.2	170	162.8	153.6	201.6	247.6	232.8	217.2	209.6	205.6	240.4	307.2	321.6	330.4	331.6	334.4	335.2	335.2	341.2	343.2	348.8	362	368	371.6	375.2	376.8	378.8	381.2	388.8	394	396.4	404	407.2	405.6	406.8	405.6	400.4	398	392.8	391.2	393.6	400	408.4	406	402.8	394	383.6	373.2	363.6	348	329.6	322.4	320.4	315.6	297.6	278.8	268	267.2	275.6	293.6	318.4	345.6	370	393.6	400.8	404	409.6	404.8	378	340	305.2	285.6	267.2	244	237.2	242	253.6	271.2	274	273.6	278	285.6	288.8	296.8	310.8	322	339.6	347.2	352	357.2	354.4	348.8	352.8	352.8	355.2	351.6	346	345.6	344.8	340.4	334	332.4	340.8	339.6	335.2	325.6	327.6	324	313.2	302.4	290.8	288.8	290.4	288	286	283.6	280	277.6	274.4	268.4	264	254.8	238.4	222.8	203.6	186	158.4	115.6	88.8	71.6	75.2	98	106.8	114.4	119.6	120.8	118	120	119.6	112.4	106	104.8	119.6	171.6	218.8	282	352	397.2	454.8	448.8	429.2	444	471.6	482	471.6	465.2	469.2	462.8	468.4	477.2	464	466.4	477.2	474	455.6
510	510	510	510	510	507.6	510	510	510	510	510	510	510	510	496.8	496	510	510	506.4	506	505.6	508.4	510	496.4	442	371.2	302.4	205.6	187.6	200.8	188.8	181.6	170.8	172.8	234.8	253.6	240.4	230.4	222.4	213.2	238.8	305.6	322.8	323.2	325.2	334.4	332.8	336.4	348.4	352	356.4	361.6	362.8	374	378.4	378.8	380.4	380.4	385.6	391.6	396.8	400.4	402	404.4	408	408.4	402.4	402	396.4	394.4	400.8	407.6	412.4	408.4	396.4	390.4	384.4	378	367.2	351.6	335.2	326	319.6	313.2	288.8	274.4	270.4	275.2	283.6	304	321.6	345.2	372.4	395.6	398.4	398.4	404	390	360.8	330.4	301.6	289.6	274.4	255.6	244.8	245.6	259.6	274	271.2	272	276.4	278.8	286.8	294	310	322.4	335.2	353.6	364	373.6	374.4	369.6	371.2	374.4	376	372.4	372.4	372.4	370	368	366	361.2	361.2	357.2	354.4	352	343.6	332.4	324	324.4	309.2	287.6	280.8	286.8	290	292.4	292.4	286.4	278.4	269.6	261.2	256	242.8	227.6	209.6	192	170.4	125.2	93.2	76	77.6	100.4	111.6	120	126	126.4	125.6	126.4	128	126	128.4	146.4	188	234.4	292.4	370.8	418	436.4	444.4	445.6	432.4	435.6	470.4	474.8	456.4	448.4	456.4	455.6	458.4	478.8	469.6	470	476.4	476.4	464.8
510	510	510	510	510	510	510	510	510	506	497.6	498	510	502	494.8	503.6	510	510	510	507.2	504.4	510	498.8	493.2	433.6	356	306.4	198.4	178	199.2	196.8	197.6	195.2	180.8	232.4	260.8	248	232.8	240.8	236.4	259.6	312	322	322	321.6	330	330.4	339.2	350.4	353.6	354.8	360.8	362.4	372	375.2	376.8	379.6	383.2	385.2	390.8	396.4	399.6	403.2	403.6	410	413.6	409.6	405.2	410	413.6	408.4	405.2	405.2	410.4	404.4	393.2	390.8	386	369.6	354	334.8	317.6	314.8	306.4	286	277.6	274.8	282.4	298	310.4	321.2	336.8	363.6	388.8	395.6	398.8	399.6	383.6	357.2	323.2	296.4	282	272.8	257.2	247.6	242.4	254.8	269.6	270.4	274.8	277.2	274.4	284.8	298.8	310.8	327.2	344	360.8	369.2	375.6	382.8	383.2	384	382.8	386	389.2	388	384	375.2	376.4	377.2	370.8	368.4	370.8	370	365.2	357.6	344.4	328.8	326.8	319.6	296.4	286.4	288.8	290	292.8	294.8	286.4	278	271.6	262.8	255.2	246.4	230.4	214.4	194.4	172	130.4	93.6	86.8	90.4	108.4	121.6	129.2	135.2	134.8	134.8	141.6	147.6	143.2	146.4	161.2	197.6	244	309.6	396.4	429.6	440.4	456	468.8	458.4	423.6	423.6	436.8	444	442	450.8	449.2	442	452.4	471.2	497.2	495.6	477.2	484.4
510	510	510	510	510	510	510	506.8	510	510	500.4	502.4	510	500.4	498.8	508.8	510	510	510	510	502.8	497.2	491.6	491.6	428	355.2	292	176.8	164	181.6	183.6	192.8	189.6	197.2	252.8	260	248	232	242	247.6	256	307.6	322.4	321.6	324.8	334.4	339.2	343.2	347.2	347.6	348.4	356	361.6	370.4	375.2	373.6	377.6	382.4	384.8	390	395.6	400.4	402.8	402.8	411.6	416	414.8	412.8	410.8	412.8	410.4	402.8	400.4	406.4	408.8	402	395.2	392.8	371.2	354.4	336	319.6	312.4	297.2	283.2	273.6	271.6	281.2	297.6	307.6	317.2	338	362.4	385.6	391.2	396.4	398	386.8	364.4	335.2	304	283.6	279.2	264.8	252.4	246	253.2	261.2	262.8	270	270.8	273.6	283.6	298	316.8	336.4	352.8	367.6	380	385.2	386.4	387.6	390	390	389.6	391.6	393.6	387.2	377.2	375.6	381.2	376	374.8	382.4	383.6	376	366.8	355.2	340.4	333.2	323.2	314	303.6	297.2	291.2	289.6	292	287.6	280	270.8	259.6	251.6	240.8	228.8	216.8	200.4	184	149.6	100.8	83.2	87.6	100.8	115.2	131.6	139.6	133.6	133.2	150.4	175.2	210.4	248.4	263.6	276.4	297.2	336	395.2	437.2	456	476.4	482.8	463.2	426.8	413.2	425.6	431.6	436.8	454	457.2	443.6	446	466	489.2	494.8	472.4	480.4
510	510	510	510	510	510	510	510	510	510	510	510	510	510	510	497.2	510	510	510	507.6	478.8	474.4	500.4	498.8	440.4	362	306	188	158	168	167.2	180.4	178.8	193.2	250	255.2	228.8	208	215.6	265.2	294	308.8	322.4	326.8	324.4	332.4	337.6	341.6	343.6	341.6	343.6	346.4	358.8	369.2	372	372.8	370.4	371.6	382.4	394.4	400.8	407.6	408.4	406.4	411.6	417.2	419.2	418	418.4	420	414	408.4	406.4	408.8	412	411.2	394.4	388	369.2	345.2	332.4	313.2	301.6	294.4	279.2	268.8	269.6	276.8	293.6	306.4	318	335.2	354.8	375.6	391.2	398.4	400.4	389.6	369.2	346.8	316	293.2	283.2	265.6	254.8	252	253.6	253.6	256.8	259.6	259.2	263.6	272.4	294	311.2	330	353.6	369.6	380	381.2	384.8	391.2	387.2	384	385.2	386.4	389.6	385.6	380.4	378.4	387.6	383.6	380	380.8	378.4	371.2	366.4	357.6	344	338	327.2	318.8	311.6	305.6	295.2	285.2	283.6	284	274.4	269.6	258.4	248.4	240.4	230.4	220.8	203.2	189.6	161.2	111.2	106.8	92.8	81.6	94.8	111.6	128.4	127.2	132.8	152.8	192.8	242.8	278.4	282	272	284.4	309.6	376	416.8	434.4	456.8	464	458.8	453.6	448.4	432.8	424	440.4	447.6	456.4	448.4	436.4	442.8	443.6	454	471.6	482.8
510	510	510	510	510	510	510	510	510	510	510	510	510	510	510	510	510	510	507.6	496	478	486	490.8	496.4	462	378	306.8	189.6	152.8	149.6	149.6	158.4	171.2	202	254.4	242.8	218.4	208.8	218.8	260.4	291.2	304.4	320.4	327.2	329.6	333.6	330.4	330.4	336.4	337.6	339.2	348	357.2	364	372	369.6	369.6	374.4	377.6	386.8	398.8	404.8	402.4	402.8	406.4	410	416.8	420.8	426.4	422.4	420	412	409.6	414	411.2	397.6	382	359.6	343.2	328.8	310	292.8	279.6	271.6	261.6	259.6	260	273.2	295.6	313.2	322.8	338.4	355.6	372.4	380	392.4	397.2	388	372.4	348.4	326.8	305.2	284	264.8	256.8	256	253.6	251.6	248.4	245.6	250.8	255.2	263.6	281.2	295.2	319.6	342	362.8	378.8	385.2	385.2	385.2	388	386.4	381.6	384.8	389.6	391.2	388	385.2	386.8	386	378.8	379.2	375.6	371.2	369.2	364.4	350.4	339.2	325.6	318.8	311.6	306	300.8	289.2	280.4	279.2	270	260	250.4	245.6	237.2	227.6	223.6	208.4	197.2	185.2	133.6	94	76	75.6	78.4	102.4	125.6	128	130.8	184	278.8	300.8	295.6	286.8	274	276.4	296.4	351.6	401.2	416.8	440.8	448.8	452	461.2	458	436.4	445.6	458.8	462	453.2	455.6	454.8	455.6	450.4	460.4	478.8	490
510	508.4	507.6	508.4	510	510	510	510	510	510	510	510	510	510	494	510	510	510	496.8	480.8	494.8	506.4	510	510	482.8	372	302.8	195.6	156.8	160.8	156	154.4	155.2	180	239.6	234.4	204.4	192	236	294.4	297.6	302.4	314.4	319.2	322.8	326	330.4	331.6	331.6	336	336.4	341.6	353.6	359.6	368	369.2	370.4	376.4	381.6	388	391.2	388.4	390.8	401.6	404.8	412.4	413.2	407.6	407.6	412.4	414.8	414.4	413.2	411.2	402.8	394.8	378.8	354	322.4	306.4	299.6	276.8	260	252	250.8	254.8	261.2	275.6	296.8	315.2	325.6	338	350	371.2	388	399.2	400.4	387.6	369.6	354.8	331.6	302.4	277.2	259.2	252	246	245.6	243.2	243.6	243.6	244.8	249.6	256.4	274	294.4	321.2	340.8	356.8	365.6	373.2	390.4	386.4	386.4	387.2	384	389.6	393.6	388.8	386.8	386.8	383.2	381.2	382.4	385.2	378	366	361.6	354.8	341.2	330.4	315.6	308.8	308.4	296	292.4	290	280	269.6	263.6	257.6	251.2	241.6	232.4	230	228.4	216.8	200.8	181.2	144.8	130.4	88.4	66.4	81.2	100	120.4	128	126	188	265.2	284	284.4	279.2	266	262.4	289.6	365.2	411.6	412.8	427.6	442	451.6	463.6	461.2	437.6	431.6	446.4	448	453.2	441.2	439.6	463.6	460	461.6	486.8	498.8
510	510	503.6	508.8	510	510	510	510	510	510	510	510	508.8	510	498.8	510	510	510	496.4	487.6	502	510	510	510	479.6	375.2	286.8	192.4	161.6	162	159.2	155.2	156	189.6	239.6	231.2	207.2	196	241.6	293.6	294	299.6	314	315.6	317.6	318.8	318.8	324.4	328.4	332.8	332.4	338.4	351.2	360.8	365.6	366	369.2	375.2	380	384	388.8	384	388.4	402	406	412.4	413.2	407.6	408.8	412	414.8	413.6	399.6	391.2	378	356.8	347.2	330.4	302	281.2	276	268.4	256.8	246	245.6	246.8	257.2	277.2	300.8	316	327.6	342	354.4	372.8	389.2	394.8	394.4	390	376	366.8	349.2	314.8	277.2	259.6	252	242.8	242.8	243.2	237.6	232.8	233.6	234.4	239.2	258	277.6	302.4	327.2	346.4	354	372.8	388	388	384	388	387.2	389.2	391.2	386.4	385.2	384.4	382.8	384.4	384.8	382	381.2	366.8	356.4	349.6	330.4	314.4	297.2	294	296.4	290.4	282.8	281.2	275.2	269.6	259.6	251.6	247.6	235.6	228.8	228.4	230.4	226	210	196.8	156.8	132.8	102	73.6	75.6	94	118.8	127.6	132	236	276.4	263.2	269.2	258.8	244.8	259.6	299.6	368.4	425.2	428.4	433.2	443.6	455.6	468.4	462	437.2	436	437.6	435.2	448	437.2	431.6	449.2	446	451.6	472.4	481.2
510	510	510	510	510	510	504.4	509.2	510	508.8	510	504.4	492.8	504.4	510	510	510	510	508	510	510	510	510	502.4	478.8	384	293.6	201.2	173.2	173.6	167.2	160.4	155.6	180.8	219.6	222	213.2	226.4	275.6	293.6	290	301.2	308.4	312	312.8	315.2	315.2	321.2	326	327.2	330.4	339.6	346	355.6	362	362	365.6	370.8	375.6	386.8	390	390.4	394.4	407.2	412.8	414.8	414.4	413.2	413.2	412.4	407.2	404.4	394.8	382.8	372.4	352.8	336.4	317.2	291.6	277.2	270.4	272.4	262	255.2	251.6	252	256	279.6	303.2	317.6	330.4	346.4	362.8	399.6	430	417.6	401.2	396.8	408	396	349.6	313.6	284.8	262	250.4	236.4	236.4	236	236	237.6	236	229.2	228.4	245.6	267.6	292.8	315.6	330.4	342.8	371.6	387.6	387.2	386.4	389.6	388.8	389.2	387.6	385.2	384	383.6	384.8	383.2	380	378.8	378	371.6	358.4	342	329.2	315.2	298.4	290.8	287.6	285.6	279.2	275.6	270.8	266.8	259.6	248.8	238.4	232	229.6	230.8	230	225.2	212	201.6	184	145.6	116.8	93.2	81.2	94.8	116	124.4	118.4	220.8	273.6	279.2	282.4	262	250.4	264.4	299.6	377.6	433.6	464	487.6	455.6	442	444.4	448.4	439.6	437.2	438	441.2	453.6	461.2	450	436.4	428.4	419.6	435.6	442
510	510	510	510	510	507.6	504.8	510	510	510	510	498.8	484.8	506	510	510	510	510	510	510	510	510	508.4	506	484.8	398	271.2	207.2	183.6	180	169.6	170	161.6	186	216.4	214	213.6	231.2	277.6	294.8	294	299.6	307.2	309.2	308.4	310.4	315.6	315.6	318	324	324.8	332	337.2	349.2	358	362	365.6	369.2	374	384.8	391.6	394.4	395.6	401.6	408	412.4	412	409.2	406.8	404.4	394.8	386	380.4	367.2	354	334.8	318.4	304	284.8	295.2	307.6	302.4	288.4	281.6	275.6	264.8	269.6	287.2	301.2	318	338	354.8	379.2	396.4	435.6	434	406	400.4	403.2	400	356.8	313.2	290.4	267.6	251.6	244	244.4	249.6	256.4	257.2	252.4	238	222.4	230.4	251.2	276.8	297.2	314.8	334	357.6	378.4	376	374.8	388	390.4	388.8	389.2	387.6	386.4	386	383.2	379.6	378.8	380.4	372.4	370	354	334	327.2	312	300	289.6	279.2	279.2	277.6	267.2	258.8	256.4	250	239.6	232.8	230	228.4	230.8	230.4	228	216	205.2	188	144.8	120.4	102	82	95.6	114.4	122	138.8	247.2	271.2	277.6	285.2	283.6	270	271.6	297.6	374.4	428.4	468	496.8	462.8	438.8	432.4	438.8	441.2	441.2	439.6	444.4	456.4	471.6	468.4	443.6	427.6	424.4	428.4	433.2
510	510	510	510	510	510	510	510	510	510	494.8	486.8	493.2	490.8	502.4	510	510	510	510	506	505.2	502.8	501.2	502.8	502	448	305.2	223.2	197.2	185.6	177.2	174.4	166.4	190.4	225.2	209.6	214	231.6	273.2	297.6	292	295.6	304	306.8	308.4	308.4	312.4	310	310	318	320.4	323.6	329.6	343.2	356.4	362	365.2	370.8	374.8	377.6	384.8	393.2	393.2	392.8	398	401.6	405.6	400	398.4	396.4	387.2	374.8	366	352.8	334	316.4	300	288	281.2	296	307.2	301.2	295.6	293.2	290.4	278	278	294.8	303.2	314	331.2	355.6	381.6	406	428.4	418.4	402.8	396	391.2	390	346.4	316.4	296.4	274.8	255.2	247.2	244.8	253.6	260.4	264.4	263.2	252.8	230	220.4	236	260.4	279.6	298	315.2	336.4	354	365.6	380	378.4	384	386.8	388	390	385.6	382	377.6	372.8	373.6	372.8	364.4	361.6	350.8	330.8	317.2	308	301.6	289.6	282	275.6	270.4	263.2	255.2	249.6	244.4	238.4	232.8	229.6	226.8	230.8	228	225.2	220.4	209.6	196.4	147.2	118.4	117.6	107.2	96	98	113.2	136.8	242.8	275.2	274	282.8	292	285.2	278	298	367.6	421.6	417.2	434	467.2	469.6	456.8	444.4	450.8	448	439.6	444.4	448.4	454.8	468.4	477.6	480.8	459.6	438	435.6
510	510	510	510	510	510	510	510	510	496.4	486.4	472.8	497.2	500.4	496.8	510	510	510	506	490	488	497.6	502	510	510	435.6	287.2	226	202.8	202.8	186.8	174.8	174.8	202.4	226.8	214	217.2	246.8	280.8	293.6	290.8	294.4	300.8	300.4	307.2	307.2	304.4	308.8	306	315.6	316.4	320.8	332.4	339.6	347.2	352	362.8	369.6	368.8	375.6	384.8	388.8	390.8	386.4	394.8	398.4	388.8	380.8	376.8	372.8	367.6	349.2	337.2	330.8	314.4	296	282.8	278	294	311.6	314.8	306.8	305.6	302.4	286	280.8	287.6	299.6	299.2	307.2	324.8	352.8	379.2	402.4	418	401.6	390.8	394.4	391.6	358.4	331.2	302.8	289.6	276	262	253.6	256.4	258.8	266	272.8	271.6	264	240	220	228.4	246.4	264	279.2	295.6	313.2	328.4	348	357.6	365.2	372	378.4	379.6	384.8	383.2	378	374	368.4	367.6	366.8	349.6	347.2	338.8	323.2	306.8	295.2	290.8	285.6	278.4	273.6	263.2	256.8	250.8	240.8	237.6	237.2	232.8	228	227.2	232	228	227.2	222.8	214.4	203.2	158	121.6	108.4	93.2	94.8	101.6	114	144	239.6	283.2	283.6	289.6	292	282.4	277.2	301.2	376.4	432.4	432.8	438.4	456.4	464	451.6	448	454	459.6	453.2	435.6	436	450	444.8	460	466.4	449.2	435.6	441.2
506.4	504.8	510	510	510	510	510	510	490	480	497.2	510	510	510	510	510	510	490.8	490	482.8	480.4	504.4	510	510	495.6	446	284.8	226	219.2	222.8	198	182.8	176.8	198.4	228	225.2	224.4	248.8	287.2	297.2	286	288	296.8	298.4	303.2	305.2	300	300	300	305.6	309.6	317.2	326	337.2	339.2	342.4	358.8	362.8	369.2	374.8	377.6	377.2	380.8	374.4	377.2	382.8	380.8	373.2	364	360.8	348.8	336	320.4	303.6	295.2	284	275.6	270	279.6	294.4	297.6	309.2	322	312.4	292	283.2	286.8	294.8	288.4	292.4	308.4	331.2	353.2	369.2	374.4	373.2	375.2	374.4	354	336.4	314.8	292.8	280.8	277.6	258.4	248.4	250	260.8	272.4	273.6	267.6	264	246.8	223.2	221.2	237.2	254	266	287.6	308	320	333.2	341.6	343.6	350.4	366.4	375.6	373.6	370.4	373.2	368.4	360	363.6	366.8	344.4	331.6	328	314.8	296.8	283.6	287.2	285.6	275.2	267.2	260	256.4	244.8	232.4	233.2	232.4	228.8	225.6	224.8	227.6	226.4	225.6	221.6	214.8	210.4	157.2	120	118	103.2	92	98.4	129.2	157.2	233.6	291.2	290	300	302.4	292	289.2	324.4	403.2	438.8	444.4	460.8	476.4	457.6	440	446	447.2	446	436.8	410.8	423.6	433.2	426.8	422	436.8	462	454.8	466
504.8	507.2	510	510	510	510	510	508.4	499.6	493.2	508.4	510	510	510	510	510	506.8	485.2	488.4	480.4	495.6	503.2	508.8	498.8	494.8	448	285.2	229.2	222	229.2	212	195.2	183.2	208	233.6	227.2	232	248.8	285.2	300.4	294	290.4	291.2	294	297.2	294.8	293.6	289.2	293.6	300.8	303.6	310.8	314	327.2	333.2	333.6	344	352.4	356.4	364.8	362.8	360.8	360.8	352.4	353.6	355.2	351.6	345.2	343.6	339.2	327.2	313.6	302	291.6	286.8	284.4	268	270	290	302	299.6	303.2	312.8	298	279.6	280.8	286	282.8	281.2	288.8	298	308.8	321.6	337.2	348.4	347.2	350.8	343.2	327.6	320.8	305.6	287.2	274	266.4	257.2	246.4	249.6	258.4	273.6	280	270.4	263.6	256.4	230.4	219.6	233.2	243.6	258	272.8	290.4	302.4	314.4	318.8	324	336	348.8	356	357.6	351.2	354	354.4	346.4	344.8	345.6	329.2	316	318.4	305.6	286.8	278.4	278	275.2	268	259.2	254.8	252.4	240	232.4	232	229.6	228.4	223.6	220.4	222.8	224.4	223.2	218.8	214.4	213.6	163.2	123.2	120.4	109.2	104.8	116.4	138.8	164	233.2	274.8	292	301.6	304.4	295.2	290.8	326	384.8	404.8	432	449.2	469.6	460.8	450	449.2	441.6	437.6	429.6	416	429.6	444	441.2	432.4	439.6	455.6	455.6	461.2
510	508.4	509.2	510	507.6	501.6	503.6	510	510	510	510	510	510	510	510	506	486	474.8	496.4	507.6	502.4	504.8	507.2	503.6	507.2	472.8	308.8	242	228.4	242.8	230.4	214.8	205.2	216.8	236	236.4	242	258.4	290	298	289.2	284	284.4	290.8	292	288.8	288.4	288.8	293.2	297.6	297.6	301.2	302.8	313.2	318.8	320.8	332	336	345.2	354.8	352.8	346.8	339.2	340	340.8	342.4	342.4	333.2	324	316	311.2	300.8	292	288.8	282.4	274.4	258	252.4	272.4	282.4	299.6	318	319.6	302.8	283.6	273.6	269.6	264.4	265.2	267.6	274	286.8	296	306	311.2	308.4	313.2	308.8	299.2	296.4	284.4	269.6	260	250	245.2	239.2	239.6	247.6	265.2	283.2	277.6	266.4	249.6	228.4	211.2	220.4	236.4	248	258	270	280.4	295.6	303.2	306.8	320	332.4	339.2	339.2	339.6	337.2	338.8	344.4	338.8	329.2	312.4	300	301.6	300	284.4	274.4	273.2	265.6	260.8	253.6	246.8	244.8	239.2	230.8	229.2	228	225.6	224.4	218.8	219.2	223.6	218.8	214.4	214.8	218.8	174	122.8	118.4	123.2	125.2	132.8	152.4	168	241.6	288.4	300.8	308	306.8	297.2	301.2	348.8	384.4	383.6	405.2	409.2	444	463.6	461.2	449.2	442.8	440	428.4	418	424.4	434.4	455.6	462.8	450	447.6	454	455.6
510	507.2	507.6	510	507.2	503.2	507.6	508.8	506.4	510	508.4	510	510	510	510	502	482.8	479.6	506.8	507.2	502.4	510	510	510	510	492	360.4	260.4	226	249.6	257.2	262.4	251.6	239.6	229.6	232	238	254.8	286.8	297.2	288.4	282.8	284	283.2	285.2	285.2	283.2	281.6	287.2	287.2	285.2	288.4	294	301.2	303.6	309.2	315.6	315.2	316.4	328	332.4	332	326.4	325.2	323.6	319.6	320.8	314.8	299.6	293.6	290	288	290.4	288.4	283.6	278	256	244.8	250	263.6	280.8	305.6	311.2	303.6	285.2	263.6	254.4	242.8	239.2	244.4	248	258	272.4	281.2	281.2	283.6	286.8	286	275.2	268.8	262.4	252.4	245.2	234.8	228.4	224.4	228.4	237.6	250	267.2	274.8	263.2	250	232	210	207.2	231.6	247.6	250.8	255.6	259.6	272	280.4	289.2	301.2	309.2	313.2	314.8	317.6	322.4	325.6	330.4	329.6	325.2	308	288	290	290.4	282	273.6	261.6	259.6	255.2	249.2	243.2	240.4	238.4	229.2	227.2	228.8	223.6	225.6	224	220	221.2	215.2	211.6	215.6	225.2	196.4	137.2	116	128	132.4	140.8	152.4	167.6	211.6	290	305.6	308	305.6	297.2	306.8	360.8	414.8	414.8	384.8	395.6	436	461.2	460.8	426	407.2	439.6	439.2	428.4	431.6	433.2	451.6	468.4	461.2	454	454.8	452.8
505.6	508.4	510	510	510	510	510	510	506.8	499.6	505.2	510	500.4	506	510	510	510	508.4	510	508	510	510	510	508.4	510	502.8	363.6	293.2	236.4	244.8	263.6	293.2	284.4	252.8	244	237.6	241.6	258.8	283.2	286	284.4	281.6	282	283.2	279.6	282	280.8	283.6	286.8	274	264.8	276.8	287.6	295.2	300	305.2	294.8	297.2	305.2	308.8	313.2	316.4	319.6	319.2	313.6	308	298.8	293.2	286.4	280.4	271.6	270.4	283.6	285.6	276.4	257.6	233.6	228.8	240	252.4	275.2	296.8	295.2	278.8	260.8	239.6	225.6	218.4	217.6	221.6	226.4	232.8	242.4	250.4	250	250	249.6	248.8	241.2	236.8	234	222.8	212.4	205.6	202.8	201.6	208.4	227.2	251.2	268.8	268	259.2	238	216	188.8	195.2	228	244.8	250.4	249.6	253.6	262.4	271.6	280	289.6	297.2	299.2	302	302.8	307.2	315.2	316.8	314.8	313.2	298	289.6	294	291.2	278	266.4	257.6	253.6	250	244	237.6	234	233.6	227.2	229.6	228.8	222.4	222.8	222.8	220.4	218.4	215.6	208.8	212.4	221.6	182	123.6	111.2	120.4	133.2	147.6	157.6	167.2	250	311.2	309.2	306	301.6	298.8	321.6	371.6	418.8	426.8	432.8	422.8	418.8	438	463.2	448.4	431.6	457.2	472.4	466	457.2	445.6	433.2	448.8	451.6	444.4	436	431.2
509.2	510	510	510	510	510	510	510	497.2	497.2	510	504.4	497.6	508.4	510	510	510	510	510	510	510	510	510	507.6	510	508.4	382	304.8	242.8	224.4	253.6	300	292.8	265.6	250	240.8	239.6	255.6	282.4	283.2	276.4	272.8	268	270	270.8	268.8	268.8	269.6	273.2	263.6	252.8	260.8	274	280.4	284	285.2	280.8	285.6	290.4	292.4	295.2	297.2	298.4	302	295.2	287.2	279.2	268.8	258.4	258	264	272.4	288	294.8	288	263.2	239.2	225.2	220.8	225.6	234.8	254.4	260	252.4	238.4	217.6	202	187.2	182.4	191.6	205.6	217.6	225.2	227.6	227.6	225.6	224	220.8	214.8	212.4	206.8	195.2	180.4	173.6	173.6	179.2	191.6	213.2	230.4	239.2	240.4	232	216.4	196.8	178.4	188.8	224.4	248.8	258.4	252.8	249.6	248	257.2	263.2	272.4	277.2	274.8	285.2	285.2	286	302	306	302.8	296	290	286	288.8	278.8	268	260.4	254	252.4	246	238.4	233.2	228.4	225.6	223.6	229.2	228.4	222.8	220.8	219.2	218.4	216.8	213.2	207.6	209.2	216	176.8	128.8	113.6	125.6	138.4	156	161.6	175.6	256.4	314.4	310.4	304.4	298.8	297.6	317.2	368	417.2	450	452.8	432.4	427.6	438.4	460	460.4	450	441.2	470.8	468.4	459.6	450.8	433.6	444.4	450	443.6	432.8	429.2
510	510	510	510	510	510	510	510	510	508	501.6	506	499.2	510	510	510	506	510	510	510	510	510	510	490	486.8	494.8	399.6	322.8	280.8	221.2	237.2	295.2	302	287.2	272.4	260.4	260.4	272	278.4	275.2	272.4	273.2	269.2	266	265.2	263.6	259.2	259.6	261.6	259.6	259.6	261.6	265.6	272	274	273.6	273.2	280.4	281.2	284.8	290.8	293.6	295.6	291.2	279.2	272	266	253.6	244.4	247.2	254.8	264.4	271.6	279.6	274.4	255.6	237.2	220.4	207.2	201.6	202.4	210.4	214.4	210.4	200	178.8	156.8	140.4	135.6	143.6	163.2	188.8	197.2	196.8	192.8	186.8	185.2	183.2	182.4	178	173.2	162.8	148.8	136.8	132.8	140	154.8	173.6	190.4	203.6	208	202.8	194	178.4	167.2	183.6	211.2	234	246.4	250.8	248.8	244.8	250	260	264.4	270.4	273.2	282.4	281.6	284.8	296	294	294.4	294.4	288.8	286.8	282.4	268.4	258.8	254	247.6	245.2	238.4	234	229.6	224.4	222.8	220.4	220.8	224.4	220.8	214.4	212.8	211.6	210.8	210.8	207.6	209.6	212.4	174.8	138.4	122.8	128	142	159.2	172.4	184	256.4	314.4	311.2	299.6	294	306.4	345.6	387.6	427.6	441.2	442.8	438	443.6	456.4	454.8	439.2	424.8	426.8	446	469.2	476.4	479.6	470.8	444.4	462.4	470.8	462.8	464.4
510	510	510	510	510	496.4	510	510	510	507.2	502.8	510	503.2	510	508.4	494	502.8	510	510	510	510	510	510	493.2	476.4	497.2	430.8	332.4	303.6	249.2	240	288.4	301.6	288.4	266.8	257.6	263.2	277.6	280.4	270	264.4	264	264.8	256	253.6	253.6	251.2	252	254.4	256.4	252.4	253.6	256.4	258.4	261.6	259.6	261.2	266.8	267.2	266	268	275.2	272.8	266.4	256	244	237.6	232.8	230	237.2	262.4	281.2	281.2	277.6	262.8	246.8	234.4	225.6	210.4	188	172.4	162.4	156	151.6	142.8	134.8	126.8	119.2	112	115.6	131.2	150.4	164.8	167.6	161.6	156.4	150.4	147.2	147.2	148	145.2	136	124.8	114	115.2	114	115.2	120	126.8	138.4	147.6	152.8	156.4	163.2	175.2	191.6	213.2	234.4	241.2	246	252	245.6	238.8	237.2	242.4	253.2	260.8	263.6	266	268.8	277.2	284.8	287.2	283.2	278.4	276.4	270.8	257.6	251.2	247.2	239.2	237.6	230.8	224.8	224.8	221.6	221.6	219.6	220.8	220	218.4	215.2	214	213.2	212.8	210	209.6	209.2	206.8	173.2	148.8	142.8	142.4	154	163.2	167.2	196.4	277.2	308	283.2	292	291.6	309.6	357.2	388.4	432.4	443.6	438	436.4	438.8	450	451.6	438.8	427.2	426.4	436.4	462.8	474	480.4	474.8	455.6	467.2	474	463.6	466
502.8	510	510	510	510	510	506	510	510	510	510	510	510	507.6	494	499.6	510	510	508	510	510	510	508.4	465.2	463.6	509.2	477.2	364.4	326.8	286.4	244.8	267.2	284.4	286	264	253.6	262.4	276	278.8	270.8	266	262	261.6	250.8	248	251.2	250.8	246	245.6	244	243.6	250	251.2	250.4	250.4	250.8	252.8	255.6	259.2	258	263.2	262	254.4	249.2	244.4	235.6	229.2	226.8	228.4	237.2	258	270	272.8	268.8	255.6	240.8	226.8	217.6	212.4	192	163.6	142.4	118.8	100.8	87.2	80.4	80.4	84.8	91.2	99.2	110.8	120.8	134	142	139.6	131.2	124.4	122	126.4	127.2	123.2	102.8	84.4	82.8	84.4	86.4	88.8	88.8	92	98	110	124.4	134	156.8	182.4	195.2	210.8	223.6	234.4	242	249.2	242.4	231.2	228.4	231.6	238.4	243.6	254	259.6	264.4	265.6	268	273.2	270.4	263.2	256.4	251.6	246.4	242.4	238.8	230.4	230.8	224.8	218.4	218	215.6	218.4	216.4	216	217.2	218.4	216	213.6	213.2	213.6	209.6	208.8	206.4	202.8	178.8	157.2	148.8	149.6	159.2	161.2	163.2	195.6	276.4	304.8	269.6	262	292	326	357.6	417.2	460.4	454.8	441.2	438	444.4	448.8	457.2	460	439.2	417.6	411.6	423.6	431.6	454	463.6	451.6	447.6	443.6	443.6	451.6
500.4	510	510	510	510	510	508	510	510	508.4	510	510	510	510	506.8	510	510	507.2	507.6	510	510	508.4	497.6	458.4	466	510	490.8	401.2	338	303.2	277.2	280.4	271.2	285.6	270.8	258.8	264.8	275.6	275.2	267.6	258	254.8	256	246	242.8	245.6	242.8	242	238.4	238.4	236	237.6	242.8	241.2	237.2	240	242.4	242.8	242	239.6	240	240	232	226	221.2	213.6	212	223.6	239.2	260.8	272.4	268.8	261.2	253.6	242	226	217.2	212	212.4	197.6	163.6	137.2	116.8	92.8	76	59.2	52	53.6	69.6	82.8	94.4	103.2	110	115.2	117.2	110	103.6	102	107.2	108	100.8	81.2	62.4	53.2	51.2	55.6	60.4	63.6	66.4	72	82	98	127.2	167.2	182.8	190.4	198.8	204.4	210	220.8	238	241.6	232.4	228	224.8	224.4	226	233.6	243.2	253.2	260	257.2	254.8	254	246.4	237.6	231.2	230	230	224.8	221.6	220	215.2	210.4	211.2	213.2	213.6	212.8	214	215.6	219.6	215.6	214.4	212.8	211.6	208	203.6	202.4	204.8	202.4	186.8	162	157.6	160.8	159.6	166.8	228	303.2	301.2	288.4	260.4	295.2	334.8	356.8	420.8	463.6	465.2	463.6	450	448.4	458	465.2	470.8	448.8	428	427.2	423.6	432.4	463.6	469.2	454.8	447.6	438	435.6	430
510	510	510	510	510	510	501.2	504.4	508.4	506.8	510	510	510	510	510	499.6	493.6	502.8	495.6	496	493.2	488	485.2	472.4	496.4	510	510	459.6	379.6	323.2	295.2	292	276.8	276.4	284.8	276.8	268.4	276.4	280.4	277.2	269.2	260.8	254.8	251.6	243.6	238.4	238.4	234.4	232	233.6	231.2	234	236.8	232.8	230.8	232.4	233.2	234	233.6	230.4	221.2	222	222	214.8	211.6	206	204.8	214	227.6	234.8	250.4	261.6	262	252.4	240	232	222	212.4	211.2	211.6	194.4	158.8	128.8	94.8	65.2	50.4	50.4	52	53.2	66	86	96.8	100.4	103.6	102.4	96	90.4	89.6	90.4	88	80.4	68.8	61.2	52.8	44	42.4	47.6	55.2	62.4	65.2	70.8	90.8	126.8	159.6	184	194.4	198.8	203.6	208.8	211.6	222	234.8	237.6	228	219.6	214.4	212	220.8	231.2	240	243.6	244.8	242.8	236.8	232	226.8	224	219.6	217.6	214.8	211.2	210.8	207.6	204.8	206.8	207.2	210.8	211.6	210.4	211.6	214	216	216.4	210.8	212	210.4	207.2	209.2	210.8	210	203.2	183.6	170.8	169.2	164	164.8	186.4	237.2	289.2	291.2	290.8	306.4	342.4	373.2	416	442	445.2	459.2	450.8	439.6	454.4	474.8	472.8	457.2	440.8	431.6	435.6	436.8	447.6	460.4	441.2	453.2	446	442	438
510	510	510	510	510	510	502.8	510	510	510	510	510	510	510	510	491.2	494.4	508	504.8	501.2	482.8	489.2	486	477.2	507.6	510	510	479.6	383.6	341.2	323.2	296.4	273.2	268.8	269.6	266.4	267.6	279.2	282.4	276	267.2	260	252.8	246.4	236.4	227.6	227.2	227.6	225.2	226.4	227.6	231.2	234.4	228.8	225.2	219.6	215.6	214.4	212.4	208.8	197.2	194	194.4	191.6	190.4	201.6	220.4	243.6	264	262.8	260	264	249.6	236	224.4	218.8	215.2	210	208.4	210	197.2	166.8	142.4	111.6	76	60	54.4	55.6	58	60.8	73.2	84.4	92.4	92.4	91.2	86.8	83.2	82.8	78.8	72	64.4	57.2	54	52.4	47.2	44.4	47.2	56	63.2	71.2	82	109.2	152.4	178	184.8	190.8	197.2	204.4	212.4	224	232.4	239.2	237.6	227.2	211.2	206	209.6	210.4	220	223.6	224.8	225.2	228	227.2	220.8	218.4	218	218.8	213.6	206.8	204.4	204	201.6	198.8	201.6	204.8	205.2	207.2	208.4	206.4	207.2	208.4	210	210.4	210.4	207.6	203.2	210	214.4	210.4	196.8	180.4	177.6	180	175.2	185.6	237.2	270.8	288.4	296.4	305.6	316	342.4	388.4	436	441.6	441.2	455.2	452	436.4	444.4	463.2	468.4	464	450.4	435.6	430	430.8	432	442	439.6	446	443.6	438.8	443.6
510	510	510	510	510	510	510	510	510	510	510	510	510	510	510	494.8	508.8	510	510	510	499.6	510	510	510	510	506.4	494.4	503.6	417.6	352.4	334.8	307.6	296.4	296.4	289.2	266.8	270.4	286.8	290.8	287.6	279.6	261.6	250	244.4	232.8	223.6	221.2	221.2	219.6	221.2	224	228	228.8	225.6	220.8	214	206.4	204	200.8	196.4	189.6	183.6	182.8	180.4	186	198.8	218.8	238.4	253.6	256.4	258.8	256.4	246.4	235.2	225.6	221.2	216.4	213.2	213.2	210.4	206.4	184.4	149.2	120	89.6	70.4	64.4	63.6	61.2	66	73.2	76	77.6	77.6	76.8	73.2	73.2	75.2	70	65.6	63.2	60.4	60.4	58	55.6	52.4	49.6	54.8	62	69.6	91.2	132.8	168	184.8	190	193.6	202	207.6	213.6	222.8	232.8	238.8	236.4	231.6	213.2	197.2	200.4	204	207.6	210.8	210	214.4	215.2	220	212.4	206	210	211.2	202.4	201.2	202.4	201.2	198.4	195.6	199.2	201.2	199.2	202.4	206.4	208.8	208	207.6	209.6	211.2	211.2	208.8	205.6	210	217.2	218.4	202.4	187.2	187.2	188.8	188	203.2	256	291.2	306	314.4	320.4	336	363.2	408.8	444.8	461.2	453.2	463.6	456.8	439.2	432.4	448	468.8	478.8	464.8	450.4	440.8	430	428.4	434	440	458.8	461.2	445.2	428
510	510	510	510	510	510	510	510	510	510	510	510	510	510	506.4	502.4	508.4	510	510	510	499.6	510	510	510	510	504.4	495.2	510	469.6	382.8	325.6	302	296.4	300	297.6	273.6	276	288	290	280.4	272.8	259.6	247.2	236	223.6	216.4	214	213.2	213.2	215.6	220	225.2	223.2	214.8	208.8	203.2	196.4	194	186.4	182	173.6	169.2	173.2	183.6	199.6	214	229.6	244	250	254.8	253.2	248	241.6	234.8	225.2	222.8	218	213.6	210.8	206	204.8	192.8	173.2	144.4	116	92.8	78.8	73.6	68.4	68.4	70.4	70	66.4	65.6	66	64	62.8	62	61.2	62.8	64.4	63.2	63.2	64.8	64.8	63.2	63.6	68.4	78.4	91.6	114	142.8	170	180.8	189.2	196.4	203.6	209.2	209.6	215.6	231.2	235.2	234	230.4	218	200.8	192.8	193.2	193.2	193.2	198.4	202.8	202.4	202	202	198.8	196.8	198.4	194.8	194	193.2	192.8	191.2	192.8	191.6	197.6	200.4	201.6	202.8	206.8	210.8	210.4	209.6	210.8	209.2	205.6	201.2	206	218.4	227.2	212.8	199.2	203.2	202.4	200.8	246.4	294.4	299.6	306.8	319.2	323.2	344.4	383.2	413.6	434	453.6	456.4	462	461.2	416	414.4	444.4	462.4	475.6	460.8	444	440	433.2	433.2	445.2	451.2	467.6	477.2	445.2	425.2
510	510	510	510	510	510	510	505.6	506.4	510	510	509.2	510	510	507.6	508.4	510	510	510	498.8	500.4	510	510	508.4	510	510	508.8	508.4	482	420	340.4	311.2	305.2	306	307.2	290.8	297.6	301.2	285.2	278.8	258.4	238.8	239.6	233.2	224	218	212.4	211.6	211.6	214.8	217.2	218.4	214	208.8	204.8	198.4	192.8	185.2	180	173.2	170.4	165.6	168	186	202.4	214.4	230	241.2	242.8	244.4	248	247.6	242.8	232.4	225.6	222	219.6	216.4	212	211.2	198.4	182.4	173.2	155.6	122.4	98	88.4	82.4	80.8	78.8	76.4	72.8	71.2	70.4	67.2	63.2	60.4	59.6	63.2	65.6	68	71.2	73.6	74.8	73.2	69.6	73.2	78	89.6	105.2	120.8	149.6	173.2	185.2	197.6	202.4	203.6	210.4	209.6	215.6	226.4	232.8	235.6	233.2	227.6	208.4	194	184.8	184	181.2	184.4	193.6	195.2	192.8	187.6	186.8	186	187.6	189.2	191.2	190.8	191.6	190	190	184	187.2	197.2	197.6	196	201.2	206.4	208.8	206	206.4	206.4	203.2	196.8	205.6	218	230	228.4	215.6	216	207.6	212.4	270.8	319.6	324.4	318	326	333.6	389.2	448.8	458	447.6	451.2	444.8	445.2	450.8	440.4	418.4	428.8	441.2	446	446.8	448	448	453.2	454	459.6	467.6	480.4	496.4	479.6	458
510	510	510	510	510	510	507.6	504.4	510	510	510	508.4	510	510	508.4	498.8	510	510	510	500.4	494.8	507.6	508.4	498.8	502.8	508.4	507.2	506.4	490.8	444.8	345.6	304.4	291.6	292	292	286.8	301.2	299.2	280.8	269.2	250.8	231.6	229.6	228.8	217.6	210	208	210	214	215.6	214	214	206.4	198.4	193.6	185.6	180	173.2	165.6	158.4	158.8	172.8	185.2	194.4	210.4	224.4	233.2	243.6	242	238	232.4	236	236	227.6	226	224.8	220	215.6	217.2	216.4	204.8	188	181.2	176.4	150	121.6	107.2	100.8	96.8	89.2	84	80	75.6	75.2	72.8	66.4	65.6	65.6	65.2	70.4	74.8	80.4	84.4	88	88	92	96	99.2	106.4	117.6	124	138.4	166.8	186.4	197.6	201.2	200	205.2	210.4	214.8	217.6	225.6	230.4	231.2	228.8	221.2	206.4	188	180	176	175.2	178.8	179.6	178	174.8	174.4	175.6	180	182	182	179.2	181.6	184	184	184.4	182.8	191.2	194	194	198.8	202.4	204.8	206.4	204.8	204	200.8	191.6	200	211.2	225.2	237.6	238.8	229.6	225.2	280.8	327.6	330.8	330.8	329.2	318.4	341.2	402	448	461.2	452.8	453.2	453.2	444.4	447.6	450.8	444.4	422	428.4	442	450.4	453.6	452	456.4	461.2	453.2	448.4	463.6	482.8	484.8	473.2
506	510	510	510	510	504.4	505.6	510	506	510	504.8	505.2	505.2	510	499.6	486.8	499.2	506.4	508.4	480.4	480.4	505.2	510	508	502.8	497.6	494	505.6	508.4	489.6	405.2	324.8	298.8	286.8	281.2	280.4	289.2	288.4	270.8	251.6	226	225.6	236.4	228	217.6	210.8	204.8	204.8	211.6	214.4	212.8	210.8	207.6	200.8	193.2	183.2	172.8	166.8	160	151.2	158	171.2	182.4	189.6	205.6	220.8	229.6	236.8	239.2	232.8	230	235.6	237.6	232	226.4	223.6	217.6	215.2	216.8	212	206	196	178	164	149.6	134	129.2	124.8	114	102.8	93.6	94.4	92.8	86.8	77.6	73.2	70.8	73.6	74.8	80	87.6	96.4	99.2	100.8	105.6	108.8	111.6	114.8	117.2	123.6	139.2	148	165.2	185.6	192.8	195.6	199.2	201.2	205.2	206	211.6	224.8	223.2	219.6	222	218.8	209.6	194	178.4	173.6	167.2	162.8	166	170.8	173.6	173.6	174.4	175.6	174.8	176.4	178.4	178.4	180.4	177.2	176.4	182.8	185.6	190.4	192.8	199.6	202	204	207.2	204.8	202.8	193.6	185.6	194.4	204.4	218	239.2	247.2	238.8	239.2	300.4	328.8	327.6	327.2	335.2	326.4	387.6	456.4	446	438	439.6	446	455.6	454	451.6	454	449.2	429.6	446	470.8	479.6	470.8	462.8	451.2	455.6	444.4	437.2	448	465.2	468.8	466.4
494.8	507.6	510	510	510	509.2	507.2	510	502	510	507.6	498.8	505.2	510	510	497.2	497.2	508	505.2	470.8	478.8	506.4	509.2	500.8	494.8	496	492.4	504.4	502.8	491.6	427.2	326	284.8	266.8	257.2	272.4	285.6	284	268	245.2	224.8	226	238.4	226	212.4	202.4	200	202.8	210.4	213.6	214.4	210	204	194	184	175.2	165.6	152.8	151.2	158.4	168.4	180.4	191.6	201.2	208.8	218.4	225.6	234	237.6	236.4	234	234	234.8	228	225.6	226.4	222.8	216.8	221.6	218.8	211.6	207.6	194.4	177.6	168	154	148	140.8	128.8	115.2	104.8	101.2	100	94	86	80.8	76.8	80.4	84.8	90	96.8	106.8	118.8	129.6	135.6	137.2	140	137.6	137.2	134.8	146.8	159.6	164	179.6	190	193.2	196	199.2	202	201.6	208.8	217.2	221.2	218.4	216	213.2	210	199.6	184	174.8	168	154.8	153.6	159.6	160.4	159.6	164.8	166	165.6	171.6	172.8	173.6	174.4	176.4	176.8	180.8	182.8	188.8	190.8	195.6	200	206	204.8	200.8	201.2	196	181.2	184	199.2	214.8	231.2	250.4	253.2	293.2	328.4	324.8	314	324.8	335.6	340.4	400	459.6	449.2	422.8	413.2	434	454.8	455.6	462	471.6	465.6	440.4	449.2	476.4	488.4	474.8	463.6	444.4	444.4	438.8	432.4	446.8	460.4	460	458
506.8	510	507.6	500.4	507.2	510	506	506	487.6	486	506	505.2	510	510	510	507.6	510	502.8	478.8	476.4	501.2	510	510	506.4	504.4	510	510	510	484.4	491.6	458.8	363.6	283.2	252.8	238.8	250.4	269.6	270.4	253.2	234.8	250.4	294.8	262.4	224	212.4	199.2	192	196	208.8	212	214.4	208.4	201.2	194.4	184.8	172.8	162.4	148	146	158.4	171.2	177.6	186.8	196.4	205.6	213.2	218.4	222.8	229.6	235.2	226.4	222.4	217.6	208	206.8	203.2	201.2	201.2	205.6	202.4	201.2	194.4	187.2	174.8	168.8	165.2	161.6	153.6	138	123.6	118	116.4	107.6	104.4	100.4	96.8	94	96.4	97.6	96.8	104.4	117.6	131.6	145.2	153.2	151.6	152.8	153.6	156	148	146.8	154	158.8	166	175.6	181.2	187.2	189.6	189.6	188.8	189.2	197.6	204.4	204.4	200.8	200	201.2	198.8	187.2	179.2	166.8	158	155.2	150.8	148.4	153.6	158.4	162	164.8	168.4	169.2	168.8	169.6	175.2	175.6	180	180.4	186	190.8	194.8	200	197.2	200.4	200	203.2	236.4	228	192.4	189.6	204	220.4	242.4	259.2	298.4	318.8	317.6	311.6	327.6	334.8	371.2	422.4	449.6	455.2	447.2	438.4	459.6	454	447.6	460.8	482	488.8	471.2	461.2	462.8	466.8	471.6	478.8	474.8	464.8	454.8	435.6	447.6	454.8	454.8	446.4
510	510	501.6	501.6	508	506	491.6	497.2	485.2	484.4	510	510	510	510	510	510	507.6	488.4	478	485.2	504.4	510	510	510	510	510	510	510	492.4	502	490	439.6	352	264	216.4	236.4	266.8	263.2	249.6	240.4	263.6	298.4	273.2	224	206.8	196.4	187.6	191.2	211.2	216.8	214.8	212	199.6	186.4	178	167.2	152	150.8	161.2	169.6	176.4	180	180.4	184	194	204	208.8	218.4	227.2	231.2	230.4	223.6	213.6	206.8	205.2	205.6	205.6	202.4	201.2	200	203.2	196.4	190.4	178.4	175.6	175.6	174	165.2	149.2	139.6	138	133.2	123.6	120.8	116.8	112.8	108.4	108	111.2	116	125.2	141.6	149.6	157.2	163.6	162	162.8	165.2	162.8	158.8	150.8	157.6	163.6	170	177.2	182.8	187.6	187.2	182.8	179.6	176.8	180.4	188.8	191.6	191.6	188.4	190.4	196.4	192.4	186.4	176	164.8	153.2	146.4	144	146.8	148	150	158.8	163.2	166.8	169.6	173.6	174	173.2	176.4	179.6	182.8	188.4	193.2	194	191.2	192.4	200	204.8	238.8	279.2	240	199.6	201.2	210.8	232.4	278.8	314.4	317.6	316.8	322.8	327.6	335.2	383.6	415.6	426.8	443.6	446.8	462	468	451.6	441.2	448.4	462.8	478	476	467.6	465.2	463.6	466	482.8	486	478	470.8	449.6	450	460.4	462	457.6
510	510	510	495.2	499.6	510	498.8	506	510	506	510	510	510	510	510	496.4	471.6	474.8	494	510	510	510	510	500.4	490.8	505.2	510	510	500.4	505.2	504.4	465.2	403.2	284	202.4	215.6	260	279.2	297.6	333.2	348.4	339.2	288	232	210	198.4	187.6	188.8	207.6	218.8	218	208.8	200.4	187.6	178	164.4	152.8	156.8	168	172.8	178	180.4	178	182	192.4	204.8	213.2	217.2	218.8	216.8	213.2	203.2	185.6	192.4	193.2	190.4	188.4	190.4	196	188.4	182	178.4	175.2	173.2	176	179.2	185.2	175.6	159.6	157.6	160	153.2	145.6	138.4	129.6	122	120.4	122.8	131.2	137.2	146.8	160.8	164	167.6	172.8	172.8	170.4	167.6	165.6	160.4	158.4	162.4	167.2	170.8	174.4	174.8	174.8	168.4	166.4	167.2	167.2	168.4	176.4	172.8	174.8	174	180.4	186.8	188.4	183.2	174	163.2	154.8	145.6	142.4	146	149.6	150.4	153.2	159.2	163.6	169.2	175.2	173.2	173.2	178	177.6	182	186	184	187.2	193.6	198	200.4	219.2	259.2	299.2	301.2	247.2	210.8	204.4	218.4	259.6	299.6	312	317.2	316.8	333.6	374.4	440	456.4	454.8	477.6	454.4	448	463.6	454	437.2	438.8	442	455.6	464	460.8	448.8	450.4	438.8	450	457.2	454.4	466	465.6	455.6	462.8	471.6	478
510	510	510	496.8	504.8	510	508.4	504.4	508.8	504.4	510	510	510	510	510	491.6	472.4	482.8	500.4	510	510	510	510	491.6	497.2	510	510	510	497.2	498.8	502.8	478.4	411.6	264.4	194	214	281.2	299.2	319.2	351.2	351.6	350.4	322.4	250	210.8	202.4	194.8	196	212	218.4	213.6	210	203.2	192.4	180	166.8	168.4	178	182	180.4	176.4	169.2	163.2	168.8	184.4	195.6	204.8	211.2	217.6	218	214.4	202.8	190.8	192.4	196	193.6	193.2	194	192.8	190	186.4	179.6	181.2	181.6	187.6	192.4	196.8	193.2	185.6	177.6	178.4	174.8	164.4	161.2	152.4	137.6	136	149.2	162	175.2	180.4	191.2	198.8	194.8	193.2	187.2	177.6	173.2	170.8	168	165.6	168	167.2	169.6	173.6	171.6	167.6	167.6	167.6	164.8	160.8	162.4	166.4	166	163.2	161.2	166.8	178.8	185.2	186	181.6	174	171.2	159.6	145.6	140.4	144.8	151.6	154.4	162.4	164.8	167.2	171.2	174.8	176.4	177.2	178	177.2	180	183.2	184	191.6	193.2	198.8	219.6	254.8	279.2	288	264.4	229.2	206	211.2	267.6	298.8	310.8	315.6	317.2	343.2	390.4	440.8	463.2	461.2	476.8	452.4	433.2	454.8	460.4	441.6	448.4	447.6	451.6	458.8	458	443.6	437.6	433.2	438	445.2	445.6	468.8	480.4	462.8	464.4	472.4	471.6
506	505.2	502	496.4	510	510	502	491.6	506	510	510	510	510	510	510	510	510	510	510	510	510	510	506	494.8	509.2	510	508.4	498.4	504	508.8	500.8	502	478.8	371.6	320.4	317.2	369.2	356.4	369.2	369.6	360.4	352.4	336	254.4	218	209.2	196.8	195.6	208.8	218	213.6	213.2	209.6	198.8	190.8	176.8	176	184.4	183.2	181.2	174	166.4	163.6	167.6	177.6	190.8	194.8	200	201.6	196.8	189.6	185.2	181.6	184	186	186.4	185.6	186	182	173.6	165.6	170.8	176.4	179.2	183.2	187.2	197.6	197.6	198.4	189.2	182	183.2	176.8	170.8	160.8	148.8	141.6	152.4	168.8	178.8	187.6	201.6	204.8	202.4	200	194	182.4	178.8	175.6	170.4	170.8	177.6	172.8	163.6	169.6	166.8	164.4	163.6	160.8	155.2	149.2	152	154	152	152.4	156.8	161.6	172	180.4	184	187.2	181.6	179.2	169.2	151.6	140.4	138.8	145.6	150	162	166.4	168	167.6	174.8	178.8	180	174.8	175.6	175.6	180	184.8	187.2	191.6	198	242.4	280.8	280.8	281.6	267.6	272.8	276.4	279.2	329.2	354	356.8	353.2	373.2	426	449.2	443.6	453.2	442.8	447.6	449.6	432.4	422	448.4	449.6	458	453.2	444.4	442.8	449.2	438.4	432.8	443.2	443.6	442.8	442.4	467.6	474	452.4	458	470.8	469.2
510	505.6	499.6	498	510	510	495.6	493.2	506	510	510	510	510	510	510	510	510	510	510	510	510	510	499.6	493.2	504.4	510	510	504.8	507.6	510	506	499.6	421.2	347.2	323.2	312.8	359.2	351.2	364	367.2	362.4	352	341.6	276.4	225.2	216.8	204	202.4	210.4	216	214	212.4	213.2	210	202.4	196.8	207.6	211.2	202.4	189.2	176.4	165.2	157.2	158.8	164.4	178	188.4	195.2	196.8	187.6	178	173.2	164.4	167.6	172.8	171.6	173.2	168	165.2	158.4	143.2	141.6	148	148.4	154.8	155.6	167.6	183.2	188	187.6	186	191.2	195.6	196.4	197.6	194.8	192	196.4	197.6	195.6	196.8	200	202.8	199.2	192.8	186	185.2	181.6	178.8	176.4	170.4	170	173.2	163.2	159.6	160	159.6	164.8	157.2	152	149.2	146.4	146.4	146.4	146.8	153.6	163.2	170.4	178.4	186.4	185.6	185.6	187.2	183.2	168.4	145.6	141.2	150.4	156.4	164	172	175.6	179.2	181.2	178.8	179.2	177.2	176.4	178	176.4	180.8	185.6	188.8	198	248	289.2	288.4	275.6	248.8	257.6	296	375.6	387.2	375.2	376.4	380.8	409.2	446.8	457.2	444.4	450.8	453.2	450	455.6	440.4	402.4	427.2	446.8	453.2	454	442	437.2	446	428	423.2	448.8	450	442	414.8	425.2	455.6	456.8	467.2	473.2	480.4
507.2	507.6	510	510	510	510	510	510	510	510	510	508.8	510	506	508.4	502	499.2	510	510	510	510	506	482	499.6	502.4	505.6	510	510	510	510	510	494.8	407.6	352.4	340.4	328.4	355.6	378	367.2	366	365.6	354.4	341.6	272.4	228.4	224.4	210.8	205.6	208.4	213.6	212.8	213.6	216.8	218.8	211.6	210	223.6	230	220.8	203.2	183.2	168.8	160	153.2	156.4	165.2	170	169.6	165.6	154.8	147.6	143.6	144.4	149.2	153.2	157.2	156	150	144.8	138.8	129.6	129.6	138	140	138	142.4	150	158.8	166.4	171.6	175.6	183.2	193.2	200	202.8	201.6	202.8	203.2	199.2	189.2	186.4	188.8	184	184	182	180.8	178	173.6	173.2	167.2	162.8	166.4	166.4	162	157.6	152	150.8	158.8	152	144	135.6	134.4	138	137.6	136.8	142.4	148	160	172	180	182	186.8	187.2	181.2	175.2	154	144.4	154	159.6	165.2	170	177.6	182.4	181.6	181.6	178.4	176	175.2	173.2	176	182	186.8	190.4	205.6	273.6	313.2	310.4	297.2	266	258.4	287.2	363.6	381.2	388	423.2	445.2	440	438	475.2	472	455.2	465.2	462.8	466.8	469.2	430	420.4	449.6	450	458.4	451.6	457.2	470.8	465.2	454.8	472.4	474	449.2	419.2	432	451.6	439.6	447.6	459.6	468.4
510	510	510	510	510	510	510	510	510	510	510	510	510	510	510	500.4	508.4	510	510	510	510	507.6	498	507.6	508.8	507.6	510	510	510	510	510	456.4	374.8	348.4	344.8	348	362	379.2	364.8	365.2	362.8	356.8	345.2	295.2	238	227.6	220	210.8	211.2	216.4	216	224	231.2	237.6	238	244.8	254.4	252.4	236.8	215.6	189.6	171.2	156.4	148.4	148.4	154	153.6	146.8	136	122.4	112.4	108.4	116	125.2	125.6	128.8	127.2	126.4	124	117.2	108.4	110	117.6	122	121.2	123.6	129.2	126.8	128.8	138	139.6	140	148.8	158.8	162.8	159.6	161.2	159.2	152	148.4	142.8	140.4	141.2	142.8	144	146.4	147.2	144.4	144	142	141.2	146	146.4	146.4	146	149.2	149.2	148	148.8	139.2	132	127.6	128	129.2	131.2	132	136.8	147.6	160.4	172	180.8	188.4	196.4	196.8	192.8	174.4	158.4	162	172.4	181.6	183.2	182.8	185.6	180.4	175.6	179.2	175.6	172.4	170	176.8	180.8	185.6	193.6	204.8	270.4	312	310	284	296.8	337.6	359.6	371.6	382	393.6	434.4	456	446.4	440	453.6	461.6	446	448	448	464	474	459.6	429.2	450.8	450	451.6	457.2	466	483.6	463.6	446	479.6	483.2	462	437.2	442.8	453.2	444.4	441.2	446	451.2
502	510	510	510	510	510	510	510	510	510	510	510	510	510	510	510	510	510	510	510	510	507.6	510	510	510	510	510	510	510	510	510	443.6	368.4	348.4	336.4	358.8	382	406	359.6	349.6	361.2	360.8	348	278.8	242.4	232.4	217.6	213.2	213.2	215.2	214.8	224.8	233.6	241.2	248.4	258.8	264.4	262	246	222	196.4	177.2	160.4	147.2	143.2	142	134	114	100	96.8	90.4	94	106.4	106.4	108.8	111.2	109.6	109.2	106.4	100.8	101.2	100.4	103.6	108.4	112.4	115.2	122.8	121.6	114	115.2	117.2	126.8	138	139.2	142.8	143.2	140.8	135.2	128.8	124.4	116.4	116	119.6	124	126.8	130	131.2	136	132.8	129.2	127.2	132.8	136	138.4	135.6	134	142.4	144	142.4	134.4	128.4	120.8	119.6	120	119.6	124	126	134.8	150	162	178	189.2	197.6	199.6	196.4	190.4	170.8	164.4	178.4	186	185.2	186	182.8	175.6	176	176.8	174.8	170	169.6	172	178	183.6	190.8	212	271.2	298.8	296.8	258	302.4	365.6	363.2	361.2	398.4	425.6	443.6	461.2	453.2	433.2	412	431.6	445.2	465.2	455.2	454	458.8	460.8	442	438	447.6	452.4	460.4	466	472.4	444	424.4	459.6	472.4	456	443.2	436.4	445.2	448.4	450	449.2	431.6
504.4	510	510	510	510	510	510	510	510	510	510	510	510	510	510	510	510	506.8	510	510	510	510	510	506.8	510	510	510	510	510	510	467.6	392.4	373.2	358.8	400	394	369.2	403.2	363.2	352.8	357.2	357.2	348	293.2	250.4	238.8	231.6	221.2	215.2	215.6	219.2	230.4	243.6	256.4	268	272	266.4	259.2	248.4	225.2	202.8	176.4	154.8	146	134	120	106	86.8	72	64.4	60.8	62.8	74.4	76.8	79.6	84.4	88	89.2	83.6	79.6	81.6	81.6	83.6	90.4	96	96.4	94	96	88.8	83.6	88.8	97.6	103.6	104.4	104.4	107.6	104.4	100.8	96.4	93.2	90	91.6	90.8	96.8	100.8	104	106.8	110.8	112.8	111.6	111.2	112.4	112.8	112.4	110.4	110.4	118.4	122.8	121.6	120	115.2	102.8	98.8	99.6	101.6	106.8	114.8	128	145.2	158	175.6	204	211.2	203.6	202.4	196	187.6	188.4	193.2	196.8	194	189.2	184	174.8	173.6	172.8	170	166.8	170.4	173.2	178	184	192.4	212.4	272.8	300	293.6	282.8	345.6	388.4	386	379.2	400	434	443.6	460.4	457.2	435.6	438	451.6	466.8	483.2	473.2	450	446	450.4	426	424.4	450	456.8	463.6	466.8	472.4	459.6	445.2	453.2	458	452	440.8	440.8	444.4	444	447.6	448.4	430
510	510	510	510	510	510	506	502.8	507.6	510	510	510	510	510	510	510	502	500.4	510	510	510	510	499.6	492.8	506.8	510	510	510	510	510	461.2	393.2	374	382	454	434	367.6	399.6	398	403.6	400.4	379.2	351.2	306	254.8	240.8	231.6	225.6	216.4	218.4	224.4	234	248	262	275.6	282	272.4	263.6	252	234	217.6	186.4	159.2	150.4	131.2	108	86.8	75.6	61.6	50	51.6	53.2	63.2	67.6	70	82	80.4	78	79.6	78.8	79.2	78.4	79.6	88.4	92	82.8	77.6	76	76.8	84	88.8	87.2	89.6	86	86	88.4	81.6	76	75.6	78.4	79.2	80.8	80.8	82.8	82.4	85.2	86.8	93.2	98.4	101.2	103.2	102.8	102.4	104.8	106.8	104.8	107.2	110.4	110	109.6	106	94	85.2	86.4	93.2	98	105.6	122.4	139.6	158.4	175.2	197.2	204.8	200.4	201.6	195.6	190	194.8	200.8	198.8	197.2	194.8	187.6	179.6	180	174.8	168.8	168.8	168	172.8	177.6	185.6	190.8	220.4	287.2	312.8	316.8	321.6	363.6	403.6	416.4	423.6	430	445.2	434	438	450	456.4	463.2	466.8	471.6	472.8	470.4	461.2	446	443.6	419.2	418.4	463.6	454	453.6	470.8	465.2	464.8	465.2	455.6	450	459.6	465.2	454.4	454.8	455.6	449.6	454	446
510	510	510	510	510	506.4	502.4	496.4	504.4	510	510	510	510	510	510	510	505.2	506	510	510	510	510	504	504.4	510	510	510	510	507.6	510	482	422.8	399.6	478.8	505.2	440.4	374	399.6	408.4	409.2	418.8	389.6	355.2	330.8	272	244	235.6	228.8	223.6	220	228.4	239.6	253.6	259.6	268.8	279.6	279.2	267.6	254.4	237.2	215.6	183.2	161.2	158.4	150.8	135.2	109.6	88	67.6	54	48.8	49.6	54.8	61.6	62	76	80.4	74.8	86	89.2	87.2	84	91.2	102	103.6	88.4	73.6	70.4	81.6	97.2	104	102.4	98.8	92.4	85.6	80	76.8	76.8	74.8	76	78.4	76.8	76.8	70.4	67.2	68.4	71.6	76.4	80.4	81.2	85.2	84.8	84.8	87.2	88.4	88	84.8	87.6	82.4	75.6	73.6	63.6	60	61.6	71.6	88.4	99.2	112	132	154.8	178.4	189.2	197.2	203.2	205.6	204.4	204.4	208	212	208	199.6	194.8	186.8	180.4	178.4	175.2	168	167.2	167.2	170	173.6	180	186.8	224	277.6	300.4	341.2	406.4	409.2	426	441.2	443.2	433.2	426.8	423.2	408	432.4	451.6	460	460	468.4	463.6	462	452.8	445.6	448.4	437.2	436	460.4	448	436.8	458	456.4	462.8	476.4	466.8	454	460.4	469.2	463.6	456.4	455.6	449.2	462	452.4
510	510	510	510	510	510	498.8	495.6	510	510	510	508.8	507.2	509.2	510	510	510	510	510	510	508.8	510	510	510	510	510	510	510	507.6	494	478.8	417.2	425.2	488.4	482.8	437.2	374.8	394	420.4	418.8	409.2	403.6	384	352.8	273.2	247.2	237.6	232	227.2	224.4	230.4	236.4	248.8	259.2	266	278.4	280.4	270	261.2	245.2	216.8	185.6	165.6	160	156	141.6	121.6	101.2	69.2	52.8	48.4	51.2	49.2	53.2	56	67.2	74	76.4	88.4	93.6	95.6	94.4	100.8	105.6	99.2	95.6	84	74	82.4	102	107.6	106.8	105.2	94.8	90.8	82	77.6	81.6	81.6	86.8	84	86	86	74	68.4	68.4	72.4	75.6	70.8	72.4	79.6	85.6	85.2	84.4	83.6	84	78.4	74.4	69.6	60.8	58	52.8	51.2	51.6	60	77.6	95.2	110	125.6	148.8	178.8	191.2	200.8	205.6	207.6	206.4	215.2	222	220.4	214	205.2	196.4	188.4	181.2	176.4	173.2	168.8	168	168	170	175.2	180.8	194	242	278.8	284.4	331.2	404	421.6	439.6	444.4	437.2	426.8	441.2	451.2	430.8	433.2	444.4	442	434.8	432	442.4	460.4	466.8	460.8	462.8	455.6	446	440.4	436	419.6	433.2	439.2	436	467.6	487.6	482.8	478.8	479.6	472.4	463.6	466	462.8	472.4	463.6
510	510	500.4	510	510	509.2	497.2	500.4	510	510	510	510	510	510	510	510	510	510	510	510	510	510	510	510	510	510	510	508.4	491.6	496.8	479.6	451.6	508.4	510	482.8	451.6	395.6	388.4	418.8	400.8	405.6	406.4	370.4	351.2	288.4	247.6	235.6	225.2	223.6	225.2	228.8	235.6	248	262	270.8	279.2	280.8	272	264	245.2	216.4	190.4	173.2	173.6	181.2	177.6	163.2	142.4	111.6	80.8	57.6	49.6	48.4	48.8	54.8	62.8	69.2	75.6	90.4	98.4	102.4	100	99.2	108.4	109.2	107.6	97.2	83.6	101.6	122.4	120	116	116.8	112.4	105.6	91.6	93.2	102.8	101.2	102.4	99.6	99.2	96	81.2	71.2	80.4	84.4	80.8	77.2	70	78	85.6	86	79.2	72.4	68	58.4	53.2	48	45.6	42.4	39.6	38	42	49.6	65.6	82.8	94.8	109.6	129.2	156	180	192.8	200	204.8	212	227.6	237.2	224.4	214	201.2	188.4	181.2	175.2	170.4	168	167.2	166.4	168.8	168.8	174.8	183.6	196	247.6	294.8	304	353.6	411.2	444	437.2	435.6	428	441.6	467.2	473.2	467.6	457.2	448.4	445.2	432.4	432.4	442.8	457.2	466.8	470.8	470.8	466.8	454	443.2	438.4	446	446	442.4	433.2	449.6	478.8	488.4	482.8	473.2	470.8	462	466	472.4	473.2	469.2
510	510	496.4	510	510	508.8	510	508.4	510	510	510	510	510	510	510	510	510	510	510	510	510	502	510	510	510	510	510	495.6	494.8	510	484.4	482	498.8	502	502.8	468.4	409.2	390	405.2	386.4	394.8	414	387.2	350	286	238	230.8	224	219.6	224.8	228.8	234	243.2	258	271.6	279.2	284.4	280.4	266.4	245.6	223.6	198.4	180	176.4	181.6	181.2	174.4	145.2	122	96	75.6	61.6	48.4	45.6	54.4	54.4	62.8	68	81.2	96	96.8	82.4	77.2	92.8	97.6	99.2	93.6	76.8	87.6	108.8	107.6	107.6	111.6	110.8	107.6	94.4	92	103.6	107.6	107.2	103.2	100.8	92.4	78.8	63.6	71.2	79.2	75.6	70.8	65.2	63.6	70	75.2	74.4	65.2	59.2	52.8	48.8	42.4	39.2	37.6	37.2	41.6	45.6	54	65.6	78.4	92	110.8	137.2	162	178.8	187.2	195.6	201.6	208.8	225.6	234	228.4	215.6	201.6	191.6	181.2	174.4	172	168	164	168	169.6	167.6	174	187.6	195.2	237.2	284	308	350.4	420	434.4	439.2	431.2	432.4	452.4	454.8	466	471.6	466	457.6	471.2	483.6	493.2	478.8	462	457.2	468.4	490.8	504.4	510	487.6	470.4	460.8	456.8	462	454	434	428.8	436.4	441.6	453.2	454	447.6	440	463.2	497.2	490.8
510	510	499.6	510	510	510	505.2	508.4	510	510	502.8	502.8	510	510	510	510	510	510	506	510	510	500.4	510	510	510	510	510	500.4	506	510	510	510	496.4	510	508.4	462	420.4	426	420	382	388.4	406.8	393.2	356.8	304.4	243.2	232.8	225.6	223.2	220.4	224.4	235.6	244.4	259.6	264.8	270.4	274	271.6	256.8	239.6	227.2	204	186.8	183.6	185.2	188.8	182.4	163.6	140	123.6	109.6	96.4	79.6	65.2	60.4	50.8	48.4	54	62	82	76	50	48.8	69.2	75.6	75.6	64.4	54.4	89.2	106	104	115.2	120	120	114.4	98	100.8	109.6	108.4	107.6	102.8	98.4	95.2	72.4	49.2	66.4	74.8	70	63.6	45.6	45.2	59.6	60.8	58.8	53.6	48	47.2	44.8	43.2	48	56.4	70.4	85.6	92.4	92.8	89.6	93.6	101.2	111.6	133.2	158.4	176	184.8	195.6	209.2	218	231.2	232.4	223.6	207.6	196	187.2	174.8	173.2	172	166.8	162.4	166	170.4	168.8	173.6	183.2	199.6	244.4	274.8	319.6	371.6	405.6	429.2	435.6	436.4	436.4	456.8	458	459.6	471.6	450.8	452.4	473.2	482.4	498	491.6	466	454	462.8	488.4	504.4	508.4	491.6	473.2	469.2	463.6	467.6	461.2	434.4	423.6	423.6	429.2	446	454	449.2	436	454.4	496.4	488.4
505.2	506	490	493.2	510	510	506	510	510	510	508.4	510	510	510	498.8	496.4	505.2	510	510	508.4	501.2	510	510	506	510	497.2	510	510	510	510	510	510	510	510	498.8	454.8	437.2	464.4	464	419.6	409.2	405.2	402	372.4	307.2	246.8	233.6	225.2	220.8	220	222.4	230.8	245.6	260.4	266.4	274	275.2	267.2	258.8	242	225.2	206.8	193.6	188.8	184.4	188	186.8	171.2	150	129.6	119.2	109.2	96.4	81.6	71.2	63.2	60.8	59.2	60.8	70.4	66.4	50.4	46.8	58	63.2	60.4	50	44.4	75.6	98.4	102.4	111.2	122	124	117.2	89.2	86.8	101.2	96.8	99.6	94.4	89.6	88.8	68.8	35.2	48.4	59.6	58	54.4	36.8	34.8	51.6	54	45.2	43.6	43.2	44.8	48	52.8	61.6	72.4	88.4	106.4	114.4	109.2	104	108.8	114.4	125.2	136.8	156	178.8	187.2	200.4	211.2	218	230.8	230.8	221.2	209.2	196.8	184.8	175.6	174	169.6	165.6	164.4	166	167.6	169.6	176	182.4	226.8	299.6	310	344.4	397.2	422.4	451.6	462.4	466	449.2	446.8	462.4	454	471.6	464.4	437.2	442.8	450.8	466.8	487.6	471.6	459.6	449.2	448.4	455.6	466.8	468.4	470.8	480.4	476.4	462.8	462.8	457.2	451.6	450	444	447.6	459.2	457.2	439.6	441.2	452	465.2
493.2	502.8	497.2	500.4	510	510	510	510	510	510	510	510	510	510	498.8	501.2	507.6	510	510	510	510	510	504.4	493.2	502.8	510	510	510	510	510	510	510	506.8	510	484.4	479.6	506.8	510	504.4	433.2	410	402	394.4	373.2	319.2	248.4	230	225.6	220.8	216.8	220.8	228.8	238.8	248.8	262.4	272.8	274.8	272.4	261.2	249.2	230.4	213.6	206.4	201.6	198.8	199.2	191.2	179.6	162	143.6	130	120.8	115.2	104	99.6	98.4	96.8	92.8	90.8	85.2	78.4	78.4	74.4	62	50.8	39.2	32.4	37.2	42.4	51.6	52.8	51.6	58.4	64	58.4	42	51.6	60	58.4	58.4	56.4	54	50.8	36.8	24.8	25.6	23.2	26.4	34	44.4	50	60.4	65.2	66.4	71.2	79.6	84.8	92	95.2	104	119.2	136	146	148	143.6	138.8	141.2	142.8	149.6	161.6	172.4	186.4	198.8	210.8	222	230.8	230	222	211.6	197.2	188.4	178.8	175.6	172.8	168.8	165.2	165.6	166.8	170.8	174	182	184.8	234.8	307.2	328.4	409.2	425.6	435.2	460	466.4	466.4	456	448	457.6	446.8	462	479.6	447.6	438.8	438	429.6	471.6	472.4	468.4	456.4	446	443.6	461.2	471.6	472.4	480.4	482.8	468.4	460.4	454.8	455.6	459.6	456	452	463.6	460.4	443.6	444.4	450	462
507.6	510	510	510	510	510	510	510	510	510	510	510	510	510	510	510	510	510	510	510	510	507.2	510	508.4	506.8	510	510	510	509.2	492.4	507.2	510	510	510	508.4	502.8	510	510	510	454	411.6	382.8	387.6	398.8	329.6	254	231.2	226.4	222	220.4	221.2	226.4	233.6	237.6	256.8	268.8	274	269.2	258.4	243.2	232	217.6	207.2	205.6	202.8	198	190.8	182	170.4	159.6	144.8	129.2	124	120	120.8	121.6	123.6	125.6	124	122	116	111.6	98.4	83.6	73.6	70	72	76.8	80.8	83.6	78.4	64.8	60.8	59.2	57.2	52	53.6	60.8	60.8	57.6	55.6	52.8	54.4	54	52	54.8	48	53.6	59.6	65.6	72.4	82.8	88.8	90.8	96.8	103.6	108.4	112.8	116.8	121.6	135.6	144.4	150.8	152.8	150.4	147.6	147.2	152	162.4	174	186	192.8	200.8	215.2	221.2	227.6	226.8	218.4	206.8	195.2	183.6	178.4	175.2	172.8	167.2	163.6	164.4	166.4	171.6	175.6	178.8	188.4	238	284.8	296.4	388.4	440	450.4	469.6	477.2	472.4	476	460.8	448.4	426	426.4	442.8	441.2	437.2	430.8	421.2	452.8	450.8	454.8	482	478	456.4	467.6	490.8	485.2	483.6	475.2	464.8	473.2	461.2	463.6	471.6	476.4	472.4	468.4	466	467.6	469.2	466.8	469.2
510	510	510	510	510	510	510	510	510	510	507.6	510	510	510	510	510	510	510	510	508.8	509.2	510	510	510	510	510	510	510	510	503.2	502	510	510	510	510	510	510	510	510	479.6	411.6	394	383.6	391.6	378	312	244.8	230	224	220.8	218.8	217.6	223.2	235.2	248.8	263.2	266	260.8	250.4	239.6	229.6	221.2	209.2	212.8	210.4	204.8	200.4	192.4	185.2	173.6	164	150.8	140	132	129.2	128	132.4	133.2	135.2	137.6	136	138.4	136.4	127.6	121.2	124.4	132.4	135.6	139.6	138.8	133.2	128	117.2	109.6	102	95.2	96	98.8	100	100	100.4	106	110	105.2	109.2	110	107.2	101.6	102.8	110	110.4	110	112	112.8	114	120.8	126.4	133.2	145.2	152.4	157.6	155.6	153.6	150.4	155.2	158	160	164.4	174	183.2	189.2	201.2	213.6	225.2	232	231.2	219.6	207.6	195.6	186.4	180.4	173.6	170	166	166.8	164	162	167.2	166.8	172	177.6	186	216.8	256.8	316.8	384.4	418.4	462	477.6	480.8	473.2	473.2	468.8	455.2	438.8	433.2	438	442.8	438	434	445.2	456	461.2	453.2	471.6	493.2	480.4	461.2	468.4	486.8	478	465.6	440	438.8	469.2	469.2	469.2	474	478	469.2	462	463.6	466.8	460.4	460.4
510	510	510	510	510	510	510	510	510	510	502	510	507.2	508.4	510	510	510	510	510	510	510	510	510	510	510	510	510	510	510	508.4	510	510	510	502.8	497.2	497.2	510	510	510	500.4	418	378	390	381.6	360.4	290.4	230	222.4	218	214.8	215.6	218.4	226.4	232	244	254.4	260.8	257.6	249.6	243.6	231.6	218.8	206.4	208	206.4	203.6	198.8	196	193.6	186.8	182.8	173.2	161.6	156.4	150.8	146.4	147.2	148.8	146.8	145.6	142.8	142.4	142.4	144	152	163.2	174.8	177.6	169.6	166.8	163.2	156.8	152	144.4	140.8	141.6	140	140	141.6	136	141.6	144.8	146.4	147.6	138.4	128	123.2	120.8	119.2	121.2	123.6	120	119.6	117.2	120.8	128.8	134.8	144.4	156	163.2	165.6	163.6	165.6	165.2	169.2	171.6	174.8	181.2	186	190.8	193.6	204	215.2	223.2	224.8	232.4	223.6	206.4	196.8	190	181.2	175.2	171.6	170	167.6	163.2	166	167.6	167.6	172.4	176.4	220.8	291.2	309.6	350.4	406	436	461.2	475.6	477.6	458.8	461.2	469.2	459.6	451.2	454.4	456.8	445.6	445.6	456.4	462.8	469.2	467.6	472.4	483.6	487.6	497.6	495.6	465.2	461.2	456.4	452	443.2	444.4	465.2	472.4	472.4	469.2	471.6	472.4	451.6	446	466	467.2	452
504.4	510	510	510	510	510	510	510	510	504.4	498.8	505.2	510	508	508.4	510	510	510	510	497.2	499.6	499.6	510	510	510	510	510	510	502.8	510	509.2	510	508.4	504.4	505.2	503.6	510	510	507.6	495.6	439.6	394	393.6	376	371.6	314.4	241.6	221.6	217.2	214.4	210	210.8	220	228	236	243.2	246	249.6	249.2	246.8	239.6	225.2	211.6	208.8	206.8	206.4	204.8	202.4	198	194	187.6	180	177.2	173.2	164.8	158.8	156.4	157.2	150.8	142.8	138.8	140	140	145.6	158.4	171.2	190	198	192	184.8	184.8	179.2	177.6	183.6	186.8	190	186	183.2	179.2	180.8	185.6	184.4	189.2	194.8	183.6	171.2	156.8	138	132	132	125.2	119.2	119.2	118.4	124.8	138.4	151.2	160	169.2	172.8	170.8	172.8	176.4	178.8	180	178.8	180.8	182.8	188	194	198	202	210	222	219.6	217.6	210	201.2	195.2	186.8	178	169.2	164.4	164	167.2	163.2	164.4	165.6	165.2	172.4	175.2	228	308	342	413.6	425.2	435.2	453.2	470.8	467.2	459.2	457.2	446	458.4	457.2	462.4	466	456	451.2	461.2	462	459.6	464.8	477.2	485.2	472	489.2	502	474	457.2	454	448.4	454	466	467.6	465.2	467.6	471.6	466	466.8	454.8	447.2	464.4	470.4	463.6
505.2	510	510	510	510	510	510	510	510	510	506	510	510	510	510	510	510	510	510	505.2	502.8	506	510	510	510	510	501.2	486	502.8	507.6	508	510	494	505.2	510	510	510	506.8	493.2	504.4	458.8	410.8	377.6	389.2	394	342	256.8	224.8	216.4	212.4	212	213.2	218	223.6	230.4	241.6	246.4	251.2	251.6	251.2	241.6	225.2	214.8	212	209.2	203.2	203.2	203.2	200	199.6	198.8	195.6	191.6	190.8	185.2	179.2	171.6	168.8	159.6	147.2	138	136.8	135.2	134.4	141.6	147.6	155.2	155.2	154.8	150.4	154.4	151.6	151.2	158	166	170.4	167.2	159.6	156.4	157.6	165.2	168.4	173.6	173.2	165.2	159.2	147.6	133.6	127.2	128	122	118	121.6	125.6	128.8	143.2	158.4	166.8	172.8	179.2	181.2	188.4	191.6	192.4	192.8	191.2	189.6	189.2	192.4	200.8	202.4	204.8	211.6	221.6	221.2	211.2	205.6	198.8	192	186	178	172.4	166.4	166	166.4	164	164.8	167.6	171.2	174.4	189.6	254	308	344	421.2	444	427.6	461.2	468.4	455.6	462.4	472.4	480.4	478.8	474	474.8	479.6	466	449.6	450	456.4	450.8	447.6	459.6	462.8	446	442.8	466.8	468.4	462.8	474.8	470.8	468.4	482	473.2	461.2	450	445.2	448.4	447.6	448.4	453.2	456.4	456.4	472.4
506.8	510	510	510	510	510	510	510	510	510	510	510	510	510	510	510	510	510	510	510	510	510	510	510	510	510	490.8	487.6	508.4	504.8	510	505.2	481.2	497.2	510	510	510	500.4	491.6	510	480.4	432.4	389.2	389.2	389.2	357.6	286.4	227.6	217.6	210.4	208.8	211.2	211.6	216.4	220	228	237.2	246.4	249.2	254	248	238.8	232.4	228.4	226	214.4	205.2	204.4	203.6	202.4	202.4	203.6	199.6	198	196	192	182.8	177.2	168.4	157.6	147.2	142.4	138.4	132.8	129.2	130.4	126.8	122	119.2	116.8	116	115.2	119.6	126.4	132	137.6	137.6	130	122.8	120.4	122.8	123.2	124.4	126	124.8	122	120	118	117.6	120.4	119.2	120	126.8	134.8	139.2	149.6	159.2	170.4	179.6	184.8	187.6	190	193.2	197.6	194.8	190.8	191.6	192	196.8	201.6	204.8	209.6	213.2	219.2	214	202.4	198.4	189.6	186.4	178.8	170.8	168.4	162.8	160.8	161.2	161.2	164	166	171.6	173.2	192	255.2	295.2	334.8	419.6	450.4	451.2	469.2	474.8	459.2	467.2	486.4	494.8	484.8	473.6	470.8	473.2	463.6	445.2	449.2	451.6	450	444.4	449.2	456.4	453.2	445.2	462.8	467.6	462.8	477.2	477.2	474.8	478.8	476.4	467.6	452.4	442.8	447.6	447.6	447.6	455.6	463.6	455.6	469.2
506	510	510	510	510	510	510	510	510	510	510	510	510	502.8	506.8	502	510	510	510	510	510	510	510	510	510	501.2	496.4	510	510	510	504.4	491.6	502.8	510	510	510	510	497.2	504.4	487.6	457.2	416.4	378.4	386.8	385.2	378	319.6	244.4	217.6	207.2	208.4	208	210.8	216.4	220	231.6	242	247.6	246.4	249.2	249.2	242.4	236	232	224.8	210.8	204.8	204	208.8	212	208.4	207.6	205.6	204	205.2	197.2	187.6	184.4	174	160.4	151.6	145.6	137.6	128.4	124.4	120.4	115.6	109.6	107.2	108	107.2	106	108.8	110.4	113.6	112.4	110	105.2	100.4	98	99.6	103.2	106.4	106.4	109.2	111.6	112	111.6	113.2	114.4	116	124	136	142	147.6	151.2	160	172.8	179.6	184.4	191.6	193.2	194	193.2	191.6	189.2	189.6	196.8	202.4	205.6	205.6	209.2	211.6	210	199.6	196.8	193.6	186.8	180	171.6	165.2	161.2	159.6	158.8	155.2	160.4	164.8	167.6	169.6	173.6	228.4	268	286.8	368.8	420	456.8	456.8	468.4	484.4	471.6	472.4	484.8	486.8	486.4	482.4	466	467.6	469.2	466	462.8	456.4	446	453.2	457.2	455.6	465.2	456.4	447.6	453.2	442.8	456.4	460.4	462.8	459.6	461.2	474.8	471.6	467.6	463.6	467.6	466	463.6	470.8	460.4	451.6
508.4	510	510	510	510	510	510	510	510	510	510	510	510	501.2	506.8	510	510	510	510	510	510	510	510	510	510	498.8	508.4	510	510	504.4	499.6	508.4	510	510	510	510	508.4	484.4	473.2	447.6	391.6	366	374	386.8	393.2	377.2	340	262	220.4	211.6	206	204.8	208	212.8	214.8	222.8	236.4	244	246	245.2	246.4	246	240.8	238.4	228	221.2	212.8	202.8	206.4	209.2	206.4	203.6	200.8	204	206.4	203.2	192.8	187.6	180.8	169.6	165.2	158.4	148	134.8	122.8	113.6	107.2	103.2	102.8	100	98	96.8	95.6	95.6	93.6	90.8	89.2	88.4	88.8	87.6	89.2	92.4	95.2	98.8	103.2	105.6	107.6	107.6	112	116.8	123.6	132.8	143.2	150.8	155.6	160.4	170	175.6	179.6	186	194	193.6	194	192.4	184.8	190	197.6	200	202.4	205.2	205.2	200	200.4	197.2	196	190.4	180.8	174.8	170	163.6	160.8	159.2	159.6	159.6	155.2	156.4	162.4	164	166	174.4	229.6	266	333.6	396.8	420.4	455.2	452.8	465.2	480.4	472.4	476.8	483.6	484	486.4	486.8	472	468.4	471.6	470.8	469.6	462	451.6	455.6	459.6	454	460.4	455.6	443.2	440.8	450	450	454	459.6	459.6	460.4	472.4	478	466.8	459.6	459.6	459.6	457.2	463.6	456.4	444.4
510	510	510	510	510	510	510	510	510	510	510	510	510	510	510	510	510	506.8	510	506.4	510	510	510	506.8	506.8	508.4	508.4	510	507.6	503.6	510	510	510	508.4	507.6	507.6	499.6	494	490.8	439.6	380	359.6	380.4	397.2	390.8	382	353.2	333.6	266.4	219.6	213.2	205.6	202.8	208.4	216	221.6	229.6	235.6	239.2	246.8	250	244	242	244.4	236.4	231.2	220.8	205.6	205.2	202	204	204	204	203.6	203.2	199.2	193.2	190.8	185.2	176	172.4	168.4	162	151.6	136.8	122.4	111.6	105.2	100.8	94.8	94.4	93.6	92	90.8	89.6	89.6	87.6	86.8	87.6	88.8	87.2	88.8	91.6	98.4	101.6	103.2	106.8	110	114.8	122.4	131.2	139.2	147.6	152	158	165.6	174.4	176.4	180	185.6	191.6	191.6	192.4	188.4	183.6	190.8	198.4	200.4	205.2	205.2	204.8	202.4	196.8	192	189.6	184	176	168.8	165.6	160.8	156.8	158.8	158.8	155.6	155.2	158.4	162	163.6	167.2	194.8	231.2	261.2	332.4	385.6	419.2	450.8	463.2	456.4	436.4	434.8	448.4	457.2	470.8	479.6	471.6	456	461.2	462.8	459.6	466	465.2	458	471.2	489.2	477.2	466	469.2	466.8	460.4	460.4	462	468.4	478.8	488.4	483.6	470.8	466.8	462.8	453.2	446	443.6	442.8	439.6	441.2	446
510	510	510	507.2	507.6	510	510	510	510	510	510	510	510	510	510	510	510	493.2	507.6	502	499.6	502.8	510	510	510	510	510	510	509.2	505.2	510	510	507.6	495.6	510	510	510	510	507.6	470.8	427.2	403.6	390.8	391.6	392.8	387.2	355.6	331.2	256.4	217.6	217.2	208.8	204.4	207.6	212.8	217.6	223.2	225.6	234.4	246.8	245.6	248	249.2	240.4	239.6	238	229.6	218.8	208	196.8	198	201.2	203.6	199.2	197.2	196.8	192.8	188	188	182.8	174	168.4	166	160.4	147.6	132.4	124	118.8	112	104	102.4	98.8	97.2	96	93.2	94.4	94.4	92.8	93.6	93.2	93.2	95.2	100	107.6	113.2	119.2	122.8	123.6	130.4	134.4	139.2	148.8	156.8	159.2	166	175.2	179.2	180	183.6	191.6	192.4	190	188.8	185.6	186.8	195.2	200.8	200	204	202.4	198.4	202	196.4	186.8	178.8	169.2	162.8	159.6	156	156.8	155.2	156.4	158.8	154.4	156.4	159.2	160.8	166.8	168.4	212.8	261.6	318.8	385.6	389.6	430.8	453.2	464.4	461.2	443.6	444.4	453.2	456.4	469.2	478.8	483.6	468	458.8	461.2	457.2	462.8	465.2	462	476	492.4	482.8	473.2	474	471.6	465.2	470.8	467.6	446.8	477.2	495.6	478	467.6	473.2	469.2	457.2	454.8	456.4	451.6	446	446	439.6
510	510	510	510	510	505.2	497.2	510	508.8	510	510	510	510	510	510	505.6	506.4	510	507.2	510	510	510	510	510	510	510	510	510	510	510	510	510	510	510	510	510	510	510	510	493.2	455.6	437.2	406.8	389.2	398	395.6	376.8	341.2	294	228.8	216.4	208	207.6	207.2	208	208	214	216.4	229.6	240	243.6	248.4	252	246	247.2	244	235.6	225.2	213.2	201.2	196.8	194.4	198	196.4	191.6	186.8	184.8	184.8	189.6	192.8	184.8	172	160.8	158.4	154.4	140.4	132.4	126	122	119.2	117.2	114.8	112.8	111.2	109.6	109.2	106.4	106	105.2	105.6	108	108.4	113.2	119.6	124	131.2	137.6	139.6	144.4	148.4	148.8	155.2	160.4	169.6	178.4	182.8	180.8	181.2	184.8	190	194	190.8	190	185.6	189.2	197.6	196.4	195.6	199.6	199.2	197.2	201.6	196.8	187.2	176.8	166	162.4	159.2	153.2	152.8	153.2	154.8	159.2	156.8	156.8	155.6	160.4	164.8	197.2	249.2	264	332	404.4	420.4	449.2	442.8	449.2	475.6	485.2	471.2	474.8	471.6	471.6	483.6	499.2	493.6	481.6	471.6	456	450.4	443.2	438.8	450.8	465.2	482	487.6	482	471.2	462	459.6	462	437.2	438	463.6	466	459.2	466.4	471.6	463.6	470.4	476.4	473.6	462.8	454	447.6
510	510	510	510	510	494.8	491.6	510	510	510	510	510	510	510	510	510	510	510	510	510	510	510	510	510	510	510	510	510	510	510	510	510	510	510	497.2	510	510	510	510	462	420.4	388.4	358	390	409.2	396.4	386.8	351.6	328.8	254.4	214.4	212.4	206.8	202.8	202	204.8	208.4	214.4	224.4	233.6	236	240.8	245.6	250.4	248.8	246.4	238	225.6	215.6	208.4	202.4	193.2	194.8	198.8	192.8	187.2	185.6	178.4	186.4	194.4	191.6	180	164.8	156	155.2	149.2	144.8	142.4	136.8	135.2	135.2	134.4	135.2	131.2	128	122.8	119.6	120.4	118	121.2	121.6	120.8	128.8	132.8	134	133.6	135.6	139.6	139.6	145.6	148	151.6	159.6	170	176.4	180	182.8	182	185.2	188.8	192.4	188.8	188	192	195.6	198.4	196.4	194.8	192	193.6	195.6	195.2	190.4	180	170.8	162.4	159.2	155.2	150.8	150.4	150.4	155.2	156	160.4	159.2	155.6	160.8	166	202	252.4	292.8	356.8	406.8	435.2	457.2	444.4	428.8	466	491.6	483.6	481.2	482.8	478.8	479.6	489.6	487.2	480.8	473.2	461.2	454	444.4	436	450	459.6	470.8	479.6	478	466	462	453.2	453.2	450.8	447.6	456.4	465.2	461.2	469.2	468.4	460.4	469.2	476.8	477.2	466	455.6	453.2
510	510	510	510	510	507.6	506.8	510	510	510	510	510	510	510	510	510	497.2	510	510	510	510	510	510	510	510	510	510	510	510	510	510	510	510	485.2	479.6	510	510	510	510	460.8	420	398.8	376.4	400.4	422	401.2	398	386.8	342	286	228	213.6	208.8	203.2	196.8	200.4	205.2	204.8	218	230.4	238.4	241.6	246	249.6	249.6	247.2	239.2	233.6	224.4	214.4	206	199.2	197.6	200.4	196	194.4	191.2	186	189.6	193.6	196.4	197.2	186.4	175.2	162.4	155.2	155.2	156.8	151.6	146.8	146	143.6	140.4	135.6	131.2	128.8	127.6	128.4	129.6	130.4	128.8	130.8	135.6	142.4	140.8	140.4	144	147.6	147.2	152	159.6	166.8	180	186.8	182.4	178.8	182.8	183.6	186	186.4	191.6	191.2	189.6	193.6	196	197.2	198	194.8	192	194.8	193.6	190.4	185.6	176.8	167.6	164	161.2	154.4	152.4	152	154.4	156	156	156	156.4	154.8	159.6	174.4	230.4	276.8	317.2	370.8	425.6	459.2	457.6	448.4	429.2	452	465.2	470.8	474.8	476.4	471.6	463.6	465.2	462	470.8	476.8	473.6	470.8	454.8	452.8	484.4	478	449.2	448.4	469.2	474.4	467.6	462	459.6	470	459.6	459.6	474	472.4	478	468.4	450	456.4	460.4	453.2	453.2	451.6	453.2
510	510	510	510	510	510	510	510	510	510	510	510	510	510	510	501.2	496.4	510	510	510	510	510	510	510	506	510	510	510	510	510	510	510	502	484.4	485.2	510	510	510	506	497.6	508	495.6	488.8	455.2	442.8	416.4	398.8	393.6	350	312.8	263.2	218.4	207.6	203.6	199.6	201.6	203.2	200.4	207.2	221.6	229.6	236	245.2	248	246.4	246	240	232.8	226	219.2	213.2	205.6	202.4	198.4	197.2	196.4	191.6	188	187.6	191.2	190.8	196.4	200.4	189.2	175.2	171.6	168.8	172	174	170.4	161.2	150.4	143.2	138	133.6	132.4	132.8	132	136	140.4	141.6	140	142	142	143.2	145.6	152.8	155.6	154.4	162.8	165.6	173.2	186.8	188	185.2	187.2	189.2	188	185.2	185.2	186.4	188.4	193.2	194.4	190	194	194.4	192	191.2	190.8	186	180	176.4	169.6	162.4	158.4	156	152	154.4	153.6	157.6	157.6	153.2	154.4	156	155.6	162	178	233.2	327.2	398	411.6	444	475.2	464.4	468.4	453.2	442	455.6	452.8	466.8	466.8	460.4	455.6	459.6	460.4	468.4	477.2	473.6	446.8	441.2	454.8	487.6	486	462.8	454	447.6	477.6	467.6	462	461.2	470.8	461.2	460.4	479.6	474	473.2	469.2	457.2	457.2	458.4	451.6	454	450	450.8
510	510	510	510	510	510	510	510	510	510	510	510	510	510	510	498.8	510	510	510	510	510	510	501.2	493.2	508.4	510	510	510	510	510	510	487.6	497.2	505.2	504.4	510	510	510	494.8	498.8	510	510	496.8	485.6	464.4	442	415.6	399.6	367.6	331.2	311.6	246.8	211.2	206	204	203.2	204.8	204	208.8	215.6	224.4	232.8	236	237.6	236.8	240.8	242.4	239.6	230	224	218.4	210.8	202.8	199.2	197.6	198	195.6	194	194.8	195.6	198	198.8	201.2	207.6	207.2	196.4	190.8	188.4	194.8	199.6	196	184.8	173.2	172.8	177.2	175.6	176.4	178.8	180.8	182.4	177.6	173.2	172.8	170	169.2	172.8	176.8	177.6	178.8	182.4	192.8	198.4	196.8	194.8	184	188	188.4	189.2	186.4	184.4	184.8	188.4	193.2	193.6	190	192	194	190.4	188.8	188	186	180	175.6	172.8	166.8	159.2	154.4	154.4	153.6	153.6	156	158.4	157.6	153.6	155.2	156.4	169.2	193.6	253.6	326.4	370.8	431.2	468.8	487.2	483.6	477.6	467.6	462.8	458.4	450	445.6	460.4	456.4	457.2	468.4	478.8	478.8	482.8	488.4	479.6	448.4	439.6	446.4	465.2	469.2	466	459.6	449.6	462.4	462	465.2	467.6	465.2	459.6	466	466	454.8	451.6	465.2	465.2	455.6	454	466	459.6	441.2
510	510	510	510	510	510	510	510	510	510	510	510	510	508.4	510	504.4	510	510	510	510	510	510	499.6	500.4	510	510	510	510	510	510	502.8	482.8	506	510	510	510	510	510	490	502	510	510	490.8	466	450	441.2	415.6	398.8	376	334.8	321.2	288.8	232.4	208.4	208.8	208.4	205.6	201.6	207.2	213.6	220	227.2	234.4	233.2	234.4	238.4	239.6	237.2	228	227.2	223.2	211.6	205.6	202	202	197.2	196	194	194.8	197.2	196	195.6	201.2	208	213.2	208.8	202	196	198.8	199.2	198.8	195.2	187.6	188.4	192.8	191.2	193.2	196	202.4	208	206	198	190.4	181.2	182	187.2	190	189.6	187.2	193.2	204	207.6	204.4	198.8	194.4	194	188	186.4	186.4	185.2	190.8	196.4	197.2	196.4	195.6	195.6	194.4	190.4	185.2	177.6	169.6	168.4	167.2	163.2	160.4	157.6	156.8	158.4	157.6	153.6	153.2	154	155.2	151.2	152.4	156.8	171.2	196.8	313.2	407.2	410	450	473.2	480.4	478	473.2	473.6	471.6	452.4	443.2	436.4	459.6	460.4	461.2	458.8	476.4	478.8	478.8	487.6	480.4	463.6	448.4	443.2	456.4	463.6	465.2	459.6	459.2	464.4	467.6	469.2	470.8	472.4	467.6	462.8	460.4	434.8	438.8	453.2	459.6	455.6	454	463.6	459.6	446.8
510	510	510	510	510	510	510	510	510	510	510	510	508.4	510	510	510	508.8	510	510	510	510	510	510	510	510	510	510	510	510	510	505.2	502	510	510	510	510	510	510	510	510	510	510	507.6	482.8	450.8	443.6	426.8	402.8	397.2	368.4	329.6	337.6	315.2	236.8	209.2	206.4	204.8	202.4	202.4	212	219.6	225.2	234.4	233.2	232	243.2	244.8	241.6	239.6	231.2	229.2	226.4	220	214.4	207.2	200.4	202.8	202.8	196.8	196.8	200	204.8	205.6	209.2	218.4	220.8	218.4	223.2	222.4	223.6	229.6	229.6	233.2	227.2	226.4	226.8	221.6	218	229.6	234	228.8	226.8	224.4	217.6	212.8	212.4	210.4	204.8	204.8	212.8	216	215.6	205.2	197.2	196	192.4	187.6	186	187.2	191.2	197.6	204.4	206.8	199.2	196.8	198.4	199.6	194.4	189.2	178	169.2	169.2	166	163.2	158	156.4	158	158.8	159.2	154.4	154.8	153.2	149.2	148.8	155.6	170	175.6	212	351.6	427.2	447.2	484	478.4	462.4	462	460.4	458	472.4	452.4	444.4	439.6	458	467.6	460.4	451.6	462.8	470.8	460.4	463.6	473.2	469.2	472.4	490	491.6	483.6	471.6	468.4	474	482.8	474.8	473.2	462.8	465.2	467.6	459.6	460	437.6	434.8	459.6	472.4	483.6	482	466	460.4	454.8
510	510	510	510	510	510	510	510	510	510	509.2	500	501.2	510	510	510	510	510	510	510	510	510	510	494.8	490.8	510	510	510	510	510	510	510	510	510	510	510	510	510	510	510	510	510	510	482	448.4	442	433.2	417.2	398.8	368	330	334.8	332.4	273.2	218.8	205.6	201.6	201.2	203.6	215.2	218	220.4	226.8	230	235.6	241.6	242	244.8	243.6	234.8	235.6	234.8	230.8	222.4	214.4	207.6	203.6	207.6	205.2	203.6	204.8	209.2	214.4	214.8	218.4	222.4	224.4	229.6	227.6	228.8	228.8	227.6	229.6	236	234.4	232.8	231.6	226.4	232.4	233.2	231.2	230	230	230.4	226.4	222	219.6	214.4	210.8	208	209.2	211.2	200.8	195.2	197.2	194.8	192.4	191.2	192	197.6	204.4	210.8	210	204.8	196.4	194	189.2	180.8	179.2	170.8	164.8	162.8	160	155.6	154.4	154.4	158.4	156.8	155.2	154	150.8	147.6	147.2	148	157.2	168.4	188.4	281.2	386.8	430.4	463.6	496	476.8	466.8	472.4	468.4	463.6	474	478	465.2	462.8	450	452.4	462	453.2	470.8	480.4	469.2	466	472	467.6	471.6	496.4	496.4	485.2	467.6	468.4	450.8	467.6	474	454	452.4	459.6	457.2	455.6	461.2	454.8	457.6	468	483.6	502	498.8	477.2	466.8	460.4
510	500.4	506.8	510	510	510	510	510	510	510	510	507.2	510	510	510	510	510	510	510	510	510	510	510	488.8	498.8	510	510	510	510	510	510	510	510	510	510	510	505.2	510	510	510	510	510	510	469.6	449.2	442	435.6	413.2	405.2	387.6	348.4	334.4	330	313.6	264	213.2	205.6	204	204	208.4	210.4	218.4	227.2	233.6	241.6	245.6	246.4	246.8	247.6	242.8	242.8	244	242	237.6	230	221.6	220	224	223.6	220.4	220	222	220.8	220.8	222.4	225.6	230.4	242.4	245.2	252.8	245.6	239.2	233.6	231.6	234.8	231.2	225.2	225.2	229.6	232.4	236	236	241.2	246.4	237.6	229.6	222	210.4	200.4	200.8	202.4	204.4	203.2	194.4	196	200	199.6	204.4	202.4	200.4	208.4	212.4	210.8	205.2	197.6	193.6	186	180.4	179.2	173.6	170	164.8	161.6	156.8	154.8	155.2	156.8	157.2	156.4	152.8	151.2	150	152.8	157.2	164.4	169.2	203.2	296	381.2	420	461.6	472	472.4	481.6	489.2	482.8	470.8	466.8	465.2	456	472.4	483.6	488.4	468.4	462.8	482	493.2	487.6	482	469.2	457.2	454	455.6	457.6	472.4	476.4	462.8	438.8	455.6	457.6	429.2	427.2	455.2	471.6	479.6	474	465.2	462	463.6	488.4	504.4	486	486	485.2	474.8
510	506.8	510	510	510	510	510	510	510	510	510	510	510	510	510	510	510	510	510	510	510	510	510	510	510	510	510	510	510	510	510	510	510	510	482.8	502.8	508.4	510	510	510	510	510	472.4	451.6	449.2	442	434	416.4	418.8	395.6	354.8	332	323.6	309.6	272	221.6	210	205.2	200	200.4	204.4	211.6	218.8	228	237.2	243.2	246.8	249.2	250.8	247.6	245.2	248.8	253.6	252.8	248.8	241.2	234.8	237.6	238.8	232.4	230	231.2	226.4	223.6	228	232	236.4	246	258	275.2	273.2	267.6	268.8	264.8	264.4	253.2	247.6	245.6	240.4	236.8	239.6	242.8	254	249.6	234.8	220.8	210	207.2	203.2	199.2	201.2	207.2	210.4	204.4	204.4	207.2	208.8	215.2	215.2	214.8	214.4	210.4	214.4	212	204	194.8	179.6	172.4	171.6	168.8	163.6	158.8	154.8	154	154	152.8	152	154.8	152.8	150.4	146.4	145.2	146.8	158	169.6	215.6	288.8	324.8	376.4	418	454.4	466.4	477.6	486.4	491.6	488.4	479.6	474	472.4	450.8	459.2	480.4	490.8	465.2	455.6	474	482.4	482.8	482.8	475.6	458.4	447.2	442.4	443.6	471.2	479.6	464.4	454.8	454	449.2	445.2	438.8	450.4	474	490.8	487.6	472.4	463.6	455.2	479.6	485.2	462.8	468.4	474	478
510	510	510	510	510	510	510	510	510	510	510	510	508.4	510	510	510	510	510	510	510	510	510	510	510	510	510	510	502.8	510	510	510	510	510	500.4	485.2	510	510	510	510	510	510	510	478.8	460.4	449.2	442	424.4	417.2	424.4	399.2	362	335.6	311.6	323.2	286.4	229.2	221.6	206.4	199.6	200	200.4	206.8	214	224.8	237.6	242.8	247.6	250	253.6	255.2	250.4	250.8	256.4	258.8	256.8	253.2	246	247.2	245.2	238.8	240.4	246	237.2	232.4	235.2	237.2	238	247.2	260.4	276	284.8	284.8	272.4	263.6	262.4	258.8	252	257.6	254	245.6	248	243.2	237.6	230.4	226.4	221.6	211.2	201.2	199.6	200.8	202.8	207.6	216	216.4	208.8	208	214	220	225.2	226	221.2	214.4	216	212	202	191.6	177.6	167.2	166.4	167.2	163.2	155.6	150.4	154	155.2	151.6	150.8	154.4	152.4	150	150	146.8	150.4	157.6	176.4	247.2	305.6	332	399.2	450.4	464.4	484	510	502.8	489.2	494	499.6	501.2	497.2	478	451.2	452.8	463.6	463.6	451.6	455.6	470.8	480.4	476.4	472.4	461.2	454	446	448.4	476	474	462.8	460.4	462	462.8	450.8	441.2	450	465.2	474	471.6	474	470.8	451.6	448.4	450	444.4	444.4	457.2	473.2
510	510	510	510	510	510	510	510	510	510	506.8	506.8	504.4	510	510	510	510	510	510	510	510	510	510	510	510	510	500.4	499.6	510	510	510	510	510	510	510	510	510	510	510	501.2	495.6	510	490.8	459.6	449.2	439.6	411.6	418	425.2	406	370.8	335.6	313.2	328.8	309.2	236.4	218.4	206.8	195.6	194	198.8	198.8	203.6	215.6	226.4	236.4	247.2	248.4	245.6	255.2	257.6	252.4	257.2	266	270	268.8	266.8	264.4	258.8	255.6	257.2	264	263.6	257.6	266	270.4	262.4	270.8	282.8	295.6	304.8	311.6	308.4	296.4	293.2	286	282	282.4	278.4	277.6	279.2	275.6	264	256	248.8	238.8	229.2	220	212.8	214.4	220	218.4	221.6	228	226	224	232.8	234.8	237.2	234.8	234	222	215.6	208.4	193.6	179.2	169.2	165.6	163.6	163.2	156.8	155.2	151.6	151.6	152.4	147.6	146	147.6	147.6	147.6	146	145.6	149.6	170.4	234.8	300	307.2	327.2	397.6	466.4	475.6	484.4	505.2	490.8	474	485.2	495.6	483.6	464	471.6	451.2	438.8	462.8	469.2	465.2	465.2	471.6	479.6	483.2	472.4	463.6	462	450.8	448.8	466	468.4	468.4	468.4	462	463.6	455.6	442.8	446	450	444.4	438	465.2	469.2	461.2	438	429.2	449.2	449.2	467.6	477.2
510	510	510	510	510	510	510	510	510	510	502.4	510	510	510	510	510	510	510	510	507.6	495.2	506	508.4	510	510	510	497.2	510	510	510	510	510	510	510	510	510	510	510	510	505.2	504.4	510	497.2	465.2	448.4	431.6	428.4	431.6	425.2	416.4	390.8	328.8	309.2	328	300.8	230.4	212	203.2	194.4	190.4	196.4	200.4	202.8	209.6	222	230.4	239.6	247.6	246.8	252.8	259.6	257.2	261.2	266	270	268.8	267.6	266.8	264.4	267.6	263.2	268	266.8	259.2	265.6	272.4	272	276.8	278.8	288	300	305.2	309.2	300	290.8	292	287.2	282.4	277.2	280	282.4	281.2	274.8	257.2	247.6	241.6	237.2	230.8	224.8	227.2	219.2	218.8	224	223.2	219.2	223.2	235.2	241.2	241.6	242	242	224.4	216.8	208.4	192.4	174.4	165.6	165.2	162.8	160.8	154.8	153.6	151.2	153.2	152.4	149.6	148	146.8	146	144.8	142.8	144	150	187.6	258	304	306	344	416.4	450	467.2	484	472.8	468	462	458.8	462	446.8	434.8	446.8	463.6	461.6	467.6	478.8	494	489.2	474.8	489.2	502.8	487.6	482	482.8	474	456.4	455.6	463.6	470.8	467.6	460.4	454	454.8	453.6	460	458.8	462.8	456.4	462	472.4	479.6	470	457.2	467.6	451.6	461.2	463.6
510	510	510	510	510	510	510	510	510	505.6	498.8	508	510	510	510	510	510	510	510	510	505.2	510	510	510	510	510	510	510	510	510	510	510	510	510	498	505.2	510	510	510	510	510	510	502	464.4	447.6	438	431.6	430.8	421.2	414.8	386	324.4	311.6	323.6	304	227.6	206.8	200.4	196	189.6	189.2	192.4	194.8	200.4	213.2	223.2	235.6	245.6	249.6	254.4	260	256.4	258.8	265.6	267.6	267.2	265.2	267.6	273.2	272.4	271.2	271.2	275.6	268.4	267.2	272	279.2	286	290	297.6	308.4	317.2	306.8	299.2	300	292	285.2	282.8	277.2	280	281.6	282.8	282	275.6	267.2	255.6	251.6	249.2	251.2	247.6	239.2	234.8	238.8	239.6	241.6	246.4	246.4	249.6	248	244.8	236	221.6	209.2	206	197.2	181.2	166	160.4	158.4	157.6	156.4	152.4	156	157.6	154.8	148	144	142.8	143.6	140	141.6	152.4	213.6	280.8	297.2	301.6	304.4	337.2	415.2	446.8	456.4	474	469.6	464.4	478.8	465.2	456.4	460.4	456.4	455.6	452.4	465.2	469.2	477.2	493.2	484.4	468.4	483.6	485.2	479.6	482	489.2	483.6	463.6	460.4	466	467.6	466	462.8	455.6	450.8	461.2	462.8	460.4	473.2	482.8	466	467.6	478.8	474.8	476.4	473.2	453.2	454	457.2
510	510	510	510	510	510	510	510	508.4	509.2	510	510	510	510	510	510	510	510	510	510	510	510	510	510	510	510	510	510	510	510	510	510	510	510	510	510	510	510	510	510	510	510	506	470	450	438.8	431.6	430	421.2	396	360.8	332.8	330.4	323.6	312.8	235.2	210.8	203.6	197.2	184.8	180.4	184.8	190.4	193.6	208.4	221.2	230	240	245.2	251.6	261.2	259.6	262.8	267.2	266.4	263.6	261.6	264.4	270.4	271.2	270.8	272	279.6	269.6	266.8	276	285.2	289.2	288.8	294.8	300.4	299.2	290	287.2	294.4	281.2	274.4	268.8	260.8	264.8	267.6	271.6	277.2	270	263.2	256.4	252	248	247.6	246.4	241.6	234	236	242.4	243.6	246.4	247.6	250.4	244.8	238.8	228.8	220.4	209.6	200	190.4	178.8	167.6	160.4	155.6	156.8	157.2	152	153.6	157.6	156	150	141.2	136.4	135.6	137.2	142	158.4	234.4	291.6	295.2	302.4	306.8	344	430.8	454	441.6	454.8	467.6	478.4	480.8	479.2	482	495.6	488.4	479.6	464.4	454.8	451.6	454	468.4	474	472.4	463.6	454	446	451.6	473.2	476.4	463.6	455.6	462.8	471.6	469.2	474	467.6	448.4	442	444.4	442	439.6	449.2	454	447.6	451.6	454.4	460.4	462.8	452.8	452	452.8
510	510	510	510	510	510	510	510	510	510	510	510	510	510	510	510	510	510	510	510	510	510	510	510	510	510	510	510	510	510	510	510	510	510	510	510	510	510	510	510	510	510	510	466	447.6	436.4	435.6	430	424.4	394.8	360.4	344	330.8	324.8	317.6	241.6	212	202	194.8	181.2	176	181.2	185.2	190	198	211.6	219.2	228.4	237.6	244.4	252.8	254.8	257.6	261.2	258.8	260.4	259.2	256.8	263.6	268.4	264.8	262	274	278.8	272.4	280	295.2	294.4	291.6	286	294	297.2	285.2	278.4	278.4	269.2	262.4	262.8	262	264.4	264.4	268.4	276.8	274.8	260.8	258	258.8	252	246.8	244.4	242.4	243.6	245.2	254.4	255.6	255.6	258	255.2	245.2	233.2	221.2	211.6	201.6	186.4	174.4	171.2	162.4	155.6	154	153.2	153.2	151.6	151.2	150.8	149.6	146.4	138	132.4	132	135.6	146.8	184	257.6	290.8	296.8	303.2	308	348.8	443.2	463.6	447.2	454	467.6	474.8	472	468.4	479.6	497.2	494	485.2	478	461.2	437.2	447.6	461.2	476.4	479.6	471.6	462.8	456.4	458	468.4	466	461.2	455.6	462	468.4	466	471.6	454	441.2	444.4	443.6	442.8	444.4	450.8	459.6	450.8	444.4	450	459.6	461.2	460.4	454	445.2
510	510	510	510	510	510	510	508.4	510	510	510	510	510	510	510	510	510	510	510	510	510	510	510	510	510	510	506.8	510	510	510	510	510	510	510	510	510	510	510	510	510	510	506.8	506	463.6	447.6	442	433.2	430	424.8	380	344.8	343.6	334.4	323.6	259.6	222.8	209.6	199.6	193.6	184	178.4	178	181.6	183.6	188.4	197.6	208	224	233.2	240.8	247.6	248.4	251.6	256	255.6	258	258	248.8	252.4	257.2	255.6	258.4	266	265.2	264.8	278.4	283.2	285.6	288.8	287.6	284.8	283.6	271.2	260.4	255.6	247.6	242.8	240.4	250.4	261.6	259.2	259.2	268.8	265.6	256.4	262	261.6	249.2	240.4	238.4	236	236.4	244	251.6	256	254.8	250.8	247.2	237.6	226.4	216.8	208	192	179.2	171.6	166.8	160.4	154.8	155.6	151.2	150.8	150.8	150.4	148	146.4	138.8	133.2	132	134.8	140.8	153.2	186.4	262	286.8	300	303.6	309.6	368	478	489.2	465.6	459.6	462.8	462	463.6	458	453.2	472.8	488.4	475.6	465.6	456.8	454.8	466	453.2	458	467.6	467.6	462	462	462	466	472.4	472.4	466	463.6	466	471.6	471.6	456.4	456.4	470.8	460.4	455.6	455.6	457.2	465.2	472.4	476.4	473.2	462.8	460.4	460.4	454.8	437.2
510	510	510	510	510	510	505.2	502	510	510	510	510	510	510	510	510	510	510	510	510	510	506.8	505.2	510	510	510	510	510	510	510	510	510	510	510	510	510	510	510	510	510	510	510	510	460.4	449.2	443.6	436.4	431.6	422	374.4	344.4	350.4	343.2	289.6	222.8	214.8	210.8	200	194	184	180.4	173.2	172.8	178.8	182	184.8	193.6	211.2	223.6	232.8	240.8	240	242	244.4	246.4	254	251.2	246.4	247.6	248.8	245.2	245.6	250.4	261.2	268.4	280.8	283.2	269.2	277.2	287.6	278.8	262.4	250.4	242	240.4	240.8	241.2	239.2	240.4	246.8	250	257.2	262.4	264.4	264.4	265.2	261.2	241.6	236	233.6	235.6	232	239.6	251.6	250.8	235.6	237.2	232.8	220.8	215.6	206.4	198.4	184	176	170.8	164.8	157.2	151.6	150.8	151.6	152.4	150.4	146	140	135.6	131.2	124.4	127.2	136.8	150	164	210	290	295.6	296	299.2	309.2	368.8	481.2	499.2	481.6	470.4	469.2	467.6	469.2	469.6	461.2	472.4	484.4	477.2	468.4	452	463.6	474.8	455.6	449.2	462	468.4	469.6	466.8	469.2	471.6	476.4	473.2	465.2	463.6	472.4	478.8	480.4	479.6	478.8	474.8	466.8	459.6	460.4	461.2	463.6	474	476.4	466	461.2	455.6	446.8	441.2	430.8
510	510	510	510	510	507.6	510	510	510	510	510	510	510	510	510	510	510	510	510	510	505.2	496.4	510	510	510	510	510	510	510	510	510	510	510	510	510	510	510	510	510	510	507.6	506.4	510	462	448.4	444.4	437.2	431.6	413.2	365.2	339.2	351.6	305.6	228.8	202.4	205.6	208.8	202	194.4	182.8	178.4	175.2	172	176	180.4	182.4	186	196.4	208	222.4	236.8	233.6	233.2	235.6	233.2	240.8	242.4	244.4	247.2	246.4	241.2	236	242.8	254.4	266.4	272	268.8	254	258.8	265.2	260.4	250	240.8	231.2	228.4	230.8	230	226.8	224	234.8	238.4	246.8	261.2	261.2	264.4	267.6	259.6	240	230	225.6	226.4	228	231.2	240.8	240	226.8	227.6	227.6	216	212.4	198	188.4	182	172.8	164	159.2	155.6	149.6	149.6	148.8	148.4	145.2	144.4	137.6	131.2	129.6	127.2	133.6	139.2	154	168.8	213.2	293.2	297.6	300	299.2	304.4	383.2	484.8	510	510	510	496.4	483.6	474.8	470.8	460.4	460.4	469.2	478	486	472.4	454.8	477.2	480.4	470.8	465.2	472.4	471.6	469.2	482	490	485.2	471.6	466	467.6	483.6	504.4	504.4	494.8	483.6	483.6	483.6	478	474	468.4	462	459.6	468.4	478	467.6	461.2	456.4	454	451.6
510	510	510	510	510	510	510	510	510	510	510	510	510	510	510	510	510	510	510	510	502.8	508.4	510	510	510	510	510	510	510	510	510	510	506.8	506	510	510	510	510	510	510	504.8	510	489.2	456.4	447.6	442	437.2	430.8	414.8	368.8	345.6	346	285.6	236	206.4	199.6	206	202	193.6	182.4	173.2	169.6	166	167.6	172	174.4	179.6	186.4	199.2	207.6	222	227.2	223.6	225.6	221.6	224	229.6	232	235.6	235.2	230	227.2	230.8	236.4	243.6	249.2	251.6	240.8	239.2	237.2	235.2	232.4	221.6	209.6	201.2	202.8	208.8	208.8	204.4	212.8	221.6	230.8	242.8	242.4	246	255.6	252	236.8	230.8	223.6	219.2	221.6	225.2	228	229.2	226	221.2	214.4	202.4	194	185.2	173.2	172.4	167.6	157.6	155.2	150.4	146.4	143.6	143.2	138.4	133.6	132	128	125.2	128.4	131.2	138	146	159.2	173.6	226.8	293.2	296.8	297.6	293.2	301.6	376	478.4	504.4	510	510	495.6	482	472.4	467.6	462	463.6	468.4	474.8	467.6	450.8	445.6	474	480.4	477.2	469.2	474	473.2	467.6	478	486	483.6	470.8	468.4	467.6	483.6	506.8	506.8	495.6	484.4	480.4	486	486	474.8	466	462	456.4	466.8	478.8	471.6	466	463.6	466.8	471.6
510	510	510	510	510	510	510	510	510	510	510	510	510	510	510	510	510	510	507.6	506	510	510	510	510	510	510	510	510	510	510	510	510	504.4	510	510	510	510	510	510	510	510	510	480.4	448.4	438.8	443.6	441.2	434	418.4	368.8	343.6	313.6	268	240.4	197.2	201.6	202.8	197.2	194.8	185.6	176	169.6	164.8	164.8	164	165.6	172.8	183.6	192.4	198	206.4	214.4	221.2	222.8	222	223.2	225.2	224	229.2	228.4	228.4	226.8	224.4	221.2	228.4	236.8	238.8	236.4	230.8	225.2	221.2	222.8	218	207.2	200	195.2	193.2	196.8	202.4	214	218.4	226.8	236.8	236.4	234	231.6	228	226.8	226	220	218.8	220	221.6	219.2	221.2	221.6	216	208	196	188	183.6	174	170.4	163.6	156.4	151.2	148	142.8	138.8	138	134.8	130	126.4	122	122.8	125.6	134	139.6	147.6	158	170	223.2	292.4	294.4	293.6	274.8	289.6	318.4	390.8	442.8	489.2	493.2	489.2	490	482.8	476.4	478	483.6	482.8	470.4	456.4	438	438	459.2	470.8	477.2	470	478	480.4	474.8	466.8	450.8	455.6	468.4	473.2	452	448	473.2	483.6	483.6	468.4	453.2	459.6	473.2	476.4	466	462.8	463.6	457.2	456.4	462	469.2	462	460.4	468.4
510	510	510	510	510	510	510	510	510	510	510	510	510	510	506	510	510	510	506.8	510	510	510	510	510	510	510	510	510	510	510	510	510	510	510	510	510	510	510	510	510	510	500.4	457.2	439.6	434.8	442	438	431.6	423.6	373.6	345.2	308	279.2	253.6	205.2	206.8	207.6	193.6	193.6	187.6	181.2	171.6	163.2	159.2	157.2	159.6	168.4	171.2	175.2	186.4	192	196.8	204.4	210	212.4	212.4	210.8	209.6	211.6	214.8	213.6	215.6	212.4	208	209.2	209.6	215.6	215.6	211.6	207.6	209.6	210.4	208.8	211.6	209.2	200.8	192.8	191.6	200.8	204.8	210	216	222.8	220.8	210	202.8	198	203.6	205.2	197.2	199.6	204	203.2	200	202	204	198.8	190	175.6	170	166.8	165.2	160.4	153.6	150	146	143.6	140	134	130.4	129.2	123.6	120.8	123.2	129.6	133.2	135.2	142.8	150.8	162	180.4	236.8	281.2	292.8	295.6	297.6	303.6	316.4	345.2	384.4	452.4	488.4	494	490.8	490.8	478.8	479.6	485.2	485.2	479.6	486.8	488.4	461.2	462	472.4	477.2	470.8	480.4	482.8	480.4	473.2	453.2	453.2	467.6	473.2	454	442	462	482	485.2	467.6	448.4	450	466	474	468.4	463.6	465.2	460.4	457.2	460.4	465.2	461.2	454	462
510	510	510	510	510	510	510	510	510	510	510	508.4	510	502.8	495.6	510	510	510	510	510	510	510	510	510	510	510	510	510	510	510	510	510	510	510	510	510	506.8	506	510	510	510	505.2	471.6	454.8	446	441.2	439.6	430.8	426	381.2	325.6	280.8	284.4	245.2	194	204.4	210.8	196	195.2	192.4	186.4	178	168.8	159.6	152.8	155.6	165.6	164.8	170	178	184.8	193.6	194.4	198.8	204.8	209.2	202.8	205.2	208.4	208.4	206	204.4	206	205.2	203.6	205.2	212.4	212	209.2	204	209.2	210.4	208.8	211.2	207.6	206	203.2	202	202.4	205.6	210	215.2	216.4	210	200	192	192.8	197.2	198.4	193.6	192.4	195.6	194	194	198.8	196.4	190.8	185.6	174	170.8	165.6	160.8	156.8	150	141.2	138	136.4	135.2	126.4	124	124.4	120.8	121.6	126	131.6	136.8	138.8	142	152	167.2	185.2	237.2	278.4	290.8	295.6	300.8	304	306.4	328.4	341.2	375.6	422	486	493.6	506	493.2	482.4	491.6	500.4	490.8	487.6	499.6	491.2	487.6	496.4	487.6	490	488.4	468.4	463.6	471.6	473.2	472.4	466.8	463.6	462	464.4	467.6	462.8	470.8	466	454	447.6	457.2	466.8	473.2	478	472.4	473.6	490.4	494.8	482	467.6	462.8	465.2
510	510	510	510	510	510	510	510	510	510	510	510	510	507.6	510	510	510	510	510	510	510	510	510	510	510	510	510	510	510	510	510	510	510	510	510	510	497.2	502.8	510	510	510	510	473.2	454.8	443.6	438	436.4	432.4	421.2	382.4	314.8	289.2	296	248.8	191.6	198	214.4	200.8	192.8	189.2	186.8	179.6	172.8	164	151.2	149.2	153.6	153.6	158.8	165.6	170.4	175.2	178.8	180.4	185.6	194.8	193.2	188.4	191.6	194	191.2	188.4	189.2	188.4	188.4	190.8	195.6	203.2	200.8	198.8	200.4	202.4	205.6	203.2	200	197.6	199.6	199.6	197.6	198.4	204	206.4	199.2	190	182.8	179.6	183.6	184.4	184.8	183.2	178.8	175.2	176.4	180.8	179.6	173.2	170.8	166.8	164	161.6	156	151.6	146.4	140	137.2	130.8	126.4	125.2	122.8	120	122.8	125.6	126.4	126	130	132.8	136.8	146.8	161.6	178	195.6	266.4	294.8	297.2	298.4	292.8	279.6	300.4	335.6	346.8	359.6	400.4	474	505.6	506	499.6	486	491.6	496.4	490	484.4	491.6	489.2	471.6	494.8	484.4	478.8	474	462	446.8	457.2	472.4	473.2	469.2	463.6	462	467.6	465.2	455.6	462	462	459.6	453.2	457.2	466	470.8	472.4	467.6	474	490.4	499.6	488.4	467.6	449.2	459.6
510	510	510	510	510	510	510	510	510	510	510	510	510	510	510	510	510	510	510	510	510	510	510	510	510	510	510	510	510	510	510	510	510	510	510	510	510	510	510	510	510	510	471.6	454.8	443.6	436.4	436.4	433.2	421.2	395.6	314.4	297.6	280.4	226.4	181.2	199.6	219.2	204.8	194.4	186.8	184.8	182.8	173.6	168.8	160.8	152.4	148	148	154.4	160.4	160.8	165.6	173.6	175.2	177.6	180.8	181.6	180	184.4	183.6	182.4	183.6	180	183.2	184.8	183.6	183.6	190.8	192	194	197.2	198.4	198.4	200.8	196.8	194.4	197.2	197.2	194.4	195.6	202.4	202.8	196	190	183.2	178	181.2	183.2	182	181.2	175.6	170	170.4	171.2	168.8	166.8	164	162.4	162.4	157.6	151.6	145.2	138.8	134	129.6	127.6	122.4	121.6	121.6	119.2	120.4	122.8	123.2	125.6	130.8	132.8	137.6	150	166	176.8	196.4	267.2	295.2	296.4	297.2	285.6	267.6	272	312.4	334	350.8	376.4	403.6	451.6	480.4	479.6	474	476.4	482.8	496.4	504.4	496.4	474	448.4	458.8	465.2	463.6	460.4	461.2	456.4	461.2	486	491.6	478.8	476.4	474.8	465.2	474	482.8	475.2	474	479.6	467.6	469.2	486	474	466	458.8	442.8	449.2	466.8	470.8	464.4	445.2	469.2
510	510	510	510	510	510	510	510	510	510	510	510	510	510	510	510	510	510	510	510	510	510	510	510	510	510	510	510	510	510	510	510	510	510	504.4	510	510	510	510	510	510	502	462	451.6	443.6	438	435.6	431.6	426.8	374	303.6	312.8	285.6	220.8	187.6	200.4	220	205.6	196	188.4	184.4	180	172	169.6	166	156.4	150	148	147.6	152	152.4	154	158.4	162.8	166.8	166.4	166.4	167.2	169.2	170.8	170.4	166.4	168.4	166	164.8	167.2	168.4	174	175.6	178.8	184.8	188	186.4	189.2	188.4	188.8	188	186	185.2	186.8	185.6	185.2	182	180.8	175.6	166	162	163.2	164.8	163.2	159.6	152.4	152	152	150	149.6	148	150	150	148.8	140.8	133.2	129.6	126	124	123.2	121.6	121.6	122	123.2	122	124	122.4	126	131.2	132.8	140	158.8	171.6	182	211.2	284.8	295.6	296	297.2	300.4	299.6	301.6	333.2	334	342.8	374	386.8	424.4	466	471.6	469.2	474.8	482.8	499.6	505.2	497.2	474	451.6	453.2	469.2	474	468.4	454.8	470.8	470.8	482.8	489.2	471.6	465.2	478	472.4	482.8	491.6	482	478	483.6	477.2	480.4	490	478.8	468.4	445.2	440.4	437.2	455.6	463.6	462.8	463.6	474
510	510	510	510	510	510	510	510	510	510	510	510	510	510	510	510	510	510	510	510	510	510	510	510	510	510	510	510	510	510	510	510	510	510	510	504.4	510	510	506	510	510	505.2	462.8	453.2	443.6	438.8	434	433.2	420.4	360	333.6	312.4	260.8	205.2	178	193.6	218	210.4	200.8	187.2	182.8	178.4	173.2	170.4	166.4	158	153.2	149.6	146.8	144	143.2	148.8	151.6	154.4	157.6	163.2	163.2	161.6	158.4	161.2	161.2	158.8	161.6	160.8	158.8	162.8	168.8	172.4	172	171.6	176	182.8	182	184	184.8	185.6	186.8	184.4	184.8	184.8	184	178	176.4	174.4	168.8	163.2	160	161.2	160.8	160	159.2	150.4	147.6	144.8	146.8	148	145.2	141.6	138.8	136	129.2	127.2	125.2	123.6	120.8	121.2	119.2	120	123.2	123.2	121.6	121.6	121.2	126.4	132.8	136.8	146.8	161.2	170.4	180.8	206.4	276	293.6	296	297.6	302	296.4	298.8	330	331.6	334.8	347.6	380.4	399.6	436.4	460	457.2	460.4	450	450.8	457.2	466	477.2	482	476.4	498	510	491.6	469.2	472.4	466.8	462.8	466	466	464.4	470.8	474	484.4	494	491.6	474	462	457.2	454.8	456.4	454	462	454.8	459.6	449.2	451.6	461.2	454	445.2	445.2
510	510	508.4	506.8	510	510	510	510	510	510	510	510	510	510	510	510	510	510	510	510	510	510	510	510	510	510	510	510	510	510	510	510	510	510	510	510	510	508.4	482.8	502	510	482	458.8	450	443.6	438.8	436.4	431.6	419.6	379.6	357.2	311.2	252	202.8	177.6	191.2	227.2	219.2	204	190.8	185.2	182	174	170.4	166.8	160	156	152.8	147.2	141.6	139.2	139.6	141.6	142.8	145.6	150.4	152	146.4	145.2	143.6	141.2	143.2	146.4	150.8	152	151.2	151.2	154	153.2	153.6	155.6	159.2	162	165.6	166	170	172	169.2	166.4	163.6	162.4	160	157.6	155.2	151.6	151.6	150.4	151.2	150	144.4	142.8	140.8	139.2	136.8	136	137.6	136.8	134.4	128.4	126.4	122.4	122.8	123.2	121.6	122	120.8	122.4	124.8	121.6	120	117.6	118.4	124	126.8	129.6	140.4	153.6	163.2	175.6	188	208	248	276	297.2	297.6	300.4	296.4	298	327.6	330	333.2	337.2	374.8	394	410.8	449.2	457.2	460.4	450	447.6	451.6	461.2	485.2	487.6	477.2	497.2	510	494	478.8	470.8	466	466	466.8	466	477.2	474.8	473.2	480.4	481.2	483.6	470.8	456.4	454	450	445.2	444.4	453.2	462	460.4	453.2	450.8	459.6	457.2	446	440.4
510	508.4	510	510	510	510	510	510	510	510	510	510	510	510	510	510	510	510	510	506	510	510	510	510	510	510	510	510	510	510	510	510	506	502	510	510	505.2	491.6	467.6	476.4	482.8	470.8	456.4	449.2	445.2	441.2	437.2	433.2	406	418.8	383.2	291.6	225.2	192.4	178.8	199.2	238	226	204.8	196	189.6	183.2	178.8	170.8	165.2	163.2	159.2	155.6	152.8	147.6	144.8	140.8	141.2	143.2	141.6	148	149.6	143.2	142.4	141.6	136.8	136.4	139.6	138.8	143.2	145.6	147.2	146.8	145.2	149.2	152.4	154	155.6	159.2	160.8	167.6	172	170	166	163.6	158.8	154.8	147.6	147.6	148	146.8	144.4	143.2	143.6	141.6	140.4	137.6	133.2	131.2	128	127.6	128.4	127.6	123.2	121.6	121.6	122.4	122.4	120	120	121.6	122	121.6	121.6	122	119.2	120	126.8	128.8	133.6	144.4	158.4	166.4	178.8	189.6	208	248	276.4	298	300.4	303.6	288.4	291.2	324.8	327.6	330	329.2	356.4	386	390.8	431.6	463.6	473.2	479.6	468.4	462.8	461.2	469.2	477.2	463.6	453.2	459.6	474	490.8	485.2	482.8	488.4	486	467.6	466.8	465.2	453.2	460.4	459.6	468.4	473.2	465.2	455.6	454	449.2	448.4	448.4	449.2	450	454.8	468.4	477.2	478.8	484.4	470.8
510	510	510	510	510	510	510	510	510	510	510	510	510	510	510	510	510	510	510	499.6	510	510	510	510	510	510	510	510	510	510	510	510	506	507.6	489.2	446	417.2	405.2	390	379.6	406.8	454	451.6	446	444.4	441.2	438	434	410	427.6	390.8	305.6	233.2	188	173.2	185.6	227.6	235.6	217.6	204	195.6	187.2	178	173.6	168	166.8	161.6	155.6	153.6	150.8	147.2	145.6	143.2	138.4	138.4	141.6	142.8	136	133.2	135.2	133.2	127.6	131.2	132	131.6	132.8	136	137.2	138.8	139.6	142	142.8	140.4	141.2	142.8	146.4	149.6	151.2	148.4	148.8	146	140.8	134.8	132	134	132.8	132.8	130	128.4	131.2	130.8	126.8	124.4	123.2	122.8	119.2	121.2	123.2	122	121.6	122.8	123.6	121.6	119.6	121.2	121.2	119.2	116.4	116.8	122	120	121.6	126	132.4	138.4	152.8	162.4	169.2	179.2	188.4	223.6	279.2	290	286.8	296	300.8	280.4	287.6	323.6	323.6	327.6	334.8	350	382	404.4	418.8	459.6	462.8	464.4	470.8	466	446.8	449.2	466.8	459.6	445.2	450	466.8	489.2	482	479.6	494	500.4	476.4	456.4	448.4	442.8	452.4	457.2	465.2	470.8	465.2	455.6	454	453.2	450.8	451.6	453.2	451.6	454	470.8	484.4	475.6	497.2	484.4
510	510	510	510	510	510	510	510	510	510	510	510	510	510	510	510	510	510	508.4	510	510	510	510	510	510	510	510	510	510	510	510	510	510	510	464.4	422	397.2	386.8	373.2	357.2	393.2	451.6	451.6	446	446	444.4	438	429.2	429.2	433.2	416.8	309.2	218.8	180.8	168.8	180.4	225.6	244	230.4	214.8	200.8	189.6	178	171.6	168.4	166.8	165.6	158.8	154.8	152.8	146	141.6	141.6	139.2	140.4	141.6	140.8	142	140.4	138.4	133.2	128.8	131.2	132.4	134	134	134.8	134	132.4	134.8	134.4	136.8	140.4	138.8	136.8	134.8	136	138.8	142.8	143.6	140	134.8	135.6	135.6	131.6	129.2	129.2	126	120.8	122	118	115.2	118.4	118.4	117.2	116.8	119.2	118.8	118.8	121.2	121.2	120.4	120.4	119.6	118.8	121.6	120.8	116.8	117.6	119.6	122.4	125.2	130	134.8	141.2	150.4	159.2	168.8	176.8	187.2	222	283.6	292.4	296.8	297.2	289.2	262.4	282.8	320.4	320.4	322	330	342.8	371.6	400.4	403.6	428.4	463.6	468.4	483.6	486	485.2	478.8	472.4	465.2	465.2	463.6	461.2	477.2	473.2	455.6	470.8	494.8	506	484.4	466	457.2	453.2	446	446	459.6	470.8	474	474.8	480.4	482	483.6	484.4	474.8	454.8	454	463.6	466.8	477.2	473.2
510	510	510	510	510	510	510	510	510	510	510	510	510	510	510	510	510	510	510	510	510	510	510	510	510	510	510	510	510	510	510	510	490	456.4	439.6	411.6	359.6	346	336.4	345.2	413.2	458.8	451.6	447.6	445.2	442	439.6	428.4	433.2	435.6	430.8	341.2	232.4	186.8	172.8	175.2	220	244.4	239.2	223.2	211.2	200	184	174.4	167.6	162.8	163.2	162	156.4	152	146.8	143.6	144.8	143.6	142.8	144	142.4	143.2	139.6	138.8	136	132	130.4	129.6	129.6	130	131.6	130	127.2	128	128.4	129.2	133.6	135.2	134.4	131.2	130	128.8	130.8	134.8	134.4	131.6	131.6	130.8	126.8	122.4	122.4	120.8	119.2	116.4	116	116.8	118.4	118	118.4	119.6	119.6	120	121.6	121.6	123.6	123.2	120.8	119.6	119.6	120.4	119.2	118.4	118.4	116.4	120.8	124.8	130	136	144.4	153.2	161.2	167.6	181.2	189.2	232.4	291.6	292.4	296	298	300.8	254	267.6	309.6	320.4	320.4	328.4	340.4	366	398	410	422.8	463.6	483.2	486	490.8	500.4	494.8	478.8	471.6	471.6	468.4	460.4	469.2	472.4	454.8	465.2	494	499.6	491.6	472.4	462.8	454.8	447.6	446	463.6	474	477.2	471.6	468.4	486	498.8	494	478	457.2	448.4	450	453.2	459.6	466.8
510	510	510	510	510	510	510	510	510	510	510	510	510	510	510	510	510	510	510	510	510	510	510	510	510	510	510	510	510	510	510	502	488.4	453.2	437.2	417.2	364.4	340.4	333.2	348.4	421.2	459.6	453.2	447.6	446	443.6	439.6	429.2	434	434	423.6	329.6	228	181.6	171.6	171.6	214.4	243.6	239.6	228.8	218.4	204.4	193.6	181.6	169.2	162.4	157.6	156.8	154.4	151.6	151.6	148.4	145.6	142.4	140.8	144.4	146	141.6	135.6	133.2	134.4	132	130	129.2	126.8	128	131.2	129.2	128	129.6	128.8	130	131.6	130	130	128.8	128.4	126	127.2	128	129.6	129.2	125.6	124.8	123.2	117.2	113.6	110.4	112	114.8	115.2	114.8	116.4	118	118.4	118.8	118	119.2	120	119.2	119.2	122	123.2	121.2	122.8	121.2	119.2	119.2	118.8	118.4	121.6	127.2	127.2	132.8	143.2	150.8	158.4	170	182.4	192.4	227.6	292.4	295.6	295.2	298.4	295.2	254.8	287.6	310.8	313.2	313.2	326	341.2	354	392.4	422.8	420.4	433.2	474.8	474	471.6	480.4	483.6	487.6	493.2	486	478.8	475.6	471.6	476.4	466.8	457.2	463.6	468.4	467.6	470.8	469.2	465.2	460.4	466	470.8	474	470.8	464.4	462	472.4	486	491.6	483.6	466	463.6	468.4	461.2	441.2	443.6
510	510	510	510	510	510	510	510	510	510	510	510	510	510	510	510	510	510	510	510	510	510	510	510	510	508.4	510	510	510	510	510	510	505.2	455.6	435.6	430.8	413.2	368.4	330.8	352.4	424.4	456.4	456.4	453.2	447.6	444.4	442	427.6	430	431.6	419.6	342	244.4	181.2	168.8	171.6	210	246	242.4	233.6	227.2	216.4	208	198	182.8	169.2	162.4	158.8	152.8	152	152	146.4	146.4	144.4	142.4	144	145.2	142	141.2	136.8	137.6	134	131.6	130.4	129.6	131.6	133.2	133.6	128.8	128	130.8	130	130.8	130	129.2	126.8	123.2	123.6	124.8	124.4	125.2	124.4	122.4	123.2	119.2	116.4	114.4	110.8	111.2	115.2	118	117.2	116.4	117.6	118	120.8	120.4	117.6	118.8	117.2	120.8	121.2	118.4	118.4	118.8	117.6	115.6	116.8	119.2	118.4	118.4	121.6	125.2	132.4	143.6	151.2	161.6	174.4	181.2	190	209.2	239.2	267.2	292	297.6	294	282	302.8	311.6	317.2	324.4	333.2	341.2	350.8	386	422	420.4	424.4	465.2	472.4	466.8	473.2	482.8	491.6	499.6	485.2	474	465.2	462	452.4	438	433.2	446.8	461.2	465.2	471.6	464.4	434.8	423.6	434.8	448.4	471.6	477.2	470.8	466.8	473.2	474	472.4	476.4	466	466.8	476.4	470.8	461.2	459.6
510	510	510	510	510	510	510	504.4	510	510	510	510	510	510	510	510	510	510	510	510	510	510	510	510	510	510	510	510	510	510	510	510	470	434.8	435.6	442.8	402	340.4	338.8	402.8	455.6	457.2	456.4	451.6	447.6	444.4	438.8	432.4	434	430	409.2	354	283.2	196	168	172.8	205.6	240.8	238	232.4	222.8	213.6	212.8	205.6	189.6	173.2	161.6	154	150.8	150	149.2	146.8	146	146.8	146	146.8	145.6	141.6	143.6	140	138	138	131.6	129.6	130.8	131.2	128	126.8	124.8	126.4	127.2	128	126	124.4	124.4	121.6	122	123.6	125.6	124	120.4	117.6	115.2	115.2	108.4	104.4	105.6	112	114.4	115.6	114.8	114.8	114.4	114.4	118.4	119.2	118	117.2	118.4	120.8	120	117.6	116.4	116	116.8	116.4	113.2	116	116	115.6	117.6	124.4	131.2	139.2	150	158	170	181.2	192	203.6	215.6	234.8	273.6	296.8	296	289.2	292.8	311.6	316.4	317.2	318.8	331.6	341.2	345.2	373.2	418.8	441.2	423.6	437.2	472.4	471.6	462	476.4	478.8	478.8	486	475.6	468.4	463.6	451.6	434	430.8	456.4	476.4	484.4	487.6	460.4	434.8	443.6	447.6	446.8	462	463.6	463.6	462	457.2	455.6	456.4	462.8	457.2	451.6	466	461.2	460.4	466
510	510	510	510	508.4	508.4	510	508.4	510	510	510	510	510	510	510	507.6	510	510	510	510	510	510	510	510	510	510	510	510	510	510	506	480.4	448.4	438	439.6	446	411.6	356.4	398	451.6	459.6	458.8	455.6	453.2	447.6	442	437.2	437.2	436.4	430.8	415.6	361.2	293.2	210.8	169.2	160.4	193.2	235.2	238	233.2	231.6	225.2	219.2	208.8	197.6	180.4	165.2	158.4	153.2	145.2	145.6	144.8	143.2	146.8	141.6	143.2	145.2	142.4	142.8	140.8	136.8	135.6	134.4	134	133.2	130.8	129.2	126.4	126.4	129.2	130.4	129.6	126.4	126.4	125.6	124	124.8	125.6	126.4	126.8	123.6	121.2	119.6	116.4	110.4	109.2	109.6	112.4	115.6	115.6	116	116	118.8	118.4	119.2	118.8	116	118.8	122	120.4	114.8	114.8	114.4	113.2	115.2	112	108.8	111.2	109.6	112.8	118.4	129.2	140.8	150	156.4	164.4	173.2	185.2	197.6	206.4	208.4	205.6	243.6	296	296.8	294.4	300.4	310.8	307.6	317.2	318	329.2	341.2	344.4	365.2	409.2	443.6	428.4	407.6	465.2	469.2	457.2	466	473.2	476.4	477.2	471.6	472.4	471.6	468.4	474	470.8	468.4	484.4	498.8	498.8	488.4	473.2	463.6	462.8	456.4	453.2	454	460.4	470.8	472.4	466	466	471.6	466	449.2	450	450	454	461.2
510	510	510	510	502.8	502	510	510	510	510	510	510	510	510	510	510	510	510	510	510	510	510	510	510	510	510	510	510	510	510	488.4	466	449.2	438.8	441.2	445.2	414	369.2	410.8	454	457.2	457.2	457.2	453.2	444.4	441.2	437.2	438	435.6	430	422.8	358	281.2	241.2	193.2	163.6	189.2	233.6	242.8	238.8	232.4	228	222.4	213.2	198.8	188	176.4	166.8	152.4	143.6	141.6	143.6	141.2	140	142	144	147.2	144.8	142.4	142.8	136.8	135.2	131.6	131.6	129.6	128	128.8	125.6	126	126	126.8	125.6	120.4	124	126	123.2	123.6	125.6	124	121.2	116.4	116.8	118.4	114.8	111.2	110.4	112.4	112	111.2	109.2	112	115.2	115.6	116.8	117.2	114.8	117.6	119.6	119.2	116.4	109.6	113.2	117.6	115.2	110	106.4	107.6	111.6	112.4	113.6	122.4	134	142	154	163.2	168.4	178	192	200.8	206	211.6	197.6	220.4	271.2	299.2	313.2	314	311.6	299.6	310.8	317.2	324.4	336.4	342	358	393.2	438	454.8	414	450	483.6	482	473.2	476.4	486	478.8	467.6	466	474.8	473.2	466.8	465.2	463.6	471.6	494.8	505.2	495.6	480.4	469.2	466	462	459.6	463.6	466	468.4	474.8	482.8	480.4	470.8	462.8	448.4	446	456.4	457.2	463.6
510	510	510	508.4	508.4	510	510	510	510	510	510	510	510	510	510	510	510	510	510	510	510	510	510	510	510	510	510	510	488.4	465.2	450	441.2	438.8	443.6	443.6	438	434	410.8	425.2	453.2	454.8	454	453.2	451.6	445.2	441.2	441.2	435.6	432.4	430.8	422.8	397.2	331.6	268.4	214	165.6	168	207.2	237.2	244.4	239.2	226.4	218	212	204.8	196.8	186	172	159.2	150.8	146.8	144.4	143.2	141.6	142.8	143.2	146	148	144.4	143.2	141.6	137.6	134.4	131.2	130.8	130.4	129.6	129.2	128.8	127.2	126.8	123.6	123.6	124.4	123.6	121.2	123.2	124.4	122	122	120.4	120.4	118.8	118.4	113.6	111.6	114.4	114	112.8	110	112.4	113.2	115.2	114.4	116.4	114	113.6	115.2	117.2	112.8	109.6	106	108.4	109.6	104.8	102.8	107.2	114.4	116	121.2	130.4	136.8	145.2	158.4	166.8	174.8	186.8	196	201.6	207.6	208.8	186	207.2	234.8	268.4	316	326.8	313.2	312.4	314	294	305.2	330	337.2	347.6	371.6	408.4	442	455.6	456.4	463.6	478	472.4	470.8	479.6	477.2	470.8	473.2	478.8	483.6	482	472.4	471.6	471.6	476.4	493.2	502	493.2	480.4	465.2	472.4	469.2	469.2	464.4	472.4	474	474.8	479.6	477.2	466	455.6	454.8	465.2	467.6	468.4
510	510	510	510	510	510	510	510	510	510	510	510	510	510	510	510	510	510	510	510	510	510	510	510	510	510	510	506.8	478.8	455.6	446	441.2	441.2	445.2	442.8	436.4	438.8	421.2	422	447.6	453.2	453.2	453.2	450.8	447.6	442	438.8	436.4	434	433.2	426.8	364.4	290.8	242	230.8	205.6	196.8	227.6	241.2	245.6	241.2	232	223.2	214	205.6	200.8	194	184.8	170	156.8	149.2	144.8	144	140.4	137.2	134.8	141.2	146	144	143.6	144	142.4	138.4	134.8	131.6	126.8	129.2	129.2	129.2	126.8	127.2	123.2	123.2	122	120	122.4	122.8	121.2	120	119.2	116.8	118.4	120	117.6	113.6	112	108.8	106.8	107.6	111.6	110.8	112.4	114	114.8	116.8	116	114.4	112.8	112	109.6	109.2	102.4	102	101.2	100	104	107.6	114.8	122	124	131.6	143.6	154.4	166	176	186.4	192	197.6	200.4	206	214	187.2	185.2	226.8	287.6	323.6	314.8	308.4	312.4	313.2	293.2	299.6	329.2	337.2	350.8	370.8	416.4	459.6	462.8	442.8	457.2	465.2	462.4	474.8	480.4	479.6	482.8	493.2	497.2	487.6	482	479.6	468.4	460.4	456.4	472.4	482	493.2	510	497.2	482	484.4	473.2	475.6	494	473.2	453.2	458.8	469.2	469.2	474	474.8	471.6	478	474
510	510	510	510	510	510	510	510	510	510	510	510	510	510	510	510	510	510	510	510	510	510	510	510	510	510	510	478	445.2	438	442.8	442.8	442	442.8	432.4	424.4	431.6	428.4	418.8	432.4	448.4	449.2	448.4	447.6	443.6	443.6	439.6	437.2	432.4	432.4	432.4	379.6	298	240.4	231.6	222.8	210	226.8	236	245.6	254.4	249.2	231.2	221.6	206.4	203.2	202.4	193.2	180.8	168.8	155.2	146.4	142.8	136.8	135.6	133.2	136.8	139.6	137.6	142	142.4	141.6	140	136.8	132.4	130.8	131.2	131.6	131.2	130	126.8	124.4	124	122.4	120	122.4	122.4	119.2	118	121.2	120	120.4	119.2	118.4	114.8	112.4	109.6	108.4	110	112.8	110.8	113.6	114.4	116	116	112.4	108.4	106.8	108.4	109.2	105.6	101.6	100.4	98.8	102	104.4	112	116.4	128.4	132.8	136	147.6	161.2	173.6	182.8	188.8	192.8	199.2	201.6	207.6	216.4	202.4	198.8	238.8	279.2	292.4	281.2	278.8	304.4	311.6	313.2	302	315.6	336.4	347.6	370	411.6	454	463.6	442	441.2	458	468.4	485.2	490.8	482.8	480.4	486	490	482.8	478	474	465.2	460.4	453.2	456.4	465.2	482.8	502.8	500.4	489.2	483.6	471.6	474.8	489.2	478	462	452.4	466.8	463.6	449.2	453.2	458	474	478.8
510	510	510	510	510	510	510	510	510	510	510	510	510	510	510	510	510	510	510	510	510	510	510	510	510	510	500.4	470	448.4	439.6	438.8	438.8	438	438.8	430	422.8	425.2	436.4	430	426.8	442.8	449.2	449.2	445.2	443.6	444.4	442	437.2	431.6	430.8	431.6	410	348.4	272.4	238.8	238	242.4	230.4	227.6	242	252.8	250.8	237.6	228.4	216	212	212	198.8	187.6	176	166.8	155.6	147.6	142.4	139.2	137.2	134	132.8	126.8	128.8	135.2	140.8	137.2	135.6	134.8	131.6	132	129.2	127.2	129.6	128.8	124.8	125.6	124.8	122.8	123.2	124	122.4	120	119.2	120.8	119.6	117.2	117.2	114	112.4	112.4	114.8	114.8	112.8	116	117.2	116.8	113.2	112.8	110	105.6	106	104.8	102.4	102	99.2	102.4	102	103.6	106.8	114.8	120.8	130.4	136.4	141.2	156.4	169.6	182.4	186.8	188.4	194.4	199.2	200.8	207.6	214.8	200.4	194.4	254	288.4	284.4	285.2	286	294	307.6	307.6	297.2	306	335.6	342.8	358	383.6	422	450	462	450	466	482.8	489.2	494	490.8	482.8	473.2	473.2	474.8	478	479.6	479.6	489.2	488.4	473.2	470.8	472.4	472.4	482	485.2	483.6	471.6	459.6	453.2	459.6	470.8	474	473.2	472.4	466.8	463.6	470	460.4	461.2
510	510	510	510	510	510	510	510	510	510	510	510	510	510	510	510	510	510	510	510	510	510	510	510	497.2	473.2	451.6	441.2	437.2	431.6	432.4	435.6	433.2	430.8	425.2	426	425.2	428.4	435.6	421.2	426.8	444.4	449.2	445.2	443.6	446	442.8	436.4	432.4	430	430	401.2	317.2	241.2	228.4	240.4	265.2	257.2	240.4	242.8	249.6	250	250	242	232.4	226.4	218.8	205.6	193.6	179.2	172.4	162.8	155.6	149.6	141.6	138.4	135.2	128.4	125.6	126	129.2	132.8	133.2	136.8	138.8	134	130	129.6	130	124.8	126.4	123.2	123.2	125.2	124	122.4	127.2	127.2	123.2	123.6	120.8	120	116.8	117.2	116	116.4	114.8	114.8	115.6	115.6	115.6	113.2	109.6	107.2	106	102.8	103.6	105.2	103.2	101.2	102	102	100.4	103.6	109.2	115.2	122.8	130.8	135.6	142.4	156	169.6	180	186.4	189.2	189.6	197.2	200.4	201.2	205.6	208.4	189.2	208	260.4	274	270	263.6	256.4	264.4	302	307.6	318	334.8	339.6	346.8	356.4	384.4	423.6	462.8	465.2	457.2	484.4	478.8	478	482.8	470.8	451.6	462.8	474	478	479.6	483.6	500.4	489.2	482	480.4	478	469.2	474	489.2	490.8	478.8	467.6	456.4	450.8	465.2	483.6	478.8	479.6	474.8	472.4	477.2	456.4	445.2	461.2
510	510	510	510	510	510	510	510	510	510	510	510	510	510	510	510	510	510	510	510	508.4	510	508.4	501.2	497.2	473.2	455.6	444.4	439.6	435.6	423.6	432.4	431.6	426	425.2	422.8	424.4	421.2	425.2	422.8	414.8	430.8	445.2	447.6	445.2	443.6	445.2	441.2	434	433.2	431.6	401.2	321.2	251.6	232.4	236.4	265.2	296.4	272	243.2	241.6	247.2	247.6	249.2	238	231.6	232.8	220.8	205.6	194	183.6	172.4	163.2	151.2	146	142.4	137.6	132.8	129.6	127.6	125.2	126	122.8	123.6	127.2	130	129.2	128	129.6	130.8	128.4	125.2	126	123.6	124	123.2	123.6	124	124.8	124	122.4	121.6	122.4	118.8	117.6	117.2	114.8	112	112.4	110.8	106.8	100.8	100	100.8	101.2	97.6	98	100.4	101.2	100	101.6	103.6	104	108	115.2	124	130	136.8	146.4	156.8	165.2	172.8	180.4	184	187.2	192.4	193.6	196	198.8	202	204	216.8	252.4	266	266.8	267.6	273.2	258.8	244.4	262	306.8	317.2	337.2	342	346.8	353.2	381.2	426.8	446.8	462	459.6	451.6	455.6	451.6	455.6	470.8	470.8	462	476.4	476.4	467.6	460.4	466	467.6	469.2	477.2	478	461.2	454.8	467.6	467.6	461.2	463.6	470.8	472.4	474	468.4	474	474.8	478	465.2	449.2	449.2	440.4	450
510	510	510	510	510	510	510	510	510	510	510	510	510	510	507.6	510	510	510	494.8	466.8	467.6	479.6	467.6	462.8	451.6	448.4	442	438	435.6	435.6	430.8	430	426.8	426	426	421.2	417.2	417.2	419.6	426.8	414.8	421.2	439.6	444.4	443.6	441.2	443.6	439.6	434	435.6	433.2	410	332.4	254	229.2	234	258	293.2	291.2	259.2	248.4	246.8	249.2	252	246.8	240.4	237.2	224.4	212.8	204.4	195.6	183.6	172.4	158	147.6	145.6	139.2	137.2	134	128	123.6	125.2	124	120.8	118.8	122.4	125.2	126.4	129.2	128	127.2	126.4	126.4	123.2	124	124.8	120.8	122	125.2	123.2	121.2	121.2	122.4	122.4	118	114	110	107.2	105.2	102	96.8	94	91.6	94.4	100.8	96.8	93.6	99.2	99.6	102	106	107.2	110.4	113.2	123.2	133.2	140	146.4	157.2	169.2	174	178.8	184.4	187.6	191.2	194	198.8	201.6	202.8	203.6	200.8	212.4	261.2	266.8	260.4	264.4	273.2	259.6	233.2	232.4	263.6	296.4	312.4	328.4	346.8	352.4	375.6	416.4	462.8	464.4	463.6	450.8	457.2	454.8	460.4	470.8	476.4	483.6	486	473.2	457.2	454	462	467.6	473.2	480.4	487.6	462.8	449.2	454.8	455.6	446	460.4	466	469.2	478	476.4	469.2	463.6	466	461.2	450	453.2	453.2	444.4
